match_id,team_id,team_name,gender,runs,wickets,total_balls,fours,sixes,extras,run_rate
1000887,1,Australia,male,268,9,300,22,4,11,5.36
1000887,2,Pakistan,male,176,10,256,8,2,14,4.12
1000889,1,Australia,male,220,10,290,16,1,18,4.55
1000889,2,Pakistan,male,221,4,286,25,1,13,4.64
1000891,2,Pakistan,male,263,7,300,18,5,15,5.26
1000891,1,Australia,male,265,3,270,29,1,8,5.89
1000893,1,Australia,male,353,6,300,30,7,10,7.06
1000893,2,Pakistan,male,267,10,263,24,5,9,6.09
1000895,1,Australia,male,369,7,300,33,9,11,7.38
1000895,2,Pakistan,male,312,9,295,26,5,15,6.35
1001371,1,Australia,male,324,8,300,26,8,15,6.48
1001371,3,New Zealand,male,256,10,266,26,8,8,5.77
1001373,1,Australia,male,378,5,300,31,12,24,7.56
1001373,3,New Zealand,male,262,10,284,22,6,5,5.54
1001375,1,Australia,male,264,8,300,17,4,18,5.28
1001375,3,New Zealand,male,147,10,217,13,1,6,4.06
1004283,4,Scotland,male,153,6,120,14,4,3,7.65
1004283,5,Hong Kong,male,136,4,108,15,2,14,7.56
1004285,4,Scotland,male,266,7,300,22,5,15,5.32
1004285,5,Hong Kong,male,213,10,277,21,3,11,4.61
1007649,6,Zimbabwe,male,168,10,299,9,0,20,3.37
1007649,7,India,male,173,1,255,13,1,4,4.07
1007651,6,Zimbabwe,male,126,9,207,10,1,10,3.65
1007651,7,India,male,129,2,161,17,0,12,4.81
1007653,6,Zimbabwe,male,123,10,254,8,1,8,2.91
1007653,7,India,male,126,0,131,11,3,8,5.77
1019973,3,New Zealand,male,341,7,300,24,9,17,6.82
1019973,8,Bangladesh,male,264,9,269,23,7,26,5.89
1019975,3,New Zealand,male,251,10,300,24,5,12,5.02
1019975,8,Bangladesh,male,184,10,256,15,5,16,4.31
1019977,8,Bangladesh,male,236,9,300,19,2,17,4.72
1019977,3,New Zealand,male,239,2,248,26,3,9,5.78
1020013,3,New Zealand,male,286,9,300,24,4,29,5.72
1020013,1,Australia,male,280,10,282,23,12,14,5.96
1020017,3,New Zealand,male,281,9,300,28,3,13,5.62
1020017,1,Australia,male,257,10,282,22,7,23,5.47
1020031,3,New Zealand,male,207,7,204,15,6,10,6.09
1020031,9,South Africa,male,210,6,203,22,3,9,6.21
1020033,3,New Zealand,male,289,4,300,26,0,9,5.78
1020033,9,South Africa,male,283,9,300,27,2,12,5.66
1020035,9,South Africa,male,271,8,300,22,4,9,5.42
1020035,3,New Zealand,male,112,10,194,6,3,8,3.46
1020037,9,South Africa,male,279,8,300,22,6,7,5.58
1020037,3,New Zealand,male,280,3,270,26,12,8,6.22
1020039,3,New Zealand,male,149,10,247,15,3,10,3.62
1020039,9,South Africa,male,150,4,194,16,4,14,4.64
1022347,8,Bangladesh,male,305,6,300,32,4,9,6.1
1022347,10,England,male,308,2,284,30,5,4,6.51
1022349,3,New Zealand,male,291,10,270,32,7,7,6.47
1022349,1,Australia,male,53,3,54,7,1,1,5.89
1022351,9,South Africa,male,299,6,300,22,4,11,5.98
1022351,11,Sri Lanka,male,203,10,249,20,2,15,4.89
1022353,7,India,male,319,3,288,27,10,6,6.65
1022353,2,Pakistan,male,164,9,202,15,2,8,4.87
1022355,8,Bangladesh,male,182,10,267,9,4,9,4.09
1022355,1,Australia,male,83,1,96,7,0,2,5.19
1022357,10,England,male,310,10,297,19,10,16,6.26
1022357,3,New Zealand,male,223,10,267,18,1,16,5.01
1022359,9,South Africa,male,219,8,300,9,3,7,4.38
1022359,2,Pakistan,male,119,3,162,15,1,6,4.41
1022361,7,India,male,321,6,300,31,8,14,6.42
1022361,11,Sri Lanka,male,322,3,292,31,5,17,6.62
1022363,3,New Zealand,male,265,8,300,25,1,6,5.3
1022363,8,Bangladesh,male,268,5,284,24,3,20,5.66
1022365,1,Australia,male,277,9,300,27,2,17,5.54
1022365,10,England,male,240,4,242,27,8,3,5.95
1022367,9,South Africa,male,191,10,267,11,1,16,4.29
1022367,7,India,male,193,2,228,21,4,4,5.08
1022369,11,Sri Lanka,male,236,10,296,16,1,19,4.78
1022369,2,Pakistan,male,237,7,269,20,3,23,5.29
1022371,10,England,male,211,10,299,15,0,6,4.23
1022371,2,Pakistan,male,215,2,223,17,5,13,5.78
1022373,8,Bangladesh,male,264,7,301,27,1,23,5.26
1022373,7,India,male,265,1,241,35,2,0,6.6
1022375,2,Pakistan,male,338,4,300,27,9,25,6.76
1022375,7,India,male,158,10,183,14,6,3,5.18
1026847,5,Hong Kong,male,269,10,298,22,11,22,5.42
1026847,12,Papua New Guinea,male,163,10,230,14,4,7,4.25
1026849,12,Papua New Guinea,male,201,10,275,21,4,15,4.39
1026849,5,Hong Kong,male,187,10,289,13,6,25,3.88
1026851,12,Papua New Guinea,male,244,7,300,19,8,23,4.88
1026851,5,Hong Kong,male,181,3,201,20,4,11,5.4
1027315,10,England,male,296,6,300,22,5,20,5.92
1027315,13,West Indies,male,251,10,284,19,4,11,5.3
1027317,13,West Indies,male,225,10,287,15,3,9,4.7
1027317,10,England,male,226,6,290,15,3,5,4.68
1027319,10,England,male,328,10,300,26,10,13,6.56
1027319,13,West Indies,male,142,10,236,15,2,14,3.61
1029001,14,Ireland,male,126,10,198,15,0,3,3.82
1029001,10,England,male,127,3,120,20,0,3,6.35
1029003,10,England,male,328,6,300,35,5,8,6.56
1029003,14,Ireland,male,243,10,277,19,6,11,5.26
1029819,10,England,male,309,8,300,25,9,6,6.18
1029819,8,Bangladesh,male,288,10,287,29,3,16,6.02
1029821,8,Bangladesh,male,238,8,300,20,3,11,4.76
1029821,10,England,male,204,10,268,17,1,13,4.57
1029823,8,Bangladesh,male,277,6,300,22,3,18,5.54
1029823,10,England,male,278,6,287,21,5,6,5.81
1030219,3,New Zealand,male,190,10,263,18,4,11,4.33
1030219,7,India,male,194,4,199,18,5,14,5.85
1030221,3,New Zealand,male,242,9,300,25,2,3,4.84
1030221,7,India,male,236,10,297,14,5,13,4.77
1030223,3,New Zealand,male,285,10,298,26,5,7,5.74
1030223,7,India,male,289,3,290,28,4,9,5.98
1030225,3,New Zealand,male,260,7,300,25,0,16,5.2
1030225,7,India,male,241,10,292,17,4,12,4.95
1030227,7,India,male,269,6,300,17,7,9,5.38
1030227,3,New Zealand,male,79,10,139,8,0,6,3.41
1031425,10,England,male,339,6,300,23,12,18,6.78
1031425,9,South Africa,male,267,10,270,29,2,4,5.93
1031427,10,England,male,330,6,300,36,4,15,6.6
1031427,9,South Africa,male,328,5,300,30,4,15,6.56
1031429,10,England,male,153,10,187,20,1,10,4.91
1031429,9,South Africa,male,156,3,173,24,0,7,5.41
1031667,13,West Indies,male,204,9,252,14,5,14,4.86
1031667,10,England,male,210,3,185,21,2,4,6.81
1031669,10,England,male,21,0,14,3,0,2,9.0
1031671,10,England,male,369,9,300,29,15,6,7.38
1031671,13,West Indies,male,245,10,235,21,13,10,6.26
1031673,13,West Indies,male,356,5,300,29,13,15,7.12
1031673,10,England,male,258,5,211,29,4,9,7.34
1031675,13,West Indies,male,288,6,300,17,10,6,5.76
1031675,10,England,male,294,1,228,30,2,11,7.74
1033361,8,Bangladesh,male,157,4,187,18,1,18,5.04
1033363,3,New Zealand,male,289,7,300,30,1,14,5.78
1033363,14,Ireland,male,238,10,273,22,6,17,5.23
1033365,8,Bangladesh,male,257,9,300,24,1,12,5.14
1033365,3,New Zealand,male,258,6,285,20,4,14,5.43
1033367,14,Ireland,male,181,10,279,10,3,13,3.89
1033367,8,Bangladesh,male,182,2,163,20,3,10,6.7
1033369,3,New Zealand,male,344,6,300,32,10,16,6.88
1033369,14,Ireland,male,154,10,237,13,2,7,3.9
1033371,3,New Zealand,male,270,8,300,27,0,18,5.4
1033371,8,Bangladesh,male,271,5,290,28,3,21,5.61
1034819,10,England,male,350,7,300,26,11,22,7.0
1034819,7,India,male,356,7,289,29,12,16,7.39
1034821,7,India,male,381,6,300,42,12,16,7.62
1034821,10,England,male,366,8,300,39,7,12,7.32
1034823,10,England,male,321,8,300,31,8,17,6.42
1034823,7,India,male,316,9,300,33,6,22,6.32
1041523,16,South Africa,female,251,7,300,27,0,6,5.02
1041523,15,Bangladesh,female,157,10,300,11,0,12,3.14
1041525,15,Bangladesh,female,68,10,219,6,0,10,1.86
1041525,16,South Africa,female,69,2,60,12,0,1,6.9
1043953,16,South Africa,female,226,5,300,23,2,6,4.52
1043953,17,Australia,female,230,8,299,18,3,13,4.62
1043955,17,Australia,female,278,4,300,33,0,18,5.56
1043955,16,South Africa,female,119,5,188,9,0,5,3.8
1043961,17,Australia,female,260,9,300,25,1,17,5.2
1043961,16,South Africa,female,217,10,291,22,0,20,4.47
1044203,18,Sri Lanka,female,76,10,149,11,0,16,3.06
1044203,17,Australia,female,79,6,94,10,1,1,5.04
1044209,17,Australia,female,268,3,300,23,3,10,5.36
1044209,18,Sri Lanka,female,131,10,275,9,0,26,2.86
1050223,2,Pakistan,male,284,9,294,18,7,10,5.8
1050223,13,West Indies,male,175,10,232,8,8,9,4.53
1050225,2,Pakistan,male,337,5,300,23,8,14,6.74
1050225,13,West Indies,male,278,7,300,20,6,17,5.56
1050227,2,Pakistan,male,308,6,300,22,2,11,6.16
1050227,13,West Indies,male,172,10,264,11,2,11,3.91
1050607,19,New Zealand,female,309,4,300,35,1,9,6.18
1050607,20,Pakistan,female,142,4,206,10,0,11,4.14
1050609,20,Pakistan,female,263,6,300,16,0,19,5.26
1050609,19,New Zealand,female,267,2,266,25,0,6,6.02
1050611,20,Pakistan,female,158,10,289,18,0,14,3.28
1050611,19,New Zealand,female,162,3,135,23,1,10,7.2
1050623,17,Australia,female,275,10,292,23,0,21,5.65
1050623,19,New Zealand,female,276,5,295,27,0,16,5.61
1050625,19,New Zealand,female,253,8,300,17,2,20,5.06
1050625,17,Australia,female,256,6,284,28,1,6,5.41
1050627,19,New Zealand,female,270,9,300,33,0,14,5.4
1050627,17,Australia,female,273,5,296,23,3,9,5.53
1059195,18,Sri Lanka,female,161,10,298,18,0,18,3.24
1059195,21,England,female,162,5,177,14,3,13,5.49
1059196,21,England,female,240,9,300,22,3,16,4.8
1059196,18,Sri Lanka,female,78,10,199,8,0,5,2.35
1059710,6,Zimbabwe,male,154,10,249,8,5,8,3.71
1059710,11,Sri Lanka,male,155,2,147,23,1,3,6.33
1059711,13,West Indies,male,227,10,296,12,6,11,4.6
1059711,11,Sri Lanka,male,165,10,259,17,2,4,3.82
1059712,6,Zimbabwe,male,257,10,300,19,1,8,5.14
1059712,13,West Indies,male,257,8,300,12,7,10,5.14
1059713,6,Zimbabwe,male,55,2,81,5,0,9,4.07
1059714,11,Sri Lanka,male,330,7,300,28,6,12,6.6
1059714,13,West Indies,male,329,9,300,24,8,21,6.58
1059715,6,Zimbabwe,male,218,8,294,12,3,16,4.45
1059715,13,West Indies,male,124,5,165,13,1,6,4.51
1059716,6,Zimbabwe,male,160,10,219,13,1,10,4.38
1059716,11,Sri Lanka,male,166,4,225,21,1,6,4.43
1062580,18,Sri Lanka,female,168,7,300,14,1,7,3.36
1062580,21,England,female,171,2,177,24,0,5,5.8
1068737,12,Papua New Guinea,male,232,8,300,18,1,9,4.64
1068737,22,United Arab Emirates,male,206,10,286,16,1,19,4.32
1072310,1,Australia,male,304,8,300,26,7,14,6.08
1072310,10,England,male,308,5,293,25,5,9,6.31
1072311,1,Australia,male,270,9,300,21,3,11,5.4
1072311,10,England,male,274,6,266,29,3,6,6.18
1072312,10,England,male,302,6,300,20,7,16,6.04
1072312,1,Australia,male,286,6,300,17,5,11,5.72
1072313,10,England,male,196,10,269,11,6,5,4.37
1072313,1,Australia,male,197,7,222,25,1,4,5.32
1072314,10,England,male,259,10,286,19,6,14,5.43
1072314,1,Australia,male,247,10,290,19,6,11,5.11
1073401,23,India,female,259,4,300,29,1,10,5.18
1073401,18,Sri Lanka,female,145,8,300,17,0,6,2.9
1073403,16,South Africa,female,258,9,300,21,5,9,5.16
1073403,20,Pakistan,female,195,6,300,21,2,14,3.9
1073405,18,Sri Lanka,female,239,8,300,29,0,8,4.78
1073405,24,Ireland,female,93,9,217,9,0,6,2.57
1073408,20,Pakistan,female,227,10,300,25,0,31,4.54
1073408,15,Bangladesh,female,160,10,297,12,0,13,3.23
1073411,23,India,female,250,2,300,24,5,17,5.0
1073411,24,Ireland,female,125,10,295,15,1,4,2.54
1073413,15,Bangladesh,female,100,10,281,8,0,14,2.14
1073413,16,South Africa,female,101,4,152,12,1,4,3.99
1073421,23,India,female,205,8,300,23,3,9,4.1
1073421,16,South Africa,female,156,10,280,12,1,7,3.34
1073422,20,Pakistan,female,212,7,300,11,0,13,4.24
1073422,18,Sri Lanka,female,216,5,286,21,0,18,4.53
1073423,24,Ireland,female,144,10,283,14,2,12,3.05
1073423,15,Bangladesh,female,145,3,235,13,0,11,3.7
1073424,18,Sri Lanka,female,142,9,300,13,0,19,2.84
1073424,16,South Africa,female,145,1,217,20,0,10,4.01
1073425,15,Bangladesh,female,155,8,300,14,0,6,3.1
1073425,23,India,female,158,1,201,22,1,6,4.72
1073426,20,Pakistan,female,271,5,300,36,0,24,5.42
1073426,24,Ireland,female,185,10,293,16,0,12,3.79
1073427,20,Pakistan,female,67,10,262,4,0,24,1.53
1073427,23,India,female,70,3,135,8,1,1,3.11
1073428,18,Sri Lanka,female,197,9,300,18,1,23,3.94
1073428,15,Bangladesh,female,68,5,126,8,0,9,3.24
1073429,24,Ireland,female,166,10,299,23,0,23,3.33
1073429,16,South Africa,female,82,1,126,7,1,7,3.9
1073430,16,South Africa,female,244,10,298,16,7,6,4.91
1073430,23,India,female,245,9,300,24,2,8,4.9
1075504,8,Bangladesh,male,278,7,300,28,6,15,5.56
1075504,9,South Africa,male,282,0,257,29,2,4,6.58
1075505,9,South Africa,male,353,6,300,20,8,9,7.06
1075505,8,Bangladesh,male,249,10,287,21,3,13,5.21
1075506,9,South Africa,male,369,6,300,37,6,8,7.38
1075506,8,Bangladesh,male,169,10,244,21,0,8,4.16
1077949,2,Pakistan,male,308,5,300,25,8,14,6.16
1077949,13,West Indies,male,309,6,294,27,8,20,6.31
1077950,2,Pakistan,male,282,5,300,16,6,21,5.64
1077950,13,West Indies,male,208,10,269,22,2,3,4.64
1077951,13,West Indies,male,233,9,300,12,6,4,4.66
1077951,2,Pakistan,male,236,4,259,22,4,11,5.47
1078659,4,Scotland,male,205,10,292,23,1,11,4.21
1078659,5,Hong Kong,male,206,3,266,19,0,16,4.65
1078660,4,Scotland,male,173,10,272,14,2,9,3.82
1078660,22,United Arab Emirates,male,174,6,251,15,2,6,4.16
1078661,5,Hong Kong,male,174,10,293,13,3,9,3.56
1078661,22,United Arab Emirates,male,175,4,229,24,1,8,4.59
1080630,14,Ireland,male,270,10,297,21,3,13,5.45
1080630,22,United Arab Emirates,male,185,10,250,21,4,12,4.44
1080631,22,United Arab Emirates,male,202,10,287,15,3,23,4.22
1080631,14,Ireland,male,203,2,251,19,1,10,4.85
1083446,8,Bangladesh,male,324,5,300,34,4,23,6.48
1083446,11,Sri Lanka,male,234,10,271,20,3,9,5.18
1083447,11,Sri Lanka,male,311,10,299,29,2,22,6.24
1083448,11,Sri Lanka,male,280,9,300,24,3,19,5.6
1083448,8,Bangladesh,male,210,10,267,21,1,16,4.72
1085945,18,Sri Lanka,female,188,9,300,19,0,12,3.76
1085945,19,New Zealand,female,189,1,226,18,1,3,5.02
1085946,23,India,female,281,3,300,27,4,10,5.62
1085946,21,England,female,246,10,285,18,3,7,5.18
1085947,20,Pakistan,female,206,8,300,20,1,13,4.12
1085947,16,South Africa,female,207,7,294,19,3,8,4.22
1085948,25,West Indies,female,204,10,287,18,2,15,4.26
1085948,17,Australia,female,205,2,229,23,1,11,5.37
1085949,21,England,female,377,7,300,44,7,13,7.54
1085949,20,Pakistan,female,107,3,176,11,0,9,3.65
1085951,25,West Indies,female,183,8,300,20,0,5,3.66
1085951,23,India,female,186,3,255,19,2,10,4.38
1085952,18,Sri Lanka,female,257,9,300,27,6,19,5.14
1085952,17,Australia,female,262,2,263,30,1,11,5.98
1085953,18,Sri Lanka,female,204,8,300,21,1,10,4.08
1085953,21,England,female,206,3,182,28,1,12,6.79
1085954,19,New Zealand,female,219,9,300,17,0,25,4.38
1085954,17,Australia,female,220,5,292,21,1,7,4.52
1085955,23,India,female,169,9,300,11,1,10,3.38
1085955,20,Pakistan,female,74,10,229,7,0,6,1.94
1085956,25,West Indies,female,48,10,152,8,0,3,1.89
1085956,16,South Africa,female,51,0,38,9,0,3,8.05
1085957,21,England,female,373,5,300,55,1,23,7.46
1085957,16,South Africa,female,305,9,300,28,7,25,6.1
1085958,23,India,female,232,8,300,25,0,6,4.64
1085958,18,Sri Lanka,female,216,7,300,26,0,5,4.32
1085959,17,Australia,female,290,8,300,31,6,9,5.8
1085959,20,Pakistan,female,131,10,300,17,0,21,2.62
1085960,25,West Indies,female,150,10,258,23,1,15,3.49
1085960,19,New Zealand,female,151,2,110,24,2,6,8.24
1085961,20,Pakistan,female,144,10,281,15,0,13,3.07
1085961,19,New Zealand,female,147,2,90,15,9,8,9.8
1085962,16,South Africa,female,273,9,300,26,10,5,5.46
1085962,23,India,female,158,10,276,16,1,12,3.43
1085963,21,England,female,259,8,300,18,6,32,5.18
1085963,17,Australia,female,256,8,300,24,3,15,5.12
1085964,25,West Indies,female,229,9,300,22,1,15,4.58
1085964,18,Sri Lanka,female,182,10,288,17,0,19,3.79
1085965,25,West Indies,female,285,4,300,34,4,14,5.7
1085965,20,Pakistan,female,117,3,144,13,0,5,4.88
1085966,18,Sri Lanka,female,101,10,243,9,0,7,2.49
1085966,16,South Africa,female,104,2,139,11,0,5,4.49
1085967,23,India,female,226,7,300,18,2,5,4.52
1085967,17,Australia,female,227,2,271,26,1,10,5.03
1085968,21,England,female,284,9,300,25,1,9,5.68
1085968,19,New Zealand,female,209,10,280,22,1,13,4.48
1085969,17,Australia,female,269,10,291,34,1,13,5.55
1085969,16,South Africa,female,210,10,300,20,0,5,4.2
1085970,21,England,female,220,7,300,15,1,26,4.4
1085970,25,West Indies,female,128,9,300,10,1,15,2.56
1085971,23,India,female,265,7,300,27,2,9,5.3
1085971,19,New Zealand,female,79,10,153,12,0,1,3.1
1085972,18,Sri Lanka,female,221,7,300,23,0,21,4.42
1085972,20,Pakistan,female,206,10,280,26,1,12,4.41
1085973,16,South Africa,female,218,6,300,20,1,4,4.36
1085973,21,England,female,221,8,298,21,0,25,4.45
1085974,23,India,female,281,4,252,28,7,13,6.69
1085974,17,Australia,female,245,10,241,28,3,7,6.1
1085975,21,England,female,228,7,300,18,0,11,4.56
1085975,23,India,female,219,10,292,16,3,11,4.5
1086063,21,England,female,228,9,300,14,4,10,4.56
1086063,17,Australia,female,231,8,295,23,3,15,4.7
1086064,17,Australia,female,296,6,300,27,6,8,5.92
1086064,21,England,female,209,10,254,17,1,10,4.94
1089183,22,United Arab Emirates,male,251,9,300,16,3,8,5.02
1089183,12,Papua New Guinea,male,148,10,212,11,0,14,4.19
1089419,4,Scotland,male,317,6,300,31,6,16,6.34
1089419,6,Zimbabwe,male,272,10,250,29,8,4,6.53
1089420,4,Scotland,male,169,10,252,17,1,7,4.02
1089420,6,Zimbabwe,male,171,4,222,16,1,18,4.62
1089521,24,Ireland,female,96,10,268,9,0,5,2.15
1089521,23,India,female,99,0,112,15,1,2,5.3
1089522,16,South Africa,female,119,10,237,13,0,6,3.01
1089522,23,India,female,121,3,248,13,2,6,2.93
1089524,16,South Africa,female,337,5,300,36,2,16,6.74
1089524,24,Ireland,female,159,8,300,15,0,24,3.18
1089528,16,South Africa,female,269,5,300,23,6,4,5.38
1089528,23,India,female,261,9,300,29,5,8,5.22
1089530,16,South Africa,female,323,8,300,29,5,28,6.46
1089530,24,Ireland,female,203,6,300,28,0,19,4.06
1089533,16,South Africa,female,156,10,242,15,3,13,3.87
1089533,23,India,female,160,2,198,23,1,18,4.85
1098206,7,India,male,199,3,236,18,2,5,5.06
1098207,7,India,male,310,5,258,28,6,13,7.21
1098207,13,West Indies,male,205,6,258,12,4,9,4.77
1098208,7,India,male,251,4,300,18,4,9,5.02
1098208,13,West Indies,male,158,10,229,15,0,23,4.14
1098209,13,West Indies,male,189,9,300,11,2,11,3.78
1098209,7,India,male,178,10,298,10,1,10,3.58
1098210,13,West Indies,male,205,9,300,19,3,7,4.1
1098210,7,India,male,206,2,221,23,2,2,5.59
1104478,11,Sri Lanka,male,316,5,300,33,4,9,6.32
1104478,6,Zimbabwe,male,322,4,286,34,1,15,6.76
1104479,6,Zimbabwe,male,155,10,202,20,0,12,4.6
1104479,11,Sri Lanka,male,158,3,181,17,0,12,5.24
1104480,6,Zimbabwe,male,310,8,300,29,5,11,6.2
1104480,11,Sri Lanka,male,312,2,284,34,3,22,6.59
1104481,11,Sri Lanka,male,300,6,300,19,3,13,6.0
1104481,6,Zimbabwe,male,219,6,176,27,3,13,7.47
1104482,11,Sri Lanka,male,203,8,300,16,0,28,4.06
1104482,6,Zimbabwe,male,204,7,229,19,5,7,5.34
1109605,11,Sri Lanka,male,216,10,260,18,2,16,4.98
1109605,7,India,male,220,1,173,30,4,2,7.63
1109606,11,Sri Lanka,male,236,8,300,16,3,22,4.72
1109606,7,India,male,231,7,266,17,5,15,5.21
1109607,11,Sri Lanka,male,217,9,300,18,1,19,4.34
1109607,7,India,male,218,4,271,23,3,2,4.83
1109608,7,India,male,375,5,300,39,7,11,7.5
1109608,11,Sri Lanka,male,207,10,256,22,4,13,4.85
1109609,11,Sri Lanka,male,238,10,298,20,3,14,4.79
1109609,7,India,male,239,4,279,19,0,8,5.14
1115775,10,England,male,284,8,300,23,9,11,5.68
1115775,3,New Zealand,male,287,7,296,24,5,13,5.82
1115776,3,New Zealand,male,223,10,298,19,3,10,4.49
1115776,10,England,male,225,4,227,23,8,10,5.95
1115777,10,England,male,234,10,300,20,2,11,4.68
1115777,3,New Zealand,male,230,8,300,18,2,5,4.6
1115778,10,England,male,335,9,300,31,11,5,6.7
1115778,3,New Zealand,male,339,5,297,24,13,6,6.85
1115779,3,New Zealand,male,223,10,299,10,4,7,4.47
1115779,10,England,male,229,3,196,21,8,7,7.01
1115795,13,West Indies,male,248,9,300,19,6,24,4.96
1115795,3,New Zealand,male,249,5,276,27,0,7,5.41
1115796,3,New Zealand,male,325,6,300,20,9,17,6.5
1115796,13,West Indies,male,121,10,168,14,0,4,4.32
1115797,3,New Zealand,male,131,4,138,17,0,4,5.7
1115797,13,West Indies,male,99,9,138,6,1,10,4.3
1115802,3,New Zealand,male,315,7,300,25,5,10,6.3
1115802,2,Pakistan,male,166,6,181,16,5,11,5.5
1115803,2,Pakistan,male,246,9,300,21,7,14,4.92
1115803,3,New Zealand,male,151,2,143,11,5,1,6.34
1115804,3,New Zealand,male,257,10,300,22,2,8,5.14
1115804,2,Pakistan,male,74,10,164,7,1,6,2.71
1115805,2,Pakistan,male,262,8,300,20,10,9,5.24
1115805,3,New Zealand,male,263,5,275,23,7,9,5.74
1115806,3,New Zealand,male,271,7,300,23,1,9,5.42
1115806,2,Pakistan,male,256,10,294,23,4,23,5.22
1119496,7,India,male,281,7,300,22,7,14,5.62
1119496,1,Australia,male,137,9,126,8,5,6,6.52
1119497,7,India,male,252,10,300,24,1,15,5.04
1119497,1,Australia,male,202,10,259,19,5,16,4.68
1119498,1,Australia,male,293,6,300,23,7,16,5.86
1119498,7,India,male,294,5,287,28,8,6,6.15
1119499,1,Australia,male,334,5,300,27,10,23,6.68
1119499,7,India,male,313,8,300,23,12,7,6.26
1119500,1,Australia,male,242,9,300,20,2,6,4.84
1119500,7,India,male,243,3,257,23,5,2,5.67
1119537,1,Australia,male,214,10,282,17,4,4,4.55
1119537,10,England,male,218,7,264,32,1,2,4.95
1119538,10,England,male,342,8,300,36,5,10,6.84
1119538,1,Australia,male,304,10,283,28,4,20,6.45
1119539,10,England,male,481,6,300,41,21,19,9.62
1119539,1,Australia,male,239,10,222,15,7,16,6.46
1119540,1,Australia,male,310,8,300,24,7,7,6.2
1119540,10,England,male,314,4,268,38,4,4,7.03
1119541,1,Australia,male,205,10,208,21,3,10,5.91
1119541,10,England,male,208,9,291,17,2,12,4.29
1119546,10,England,male,268,10,299,24,4,10,5.38
1119546,7,India,male,269,2,241,30,4,8,6.7
1119547,10,England,male,322,7,300,27,5,6,6.44
1119547,7,India,male,236,10,300,16,0,15,4.72
1119548,7,India,male,256,8,300,25,2,11,5.12
1119548,10,England,male,260,2,267,31,1,15,5.84
1120090,7,India,male,280,8,300,20,7,14,5.6
1120090,3,New Zealand,male,284,4,294,25,3,16,5.8
1120091,3,New Zealand,male,230,9,300,17,4,8,4.6
1120091,7,India,male,232,4,276,18,4,16,5.04
1120092,7,India,male,337,6,300,35,4,8,6.74
1120092,3,New Zealand,male,331,7,300,33,5,20,6.62
1120286,2,Pakistan,male,292,6,300,21,4,11,5.84
1120286,11,Sri Lanka,male,209,8,300,17,1,10,4.18
1120287,2,Pakistan,male,219,9,300,10,2,6,4.38
1120287,11,Sri Lanka,male,187,10,288,16,0,11,3.9
1120288,11,Sri Lanka,male,208,10,290,16,0,13,4.3
1120288,2,Pakistan,male,209,3,255,12,3,16,4.92
1120289,11,Sri Lanka,male,173,10,262,13,1,13,3.96
1120289,2,Pakistan,male,177,3,234,9,3,11,4.54
1120290,11,Sri Lanka,male,103,10,158,10,2,9,3.91
1120290,2,Pakistan,male,105,1,122,11,1,7,5.16
1122279,9,South Africa,male,269,8,300,23,4,6,5.38
1122279,7,India,male,270,4,273,24,3,17,5.93
1122280,9,South Africa,male,118,10,194,12,1,1,3.65
1122280,7,India,male,119,1,123,15,2,7,5.8
1122281,7,India,male,303,6,300,25,3,15,6.06
1122281,9,South Africa,male,179,10,240,13,2,4,4.47
1122282,7,India,male,289,7,300,25,4,18,5.78
1122282,9,South Africa,male,207,5,153,18,8,11,8.12
1122283,7,India,male,274,7,300,26,4,17,5.48
1122283,9,South Africa,male,201,10,254,14,4,8,4.75
1122284,9,South Africa,male,204,10,281,17,7,3,4.36
1122284,7,India,male,206,2,193,27,2,10,6.4
1122726,7,India,male,112,10,230,17,2,5,2.92
1122726,11,Sri Lanka,male,114,3,124,20,0,13,5.52
1122727,7,India,male,392,4,300,32,15,13,7.84
1122727,11,Sri Lanka,male,251,8,300,24,3,11,5.02
1122728,11,Sri Lanka,male,215,10,269,24,3,8,4.8
1122728,7,India,male,219,2,193,24,4,21,6.81
1122904,19,New Zealand,female,240,9,300,20,1,11,4.8
1122904,20,Pakistan,female,232,10,291,18,1,16,4.78
1122905,20,Pakistan,female,147,10,295,10,1,8,2.99
1122905,19,New Zealand,female,148,3,144,18,0,10,6.17
1122906,19,New Zealand,female,155,10,262,12,0,17,3.55
1122906,20,Pakistan,female,156,5,293,11,0,16,3.19
1123204,23,India,female,302,3,300,26,3,21,6.04
1123204,16,South Africa,female,124,10,185,14,3,2,4.02
1123205,23,India,female,240,10,300,29,0,13,4.8
1123205,16,South Africa,female,241,3,296,23,0,11,4.89
1124089,5,Hong Kong,male,230,8,300,15,2,17,4.6
1124089,12,Papua New Guinea,male,207,10,282,20,1,12,4.4
1126717,21,England,female,189,9,300,16,0,25,3.78
1126717,16,South Africa,female,193,3,273,26,3,5,4.24
1126718,21,England,female,331,6,300,36,2,21,6.62
1126718,16,South Africa,female,262,9,300,20,10,10,5.24
1126719,16,South Africa,female,228,10,299,18,3,6,4.58
1126719,21,England,female,232,3,264,26,0,15,5.27
1126727,21,England,female,290,5,300,29,0,22,5.8
1126727,19,New Zealand,female,148,10,213,14,0,17,4.17
1126728,21,England,female,241,10,288,20,0,15,5.02
1126728,19,New Zealand,female,118,10,228,11,0,9,3.11
1126729,21,England,female,219,10,286,17,0,8,4.59
1126729,19,New Zealand,female,224,6,268,22,2,19,5.01
1130737,6,Zimbabwe,male,170,10,294,9,2,16,3.47
1130737,8,Bangladesh,male,171,2,171,18,2,17,6.0
1130738,6,Zimbabwe,male,290,6,300,29,4,14,5.8
1130738,11,Sri Lanka,male,278,10,289,19,8,18,5.77
1130739,8,Bangladesh,male,320,7,300,28,6,12,6.4
1130739,11,Sri Lanka,male,157,10,194,12,3,8,4.86
1130740,6,Zimbabwe,male,198,10,264,18,0,23,4.5
1130740,11,Sri Lanka,male,202,5,269,14,4,7,4.51
1130741,8,Bangladesh,male,216,9,300,17,2,15,4.32
1130741,6,Zimbabwe,male,125,10,219,13,1,8,3.42
1130742,8,Bangladesh,male,82,10,144,7,0,14,3.42
1130742,11,Sri Lanka,male,83,0,71,4,5,9,7.01
1130743,11,Sri Lanka,male,221,10,300,14,5,9,4.42
1130743,8,Bangladesh,male,142,9,247,7,4,11,3.45
1131232,23,India,female,200,10,300,22,3,8,4.0
1131232,17,Australia,female,202,2,193,24,1,6,6.28
1131233,17,Australia,female,287,9,300,36,2,11,5.74
1131233,23,India,female,227,10,296,25,2,9,4.6
1131274,22,United Arab Emirates,male,222,9,300,25,2,19,4.44
1131274,14,Ireland,male,226,6,296,21,1,16,4.58
1131275,14,Ireland,male,301,5,300,30,4,12,6.02
1131275,22,United Arab Emirates,male,234,10,292,23,5,15,4.81
1131276,4,Scotland,male,219,10,296,23,0,11,4.44
1131276,14,Ireland,male,223,4,209,26,3,19,6.4
1131277,14,Ireland,male,331,6,300,25,11,20,6.62
1131277,4,Scotland,male,307,9,300,27,5,18,6.14
1131278,4,Scotland,male,249,8,300,25,4,7,4.98
1131278,22,United Arab Emirates,male,218,10,279,23,2,19,4.69
1131279,4,Scotland,male,299,9,300,33,4,12,5.98
1131279,22,United Arab Emirates,male,300,6,295,25,5,11,6.1
1131777,23,India,female,113,10,224,10,1,10,3.03
1131777,21,England,female,117,2,174,11,2,5,4.03
1131778,21,England,female,201,9,300,15,2,4,4.02
1131778,23,India,female,202,2,272,25,1,12,4.46
1133002,12,Papua New Guinea,male,235,10,300,11,7,10,4.7
1133002,14,Ireland,male,237,6,295,22,0,6,4.82
1133003,13,West Indies,male,357,4,300,26,19,14,7.14
1133003,22,United Arab Emirates,male,297,6,300,21,9,22,5.94
1133005,5,Hong Kong,male,91,10,230,13,1,4,2.37
1133005,4,Scotland,male,92,6,141,13,1,4,3.91
1133007,12,Papua New Guinea,male,200,10,256,15,5,17,4.69
1133007,13,West Indies,male,201,4,258,16,6,13,4.67
1133010,13,West Indies,male,257,8,300,19,10,13,5.14
1133010,14,Ireland,male,205,10,278,18,2,4,4.42
1133012,6,Zimbabwe,male,263,9,300,19,5,10,5.26
1133012,5,Hong Kong,male,174,10,281,11,3,8,3.72
1133015,14,Ireland,male,313,6,264,33,9,17,7.11
1133015,22,United Arab Emirates,male,91,10,177,3,3,11,3.08
1133017,6,Zimbabwe,male,210,10,280,19,3,7,4.5
1133017,4,Scotland,male,210,10,295,16,3,18,4.27
1133019,4,Scotland,male,322,6,300,24,9,10,6.44
1133019,22,United Arab Emirates,male,249,10,286,24,5,21,5.22
1133022,6,Zimbabwe,male,211,9,300,13,8,12,4.22
1133022,14,Ireland,male,104,10,206,9,0,8,3.03
1133023,12,Papua New Guinea,male,200,10,290,17,3,5,4.14
1133023,5,Hong Kong,male,142,10,212,16,3,8,4.02
1133025,14,Ireland,male,271,9,300,25,3,13,5.42
1133025,4,Scotland,male,246,10,286,21,6,7,5.16
1133026,6,Zimbabwe,male,289,10,300,33,4,10,5.78
1133026,13,West Indies,male,290,6,294,19,11,5,5.92
1133028,13,West Indies,male,198,10,292,12,3,16,4.07
1133028,4,Scotland,male,125,5,212,13,0,5,3.54
1133029,22,United Arab Emirates,male,235,7,287,21,4,18,4.91
1133029,6,Zimbabwe,male,226,7,240,13,2,17,5.65
1134540,22,United Arab Emirates,male,221,10,298,11,5,10,4.45
1134540,12,Papua New Guinea,male,113,10,154,7,2,5,4.4
1138191,19,New Zealand,female,278,9,300,20,3,9,5.56
1138191,25,West Indies,female,277,9,300,28,2,9,5.54
1138192,25,West Indies,female,194,10,289,16,1,3,4.03
1138192,19,New Zealand,female,195,2,184,20,0,7,6.36
1138193,19,New Zealand,female,310,5,300,22,0,22,6.2
1138193,25,West Indies,female,105,10,209,13,0,3,3.01
1138200,20,Pakistan,female,250,6,300,24,1,13,5.0
1138200,18,Sri Lanka,female,156,10,222,25,0,7,4.22
1138201,20,Pakistan,female,215,9,300,19,1,14,4.3
1138201,18,Sri Lanka,female,107,10,249,9,0,6,2.58
1140379,10,England,male,92,2,90,13,2,4,6.13
1140380,10,England,male,278,9,300,28,2,9,5.56
1140380,11,Sri Lanka,male,140,5,174,11,4,7,4.83
1140381,11,Sri Lanka,male,150,9,126,16,2,12,7.14
1140381,10,England,male,153,3,111,13,4,7,8.27
1140382,11,Sri Lanka,male,273,7,300,18,7,19,5.46
1140382,10,England,male,132,2,162,10,2,12,4.89
1140383,11,Sri Lanka,male,366,6,300,32,11,15,7.32
1140383,10,England,male,132,9,157,18,1,2,5.04
1142584,11,Sri Lanka,male,193,10,207,22,1,19,5.59
1142584,9,South Africa,male,196,5,186,27,3,6,6.32
1142585,11,Sri Lanka,male,244,8,300,25,0,11,4.88
1142585,9,South Africa,male,246,6,257,25,4,3,5.74
1142586,9,South Africa,male,363,7,300,33,8,21,7.26
1142586,11,Sri Lanka,male,285,10,272,30,5,10,6.29
1142587,11,Sri Lanka,male,306,7,234,27,12,22,7.85
1142587,9,South Africa,male,187,9,126,20,4,12,8.9
1142588,11,Sri Lanka,male,299,8,300,29,3,25,5.98
1142588,9,South Africa,male,121,10,148,16,1,2,4.91
1142920,2,Pakistan,male,308,7,300,26,3,7,6.16
1142920,6,Zimbabwe,male,107,10,210,8,0,2,3.06
1142921,6,Zimbabwe,male,194,10,296,14,4,10,3.93
1142921,2,Pakistan,male,195,1,216,21,0,5,5.42
1142922,6,Zimbabwe,male,67,10,151,8,0,7,2.66
1142922,2,Pakistan,male,69,1,59,11,0,7,7.02
1142923,2,Pakistan,male,399,1,300,37,8,26,7.98
1142923,6,Zimbabwe,male,155,10,256,8,4,9,3.63
1142924,2,Pakistan,male,364,4,300,29,6,21,7.28
1142924,6,Zimbabwe,male,233,4,300,13,9,10,4.66
1144146,6,Zimbabwe,male,117,10,205,19,0,4,3.42
1144146,9,South Africa,male,119,5,157,16,2,5,4.55
1144147,9,South Africa,male,198,10,285,23,4,13,4.17
1144147,6,Zimbabwe,male,78,10,144,7,1,6,3.25
1144148,6,Zimbabwe,male,228,10,297,28,1,10,4.61
1144148,9,South Africa,male,231,6,275,22,2,8,5.04
1144156,9,South Africa,male,266,2,300,20,4,4,5.32
1144156,2,Pakistan,male,267,5,295,23,5,5,5.43
1144157,2,Pakistan,male,203,10,275,15,4,9,4.43
1144157,9,South Africa,male,207,5,252,26,2,6,4.93
1144158,2,Pakistan,male,317,6,300,32,2,12,6.34
1144158,9,South Africa,male,187,2,198,18,3,6,5.67
1144159,9,South Africa,male,164,10,246,16,1,6,4.0
1144159,2,Pakistan,male,168,2,189,16,1,8,5.33
1144160,2,Pakistan,male,240,8,300,22,2,8,4.8
1144160,9,South Africa,male,241,3,240,19,7,10,6.03
1144167,11,Sri Lanka,male,231,10,282,23,3,7,4.91
1144167,9,South Africa,male,232,2,233,28,1,6,5.97
1144168,9,South Africa,male,251,10,271,33,1,7,5.56
1144168,11,Sri Lanka,male,138,10,194,10,2,14,4.27
1144169,9,South Africa,male,331,5,300,36,4,10,6.62
1144169,11,Sri Lanka,male,121,5,144,11,2,10,5.04
1144170,11,Sri Lanka,male,189,10,236,18,4,14,4.81
1144170,9,South Africa,male,190,4,197,20,3,3,5.79
1144171,11,Sri Lanka,male,225,10,297,20,1,23,4.55
1144171,9,South Africa,male,135,2,168,11,0,10,4.82
1144435,16,South Africa,female,270,9,300,37,4,14,5.4
1144435,15,Bangladesh,female,164,10,297,15,0,19,3.31
1144436,15,Bangladesh,female,89,10,239,12,0,8,2.23
1144436,16,South Africa,female,90,1,103,11,0,8,5.24
1144437,15,Bangladesh,female,71,10,221,4,0,5,1.93
1144437,16,South Africa,female,72,1,86,7,1,1,5.02
1144438,16,South Africa,female,230,7,300,21,2,2,4.6
1144438,15,Bangladesh,female,76,10,200,3,0,13,2.28
1144439,15,Bangladesh,female,166,9,300,12,1,14,3.32
1144439,16,South Africa,female,169,4,210,17,1,8,4.83
1144483,10,England,male,311,8,300,29,3,10,6.22
1144483,9,South Africa,male,207,10,239,21,4,10,5.2
1144484,2,Pakistan,male,105,10,130,9,3,4,4.85
1144484,13,West Indies,male,108,3,82,11,5,6,7.9
1144485,11,Sri Lanka,male,136,10,176,11,2,11,4.64
1144485,3,New Zealand,male,137,0,97,14,3,6,8.47
1144487,8,Bangladesh,male,330,6,300,37,3,21,6.6
1144487,9,South Africa,male,309,8,300,23,3,14,6.18
1144488,2,Pakistan,male,348,8,300,30,6,20,6.96
1144488,10,England,male,334,9,300,31,5,8,6.68
1144490,9,South Africa,male,227,9,300,13,3,10,4.54
1144490,7,India,male,230,4,285,22,2,7,4.84
1144491,8,Bangladesh,male,244,10,296,21,1,18,4.95
1144491,3,New Zealand,male,248,8,283,24,3,10,5.26
1144492,1,Australia,male,288,10,294,29,4,27,5.88
1144492,13,West Indies,male,273,9,300,33,4,20,5.46
1144494,10,England,male,386,6,300,29,14,11,7.72
1144494,8,Bangladesh,male,280,10,293,22,2,19,5.73
1144496,7,India,male,352,5,300,31,8,10,7.04
1144496,1,Australia,male,316,10,300,28,4,14,6.32
1144497,9,South Africa,male,29,2,45,3,0,1,3.87
1144499,1,Australia,male,307,10,294,27,6,19,6.27
1144499,2,Pakistan,male,266,10,274,23,7,14,5.82
1144501,13,West Indies,male,212,10,268,14,6,17,4.75
1144501,10,England,male,213,2,199,24,0,18,6.42
1144502,1,Australia,male,334,7,300,30,7,14,6.68
1144502,11,Sri Lanka,male,247,10,275,20,4,8,5.39
1144504,7,India,male,336,5,300,28,6,11,6.72
1144504,2,Pakistan,male,212,6,240,18,3,8,5.3
1144505,13,West Indies,male,321,8,300,20,11,22,6.42
1144505,8,Bangladesh,male,322,3,249,32,6,26,7.76
1144507,9,South Africa,male,241,6,294,18,4,11,4.92
1144507,3,New Zealand,male,245,6,291,24,3,8,5.05
1144508,1,Australia,male,381,5,300,34,10,12,7.62
1144508,8,Bangladesh,male,333,8,300,30,4,17,6.66
1144509,11,Sri Lanka,male,232,9,300,15,3,10,4.64
1144509,10,England,male,212,10,282,15,5,6,4.51
1144511,3,New Zealand,male,291,8,300,24,4,8,5.82
1144511,13,West Indies,male,286,10,294,27,13,12,5.84
1144512,2,Pakistan,male,308,7,301,31,5,12,6.14
1144512,9,South Africa,male,259,9,300,19,4,6,5.18
1144514,1,Australia,male,285,7,300,30,3,8,5.7
1144514,10,England,male,221,10,268,24,3,9,4.95
1144515,3,New Zealand,male,237,6,300,18,4,9,4.74
1144515,2,Pakistan,male,241,4,295,27,2,7,4.9
1144516,7,India,male,268,7,300,27,3,7,5.36
1144516,13,West Indies,male,143,10,206,12,1,18,4.17
1144517,11,Sri Lanka,male,203,10,297,16,1,20,4.1
1144517,9,South Africa,male,206,1,224,18,1,15,5.52
1144519,1,Australia,male,243,9,300,24,0,10,4.86
1144519,3,New Zealand,male,157,10,262,9,2,17,3.6
1144520,10,England,male,337,7,300,27,13,8,6.74
1144520,7,India,male,306,5,300,35,1,7,6.12
1144521,11,Sri Lanka,male,338,6,300,32,3,19,6.76
1144521,13,West Indies,male,315,9,300,28,7,27,6.3
1144522,7,India,male,314,9,300,27,7,13,6.28
1144522,8,Bangladesh,male,286,10,288,31,2,12,5.96
1144523,10,England,male,305,8,300,32,1,15,6.1
1144523,3,New Zealand,male,186,10,270,14,0,14,4.13
1144525,2,Pakistan,male,315,9,300,31,1,16,6.3
1144525,8,Bangladesh,male,221,10,265,20,2,11,5.0
1144526,11,Sri Lanka,male,264,7,300,24,2,15,5.28
1144526,7,India,male,265,3,261,30,3,6,6.09
1144527,9,South Africa,male,325,6,300,26,7,24,6.5
1144527,1,Australia,male,315,10,299,37,4,7,6.32
1144528,3,New Zealand,male,239,8,300,15,1,18,4.78
1144528,7,India,male,221,10,297,13,5,16,4.46
1144529,1,Australia,male,223,10,294,15,2,16,4.55
1144529,10,England,male,226,2,193,30,5,13,7.03
1144530,3,New Zealand,male,241,8,300,14,2,30,4.82
1144530,10,England,male,241,10,300,22,3,17,4.82
1144982,17,Australia,female,241,10,298,28,1,29,4.85
1144982,19,New Zealand,female,236,9,300,18,1,19,4.72
1144983,17,Australia,female,247,7,300,21,3,12,4.94
1144983,19,New Zealand,female,152,10,228,15,1,5,4.0
1144984,19,New Zealand,female,231,8,300,20,2,5,4.62
1144984,17,Australia,female,233,3,287,28,1,4,4.87
1144986,1,Australia,male,152,10,229,16,1,9,3.98
1144986,9,South Africa,male,153,4,176,17,0,12,5.22
1144987,1,Australia,male,231,10,291,20,2,11,4.76
1144987,9,South Africa,male,224,9,300,15,3,12,4.48
1144988,9,South Africa,male,320,5,300,31,9,10,6.4
1144988,1,Australia,male,280,9,300,19,9,10,5.6
1144997,1,Australia,male,288,5,300,24,4,14,5.76
1144997,7,India,male,254,9,300,17,7,14,5.08
1144998,1,Australia,male,298,9,300,27,5,10,5.96
1144998,7,India,male,299,4,296,16,6,16,6.06
1144999,1,Australia,male,230,10,292,18,0,10,4.73
1144999,7,India,male,234,3,296,17,0,8,4.74
1145892,19,New Zealand,female,418,10,299,50,9,32,8.39
1145892,24,Ireland,female,112,10,213,12,0,17,3.15
1146720,8,Bangladesh,male,279,4,300,20,5,15,5.58
1146720,13,West Indies,male,231,9,300,14,7,11,4.62
1146721,13,West Indies,male,271,10,297,16,10,9,5.47
1146721,8,Bangladesh,male,268,6,300,19,5,12,5.36
1146722,8,Bangladesh,male,301,6,300,23,7,13,6.02
1146722,13,West Indies,male,283,6,300,19,9,11,5.66
1152841,2,Pakistan,male,80,2,114,10,0,5,4.21
1152842,10,England,male,373,3,300,27,13,14,7.46
1152842,2,Pakistan,male,361,7,300,20,9,16,7.22
1152843,2,Pakistan,male,358,9,300,36,7,10,7.16
1152843,10,England,male,359,4,269,34,16,12,8.01
1152844,2,Pakistan,male,340,7,300,29,8,11,6.8
1152844,10,England,male,341,7,297,31,7,17,6.89
1152845,10,England,male,351,9,300,34,9,13,7.02
1152845,2,Pakistan,male,297,10,281,29,5,6,6.34
1153243,8,Bangladesh,male,261,10,297,19,6,12,5.27
1153243,11,Sri Lanka,male,124,10,212,8,4,1,3.51
1153244,5,Hong Kong,male,116,10,223,10,1,4,3.12
1153244,2,Pakistan,male,120,2,142,9,3,4,5.07
1153246,7,India,male,285,7,300,25,5,5,5.7
1153246,5,Hong Kong,male,259,8,300,19,6,13,5.18
1153247,2,Pakistan,male,162,10,259,10,2,7,3.75
1153247,7,India,male,164,2,174,17,5,4,5.66
1153249,8,Bangladesh,male,173,10,295,11,4,3,3.52
1153249,7,India,male,174,3,218,13,4,4,4.79
1153251,2,Pakistan,male,237,7,300,11,5,8,4.74
1153251,7,India,male,238,1,237,24,6,1,6.03
1153254,8,Bangladesh,male,239,10,293,17,1,9,4.89
1153254,2,Pakistan,male,202,9,300,10,2,9,4.04
1153255,8,Bangladesh,male,222,10,291,17,4,7,4.58
1153255,7,India,male,223,7,300,13,6,13,4.46
1153314,13,West Indies,male,195,9,300,10,3,5,3.9
1153314,8,Bangladesh,male,196,5,211,17,2,21,5.57
1153315,8,Bangladesh,male,255,7,300,20,2,18,5.1
1153315,13,West Indies,male,256,6,298,15,6,12,5.15
1153316,13,West Indies,male,198,9,300,14,2,16,3.96
1153316,8,Bangladesh,male,202,2,231,21,6,2,5.25
1153635,8,Bangladesh,male,271,8,300,18,10,17,5.42
1153635,6,Zimbabwe,male,243,9,300,18,7,14,4.86
1153636,6,Zimbabwe,male,246,7,300,19,4,9,4.92
1153636,8,Bangladesh,male,250,3,265,23,3,13,5.66
1153637,6,Zimbabwe,male,286,5,300,20,7,11,5.72
1153637,8,Bangladesh,male,288,3,253,21,9,21,6.83
1153691,3,New Zealand,male,157,10,228,17,2,2,4.13
1153691,7,India,male,156,2,209,12,0,12,4.48
1153692,7,India,male,324,4,300,34,6,11,6.48
1153692,3,New Zealand,male,234,10,242,20,8,2,5.8
1153693,3,New Zealand,male,243,10,295,18,3,11,4.94
1153693,7,India,male,245,3,258,25,5,17,5.7
1153694,7,India,male,92,10,185,11,1,7,2.98
1153694,3,New Zealand,male,93,2,88,10,5,1,6.34
1153695,7,India,male,252,10,299,19,9,15,5.06
1153695,3,New Zealand,male,217,10,265,17,5,3,4.91
1153840,3,New Zealand,male,371,7,300,27,14,11,7.42
1153840,11,Sri Lanka,male,326,10,294,27,7,23,6.65
1153841,3,New Zealand,male,319,7,300,26,7,9,6.38
1153841,11,Sri Lanka,male,298,10,278,23,13,19,6.43
1153842,3,New Zealand,male,364,4,300,32,9,13,7.28
1153842,11,Sri Lanka,male,249,10,250,21,7,10,5.98
1153844,8,Bangladesh,male,232,10,293,21,2,27,4.75
1153844,3,New Zealand,male,233,2,267,20,4,7,5.24
1153845,8,Bangladesh,male,226,10,298,22,2,23,4.55
1153845,3,New Zealand,male,229,2,217,22,4,11,6.33
1153846,3,New Zealand,male,330,6,300,26,9,11,6.6
1153846,8,Bangladesh,male,242,10,284,27,3,20,5.11
1153855,19,New Zealand,female,192,10,292,13,1,5,3.95
1153855,23,India,female,193,1,198,18,3,7,5.85
1153856,19,New Zealand,female,161,10,266,15,0,8,3.63
1153856,23,India,female,166,2,213,18,3,5,4.68
1153857,23,India,female,149,10,264,11,0,14,3.39
1153857,19,New Zealand,female,153,2,176,18,4,3,5.22
1154649,22,United Arab Emirates,male,254,9,300,26,3,13,5.08
1154649,26,Nepal,male,176,10,293,11,2,10,3.6
1156212,16,South Africa,female,201,9,300,13,0,15,4.02
1156212,25,West Indies,female,161,10,276,12,0,16,3.5
1156214,25,West Indies,female,292,5,300,27,3,35,5.84
1156214,16,South Africa,female,177,10,255,18,0,20,4.16
1157378,3,New Zealand,male,266,9,300,18,4,6,5.32
1157378,2,Pakistan,male,219,10,284,14,2,17,4.63
1157379,3,New Zealand,male,209,9,300,9,3,16,4.18
1157379,2,Pakistan,male,212,4,243,22,0,10,5.23
1157380,2,Pakistan,male,279,8,300,19,4,8,5.58
1157380,3,New Zealand,male,35,1,41,3,0,2,5.12
1157706,18,Sri Lanka,female,98,10,211,6,0,10,2.79
1157706,23,India,female,100,1,119,13,2,3,5.04
1157707,23,India,female,219,10,300,22,2,10,4.38
1157707,18,Sri Lanka,female,212,10,289,19,4,16,4.4
1157708,23,India,female,253,5,300,26,2,9,5.06
1157708,18,Sri Lanka,female,257,7,299,25,7,8,5.16
1157754,13,West Indies,male,322,8,300,30,9,14,6.44
1157754,7,India,male,326,2,253,38,11,8,7.73
1157755,7,India,male,321,6,300,28,6,8,6.42
1157755,13,West Indies,male,321,7,300,27,11,6,6.42
1157756,13,West Indies,male,283,9,300,21,12,10,5.66
1157756,7,India,male,240,10,286,24,2,6,5.03
1157757,7,India,male,377,5,300,40,10,15,7.54
1157757,13,West Indies,male,153,10,218,11,5,6,4.21
1157758,13,West Indies,male,104,10,191,9,1,8,3.27
1157758,7,India,male,105,1,89,12,4,3,7.08
1158066,13,West Indies,male,360,8,300,21,23,18,7.2
1158066,10,England,male,364,4,292,37,6,16,7.48
1158067,13,West Indies,male,289,6,300,13,11,25,5.78
1158067,10,England,male,263,10,286,23,7,12,5.52
1158069,10,England,male,418,6,300,34,24,11,8.36
1158069,13,West Indies,male,389,10,288,30,22,18,8.1
1158070,10,England,male,113,10,169,13,0,10,4.01
1158070,13,West Indies,male,115,3,73,8,10,6,9.45
1161014,14,Ireland,male,198,10,259,14,4,18,4.59
1161014,10,England,male,199,6,252,19,1,14,4.74
1161228,20,Pakistan,female,95,10,224,10,0,9,2.54
1161228,17,Australia,female,95,5,134,11,1,2,4.25
1161229,17,Australia,female,273,7,300,34,1,6,5.46
1161229,20,Pakistan,female,123,10,241,14,0,14,3.06
1161230,17,Australia,female,324,7,300,34,7,20,6.48
1161230,20,Pakistan,female,235,7,300,31,2,27,4.7
1168016,21,England,female,318,9,300,39,4,14,6.36
1168016,25,West Indies,female,110,10,216,10,0,19,3.06
1168017,21,England,female,233,7,246,16,3,13,5.68
1168017,25,West Indies,female,87,6,168,9,0,6,3.11
1168018,21,England,female,258,4,234,24,3,6,6.62
1168018,25,West Indies,female,131,9,226,9,1,13,3.48
1168022,21,England,female,177,10,281,20,0,7,3.78
1168022,17,Australia,female,178,8,255,17,3,16,4.19
1168023,21,England,female,217,10,286,18,0,4,4.55
1168023,17,Australia,female,218,6,272,26,1,11,4.81
1168024,17,Australia,female,269,7,300,32,1,19,5.38
1168024,21,England,female,75,10,197,10,0,8,2.28
1168164,16,South Africa,female,225,7,288,11,2,8,4.69
1168164,18,Sri Lanka,female,218,9,288,19,0,21,4.54
1168165,16,South Africa,female,268,7,300,25,4,8,5.36
1168165,18,Sri Lanka,female,231,10,278,22,3,10,4.99
1168166,18,Sri Lanka,female,139,10,266,8,1,22,3.14
1168166,16,South Africa,female,141,4,230,13,0,8,3.68
1168242,1,Australia,male,236,7,300,26,2,5,4.72
1168242,7,India,male,240,4,290,28,3,6,4.97
1168243,7,India,male,250,10,290,22,1,12,5.17
1168243,1,Australia,male,242,10,297,22,2,13,4.89
1168244,1,Australia,male,313,5,300,31,7,10,6.26
1168244,7,India,male,281,10,290,30,4,15,5.81
1168245,7,India,male,358,9,300,32,9,7,7.16
1168245,1,Australia,male,359,6,287,25,10,17,7.51
1168246,1,Australia,male,272,9,300,27,4,4,5.44
1168246,7,India,male,237,10,300,17,5,15,4.74
1168508,13,West Indies,male,381,3,300,38,8,22,7.62
1168508,14,Ireland,male,185,10,208,18,2,15,5.34
1168509,13,West Indies,male,261,9,300,20,3,17,5.22
1168509,8,Bangladesh,male,264,2,270,21,5,18,5.87
1168511,14,Ireland,male,327,5,300,25,10,15,6.54
1168511,13,West Indies,male,331,5,287,32,4,11,6.92
1168512,13,West Indies,male,247,9,300,18,3,8,4.94
1168512,8,Bangladesh,male,248,5,284,19,6,8,5.24
1168513,14,Ireland,male,292,8,300,22,7,12,5.84
1168513,8,Bangladesh,male,294,4,258,31,3,20,6.84
1168514,13,West Indies,male,152,1,144,13,3,6,6.33
1168514,8,Bangladesh,male,213,5,137,17,11,5,9.33
1168517,6,Zimbabwe,male,254,9,300,29,4,10,5.08
1168517,14,Ireland,male,258,6,291,27,4,8,5.32
1168518,14,Ireland,male,242,9,300,29,0,9,4.84
1168518,6,Zimbabwe,male,237,9,300,23,2,8,4.74
1168519,6,Zimbabwe,male,190,10,281,20,1,9,4.06
1168519,14,Ireland,male,191,4,248,24,1,8,4.62
1169332,11,Sri Lanka,male,322,8,300,21,11,13,6.44
1169332,4,Scotland,male,199,10,200,19,4,8,5.97
1170454,26,Nepal,male,113,10,203,11,0,9,3.34
1170454,22,United Arab Emirates,male,116,7,193,10,1,13,3.61
1170455,26,Nepal,male,242,9,300,22,2,17,4.84
1170455,22,United Arab Emirates,male,97,10,117,12,3,6,4.97
1170456,22,United Arab Emirates,male,254,6,300,24,7,8,5.08
1170456,26,Nepal,male,255,6,268,26,3,12,5.71
1172160,23,India,female,202,10,298,21,1,11,4.07
1172160,21,England,female,136,10,246,10,0,10,3.32
1172161,21,England,female,161,10,261,20,1,16,3.7
1172161,23,India,female,162,3,247,19,1,14,3.94
1172162,23,India,female,205,8,300,21,1,19,4.1
1172162,21,England,female,208,8,293,22,1,11,4.26
1172210,25,West Indies,female,216,5,300,14,3,14,4.32
1172210,20,Pakistan,female,70,8,179,1,0,12,2.35
1172211,20,Pakistan,female,240,10,298,25,2,12,4.83
1172211,25,West Indies,female,206,10,298,22,3,6,4.15
1174238,2,Pakistan,male,280,5,300,21,7,7,5.6
1174238,1,Australia,male,281,2,294,17,6,20,5.73
1174239,2,Pakistan,male,284,7,300,28,3,6,5.68
1174239,1,Australia,male,285,2,287,20,8,14,5.96
1174240,1,Australia,male,266,6,300,23,3,7,5.32
1174240,2,Pakistan,male,186,10,268,10,2,12,4.16
1174241,1,Australia,male,277,7,300,23,4,7,5.54
1174241,2,Pakistan,male,271,8,300,19,2,6,5.42
1174242,1,Australia,male,327,7,300,29,6,22,6.54
1174242,2,Pakistan,male,307,7,300,24,4,7,6.14
1174844,27,United States of America,male,164,10,262,19,0,15,3.76
1174844,12,Papua New Guinea,male,165,5,198,18,4,3,5.0
1174845,28,Namibia,male,226,7,300,13,4,5,4.52
1174845,29,Oman,male,81,10,174,5,1,5,2.79
1176432,21,England,female,331,7,300,35,5,6,6.62
1176432,18,Sri Lanka,female,159,8,240,20,0,15,3.98
1176433,18,Sri Lanka,female,187,9,300,18,1,17,3.74
1176433,21,England,female,188,4,201,23,3,8,5.61
1176434,18,Sri Lanka,female,174,10,300,17,1,9,3.48
1176434,21,England,female,177,2,157,19,4,6,6.76
1177015,16,South Africa,female,63,10,137,10,0,5,2.76
1177015,20,Pakistan,female,66,2,88,11,0,6,4.5
1177016,20,Pakistan,female,147,10,252,19,0,8,3.5
1177016,16,South Africa,female,148,2,220,20,0,4,4.04
1177017,16,South Africa,female,265,6,300,25,4,7,5.3
1177017,20,Pakistan,female,265,9,300,26,5,19,5.3
1179272,22,United Arab Emirates,male,110,10,269,3,3,12,2.45
1179272,6,Zimbabwe,male,111,3,139,10,2,2,4.79
1179273,22,United Arab Emirates,male,169,9,210,10,3,16,4.83
1179273,6,Zimbabwe,male,185,4,192,12,4,7,5.78
1179275,22,United Arab Emirates,male,175,10,283,10,2,11,3.71
1179275,6,Zimbabwe,male,129,7,149,11,4,1,5.19
1183513,17,Australia,female,281,8,300,26,2,7,5.62
1183513,18,Sri Lanka,female,124,10,249,12,0,16,2.99
1183514,17,Australia,female,282,8,300,23,2,8,5.64
1183514,18,Sri Lanka,female,172,9,300,15,0,17,3.44
1183515,18,Sri Lanka,female,195,8,300,20,0,10,3.9
1183515,17,Australia,female,196,1,161,25,2,1,7.3
1183537,1,Australia,male,258,7,300,17,4,5,5.16
1183537,3,New Zealand,male,187,10,246,14,2,9,4.56
1185310,10,England,male,258,8,300,20,2,11,5.16
1185310,9,South Africa,male,259,3,286,21,3,3,5.43
1185311,9,South Africa,male,71,2,68,4,1,4,6.26
1185312,9,South Africa,male,256,7,300,18,7,15,5.12
1185312,10,England,male,257,8,260,24,9,13,5.93
1185319,9,South Africa,male,291,7,300,17,4,12,5.82
1185319,1,Australia,male,217,10,271,13,0,7,4.8
1185320,1,Australia,male,271,10,300,20,3,7,5.42
1185320,9,South Africa,male,274,4,291,16,5,13,5.65
1185321,1,Australia,male,254,7,300,22,1,8,5.08
1185321,9,South Africa,male,258,4,273,31,6,4,5.67
1187021,7,India,male,287,8,300,26,3,24,5.74
1187021,13,West Indies,male,291,2,287,24,8,12,6.08
1187022,7,India,male,387,5,300,34,16,18,7.74
1187022,13,West Indies,male,280,10,261,25,13,11,6.44
1187023,13,West Indies,male,315,5,300,27,12,7,6.3
1187023,7,India,male,316,6,292,34,3,12,6.49
1187027,7,India,male,255,10,295,24,4,11,5.19
1187027,1,Australia,male,258,0,226,30,5,20,6.85
1187028,7,India,male,340,6,300,33,4,14,6.8
1187028,1,Australia,male,304,10,295,26,3,20,6.18
1187029,1,Australia,male,286,9,300,26,2,27,5.72
1187029,7,India,male,289,3,285,26,7,10,6.08
1187682,7,India,male,347,4,300,32,8,27,6.94
1187682,3,New Zealand,male,348,6,289,34,7,29,7.22
1187683,3,New Zealand,male,273,8,300,24,7,14,5.46
1187683,7,India,male,251,10,291,26,4,16,5.18
1187684,7,India,male,296,7,300,27,5,7,5.92
1187684,3,New Zealand,male,300,5,283,28,8,11,6.36
1187714,19,New Zealand,female,259,9,300,20,1,15,5.18
1187714,16,South Africa,female,260,3,291,29,0,10,5.36
1187715,19,New Zealand,female,115,10,216,8,0,17,3.19
1187715,16,South Africa,female,117,2,143,19,1,7,4.91
1187716,19,New Zealand,female,149,10,230,11,0,3,3.89
1187716,16,South Africa,female,150,4,224,21,1,8,4.02
1188377,6,Zimbabwe,male,205,8,282,16,3,23,4.36
1188377,30,Netherlands,male,208,3,256,25,2,18,4.88
1188378,6,Zimbabwe,male,290,6,300,26,9,14,5.8
1188378,30,Netherlands,male,291,7,296,25,7,10,5.9
1188624,13,West Indies,male,54,1,78,2,3,4,4.15
1188625,7,India,male,279,7,300,26,2,12,5.58
1188625,13,West Indies,male,210,10,252,18,3,21,5.0
1188626,13,West Indies,male,240,7,210,18,12,10,6.86
1188626,7,India,male,256,4,195,25,6,12,7.88
1193504,11,Sri Lanka,male,314,8,300,32,1,18,6.28
1193504,8,Bangladesh,male,223,10,250,19,0,28,5.35
1193505,8,Bangladesh,male,238,8,300,18,1,20,4.76
1193505,11,Sri Lanka,male,242,3,268,24,2,22,5.42
1193506,11,Sri Lanka,male,294,8,300,29,5,4,5.88
1193506,8,Bangladesh,male,172,10,216,16,2,7,4.78
1196670,12,Papua New Guinea,male,229,8,300,10,4,19,4.58
1196670,29,Oman,male,234,6,295,13,3,14,4.76
1196671,4,Scotland,male,168,10,268,10,2,4,3.76
1196671,29,Oman,male,169,2,271,9,2,9,3.74
1196672,12,Papua New Guinea,male,205,9,300,11,1,15,4.1
1196672,4,Scotland,male,207,7,293,20,3,5,4.24
1196673,4,Scotland,male,223,7,300,10,4,4,4.46
1196673,29,Oman,male,138,10,230,8,3,3,3.6
1196674,4,Scotland,male,242,7,300,18,8,11,4.84
1196674,12,Papua New Guinea,male,204,9,300,10,4,12,4.08
1196675,12,Papua New Guinea,male,206,9,300,18,2,8,4.12
1196675,29,Oman,male,207,6,286,16,0,26,4.34
1198238,1,Australia,male,294,9,300,23,5,15,5.88
1198238,10,England,male,275,9,300,21,7,16,5.5
1198239,10,England,male,231,9,300,26,2,13,4.62
1198239,1,Australia,male,207,10,292,13,3,13,4.25
1198240,10,England,male,302,7,300,26,6,19,6.04
1198240,1,Australia,male,305,7,298,20,10,14,6.14
1198247,14,Ireland,male,172,10,268,13,1,10,3.85
1198247,10,England,male,174,4,167,23,3,9,6.25
1198248,14,Ireland,male,212,9,300,21,0,14,4.24
1198248,10,England,male,216,6,195,31,4,10,6.65
1198249,10,England,male,328,10,299,35,8,19,6.58
1198249,14,Ireland,male,329,3,299,26,7,12,6.6
1198472,17,Australia,female,308,4,300,26,6,15,6.16
1198472,25,West Indies,female,130,9,225,6,1,31,3.47
1198474,25,West Indies,female,180,10,300,20,2,12,3.6
1198474,17,Australia,female,182,2,187,23,1,11,5.84
1198487,2,Pakistan,male,305,7,300,20,7,11,6.1
1198487,11,Sri Lanka,male,238,10,281,17,5,21,5.08
1198488,11,Sri Lanka,male,297,9,300,26,5,18,5.94
1198488,2,Pakistan,male,299,5,290,26,3,10,6.19
1199225,27,United States of America,male,251,9,300,16,7,21,5.02
1199225,12,Papua New Guinea,male,159,6,138,15,2,17,6.91
1199226,28,Namibia,male,121,10,276,13,1,10,2.63
1199226,27,United States of America,male,122,5,188,8,4,12,3.89
1199227,27,United States of America,male,177,10,289,11,2,12,3.67
1199227,12,Papua New Guinea,male,115,10,229,7,3,9,3.01
1199229,12,Papua New Guinea,male,219,8,300,13,3,19,4.38
1199229,28,Namibia,male,222,6,290,19,5,8,4.59
1199230,28,Namibia,male,260,9,300,15,7,18,5.2
1199230,12,Papua New Guinea,male,233,10,285,15,6,16,4.91
1200180,16,South Africa,female,164,10,271,21,0,5,3.63
1200180,23,India,female,165,2,250,19,0,8,3.96
1200181,16,South Africa,female,247,6,300,19,2,10,4.94
1200181,23,India,female,248,5,288,28,1,30,5.17
1200182,23,India,female,146,10,275,17,0,13,3.19
1200182,16,South Africa,female,140,10,288,15,0,5,2.92
1202249,25,West Indies,female,225,7,300,20,3,9,4.5
1202249,23,India,female,224,10,300,18,2,18,4.48
1202250,23,India,female,191,6,300,12,0,8,3.82
1202250,25,West Indies,female,138,9,284,11,0,11,2.92
1202251,25,West Indies,female,194,10,300,16,4,9,3.88
1202251,23,India,female,195,4,253,19,3,4,4.62
1203673,14,Ireland,male,180,10,277,15,2,19,3.9
1203673,13,West Indies,male,184,5,200,23,3,8,5.52
1203674,14,Ireland,male,237,9,300,22,5,13,4.74
1203674,13,West Indies,male,242,9,299,19,7,17,4.86
1203675,14,Ireland,male,203,10,295,19,3,5,4.13
1203675,13,West Indies,male,199,5,218,16,7,1,5.48
1206059,22,United Arab Emirates,male,202,10,272,20,4,16,4.46
1206059,27,United States of America,male,206,7,272,14,3,17,4.54
1206060,27,United States of America,male,282,8,300,15,8,14,5.64
1206060,4,Scotland,male,247,10,284,20,6,13,5.22
1206062,27,United States of America,male,213,10,299,15,0,12,4.27
1206062,22,United Arab Emirates,male,115,10,198,10,3,7,3.48
1206063,27,United States of America,male,245,9,300,19,3,13,4.9
1206063,4,Scotland,male,246,6,293,21,3,27,5.04
1206064,4,Scotland,male,220,10,291,16,1,10,4.54
1206064,22,United Arab Emirates,male,224,3,263,17,2,18,5.11
1208344,21,England,female,284,6,300,25,3,6,5.68
1208344,20,Pakistan,female,209,10,268,22,0,24,4.68
1208345,21,England,female,327,4,300,40,3,12,6.54
1208345,20,Pakistan,female,200,10,269,23,0,18,4.46
1208346,20,Pakistan,female,145,8,226,20,0,6,3.85
1211169,22,United Arab Emirates,male,170,10,283,14,2,12,3.6
1211169,29,Oman,male,171,5,225,15,0,11,4.56
1211170,22,United Arab Emirates,male,222,9,300,14,4,20,4.44
1211170,28,Namibia,male,214,8,300,17,0,17,4.28
1211171,28,Namibia,male,324,7,300,37,7,8,6.48
1211171,29,Oman,male,272,10,270,16,11,11,6.04
1211173,28,Namibia,male,94,10,174,6,1,12,3.24
1211173,22,United Arab Emirates,male,95,2,117,12,1,5,4.87
1213871,13,West Indies,male,289,7,300,25,6,7,5.78
1213871,11,Sri Lanka,male,290,9,295,28,4,26,5.9
1213872,11,Sri Lanka,male,345,8,300,33,0,15,6.9
1213872,13,West Indies,male,184,10,235,16,1,8,4.7
1213873,11,Sri Lanka,male,307,10,300,29,2,16,6.14
1213873,13,West Indies,male,301,9,300,24,6,14,6.02
1214667,8,Bangladesh,male,321,6,300,23,10,6,6.42
1214667,6,Zimbabwe,male,152,10,235,14,3,4,3.88
1214668,8,Bangladesh,male,322,8,300,35,4,10,6.44
1214668,6,Zimbabwe,male,318,8,300,30,9,14,6.36
1214669,8,Bangladesh,male,322,3,258,24,14,8,7.49
1214669,6,Zimbabwe,male,218,10,225,19,5,7,5.81
1215122,29,Oman,male,197,9,300,18,6,8,3.94
1215122,26,Nepal,male,179,10,281,17,3,8,3.82
1215123,27,United States of America,male,213,10,300,19,3,9,4.26
1215123,29,Oman,male,214,4,297,17,4,8,4.32
1215124,26,Nepal,male,190,10,296,19,4,8,3.85
1215124,27,United States of America,male,155,10,265,14,0,20,3.51
1215125,26,Nepal,male,249,8,300,23,5,13,4.98
1215125,29,Oman,male,250,2,284,29,1,9,5.28
1215126,29,Oman,male,276,6,300,25,6,20,5.52
1215126,27,United States of America,male,184,10,235,17,5,9,4.7
1215127,27,United States of America,male,35,10,72,4,0,3,2.92
1215127,26,Nepal,male,36,2,32,5,2,0,6.75
1223944,19,New Zealand,female,180,10,295,11,4,11,3.66
1223944,17,Australia,female,181,3,202,19,3,15,5.38
1223945,19,New Zealand,female,252,9,300,28,2,6,5.04
1223945,17,Australia,female,255,6,271,30,5,9,5.65
1223946,17,Australia,female,325,5,300,35,8,13,6.5
1223946,19,New Zealand,female,93,10,162,11,0,3,3.44
1223955,1,Australia,male,374,6,300,33,9,21,7.48
1223955,7,India,male,308,8,300,24,9,20,6.16
1223956,1,Australia,male,389,4,300,36,10,7,7.78
1223956,7,India,male,338,9,300,28,10,10,6.76
1223957,7,India,male,302,5,300,24,5,8,6.04
1223957,1,Australia,male,289,10,297,21,8,17,5.84
1233461,2,Pakistan,male,281,8,300,26,5,13,5.62
1233461,6,Zimbabwe,male,255,10,298,30,3,9,5.13
1233462,6,Zimbabwe,male,206,10,271,20,5,13,4.56
1233462,2,Pakistan,male,208,4,212,18,4,14,5.89
1233463,6,Zimbabwe,male,278,6,300,30,2,15,5.56
1233463,2,Pakistan,male,278,9,300,28,4,7,5.56
1233976,8,Bangladesh,male,131,10,251,8,3,13,3.13
1233976,3,New Zealand,male,132,2,128,13,4,7,6.19
1233977,8,Bangladesh,male,271,6,300,24,4,24,5.42
1233977,3,New Zealand,male,275,5,290,25,1,17,5.69
1233978,3,New Zealand,male,318,6,300,32,2,16,6.36
1233978,8,Bangladesh,male,154,10,256,12,4,12,3.61
1239534,11,Sri Lanka,male,185,10,255,15,2,17,4.35
1239534,10,England,male,189,5,209,13,2,12,5.43
1239535,11,Sri Lanka,male,241,9,300,22,2,14,4.82
1239535,10,England,male,244,2,258,26,2,12,5.67
1239536,11,Sri Lanka,male,166,10,247,12,3,13,4.03
1239537,2,Pakistan,male,141,10,212,13,2,4,3.99
1239537,10,England,male,142,1,131,16,0,9,6.5
1239538,10,England,male,247,10,272,30,1,6,5.45
1239538,2,Pakistan,male,195,10,246,15,5,13,4.76
1239539,2,Pakistan,male,331,9,300,34,5,12,6.62
1239539,10,England,male,332,7,288,38,4,12,6.92
1243393,7,India,male,317,5,300,33,8,8,6.34
1243393,10,England,male,251,10,253,19,10,13,5.95
1243394,7,India,male,336,6,300,20,14,9,6.72
1243394,10,England,male,337,4,261,24,20,16,7.75
1243395,7,India,male,329,10,290,28,11,11,6.81
1243395,10,England,male,322,9,300,33,7,13,6.44
1243908,25,West Indies,female,259,9,300,32,1,12,5.18
1243908,19,New Zealand,female,256,10,299,22,0,13,5.14
1243909,16,South Africa,female,207,10,299,13,2,12,4.15
1243909,15,Bangladesh,female,175,10,297,12,0,22,3.54
1243910,17,Australia,female,310,3,300,31,2,25,6.2
1243910,21,England,female,298,8,300,27,2,10,5.96
1243911,23,India,female,244,7,300,18,1,11,4.88
1243911,20,Pakistan,female,137,10,258,10,0,3,3.19
1243912,15,Bangladesh,female,140,8,162,8,0,6,5.19
1243912,19,New Zealand,female,144,1,120,14,0,4,7.2
1243913,20,Pakistan,female,190,6,300,19,0,10,3.8
1243913,17,Australia,female,193,3,208,24,0,3,5.57
1243914,25,West Indies,female,225,6,300,13,3,28,4.5
1243914,21,England,female,218,10,286,15,0,20,4.57
1243915,19,New Zealand,female,260,9,300,29,0,10,5.2
1243915,23,India,female,198,10,280,15,3,6,4.24
1243916,16,South Africa,female,223,9,301,17,2,9,4.45
1243916,20,Pakistan,female,217,10,299,19,1,11,4.35
1243917,23,India,female,317,8,300,34,4,14,6.34
1243917,25,West Indies,female,162,10,243,21,1,1,4.0
1243918,17,Australia,female,269,8,300,26,5,13,5.38
1243918,19,New Zealand,female,128,10,182,13,1,3,4.22
1243919,21,England,female,235,9,300,18,0,20,4.7
1243919,16,South Africa,female,236,7,296,24,1,20,4.78
1243920,15,Bangladesh,female,234,7,300,17,0,16,4.68
1243920,20,Pakistan,female,225,9,300,15,0,10,4.5
1243921,25,West Indies,female,131,10,275,9,0,13,2.86
1243921,17,Australia,female,132,3,182,12,0,8,4.35
1243922,23,India,female,134,10,218,14,1,13,3.69
1243922,21,England,female,136,6,188,21,1,4,4.34
1243923,19,New Zealand,female,228,10,287,21,1,12,4.77
1243923,16,South Africa,female,229,8,297,20,0,18,4.63
1243924,25,West Indies,female,140,9,300,12,0,11,2.8
1243924,15,Bangladesh,female,136,10,297,12,0,15,2.75
1243925,23,India,female,277,7,300,19,4,29,5.54
1243925,17,Australia,female,280,4,298,32,0,10,5.64
1243926,19,New Zealand,female,203,10,293,20,1,12,4.16
1243926,21,England,female,204,9,284,20,1,15,4.31
1243927,25,West Indies,female,89,7,120,10,0,7,4.45
1243927,20,Pakistan,female,90,2,113,6,0,3,4.78
1243928,16,South Africa,female,271,5,300,22,1,17,5.42
1243928,17,Australia,female,272,5,272,28,3,18,6.0
1243929,23,India,female,229,7,300,19,1,8,4.58
1243929,15,Bangladesh,female,119,10,243,10,1,6,2.94
1243930,16,South Africa,female,61,4,65,9,0,4,5.63
1243931,20,Pakistan,female,105,10,249,7,0,6,2.53
1243931,21,England,female,107,1,116,11,0,5,5.53
1243932,15,Bangladesh,female,135,6,258,8,0,18,3.14
1243932,17,Australia,female,136,5,193,11,0,6,4.23
1243933,19,New Zealand,female,265,8,300,25,1,5,5.3
1243933,20,Pakistan,female,194,9,300,18,2,11,3.88
1243934,21,England,female,234,6,300,14,1,10,4.68
1243934,15,Bangladesh,female,134,10,288,12,0,3,2.79
1243935,23,India,female,274,7,300,26,1,18,5.48
1243935,16,South Africa,female,275,7,300,25,0,8,5.5
1243936,17,Australia,female,305,3,270,32,1,10,6.78
1243936,25,West Indies,female,148,8,222,11,1,9,4.0
1243937,21,England,female,293,8,300,27,0,20,5.86
1243937,16,South Africa,female,156,10,228,13,0,15,4.11
1243938,17,Australia,female,356,5,300,46,0,20,7.12
1243938,21,England,female,285,10,262,29,1,10,6.53
1244022,13,West Indies,male,122,10,194,9,4,4,3.77
1244022,8,Bangladesh,male,125,4,203,12,0,19,3.69
1244023,13,West Indies,male,148,10,262,10,2,7,3.39
1244023,8,Bangladesh,male,149,3,200,13,1,8,4.47
1244024,8,Bangladesh,male,297,6,300,17,6,22,5.94
1244024,13,West Indies,male,177,10,266,10,3,13,3.99
1244524,14,Ireland,male,269,5,300,24,4,7,5.38
1244524,22,United Arab Emirates,male,270,4,294,24,5,11,5.51
1244525,14,Ireland,male,228,6,300,10,4,19,4.56
1244525,22,United Arab Emirates,male,116,10,216,12,3,5,3.22
1244843,16,South Africa,female,200,9,300,15,0,12,4.0
1244843,20,Pakistan,female,197,8,300,15,1,12,3.94
1244844,16,South Africa,female,252,7,300,31,1,11,5.04
1244844,20,Pakistan,female,239,8,300,23,1,12,4.78
1244845,16,South Africa,female,201,10,300,21,1,8,4.02
1244845,20,Pakistan,female,169,10,288,13,0,9,3.52
1249232,19,New Zealand,female,178,10,271,15,0,7,3.94
1249232,21,England,female,181,2,202,23,1,5,5.38
1249233,19,New Zealand,female,192,10,299,12,1,21,3.85
1249233,21,England,female,194,3,226,21,1,5,5.15
1249234,21,England,female,220,10,287,20,1,11,4.6
1249234,19,New Zealand,female,223,3,280,20,2,6,4.78
1249241,19,New Zealand,female,212,10,293,16,2,13,4.34
1249241,17,Australia,female,215,4,231,20,5,10,5.58
1249242,17,Australia,female,271,7,300,25,1,4,5.42
1249242,19,New Zealand,female,200,10,270,13,0,26,4.44
1249243,17,Australia,female,149,7,150,11,0,6,5.96
1249243,19,New Zealand,female,128,9,150,8,4,9,5.12
1251572,9,South Africa,male,273,6,300,27,4,17,5.46
1251572,2,Pakistan,male,274,7,300,27,2,10,5.48
1251573,9,South Africa,male,341,6,300,34,10,5,6.82
1251573,2,Pakistan,male,324,9,300,35,10,25,6.48
1251574,2,Pakistan,male,320,7,300,22,10,16,6.4
1251574,9,South Africa,male,292,10,297,26,7,6,5.9
1251950,14,Ireland,male,195,4,242,18,3,12,4.83
1251951,14,Ireland,male,290,5,300,28,8,6,5.8
1251951,9,South Africa,male,247,10,291,14,6,17,5.09
1251952,9,South Africa,male,346,4,300,30,11,7,6.92
1251952,14,Ireland,male,276,10,283,30,1,25,5.85
1251962,30,Netherlands,male,195,10,300,14,4,17,3.9
1251962,14,Ireland,male,194,9,300,19,0,24,3.88
1251963,30,Netherlands,male,157,10,296,18,0,10,3.18
1251963,14,Ireland,male,158,2,258,15,0,13,3.67
1251964,14,Ireland,male,163,10,296,13,0,9,3.3
1251964,30,Netherlands,male,166,6,274,17,3,11,3.64
1252069,11,Sri Lanka,male,232,10,294,19,0,13,4.73
1252069,13,West Indies,male,236,2,282,20,4,11,5.02
1252070,11,Sri Lanka,male,273,8,300,19,9,6,5.46
1252070,13,West Indies,male,274,5,298,20,7,10,5.52
1252071,11,Sri Lanka,male,274,6,300,23,5,7,5.48
1252071,13,West Indies,male,276,5,291,16,10,7,5.69
1253267,23,India,female,177,9,300,17,1,17,3.54
1253267,16,South Africa,female,178,2,241,23,1,14,4.43
1253268,16,South Africa,female,157,10,246,15,0,13,3.83
1253268,23,India,female,160,1,172,19,3,9,5.58
1253269,23,India,female,248,5,300,26,1,24,4.96
1253269,16,South Africa,female,223,4,279,21,3,10,4.8
1253270,23,India,female,266,4,300,29,1,13,5.32
1253270,16,South Africa,female,269,3,292,32,1,5,5.53
1253271,23,India,female,188,9,297,21,1,15,3.8
1253271,16,South Africa,female,189,5,290,18,1,8,3.91
1260084,30,Netherlands,male,163,8,198,8,2,16,4.94
1260084,4,Scotland,male,149,8,198,5,5,11,4.52
1260085,30,Netherlands,male,171,10,292,8,2,4,3.51
1260085,4,Scotland,male,172,4,253,15,2,13,4.08
1260094,23,India,female,201,8,300,20,0,15,4.02
1260094,21,England,female,202,2,209,26,2,7,5.8
1260095,23,India,female,221,10,300,26,0,26,4.42
1260095,21,England,female,225,5,285,17,2,10,4.74
1260096,21,England,female,219,10,282,19,1,5,4.66
1260096,23,India,female,220,6,279,23,0,14,4.73
1260103,21,England,female,241,10,297,24,0,24,4.87
1260103,19,New Zealand,female,211,10,279,25,0,18,4.54
1260104,21,England,female,197,10,261,19,2,17,4.53
1260104,19,New Zealand,female,169,10,234,21,0,19,4.33
1260105,21,England,female,178,10,291,22,0,22,3.67
1260105,19,New Zealand,female,181,7,275,19,1,15,3.95
1260106,19,New Zealand,female,244,8,300,26,2,12,4.88
1260106,21,England,female,245,7,297,23,1,11,4.95
1260107,21,England,female,347,5,300,39,6,27,6.94
1260107,19,New Zealand,female,144,10,212,18,0,8,4.08
1262344,8,Bangladesh,male,257,6,300,19,3,12,5.14
1262344,11,Sri Lanka,male,224,10,289,17,5,7,4.65
1262346,8,Bangladesh,male,246,10,289,19,2,11,5.11
1262346,11,Sri Lanka,male,141,9,240,7,4,0,3.52
1262347,11,Sri Lanka,male,286,6,300,21,4,17,5.72
1262347,8,Bangladesh,male,189,10,255,7,3,11,4.45
1262755,11,Sri Lanka,male,262,9,300,14,7,15,5.24
1262755,7,India,male,263,3,220,29,4,18,7.17
1262756,11,Sri Lanka,male,275,9,300,24,1,21,5.5
1262756,7,India,male,277,7,295,30,1,21,5.63
1262757,7,India,male,225,10,259,26,1,10,5.21
1262757,11,Sri Lanka,male,227,7,234,22,1,30,5.82
1263161,1,Australia,male,252,9,294,20,6,9,5.14
1263161,13,West Indies,male,123,10,158,12,4,11,4.67
1263162,1,Australia,male,187,10,283,16,2,16,3.96
1263162,13,West Indies,male,191,6,228,16,3,23,5.03
1263163,13,West Indies,male,152,10,271,9,6,15,3.37
1263163,1,Australia,male,153,4,182,13,5,8,5.04
1263575,17,Australia,female,205,9,300,24,1,9,4.1
1263575,21,England,female,178,10,270,15,0,23,3.96
1263576,21,England,female,129,10,272,11,1,4,2.85
1263576,17,Australia,female,131,5,212,11,3,7,3.71
1263577,21,England,female,163,10,297,7,2,15,3.29
1263577,17,Australia,female,164,2,218,20,2,3,4.51
1263617,23,India,female,225,8,300,14,2,22,4.5
1263617,17,Australia,female,227,1,246,22,2,4,5.54
1263618,23,India,female,274,7,300,25,1,31,5.48
1263618,17,Australia,female,275,5,300,26,0,17,5.5
1263619,17,Australia,female,264,9,300,31,2,11,5.28
1263619,23,India,female,266,8,297,29,1,34,5.37
1267325,20,Pakistan,female,205,9,300,16,1,14,4.1
1267325,25,West Indies,female,209,5,287,21,3,12,4.37
1267326,20,Pakistan,female,120,10,256,14,1,1,2.81
1267326,25,West Indies,female,121,2,187,16,0,8,3.88
1267327,20,Pakistan,female,182,10,294,16,0,15,3.71
1267327,25,West Indies,female,183,2,241,18,0,7,4.56
1267328,25,West Indies,female,210,10,298,18,2,17,4.23
1267328,20,Pakistan,female,211,6,291,13,1,19,4.35
1267329,20,Pakistan,female,190,8,204,16,1,29,5.59
1267329,25,West Indies,female,171,10,204,10,3,12,5.03
1267677,8,Bangladesh,male,276,9,300,18,4,18,5.52
1267677,6,Zimbabwe,male,121,9,173,11,2,6,4.2
1267678,6,Zimbabwe,male,240,9,300,19,2,15,4.8
1267678,8,Bangladesh,male,242,7,295,20,0,23,4.92
1267679,6,Zimbabwe,male,298,10,297,25,7,20,6.02
1267679,8,Bangladesh,male,302,5,288,22,5,27,6.29
1271627,11,Sri Lanka,male,300,9,301,25,3,23,5.98
1271627,9,South Africa,male,286,6,300,19,4,4,5.72
1271628,9,South Africa,male,283,6,282,21,4,13,6.02
1271628,11,Sri Lanka,male,197,10,220,9,5,9,5.37
1271629,11,Sri Lanka,male,203,9,300,14,0,14,4.06
1271629,9,South Africa,male,125,10,180,13,0,8,4.17
1272379,6,Zimbabwe,male,266,7,301,29,3,15,5.3
1272379,14,Ireland,male,228,10,293,17,3,17,4.67
1272380,14,Ireland,male,282,8,300,25,6,14,5.64
1272381,6,Zimbabwe,male,131,10,204,10,2,8,3.85
1272381,14,Ireland,male,118,3,134,11,2,12,5.28
1273418,25,West Indies,female,153,9,280,12,0,13,3.28
1273418,16,South Africa,female,157,2,237,16,1,13,3.97
1273419,25,West Indies,female,120,10,266,12,0,9,2.71
1273419,16,South Africa,female,121,1,154,15,0,7,4.71
1273420,25,West Indies,female,157,10,292,11,1,20,3.23
1273420,16,South Africa,female,158,2,220,16,1,7,4.31
1273421,16,South Africa,female,185,6,300,12,0,19,3.7
1273421,25,West Indies,female,150,9,300,11,0,16,3.0
1273422,25,West Indies,female,192,5,300,12,0,25,3.84
1273422,16,South Africa,female,192,7,300,16,1,14,3.84
1275249,27,United States of America,male,230,9,300,13,3,7,4.6
1275249,26,Nepal,male,231,5,294,10,8,6,4.71
1275250,26,Nepal,male,196,10,286,12,3,7,4.11
1275250,29,Oman,male,200,5,187,20,8,6,6.42
1275251,27,United States of America,male,178,10,268,13,5,8,3.99
1275251,29,Oman,male,179,6,298,6,6,4,3.6
1275253,29,Oman,male,121,10,223,6,3,12,3.26
1275253,26,Nepal,male,122,3,110,13,2,17,6.65
1275255,12,Papua New Guinea,male,197,10,286,19,1,16,4.13
1275255,4,Scotland,male,198,4,258,17,3,14,4.6
1275256,29,Oman,male,250,7,300,23,4,6,5.0
1275256,12,Papua New Guinea,male,140,10,254,7,1,8,3.31
1275257,4,Scotland,male,273,6,300,22,7,8,5.46
1275257,29,Oman,male,255,9,300,17,12,11,5.1
1275258,12,Papua New Guinea,male,226,8,300,19,6,15,4.52
1275258,4,Scotland,male,228,6,293,14,5,13,4.67
1275259,12,Papua New Guinea,male,150,10,260,9,1,7,3.46
1275259,29,Oman,male,151,7,215,7,4,14,4.21
1275260,4,Scotland,male,100,3,140,4,3,6,4.29
1276293,12,Papua New Guinea,male,158,10,266,11,2,9,3.56
1276293,27,United States of America,male,159,3,170,10,8,7,5.61
1276294,27,United States of America,male,271,9,300,10,17,12,5.42
1276294,12,Papua New Guinea,male,137,10,223,7,5,10,3.69
1276295,12,Papua New Guinea,male,134,10,198,9,1,7,4.06
1276295,26,Nepal,male,135,8,237,9,2,5,3.42
1276296,26,Nepal,male,233,10,297,10,9,24,4.71
1276296,12,Papua New Guinea,male,82,10,115,5,3,4,4.28
1276907,10,England,male,110,10,152,16,1,9,4.34
1276907,7,India,male,114,0,112,11,5,7,6.11
1276908,10,England,male,246,10,294,17,7,13,5.02
1276908,7,India,male,146,10,233,10,3,8,3.76
1276909,10,England,male,259,10,275,20,8,17,5.65
1276909,7,India,male,261,5,253,34,2,7,6.19
1276910,9,South Africa,male,333,5,300,32,0,10,6.66
1276910,10,England,male,271,10,281,21,3,14,5.79
1276911,10,England,male,201,10,169,16,7,9,7.14
1276911,9,South Africa,male,83,10,124,7,0,4,4.02
1276912,9,South Africa,male,159,2,166,20,0,6,5.75
1277073,9,South Africa,male,277,8,300,22,9,12,5.54
1277073,30,Netherlands,male,11,0,12,2,0,0,5.5
1277082,9,South Africa,male,296,4,300,20,4,18,5.92
1277082,7,India,male,265,8,300,21,1,13,5.3
1277083,7,India,male,287,6,300,23,5,20,5.74
1277083,9,South Africa,male,288,3,289,24,4,10,5.98
1277084,9,South Africa,male,287,10,299,27,4,18,5.76
1277084,7,India,male,283,10,296,25,4,11,5.74
1277085,13,West Indies,male,269,10,293,23,9,19,5.51
1277085,14,Ireland,male,245,10,295,21,6,10,4.98
1277086,13,West Indies,male,229,10,288,18,6,30,4.77
1277086,14,Ireland,male,168,5,195,16,4,14,5.17
1277087,13,West Indies,male,212,10,268,25,3,16,4.75
1277087,14,Ireland,male,214,8,269,19,3,23,4.77
1277092,25,West Indies,female,234,3,273,23,4,12,5.14
1277092,16,South Africa,female,87,5,106,8,1,4,4.92
1277093,16,South Africa,female,160,10,244,15,1,9,3.93
1277093,25,West Indies,female,160,10,226,15,2,8,4.25
1277094,16,South Africa,female,299,8,299,27,4,24,6.0
1277094,25,West Indies,female,203,9,268,19,0,28,4.54
1277095,25,West Indies,female,174,10,296,18,1,17,3.53
1277095,16,South Africa,female,175,4,239,18,1,7,4.39
1277097,8,Bangladesh,male,314,7,300,23,11,19,6.28
1277097,9,South Africa,male,276,10,293,24,8,12,5.65
1277098,8,Bangladesh,male,194,9,300,16,2,17,3.88
1277098,9,South Africa,male,195,3,224,21,5,4,5.22
1277099,9,South Africa,male,154,10,222,18,1,17,4.16
1277099,8,Bangladesh,male,156,1,159,24,0,3,5.89
1278676,13,West Indies,male,176,10,263,13,5,8,4.02
1278676,7,India,male,178,4,168,23,2,11,6.36
1278677,7,India,male,237,9,300,20,2,8,4.74
1278677,13,West Indies,male,193,10,276,11,7,14,4.2
1278678,7,India,male,265,10,300,26,5,20,5.3
1278678,13,West Indies,male,169,10,223,14,6,13,4.55
1281417,24,Ireland,female,253,8,300,25,0,17,5.06
1281417,31,Zimbabwe,female,254,6,263,15,0,38,5.79
1281418,24,Ireland,female,286,7,300,23,0,25,5.72
1281418,31,Zimbabwe,female,206,9,300,15,1,21,4.12
1281419,31,Zimbabwe,female,178,10,282,15,0,24,3.79
1281419,24,Ireland,female,179,2,234,14,0,13,4.59
1281420,24,Ireland,female,312,3,300,27,1,21,6.24
1281420,31,Zimbabwe,female,227,8,300,16,0,19,4.54
1281444,10,England,male,498,4,300,36,26,22,9.96
1281444,30,Netherlands,male,266,10,298,17,4,14,5.36
1281445,30,Netherlands,male,235,7,246,11,8,14,5.73
1281445,10,England,male,239,4,217,28,3,7,6.61
1281446,30,Netherlands,male,244,10,296,17,0,20,4.95
1281446,10,England,male,248,2,181,31,5,12,8.22
1286901,20,Pakistan,female,201,7,300,17,4,4,4.02
1286901,15,Bangladesh,female,202,7,298,20,0,12,4.07
1286915,20,Pakistan,female,195,6,300,16,3,14,3.9
1286915,31,Zimbabwe,female,81,10,158,6,0,13,3.08
1288209,25,West Indies,female,253,8,300,32,2,8,5.06
1288209,20,Pakistan,female,208,9,300,17,0,9,4.16
1288210,25,West Indies,female,153,9,274,12,0,9,3.35
1288210,20,Pakistan,female,116,10,236,7,0,11,2.95
1288211,20,Pakistan,female,225,7,300,18,3,26,4.5
1288211,25,West Indies,female,226,4,264,29,0,13,5.14
1288313,1,Australia,male,313,7,300,22,6,22,6.26
1288313,2,Pakistan,male,225,10,272,17,3,4,4.96
1288314,1,Australia,male,348,8,300,30,10,8,6.96
1288314,2,Pakistan,male,349,4,294,26,8,4,7.12
1288315,1,Australia,male,210,10,251,19,5,8,5.02
1288315,2,Pakistan,male,214,1,227,21,1,3,5.66
1288322,31,Zimbabwe,female,72,10,164,7,0,8,2.63
1288322,15,Bangladesh,female,74,3,110,6,0,12,4.04
1288987,30,Netherlands,male,202,10,298,17,2,12,4.07
1288987,3,New Zealand,male,204,3,231,12,4,23,5.3
1288988,3,New Zealand,male,264,9,300,18,8,17,5.28
1288988,30,Netherlands,male,146,10,205,18,2,16,4.27
1288989,3,New Zealand,male,333,8,300,23,10,20,6.66
1288989,30,Netherlands,male,218,10,255,24,6,15,5.13
1289032,19,New Zealand,female,275,10,289,23,0,8,5.71
1289032,23,India,female,213,10,298,17,1,10,4.29
1289033,23,India,female,270,6,300,22,2,13,5.4
1289033,19,New Zealand,female,273,7,294,23,0,10,5.57
1289034,23,India,female,279,10,297,28,3,13,5.64
1289034,19,New Zealand,female,280,7,295,26,2,8,5.69
1289035,19,New Zealand,female,191,5,120,28,3,5,9.55
1289035,23,India,female,128,10,107,10,5,7,7.18
1289036,19,New Zealand,female,251,9,300,20,4,12,5.02
1289036,23,India,female,252,4,276,23,1,27,5.48
1290881,28,Namibia,male,228,10,300,13,6,6,4.56
1290881,29,Oman,male,188,10,281,17,2,15,4.01
1294969,6,Zimbabwe,male,296,9,300,28,4,11,5.92
1294969,11,Sri Lanka,male,300,5,291,29,4,21,6.19
1294970,6,Zimbabwe,male,302,8,300,26,3,14,6.04
1294970,11,Sri Lanka,male,280,9,300,20,6,13,5.6
1294971,11,Sri Lanka,male,254,9,300,20,0,7,5.08
1294971,6,Zimbabwe,male,70,10,148,5,0,8,2.84
1299586,29,Oman,male,307,9,300,31,11,8,6.14
1299586,22,United Arab Emirates,male,308,6,294,30,10,5,6.29
1299587,29,Oman,male,195,10,284,12,5,12,4.12
1299587,22,United Arab Emirates,male,196,6,273,16,3,2,4.31
1299588,29,Oman,male,214,10,297,12,5,14,4.32
1299588,22,United Arab Emirates,male,214,10,300,17,6,9,4.28
1301328,16,South Africa,female,218,10,286,20,3,9,4.57
1301328,21,England,female,219,5,193,31,1,5,6.81
1301329,21,England,female,337,5,300,31,3,25,6.74
1301329,16,South Africa,female,223,10,246,29,1,11,5.44
1301330,21,England,female,371,7,300,47,3,27,7.42
1301330,16,South Africa,female,262,10,274,30,4,12,5.74
1301337,21,England,female,227,7,300,21,0,9,4.54
1301337,23,India,female,232,3,266,25,3,10,5.23
1301338,23,India,female,333,5,300,38,7,25,6.66
1301338,21,England,female,245,10,266,24,1,5,5.53
1301339,23,India,female,169,10,274,16,0,20,3.7
1301339,21,England,female,153,10,261,19,0,4,3.52
1302349,30,Netherlands,male,240,7,270,14,4,26,5.33
1302349,13,West Indies,male,249,3,259,20,6,5,5.77
1302350,30,Netherlands,male,214,10,291,9,2,20,4.41
1302350,13,West Indies,male,217,5,273,18,5,12,4.77
1302351,13,West Indies,male,308,5,300,17,11,24,6.16
1302351,30,Netherlands,male,288,10,299,25,3,18,5.78
1302616,29,Oman,male,225,7,300,12,0,26,4.5
1302616,22,United Arab Emirates,male,213,10,293,16,3,13,4.36
1302617,28,Namibia,male,226,10,299,16,4,10,4.54
1302617,29,Oman,male,116,10,253,10,1,7,2.75
1302618,28,Namibia,male,206,8,300,13,1,22,4.12
1302618,22,United Arab Emirates,male,207,7,283,16,4,20,4.39
1302619,29,Oman,male,221,7,300,19,2,9,4.42
1302619,22,United Arab Emirates,male,213,10,291,18,1,22,4.39
1302620,28,Namibia,male,275,8,300,21,3,13,5.5
1302620,29,Oman,male,276,3,277,27,4,10,5.98
1302621,22,United Arab Emirates,male,348,3,300,33,7,19,6.96
1302621,28,Namibia,male,305,9,300,17,8,19,6.1
1302622,29,Oman,male,265,5,300,24,5,14,5.3
1302622,28,Namibia,male,266,5,285,16,4,18,5.6
1302623,12,Papua New Guinea,male,176,8,300,8,1,7,3.52
1302623,22,United Arab Emirates,male,179,3,267,11,2,8,4.02
1302624,12,Papua New Guinea,male,204,8,300,20,1,4,4.08
1302624,26,Nepal,male,208,8,296,9,2,22,4.22
1302625,22,United Arab Emirates,male,168,10,279,9,2,10,3.61
1302625,26,Nepal,male,120,10,211,9,0,5,3.41
1302626,22,United Arab Emirates,male,147,10,300,14,1,11,2.94
1302626,12,Papua New Guinea,male,150,4,218,11,0,8,4.13
1302627,22,United Arab Emirates,male,202,9,300,12,2,5,4.04
1302627,26,Nepal,male,103,10,211,7,0,10,2.93
1302628,12,Papua New Guinea,male,173,8,300,8,1,10,3.46
1302628,26,Nepal,male,174,3,222,13,1,19,4.7
1303309,14,Ireland,male,300,9,300,31,9,17,6.0
1303309,3,New Zealand,male,305,9,299,26,10,19,6.12
1303310,14,Ireland,male,216,10,288,19,6,21,4.5
1303310,3,New Zealand,male,219,7,229,18,8,20,5.74
1303311,3,New Zealand,male,360,6,300,40,9,18,7.2
1303311,14,Ireland,male,359,9,300,34,11,28,7.18
1305496,12,Papua New Guinea,male,292,8,300,33,5,20,5.84
1305496,26,Nepal,male,286,8,300,23,5,13,5.72
1305497,26,Nepal,male,278,8,300,18,5,8,5.56
1305497,12,Papua New Guinea,male,283,7,292,28,5,23,5.82
1307296,11,Sri Lanka,male,300,7,300,34,2,9,6.0
1307296,1,Australia,male,282,8,255,22,9,12,6.64
1307297,11,Sri Lanka,male,220,9,286,17,4,8,4.62
1307297,1,Australia,male,189,10,223,20,0,13,5.09
1307298,1,Australia,male,291,6,300,17,7,14,5.82
1307298,11,Sri Lanka,male,292,4,291,28,3,5,6.02
1307299,11,Sri Lanka,male,258,10,294,23,2,9,5.27
1307299,1,Australia,male,254,10,300,25,1,5,5.08
1307300,11,Sri Lanka,male,160,10,259,17,2,3,3.71
1307300,1,Australia,male,164,6,237,14,1,8,4.15
1307479,4,Scotland,male,306,10,298,39,4,18,6.16
1307479,3,New Zealand,male,307,3,275,32,8,3,6.7
1308233,20,Pakistan,female,335,3,300,32,4,17,6.7
1308233,24,Ireland,female,207,10,297,16,0,13,4.18
1308234,24,Ireland,female,194,10,284,17,1,10,4.1
1308234,20,Pakistan,female,195,1,196,24,0,8,5.97
1308235,24,Ireland,female,225,10,299,21,0,5,4.52
1308235,20,Pakistan,female,226,5,283,20,0,9,4.79
1308244,4,Scotland,male,284,3,300,23,6,25,5.68
1308244,12,Papua New Guinea,male,122,10,216,9,1,14,3.39
1308245,4,Scotland,male,215,10,298,20,1,15,4.33
1308245,29,Oman,male,211,10,298,17,1,7,4.25
1308246,12,Papua New Guinea,male,224,9,300,12,2,14,4.48
1308246,29,Oman,male,227,3,265,20,1,24,5.14
1308247,4,Scotland,male,287,5,300,21,8,13,5.74
1308247,12,Papua New Guinea,male,164,10,218,14,2,1,4.51
1308248,29,Oman,male,225,7,300,17,3,7,4.5
1308248,4,Scotland,male,226,8,299,15,1,11,4.54
1308249,29,Oman,male,277,8,300,16,8,35,5.54
1308249,12,Papua New Guinea,male,192,10,267,12,2,10,4.31
1310984,18,Sri Lanka,female,169,10,287,12,2,17,3.53
1310984,20,Pakistan,female,170,2,251,14,0,17,4.06
1310985,20,Pakistan,female,253,2,300,15,0,28,5.06
1310985,18,Sri Lanka,female,180,9,300,14,0,7,3.6
1310986,18,Sri Lanka,female,260,7,300,21,1,16,5.2
1310986,20,Pakistan,female,167,10,250,13,0,11,4.01
1311737,2,Pakistan,male,314,6,300,26,6,15,6.28
1311737,30,Netherlands,male,298,8,300,21,3,29,5.96
1311738,30,Netherlands,male,186,10,265,9,5,7,4.21
1311738,2,Pakistan,male,191,3,202,18,3,6,5.67
1311739,2,Pakistan,male,206,10,298,13,6,7,4.15
1311739,30,Netherlands,male,197,10,296,15,0,17,3.99
1312798,27,United States of America,male,310,5,300,29,3,19,6.2
1312798,4,Scotland,male,206,10,277,20,2,8,4.46
1312799,4,Scotland,male,300,7,300,19,9,23,6.0
1312799,27,United States of America,male,189,10,256,14,1,8,4.43
1312800,22,United Arab Emirates,male,215,9,300,15,1,7,4.3
1312800,4,Scotland,male,217,6,288,24,1,13,4.52
1312801,22,United Arab Emirates,male,203,7,300,15,2,8,4.06
1312801,27,United States of America,male,204,6,269,15,1,12,4.55
1312802,4,Scotland,male,171,10,300,8,1,16,3.42
1312802,22,United Arab Emirates,male,172,5,265,14,3,6,3.89
1312803,27,United States of America,male,198,10,279,15,4,10,4.26
1312803,22,United Arab Emirates,male,200,2,241,23,0,2,4.98
1312804,27,United States of America,male,323,8,300,27,7,10,6.46
1312804,29,Oman,male,209,10,261,21,3,2,4.8
1312805,29,Oman,male,211,8,300,22,1,8,4.22
1312805,26,Nepal,male,198,10,298,17,0,10,3.99
1312806,26,Nepal,male,274,10,296,17,3,21,5.55
1312806,27,United States of America,male,274,6,300,18,6,18,5.48
1312807,29,Oman,male,280,4,300,24,3,9,5.6
1312807,27,United States of America,male,267,9,300,24,3,5,5.34
1312808,29,Oman,male,163,10,281,12,1,12,3.48
1312808,26,Nepal,male,167,3,199,15,2,7,5.04
1312809,27,United States of America,male,245,7,300,23,1,6,4.9
1312809,26,Nepal,male,206,10,286,13,2,5,4.32
1315038,13,West Indies,male,305,8,300,27,7,12,6.1
1315038,2,Pakistan,male,306,5,296,20,6,13,6.2
1315039,2,Pakistan,male,275,8,300,22,3,9,5.5
1315039,13,West Indies,male,155,10,194,11,5,18,4.79
1315040,2,Pakistan,male,269,9,288,20,4,14,5.6
1315040,13,West Indies,male,216,10,224,15,10,18,5.79
1316645,24,Ireland,female,69,10,164,6,0,6,2.52
1316645,16,South Africa,female,70,1,96,6,0,9,4.38
1316646,24,Ireland,female,213,8,300,18,0,18,4.26
1316646,16,South Africa,female,217,1,232,20,0,13,5.61
1316647,16,South Africa,female,278,5,300,23,0,27,5.56
1316647,24,Ireland,female,89,10,197,7,0,15,2.71
1317152,13,West Indies,male,149,9,246,10,1,9,3.63
1317152,8,Bangladesh,male,151,4,191,13,3,10,4.74
1317153,13,West Indies,male,108,10,210,11,0,7,3.09
1317153,8,Bangladesh,male,112,1,124,15,0,10,5.42
1317154,13,West Indies,male,178,10,292,10,5,5,3.66
1317154,8,Bangladesh,male,179,6,291,15,2,6,3.69
1317476,6,Zimbabwe,male,200,10,285,15,0,11,4.21
1317476,1,Australia,male,201,5,201,22,5,18,6.0
1317477,6,Zimbabwe,male,96,10,167,9,1,10,3.45
1317477,1,Australia,male,100,2,88,12,1,13,6.82
1317478,1,Australia,male,141,10,186,19,2,9,4.55
1317478,6,Zimbabwe,male,142,7,234,13,1,11,3.64
1317479,3,New Zealand,male,232,9,300,15,4,15,4.64
1317479,1,Australia,male,233,8,270,21,3,12,5.18
1317480,1,Australia,male,195,9,300,13,4,3,3.9
1317480,3,New Zealand,male,82,10,198,6,0,2,2.48
1317481,1,Australia,male,267,5,300,19,4,14,5.34
1317481,3,New Zealand,male,242,10,299,23,4,8,4.86
1317489,10,England,male,287,9,300,23,4,13,5.74
1317489,1,Australia,male,291,4,281,35,3,11,6.21
1317490,1,Australia,male,280,8,300,16,6,12,5.6
1317490,10,England,male,208,10,233,12,7,8,5.36
1317491,1,Australia,male,355,5,288,29,8,14,7.4
1317491,10,England,male,142,10,190,15,1,13,4.48
1317900,7,India,male,308,7,300,26,10,12,6.16
1317900,13,West Indies,male,305,6,300,23,8,21,6.1
1317901,13,West Indies,male,311,6,300,23,12,15,6.22
1317901,7,India,male,312,8,298,19,10,19,6.28
1317902,7,India,male,225,3,216,19,3,11,6.25
1317902,13,West Indies,male,137,10,156,12,3,6,5.27
1317911,3,New Zealand,male,190,10,272,22,2,2,4.19
1317911,13,West Indies,male,193,5,234,19,2,18,4.95
1317912,3,New Zealand,male,212,10,290,13,6,4,4.39
1317912,13,West Indies,male,161,10,213,9,4,10,4.54
1317913,13,West Indies,male,301,8,300,20,15,21,6.02
1317913,3,New Zealand,male,307,5,283,25,6,11,6.51
1319712,18,Sri Lanka,female,171,10,290,15,0,16,3.54
1319712,23,India,female,176,6,228,7,4,9,4.63
1319713,18,Sri Lanka,female,173,10,300,11,0,18,3.46
1319713,23,India,female,174,0,154,15,2,9,6.78
1319714,23,India,female,255,9,300,18,5,19,5.1
1319714,18,Sri Lanka,female,216,10,285,19,1,16,4.55
1322031,28,Namibia,male,220,10,286,20,3,9,4.62
1322031,26,Nepal,male,180,10,281,12,2,9,3.84
1322032,4,Scotland,male,144,10,257,15,1,6,3.36
1322032,26,Nepal,male,146,5,151,21,1,6,5.8
1322033,28,Namibia,male,215,7,300,10,5,4,4.3
1322033,4,Scotland,male,219,7,293,24,3,7,4.48
1322034,28,Namibia,male,199,10,296,12,4,6,4.03
1322034,26,Nepal,male,136,10,227,12,1,11,3.59
1322035,26,Nepal,male,128,10,215,14,0,9,3.57
1322035,4,Scotland,male,130,2,114,19,3,8,6.84
1322036,4,Scotland,male,262,10,293,23,1,15,5.37
1322036,22,United Arab Emirates,male,198,10,251,18,3,17,4.73
1322037,22,United Arab Emirates,male,253,8,300,23,4,5,5.06
1322037,27,United States of America,male,256,9,295,23,2,18,5.21
1322038,27,United States of America,male,295,8,300,25,8,15,5.9
1322038,4,Scotland,male,301,5,286,23,7,15,6.31
1322039,4,Scotland,male,254,9,300,18,3,21,5.08
1322039,22,United Arab Emirates,male,168,10,246,15,5,7,4.1
1322041,4,Scotland,male,249,8,300,24,2,13,4.98
1322041,27,United States of America,male,250,8,299,19,4,10,5.02
1322278,7,India,male,306,7,300,28,10,11,6.12
1322278,3,New Zealand,male,309,3,283,31,8,13,6.55
1322279,7,India,male,89,1,77,6,4,7,6.94
1322280,7,India,male,219,10,285,20,5,21,4.61
1322280,3,New Zealand,male,104,1,108,14,1,9,5.78
1322341,15,Bangladesh,female,180,8,300,10,1,21,3.6
1322341,19,New Zealand,female,181,2,186,20,0,8,5.84
1322342,15,Bangladesh,female,157,7,264,8,1,18,3.57
1322342,19,New Zealand,female,14,1,28,1,0,2,3.0
1322343,19,New Zealand,female,123,2,161,4,0,3,4.58
1322359,3,New Zealand,male,274,10,297,20,8,21,5.54
1322359,11,Sri Lanka,male,76,10,119,11,1,4,3.83
1322361,11,Sri Lanka,male,157,10,249,17,3,12,3.78
1322361,3,New Zealand,male,159,4,197,18,0,10,4.84
1323292,8,Bangladesh,male,303,2,300,33,4,15,6.06
1323292,6,Zimbabwe,male,307,5,290,24,9,12,6.35
1323293,8,Bangladesh,male,290,9,300,29,4,13,5.8
1323293,6,Zimbabwe,male,291,5,285,24,8,8,6.13
1323294,8,Bangladesh,male,256,9,300,20,6,18,5.12
1323294,6,Zimbabwe,male,151,10,194,19,2,25,4.67
1325549,6,Zimbabwe,male,189,10,243,17,2,25,4.67
1325549,7,India,male,192,0,185,19,1,29,6.23
1325550,6,Zimbabwe,male,161,10,229,11,2,18,4.22
1325550,7,India,male,167,5,154,17,4,20,6.51
1325551,7,India,male,289,8,300,29,4,10,5.78
1325551,6,Zimbabwe,male,276,10,298,24,5,14,5.56
1327509,9,South Africa,male,249,4,240,21,5,22,6.22
1327509,7,India,male,240,8,240,27,3,18,6.0
1327510,9,South Africa,male,278,7,300,27,4,9,5.56
1327510,7,India,male,282,3,275,25,9,5,6.15
1327511,9,South Africa,male,99,10,163,11,1,5,3.64
1327511,7,India,male,105,3,115,14,2,8,5.48
1328485,32,Netherlands,female,84,10,197,6,0,12,2.56
1328485,24,Ireland,female,87,5,117,8,0,14,4.46
1328486,24,Ireland,female,337,8,300,30,0,32,6.74
1328486,32,Netherlands,female,127,10,200,2,1,18,3.81
1328487,32,Netherlands,female,185,10,284,10,0,25,3.91
1328487,24,Ireland,female,188,2,213,21,1,12,5.3
1331365,27,United States of America,male,205,10,282,19,2,13,4.36
1331365,12,Papua New Guinea,male,205,10,299,10,3,15,4.11
1331366,12,Papua New Guinea,male,211,9,300,14,2,25,4.22
1331366,27,United States of America,male,185,10,284,14,1,10,3.91
1331367,28,Namibia,male,176,10,291,15,1,6,3.63
1331367,27,United States of America,male,97,10,191,11,1,5,3.05
1331368,28,Namibia,male,254,5,300,21,2,13,5.08
1331368,27,United States of America,male,186,7,300,16,0,3,3.72
1331369,28,Namibia,male,284,4,300,24,6,21,5.68
1331369,12,Papua New Guinea,male,117,10,256,10,2,2,2.74
1331370,28,Namibia,male,214,8,300,14,0,26,4.28
1331370,12,Papua New Guinea,male,153,10,259,9,0,22,3.54
1334412,25,West Indies,female,168,7,210,15,1,20,4.8
1334412,19,New Zealand,female,159,5,198,15,0,6,4.82
1334413,25,West Indies,female,169,9,300,13,0,18,3.38
1334413,19,New Zealand,female,171,8,241,10,1,16,4.26
1334414,19,New Zealand,female,168,10,289,8,1,19,3.49
1334414,25,West Indies,female,169,6,262,12,0,18,3.87
1336052,10,England,male,291,6,300,24,7,5,5.82
1336052,3,New Zealand,male,297,2,274,28,8,13,6.5
1336053,10,England,male,226,7,204,18,5,10,6.65
1336053,3,New Zealand,male,147,10,161,16,1,6,5.48
1336054,10,England,male,368,10,289,36,11,17,7.64
1336054,3,New Zealand,male,187,10,234,14,2,17,4.79
1336055,10,England,male,311,9,300,25,8,10,6.22
1336055,3,New Zealand,male,211,9,230,14,5,16,5.5
1336077,17,Australia,female,263,8,300,30,0,9,5.26
1336077,21,England,female,267,8,289,31,3,23,5.54
1336078,17,Australia,female,282,7,300,28,5,11,5.64
1336078,21,England,female,279,7,300,24,0,13,5.58
1336079,21,England,female,285,9,300,26,5,13,5.7
1336079,17,Australia,female,199,10,213,17,3,17,5.61
1336083,18,Sri Lanka,female,106,10,182,10,0,14,3.49
1336083,21,England,female,107,3,108,14,0,7,5.94
1336084,18,Sri Lanka,female,106,9,185,16,1,7,3.44
1336085,21,England,female,273,8,186,35,4,9,8.81
1336085,18,Sri Lanka,female,112,10,149,16,0,5,4.51
1336129,10,England,male,334,8,300,30,6,13,6.68
1336129,14,Ireland,male,286,10,280,28,8,19,6.13
1336130,10,England,male,280,4,186,26,11,5,9.03
1339595,9,South Africa,male,298,7,300,21,6,9,5.96
1339595,10,England,male,271,10,266,28,5,9,6.11
1339596,10,England,male,342,7,301,27,12,34,6.82
1339596,9,South Africa,male,347,5,295,30,9,3,7.06
1339597,10,England,male,346,7,300,16,19,18,6.92
1339597,9,South Africa,male,287,10,259,26,7,9,6.65
1339602,13,West Indies,male,335,8,300,23,13,25,6.7
1339602,9,South Africa,male,287,10,250,24,12,9,6.89
1339603,13,West Indies,male,260,10,290,23,5,25,5.38
1339603,9,South Africa,male,264,6,177,30,10,18,8.95
1339607,30,Netherlands,male,189,10,277,8,8,20,4.09
1339607,9,South Africa,male,190,2,180,23,2,9,6.33
1339608,9,South Africa,male,370,8,300,33,11,15,7.4
1339608,30,Netherlands,male,224,10,235,28,4,15,5.72
1339611,3,New Zealand,male,255,9,300,22,2,5,5.1
1339611,2,Pakistan,male,258,4,289,22,5,3,5.36
1339612,3,New Zealand,male,261,10,299,25,2,12,5.24
1339612,2,Pakistan,male,182,10,258,15,2,9,4.23
1339613,2,Pakistan,male,280,9,300,23,4,5,5.6
1339613,3,New Zealand,male,281,8,289,18,7,19,5.83
1339619,3,New Zealand,male,288,7,300,25,3,7,5.76
1339619,2,Pakistan,male,291,5,291,29,4,7,6.0
1339620,3,New Zealand,male,336,5,300,28,4,15,6.72
1339620,2,Pakistan,male,337,3,290,31,7,7,6.97
1339621,2,Pakistan,male,287,6,300,19,6,10,5.74
1339621,3,New Zealand,male,261,10,295,21,2,7,5.31
1339622,2,Pakistan,male,334,6,300,32,6,19,6.68
1339622,3,New Zealand,male,232,10,262,20,3,14,5.31
1339623,3,New Zealand,male,299,10,297,28,5,5,6.04
1339623,2,Pakistan,male,252,10,277,22,5,10,5.46
1340845,7,India,male,186,10,248,14,5,14,4.5
1340845,8,Bangladesh,male,187,9,276,14,3,17,4.07
1340846,8,Bangladesh,male,271,7,300,26,5,17,5.42
1340846,7,India,male,266,9,300,14,12,19,5.32
1340847,7,India,male,409,8,300,41,14,9,8.18
1340847,8,Bangladesh,male,182,10,204,14,6,9,5.35
1341969,12,Papua New Guinea,male,107,10,233,10,0,5,2.76
1341969,28,Namibia,male,108,2,91,15,4,5,7.12
1341970,27,United States of America,male,244,8,300,21,3,18,4.88
1341970,28,Namibia,male,173,10,262,13,3,12,3.96
1341971,12,Papua New Guinea,male,149,10,287,13,1,9,3.11
1341971,27,United States of America,male,152,4,183,14,2,11,4.98
1341972,12,Papua New Guinea,male,236,10,296,20,6,18,4.78
1341972,28,Namibia,male,241,7,288,16,5,28,5.02
1341973,27,United States of America,male,266,7,300,17,6,16,5.32
1341973,12,Papua New Guinea,male,231,10,290,18,6,10,4.78
1341974,27,United States of America,male,211,7,300,19,1,5,4.22
1341974,28,Namibia,male,212,4,268,21,5,2,4.75
1341975,28,Namibia,male,211,9,300,20,3,12,4.22
1341975,4,Scotland,male,213,6,253,28,5,10,5.05
1341976,26,Nepal,male,197,10,299,13,6,9,3.95
1341976,28,Namibia,male,4,0,4,0,0,0,6.0
1341977,26,Nepal,male,137,10,241,12,1,7,3.41
1341977,4,Scotland,male,143,7,193,16,1,4,4.45
1341978,4,Scotland,male,208,10,300,20,3,11,4.16
1341978,28,Namibia,male,210,7,264,14,9,12,4.77
1341979,28,Namibia,male,275,7,300,26,5,7,5.5
1341979,26,Nepal,male,189,10,281,11,4,11,4.04
1341980,26,Nepal,male,119,10,213,10,2,8,3.35
1341980,4,Scotland,male,121,2,102,18,2,2,7.12
1343683,22,United Arab Emirates,male,263,7,300,24,4,27,5.26
1343683,26,Nepal,male,179,9,300,15,1,16,3.58
1343684,22,United Arab Emirates,male,191,10,260,15,6,6,4.41
1343684,26,Nepal,male,193,7,287,21,2,19,4.03
1343685,22,United Arab Emirates,male,176,9,300,16,3,20,3.52
1343685,26,Nepal,male,180,4,241,21,3,9,4.48
1343931,21,England,female,307,7,300,25,3,19,6.14
1343931,25,West Indies,female,165,10,243,13,0,23,4.07
1343932,21,England,female,260,10,289,23,0,20,5.4
1343932,25,West Indies,female,118,10,189,6,1,15,3.75
1343933,21,England,female,256,10,261,26,0,21,5.89
1343933,25,West Indies,female,105,9,225,8,0,20,2.8
1344503,33,Thailand,female,243,9,300,16,1,24,4.86
1344503,32,Netherlands,female,134,10,269,4,0,13,2.99
1344504,33,Thailand,female,176,10,247,8,1,47,4.28
1344504,32,Netherlands,female,168,10,277,14,0,20,3.64
1344505,33,Thailand,female,227,10,292,20,1,29,4.66
1344505,32,Netherlands,female,128,10,231,13,1,12,3.32
1344506,32,Netherlands,female,145,10,257,18,1,7,3.39
1344506,33,Thailand,female,146,3,157,20,2,11,5.58
1345092,20,Pakistan,female,160,8,240,10,2,27,4.0
1345092,17,Australia,female,158,2,173,18,1,10,5.48
1345093,20,Pakistan,female,125,10,258,9,0,21,2.91
1345093,17,Australia,female,129,0,116,16,0,5,6.67
1345094,17,Australia,female,336,9,300,34,8,16,6.72
1345094,20,Pakistan,female,235,7,300,24,0,33,4.7
1348326,14,Ireland,male,288,4,300,26,5,18,5.76
1348326,6,Zimbabwe,male,214,7,222,19,4,11,5.78
1348327,14,Ireland,male,294,7,300,22,5,27,5.88
1348327,6,Zimbabwe,male,248,10,285,19,1,8,5.22
1348328,6,Zimbabwe,male,55,1,78,6,0,4,4.23
1348643,7,India,male,373,7,300,39,7,6,7.46
1348643,11,Sri Lanka,male,306,8,300,39,5,12,6.12
1348644,11,Sri Lanka,male,215,10,238,26,3,7,5.42
1348644,7,India,male,219,6,260,26,2,18,5.05
1348645,7,India,male,390,5,300,32,14,15,7.8
1348645,11,Sri Lanka,male,73,9,132,11,0,10,3.32
1348646,7,India,male,349,8,300,31,11,13,6.98
1348646,3,New Zealand,male,337,10,296,35,13,19,6.83
1348647,3,New Zealand,male,108,10,207,13,0,7,3.13
1348647,7,India,male,111,2,121,17,2,1,5.5
1348648,7,India,male,385,9,300,33,19,12,7.7
1348648,3,New Zealand,male,295,10,248,23,13,19,7.14
1348656,1,Australia,male,188,10,214,20,6,10,5.27
1348656,7,India,male,191,5,239,19,2,19,4.79
1348657,7,India,male,117,10,156,9,2,14,4.5
1348657,1,Australia,male,121,0,66,16,6,4,11.0
1348658,1,Australia,male,269,10,294,22,8,12,5.49
1348658,7,India,male,248,10,295,15,7,12,5.04
1351397,8,Bangladesh,male,209,10,284,17,3,26,4.42
1351397,10,England,male,212,7,292,18,5,3,4.36
1351398,10,England,male,326,7,300,30,8,13,6.52
1351398,8,Bangladesh,male,194,10,268,18,1,13,4.34
1351399,8,Bangladesh,male,246,10,293,22,1,6,5.04
1351399,10,England,male,196,10,259,17,2,4,4.54
1355717,8,Bangladesh,male,338,8,300,26,8,15,6.76
1355717,14,Ireland,male,155,10,185,15,2,8,5.03
1355718,8,Bangladesh,male,349,6,300,31,8,9,6.98
1355719,14,Ireland,male,101,10,169,12,0,8,3.59
1355719,8,Bangladesh,male,102,0,79,15,2,11,7.75
1358073,28,Namibia,male,285,10,300,21,11,9,5.7
1358073,26,Nepal,male,287,8,286,28,10,10,6.02
1358074,28,Namibia,male,153,10,236,15,1,17,3.89
1358074,4,Scotland,male,157,0,133,19,7,8,7.08
1358075,4,Scotland,male,274,9,300,14,12,16,5.48
1358075,26,Nepal,male,275,7,282,30,5,28,5.85
1358076,28,Namibia,male,274,6,300,30,6,13,5.48
1358076,26,Nepal,male,278,7,285,26,9,18,5.85
1358077,4,Scotland,male,221,10,292,18,5,11,4.54
1358077,28,Namibia,male,178,10,232,18,2,13,4.6
1358078,4,Scotland,male,212,10,277,22,3,11,4.59
1358078,26,Nepal,male,213,8,265,16,6,17,4.82
1358079,28,Namibia,male,91,10,187,5,1,5,2.92
1358079,22,United Arab Emirates,male,95,9,198,8,1,5,2.88
1358080,22,United Arab Emirates,male,166,9,300,7,1,26,3.32
1358080,28,Namibia,male,167,3,170,19,1,12,5.89
1358082,12,Papua New Guinea,male,262,10,295,21,4,24,5.33
1358082,22,United Arab Emirates,male,131,10,206,10,0,7,3.82
1358083,22,United Arab Emirates,male,207,8,300,10,3,13,4.14
1358083,26,Nepal,male,139,10,191,17,1,11,4.37
1358084,12,Papua New Guinea,male,179,10,296,12,3,8,3.63
1358084,26,Nepal,male,182,7,288,8,1,14,3.79
1358085,22,United Arab Emirates,male,97,10,158,9,1,15,3.68
1358085,12,Papua New Guinea,male,98,5,161,7,0,13,3.65
1358086,26,Nepal,male,229,8,300,18,4,7,4.58
1358086,22,United Arab Emirates,male,187,10,270,8,4,11,4.16
1358087,26,Nepal,male,297,10,295,27,5,14,6.04
1358087,12,Papua New Guinea,male,245,10,283,20,8,15,5.19
1358088,12,Papua New Guinea,male,246,9,300,25,7,3,4.92
1358088,22,United Arab Emirates,male,190,10,254,16,4,20,4.49
1358089,26,Nepal,male,248,10,296,25,5,7,5.03
1358089,22,United Arab Emirates,male,71,10,137,7,2,1,3.11
1358090,12,Papua New Guinea,male,95,10,192,9,0,5,2.97
1358090,26,Nepal,male,100,1,46,13,6,2,13.04
1358091,12,Papua New Guinea,male,234,7,300,18,8,13,4.68
1358091,22,United Arab Emirates,male,236,4,232,21,14,13,6.1
1358092,22,United Arab Emirates,male,310,6,300,18,19,16,6.2
1358092,26,Nepal,male,269,6,264,22,6,19,6.11
1362379,6,Zimbabwe,male,249,10,285,22,3,26,5.24
1362379,30,Netherlands,male,255,7,299,20,4,8,5.12
1362380,6,Zimbabwe,male,271,10,296,35,0,7,5.49
1362380,30,Netherlands,male,270,10,300,21,5,7,5.4
1362381,30,Netherlands,male,231,9,300,21,1,10,4.62
1362381,6,Zimbabwe,male,235,3,250,24,1,16,5.64
1364124,8,Bangladesh,male,246,9,300,27,1,18,4.92
1364124,14,Ireland,male,65,3,99,8,1,5,3.94
1364125,14,Ireland,male,319,6,270,20,16,7,7.09
1364125,8,Bangladesh,male,320,7,267,32,7,13,7.19
1365092,27,United States of America,male,231,9,300,15,5,23,4.62
1365092,28,Namibia,male,151,10,250,8,2,9,3.62
1365093,22,United Arab Emirates,male,260,7,300,19,10,12,5.2
1365093,12,Papua New Guinea,male,239,10,291,14,5,44,4.93
1365095,34,Canada,male,198,10,298,12,4,14,3.99
1365095,27,United States of America,male,172,10,285,8,0,22,3.62
1365097,35,Jersey,male,213,9,299,15,4,7,4.27
1365097,28,Namibia,male,216,2,193,22,5,8,6.72
1365098,22,United Arab Emirates,male,279,9,300,23,6,12,5.58
1365098,27,United States of America,male,281,5,294,21,2,18,5.73
1365099,34,Canada,male,254,10,293,20,5,10,5.2
1365099,22,United Arab Emirates,male,255,4,294,17,5,15,5.2
1365100,35,Jersey,male,291,4,300,25,5,13,5.82
1365100,12,Papua New Guinea,male,280,9,300,24,5,13,5.6
1365101,27,United States of America,male,235,7,300,13,4,13,4.7
1365101,12,Papua New Guinea,male,118,10,209,10,0,10,3.39
1365102,22,United Arab Emirates,male,267,5,300,17,9,8,5.34
1365102,28,Namibia,male,239,10,292,19,5,7,4.91
1365103,28,Namibia,male,267,9,300,19,8,14,5.34
1365103,34,Canada,male,156,10,254,16,4,8,3.69
1365104,27,United States of America,male,231,10,300,19,7,19,4.62
1365104,35,Jersey,male,206,10,286,18,6,10,4.32
1365105,22,United Arab Emirates,male,284,7,300,20,7,16,5.68
1365105,35,Jersey,male,218,10,269,11,8,10,4.86
1365106,34,Canada,male,218,8,300,17,5,16,4.36
1365106,12,Papua New Guinea,male,128,10,221,15,0,6,3.48
1365552,8,Bangladesh,male,274,10,293,24,2,26,5.61
1365552,14,Ireland,male,269,9,300,19,6,25,5.38
1367985,26,Nepal,male,310,8,300,29,12,10,6.2
1367985,29,Oman,male,226,9,279,23,4,11,4.86
1368000,22,United Arab Emirates,male,236,10,296,17,12,17,4.78
1368000,29,Oman,male,190,6,258,24,1,11,4.42
1368002,22,United Arab Emirates,male,117,10,199,14,3,10,3.53
1368002,26,Nepal,male,118,3,183,8,6,5,3.87
1368830,33,Thailand,female,154,10,258,15,0,34,3.58
1368830,31,Zimbabwe,female,76,10,145,7,1,7,3.14
1368831,33,Thailand,female,217,10,300,22,1,18,4.34
1368831,31,Zimbabwe,female,172,9,300,16,0,26,3.44
1368832,31,Zimbabwe,female,112,10,233,11,0,15,2.88
1368832,33,Thailand,female,116,4,164,15,0,22,4.24
1368849,18,Sri Lanka,female,152,6,220,11,2,14,4.15
1368851,18,Sri Lanka,female,186,5,180,14,7,12,6.2
1368851,15,Bangladesh,female,128,9,179,7,3,5,4.29
1373571,9,South Africa,male,222,10,294,25,2,19,4.53
1373571,1,Australia,male,225,7,242,27,2,17,5.58
1373572,1,Australia,male,392,8,300,48,9,17,7.84
1373572,9,South Africa,male,269,10,251,21,12,9,6.43
1373573,9,South Africa,male,338,6,300,32,7,12,6.76
1373573,1,Australia,male,227,10,207,30,6,7,6.58
1373574,9,South Africa,male,416,5,300,36,20,17,8.32
1373574,1,Australia,male,252,9,209,21,11,14,7.23
1373575,9,South Africa,male,315,9,300,25,14,11,6.3
1373575,1,Australia,male,193,10,205,17,8,10,5.65
1373576,10,England,male,325,10,300,30,13,10,6.5
1373576,13,West Indies,male,326,6,293,26,14,12,6.68
1373577,13,West Indies,male,202,10,238,23,2,6,5.09
1373577,10,England,male,206,4,197,16,9,5,6.27
1373578,10,England,male,206,9,240,16,4,6,5.15
1373578,13,West Indies,male,191,6,190,17,6,11,6.03
1375847,13,West Indies,male,231,10,292,17,3,11,4.75
1375847,1,Australia,male,232,2,231,23,3,7,6.03
1375848,1,Australia,male,258,9,300,17,8,9,5.16
1375848,13,West Indies,male,175,10,261,13,3,8,4.02
1375849,13,West Indies,male,86,10,145,5,0,13,3.56
1375849,1,Australia,male,87,2,41,10,4,3,12.73
1375866,25,West Indies,female,83,10,165,11,0,7,3.02
1375866,17,Australia,female,87,2,89,13,0,7,5.87
1375867,25,West Indies,female,107,8,153,12,0,17,4.2
1375868,25,West Indies,female,103,10,190,10,1,9,3.25
1375868,17,Australia,female,106,2,93,14,1,7,6.84
1375872,16,South Africa,female,105,9,189,12,0,9,3.33
1375872,17,Australia,female,106,2,114,16,0,7,5.58
1375873,16,South Africa,female,229,6,270,31,2,17,5.09
1375873,17,Australia,female,149,10,177,16,1,28,5.05
1375874,17,Australia,female,277,9,300,33,3,22,5.54
1375874,16,South Africa,female,127,10,147,16,1,13,5.18
1377005,22,United Arab Emirates,male,202,10,283,14,4,21,4.28
1377005,13,West Indies,male,206,3,212,21,7,6,5.83
1377006,13,West Indies,male,306,10,299,22,10,16,6.14
1377006,22,United Arab Emirates,male,228,7,300,22,6,21,4.56
1377007,22,United Arab Emirates,male,184,10,216,15,6,16,5.11
1377007,13,West Indies,male,185,6,211,12,4,14,5.26
1377746,26,Nepal,male,290,8,301,28,5,22,5.78
1377746,6,Zimbabwe,male,291,2,265,35,2,11,6.59
1377747,13,West Indies,male,297,10,297,21,10,13,6.0
1377747,27,United States of America,male,258,7,300,20,4,17,5.16
1377748,11,Sri Lanka,male,355,6,300,39,2,18,7.1
1377748,22,United Arab Emirates,male,180,10,234,16,2,11,4.62
1377749,14,Ireland,male,281,7,300,28,4,12,5.62
1377749,29,Oman,male,285,5,289,27,3,15,5.92
1377750,30,Netherlands,male,315,6,300,29,2,34,6.3
1377750,6,Zimbabwe,male,319,4,245,31,10,10,7.81
1377751,27,United States of America,male,207,10,294,16,5,8,4.22
1377751,26,Nepal,male,211,4,258,21,4,15,4.91
1377752,14,Ireland,male,286,8,300,21,6,22,5.72
1377752,4,Scotland,male,289,9,300,27,6,12,5.78
1377753,22,United Arab Emirates,male,227,8,300,24,1,10,4.54
1377753,29,Oman,male,228,5,276,19,3,23,4.96
1377754,13,West Indies,male,339,7,300,27,10,13,6.78
1377754,26,Nepal,male,238,10,298,22,4,14,4.79
1377755,27,United States of America,male,211,8,300,12,7,7,4.22
1377755,30,Netherlands,male,214,5,260,21,0,10,4.94
1377756,29,Oman,male,98,10,182,8,0,14,3.23
1377756,11,Sri Lanka,male,100,0,90,13,0,2,6.67
1377757,4,Scotland,male,282,8,300,23,7,13,5.64
1377757,22,United Arab Emirates,male,171,10,213,23,3,3,4.82
1377758,6,Zimbabwe,male,268,10,299,24,6,18,5.38
1377758,13,West Indies,male,233,10,268,21,4,21,5.22
1377759,26,Nepal,male,167,10,267,11,2,10,3.75
1377759,30,Netherlands,male,168,3,163,17,5,2,6.18
1377760,11,Sri Lanka,male,325,10,299,22,3,27,6.52
1377760,14,Ireland,male,192,10,186,19,4,11,6.19
1377761,4,Scotland,male,320,10,300,30,6,14,6.4
1377761,29,Oman,male,244,9,300,18,8,14,4.88
1377762,6,Zimbabwe,male,408,6,300,37,13,7,8.16
1377762,27,United States of America,male,104,10,151,10,2,15,4.13
1377763,13,West Indies,male,374,6,300,40,12,14,7.48
1377763,30,Netherlands,male,374,9,300,35,6,16,7.48
1377764,11,Sri Lanka,male,245,10,297,24,2,13,4.95
1377764,4,Scotland,male,163,10,174,18,3,17,5.62
1377765,14,Ireland,male,349,4,300,32,12,6,6.98
1377765,22,United Arab Emirates,male,211,10,234,13,10,14,5.41
1377766,6,Zimbabwe,male,332,7,300,31,6,6,6.64
1377766,29,Oman,male,318,9,300,32,3,20,6.36
1377767,11,Sri Lanka,male,213,10,286,13,3,18,4.47
1377767,30,Netherlands,male,192,10,240,15,3,16,4.8
1377768,27,United States of America,male,196,10,256,21,1,6,4.59
1377768,14,Ireland,male,197,4,206,21,5,5,5.74
1377769,13,West Indies,male,181,10,263,18,2,17,4.13
1377769,4,Scotland,male,185,3,261,18,1,11,4.25
1377770,6,Zimbabwe,male,165,10,194,15,4,19,5.1
1377770,11,Sri Lanka,male,169,1,199,18,0,13,5.1
1377771,22,United Arab Emirates,male,181,10,281,14,0,13,3.86
1377771,26,Nepal,male,185,7,260,17,2,16,4.27
1377772,30,Netherlands,male,362,7,287,31,9,36,7.57
1377772,29,Oman,male,246,6,264,25,2,20,5.59
1377773,4,Scotland,male,234,8,300,20,2,8,4.68
1377773,6,Zimbabwe,male,203,10,247,16,3,8,4.93
1377774,26,Nepal,male,268,9,300,22,9,18,5.36
1377774,14,Ireland,male,269,8,296,24,5,19,5.45
1377775,29,Oman,male,221,9,300,19,4,19,4.42
1377775,13,West Indies,male,222,3,238,25,3,7,5.6
1377776,4,Scotland,male,277,9,300,27,5,7,5.54
1377776,30,Netherlands,male,278,6,257,25,6,15,6.49
1377777,22,United Arab Emirates,male,308,4,300,23,10,23,6.16
1377777,27,United States of America,male,307,9,300,27,5,11,6.14
1377778,13,West Indies,male,243,10,289,17,3,13,5.04
1377778,11,Sri Lanka,male,244,2,266,25,0,6,5.5
1377779,11,Sri Lanka,male,233,10,287,23,2,4,4.87
1377779,30,Netherlands,male,105,10,141,9,1,14,4.47
1378191,25,West Indies,female,297,6,300,26,2,19,5.94
1378191,24,Ireland,female,239,9,300,15,1,15,4.78
1378192,24,Ireland,female,36,5,52,3,0,6,4.15
1378193,24,Ireland,female,203,10,300,14,1,23,4.06
1378193,25,West Indies,female,204,4,247,11,0,37,4.96
1378198,17,Australia,female,321,7,300,30,10,20,6.42
1378198,24,Ireland,female,168,9,230,15,2,28,4.38
1378199,24,Ireland,female,217,10,294,20,0,23,4.43
1378199,17,Australia,female,221,0,215,25,0,6,6.17
1379757,19,New Zealand,female,170,5,168,13,2,8,6.07
1379757,18,Sri Lanka,female,172,1,162,13,5,10,6.37
1379758,19,New Zealand,female,329,7,300,30,3,23,6.58
1379758,18,Sri Lanka,female,208,10,292,17,0,33,4.27
1379759,19,New Zealand,female,127,2,186,7,0,3,4.1
1379759,18,Sri Lanka,female,196,2,161,18,9,5,7.3
1381214,13,West Indies,male,114,10,138,12,2,9,4.96
1381214,7,India,male,118,5,137,14,2,6,5.17
1381215,7,India,male,181,10,245,18,1,11,4.43
1381215,13,West Indies,male,182,4,220,13,4,5,4.96
1381216,7,India,male,351,5,300,28,14,17,7.02
1381216,13,West Indies,male,151,10,213,17,5,7,4.25
1382166,15,Bangladesh,female,152,9,257,15,0,19,3.55
1382166,23,India,female,113,10,215,7,0,8,3.15
1382167,23,India,female,228,8,300,20,0,3,4.56
1382167,15,Bangladesh,female,120,10,212,13,0,10,3.4
1382168,15,Bangladesh,female,225,4,300,15,0,17,4.5
1382168,23,India,female,225,10,297,19,0,16,4.55
1382169,16,South Africa,female,292,4,300,30,1,7,5.84
1382169,20,Pakistan,female,165,10,221,20,0,14,4.48
1382170,20,Pakistan,female,168,10,266,17,0,12,3.79
1382170,16,South Africa,female,169,4,204,20,1,12,4.97
1382171,16,South Africa,female,185,10,289,18,0,5,3.84
1382171,20,Pakistan,female,186,2,228,16,0,26,4.89
1384392,10,England,male,282,9,300,21,6,6,5.64
1384392,3,New Zealand,male,283,1,218,30,8,8,7.79
1384393,2,Pakistan,male,286,10,293,33,3,9,5.86
1384393,30,Netherlands,male,205,10,246,20,4,9,5.0
1384395,9,South Africa,male,428,5,300,45,14,23,8.56
1384395,11,Sri Lanka,male,326,10,269,29,17,20,7.27
1384396,1,Australia,male,199,10,297,16,2,12,4.02
1384396,7,India,male,201,4,248,14,3,8,4.86
1384397,3,New Zealand,male,322,7,300,30,10,13,6.44
1384397,30,Netherlands,male,223,10,279,19,3,4,4.8
1384398,10,England,male,364,9,300,41,7,7,7.28
1384398,8,Bangladesh,male,227,10,290,17,3,7,4.7
1384399,11,Sri Lanka,male,344,9,300,36,9,14,6.88
1384399,2,Pakistan,male,345,4,290,26,6,26,7.14
1384401,9,South Africa,male,311,7,300,26,8,13,6.22
1384401,1,Australia,male,177,10,245,19,0,17,4.33
1384402,8,Bangladesh,male,245,9,300,20,8,9,4.9
1384402,3,New Zealand,male,248,2,257,20,6,11,5.79
1384403,2,Pakistan,male,191,10,257,26,0,4,4.46
1384403,7,India,male,192,3,183,18,8,2,6.3
1384405,11,Sri Lanka,male,209,10,261,23,1,13,4.8
1384405,1,Australia,male,215,5,212,22,5,3,6.08
1384406,30,Netherlands,male,245,8,258,23,6,32,5.7
1384406,9,South Africa,male,207,10,257,20,5,8,4.83
1384408,8,Bangladesh,male,256,8,300,18,8,6,5.12
1384408,7,India,male,261,3,249,23,9,4,6.29
1384409,1,Australia,male,367,9,300,29,19,25,7.34
1384409,2,Pakistan,male,305,10,273,34,6,19,6.7
1384410,30,Netherlands,male,262,10,298,14,3,33,5.28
1384410,11,Sri Lanka,male,263,5,290,23,3,24,5.44
1384411,9,South Africa,male,399,7,300,38,13,15,7.98
1384411,10,England,male,170,9,132,18,9,15,7.73
1384412,3,New Zealand,male,273,10,300,19,7,15,5.46
1384412,7,India,male,274,6,288,29,7,5,5.71
1384414,9,South Africa,male,382,5,300,26,19,10,7.64
1384414,8,Bangladesh,male,233,10,280,25,5,17,4.99
1384415,1,Australia,male,399,8,300,42,15,12,7.98
1384415,30,Netherlands,male,90,10,126,13,0,7,4.29
1384416,10,England,male,156,10,200,19,1,7,4.68
1384416,11,Sri Lanka,male,160,2,154,17,3,3,6.23
1384417,2,Pakistan,male,270,10,280,23,8,19,5.79
1384417,9,South Africa,male,271,9,284,21,8,21,5.73
1384418,1,Australia,male,388,10,296,32,20,9,7.86
1384418,3,New Zealand,male,383,9,300,33,12,26,7.66
1384419,30,Netherlands,male,229,10,300,22,2,12,4.58
1384419,8,Bangladesh,male,142,10,254,16,2,6,3.35
1384420,7,India,male,229,9,300,20,4,7,4.58
1384420,10,England,male,129,10,209,10,3,8,3.7
1384422,8,Bangladesh,male,204,10,271,19,3,9,4.52
1384422,2,Pakistan,male,205,3,195,19,9,4,6.31
1384423,9,South Africa,male,357,4,300,26,15,12,7.14
1384423,3,New Zealand,male,167,10,213,17,4,12,4.7
1384424,7,India,male,357,8,300,31,9,20,7.14
1384424,11,Sri Lanka,male,55,10,118,6,0,10,2.8
1384426,3,New Zealand,male,401,6,300,46,8,26,8.02
1384426,2,Pakistan,male,200,1,153,15,13,4,7.84
1384427,1,Australia,male,286,10,297,25,3,10,5.78
1384427,10,England,male,253,10,289,22,6,14,5.25
1384428,7,India,male,326,5,300,35,6,26,6.52
1384428,9,South Africa,male,83,10,163,10,0,2,3.06
1384429,11,Sri Lanka,male,279,10,297,27,7,7,5.64
1384429,8,Bangladesh,male,282,7,247,33,7,23,6.85
1384431,10,England,male,339,9,300,26,10,21,6.78
1384431,30,Netherlands,male,179,10,224,15,6,8,4.79
1384432,11,Sri Lanka,male,171,10,280,21,3,4,3.66
1384432,3,New Zealand,male,172,5,140,23,5,2,7.37
1384434,8,Bangladesh,male,306,8,300,27,6,24,6.12
1384434,1,Australia,male,307,2,268,29,10,4,6.87
1384435,10,England,male,337,9,300,35,8,19,6.74
1384435,2,Pakistan,male,244,10,261,27,6,6,5.61
1384436,7,India,male,410,4,300,37,16,15,8.2
1384436,30,Netherlands,male,250,10,287,19,9,13,5.23
1384437,7,India,male,397,4,300,30,19,8,7.94
1384437,3,New Zealand,male,327,10,293,29,11,29,6.7
1384438,9,South Africa,male,212,10,298,16,8,11,4.27
1384438,1,Australia,male,215,7,284,21,6,17,4.54
1384439,7,India,male,240,10,300,13,3,12,4.8
1384439,1,Australia,male,241,4,258,22,5,18,5.6
1384542,32,Netherlands,female,204,10,289,15,2,7,4.24
1384542,33,Thailand,female,147,10,220,13,0,23,4.01
1384544,33,Thailand,female,187,9,300,11,0,14,3.74
1384544,32,Netherlands,female,63,10,169,3,0,5,2.24
1385700,10,England,male,315,10,298,27,8,14,6.34
1385700,1,Australia,male,317,3,264,34,10,12,7.2
1385701,1,Australia,male,270,10,268,28,10,18,6.04
1385701,10,England,male,202,10,242,22,5,19,5.01
1385702,1,Australia,male,304,7,300,28,5,11,6.08
1385702,10,England,male,254,4,226,25,6,12,6.74
1385703,10,England,male,312,5,234,25,13,17,8.0
1385703,1,Australia,male,126,10,148,7,4,19,5.11
1385704,10,England,male,309,10,296,25,12,6,6.26
1385704,1,Australia,male,165,2,124,17,9,12,7.98
1387600,9,South Africa,male,116,10,165,11,4,13,4.22
1387600,7,India,male,117,2,100,16,1,4,7.02
1387601,7,India,male,211,10,278,20,4,11,4.55
1387601,9,South Africa,male,215,2,255,21,6,6,5.06
1387602,7,India,male,296,8,300,22,8,22,5.92
1387602,9,South Africa,male,218,10,275,16,4,13,4.76
1388199,19,New Zealand,female,365,4,300,27,6,13,7.3
1388199,20,Pakistan,female,234,10,299,20,0,14,4.7
1388200,20,Pakistan,female,220,10,300,15,1,23,4.4
1388200,19,New Zealand,female,221,9,293,16,0,6,4.53
1388201,19,New Zealand,female,251,8,300,14,1,9,5.02
1388201,20,Pakistan,female,251,9,300,19,1,19,5.02
1388207,19,New Zealand,female,207,10,290,14,0,24,4.28
1388207,21,England,female,209,6,248,21,0,4,5.06
1388208,21,England,female,252,10,294,26,1,15,5.14
1388208,19,New Zealand,female,196,9,270,13,1,12,4.36
1388209,21,England,female,194,10,279,21,0,5,4.17
1388209,19,New Zealand,female,195,3,234,19,4,16,5.0
1388211,8,Bangladesh,male,291,10,299,29,4,12,5.84
1388211,3,New Zealand,male,296,3,278,28,5,9,6.39
1388212,3,New Zealand,male,98,10,190,9,1,4,3.09
1388212,8,Bangladesh,male,99,1,91,15,0,6,6.53
1388392,2,Pakistan,male,342,6,300,36,8,10,6.84
1388392,26,Nepal,male,104,10,142,13,2,8,4.39
1388393,8,Bangladesh,male,164,10,256,12,0,8,3.84
1388393,11,Sri Lanka,male,165,5,234,14,1,13,4.23
1388394,7,India,male,266,10,293,26,3,20,5.45
1388398,26,Nepal,male,230,10,290,18,4,9,4.76
1388398,7,India,male,147,0,121,14,6,6,7.29
1388401,8,Bangladesh,male,193,10,232,20,2,8,4.99
1388401,2,Pakistan,male,194,3,237,17,5,4,4.91
1388403,11,Sri Lanka,male,257,9,300,24,3,10,5.14
1388403,8,Bangladesh,male,236,10,289,15,2,20,4.9
1388406,7,India,male,356,2,300,37,9,9,7.12
1388406,2,Pakistan,male,128,8,192,8,1,17,4.0
1388407,7,India,male,213,10,295,12,4,21,4.33
1388407,11,Sri Lanka,male,172,10,249,16,1,15,4.14
1388410,2,Pakistan,male,252,7,252,18,6,15,6.0
1388410,11,Sri Lanka,male,252,8,252,23,2,10,6.0
1388412,8,Bangladesh,male,265,8,300,26,7,13,5.3
1388412,7,India,male,259,10,299,18,7,17,5.2
1388414,11,Sri Lanka,male,50,10,92,5,1,5,3.26
1388414,7,India,male,51,0,37,9,0,1,8.27
1389388,1,Australia,male,276,10,300,26,6,8,5.52
1389388,7,India,male,281,5,292,28,4,4,5.77
1389389,7,India,male,399,5,300,31,18,14,7.98
1389389,1,Australia,male,217,10,170,24,9,7,7.66
1389390,1,Australia,male,352,7,300,39,8,9,7.04
1389390,7,India,male,286,10,298,19,11,6,5.76
1392348,19,New Zealand,female,235,8,300,25,1,17,4.7
1392348,16,South Africa,female,236,6,283,23,0,15,5.0
1392349,19,New Zealand,female,253,10,299,27,0,27,5.08
1392349,16,South Africa,female,257,3,272,28,1,15,5.67
1392350,16,South Africa,female,209,10,267,18,1,16,4.7
1392350,19,New Zealand,female,210,4,260,25,0,28,4.85
1395700,3,New Zealand,male,136,5,202,9,1,8,4.04
1395701,3,New Zealand,male,254,10,297,25,5,12,5.13
1395701,8,Bangladesh,male,168,10,247,17,3,8,4.08
1395702,8,Bangladesh,male,171,10,207,19,2,10,4.96
1395702,3,New Zealand,male,175,3,209,23,2,4,5.02
1398258,15,Bangladesh,female,250,3,300,27,0,25,5.0
1398258,16,South Africa,female,131,10,219,11,0,7,3.59
1398259,15,Bangladesh,female,222,4,300,23,0,19,4.44
1398259,16,South Africa,female,223,2,271,13,1,7,4.94
1398260,16,South Africa,female,316,4,300,31,4,4,6.32
1398260,15,Bangladesh,female,100,10,187,10,0,11,3.21
1398265,16,South Africa,female,270,6,300,28,1,4,5.4
1398265,18,Sri Lanka,female,23,0,41,4,0,2,3.37
1398266,18,Sri Lanka,female,229,10,299,23,1,21,4.6
1398266,16,South Africa,female,230,3,286,15,0,13,4.83
1398267,16,South Africa,female,301,5,300,34,5,5,6.02
1398267,18,Sri Lanka,female,305,4,267,33,5,27,6.85
1398271,21,England,female,243,9,300,22,0,8,4.86
1398271,20,Pakistan,female,206,9,300,16,0,40,4.12
1398272,20,Pakistan,female,29,0,41,2,0,4,4.24
1398273,21,England,female,302,5,300,32,3,11,6.04
1398273,20,Pakistan,female,124,9,175,17,0,6,4.25
1398274,19,New Zealand,female,156,10,201,24,1,10,4.66
1398274,21,England,female,157,1,128,24,2,5,7.36
1398275,19,New Zealand,female,141,10,251,16,0,10,3.37
1398275,21,England,female,142,2,147,22,1,3,5.8
1398276,19,New Zealand,female,211,8,252,24,0,16,5.02
1398276,21,England,female,212,5,232,20,1,8,5.48
1403683,36,Scotland,female,211,10,284,13,0,31,4.46
1403683,24,Ireland,female,171,10,250,17,0,15,4.1
1403684,24,Ireland,female,270,6,300,25,2,23,5.4
1403684,36,Scotland,female,191,10,234,22,0,16,4.9
1403685,24,Ireland,female,239,10,300,26,0,19,4.78
1403685,36,Scotland,female,206,10,294,14,0,21,4.2
1405124,15,Bangladesh,female,81,10,191,6,0,8,2.54
1405124,20,Pakistan,female,85,5,149,6,0,8,3.42
1405125,15,Bangladesh,female,169,9,300,14,0,5,3.38
1405125,20,Pakistan,female,169,10,299,14,0,3,3.39
1405126,20,Pakistan,female,166,9,300,7,0,6,3.32
1405126,15,Bangladesh,female,167,3,274,15,0,14,3.66
1406078,23,India,female,282,8,300,32,2,11,5.64
1406078,17,Australia,female,285,4,279,32,3,15,6.13
1406079,17,Australia,female,258,8,300,18,5,12,5.16
1406079,23,India,female,255,8,300,25,1,20,5.1
1406080,17,Australia,female,338,7,300,32,8,28,6.76
1406080,23,India,female,148,10,196,16,0,14,4.53
1408102,3,New Zealand,male,239,7,180,24,9,19,7.97
1408102,8,Bangladesh,male,200,9,180,16,5,8,6.67
1408106,6,Zimbabwe,male,121,6,153,14,1,6,4.75
1408107,6,Zimbabwe,male,166,10,257,15,1,16,3.88
1408107,14,Ireland,male,170,6,241,21,0,8,4.23
1408108,6,Zimbabwe,male,197,10,240,14,2,17,4.92
1408108,14,Ireland,male,204,3,227,16,3,12,5.39
1412539,11,Sri Lanka,male,273,9,300,21,4,8,5.46
1412539,6,Zimbabwe,male,12,2,24,0,0,9,3.0
1412540,6,Zimbabwe,male,208,10,268,19,2,17,4.66
1412540,11,Sri Lanka,male,211,8,294,17,2,8,4.31
1412541,6,Zimbabwe,male,96,10,137,8,1,2,4.2
1412541,11,Sri Lanka,male,97,2,100,11,1,5,5.82
1415980,31,Zimbabwe,female,170,10,257,18,0,11,3.97
1415980,24,Ireland,female,110,0,79,14,1,9,8.35
1415981,31,Zimbabwe,female,227,9,300,24,0,11,4.54
1415981,24,Ireland,female,202,9,258,9,2,25,4.7
1415982,24,Ireland,female,180,10,289,13,0,22,3.74
1415982,31,Zimbabwe,female,99,10,185,8,0,11,3.21
1419827,11,Sri Lanka,male,255,10,293,23,6,12,5.22
1419827,8,Bangladesh,male,257,4,268,25,3,19,5.75
1419828,8,Bangladesh,male,286,7,300,27,7,9,5.72
1419828,11,Sri Lanka,male,287,7,283,23,9,16,6.08
1419829,11,Sri Lanka,male,235,10,300,22,3,18,4.7
1419829,8,Bangladesh,male,237,6,242,21,9,7,5.88
1420220,26,Nepal,male,224,10,300,19,4,14,4.48
1420220,34,Canada,male,217,10,287,25,1,17,4.54
1420221,34,Canada,male,285,9,300,34,4,20,5.7
1420221,26,Nepal,male,287,6,271,30,11,9,6.35
1420222,34,Canada,male,232,8,300,17,3,14,4.64
1420222,26,Nepal,male,229,1,267,26,3,3,5.15
1420529,26,Nepal,male,132,10,247,12,3,9,3.21
1420529,28,Namibia,male,134,6,199,15,1,3,4.04
1420530,30,Netherlands,male,137,10,234,10,2,8,3.51
1420530,26,Nepal,male,141,1,92,16,8,2,9.2
1420531,28,Namibia,male,123,10,211,12,3,11,3.5
1420531,30,Netherlands,male,124,3,164,12,6,8,4.54
1420532,26,Nepal,male,168,10,223,17,5,8,4.52
1420532,28,Namibia,male,172,8,240,19,7,5,4.3
1420533,28,Namibia,male,203,10,249,24,3,13,4.89
1420533,30,Netherlands,male,179,10,263,15,1,17,4.08
1420534,26,Nepal,male,172,10,297,14,4,10,3.47
1420534,30,Netherlands,male,173,2,227,15,6,2,4.57
1421069,22,United Arab Emirates,male,194,10,287,17,1,18,4.06
1421069,34,Canada,male,198,7,286,17,0,14,4.15
1421070,4,Scotland,male,215,8,300,16,1,18,4.3
1421070,34,Canada,male,220,3,243,15,8,12,5.43
1421071,22,United Arab Emirates,male,132,10,270,6,3,9,2.93
1421071,4,Scotland,male,137,2,142,9,5,5,5.79
1421072,34,Canada,male,241,6,298,14,5,11,4.85
1421072,22,United Arab Emirates,male,228,8,276,15,4,8,4.96
1421073,4,Scotland,male,197,10,285,17,1,15,4.15
1421073,34,Canada,male,200,5,273,15,3,5,4.4
1421074,22,United Arab Emirates,male,225,9,300,16,3,14,4.5
1421074,4,Scotland,male,226,7,278,16,8,8,4.88
1425061,17,Australia,female,213,7,300,15,5,5,4.26
1425061,15,Bangladesh,female,95,10,216,9,0,23,2.64
1425062,15,Bangladesh,female,97,10,265,7,0,20,2.2
1425062,17,Australia,female,98,4,143,10,0,5,4.11
1425063,15,Bangladesh,female,89,10,158,9,0,20,3.38
1425063,17,Australia,female,93,2,111,12,2,0,5.03
1426046,37,Papua New Guinea,female,125,10,214,10,0,22,3.5
1426046,31,Zimbabwe,female,126,8,255,8,0,21,2.96
1426047,31,Zimbabwe,female,184,10,280,15,0,9,3.94
1426047,37,Papua New Guinea,female,149,10,254,13,0,17,3.52
1426081,25,West Indies,female,269,8,300,29,2,7,5.38
1426081,20,Pakistan,female,156,10,215,10,0,22,4.35
1426082,20,Pakistan,female,223,10,293,15,0,30,4.57
1426082,25,West Indies,female,225,8,300,19,1,11,4.5
1426083,25,West Indies,female,278,6,300,29,0,13,5.56
1426083,20,Pakistan,female,190,10,287,21,1,7,3.97
1426549,2,Pakistan,male,203,10,280,15,6,4,4.35
1426549,1,Australia,male,204,8,201,19,3,21,6.09
1426550,1,Australia,male,163,10,210,14,4,8,4.66
1426550,2,Pakistan,male,169,1,159,9,10,8,6.38
1426551,1,Australia,male,140,9,191,12,1,22,4.4
1426551,2,Pakistan,male,143,2,161,10,4,6,5.33
1426620,23,India,female,100,10,206,8,0,9,2.91
1426620,17,Australia,female,102,5,98,16,2,1,6.24
1426621,17,Australia,female,371,8,300,40,7,9,7.42
1426621,23,India,female,249,9,269,26,1,24,5.55
1426622,17,Australia,female,298,6,300,28,4,15,5.96
1426622,23,India,female,215,10,271,20,2,17,4.76
1426623,21,England,female,204,10,259,21,2,25,4.73
1426623,17,Australia,female,206,6,233,27,2,25,5.3
1426624,17,Australia,female,180,10,267,16,3,10,4.04
1426624,21,England,female,159,10,289,14,2,14,3.3
1426625,17,Australia,female,308,8,300,32,3,11,6.16
1426625,21,England,female,222,10,254,20,0,8,5.24
1427423,38,United States of America,female,160,10,266,11,0,7,3.61
1427423,37,Papua New Guinea,female,164,4,218,14,0,12,4.51
1427424,36,Scotland,female,217,10,274,17,1,9,4.75
1427424,37,Papua New Guinea,female,113,10,209,8,0,11,3.24
1427425,36,Scotland,female,251,7,300,28,0,21,5.02
1427425,38,United States of America,female,210,9,300,19,0,30,4.2
1428956,29,Oman,male,123,10,228,13,2,12,3.24
1428956,4,Scotland,male,99,2,74,10,3,10,8.03
1428957,29,Oman,male,233,8,300,19,1,36,4.66
1428957,28,Namibia,male,234,4,287,20,4,6,4.89
1428958,4,Scotland,male,290,9,300,26,9,26,5.8
1428958,28,Namibia,male,235,9,264,27,3,17,5.34
1428959,29,Oman,male,91,10,130,7,2,17,4.2
1428959,4,Scotland,male,95,2,104,13,0,7,5.48
1428960,28,Namibia,male,196,9,300,18,1,8,3.92
1428960,29,Oman,male,197,6,295,17,2,19,4.01
1428961,4,Scotland,male,301,6,300,28,5,17,6.02
1428961,28,Namibia,male,163,10,241,18,0,13,4.06
1430814,18,Sri Lanka,female,260,8,300,21,4,10,5.2
1430814,24,Ireland,female,261,7,296,19,2,13,5.29
1430815,24,Ireland,female,255,5,300,22,1,19,5.1
1430815,18,Sri Lanka,female,240,10,288,20,2,15,5.0
1430816,24,Ireland,female,122,10,279,12,0,6,2.62
1430816,18,Sri Lanka,female,123,2,139,19,0,8,5.31
1430817,24,Ireland,female,210,10,281,17,1,16,4.48
1430817,21,England,female,211,6,209,24,1,12,6.06
1430818,21,England,female,320,8,300,32,4,24,6.4
1430818,24,Ireland,female,45,10,101,3,0,5,2.67
1430819,21,England,female,153,10,125,13,1,13,7.34
1430819,24,Ireland,female,155,7,132,14,0,18,7.05
1431088,9,South Africa,male,271,9,300,17,8,9,5.42
1431088,14,Ireland,male,132,10,191,13,3,6,4.15
1431089,9,South Africa,male,343,4,300,26,6,7,6.86
1431089,14,Ireland,male,169,10,183,15,5,11,5.54
1431090,14,Ireland,male,284,9,300,24,6,14,5.68
1431090,9,South Africa,male,215,10,277,23,4,13,4.66
1432214,9,South Africa,male,239,9,300,23,2,8,4.78
1432214,2,Pakistan,male,242,7,297,17,5,13,4.89
1432215,2,Pakistan,male,329,10,299,29,12,14,6.6
1432215,9,South Africa,male,248,10,258,15,8,17,5.77
1432216,2,Pakistan,male,308,9,282,32,6,17,6.55
1432216,9,South Africa,male,271,10,252,31,9,11,6.45
1432228,21,England,female,186,10,232,22,0,26,4.81
1432228,16,South Africa,female,189,4,230,29,1,13,4.93
1432229,16,South Africa,female,135,10,189,20,0,6,4.29
1432229,21,England,female,137,4,144,18,0,10,5.71
1432230,16,South Africa,female,233,8,300,29,0,16,4.66
1432230,21,England,female,153,4,114,22,0,7,8.05
1433370,10,England,male,209,10,271,19,2,11,4.63
1433370,13,West Indies,male,157,2,155,10,8,8,6.08
1433371,13,West Indies,male,328,6,300,20,14,8,6.56
1433371,10,England,male,329,5,285,21,12,19,6.93
1433372,10,England,male,263,8,300,21,6,10,5.26
1433372,13,West Indies,male,267,2,258,30,4,13,6.21
1433380,8,Bangladesh,male,294,6,300,25,10,13,5.88
1433380,13,West Indies,male,295,5,286,22,13,7,6.19
1433381,8,Bangladesh,male,227,10,275,17,9,21,4.95
1433381,13,West Indies,male,230,3,221,19,10,13,6.24
1433382,8,Bangladesh,male,321,5,300,28,12,10,6.42
1433382,13,West Indies,male,325,6,275,28,10,15,7.09
1434287,23,India,female,265,8,300,23,1,17,5.3
1434287,16,South Africa,female,122,10,226,15,1,1,3.24
1434288,23,India,female,325,3,300,34,8,17,6.5
1434288,16,South Africa,female,321,6,300,31,7,9,6.42
1434289,16,South Africa,female,215,8,300,17,1,17,4.3
1434289,23,India,female,220,4,244,21,2,10,5.41
1436886,25,West Indies,female,195,10,283,21,0,23,4.13
1436886,18,Sri Lanka,female,198,4,205,25,0,25,5.8
1436887,25,West Indies,female,92,10,186,13,0,0,2.97
1436887,18,Sri Lanka,female,93,5,128,13,1,5,4.36
1436888,18,Sri Lanka,female,275,6,300,30,3,18,5.5
1436888,25,West Indies,female,115,10,209,11,2,4,3.3
1439904,10,England,male,248,10,286,23,5,5,5.2
1439904,7,India,male,251,6,232,34,4,13,6.49
1439905,10,England,male,304,10,299,29,4,15,6.1
1439905,7,India,male,308,6,267,34,9,8,6.92
1439906,7,India,male,356,10,300,36,10,13,7.12
1439906,10,England,male,214,10,206,28,4,12,6.23
1442220,3,New Zealand,male,330,6,300,23,14,17,6.6
1442220,2,Pakistan,male,252,9,287,21,5,6,5.27
1442221,9,South Africa,male,304,6,300,20,8,18,6.08
1442221,3,New Zealand,male,308,4,292,25,5,21,6.33
1442222,9,South Africa,male,352,5,300,41,7,17,7.04
1442222,2,Pakistan,male,355,4,294,38,6,16,7.24
1442223,2,Pakistan,male,242,10,297,19,5,16,4.89
1442223,3,New Zealand,male,243,5,272,22,1,21,5.36
1442990,11,Sri Lanka,male,230,8,300,23,5,8,4.6
1442990,7,India,male,230,10,287,21,6,8,4.81
1442991,11,Sri Lanka,male,240,9,300,19,2,24,4.8
1442991,7,India,male,208,10,254,15,6,15,4.91
1442992,11,Sri Lanka,male,248,7,300,19,6,2,4.96
1442992,7,India,male,138,10,157,18,4,1,5.27
1443546,11,Sri Lanka,male,178,10,262,17,4,8,4.08
1443546,3,New Zealand,male,180,1,158,21,1,16,6.84
1443547,3,New Zealand,male,255,9,222,22,6,13,6.89
1443547,11,Sri Lanka,male,142,10,182,14,4,11,4.68
1443548,11,Sri Lanka,male,290,8,300,20,15,8,5.8
1443548,3,New Zealand,male,150,10,178,13,3,21,5.06
1443554,3,New Zealand,male,344,9,300,24,14,43,6.88
1443554,2,Pakistan,male,271,10,265,21,9,27,6.14
1443555,3,New Zealand,male,292,8,300,22,10,32,5.84
1443555,2,Pakistan,male,208,10,248,16,8,27,5.03
1443556,3,New Zealand,male,264,8,252,12,11,20,6.29
1443556,2,Pakistan,male,221,10,240,15,4,21,5.53
1443566,17,Australia,female,291,7,300,35,2,12,5.82
1443566,19,New Zealand,female,122,5,181,12,1,5,4.04
1443567,17,Australia,female,290,10,294,27,1,36,5.92
1443567,19,New Zealand,female,215,10,261,22,0,16,4.94
1443568,18,Sri Lanka,female,147,5,220,15,1,16,4.01
1443569,19,New Zealand,female,245,7,300,19,0,9,4.9
1443569,18,Sri Lanka,female,167,10,280,10,0,16,3.58
1443570,19,New Zealand,female,280,6,300,22,3,4,5.6
1443570,18,Sri Lanka,female,182,10,300,7,1,24,3.64
1444543,37,Papua New Guinea,female,148,10,213,16,0,22,4.17
1444543,32,Netherlands,female,149,7,223,11,1,27,4.01
1444544,36,Scotland,female,258,6,300,26,1,18,5.16
1444544,37,Papua New Guinea,female,196,10,277,15,0,35,4.25
1444545,36,Scotland,female,180,10,247,16,1,9,4.37
1444545,32,Netherlands,female,181,7,244,16,0,26,4.45
1444546,37,Papua New Guinea,female,191,10,293,17,0,23,3.91
1444546,32,Netherlands,female,192,9,284,13,0,22,4.06
1444547,37,Papua New Guinea,female,133,10,244,11,0,15,3.27
1444547,36,Scotland,female,134,6,164,16,0,7,4.9
1444548,36,Scotland,female,187,10,299,17,0,13,3.75
1444548,32,Netherlands,female,153,10,268,18,0,10,3.43
1444649,6,Zimbabwe,male,205,10,242,23,4,13,5.08
1444649,2,Pakistan,male,60,6,126,7,0,1,2.86
1444650,6,Zimbabwe,male,145,10,195,12,3,6,4.46
1444650,2,Pakistan,male,148,0,110,21,3,3,8.07
1444651,2,Pakistan,male,303,6,300,30,8,15,6.06
1444651,6,Zimbabwe,male,204,10,241,23,5,1,5.08
1445034,34,Canada,male,194,10,292,15,1,11,3.99
1445034,30,Netherlands,male,195,5,273,18,0,19,4.29
1445035,27,United States of America,male,304,4,300,24,6,21,6.08
1445035,34,Canada,male,290,9,300,28,9,15,5.8
1445036,30,Netherlands,male,237,7,300,19,1,10,4.74
1445036,27,United States of America,male,218,10,299,19,1,17,4.37
1445037,30,Netherlands,male,220,10,284,16,0,24,4.65
1445037,34,Canada,male,157,10,214,17,1,17,4.4
1445038,27,United States of America,male,275,8,300,27,1,15,5.5
1445038,34,Canada,male,225,10,282,17,1,19,4.79
1445039,30,Netherlands,male,206,10,295,16,1,23,4.19
1445039,27,United States of America,male,179,10,275,15,3,10,3.91
1448343,10,England,male,400,8,300,39,11,24,8.0
1448343,13,West Indies,male,162,10,158,16,5,10,6.15
1448344,13,West Indies,male,308,10,286,34,5,13,6.46
1448344,10,England,male,312,7,293,33,3,21,6.39
1448345,13,West Indies,male,251,9,240,26,7,9,6.28
1448345,10,England,male,246,3,178,22,9,13,8.29
1448354,10,England,male,131,10,147,18,1,11,5.35
1448354,9,South Africa,male,137,3,125,17,3,8,6.58
1448355,9,South Africa,male,330,8,300,27,8,17,6.6
1448355,10,England,male,325,9,300,23,11,21,6.5
1448356,10,England,male,414,5,300,44,6,27,8.28
1448356,9,South Africa,male,72,9,125,8,2,7,3.46
1448394,21,England,female,345,6,300,33,6,17,6.9
1448394,25,West Indies,female,237,10,290,32,1,15,4.9
1448395,21,England,female,366,6,300,48,1,10,7.32
1448395,25,West Indies,female,223,10,274,28,2,8,4.88
1448396,25,West Indies,female,106,8,126,17,1,5,5.05
1448396,21,England,female,109,1,65,15,0,6,10.06
1448402,21,England,female,258,6,300,23,0,13,5.16
1448402,23,India,female,262,6,290,24,1,14,5.42
1448403,23,India,female,143,8,174,12,0,16,4.93
1448403,21,England,female,116,2,126,14,0,6,5.52
1448404,23,India,female,318,5,300,35,2,10,6.36
1448404,21,England,female,305,10,299,23,2,12,6.12
1450690,28,Namibia,male,199,9,300,18,3,14,3.98
1450690,27,United States of America,male,200,4,248,13,4,3,4.84
1450691,22,United Arab Emirates,male,106,10,188,12,1,8,3.38
1450691,27,United States of America,male,107,0,95,17,1,3,6.76
1450692,28,Namibia,male,313,10,300,22,12,20,6.26
1450692,22,United Arab Emirates,male,316,9,297,26,14,20,6.38
1450693,28,Namibia,male,286,9,300,25,12,14,5.72
1450693,27,United States of America,male,287,3,270,17,14,13,6.38
1450694,27,United States of America,male,339,4,300,40,6,7,6.78
1450694,22,United Arab Emirates,male,203,10,218,21,7,6,5.59
1450695,22,United Arab Emirates,male,190,10,260,21,5,8,4.38
1450695,28,Namibia,male,194,2,173,27,5,7,6.73
1450696,34,Canada,male,253,8,300,13,10,17,5.06
1450696,26,Nepal,male,150,10,241,10,4,16,3.73
1450697,26,Nepal,male,220,9,301,10,11,10,4.39
1450697,29,Oman,male,223,9,299,28,1,3,4.47
1450698,34,Canada,male,276,8,300,15,14,16,5.52
1450698,29,Oman,male,217,10,276,19,5,19,4.72
1450699,26,Nepal,male,181,10,277,13,4,22,3.92
1450699,34,Canada,male,186,5,252,17,7,7,4.43
1450701,29,Oman,male,198,8,300,9,6,14,3.96
1450701,34,Canada,male,199,5,273,16,4,10,4.37
1450702,27,United States of America,male,144,10,232,15,0,25,3.72
1450702,4,Scotland,male,145,0,149,16,2,4,5.84
1450704,4,Scotland,male,154,10,250,12,3,13,3.7
1450704,26,Nepal,male,157,5,179,14,2,14,5.26
1450705,4,Scotland,male,317,5,300,19,13,21,6.34
1450705,27,United States of America,male,246,10,264,27,2,13,5.59
1450706,27,United States of America,male,281,8,300,20,5,14,5.62
1450706,26,Nepal,male,244,10,299,14,8,6,4.9
1450707,26,Nepal,male,26,1,36,4,0,7,4.33
1451817,13,West Indies,male,185,4,231,12,4,12,4.81
1451817,11,Sri Lanka,male,234,5,191,26,6,4,7.35
1451818,13,West Indies,male,189,10,216,19,4,12,5.25
1451818,11,Sri Lanka,male,190,5,230,22,2,5,4.96
1451819,11,Sri Lanka,male,156,3,138,21,4,4,6.78
1451819,13,West Indies,male,196,2,132,15,8,6,8.91
1454391,23,India,female,227,10,267,16,2,12,5.1
1454391,19,New Zealand,female,168,10,244,17,0,6,4.13
1454392,19,New Zealand,female,259,9,300,31,2,3,5.18
1454392,23,India,female,183,10,283,16,2,10,3.88
1454393,19,New Zealand,female,232,10,299,22,4,14,4.66
1454393,23,India,female,236,4,266,26,0,8,5.32
1455367,38,United States of America,female,152,10,263,17,0,7,3.47
1455367,31,Zimbabwe,female,154,5,207,21,0,22,4.46
1455368,38,United States of America,female,248,10,298,26,0,14,4.99
1455368,31,Zimbabwe,female,250,4,291,27,0,27,5.15
1455369,31,Zimbabwe,female,179,10,292,21,0,26,3.68
1455369,38,United States of America,female,182,6,224,20,0,31,4.88
1455370,31,Zimbabwe,female,250,5,300,26,0,28,5.0
1455370,38,United States of America,female,100,3,157,9,0,9,3.82
1455371,31,Zimbabwe,female,246,6,300,28,0,17,4.92
1455371,38,United States of America,female,249,3,266,24,0,28,5.62
1456443,11,Sri Lanka,male,324,5,296,34,6,12,6.57
1456443,3,New Zealand,male,175,9,162,22,1,9,6.48
1456444,3,New Zealand,male,209,10,271,19,3,12,4.63
1456444,11,Sri Lanka,male,210,7,276,19,1,15,4.57
1456445,3,New Zealand,male,112,1,126,14,0,1,5.33
1457464,22,United Arab Emirates,male,128,10,249,4,5,7,3.08
1457464,29,Oman,male,129,4,262,6,1,17,2.95
1457465,22,United Arab Emirates,male,240,8,300,17,9,8,4.8
1457465,30,Netherlands,male,214,10,286,17,3,7,4.49
1457466,30,Netherlands,male,132,10,242,9,1,10,3.27
1457466,29,Oman,male,133,2,205,8,2,16,3.89
1457467,22,United Arab Emirates,male,78,10,153,6,3,8,3.06
1457467,29,Oman,male,79,6,145,6,3,9,3.27
1457468,30,Netherlands,male,241,8,300,15,6,15,4.82
1457468,22,United Arab Emirates,male,174,10,272,18,4,6,3.84
1457469,29,Oman,male,155,10,266,13,3,12,3.5
1457469,30,Netherlands,male,154,10,273,10,3,16,3.38
1458411,15,Bangladesh,female,252,4,300,26,1,11,5.04
1458411,24,Ireland,female,98,10,173,9,0,7,3.4
1458412,24,Ireland,female,193,6,300,15,0,8,3.86
1458412,15,Bangladesh,female,197,5,263,19,2,9,4.49
1458413,24,Ireland,female,185,10,300,18,0,3,3.7
1458413,15,Bangladesh,female,186,3,225,21,0,20,4.96
1459894,23,India,female,314,9,300,31,4,25,6.28
1459894,25,West Indies,female,103,10,158,13,0,3,3.91
1459895,23,India,female,358,5,300,43,4,23,7.16
1459895,25,West Indies,female,243,10,278,32,1,7,5.24
1459896,25,West Indies,female,162,10,233,16,4,11,4.17
1459896,23,India,female,167,5,170,17,4,21,5.89
1459897,24,Ireland,female,238,7,300,31,0,15,4.76
1459897,23,India,female,241,4,207,31,2,21,6.99
1459898,23,India,female,370,5,300,44,3,25,7.4
1459898,24,Ireland,female,254,7,300,26,2,21,5.08
1459899,23,India,female,435,5,300,48,9,29,8.7
1459899,24,Ireland,female,131,10,190,16,0,18,4.14
1459908,11,Sri Lanka,male,214,10,276,22,6,7,4.65
1459908,1,Australia,male,165,10,203,17,1,20,4.88
1466414,3,New Zealand,male,320,5,300,27,8,13,6.4
1466414,2,Pakistan,male,260,10,284,26,8,5,5.49
1466415,8,Bangladesh,male,228,10,298,16,4,9,4.59
1466415,7,India,male,231,4,279,21,4,3,4.97
1466417,10,England,male,351,8,300,28,7,23,7.02
1466417,1,Australia,male,356,5,285,36,9,14,7.49
1466418,2,Pakistan,male,241,10,298,14,3,17,4.85
1466418,7,India,male,244,4,255,23,2,11,5.74
1466419,8,Bangladesh,male,236,9,300,17,5,25,4.72
1466419,3,New Zealand,male,240,5,277,25,2,6,5.2
1466424,10,England,male,179,10,230,19,1,18,4.67
1466424,9,South Africa,male,181,3,175,22,4,11,6.21
1466425,7,India,male,249,9,300,16,6,10,4.98
1466425,3,New Zealand,male,205,10,273,12,4,11,4.51
1466426,1,Australia,male,264,10,297,20,8,7,5.33
1466426,7,India,male,267,6,289,16,7,3,5.54
1466427,3,New Zealand,male,362,6,300,38,5,11,7.24
1466427,9,South Africa,male,312,9,300,28,7,7,6.24
1466428,3,New Zealand,male,251,7,300,15,4,16,5.02
1466428,7,India,male,254,6,294,13,9,8,5.18
1467701,6,Zimbabwe,male,299,5,300,27,7,12,5.98
1467701,14,Ireland,male,250,10,276,19,3,28,5.43
1467702,6,Zimbabwe,male,245,10,294,24,0,18,5.0
1467702,14,Ireland,male,249,4,292,21,3,23,5.12
1467703,14,Ireland,male,240,6,300,18,4,9,4.8
1467703,6,Zimbabwe,male,246,1,237,25,3,11,6.23
1468399,15,Bangladesh,female,198,9,300,18,1,11,3.96
1468399,25,West Indies,female,202,1,190,22,4,14,6.38
1468400,15,Bangladesh,female,184,10,293,14,1,16,3.77
1468400,25,West Indies,female,124,10,210,10,0,5,3.54
1468401,15,Bangladesh,female,118,10,263,9,0,14,2.69
1468401,25,West Indies,female,122,2,165,14,2,3,4.44
1468879,27,United States of America,male,293,8,258,25,10,5,6.81
1468879,28,Namibia,male,179,10,242,8,5,10,4.44
1468880,28,Namibia,male,169,10,279,15,3,9,3.63
1468880,29,Oman,male,146,10,224,10,4,14,3.91
1468881,27,United States of America,male,151,10,253,13,0,14,3.58
1468881,29,Oman,male,152,3,275,16,2,4,3.32
1468882,27,United States of America,male,268,9,300,22,7,11,5.36
1468882,28,Namibia,male,198,10,255,20,3,5,4.66
1468883,28,Namibia,male,96,10,199,10,0,7,2.89
1468883,29,Oman,male,100,8,136,9,3,18,4.41
1468884,27,United States of America,male,122,10,213,10,3,12,3.44
1468884,29,Oman,male,65,10,153,6,2,3,2.55
1469168,11,Sri Lanka,male,281,4,300,25,6,9,5.62
1469168,1,Australia,male,107,10,146,13,2,2,4.4
1472511,14,Ireland,male,303,6,300,26,6,23,6.06
1472511,13,West Indies,male,179,10,205,22,3,14,5.24
1472512,13,West Indies,male,352,8,300,32,13,16,7.04
1472513,13,West Indies,male,385,7,300,32,17,27,7.7
1472513,14,Ireland,male,165,8,179,18,5,8,5.53
1472528,13,West Indies,male,280,10,294,20,8,24,5.71
1472528,2,Pakistan,male,284,5,293,23,6,23,5.82
1472529,2,Pakistan,male,171,7,222,13,5,14,4.62
1472529,13,West Indies,male,184,5,200,12,7,8,5.52
1472530,13,West Indies,male,294,6,300,22,12,16,5.88
1472530,2,Pakistan,male,92,10,176,6,1,10,3.14
1472534,16,South Africa,female,232,9,300,17,3,17,4.64
1472534,25,West Indies,female,180,6,192,19,5,11,5.62
1472535,16,South Africa,female,309,9,300,29,6,12,6.18
1472535,25,West Indies,female,269,10,300,26,5,14,5.38
1472536,16,South Africa,female,278,6,275,19,6,22,6.07
1472536,25,West Indies,female,121,9,167,7,2,12,4.35
1474410,30,Netherlands,male,159,10,235,8,6,8,4.06
1474410,28,Namibia,male,106,10,180,8,3,7,3.53
1474411,34,Canada,male,167,8,234,9,6,10,4.28
1474411,28,Namibia,male,174,10,234,11,4,11,4.46
1474413,28,Namibia,male,148,10,269,13,3,12,3.3
1474413,30,Netherlands,male,149,3,222,14,2,10,4.03
1474414,28,Namibia,male,186,10,295,14,2,11,3.78
1474414,34,Canada,male,154,10,253,12,3,17,3.65
1476980,18,Sri Lanka,female,147,10,229,13,0,14,3.85
1476980,23,India,female,149,1,178,17,0,8,5.02
1476981,23,India,female,276,6,300,28,2,13,5.52
1476981,16,South Africa,female,261,10,296,25,5,7,5.29
1476982,16,South Africa,female,235,9,300,22,1,6,4.7
1476982,18,Sri Lanka,female,237,5,279,28,1,10,5.1
1476983,23,India,female,275,9,300,26,4,8,5.5
1476983,18,Sri Lanka,female,278,7,295,25,3,13,5.65
1476984,23,India,female,337,9,300,40,5,5,6.74
1476984,16,South Africa,female,314,7,300,25,8,16,6.28
1476985,16,South Africa,female,315,9,300,24,12,6,6.3
1476985,18,Sri Lanka,female,239,10,257,21,5,14,5.58
1476986,23,India,female,342,7,300,34,4,18,6.84
1476986,18,Sri Lanka,female,245,10,290,29,1,16,5.07
1476990,24,Ireland,female,288,9,300,29,0,28,5.76
1476990,31,Zimbabwe,female,191,10,289,17,0,25,3.97
1476991,31,Zimbabwe,female,178,10,295,13,0,31,3.62
1476991,24,Ireland,female,182,6,233,16,1,15,4.69
1477009,20,Pakistan,female,217,10,294,19,1,29,4.43
1477009,24,Ireland,female,179,10,264,15,0,11,4.07
1477010,36,Scotland,female,244,10,270,26,1,17,5.42
1477010,25,West Indies,female,233,10,279,24,3,26,5.01
1477011,15,Bangladesh,female,271,3,300,31,1,15,5.42
1477011,33,Thailand,female,93,10,173,11,0,7,3.23
1477012,36,Scotland,female,186,9,192,20,2,8,5.81
1477012,20,Pakistan,female,190,4,184,19,2,21,6.2
1477013,25,West Indies,female,181,6,198,14,1,10,5.48
1477013,24,Ireland,female,175,10,194,19,0,14,5.41
1477014,36,Scotland,female,206,10,246,25,1,7,5.02
1477014,33,Thailand,female,148,10,189,18,1,12,4.7
1477015,24,Ireland,female,235,8,300,20,0,6,4.7
1477015,15,Bangladesh,female,240,8,292,22,1,19,4.93
1477016,20,Pakistan,female,191,10,299,13,1,10,3.83
1477016,25,West Indies,female,126,10,236,13,1,7,3.2
1477017,24,Ireland,female,305,4,300,40,1,14,6.1
1477017,33,Thailand,female,259,10,295,24,1,32,5.27
1477018,15,Bangladesh,female,276,6,300,31,0,16,5.52
1477018,36,Scotland,female,242,9,300,20,0,18,4.84
1477019,15,Bangladesh,female,227,9,300,23,1,24,4.54
1477019,25,West Indies,female,228,7,276,23,3,12,4.96
1477020,20,Pakistan,female,205,6,300,19,2,11,4.1
1477020,33,Thailand,female,118,10,208,12,0,10,3.4
1477021,36,Scotland,female,268,7,300,29,3,14,5.36
1477021,24,Ireland,female,269,9,300,24,0,16,5.38
1477022,15,Bangladesh,female,178,9,300,18,0,14,3.56
1477022,20,Pakistan,female,181,3,238,18,2,12,4.56
1477023,33,Thailand,female,166,10,277,18,0,12,3.6
1477023,25,West Indies,female,168,4,65,20,9,3,15.51
1477594,24,Ireland,female,209,7,282,15,1,19,4.45
1477594,16,South Africa,female,211,3,221,26,0,11,5.73
1477595,16,South Africa,female,375,6,300,47,4,26,7.5
1477595,24,Ireland,female,301,10,287,33,3,19,6.29
1477596,24,Ireland,female,205,10,272,14,2,19,4.52
1477596,16,South Africa,female,206,4,194,28,1,13,6.37
1477601,16,South Africa,female,260,6,246,26,2,12,6.34
1477601,20,Pakistan,female,223,10,233,23,0,15,5.74
1477602,16,South Africa,female,361,8,300,38,8,13,7.22
1477602,20,Pakistan,female,345,10,299,38,2,30,6.92
1477603,20,Pakistan,female,306,8,300,28,6,20,6.12
1477603,16,South Africa,female,187,10,218,18,4,6,5.15
1478901,9,South Africa,male,296,8,300,28,3,7,5.92
1478901,1,Australia,male,198,10,245,21,1,11,4.85
1478902,9,South Africa,male,277,10,295,22,4,7,5.63
1478902,1,Australia,male,193,10,226,20,3,6,5.12
1478903,1,Australia,male,431,2,300,36,18,21,8.62
1478903,9,South Africa,male,155,10,149,17,5,7,6.24
1478904,7,India,male,136,9,156,10,4,8,5.23
1478904,1,Australia,male,131,3,127,9,6,11,6.19
1478905,7,India,male,264,9,300,27,2,9,5.28
1478905,1,Australia,male,265,8,278,15,8,9,5.72
1478906,1,Australia,male,236,10,280,21,1,12,5.06
1478906,7,India,male,237,1,231,22,4,18,6.16
1478915,23,India,female,214,10,291,16,3,19,4.41
1478915,17,Australia,female,217,4,230,19,3,6,5.66
1478916,23,India,female,251,9,300,23,2,13,5.02
1478916,17,Australia,female,252,5,217,32,2,5,6.97
1478917,17,Australia,female,409,7,300,51,6,5,8.18
1478917,23,India,female,224,10,271,27,2,14,4.96
1479573,7,India,male,349,8,300,22,16,23,6.98
1479573,9,South Africa,male,332,10,296,34,12,6,6.73
1479574,7,India,male,358,5,300,32,7,24,7.16
1479574,9,South Africa,male,362,6,296,25,11,18,7.34
1479575,9,South Africa,male,270,10,287,19,9,12,5.64
1479575,7,India,male,271,1,239,25,8,15,6.8
1481530,30,Netherlands,male,272,7,300,16,5,19,5.44
1481530,22,United Arab Emirates,male,159,10,248,16,1,5,3.85
1481531,22,United Arab Emirates,male,296,6,300,21,10,16,5.92
1481531,4,Scotland,male,199,10,261,14,0,14,4.57
1481532,30,Netherlands,male,282,7,300,23,4,8,5.64
1481532,4,Scotland,male,263,9,300,26,4,6,5.26
1481533,22,United Arab Emirates,male,204,9,300,8,3,23,4.08
1481533,30,Netherlands,male,205,5,216,19,4,12,5.69
1481534,22,United Arab Emirates,male,161,10,287,11,4,12,3.37
1481534,4,Scotland,male,162,2,146,15,4,2,6.66
1481535,4,Scotland,male,380,9,300,35,12,17,7.6
1481535,30,Netherlands,male,235,10,253,25,2,10,5.57
1481712,31,Zimbabwe,female,162,9,240,10,0,5,4.05
1481712,38,United States of America,female,163,3,229,8,0,16,4.27
1481713,31,Zimbabwe,female,270,3,300,30,0,12,5.4
1481713,38,United States of America,female,142,10,254,4,0,24,3.35
1482564,27,United States of America,male,361,3,300,32,9,13,7.22
1482564,34,Canada,male,192,10,278,17,3,8,4.14
1482565,29,Oman,male,217,6,300,12,4,14,4.34
1482565,34,Canada,male,202,10,294,19,1,9,4.12
1482566,29,Oman,male,266,10,298,19,8,7,5.36
1482566,27,United States of America,male,266,9,300,15,7,13,5.32
1482567,34,Canada,male,212,10,292,19,2,7,4.36
1482567,29,Oman,male,108,3,139,13,0,6,4.66
1482568,27,United States of America,male,286,9,300,25,6,13,5.72
1482568,34,Canada,male,198,10,277,15,3,3,4.29
1482569,27,United States of America,male,293,8,300,23,6,10,5.86
1482569,29,Oman,male,284,9,300,23,6,6,5.68
1485505,11,Sri Lanka,male,244,10,296,23,5,8,4.95
1485505,8,Bangladesh,male,167,10,215,19,5,11,4.66
1485506,8,Bangladesh,male,248,10,275,18,6,17,5.41
1485506,11,Sri Lanka,male,232,10,293,26,3,5,4.75
1485507,11,Sri Lanka,male,285,7,300,38,0,5,5.7
1485507,8,Bangladesh,male,186,10,238,19,3,9,4.69
1486772,4,Scotland,male,296,7,300,25,6,19,5.92
1486772,26,Nepal,male,297,9,300,23,7,18,5.94
1486773,30,Netherlands,male,225,10,295,13,0,22,4.58
1486773,26,Nepal,male,226,5,283,20,3,21,4.79
1486774,4,Scotland,male,262,9,300,23,7,12,5.24
1486774,30,Netherlands,male,218,10,270,21,4,6,4.84
1486775,4,Scotland,male,323,6,300,29,10,11,6.46
1486775,26,Nepal,male,321,10,300,23,6,27,6.42
1486776,26,Nepal,male,236,9,300,15,3,12,4.72
1486776,30,Netherlands,male,210,10,296,14,3,17,4.26
1486777,4,Scotland,male,369,6,300,26,16,22,7.38
1486777,30,Netherlands,male,374,6,296,33,9,15,7.58
1488248,23,India,female,281,7,300,24,6,10,5.62
1488248,17,Australia,female,282,2,265,37,1,6,6.38
1488249,23,India,female,292,10,299,30,4,15,5.86
1488249,17,Australia,female,190,10,245,16,0,15,4.65
1488250,17,Australia,female,412,10,287,60,5,11,8.61
1488250,23,India,female,369,10,282,39,7,20,7.85
1490231,3,New Zealand,male,300,8,300,27,4,7,6.0
1490231,7,India,male,306,6,294,22,8,13,6.24
1490232,7,India,male,284,7,300,27,3,10,5.68
1490232,3,New Zealand,male,286,3,285,23,3,10,6.02
1490233,3,New Zealand,male,337,8,300,33,11,8,6.74
1490233,7,India,male,296,10,276,24,9,8,6.43
1490413,23,India,female,269,8,282,23,4,15,5.72
1490413,18,Sri Lanka,female,211,10,274,21,4,14,4.62
1490414,17,Australia,female,326,10,297,41,4,14,6.59
1490414,19,New Zealand,female,237,10,260,28,4,13,5.47
1490415,20,Pakistan,female,129,10,231,15,0,9,3.35
1490415,15,Bangladesh,female,131,3,187,20,0,18,4.2
1490416,16,South Africa,female,69,10,124,8,0,8,3.34
1490416,21,England,female,73,0,85,9,0,12,5.15
1490418,23,India,female,247,10,300,28,3,7,4.94
1490418,20,Pakistan,female,159,10,258,15,1,8,3.7
1490419,19,New Zealand,female,231,10,287,25,0,21,4.83
1490419,16,South Africa,female,234,4,245,31,2,16,5.73
1490420,15,Bangladesh,female,178,10,298,21,1,17,3.58
1490420,21,England,female,182,6,277,20,1,9,3.94
1490421,17,Australia,female,221,9,300,18,3,8,4.42
1490421,20,Pakistan,female,114,10,219,11,0,19,3.12
1490422,23,India,female,251,10,299,25,5,25,5.04
1490422,16,South Africa,female,252,7,293,26,6,8,5.16
1490423,19,New Zealand,female,227,9,300,19,4,6,4.54
1490423,15,Bangladesh,female,127,10,239,8,0,30,3.19
1490424,21,England,female,253,9,300,21,2,5,5.06
1490424,18,Sri Lanka,female,164,10,274,15,0,24,3.59
1490425,23,India,female,330,10,293,36,7,24,6.76
1490425,17,Australia,female,331,7,294,42,6,9,6.76
1490426,15,Bangladesh,female,232,6,300,23,3,16,4.64
1490426,16,South Africa,female,235,7,297,26,3,5,4.75
1490427,18,Sri Lanka,female,258,6,300,27,1,21,5.16
1490428,21,England,female,133,9,186,16,0,10,4.29
1490428,20,Pakistan,female,34,0,40,5,0,6,5.1
1490429,15,Bangladesh,female,198,9,300,23,0,28,3.96
1490429,17,Australia,female,202,0,149,32,1,5,8.13
1490430,18,Sri Lanka,female,105,7,120,12,1,10,5.25
1490430,16,South Africa,female,125,0,89,12,2,10,8.43
1490431,20,Pakistan,female,92,5,150,9,0,12,3.68
1490432,21,England,female,288,8,300,33,1,13,5.76
1490432,23,India,female,284,6,300,32,0,10,5.68
1490433,18,Sri Lanka,female,202,10,292,23,5,4,4.15
1490433,15,Bangladesh,female,195,9,300,12,1,11,3.9
1490434,16,South Africa,female,312,9,240,31,11,22,7.8
1490434,20,Pakistan,female,83,7,120,9,0,9,4.15
1490435,21,England,female,244,9,300,28,1,13,4.88
1490435,17,Australia,female,248,4,243,30,1,6,6.12
1490436,23,India,female,340,3,294,36,6,19,6.94
1490436,19,New Zealand,female,271,8,264,31,4,6,6.16
1490437,20,Pakistan,female,18,0,26,1,0,2,4.15
1490438,16,South Africa,female,97,10,144,19,0,1,4.04
1490438,17,Australia,female,98,3,101,16,0,3,5.82
1490439,19,New Zealand,female,168,10,230,19,1,8,4.38
1490439,21,England,female,172,2,176,20,2,11,5.86
1490440,15,Bangladesh,female,119,9,162,9,1,8,4.41
1490440,23,India,female,57,0,52,8,0,8,6.58
1490441,16,South Africa,female,319,7,300,35,7,13,6.38
1490441,21,England,female,194,10,255,23,1,6,4.56
1490442,17,Australia,female,338,10,299,34,9,13,6.78
1490442,23,India,female,341,5,291,35,5,26,7.03
1490443,23,India,female,298,7,300,25,5,15,5.96
1490443,16,South Africa,female,246,10,273,23,4,14,5.41
1491702,19,New Zealand,female,354,3,300,47,1,21,7.08
1491702,31,Zimbabwe,female,174,10,285,10,1,30,3.66
1491703,31,Zimbabwe,female,102,10,175,10,0,19,3.5
1491703,19,New Zealand,female,106,2,98,15,1,7,6.49
1491704,19,New Zealand,female,303,6,300,36,1,12,6.06
1491704,31,Zimbabwe,female,103,10,163,11,1,15,3.79
1491710,19,New Zealand,female,268,10,300,29,0,14,5.36
1491710,16,South Africa,female,269,8,300,28,2,17,5.38
1491711,16,South Africa,female,346,6,300,40,5,21,6.92
1491711,19,New Zealand,female,350,8,298,41,2,17,7.05
1491712,19,New Zealand,female,306,7,300,31,1,25,6.12
1491712,16,South Africa,female,240,10,277,21,2,12,5.2
1491720,10,England,male,223,10,212,18,12,17,6.31
1491720,3,New Zealand,male,224,6,220,22,4,17,6.11
1491721,10,England,male,175,10,216,13,6,2,4.86
1491721,3,New Zealand,male,177,5,199,19,6,5,5.34
1491722,10,England,male,222,10,242,27,7,14,5.5
1491722,3,New Zealand,male,226,8,268,22,5,17,5.06
1491728,3,New Zealand,male,269,7,300,25,4,10,5.38
1491728,13,West Indies,male,262,6,300,14,8,25,5.24
1491729,13,West Indies,male,247,9,204,21,11,18,7.26
1491729,3,New Zealand,male,248,5,201,24,10,7,7.4
1491730,13,West Indies,male,161,10,218,13,7,10,4.43
1491730,3,New Zealand,male,162,6,183,23,2,9,5.31
1492821,11,Sri Lanka,male,298,6,300,30,5,16,5.96
1492821,6,Zimbabwe,male,291,8,300,25,2,20,5.82
1492822,6,Zimbabwe,male,277,7,300,23,2,22,5.54
1492822,11,Sri Lanka,male,278,5,297,30,0,11,5.62
1496542,19,New Zealand,female,210,10,292,17,0,12,4.32
1496542,21,England,female,211,9,290,15,0,17,4.37
1496544,21,England,female,181,7,198,16,0,19,5.48
1496544,19,New Zealand,female,141,4,148,15,0,20,5.72
1496552,24,Ireland,female,281,5,300,26,1,33,5.62
1496552,21,England,female,283,4,229,36,1,19,7.41
1496579,10,England,male,258,10,287,23,5,18,5.39
1496579,7,India,male,262,4,272,24,3,21,5.78
1496580,7,India,male,233,10,264,23,4,14,5.3
1496580,10,England,male,235,6,265,22,3,20,5.32
1496581,10,England,male,387,3,300,42,6,26,7.74
1496581,7,India,male,360,7,300,38,10,10,7.2
1498181,34,Canada,male,219,10,295,17,5,13,4.45
1498181,28,Namibia,male,220,5,290,13,3,15,4.55
1498183,34,Canada,male,184,10,289,14,5,14,3.82
1498183,4,Scotland,male,187,3,251,14,5,18,4.47
1498184,28,Namibia,male,261,8,300,15,8,23,5.22
1498184,34,Canada,male,237,10,291,20,5,20,4.89
1498185,4,Scotland,male,164,10,144,10,8,14,6.83
1498185,28,Namibia,male,109,10,128,5,4,12,5.11
1500387,20,Pakistan,female,255,4,300,28,0,17,5.1
1500387,16,South Africa,female,259,2,290,30,2,3,5.36
1500388,16,South Africa,female,292,3,276,30,4,17,6.35
1500388,20,Pakistan,female,287,10,268,29,0,10,6.43
1500389,16,South Africa,female,115,10,155,19,0,5,4.45
1500389,20,Pakistan,female,117,4,186,16,0,7,3.77
1501898,9,South Africa,male,263,10,295,25,6,14,5.35
1501898,2,Pakistan,male,264,8,298,22,5,20,5.32
1501899,2,Pakistan,male,269,9,300,19,8,16,5.38
1501899,9,South Africa,male,270,2,241,25,11,8,6.72
1501900,9,South Africa,male,143,10,227,13,2,3,3.78
1501900,2,Pakistan,male,144,3,151,20,2,3,5.72
1502167,2,Pakistan,male,299,5,300,26,3,24,5.98
1502167,11,Sri Lanka,male,293,9,300,28,3,31,5.86
1502168,11,Sri Lanka,male,288,8,300,23,4,23,5.76
1502168,2,Pakistan,male,289,2,290,26,3,25,5.98
1502169,11,Sri Lanka,male,211,10,272,19,1,12,4.65
1502169,2,Pakistan,male,215,4,268,17,0,17,4.81
1503561,39,United Arab Emirates,female,222,5,300,17,0,23,4.44
1503561,31,Zimbabwe,female,186,10,279,14,0,20,4.0
1503562,39,United Arab Emirates,female,160,10,245,14,0,20,3.92
1503562,31,Zimbabwe,female,161,4,242,17,0,15,3.99
1503563,31,Zimbabwe,female,203,7,300,15,0,9,4.06
1503563,39,United Arab Emirates,female,168,8,300,12,0,29,3.36
1503564,39,United Arab Emirates,female,274,7,300,20,0,42,5.48
1503564,31,Zimbabwe,female,229,7,300,12,0,9,4.58
1505122,8,Bangladesh,male,207,10,298,13,3,9,4.17
1505122,13,West Indies,male,133,10,234,11,2,6,3.41
1505123,8,Bangladesh,male,213,7,300,15,7,10,4.26
1505123,13,West Indies,male,213,9,300,16,2,9,4.26
1505124,8,Bangladesh,male,296,8,300,17,14,10,5.92
1505124,13,West Indies,male,117,10,181,9,3,4,3.88
1506450,37,Papua New Guinea,female,93,10,200,7,0,6,2.79
1506450,39,United Arab Emirates,female,97,5,199,8,0,15,2.92
1506451,39,United Arab Emirates,female,143,10,274,12,0,14,3.13
1506451,37,Papua New Guinea,female,146,7,257,12,0,24,3.41
1506452,39,United Arab Emirates,female,193,7,300,19,0,15,3.86
1506452,37,Papua New Guinea,female,33,9,94,5,0,5,2.11
1506453,37,Papua New Guinea,female,210,9,300,17,3,21,4.2
1506453,39,United Arab Emirates,female,132,10,256,13,0,9,3.09
1507716,11,Sri Lanka,male,271,6,300,26,4,20,5.42
1507716,10,England,male,252,10,296,21,4,15,5.11
1507717,11,Sri Lanka,male,219,10,297,17,1,7,4.42
1507717,10,England,male,223,5,278,14,2,7,4.81
1507718,10,England,male,357,3,300,31,10,14,7.14
1507718,11,Sri Lanka,male,304,10,280,30,6,2,6.51
1507884,27,United States of America,male,262,6,300,21,6,8,5.24
1507884,26,Nepal,male,156,10,235,11,2,12,3.98
1507885,22,United Arab Emirates,male,211,9,300,15,5,13,4.22
1507885,27,United States of America,male,213,6,295,19,1,5,4.33
1507886,26,Nepal,male,233,10,300,14,3,7,4.66
1507886,22,United Arab Emirates,male,237,5,261,21,8,13,5.45
1507887,26,Nepal,male,271,10,299,12,8,6,5.44
1507887,27,United States of America,male,273,6,294,17,8,8,5.57
1507888,27,United States of America,male,292,3,300,24,4,10,5.84
1507888,22,United Arab Emirates,male,49,10,133,3,1,10,2.21
1507889,26,Nepal,male,239,9,300,20,4,21,4.78
1507889,22,United Arab Emirates,male,243,6,295,16,8,4,4.94
1523978,18,Sri Lanka,female,240,6,300,19,1,12,4.8
1523978,25,West Indies,female,230,10,298,22,1,12,4.63
1523979,18,Sri Lanka,female,208,10,283,19,2,14,4.41
1523979,25,West Indies,female,194,10,288,18,0,8,4.04
1523980,18,Sri Lanka,female,217,7,300,20,0,9,4.34
1523980,25,West Indies,female,218,4,276,16,2,22,4.74
1525652,2,Pakistan,male,114,10,184,17,1,5,3.72
1525652,8,Bangladesh,male,115,2,91,12,5,14,7.58
1525653,2,Pakistan,male,274,10,285,23,8,14,5.77
1525653,8,Bangladesh,male,114,10,141,10,2,3,4.85
1525654,8,Bangladesh,male,290,5,300,17,8,26,5.8
1525654,2,Pakistan,male,279,10,300,26,8,9,5.58
1526567,17,Australia,female,341,10,299,31,10,20,6.84
1526567,25,West Indies,female,238,8,300,19,1,14,4.76
1526568,17,Australia,female,269,7,300,21,1,11,5.38
1526568,25,West Indies,female,179,10,276,19,1,11,3.89
1526569,25,West Indies,female,136,10,214,9,2,4,3.81
1526569,17,Australia,female,137,1,118,13,2,13,6.97
1528272,3,New Zealand,male,247,8,300,23,0,18,4.94
1528272,8,Bangladesh,male,221,10,291,13,3,22,4.56
1528273,3,New Zealand,male,198,10,292,22,0,10,4.07
1528273,8,Bangladesh,male,199,4,213,24,7,12,5.61
1528274,8,Bangladesh,male,265,8,300,19,4,6,5.3
1528274,3,New Zealand,male,210,10,269,10,8,10,4.68
1528279,18,Sri Lanka,female,205,9,300,21,0,8,4.1
1528279,15,Bangladesh,female,206,7,291,25,1,21,4.25
1528280,15,Bangladesh,female,165,10,275,16,0,5,3.6
1528280,18,Sri Lanka,female,166,6,230,24,0,15,4.33
1528281,15,Bangladesh,female,213,8,300,19,0,10,4.26
1528281,18,Sri Lanka,female,214,3,279,30,0,7,4.6
1528544,24,Ireland,female,269,10,294,25,5,21,5.49
1528544,25,West Indies,female,270,1,232,35,2,18,6.98
1528545,24,Ireland,female,241,7,300,28,0,8,4.82
1528545,25,West Indies,female,242,4,233,32,3,14,6.23
1528546,25,West Indies,female,257,10,300,26,0,31,5.14
1528546,24,Ireland,female,193,10,259,23,2,13,4.47
1529140,28,Namibia,male,268,7,300,16,7,8,5.36
1529140,29,Oman,male,274,7,295,26,3,11,5.57
1529141,28,Namibia,male,189,8,280,15,2,8,4.05
1529142,29,Oman,male,163,7,120,13,4,16,8.15
1529142,4,Scotland,male,151,9,120,11,6,5,7.55
1529143,29,Oman,male,218,9,300,18,1,14,4.36
1529143,28,Namibia,male,223,9,297,15,5,8,4.51
1529144,28,Namibia,male,198,10,294,13,4,15,4.04
1529144,4,Scotland,male,199,3,228,16,7,13,5.24
1531696,26,Nepal,male,200,10,290,18,3,8,4.14
1531696,22,United Arab Emirates,male,163,10,290,14,2,3,3.37
1531697,22,United Arab Emirates,male,268,7,300,21,6,9,5.36
1531697,29,Oman,male,243,10,287,24,5,9,5.08
1531698,29,Oman,male,305,8,300,29,9,7,6.1
1531698,26,Nepal,male,155,7,221,14,1,6,4.21
1531699,26,Nepal,male,289,7,300,30,3,28,5.78
1531699,22,United Arab Emirates,male,248,8,228,17,12,8,6.53
1531700,22,United Arab Emirates,male,308,8,282,22,13,18,6.55
1531700,29,Oman,male,254,10,239,20,11,14,6.38
1531701,26,Nepal,male,256,10,299,15,9,9,5.14
1531701,29,Oman,male,175,10,239,13,7,16,4.39
1531702,4,Scotland,male,243,8,300,23,4,16,4.86
1531702,26,Nepal,male,218,7,234,14,7,10,5.59
1531703,4,Scotland,male,321,6,282,26,13,16,6.83
1531703,27,United States of America,male,246,8,192,24,10,7,7.69
1531704,27,United States of America,male,195,10,261,15,7,6,4.48
1531704,26,Nepal,male,199,1,220,22,4,1,5.43
1531705,4,Scotland,male,194,10,235,17,8,7,4.95
1531705,26,Nepal,male,199,4,229,17,7,3,5.21
1531706,4,Scotland,male,169,10,261,12,6,6,3.89
1531706,27,United States of America,male,170,4,163,17,6,7,6.26
1531707,26,Nepal,male,317,8,300,26,9,17,6.34
1531707,27,United States of America,male,195,10,248,18,6,10,4.72
1532480,8,Bangladesh,male,284,8,300,28,6,6,5.68
1532480,1,Australia,male,191,9,254,18,2,18,4.51
1532481,1,Australia,male,187,8,252,13,5,6,4.45
1532481,8,Bangladesh,male,195,5,210,19,4,13,5.57
1532482,8,Bangladesh,male,274,5,300,22,4,29,5.48
1532482,1,Australia,male,277,9,297,23,8,6,5.6
1534071,20,Pakistan,female,330,5,300,40,2,43,6.6
1534071,31,Zimbabwe,female,162,10,220,23,0,12,4.42
1534072,20,Pakistan,female,343,4,300,38,3,13,6.86
1534072,31,Zimbabwe,female,137,10,234,19,0,16,3.51
1534073,31,Zimbabwe,female,222,9,300,29,0,9,4.44
1534073,20,Pakistan,female,225,1,191,30,0,25,7.07
1535645,1,Australia,male,200,10,265,19,1,13,4.53
1535645,2,Pakistan,male,202,5,255,19,2,7,4.75
1535646,1,Australia,male,231,9,300,14,4,23,4.62
1535646,2,Pakistan,male,190,10,264,15,3,10,4.32
1535647,1,Australia,male,157,10,252,13,1,13,3.74
1535647,2,Pakistan,male,161,6,251,13,0,9,3.85
1538298,6,Zimbabwe,male,141,10,220,14,1,10,3.85
1538298,8,Bangladesh,male,116,10,199,9,1,12,3.5
1538299,6,Zimbabwe,male,247,6,300,19,5,13,4.94
1538299,8,Bangladesh,male,234,10,289,22,1,17,4.86
1538300,6,Zimbabwe,male,199,10,289,13,4,13,4.13
1538300,8,Bangladesh,male,200,3,216,17,5,19,5.56
1538304,11,Sri Lanka,male,303,7,300,23,9,20,6.06
1538304,13,West Indies,male,262,10,296,18,5,17,5.31
1538425,34,Canada,male,231,8,270,19,7,13,5.13
1538425,27,United States of America,male,235,2,239,19,5,11,5.9
1538426,30,Netherlands,male,196,8,300,11,2,11,3.92
1538426,27,United States of America,male,175,10,287,12,3,12,3.66
1538427,30,Netherlands,male,214,10,288,15,1,15,4.46
1538427,34,Canada,male,218,8,299,16,3,9,4.37
1538428,34,Canada,male,275,8,300,18,5,23,5.5
1538428,27,United States of America,male,276,5,300,15,7,15,5.52
1538430,30,Netherlands,male,15,1,25,1,0,1,3.6
1538624,3,New Zealand,male,267,10,299,19,3,18,5.36
1538624,13,West Indies,male,268,3,293,21,7,15,5.49
1538625,13,West Indies,male,138,10,216,7,3,10,3.83
1538625,3,New Zealand,male,141,5,196,15,0,7,4.32
1538626,13,West Indies,male,140,9,223,11,2,6,3.77
1538626,3,New Zealand,male,141,4,237,14,0,6,3.57
1538627,13,West Indies,male,188,10,268,17,2,8,4.21
1538627,3,New Zealand,male,189,9,265,17,6,5,4.28
1538628,3,New Zealand,male,268,9,300,22,5,17,5.36
1538628,13,West Indies,male,269,8,285,15,13,7,5.66
1540540,18,Sri Lanka,female,210,9,300,18,0,10,4.2
1540540,20,Pakistan,female,211,5,258,23,1,11,4.91
1540541,20,Pakistan,female,273,5,300,33,2,7,5.46
1540541,18,Sri Lanka,female,275,2,281,25,1,11,5.87
1540542,20,Pakistan,female,187,10,240,18,1,18,4.67
1540542,18,Sri Lanka,female,191,2,224,28,2,6,5.12
1544124,26,Nepal,male,157,10,281,7,2,15,3.35
1544124,28,Namibia,male,159,2,226,12,1,12,4.22
1544125,26,Nepal,male,157,10,268,10,2,13,3.51
1544125,30,Netherlands,male,158,4,265,8,1,11,3.58
1544126,30,Netherlands,male,251,6,300,13,4,8,5.02
1544126,28,Namibia,male,193,10,287,8,3,9,4.03
1544127,28,Namibia,male,211,7,300,10,1,10,4.22
1544127,26,Nepal,male,208,6,300,16,1,13,4.16
1544128,30,Netherlands,male,225,9,300,10,0,17,4.5
1544128,26,Nepal,male,168,10,288,6,2,15,3.5
1544129,30,Netherlands,male,183,10,293,7,1,16,3.75
1544129,28,Namibia,male,186,4,246,14,2,11,4.54
1546000,4,Scotland,male,281,7,300,22,7,16,5.62
1546000,34,Canada,male,272,10,296,21,5,27,5.51
1546001,22,United Arab Emirates,male,231,8,240,22,5,13,5.78
1546001,4,Scotland,male,235,9,239,19,5,9,5.9
1546002,22,United Arab Emirates,male,282,6,300,26,2,18,5.64
1546002,34,Canada,male,185,9,202,18,9,19,5.5
1546003,4,Scotland,male,347,7,300,39,10,21,6.94
1546003,34,Canada,male,177,10,210,18,3,7,5.06
1549210,33,Thailand,female,237,8,300,15,0,11,4.74
1549210,37,Papua New Guinea,female,116,10,213,8,0,13,3.27
1549211,33,Thailand,female,191,10,285,12,0,8,4.02
1549211,37,Papua New Guinea,female,151,10,276,8,0,13,3.28
1549212,37,Papua New Guinea,female,122,10,282,9,0,6,2.6
1549212,33,Thailand,female,126,5,162,16,0,5,4.67
1549973,32,Netherlands,female,129,9,192,8,0,7,4.03
1549973,36,Scotland,female,130,1,98,16,0,19,7.96
208835,13,West Indies,male,152,7,300,13,0,6,3.04
208835,9,South Africa,male,124,2,160,7,2,7,4.65
209339,13,West Indies,male,138,7,120,11,3,8,6.9
209339,9,South Africa,male,141,3,115,10,2,8,7.36
209582,2,Pakistan,male,192,10,267,7,0,12,4.31
209582,13,West Indies,male,133,10,272,9,0,11,2.93
209768,2,Pakistan,male,303,6,300,23,6,8,6.06
209768,13,West Indies,male,281,10,297,23,1,18,5.68
211244,8,Bangladesh,male,190,10,272,15,3,12,4.19
211244,10,England,male,192,0,149,26,1,10,7.73
211364,1,Australia,male,249,5,300,19,1,13,4.98
211364,8,Bangladesh,male,250,5,296,26,1,22,5.07
211678,1,Australia,male,266,5,300,19,2,25,5.32
211678,10,England,male,209,9,300,20,0,17,4.18
211824,8,Bangladesh,male,139,10,212,9,2,16,3.93
211824,1,Australia,male,140,0,113,16,3,8,7.43
211860,8,Bangladesh,male,208,7,300,16,0,14,4.16
211860,10,England,male,209,5,233,16,4,7,5.38
212020,1,Australia,male,261,9,300,27,2,10,5.22
212020,10,England,male,37,1,36,6,0,1,6.17
212253,8,Bangladesh,male,250,8,300,18,2,23,5.0
212253,1,Australia,male,254,4,289,22,3,11,5.27
212452,1,Australia,male,196,10,293,18,1,22,4.01
212452,10,England,male,196,9,300,12,3,19,3.92
213288,10,England,male,228,7,300,22,2,10,4.56
213288,1,Australia,male,229,2,209,33,2,10,6.57
214742,13,West Indies,male,178,10,286,12,3,13,3.73
214742,7,India,male,180,4,216,22,1,24,5.0
214852,11,Sri Lanka,male,241,6,300,17,1,21,4.82
214852,13,West Indies,male,191,10,271,26,2,17,4.23
215134,13,West Indies,male,226,7,300,17,2,16,4.52
215134,11,Sri Lanka,male,193,10,282,20,0,20,4.11
216271,40,Africa XI,male,198,10,267,14,1,24,4.45
216271,41,Asia XI,male,196,10,289,21,1,22,4.07
216669,40,Africa XI,male,106,10,197,11,0,11,3.23
216669,41,Asia XI,male,8,2,18,1,0,2,2.67
217481,7,India,male,226,6,300,16,5,18,4.52
217481,6,Zimbabwe,male,65,10,147,8,0,9,2.65
217647,11,Sri Lanka,male,269,9,300,28,0,28,5.38
217647,8,Bangladesh,male,181,9,300,20,0,19,3.62
217648,3,New Zealand,male,238,10,295,16,3,19,4.84
217648,6,Zimbabwe,male,211,10,292,12,5,20,4.34
217979,6,Zimbabwe,male,250,10,300,25,6,19,5.0
217979,7,India,male,255,6,289,20,4,13,5.29
218250,7,India,male,276,10,297,29,2,22,5.58
218250,3,New Zealand,male,278,4,289,31,2,16,5.77
221083,1,Australia,male,328,4,300,22,6,10,6.56
221083,42,ICC World XI,male,273,10,273,26,3,10,6.0
221337,1,Australia,male,293,5,300,22,3,15,5.86
221337,42,ICC World XI,male,137,10,167,14,2,24,4.92
223018,7,India,male,350,6,300,33,9,13,7.0
223018,11,Sri Lanka,male,198,10,214,22,6,10,5.55
223334,11,Sri Lanka,male,122,10,214,13,0,10,3.42
223334,7,India,male,123,2,122,16,1,7,6.05
223335,9,South Africa,male,201,9,299,20,1,9,4.03
223335,3,New Zealand,male,182,10,287,17,2,12,3.8
223542,3,New Zealand,male,243,9,300,23,2,15,4.86
223542,9,South Africa,male,245,6,296,22,4,4,4.97
223902,11,Sri Lanka,male,261,10,299,30,0,20,5.24
223902,7,India,male,262,6,274,24,4,8,5.74
224044,9,South Africa,male,79,2,120,11,0,10,3.95
224227,3,New Zealand,male,215,10,297,21,4,14,4.34
224227,9,South Africa,male,140,5,169,22,0,11,4.97
224231,7,India,male,285,8,300,25,2,17,5.7
224231,11,Sri Lanka,male,286,5,286,29,0,19,6.0
224556,11,Sri Lanka,male,196,10,257,29,0,3,4.58
224556,7,India,male,197,3,209,25,3,11,5.66
225171,10,England,male,301,7,300,24,1,30,6.02
225171,14,Ireland,male,263,9,300,21,1,32,5.26
225245,10,England,male,202,10,296,20,0,20,4.09
225245,2,Pakistan,male,46,1,42,5,0,11,6.57
225246,10,England,male,166,10,235,14,1,13,4.24
225246,2,Pakistan,male,169,3,220,17,0,12,4.61
225247,10,England,male,271,9,300,27,0,8,5.42
225247,2,Pakistan,male,274,8,293,25,4,23,5.61
225248,2,Pakistan,male,235,8,300,17,7,24,4.7
225248,10,England,male,237,2,278,29,0,19,5.12
225249,2,Pakistan,male,154,9,300,8,1,24,3.08
225249,10,England,male,155,7,186,24,0,16,5.0
225250,11,Sri Lanka,male,257,9,300,19,1,42,5.14
225250,10,England,male,237,9,300,16,1,12,4.74
225251,11,Sri Lanka,male,319,8,300,30,4,33,6.38
225251,10,England,male,273,10,280,22,5,12,5.85
225252,10,England,male,261,7,300,23,1,14,5.22
225252,11,Sri Lanka,male,265,2,254,35,1,17,6.26
225253,11,Sri Lanka,male,318,7,300,26,3,30,6.36
225253,10,England,male,285,10,291,26,4,10,5.88
225254,10,England,male,321,7,300,30,2,26,6.42
225254,11,Sri Lanka,male,324,2,225,39,5,28,8.64
225437,11,Sri Lanka,male,244,9,300,23,2,29,4.88
225437,7,India,male,245,5,237,30,5,12,6.2
225959,7,India,male,249,9,300,24,5,11,4.98
225959,9,South Africa,male,252,5,293,27,0,24,5.16
226352,10,England,male,327,4,300,30,5,13,6.54
226352,2,Pakistan,male,285,10,281,22,3,12,6.09
226354,2,Pakistan,male,353,6,300,36,6,19,7.06
226354,10,England,male,188,10,252,20,0,13,4.48
226356,10,England,male,206,9,300,17,2,22,4.12
226356,2,Pakistan,male,200,9,300,18,1,14,4.0
226359,9,South Africa,male,221,6,300,15,1,14,4.42
226359,7,India,male,224,5,285,29,1,12,4.72
226364,1,Australia,male,252,8,300,20,6,18,5.04
226364,3,New Zealand,male,105,10,166,8,2,10,3.8
226375,1,Australia,male,228,10,299,17,4,14,4.58
226375,9,South Africa,male,231,5,293,21,2,18,4.73
226376,1,Australia,male,245,10,296,23,0,23,4.97
226376,9,South Africa,male,186,10,282,11,6,6,3.96
226377,1,Australia,male,281,7,300,24,2,8,5.62
226377,9,South Africa,male,201,9,300,14,1,7,4.02
226378,1,Australia,male,344,6,300,33,1,13,6.88
226378,9,South Africa,male,287,6,300,22,6,11,5.74
226380,11,Sri Lanka,male,309,7,300,24,4,14,6.18
226380,1,Australia,male,258,10,300,24,1,11,5.16
226381,11,Sri Lanka,male,218,8,300,10,3,19,4.36
226381,1,Australia,male,219,5,291,16,1,9,4.52
226382,11,Sri Lanka,male,233,8,300,11,0,21,4.66
226382,1,Australia,male,237,4,246,21,4,10,5.78
226383,11,Sri Lanka,male,282,6,300,26,1,26,5.64
226383,9,South Africa,male,188,10,266,15,2,4,4.24
226384,9,South Africa,male,263,5,300,14,3,17,5.26
226384,11,Sri Lanka,male,254,8,300,16,2,13,5.08
226385,11,Sri Lanka,male,221,10,286,19,4,15,4.64
226385,9,South Africa,male,224,5,271,15,4,11,4.96
226386,11,Sri Lanka,male,257,9,300,16,2,24,5.14
226386,9,South Africa,male,181,10,262,10,0,8,4.15
226390,11,Sri Lanka,male,164,10,284,14,1,11,3.46
226390,3,New Zealand,male,166,3,224,20,2,5,4.45
226391,11,Sri Lanka,male,255,7,300,27,0,16,5.1
226391,3,New Zealand,male,256,5,288,18,4,26,5.33
226392,3,New Zealand,male,224,9,300,19,2,13,4.48
226392,11,Sri Lanka,male,203,10,280,21,0,5,4.35
235831,7,India,male,328,10,298,41,4,16,6.6
235831,2,Pakistan,male,311,7,282,38,4,12,6.62
236358,11,Sri Lanka,male,274,8,300,12,7,13,5.48
236358,1,Australia,male,252,10,295,14,2,21,5.13
236520,2,Pakistan,male,265,10,296,30,1,9,5.37
236520,7,India,male,266,3,259,31,3,14,6.16
236595,1,Australia,male,368,5,300,33,7,7,7.36
236595,11,Sri Lanka,male,201,10,216,23,3,9,5.58
236809,2,Pakistan,male,288,8,300,30,3,22,5.76
236809,7,India,male,292,5,286,43,1,22,6.13
236963,11,Sri Lanka,male,266,9,300,19,1,5,5.32
236963,1,Australia,male,267,1,273,23,4,10,5.87
237222,2,Pakistan,male,161,10,251,16,0,17,3.85
237222,7,India,male,162,5,195,27,0,8,4.98
237568,3,New Zealand,male,288,9,300,24,1,23,5.76
237568,13,West Indies,male,207,10,285,15,3,9,4.36
237571,2,Pakistan,male,286,8,299,22,4,21,5.74
237571,7,India,male,287,2,281,32,4,15,6.13
237574,8,Bangladesh,male,118,10,215,8,2,10,3.29
237574,11,Sri Lanka,male,119,5,146,13,1,13,4.89
238169,11,Sri Lanka,male,212,10,294,13,3,11,4.33
238169,8,Bangladesh,male,213,6,282,23,1,14,4.53
238170,11,Sri Lanka,male,309,7,300,28,7,8,6.18
238170,8,Bangladesh,male,231,9,300,28,2,10,4.62
238173,8,Bangladesh,male,195,10,282,13,2,27,4.15
238173,1,Australia,male,196,6,265,15,6,17,4.44
238174,1,Australia,male,250,5,300,19,3,12,5.0
238174,8,Bangladesh,male,183,10,288,13,0,12,3.81
238175,8,Bangladesh,male,124,10,255,9,0,19,2.92
238175,1,Australia,male,127,1,136,13,2,7,5.6
238176,13,West Indies,male,200,9,300,17,3,10,4.0
238176,3,New Zealand,male,204,7,252,15,2,25,4.86
238177,3,New Zealand,male,276,6,300,19,7,23,5.52
238177,13,West Indies,male,255,10,294,24,6,5,5.2
238178,3,New Zealand,male,324,6,300,24,10,18,6.48
238178,13,West Indies,male,233,8,300,15,1,16,4.66
238179,3,New Zealand,male,233,10,297,17,0,13,4.71
238179,13,West Indies,male,234,7,298,20,3,3,4.71
238188,7,India,male,203,10,280,23,2,21,4.35
238188,10,England,male,164,10,229,25,2,7,4.3
238189,10,England,male,226,10,299,16,2,13,4.54
238189,7,India,male,230,6,293,23,1,21,4.71
238190,7,India,male,294,6,300,27,6,19,5.88
238190,10,England,male,245,10,293,24,3,7,5.02
238193,7,India,male,223,10,288,20,4,18,4.65
238193,10,England,male,227,5,256,24,1,27,5.32
238194,10,England,male,288,10,299,31,5,21,5.78
238194,7,India,male,289,3,295,29,2,17,5.88
238196,1,Australia,male,229,8,282,16,5,14,4.87
238196,9,South Africa,male,207,4,225,23,2,7,5.52
238197,9,South Africa,male,289,7,300,26,9,11,5.78
238197,1,Australia,male,93,10,207,10,1,3,2.7
238198,1,Australia,male,254,6,300,15,5,10,5.08
238198,9,South Africa,male,230,10,284,20,5,8,4.86
238199,9,South Africa,male,246,9,300,23,3,11,4.92
238199,1,Australia,male,247,9,295,30,3,13,5.02
238200,1,Australia,male,434,4,300,43,14,19,8.68
238200,9,South Africa,male,438,9,299,44,12,20,8.79
238213,2,Pakistan,male,201,8,300,10,2,13,4.02
238214,11,Sri Lanka,male,130,10,266,9,0,14,2.93
238214,2,Pakistan,male,134,6,268,6,1,19,3.0
238215,11,Sri Lanka,male,224,10,298,21,0,12,4.51
238215,2,Pakistan,male,229,6,272,28,1,14,5.05
239907,6,Zimbabwe,male,151,9,299,13,0,14,3.03
239907,13,West Indies,male,154,5,230,12,2,16,4.02
239908,13,West Indies,male,242,9,300,16,5,14,4.84
239908,6,Zimbabwe,male,144,10,277,14,0,21,3.12
239911,6,Zimbabwe,male,152,10,296,12,3,11,3.08
239911,13,West Indies,male,156,0,166,21,1,7,5.64
239912,13,West Indies,male,263,6,300,22,4,17,5.26
239912,6,Zimbabwe,male,72,2,73,4,1,16,5.92
239913,13,West Indies,male,266,8,299,16,6,18,5.34
239913,6,Zimbabwe,male,162,10,294,11,0,24,3.31
239916,13,West Indies,male,198,9,300,18,1,13,3.96
239916,7,India,male,197,10,298,14,1,17,3.97
239917,7,India,male,245,9,300,16,3,16,4.9
239917,13,West Indies,male,248,6,299,21,4,17,4.98
239918,7,India,male,217,7,300,20,0,16,4.34
239918,13,West Indies,male,218,4,264,23,3,14,4.95
239919,13,West Indies,male,255,6,300,18,1,20,5.1
239919,7,India,male,236,10,288,21,1,20,4.92
244510,7,India,male,197,10,300,14,0,8,3.94
244510,2,Pakistan,male,201,4,291,18,1,23,4.14
244511,7,India,male,269,5,300,28,2,8,5.38
244511,2,Pakistan,male,218,10,272,15,2,18,4.81
247457,13,West Indies,male,241,9,300,24,7,11,4.82
247457,2,Pakistan,male,187,10,284,15,2,4,3.95
247458,1,Australia,male,334,6,300,32,9,9,6.68
247458,4,Scotland,male,131,9,241,12,0,16,3.26
247460,11,Sri Lanka,male,321,6,299,24,3,30,6.44
247460,43,Bermuda,male,78,10,148,8,2,9,3.16
247461,14,Ireland,male,221,9,299,22,2,10,4.43
247461,6,Zimbabwe,male,221,10,299,26,1,10,4.43
247462,9,South Africa,male,353,3,240,30,18,11,8.82
247462,30,Netherlands,male,132,9,240,17,1,7,3.3
247463,10,England,male,209,7,300,15,2,13,4.18
247463,3,New Zealand,male,210,4,246,17,1,26,5.12
247464,7,India,male,191,10,297,14,1,16,3.86
247464,8,Bangladesh,male,192,5,291,17,5,13,3.96
247465,2,Pakistan,male,132,10,274,13,0,29,2.89
247465,14,Ireland,male,133,7,250,10,2,14,3.19
247466,1,Australia,male,358,5,300,34,13,19,7.16
247466,30,Netherlands,male,129,10,161,17,2,12,4.81
247467,10,England,male,279,6,300,25,3,19,5.58
247467,34,Canada,male,228,7,300,20,4,16,4.56
247468,7,India,male,413,5,300,30,18,31,8.26
247468,43,Bermuda,male,156,10,259,15,2,27,3.61
247469,6,Zimbabwe,male,202,5,300,17,1,23,4.04
247469,13,West Indies,male,204,4,287,16,6,22,4.26
247470,4,Scotland,male,186,8,300,17,3,12,3.72
247470,9,South Africa,male,188,3,140,26,4,2,8.06
247471,3,New Zealand,male,331,7,300,23,12,29,6.62
247471,44,Kenya,male,183,10,296,13,4,12,3.71
247472,11,Sri Lanka,male,318,4,300,20,12,24,6.36
247472,8,Bangladesh,male,112,10,222,12,1,7,3.03
247473,2,Pakistan,male,349,10,299,27,16,16,7.0
247473,6,Zimbabwe,male,99,10,115,4,6,4,5.17
247474,4,Scotland,male,136,10,205,18,2,15,3.98
247474,30,Netherlands,male,140,2,143,24,1,6,5.87
247475,3,New Zealand,male,363,5,301,29,11,24,7.24
247475,34,Canada,male,249,9,296,25,2,23,5.05
247476,11,Sri Lanka,male,254,6,300,22,1,27,5.08
247476,7,India,male,185,10,261,16,2,8,4.25
247477,14,Ireland,male,183,8,288,14,2,22,3.81
247477,13,West Indies,male,190,2,229,17,7,7,4.98
247478,1,Australia,male,377,6,300,40,11,14,7.54
247478,9,South Africa,male,294,10,288,32,6,17,6.12
247479,44,Kenya,male,177,10,258,15,0,22,4.12
247479,10,England,male,178,3,198,19,2,12,5.39
247480,43,Bermuda,male,94,9,126,6,2,11,4.48
247480,8,Bangladesh,male,96,3,105,5,1,21,5.49
247481,1,Australia,male,322,6,300,27,6,21,6.44
247481,13,West Indies,male,219,10,273,18,2,16,4.81
247482,11,Sri Lanka,male,209,10,297,18,0,8,4.22
247482,9,South Africa,male,212,9,290,14,1,13,4.39
247483,13,West Indies,male,177,10,268,16,1,9,3.96
247483,3,New Zealand,male,179,3,236,18,1,6,4.55
247484,10,England,male,266,7,300,22,4,18,5.32
247484,14,Ireland,male,218,10,289,12,2,17,4.53
247485,8,Bangladesh,male,104,6,132,4,2,7,4.73
247485,1,Australia,male,106,0,83,11,4,0,7.66
247486,11,Sri Lanka,male,303,5,300,16,7,25,6.06
247486,13,West Indies,male,190,10,267,8,6,11,4.27
247487,8,Bangladesh,male,174,10,291,13,2,17,3.59
247487,3,New Zealand,male,178,1,176,14,4,11,6.07
247488,14,Ireland,male,152,8,210,14,2,8,4.34
247488,9,South Africa,male,165,3,189,18,1,5,5.24
247489,11,Sri Lanka,male,235,10,300,15,1,17,4.7
247489,10,England,male,233,8,299,18,2,6,4.68
247490,8,Bangladesh,male,251,8,300,26,3,24,5.02
247490,9,South Africa,male,184,10,291,10,3,14,3.79
247491,10,England,male,247,10,299,18,2,18,4.96
247491,1,Australia,male,248,3,284,28,1,11,5.24
247492,3,New Zealand,male,263,8,300,19,3,16,5.26
247492,14,Ireland,male,134,10,226,7,3,13,3.56
247493,9,South Africa,male,356,4,301,24,14,9,7.1
247493,13,West Indies,male,289,9,300,22,5,7,5.78
247494,8,Bangladesh,male,143,10,224,15,1,15,3.83
247494,10,England,male,147,6,269,10,3,18,3.28
247495,3,New Zealand,male,219,7,300,12,2,17,4.38
247495,11,Sri Lanka,male,222,4,271,15,1,26,4.92
247496,14,Ireland,male,91,10,180,7,0,16,3.03
247496,1,Australia,male,92,1,74,8,2,13,7.46
247497,9,South Africa,male,193,7,300,8,3,11,3.86
247497,3,New Zealand,male,196,5,290,18,1,12,4.06
247498,14,Ireland,male,243,7,300,10,3,23,4.86
247498,8,Bangladesh,male,169,10,248,15,2,22,4.09
247499,11,Sri Lanka,male,226,10,298,17,3,19,4.55
247499,1,Australia,male,232,3,256,22,5,9,5.44
247500,10,England,male,154,10,288,13,1,16,3.21
247500,9,South Africa,male,157,1,116,23,0,9,8.12
247501,14,Ireland,male,77,10,166,8,1,9,2.78
247501,11,Sri Lanka,male,81,2,60,10,2,8,8.1
247502,13,West Indies,male,230,5,300,13,4,10,4.6
247502,8,Bangladesh,male,131,10,263,9,0,10,2.99
247503,1,Australia,male,348,6,300,31,6,16,6.96
247503,3,New Zealand,male,133,10,155,12,1,9,5.15
247504,13,West Indies,male,300,10,299,33,4,18,6.02
247504,10,England,male,301,9,299,27,3,22,6.04
247505,11,Sri Lanka,male,289,5,300,26,5,17,5.78
247505,3,New Zealand,male,208,10,250,10,7,21,4.99
247506,9,South Africa,male,149,10,263,17,1,17,3.4
247506,1,Australia,male,153,3,189,20,0,11,4.86
247507,1,Australia,male,281,4,228,20,10,23,7.39
247507,11,Sri Lanka,male,215,8,216,20,3,15,5.97
249207,6,Zimbabwe,male,197,10,297,13,2,15,3.98
249207,8,Bangladesh,male,201,2,268,21,0,10,4.5
249211,9,South Africa,male,248,8,300,26,2,10,4.96
249211,7,India,male,91,10,175,13,0,3,3.12
249212,9,South Africa,male,274,7,300,31,7,11,5.48
249212,7,India,male,168,10,249,13,6,5,4.05
249213,9,South Africa,male,243,8,300,21,4,9,4.86
249213,7,India,male,163,10,229,20,3,12,4.27
249214,7,India,male,200,9,300,18,3,13,4.0
249214,9,South Africa,male,201,1,188,22,4,14,6.41
249228,1,Australia,male,289,8,300,24,5,21,5.78
249228,3,New Zealand,male,184,10,231,14,5,10,4.78
249229,3,New Zealand,male,218,10,286,16,4,23,4.57
249229,1,Australia,male,224,8,292,24,1,16,4.6
249230,1,Australia,male,343,5,300,27,7,22,6.86
249230,3,New Zealand,male,335,5,300,29,8,27,6.7
249231,3,New Zealand,male,290,7,300,17,3,26,5.8
249231,1,Australia,male,291,5,289,20,2,13,6.04
249232,10,England,male,242,8,300,18,3,6,4.84
249232,1,Australia,male,246,2,272,23,1,19,5.43
249233,10,England,male,155,10,252,14,2,6,3.69
249233,1,Australia,male,156,6,232,15,1,18,4.03
249234,10,England,male,110,10,207,7,2,5,3.19
249234,1,Australia,male,111,1,147,12,0,7,4.53
249235,10,England,male,292,7,300,26,2,25,5.84
249235,1,Australia,male,200,9,233,19,3,24,5.15
249236,3,New Zealand,male,205,9,300,15,2,19,4.1
249236,10,England,male,206,7,299,15,0,11,4.13
249237,3,New Zealand,male,210,10,300,11,5,13,4.2
249237,10,England,male,120,10,227,10,0,8,3.17
249238,3,New Zealand,male,318,7,300,26,6,37,6.36
249238,10,England,male,260,8,300,18,4,18,5.2
249239,10,England,male,270,7,300,25,1,10,5.4
249239,3,New Zealand,male,256,8,300,22,0,19,5.12
249240,1,Australia,male,252,10,291,16,1,13,5.2
249240,10,England,male,253,6,297,11,2,13,5.11
249241,10,England,male,246,8,300,18,1,23,4.92
249241,1,Australia,male,152,8,162,15,2,11,5.63
249378,44,Kenya,male,168,10,295,18,2,14,3.42
249378,8,Bangladesh,male,170,4,181,27,1,9,5.64
249379,44,Kenya,male,184,10,279,13,5,16,3.96
249379,8,Bangladesh,male,185,8,276,20,2,22,4.02
249380,44,Kenya,male,118,10,248,7,2,11,2.85
249380,8,Bangladesh,male,120,4,162,18,1,14,4.44
249739,11,Sri Lanka,male,302,8,300,34,3,21,6.04
249739,8,Bangladesh,male,265,9,300,24,3,36,5.3
249740,6,Zimbabwe,male,85,10,181,9,0,7,2.82
249740,13,West Indies,male,90,1,86,11,3,11,6.28
249741,11,Sri Lanka,male,285,7,300,25,1,15,5.7
249741,6,Zimbabwe,male,141,10,255,15,0,27,3.32
249742,8,Bangladesh,male,161,10,279,14,2,7,3.46
249742,13,West Indies,male,164,0,220,17,3,8,4.47
249743,8,Bangladesh,male,231,6,300,25,1,17,4.62
249743,6,Zimbabwe,male,130,10,268,10,0,4,2.91
249744,13,West Indies,male,80,10,184,8,0,17,2.61
249744,11,Sri Lanka,male,83,1,80,16,0,4,6.22
249745,10,England,male,125,10,222,12,0,5,3.38
249745,7,India,male,126,6,177,17,0,19,4.27
249746,3,New Zealand,male,195,10,274,20,0,20,4.27
249746,9,South Africa,male,108,10,205,10,0,9,3.16
249747,11,Sri Lanka,male,253,10,296,23,2,17,5.13
249747,2,Pakistan,male,255,6,289,21,3,19,5.29
249748,13,West Indies,male,234,6,300,25,3,5,4.68
249748,1,Australia,male,224,9,300,23,0,20,4.48
249749,3,New Zealand,male,165,10,296,14,0,25,3.34
249749,11,Sri Lanka,male,166,3,216,19,1,13,4.61
249750,10,England,male,169,10,270,16,0,12,3.76
249750,1,Australia,male,170,4,221,20,0,20,4.62
249751,9,South Africa,male,219,9,300,12,4,13,4.38
249751,11,Sri Lanka,male,141,10,235,13,0,12,3.6
249752,3,New Zealand,male,274,7,300,30,3,16,5.48
249752,2,Pakistan,male,223,10,279,23,0,14,4.8
249753,7,India,male,223,9,300,20,2,15,4.46
249753,13,West Indies,male,224,7,298,22,1,14,4.51
249754,9,South Africa,male,213,8,300,19,2,26,4.26
249754,2,Pakistan,male,89,10,150,10,1,16,3.56
249755,13,West Indies,male,272,4,300,29,3,11,5.44
249755,10,England,male,276,7,291,30,1,25,5.69
249756,7,India,male,249,8,300,27,0,18,4.98
249756,1,Australia,male,252,4,274,31,0,26,5.52
249757,1,Australia,male,240,9,300,20,2,23,4.8
249757,3,New Zealand,male,206,10,276,18,1,22,4.48
249758,9,South Africa,male,258,8,300,21,2,23,5.16
249758,13,West Indies,male,262,4,263,32,4,16,5.98
249759,13,West Indies,male,138,10,184,17,3,14,4.5
249759,1,Australia,male,116,2,169,10,0,10,4.12
250668,9,South Africa,male,392,6,300,39,10,31,7.84
250668,2,Pakistan,male,228,10,280,23,7,4,4.89
250669,2,Pakistan,male,351,4,300,35,11,10,7.02
250669,9,South Africa,male,210,10,240,26,2,13,5.25
250670,2,Pakistan,male,245,8,299,21,2,7,4.92
250671,2,Pakistan,male,107,10,274,9,0,6,2.34
250671,9,South Africa,male,113,0,84,13,3,7,8.07
250672,2,Pakistan,male,153,10,245,16,1,13,3.75
250672,9,South Africa,male,156,1,170,15,3,14,5.51
251489,3,New Zealand,male,285,8,300,24,7,12,5.7
251489,11,Sri Lanka,male,289,3,240,34,5,30,7.22
251491,11,Sri Lanka,male,112,10,212,16,0,6,3.17
251491,3,New Zealand,male,110,6,147,12,4,10,4.49
251492,11,Sri Lanka,male,262,6,300,21,8,21,5.24
251492,3,New Zealand,male,73,10,159,12,0,5,2.75
251494,1,Australia,male,148,10,297,12,0,9,2.99
251494,3,New Zealand,male,149,0,162,16,4,6,5.52
251495,1,Australia,male,336,4,300,31,13,16,6.72
251495,3,New Zealand,male,340,5,291,34,7,24,7.01
251496,1,Australia,male,346,5,300,23,16,5,6.92
251496,3,New Zealand,male,350,9,297,33,10,27,7.07
255961,6,Zimbabwe,male,201,7,300,16,1,16,4.02
255961,9,South Africa,male,202,5,262,14,1,22,4.63
256607,7,India,male,309,5,300,26,8,32,6.18
256607,13,West Indies,male,141,2,120,21,1,26,7.05
256608,1,Australia,male,244,10,296,24,4,10,4.95
256608,7,India,male,35,5,48,3,1,8,4.38
256610,1,Australia,male,272,6,300,23,7,12,5.44
256610,13,West Indies,male,273,7,284,27,5,33,5.77
256612,7,India,male,162,10,237,14,2,22,4.1
256612,13,West Indies,male,146,10,246,16,0,14,3.56
256614,1,Australia,male,213,10,289,15,6,19,4.42
256614,7,India,male,195,10,263,11,2,27,4.45
256615,1,Australia,male,240,6,300,13,5,17,4.8
256615,13,West Indies,male,113,10,205,10,2,19,3.31
256665,7,India,male,11,0,22,2,0,0,3.0
257470,9,South Africa,male,418,5,300,36,15,14,8.36
257470,6,Zimbabwe,male,247,4,301,20,1,23,4.92
257769,13,West Indies,male,151,10,299,9,1,8,3.03
257769,2,Pakistan,male,154,8,290,12,0,15,3.19
257770,13,West Indies,male,207,7,279,20,2,23,4.45
257770,2,Pakistan,male,192,3,202,14,3,31,5.7
257771,2,Pakistan,male,209,10,299,11,1,22,4.19
257771,13,West Indies,male,212,3,209,28,2,30,6.09
257772,13,West Indies,male,238,7,300,17,1,25,4.76
257772,2,Pakistan,male,239,3,281,19,3,9,5.1
258465,10,England,male,225,10,299,12,0,19,4.52
258465,13,West Indies,male,146,10,239,14,0,21,3.67
258466,13,West Indies,male,278,5,300,21,8,20,5.56
258466,10,England,male,217,10,276,14,2,27,4.72
258467,13,West Indies,male,289,5,300,29,2,24,5.78
258467,10,England,male,196,10,266,17,1,19,4.42
258471,10,England,male,288,2,300,21,2,8,5.76
258471,7,India,male,184,10,300,10,3,20,3.68
258472,7,India,male,329,7,300,40,3,25,6.58
258472,10,England,male,320,8,300,33,8,28,6.4
258473,10,England,male,281,8,300,16,5,17,5.62
258473,7,India,male,239,10,289,23,3,15,4.96
258474,7,India,male,212,10,298,23,1,13,4.27
258474,10,England,male,213,7,288,23,0,19,4.44
258475,7,India,male,324,6,301,42,5,17,6.46
258475,10,England,male,242,8,234,18,4,12,6.21
258476,10,England,male,316,6,300,33,8,14,6.32
258476,7,India,male,317,8,298,38,3,18,6.38
258477,7,India,male,187,10,285,15,2,12,3.94
258477,10,England,male,188,3,218,19,2,17,5.17
259384,43,Bermuda,male,235,8,300,17,3,34,4.7
259384,34,Canada,male,239,5,287,21,3,15,5.0
259389,30,Netherlands,male,91,9,162,7,1,16,3.37
259389,43,Bermuda,male,94,4,102,14,1,7,5.53
259390,43,Bermuda,male,178,9,300,14,2,13,3.56
259390,34,Canada,male,179,7,238,18,0,30,4.51
259391,34,Canada,male,223,8,300,15,4,27,4.46
259391,30,Netherlands,male,205,9,250,18,4,12,4.92
259793,6,Zimbabwe,male,152,10,298,13,2,10,3.06
259793,9,South Africa,male,156,4,166,16,3,4,5.64
264068,6,Zimbabwe,male,217,7,300,15,3,21,4.34
264068,8,Bangladesh,male,218,4,257,25,0,14,5.09
264069,8,Bangladesh,male,220,10,296,22,2,19,4.46
264069,6,Zimbabwe,male,194,10,294,11,1,17,3.96
264070,6,Zimbabwe,male,146,10,284,9,2,21,3.08
264070,8,Bangladesh,male,147,2,194,12,4,11,4.55
264071,6,Zimbabwe,male,193,8,301,15,1,8,3.85
264071,8,Bangladesh,male,197,7,294,20,0,33,4.02
267386,34,Canada,male,162,8,126,13,3,13,7.71
267386,43,Bermuda,male,106,10,95,8,5,5,6.69
267387,43,Bermuda,male,194,10,279,22,4,19,4.17
267387,30,Netherlands,male,198,2,259,15,0,13,4.59
267389,4,Scotland,male,254,8,300,17,3,18,5.08
267389,44,Kenya,male,177,10,276,10,1,5,3.85
267391,44,Kenya,male,250,9,300,14,4,31,5.0
267391,34,Canada,male,92,10,89,10,3,7,6.2
267708,7,India,male,268,10,288,24,2,29,5.58
267708,13,West Indies,male,270,7,262,32,3,30,6.18
267709,7,India,male,341,3,300,29,7,27,6.82
267709,13,West Indies,male,181,10,250,21,1,7,4.34
267710,11,Sri Lanka,male,102,3,110,19,0,8,5.56
267712,11,Sri Lanka,male,257,8,300,23,6,21,5.14
267712,7,India,male,252,9,300,22,1,22,5.04
267713,11,Sri Lanka,male,259,7,282,23,4,20,5.51
267713,7,India,male,263,3,246,30,7,11,6.41
267715,11,Sri Lanka,male,230,8,300,23,0,22,4.6
267715,7,India,male,233,5,279,22,1,14,5.01
271465,16,South Africa,female,226,10,299,16,1,18,4.54
271465,20,Pakistan,female,142,8,300,11,0,20,2.84
271466,20,Pakistan,female,156,9,300,19,0,14,3.12
271466,16,South Africa,female,160,4,215,15,0,6,4.47
275789,4,Scotland,male,203,9,276,14,2,26,4.41
275789,7,India,male,212,3,239,25,3,10,5.32
276226,19,New Zealand,female,177,9,300,19,1,16,3.54
276226,17,Australia,female,181,4,230,27,1,6,4.72
282688,8,Bangladesh,male,250,7,282,19,3,18,5.32
282688,7,India,male,251,5,276,26,0,11,5.46
282689,7,India,male,284,8,294,24,3,22,5.8
282689,8,Bangladesh,male,238,9,294,14,10,17,4.86
289107,41,Asia XI,male,317,9,300,34,3,23,6.34
289107,40,Africa XI,male,283,10,287,38,3,10,5.92
289108,41,Asia XI,male,337,7,300,31,9,26,6.74
289108,40,Africa XI,male,306,10,299,28,4,13,6.14
289110,41,Asia XI,male,331,8,300,34,9,16,6.62
289110,40,Africa XI,male,318,7,301,22,13,19,6.34
291217,11,Sri Lanka,male,269,7,300,19,2,16,5.38
291217,10,England,male,150,10,209,12,1,6,4.31
291218,10,England,male,234,8,300,13,1,7,4.68
291218,11,Sri Lanka,male,169,10,267,13,0,18,3.8
291220,11,Sri Lanka,male,211,9,300,12,0,14,4.22
291220,10,England,male,212,5,281,18,1,15,4.53
291221,11,Sri Lanka,male,211,10,289,16,2,14,4.38
291221,10,England,male,104,10,175,10,0,8,3.57
291345,3,New Zealand,male,254,7,300,19,5,19,5.08
291345,1,Australia,male,255,3,255,30,2,4,6.0
291346,3,New Zealand,male,30,3,36,4,0,4,5.0
291347,1,Australia,male,282,6,300,24,3,5,5.64
291347,3,New Zealand,male,168,10,204,18,3,15,4.94
291359,7,India,male,194,10,270,15,1,13,4.31
291359,1,Australia,male,51,3,44,7,0,13,6.95
291360,7,India,male,267,4,300,19,3,7,5.34
291361,1,Australia,male,253,6,300,14,2,8,5.06
291361,11,Sri Lanka,male,125,10,189,12,2,8,3.97
291362,1,Australia,male,159,10,259,11,0,16,3.68
291362,7,India,male,160,5,275,12,0,7,3.49
291364,1,Australia,male,236,10,298,17,4,7,4.75
291364,11,Sri Lanka,male,173,10,273,16,0,11,3.8
291365,1,Australia,male,203,9,300,14,1,10,4.06
291365,7,India,male,153,10,248,11,1,11,3.7
291366,11,Sri Lanka,male,238,6,300,17,1,9,4.76
291366,7,India,male,239,8,295,17,1,24,4.86
291367,1,Australia,male,184,7,300,8,0,5,3.68
291367,11,Sri Lanka,male,77,4,177,3,0,2,2.61
291368,1,Australia,male,317,7,301,21,4,14,6.32
291368,7,India,male,299,10,295,26,2,27,6.08
291369,11,Sri Lanka,male,179,10,283,14,1,11,3.8
291369,7,India,male,180,3,194,21,1,4,5.57
291370,11,Sri Lanka,male,221,10,300,18,1,13,4.42
291370,1,Australia,male,208,10,289,18,3,9,4.32
291371,1,Australia,male,239,8,300,22,0,8,4.78
291371,7,India,male,242,4,275,22,0,14,5.28
291372,7,India,male,258,9,300,16,3,17,5.16
291372,1,Australia,male,249,10,298,18,2,9,5.01
293071,14,Ireland,male,193,10,300,12,2,29,3.86
293071,7,India,male,171,1,209,16,1,14,4.91
293072,9,South Africa,male,173,4,186,15,1,13,5.58
293072,14,Ireland,male,131,10,185,7,1,13,4.25
293076,7,India,male,242,8,300,22,1,13,4.84
293076,9,South Africa,male,245,6,297,22,0,14,4.95
293077,9,South Africa,male,226,6,300,19,2,12,4.52
293077,7,India,male,227,4,295,21,4,9,4.62
293078,9,South Africa,male,148,7,186,11,4,4,4.77
293078,7,India,male,152,4,182,18,1,10,5.01
293481,11,Sri Lanka,male,234,6,300,21,3,11,4.68
293481,8,Bangladesh,male,164,10,243,13,6,9,4.05
293482,8,Bangladesh,male,137,10,281,5,0,16,2.93
293482,11,Sri Lanka,male,141,5,187,18,0,20,4.52
293483,11,Sri Lanka,male,196,10,239,16,0,15,4.92
293483,8,Bangladesh,male,157,10,223,6,1,27,4.22
295785,4,Scotland,male,71,5,134,5,0,9,3.18
295788,14,Ireland,male,84,4,104,11,2,5,4.85
296685,34,Canada,male,230,10,291,20,5,16,4.74
296685,44,Kenya,male,233,6,292,25,0,14,4.79
296687,34,Canada,male,189,10,283,21,3,15,4.01
296687,44,Kenya,male,193,6,259,26,1,10,4.47
296904,10,England,male,307,5,300,22,9,22,6.14
296904,3,New Zealand,male,193,10,257,15,2,15,4.51
296905,10,England,male,162,10,144,15,4,6,6.75
296905,3,New Zealand,male,127,2,114,14,0,7,6.68
296906,3,New Zealand,male,182,10,300,14,3,13,3.64
296906,10,England,male,160,10,279,15,0,24,3.44
296907,10,England,male,245,10,298,23,3,13,4.93
296907,3,New Zealand,male,246,9,300,23,1,18,4.92
296908,3,New Zealand,male,266,5,300,13,8,20,5.32
296908,10,England,male,215,10,287,22,0,22,4.49
296914,10,England,male,275,4,300,21,2,16,5.5
296914,9,South Africa,male,255,10,298,23,1,23,5.13
296915,9,South Africa,male,83,10,138,12,0,9,3.61
296915,10,England,male,85,0,85,10,1,12,6.0
296916,10,England,male,296,7,300,34,3,22,5.92
296916,9,South Africa,male,170,10,256,12,2,10,3.98
296917,9,South Africa,male,183,6,193,21,1,18,5.69
296917,10,England,male,137,3,106,15,3,9,7.75
296918,9,South Africa,male,6,1,18,0,0,0,2.0
297793,1,Australia,male,307,7,300,29,5,18,6.14
297793,7,India,male,9,1,16,1,0,5,3.38
297794,1,Australia,male,306,6,300,25,8,21,6.12
297794,7,India,male,222,10,285,13,8,27,4.67
297795,1,Australia,male,290,7,300,25,5,14,5.8
297795,7,India,male,243,10,286,23,4,13,5.1
297796,7,India,male,291,4,300,31,1,39,5.82
297796,1,Australia,male,283,7,300,23,4,18,5.66
297797,7,India,male,148,10,238,15,3,20,3.73
297797,1,Australia,male,149,1,155,16,4,2,5.77
297798,1,Australia,male,317,8,300,34,7,8,6.34
297798,7,India,male,299,7,300,28,8,20,5.98
297799,1,Australia,male,193,10,249,23,1,33,4.65
297799,7,India,male,195,8,276,18,3,36,4.24
297801,2,Pakistan,male,239,7,300,20,1,10,4.78
297801,7,India,male,242,5,282,31,2,18,5.15
297802,7,India,male,321,9,299,29,3,41,6.44
297802,2,Pakistan,male,322,6,299,28,3,26,6.46
297803,7,India,male,294,6,300,19,9,29,5.88
297803,2,Pakistan,male,248,10,284,29,0,13,5.24
297804,2,Pakistan,male,255,6,300,18,4,8,5.1
297804,7,India,male,260,4,279,28,3,14,5.59
297805,2,Pakistan,male,306,6,300,22,4,29,6.12
297805,7,India,male,275,10,298,23,4,15,5.54
298796,3,New Zealand,male,248,6,300,20,3,11,4.96
298796,9,South Africa,male,249,8,300,22,1,14,4.98
298797,9,South Africa,male,209,9,300,18,2,6,4.18
298797,3,New Zealand,male,210,3,232,25,2,7,5.43
298798,3,New Zealand,male,238,8,300,21,2,15,4.76
298798,9,South Africa,male,242,5,272,22,7,9,5.34
298805,13,West Indies,male,175,10,215,10,3,24,4.88
298805,9,South Africa,male,176,4,204,15,1,21,5.18
298806,9,South Africa,male,255,9,300,24,3,11,5.1
298806,13,West Indies,male,169,10,290,18,0,10,3.5
298807,13,West Indies,male,252,7,300,19,8,18,5.04
298807,9,South Africa,male,256,3,292,24,2,10,5.26
298808,13,West Indies,male,263,9,300,27,6,11,5.26
298808,9,South Africa,male,266,5,287,29,2,13,5.56
298809,13,West Indies,male,295,7,300,20,8,23,5.9
298809,9,South Africa,male,211,2,173,22,3,20,7.32
299006,9,South Africa,male,294,5,300,27,4,27,5.88
299006,2,Pakistan,male,249,10,279,23,4,6,5.35
299007,2,Pakistan,male,265,9,300,14,7,17,5.3
299007,9,South Africa,male,240,10,297,18,2,20,4.85
299008,9,South Africa,male,197,10,296,15,2,17,3.99
299008,2,Pakistan,male,202,4,289,12,4,13,4.19
299009,2,Pakistan,male,230,9,300,16,3,19,4.6
299009,9,South Africa,male,233,3,226,24,1,16,6.19
299010,9,South Africa,male,233,9,300,19,2,14,4.66
299010,2,Pakistan,male,219,10,278,25,1,9,4.73
300426,8,Bangladesh,male,201,10,279,22,4,5,4.32
300426,3,New Zealand,male,203,4,256,12,6,6,4.76
300427,3,New Zealand,male,335,5,300,30,7,13,6.7
300427,8,Bangladesh,male,181,6,258,20,2,14,4.21
300428,8,Bangladesh,male,93,10,227,10,0,4,2.46
300428,3,New Zealand,male,95,0,36,9,6,8,15.83
300437,10,England,male,130,10,298,7,0,10,2.62
300437,3,New Zealand,male,131,4,180,15,3,5,4.37
300438,10,England,male,158,10,211,15,3,11,4.49
300438,3,New Zealand,male,165,0,109,19,7,6,9.08
300439,3,New Zealand,male,234,9,300,13,8,8,4.68
300439,10,England,male,229,4,264,24,4,3,5.2
300440,10,England,male,340,6,300,30,10,12,6.8
300440,3,New Zealand,male,340,7,300,28,7,16,6.8
300441,10,England,male,242,7,300,17,6,5,4.84
300441,3,New Zealand,male,213,6,222,22,6,15,5.76
300486,6,Zimbabwe,male,206,10,300,18,4,16,4.12
300486,9,South Africa,male,210,5,281,22,0,10,4.48
300487,6,Zimbabwe,male,247,7,300,25,4,13,4.94
300487,9,South Africa,male,251,2,235,30,4,20,6.41
300488,9,South Africa,male,323,9,300,24,13,13,6.46
300488,6,Zimbabwe,male,295,7,300,31,4,12,5.9
312291,16,South Africa,female,277,4,300,16,2,16,5.54
312291,32,Netherlands,female,50,10,250,1,0,17,1.2
312295,24,Ireland,female,107,10,286,8,0,25,2.24
312295,16,South Africa,female,108,3,166,12,0,11,3.9
312296,20,Pakistan,female,162,10,275,7,0,39,3.53
312296,32,Netherlands,female,68,9,188,6,0,10,2.17
313992,43,Bermuda,male,174,10,248,20,2,16,4.21
313992,44,Kenya,male,175,2,170,16,4,8,6.18
313993,43,Bermuda,male,183,9,300,14,4,16,3.66
313993,44,Kenya,male,187,7,265,22,1,3,4.23
313994,43,Bermuda,male,167,10,280,15,2,15,3.58
313994,44,Kenya,male,169,9,218,15,1,6,4.65
317578,6,Zimbabwe,male,274,8,300,21,4,15,5.48
317578,13,West Indies,male,244,8,300,12,4,8,4.88
317579,13,West Indies,male,286,9,300,13,10,17,5.72
317579,6,Zimbabwe,male,176,10,267,13,2,22,3.96
317581,6,Zimbabwe,male,232,9,300,18,2,6,4.64
317581,13,West Indies,male,234,5,282,15,6,14,4.98
319134,11,Sri Lanka,male,235,7,300,19,3,26,4.7
319134,13,West Indies,male,236,9,300,21,6,10,4.72
319135,11,Sri Lanka,male,112,5,183,10,0,9,3.67
319135,13,West Indies,male,125,3,123,7,5,5,6.1
319136,11,Sri Lanka,male,257,8,300,13,5,13,5.14
319136,13,West Indies,male,81,2,110,9,1,2,4.42
319143,1,Australia,male,273,8,300,18,3,21,5.46
319143,13,West Indies,male,189,10,239,14,2,8,4.74
319144,1,Australia,male,213,5,300,15,1,13,4.26
319144,13,West Indies,male,140,8,246,10,2,9,3.41
319145,13,West Indies,male,223,10,288,17,3,19,4.65
319145,1,Australia,male,227,3,243,23,2,13,5.6
319146,1,Australia,male,282,8,299,25,4,17,5.66
319146,13,West Indies,male,281,6,300,18,7,25,5.62
319147,1,Australia,male,341,8,300,32,11,7,6.82
319147,13,West Indies,male,172,10,239,17,1,11,4.32
323949,8,Bangladesh,male,178,10,290,12,2,11,3.68
323949,9,South Africa,male,180,1,221,23,2,11,4.89
323950,8,Bangladesh,male,173,10,290,12,0,18,3.58
323950,9,South Africa,male,179,3,289,8,1,14,3.72
323951,8,Bangladesh,male,143,10,257,13,0,17,3.34
323951,9,South Africa,male,147,3,206,14,3,5,4.28
325569,43,Bermuda,male,201,8,300,17,0,23,4.02
325569,34,Canada,male,184,10,273,10,1,15,4.04
325572,44,Kenya,male,141,8,210,8,5,20,4.03
325572,4,Scotland,male,31,1,49,2,0,5,3.8
325576,14,Ireland,male,18,2,48,2,0,0,2.25
325579,30,Netherlands,male,117,10,236,10,1,10,2.97
325579,4,Scotland,male,120,4,134,14,1,21,5.37
325580,4,Scotland,male,152,9,210,16,1,6,4.34
325580,14,Ireland,male,129,3,142,16,1,10,5.45
325581,6,Zimbabwe,male,303,8,300,25,5,24,6.06
325581,14,Ireland,male,147,10,276,11,4,10,3.2
325800,2,Pakistan,male,347,5,300,23,8,11,6.94
325800,6,Zimbabwe,male,243,7,300,18,1,16,4.86
325801,6,Zimbabwe,male,238,8,299,17,1,11,4.78
325801,2,Pakistan,male,239,5,278,27,2,8,5.16
325802,2,Pakistan,male,272,9,300,16,8,12,5.44
325802,6,Zimbabwe,male,235,7,300,9,0,18,4.7
325803,6,Zimbabwe,male,244,10,299,14,3,13,4.9
325803,2,Pakistan,male,245,3,283,25,1,7,5.19
325804,6,Zimbabwe,male,181,10,274,13,0,22,3.96
325804,2,Pakistan,male,187,3,185,22,2,10,6.06
335346,8,Bangladesh,male,300,8,300,23,1,18,6.0
335346,22,United Arab Emirates,male,204,10,274,23,1,10,4.47
335347,2,Pakistan,male,288,9,300,30,1,12,5.76
335347,5,Hong Kong,male,133,9,224,13,0,16,3.56
335348,11,Sri Lanka,male,357,9,300,36,5,22,7.14
335348,8,Bangladesh,male,226,7,300,13,2,20,4.52
335349,7,India,male,374,4,300,33,14,9,7.48
335349,5,Hong Kong,male,118,10,221,17,0,9,3.2
335350,11,Sri Lanka,male,290,9,300,22,0,19,5.8
335350,22,United Arab Emirates,male,148,10,219,16,0,9,4.05
335351,2,Pakistan,male,299,4,300,33,1,7,5.98
335351,7,India,male,301,4,253,25,12,15,7.14
335352,8,Bangladesh,male,283,6,300,27,6,14,5.66
335352,7,India,male,284,3,260,26,6,18,6.55
335353,11,Sri Lanka,male,302,7,300,26,4,23,6.04
335353,2,Pakistan,male,238,9,300,17,4,3,4.76
335354,11,Sri Lanka,male,332,8,300,36,8,10,6.64
335354,8,Bangladesh,male,174,10,231,20,1,14,4.52
335355,7,India,male,308,7,300,26,3,13,6.16
335355,2,Pakistan,male,309,2,273,35,2,6,6.79
335356,11,Sri Lanka,male,308,8,300,30,3,15,6.16
335356,7,India,male,310,4,281,30,3,21,6.62
335357,8,Bangladesh,male,115,10,230,8,2,16,3.0
335357,2,Pakistan,male,116,0,118,15,2,8,5.9
335358,11,Sri Lanka,male,273,10,299,21,5,9,5.48
335358,7,India,male,173,10,237,23,0,3,4.38
336201,1,Australia,male,254,8,300,14,2,21,5.08
336201,8,Bangladesh,male,74,10,166,6,0,5,2.67
336202,8,Bangladesh,male,117,10,217,7,1,18,3.24
336202,1,Australia,male,118,2,136,12,1,11,5.21
336204,1,Australia,male,198,5,300,10,2,10,3.96
336204,8,Bangladesh,male,125,9,179,11,2,8,4.19
341302,18,Sri Lanka,female,123,9,300,16,0,4,2.46
341302,23,India,female,124,2,156,18,1,5,4.77
341306,23,India,female,260,7,300,28,1,8,5.2
341306,18,Sri Lanka,female,83,10,212,11,0,10,2.35
343732,7,India,male,146,10,276,8,3,7,3.17
343732,11,Sri Lanka,male,147,2,209,14,0,12,4.22
343733,11,Sri Lanka,male,142,10,231,16,0,17,3.69
343733,7,India,male,143,7,238,15,0,11,3.61
343734,7,India,male,237,9,300,19,2,20,4.74
343734,11,Sri Lanka,male,204,10,294,17,2,6,4.16
343736,11,Sri Lanka,male,227,6,300,20,0,13,4.54
343736,7,India,male,103,10,159,12,1,7,3.89
343759,2,Pakistan,male,322,5,300,29,4,10,6.44
343759,8,Bangladesh,male,129,10,179,11,1,20,4.32
343760,8,Bangladesh,male,225,8,290,25,1,21,4.66
343760,2,Pakistan,male,160,3,140,16,2,14,6.86
343761,2,Pakistan,male,308,8,300,35,1,8,6.16
343761,8,Bangladesh,male,285,7,300,25,0,19,5.7
343762,8,Bangladesh,male,210,10,295,14,0,19,4.27
343762,2,Pakistan,male,212,3,267,19,2,9,4.76
343763,2,Pakistan,male,329,9,300,28,3,12,6.58
343763,8,Bangladesh,male,179,10,245,20,0,18,4.38
345468,2,Pakistan,male,233,10,237,23,3,7,5.9
345468,8,Bangladesh,male,163,8,240,12,0,13,4.08
345469,7,India,male,330,8,300,28,6,38,6.6
345469,2,Pakistan,male,190,10,214,19,5,3,5.33
345470,8,Bangladesh,male,222,10,299,13,1,12,4.45
345470,7,India,male,223,3,211,22,5,5,6.34
345471,2,Pakistan,male,315,3,300,29,7,9,6.3
345471,7,India,male,290,10,290,24,5,20,6.0
350043,1,Australia,male,260,5,300,25,0,7,5.2
350043,10,England,male,256,8,300,22,1,16,5.12
350044,1,Australia,male,249,8,300,22,0,16,4.98
350044,10,England,male,210,10,277,19,0,14,4.55
350045,10,England,male,228,9,300,15,2,9,4.56
350045,1,Australia,male,230,4,291,19,1,9,4.74
350046,10,England,male,220,10,279,23,0,8,4.73
350046,1,Australia,male,221,3,262,24,0,11,5.06
350047,10,England,male,299,10,300,31,3,9,5.98
350047,1,Australia,male,302,6,290,35,4,7,6.25
350048,1,Australia,male,296,8,300,32,4,22,5.92
350048,10,England,male,185,10,246,13,2,14,4.51
350049,1,Australia,male,176,10,275,16,1,5,3.84
350049,10,England,male,177,6,240,21,0,21,4.42
350348,9,South Africa,male,283,8,300,29,4,9,5.66
350348,8,Bangladesh,male,222,10,266,24,1,38,5.01
350477,1,Australia,male,286,7,300,29,3,10,5.72
350477,9,South Africa,male,145,10,199,15,0,9,4.37
350478,1,Australia,male,131,10,242,9,2,9,3.25
350478,9,South Africa,male,132,3,158,13,1,12,5.01
350479,9,South Africa,male,289,6,300,21,5,10,5.78
350479,1,Australia,male,264,7,300,17,1,28,5.28
350480,9,South Africa,male,317,6,300,25,7,13,6.34
350480,1,Australia,male,256,10,275,20,4,11,5.59
350481,1,Australia,male,303,7,300,30,3,13,6.06
350481,9,South Africa,male,256,10,275,24,3,8,5.59
351684,1,Australia,male,271,8,300,21,1,14,5.42
351684,9,South Africa,male,272,7,297,18,1,18,5.49
351685,1,Australia,male,249,9,300,21,0,16,4.98
351685,9,South Africa,male,244,6,300,15,1,10,4.88
351686,1,Australia,male,269,10,296,21,2,18,5.45
351686,9,South Africa,male,270,7,279,28,2,17,5.81
351687,1,Australia,male,222,10,288,20,3,9,4.62
351687,9,South Africa,male,223,2,229,24,1,10,5.84
351688,9,South Africa,male,288,6,300,18,4,21,5.76
351688,1,Australia,male,249,10,294,15,3,15,5.08
351689,1,Australia,male,181,10,292,12,2,2,3.72
351689,3,New Zealand,male,182,8,300,13,2,23,3.64
351690,1,Australia,male,225,5,300,13,0,5,4.5
351690,3,New Zealand,male,226,4,293,20,0,20,4.63
351691,1,Australia,male,301,9,300,27,4,4,6.02
351691,3,New Zealand,male,269,10,285,17,4,23,5.66
351692,3,New Zealand,male,244,8,300,14,4,12,4.88
351692,1,Australia,male,247,4,290,20,3,8,5.11
351693,1,Australia,male,168,4,132,14,3,3,7.64
351693,3,New Zealand,male,123,6,84,11,5,4,8.79
352665,10,England,male,270,7,300,21,1,28,5.4
352665,13,West Indies,male,244,7,278,19,4,23,5.27
352666,13,West Indies,male,264,8,300,19,3,16,5.28
352666,10,England,male,243,10,290,17,0,24,5.03
352667,10,England,male,117,10,249,9,0,19,2.82
352667,13,West Indies,male,117,2,89,8,8,10,7.89
352668,13,West Indies,male,239,9,300,20,8,9,4.78
352668,10,England,male,136,1,111,10,2,8,7.35
352669,10,England,male,172,5,174,12,4,8,5.93
352669,13,West Indies,male,146,10,168,10,3,9,5.21
357962,23,India,female,169,10,292,21,2,17,3.47
357962,21,England,female,172,1,232,21,1,7,4.45
360800,9,South Africa,male,336,7,300,29,4,30,6.72
360800,44,Kenya,male,177,10,295,14,3,15,3.6
361043,7,India,male,387,5,300,38,13,20,7.74
361043,10,England,male,229,10,226,18,9,6,6.08
361044,7,India,male,292,9,300,25,7,18,5.84
361044,10,England,male,238,10,282,24,6,11,5.06
361045,10,England,male,240,10,292,21,2,17,4.93
361045,7,India,male,198,5,240,22,2,8,4.95
361046,7,India,male,166,4,132,18,8,6,7.55
361046,10,England,male,178,8,132,19,4,9,8.09
361047,10,England,male,270,4,300,27,1,18,5.4
361047,7,India,male,273,4,262,35,1,15,6.25
366341,7,India,male,258,10,298,18,1,11,5.19
366341,11,Sri Lanka,male,212,10,279,14,4,16,4.56
366623,7,India,male,273,4,228,26,6,4,7.18
366623,3,New Zealand,male,162,9,168,12,0,14,5.79
366624,3,New Zealand,male,270,5,282,22,4,25,5.74
366624,7,India,male,201,0,141,20,6,13,8.55
366625,7,India,male,149,10,219,7,4,18,4.08
366625,3,New Zealand,male,151,2,140,17,7,1,6.47
366626,7,India,male,188,4,172,22,2,7,6.56
366627,7,India,male,392,4,300,32,18,17,7.84
366627,3,New Zealand,male,334,10,271,30,13,8,7.39
366709,13,West Indies,male,129,5,214,9,1,6,3.62
366711,13,West Indies,male,128,10,250,13,0,7,3.07
366711,3,New Zealand,male,129,3,123,12,3,23,6.29
374059,13,West Indies,male,294,9,300,28,6,14,5.88
374059,2,Pakistan,male,295,6,299,17,4,19,5.92
374060,2,Pakistan,male,232,10,294,13,2,6,4.73
374060,13,West Indies,male,208,10,293,13,0,22,4.26
375456,6,Zimbabwe,male,127,10,186,9,1,21,4.1
375456,11,Sri Lanka,male,130,4,201,9,3,15,3.88
375457,6,Zimbabwe,male,67,10,186,4,0,12,2.16
375457,11,Sri Lanka,male,68,1,106,7,0,7,3.85
375460,11,Sri Lanka,male,171,7,168,11,3,16,6.11
375460,6,Zimbabwe,male,166,7,168,9,4,9,5.93
375462,11,Sri Lanka,male,152,10,293,2,1,19,3.11
375462,6,Zimbabwe,male,133,10,264,5,1,24,3.02
377313,7,India,male,339,6,300,20,14,22,6.78
377313,13,West Indies,male,319,10,289,22,9,29,6.62
377314,7,India,male,188,10,290,13,4,16,3.89
377314,13,West Indies,male,192,2,205,15,3,10,5.62
377315,13,West Indies,male,186,7,162,20,2,10,6.89
377315,7,India,male,159,4,131,9,2,8,7.28
377316,13,West Indies,male,27,1,45,0,0,3,3.6
378753,6,Zimbabwe,male,205,9,300,21,1,14,4.1
378753,8,Bangladesh,male,167,10,278,12,1,10,3.6
378755,11,Sri Lanka,male,147,10,183,11,1,14,4.82
378755,8,Bangladesh,male,151,5,143,14,3,8,6.34
378759,6,Zimbabwe,male,119,9,222,13,0,6,3.22
378759,8,Bangladesh,male,121,4,195,15,0,15,3.72
380715,13,West Indies,male,160,10,231,16,3,14,4.16
380715,10,England,male,161,4,216,12,1,16,4.47
380716,10,England,male,328,7,300,24,3,21,6.56
380716,13,West Indies,male,270,10,298,23,4,9,5.44
383275,10,England,male,203,9,300,11,3,10,4.06
383275,14,Ireland,male,112,9,120,11,1,12,5.6
383283,17,Australia,female,133,10,298,12,0,18,2.68
383283,21,England,female,134,1,162,13,0,10,4.96
385025,44,Kenya,male,234,10,297,22,4,3,4.73
385025,6,Zimbabwe,male,236,6,289,23,4,17,4.9
385749,11,Sri Lanka,male,219,10,272,21,0,11,4.83
385749,2,Pakistan,male,220,2,276,26,0,6,4.78
385750,11,Sri Lanka,male,290,8,300,28,2,16,5.8
385750,2,Pakistan,male,161,10,209,14,1,12,4.62
385751,11,Sri Lanka,male,309,5,300,23,1,19,6.18
385751,2,Pakistan,male,75,10,137,8,1,7,3.28
386530,11,Sri Lanka,male,246,7,300,15,4,5,4.92
386530,7,India,male,247,4,289,18,1,17,5.13
386531,7,India,male,256,9,300,21,3,10,5.12
386531,11,Sri Lanka,male,241,10,296,16,1,18,4.89
386532,7,India,male,363,5,300,42,5,10,7.26
386532,11,Sri Lanka,male,216,10,250,22,2,8,5.18
386533,7,India,male,332,5,300,24,4,25,6.64
386533,11,Sri Lanka,male,265,10,288,20,4,8,5.52
386534,11,Sri Lanka,male,320,8,300,32,2,19,6.4
386534,7,India,male,252,10,293,22,3,10,5.16
387566,9,South Africa,male,250,9,300,21,3,10,5.0
387566,10,England,male,252,3,276,23,3,13,5.48
387567,9,South Africa,male,354,6,300,34,1,14,7.08
387567,10,England,male,242,10,249,20,5,14,5.83
387568,9,South Africa,male,119,10,221,15,0,5,3.23
387568,10,England,male,121,3,188,18,0,4,3.86
390204,4,Scotland,male,232,7,300,18,6,25,4.64
390204,14,Ireland,male,233,3,226,23,7,18,6.19
390227,34,Canada,male,252,7,300,19,5,29,5.04
390227,4,Scotland,male,104,10,185,12,1,5,3.37
392616,1,Australia,male,168,10,233,11,3,8,4.33
392616,2,Pakistan,male,171,6,265,24,0,12,3.87
392617,2,Pakistan,male,207,10,278,26,2,3,4.47
392617,1,Australia,male,208,4,271,14,2,15,4.61
392618,1,Australia,male,198,7,300,19,1,12,3.96
392618,2,Pakistan,male,171,10,283,15,1,16,3.63
392619,2,Pakistan,male,197,10,291,13,1,9,4.06
392619,1,Australia,male,200,2,266,21,1,14,4.51
392620,1,Australia,male,250,4,300,19,2,11,5.0
392620,2,Pakistan,male,254,3,282,27,0,16,5.4
401073,8,Bangladesh,male,246,9,300,15,2,19,4.92
401073,13,West Indies,male,194,10,262,10,1,7,4.44
401074,13,West Indies,male,274,6,300,19,4,13,5.48
401074,8,Bangladesh,male,276,7,294,15,2,27,5.63
401075,13,West Indies,male,248,10,286,26,6,20,5.2
401075,8,Bangladesh,male,249,7,293,24,4,10,5.1
403370,11,Sri Lanka,male,232,9,300,17,1,10,4.64
403370,2,Pakistan,male,196,10,268,19,1,11,4.39
403371,2,Pakistan,male,168,10,282,14,0,26,3.57
403371,11,Sri Lanka,male,169,4,262,17,1,10,3.87
403372,2,Pakistan,male,288,8,300,27,6,11,5.76
403372,11,Sri Lanka,male,289,4,279,31,1,13,6.22
403373,2,Pakistan,male,321,5,300,21,4,33,6.42
403373,11,Sri Lanka,male,175,10,217,18,2,4,4.84
403374,2,Pakistan,male,279,8,300,23,2,8,5.58
403374,11,Sri Lanka,male,147,10,206,12,1,14,4.28
403380,11,Sri Lanka,male,216,7,300,17,0,5,4.32
403380,3,New Zealand,male,119,10,217,5,1,17,3.29
403381,11,Sri Lanka,male,307,6,300,33,0,15,6.14
403381,7,India,male,168,10,224,16,1,16,4.5
403382,3,New Zealand,male,155,10,279,9,0,5,3.33
403382,7,India,male,156,4,243,16,2,4,3.85
403383,7,India,male,319,5,300,22,3,20,6.38
403383,11,Sri Lanka,male,273,10,280,28,1,15,5.85
406192,1,Australia,male,256,8,300,12,2,23,5.12
406192,13,West Indies,male,143,10,206,11,0,22,4.17
406193,13,West Indies,male,170,10,238,18,1,11,4.29
406193,1,Australia,male,171,2,159,21,5,7,6.45
406194,1,Australia,male,225,10,299,16,1,17,4.52
406194,13,West Indies,male,6,0,6,0,0,6,6.0
406195,1,Australia,male,324,7,300,22,6,17,6.48
406195,13,West Indies,male,274,8,300,23,5,17,5.48
406196,1,Australia,male,324,5,300,21,8,9,6.48
406196,13,West Indies,male,199,10,221,14,8,5,5.4
406202,2,Pakistan,male,274,10,298,28,3,11,5.52
406202,1,Australia,male,275,5,291,14,4,23,5.67
406203,1,Australia,male,267,6,300,23,2,7,5.34
406203,2,Pakistan,male,127,10,225,5,5,5,3.39
406204,1,Australia,male,286,6,300,23,1,12,5.72
406204,2,Pakistan,male,246,10,286,21,2,14,5.16
406205,1,Australia,male,277,8,300,16,6,9,5.54
406205,2,Pakistan,male,142,10,227,9,3,9,3.75
406206,2,Pakistan,male,212,10,297,13,2,12,4.28
406206,1,Australia,male,213,8,296,17,1,10,4.32
410337,6,Zimbabwe,male,207,10,287,12,3,8,4.33
410337,8,Bangladesh,male,211,2,207,25,2,13,6.12
410338,8,Bangladesh,male,320,8,300,27,5,18,6.4
410338,6,Zimbabwe,male,271,10,277,15,6,10,5.87
410339,6,Zimbabwe,male,323,7,299,15,11,8,6.48
410339,8,Bangladesh,male,254,10,266,12,7,11,5.73
410340,6,Zimbabwe,male,312,8,300,21,9,17,6.24
410340,8,Bangladesh,male,313,6,289,21,7,17,6.5
410341,6,Zimbabwe,male,209,10,280,20,2,9,4.48
410341,8,Bangladesh,male,212,5,287,18,1,21,4.43
415162,44,Kenya,male,113,10,199,15,0,8,3.41
415162,34,Canada,male,117,1,98,14,4,4,7.16
415273,11,Sri Lanka,male,319,8,300,33,2,13,6.38
415273,9,South Africa,male,206,7,226,22,1,2,5.47
415274,13,West Indies,male,133,10,207,16,1,6,3.86
415274,2,Pakistan,male,134,5,183,15,1,14,4.39
415275,3,New Zealand,male,214,10,287,21,4,11,4.47
415275,9,South Africa,male,217,5,247,28,0,8,5.27
415276,11,Sri Lanka,male,212,10,285,19,2,25,4.46
415276,10,England,male,213,4,270,20,4,19,4.73
415277,1,Australia,male,275,8,300,26,4,23,5.5
415277,13,West Indies,male,225,9,281,18,3,36,4.8
415278,2,Pakistan,male,302,9,300,35,0,13,6.04
415278,7,India,male,248,10,269,19,4,22,5.53
415279,3,New Zealand,male,315,7,300,30,4,16,6.3
415279,11,Sri Lanka,male,277,10,280,25,9,8,5.94
415280,10,England,male,323,8,300,25,12,11,6.46
415280,9,South Africa,male,301,9,300,29,2,14,6.02
415281,1,Australia,male,234,4,255,18,3,9,5.51
415282,10,England,male,146,10,259,11,3,19,3.38
415282,3,New Zealand,male,147,6,163,14,4,11,5.41
415283,2,Pakistan,male,205,6,300,20,1,6,4.1
415283,1,Australia,male,206,8,300,18,2,14,4.12
415284,13,West Indies,male,129,10,216,10,1,12,3.58
415284,7,India,male,130,3,193,15,2,7,4.04
415285,10,England,male,257,10,286,26,4,7,5.39
415285,1,Australia,male,258,1,251,23,8,7,6.17
415286,2,Pakistan,male,233,9,300,26,1,13,4.66
415286,3,New Zealand,male,234,5,287,16,5,18,4.89
415287,3,New Zealand,male,200,9,300,18,0,12,4.0
415287,1,Australia,male,206,4,272,22,5,4,4.54
416236,1,Australia,male,292,8,300,32,5,8,5.84
416236,7,India,male,288,8,300,27,6,24,5.76
416237,7,India,male,354,7,300,30,6,23,7.08
416237,1,Australia,male,255,10,291,24,2,13,5.26
416238,1,Australia,male,229,5,300,13,2,10,4.58
416238,7,India,male,230,4,290,18,2,23,4.76
416239,1,Australia,male,250,10,296,16,3,11,5.07
416239,7,India,male,226,10,280,26,1,27,4.84
416240,1,Australia,male,350,4,300,23,13,12,7.0
416240,7,India,male,347,10,298,32,9,17,6.99
416241,7,India,male,170,10,288,17,2,9,3.54
416241,1,Australia,male,172,4,251,20,0,9,4.11
422626,8,Bangladesh,male,186,10,281,16,5,7,3.97
422626,6,Zimbabwe,male,189,5,208,18,3,14,5.45
422627,6,Zimbabwe,male,219,10,284,18,3,19,4.63
422627,8,Bangladesh,male,221,3,177,25,5,25,7.49
422628,6,Zimbabwe,male,196,10,247,20,3,12,4.76
422628,8,Bangladesh,male,198,6,244,22,4,9,4.87
422629,6,Zimbabwe,male,44,10,149,3,0,3,1.77
422629,8,Bangladesh,male,49,4,71,4,1,8,4.14
422630,6,Zimbabwe,male,221,9,300,18,4,12,4.42
422630,8,Bangladesh,male,222,9,294,16,6,15,4.53
423387,25,West Indies,female,160,10,295,16,0,3,3.25
423387,16,South Africa,female,163,3,244,10,0,22,4.01
423783,3,New Zealand,male,336,9,300,31,8,13,6.72
423783,8,Bangladesh,male,190,10,263,18,3,15,4.33
423784,8,Bangladesh,male,183,8,300,18,4,8,3.66
423784,3,New Zealand,male,185,5,165,17,6,14,6.73
423785,8,Bangladesh,male,241,9,300,25,0,21,4.82
423785,3,New Zealand,male,244,7,269,23,7,10,5.44
423791,1,Australia,male,275,8,300,27,2,2,5.5
423791,3,New Zealand,male,281,8,296,32,3,12,5.7
423792,1,Australia,male,273,7,300,20,8,6,5.46
423792,3,New Zealand,male,253,10,260,26,5,14,5.84
423793,3,New Zealand,male,245,10,278,19,6,10,5.29
423793,1,Australia,male,248,4,284,23,6,7,5.24
423794,3,New Zealand,male,238,10,265,12,9,24,5.39
423794,1,Australia,male,202,4,187,25,3,8,6.48
423795,3,New Zealand,male,241,9,300,13,3,29,4.82
423795,1,Australia,male,190,10,277,16,0,5,4.12
426384,1,Australia,male,231,9,300,18,3,13,4.62
426384,14,Ireland,male,192,10,252,25,1,17,4.57
426387,1,Australia,male,267,7,300,26,0,7,5.34
426387,10,England,male,268,6,276,33,2,13,5.83
426388,1,Australia,male,239,7,300,24,2,3,4.78
426388,10,England,male,243,6,272,18,5,10,5.36
426389,1,Australia,male,212,10,276,20,2,6,4.61
426389,10,England,male,214,9,295,19,2,12,4.35
426390,1,Australia,male,290,5,300,28,1,14,5.8
426390,10,England,male,212,10,256,17,3,7,4.97
426391,1,Australia,male,277,7,300,23,6,9,5.54
426391,10,England,male,235,10,279,22,2,18,5.05
426403,8,Bangladesh,male,250,9,300,21,2,19,5.0
426403,10,England,male,251,4,271,19,2,19,5.56
426404,8,Bangladesh,male,236,7,300,15,2,19,4.72
426404,10,England,male,231,10,297,15,5,20,4.67
426405,10,England,male,347,7,300,33,9,11,6.94
426405,8,Bangladesh,male,203,10,270,23,3,12,4.51
426420,8,Bangladesh,male,228,10,274,21,3,10,4.99
426420,10,England,male,229,4,276,23,0,7,4.98
426421,8,Bangladesh,male,260,6,300,19,1,14,5.2
426421,10,England,male,261,8,293,22,3,9,5.34
426422,10,England,male,284,5,300,21,7,13,5.68
426422,8,Bangladesh,male,239,9,300,20,1,17,4.78
426428,10,England,male,274,6,246,23,6,13,6.68
426428,2,Pakistan,male,250,9,246,27,1,9,6.1
426429,2,Pakistan,male,294,8,300,28,3,17,5.88
426429,10,England,male,295,6,297,23,1,16,5.96
426430,2,Pakistan,male,241,10,298,17,2,14,4.85
426430,10,England,male,218,10,274,22,0,14,4.77
426431,2,Pakistan,male,265,7,300,23,5,23,5.3
426431,10,England,male,227,10,277,20,0,21,4.92
426432,10,England,male,256,6,300,17,2,10,5.12
426432,2,Pakistan,male,135,10,222,13,0,6,3.65
426720,2,Pakistan,male,287,9,300,16,9,21,5.74
426720,3,New Zealand,male,149,10,236,14,0,11,3.79
426721,3,New Zealand,male,303,8,300,23,6,18,6.06
426721,2,Pakistan,male,239,10,284,21,2,14,5.05
426722,3,New Zealand,male,211,10,279,9,4,12,4.54
426722,2,Pakistan,male,204,10,295,18,3,13,4.15
430508,9,South Africa,male,295,5,300,26,5,16,5.9
430508,6,Zimbabwe,male,250,6,300,18,4,14,5.0
430509,9,South Africa,male,331,5,300,28,7,23,6.62
430509,6,Zimbabwe,male,119,10,207,14,1,5,3.45
430886,7,India,male,414,7,300,43,12,27,8.28
430886,11,Sri Lanka,male,411,8,300,37,12,21,8.22
430887,7,India,male,301,7,300,26,5,11,6.02
430887,11,Sri Lanka,male,302,7,295,26,2,9,6.14
430888,11,Sri Lanka,male,239,10,266,24,3,9,5.39
430888,7,India,male,243,3,255,32,1,16,5.72
430889,11,Sri Lanka,male,315,6,300,37,3,13,6.3
430889,7,India,male,317,3,289,31,1,23,6.58
430890,11,Sri Lanka,male,83,5,141,8,0,10,3.53
433558,7,India,male,370,4,300,29,7,20,7.4
433558,8,Bangladesh,male,283,9,300,18,3,24,5.66
433559,44,Kenya,male,69,10,143,4,0,10,2.9
433559,3,New Zealand,male,72,0,48,9,2,7,9.0
433560,11,Sri Lanka,male,332,7,300,33,2,12,6.64
433560,34,Canada,male,122,10,221,9,2,13,3.31
433561,1,Australia,male,262,6,300,18,3,14,5.24
433561,6,Zimbabwe,male,171,10,278,11,2,18,3.69
433562,30,Netherlands,male,292,6,300,27,3,11,5.84
433562,10,England,male,296,4,292,24,1,14,6.08
433563,2,Pakistan,male,317,7,300,19,3,46,6.34
433563,44,Kenya,male,112,10,199,8,3,11,3.38
433564,13,West Indies,male,222,10,285,15,5,15,4.67
433564,9,South Africa,male,223,3,257,13,2,11,5.21
433565,3,New Zealand,male,206,10,271,21,0,24,4.56
433565,1,Australia,male,207,3,204,22,1,32,6.09
433566,8,Bangladesh,male,205,10,296,18,0,11,4.16
433566,14,Ireland,male,178,10,269,13,1,13,3.97
433567,2,Pakistan,male,277,7,300,25,1,9,5.54
433567,11,Sri Lanka,male,266,9,300,23,2,29,5.32
433568,7,India,male,338,10,299,35,7,15,6.78
433568,10,England,male,338,8,300,29,5,11,6.76
433569,13,West Indies,male,330,8,300,33,9,21,6.6
433569,30,Netherlands,male,115,10,189,15,0,2,3.65
433570,6,Zimbabwe,male,298,9,299,26,2,4,5.98
433570,34,Canada,male,123,10,253,10,2,9,2.92
433571,44,Kenya,male,142,10,262,10,0,19,3.25
433571,11,Sri Lanka,male,146,1,112,23,0,8,7.82
433572,10,England,male,327,8,300,26,5,23,6.54
433572,14,Ireland,male,329,7,295,33,9,33,6.69
433573,9,South Africa,male,351,5,300,25,8,24,7.02
433573,30,Netherlands,male,120,10,209,8,2,8,3.44
433574,2,Pakistan,male,184,10,258,15,1,24,4.28
433574,34,Canada,male,138,10,257,10,1,23,3.22
433575,6,Zimbabwe,male,162,10,278,13,0,7,3.5
433575,3,New Zealand,male,166,0,201,13,4,4,4.96
433576,8,Bangladesh,male,58,10,113,7,0,2,3.08
433576,13,West Indies,male,59,1,74,8,0,7,4.78
433577,11,Sri Lanka,male,146,3,197,13,0,6,4.45
433578,14,Ireland,male,207,10,287,16,1,18,4.33
433578,7,India,male,210,5,276,17,3,9,4.57
433579,10,England,male,171,10,274,11,1,20,3.74
433579,9,South Africa,male,165,10,286,13,0,6,3.46
433580,44,Kenya,male,198,10,300,16,2,14,3.96
433580,34,Canada,male,199,5,273,21,3,13,4.37
433581,3,New Zealand,male,302,7,300,19,13,24,6.04
433581,2,Pakistan,male,192,10,250,20,2,10,4.61
433582,30,Netherlands,male,189,10,280,15,4,12,4.05
433582,7,India,male,191,5,219,26,3,4,5.23
433583,11,Sri Lanka,male,327,6,300,37,1,15,6.54
433583,6,Zimbabwe,male,188,10,234,17,1,16,4.82
433584,13,West Indies,male,275,10,300,24,6,12,5.5
433584,14,Ireland,male,231,10,294,24,1,8,4.71
433585,10,England,male,225,10,298,17,0,10,4.53
433585,8,Bangladesh,male,227,8,294,20,1,33,4.63
433586,7,India,male,296,10,292,27,4,15,6.08
433586,9,South Africa,male,300,7,298,24,5,8,6.04
433587,3,New Zealand,male,358,6,300,35,12,18,7.16
433587,34,Canada,male,261,9,300,25,3,17,5.22
433588,1,Australia,male,324,6,300,32,3,24,6.48
433588,44,Kenya,male,264,6,300,24,7,23,5.28
433589,6,Zimbabwe,male,151,7,238,12,0,5,3.81
433589,2,Pakistan,male,164,3,205,15,0,13,4.8
433590,30,Netherlands,male,160,10,278,8,2,9,3.45
433590,8,Bangladesh,male,166,4,248,15,1,9,4.02
433591,9,South Africa,male,272,7,300,25,3,9,5.44
433591,14,Ireland,male,141,10,200,16,3,4,4.23
433592,34,Canada,male,211,10,274,21,3,16,4.62
433592,1,Australia,male,212,3,209,24,6,3,6.09
433593,10,England,male,243,10,292,22,1,22,4.99
433593,13,West Indies,male,225,10,268,18,9,11,5.04
433594,11,Sri Lanka,male,265,9,300,22,4,19,5.3
433594,3,New Zealand,male,153,10,210,13,1,11,4.37
433595,30,Netherlands,male,306,10,300,34,4,17,6.12
433595,14,Ireland,male,307,4,286,36,6,11,6.44
433596,1,Australia,male,176,10,280,10,1,15,3.77
433596,2,Pakistan,male,178,6,246,21,1,7,4.34
433597,9,South Africa,male,284,8,300,27,2,7,5.68
433597,8,Bangladesh,male,78,10,168,10,0,8,2.79
433598,6,Zimbabwe,male,308,6,300,36,6,19,6.16
433598,44,Kenya,male,147,10,216,17,2,7,4.08
433599,7,India,male,268,10,295,23,2,16,5.45
433599,13,West Indies,male,188,10,258,13,3,14,4.37
433600,13,West Indies,male,112,10,261,7,1,11,2.57
433600,2,Pakistan,male,113,0,125,17,0,5,5.42
433601,1,Australia,male,260,6,300,21,3,11,5.2
433601,7,India,male,261,5,286,23,1,21,5.48
433602,3,New Zealand,male,221,8,300,15,2,14,4.42
433602,9,South Africa,male,172,10,260,14,1,3,3.97
433603,10,England,male,229,6,300,12,0,9,4.58
433603,11,Sri Lanka,male,231,0,237,22,3,21,5.85
433604,3,New Zealand,male,217,10,293,16,2,12,4.44
433604,11,Sri Lanka,male,220,5,287,27,4,12,4.6
433605,7,India,male,260,9,300,30,0,18,5.2
433605,2,Pakistan,male,231,10,299,20,3,8,4.64
433606,11,Sri Lanka,male,274,6,300,27,2,12,5.48
433606,7,India,male,277,4,290,25,2,15,5.73
434258,8,Bangladesh,male,260,7,300,20,3,18,5.2
434258,11,Sri Lanka,male,261,3,269,30,0,24,5.82
434259,7,India,male,279,9,300,27,3,22,5.58
434259,11,Sri Lanka,male,283,5,288,30,1,18,5.9
434260,8,Bangladesh,male,296,6,300,27,3,25,5.92
434260,7,India,male,297,4,285,25,1,22,6.25
434261,8,Bangladesh,male,249,9,300,17,4,14,4.98
434261,11,Sri Lanka,male,252,1,257,33,0,9,5.88
434262,11,Sri Lanka,male,213,10,277,28,0,10,4.61
434262,7,India,male,214,2,196,28,0,16,6.55
434263,8,Bangladesh,male,247,6,300,25,3,11,4.94
434263,7,India,male,249,4,258,24,1,9,5.79
434264,7,India,male,245,10,290,22,2,10,5.07
434264,11,Sri Lanka,male,249,6,291,25,0,6,5.13
439140,6,Zimbabwe,male,254,5,300,19,2,16,5.08
439140,13,West Indies,male,252,9,300,13,6,22,5.04
439141,6,Zimbabwe,male,206,10,299,17,2,11,4.13
439141,13,West Indies,male,208,6,287,15,4,21,4.35
439142,13,West Indies,male,245,9,300,11,5,15,4.9
439142,6,Zimbabwe,male,104,10,191,7,1,7,3.27
439143,6,Zimbabwe,male,141,10,290,6,3,26,2.92
439143,13,West Indies,male,142,6,206,12,3,10,4.14
439144,6,Zimbabwe,male,161,10,300,10,0,24,3.22
439144,13,West Indies,male,165,6,166,16,5,10,5.96
439147,9,South Africa,male,280,7,288,16,5,13,5.83
439147,13,West Indies,male,215,10,265,20,3,9,4.87
439148,9,South Africa,male,300,5,300,17,3,10,6.0
439148,13,West Indies,male,283,10,289,17,9,19,5.88
439149,9,South Africa,male,224,10,284,13,2,2,4.73
439149,13,West Indies,male,157,10,228,6,3,12,4.13
439150,13,West Indies,male,303,6,300,21,5,19,6.06
439150,9,South Africa,male,304,3,300,17,3,12,6.08
439151,13,West Indies,male,252,6,300,14,6,14,5.04
439151,9,South Africa,male,255,9,298,17,1,15,5.13
441827,7,India,male,298,9,300,25,6,20,5.96
441827,9,South Africa,male,297,10,300,23,6,13,5.94
441828,7,India,male,401,3,300,41,12,9,8.02
441828,9,South Africa,male,248,10,257,30,3,17,5.79
441829,9,South Africa,male,365,2,300,31,10,4,7.3
441829,7,India,male,275,10,267,21,6,9,6.18
446957,1,Australia,male,239,8,300,14,0,10,4.78
446957,11,Sri Lanka,male,243,9,266,24,3,14,5.48
446958,11,Sri Lanka,male,213,3,247,17,0,13,5.17
446958,1,Australia,male,210,10,226,8,3,9,5.58
446959,11,Sri Lanka,male,115,10,192,7,0,25,3.59
446959,1,Australia,male,119,2,130,10,1,17,5.49
446962,10,England,male,294,10,298,21,5,17,5.92
446962,1,Australia,male,297,4,295,22,5,10,6.04
446963,1,Australia,male,230,10,290,17,2,15,4.76
446963,10,England,male,184,10,270,11,1,20,4.09
446964,10,England,male,214,10,288,10,0,10,4.46
446964,1,Australia,male,215,6,276,19,3,18,4.67
446965,10,England,male,299,8,300,25,2,16,5.98
446965,1,Australia,male,278,7,300,21,1,20,5.56
446966,1,Australia,male,249,10,297,24,2,17,5.03
446966,10,England,male,198,10,273,17,2,13,4.35
446967,10,England,male,333,6,300,29,0,13,6.66
446967,1,Australia,male,334,8,297,21,5,11,6.75
446968,1,Australia,male,279,7,300,17,2,30,5.58
446968,10,England,male,222,10,264,15,2,27,5.05
450107,14,Ireland,male,189,9,276,17,1,13,4.11
450107,8,Bangladesh,male,191,4,225,19,1,19,5.09
450379,34,Canada,male,154,9,300,7,0,8,3.08
450379,14,Ireland,male,155,5,235,17,0,10,3.96
452146,7,India,male,285,5,300,17,5,29,5.7
452146,6,Zimbabwe,male,289,4,290,18,6,12,5.98
452147,11,Sri Lanka,male,242,10,299,12,5,7,4.86
452147,7,India,male,243,3,261,17,2,4,5.59
452148,6,Zimbabwe,male,118,10,149,4,2,13,4.75
452148,11,Sri Lanka,male,119,1,92,15,1,9,7.76
452149,7,India,male,194,9,300,9,3,14,3.88
452149,6,Zimbabwe,male,197,3,230,14,3,8,5.14
452150,7,India,male,268,9,300,24,3,12,5.36
452150,11,Sri Lanka,male,270,4,290,23,7,6,5.59
452151,11,Sri Lanka,male,236,10,287,17,3,9,4.93
452151,6,Zimbabwe,male,240,2,287,13,3,18,5.02
452152,6,Zimbabwe,male,199,10,294,12,0,10,4.06
452152,11,Sri Lanka,male,203,1,208,23,1,7,5.86
455231,11,Sri Lanka,male,242,9,300,17,1,11,4.84
455231,2,Pakistan,male,226,10,282,12,7,15,4.81
455232,8,Bangladesh,male,167,10,209,15,1,21,4.79
455232,7,India,male,168,4,184,11,1,25,5.48
455233,11,Sri Lanka,male,312,4,299,28,5,13,6.26
455233,8,Bangladesh,male,186,10,242,17,1,18,4.61
455234,2,Pakistan,male,267,10,297,20,4,11,5.39
455234,7,India,male,271,7,299,14,6,24,5.44
455235,2,Pakistan,male,385,7,300,41,10,11,7.7
455235,8,Bangladesh,male,246,5,300,19,2,12,4.92
455236,7,India,male,209,10,255,23,1,6,4.92
455236,11,Sri Lanka,male,211,3,225,25,2,16,5.63
455237,7,India,male,268,6,300,24,1,19,5.36
455237,11,Sri Lanka,male,187,10,268,16,1,18,4.19
456662,3,New Zealand,male,288,10,293,27,3,22,5.9
456662,7,India,male,88,10,177,10,0,9,2.98
456663,11,Sri Lanka,male,170,10,277,16,0,11,3.68
456663,7,India,male,171,4,207,15,2,18,4.96
456664,3,New Zealand,male,192,10,289,12,1,22,3.99
456664,11,Sri Lanka,male,195,7,245,20,1,13,4.78
456665,7,India,male,223,10,279,27,1,22,4.8
456665,3,New Zealand,male,118,10,181,12,4,13,3.91
456666,7,India,male,103,10,202,12,1,8,3.06
456666,11,Sri Lanka,male,104,2,91,18,0,11,6.86
456668,11,Sri Lanka,male,299,8,300,30,2,24,5.98
456668,7,India,male,225,10,281,22,4,17,4.8
461566,2,Pakistan,male,203,10,294,12,1,12,4.14
461566,9,South Africa,male,207,2,237,18,2,15,5.24
461567,9,South Africa,male,286,8,300,25,2,11,5.72
461567,2,Pakistan,male,289,9,299,22,12,10,5.8
461568,9,South Africa,male,228,9,300,12,0,13,4.56
461568,2,Pakistan,male,226,9,300,12,2,19,4.52
461569,9,South Africa,male,274,6,300,22,0,17,5.48
461569,2,Pakistan,male,275,9,299,18,0,17,5.52
461570,9,South Africa,male,317,5,300,31,1,9,6.34
461570,2,Pakistan,male,260,10,269,19,6,13,5.8
463143,9,South Africa,male,351,6,300,32,4,16,7.02
463143,6,Zimbabwe,male,287,6,300,25,0,21,5.74
463144,6,Zimbabwe,male,268,10,290,18,4,21,5.54
463144,9,South Africa,male,273,2,234,23,6,7,7.0
463145,9,South Africa,male,399,6,300,28,15,21,7.98
463145,6,Zimbabwe,male,127,10,174,11,3,2,4.38
463150,9,South Africa,male,289,9,300,19,3,13,5.78
463150,7,India,male,154,10,214,6,2,14,4.32
463151,7,India,male,190,10,284,14,0,7,4.01
463151,9,South Africa,male,189,10,258,17,2,6,4.4
463152,9,South Africa,male,220,10,296,11,0,4,4.46
463152,7,India,male,223,8,290,23,5,11,4.61
463153,9,South Africa,male,265,7,300,19,1,14,5.3
463153,7,India,male,142,6,197,10,3,4,4.32
463154,9,South Africa,male,250,9,276,22,0,11,5.43
463154,7,India,male,234,10,242,24,9,11,5.8
464529,1,Australia,male,289,3,300,21,7,11,5.78
464529,7,India,male,292,5,293,30,2,18,5.98
464720,30,Netherlands,male,125,10,284,13,1,15,2.64
464720,14,Ireland,male,129,1,123,13,6,4,6.29
464723,14,Ireland,male,175,9,210,12,2,4,5.0
464723,34,Canada,male,163,4,198,16,1,14,4.94
464990,13,West Indies,male,245,5,300,13,4,7,4.9
464991,13,West Indies,male,203,10,300,9,4,18,4.06
464991,11,Sri Lanka,male,199,2,255,14,0,19,4.68
464992,11,Sri Lanka,male,277,9,300,15,3,16,5.54
464992,13,West Indies,male,251,10,294,17,4,15,5.12
467883,7,India,male,276,10,294,33,1,11,5.63
467883,3,New Zealand,male,236,10,272,20,5,4,5.21
467884,3,New Zealand,male,258,8,300,20,4,11,5.16
467884,7,India,male,259,2,258,29,1,8,6.02
467885,3,New Zealand,male,224,9,300,16,3,26,4.48
467885,7,India,male,229,1,237,25,3,10,5.8
467886,3,New Zealand,male,315,7,300,34,5,20,6.3
467886,7,India,male,321,5,293,27,10,17,6.57
467887,3,New Zealand,male,103,10,162,12,1,2,3.81
467887,7,India,male,107,2,127,12,3,7,5.06
473315,11,Sri Lanka,male,203,3,262,22,2,7,4.65
473923,2,Pakistan,male,124,10,225,9,1,10,3.31
473923,3,New Zealand,male,125,1,104,11,3,7,7.21
473924,2,Pakistan,male,31,0,26,4,1,2,7.15
473925,2,Pakistan,male,293,7,300,24,9,10,5.86
473925,3,New Zealand,male,250,9,300,13,5,19,5.0
473926,3,New Zealand,male,262,7,300,25,2,33,5.24
473926,2,Pakistan,male,264,8,294,24,3,4,5.39
473927,2,Pakistan,male,268,9,300,22,4,14,5.36
473927,3,New Zealand,male,227,10,281,16,2,16,4.85
473928,3,New Zealand,male,311,7,300,25,12,12,6.22
473928,2,Pakistan,male,254,10,265,20,6,10,5.75
474467,10,England,male,229,8,192,24,2,19,7.16
474467,11,Sri Lanka,male,121,10,162,12,1,10,4.48
474468,11,Sri Lanka,male,309,5,300,30,1,16,6.18
474468,10,England,male,240,10,275,17,4,7,5.24
474469,10,England,male,246,7,300,22,1,9,4.92
474469,11,Sri Lanka,male,249,4,290,23,2,25,5.15
474470,11,Sri Lanka,male,174,10,262,16,2,10,3.98
474470,10,England,male,171,0,143,24,3,4,7.17
474471,10,England,male,268,9,300,13,1,22,5.36
474471,11,Sri Lanka,male,252,10,290,19,3,13,5.21
474477,7,India,male,274,7,300,26,2,8,5.48
474477,10,England,male,27,2,44,5,0,1,3.68
474478,7,India,male,187,8,138,15,6,6,8.13
474478,10,England,male,188,3,133,16,4,4,8.48
474479,7,India,male,234,7,300,21,1,17,4.68
474479,10,England,male,218,7,251,15,4,8,5.21
474480,7,India,male,280,5,300,25,7,18,5.6
474480,10,England,male,270,8,293,22,1,8,5.53
474481,7,India,male,304,6,300,21,4,18,6.08
474481,10,England,male,241,4,194,16,8,3,7.45
476596,8,Bangladesh,male,228,10,297,23,1,18,4.61
476596,3,New Zealand,male,200,8,222,14,3,11,5.41
476598,3,New Zealand,male,173,10,257,7,9,5,4.04
476598,8,Bangladesh,male,177,3,240,21,0,9,4.42
476599,8,Bangladesh,male,241,10,289,25,1,9,5.0
476599,3,New Zealand,male,232,10,297,12,2,7,4.69
476600,8,Bangladesh,male,174,10,266,13,2,17,3.92
476600,3,New Zealand,male,171,10,297,10,3,20,3.45
483126,10,England,male,201,8,252,18,3,6,4.79
483126,14,Ireland,male,117,8,138,11,4,6,5.09
486520,6,Zimbabwe,male,209,10,294,19,0,16,4.27
486520,8,Bangladesh,male,200,10,294,21,0,10,4.08
486522,6,Zimbabwe,male,191,10,278,17,1,8,4.12
486522,8,Bangladesh,male,194,4,239,19,4,6,4.87
486523,8,Bangladesh,male,246,7,300,22,1,22,4.92
486523,6,Zimbabwe,male,181,10,289,13,3,24,3.76
486526,6,Zimbabwe,male,188,6,300,7,2,14,3.76
486526,8,Bangladesh,male,189,4,258,6,7,19,4.4
489213,13,West Indies,male,221,6,300,9,3,30,4.42
489213,2,Pakistan,male,222,2,249,23,2,12,5.35
489214,13,West Indies,male,220,10,300,17,4,25,4.4
489214,2,Pakistan,male,223,3,288,15,2,6,4.65
489215,13,West Indies,male,171,10,262,10,4,11,3.92
489215,2,Pakistan,male,177,7,241,13,4,13,4.41
489216,2,Pakistan,male,248,9,300,14,5,7,4.96
489216,13,West Indies,male,154,4,179,9,4,10,5.16
489217,2,Pakistan,male,139,10,248,11,1,5,3.36
489217,13,West Indies,male,140,0,141,10,3,23,5.96
489221,13,West Indies,male,214,9,300,13,3,19,4.28
489221,7,India,male,217,6,269,13,4,7,4.84
489222,13,West Indies,male,240,9,300,16,6,24,4.8
489222,7,India,male,183,3,202,10,4,10,5.44
489223,13,West Indies,male,225,8,300,14,7,6,4.5
489223,7,India,male,228,7,278,12,6,11,4.92
489224,13,West Indies,male,249,8,300,17,6,18,4.98
489224,7,India,male,146,10,234,5,1,8,3.74
489225,7,India,male,251,10,285,17,3,21,5.28
489225,13,West Indies,male,255,3,292,15,8,19,5.24
503363,1,Australia,male,270,7,301,19,7,8,5.38
503363,8,Bangladesh,male,210,5,300,12,3,14,4.2
503364,8,Bangladesh,male,229,7,300,23,1,10,4.58
503364,1,Australia,male,232,1,156,18,16,2,8.92
503365,1,Australia,male,361,8,300,37,9,8,7.22
503365,8,Bangladesh,male,295,6,300,26,5,16,5.9
504779,30,Netherlands,male,180,9,300,10,1,8,3.6
504779,4,Scotland,male,162,5,235,17,1,0,4.14
514025,1,Australia,male,183,4,174,22,3,9,6.31
514025,9,South Africa,male,129,10,132,13,3,8,5.86
514026,9,South Africa,male,303,6,300,24,5,28,6.06
514026,1,Australia,male,223,10,300,16,1,11,4.46
514027,9,South Africa,male,222,6,300,15,2,20,4.44
514027,1,Australia,male,227,7,285,20,4,21,4.78
514035,9,South Africa,male,301,8,300,22,3,17,6.02
514035,11,Sri Lanka,male,43,10,121,3,0,4,2.13
514036,11,Sri Lanka,male,236,6,300,16,4,6,4.72
514036,9,South Africa,male,237,5,292,15,3,4,4.87
514037,11,Sri Lanka,male,266,9,300,17,4,9,5.32
514037,9,South Africa,male,179,5,204,16,0,4,5.26
514038,9,South Africa,male,299,7,300,23,6,10,5.98
514038,11,Sri Lanka,male,304,5,292,16,9,17,6.25
514039,9,South Africa,male,312,4,300,26,8,9,6.24
514039,11,Sri Lanka,male,314,8,299,31,2,21,6.3
516206,11,Sri Lanka,male,191,10,247,24,3,5,4.64
516206,1,Australia,male,192,3,229,12,6,3,5.03
516207,11,Sri Lanka,male,208,10,297,13,2,11,4.2
516207,1,Australia,male,211,2,230,17,4,13,5.5
516208,11,Sri Lanka,male,286,9,300,24,3,14,5.72
516208,1,Australia,male,208,10,266,16,1,20,4.69
516209,11,Sri Lanka,male,132,10,232,9,0,14,3.41
516209,1,Australia,male,133,5,168,19,1,8,4.75
516210,1,Australia,male,211,10,277,21,2,14,4.57
516210,11,Sri Lanka,male,213,6,282,21,1,22,4.53
518956,1,Australia,male,216,5,192,12,5,8,6.75
518956,7,India,male,151,10,178,9,0,7,5.09
518957,11,Sri Lanka,male,233,8,300,16,0,13,4.66
518957,7,India,male,234,6,280,24,1,7,5.01
518958,1,Australia,male,231,10,295,22,3,11,4.7
518958,11,Sri Lanka,male,226,10,299,18,1,9,4.54
518959,1,Australia,male,269,8,300,21,2,9,5.38
518959,7,India,male,270,6,298,15,3,12,5.44
518960,11,Sri Lanka,male,236,9,300,15,2,8,4.72
518960,7,India,male,236,9,299,15,2,8,4.74
518961,1,Australia,male,158,10,245,16,1,13,3.87
518961,11,Sri Lanka,male,152,2,145,14,2,10,6.29
518962,1,Australia,male,288,5,300,22,3,26,5.76
518962,7,India,male,178,10,261,9,3,16,4.09
518963,11,Sri Lanka,male,289,6,300,19,2,22,5.78
518963,7,India,male,238,10,271,18,0,16,5.27
518964,1,Australia,male,280,6,300,19,8,5,5.6
518964,11,Sri Lanka,male,283,7,296,20,2,15,5.74
518965,1,Australia,male,252,9,300,15,2,14,5.04
518965,7,India,male,165,10,237,13,2,23,4.18
518966,11,Sri Lanka,male,320,4,300,21,6,14,6.4
518966,7,India,male,321,3,220,33,4,16,8.75
518967,11,Sri Lanka,male,238,10,300,11,3,8,4.76
518967,1,Australia,male,229,10,295,15,1,16,4.66
518968,1,Australia,male,321,6,300,25,5,6,6.42
518968,11,Sri Lanka,male,306,10,296,24,4,17,6.2
518969,1,Australia,male,271,6,300,12,5,8,5.42
518969,11,Sri Lanka,male,274,2,266,25,1,20,6.18
518970,1,Australia,male,231,10,297,17,3,8,4.67
518970,11,Sri Lanka,male,215,10,293,16,1,21,4.4
520592,3,New Zealand,male,248,10,291,26,0,16,5.11
520592,6,Zimbabwe,male,158,10,247,19,1,3,3.84
520593,3,New Zealand,male,372,6,300,29,16,9,7.44
520593,6,Zimbabwe,male,231,8,300,15,3,12,4.62
520594,3,New Zealand,male,373,8,300,26,16,11,7.46
520594,6,Zimbabwe,male,171,10,264,10,3,3,3.89
520600,3,New Zealand,male,253,9,300,17,3,24,5.06
520600,9,South Africa,male,254,4,272,18,5,6,5.6
520601,3,New Zealand,male,230,10,285,24,5,10,4.84
520601,9,South Africa,male,231,4,230,30,0,10,6.03
520602,3,New Zealand,male,206,10,282,13,5,14,4.38
520602,9,South Africa,male,208,5,260,17,4,6,4.8
521218,7,India,male,300,7,300,22,5,23,6.0
521218,10,England,male,174,10,217,16,1,3,4.81
521219,10,England,male,237,10,290,21,4,16,4.9
521219,7,India,male,238,2,220,29,1,16,6.49
521220,10,England,male,298,4,300,30,4,3,5.96
521220,7,India,male,300,5,296,23,1,17,6.08
521221,10,England,male,220,10,277,21,3,20,4.77
521221,7,India,male,223,4,241,25,1,13,5.55
521222,7,India,male,271,8,300,25,5,10,5.42
521222,10,England,male,176,10,222,20,2,9,4.76
522246,8,Bangladesh,male,184,10,292,12,0,7,3.78
522246,6,Zimbabwe,male,186,6,248,13,3,9,4.5
522247,8,Bangladesh,male,188,10,285,13,1,15,3.96
522247,6,Zimbabwe,male,191,3,265,17,2,14,4.32
522248,6,Zimbabwe,male,250,7,300,19,5,6,5.0
522248,8,Bangladesh,male,245,10,296,19,2,6,4.97
522249,6,Zimbabwe,male,199,10,290,15,2,14,4.12
522249,8,Bangladesh,male,203,4,220,25,3,10,5.54
522250,8,Bangladesh,male,253,6,300,20,2,14,5.06
522250,6,Zimbabwe,male,160,9,230,15,2,5,4.17
523732,2,Pakistan,male,247,7,300,18,3,6,4.94
523732,6,Zimbabwe,male,242,7,300,19,3,7,4.84
523733,6,Zimbabwe,male,225,6,300,16,3,17,4.5
523733,2,Pakistan,male,228,0,253,19,1,14,5.41
523734,2,Pakistan,male,270,5,300,24,2,11,5.4
523734,6,Zimbabwe,male,242,9,300,18,3,5,4.84
523804,14,Ireland,male,328,6,300,26,6,6,6.56
523804,34,Canada,male,195,10,292,19,1,17,4.01
523805,14,Ireland,male,249,7,300,21,4,11,4.98
523805,34,Canada,male,193,10,279,10,4,19,4.15
527014,6,Zimbabwe,male,231,6,300,13,6,3,4.62
527014,3,New Zealand,male,232,1,261,19,3,11,5.33
527015,6,Zimbabwe,male,259,8,300,29,2,17,5.18
527015,3,New Zealand,male,261,6,290,18,4,11,5.4
527016,3,New Zealand,male,328,5,300,31,5,23,6.56
527016,6,Zimbabwe,male,329,9,299,27,9,10,6.6
527679,21,England,female,297,3,300,33,0,10,5.94
527679,16,South Africa,female,235,10,281,24,0,13,5.02
527680,21,England,female,315,6,300,42,0,10,6.3
527680,16,South Africa,female,219,10,285,17,0,16,4.61
527681,16,South Africa,female,181,9,300,12,0,11,3.62
527681,21,England,female,183,5,258,13,0,17,4.26
530427,11,Sri Lanka,male,131,10,243,5,3,19,3.23
530427,2,Pakistan,male,132,2,131,15,0,17,6.05
530428,11,Sri Lanka,male,235,7,300,19,1,25,4.7
530428,2,Pakistan,male,210,10,279,14,2,13,4.52
530429,2,Pakistan,male,257,8,300,22,2,14,5.14
530429,11,Sri Lanka,male,236,10,293,21,1,15,4.83
530430,2,Pakistan,male,200,10,297,13,3,10,4.04
530430,11,Sri Lanka,male,174,10,272,16,1,10,3.84
530431,11,Sri Lanka,male,218,9,300,13,3,17,4.36
530431,2,Pakistan,male,219,7,284,20,0,13,4.63
531631,10,England,male,260,7,300,23,0,17,5.2
531631,2,Pakistan,male,130,10,210,12,0,14,3.71
531632,10,England,male,250,4,300,19,1,16,5.0
531632,2,Pakistan,male,230,10,294,19,1,21,4.69
531633,2,Pakistan,male,222,10,300,12,3,14,4.44
531633,10,England,male,226,1,224,21,4,11,6.05
531634,2,Pakistan,male,237,10,300,16,1,8,4.74
531634,10,England,male,241,6,296,21,2,13,4.89
531983,13,West Indies,male,298,4,300,22,7,10,5.96
531983,8,Bangladesh,male,258,7,300,17,2,16,5.16
531984,8,Bangladesh,male,220,10,292,17,3,9,4.52
531984,13,West Indies,male,221,2,256,17,8,13,5.18
531985,13,West Indies,male,61,10,132,5,0,8,2.77
531985,8,Bangladesh,male,62,2,120,4,1,5,3.1
534209,10,England,male,288,6,300,23,2,10,5.76
534209,13,West Indies,male,172,10,202,16,2,3,5.11
534210,13,West Indies,male,238,9,300,19,9,9,4.76
534210,10,England,male,239,2,270,25,1,12,5.31
534214,14,Ireland,male,36,3,64,5,0,1,3.38
534215,10,England,male,272,5,300,21,4,8,5.44
534215,1,Australia,male,257,9,300,23,3,10,5.14
534216,1,Australia,male,251,7,300,20,1,25,5.02
534216,10,England,male,252,4,274,24,1,17,5.52
534218,1,Australia,male,200,9,300,19,2,7,4.0
534218,10,England,male,201,2,287,21,0,6,4.2
534219,1,Australia,male,145,7,192,11,3,3,4.53
534219,10,England,male,138,3,163,12,0,5,5.08
534228,10,England,male,37,0,33,3,2,1,6.73
534229,9,South Africa,male,287,5,300,26,0,6,5.74
534229,10,England,male,207,10,244,17,3,11,5.09
534230,9,South Africa,male,211,10,280,19,0,2,4.52
534230,10,England,male,212,6,288,16,3,8,4.42
534231,9,South Africa,male,220,8,300,15,2,13,4.4
534231,10,England,male,224,4,280,21,2,23,4.8
534232,10,England,male,182,10,272,19,0,9,4.01
534232,9,South Africa,male,186,3,207,19,1,9,5.39
535794,2,Pakistan,male,262,8,300,21,2,8,5.24
535794,8,Bangladesh,male,241,10,289,20,3,7,5.0
535795,7,India,male,304,3,300,24,2,14,6.08
535795,11,Sri Lanka,male,254,10,271,20,5,8,5.62
535796,11,Sri Lanka,male,188,10,274,14,1,9,4.12
535796,2,Pakistan,male,189,4,239,21,3,5,4.74
535797,7,India,male,289,5,300,25,3,18,5.78
535797,8,Bangladesh,male,293,5,296,24,6,12,5.94
535798,2,Pakistan,male,329,6,300,28,2,15,6.58
535798,7,India,male,330,4,287,34,5,11,6.9
535799,11,Sri Lanka,male,232,10,299,19,1,11,4.66
535799,8,Bangladesh,male,212,5,223,23,0,20,5.7
535800,2,Pakistan,male,236,9,300,19,3,18,4.72
535800,8,Bangladesh,male,234,8,300,20,1,11,4.68
536929,13,West Indies,male,211,9,300,18,3,10,4.22
536929,7,India,male,213,9,293,15,1,23,4.36
536930,13,West Indies,male,269,9,300,24,9,14,5.38
536930,7,India,male,270,5,289,27,2,14,5.61
536931,13,West Indies,male,260,5,300,22,7,7,5.2
536931,7,India,male,244,10,281,27,3,9,5.21
536932,7,India,male,418,5,300,48,7,14,8.36
536932,13,West Indies,male,265,10,296,31,7,4,5.37
536933,7,India,male,267,6,300,20,1,11,5.34
536933,13,West Indies,male,233,10,265,15,13,13,5.28
538069,8,Bangladesh,male,91,10,183,7,0,12,2.98
538069,2,Pakistan,male,93,5,154,13,1,8,3.62
538070,2,Pakistan,male,262,7,300,21,3,22,5.24
538070,8,Bangladesh,male,186,7,300,14,1,14,3.72
538071,2,Pakistan,male,177,10,277,13,3,16,3.83
538071,8,Bangladesh,male,119,10,228,11,0,12,3.13
540168,1,Australia,male,204,8,300,19,0,14,4.08
540168,13,West Indies,male,140,10,194,15,7,7,4.33
540169,1,Australia,male,154,9,240,9,2,8,3.85
540169,13,West Indies,male,163,5,230,10,6,6,4.25
540170,1,Australia,male,220,10,299,14,3,14,4.41
540170,13,West Indies,male,220,10,298,19,6,13,4.43
540171,13,West Indies,male,294,7,300,28,11,13,5.88
540171,1,Australia,male,252,10,279,24,8,14,5.42
540172,1,Australia,male,281,9,300,26,4,10,5.62
540172,13,West Indies,male,251,10,284,25,8,7,5.3
542852,21,England,female,229,10,295,17,1,21,4.66
542852,23,India,female,230,5,297,16,1,11,4.65
542853,23,India,female,129,10,287,10,0,14,2.7
542853,21,England,female,115,10,284,4,0,10,2.43
542854,23,India,female,173,5,300,7,0,18,3.46
542854,21,England,female,177,7,284,18,0,10,3.74
542856,23,India,female,152,8,300,8,1,16,3.04
542856,21,England,female,124,4,216,12,0,14,3.44
543881,14,Ireland,male,200,10,285,14,1,5,4.21
543881,44,Kenya,male,201,3,256,13,2,25,4.71
543882,14,Ireland,male,237,9,300,17,5,19,4.74
543882,44,Kenya,male,120,10,212,8,1,14,3.4
560923,3,New Zealand,male,190,9,300,13,2,13,3.8
560923,13,West Indies,male,136,1,146,10,8,8,5.59
560924,13,West Indies,male,315,5,300,19,13,20,6.3
560924,3,New Zealand,male,260,10,282,20,3,19,5.53
560925,3,New Zealand,male,249,9,300,20,7,13,4.98
560925,13,West Indies,male,161,10,207,19,5,5,4.67
560926,13,West Indies,male,264,10,299,20,8,26,5.3
560926,3,New Zealand,male,240,10,297,11,7,24,4.85
560927,13,West Indies,male,241,9,300,18,6,17,4.82
560927,3,New Zealand,male,221,10,300,19,3,7,4.42
562439,11,Sri Lanka,male,135,8,252,6,0,31,3.21
562439,2,Pakistan,male,135,4,205,16,1,22,3.95
562440,11,Sri Lanka,male,280,4,300,28,3,16,5.6
562440,2,Pakistan,male,204,10,278,19,1,2,4.4
562441,2,Pakistan,male,12,2,38,1,0,0,1.89
562442,11,Sri Lanka,male,243,8,300,18,4,26,4.86
562442,2,Pakistan,male,199,10,270,11,1,23,4.42
562443,2,Pakistan,male,247,7,300,24,2,8,4.94
562443,11,Sri Lanka,male,248,8,298,16,3,22,4.99
564781,7,India,male,314,6,300,26,2,12,6.28
564781,11,Sri Lanka,male,293,9,300,21,3,23,5.86
564782,7,India,male,138,10,201,11,0,11,4.12
564782,11,Sri Lanka,male,139,1,119,14,0,24,7.01
564783,11,Sri Lanka,male,286,5,300,19,2,20,5.72
564783,7,India,male,288,5,298,22,1,15,5.8
564784,11,Sri Lanka,male,251,8,300,17,4,15,5.02
564784,7,India,male,255,4,254,24,3,10,6.02
564785,7,India,male,294,7,300,27,1,16,5.88
564785,11,Sri Lanka,male,274,10,274,24,3,29,6.0
565812,10,England,male,325,4,300,35,8,12,6.5
565812,7,India,male,316,9,300,34,5,9,6.32
565813,7,India,male,285,6,300,24,7,15,5.7
565813,10,England,male,158,10,216,19,1,11,4.39
565814,10,England,male,155,10,254,16,0,15,3.66
565814,7,India,male,157,3,169,21,2,7,5.57
565815,10,England,male,257,7,300,32,3,14,5.14
565815,7,India,male,258,5,285,29,2,7,5.43
565816,7,India,male,226,10,298,23,5,10,4.55
565816,10,England,male,227,3,284,23,4,15,4.8
566923,10,England,male,227,9,300,22,0,11,4.54
566923,3,New Zealand,male,231,5,281,21,4,26,4.93
566924,3,New Zealand,male,359,3,300,28,6,13,7.18
566924,10,England,male,273,10,265,21,1,10,6.18
566925,10,England,male,287,6,300,19,7,11,5.74
566925,3,New Zealand,male,253,10,279,21,5,15,5.44
566940,14,Ireland,male,269,7,300,26,3,32,5.38
566940,10,England,male,274,4,258,24,9,9,6.37
566942,1,Australia,male,315,7,300,32,7,5,6.3
566942,10,England,male,227,10,266,17,6,7,5.12
566943,10,England,male,59,3,91,4,0,7,3.89
566944,1,Australia,male,227,10,290,20,3,7,4.7
566944,10,England,male,231,7,297,23,2,12,4.67
566945,1,Australia,male,298,10,295,29,7,19,6.06
566945,10,England,male,249,10,288,20,1,14,5.19
566946,9,South Africa,male,175,10,232,16,3,12,4.53
566946,10,England,male,179,3,225,22,0,8,4.77
566947,11,Sri Lanka,male,181,8,300,11,1,13,3.62
566947,7,India,male,182,2,210,15,2,16,5.2
566948,7,India,male,129,7,120,9,4,4,6.45
566948,10,England,male,124,8,120,7,3,5,6.2
567358,9,South Africa,male,208,10,278,12,4,18,4.49
567358,3,New Zealand,male,209,9,274,19,2,31,4.58
567359,3,New Zealand,male,279,8,300,30,3,9,5.58
567359,9,South Africa,male,252,10,295,21,5,5,5.13
567360,3,New Zealand,male,260,9,299,26,2,28,5.22
567360,9,South Africa,male,264,9,300,28,1,10,5.28
567368,9,South Africa,male,315,4,300,31,2,12,6.3
567368,2,Pakistan,male,190,10,218,17,4,10,5.23
567369,9,South Africa,male,191,10,260,17,0,19,4.41
567369,2,Pakistan,male,192,4,236,16,5,9,4.88
567370,9,South Africa,male,343,5,300,27,7,22,6.86
567370,2,Pakistan,male,309,10,289,28,12,11,6.42
567371,9,South Africa,male,234,9,300,19,1,11,4.68
567371,2,Pakistan,male,236,7,292,22,3,18,4.85
567372,2,Pakistan,male,205,10,295,16,3,16,4.17
567372,9,South Africa,male,208,4,264,17,2,18,4.73
569240,10,England,male,258,10,297,23,4,10,5.21
569240,3,New Zealand,male,259,7,293,23,5,13,5.3
569241,3,New Zealand,male,269,10,293,23,6,7,5.51
569241,10,England,male,270,2,286,22,3,4,5.66
569242,3,New Zealand,male,185,10,263,13,5,11,4.22
569242,10,England,male,186,5,225,19,3,5,4.96
571145,2,Pakistan,male,198,10,271,10,4,17,4.38
571145,1,Australia,male,199,6,290,9,2,12,4.12
571146,1,Australia,male,248,9,300,14,4,19,4.96
571146,2,Pakistan,male,249,3,262,22,2,26,5.7
571147,2,Pakistan,male,244,7,300,15,2,18,4.88
571147,1,Australia,male,250,7,282,19,8,7,5.32
573014,1,Australia,male,305,5,300,29,2,10,6.1
573014,11,Sri Lanka,male,198,10,240,16,2,13,4.95
573015,1,Australia,male,170,10,281,14,2,6,3.63
573015,11,Sri Lanka,male,172,2,241,17,1,5,4.28
573016,1,Australia,male,74,10,160,7,0,5,2.77
573016,11,Sri Lanka,male,75,6,120,11,0,5,3.75
573017,1,Australia,male,222,9,300,21,0,10,4.44
573017,11,Sri Lanka,male,14,0,20,1,0,1,4.2
573018,1,Australia,male,247,5,300,21,1,7,4.94
573018,11,Sri Lanka,male,215,10,291,20,1,19,4.43
573022,13,West Indies,male,70,10,143,6,0,17,2.94
573022,1,Australia,male,71,1,56,11,2,2,7.61
573023,1,Australia,male,266,7,300,23,5,19,5.32
573023,13,West Indies,male,212,10,229,19,8,24,5.55
573024,1,Australia,male,329,7,300,35,4,6,6.58
573024,13,West Indies,male,290,10,285,30,3,11,6.11
573025,13,West Indies,male,220,10,298,21,3,11,4.43
573025,1,Australia,male,221,5,269,20,1,18,4.93
573026,1,Australia,male,274,5,300,25,2,18,5.48
573026,13,West Indies,male,257,10,299,17,5,16,5.16
578614,7,India,male,331,7,300,34,5,14,6.62
578614,9,South Africa,male,305,10,300,35,1,9,6.1
578615,2,Pakistan,male,170,10,288,11,3,6,3.54
578615,13,West Indies,male,172,8,244,16,2,17,4.23
578616,10,England,male,269,6,300,17,1,19,5.38
578616,1,Australia,male,221,9,300,14,1,8,4.42
578617,11,Sri Lanka,male,138,10,227,16,0,3,3.65
578617,3,New Zealand,male,139,9,219,13,0,13,3.81
578618,9,South Africa,male,234,9,300,19,1,10,4.68
578618,2,Pakistan,male,167,10,270,11,1,15,3.71
578619,13,West Indies,male,233,9,300,22,8,8,4.66
578619,7,India,male,236,2,235,29,1,9,6.03
578620,1,Australia,male,243,8,300,22,2,16,4.86
578620,3,New Zealand,male,51,2,90,4,0,2,3.4
578621,10,England,male,293,7,300,20,3,13,5.86
578621,11,Sri Lanka,male,297,3,283,24,5,13,6.3
578622,9,South Africa,male,230,6,186,14,8,15,7.42
578622,13,West Indies,male,190,6,157,25,3,12,7.26
578623,2,Pakistan,male,165,10,238,16,0,3,4.16
578623,7,India,male,102,2,115,11,0,3,5.32
578624,10,England,male,169,10,141,11,4,7,7.19
578624,3,New Zealand,male,159,8,144,14,3,16,6.62
578625,11,Sri Lanka,male,253,8,300,19,1,18,5.06
578625,1,Australia,male,233,10,255,21,2,29,5.48
582188,3,New Zealand,male,250,6,300,18,3,20,5.0
582188,11,Sri Lanka,male,118,3,137,13,0,14,5.17
582189,3,New Zealand,male,188,6,198,15,3,10,5.7
582189,11,Sri Lanka,male,200,3,187,21,1,14,6.42
582190,3,New Zealand,male,131,8,192,9,2,8,4.09
582190,11,Sri Lanka,male,131,3,158,13,1,17,4.97
582191,11,Sri Lanka,male,123,8,171,15,0,6,4.32
584546,17,Australia,female,248,10,289,30,2,24,5.15
584546,19,New Zealand,female,252,2,269,37,1,5,5.62
584547,19,New Zealand,female,288,6,300,26,6,12,5.76
584547,17,Australia,female,289,6,280,28,8,12,6.19
584549,17,Australia,female,267,9,300,30,4,8,5.34
584549,19,New Zealand,female,260,8,300,20,4,12,5.2
587471,13,West Indies,male,199,10,281,20,4,11,4.25
587471,8,Bangladesh,male,201,3,242,28,2,8,4.98
587472,8,Bangladesh,male,292,6,300,26,6,26,5.84
587472,13,West Indies,male,132,10,187,9,3,8,4.24
587473,8,Bangladesh,male,227,10,295,20,2,26,4.62
587473,13,West Indies,male,228,6,282,25,3,20,4.85
587474,13,West Indies,male,211,9,300,19,3,19,4.22
587474,8,Bangladesh,male,136,10,205,10,0,26,3.98
587475,13,West Indies,male,217,10,288,13,9,23,4.52
587475,8,Bangladesh,male,221,8,264,25,1,27,5.02
589308,7,India,male,227,6,300,13,3,22,4.54
589308,2,Pakistan,male,228,4,289,12,2,10,4.73
589309,2,Pakistan,male,250,10,291,26,3,6,5.15
589309,7,India,male,165,10,288,10,1,18,3.44
589310,7,India,male,167,10,262,11,6,17,3.82
589310,2,Pakistan,male,157,10,293,18,0,15,3.22
592266,34,Canada,male,227,8,300,21,3,23,4.54
592266,44,Kenya,male,228,4,286,18,1,12,4.78
593723,17,Australia,female,203,8,300,19,0,15,4.06
593723,21,England,female,176,10,285,8,0,22,3.71
593724,21,England,female,256,6,300,24,0,15,5.12
593724,17,Australia,female,205,10,290,19,0,15,4.24
593725,17,Australia,female,203,4,216,21,1,4,5.64
593725,21,England,female,204,5,200,16,0,13,6.12
593983,13,West Indies,male,337,4,300,29,10,8,6.74
593983,6,Zimbabwe,male,181,9,300,13,4,22,3.62
593985,6,Zimbabwe,male,211,9,300,13,6,13,4.22
593985,13,West Indies,male,215,5,278,16,1,12,4.64
594891,23,India,female,284,6,300,29,3,26,5.68
594891,25,West Indies,female,179,10,267,15,5,18,4.02
594894,21,England,female,238,8,300,23,1,15,4.76
594894,18,Sri Lanka,female,244,9,300,24,5,10,4.88
594897,21,England,female,272,8,300,35,0,15,5.44
594897,23,India,female,240,9,300,21,2,10,4.8
594901,18,Sri Lanka,female,282,5,300,32,3,16,5.64
594901,23,India,female,144,10,254,15,0,11,3.4
594904,17,Australia,female,147,10,268,16,0,14,3.29
594904,21,England,female,145,10,285,20,0,18,3.05
594907,18,Sri Lanka,female,131,10,272,21,0,11,2.89
594907,17,Australia,female,132,1,134,17,3,2,5.91
594909,25,West Indies,female,207,9,300,25,1,9,4.14
594909,19,New Zealand,female,159,10,267,18,1,16,3.57
594912,21,England,female,266,6,300,41,2,13,5.32
594912,19,New Zealand,female,251,9,300,31,3,16,5.02
594914,19,New Zealand,female,220,8,300,24,2,5,4.4
594914,21,England,female,222,6,282,33,0,11,4.72
594915,17,Australia,female,259,7,300,28,3,11,5.18
594915,25,West Indies,female,145,10,259,14,3,15,3.36
597923,11,Sri Lanka,male,208,10,291,18,2,11,4.29
597923,13,West Indies,male,209,4,227,17,10,21,5.52
597924,7,India,male,229,7,300,17,3,22,4.58
597924,13,West Indies,male,230,9,286,18,8,7,4.83
597925,11,Sri Lanka,male,348,1,300,32,6,23,6.96
597925,7,India,male,187,10,269,15,1,16,4.17
597926,7,India,male,311,7,300,35,5,24,6.22
597926,13,West Indies,male,171,10,205,14,8,19,5.0
597927,11,Sri Lanka,male,219,8,246,13,4,31,5.34
597927,13,West Indies,male,190,9,246,16,5,9,4.63
597928,7,India,male,119,3,174,8,2,9,4.1
597928,11,Sri Lanka,male,96,10,148,7,1,11,3.89
597929,11,Sri Lanka,male,201,10,293,14,2,23,4.12
597929,7,India,male,203,9,298,16,4,15,4.09
601077,2,Pakistan,male,231,7,300,14,3,7,4.62
601077,4,Scotland,male,135,10,238,13,0,13,3.4
601612,2,Pakistan,male,266,5,282,24,3,17,5.66
601612,14,Ireland,male,275,5,282,28,4,15,5.85
601613,14,Ireland,male,229,9,300,20,1,26,4.58
601613,2,Pakistan,male,230,8,292,26,6,15,4.73
602474,8,Bangladesh,male,259,8,300,22,4,14,5.18
602474,11,Sri Lanka,male,238,2,215,22,2,17,6.64
602475,11,Sri Lanka,male,33,0,30,4,0,5,6.6
602476,11,Sri Lanka,male,302,9,300,25,4,17,6.04
602476,8,Bangladesh,male,184,7,156,23,0,26,7.08
603239,18,Sri Lanka,female,164,9,300,13,1,25,3.28
603239,25,West Indies,female,165,6,228,18,4,18,4.34
603240,25,West Indies,female,180,8,300,13,5,12,3.6
603240,18,Sri Lanka,female,184,6,273,24,0,17,4.04
603241,25,West Indies,female,191,9,300,14,3,17,3.82
603241,18,Sri Lanka,female,158,9,300,13,1,27,3.16
623573,8,Bangladesh,male,269,8,300,23,1,36,5.38
623573,6,Zimbabwe,male,148,10,193,12,3,11,4.6
623574,8,Bangladesh,male,252,9,300,16,6,18,5.04
623574,6,Zimbabwe,male,253,4,287,26,1,12,5.29
623575,8,Bangladesh,male,247,9,300,17,4,12,4.94
623575,6,Zimbabwe,male,251,3,283,25,4,13,5.32
627006,21,England,female,227,7,300,15,1,12,4.54
627006,20,Pakistan,female,116,10,247,8,0,27,2.82
627007,20,Pakistan,female,156,6,300,13,0,11,3.12
627007,21,England,female,157,4,228,18,0,6,4.13
631138,14,Ireland,male,236,10,299,19,1,17,4.74
631138,30,Netherlands,male,148,10,216,16,1,3,4.11
635653,11,Sri Lanka,male,320,5,300,32,7,22,6.4
635653,9,South Africa,male,140,10,191,14,1,13,4.4
635654,11,Sri Lanka,male,223,9,296,15,0,28,4.52
635654,9,South Africa,male,104,5,126,10,0,6,4.95
635655,9,South Africa,male,223,7,300,15,5,5,4.46
635655,11,Sri Lanka,male,167,10,260,13,5,11,3.85
635656,9,South Africa,male,238,10,292,19,3,4,4.89
635656,11,Sri Lanka,male,239,2,264,26,2,20,5.43
635657,11,Sri Lanka,male,307,4,300,36,2,16,6.14
635657,9,South Africa,male,179,10,263,20,1,11,4.08
636159,10,England,male,269,7,300,19,4,4,5.38
636159,1,Australia,male,270,4,274,24,1,16,5.91
636160,10,England,male,300,8,300,16,8,17,6.0
636160,1,Australia,male,301,9,297,24,6,19,6.08
636161,10,England,male,243,9,300,19,5,5,4.86
636161,1,Australia,male,244,3,240,26,3,11,6.1
636162,10,England,male,316,8,300,34,6,16,6.32
636162,1,Australia,male,259,10,286,18,6,14,5.43
636163,1,Australia,male,217,9,300,14,0,13,4.34
636163,10,England,male,212,10,298,15,3,11,4.27
636533,13,West Indies,male,269,6,300,23,6,15,5.38
636533,10,England,male,254,6,300,14,2,12,5.08
636534,13,West Indies,male,159,10,266,9,3,11,3.59
636534,10,England,male,163,7,269,14,0,11,3.64
636535,10,England,male,303,6,300,20,6,15,6.06
636535,13,West Indies,male,278,10,286,26,9,14,5.83
643665,6,Zimbabwe,male,228,7,300,20,4,13,4.56
643665,7,India,male,230,4,269,23,1,7,5.13
643667,7,India,male,294,8,300,24,5,28,5.88
643667,6,Zimbabwe,male,236,9,300,19,4,20,4.72
643669,6,Zimbabwe,male,183,10,276,17,3,17,3.98
643669,7,India,male,187,3,213,17,1,9,5.27
643675,6,Zimbabwe,male,144,10,256,11,3,8,3.38
643675,7,India,male,145,1,185,13,1,3,4.7
643677,6,Zimbabwe,male,163,10,239,16,2,10,4.09
643677,7,India,male,167,3,204,15,4,18,4.91
644943,20,Pakistan,female,280,7,300,24,1,33,5.6
644943,24,Ireland,female,123,10,197,13,0,19,3.75
644945,20,Pakistan,female,248,10,295,23,0,15,5.04
644945,24,Ireland,female,159,10,259,16,0,10,3.68
645635,2,Pakistan,male,224,9,300,11,7,28,4.48
645635,13,West Indies,male,98,10,246,6,0,18,2.39
645637,13,West Indies,male,232,8,300,17,2,38,4.64
645637,2,Pakistan,male,195,10,287,16,3,14,4.08
645639,2,Pakistan,male,229,6,300,15,4,17,4.58
645639,13,West Indies,male,229,9,300,20,5,15,4.58
645641,13,West Indies,male,261,7,294,25,7,17,5.33
645641,2,Pakistan,male,189,4,180,16,3,5,6.3
645643,13,West Indies,male,242,7,300,17,9,15,4.84
645643,2,Pakistan,male,243,6,299,24,4,14,4.88
647249,1,Australia,male,304,8,300,29,9,3,6.08
647249,7,India,male,232,10,298,20,2,11,4.67
647251,1,Australia,male,359,5,300,36,12,10,7.18
647251,7,India,male,362,1,261,39,11,26,8.32
647253,7,India,male,303,9,300,31,5,20,6.06
647253,1,Australia,male,304,6,297,26,8,23,6.14
647255,1,Australia,male,295,8,300,22,9,10,5.9
647255,7,India,male,27,0,25,4,0,4,6.48
647259,1,Australia,male,350,6,300,39,9,6,7.0
647259,7,India,male,351,4,297,40,4,16,7.09
647261,7,India,male,383,6,300,30,19,12,7.66
647261,1,Australia,male,326,10,271,29,19,4,7.22
64814,3,New Zealand,male,254,9,300,12,2,28,5.08
64814,7,India,male,219,10,262,18,3,17,5.02
64815,7,India,male,108,10,247,10,0,22,2.62
64815,3,New Zealand,male,109,5,161,12,0,16,4.06
64816,7,India,male,122,10,262,11,0,18,2.79
64816,3,New Zealand,male,123,3,154,11,1,21,4.79
64817,3,New Zealand,male,168,10,256,13,3,20,3.94
64817,7,India,male,169,8,260,20,1,23,3.9
64819,7,India,male,122,10,269,15,0,14,2.72
64819,3,New Zealand,male,125,4,172,15,0,13,4.36
64820,1,Australia,male,270,5,300,22,0,19,5.4
64820,13,West Indies,male,205,8,222,22,2,5,5.54
64825,1,Australia,male,252,10,299,21,4,21,5.06
64825,13,West Indies,male,254,7,292,12,6,30,5.22
64826,1,Australia,male,247,8,300,19,1,15,4.94
64826,13,West Indies,male,249,1,261,16,7,11,5.72
64827,11,Sri Lanka,male,201,10,292,13,0,14,4.13
64827,13,West Indies,male,146,10,246,12,0,17,3.56
64829,11,Sri Lanka,male,191,10,300,5,2,16,3.82
64829,13,West Indies,male,160,4,221,6,5,20,4.34
64830,8,Bangladesh,male,105,10,204,9,0,9,3.09
64830,1,Australia,male,107,2,135,10,1,14,4.76
64831,8,Bangladesh,male,147,10,271,9,0,20,3.25
64831,1,Australia,male,148,1,122,19,1,9,7.28
64832,1,Australia,male,254,7,301,9,7,13,5.06
64832,8,Bangladesh,male,142,10,285,9,0,16,2.99
64833,2,Pakistan,male,323,3,300,35,6,16,6.46
64833,8,Bangladesh,male,186,10,260,26,0,33,4.29
64836,8,Bangladesh,male,222,8,300,14,0,20,4.44
64836,2,Pakistan,male,226,5,299,14,1,15,4.54
64837,2,Pakistan,male,302,5,300,28,6,10,6.04
64837,8,Bangladesh,male,244,7,300,16,0,20,4.88
64838,2,Pakistan,male,277,6,300,16,7,7,5.54
64838,9,South Africa,male,269,6,300,18,2,21,5.38
64839,2,Pakistan,male,267,7,300,22,2,15,5.34
64839,9,South Africa,male,225,9,300,21,1,27,4.5
64840,2,Pakistan,male,243,8,300,23,0,16,4.86
64840,9,South Africa,male,221,6,269,22,2,17,4.93
64841,2,Pakistan,male,157,10,286,6,2,8,3.29
64841,9,South Africa,male,158,4,233,18,2,11,4.07
64842,2,Pakistan,male,192,10,297,10,0,11,3.88
64842,9,South Africa,male,193,3,276,14,0,23,4.2
64843,8,Bangladesh,male,143,10,269,12,0,29,3.19
64843,10,England,male,144,3,153,21,2,8,5.65
64844,8,Bangladesh,male,134,9,300,13,0,14,2.68
64844,10,England,male,137,3,166,17,5,10,4.95
64845,8,Bangladesh,male,182,10,295,17,0,15,3.7
64845,10,England,male,185,3,237,16,4,7,4.68
64846,10,England,male,88,10,277,4,0,4,1.91
64846,11,Sri Lanka,male,89,0,83,13,1,7,6.43
64848,13,West Indies,male,125,10,255,6,3,16,2.94
64848,6,Zimbabwe,male,128,4,178,20,0,7,4.31
64849,6,Zimbabwe,male,229,5,300,14,2,18,4.58
64849,13,West Indies,male,208,10,284,19,2,15,4.39
64850,3,New Zealand,male,291,5,300,22,7,21,5.82
64850,2,Pakistan,male,292,7,288,23,7,12,6.08
64851,13,West Indies,male,256,3,270,21,9,14,5.69
64851,6,Zimbabwe,male,150,7,192,13,1,18,4.69
64852,6,Zimbabwe,male,196,10,287,15,2,25,4.1
64852,13,West Indies,male,197,2,154,27,4,19,7.68
64853,2,Pakistan,male,281,6,300,26,3,9,5.62
64853,3,New Zealand,male,157,10,233,13,1,25,4.04
64855,3,New Zealand,male,183,10,287,13,1,20,3.83
64855,2,Pakistan,male,184,3,248,25,0,14,4.45
64857,2,Pakistan,male,229,7,300,24,4,18,4.58
64857,3,New Zealand,male,230,6,295,16,2,38,4.68
64862,9,South Africa,male,263,4,300,21,6,8,5.26
64862,13,West Indies,male,54,10,140,5,1,6,2.31
64864,13,West Indies,male,147,8,240,13,1,10,3.67
64864,9,South Africa,male,15,1,30,1,0,2,3.0
64865,9,South Africa,male,297,4,300,24,3,31,5.94
64865,13,West Indies,male,300,3,270,29,5,12,6.67
648651,9,South Africa,male,358,4,300,34,13,7,7.16
648651,7,India,male,217,10,246,30,1,29,5.29
648653,9,South Africa,male,280,6,294,24,1,9,5.71
648653,7,India,male,146,10,211,8,1,14,4.15
648655,9,South Africa,male,301,8,300,24,10,5,6.02
64870,1,Australia,male,262,6,300,22,1,11,5.24
64870,11,Sri Lanka,male,178,10,261,11,0,20,4.09
64871,11,Sri Lanka,male,245,10,299,14,0,32,4.92
64871,1,Australia,male,244,5,300,11,3,17,4.88
64872,9,South Africa,male,259,7,300,27,0,12,5.18
64872,3,New Zealand,male,264,4,294,22,5,6,5.39
64874,1,Australia,male,233,10,286,17,2,21,4.89
64874,11,Sri Lanka,male,193,10,262,21,0,4,4.42
64881,8,Bangladesh,male,183,10,293,10,2,16,3.75
64881,6,Zimbabwe,male,185,7,255,24,0,15,4.35
64882,2,Pakistan,male,329,6,300,29,6,21,6.58
64882,7,India,male,317,10,292,32,1,37,6.51
64883,7,India,male,244,9,300,25,4,33,4.88
64883,2,Pakistan,male,247,6,284,27,1,18,5.22
64884,2,Pakistan,male,293,9,300,20,5,30,5.86
64884,7,India,male,294,5,270,34,1,37,6.53
64885,7,India,male,293,7,300,32,1,16,5.86
64885,2,Pakistan,male,253,10,287,18,3,14,5.29
64887,6,Zimbabwe,male,211,6,300,15,3,13,4.22
64887,11,Sri Lanka,male,144,4,162,13,0,8,5.33
64889,13,West Indies,male,57,2,96,5,0,15,3.56
64891,11,Sri Lanka,male,223,9,300,20,0,16,4.46
64891,6,Zimbabwe,male,151,10,262,10,2,7,3.46
64894,10,England,male,280,8,300,24,2,15,5.6
64894,13,West Indies,male,282,6,283,26,2,17,5.98
64896,8,Bangladesh,male,144,8,300,3,1,26,2.88
64896,13,West Indies,male,145,9,280,9,2,12,3.11
64897,13,West Indies,male,124,7,150,4,2,4,4.96
64897,8,Bangladesh,male,101,8,150,3,0,6,4.04
64898,8,Bangladesh,male,118,7,150,6,0,11,4.72
64898,13,West Indies,male,119,3,145,9,1,9,4.92
64899,6,Zimbabwe,male,205,9,300,15,2,13,4.1
64899,1,Australia,male,207,3,237,17,4,11,5.24
64900,1,Australia,male,323,8,300,34,5,20,6.46
64900,6,Zimbabwe,male,184,9,267,17,0,23,4.13
64901,6,Zimbabwe,male,196,10,293,21,2,14,4.01
64901,1,Australia,male,199,2,184,27,2,12,6.49
64905,9,South Africa,male,235,7,300,17,3,21,4.7
64905,11,Sri Lanka,male,236,3,277,22,1,8,5.11
64906,11,Sri Lanka,male,308,8,300,25,1,27,6.16
64906,9,South Africa,male,259,10,289,17,3,10,5.38
64907,3,New Zealand,male,224,10,296,11,7,18,4.54
64907,8,Bangladesh,male,86,10,191,11,0,9,2.7
649091,9,South Africa,male,183,10,299,16,3,5,3.67
649091,2,Pakistan,male,182,10,279,15,1,13,3.91
649093,2,Pakistan,male,209,10,298,17,3,14,4.21
649093,9,South Africa,male,143,10,244,11,0,5,3.52
649095,9,South Africa,male,259,8,300,24,1,7,5.18
649095,2,Pakistan,male,191,10,267,27,1,19,4.29
649097,9,South Africa,male,266,5,300,22,3,10,5.32
649097,2,Pakistan,male,238,10,296,21,4,8,4.82
649099,9,South Africa,male,268,7,300,24,3,16,5.36
649099,2,Pakistan,male,151,10,213,16,1,11,4.25
64910,6,Zimbabwe,male,195,10,297,12,1,26,3.94
64910,10,England,male,197,5,286,10,1,16,4.13
64911,10,England,male,263,6,300,18,5,19,5.26
64911,6,Zimbabwe,male,102,10,216,8,0,17,2.83
64913,10,England,male,261,6,300,22,4,4,5.22
64913,6,Zimbabwe,male,187,10,292,14,2,18,3.84
64914,7,India,male,245,8,300,22,3,18,4.9
64914,8,Bangladesh,male,234,8,300,17,3,26,4.68
64917,7,India,male,348,5,300,35,8,11,6.96
64917,8,Bangladesh,male,257,9,300,21,4,31,5.14
64919,6,Zimbabwe,male,237,5,300,17,6,17,4.74
64919,8,Bangladesh,male,206,10,283,14,0,10,4.37
64922,9,South Africa,male,175,9,300,14,1,19,3.5
64922,10,England,male,103,3,151,17,0,3,4.09
64923,6,Zimbabwe,male,198,10,294,18,1,6,4.04
64923,8,Bangladesh,male,202,2,198,25,6,6,6.12
64924,10,England,male,270,5,300,21,2,10,5.4
64924,9,South Africa,male,270,8,300,20,2,20,5.4
64925,10,England,male,267,8,300,19,3,14,5.34
64925,9,South Africa,male,270,7,295,25,0,13,5.49
64926,9,South Africa,male,291,5,300,19,9,24,5.82
64926,10,England,male,183,10,248,13,4,12,4.43
64927,9,South Africa,male,311,7,300,23,8,11,6.22
64927,10,England,male,304,8,300,17,6,14,6.08
64928,9,South Africa,male,211,10,279,16,1,14,4.54
64928,10,England,male,7,2,22,0,0,2,1.91
64929,10,England,male,240,10,299,23,6,10,4.82
64929,9,South Africa,male,241,7,294,22,1,18,4.92
64932,9,South Africa,male,301,7,300,27,5,8,6.02
64932,6,Zimbabwe,male,136,10,224,13,1,20,3.64
64933,1,Australia,male,264,5,300,26,1,19,5.28
64933,3,New Zealand,male,178,9,251,14,1,16,4.25
64934,9,South Africa,male,329,6,300,20,11,24,6.58
64934,6,Zimbabwe,male,198,7,300,15,1,14,3.96
64935,3,New Zealand,male,233,10,299,16,3,22,4.68
64935,1,Australia,male,236,3,206,30,4,16,6.87
64936,6,Zimbabwe,male,206,8,300,15,0,23,4.12
64936,9,South Africa,male,207,5,279,14,4,13,4.45
64939,7,India,male,356,9,300,34,9,11,7.12
64939,2,Pakistan,male,298,10,265,28,7,21,6.75
64941,7,India,male,315,6,288,30,3,39,6.56
64941,2,Pakistan,male,319,7,288,23,2,26,6.65
64942,7,India,male,249,6,300,23,2,16,4.98
64942,2,Pakistan,male,252,5,253,29,10,16,5.98
64943,2,Pakistan,male,303,8,300,29,3,12,6.06
64943,7,India,male,144,10,222,13,1,10,3.89
65029,10,England,male,204,9,300,20,2,17,4.08
65029,2,Pakistan,male,208,8,296,20,1,15,4.22
65030,2,Pakistan,male,185,10,264,16,0,16,4.2
65030,10,England,male,189,3,132,30,2,27,8.59
65031,2,Pakistan,male,229,7,300,18,2,22,4.58
65031,10,England,male,231,6,291,23,1,27,4.76
65032,7,India,male,170,10,263,16,0,14,3.88
65032,10,England,male,171,3,194,22,3,11,5.29
65033,10,England,male,307,5,300,35,5,36,6.14
65033,7,India,male,237,10,279,26,3,27,5.1
65034,7,India,male,204,10,297,9,3,19,4.12
65034,10,England,male,181,10,290,14,3,16,3.74
65235,13,West Indies,male,278,5,300,25,5,14,5.56
65235,9,South Africa,male,275,9,294,21,8,12,5.61
65236,6,Zimbabwe,male,340,2,300,32,6,12,6.8
65236,28,Namibia,male,104,5,151,9,1,9,4.13
65237,11,Sri Lanka,male,272,7,300,22,0,18,5.44
65237,3,New Zealand,male,225,10,273,5,6,15,4.95
65238,1,Australia,male,310,8,300,33,2,31,6.2
65238,2,Pakistan,male,228,10,267,19,4,27,5.12
65239,34,Canada,male,180,10,295,17,2,23,3.66
65239,8,Bangladesh,male,120,10,168,14,0,16,4.29
65240,44,Kenya,male,140,10,228,10,2,15,3.68
65240,9,South Africa,male,142,0,128,21,4,3,6.66
65241,7,India,male,204,10,293,13,1,11,4.18
65241,30,Netherlands,male,136,10,289,7,0,28,2.82
65242,3,New Zealand,male,241,7,300,19,4,16,4.82
65242,13,West Indies,male,221,10,298,19,2,10,4.45
65244,7,India,male,125,10,250,11,1,16,3.0
65244,1,Australia,male,128,1,134,11,2,11,5.73
65245,34,Canada,male,197,10,294,17,6,8,4.02
65245,44,Kenya,male,198,6,291,22,1,12,4.08
65246,30,Netherlands,male,142,9,300,14,0,16,2.84
65246,10,England,male,144,4,140,24,0,3,6.17
65247,2,Pakistan,male,255,9,300,22,0,22,5.1
65247,28,Namibia,male,84,10,105,7,0,17,4.8
65248,9,South Africa,male,306,6,300,34,5,20,6.12
65248,3,New Zealand,male,229,1,221,26,1,16,6.22
65249,13,West Indies,male,244,9,300,16,6,27,4.88
65249,8,Bangladesh,male,32,2,49,3,0,5,3.92
65250,7,India,male,255,7,299,21,2,17,5.12
65250,6,Zimbabwe,male,172,10,268,9,0,13,3.85
65251,34,Canada,male,36,10,112,5,0,5,1.93
65251,11,Sri Lanka,male,37,1,28,6,0,0,7.93
65252,10,England,male,272,10,300,26,4,8,5.44
65252,28,Namibia,male,217,9,299,20,3,14,4.35
65254,8,Bangladesh,male,108,10,211,7,1,20,3.07
65254,9,South Africa,male,109,0,72,17,2,8,9.08
65255,10,England,male,246,8,300,21,2,13,4.92
65255,2,Pakistan,male,134,10,186,12,4,19,4.32
65256,34,Canada,male,202,10,257,15,7,12,4.72
65256,13,West Indies,male,206,3,123,28,8,14,10.05
65257,7,India,male,311,2,300,29,4,16,6.22
65257,28,Namibia,male,130,10,255,10,2,12,3.06
65258,44,Kenya,male,210,9,300,18,2,28,4.2
65258,11,Sri Lanka,male,157,10,269,14,1,9,3.5
65259,6,Zimbabwe,male,246,9,300,26,3,14,4.92
65259,1,Australia,male,248,3,284,23,0,9,5.24
65260,2,Pakistan,male,253,9,300,19,1,15,5.06
65260,30,Netherlands,male,156,10,237,11,2,40,3.95
65261,8,Bangladesh,male,198,7,300,17,3,18,3.96
65261,3,New Zealand,male,199,3,201,20,6,4,5.94
65262,7,India,male,250,9,300,24,3,17,5.0
65262,10,England,male,168,10,273,14,3,14,3.69
65263,1,Australia,male,301,6,300,24,8,18,6.02
65263,28,Namibia,male,45,10,84,3,0,15,3.21
65264,9,South Africa,male,254,8,300,19,4,12,5.08
65264,34,Canada,male,136,5,300,14,0,12,2.72
65265,6,Zimbabwe,male,301,8,300,31,2,10,6.02
65265,30,Netherlands,male,202,9,300,19,3,12,4.04
65266,11,Sri Lanka,male,228,6,301,17,0,15,4.54
65266,13,West Indies,male,222,9,300,19,2,21,4.44
65267,44,Kenya,male,217,7,300,21,1,14,4.34
65267,8,Bangladesh,male,185,10,284,11,3,18,3.91
65268,2,Pakistan,male,273,7,300,22,0,27,5.46
65268,7,India,male,276,4,274,29,3,28,6.04
65269,10,England,male,204,8,300,15,3,10,4.08
65269,1,Australia,male,208,8,298,19,3,15,4.19
65270,34,Canada,male,196,10,282,22,4,14,4.17
65270,3,New Zealand,male,197,5,138,19,6,8,8.57
65271,30,Netherlands,male,314,4,300,19,8,28,6.28
65271,28,Namibia,male,250,10,281,19,2,8,5.34
65272,11,Sri Lanka,male,268,9,300,28,2,18,5.36
65272,9,South Africa,male,229,6,270,16,3,18,5.09
65273,2,Pakistan,male,73,3,83,5,1,9,5.28
65275,1,Australia,male,319,5,300,28,7,16,6.38
65275,11,Sri Lanka,male,223,9,286,25,4,23,4.68
65276,44,Kenya,male,225,6,300,15,2,16,4.5
65276,7,India,male,226,4,287,23,2,16,4.72
65277,6,Zimbabwe,male,252,7,300,22,4,24,5.04
65277,3,New Zealand,male,253,4,284,29,2,16,5.35
65278,7,India,male,292,6,300,19,7,23,5.84
65278,11,Sri Lanka,male,109,10,138,12,0,21,4.74
65279,1,Australia,male,208,9,300,17,4,8,4.16
65279,3,New Zealand,male,112,10,181,11,1,9,3.71
65280,6,Zimbabwe,male,133,10,265,9,0,7,3.01
65280,44,Kenya,male,135,3,156,21,0,19,5.19
65281,3,New Zealand,male,146,10,271,13,0,13,3.23
65281,7,India,male,150,3,244,18,0,10,3.69
65282,11,Sri Lanka,male,256,5,300,18,0,18,5.12
65282,6,Zimbabwe,male,182,10,251,16,0,12,4.35
65283,44,Kenya,male,174,8,300,13,1,17,3.48
65283,1,Australia,male,178,5,188,26,4,10,5.68
65284,1,Australia,male,212,7,300,13,3,7,4.24
65284,11,Sri Lanka,male,123,7,229,10,2,9,3.22
65285,7,India,male,270,4,300,14,7,11,5.4
65285,44,Kenya,male,179,10,278,8,4,39,3.86
65286,1,Australia,male,359,2,300,24,10,37,7.18
65286,7,India,male,234,10,236,21,4,21,5.95
65634,11,Sri Lanka,male,343,5,300,22,4,40,6.86
65634,1,Australia,male,264,10,297,19,1,21,5.33
65635,1,Australia,male,271,4,300,23,2,31,5.42
65635,10,England,male,264,7,300,20,0,12,5.28
65636,11,Sri Lanka,male,284,7,300,28,1,31,5.68
65636,10,England,male,253,10,296,23,1,26,5.13
65637,11,Sri Lanka,male,211,9,300,13,0,24,4.22
65637,1,Australia,male,214,6,292,11,2,25,4.4
65638,10,England,male,279,7,300,16,2,23,5.58
65638,11,Sri Lanka,male,260,10,296,20,3,15,5.27
65639,10,England,male,152,10,291,11,1,6,3.13
65639,1,Australia,male,153,6,285,7,0,8,3.22
656399,3,New Zealand,male,331,6,300,34,4,13,6.62
656399,11,Sri Lanka,male,233,10,277,24,0,11,5.05
65640,11,Sri Lanka,male,214,8,300,11,2,17,4.28
65640,1,Australia,male,215,1,207,15,5,3,6.23
656401,1,Australia,male,342,9,300,38,3,5,6.84
656401,10,England,male,231,10,251,23,2,16,5.52
656403,9,South Africa,male,339,4,300,19,14,19,6.78
656403,6,Zimbabwe,male,277,10,290,28,7,22,5.73
656405,7,India,male,300,7,300,23,5,6,6.0
656405,2,Pakistan,male,224,10,282,22,2,12,4.77
656407,13,West Indies,male,304,7,300,28,12,10,6.08
656407,14,Ireland,male,307,6,275,34,6,13,6.7
656409,4,Scotland,male,142,10,218,14,2,6,3.91
656409,3,New Zealand,male,146,7,149,23,0,6,5.88
65641,10,England,male,117,10,246,5,0,13,2.85
65641,1,Australia,male,118,0,74,21,1,4,9.57
656413,22,United Arab Emirates,male,285,7,300,30,4,26,5.7
656413,6,Zimbabwe,male,286,6,288,26,5,16,5.96
656415,10,England,male,123,10,200,9,0,13,3.69
656415,3,New Zealand,male,125,2,74,13,7,12,10.14
656417,13,West Indies,male,310,6,300,28,7,23,6.2
656417,2,Pakistan,male,160,10,234,14,2,9,4.1
65642,1,Australia,male,229,7,300,21,4,4,4.58
65642,10,England,male,224,10,297,17,1,18,4.53
656423,7,India,male,307,7,300,31,5,10,6.14
656423,9,South Africa,male,177,10,242,15,0,7,4.39
656425,10,England,male,303,8,300,22,7,21,6.06
656425,4,Scotland,male,184,10,254,22,0,7,4.35
656427,13,West Indies,male,372,2,300,21,19,24,7.44
656427,6,Zimbabwe,male,289,10,267,28,3,25,6.49
656429,22,United Arab Emirates,male,278,9,300,25,1,17,5.56
656429,14,Ireland,male,279,8,296,26,2,11,5.66
65643,1,Australia,male,288,10,291,25,4,27,5.94
65643,7,India,male,270,10,294,19,3,21,5.51
656433,11,Sri Lanka,male,332,1,300,38,1,14,6.64
656433,8,Bangladesh,male,240,10,282,23,3,15,5.11
656435,9,South Africa,male,408,5,300,30,11,16,8.16
656435,13,West Indies,male,151,10,199,12,5,8,4.55
656437,1,Australia,male,151,10,194,11,4,12,4.67
656437,3,New Zealand,male,152,9,139,15,7,11,6.56
656439,22,United Arab Emirates,male,102,10,189,10,1,13,3.24
656439,7,India,male,104,1,113,18,1,0,5.52
65644,1,Australia,male,225,8,300,13,2,16,4.5
65644,6,Zimbabwe,male,126,10,225,7,0,19,3.36
656441,10,England,male,309,6,300,35,5,18,6.18
656441,11,Sri Lanka,male,312,1,284,28,6,12,6.59
656443,2,Pakistan,male,235,7,300,17,1,20,4.7
656443,6,Zimbabwe,male,215,10,298,20,0,19,4.33
656445,9,South Africa,male,411,4,300,37,12,11,8.22
656445,14,Ireland,male,210,10,270,20,3,12,4.67
656447,2,Pakistan,male,339,6,300,23,10,16,6.78
656447,22,United Arab Emirates,male,210,8,300,16,5,13,4.2
65645,6,Zimbabwe,male,208,6,300,11,3,11,4.16
65645,7,India,male,211,3,225,16,6,17,5.63
656451,4,Scotland,male,318,8,300,28,9,7,6.36
656451,8,Bangladesh,male,322,4,289,30,7,9,6.69
656453,13,West Indies,male,182,10,266,13,5,21,4.11
656453,7,India,male,185,6,235,16,1,26,4.72
656455,2,Pakistan,male,222,10,280,21,5,14,4.76
656455,9,South Africa,male,202,10,201,28,6,8,6.03
656457,14,Ireland,male,331,8,300,28,8,15,6.62
656457,6,Zimbabwe,male,326,10,297,28,7,11,6.59
65646,1,Australia,male,344,7,300,24,5,12,6.88
65646,6,Zimbabwe,male,196,6,300,12,2,16,3.92
656461,1,Australia,male,376,9,300,38,8,6,7.52
656461,11,Sri Lanka,male,312,9,278,34,2,11,6.73
656463,8,Bangladesh,male,275,7,300,21,5,14,5.5
656463,10,England,male,260,10,291,25,2,5,5.36
656465,14,Ireland,male,259,10,294,22,7,11,5.29
656465,7,India,male,260,2,221,24,9,19,7.06
656467,11,Sri Lanka,male,363,9,300,28,14,13,7.26
656467,4,Scotland,male,215,10,259,17,2,9,4.98
656469,9,South Africa,male,341,6,300,28,7,15,6.82
656469,22,United Arab Emirates,male,195,9,285,20,1,29,4.11
65647,7,India,male,303,4,300,23,1,15,6.06
65647,1,Australia,male,284,10,298,23,0,18,5.72
656471,8,Bangladesh,male,288,7,300,31,6,5,5.76
656471,3,New Zealand,male,290,7,293,29,8,5,5.94
656475,6,Zimbabwe,male,287,10,293,23,12,9,5.88
656475,7,India,male,288,4,292,27,6,16,5.92
656477,4,Scotland,male,130,10,154,21,0,9,5.06
656477,1,Australia,male,133,3,92,18,6,5,8.67
656479,22,United Arab Emirates,male,175,10,286,18,2,14,3.67
656479,13,West Indies,male,176,4,183,18,4,7,5.77
65648,7,India,male,255,6,300,17,1,10,5.1
65648,6,Zimbabwe,male,231,9,283,16,0,25,4.9
656481,14,Ireland,male,237,10,300,19,2,12,4.74
656481,2,Pakistan,male,241,3,277,20,2,15,5.22
656483,11,Sri Lanka,male,133,10,224,9,0,15,3.56
656483,9,South Africa,male,134,1,108,13,0,19,7.44
656485,7,India,male,302,6,300,29,4,16,6.04
656485,8,Bangladesh,male,193,10,270,19,1,10,4.29
656487,2,Pakistan,male,213,10,299,15,3,10,4.27
656487,1,Australia,male,216,4,203,22,3,9,6.38
656489,3,New Zealand,male,393,6,300,39,15,10,7.86
656489,13,West Indies,male,250,10,183,23,16,6,8.2
65649,7,India,male,296,4,300,28,2,8,5.92
65649,1,Australia,male,225,8,203,19,4,22,6.65
656491,9,South Africa,male,281,5,258,28,6,14,6.53
656491,3,New Zealand,male,299,6,257,31,10,13,6.98
656493,1,Australia,male,328,7,300,33,8,14,6.56
656493,7,India,male,233,10,281,15,5,15,4.98
656495,3,New Zealand,male,183,10,270,12,3,13,4.07
656495,1,Australia,male,186,3,199,20,1,9,5.61
65652,1,Australia,male,263,9,300,22,5,15,5.26
65653,7,India,male,203,10,294,19,1,26,4.14
65653,1,Australia,male,204,5,192,27,3,17,6.38
65655,7,India,male,222,10,294,17,3,12,4.53
65655,1,Australia,male,224,3,241,19,2,18,5.58
65656,1,Australia,male,359,5,300,31,6,23,7.18
65656,7,India,male,151,10,200,18,3,13,4.53
65659,13,West Indies,male,273,5,300,21,2,22,5.46
65659,2,Pakistan,male,274,4,282,22,0,7,5.83
65660,13,West Indies,male,263,9,300,19,2,10,5.26
65660,1,Australia,male,43,5,66,4,0,3,3.91
65661,2,Pakistan,male,163,10,235,11,4,14,4.16
65661,1,Australia,male,167,1,218,19,1,20,4.6
65662,1,Australia,male,269,8,300,19,2,17,5.38
65662,13,West Indies,male,196,10,269,9,3,18,4.37
65664,1,Australia,male,265,10,300,26,1,25,5.3
65664,2,Pakistan,male,268,7,284,21,5,15,5.66
65665,2,Pakistan,male,307,8,300,26,2,27,6.14
65665,13,West Indies,male,277,10,289,28,1,19,5.75
65666,1,Australia,male,237,10,294,13,0,19,4.84
65666,2,Pakistan,male,219,9,300,11,6,6,4.38
65708,2,Pakistan,male,257,6,300,19,2,11,5.14
65708,8,Bangladesh,male,181,10,272,13,1,20,3.99
65713,2,Pakistan,male,122,10,239,7,1,16,3.06
65713,11,Sri Lanka,male,123,3,192,10,0,25,3.84
65714,8,Bangladesh,male,190,9,300,12,1,20,3.8
65714,11,Sri Lanka,male,191,0,201,15,0,20,5.7
65716,7,India,male,271,6,300,23,2,20,5.42
65716,11,Sri Lanka,male,267,9,300,20,3,26,5.34
65718,11,Sri Lanka,male,228,9,300,18,0,32,4.56
65718,7,India,male,203,9,300,13,3,25,4.06
657637,2,Pakistan,male,322,5,300,19,14,11,6.44
657637,11,Sri Lanka,male,311,10,298,24,9,16,6.26
657639,2,Pakistan,male,284,4,300,15,4,14,5.68
657639,11,Sri Lanka,male,287,8,298,20,4,17,5.78
657641,2,Pakistan,male,326,5,300,22,11,17,6.52
657641,11,Sri Lanka,male,213,10,268,22,6,5,4.77
657643,11,Sri Lanka,male,225,10,293,22,1,11,4.61
657643,2,Pakistan,male,226,2,247,23,3,10,5.49
657645,2,Pakistan,male,232,10,297,15,3,20,4.69
657645,11,Sri Lanka,male,235,8,298,12,6,12,4.73
65803,2,Pakistan,male,278,7,300,14,11,29,5.56
65803,6,Zimbabwe,male,210,10,265,20,2,17,4.75
65804,11,Sri Lanka,male,223,6,300,19,0,12,4.46
65804,2,Pakistan,male,225,3,284,18,1,16,4.75
65805,44,Kenya,male,225,6,300,19,2,13,4.5
65805,6,Zimbabwe,male,230,5,294,16,3,21,4.69
65806,11,Sri Lanka,male,256,5,300,26,0,7,5.12
65806,44,Kenya,male,127,10,227,11,1,12,3.36
65807,11,Sri Lanka,male,193,10,295,10,0,11,3.93
65807,6,Zimbabwe,male,194,6,292,20,0,10,3.99
65808,2,Pakistan,male,286,8,300,20,7,11,5.72
65808,44,Kenya,male,143,10,190,18,0,11,4.52
65809,6,Zimbabwe,male,168,10,295,11,1,16,3.42
65809,2,Pakistan,male,172,2,212,16,1,22,4.87
659549,2,Pakistan,male,244,7,300,15,5,16,4.88
659549,6,Zimbabwe,male,246,3,290,24,3,7,5.09
659551,2,Pakistan,male,299,4,300,20,9,25,5.98
659551,6,Zimbabwe,male,209,10,256,21,1,11,4.9
659553,2,Pakistan,male,260,6,300,21,1,13,5.2
659553,6,Zimbabwe,male,152,10,240,13,1,16,3.8
660825,30,Netherlands,male,143,10,167,11,3,8,5.14
660825,34,Canada,male,62,1,60,3,1,9,6.2
660827,34,Canada,male,67,10,148,3,1,14,2.72
660827,30,Netherlands,male,70,1,64,8,2,4,6.56
660837,4,Scotland,male,223,9,300,24,1,15,4.46
660837,14,Ireland,male,225,9,299,24,1,13,4.52
661685,3,New Zealand,male,156,10,253,11,4,9,3.7
661685,13,West Indies,male,157,8,165,15,6,23,5.71
661689,3,New Zealand,male,283,4,126,22,22,2,13.48
661689,13,West Indies,male,124,5,126,9,4,7,5.9
661691,3,New Zealand,male,285,6,300,22,5,12,5.7
661691,13,West Indies,male,134,5,202,11,0,4,3.98
661693,13,West Indies,male,363,4,300,41,9,15,7.26
661693,3,New Zealand,male,160,10,179,16,1,9,5.36
66196,10,England,male,299,7,300,23,5,34,5.98
66196,6,Zimbabwe,male,147,10,234,14,4,14,3.77
66197,3,New Zealand,male,347,4,300,27,13,34,6.94
66197,27,United States of America,male,137,10,255,15,1,18,3.22
66198,7,India,male,290,4,300,27,1,16,5.8
66198,44,Kenya,male,192,7,300,9,0,42,3.84
66200,27,United States of America,male,65,10,144,4,0,14,2.71
66200,1,Australia,male,66,1,47,9,1,11,8.43
66201,6,Zimbabwe,male,191,10,295,20,0,18,3.88
66201,11,Sri Lanka,male,195,6,263,22,1,9,4.45
66202,44,Kenya,male,94,10,192,11,0,16,2.94
66202,2,Pakistan,male,95,3,112,12,1,6,5.09
66203,13,West Indies,male,269,3,300,18,4,20,5.38
66203,8,Bangladesh,male,131,10,237,11,0,10,3.32
66204,3,New Zealand,male,198,9,300,19,0,13,3.96
66204,1,Australia,male,199,3,224,26,5,3,5.33
66205,10,England,male,251,7,300,24,3,10,5.02
66205,11,Sri Lanka,male,95,5,144,8,0,13,3.96
66206,9,South Africa,male,246,6,300,21,3,6,4.92
66206,13,West Indies,male,249,5,293,19,5,23,5.1
66207,7,India,male,200,10,299,10,1,24,4.01
66207,2,Pakistan,male,201,7,296,13,3,10,4.07
66208,1,Australia,male,259,9,300,22,2,16,5.18
66208,10,England,male,262,4,279,27,2,14,5.63
66209,2,Pakistan,male,131,10,230,9,1,19,3.42
66209,13,West Indies,male,132,3,169,13,1,22,4.69
66210,10,England,male,217,10,298,21,0,23,4.37
66210,13,West Indies,male,218,8,293,24,0,35,4.46
66283,10,England,male,293,6,300,27,2,15,5.86
66283,11,Sri Lanka,male,249,9,300,22,1,27,4.98
66284,10,England,male,271,7,300,21,1,18,5.42
66284,7,India,male,272,4,293,27,1,19,5.57
66293,10,England,male,191,8,300,19,0,14,3.82
66293,6,Zimbabwe,male,195,6,288,17,1,12,4.06
66294,9,South Africa,male,264,6,300,31,1,14,5.28
66294,10,England,male,265,4,275,33,2,8,5.78
66295,9,South Africa,male,272,5,300,25,4,18,5.44
66295,6,Zimbabwe,male,226,9,299,16,2,9,4.54
66296,10,England,male,81,4,99,4,0,13,4.91
66297,10,England,male,223,7,300,16,2,27,4.46
66297,9,South Africa,male,227,3,284,15,1,22,4.8
66299,6,Zimbabwe,male,92,10,149,8,0,24,3.7
66299,10,England,male,95,4,107,8,2,21,5.33
66301,6,Zimbabwe,male,173,8,300,15,0,25,3.46
66301,9,South Africa,male,174,3,212,24,0,16,4.92
66302,9,South Africa,male,107,10,193,12,0,14,3.33
66302,10,England,male,111,3,122,14,1,10,5.46
66304,10,England,male,147,10,230,16,0,22,3.83
66304,13,West Indies,male,148,3,194,20,0,17,4.58
66305,10,England,male,101,10,197,10,0,12,3.08
66305,3,New Zealand,male,103,3,104,16,0,14,5.94
66306,13,West Indies,male,159,10,241,15,1,14,3.96
66306,10,England,male,160,3,132,24,1,20,7.27
66309,10,England,male,285,7,300,20,9,22,5.7
66309,13,West Indies,male,286,3,295,26,2,12,5.82
66311,3,New Zealand,male,266,10,296,19,1,18,5.39
66311,13,West Indies,male,159,10,248,11,1,5,3.85
66356,7,India,male,46,3,103,4,0,9,2.68
66357,2,Pakistan,male,199,8,300,8,2,15,3.98
66357,11,Sri Lanka,male,120,10,258,10,0,20,2.79
66358,2,Pakistan,male,116,10,259,8,2,17,2.69
66358,3,New Zealand,male,117,3,166,9,2,19,4.23
66361,3,New Zealand,male,156,8,300,6,4,13,3.12
66361,11,Sri Lanka,male,147,10,295,12,0,18,2.99
66363,2,Pakistan,male,198,10,300,20,0,15,3.96
66363,3,New Zealand,male,200,6,272,17,4,44,4.41
66364,7,India,male,141,3,161,19,1,4,5.25
66365,7,India,male,283,5,300,28,2,14,5.66
66365,1,Australia,male,246,9,300,14,1,14,4.92
66366,3,New Zealand,male,97,10,202,8,0,32,2.88
66366,1,Australia,male,101,2,100,14,2,7,6.06
66367,1,Australia,male,286,8,300,30,2,21,5.72
66367,7,India,male,209,10,278,26,0,7,4.51
66368,3,New Zealand,male,258,9,300,29,2,38,5.16
66368,1,Australia,male,259,8,299,31,3,11,5.2
66369,7,India,male,246,9,300,23,2,8,4.92
66369,3,New Zealand,male,249,6,285,24,1,20,5.24
66372,7,India,male,353,5,300,38,6,13,7.06
66372,3,New Zealand,male,208,10,282,23,1,19,4.43
66374,2,Pakistan,male,192,6,198,14,4,5,5.82
66374,7,India,male,127,10,162,8,1,5,4.7
66375,1,Australia,male,175,7,190,12,1,12,5.53
66377,1,Australia,male,269,6,300,24,1,23,5.38
66377,2,Pakistan,male,259,10,290,19,4,10,5.36
66378,2,Pakistan,male,292,7,300,20,11,17,5.84
66378,6,Zimbabwe,male,148,10,231,16,1,11,3.84
66379,6,Zimbabwe,male,252,4,300,17,3,20,5.04
66379,2,Pakistan,male,258,7,289,17,4,18,5.36
66380,11,Sri Lanka,male,232,9,300,12,2,33,4.64
66380,2,Pakistan,male,233,2,292,12,2,10,4.79
66381,6,Zimbabwe,male,104,10,198,10,0,16,3.15
66381,11,Sri Lanka,male,108,3,109,17,1,7,5.94
66383,11,Sri Lanka,male,287,7,300,26,1,17,5.74
66383,2,Pakistan,male,168,10,228,17,1,11,4.42
66385,1,Australia,male,246,9,300,19,0,9,4.92
66385,3,New Zealand,male,247,6,298,13,1,16,4.97
66386,1,Australia,male,261,7,300,24,1,12,5.22
66386,3,New Zealand,male,244,10,283,14,6,14,5.17
664299,15,Bangladesh,female,149,8,300,11,0,6,2.98
664299,16,South Africa,female,153,4,226,14,0,9,4.06
664303,15,Bangladesh,female,177,10,291,14,0,10,3.65
664303,16,South Africa,female,178,2,228,18,1,2,4.68
666039,17,Australia,female,209,3,300,14,1,20,4.18
666039,21,England,female,210,3,281,21,0,18,4.48
666041,17,Australia,female,266,7,300,22,0,11,5.32
666041,21,England,female,240,10,278,20,1,18,5.18
666043,21,England,female,268,4,300,27,0,19,5.36
666043,17,Australia,female,269,6,297,30,2,5,5.43
667641,3,New Zealand,male,292,7,300,21,7,7,5.84
667641,7,India,male,268,10,292,20,5,15,5.51
667643,3,New Zealand,male,271,7,252,25,8,8,6.45
667643,7,India,male,277,9,249,31,5,10,6.67
667645,3,New Zealand,male,314,10,300,26,10,21,6.28
667645,7,India,male,314,9,300,25,13,18,6.28
667647,7,India,male,278,5,300,24,11,11,5.56
667647,3,New Zealand,male,280,3,289,31,6,5,5.81
667649,3,New Zealand,male,303,5,300,27,6,12,6.06
667649,7,India,male,216,10,298,16,4,6,4.35
667723,7,India,male,304,6,300,30,4,29,6.08
667723,10,England,male,161,10,229,15,2,5,4.22
667725,10,England,male,227,10,300,16,1,6,4.54
667725,7,India,male,228,4,258,21,2,9,5.3
667727,10,England,male,206,10,297,13,3,14,4.16
667727,7,India,male,212,1,183,21,8,8,6.95
667729,10,England,male,294,7,300,30,7,9,5.88
667729,7,India,male,253,10,292,22,6,5,5.2
667889,10,England,male,247,6,234,18,6,7,6.33
667889,11,Sri Lanka,male,144,10,167,16,0,15,5.17
667891,11,Sri Lanka,male,256,8,300,15,3,20,5.12
667891,10,England,male,99,10,157,9,2,9,3.78
667893,11,Sri Lanka,male,67,10,144,6,0,7,2.79
667893,10,England,male,73,0,73,6,1,2,6.0
667895,11,Sri Lanka,male,300,9,300,30,2,20,6.0
667895,10,England,male,293,8,300,16,4,10,5.86
667897,10,England,male,219,10,289,11,1,16,4.55
667897,11,Sri Lanka,male,222,4,290,19,1,18,4.59
668511,16,South Africa,female,274,3,300,25,4,15,5.48
668511,18,Sri Lanka,female,207,8,300,24,0,18,4.14
668513,18,Sri Lanka,female,164,10,300,17,0,9,3.28
668513,16,South Africa,female,2,0,6,0,0,0,2.0
668953,8,Bangladesh,male,265,10,299,28,3,16,5.32
668953,3,New Zealand,male,162,9,179,16,6,3,5.43
668955,8,Bangladesh,male,247,10,294,16,8,16,5.04
668955,3,New Zealand,male,207,10,280,12,6,17,4.44
668957,3,New Zealand,male,307,5,300,26,7,9,6.14
668957,8,Bangladesh,male,309,6,296,26,7,23,6.26
668961,11,Sri Lanka,male,288,9,300,31,4,16,5.76
668961,3,New Zealand,male,13,1,26,0,0,8,3.0
668963,11,Sri Lanka,male,138,1,138,18,0,8,6.0
668963,3,New Zealand,male,203,6,138,24,6,8,8.83
668965,11,Sri Lanka,male,211,8,198,28,1,14,6.39
668965,3,New Zealand,male,126,6,150,13,1,7,5.04
676529,13,West Indies,male,211,10,293,18,6,7,4.32
676529,7,India,male,212,4,212,23,3,20,6.0
676531,7,India,male,288,7,300,27,6,10,5.76
676531,13,West Indies,male,289,8,297,31,6,10,5.84
676533,13,West Indies,male,263,5,300,25,5,6,5.26
676533,7,India,male,266,5,277,36,0,10,5.76
684679,10,England,male,167,6,120,16,4,6,8.35
684679,4,Scotland,male,133,9,120,14,5,1,6.65
685731,2,Pakistan,male,218,9,300,16,3,8,4.36
685731,9,South Africa,male,195,10,289,19,3,2,4.05
685733,2,Pakistan,male,262,10,270,22,4,14,5.82
685733,9,South Africa,male,261,6,270,19,3,18,5.8
685735,2,Pakistan,male,179,10,281,15,3,14,3.82
685735,9,South Africa,male,181,6,232,20,0,6,4.68
690355,11,Sri Lanka,male,180,10,240,11,8,10,4.5
690355,8,Bangladesh,male,167,10,236,15,4,6,4.25
690357,11,Sri Lanka,male,289,6,300,32,1,7,5.78
690357,8,Bangladesh,male,228,10,258,18,6,14,5.3
690359,8,Bangladesh,male,240,8,300,20,3,9,4.8
690359,11,Sri Lanka,male,246,4,285,17,6,7,5.18
696731,4,Scotland,male,341,9,300,27,6,14,6.82
696731,34,Canada,male,171,10,236,22,2,23,4.35
696733,30,Netherlands,male,265,6,300,21,4,7,5.3
696733,44,Kenya,male,266,6,214,33,2,12,7.46
696747,34,Canada,male,210,10,300,18,1,6,4.2
696747,30,Netherlands,male,212,2,220,22,4,12,5.78
696759,44,Kenya,male,260,10,300,20,2,24,5.2
696759,4,Scotland,male,261,7,297,17,4,4,5.27
702139,14,Ireland,male,202,10,296,12,2,12,4.09
702139,13,West Indies,male,205,6,220,24,5,13,5.59
706767,11,Sri Lanka,male,219,8,300,21,2,19,4.38
706767,14,Ireland,male,140,10,239,15,0,7,3.51
710291,11,Sri Lanka,male,296,6,300,29,2,18,5.92
710291,2,Pakistan,male,284,10,293,26,6,13,5.82
710293,8,Bangladesh,male,279,7,300,20,6,18,5.58
710293,7,India,male,280,4,294,29,4,11,5.71
710297,7,India,male,264,9,300,17,5,11,5.28
710297,11,Sri Lanka,male,265,8,296,25,4,8,5.37
710301,7,India,male,245,8,300,23,5,8,4.9
710301,2,Pakistan,male,249,9,298,16,8,17,5.01
710305,8,Bangladesh,male,326,3,300,31,8,21,6.52
710305,2,Pakistan,male,329,7,299,29,10,13,6.6
710309,8,Bangladesh,male,204,9,300,14,1,17,4.08
710309,11,Sri Lanka,male,208,7,294,19,1,9,4.24
710311,2,Pakistan,male,260,5,300,21,5,6,5.2
710311,11,Sri Lanka,male,261,5,278,33,2,8,5.63
722339,9,South Africa,male,279,8,290,25,2,26,5.77
722339,13,West Indies,male,164,10,170,14,5,7,5.79
722341,9,South Africa,male,439,2,300,34,18,9,8.78
722341,13,West Indies,male,291,7,300,26,5,24,5.82
722343,13,West Indies,male,122,10,202,13,2,5,3.62
722343,9,South Africa,male,124,1,148,15,0,5,5.03
722345,9,South Africa,male,262,8,300,23,3,19,5.24
722345,13,West Indies,male,266,9,291,21,11,22,5.48
722347,9,South Africa,male,361,5,252,29,17,30,8.6
722347,13,West Indies,male,230,10,226,19,9,12,6.11
722389,23,India,female,193,8,282,22,0,12,4.11
722389,21,England,female,153,3,181,18,0,7,5.07
722391,21,England,female,214,9,300,19,0,15,4.28
722391,23,India,female,201,10,292,19,1,19,4.13
727919,1,Australia,male,255,8,300,20,3,12,5.1
727919,2,Pakistan,male,162,10,219,13,4,16,4.44
727921,2,Pakistan,male,215,10,297,14,2,10,4.34
727921,1,Australia,male,217,5,260,26,2,15,5.01
727923,1,Australia,male,231,9,300,15,2,5,4.62
727923,2,Pakistan,male,230,10,300,15,3,25,4.6
727935,4,Scotland,male,172,10,243,20,1,21,4.25
727935,14,Ireland,male,173,3,220,17,2,19,4.72
727937,4,Scotland,male,221,10,299,20,3,10,4.43
727937,14,Ireland,male,225,7,266,27,1,20,5.08
727939,14,Ireland,male,241,9,300,23,3,12,4.82
727939,4,Scotland,male,243,2,274,28,1,6,5.32
730083,9,South Africa,male,304,5,300,20,5,19,6.08
730083,11,Sri Lanka,male,229,10,243,22,1,11,5.65
730085,11,Sri Lanka,male,267,10,296,20,2,13,5.41
730085,9,South Africa,male,180,10,229,20,0,13,4.72
730087,9,South Africa,male,339,5,300,29,8,16,6.78
730087,11,Sri Lanka,male,257,10,267,26,3,28,5.78
730287,8,Bangladesh,male,217,9,300,19,1,11,4.34
730287,13,West Indies,male,219,7,238,16,7,6,5.52
730289,13,West Indies,male,247,7,300,12,9,15,4.94
730289,8,Bangladesh,male,70,10,148,6,1,5,2.84
730291,13,West Indies,male,338,7,300,19,19,10,6.76
730291,8,Bangladesh,male,247,8,300,27,2,17,4.94
736437,9,South Africa,male,309,3,300,20,7,22,6.18
736437,6,Zimbabwe,male,216,10,299,19,2,9,4.33
736439,9,South Africa,male,257,10,298,18,2,14,5.17
736439,6,Zimbabwe,male,196,10,295,15,6,17,3.99
736441,6,Zimbabwe,male,165,10,239,18,2,17,4.14
736441,9,South Africa,male,171,3,164,17,3,6,6.26
736443,1,Australia,male,350,6,300,27,15,15,7.0
736443,6,Zimbabwe,male,152,10,237,16,1,9,3.85
736445,1,Australia,male,327,7,300,26,7,23,6.54
736445,9,South Africa,male,328,3,280,29,4,10,7.03
736447,9,South Africa,male,231,10,299,15,2,14,4.64
736447,6,Zimbabwe,male,170,10,231,16,3,8,4.42
736449,1,Australia,male,209,9,300,10,6,5,4.18
736449,6,Zimbabwe,male,211,7,288,19,2,24,4.4
736451,1,Australia,male,282,7,300,19,9,11,5.64
736451,9,South Africa,male,220,10,264,14,6,17,5.0
736453,9,South Africa,male,271,6,300,18,5,11,5.42
736453,6,Zimbabwe,male,208,10,284,13,3,13,4.39
736455,1,Australia,male,217,9,300,15,3,19,4.34
736455,9,South Africa,male,221,4,245,18,3,4,5.41
736511,5,Hong Kong,male,157,10,272,12,4,12,3.46
736511,22,United Arab Emirates,male,158,8,291,15,3,14,3.26
742619,3,New Zealand,male,246,7,300,22,1,14,4.92
742619,2,Pakistan,male,250,7,297,22,2,13,5.05
742621,2,Pakistan,male,252,10,291,18,7,11,5.2
742621,3,New Zealand,male,255,6,276,31,1,16,5.54
742623,2,Pakistan,male,364,7,300,37,11,19,7.28
742623,3,New Zealand,male,217,10,230,21,4,10,5.66
742625,3,New Zealand,male,299,5,300,28,1,13,5.98
742625,2,Pakistan,male,292,8,300,20,5,16,5.84
742627,3,New Zealand,male,275,4,300,22,2,10,5.5
742627,2,Pakistan,male,207,10,261,14,1,4,4.76
743943,10,England,male,408,9,300,38,14,8,8.16
743943,3,New Zealand,male,198,10,187,24,1,18,6.35
743945,3,New Zealand,male,398,5,300,40,13,17,7.96
743945,10,England,male,365,9,276,34,14,10,7.93
743947,10,England,male,302,10,272,31,4,19,6.66
743947,3,New Zealand,male,306,7,294,30,2,18,6.24
743949,3,New Zealand,male,349,7,300,33,10,18,6.98
743949,10,England,male,350,3,264,39,11,7,7.95
743951,3,New Zealand,male,283,9,300,22,6,5,5.66
743951,10,England,male,192,7,150,23,1,15,7.68
743973,1,Australia,male,222,6,242,17,5,6,5.5
743973,14,Ireland,male,157,10,142,9,3,18,6.63
743977,1,Australia,male,305,6,300,30,3,3,6.1
743977,10,England,male,246,10,273,29,2,5,5.41
743979,1,Australia,male,309,7,294,28,8,9,6.31
743979,10,England,male,245,10,255,26,4,17,5.76
743981,10,England,male,300,8,300,24,3,17,6.0
743981,1,Australia,male,207,10,264,20,0,10,4.7
743983,1,Australia,male,299,7,300,24,8,12,5.98
743983,10,England,male,304,7,290,34,6,13,6.29
743985,10,England,male,138,9,198,19,1,6,4.18
743985,1,Australia,male,140,2,146,19,1,17,5.75
744679,8,Bangladesh,male,272,9,300,28,5,11,5.44
744679,7,India,male,153,3,149,13,5,8,6.16
744681,7,India,male,105,10,153,10,1,11,4.12
744681,8,Bangladesh,male,58,10,106,9,0,6,3.28
744683,7,India,male,119,9,206,12,0,13,3.47
745159,11,Sri Lanka,male,275,7,270,33,3,13,6.11
745159,2,Pakistan,male,277,6,269,29,0,11,6.18
745161,11,Sri Lanka,male,310,9,300,31,4,25,6.2
745161,2,Pakistan,male,233,10,263,27,1,6,5.32
745163,2,Pakistan,male,102,10,193,9,1,8,3.17
745163,11,Sri Lanka,male,104,3,110,14,0,12,5.67
749771,3,New Zealand,male,230,10,271,23,7,13,5.09
749771,9,South Africa,male,236,4,289,19,2,8,4.9
749773,9,South Africa,male,282,9,300,28,3,6,5.64
749773,3,New Zealand,male,210,10,279,21,1,11,4.52
749775,9,South Africa,male,157,3,184,20,0,15,5.12
749781,11,Sri Lanka,male,218,9,300,22,3,7,4.36
749781,3,New Zealand,male,219,7,258,23,4,7,5.09
749783,3,New Zealand,male,248,10,300,21,7,5,4.96
749783,11,Sri Lanka,male,252,4,286,31,4,9,5.29
749785,3,New Zealand,male,145,3,173,10,5,6,5.03
749787,11,Sri Lanka,male,276,10,297,22,5,16,5.58
749787,3,New Zealand,male,280,6,289,16,7,8,5.81
749789,3,New Zealand,male,360,5,300,35,11,7,7.2
749789,11,Sri Lanka,male,252,10,262,25,3,16,5.77
749791,3,New Zealand,male,315,8,300,26,6,17,6.3
749791,11,Sri Lanka,male,195,10,243,16,2,9,4.81
749793,11,Sri Lanka,male,287,6,300,26,3,11,5.74
749793,3,New Zealand,male,253,10,272,22,4,11,5.58
749795,2,Pakistan,male,210,10,273,22,5,13,4.62
749795,3,New Zealand,male,213,3,237,28,0,11,5.39
749797,3,New Zealand,male,369,5,300,40,8,11,7.38
749797,2,Pakistan,male,250,10,259,21,4,9,5.79
750663,11,Sri Lanka,male,317,6,300,26,6,19,6.34
750663,10,England,male,292,10,283,20,8,9,6.19
750665,10,England,male,185,10,258,8,0,8,4.3
750665,11,Sri Lanka,male,186,2,206,22,1,7,5.42
750667,11,Sri Lanka,male,242,8,210,24,3,14,6.91
750667,10,England,male,236,5,202,20,9,7,7.01
750669,10,England,male,265,10,300,15,7,7,5.3
750669,11,Sri Lanka,male,267,4,298,24,0,20,5.38
750671,11,Sri Lanka,male,239,10,294,25,1,19,4.88
750671,10,England,male,240,5,295,18,2,9,4.88
750673,11,Sri Lanka,male,292,7,300,30,4,23,5.84
750673,10,England,male,202,10,249,18,3,2,4.87
750675,11,Sri Lanka,male,302,6,300,27,3,10,6.04
750675,10,England,male,215,10,275,13,2,10,4.69
754723,1,Australia,male,300,8,300,21,7,29,6.0
754723,9,South Africa,male,268,10,289,22,3,11,5.56
754725,1,Australia,male,154,10,250,10,3,9,3.7
754725,9,South Africa,male,157,7,166,22,0,20,5.67
754727,1,Australia,male,329,5,300,29,6,12,6.58
754727,9,South Africa,male,256,9,267,24,3,8,5.75
754729,9,South Africa,male,267,8,300,20,1,19,5.34
754729,1,Australia,male,268,7,294,21,1,14,5.47
754731,9,South Africa,male,280,6,300,30,2,15,5.6
754731,1,Australia,male,275,8,283,28,4,8,5.83
754749,7,India,male,267,8,300,20,4,20,5.34
754749,1,Australia,male,269,6,294,23,4,14,5.49
754751,10,England,male,234,10,287,16,4,20,4.89
754751,1,Australia,male,235,7,239,30,1,8,5.9
754753,7,India,male,153,10,237,7,3,7,3.87
754753,10,England,male,156,1,165,13,0,4,5.67
754755,10,England,male,303,8,300,26,4,10,6.06
754755,1,Australia,male,304,7,299,27,2,6,6.1
754757,7,India,male,69,2,96,4,1,7,4.31
754759,7,India,male,200,10,289,16,2,6,4.15
754759,10,England,male,201,7,281,14,0,9,4.29
754761,1,Australia,male,278,8,300,35,5,7,5.56
754761,10,England,male,166,10,235,16,2,18,4.24
754787,20,Pakistan,female,121,8,150,9,0,6,4.84
754787,17,Australia,female,124,5,147,6,2,8,5.06
754789,20,Pakistan,female,189,8,300,12,0,14,3.78
754789,17,Australia,female,190,2,198,15,0,6,5.76
754809,25,West Indies,female,240,8,300,26,0,16,4.8
754809,17,Australia,female,241,7,297,20,0,8,4.87
754811,17,Australia,female,256,10,300,21,1,15,5.12
754811,25,West Indies,female,203,8,300,23,1,10,4.06
754813,25,West Indies,female,220,7,300,19,1,12,4.4
754813,17,Australia,female,222,2,259,26,0,9,5.14
754815,17,Australia,female,275,5,300,26,3,25,5.5
754815,25,West Indies,female,127,9,149,17,6,3,5.11
757505,18,Sri Lanka,female,209,8,300,20,0,12,4.18
757507,16,South Africa,female,139,7,162,14,0,6,5.15
757507,18,Sri Lanka,female,143,6,156,17,0,4,5.5
757509,18,Sri Lanka,female,137,10,262,10,2,19,3.14
757509,16,South Africa,female,141,5,209,12,1,9,4.05
760787,8,Bangladesh,male,281,7,300,18,6,20,5.62
760787,6,Zimbabwe,male,194,10,253,17,2,15,4.6
760789,8,Bangladesh,male,251,7,300,17,3,12,5.02
760789,6,Zimbabwe,male,183,10,269,15,1,9,4.08
760791,8,Bangladesh,male,297,6,300,26,2,17,5.94
760791,6,Zimbabwe,male,173,10,239,17,3,20,4.34
760793,8,Bangladesh,male,256,8,300,22,2,19,5.12
760793,6,Zimbabwe,male,235,8,300,24,3,7,4.7
760795,6,Zimbabwe,male,128,10,180,11,4,3,4.27
760795,8,Bangladesh,male,130,5,147,21,0,17,5.31
760889,14,Ireland,male,56,4,108,6,0,6,3.11
770121,13,West Indies,male,321,6,300,26,10,30,6.42
770121,7,India,male,197,10,246,21,2,15,4.8
770123,7,India,male,263,7,300,20,3,18,5.26
770123,13,West Indies,male,215,10,279,16,7,2,4.62
770127,7,India,male,330,6,300,29,10,9,6.6
770127,13,West Indies,male,271,10,289,26,9,19,5.63
792289,7,India,male,363,5,300,37,10,14,7.26
792289,11,Sri Lanka,male,194,10,236,22,1,18,4.93
792291,11,Sri Lanka,male,274,8,300,27,3,18,5.48
792291,7,India,male,275,4,267,21,8,3,6.18
792293,11,Sri Lanka,male,242,10,290,23,2,16,5.01
792293,7,India,male,245,4,265,21,3,11,5.55
792295,7,India,male,404,5,300,47,10,11,8.08
792295,11,Sri Lanka,male,251,10,259,29,6,16,5.81
792297,11,Sri Lanka,male,286,8,300,21,11,13,5.72
792297,7,India,male,288,7,292,31,4,11,5.92
798369,17,Australia,female,238,9,300,36,0,11,4.76
798369,21,England,female,240,6,274,30,0,17,5.26
798371,17,Australia,female,259,6,300,26,0,12,5.18
798371,21,England,female,196,10,258,18,0,6,4.56
798373,17,Australia,female,241,7,300,24,0,6,4.82
798373,21,England,female,152,10,259,10,1,10,3.52
800469,10,England,male,399,9,300,38,15,17,7.98
800469,9,South Africa,male,250,5,201,26,7,7,7.46
800471,9,South Africa,male,262,7,300,19,2,17,5.24
800471,10,England,male,263,5,278,21,5,14,5.68
800473,10,England,male,318,8,300,28,9,15,6.36
800473,9,South Africa,male,319,3,278,33,8,17,6.88
800475,10,England,male,262,10,287,27,1,10,5.48
800475,9,South Africa,male,266,9,284,22,5,11,5.62
800477,10,England,male,236,10,270,22,2,23,5.24
800477,9,South Africa,male,237,5,264,22,4,15,5.39
808863,20,Pakistan,female,138,9,300,8,0,21,2.76
808863,18,Sri Lanka,female,126,10,271,9,1,15,2.79
808865,18,Sri Lanka,female,242,5,300,17,4,9,4.84
808865,20,Pakistan,female,245,3,284,18,0,11,5.18
810829,4,Scotland,male,216,9,300,11,1,30,4.32
810829,14,Ireland,male,220,7,279,19,4,10,4.73
817207,8,Bangladesh,male,160,10,219,14,1,16,4.38
817207,9,South Africa,male,164,2,187,19,1,7,5.26
817209,9,South Africa,male,162,10,276,14,1,7,3.52
817209,8,Bangladesh,male,167,3,166,22,2,7,6.04
817211,9,South Africa,male,168,9,240,14,0,9,4.2
817211,8,Bangladesh,male,170,1,157,21,1,14,6.5
828245,20,Pakistan,female,153,9,300,16,0,12,3.06
828245,16,South Africa,female,156,5,280,15,1,5,3.34
848843,9,South Africa,male,304,7,300,25,9,23,6.08
848843,3,New Zealand,male,284,10,289,23,5,32,5.9
848845,9,South Africa,male,204,10,297,14,1,4,4.12
848845,3,New Zealand,male,207,2,267,19,3,13,4.65
848847,9,South Africa,male,283,7,300,29,4,20,5.66
848847,3,New Zealand,male,221,10,296,20,1,6,4.48
858485,8,Bangladesh,male,329,6,300,36,6,17,6.58
858485,2,Pakistan,male,250,10,272,25,1,9,5.51
858487,2,Pakistan,male,239,6,300,19,4,11,4.78
858487,8,Bangladesh,male,240,3,229,32,2,18,6.29
858489,2,Pakistan,male,250,10,294,22,2,6,5.1
858489,8,Bangladesh,male,251,2,237,28,7,7,6.35
860269,11,Sri Lanka,male,255,8,300,22,3,18,5.1
860269,2,Pakistan,male,259,4,272,26,6,6,5.71
860271,2,Pakistan,male,287,8,300,20,6,17,5.74
860271,11,Sri Lanka,male,288,8,289,29,3,9,5.98
860273,2,Pakistan,male,316,4,300,26,1,15,6.32
860273,11,Sri Lanka,male,181,10,247,10,1,11,4.4
860275,11,Sri Lanka,male,256,9,300,14,2,15,5.12
860275,2,Pakistan,male,257,3,245,25,6,13,6.29
860277,11,Sri Lanka,male,368,4,300,33,10,9,7.36
860277,2,Pakistan,male,203,10,224,26,1,7,5.44
868727,2,Pakistan,male,375,3,300,35,10,9,7.5
868727,6,Zimbabwe,male,334,5,300,32,7,7,6.68
868729,6,Zimbabwe,male,268,7,300,22,5,10,5.36
868729,2,Pakistan,male,269,4,284,22,1,3,5.68
868731,2,Pakistan,male,296,9,300,24,5,12,5.92
868731,6,Zimbabwe,male,68,0,54,7,0,1,7.56
870731,8,Bangladesh,male,307,10,298,31,4,17,6.18
870731,7,India,male,228,10,276,15,4,10,4.96
870733,7,India,male,200,10,270,17,1,15,4.44
870733,8,Bangladesh,male,200,4,228,21,2,13,5.26
870735,7,India,male,317,6,300,27,5,10,6.34
870735,8,Bangladesh,male,240,10,282,22,3,17,5.11
872481,19,New Zealand,female,220,10,299,20,5,22,4.41
872481,23,India,female,221,2,266,29,2,11,4.98
872483,19,New Zealand,female,118,10,246,8,1,13,2.88
872483,23,India,female,121,1,164,24,0,2,4.43
885959,7,India,male,255,6,300,24,3,10,5.1
885959,6,Zimbabwe,male,251,7,300,23,2,18,5.02
885965,7,India,male,271,8,300,16,3,13,5.42
885965,6,Zimbabwe,male,209,10,294,20,2,10,4.27
885967,7,India,male,276,5,300,24,3,13,5.52
885967,6,Zimbabwe,male,193,10,256,20,0,11,4.52
894287,3,New Zealand,male,303,4,300,26,5,12,6.06
894287,6,Zimbabwe,male,304,3,294,27,6,15,6.2
894289,6,Zimbabwe,male,235,9,300,18,4,10,4.7
894289,3,New Zealand,male,236,0,254,18,3,10,5.57
894291,3,New Zealand,male,273,6,300,22,4,11,5.46
894291,6,Zimbabwe,male,235,10,286,18,5,16,4.93
895797,17,Australia,female,231,7,300,26,0,3,4.62
895797,23,India,female,234,5,282,28,0,11,4.98
895807,7,India,male,309,3,300,25,9,10,6.18
895807,1,Australia,male,310,5,296,21,4,17,6.28
895809,7,India,male,308,8,300,23,4,7,6.16
895809,1,Australia,male,309,3,294,24,2,19,6.31
895811,7,India,male,295,6,300,23,5,14,5.9
895811,1,Australia,male,296,7,293,29,3,9,6.06
895813,1,Australia,male,348,8,300,34,7,13,6.96
895813,7,India,male,323,10,296,30,6,6,6.55
895815,1,Australia,male,330,7,300,24,6,20,6.6
895815,7,India,male,331,4,298,26,6,8,6.66
902641,10,England,male,216,10,298,16,2,9,4.35
902641,2,Pakistan,male,217,4,262,19,5,8,4.97
902643,10,England,male,283,5,300,21,4,6,5.66
902643,2,Pakistan,male,188,10,275,8,2,19,4.1
902645,2,Pakistan,male,208,10,299,8,7,4,4.17
902645,10,England,male,210,4,246,16,4,11,5.12
902647,10,England,male,355,5,300,25,12,13,7.1
902647,2,Pakistan,male,271,10,244,27,7,9,6.66
903593,9,South Africa,male,303,5,300,23,9,8,6.06
903593,7,India,male,298,7,300,24,6,17,5.96
903595,7,India,male,247,9,300,21,6,13,4.94
903595,9,South Africa,male,225,10,262,23,3,5,5.15
903597,9,South Africa,male,270,7,300,23,3,6,5.4
903597,7,India,male,252,6,300,20,3,11,5.04
903599,7,India,male,299,8,300,18,6,16,5.98
903599,9,South Africa,male,264,9,300,23,3,10,5.28
903601,9,South Africa,male,438,4,300,38,20,11,8.76
903601,7,India,male,224,10,216,25,5,5,6.22
907375,16,South Africa,female,196,10,296,15,0,18,3.97
907375,21,England,female,150,3,171,21,0,6,5.26
907389,25,West Indies,female,214,7,300,28,2,4,4.28
907389,16,South Africa,female,198,10,293,15,1,9,4.05
907391,25,West Indies,female,232,10,295,27,2,14,4.72
907391,16,South Africa,female,175,10,273,19,0,15,3.85
907393,16,South Africa,female,235,6,300,23,3,15,4.7
907393,25,West Indies,female,200,8,300,20,0,14,4.0
911049,5,Hong Kong,male,298,4,300,24,6,17,5.96
911049,22,United Arab Emirates,male,209,10,255,26,2,9,4.92
913621,11,Sri Lanka,male,377,8,300,32,14,18,7.54
913621,14,Ireland,male,241,10,270,22,4,7,5.36
913623,11,Sri Lanka,male,286,9,300,25,7,6,5.72
913623,10,England,male,286,8,300,21,2,7,5.72
913625,11,Sri Lanka,male,254,7,300,17,3,16,5.08
913625,10,England,male,256,0,205,17,10,11,7.49
913627,11,Sri Lanka,male,248,9,300,15,3,9,4.96
913627,10,England,male,16,1,24,1,0,0,4.0
913629,11,Sri Lanka,male,305,5,252,31,4,7,7.26
913629,10,England,male,309,4,241,27,4,12,7.69
913631,10,England,male,324,7,300,28,3,8,6.48
913631,11,Sri Lanka,male,202,10,256,15,2,15,4.73
913649,2,Pakistan,male,337,6,282,35,12,6,7.17
913649,14,Ireland,male,82,10,142,7,1,6,3.46
913653,2,Pakistan,male,260,6,300,24,0,5,5.2
913653,10,England,male,194,3,207,16,1,13,5.62
913655,2,Pakistan,male,251,10,299,19,2,12,5.04
913655,10,England,male,255,6,285,25,1,10,5.37
913657,10,England,male,444,3,300,43,16,26,8.88
913657,2,Pakistan,male,275,10,256,30,5,12,6.45
913659,2,Pakistan,male,247,8,300,15,5,12,4.94
913659,10,England,male,252,6,288,22,6,10,5.25
913661,10,England,male,302,9,300,27,6,16,6.04
913661,2,Pakistan,male,304,6,290,32,3,11,6.29
914207,11,Sri Lanka,male,188,10,282,13,5,8,4.0
914207,3,New Zealand,male,191,3,126,27,5,11,9.1
914209,11,Sri Lanka,male,117,10,166,14,0,7,4.23
914209,3,New Zealand,male,118,0,50,11,8,8,14.16
914211,3,New Zealand,male,276,8,300,22,6,15,5.52
914211,11,Sri Lanka,male,277,2,278,23,5,7,5.98
914213,3,New Zealand,male,75,3,54,6,3,3,8.33
914215,3,New Zealand,male,294,5,300,23,6,10,5.88
914215,11,Sri Lanka,male,258,10,283,17,6,12,5.47
914227,3,New Zealand,male,280,8,300,24,7,20,5.6
914227,2,Pakistan,male,210,10,276,13,3,12,4.57
914231,3,New Zealand,male,307,8,300,25,13,11,6.14
914231,1,Australia,male,148,10,146,18,4,11,6.08
914233,3,New Zealand,male,281,9,300,18,9,8,5.62
914233,1,Australia,male,283,6,279,30,6,8,6.09
914235,3,New Zealand,male,246,10,273,14,8,15,5.41
914235,1,Australia,male,191,10,262,17,3,4,4.37
914265,2,Pakistan,male,290,10,285,28,7,15,6.11
914265,3,New Zealand,male,265,7,256,21,10,19,6.21
915777,13,West Indies,male,159,8,156,9,8,12,6.12
915777,11,Sri Lanka,male,164,9,149,14,4,13,6.6
915779,13,West Indies,male,214,10,226,14,7,10,5.68
915779,11,Sri Lanka,male,225,2,219,15,5,13,6.16
915781,13,West Indies,male,206,9,216,24,1,22,5.72
915781,11,Sri Lanka,male,180,5,195,12,3,10,5.54
916645,19,New Zealand,female,283,9,300,30,0,9,5.66
916645,18,Sri Lanka,female,187,9,300,16,0,14,3.74
916647,18,Sri Lanka,female,126,10,281,13,0,14,2.69
916647,19,New Zealand,female,130,0,87,22,1,9,8.97
916661,19,New Zealand,female,202,9,300,15,0,8,4.04
916661,17,Australia,female,193,10,298,20,1,8,3.89
916663,19,New Zealand,female,206,9,300,15,1,6,4.12
916663,17,Australia,female,210,2,246,23,3,2,5.12
919607,2,Pakistan,male,259,6,300,20,3,14,5.18
919607,6,Zimbabwe,male,128,10,222,8,1,7,3.46
919609,6,Zimbabwe,male,276,6,300,22,3,13,5.52
919609,2,Pakistan,male,256,8,288,23,5,17,5.33
919611,6,Zimbabwe,male,161,10,233,13,2,3,4.15
919611,2,Pakistan,male,162,3,204,17,2,7,4.76
919613,14,Ireland,male,219,8,300,16,2,12,4.38
919613,6,Zimbabwe,male,222,8,294,18,0,7,4.53
919615,14,Ireland,male,268,7,300,24,6,22,5.36
919615,6,Zimbabwe,male,270,5,291,23,3,20,5.57
919617,6,Zimbabwe,male,187,10,296,16,1,10,3.79
919617,14,Ireland,male,189,8,281,19,0,12,4.04
923327,15,Bangladesh,female,123,9,300,12,0,9,2.46
923327,20,Pakistan,female,124,4,231,14,0,4,3.22
931390,8,Bangladesh,male,273,9,300,23,6,15,5.46
931390,6,Zimbabwe,male,128,9,217,9,3,5,3.54
931392,8,Bangladesh,male,241,9,300,21,5,18,4.82
931392,6,Zimbabwe,male,183,10,260,13,4,23,4.22
931394,8,Bangladesh,male,276,9,300,25,6,12,5.52
931394,6,Zimbabwe,male,215,10,261,23,1,4,4.94
932849,9,South Africa,male,188,10,281,9,0,5,4.01
932849,13,West Indies,male,191,6,289,10,6,23,3.97
932851,13,West Indies,male,116,10,195,8,2,14,3.57
932851,1,Australia,male,117,4,154,13,1,1,4.56
932853,9,South Africa,male,189,9,300,9,2,6,3.78
932853,1,Australia,male,142,10,206,13,3,5,4.14
932855,1,Australia,male,288,6,300,26,5,9,5.76
932855,9,South Africa,male,252,10,286,22,3,10,5.29
932857,1,Australia,male,265,7,300,13,7,11,5.3
932857,13,West Indies,male,266,6,274,21,10,12,5.82
932859,9,South Africa,male,343,4,300,28,7,12,6.86
932859,13,West Indies,male,204,10,228,19,4,15,5.37
932861,9,South Africa,male,8,0,6,1,0,3,8.0
932863,13,West Indies,male,282,8,300,26,6,13,5.64
932863,1,Australia,male,283,4,292,25,2,13,5.82
932865,13,West Indies,male,285,10,299,29,9,24,5.72
932865,9,South Africa,male,185,10,276,21,0,13,4.02
932867,1,Australia,male,270,9,300,24,5,11,5.4
932867,13,West Indies,male,212,10,274,18,5,12,4.64
935813,19,New Zealand,female,222,8,300,24,0,17,4.44
935813,16,South Africa,female,226,6,295,26,2,9,4.6
935817,16,South Africa,female,194,10,294,20,1,12,3.96
935817,19,New Zealand,female,196,2,170,24,2,11,6.92
935819,19,New Zealand,female,208,8,300,17,0,21,4.16
935819,16,South Africa,female,113,8,215,10,1,7,3.15
935821,19,New Zealand,female,130,10,201,10,1,4,3.88
935821,16,South Africa,female,131,5,226,12,2,10,3.48
935823,19,New Zealand,female,273,7,300,31,1,24,5.46
935823,16,South Africa,female,147,10,275,16,1,15,3.21
936131,9,South Africa,male,354,5,300,31,7,22,7.08
936131,14,Ireland,male,148,10,185,19,0,6,4.8
936133,14,Ireland,male,198,10,263,20,2,21,4.52
936133,1,Australia,male,199,1,180,19,5,10,6.63
936135,1,Australia,male,294,9,300,34,8,13,5.88
936135,9,South Africa,male,295,4,218,30,12,4,8.12
936137,9,South Africa,male,361,6,300,42,4,11,7.22
936137,1,Australia,male,219,10,226,26,6,10,5.81
936139,1,Australia,male,371,6,300,31,10,11,7.42
936139,9,South Africa,male,372,6,296,34,11,11,7.54
936141,1,Australia,male,167,10,220,17,4,3,4.55
936141,9,South Africa,male,168,4,213,22,0,7,4.73
936143,9,South Africa,male,327,8,300,34,4,19,6.54
936143,1,Australia,male,296,10,290,33,2,15,6.12
936159,11,Sri Lanka,male,181,10,291,17,1,17,3.73
936159,9,South Africa,male,185,2,206,17,2,9,5.39
936161,9,South Africa,male,307,6,300,15,9,11,6.14
936161,11,Sri Lanka,male,186,10,227,22,0,6,4.92
936163,11,Sri Lanka,male,163,10,236,16,0,9,4.14
936163,9,South Africa,male,164,3,192,15,1,10,5.12
936165,9,South Africa,male,367,5,300,33,6,5,7.34
936165,11,Sri Lanka,male,327,10,289,34,9,10,6.79
936167,9,South Africa,male,384,6,300,36,9,20,7.68
936167,11,Sri Lanka,male,296,8,300,30,6,24,5.92
946545,20,Pakistan,female,165,10,274,22,0,16,3.61
946545,21,England,female,166,3,191,21,0,7,5.21
946547,21,England,female,378,5,300,39,11,16,7.56
946547,20,Pakistan,female,166,10,286,19,0,14,3.48
946549,21,England,female,366,4,300,41,2,17,7.32
946549,20,Pakistan,female,164,10,269,13,0,13,3.66
962017,16,South Africa,female,143,10,280,10,2,12,3.06
962017,24,Ireland,female,146,3,217,24,0,5,4.04
995457,11,Sri Lanka,male,227,8,300,16,0,3,4.54
995457,1,Australia,male,228,7,281,16,2,15,4.87
995459,11,Sri Lanka,male,288,10,293,22,5,20,5.9
995459,1,Australia,male,206,10,284,12,0,11,4.35
995461,11,Sri Lanka,male,226,10,296,16,1,18,4.58
995461,1,Australia,male,227,8,276,19,2,12,4.93
995463,11,Sri Lanka,male,212,10,300,19,0,21,4.24
995463,1,Australia,male,217,4,186,24,5,5,7.0
995465,11,Sri Lanka,male,195,10,242,19,2,9,4.83
995465,1,Australia,male,199,5,258,15,0,11,4.63
997993,4,Scotland,male,327,5,300,30,3,9,6.54
997993,22,United Arab Emirates,male,229,10,261,18,8,11,5.26
997995,22,United Arab Emirates,male,228,10,274,18,5,14,4.99
997995,4,Scotland,male,229,3,286,19,3,0,4.8
