player_id,player_external_id,player_name,gender,team_name,matches,batting_innings,runs,balls_faced,highest_score,not_outs,fours,sixes,fifties,centuries,batting_average,strike_rate,bowling_innings,balls_bowled,wickets,runs_conceded,economy,bowling_average,best_bowling_wickets,five_wicket_hauls
1,25c73eb6,A Aitken-Drummond,female,Scotland,8,8,78,111,22,0,13,0,0,0,9.75,70.27,0,0,0,0,0.0,0.0,0,0
2,9d87a319,A Beggs,female,Ireland,3,1,0,2,0,0,0,0,0,0,0.0,0.0,3,132,5,130,5.91,26.0,3,0
3,dcf0e8f4,A Bosch,female,South Africa,28,26,494,642,91,3,67,3,3,0,21.48,76.95,7,156,1,134,5.15,134.0,1,0
4,053dc208,A Brindle,female,England,20,20,608,861,107,5,60,0,3,1,40.53,70.62,17,600,17,446,4.46,26.24,3,0
5,ffd5fcd8,A Canning,female,Ireland,21,18,108,186,20,3,7,2,0,0,7.2,58.06,21,849,16,625,4.42,39.06,4,0
6,910dd54e,A Capsey,female,England,32,28,555,701,50,4,63,2,1,0,23.12,79.17,19,514,17,416,4.86,24.47,3,0
7,57a7b064,A Chopra,female,India,1,1,0,8,0,0,0,0,0,0,0.0,0.0,0,0,0,0,0.0,0.0,0,0
8,66498395,A Dalzell,female,Ireland,10,6,52,79,19,3,5,0,0,0,17.33,65.82,10,359,8,356,5.95,44.5,4,0
9,8479657a,A Das,female,India,3,1,1,11,1,0,0,0,0,0,1.0,9.09,3,165,7,119,4.33,17.0,4,0
10,d2b1f515,A Dercksen,female,South Africa,23,22,751,819,104,1,64,20,5,1,35.76,91.7,17,405,14,430,6.37,30.71,3,0
11,bc969efb,A Gardner,female,Australia,87,64,1604,1479,115,13,166,40,7,3,31.45,108.45,86,3739,119,2672,4.29,22.45,5,1
12,53d50717,A Hartley,female,England,21,5,4,28,2,4,0,0,0,0,4.0,14.29,21,1012,23,718,4.26,31.22,3,0
13,ccaa3434,A Hlubi,female,South Africa,12,6,15,32,6,3,2,0,0,0,5.0,46.88,12,474,10,487,6.16,48.7,3,0
14,e8fa03ed,A Hunter,female,Ireland,43,43,1385,1617,121,3,152,4,10,1,34.62,85.65,0,0,0,0,0.0,0.0,0,0
15,0d518f89,A Khaka,female,South Africa,104,45,146,313,18,19,14,0,0,0,5.62,46.65,104,4821,137,3502,4.36,25.56,6,2
16,83558266,A King,female,Australia,52,22,295,295,51,6,17,17,1,0,18.44,100.0,51,2240,85,1599,4.28,18.81,7,3
17,85f5735b,A Kolan,female,United States of America,7,7,155,286,43,0,16,0,0,0,22.14,54.2,0,0,0,0,0.0,0.0,0,0
18,69a0b944,A le Breton,female,South Africa,1,1,3,6,3,1,0,0,0,0,0.0,50.0,0,0,0,0,0.0,0.0,0,0
19,090c0213,A Lister,female,Scotland,9,9,213,251,47,0,27,1,0,0,23.67,84.86,0,0,0,0,0.0,0.0,0,0
20,09a58e2d,A Mazvishaya,female,Zimbabwe,15,10,74,143,26,4,7,0,0,0,12.33,51.75,15,612,10,472,4.63,47.2,2,0
21,cb7f7284,A Minny,female,South Africa,3,3,106,121,73,1,11,1,1,0,53.0,87.6,0,0,0,0,0.0,0.0,0,0
22,a49985e6,A Mohammed,female,West Indies,45,36,232,557,31,12,23,0,0,0,9.67,41.65,43,1992,49,1513,4.56,30.88,5,1
23,a811cb83,A Munisar,female,West Indies,9,5,13,65,7,0,2,0,0,0,2.6,20.0,9,336,7,265,4.73,37.86,2,0
24,c8e6bddd,A Ndiraya,female,Zimbabwe,16,16,428,603,82,2,40,0,1,0,30.57,70.98,3,25,1,16,3.84,16.0,1,0
25,12e28f5c,A Rawat,female,India,2,2,153,185,97,1,20,2,2,0,153.0,82.7,0,0,0,0,0.0,0.0,0,0
26,eadc8924,A Reddy,female,India,11,7,58,90,14,1,2,0,0,0,9.67,64.44,11,548,15,490,5.36,32.67,4,0
27,a3ead8da,A Sharma,female,India,9,7,108,149,42,2,11,1,0,0,21.6,72.48,8,264,4,177,4.02,44.25,1,0
28,32497ecd,A Shrubsole,female,England,66,32,199,254,32,10,21,4,0,0,9.05,78.35,66,3119,81,2179,4.19,26.9,6,1
29,14baca9f,A Steyn,female,South Africa,31,31,781,1227,117,2,82,1,4,1,26.93,63.65,0,0,0,0,0.0,0.0,0,0
30,65d9b6b6,A Sutherland,female,Australia,49,36,1062,1140,110,10,102,15,4,3,40.85,93.16,48,1755,63,1377,4.71,21.86,5,1
31,43a2244f,A Suwanchonrathi,female,Thailand,4,4,31,39,28,0,1,0,0,0,7.75,79.49,2,24,0,12,3.0,0.0,0,0
32,d58e9bfb,A Tector,female,Ireland,6,6,50,76,21,0,4,0,0,0,8.33,65.79,5,150,2,168,6.72,84.0,1,0
33,9b3bcca4,A Wellington,female,Australia,11,4,6,17,3,1,0,0,0,0,2.0,35.29,11,534,17,427,4.8,25.12,3,0
34,af6c03bc,A Zimunu,female,Zimbabwe,14,11,104,143,23,2,8,0,0,0,11.56,72.73,14,481,10,477,5.95,47.7,2,0
35,4b0e3049,AA Alleyne,female,West Indies,54,45,571,851,44,10,66,2,0,0,16.31,67.1,48,1503,48,1400,5.59,29.17,4,0
36,cfa56623,AA Deshpande,female,India,1,1,32,68,32,0,4,1,0,0,32.0,47.06,0,0,0,0,0.0,0.0,0,0
37,9565fda6,AB Kaur,female,India,17,17,257,332,57,5,24,1,1,0,21.42,77.41,17,664,19,683,6.17,35.95,4,0
38,ac56b5a7,AC Jayangani,female,Sri Lanka,90,90,3300,4137,195,5,418,60,16,8,38.82,79.77,65,2252,54,1981,5.28,36.69,4,0
39,7673c908,AC Kerr,female,New Zealand,88,76,2402,3071,179,14,237,5,11,4,38.74,78.22,87,4430,118,3462,4.69,29.34,7,2
40,a5162ca9,AD Janakanthymala,female,Sri Lanka,2,2,1,15,1,1,0,0,0,0,1.0,6.67,2,66,2,47,4.27,23.5,1,0
41,b05e45e4,AE Jones,female,England,87,87,2623,3014,129,12,301,20,16,2,34.97,87.03,0,0,0,0,0.0,0.0,0,0
42,72b7ed1e,AE Satterthwaite,female,New Zealand,69,66,2895,3531,137,10,308,10,18,6,51.7,81.99,34,1053,25,831,4.74,33.24,3,0
43,8caf9750,AE Smith,female,South Africa,3,1,45,30,45,0,3,1,0,0,45.0,150.0,3,108,4,48,2.67,12.0,2,0
44,ecf35d58,AG Baldie,female,Scotland,1,0,0,0,0,0,0,0,0,0,0.0,0.0,1,36,0,24,4.0,0.0,0,0
45,87e5a75b,AGC Vimukthi,female,Sri Lanka,5,3,9,33,4,1,0,0,0,0,4.5,27.27,5,180,4,171,5.7,42.75,3,0
46,f61e2829,AH Maqsood,female,Scotland,14,8,20,47,6,2,0,0,0,0,3.33,42.55,14,626,27,469,4.5,17.37,4,0
47,5d2031f0,AH Thomson,female,Netherlands,2,2,16,35,10,0,1,0,0,0,8.0,45.71,1,30,0,47,9.4,0.0,0,0
48,9414a81c,AI Chudasama,female,United States of America,9,7,121,170,41,1,8,0,0,0,20.17,71.18,9,496,13,326,3.94,25.08,3,0
49,c736a96b,Aiman Anwer,female,Pakistan,8,5,15,20,10,1,1,0,0,0,3.75,75.0,8,264,4,182,4.14,45.5,1,0
50,b9164a9b,AJ Blackwell,female,Australia,33,33,953,1234,90,8,96,4,8,0,38.12,77.23,0,0,0,0,0.0,0.0,0,0
51,321644de,AJ Healy,female,Australia,95,95,3338,3294,170,7,473,34,16,7,37.93,101.34,1,12,0,12,6.0,0.0,0,0
52,ca753f5d,AJ Kenealy,female,Ireland,7,6,39,92,20,0,5,1,0,0,6.5,42.39,6,210,6,182,5.2,30.33,3,0
53,f888a374,AK Maguire,female,Ireland,16,11,43,54,13,5,4,0,0,0,7.17,79.63,16,713,23,726,6.11,31.57,5,1
54,badd245f,AK Peters,female,West Indies,5,4,6,29,4,0,0,0,0,0,1.5,20.69,4,84,1,71,5.07,71.0,1,0
55,f874c5a7,AL Hodgkinson,female,South Africa,3,3,121,164,71,0,9,0,1,0,40.33,73.78,0,0,0,0,0.0,0.0,0,0
56,be47cb63,Al Maseera Jahangir,female,United Arab Emirates,3,3,31,70,12,0,2,0,0,0,10.33,44.29,1,30,2,16,3.2,8.0,2,0
57,d395e33c,AL Watkins,female,New Zealand,1,1,0,1,0,0,0,0,0,0,0.0,0.0,1,12,0,21,10.5,0.0,0,0
58,2904b4b6,Aliya Riaz,female,Pakistan,71,69,1550,2314,81,10,148,20,10,0,26.27,66.98,33,846,10,797,5.65,79.7,2,0
59,ae2c396f,AM Peterson,female,New Zealand,16,12,167,200,46,3,14,3,0,0,18.56,83.5,16,590,18,369,3.75,20.5,4,0
60,35828bdd,AN Davidson-Richards,female,England,8,7,160,190,53,3,9,1,2,0,40.0,84.21,5,156,7,150,5.77,21.43,3,0
61,397369e0,AN Kelly,female,Ireland,37,33,422,630,35,5,35,1,0,0,15.07,66.98,36,1693,44,1381,4.89,31.39,4,0
62,06653fcc,Anam Amin,female,Pakistan,23,11,28,105,11,5,1,0,0,0,4.67,26.67,23,1114,29,728,3.92,25.1,5,1
63,78fc85c0,APC Kilowan,female,South Africa,4,1,21,17,21,0,1,1,0,0,21.0,123.53,4,198,6,62,1.88,10.33,3,0
64,3e8008eb,APS Lakshika,female,Sri Lanka,1,1,0,4,0,0,0,0,0,0,0.0,0.0,0,0,0,0,0.0,0.0,0,0
65,05625364,AS Tanke,female,Netherlands,2,2,41,87,41,0,5,0,0,0,20.5,47.13,2,60,1,58,5.8,58.0,1,0
66,623c8835,AS van Beuge,female,Netherlands,7,7,68,186,30,0,3,0,0,0,9.71,36.56,6,181,8,158,5.24,19.75,5,1
67,98dfe425,Asmavia Iqbal,female,Pakistan,25,22,225,414,38,5,23,0,0,0,13.24,54.35,25,1115,25,1009,5.43,40.36,3,0
68,42d9dd09,ASS Fletcher,female,West Indies,65,50,394,557,36,14,39,1,0,0,10.94,70.74,63,3040,94,2402,4.74,25.55,4,0
69,9ca533cc,ATS Silva,female,United Arab Emirates,4,1,1,1,1,1,0,0,0,0,0.0,100.0,4,156,5,125,4.81,25.0,3,0
70,2f899a44,Ayasha Rahman,female,Bangladesh,3,3,122,202,70,0,13,0,1,0,40.67,60.4,0,0,0,0,0.0,0.0,0,0
71,8c2c0a03,Ayesha Naseem,female,Pakistan,4,4,33,37,16,0,2,2,0,0,8.25,89.19,0,0,0,0,0.0,0.0,0,0
72,e15f4fa4,Ayesha Zafar,female,Pakistan,36,35,684,1020,81,3,81,3,4,0,21.38,67.06,8,175,3,162,5.55,54.0,2,0
73,564afdcf,B Bezuidenhout,female,New Zealand,13,13,266,349,86,0,26,0,1,0,20.46,76.22,0,0,0,0,0.0,0.0,0,0
74,8a522c6c,B Biza,female,Zimbabwe,15,15,425,632,73,1,47,0,3,0,30.36,67.25,14,397,4,340,5.14,85.0,3,0
75,ac0edb42,B Cooper,female,West Indies,18,18,339,569,55,3,35,4,1,0,22.6,59.58,0,0,0,0,0.0,0.0,0,0
76,b3020075,B de Leede,female,Netherlands,14,14,347,471,76,0,36,1,3,0,24.79,73.67,0,0,0,0,0.0,0.0,0,0
77,aa0c5e01,B Leephatthana,female,Thailand,3,3,30,62,26,0,4,0,0,0,10.0,48.39,0,0,0,0,0.0,0.0,0,0
78,3a6cbb8e,B Tau,female,Papua New Guinea,14,14,180,389,38,0,16,0,0,0,12.86,46.27,0,0,0,0,0.0,0.0,0,0
79,06f988b8,B Vakarewa,female,Australia,1,0,0,0,0,0,0,0,0,0,0.0,0.0,1,24,0,22,5.5,0.0,0,0
80,fb192f98,BA Langston,female,England,3,1,21,21,21,0,2,0,0,0,21.0,100.0,3,138,1,57,2.48,57.0,1,0
81,3b5a9438,BAM Heath,female,England,4,4,59,59,33,1,3,1,0,0,19.67,100.0,0,0,0,0,0.0,0.0,0,0
82,b1e5dade,Batool Fatima,female,Pakistan,5,5,64,96,28,1,6,0,0,0,16.0,66.67,0,0,0,0,0.0,0.0,0,0
83,c64b7c5b,BF Smith,female,England,1,0,0,0,0,0,0,0,0,0,0.0,0.0,1,48,1,20,2.5,20.0,1,0
84,80a0cd77,BG Illing,female,New Zealand,13,4,2,12,1,2,0,0,0,0,1.0,16.67,13,632,16,517,4.91,32.31,3,0
85,3b770527,Bismah Maroof,female,Pakistan,64,64,1937,2924,91,11,159,1,14,0,36.55,66.24,31,642,9,494,4.62,54.89,3,0
86,52d1dbc8,BL Mooney,female,Australia,84,84,3155,3517,138,21,330,14,20,6,50.08,89.71,0,0,0,0,0.0,0.0,0,0
87,648bc30f,BL Morgan,female,England,1,0,0,0,0,0,0,0,0,0,0.0,0.0,1,16,1,10,3.75,10.0,1,0
88,e179aae0,BM Anusha,female,India,1,1,2,5,2,0,0,0,0,0,2.0,40.0,1,6,0,11,11.0,0.0,0,0
89,efb6cb2a,BM Halliday,female,New Zealand,50,49,1462,1857,157,6,151,13,9,1,34.0,78.73,18,312,8,289,5.56,36.12,1,0
90,b55fb828,BMSM Kumari,female,Sri Lanka,39,27,192,375,27,9,21,0,0,0,10.67,51.2,39,1645,33,1437,5.24,43.55,3,0
91,a9fabff4,BYA Mendis,female,Sri Lanka,8,8,147,244,55,0,21,0,1,0,18.38,60.25,0,0,0,0,0.0,0.0,0,0
92,d92d3563,C Abel,female,Scotland,9,6,18,56,9,1,0,0,0,0,3.6,32.14,9,342,12,259,4.54,21.58,2,0
93,d8cd0b9b,C Brits,female,South Africa,7,7,292,410,107,2,19,0,3,1,58.4,71.22,1,6,0,5,5.0,0.0,0,0
94,da61a9af,C Chatonzwa,female,Zimbabwe,9,7,46,146,18,0,3,0,0,0,6.57,31.51,8,276,10,257,5.59,25.7,2,0
95,c6a019f5,C de Lange,female,Netherlands,13,13,123,266,33,4,10,0,0,0,13.67,46.24,13,620,11,433,4.19,39.36,2,0
96,f9258912,C Isaac,female,West Indies,1,0,0,0,0,0,0,0,0,0,0.0,0.0,1,24,0,22,5.5,0.0,0,0
97,5a50471c,C Murray,female,Ireland,37,21,122,228,19,8,12,0,0,0,9.38,53.51,36,1681,54,1690,6.03,31.3,6,2
98,1ba50005,C Mutasa,female,Zimbabwe,3,3,3,12,2,0,0,0,0,0,1.0,25.0,3,36,1,57,9.5,57.0,1,0
99,4cc7cb1d,C Prasad,female,United States of America,2,1,6,23,6,0,0,0,0,0,6.0,26.09,2,84,0,72,5.14,0.0,0,0
100,5f9c8d7a,C Prathyusha,female,India,1,1,2,3,2,0,0,0,0,0,2.0,66.67,1,54,1,60,6.67,60.0,1,0
101,28aba384,C Raack,female,Ireland,4,1,1,1,1,1,0,0,0,0,0.0,100.0,4,198,6,120,3.64,20.0,3,0
102,f6ddfe08,C Sutthiruang,female,Thailand,17,15,209,287,28,1,27,1,0,0,14.93,72.82,15,419,10,320,4.58,32.0,2,0
103,98b974df,C van der Westhuizen,female,South Africa,2,0,0,0,0,0,0,0,0,0,0.0,0.0,2,90,4,35,2.33,8.75,2,0
104,75820733,CA Henry,female,West Indies,58,52,894,1010,61,7,78,19,4,0,19.87,88.51,50,1532,32,1292,5.06,40.38,3,0
105,4412ede5,CC Dalton,female,Ireland,1,1,18,27,18,0,3,0,0,0,18.0,66.67,0,0,0,0,0.0,0.0,0,0
106,39f351c6,CE Coulter Reilly,female,Ireland,10,10,207,316,80,1,22,0,1,0,23.0,65.51,0,0,0,0,0.0,0.0,0,0
107,c6625a26,CE Dean,female,England,55,35,556,794,47,12,44,0,0,0,24.17,70.03,55,2616,88,2049,4.7,23.28,5,1
108,27d5901c,CH van Koolwijk,female,Netherlands,3,3,25,63,19,0,3,0,0,0,8.33,39.68,0,0,0,0,0.0,0.0,0,0
109,d58fdb42,CJ Metcalfe,female,Ireland,7,6,21,53,10,3,3,0,0,0,7.0,39.62,7,352,5,266,4.53,53.2,3,0
110,5fd92ea2,CL Fitzpatrick,female,Australia,1,0,0,0,0,0,0,0,0,0,0.0,0.0,1,60,2,27,2.7,13.5,2,0
111,4d4605e6,CL Tryon,female,South Africa,93,80,1993,1834,88,13,182,71,12,0,29.75,108.67,73,2692,46,2148,4.79,46.7,5,1
112,e412b9a7,CM Beggs,female,Ireland,1,1,1,16,1,0,0,0,0,0,1.0,6.25,0,0,0,0,0.0,0.0,0,0
113,d4188b60,CM Edwards,female,England,27,26,1054,1425,138,2,137,0,7,4,43.92,73.96,2,46,1,51,6.65,51.0,1,0
114,60e11a00,CMA Shillington,female,Ireland,9,9,179,197,39,1,27,2,0,0,22.38,90.86,0,0,0,0,0.0,0.0,0,0
115,4d43c9f8,CMG Atkins,female,England,2,2,117,205,69,2,13,0,1,0,0.0,57.07,0,0,0,0,0.0,0.0,0,0
116,639000b6,CN Nation,female,West Indies,45,45,823,1486,51,5,83,3,1,0,20.57,55.38,1,6,0,9,9.0,0.0,0,0
117,56418eae,CNIM Joyce,female,Ireland,9,9,228,472,49,1,29,0,0,0,28.5,48.31,1,18,0,31,10.33,0.0,0,0
118,32a32368,CP Jack,female,West Indies,1,1,17,26,17,0,3,0,0,0,17.0,65.38,1,24,0,21,5.25,0.0,0,0
119,d7c02672,CR Pagydyala,female,United States of America,3,3,206,281,136,2,20,0,1,1,206.0,73.31,0,0,0,0,0.0,0.0,0,0
120,bff0535a,CR Seneviratna,female,Sri Lanka,10,9,133,272,40,1,11,0,0,0,16.62,48.9,8,388,11,231,3.57,21.0,4,0
121,29f936f0,CR Smith,female,Australia,1,0,0,0,0,0,0,0,0,0,0.0,0.0,1,30,0,21,4.2,0.0,0,0
122,fb9a8cc3,CS Fraser,female,West Indies,19,11,89,170,24,2,8,1,0,0,9.89,52.35,18,468,10,471,6.04,47.1,2,0
123,99c86133,CS Mugeri-Tiripano,female,Zimbabwe,20,20,554,786,61,1,70,0,4,0,29.16,70.48,0,0,0,0,0.0,0.0,0,0
124,fc2c5891,CS Terblanche,female,South Africa,3,2,38,62,19,1,1,0,0,0,38.0,61.29,2,78,1,35,2.69,35.0,1,0
125,8d7fba79,CT Dhururu,female,Zimbabwe,19,19,221,519,46,3,21,0,0,0,13.81,42.58,0,0,0,0,0.0,0.0,0,0
126,2e81be88,D Brown,female,Australia,30,4,19,25,14,3,2,0,0,0,19.0,76.0,30,1104,29,925,5.03,31.9,4,0
127,58dc96cc,D Devnarain,female,South Africa,12,11,145,295,42,0,16,0,0,0,13.18,49.15,5,90,1,91,6.07,91.0,1,0
128,b0dc5d0d,D Dhingra,female,United States of America,9,9,289,422,58,0,36,0,2,0,32.11,68.48,0,0,0,0,0.0,0.0,0,0
129,ea8b65ab,D Hazell,female,England,25,8,109,130,45,1,8,2,0,0,15.57,83.85,25,1345,33,883,3.94,26.76,4,0
130,1d6ff329,D Hemalatha,female,India,12,8,97,167,35,0,7,3,0,0,12.12,58.08,10,218,5,189,5.2,37.8,2,0
131,6d7ca3e6,D Joseph,female,West Indies,1,1,0,5,0,0,0,0,0,0,0.0,0.0,0,0,0,0,0.0,0.0,0,0
132,01341439,D Lohia,female,Papua New Guinea,7,7,25,77,8,2,0,0,0,0,5.0,32.47,6,160,7,136,5.1,19.43,2,0
133,4de69d5e,D Prins,female,Netherlands,2,2,7,40,5,0,0,0,0,0,3.5,17.5,0,0,0,0,0.0,0.0,0,0
134,2b425403,D Tucker,female,South Africa,9,6,64,86,25,2,7,0,0,0,16.0,74.42,8,299,4,248,4.98,62.0,1,0
135,8c5775f3,D van Niekerk,female,South Africa,60,46,1332,1764,102,12,143,17,6,1,39.18,75.51,58,2536,62,1506,3.56,24.29,4,0
136,49dcd12c,D Vihanga,female,Sri Lanka,11,8,63,87,16,0,6,2,0,0,7.88,72.41,11,600,17,467,4.67,27.47,5,1
137,201fef33,DB Sharma,female,India,112,95,2387,3343,93,28,214,17,18,0,35.63,71.4,111,5575,146,4274,4.6,29.27,6,3
138,c3394c16,DEM Carter,female,Scotland,11,11,258,353,86,1,32,0,1,0,25.8,73.09,11,430,10,293,4.09,29.3,3,0
139,a51e6c6e,Diana Baig,female,Pakistan,67,48,352,459,38,13,31,5,0,0,10.06,76.69,66,2745,58,2351,5.14,40.53,4,0
140,f2670a3d,Dilara Akter,female,Bangladesh,2,2,21,32,13,0,4,0,0,0,10.5,65.62,0,0,0,0,0.0,0.0,0,0
141,53bee17f,DJS Dottin,female,West Indies,67,64,1768,2158,150,5,209,40,5,3,29.97,81.93,52,1640,47,1411,5.16,30.02,5,1
142,1b61a9fa,DM Braat,female,Netherlands,2,2,6,29,5,0,1,0,0,0,3.0,20.69,2,96,1,76,4.75,76.0,1,0
143,d693012d,DM Kimmince,female,Australia,5,3,37,48,18,3,3,0,0,0,0.0,77.08,5,142,7,95,4.01,13.57,5,1
144,a139c379,DN Wyatt,female,England,85,81,1716,1831,129,13,176,25,5,2,25.24,93.72,17,524,14,444,5.08,31.71,2,0
145,f9ded29b,DP Vaidya,female,India,10,7,132,198,89,1,15,0,1,0,22.0,66.67,9,307,11,195,3.81,17.73,3,0
146,d2763568,DR Gibson,female,England,3,3,22,26,19,1,2,0,0,0,11.0,84.62,3,90,2,81,5.4,40.5,1,0
147,705489eb,E Bisht,female,India,36,17,73,118,14,4,6,0,0,0,5.62,61.86,36,1954,54,1277,3.92,23.65,5,2
148,d8c6a647,E Claridge,female,United States of America,5,5,79,97,49,1,10,0,0,0,19.75,81.44,0,0,0,0,0.0,0.0,0,0
149,be592751,E Marx,female,South Africa,9,4,53,80,35,3,5,0,0,0,53.0,66.25,9,336,7,299,5.34,42.71,2,0
150,657da2f4,E Mbofana,female,Zimbabwe,6,4,22,55,8,2,1,0,0,0,11.0,40.0,6,252,4,245,5.83,61.25,1,0
151,95d9f74c,E Pokana,female,Papua New Guinea,2,2,1,7,1,0,0,0,0,0,0.5,14.29,0,0,0,0,0.0,0.0,0,0
152,fe731c62,EA Osborne,female,Australia,23,16,151,179,40,7,13,2,0,0,16.78,84.36,23,1016,33,762,4.5,23.09,3,0
153,be150fc8,EA Perry,female,Australia,107,101,3750,4655,107,34,342,50,34,2,55.97,80.56,81,3061,76,2311,4.53,30.41,7,1
154,50ee0500,EAJ Richardson,female,Ireland,6,6,106,138,29,0,14,0,0,0,17.67,76.81,6,210,5,209,5.97,41.8,2,0
155,0de3060f,EC Perry,female,New Zealand,3,3,21,27,16,2,4,0,0,0,21.0,77.78,0,0,0,0,0.0,0.0,0,0
156,7693851c,EJ Carson,female,New Zealand,23,10,12,20,4,3,1,0,0,0,1.71,60.0,23,992,18,823,4.98,45.72,3,0
157,b97f21d8,EJ Tice,female,Ireland,2,2,2,12,1,0,0,0,0,0,1.0,16.67,1,36,0,48,8.0,0.0,0,0
158,cde96d97,EJ Villani,female,Australia,28,25,468,592,75,1,60,6,3,0,19.5,79.05,10,204,6,213,6.26,35.5,3,0
159,78fd864b,EL Arlott,female,England,4,2,25,27,18,1,3,0,0,0,25.0,92.59,4,118,6,88,4.47,14.67,2,0
160,02181d9a,EL Lamb,female,England,24,24,618,723,102,0,77,0,4,1,25.75,85.48,6,126,3,116,5.52,38.67,3,0
161,45dd7433,EL Watson,female,Scotland,8,8,50,118,16,1,2,0,0,0,7.14,42.37,0,0,0,0,0.0,0.0,0,0
162,180240d4,EM Bermingham,female,New Zealand,16,11,94,102,35,4,7,3,0,0,13.43,92.16,16,689,15,524,4.56,34.93,3,0
163,2954c820,EM Sampson,female,Australia,1,0,0,0,0,0,0,0,0,0,0.0,0.0,1,48,1,29,3.62,29.0,1,0
164,1f1ee021,EMA McLeod,female,New Zealand,4,4,61,100,35,0,6,0,0,0,15.25,61.0,0,0,0,0,0.0,0.0,0,0
165,ec691a5b,EMKNH Senavirathna,female,Sri Lanka,4,4,29,48,18,0,2,0,0,0,7.25,60.42,0,0,0,0,0.0,0.0,0,0
166,4d35d0b3,EN Lynch,female,Netherlands,13,13,115,220,26,2,14,0,0,0,10.45,52.27,13,498,14,355,4.28,25.36,4,0
167,fdc6b34d,ER Oza,female,United Arab Emirates,8,8,148,208,82,0,18,0,1,0,18.5,71.15,7,390,14,212,3.26,15.14,3,0
168,4357f6f8,Eyman Fatima,female,Pakistan,2,2,2,6,2,1,0,0,0,0,2.0,33.33,0,0,0,0,0.0,0.0,0,0
169,c0dc015b,F Chipare,female,Zimbabwe,7,7,31,56,13,2,3,0,0,0,6.2,55.36,7,236,5,187,4.75,37.4,3,0
170,022745d5,F Overdijk,female,Netherlands,13,13,224,456,47,2,15,0,0,0,20.36,49.12,11,288,9,252,5.25,28.0,3,0
171,41f534cd,F Tunnicliffe,female,South Africa,5,5,84,114,47,1,8,1,0,0,21.0,73.68,1,12,1,8,4.0,8.0,1,0
172,2d42b539,F Walters,female,West Indies,2,2,16,48,9,0,1,0,0,0,8.0,33.33,0,0,0,0,0.0,0.0,0,0
173,fa6e2cb3,FA Sargent,female,Ireland,16,7,36,75,16,3,2,0,0,0,9.0,48.0,16,756,19,752,5.97,39.58,3,0
174,558cdd64,Fahima Khatun,female,Bangladesh,41,31,357,606,46,6,22,0,0,0,14.28,58.91,39,1559,35,1180,4.54,33.71,5,1
175,6e96c956,Fargana Hoque,female,Bangladesh,55,55,1485,2918,107,3,121,0,12,2,28.56,50.89,0,0,0,0,0.0,0.0,0,0
176,7b51bfa4,Fariha Trisna,female,Bangladesh,8,5,1,17,1,1,0,0,0,0,0.25,5.88,8,235,5,188,4.8,37.6,3,0
177,ea9c54de,Fatima Sana,female,Pakistan,62,54,855,1034,90,9,82,13,5,0,19.0,82.69,61,2650,85,2406,5.45,28.31,5,1
178,6df697a9,FC Jonas,female,New Zealand,25,10,14,54,5,7,0,0,0,0,4.67,25.93,25,1110,20,851,4.6,42.55,3,0
179,a28132bd,FC Wilson,female,England,19,19,412,435,85,2,38,5,2,0,24.24,94.71,0,0,0,0,0.0,0.0,0,0
180,c8b0b64c,FDM Devonshire,female,New Zealand,1,1,9,6,9,0,1,0,0,0,9.0,150.0,1,12,0,10,5.0,0.0,0,0
181,abc9f8a4,FG Kemp,female,England,8,8,197,179,65,0,19,3,1,0,24.62,110.06,4,138,6,135,5.87,22.5,2,0
182,7391f160,FL Mackay,female,New Zealand,14,12,125,193,30,4,13,0,0,0,15.62,64.77,14,610,14,471,4.63,33.64,4,0
183,2479daa6,FR Davies,female,England,9,5,13,42,10,2,1,0,0,0,4.33,30.95,9,423,10,311,4.41,31.1,2,0
184,7a0428ae,G Bloemen,female,Netherlands,4,4,28,41,20,0,4,0,0,0,7.0,68.29,3,66,1,71,6.45,71.0,1,0
185,940feccc,G Dempsey,female,Ireland,21,16,126,202,45,8,8,0,0,0,15.75,62.38,21,883,16,788,5.35,49.25,4,0
186,581eec7e,G Fontenla,female,Scotland,3,1,1,3,1,0,0,0,0,0,1.0,33.33,3,91,2,63,4.15,31.5,1,0
187,f606177e,G Kodali,female,United States of America,9,5,66,115,20,1,4,0,0,0,16.5,57.39,9,363,7,342,5.65,48.86,5,1
188,ff227198,G Sultana,female,India,10,5,61,157,22,3,4,0,0,0,30.5,38.85,10,510,10,331,3.89,33.1,3,0
189,5c30d455,G Voll,female,Australia,13,13,549,489,101,2,76,5,2,2,49.91,112.27,0,0,0,0,0.0,0.0,0,0
190,f0b4e47d,G Wareham,female,Australia,46,21,342,300,42,8,27,11,0,0,26.31,114.0,45,1913,53,1399,4.39,26.4,3,0
191,287ed3a0,GA Elwiss,female,England,25,16,244,321,77,5,24,0,1,0,22.18,76.01,20,821,19,521,3.81,27.42,3,0
192,daf548d0,GA Guy,female,New Zealand,1,1,0,4,0,1,0,0,0,0,0.0,0.0,1,18,0,20,6.67,0.0,0,0
193,a1965ce2,GC Bhogle,female,United States of America,6,6,82,159,36,0,10,0,0,0,13.67,51.57,0,0,0,0,0.0,0.0,0,0
194,575494db,GE Plimmer,female,New Zealand,28,28,583,847,112,2,65,4,0,1,22.42,68.83,0,0,0,0,0.0,0.0,0,0
195,1b9d1579,GH Lewis,female,Ireland,58,58,1969,2760,96,4,260,6,17,0,36.46,71.34,11,377,7,373,5.94,53.29,2,0
196,3d689960,Ghulam Fatima,female,Pakistan,15,7,11,25,5,4,0,0,0,0,3.67,44.0,15,783,27,596,4.57,22.07,5,1
197,54719239,GK Davis,female,England,1,0,0,0,0,0,0,0,0,0,0.0,0.0,1,23,2,19,4.96,9.5,2,0
198,72166006,GM Harris,female,Australia,6,6,14,23,7,1,1,0,0,0,2.8,60.87,6,258,7,161,3.74,23.0,3,0
199,88bcd09d,GP Tom,female,Papua New Guinea,9,8,54,99,23,1,4,0,0,0,7.71,54.55,9,288,7,190,3.96,27.14,2,0
200,9ff1e91e,Gull Feroza,female,Pakistan,10,10,422,426,106,1,56,0,2,2,46.89,99.06,0,0,0,0,0.0,0.0,0,0
201,53068b45,GWHM Perera,female,Sri Lanka,57,57,1288,2032,95,3,169,4,4,0,23.85,63.39,0,0,0,0,0.0,0.0,0,0
202,3664712e,H Deol,female,India,36,35,1064,1389,115,2,112,7,4,1,32.24,76.6,6,90,2,81,5.4,40.5,1,0
203,5aa874da,H Doriga,female,Papua New Guinea,5,5,95,141,48,0,10,1,0,0,19.0,67.38,1,6,0,9,9.0,0.0,0,0
204,99812d10,H Graham,female,Australia,1,1,4,5,4,1,0,0,0,0,0.0,80.0,1,48,1,29,3.62,29.0,1,0
205,f537d39c,H Hotchandani,female,United Arab Emirates,4,4,119,242,40,0,10,0,0,0,29.75,49.17,3,60,0,47,4.7,0.0,0,0
206,f8e27d4a,H Karunaratne,female,Sri Lanka,19,19,290,562,54,1,31,1,1,0,16.11,51.6,6,96,0,102,6.38,0.0,0,0
207,53cd8da6,H Kaur,female,India,109,101,3328,4020,171,17,321,47,17,6,39.62,82.79,48,1175,20,1007,5.14,50.35,2,0
208,85021bcd,H Madavi,female,Sri Lanka,52,52,1610,2281,105,8,157,3,9,2,36.59,70.58,3,24,0,33,8.25,0.0,0,0
209,ec1c4b4d,HAM Samuddika,female,Sri Lanka,9,7,67,123,21,4,7,0,0,0,22.33,54.47,7,324,4,209,3.87,52.25,2,0
210,dbd79036,HASD Siriwardene,female,Sri Lanka,38,38,679,1185,68,1,77,4,2,0,18.35,57.3,36,1665,30,1312,4.73,43.73,4,0
211,4ba0289e,HC Knight,female,England,118,118,3493,4523,109,22,353,19,21,3,36.39,77.23,45,1358,42,1014,4.48,24.14,5,1
212,6d48df01,HDJ Siegers,female,Netherlands,5,5,105,122,35,0,8,2,0,0,21.0,86.07,0,0,0,0,0.0,0.0,0,0
213,27735054,HDRS Silva,female,Sri Lanka,2,2,25,45,18,0,4,0,0,0,12.5,55.56,2,72,2,83,6.92,41.5,2,0
214,96786fb6,HE Whelan,female,Ireland,1,1,2,16,2,0,0,0,0,0,2.0,12.5,1,42,0,25,3.57,0.0,0,0
215,44d0e8af,HHC Gunaratne,female,Sri Lanka,5,3,13,20,6,2,2,0,0,0,13.0,65.0,4,198,6,167,5.06,27.83,4,0
216,6edcff70,HIS Mendis,female,Sri Lanka,2,2,13,48,12,0,1,0,0,0,6.5,27.08,0,0,0,0,0.0,0.0,0,0
217,f05167d2,HJ Armitage,female,England,3,3,78,92,44,0,10,0,0,0,26.0,84.78,0,0,0,0,0.0,0.0,0,0
218,50b558d2,HJ Darlington,female,Australia,2,0,0,0,0,0,0,0,0,0,0.0,0.0,2,72,2,65,5.42,32.5,2,0
219,a3034d3d,HJ Thomas,female,Papua New Guinea,15,14,147,298,35,1,14,0,0,0,11.31,49.33,15,758,24,469,3.71,19.54,4,0
220,d32cf49a,HK Matthews,female,West Indies,87,85,3204,3927,159,5,408,18,8,12,40.05,81.59,83,4007,116,2894,4.33,24.95,4,0
221,cefad9fd,HL Baker,female,England,2,1,3,3,3,1,0,0,0,0,0.0,100.0,2,78,1,77,5.92,77.0,1,0
222,d3a44255,HL Colvin,female,England,11,4,29,26,16,2,5,0,0,0,14.5,111.54,11,614,19,380,3.71,20.0,3,0
223,a594a6e0,HL Ferling,female,Australia,16,4,9,23,4,2,1,0,0,0,4.5,39.13,16,517,15,392,4.55,26.13,3,0
224,ace63b7f,HL Tau,female,Papua New Guinea,4,3,8,15,6,2,1,0,0,0,8.0,53.33,4,102,2,95,5.59,47.5,2,0
225,8ca1f93a,HM Rowe,female,New Zealand,51,34,332,484,52,7,28,1,1,0,12.3,68.6,51,2066,60,1648,4.79,27.47,5,1
226,03b09a26,HM Tiffen,female,New Zealand,1,1,33,39,33,0,4,0,0,0,33.0,84.62,0,0,0,0,0.0,0.0,0,0
227,0891ca09,HM Watson,female,New Zealand,1,1,15,24,15,1,1,0,0,0,0.0,62.5,1,42,0,25,3.57,0.0,0,0
228,d6f9dfd6,HMD Rasangika,female,Sri Lanka,8,8,232,380,84,0,31,0,2,0,29.0,61.05,1,12,0,20,10.0,0.0,0,0
229,07485bb9,HML Madushani,female,Sri Lanka,2,2,3,15,3,1,0,0,0,0,3.0,20.0,0,0,0,0,0.0,0.0,0,0
230,b8cce99f,HNK Jensen,female,New Zealand,30,25,284,378,53,2,32,1,1,0,12.35,75.13,29,1073,26,918,5.13,35.31,3,0
231,8d6b36e3,HR Huddleston,female,New Zealand,25,13,57,125,16,5,6,0,0,0,7.12,45.6,25,1089,33,797,4.39,24.15,5,1
232,7027d12f,HRA Rainey,female,Scotland,6,6,22,51,8,2,2,0,0,0,5.5,43.14,6,194,10,191,5.91,19.1,5,1
233,e21b8cb5,HW Rambaldo,female,Netherlands,2,2,19,93,19,0,0,0,0,0,9.5,20.43,2,26,0,28,6.46,0.0,0,0
234,a6ec88f4,HWA Landheer,female,Netherlands,11,8,24,71,14,1,2,1,0,0,3.43,33.8,10,274,10,209,4.58,20.9,4,0
235,a2c23f31,I Dulani,female,Sri Lanka,6,6,142,249,56,0,15,0,2,0,23.67,57.03,0,0,0,0,0.0,0.0,0,0
236,9f87d0f0,I Nandakumar,female,United Arab Emirates,3,1,16,27,16,1,1,0,0,0,0.0,59.26,3,156,6,118,4.54,19.67,4,0
237,a61850e6,I Ranaweera,female,Sri Lanka,72,41,190,490,32,22,17,0,0,0,10.0,38.78,72,3433,80,2626,4.59,32.83,4,0
238,83cde44d,I Toua,female,Papua New Guinea,14,13,79,157,15,1,6,0,0,0,6.58,50.32,14,655,15,455,4.17,30.33,4,0
239,5aa8574b,I van der Woning,female,Netherlands,5,4,13,33,9,2,0,0,0,0,6.5,39.39,5,120,2,136,6.8,68.0,1,0
240,60c250bf,IC Gaze,female,New Zealand,31,31,590,672,68,7,73,2,3,0,24.58,87.8,0,0,0,0,0.0,0.0,0,0
241,e5b17517,IECM Wong,female,England,5,1,15,8,15,0,0,1,0,0,15.0,187.5,4,174,6,178,6.14,29.67,3,0
242,4de0779a,IG Sharp,female,New Zealand,5,5,67,83,25,0,4,1,0,0,13.4,80.72,0,0,0,0,0.0,0.0,0,0
243,47b32a5a,IJR Zwilling,female,Netherlands,14,14,150,346,32,0,11,0,0,0,10.71,43.35,13,703,27,403,3.44,14.93,5,1
244,8d62fc14,IM Vaghela,female,United States of America,6,5,45,87,20,0,5,0,0,0,9.0,51.72,6,246,4,219,5.34,54.75,2,0
245,d3b4b8ed,IMHC Joyce,female,Ireland,8,8,201,308,62,1,29,0,1,0,28.71,65.26,8,370,8,229,3.71,28.62,4,0
246,57bdbc16,IR James,female,New Zealand,2,2,51,62,27,0,6,1,0,0,25.5,82.26,0,0,0,0,0.0,0.0,0,0
247,dc596fac,Iram Javed,female,Pakistan,17,17,216,367,40,0,25,3,0,0,12.71,58.86,3,30,1,40,8.0,40.0,1,0
248,5d428b3d,Ishma Tanjim,female,Bangladesh,3,3,24,57,14,0,4,0,0,0,8.0,42.11,0,0,0,0,0.0,0.0,0,0
249,f46500c3,IT Guha,female,England,3,0,0,0,0,0,0,0,0,0,0.0,0.0,3,120,4,62,3.1,15.5,2,0
250,a2632c7c,J Glasgow,female,West Indies,16,14,240,316,50,0,32,2,2,0,17.14,75.95,11,330,4,278,5.05,69.5,1,0
251,84f1ae7f,J Goswami,female,India,66,39,419,561,43,15,41,7,0,0,17.46,74.69,66,3338,97,2108,3.79,21.73,4,0
252,a336b0fe,J Gray,female,Ireland,4,4,62,111,24,0,7,0,0,0,15.5,55.86,0,0,0,0,0.0,0.0,0,0
253,92b94582,J Grewcock,female,England,3,3,22,50,10,0,2,0,0,0,7.33,44.0,1,36,1,26,4.33,26.0,1,0
254,b0ac4aa2,J Logtenberg,female,South Africa,2,2,6,14,3,0,0,0,0,0,3.0,42.86,2,36,2,18,3.0,9.0,2,0
255,1b1c23bb,J Maguire,female,Ireland,27,20,92,149,28,6,3,0,0,0,6.57,61.74,27,1141,24,955,5.02,39.79,3,0
256,36dfa62e,J Nkomo,female,Zimbabwe,17,17,482,693,76,5,44,0,5,0,40.17,69.55,16,757,23,482,3.82,20.96,3,0
257,19d64ed4,J Pashley,female,Netherlands,1,1,2,15,2,0,0,0,0,0,2.0,13.33,0,0,0,0,0.0,0.0,0,0
258,b58b1ae5,J Post,female,Netherlands,3,3,15,50,15,0,0,0,0,0,5.0,30.0,0,0,0,0,0.0,0.0,0,0
259,e1eb1e96,J Sharma,female,India,2,2,17,32,17,0,3,0,0,0,8.5,53.12,0,0,0,0,0.0,0.0,0,0
260,cb665b69,J van Vliet,female,Netherlands,4,4,35,83,20,0,0,0,0,0,8.75,42.17,0,0,0,0,0.0,0.0,0,0
261,adf208e5,JA Whelan,female,Ireland,1,1,0,2,0,0,0,0,0,0,0.0,0.0,1,12,0,7,3.5,0.0,0,0
262,752183c1,Jahanara Alam,female,Bangladesh,28,19,80,223,18,4,8,0,0,0,5.33,35.87,28,1084,22,849,4.7,38.59,3,0
263,fa948618,Jannatul Ferdus,female,Bangladesh,7,5,30,74,19,0,3,0,0,0,6.0,40.54,5,222,9,165,4.46,18.33,5,1
264,d921449d,Javeria Khan,female,Pakistan,55,55,1408,2221,133,4,153,0,7,1,27.61,63.39,13,289,8,267,5.54,33.38,2,0
265,bf8c8572,Javeria Rauf,female,Pakistan,2,2,11,16,11,1,1,0,0,0,11.0,68.75,2,36,1,47,7.83,47.0,1,0
266,7bf606c6,JB Nero,female,West Indies,3,3,31,54,30,0,5,0,0,0,10.33,57.41,0,0,0,0,0.0,0.0,0,0
267,b4ba7a92,JC Carroll,female,Ireland,1,1,0,7,0,0,0,0,0,0,0.0,0.0,0,0,0,0,0.0,0.0,0,0
268,5b6bc793,JC Hartenhof,female,Netherlands,2,1,1,2,1,1,0,0,0,0,0.0,50.0,2,100,3,67,4.02,22.33,2,0
269,5ebc3941,JE Cameron,female,Australia,15,15,452,585,81,1,52,8,3,0,32.29,77.26,0,0,0,0,0.0,0.0,0,0
270,cb08b611,JI Rodrigues,female,India,58,58,1768,1958,127,6,191,5,8,3,34.0,90.3,3,38,5,13,2.05,2.6,4,0
271,e22f8ec1,JKC Claxton,female,West Indies,8,8,139,143,43,1,16,3,0,0,19.86,97.2,6,144,1,211,8.79,211.0,1,0
272,e21475a5,JL Aras,female,United States of America,3,1,5,5,5,1,1,0,0,0,0.0,100.0,3,120,1,95,4.75,95.0,1,0
273,907c51ab,JL Gunn,female,England,36,27,322,522,52,9,21,4,1,0,17.89,61.69,35,1615,43,1142,4.24,26.56,5,1
274,110839f2,JL Hunter,female,Australia,11,1,16,35,16,1,1,0,0,0,0.0,45.71,11,379,7,250,3.96,35.71,2,0
275,0475a86b,JL Jonassen,female,Australia,74,40,533,620,39,15,39,5,0,0,21.32,85.97,74,3492,119,2331,4.01,19.59,5,2
276,62d34d5c,JM Fields,female,Australia,8,8,215,324,51,1,20,0,1,0,30.71,66.36,0,0,0,0,0.0,0.0,0,0
277,9af58032,JM Kerr,female,New Zealand,52,40,367,340,38,8,39,7,0,0,11.47,107.94,52,2444,70,1800,4.42,25.71,4,0
278,7239a365,JM Watkin,female,New Zealand,4,4,24,37,23,0,4,0,0,0,6.0,64.86,4,153,5,106,4.16,21.2,2,0
279,0a10b268,JM Willathgamuwa,female,United States of America,4,3,20,47,18,0,1,0,0,0,6.67,42.55,4,134,4,98,4.39,24.5,2,0
280,e6f05a84,Juairiya Ferdous,female,Bangladesh,2,2,7,16,5,0,1,0,0,0,3.5,43.75,0,0,0,0,0.0,0.0,0,0
281,d553f5b1,JW Ogle-Thomas,female,West Indies,2,2,10,17,9,0,1,0,0,0,5.0,58.82,0,0,0,0,0.0,0.0,0,0
282,f3f445dd,K Blair,female,South Africa,1,0,0,0,0,0,0,0,0,0,0.0,0.0,1,60,1,32,3.2,32.0,1,0
283,5f311f1a,K Chigora,female,Zimbabwe,7,5,16,40,6,1,1,0,0,0,4.0,40.0,7,263,6,272,6.21,45.33,2,0
284,f7e96532,K Frank,female,Papua New Guinea,9,9,81,191,31,1,6,0,0,0,10.12,42.41,0,0,0,0,0.0,0.0,0,0
285,a0a65375,K Fraser,female,Scotland,12,11,229,295,74,3,20,3,1,0,28.62,77.63,11,553,18,372,4.04,20.67,3,0
286,4d622fee,K Goud,female,India,17,9,44,62,19,4,5,0,0,0,8.8,70.97,17,766,25,744,5.83,29.76,6,1
287,2fa916b3,K Kavindi,female,Sri Lanka,4,2,17,33,15,0,1,0,0,0,8.5,51.52,4,94,1,107,6.83,107.0,1,0
288,130336c6,K Meso,female,South Africa,6,6,46,96,17,1,3,0,0,0,9.2,47.92,0,0,0,0,0.0,0.0,0,0
289,8d25271a,K Ndlovu,female,Zimbabwe,21,21,476,796,61,1,57,1,4,0,23.8,59.8,12,558,19,330,3.55,17.37,5,1
290,df70c3f2,K Oala,female,Papua New Guinea,4,4,40,60,22,0,5,2,0,0,10.0,66.67,3,66,2,48,4.36,24.0,1,0
291,321c980e,K Ramharack,female,West Indies,50,33,157,370,15,14,13,0,0,0,8.26,42.43,49,2144,56,1682,4.71,30.04,4,0
292,9e5f4ad7,K Reyneke,female,South Africa,2,2,51,38,42,2,4,2,0,0,0.0,134.21,2,66,2,71,6.45,35.5,2,0
293,6900060d,K Schultz,female,West Indies,1,1,0,17,0,0,0,0,0,0,0.0,0.0,1,42,2,52,7.43,26.0,2,0
294,53e325ed,K Thomson,female,South Africa,2,2,52,63,27,0,3,0,0,0,26.0,82.54,1,18,0,39,13.0,0.0,0,0
295,32dfa628,KA Blackwell,female,Australia,1,1,3,11,3,0,0,0,0,0,3.0,27.27,0,0,0,0,0.0,0.0,0,0
296,4291f081,KA Knight,female,New Zealand,2,1,1,1,1,1,0,0,0,0,0.0,100.0,2,102,3,113,6.65,37.67,2,0
297,4ac6664d,KADA Kanchana,female,Sri Lanka,23,22,230,406,47,5,18,1,0,0,13.53,56.65,20,633,17,602,5.71,35.41,3,0
298,9714e764,Kainat Imtiaz,female,Pakistan,15,11,115,258,24,0,9,0,0,0,10.45,44.57,12,426,7,460,6.48,65.71,3,0
299,80c1982e,Kaynat Hafeez,female,Pakistan,1,1,4,6,4,0,1,0,0,0,4.0,66.67,0,0,0,0,0.0,0.0,0,0
300,e381ae69,KC Thompson,female,United Arab Emirates,4,2,13,31,12,1,1,0,0,0,13.0,41.94,4,125,2,71,3.41,35.5,2,0
301,a0fdf513,KDU Prabodhani,female,Sri Lanka,43,29,148,421,21,9,17,0,0,0,7.4,35.15,40,1614,28,1244,4.62,44.43,3,0
302,f13d3eba,KE Bryce,female,Scotland,10,10,594,656,131,1,60,4,6,1,66.0,90.55,9,360,11,294,4.9,26.73,3,0
303,7c0055c1,KE Ebrahim,female,New Zealand,8,6,61,127,19,2,4,0,0,0,15.25,48.03,6,180,3,144,4.8,48.0,1,0
304,7a0650ea,KE Pike,female,Australia,1,0,0,0,0,0,0,0,0,0,0.0,0.0,1,60,3,21,2.1,7.0,3,0
305,bb14ada4,Kelly Ndiraya,female,Zimbabwe,3,3,19,31,11,0,4,0,0,0,6.33,61.29,0,0,0,0,0.0,0.0,0,0
306,6a434bd3,KH Brunt,female,England,70,45,813,1055,72,11,62,6,2,0,23.91,77.06,70,3449,87,2184,3.8,25.1,5,2
307,bec997fc,Khadija Tul Kubra,female,Bangladesh,14,8,24,68,7,3,2,0,0,0,4.8,35.29,14,632,15,432,4.1,28.8,3,0
308,0b69a844,KJ Garth,female,Australia,40,22,254,452,42,7,19,1,0,0,16.93,56.19,40,1725,54,1215,4.23,22.5,3,0
309,cf75a839,KJ Martin,female,New Zealand,53,53,1161,1500,81,7,111,1,6,0,25.24,77.4,0,0,0,0,0.0,0.0,0,0
310,771b44ed,KJ McCartney,female,Ireland,3,1,1,5,1,1,0,0,0,0,0.0,20.0,3,126,2,152,7.24,76.0,2,0
311,1ade138e,KL Cross,female,England,70,31,270,377,38,10,29,1,0,0,12.86,71.62,70,3104,89,2329,4.5,26.17,6,2
312,e69dbbef,KL George,female,England,2,1,9,19,9,0,1,0,0,0,9.0,47.37,2,75,4,70,5.6,17.5,3,0
313,9306c803,KL Rolton,female,Australia,2,2,2,10,1,0,0,0,0,0,1.0,20.0,0,0,0,0,0.0,0.0,0,0
314,fa8f9dc3,KM Beams,female,Australia,23,6,27,44,11,2,0,0,0,0,6.75,61.36,23,1155,33,758,3.94,22.97,4,0
315,bc773c4a,KS Gautam,female,India,6,5,90,97,43,1,8,3,0,0,22.5,92.78,6,266,3,260,5.86,86.67,2,0
316,78ad3258,KT Perkins,female,New Zealand,28,28,618,818,78,3,46,7,2,0,24.72,75.55,0,0,0,0,0.0,0.0,0,0
317,b955802a,KV Jain,female,India,6,6,104,215,56,0,11,0,1,0,17.33,48.37,0,0,0,0,0.0,0.0,0,0
318,552f664a,Kycia A Knight,female,West Indies,44,44,699,1298,69,2,78,2,1,0,16.64,53.85,0,0,0,0,0.0,0.0,0,0
319,d85a1960,Kyshona A Knight,female,West Indies,35,35,597,1198,88,5,62,3,1,0,19.9,49.83,2,24,0,32,8.0,0.0,0,0
320,275dff85,L Cheatle,female,Australia,4,2,13,13,7,1,2,0,0,0,13.0,100.0,4,144,2,142,5.92,71.0,1,0
321,b4f73b44,L Delany,female,Ireland,45,43,1110,1545,109,4,97,1,5,1,28.46,71.84,32,1184,21,938,4.75,44.67,3,0
322,7ddc223e,L Egging,female,Netherlands,1,1,1,14,1,0,0,0,0,0,1.0,7.14,1,35,3,23,3.94,7.67,3,0
323,31adb911,L Filer,female,England,22,8,24,50,8,2,4,0,0,0,4.0,48.0,22,929,30,807,5.21,26.9,3,0
324,0bb32e98,L Goodall,female,South Africa,46,46,923,1471,93,4,91,0,3,0,21.98,62.75,0,0,0,0,0.0,0.0,0,0
325,e565ceb7,L Jack,female,Scotland,8,8,113,107,35,1,12,0,0,0,16.14,105.61,0,0,0,0,0.0,0.0,0,0
326,c7fcc20b,L Jones,female,South Africa,2,0,0,0,0,0,0,0,0,0,0.0,0.0,2,95,4,91,5.75,22.75,3,0
327,aea89d48,L Keny,female,United Arab Emirates,8,8,112,246,47,0,8,0,0,0,14.0,45.53,0,0,0,0,0.0,0.0,0,0
328,7b01ce83,L Lee,female,South Africa,76,76,2514,2965,132,8,320,48,17,2,36.97,84.79,3,83,2,52,3.76,26.0,2,0
329,c0e88e7d,L Leemhuis,female,Netherlands,1,1,4,7,4,1,0,0,0,0,0.0,57.14,1,18,0,24,8.0,0.0,0,0
330,4f86926b,L Little,female,Ireland,12,10,86,122,27,2,8,2,0,0,10.75,70.49,11,428,9,417,5.85,46.33,5,1
331,37f9eb59,L Mabhero,female,Zimbabwe,13,8,34,66,20,3,6,0,0,0,6.8,51.52,13,540,9,403,4.48,44.78,3,0
332,ac8bca8d,L Maritz,female,Ireland,3,3,31,62,25,0,3,0,0,0,10.33,50.0,3,131,4,155,7.1,38.75,4,0
333,07248d8e,L Paul,female,Ireland,53,52,1292,1917,137,2,123,1,8,1,25.84,67.4,20,511,6,454,5.33,75.67,2,0
334,cca8bdca,L Phiri,female,Zimbabwe,13,12,188,316,69,4,12,0,1,0,23.5,59.49,12,342,7,293,5.14,41.86,1,0
335,0d0d3eeb,L Rajadurai,female,Papua New Guinea,7,7,117,310,45,0,12,0,0,0,16.71,37.74,0,0,0,0,0.0,0.0,0,0
336,f0a0ed1d,L Shetty,female,United States of America,2,1,8,27,8,0,1,0,0,0,8.0,29.63,2,36,0,43,7.17,0.0,0,0
337,f281dd00,L Tshuma,female,Zimbabwe,22,22,286,440,137,2,37,1,0,1,14.3,65.0,21,804,22,605,4.51,27.5,4,0
338,5230a33d,L Winfield,female,England,40,40,858,1208,123,3,105,7,0,1,23.19,71.03,0,0,0,0,0.0,0.0,0,0
339,e60f81c9,L Wolvaardt,female,South Africa,119,119,5384,6975,184,16,616,18,38,12,52.27,77.19,0,0,0,0,0.0,0.0,0,0
340,9706e64b,LA Marsh,female,England,39,24,264,450,36,7,25,0,0,0,15.53,58.67,39,2027,47,1387,4.11,29.51,4,0
341,9bd0d19d,LA McBride,female,Ireland,3,1,2,2,2,1,0,0,0,0,0.0,100.0,3,115,5,72,3.76,14.4,3,0
342,5bf87532,Lata Mondal,female,Bangladesh,13,12,170,339,33,1,15,0,0,0,15.45,50.15,8,150,1,125,5.0,125.0,1,0
343,4dde73be,LC Boylan,female,Ireland,2,2,31,46,25,1,5,0,0,0,31.0,67.39,1,18,2,37,12.33,18.5,2,0
344,6bb7a785,LC Sthalekar,female,Australia,8,7,119,183,41,1,14,0,0,0,19.83,65.03,8,440,8,261,3.56,32.62,2,0
345,340202b0,LCN Smith,female,England,12,6,53,56,27,4,5,0,0,0,26.5,94.64,12,580,22,420,4.34,19.09,5,1
346,6e226c31,LDVV Silva,female,Sri Lanka,2,2,34,73,28,0,6,0,0,0,17.0,46.58,0,0,0,0,0.0,0.0,0,0
347,8b552293,LE Kaushalya,female,Sri Lanka,25,25,407,576,65,2,41,9,3,0,17.7,70.66,23,550,11,448,4.89,40.73,2,0
348,b41bd968,LE Milliken,female,New Zealand,1,1,1,3,1,0,0,0,0,0,1.0,33.33,1,48,1,37,4.62,37.0,1,0
349,4f4f283c,LJ Poulton,female,Australia,3,3,25,61,11,0,4,0,0,0,8.33,40.98,1,12,0,18,9.0,0.0,0,0
350,38b4583c,LK Bell,female,England,33,13,58,100,12,6,7,1,0,0,8.29,58.0,33,1557,49,1411,5.44,28.8,5,1
351,884375bf,LK Ebsary,female,Australia,1,1,23,23,23,0,4,0,0,0,23.0,100.0,0,0,0,0,0.0,0.0,0,0
352,c347ffe6,LK Hamilton,female,Australia,2,0,0,0,0,0,0,0,0,0,0.0,0.0,2,78,1,68,5.23,68.0,1,0
353,69a9bb78,LK O'Reilly,female,Ireland,5,4,12,21,4,0,2,0,0,0,3.0,57.14,5,162,2,122,4.52,61.0,1,0
354,16a9a499,LM Hoitink,female,Netherlands,2,2,0,16,0,0,0,0,0,0,0.0,0.0,0,0,0,0,0.0,0.0,0,0
355,9b73d523,LM Kasperek,female,New Zealand,32,21,148,269,21,6,11,0,0,0,9.87,55.02,32,1597,52,1086,4.08,20.88,6,2
356,60471339,LMM Tahuhu,female,New Zealand,74,55,360,408,25,19,35,7,0,0,10.0,88.24,74,3341,98,2624,4.71,26.78,5,1
357,77c88f05,LN McCarthy,female,Ireland,5,4,12,46,5,1,1,0,0,0,4.0,26.09,5,270,2,162,3.6,81.0,1,0
358,4ab6d138,LR Doolan,female,New Zealand,4,4,49,59,30,0,7,0,0,0,12.25,83.05,4,174,5,151,5.21,30.2,3,0
359,19147fe0,LR Down,female,New Zealand,31,31,486,783,90,2,43,6,3,0,16.76,62.07,0,0,0,0,0.0,0.0,0,0
360,923b0e02,LS Greenway,female,England,23,23,732,1080,125,5,71,1,3,1,40.67,67.78,0,0,0,0,0.0,0.0,0,0
361,16443d2f,M Daniels,female,South Africa,23,7,34,66,11,6,4,0,0,0,34.0,51.52,23,1004,19,649,3.88,34.16,3,0
362,5bb7ec70,M De Ridder,female,South Africa,3,3,45,72,26,3,3,0,0,0,0.0,62.5,0,0,0,0,0.0,0.0,0,0
363,e219f17a,M du Preez,female,South Africa,81,81,2223,3154,90,16,215,5,11,0,34.2,70.48,2,15,1,22,8.8,22.0,1,0
364,48b74dc2,M Faisal,female,Scotland,3,3,38,72,26,0,5,0,0,0,12.67,52.78,0,0,0,0,0.0,0.0,0,0
365,df9cdebf,M Gaur,female,England,2,0,0,0,0,0,0,0,0,0,0.0,0.0,2,74,4,55,4.46,13.75,3,0
366,47fb8d80,M Joshi,female,India,13,4,20,32,12,1,2,0,0,0,6.67,62.5,13,524,16,360,4.12,22.5,3,0
367,63e3b6b3,M Kapp,female,South Africa,115,96,2590,2919,121,29,256,28,14,3,38.66,88.73,109,5070,141,3408,4.03,24.17,5,2
368,ce85fcaf,M Klaas,female,South Africa,76,36,139,317,15,12,13,0,0,0,5.79,43.85,75,3051,80,2560,5.03,32.0,4,0
369,d45c0528,M Kornet,female,Netherlands,2,2,0,9,0,0,0,0,0,0,0.0,0.0,2,120,2,84,4.2,42.0,2,0
370,ecbcfef6,M Madara,female,Sri Lanka,15,7,17,68,9,1,1,0,0,0,2.83,25.0,15,581,14,507,5.24,36.21,4,0
371,b9fec7a5,M Mangru,female,West Indies,4,4,31,68,15,0,3,0,0,0,7.75,45.59,1,18,0,8,2.67,0.0,0,0
372,8d1ade08,M Mani,female,India,3,2,54,56,46,1,5,0,0,0,54.0,96.43,3,120,3,129,6.45,43.0,2,0
373,bb411d1e,M Mavunga,female,Zimbabwe,5,5,13,32,9,1,1,0,0,0,3.25,40.62,5,151,1,156,6.2,156.0,1,0
374,d5fa2ab3,M McColl,female,Scotland,11,11,209,251,57,0,21,1,1,0,19.0,83.27,2,30,0,31,6.2,0.0,0,0
375,6657b319,M Mupachikwa,female,Zimbabwe,27,27,621,1076,77,1,62,0,4,0,23.88,57.71,0,0,0,0,0.0,0.0,0,0
376,94b52754,M Musonda,female,Zimbabwe,13,13,262,380,103,1,28,0,0,1,21.83,68.95,0,0,0,0,0.0,0.0,0,0
377,d661bc57,M Nanayakkara,female,Sri Lanka,3,3,14,33,13,0,1,0,0,0,4.67,42.42,1,24,1,40,10.0,40.0,1,0
378,2e2233df,M Patwardhan,female,United States of America,2,2,1,13,1,0,0,0,0,0,0.5,7.69,0,0,0,0,0.0,0.0,0,0
379,ec2269dc,M Raj,female,India,70,70,2949,4230,125,19,298,13,30,2,57.82,69.72,0,0,0,0,0.0,0.0,0,0
380,e04fb55d,M Shehani,female,Sri Lanka,1,1,11,18,11,0,1,0,0,0,11.0,61.11,1,30,0,29,5.8,0.0,0,0
381,996ed07c,M Smit,female,South Africa,6,5,116,146,56,1,15,0,1,0,29.0,79.45,5,144,4,138,5.75,34.5,2,0
382,5ce56983,M Terblanche,female,South Africa,4,4,80,129,49,0,10,0,0,0,20.0,62.02,1,12,0,0,0.0,0.0,0,0
383,cebc1351,M Tom,female,Papua New Guinea,4,3,3,7,3,2,0,0,0,0,3.0,42.86,3,150,1,92,3.68,92.0,1,0
384,318a4039,MAA Sanjeewani,female,Sri Lanka,42,42,578,933,55,6,42,2,1,0,16.06,61.95,0,0,0,0,0.0,0.0,0,0
385,c6002ece,Maahi Madhavan,female,United States of America,2,1,1,2,1,0,0,0,0,0,1.0,50.0,2,90,1,74,4.93,74.0,1,0
386,3f440bd6,MADD Surangika,female,Sri Lanka,34,34,642,1183,84,6,59,1,3,0,22.93,54.27,0,0,0,0,0.0,0.0,0,0
387,3021a755,Maham Tariq,female,Pakistan,5,3,3,37,2,0,0,0,0,0,1.0,8.11,4,180,4,204,6.8,51.0,2,0
388,e429f443,Marina Iqbal,female,Pakistan,8,8,137,308,38,0,12,0,0,0,17.12,44.48,3,48,1,61,7.62,61.0,1,0
389,a50797a4,Marufa Akter,female,Bangladesh,35,20,64,104,15,12,6,0,0,0,8.0,61.54,34,1207,29,933,4.64,32.17,4,0
390,d1f0f514,MC Patel,female,India,2,2,13,35,9,0,1,0,0,0,6.5,37.14,2,80,0,54,4.05,0.0,0,0
391,c2c7e58a,MD Botha,female,United Arab Emirates,7,7,103,149,42,2,8,0,0,0,20.6,69.13,7,276,13,176,3.83,13.54,3,0
392,dfc89c58,MDN Hansika,female,Sri Lanka,24,24,357,721,48,0,43,0,0,0,14.88,49.51,0,0,0,0,0.0,0.0,0,0
393,fefe8d52,MDT Kamini,female,India,9,9,353,536,113,2,46,5,1,2,50.43,65.86,1,30,0,31,6.2,0.0,0,0
394,c2554b59,ME Bouchier,female,England,17,17,645,611,104,2,89,5,3,2,43.0,105.56,0,0,0,0,0.0,0.0,0,0
395,600c9d3f,MEC de Fouw,female,Netherlands,2,2,11,81,11,1,1,0,0,0,11.0,13.58,2,120,3,68,3.4,22.67,2,0
396,f176e421,Meghna Singh,female,India,17,7,33,49,12,4,4,0,0,0,11.0,67.35,17,722,16,592,4.92,37.0,3,0
397,ff05f9f8,Melanie Ani,female,Papua New Guinea,2,2,0,2,0,0,0,0,0,0,0.0,0.0,0,0,0,0,0.0,0.0,0,0
398,e1556297,MEMO Scott-Hayward,female,Ireland,2,2,11,22,11,0,1,0,0,0,5.5,50.0,2,108,1,98,5.44,98.0,1,0
399,d0835ec4,MF Fahey,female,New Zealand,1,1,0,6,0,0,0,0,0,0,0.0,0.0,0,0,0,0,0.0,0.0,0,0
400,b36b66c3,MF Kendal,female,Ireland,3,3,30,84,16,0,3,0,0,0,10.0,35.71,1,18,0,21,7.0,0.0,0,0
401,421a0275,MG Maceira,female,Scotland,1,0,0,0,0,0,0,0,0,0,0.0,0.0,1,36,1,37,6.17,37.0,1,0
402,1af5cef2,Miria Raio,female,Papua New Guinea,2,2,6,21,4,1,0,0,0,0,6.0,28.57,0,0,0,0,0.0,0.0,0,0
403,dead3b10,MIW van den Raad,female,Netherlands,1,1,1,1,1,0,0,0,0,0,1.0,100.0,1,12,1,21,10.5,21.0,1,0
404,02923e7a,MJ Bulow,female,Australia,1,1,50,72,50,0,9,0,1,0,50.0,69.44,0,0,0,0,0.0,0.0,0,0
405,e2410b5e,MJG Nielsen,female,New Zealand,17,6,25,47,16,2,2,0,0,0,6.25,53.19,17,726,19,487,4.02,25.63,5,1
406,cd62f670,MK Villiers,female,England,4,3,32,31,14,0,3,0,0,0,10.67,103.23,3,138,4,125,5.43,31.25,3,0
407,865eae1f,ML Green,female,New Zealand,79,78,2175,2811,141,12,194,11,11,2,32.95,77.37,6,112,1,107,5.73,107.0,1,0
408,17608a6f,ML Schutt,female,Australia,95,21,84,161,14,7,6,0,0,0,6.0,52.17,95,4255,125,3049,4.3,24.39,5,1
409,983a0c34,MM Dekeling,female,Netherlands,1,1,12,19,12,0,1,0,0,0,12.0,63.16,0,0,0,0,0.0,0.0,0,0
410,27e003ce,MM Lanning,female,Australia,76,76,3555,3898,152,13,437,29,19,10,56.43,91.2,2,42,1,44,6.29,44.0,1,0
411,7544bf30,MM Letsoalo,female,South Africa,20,6,17,53,5,3,1,0,0,0,5.67,32.08,20,856,20,484,3.39,24.2,3,0
412,645b2a2f,MM Penfold,female,New Zealand,15,7,12,52,5,1,0,0,0,0,2.0,23.08,15,576,14,486,5.06,34.71,4,0
413,27a9eb25,Momina Riasat,female,Pakistan,3,0,0,0,0,0,0,0,0,0,0.0,0.0,3,156,4,116,4.46,29.0,2,0
414,4e7aa570,MR Aguilleira,female,West Indies,25,25,323,588,46,3,26,3,0,0,14.68,54.93,0,0,0,0,0.0,0.0,0,0
415,9049ab63,MR Corteen-Coleman,female,England,2,1,3,6,3,1,0,0,0,0,0.0,50.0,2,102,2,102,6.0,51.0,2,0
416,89ee5191,MR Meshram,female,India,16,16,322,560,78,2,36,4,3,0,23.0,57.5,4,84,0,51,3.64,0.0,0,0
417,0dbec211,MS Kanchingwe,female,Zimbabwe,1,1,10,19,10,0,1,0,0,0,10.0,52.63,0,0,0,0,0.0,0.0,0,0
418,9ab635dd,MS Kashyap,female,India,1,1,8,15,8,0,1,0,0,0,8.0,53.33,1,18,0,30,10.0,0.0,0,0
419,4b3760d9,MT Herbert,female,Ireland,1,1,1,21,1,0,0,0,0,0,1.0,4.76,1,18,0,15,5.0,0.0,0,0
420,86fdf668,Muneeba Ali,female,Pakistan,61,61,1448,2293,107,4,173,4,5,1,25.4,63.15,0,0,0,0,0.0,0.0,0,0
421,712bbd92,Murshida Khatun,female,Bangladesh,26,26,429,747,91,2,56,1,2,0,17.88,57.43,0,0,0,0,0.0,0.0,0,0
422,2e4f11e9,MV Waldron,female,Ireland,21,21,290,620,41,3,26,0,0,0,16.11,46.77,0,0,0,0,0.0,0.0,0,0
423,58acb320,N Boochatham,female,Thailand,13,12,165,311,29,0,19,0,0,0,13.75,53.05,13,575,12,368,3.84,30.67,3,0
424,61b60bb3,N Chaihan,female,Thailand,3,3,7,12,4,1,1,0,0,0,3.5,58.33,0,0,0,0,0.0,0.0,0,0
425,0825e4b3,N Chaiwai,female,Thailand,17,17,475,684,82,3,43,0,5,0,33.93,69.44,1,12,0,5,2.5,0.0,0,0
426,b5626ff7,N Chantam,female,Thailand,17,17,716,1017,102,0,85,6,7,1,42.12,70.4,0,0,0,0,0.0,0.0,0,0
427,c3cbf0fc,N David,female,India,2,0,0,0,0,0,0,0,0,0,0.0,0.0,2,96,4,25,1.56,6.25,3,0
428,ea544967,N de Klerk,female,South Africa,64,55,1058,1183,84,12,108,19,3,0,24.6,89.43,61,2504,74,2177,5.22,29.42,4,0
429,9c2e3040,N Gwanzura,female,Zimbabwe,11,10,125,198,34,0,9,0,0,0,12.5,63.13,3,62,3,47,4.55,15.67,2,0
430,82c78412,N Koncharoenkai,female,Thailand,14,14,303,403,54,1,32,0,1,0,23.31,75.19,0,0,0,0,0.0,0.0,0,0
431,686362af,N Mlaba,female,South Africa,53,22,63,109,16,7,5,1,0,0,4.2,57.8,53,2573,64,2116,4.93,33.06,4,0
432,b4bbe95c,N Niranjana,female,India,10,6,24,59,12,1,3,0,0,0,4.8,40.68,10,461,14,328,4.27,23.43,3,0
433,b17a4a93,N Shangase,female,South Africa,21,13,163,243,55,1,16,3,1,0,13.58,67.08,20,737,15,684,5.57,45.6,2,0
434,583ce32c,N Shree Charani,female,India,21,7,22,33,11,1,0,2,0,0,3.67,66.67,21,1088,27,1031,5.69,38.19,3,0
435,edf62a25,N Sibanda,female,Zimbabwe,25,19,166,350,35,6,11,0,0,0,12.77,47.43,25,1025,16,818,4.79,51.12,3,0
436,20ace887,N Vare,female,Papua New Guinea,14,14,188,435,44,0,16,0,0,0,13.43,43.22,0,0,0,0,0.0,0.0,0,0
437,30743b6e,NA Moodley,female,South Africa,1,1,5,9,5,0,1,0,0,0,5.0,55.56,0,0,0,0,0.0,0.0,0,0
438,66078174,Nahida Akter,female,Bangladesh,53,37,235,531,25,9,23,0,0,0,8.39,44.26,52,2496,69,1637,3.94,23.72,5,1
439,3e7c0b1e,Nahida Khan,female,Pakistan,42,42,1121,1708,79,1,133,2,6,0,27.34,65.63,1,12,0,12,6.0,0.0,0,0
440,5486d41f,Nain Abidi,female,Pakistan,27,27,521,932,62,1,54,1,3,0,20.04,55.9,0,0,0,0,0.0,0.0,0,0
441,faef39c1,Najiha Alvi,female,Pakistan,16,16,313,401,56,5,25,1,1,0,28.45,78.05,0,0,0,0,0.0,0.0,0,0
442,12a2157e,Nanthita Boonsukham,female,Thailand,2,1,0,4,0,0,0,0,0,0,0.0,0.0,2,83,4,49,3.54,12.25,4,0
443,c981d3c2,Nashra Sandhu,female,Pakistan,81,49,123,407,11,24,8,1,0,0,4.92,30.22,81,4260,114,3162,4.45,27.74,6,1
444,fa8a3eb0,Natalia Pervaiz,female,Pakistan,17,16,294,383,73,3,28,2,1,0,22.62,76.76,3,42,0,48,6.86,0.0,0,0
445,7260e1e9,NC Dodd,female,New Zealand,9,9,145,289,52,0,15,1,1,0,16.11,50.17,0,0,0,0,0.0,0.0,0,0
446,dd883071,NE Bolton,female,Australia,39,39,1443,2007,124,3,151,1,7,4,40.08,71.9,2,30,2,36,7.2,18.0,2,0
447,15f609ed,NE Farrant,female,England,5,3,41,60,22,0,5,0,0,0,13.67,68.33,5,211,4,176,5.0,44.0,2,0
448,d945db3e,NH Patel,female,New Zealand,6,2,12,7,12,1,1,0,0,0,12.0,171.43,6,252,5,159,3.79,31.8,1,0
449,ed840f44,Nida Dar,female,Pakistan,65,55,1171,1722,87,4,102,10,9,0,22.96,68.0,64,2864,56,2201,4.61,39.3,4,0
450,3827f6a2,Nigar Sultana,female,Bangladesh,57,57,1432,2547,101,5,121,5,7,1,27.54,56.22,0,0,0,0,0.0,0.0,0,0
451,71a3b8a6,Nishita Akter Nishi,female,Bangladesh,7,5,13,20,5,3,1,0,0,0,6.5,65.0,7,294,5,207,4.22,41.4,1,0
452,a6aac76b,NJ Browne,female,New Zealand,7,6,143,191,63,1,16,1,1,0,28.6,74.87,6,176,1,202,6.89,202.0,1,0
453,dff806f4,NJ Carey,female,Australia,24,13,249,218,49,7,21,2,0,0,41.5,114.22,23,857,20,613,4.29,30.65,3,0
454,cbac178f,NJ Coffey,female,Ireland,1,1,8,17,8,0,1,0,0,0,8.0,47.06,0,0,0,0,0.0,0.0,0,0
455,7e9ff716,NJ Shaw,female,England,2,0,0,0,0,0,0,0,0,0,0.0,0.0,2,120,2,45,2.25,22.5,1,0
456,6fa7dcd8,NK Crafton,female,West Indies,1,1,13,17,13,0,3,0,0,0,13.0,76.47,0,0,0,0,0.0,0.0,0,0
457,420d4d31,NM Meepage,female,Sri Lanka,5,2,1,2,1,2,0,0,0,0,0.0,50.0,5,246,6,156,3.8,26.0,2,0
458,23ef9b32,NM Sheikh,female,Scotland,2,1,10,34,10,0,0,0,0,0,10.0,29.41,2,60,1,25,2.5,25.0,1,0
459,f0b4294e,NND de Silva,female,Sri Lanka,54,52,1207,1600,63,12,99,16,4,0,30.18,75.44,14,330,3,290,5.27,96.67,1,0
460,f3a18a0c,NR Sciver,female,England,111,100,4013,4195,148,17,434,28,22,10,48.35,95.66,97,3305,79,2543,4.62,32.19,4,0
461,6ce57e02,Nuzhat Tasnia,female,Bangladesh,2,2,16,42,10,0,0,0,0,0,8.0,38.1,0,0,0,0,0.0,0.0,0,0
462,1d39dc61,NY McLean,female,West Indies,14,14,231,352,82,1,27,4,2,0,17.77,65.62,0,0,0,0,0.0,0.0,0,0
463,385eac52,O Bell,female,Scotland,6,5,32,71,15,2,3,0,0,0,10.67,45.07,6,288,3,160,3.33,53.33,1,0
464,d9fb6ede,O Chare,female,Zimbabwe,5,3,7,27,4,1,0,0,0,0,3.5,25.93,5,170,4,154,5.44,38.5,2,0
465,519b872a,O Kamchomphu,female,Thailand,16,13,51,97,14,4,2,0,0,0,5.67,52.58,15,680,26,391,3.45,15.04,3,0
466,0725d3d2,O Kirsten,female,South Africa,4,1,22,52,22,1,2,0,0,0,0.0,42.31,4,174,6,121,4.17,20.17,4,0
467,d8f20ba5,O Prendergast,female,Ireland,46,45,1283,1634,122,6,117,12,6,1,32.9,78.52,36,1288,29,1065,4.96,36.72,3,0
468,52d3b7ff,OU Ranasinghe,female,Sri Lanka,31,24,279,473,51,3,28,0,1,0,13.29,58.99,29,1136,33,1009,5.33,30.58,5,1
469,da984dff,OV Anderson,female,South Africa,1,1,46,88,46,1,4,0,0,0,0.0,52.27,0,0,0,0,0.0,0.0,0,0
470,4e6ef14f,P Litchfield,female,Australia,41,41,1604,1743,119,5,216,16,11,3,44.56,92.03,0,0,0,0,0.0,0.0,0,0
471,a4f1fdd4,P Marange,female,Zimbabwe,12,11,128,154,29,1,13,1,0,0,12.8,83.12,12,600,13,435,4.35,33.46,3,0
472,72eada4c,P Maya,female,Thailand,17,16,161,294,43,2,13,1,0,0,11.5,54.76,16,475,16,357,4.51,22.31,3,0
473,fa9db243,P Molkenboer,female,Netherlands,7,7,143,284,75,0,8,0,1,0,20.43,50.35,1,18,1,10,3.33,10.0,1,0
474,a246f48f,P Mujaji,female,Zimbabwe,7,7,86,159,26,0,8,0,0,0,12.29,54.09,0,0,0,0,0.0,0.0,0,0
475,faaab47c,P Roy,female,India,2,2,5,32,4,0,0,0,0,0,2.5,15.62,1,34,1,28,4.94,28.0,1,0
476,595433d2,P Siaka,female,Papua New Guinea,14,14,320,430,60,1,31,0,2,0,24.62,74.42,11,493,18,242,2.95,13.44,4,0
477,8026ea72,P Vastrakar,female,India,32,27,579,651,67,5,50,11,4,0,26.32,88.94,30,1128,27,1031,5.48,38.19,4,0
478,8e7be59c,PA Chatterji,female,Scotland,14,14,236,364,61,0,19,1,1,0,16.86,64.84,14,473,8,413,5.24,51.62,2,0
479,005f0561,Panna Ghosh,female,Bangladesh,12,8,85,198,23,3,9,0,0,0,17.0,42.93,11,349,4,262,4.5,65.5,2,0
480,4958ad5f,PG Raut,female,India,41,41,1436,2287,106,5,155,6,10,2,39.89,62.79,0,0,0,0,0.0,0.0,0,0
481,588360ee,PJ Scholfield,female,England,3,3,59,58,31,0,7,1,0,0,19.67,101.72,0,0,0,0,0.0,0.0,0,0
482,8d0964e5,PJ te Beest,female,Netherlands,2,2,3,49,2,0,0,0,0,0,1.5,6.12,1,18,0,23,7.67,0.0,0,0
483,e4a71d18,PM Inglis,female,New Zealand,3,3,48,31,34,2,6,0,0,0,48.0,154.84,0,0,0,0,0.0,0.0,0,0
484,1b3718d2,PM Weerakkody,female,Sri Lanka,37,37,638,1141,61,1,64,0,1,0,17.72,55.92,0,0,0,0,0.0,0.0,0,0
485,789fe152,PN Sproul,female,Scotland,4,4,28,64,17,0,3,0,0,0,7.0,43.75,0,0,0,0,0.0,0.0,0,0
486,a186b627,Pooja Ganesh,female,United States of America,3,3,49,89,45,1,2,0,0,0,24.5,55.06,0,0,0,0,0.0,0.0,0,0
487,d0bb40b8,Poonam Yadav,female,India,49,16,53,136,10,5,2,0,0,0,4.82,38.97,49,2578,61,1763,4.1,28.9,4,0
488,45a13dcf,Pratika Rawal,female,India,26,26,1189,1438,154,1,141,10,8,2,47.56,82.68,12,209,6,188,5.4,31.33,2,0
489,a1c4aed5,PRCS Kumarihami,female,Sri Lanka,21,20,283,728,49,2,25,0,0,0,15.72,38.87,14,344,3,255,4.45,85.0,2,0
490,91e217c3,Priya Mishra,female,India,9,4,6,30,5,2,0,0,0,0,3.0,20.0,9,406,15,399,5.9,26.6,3,0
491,8d887a02,PS Punia,female,India,11,11,273,478,75,1,31,1,2,0,27.3,57.11,0,0,0,0,0.0,0.0,0,0
492,0be8d603,PWDM Badalge,female,Sri Lanka,4,3,18,35,9,0,2,0,0,0,6.0,51.43,3,35,0,47,8.06,0.0,0,0
493,f786a7f6,PY Lavine,female,West Indies,1,1,8,26,8,0,0,0,0,0,8.0,30.77,1,12,0,14,7.0,0.0,0,0
494,d6164dc0,Q Joseph,female,West Indies,30,25,486,613,70,1,67,10,3,0,20.25,79.28,14,490,13,406,4.97,31.23,2,0
495,2ea9b32c,Qanita Jalil,female,Pakistan,10,9,32,60,14,1,2,0,0,0,4.0,53.33,10,306,4,170,3.33,42.5,2,0
496,98d4cb14,R Boyce,female,West Indies,5,5,30,92,14,0,3,0,0,0,6.0,32.61,0,0,0,0,0.0,0.0,0,0
497,050492b0,R Dhar,female,India,3,2,53,49,50,0,6,0,1,0,26.5,108.16,3,96,2,52,3.25,26.0,2,0
498,5959370f,R Kanoh,female,Thailand,8,8,100,138,38,1,14,0,0,0,14.29,72.46,0,0,0,0,0.0,0.0,0,0
499,459a7b0a,R MacDonald-Gay,female,England,2,1,17,13,17,0,2,0,0,0,17.0,130.77,2,66,1,52,4.73,52.0,1,0
500,e13f5984,R Malhotra,female,India,5,5,118,181,38,1,7,0,0,0,29.5,65.19,5,78,1,80,6.15,80.0,1,0
501,94b30fa5,R Ntozakhe,female,South Africa,20,7,8,30,3,3,0,0,0,0,2.0,26.67,20,882,16,575,3.91,35.94,3,0
502,17ccd296,R Pasipanodya,female,Zimbabwe,11,9,111,230,33,3,12,0,0,0,18.5,48.26,3,36,1,40,6.67,40.0,1,0
503,42e4b276,R Rijke,female,Netherlands,13,13,238,325,83,0,23,2,2,0,18.31,73.23,4,156,6,109,4.19,18.17,3,0
504,c88d3ef1,R Sewwandi,female,Sri Lanka,2,0,0,0,0,0,0,0,0,0,0.0,0.0,2,60,0,63,6.3,0.0,0,0
505,8a452195,R Slater,female,Scotland,5,4,90,103,61,3,7,0,1,0,90.0,87.38,5,184,7,136,4.43,19.43,3,0
506,def7b1bb,R Stokell,female,Ireland,25,25,450,648,57,5,36,5,3,0,22.5,69.44,0,0,0,0,0.0,0.0,0,0
507,8f201b0a,RA Lawrence,female,Netherlands,1,1,0,3,0,0,0,0,0,0,0.0,0.0,0,0,0,0,0.0,0.0,0,0
508,be85b12d,RA Lewis,female,Ireland,2,2,2,13,2,0,0,0,0,0,1.0,15.38,2,30,1,28,5.6,28.0,1,0
509,d5eb8b84,RA Mair,female,New Zealand,30,16,46,71,7,5,2,0,0,0,4.18,64.79,30,1303,30,1136,5.23,37.87,5,1
510,8cdf2905,RA Rolfe,female,Ireland,1,1,0,3,0,0,0,0,0,0,0.0,0.0,0,0,0,0,0.0,0.0,0,0
511,aaf037b1,Rabeya Khan,female,Bangladesh,33,23,165,256,43,4,19,1,0,0,8.68,64.45,33,1544,34,1018,3.96,29.94,3,0
512,a99085e6,Rabiya Shah,female,Pakistan,6,6,80,122,34,1,10,0,0,0,16.0,65.57,0,0,0,0,0.0,0.0,0,0
513,d284ef29,Rachel Delaney,female,Ireland,13,11,78,183,22,3,5,0,0,0,9.75,42.62,12,385,12,331,5.16,27.58,3,0
514,0b78b7c1,Rameen Shamim,female,Pakistan,18,10,87,171,23,2,5,0,0,0,10.88,50.88,18,813,17,585,4.32,34.41,3,0
515,7298db76,Renuka Singh,female,India,29,16,21,56,8,7,2,0,0,0,2.33,37.5,29,1412,42,1158,4.92,27.57,5,1
516,93a583c3,RH Candy,female,New Zealand,4,2,10,12,6,2,0,0,0,0,0.0,83.33,4,192,4,171,5.34,42.75,4,0
517,e6f0408a,RH Priest,female,New Zealand,28,28,661,787,108,1,97,4,4,1,24.48,83.99,0,0,0,0,0.0,0.0,0,0
518,36ba7f0b,Rinitha Rajith,female,United Arab Emirates,8,8,147,221,59,1,16,0,1,0,21.0,66.52,0,0,0,0,0.0,0.0,0,0
519,ad3940a5,Ritu Moni,female,Bangladesh,39,33,524,815,67,3,50,4,1,0,17.47,64.29,31,895,19,702,4.71,36.95,3,0
520,aed06cc1,RJ Rolls,female,New Zealand,1,1,2,4,2,0,0,0,0,0,2.0,50.0,0,0,0,0,0.0,0.0,0,0
521,57a45277,RK Parwin,female,India,1,0,0,0,0,0,0,0,0,0,0.0,0.0,1,42,0,34,4.86,0.0,0,0
522,e149d0ae,RL Grundy,female,England,3,1,1,6,1,0,0,0,0,0,1.0,16.67,3,168,2,143,5.11,71.5,1,0
523,d7c6b0fb,RL Haynes,female,Australia,48,48,1966,2422,130,4,217,16,16,2,44.68,81.17,2,24,2,34,8.5,17.0,2,0
524,4ed7d23f,RM Farrell,female,Australia,15,6,92,151,39,4,9,0,0,0,46.0,60.93,15,623,12,477,4.59,39.75,3,0
525,721e0199,RM Ghosh,female,India,52,52,1208,1173,96,10,126,38,7,0,28.76,102.98,0,0,0,0,0.0,0.0,0,0
526,3ffeb064,RM van Oosterom,female,Netherlands,4,4,15,36,14,0,1,0,0,0,3.75,41.67,0,0,0,0,0.0,0.0,0,0
527,5215d4c3,RMAU Grimmond,female,West Indies,8,8,198,295,91,0,21,3,2,0,24.75,67.12,0,0,0,0,0.0,0.0,0,0
528,9e866b59,RMVD Gunaratne,female,Sri Lanka,36,36,927,1268,123,2,104,5,3,2,27.26,73.11,0,0,0,0,0.0,0.0,0,0
529,0ab3c788,RP Singh,female,United States of America,6,4,38,74,18,0,3,0,0,0,9.5,51.35,6,258,6,209,4.86,34.83,2,0
530,6c3aef71,RP Yadav,female,India,14,8,105,121,48,2,10,0,0,0,17.5,86.78,14,650,13,662,6.11,50.92,4,0
531,237ec05b,RS Gayakwad,female,India,46,11,15,46,5,4,1,0,0,0,2.14,32.61,46,2456,71,1593,3.89,22.44,5,1
532,80e193fa,RS Vandort,female,Sri Lanka,3,3,10,17,10,0,2,0,0,0,3.33,58.82,0,0,0,0,0.0,0.0,0,0
533,406de451,RS Williams,female,West Indies,33,33,477,994,78,2,44,2,2,0,15.39,47.99,0,0,0,0,0.0,0.0,0,0
534,5d095ee8,Rubya Haider,female,Bangladesh,7,7,144,253,54,1,19,0,1,0,24.0,56.92,0,0,0,0,0.0,0.0,0,0
535,a92763ea,Rumana Ahmed,female,Bangladesh,25,24,346,672,74,2,35,0,2,0,15.73,51.49,25,943,23,667,4.24,29.0,3,0
536,77143581,S Asha,female,India,2,1,8,5,8,1,1,0,0,0,0.0,160.0,2,106,4,74,4.19,18.5,4,0
537,c6b09326,S Campbell,female,Australia,1,0,0,0,0,0,0,0,0,0,0.0,0.0,1,54,1,41,4.56,41.0,1,0
538,bd36bc39,S Chaturongrattana,female,Thailand,8,7,34,77,21,2,1,0,0,0,6.8,44.16,7,282,6,185,3.94,30.83,3,0
539,f8b50da3,S Dharnidharka,female,United Arab Emirates,8,8,122,239,45,2,13,0,0,0,20.33,51.05,8,363,10,233,3.85,23.3,4,0
540,cdb82f1c,S Ecclestone,female,England,78,52,421,577,33,15,36,6,0,0,11.38,72.96,78,4225,133,2609,3.71,19.62,6,2
541,5ecfab18,S Forbes,female,Ireland,24,24,408,704,55,0,43,0,2,0,17.0,57.95,2,12,0,17,8.5,0.0,0,0
542,c35739a1,S Gajnabi,female,West Indies,24,23,147,315,21,2,10,1,0,0,7.0,46.67,6,144,5,130,5.42,26.0,2,0
543,b34e0c77,S Glenn,female,England,19,7,68,83,22,3,4,0,0,0,17.0,81.93,18,757,23,547,4.34,23.78,4,0
544,62653085,S Gokhale,female,United Arab Emirates,3,3,27,52,9,1,3,0,0,0,13.5,51.92,1,12,0,21,10.5,0.0,0,0
545,3faa312e,S Hector,female,West Indies,5,2,24,33,13,0,2,0,0,0,12.0,72.73,5,96,0,97,6.06,0.0,0,0
546,8cd72e0b,S Horley,female,Scotland,5,5,276,344,100,1,33,0,2,1,69.0,80.23,4,133,9,80,3.61,8.89,4,0
547,a6dd06d6,S Immadi,female,United States of America,8,3,4,12,4,2,0,0,0,0,4.0,33.33,8,351,6,210,3.59,35.0,3,0
548,f2c1f0e5,S Ishaque,female,India,1,0,0,0,0,0,0,0,0,0,0.0,0.0,1,36,0,48,8.0,0.0,0,0
549,108c4c09,S Ismail,female,South Africa,84,41,273,534,34,9,23,1,0,0,8.53,51.12,84,4126,128,2707,3.94,21.15,5,1
550,34304210,S Jafta,female,South Africa,36,36,452,629,57,8,53,3,1,0,16.14,71.86,0,0,0,0,0.0,0.0,0,0
551,2daa8e40,S Jimmy,female,Papua New Guinea,11,11,155,261,57,0,15,0,1,0,14.09,59.39,11,506,17,303,3.59,17.82,4,0
552,3ac854ca,S Khiaoto,female,Thailand,5,5,106,141,59,0,10,0,1,0,21.2,75.18,0,0,0,0,0.0,0.0,0,0
553,9a9a056d,S Khurana,female,Netherlands,1,1,4,11,4,0,0,0,0,0,4.0,36.36,1,18,0,18,6.0,0.0,0,0
554,6c8904c8,S Kotte,female,United Arab Emirates,5,2,1,9,1,0,0,0,0,0,0.5,11.11,5,246,9,109,2.66,12.11,5,1
555,d3a9aadd,S Lackay,female,South Africa,1,1,0,2,0,0,0,0,0,0,0.0,0.0,0,0,0,0,0.0,0.0,0,0
556,4b15618c,S Laomi,female,Thailand,15,12,78,140,22,2,5,0,0,0,7.8,55.71,14,564,20,392,4.17,19.6,4,0
557,386f410e,S Loubser,female,South Africa,11,4,43,74,24,1,2,0,0,0,14.33,58.11,11,622,15,358,3.45,23.87,3,0
558,6d76bc23,S Luus,female,South Africa,124,114,2945,4104,114,17,288,17,20,2,30.36,71.76,90,3240,89,2551,4.72,28.66,6,2
559,ef2bcebf,S MacMahon,female,Ireland,12,8,108,121,42,0,11,0,0,0,13.5,89.26,10,354,8,318,5.39,39.75,2,0
560,5d2eda89,S Mandhana,female,India,99,99,4728,5057,136,7,570,67,30,13,51.39,93.49,4,36,1,47,7.83,47.0,1,0
561,302fb7ae,S Meghana,female,India,3,3,114,105,61,0,17,2,1,0,38.0,108.57,0,0,0,0,0.0,0.0,0,0
562,99e23670,S Molineux,female,Australia,19,12,143,179,47,2,12,3,0,0,14.3,79.89,18,842,32,544,3.88,17.0,4,0
563,94de63bf,S Mostary,female,Bangladesh,29,29,556,808,74,8,64,3,3,0,26.48,68.81,13,127,2,138,6.52,69.0,1,0
564,ff20c3ed,S Naidu,female,South Africa,1,1,0,2,0,0,0,0,0,0,0.0,0.0,1,30,1,40,8.0,40.0,1,0
565,1318a5f1,S Naik,female,India,4,4,25,39,24,1,1,0,0,0,8.33,64.1,0,0,0,0,0.0,0.0,0,0
566,1251a339,S Nisansala,female,Sri Lanka,7,5,20,29,17,2,1,0,0,0,6.67,68.97,7,299,9,237,4.76,26.33,5,1
567,3032933c,S Nitschke,female,Australia,2,2,81,82,81,0,12,1,1,0,40.5,98.78,2,90,0,73,4.87,0.0,0,0
568,5463cb7a,S Pandey,female,India,40,21,271,307,36,5,36,1,0,0,16.94,88.27,40,1806,55,1235,4.1,22.45,4,0
569,c4c374d9,S Rana,female,India,39,28,403,448,53,7,45,2,1,0,19.19,89.96,39,1976,52,1663,5.05,31.98,5,1
570,5597338d,S Ravikumar,female,Sri Lanka,1,0,0,0,0,0,0,0,0,0,0.0,0.0,1,54,0,35,3.89,0.0,0,0
571,dae6fac5,S Sharma,female,India,2,1,4,10,4,0,0,0,0,0,4.0,40.0,2,96,0,71,4.44,0.0,0,0
572,9a58f2c8,S Siegers,female,Netherlands,9,6,20,25,9,3,1,0,0,0,6.67,80.0,9,294,9,276,5.63,30.67,2,0
573,89f6c26f,S Sriharsha,female,United States of America,7,7,200,283,69,3,12,0,1,0,50.0,70.67,0,0,0,0,0.0,0.0,0,0
574,9c4b58db,S Tippoch,female,Thailand,9,9,89,205,41,0,7,0,0,0,9.89,43.41,7,208,5,100,2.88,20.0,3,0
575,185e6c0c,S Verma,female,India,15,15,135,215,41,2,11,1,0,0,10.38,62.79,0,0,0,0,0.0,0.0,0,0
576,a7cd72b2,SA Campbelle,female,West Indies,75,75,1406,2287,105,9,128,6,4,1,21.3,61.48,6,174,4,123,4.24,30.75,2,0
577,d15e60c8,SA Fritz,female,South Africa,6,5,28,50,16,2,4,0,0,0,9.33,56.0,3,121,4,38,1.88,9.5,3,0
578,d0d9b0e6,SA Millanta,female,Australia,3,2,15,19,15,2,3,0,0,0,0.0,78.95,3,149,3,163,6.56,54.33,1,0
579,789944c9,Sabahat Rasheed,female,Pakistan,2,1,2,3,2,1,0,0,0,0,0.0,66.67,2,89,1,67,4.52,67.0,1,0
580,77851c2d,SACA King,female,West Indies,10,9,126,225,38,1,8,1,0,0,15.75,56.0,10,270,1,204,4.53,204.0,1,0
581,f19c8dc0,Sadaf Shamas,female,Pakistan,25,25,761,1039,101,1,98,2,5,1,31.71,73.24,0,0,0,0,0.0,0.0,0,0
582,53bb50f0,Sadia Iqbal,female,Pakistan,36,19,47,93,8,8,4,0,0,0,4.27,50.54,36,1829,48,1229,4.03,25.6,4,0
583,3cfbddce,Sadia Yousuf,female,Pakistan,25,13,10,95,6,5,1,0,0,0,1.25,10.53,25,1272,34,932,4.4,27.41,5,1
584,62fa10e5,Sajjida Shah,female,Pakistan,3,3,77,168,36,1,9,0,0,0,38.5,45.83,3,176,6,88,3.0,14.67,3,0
585,037f2b86,Salma Khatun,female,Bangladesh,22,20,232,450,32,4,17,0,0,0,14.5,51.56,22,934,22,609,3.91,27.68,3,0
586,2b001132,Sana Javed,female,Pakistan,3,3,68,128,32,0,11,0,0,0,22.67,53.12,0,0,0,0,0.0,0.0,0,0
587,b287e7b1,Sana Mir,female,Pakistan,43,38,714,1340,52,9,61,0,3,0,24.62,53.28,43,2248,64,1545,4.12,24.14,4,0
588,e5be2427,Sania Khan,female,Pakistan,3,2,4,12,2,1,0,0,0,0,4.0,33.33,3,105,2,76,4.34,38.0,1,0
589,a6412417,Sanjida Akter Meghla,female,Bangladesh,2,1,1,7,1,0,0,0,0,0,1.0,14.29,2,60,1,57,5.7,57.0,1,0
590,12755a62,Sanjida Islam,female,Bangladesh,8,8,93,216,35,0,9,0,0,0,11.62,43.06,1,6,0,12,12.0,0.0,0,0
591,c29ada99,SC Selman,female,West Indies,40,24,136,304,18,8,5,0,0,0,8.5,44.74,40,1604,32,1118,4.18,34.94,3,0
592,33b6b1b3,SC Taylor,female,England,2,2,77,72,69,2,10,1,1,0,0.0,106.94,0,0,0,0,0.0,0.0,0,0
593,e96b8df7,SD Bahadur,female,India,1,0,0,0,0,0,0,0,0,0,0.0,0.0,1,18,0,18,6.0,0.0,0,0
594,62b33233,SDNS Karunaratne,female,Sri Lanka,2,2,17,14,13,0,3,0,0,0,8.5,121.43,0,0,0,0,0.0,0.0,0,0
595,5be043df,SE Aley,female,Australia,1,1,15,8,15,1,2,0,0,0,0.0,187.5,1,60,2,29,2.9,14.5,2,0
596,8879d882,SEA Ruck,female,New Zealand,6,3,7,13,6,3,0,0,0,0,0.0,53.85,6,349,7,252,4.33,36.0,2,0
597,1f7825dd,SF Daley,female,West Indies,13,12,141,238,37,1,14,2,0,0,12.82,59.24,13,498,7,405,4.88,57.86,2,0
598,de69af96,SFM Devine,female,New Zealand,91,86,3078,3448,137,5,311,52,14,8,38.0,89.27,72,2554,58,2075,4.87,35.78,3,0
599,3708b522,SG Satghare,female,India,3,1,2,3,2,1,0,0,0,0,0.0,66.67,3,138,3,107,4.65,35.67,1,0
600,d8f59089,Shafali Verma,female,India,32,32,745,870,87,1,91,9,5,0,24.03,85.63,7,156,3,137,5.27,45.67,2,0
601,b76fd014,Shaila Sharmin,female,Bangladesh,7,7,59,98,21,2,8,0,0,0,11.8,60.2,4,90,1,79,5.27,79.0,1,0
602,724645f5,Shamima Sultana,female,Bangladesh,14,14,304,526,53,0,35,1,2,0,21.71,57.79,0,0,0,0,0.0,0.0,0,0
603,84fdd3cf,Sharmin Akhter,female,Bangladesh,39,39,1232,1990,96,2,153,1,9,0,33.3,61.91,0,0,0,0,0.0,0.0,0,0
604,4e017436,Sharmin Sultana,female,Bangladesh,14,14,109,265,25,0,12,0,0,0,7.79,41.13,0,0,0,0,0.0,0.0,0,0
605,6b992a6f,Shathira Jakir,female,Bangladesh,1,1,0,2,0,0,0,0,0,0,0.0,0.0,1,18,0,22,7.33,0.0,0,0
606,adb2f55e,Shawaal Zulfiqar,female,Pakistan,4,4,15,48,7,0,2,0,0,0,3.75,31.25,0,0,0,0,0.0,0.0,0,0
607,89895ae1,Shorna Akter,female,Bangladesh,27,24,298,433,51,5,22,6,1,0,15.68,68.82,19,473,10,365,4.63,36.5,3,0
608,05bb5fcf,SI Galagedara,female,Sri Lanka,2,2,0,11,0,0,0,0,0,0,0.0,0.0,0,0,0,0,0.0,0.0,0,0
609,72c9ad99,Sidra Ameen,female,Pakistan,74,74,2652,3848,176,8,277,2,16,7,40.18,68.92,0,0,0,0,0.0,0.0,0,0
610,ca3ded6f,Sidra Nawaz,female,Pakistan,53,53,441,835,47,11,38,0,0,0,10.5,52.81,0,0,0,0,0.0,0.0,0,0
611,5838cb64,SIP Fernando,female,Sri Lanka,13,9,15,58,11,3,1,0,0,0,2.5,25.86,13,570,15,359,3.78,23.93,3,0
612,3a9e9cb2,SIR Dunkley,female,England,46,45,1122,1342,107,3,115,4,7,1,26.71,83.61,2,17,1,13,4.59,13.0,1,0
613,2e5919c5,SJ Andrews,female,Australia,1,1,16,36,16,0,1,0,0,0,16.0,44.44,1,24,0,13,3.25,0.0,0,0
614,2ca65aee,SJ Bryce,female,Scotland,11,11,368,451,84,1,46,0,3,0,36.8,81.6,0,0,0,0,0.0,0.0,0,0
615,a5f488bc,SJ Coyte,female,Australia,14,8,154,229,51,1,18,1,1,0,22.0,67.25,14,666,17,483,4.35,28.41,2,0
616,13f8d4b5,SJ Elliott,female,Australia,1,1,8,16,8,1,1,0,0,0,0.0,50.0,0,0,0,0,0.0,0.0,0,0
617,af71535d,SJ McGlashan,female,New Zealand,10,10,160,229,51,1,19,3,1,0,17.78,69.87,0,0,0,0,0.0,0.0,0,0
618,e6f36f83,SJ Taylor,female,England,51,51,1651,1859,147,3,193,1,9,2,34.4,88.81,0,0,0,0,0.0,0.0,0,0
619,c8f378cc,SJ Tsukigawa,female,New Zealand,1,1,39,69,39,0,4,1,0,0,39.0,56.52,1,48,2,20,2.5,10.0,2,0
620,2874f960,SK Burke,female,New Zealand,1,0,0,0,0,0,0,0,0,0,0.0,0.0,1,24,0,13,3.25,0.0,0,0
621,bd8139a1,SK Dolawatte,female,Sri Lanka,4,3,16,49,8,0,1,0,0,0,5.33,32.65,3,78,2,56,4.31,28.0,1,0
622,08320616,SK Naidu,female,India,1,1,0,3,0,0,0,0,0,0,0.0,0.0,1,18,0,22,7.33,0.0,0,0
623,40c9df68,SK Yadav,female,India,1,0,0,0,0,0,0,0,0,0,0.0,0.0,1,48,0,39,4.88,0.0,0,0
624,2b150c6b,SL Kalis,female,Netherlands,5,5,106,230,54,0,10,0,1,0,21.2,46.09,0,0,0,0,0.0,0.0,0,0
625,81c29317,SL Munroe,female,West Indies,5,0,0,0,0,0,0,0,0,0,0.0,0.0,5,192,2,162,5.06,81.0,1,0
626,b8b6ae08,SL Pujare,female,India,2,0,0,0,0,0,0,0,0,0,0.0,0.0,2,120,6,45,2.25,7.5,3,0
627,3308d881,SL Quintyne,female,West Indies,7,7,117,196,40,1,13,1,0,0,19.5,59.69,7,252,8,175,4.17,21.88,3,0
628,a4d52e08,SM Benade,female,South Africa,4,4,100,125,41,1,12,0,0,0,33.33,80.0,3,100,3,42,2.52,14.0,1,0
629,7e9b3b60,SM Kavanagh,female,Ireland,12,11,126,233,34,0,13,0,0,0,11.45,54.08,3,66,0,92,8.36,0.0,0,0
630,91d9613e,SM Mayers,female,Zimbabwe,10,10,162,227,39,0,23,1,0,0,16.2,71.37,4,104,1,81,4.67,81.0,1,0
631,c0fb3bf2,SP de Alwis,female,Sri Lanka,2,2,28,51,22,0,6,0,0,0,14.0,54.9,2,108,1,92,5.11,92.0,1,0
632,33946d69,SR Patil,female,India,3,2,7,12,5,1,1,0,0,0,7.0,58.33,3,180,5,135,4.5,27.0,3,0
633,92cf79a8,SR Taylor,female,West Indies,83,81,2728,3849,105,12,252,20,16,5,39.54,70.88,54,1949,42,1476,4.54,35.14,3,0
634,76bda023,SR Thadani,female,United States of America,1,1,6,12,6,0,1,0,0,0,6.0,50.0,1,18,0,21,7.0,0.0,0,0
635,aa89a853,SRH Curtis,female,New Zealand,8,8,156,226,50,2,11,0,1,0,26.0,69.03,0,0,0,0,0.0,0.0,0,0
636,2f9a6bd1,SS Connell,female,West Indies,54,33,114,225,15,18,12,0,0,0,7.6,50.67,54,1915,38,1572,4.93,41.37,4,0
637,6bebf334,SS Grimmond,female,West Indies,8,6,48,57,34,1,3,2,0,0,9.6,84.21,8,235,5,188,4.8,37.6,4,0
638,400388a8,SS Sawh,female,West Indies,1,1,3,16,3,0,0,0,0,0,3.0,18.75,0,0,0,0,0.0,0.0,0,0
639,c1f558ae,SS Upadhyay,female,India,1,0,0,0,0,0,0,0,0,0,0.0,0.0,1,54,0,59,6.56,0.0,0,0
640,5f862ccd,SS Weerakkody,female,Sri Lanka,34,33,328,509,29,8,32,2,0,0,13.12,64.44,33,1086,25,817,4.51,32.68,3,0
641,fb0c0bcc,Sultana Khatun,female,Bangladesh,19,11,42,96,16,3,4,0,0,0,5.25,43.75,19,905,21,608,4.03,28.95,3,0
642,03cb8ee0,Sultana Yesmin,female,Bangladesh,1,1,0,1,0,0,0,0,0,0,0.0,0.0,0,0,0,0,0.0,0.0,0,0
643,469eb822,Sumaiya Akter,female,Bangladesh,3,3,3,19,2,0,0,0,0,0,1.0,15.79,0,0,0,0,0.0,0.0,0,0
644,d4f0c300,Sumaiya Siddiqi,female,Pakistan,6,3,27,28,24,1,5,0,0,0,13.5,96.43,6,234,4,166,4.26,41.5,2,0
645,e6acd7aa,Suraiya Azmin,female,Bangladesh,3,1,0,2,0,0,0,0,0,0,0.0,0.0,3,44,2,57,7.77,28.5,1,0
646,89bbc67a,SW Bates,female,New Zealand,104,102,3389,4414,126,9,396,8,24,6,36.44,76.78,52,1519,27,1271,5.02,47.07,3,0
647,4cf8708b,Syeda Aroob Shah,female,Pakistan,11,5,60,77,40,2,5,0,0,0,20.0,77.92,10,461,12,352,4.58,29.33,2,0
648,7d794fa6,SZ Thakor,female,India,10,6,46,97,29,0,5,0,0,0,7.67,47.42,10,425,7,369,5.21,52.71,3,0
649,211dc1ce,T Bhatia,female,India,11,11,138,199,68,2,13,0,1,0,15.33,69.35,0,0,0,0,0.0,0.0,0,0
650,06659caa,T Brits,female,South Africa,57,57,1838,2262,171,3,214,25,4,7,34.04,81.26,0,0,0,0,0.0,0.0,0,0
651,53a5767d,T Chetty,female,South Africa,56,56,1414,2005,90,7,125,2,9,0,28.86,70.52,0,0,0,0,0.0,0.0,0,0
652,2beae660,T Granger,female,Zimbabwe,3,3,38,57,20,0,3,0,0,0,12.67,66.67,3,96,2,112,7.0,56.0,2,0
653,df15677b,T Makusha,female,Zimbabwe,11,6,22,40,12,1,2,0,0,0,4.4,55.0,10,395,8,320,4.86,40.0,2,0
654,23e3f2d6,T Putthawong,female,Thailand,17,13,77,216,22,4,2,0,0,0,8.56,35.65,17,830,30,502,3.63,16.73,6,1
655,3697a0ff,T Ruma,female,Papua New Guinea,11,11,273,453,80,1,30,0,2,0,27.3,60.26,2,42,2,30,4.29,15.0,2,0
656,32100b2d,T Wilson,female,Australia,1,1,7,4,7,1,1,0,0,0,0.0,175.0,0,0,0,0,0.0,0.0,0,0
657,bf350134,Tasmia Rubab,female,Pakistan,6,2,7,4,6,1,1,0,0,0,7.0,175.0,6,214,8,183,5.13,22.88,3,0
658,937553a0,Tasqeen Qadeer,female,Pakistan,3,3,48,131,27,0,2,0,0,0,16.0,36.64,0,0,0,0,0.0,0.0,0,0
659,cc3884f9,TD Smartt,female,West Indies,12,11,40,64,10,5,0,1,0,0,6.67,62.5,12,480,9,313,3.91,34.78,3,0
660,8ae7bb3e,TG Norris,female,United States of America,5,3,59,53,31,1,8,0,0,0,29.5,111.32,5,252,7,187,4.45,26.71,3,0
661,d826bfec,Tharika Sewwandi,female,Sri Lanka,1,1,1,2,1,0,0,0,0,0,1.0,50.0,1,12,0,14,7.0,0.0,0,0
662,ee3dcb3f,Theertha Satish,female,United Arab Emirates,8,8,219,358,66,1,23,0,1,0,31.29,61.17,0,0,0,0,0.0,0.0,0,0
663,ef70a34b,TJ Vlaeminck,female,Australia,7,0,0,0,0,0,0,0,0,0,0.0,0.0,7,264,6,181,4.11,30.17,2,0
664,ca5acfa4,TM McGrath,female,Australia,52,41,861,979,74,8,109,3,5,0,26.09,87.95,39,1118,32,968,5.19,30.25,3,0
665,93fe473e,TMM Newton,female,New Zealand,9,6,38,77,16,0,2,0,0,0,6.33,49.35,9,336,6,244,4.36,40.67,1,0
666,443c122f,TP Kanwar,female,India,2,0,0,0,0,0,0,0,0,0,0.0,0.0,2,108,2,75,4.17,37.5,2,0
667,25ca0573,TR Sadhu,female,India,8,3,9,24,4,0,0,0,0,0,3.0,37.5,8,368,6,304,4.96,50.67,2,0
668,9728fe6c,TS Hasabnis,female,India,6,6,140,176,53,3,16,0,1,0,46.67,79.55,0,0,0,0,0.0,0.0,0,0
669,6e28e586,TS Sekhukhune,female,South Africa,36,11,55,123,17,5,4,0,0,0,9.17,44.72,35,1615,35,1360,5.05,38.86,3,0
670,b2664905,TT Beaumont,female,England,112,112,4400,5598,168,9,528,24,22,12,42.72,78.6,0,0,0,0,0.0,0.0,0,0
671,0d56e9a5,Tuba Hassan,female,Pakistan,4,4,49,58,25,1,6,0,0,0,16.33,84.48,4,204,2,193,5.68,96.5,2,0
672,1a510809,U Raymond-Hoey,female,Ireland,8,8,74,119,22,1,5,0,0,0,10.57,62.18,0,0,0,0,0.0,0.0,0,0
673,6bf40416,U Thimashini,female,Sri Lanka,1,1,2,5,2,0,0,0,0,0,2.0,40.0,0,0,0,0,0.0,0.0,0,0
674,caa99fcb,UCKA Dona,female,United Arab Emirates,4,4,88,184,56,0,8,0,1,0,22.0,47.83,0,0,0,0,0.0,0.0,0,0
675,821d7d46,Umaima Sohail,female,Pakistan,43,40,766,1177,65,6,82,0,3,0,22.53,65.08,32,827,18,717,5.2,39.83,2,0
676,6ee11109,Umm-e-Hani,female,Pakistan,17,13,45,104,11,0,2,0,0,0,3.46,43.27,17,905,20,705,4.67,35.25,3,0
677,1ff39d69,Urooj Mumtaz,female,Pakistan,3,3,35,95,26,0,3,0,0,0,11.67,36.84,2,65,6,70,6.46,11.67,5,1
678,040f11e8,V Araa,female,Papua New Guinea,8,7,71,170,21,1,4,0,0,0,11.83,41.76,8,314,10,217,4.15,21.7,4,0
679,62d92d76,V Buruka,female,Papua New Guinea,8,7,2,21,2,4,0,0,0,0,0.67,9.52,8,282,5,203,4.32,40.6,2,0
680,c3f21798,V Krishnamurthy,female,India,22,22,410,468,70,4,49,4,3,0,22.78,87.61,5,108,3,56,3.11,18.67,2,0
681,31c56f40,Vaishnave Mahesh,female,United Arab Emirates,7,6,75,137,22,1,4,0,0,0,15.0,54.74,5,158,1,125,4.75,125.0,1,0
682,86e80bff,Vaishnavi Sharma,female,India,1,1,10,5,10,1,2,0,0,0,0.0,200.0,1,24,0,34,8.5,0.0,0,0
683,6d69af03,VCE Wattenberg,female,Netherlands,2,2,0,3,0,0,0,0,0,0,0.0,0.0,0,0,0,0,0.0,0.0,0,0
684,0e130fcb,VM Mutungwindu,female,Zimbabwe,2,2,2,8,2,0,0,0,0,0,1.0,25.0,0,0,0,0,0.0,0.0,0,0
685,2d963999,VR Vanitha,female,India,2,2,50,64,27,0,8,0,0,0,25.0,78.12,0,0,0,0,0.0,0.0,0,0
686,792d0178,Waheeda Akhtar,female,Pakistan,1,0,0,0,0,0,0,0,0,0,0.0,0.0,1,30,1,34,6.8,34.0,1,0
687,550373ea,WGAKK Kulasuriya,female,Sri Lanka,27,21,99,218,17,4,13,0,0,0,5.82,45.41,26,1044,20,855,4.91,42.75,3,0
688,c34a15e6,WK Dilhari,female,Sri Lanka,45,40,886,1103,84,8,76,6,3,0,27.69,80.33,41,1741,43,1434,4.94,33.35,4,0
689,ebe27221,Y Fourie,female,South Africa,6,3,1,8,1,1,0,0,0,0,0.5,12.5,6,222,7,150,4.05,21.43,3,0
690,bb9f08ad,Y Potgieter,female,South Africa,2,0,0,0,0,0,0,0,0,0,0.0,0.0,2,42,1,33,4.71,33.0,1,0
691,79e10d25,Y van der Westhuizen,female,South Africa,2,2,23,37,20,0,2,0,0,0,11.5,62.16,0,0,0,0,0.0,0.0,0,0
692,9c3d4e8a,YH Bhatia,female,India,27,27,666,910,64,0,78,2,4,0,24.67,73.19,0,0,0,0,0.0,0.0,0,0
693,816af623,Z James,female,West Indies,26,23,228,488,45,1,22,1,0,0,10.36,46.72,19,528,12,437,4.97,36.42,5,1
694,f0b16e64,Z Mali,female,South Africa,6,2,2,6,2,1,0,0,0,0,2.0,33.33,6,132,4,81,3.68,20.25,2,0
695,321be7e3,A Ashok,male,New Zealand,3,1,10,12,10,0,2,0,0,0,10.0,83.33,3,97,2,120,7.42,60.0,1,0
696,58c2fac4,A Athanaze,male,West Indies,17,17,405,524,66,0,46,9,2,0,23.82,77.29,4,126,4,70,3.33,17.5,2,0
697,112959b2,A Bagai,male,Canada,24,24,614,961,87,3,63,1,5,0,29.24,63.89,0,0,0,0,0.0,0.0,0,0
698,6ef13460,A Balbirnie,male,Ireland,83,83,2628,3477,135,5,254,34,13,8,33.69,75.58,1,24,1,31,7.75,31.0,1,0
699,64fb6b15,A Bohara,male,Nepal,2,2,13,14,8,2,0,0,0,0,0.0,92.86,2,66,0,51,4.64,0.0,0,0
700,e9e37173,A Busing-Volschenk,male,Namibia,1,1,2,21,2,0,0,0,0,0,2.0,9.52,0,0,0,0,0.0,0.0,0,0
701,9cb022df,A Codrington,male,Canada,6,6,33,72,16,0,3,0,0,0,5.5,45.83,5,180,6,164,5.47,27.33,5,1
702,5b16a806,A Dananjaya,male,Sri Lanka,38,29,321,438,50,6,29,3,1,0,13.96,73.29,38,1995,55,1716,5.16,31.2,6,2
703,803dbf1d,A Dutt,male,Netherlands,56,40,219,372,23,8,10,8,0,0,6.84,58.87,56,2798,73,2171,4.66,29.74,6,1
704,ddc0828d,A Flintoff,male,England,82,74,2168,2345,123,14,213,56,11,2,36.13,92.45,76,3772,119,2676,4.26,22.49,5,2
705,35aa26af,A Flower,male,Zimbabwe,7,7,332,456,71,0,30,1,3,0,47.43,72.81,0,0,0,0,0.0,0.0,0,0
706,a28a7fba,A Johnson,male,Canada,21,21,514,524,70,0,61,27,4,0,24.48,98.09,1,24,0,14,3.5,0.0,0,0
707,0c2730df,A Kumble,male,India,28,16,108,251,24,4,10,0,0,0,9.0,43.03,28,1489,28,1144,4.61,40.86,4,0
708,340db614,A Maregwede,male,Zimbabwe,8,8,108,179,37,1,10,1,0,0,15.43,60.34,0,0,0,0,0.0,0.0,0,0
709,3cacbb57,A Martin,male,West Indies,9,5,10,29,4,4,0,0,0,0,10.0,34.48,9,444,11,296,4.0,26.91,4,0
710,e8b5ea8d,A McGrath,male,England,13,11,155,330,52,2,10,0,1,0,17.22,46.97,6,210,3,160,4.57,53.33,1,0
711,6b19d823,A Mishra,male,India,32,10,43,82,14,2,4,0,0,0,5.38,52.44,31,1773,61,1423,4.82,23.33,6,2
712,66cf56a5,A Mithun,male,India,5,3,51,55,24,0,2,4,0,0,17.0,92.73,5,180,3,203,6.77,67.67,2,0
713,4d1ec7eb,A Nao,male,Papua New Guinea,19,15,54,68,11,8,4,1,0,0,7.71,79.41,19,842,18,713,5.08,39.61,4,0
714,3abe1ef6,A Ndlovu,male,Zimbabwe,2,0,0,0,0,0,0,0,0,0,0.0,0.0,2,102,1,80,4.71,80.0,1,0
715,96fd40ae,A Nehra,male,India,79,31,90,170,16,11,9,2,0,0,4.5,52.94,79,3618,105,3279,5.44,31.23,6,1
716,4957b300,A Neill,male,Scotland,9,6,29,41,14,4,2,0,0,0,14.5,70.73,9,431,14,342,4.76,24.43,3,0
717,2503e881,A Nel,male,South Africa,58,19,123,156,30,10,14,3,0,0,13.67,78.85,57,2840,84,2200,4.65,26.19,5,1
718,acdc62f5,A Nortje,male,South Africa,21,7,40,59,10,1,3,0,0,0,6.67,67.8,21,1006,36,982,5.86,27.28,4,0
719,06a9d298,A Patel,male,Canada,2,1,25,29,25,0,3,0,0,0,25.0,86.21,2,60,3,73,7.3,24.33,3,0
720,f2665768,A Phillip,male,West Indies,5,2,22,25,21,1,0,1,0,0,22.0,88.0,5,195,4,207,6.37,51.75,2,0
721,d188300f,A Roy,male,Netherlands,6,3,21,25,14,2,2,0,0,0,21.0,84.0,6,246,6,151,3.68,25.17,3,0
722,94b8d7dd,A Saud,male,Nepal,11,11,189,385,51,0,17,4,1,0,17.18,49.09,0,0,0,0,0.0,0.0,0,0
723,a73321d3,A Shahzad,male,England,10,8,40,59,9,2,0,3,0,0,6.67,67.8,10,529,15,459,5.21,30.6,3,0
724,fc5b1bcc,A Shamshudeen,male,Canada,1,1,3,28,3,0,0,0,0,0,3.0,10.71,1,18,0,24,8.0,0.0,0,0
725,06cad4f0,A Sharafu,male,United Arab Emirates,26,26,433,599,58,0,43,10,1,0,16.65,72.29,1,12,0,12,6.0,0.0,0,0
726,5661ef90,A Sharma,male,United Arab Emirates,28,28,678,875,105,0,79,13,4,1,24.21,77.49,0,0,0,0,0.0,0.0,0,0
727,bd77eb62,A Symonds,male,Australia,118,105,3589,3924,151,24,304,73,24,5,44.31,91.46,92,3402,69,2894,5.1,41.94,5,1
728,72e60730,A Vala,male,Papua New Guinea,56,56,1783,2549,104,1,147,26,11,1,32.42,69.95,51,1998,46,1308,3.93,28.43,3,0
729,ba7b21fd,A Valthapa,male,United Arab Emirates,1,1,14,22,14,0,1,0,0,0,14.0,63.64,0,0,0,0,0.0,0.0,0,0
730,a159b802,A van der Merwe,male,Ireland,3,1,4,4,4,1,0,0,0,0,0.0,100.0,3,126,1,79,3.76,79.0,1,0
731,14f96089,A Zampa,male,Australia,118,62,398,618,36,22,34,2,0,0,9.95,64.4,118,6153,192,5644,5.5,29.4,5,1
732,4c931d56,AA Donald,male,South Africa,3,0,0,0,0,0,0,0,0,0,0.0,0.0,3,149,1,133,5.36,133.0,1,0
733,88626ed2,AA Jangoo,male,West Indies,7,7,228,280,104,1,11,5,1,1,38.0,81.43,0,0,0,0,0.0,0.0,0,0
734,82c528b2,AA Mulla,male,Canada,8,8,150,153,58,0,21,4,1,0,18.75,98.04,0,0,0,0,0.0,0.0,0,0
735,b69e69ed,AA Noffke,male,Australia,1,0,0,0,0,0,0,0,0,0,0.0,0.0,1,54,1,46,5.11,46.0,1,0
736,7081491e,AA Obanda,male,Kenya,14,14,487,675,89,1,56,8,3,0,37.46,72.15,0,0,0,0,0.0,0.0,0,0
737,96f5b685,AA Paradkar,male,United States of America,6,5,51,80,24,1,3,1,0,0,12.75,63.75,6,222,9,242,6.54,26.89,4,0
738,ef7a904e,AA Shafique,male,Oman,1,1,13,33,13,0,2,0,0,0,13.0,39.39,0,0,0,0,0.0,0.0,0,0
739,e6ec6b42,Aaditya Varadarajan,male,Canada,3,3,36,62,25,0,1,0,0,0,12.0,58.06,0,0,0,0,0.0,0.0,0,0
740,279c51f0,Aakash Chand,male,Nepal,2,0,0,0,0,0,0,0,0,0,0.0,0.0,2,78,2,82,6.31,41.0,1,0
741,a8e54ef4,Aamer Jamal,male,Pakistan,3,2,5,9,5,2,1,0,0,0,0.0,55.56,3,96,3,85,5.31,28.33,2,0
742,907d6e58,Aamer Yamin,male,Pakistan,4,3,95,96,62,2,8,5,1,0,95.0,98.96,4,156,2,154,5.92,77.0,1,0
743,7ecb9a14,Aamir Kaleem,male,Oman,15,13,160,265,32,0,21,3,0,0,12.31,60.38,15,679,18,410,3.62,22.78,4,0
744,70d57519,AAP Atkinson,male,England,13,9,127,92,38,3,19,3,0,0,21.17,138.04,13,562,16,601,6.42,37.56,3,0
745,cd4d7695,Aarif Sheikh,male,Nepal,67,63,1518,2281,84,9,106,16,9,0,28.11,66.55,36,947,9,737,4.67,81.89,1,0
746,17aa4f1d,Aaron Jones,male,United States of America,51,51,1620,2246,123,3,114,32,11,1,33.75,72.13,10,197,0,189,5.76,0.0,0,0
747,dcbea954,Aasif Sheikh,male,Nepal,71,71,1962,2633,110,5,223,22,14,1,29.73,74.52,0,0,0,0,0.0,0.0,0,0
748,d2d15439,Aayan Afzal Khan,male,United Arab Emirates,40,36,601,828,94,9,55,13,3,0,22.26,72.58,40,2067,51,1420,4.12,27.84,4,0
749,fa463154,AB Agarkar,male,India,65,37,352,533,53,0,26,6,1,0,9.51,66.04,65,3263,100,2719,5.0,27.19,6,2
750,d3a3e82d,AB Barath,male,West Indies,14,14,394,611,113,1,43,3,1,1,30.31,64.48,0,0,0,0,0.0,0.0,0,0
751,c4487b84,AB de Villiers,male,South Africa,213,213,9435,9289,176,38,825,200,52,25,53.91,101.57,9,192,7,202,6.31,28.86,2,0
752,66b30f71,AB Dinda,male,India,13,5,21,36,16,0,1,0,0,0,4.2,58.33,13,594,12,612,6.18,51.0,2,0
753,3f4b9ae5,Abdul Jabbar,male,Canada,2,2,59,81,44,0,9,1,0,0,29.5,72.84,0,0,0,0,0.0,0.0,0,0
754,390ff45b,Abdul Razzaq,male,Pakistan,115,100,2327,2590,109,30,174,67,9,2,33.24,89.85,112,4373,96,3599,4.94,37.49,4,0
755,8e554b6b,Abdul Samad,male,Pakistan,6,6,66,94,34,2,6,1,0,0,16.5,70.21,0,0,0,0,0.0,0.0,0,0
756,7b9b9aef,Abdul Shakoor,male,United Arab Emirates,2,2,34,65,24,0,2,1,0,0,17.0,52.31,0,0,0,0,0.0,0.0,0,0
757,fc2fffb5,Abdullah Shafique,male,Pakistan,26,26,679,869,113,2,62,17,5,1,28.29,78.14,0,0,0,0,0.0,0.0,0,0
758,43b375d4,Abdur Rauf,male,Pakistan,4,0,0,0,0,0,0,0,0,0,0.0,0.0,4,214,8,212,5.94,26.5,3,0
759,888e32bf,Abdur Razzak,male,Bangladesh,121,79,644,850,53,27,47,17,1,0,12.38,75.76,121,6250,163,4815,4.62,29.54,5,4
760,d094e7d1,Abdur Rehman,male,Pakistan,30,22,132,220,31,6,10,1,0,0,8.25,60.0,29,1564,29,1090,4.18,37.59,4,0
761,5d836a72,Abid Ali,male,Pakistan,6,6,234,250,112,0,29,0,1,1,39.0,93.6,0,0,0,0,0.0,0.0,0,0
762,abb7c76c,Abrar Ahmed,male,Pakistan,19,5,28,29,23,3,5,0,0,0,14.0,96.55,19,1044,35,753,4.33,21.51,4,0
763,31803fac,Abu Hider,male,Bangladesh,1,0,0,0,0,0,0,0,0,0,0.0,0.0,1,54,1,39,4.33,39.0,1,0
764,1bb0993e,Abu Jayed,male,Bangladesh,2,0,0,0,0,0,0,0,0,0,0.0,0.0,2,108,5,114,6.33,22.8,5,1
765,5c756df3,Abul Hasan,male,Bangladesh,7,3,11,16,7,0,1,0,0,0,3.67,68.75,7,216,0,244,6.78,0.0,0,0
766,a2421394,AC Agar,male,Australia,22,18,322,387,48,5,28,4,0,0,24.77,83.2,22,1098,21,958,5.23,45.62,2,0
767,d8e79af0,AC Botha,male,Ireland,17,17,265,400,52,4,28,2,1,0,20.38,66.25,13,594,14,415,4.19,29.64,3,0
768,ad75edc3,AC Cummins,male,Canada,4,3,21,22,9,2,2,0,0,0,21.0,95.45,4,180,4,176,5.87,44.0,2,0
769,62decd8e,AC Dawson,male,South Africa,6,1,23,31,23,1,4,0,0,0,0.0,74.19,6,240,1,207,5.17,207.0,1,0
770,e9a870ed,AC Evans,male,Scotland,26,11,66,90,22,5,6,1,0,0,11.0,73.33,26,1262,36,1148,5.46,31.89,5,1
771,2b6e6dec,AC Gilchrist,male,Australia,118,118,4355,4090,172,6,556,75,27,7,38.88,106.48,0,0,0,0,0.0,0.0,0,0
772,864c199e,AC Voges,male,Australia,29,27,798,931,112,9,57,7,3,1,44.33,85.71,13,241,5,235,5.85,47.0,1,0
773,92aeac25,AD Hales,male,England,65,65,2330,2429,171,3,270,45,13,6,37.58,95.92,0,0,0,0,0.0,0.0,0,0
774,3edb58fc,AD Mascarenhas,male,England,20,13,245,253,52,2,12,13,1,0,22.27,96.84,20,822,13,634,4.63,48.77,3,0
775,896d78ad,AD Mathews,male,Sri Lanka,210,184,5646,6725,139,46,454,85,39,3,40.91,83.96,158,5126,120,3971,4.65,33.09,6,1
776,f10e94c4,AD Nath,male,United Arab Emirates,6,6,115,146,36,1,9,2,0,0,23.0,78.77,4,90,2,113,7.53,56.5,2,0
777,b98cdbf0,AD Poynter,male,Ireland,6,6,65,125,21,0,3,2,0,0,10.83,52.0,0,0,0,0,0.0,0.0,0,0
778,bbd41817,AD Russell,male,West Indies,55,47,1034,792,92,9,94,57,4,0,27.21,130.56,54,2254,70,2200,5.86,31.43,4,0
779,fd7d703c,Adeeb Usmani,male,United Arab Emirates,6,6,279,323,116,0,23,9,2,1,46.5,86.38,0,0,0,0,0.0,0.0,0,0
780,79004151,Adeel Raja,male,Netherlands,7,5,13,76,8,2,1,0,0,0,4.33,17.11,7,280,6,285,6.11,47.5,4,0
781,94759472,Adhitya Shetty,male,United Arab Emirates,1,0,0,0,0,0,0,0,0,0,0.0,0.0,1,60,1,56,5.6,56.0,1,0
782,9d65b06f,ADJ Pitcher,male,Bermuda,1,1,8,12,8,0,0,1,0,0,8.0,66.67,1,37,0,38,6.16,0.0,0,0
783,05da443b,Adnan Akmal,male,Pakistan,4,4,62,88,27,1,3,0,0,0,20.67,70.45,0,0,0,0,0.0,0.0,0,0
784,811425b1,Adnan Mufti,male,United Arab Emirates,15,15,328,397,57,4,27,1,1,0,29.82,82.62,0,0,0,0,0.0,0.0,0,0
785,134ba8ae,ADR Campbell,male,Zimbabwe,1,1,7,24,7,0,0,0,0,0,7.0,29.17,0,0,0,0,0.0,0.0,0,0
786,1bae756b,ADS Fletcher,male,West Indies,23,23,305,486,54,0,36,6,2,0,13.26,62.76,3,28,0,26,5.57,0.0,0,0
787,03d3dd8e,AF Buurman,male,Netherlands,2,2,26,30,26,0,4,0,0,0,13.0,86.67,0,0,0,0,0.0,0.0,0,0
788,a4af4849,AF Giles,male,England,37,19,288,378,41,6,21,4,0,0,22.15,76.19,33,1698,34,1150,4.06,33.82,3,0
789,350bb1b1,AF Milne,male,New Zealand,47,22,180,205,36,8,11,4,0,0,12.86,87.8,47,2182,56,1989,5.47,35.52,4,0
790,ca4db40e,AF Sattaur,male,Canada,3,3,20,60,13,0,0,1,0,0,6.67,33.33,0,0,0,0,0.0,0.0,0,0
791,37138918,Afif Hossain,male,Bangladesh,27,27,594,679,85,4,54,9,2,0,25.83,87.48,10,111,3,116,6.27,38.67,1,0
792,53bc7b84,Aftab Ahmed,male,Bangladesh,55,55,1061,1396,81,4,116,22,5,0,20.8,76.0,18,402,4,374,5.58,93.5,2,0
793,4e5cf2d6,Afzaal Haider,male,Hong Kong,2,1,0,10,0,0,0,0,0,0,0.0,0.0,2,78,2,123,9.46,61.5,1,0
794,9f0270e0,AG Cremer,male,Zimbabwe,67,49,507,881,37,10,33,1,0,0,13.0,57.55,67,3196,69,2582,4.85,37.42,5,1
795,035cb925,AG Prince,male,South Africa,33,33,761,1113,78,8,50,4,2,0,30.44,68.37,1,12,0,3,1.5,0.0,0,0
796,637b6fbd,AG Puttick,male,South Africa,1,1,0,4,0,0,0,0,0,0,0.0,0.0,0,0,0,0,0.0,0.0,0,0
797,2e0fcc58,AG Wharf,male,England,12,5,19,28,9,3,0,1,0,0,9.5,67.86,12,536,17,398,4.46,23.41,4,0
798,89c16049,Agha Salman,male,Pakistan,46,42,1507,1561,134,7,132,28,9,3,43.06,96.54,37,1090,19,1062,5.85,55.89,4,0
799,ee5aa838,AGR Loudon,male,England,1,0,0,0,0,0,0,0,0,0,0.0,0.0,1,36,0,36,6.0,0.0,0,0
800,d1305df0,AGS Gous,male,United States of America,13,13,404,469,83,1,42,11,4,0,33.67,86.14,0,0,0,0,0.0,0.0,0,0
801,79b4839e,Ahmed Raza,male,United Arab Emirates,47,36,391,630,50,6,28,8,1,0,13.03,62.06,47,2494,57,1721,4.14,30.19,5,1
802,f8fd6e3f,Ahmed Shehzad,male,Pakistan,80,80,2555,3535,124,1,262,18,13,6,32.34,72.28,9,115,2,140,7.3,70.0,1,0
803,96503059,Ahsan Malik,male,Netherlands,6,2,4,12,3,2,0,0,0,0,0.0,33.33,5,201,8,189,5.64,23.62,3,0
804,6d60ece6,Aijaz Ali,male,United States of America,2,2,5,10,4,0,1,0,0,0,2.5,50.0,0,0,0,0,0.0,0.0,0,0
805,5441db8c,Aizaz Cheema,male,Pakistan,14,6,26,45,9,3,2,0,0,0,8.67,57.78,14,658,23,593,5.41,25.78,4,0
806,f6c2659d,Aizaz Khan,male,Hong Kong,13,10,143,211,44,1,12,5,0,0,15.89,67.77,13,494,13,474,5.76,36.46,2,0
807,3cf83487,AJ Bichel,male,Australia,27,14,258,285,64,6,17,8,1,0,32.25,90.53,26,1242,31,918,4.43,29.61,7,1
808,4347a4ae,AJ Burger,male,Namibia,6,6,199,195,85,0,25,3,1,0,33.17,102.05,5,96,3,104,6.5,34.67,1,0
809,b8d490fd,AJ Finch,male,Australia,139,139,5188,5974,153,3,513,118,29,16,38.15,86.84,21,284,4,259,5.47,64.75,1,0
810,6b0c3a20,AJ Hall,male,South Africa,54,28,387,447,56,8,30,6,2,0,19.35,86.58,52,2548,76,1952,4.6,25.68,5,1
811,4d7f517e,AJ Hosein,male,West Indies,40,30,309,393,60,9,18,12,1,0,14.71,78.63,40,2210,63,1769,4.8,28.08,4,0
812,a7c7802a,AJ Ireland,male,Zimbabwe,13,7,12,64,6,1,1,0,0,0,2.0,18.75,13,635,15,591,5.58,39.4,3,0
813,de3acffe,AJ McKay,male,New Zealand,19,9,12,47,4,6,0,0,0,0,4.0,25.53,19,926,27,800,5.18,29.63,4,0
814,48f177f5,AJ Redmond,male,New Zealand,6,6,152,259,52,0,19,0,1,0,25.33,58.69,0,0,0,0,0.0,0.0,0,0
815,a8ce3491,AJ Stewart,male,England,12,12,398,539,83,1,32,1,4,0,36.18,73.84,0,0,0,0,0.0,0.0,0,0
816,b68d14a9,AJ Strauss,male,England,112,112,3729,4568,158,6,400,25,24,5,35.18,81.63,1,6,0,3,3.0,0.0,0,0
817,ff1e12a0,AJ Turner,male,Australia,8,7,192,160,84,1,10,10,1,0,32.0,120.0,2,84,2,60,4.29,30.0,1,0
818,7c7d63a2,AJ Tye,male,Australia,7,7,57,48,19,3,5,2,0,0,14.25,118.75,7,387,12,392,6.08,32.67,5,1
819,c80b4969,Ajay Kumar,male,United Arab Emirates,4,2,3,9,2,1,0,0,0,0,3.0,33.33,4,221,11,169,4.59,15.36,6,1
820,6a26221c,AK Markram,male,South Africa,76,76,2539,2591,175,7,263,57,12,4,36.8,97.99,39,1142,18,1120,5.88,62.22,2,0
821,c8ad0749,AK Perera,male,Sri Lanka,5,4,52,83,31,0,3,0,0,0,13.0,62.65,3,36,0,33,5.5,0.0,0,0
822,5b1d6583,AK Sah,male,Nepal,14,14,322,369,112,2,34,12,3,1,26.83,87.26,0,0,0,0,0.0,0.0,0,0
823,77bf0483,Akeem Jordan,male,West Indies,2,1,3,6,3,1,0,0,0,0,0.0,50.0,2,66,1,56,5.09,56.0,1,0
824,2feb5b8d,Akhil Kumar,male,Canada,9,7,123,126,48,2,10,4,0,0,24.6,97.62,9,348,9,296,5.1,32.89,3,0
825,99d7d5b7,Akif Javed,male,Pakistan,3,3,10,14,8,1,2,0,0,0,5.0,71.43,3,168,7,165,5.89,23.57,4,0
826,9d0344f3,Akif Raja,male,United Arab Emirates,5,0,0,0,0,0,0,0,0,0,0.0,0.0,5,228,3,160,4.21,53.33,1,0
827,fbc5b9e2,Akram Khan,male,Bangladesh,2,2,57,97,44,0,3,0,0,0,28.5,58.76,0,0,0,0,0.0,0.0,0,0
828,1edf29b9,Akshay Homraj,male,United States of America,8,8,159,223,44,0,9,4,0,0,19.88,71.3,0,0,0,0,0.0,0.0,0,0
829,10840285,AL Kandappah,male,Canada,2,2,97,156,69,1,4,3,1,0,97.0,62.18,1,1,0,4,24.0,0.0,0,0
830,ab6b1c45,AL Phehlukwayo,male,South Africa,79,52,827,967,69,15,74,32,2,0,22.35,85.52,75,3049,92,2950,5.81,32.07,4,0
831,fdd414ab,Al Sahariar,male,Bangladesh,6,6,44,95,14,0,5,1,0,0,7.33,46.32,0,0,0,0,0.0,0.0,0,0
832,3f5f39cd,Al-Amin Hossain,male,Bangladesh,15,6,4,20,2,4,0,0,0,0,2.0,20.0,15,663,22,608,5.5,27.64,4,0
833,c968b533,Alawi Shukri,male,United Arab Emirates,1,1,1,3,1,0,0,0,0,0,1.0,33.33,0,0,0,0,0.0,0.0,0,0
834,b0eaaac6,Ali Khan,male,United States of America,15,9,20,35,6,2,1,0,0,0,2.86,57.14,15,681,33,542,4.78,16.42,7,2
835,692c7070,Ali Khan,male,Canada,1,1,5,11,5,1,1,0,0,0,0.0,45.45,1,48,0,44,5.5,0.0,0,0
836,02802468,Ali Nadeem,male,Canada,6,6,134,204,51,0,13,3,1,0,22.33,65.69,0,0,0,0,0.0,0.0,0,0
837,f5715b48,Ali Naseer,male,United Arab Emirates,17,17,396,390,61,2,34,18,3,0,26.4,101.54,17,686,20,644,5.63,32.2,4,0
838,54279e23,Alok Kapali,male,Bangladesh,39,37,613,878,115,1,51,8,1,1,17.03,69.82,25,734,16,640,5.23,40.0,3,0
839,47c5aae7,AM Bacher,male,South Africa,5,5,102,175,56,0,12,0,1,0,20.4,58.29,3,108,3,64,3.56,21.33,2,0
840,80ec5dfd,AM Blignaut,male,Zimbabwe,30,20,284,253,58,1,33,5,3,0,14.95,112.25,30,1331,29,1166,5.26,40.21,4,0
841,f987245c,AM Ellis,male,New Zealand,15,12,154,184,33,1,10,2,0,0,14.0,83.7,13,480,12,425,5.31,35.42,2,0
842,de3d549a,AM Fernando,male,Sri Lanka,28,10,7,32,3,6,0,0,0,0,1.75,21.88,27,1112,34,1118,6.03,32.88,4,0
843,26534b48,AM Guruge,male,United Arab Emirates,4,2,14,26,10,2,1,0,0,0,0.0,53.85,4,171,7,136,4.77,19.43,4,0
844,d405c0d5,AM Hardie,male,Australia,14,12,180,224,44,0,16,2,0,0,15.0,80.36,13,426,10,392,5.52,39.2,2,0
845,7f148ce7,AM McCarthy,male,West Indies,2,2,15,41,12,0,1,0,0,0,7.5,36.59,1,12,0,10,5.0,0.0,0,0
846,a45a5e8d,AM Nayar,male,India,1,1,0,7,0,1,0,0,0,0,0.0,0.0,1,18,0,17,5.67,0.0,0,0
847,7f8ecc51,AM Phangiso,male,South Africa,21,12,81,162,20,2,5,0,0,0,8.1,50.0,21,1085,26,829,4.58,31.88,3,0
848,29e95537,AM Rahane,male,India,86,86,2906,3693,111,3,289,33,23,3,35.01,78.69,0,0,0,0,0.0,0.0,0,0
849,513158ed,AM Samad,male,Canada,10,10,226,362,44,1,23,1,0,0,25.11,62.43,4,64,2,90,8.44,45.0,1,0
850,86f84b37,AM Tribe,male,Jersey,4,4,233,309,115,1,16,6,1,1,77.67,75.4,2,12,0,19,9.5,0.0,0,0
851,5147ad5b,Aman Ali,male,United Arab Emirates,1,1,0,2,0,0,0,0,0,0,0.0,0.0,1,12,0,22,11.0,0.0,0,0
852,5faa30f7,Amir Hayat,male,United Arab Emirates,9,5,31,73,24,2,1,1,0,0,10.33,42.47,9,449,11,382,5.1,34.73,3,0
853,e4271302,Amjad Ali,male,United Arab Emirates,10,10,249,374,77,0,33,0,1,0,24.9,66.58,0,0,0,0,0.0,0.0,0,0
854,18eaf2fa,Amjad Javed,male,United Arab Emirates,13,12,238,258,56,1,27,9,1,0,21.64,92.25,13,510,7,507,5.96,72.43,3,0
855,af98bf5b,Ammar Khalid,male,Canada,4,0,0,0,0,0,0,0,0,0,0.0,0.0,4,198,5,146,4.42,29.2,2,0
856,f41598c1,AN Cook,male,England,91,91,3204,4134,137,4,363,10,19,5,36.83,77.5,0,0,0,0,0.0,0.0,0,0
857,dc36a6a5,AN Kervezee,male,Netherlands,9,9,110,201,18,0,13,0,0,0,12.22,54.73,0,0,0,0,0.0,0.0,0,0
858,e01aafc1,AN Petersen,male,South Africa,19,18,498,599,80,1,53,3,4,0,29.29,83.14,1,6,0,7,7.0,0.0,0,0
859,72b245dd,Anamul Haque,male,Bangladesh,44,44,1322,1732,120,0,132,27,5,3,30.05,76.33,0,0,0,0,0.0,0.0,0,0
860,aa8aaa45,Ankur Sharma,male,Hong Kong,1,1,16,31,16,0,1,0,0,0,16.0,51.61,0,0,0,0,0.0,0.0,0,0
861,3cae1e0b,Anop Santosh,male,Canada,1,1,2,9,2,0,0,0,0,0,2.0,22.22,0,0,0,0,0.0,0.0,0,0
862,9e76cdb3,Ansh Patel,male,Canada,5,3,54,57,41,1,5,0,0,0,27.0,94.74,5,228,4,249,6.55,62.25,2,0
863,599ce28e,Ansh Tandon,male,United Arab Emirates,1,1,10,18,10,0,1,0,0,0,10.0,55.56,0,0,0,0,0.0,0.0,0,0
864,552b228c,Anshuman Rath,male,Hong Kong,12,12,393,523,85,1,36,3,3,0,35.73,75.14,5,258,12,107,2.49,8.92,3,0
865,eb2d5fe7,Anwar Ali,male,Pakistan,21,15,300,331,43,5,27,7,0,0,30.0,90.63,21,903,18,921,6.12,51.17,3,0
866,b15eaf77,AO Suji,male,Kenya,11,6,42,89,15,1,4,0,0,0,8.4,47.19,9,229,5,246,6.45,49.2,2,0
867,ed90abe4,AP Devcich,male,New Zealand,12,11,195,253,58,0,25,0,1,0,17.73,77.08,11,324,4,291,5.39,72.75,2,0
868,b3b39bed,Aqib Ilyas,male,Oman,31,29,1191,1620,109,2,113,12,9,2,44.11,73.52,27,895,23,710,4.76,30.87,4,0
869,525c3f54,AR Adams,male,New Zealand,17,12,165,147,36,1,11,10,0,0,15.0,112.24,17,807,25,724,5.38,28.96,5,1
870,f994f4ca,AR Berenger,male,United Arab Emirates,6,6,53,109,22,0,7,0,0,0,8.83,48.62,0,0,0,0,0.0,0.0,0,0
871,80fe6790,AR Bisht,male,Oman,5,5,83,109,35,1,8,2,0,0,20.75,76.15,3,78,2,79,6.08,39.5,1,0
872,25020f9d,AR Caddick,male,England,11,10,64,117,14,7,3,1,0,0,21.33,54.7,11,582,17,384,3.96,22.59,4,0
873,568e5a4a,AR Cusack,male,Ireland,29,23,264,411,47,8,23,2,0,0,17.6,64.23,27,974,32,848,5.22,26.5,4,0
874,e957b38f,AR McBrine,male,Ireland,70,47,812,1066,79,13,82,14,2,0,23.88,76.17,68,3372,69,2721,4.84,39.43,4,0
875,4a745f65,AR Nurse,male,West Indies,45,35,454,452,44,11,40,12,0,0,18.92,100.44,45,2153,44,1988,5.54,45.18,4,0
876,a7a6c1c2,AR Odedara,male,Oman,10,10,243,464,54,1,23,6,1,0,27.0,52.37,0,0,0,0,0.0,0.0,0,0
877,2e171977,AR Patel,male,India,72,52,918,992,64,13,58,32,4,0,23.54,92.54,69,3460,80,2619,4.54,32.74,4,0
878,8ffe3c97,AR Pitcher,male,Bermuda,1,1,30,51,30,0,2,1,0,0,30.0,58.82,0,0,0,0,0.0,0.0,0,0
879,f27f89e8,AR White,male,Ireland,24,23,301,486,40,0,23,0,0,0,13.09,61.93,16,325,7,248,4.58,35.43,2,0
880,f2e8b37c,Arafat Minhas,male,Pakistan,3,3,60,85,33,1,7,1,0,0,30.0,70.59,3,156,7,86,3.31,12.29,5,1
881,1f7adc8a,Arafat Sunny,male,Bangladesh,15,10,48,91,15,7,5,0,0,0,16.0,52.75,15,770,22,556,4.33,25.27,4,0
882,7a32c1c1,ARI Umeed,male,Scotland,4,4,138,139,98,1,18,3,1,0,46.0,99.28,0,0,0,0,0.0,0.0,0,0
883,ad1730bc,Ariful Haque,male,Bangladesh,1,0,0,0,0,0,0,0,0,0,0.0,0.0,1,18,0,17,5.67,0.0,0,0
884,2f7a41f8,Arjun Kumal,male,Nepal,3,3,59,111,48,0,6,0,0,0,19.67,53.15,0,0,0,0,0.0,0.0,0,0
885,8dbda772,Arshad Ali,male,United Arab Emirates,2,2,47,89,41,0,5,0,0,0,23.5,52.81,2,96,0,100,6.25,0.0,0,0
886,0a4c6dfd,Arshad Khan,male,Pakistan,7,2,14,17,12,2,1,0,0,0,0.0,82.35,7,336,7,251,4.48,35.86,3,0
887,244048f6,Arshdeep Singh,male,India,15,10,71,58,18,3,7,3,0,0,10.14,122.41,15,741,25,683,5.53,27.32,5,1
888,099135ad,Aryan Lakra,male,United Arab Emirates,16,16,387,664,84,0,35,4,4,0,24.19,58.28,12,318,6,280,5.28,46.67,3,0
889,1cfb9ef4,AS Chima,male,Canada,2,2,28,29,24,0,4,1,0,0,14.0,96.55,0,0,0,0,0.0,0.0,0,0
890,795df06c,AS Hansra,male,Canada,15,14,295,527,70,2,20,6,2,0,24.58,55.98,12,276,2,284,6.17,142.0,2,0
891,b0946605,AS Joseph,male,West Indies,80,49,478,631,49,16,37,21,0,0,14.48,75.75,80,4118,136,3729,5.43,27.42,5,1
892,2b76eb00,AS Luseno,male,Kenya,2,2,0,3,0,1,0,0,0,0,0.0,0.0,2,60,4,58,5.8,14.5,4,0
893,f476d2a5,Asad Ali,male,Pakistan,4,2,13,16,11,0,0,1,0,0,6.5,81.25,4,180,2,115,3.83,57.5,1,0
894,50250426,Asad Shafiq,male,Pakistan,56,56,1312,1943,84,4,102,5,9,0,25.23,67.52,2,12,0,18,9.0,0.0,0,0
895,9d1f42c6,Ashfaq Ahmed,male,United Arab Emirates,15,15,343,383,92,0,38,9,2,0,22.87,89.56,6,199,4,162,4.88,40.5,2,0
896,0a4736eb,Asif Ali,male,Pakistan,15,15,375,307,52,1,22,20,3,0,26.79,122.15,1,5,0,9,10.8,0.0,0,0
897,3ce127f2,Asif Iqbal (1),male,United Arab Emirates,1,1,8,8,8,0,2,0,0,0,8.0,100.0,1,24,0,32,8.0,0.0,0,0
898,074acfb4,Asif Khan,male,United Arab Emirates,37,37,1270,1565,151,4,103,42,7,3,38.48,81.15,0,0,0,0,0.0,0.0,0,0
899,69d03465,AT Carey,male,Australia,83,83,2351,2624,106,13,225,24,13,1,33.59,89.6,0,0,0,0,0.0,0.0,0,0
900,a319edf8,AT Nidamanuru,male,Netherlands,37,37,893,976,111,4,60,31,4,2,27.06,91.5,1,6,0,8,8.0,0.0,0,0
901,70d205c9,AT Rayudu,male,India,49,49,1637,2089,124,14,141,26,9,3,46.77,78.36,9,121,3,124,6.15,41.33,1,0
902,249d60c9,AU Rashid,male,England,156,82,942,1013,69,27,92,14,1,0,17.13,92.99,154,7949,234,7463,5.63,31.89,5,2
903,b858be20,AV Lalcheta,male,Oman,2,2,18,47,12,0,1,0,0,0,9.0,38.3,2,84,2,62,4.43,31.0,2,0
904,eef2536f,Avesh Khan,male,India,8,4,23,29,10,1,2,1,0,0,7.67,79.31,8,356,9,329,5.54,36.56,4,0
905,c661789d,AW Mathieson,male,New Zealand,1,0,0,0,0,0,0,0,0,0,0.0,0.0,1,24,1,40,10.0,40.0,1,0
906,4b167ede,AWJ Auguste,male,West Indies,9,9,205,267,38,0,20,6,0,0,22.78,76.78,1,18,0,12,4.0,0.0,0,0
907,74d92a39,AY Karim,male,Kenya,4,2,0,2,0,2,0,0,0,0,0.0,0.0,4,140,3,69,2.96,23.0,3,0
908,44d6a8b8,Ayan Khan,male,Oman,37,35,948,1248,105,2,87,15,4,1,28.73,75.96,33,1149,24,923,4.82,38.46,3,0
909,211de69f,Azhar Ali,male,Pakistan,52,52,1806,2409,102,3,164,14,12,3,36.86,74.97,14,258,4,260,6.05,65.0,2,0
910,9a158001,Azhar Mahmood,male,Pakistan,11,9,126,155,30,3,9,4,0,0,21.0,81.29,10,388,5,310,4.79,62.0,1,0
911,82342b13,B Bhandari,male,Nepal,16,16,331,526,59,0,32,3,2,0,20.69,62.93,0,0,0,0,0.0,0.0,0,0
912,e7e86505,B Evans,male,Zimbabwe,19,18,240,244,58,4,17,9,2,0,17.14,98.36,19,800,20,750,5.62,37.5,5,1
913,dabbd0ae,B Fernando,male,Sri Lanka,4,3,26,36,17,0,4,0,0,0,8.67,72.22,3,152,2,136,5.37,68.0,1,0
914,50758325,B Geeves,male,Australia,2,1,10,11,10,1,1,0,0,0,0.0,90.91,2,90,3,78,5.2,26.0,2,0
915,2e81a32d,B Kumar,male,India,119,53,552,746,53,14,46,8,1,0,14.15,73.99,119,5799,141,4926,5.1,34.94,5,1
916,b2a79f17,B Laughlin,male,Australia,5,1,1,9,1,1,0,0,0,0,0.0,11.11,5,224,4,219,5.87,54.75,1,0
917,dd09ff8e,B Lee,male,Australia,153,76,865,1050,59,27,51,24,2,0,17.65,82.38,151,7727,257,6139,4.77,23.89,5,7
918,dadb9703,B Mavuta,male,Zimbabwe,13,10,92,107,28,2,10,1,0,0,11.5,85.98,11,420,10,396,5.66,39.6,2,0
919,449f4e3c,B Muzarabani,male,Zimbabwe,49,33,119,220,17,13,9,3,0,0,5.95,54.09,49,2447,59,2063,5.06,34.97,5,1
920,98d05440,B Regmi,male,Nepal,2,2,12,29,12,0,2,0,0,0,6.0,41.38,2,66,2,50,4.55,25.0,2,0
921,d5130a30,B Sai Sudharsan,male,India,3,3,127,142,62,1,17,1,2,0,63.5,89.44,1,3,0,8,16.0,0.0,0,0
922,fbdc8309,B Sharki,male,Nepal,38,38,1034,1547,101,3,101,7,4,1,29.54,66.84,1,6,0,8,8.0,0.0,0,0
923,c26cd57a,B Shikongo,male,Namibia,22,14,22,60,4,10,1,0,0,0,5.5,36.67,22,828,24,824,5.97,34.33,4,0
924,80de053e,B Siddharth,male,Oman,6,6,8,19,4,2,0,0,0,0,2.0,42.11,6,263,6,182,4.15,30.33,2,0
925,6834d1f2,B Stanlake,male,Australia,8,6,4,29,2,3,0,0,0,0,1.33,13.79,8,390,7,361,5.55,51.57,3,0
926,9e0bd203,B Ward,male,Jersey,4,4,69,106,46,1,7,2,0,0,23.0,65.09,4,181,4,186,6.17,46.5,4,0
927,1a448be0,B White,male,Ireland,2,0,0,0,0,0,0,0,0,0,0.0,0.0,2,108,1,118,6.56,118.0,1,0
928,d953ed6a,B Zuiderent,male,Netherlands,16,16,178,355,71,1,15,2,1,0,11.87,50.14,0,0,0,0,0.0,0.0,0,0
929,cad40f5e,BA Carse,male,England,29,21,264,328,36,6,16,9,0,0,17.6,80.49,29,1301,34,1375,6.34,40.44,5,1
930,7fca84b7,BA King,male,West Indies,57,57,1491,1784,112,2,181,30,8,3,27.11,83.58,0,0,0,0,0.0,0.0,0,0
931,31ce61ab,BA Murphy,male,Zimbabwe,4,2,3,11,2,0,0,0,0,0,1.5,27.27,4,180,5,139,4.63,27.8,3,0
932,d666d3a8,BA Parchment,male,West Indies,6,6,107,191,48,0,13,1,0,0,17.83,56.02,0,0,0,0,0.0,0.0,0,0
933,e087956b,BA Stokes,male,England,108,98,3461,3603,182,15,282,110,24,5,41.7,96.06,87,3086,74,3125,6.08,42.23,5,1
934,079d9bdc,BA Westdijk,male,Netherlands,3,2,0,3,0,0,0,0,0,0,0.0,0.0,3,138,1,173,7.52,173.0,1,0
935,953e3931,BA Williams,male,Australia,19,4,14,24,11,2,0,0,0,0,7.0,58.33,19,951,31,643,4.06,20.74,5,2
936,8a75e999,Babar Azam,male,Pakistan,134,134,6328,7250,158,16,587,66,34,20,53.63,87.28,0,0,0,0,0.0,0.0,0,0
937,fbb657bb,Babar Hayat,male,Hong Kong,15,15,539,733,82,2,47,16,5,0,41.46,73.53,1,6,0,9,9.0,0.0,0,0
938,54501715,Badal Singh,male,Oman,2,1,5,12,5,0,0,0,0,0,5.0,41.67,2,60,0,70,7.0,0.0,0,0
939,adbf0400,Basil Hameed,male,United Arab Emirates,47,45,1051,1421,71,2,74,30,5,0,24.44,73.96,40,1378,43,957,4.17,22.26,5,1
940,218c7eab,Basir Ahamad,male,Nepal,6,5,35,83,20,0,4,0,0,0,7.0,42.17,5,141,2,100,4.26,50.0,1,0
941,ea0cdc12,BAW Mendis,male,Sri Lanka,79,39,185,260,21,17,16,2,0,0,8.41,71.15,79,3920,136,3221,4.93,23.68,6,2
942,a58af75f,Bazid Khan,male,Pakistan,5,5,131,232,66,0,7,1,2,0,26.2,56.47,1,12,0,11,5.5,0.0,0,0
943,41fc1ece,BB Chari,male,Zimbabwe,14,14,186,399,39,0,12,2,0,0,13.29,46.62,0,0,0,0,0.0,0.0,0,0
944,b8a55852,BB McCullum,male,New Zealand,186,186,5157,5313,131,22,490,172,29,4,31.45,97.06,0,0,0,0,0.0,0.0,0,0
945,fc54ef7a,BB Seebaran,male,Canada,3,2,4,13,4,1,0,0,0,0,4.0,30.77,3,108,1,130,7.22,130.0,1,0
946,d8b2f218,BB Sran,male,India,6,0,0,0,0,0,0,0,0,0,0.0,0.0,6,302,7,269,5.34,38.43,3,0
947,9a2fc964,BC Fortuin,male,South Africa,12,9,61,96,28,1,3,1,0,0,7.62,63.54,12,585,15,506,5.19,33.73,2,0
948,d5403021,BC Lara,male,West Indies,67,67,1878,2373,116,11,173,40,10,1,33.54,79.14,0,0,0,0,0.0,0.0,0,0
949,2e11c706,BCJ Cutting,male,Australia,4,2,53,67,27,0,4,1,0,0,26.5,79.1,4,216,5,158,4.39,31.6,3,0
950,0dbe27b8,BD Glover,male,Netherlands,7,4,28,45,18,2,4,0,0,0,14.0,62.22,7,324,5,337,6.24,67.4,2,0
951,f8035c2a,BDH Stevens,male,Jersey,1,1,1,5,1,0,0,0,0,0,1.0,20.0,1,18,0,28,9.33,0.0,0,0
952,b56dc5f7,BE Hendricks,male,South Africa,7,4,24,45,18,1,2,0,0,0,8.0,53.33,7,356,10,321,5.41,32.1,3,0
953,fc4375ef,BFW de Leede,male,Netherlands,51,50,1336,1814,123,6,97,28,7,1,30.36,73.65,40,1480,44,1479,6.0,33.61,5,1
954,79f5bc26,BG Lister,male,New Zealand,4,4,12,21,5,3,1,0,0,0,12.0,57.14,4,216,6,220,6.11,36.67,3,0
955,f17971df,BG Rogers,male,Zimbabwe,8,8,287,395,84,0,37,1,3,0,35.88,72.66,5,168,5,201,7.18,40.2,2,0
956,97463e7d,Bikram Sob,male,Nepal,5,4,4,16,2,1,0,0,0,0,1.33,25.0,5,127,5,115,5.43,23.0,2,0
957,f3be8d36,Bilal Asif,male,Pakistan,3,3,40,49,38,0,6,1,0,0,13.33,81.63,3,132,5,96,4.36,19.2,5,1
958,dcdb87f2,Bilal Khan,male,Oman,47,20,30,73,9,10,1,1,0,0,3.0,41.1,47,2420,98,2036,5.05,20.78,5,4
959,7662cf7a,Bilawal Bhatti,male,Pakistan,10,7,89,75,39,1,10,2,0,0,14.83,118.67,10,409,6,439,6.44,73.17,3,0
960,eaa36b2a,BJ Bennett,male,Zimbabwe,11,11,362,397,169,0,45,5,0,1,32.91,91.18,3,48,1,62,7.75,62.0,1,0
961,1786a21b,BJ Curran,male,Zimbabwe,8,8,444,560,118,2,46,0,2,2,74.0,79.29,0,0,0,0,0.0,0.0,0,0
962,2ecd844a,BJ Currie,male,Scotland,17,5,16,30,8,4,0,0,0,0,16.0,53.33,17,743,37,523,4.22,14.14,4,0
963,549aefcd,BJ Diamanti,male,New Zealand,1,1,26,22,26,1,3,0,0,0,0.0,118.18,1,12,0,25,12.5,0.0,0,0
964,e1b9f3a9,BJ Dwarshuis,male,Australia,6,4,65,104,33,0,4,2,0,0,16.25,62.5,6,288,9,278,5.79,30.89,3,0
965,b0c772ee,BJ Haddin,male,Australia,107,107,3003,3554,110,14,283,70,16,2,32.29,84.5,0,0,0,0,0.0,0.0,0,0
966,b57f8a9a,BJ Hodge,male,Australia,19,19,516,560,123,2,43,12,2,1,30.35,92.14,3,66,1,51,4.64,51.0,1,0
967,3766056b,BJ McCarthy,male,Ireland,35,21,169,264,41,4,14,2,0,0,9.94,64.02,35,1761,55,1748,5.96,31.78,4,0
968,436c763a,BJ McMullen,male,Scotland,47,42,1572,1684,151,5,154,49,7,5,42.49,93.35,43,1961,68,1487,4.55,21.87,5,1
969,0b7930ed,BJ Patel,male,Kenya,10,10,118,238,40,1,15,0,0,0,13.11,49.58,1,18,0,21,7.0,0.0,0,0
970,928670cc,BJ Watling,male,New Zealand,24,24,573,835,96,2,58,3,5,0,26.05,68.62,0,0,0,0,0.0,0.0,0,0
971,5d1e7582,BKG Mendis,male,Sri Lanka,137,137,4491,5141,143,11,468,71,31,6,35.64,87.36,2,20,0,28,8.4,0.0,0,0
972,540ffb25,BL Kotze,male,Namibia,5,4,27,49,24,1,3,0,0,0,9.0,55.1,5,258,3,276,6.42,92.0,2,0
973,5f26f677,BM Duckett,male,England,36,36,1491,1487,165,1,169,22,9,4,42.6,100.27,0,0,0,0,0.0,0.0,0,0
974,e85d03d6,BM Scholtz,male,Namibia,67,42,312,475,31,16,24,4,0,0,12.0,65.68,67,3612,102,1970,3.27,19.31,5,2
975,48ad3373,BM Tickner,male,New Zealand,18,9,53,69,18,5,5,0,0,0,13.25,76.81,18,857,29,913,6.39,31.48,4,0
976,397f4d3a,BM Wheeler,male,New Zealand,6,4,58,47,39,4,4,3,0,0,0.0,123.4,6,309,8,315,6.12,39.38,3,0
977,9868bc75,BMAJ Mendis,male,Sri Lanka,52,42,593,724,72,8,45,12,1,0,17.44,81.91,47,1374,28,1185,5.17,42.32,3,0
978,634a7b21,BN Cooper,male,Netherlands,9,9,148,172,74,1,15,4,1,0,18.5,86.05,0,0,0,0,0.0,0.0,0,0
979,047945ae,BO van Rooi,male,Namibia,3,3,26,38,17,2,3,0,0,0,26.0,68.42,3,120,1,119,5.95,119.0,1,0
980,1d048deb,BOP Fernando,male,Sri Lanka,8,8,148,230,49,0,15,3,0,0,18.5,64.35,1,12,0,16,8.0,0.0,0,0
981,ed70ac05,BP Kruger,male,Netherlands,1,1,8,12,8,0,1,0,0,0,8.0,66.67,1,21,0,23,6.57,0.0,0,0
982,dd55b0b0,BP Loots,male,Netherlands,5,3,15,21,9,1,0,2,0,0,7.5,71.43,5,184,2,226,7.37,113.0,1,0
983,749a1b3a,BP Nash,male,West Indies,2,2,21,21,12,0,2,0,0,0,10.5,100.0,1,30,0,33,6.6,0.0,0,0
984,8d6a0fbc,BR Dorey,male,Australia,4,1,2,8,2,0,0,0,0,0,2.0,25.0,4,162,2,146,5.41,73.0,1,0
985,c41043e6,BR McDermott,male,Australia,5,5,223,278,104,0,19,5,1,1,44.6,80.22,0,0,0,0,0.0,0.0,0,0
986,53597be1,BRM Taylor,male,Zimbabwe,162,162,5149,6814,145,9,480,66,27,10,33.65,75.57,16,258,4,277,6.44,69.25,1,0
987,fd770945,BT Foakes,male,England,1,1,61,76,61,1,3,1,1,0,0.0,80.26,0,0,0,0,0.0,0.0,0,0
988,3f61a062,BTJ Wheal,male,Scotland,12,6,47,62,24,1,6,0,0,0,9.4,75.81,12,616,18,412,4.01,22.89,3,0
989,e1891e00,BV Sears,male,New Zealand,4,2,11,17,6,1,0,0,0,0,11.0,64.71,4,206,10,197,5.74,19.7,5,2
990,37137c8b,BV Vitori,male,Zimbabwe,20,11,63,71,20,3,5,4,0,0,7.88,88.73,20,1022,29,998,5.86,34.41,5,2
991,f3171936,BW Hilfenhaus,male,Australia,25,9,29,69,16,6,2,0,0,0,9.67,42.03,25,1216,29,1075,5.3,37.07,5,1
992,172dff15,C Bosch,male,South Africa,12,10,270,248,67,4,29,5,1,0,45.0,108.87,12,562,11,656,7.0,59.64,2,0
993,478a63e7,C Campher,male,Ireland,36,30,963,1194,120,2,97,13,7,1,34.39,80.65,33,1072,31,1003,5.61,32.35,4,0
994,f3b158d9,C Carmichael,male,Ireland,2,2,64,82,48,0,7,1,0,0,32.0,78.05,0,0,0,0,0.0,0.0,0,0
995,1e25b5bf,C Carter,male,Hong Kong,8,8,111,172,43,0,16,0,0,0,13.88,64.53,0,0,0,0,0.0,0.0,0,0
996,2d03c3f8,C Cassell,male,Scotland,6,1,4,5,4,0,0,0,0,0,4.0,80.0,6,274,11,268,5.87,24.36,7,1
997,fe366f34,C Connolly,male,Australia,11,9,281,325,149,2,25,8,1,1,40.14,86.46,5,156,6,137,5.27,22.83,5,1
998,94d7f855,C de Grandhomme,male,New Zealand,44,35,742,698,74,7,59,29,4,0,26.5,106.3,44,1524,29,1216,4.79,41.93,3,0
999,25733f03,C de Lange,male,Netherlands,6,6,110,206,35,1,8,0,0,0,22.0,53.4,0,0,0,0,0.0,0.0,0,0
1000,527c2dab,C Floyd,male,Netherlands,9,4,12,19,9,1,2,0,0,0,4.0,63.16,9,378,4,319,5.06,79.75,2,0
1001,eaa76d3c,C Green,male,Australia,37,33,946,1131,118,10,72,26,4,1,41.13,83.64,30,904,21,869,5.77,41.38,5,1
1002,dff2050b,C Gunasekara,male,Sri Lanka,1,0,0,0,0,0,0,0,0,0,0.0,0.0,1,6,0,8,8.0,0.0,0,0
1003,9d450c28,C Hemraj,male,West Indies,6,6,82,98,32,0,13,2,0,0,13.67,83.67,1,7,0,9,7.71,0.0,0,0
1004,a81d6706,C Jonker,male,South Africa,2,2,31,33,25,0,5,1,0,0,15.5,93.94,0,0,0,0,0.0,0.0,0,0
1005,fb3e0d39,C Karunaratne,male,Sri Lanka,26,24,451,572,75,6,32,8,1,0,25.06,78.85,23,797,24,770,5.8,32.08,4,0
1006,1e960f2a,C Kieswetter,male,England,38,38,985,1104,107,4,98,30,4,1,28.97,89.22,0,0,0,0,0.0,0.0,0,0
1007,3560a786,C Madande,male,Zimbabwe,16,16,294,404,74,1,29,0,2,0,19.6,72.77,0,0,0,0,0.0,0.0,0,0
1008,d1f871a4,C McAuslan,male,Hong Kong,2,2,35,72,27,0,4,0,0,0,17.5,48.61,0,0,0,0,0.0,0.0,0,0
1009,af2c687b,C Munro,male,New Zealand,53,52,1249,1190,87,2,134,36,8,0,24.98,104.96,25,552,7,481,5.23,68.71,2,0
1010,e9987a94,C Overton,male,England,7,5,68,75,32,2,4,1,0,0,22.67,90.67,7,308,5,291,5.67,58.2,2,0
1011,2cdce1be,C Sakariya,male,India,1,1,0,1,0,1,0,0,0,0,0.0,0.0,1,48,2,34,4.25,17.0,2,0
1012,7ffe4817,C Tear,male,Scotland,19,19,489,628,80,3,51,7,4,0,30.56,77.87,0,0,0,0,0.0,0.0,0,0
1013,f7b2cbe8,C Viljoen,male,Namibia,2,2,19,23,17,1,2,0,0,0,19.0,82.61,2,30,2,14,2.8,7.0,2,0
1014,f44af07f,C White,male,England,5,4,79,80,35,1,6,0,0,0,26.33,98.75,5,270,9,179,3.98,19.89,3,0
1015,a5c48ed1,C Wickramasinghe,male,Sri Lanka,4,3,58,100,22,0,4,1,0,0,19.33,58.0,4,56,1,66,7.07,66.0,1,0
1016,3e51db81,C Zhuwao,male,Zimbabwe,8,8,154,130,45,0,18,9,0,0,19.25,118.46,2,19,0,21,6.63,0.0,0,0
1017,c995d726,CA Ingram,male,South Africa,28,28,761,916,124,3,75,9,2,3,30.44,83.08,1,6,0,17,17.0,0.0,0,0
1018,45eda7c8,CA Lynn,male,Australia,4,4,75,89,44,0,6,3,0,0,18.75,84.27,0,0,0,0,0.0,0.0,0,0
1019,d4f9dbd4,CA Pujara,male,India,5,5,51,130,27,0,4,0,0,0,10.2,39.23,0,0,0,0,0.0,0.0,0,0
1020,6b062b4b,CA Reid,male,United States of America,2,2,8,17,6,0,1,0,0,0,4.0,47.06,2,78,1,63,4.85,63.0,1,0
1021,9920dd86,CA Soper,male,Papua New Guinea,50,47,653,1165,46,12,30,7,0,0,18.66,56.05,50,2329,64,1714,4.42,26.78,6,2
1022,bd0a4a7d,CA Young,male,Ireland,40,23,149,167,40,13,12,5,0,0,14.9,89.22,39,2018,73,1826,5.43,25.01,5,1
1023,7239b60d,CAH Stevenson,male,United States of America,18,16,141,211,34,4,12,1,0,0,11.75,66.82,17,693,23,642,5.56,27.91,3,0
1024,8012d0b8,CAK Rajitha,male,Sri Lanka,27,15,104,171,33,6,12,1,0,0,11.56,60.82,27,1143,29,1204,6.32,41.52,4,0
1025,bbff906c,CAK Walton,male,West Indies,8,8,53,86,19,0,7,0,0,0,6.62,61.63,0,0,0,0,0.0,0.0,0,0
1026,1cb64b3c,CB Lambert,male,United States of America,1,1,39,84,39,0,4,1,0,0,39.0,46.43,1,60,0,66,6.6,0.0,0,0
1027,49691d7a,CB Mpofu,male,Zimbabwe,64,30,40,167,9,15,0,0,0,0,2.67,23.95,64,3027,56,2827,5.6,50.48,4,0
1028,469ccead,CB Sole,male,Scotland,29,13,67,83,17,3,8,0,0,0,6.7,80.72,29,1418,52,1190,5.04,22.88,4,0
1029,8319b9ea,CB Wishart,male,Zimbabwe,15,15,361,487,172,1,40,4,0,1,25.79,74.13,0,0,0,0,0.0,0.0,0,0
1030,4751caa3,CBRLS Kumara,male,Sri Lanka,28,17,58,134,10,6,8,1,0,0,5.27,43.28,28,1156,36,1250,6.49,34.72,4,0
1031,87b177e8,CD Collymore,male,West Indies,36,14,39,70,12,6,1,2,0,0,4.88,55.71,36,1806,30,1264,4.2,42.13,3,0
1032,463cd7cb,CD Cumming,male,New Zealand,6,6,42,91,25,0,5,0,0,0,7.0,46.15,0,0,0,0,0.0,0.0,0,0
1033,e6d298e8,CD de Lange,male,Scotland,7,5,65,91,26,3,6,0,0,0,32.5,71.43,6,264,13,209,4.75,16.08,5,1
1034,f5390243,CD McMillan,male,New Zealand,48,46,1129,1349,117,7,93,32,7,1,28.95,83.69,19,460,11,425,5.54,38.64,3,0
1035,7b5c6c0b,CD Wallace,male,Scotland,25,25,515,581,58,1,42,9,4,0,21.46,88.64,0,0,0,0,0.0,0.0,0,0
1036,d285acaf,CE McConchie,male,New Zealand,6,5,126,127,64,2,11,3,1,0,42.0,99.21,5,168,4,135,4.82,33.75,2,0
1037,e16e7347,CG Williams,male,Namibia,16,16,427,541,129,2,38,8,1,1,30.5,78.93,9,258,3,194,4.51,64.67,1,0
1038,db584dad,CH Gayle,male,West Indies,199,198,6433,7125,215,10,670,254,34,13,34.22,90.29,116,4401,95,3505,4.78,36.89,5,1
1039,fb66ce1f,CH Morris,male,South Africa,39,27,467,462,62,4,36,15,1,0,20.3,101.08,39,1858,45,1743,5.63,38.73,4,0
1040,6176f240,Chirag Suri,male,United Arab Emirates,36,36,924,1432,115,0,95,13,5,2,25.67,64.53,0,0,0,0,0.0,0.0,0,0
1041,8abdf100,CJ Anderson,male,New Zealand,47,43,1102,1012,131,3,85,55,4,1,27.55,108.89,42,1445,58,1464,6.08,25.24,5,1
1042,45df0e72,CJ Bowes,male,New Zealand,6,6,99,119,51,0,15,0,1,0,16.5,83.19,0,0,0,0,0.0,0.0,0,0
1043,f32dbc84,CJ Chibhabha,male,Zimbabwe,87,87,1987,3043,99,2,205,12,12,0,23.38,65.3,49,1377,28,1371,5.97,48.96,2,0
1044,1cb14aa4,CJ Dala,male,South Africa,3,2,8,6,5,1,1,0,0,0,8.0,133.33,3,150,2,168,6.72,84.0,1,0
1045,9b4935c8,CJ Ferguson,male,Australia,25,25,663,776,71,9,64,0,5,0,41.44,85.44,0,0,0,0,0.0,0.0,0,0
1046,ffe699c0,CJ Jordan,male,England,34,23,184,209,38,8,12,5,0,0,12.27,88.04,34,1622,44,1647,6.09,37.43,5,1
1047,94eac556,CJ McKay,male,Australia,58,29,190,337,30,8,15,2,0,0,9.05,56.38,58,2911,96,2346,4.84,24.44,5,2
1048,4d220a66,CJ Nevin,male,New Zealand,7,7,83,139,29,0,10,0,0,0,11.86,59.71,0,0,0,0,0.0,0.0,0,0
1049,3a9adcce,CJ Smith,male,Bermuda,5,5,27,46,15,0,2,2,0,0,5.4,58.7,0,0,0,0,0.0,0.0,0,0
1050,4d84ad05,CJA Amini,male,Papua New Guinea,45,45,952,1516,77,0,78,4,6,0,21.16,62.8,40,1592,31,1288,4.85,41.55,4,0
1051,c46e9e56,CJO Smith,male,Scotland,9,9,157,238,51,0,23,0,1,0,17.44,65.97,0,0,0,0,0.0,0.0,0,0
1052,a21ea40c,CK Coventry,male,Zimbabwe,24,24,645,717,194,1,48,26,3,1,28.04,89.96,0,0,0,0,0.0,0.0,0,0
1053,f7c3d426,CK Holder,male,West Indies,1,1,0,3,0,1,0,0,0,0,0.0,0.0,1,18,0,26,8.67,0.0,0,0
1054,af19c6a8,CK Hooper,male,Canada,2,2,4,3,4,0,1,0,0,0,2.0,133.33,2,67,1,88,7.88,88.0,1,0
1055,cfad138c,CK Kapugedera,male,Sri Lanka,79,76,1505,2103,95,7,100,28,8,0,21.81,71.56,10,264,2,225,5.11,112.5,1,0
1056,95db4ab0,CK Kruger,male,Hong Kong,2,2,3,20,3,0,0,0,0,0,1.5,15.0,0,0,0,0,0.0,0.0,0,0
1057,d1c94b25,CK Langeveldt,male,South Africa,61,17,70,119,12,7,8,0,0,0,7.0,58.82,61,2990,80,2600,5.22,32.5,5,1
1058,f6571355,CK Tshuma,male,Zimbabwe,2,1,0,1,0,0,0,0,0,0,0.0,0.0,2,66,1,83,7.55,83.0,1,0
1059,5c5a8c1f,CKB Kulasekara,male,Sri Lanka,4,3,38,72,19,0,0,0,0,0,12.67,52.78,4,78,0,80,6.15,0.0,0,0
1060,0b130202,CL Cairns,male,New Zealand,33,30,790,867,84,6,59,28,4,0,32.92,91.12,23,924,20,775,5.03,38.75,3,0
1061,61dab16a,CL Hooper,male,West Indies,5,5,93,116,45,1,3,1,0,0,23.25,80.17,4,199,3,166,5.01,55.33,2,0
1062,d0513f63,CL White,male,Australia,80,75,2053,2545,105,16,145,44,11,2,34.8,80.67,17,303,10,317,6.28,31.7,3,0
1063,9ec74db8,CM McBride,male,Scotland,21,19,407,566,56,1,50,3,1,0,22.61,71.91,9,180,3,135,4.5,45.0,1,0
1064,008589a4,CM Wright,male,Scotland,7,6,81,138,37,1,4,1,0,0,16.2,58.7,7,306,8,228,4.47,28.5,3,0
1065,be4cefab,CMW Read,male,England,14,14,156,216,30,3,12,1,0,0,14.18,72.22,0,0,0,0,0.0,0.0,0,0
1066,e734d090,CN Ackermann,male,Netherlands,16,15,380,509,69,1,38,2,3,0,27.14,74.66,16,614,13,459,4.49,35.31,4,0
1067,f42064d5,CN Greaves,male,Scotland,26,22,355,401,56,6,31,8,2,0,22.19,88.53,21,653,28,596,5.48,21.29,5,1
1068,a1d8d8ba,CO Browne,male,West Indies,8,8,144,166,46,2,14,2,0,0,24.0,86.75,0,0,0,0,0.0,0.0,0,0
1069,5680f1ad,CO Obuya,male,Kenya,36,32,737,1020,98,3,58,15,3,0,25.41,72.25,22,831,21,678,4.9,32.29,5,1
1070,f2397e48,Codi Yusuf,male,South Africa,1,1,5,11,5,0,1,0,0,0,5.0,45.45,1,60,0,80,8.0,0.0,0,0
1071,e5309baa,CP Rizwan,male,United Arab Emirates,38,38,901,1535,109,5,64,2,4,1,27.3,58.7,5,58,1,50,5.17,50.0,1,0
1072,96824e68,CP Tremain,male,Australia,4,3,23,37,23,2,2,1,0,0,23.0,62.16,4,240,7,255,6.38,36.43,3,0
1073,e342e5fb,CR Brathwaite,male,West Indies,38,34,527,594,101,2,34,22,1,1,16.47,88.72,37,1681,39,1627,5.81,41.72,5,1
1074,c96311d4,CR Ervine,male,Zimbabwe,98,98,2923,3725,130,11,288,37,19,4,33.6,78.47,0,0,0,0,0.0,0.0,0,0
1075,3e722460,CR Foggo,male,Bermuda,1,1,6,5,6,0,0,0,0,0,6.0,120.0,0,0,0,0,0.0,0.0,0,0
1076,4c5d73db,CR Woakes,male,England,116,84,1514,1678,95,21,118,21,6,0,24.03,90.23,116,5659,173,5111,5.42,29.54,6,3
1077,342d8ade,CRD Fernando,male,Sri Lanka,85,34,175,255,20,17,17,2,0,0,10.29,68.63,85,3910,108,3442,5.28,31.87,6,1
1078,151e8077,CS Baugh,male,West Indies,27,27,382,551,49,7,30,4,0,0,19.1,69.33,0,0,0,0,0.0,0.0,0,0
1079,9c376401,CS MacLeod,male,Scotland,62,61,2015,2518,175,2,207,26,9,6,34.15,80.02,33,728,8,620,5.11,77.5,2,0
1080,05e0fab5,CS Martin,male,New Zealand,10,1,2,3,2,1,0,0,0,0,0.0,66.67,10,510,7,407,4.79,58.14,2,0
1081,28496266,CT Mumba,male,Zimbabwe,7,6,32,55,13,2,1,1,0,0,8.0,58.18,7,272,7,326,7.19,46.57,3,0
1082,26f12506,CT Mutombodzi,male,Zimbabwe,9,9,122,144,34,0,12,2,0,0,13.56,84.72,7,275,5,264,5.76,52.8,2,0
1083,a72b14ff,CT Tremlett,male,England,14,11,50,89,19,4,2,2,0,0,7.14,56.18,14,734,11,673,5.5,61.18,3,0
1084,5b7ab5a9,CV Varun,male,India,4,0,0,0,0,0,0,0,0,0,0.0,0.0,4,240,10,190,4.75,19.0,5,1
1085,9f998ed8,CW Perchard,male,Jersey,4,3,31,34,16,3,1,2,0,0,0.0,91.18,4,210,6,170,4.86,28.33,2,0
1086,582e9baa,CZ Harris,male,New Zealand,21,18,203,387,38,4,15,0,0,0,14.5,52.45,17,595,8,400,4.03,50.0,1,0
1087,9db20c92,D Bau,male,Papua New Guinea,8,8,130,218,46,1,10,1,0,0,18.57,59.63,0,0,0,0,0.0,0.0,0,0
1088,aea11d1d,D Birrell,male,Jersey,1,1,0,1,0,0,0,0,0,0,0.0,0.0,1,60,1,54,5.4,54.0,1,0
1089,7a80ddf2,D Bishoo,male,West Indies,40,24,164,263,29,10,17,1,0,0,11.71,62.36,40,2022,38,1668,4.95,43.89,3,0
1090,844e79d1,D Brevis,male,South Africa,9,9,230,159,54,1,10,20,1,0,28.75,144.65,1,24,0,28,7.0,0.0,0,0
1091,e3a949be,D Cleaver,male,New Zealand,1,1,32,37,32,0,3,0,0,0,32.0,86.49,0,0,0,0,0.0,0.0,0,0
1092,4cbce738,D Daesrath,male,Canada,1,1,31,55,31,0,3,1,0,0,31.0,56.36,0,0,0,0,0.0,0.0,0,0
1093,33085ffb,D Elgar,male,South Africa,7,7,104,177,42,1,6,0,0,0,17.33,58.76,4,96,2,67,4.19,33.5,1,0
1094,f0af99a7,D Ferreira,male,South Africa,3,2,10,22,7,0,1,0,0,0,5.0,45.45,3,138,2,115,5.0,57.5,2,0
1095,ed6894af,D Foxcroft,male,New Zealand,6,6,171,198,75,1,10,7,2,0,34.2,86.36,4,135,2,102,4.53,51.0,1,0
1096,df92d6fb,D Gamage,male,Sri Lanka,2,2,3,10,2,1,0,0,0,0,3.0,30.0,2,65,1,57,5.26,57.0,1,0
1097,d5f3b5e1,D Ganga,male,West Indies,7,7,152,292,54,0,17,0,1,0,21.71,52.05,0,0,0,0,0.0,0.0,0,0
1098,fcbf5a30,D Gough,male,England,38,13,137,194,46,6,12,1,0,0,19.57,70.62,38,1909,54,1456,4.58,26.96,4,0
1099,f8c72766,D Heyliger,male,Canada,22,17,213,222,56,2,18,8,1,0,14.2,95.95,22,1041,37,884,5.1,23.89,5,1
1100,b7b66a96,D Joseph,male,Canada,4,3,13,24,9,3,1,0,0,0,0.0,54.17,4,186,5,170,5.48,34.0,2,0
1101,34c823b0,D Keulder,male,Namibia,6,6,132,218,52,0,11,0,1,0,22.0,60.55,0,0,0,0,0.0,0.0,0,0
1102,c4bc3b59,D Khanal,male,Nepal,12,12,329,476,76,0,24,6,3,0,27.42,69.12,2,18,0,20,6.67,0.0,0,0
1103,48301a4b,D la Cock,male,Namibia,15,15,313,465,59,1,38,6,1,0,22.36,67.31,1,12,0,9,4.5,0.0,0,0
1104,0a2184d9,D Lakshan,male,Sri Lanka,1,1,2,9,2,0,0,0,0,0,2.0,22.22,1,12,0,12,6.0,0.0,0,0
1105,fa1aa7e7,D Langford-Smith,male,Ireland,10,9,79,82,18,4,6,2,0,0,15.8,96.34,10,456,10,354,4.66,35.4,3,0
1106,de7d833e,D Madushanka,male,Sri Lanka,24,9,36,75,19,6,5,0,0,0,12.0,48.0,24,1038,46,1058,6.12,23.0,5,1
1107,77079be1,D Mohammed,male,West Indies,4,1,0,1,0,1,0,0,0,0,0.0,0.0,4,233,8,170,4.38,21.25,3,0
1108,99663fa5,D Mongia,male,India,22,18,325,531,63,2,24,3,1,0,20.31,61.21,13,500,11,416,4.99,37.82,3,0
1109,a5544576,D Murphy,male,Scotland,2,2,9,28,7,0,0,0,0,0,4.5,32.14,0,0,0,0,0.0,0.0,0,0
1110,d96165b5,D Myers,male,Zimbabwe,7,7,138,189,34,0,17,0,0,0,19.71,73.02,0,0,0,0,0.0,0.0,0,0
1111,a8e56914,D Olivier,male,South Africa,2,0,0,0,0,0,0,0,0,0,0.0,0.0,2,114,3,124,6.53,41.33,2,0
1112,395179e8,D Parashar,male,United Arab Emirates,13,13,198,314,50,4,13,4,1,0,22.0,63.06,13,548,10,403,4.41,40.3,2,0
1113,462d7c62,D Paterson,male,South Africa,4,0,0,0,0,0,0,0,0,0,0.0,0.0,4,209,4,217,6.23,54.25,3,0
1114,11614d87,D Pretorius,male,South Africa,26,13,192,224,50,1,14,5,1,0,16.0,85.71,26,1144,35,947,4.97,27.06,4,0
1115,d1523761,D Ramdin,male,West Indies,103,103,2072,2589,169,19,153,31,7,2,24.67,80.03,0,0,0,0,0.0,0.0,0,0
1116,053f3ce3,D Ravu,male,Papua New Guinea,16,13,128,190,38,5,9,4,0,0,16.0,67.37,15,576,8,496,5.17,62.0,2,0
1117,8a79613a,D Soraine,male,Canada,2,2,3,9,3,0,0,0,0,0,1.5,33.33,2,53,1,37,4.19,37.0,1,0
1118,aa8d28ae,D Wiese,male,Namibia,14,14,328,364,67,2,21,10,1,0,27.33,90.11,14,677,15,638,5.65,42.53,3,0
1119,cff25ee1,DA Gunawardene,male,Sri Lanka,16,16,322,562,64,1,30,1,2,0,21.47,57.3,0,0,0,0,0.0,0.0,0,0
1120,656202a7,DA Marillier,male,Zimbabwe,10,10,249,346,100,0,23,2,1,1,24.9,71.97,9,360,5,269,4.48,53.8,2,0
1121,d67d5f00,DA Miller,male,South Africa,150,150,4573,4386,139,44,341,143,24,7,43.14,104.26,0,0,0,0,0.0,0.0,0,0
1122,49212b50,DA Minors,male,Bermuda,8,8,104,170,37,0,10,4,0,0,13.0,61.18,0,0,0,0,0.0,0.0,0,0
1123,6c79c098,DA Payne,male,England,1,0,0,0,0,0,0,0,0,0,0.0,0.0,1,54,1,38,4.22,38.0,1,0
1124,dcce6f09,DA Warner,male,Australia,154,154,6623,6803,179,5,701,125,32,21,44.45,97.35,1,6,0,8,8.0,0.0,0,0
1125,2e9fdf9b,DAJ Bracewell,male,New Zealand,21,14,221,274,57,2,14,7,1,0,18.42,80.66,21,1016,26,845,4.99,32.5,4,0
1126,a4799701,Danish Aziz,male,Pakistan,2,2,12,20,9,0,2,0,0,0,6.0,60.0,2,30,0,27,5.4,0.0,0,0
1127,0be1b885,Danish Kaneria,male,Pakistan,13,5,9,15,6,3,1,0,0,0,4.5,60.0,13,608,10,505,4.98,50.5,2,0
1128,770494eb,DAS Gunaratne,male,Sri Lanka,28,25,575,724,114,4,50,6,1,1,27.38,79.42,25,834,22,723,5.2,32.86,3,0
1129,5ee47383,DB Kotze,male,Namibia,6,6,82,132,27,1,3,1,0,0,16.4,62.12,6,282,2,256,5.45,128.0,1,0
1130,83904270,DBL Powell,male,West Indies,39,19,105,136,48,2,4,5,0,0,6.18,77.21,39,2052,49,1614,4.72,32.94,4,0
1131,34b332d3,DC Drakes,male,West Indies,3,2,11,17,8,0,0,0,0,0,5.5,64.71,3,114,2,73,3.84,36.5,2,0
1132,08a4f9ad,DC Thomas,male,West Indies,20,19,238,364,37,2,19,2,0,0,14.0,65.38,1,7,2,11,9.43,5.5,2,0
1133,359e430a,DCC Borden,male,Bermuda,4,4,23,78,13,0,2,0,0,0,5.75,29.49,4,78,3,91,7.0,30.33,2,0
1134,b590a4d8,DD Ebrahim,male,Zimbabwe,28,28,555,1007,71,3,36,0,2,0,22.2,55.11,1,2,0,5,15.0,0.0,0,0
1135,07b6f54c,DDP D'Silva,male,United Arab Emirates,6,5,53,119,31,1,8,0,0,0,13.25,44.54,5,186,6,118,3.81,19.67,3,0
1136,e0557f7f,DE Bernard,male,West Indies,15,12,141,218,38,2,10,0,0,0,14.1,64.68,15,540,10,470,5.22,47.0,2,0
1137,45c2196c,DE Bollinger,male,Australia,39,7,50,54,30,1,5,0,0,0,8.33,92.59,39,1941,62,1482,4.58,23.9,5,2
1138,0d37dea9,DE Budge,male,Scotland,15,14,237,303,46,4,17,1,0,0,23.7,78.22,8,151,1,111,4.41,111.0,1,0
1139,c57e1893,DES Maxwell,male,Canada,3,3,54,45,37,2,2,3,0,0,54.0,120.0,0,0,0,0,0.0,0.0,0,0
1140,ad733e72,DF Watts,male,Scotland,8,8,130,229,58,0,13,2,1,0,16.25,56.77,0,0,0,0,0.0,0.0,0,0
1141,d8976cb7,DG Blampied,male,Jersey,3,2,7,13,7,0,1,0,0,0,3.5,53.85,3,78,0,77,5.92,0.0,0,0
1142,22bd731a,DG Brownlie,male,New Zealand,15,15,361,484,63,1,46,1,1,0,25.79,74.59,0,0,0,0,0.0,0.0,0,0
1143,1494a583,Dhiman Ghosh,male,Bangladesh,11,11,124,197,30,2,9,1,0,0,13.78,62.94,0,0,0,0,0.0,0.0,0,0
1144,5208c0a1,DI Allan,male,Kenya,2,2,18,47,15,0,2,0,0,0,9.0,38.3,1,18,0,13,4.33,0.0,0,0
1145,fd67a507,DI Joyce,male,Ireland,3,3,29,56,18,0,4,0,0,0,9.67,51.79,0,0,0,0,0.0,0.0,0,0
1146,87e562a9,DJ Bravo,male,West Indies,144,127,2760,3382,112,19,219,53,10,2,25.56,81.61,134,5821,177,5213,5.37,29.45,4,0
1147,51de2a80,DJ Cullen,male,Australia,4,0,0,0,0,0,0,0,0,0,0.0,0.0,4,201,2,132,3.94,66.0,2,0
1148,73ad96ed,DJ Hooda,male,India,8,7,153,188,33,1,10,1,0,0,25.5,81.38,6,150,3,119,4.76,39.67,1,0
1149,fd835ab3,DJ Hussey,male,Australia,62,59,1672,1874,79,6,122,24,14,0,31.55,89.22,37,778,17,684,5.28,40.24,4,0
1150,ad9c32a2,DJ Malan,male,England,29,29,1418,1443,140,4,146,32,7,6,56.72,98.27,2,15,1,17,6.8,17.0,1,0
1151,eade4650,DJ Mitchell,male,New Zealand,57,56,2810,2961,137,8,230,72,13,9,58.54,94.9,18,339,14,335,5.93,23.93,3,0
1152,d84a2d8e,DJ Reekers,male,Netherlands,5,5,38,36,25,0,8,0,0,0,7.6,105.56,4,138,3,131,5.7,43.67,2,0
1153,7f048519,DJ Willey,male,England,71,45,656,684,51,19,56,24,2,0,25.23,95.91,71,3170,100,2903,5.49,29.03,5,1
1154,208f22ea,DJ Worrall,male,Australia,3,1,6,4,6,1,1,0,0,0,0.0,150.0,3,158,1,171,6.49,171.0,1,0
1155,c03c6200,DJG Sammy,male,West Indies,120,102,1853,1855,89,27,144,84,9,0,24.71,99.89,115,4832,77,3776,4.69,49.04,4,0
1156,1a156c88,DJM Short,male,Australia,8,8,211,269,69,1,16,1,1,0,30.14,78.44,5,90,0,114,7.6,0.0,0,0
1157,671398e3,DK Butler,male,West Indies,4,2,16,22,13,2,3,0,0,0,0.0,72.73,4,198,2,158,4.79,79.0,1,0
1158,6cd0b2d8,DL Blake,male,United States of America,1,1,0,2,0,0,0,0,0,0,0.0,0.0,1,6,0,7,7.0,0.0,0,0
1159,23eeb873,DL Chahar,male,India,11,8,191,192,69,3,16,8,2,0,38.2,99.48,11,486,15,452,5.58,30.13,3,0
1160,cb263798,DL Hemp,male,Bermuda,11,11,268,388,76,2,32,3,3,0,29.78,69.07,2,60,0,73,7.3,0.0,0,0
1161,d7c6af50,DL Vettori,male,New Zealand,153,96,1450,1692,79,26,118,8,3,0,20.71,85.7,153,7925,184,5254,3.98,28.55,5,2
1162,3185266a,DLS van Bunge,male,Netherlands,13,12,293,506,62,1,27,5,2,0,26.64,57.91,7,151,6,181,7.19,30.17,3,0
1163,14b14cd8,DM Bravo,male,West Indies,113,113,3007,4310,124,13,246,71,17,4,30.07,69.77,0,0,0,0,0.0,0.0,0,0
1164,7d608e12,DM de Silva,male,Sri Lanka,81,76,1769,2265,93,8,177,15,9,0,26.01,78.1,68,2048,41,1766,5.17,43.07,3,0
1165,7cb2d9d2,DM Dupavillon,male,South Africa,2,1,17,10,17,0,2,1,0,0,17.0,170.0,2,66,1,51,4.64,51.0,1,0
1166,9d0e7c58,DM Richards,male,West Indies,7,7,179,251,59,0,21,3,2,0,25.57,71.31,0,0,0,0,0.0,0.0,0,0
1167,736123bb,DN Wellalage,male,Sri Lanka,31,25,389,476,67,4,29,10,1,0,18.52,81.72,30,1391,37,1176,5.07,31.78,5,2
1168,e0351c86,DNT Zoysa,male,Sri Lanka,17,9,36,54,14,3,3,0,0,0,6.0,66.67,17,756,22,582,4.62,26.45,3,0
1169,e28bb0b9,DO Leicher,male,Namibia,7,7,154,205,58,2,8,4,1,0,30.8,75.12,5,102,2,109,6.41,54.5,1,0
1170,6ed3d5ac,DO Obuya,male,Kenya,23,23,302,565,57,1,25,3,2,0,13.73,53.45,0,0,0,0,0.0,0.0,0,0
1171,158d6619,DOD Rikhi,male,United States of America,1,1,3,6,3,0,0,0,0,0,3.0,50.0,0,0,0,0,0.0,0.0,0,0
1172,d1ae8f94,Dolar Mahmud,male,Bangladesh,7,4,61,44,41,0,5,4,0,0,15.25,138.64,7,210,8,258,7.37,32.25,4,0
1173,df5a6881,DP Conway,male,New Zealand,41,41,1672,1904,152,3,207,22,6,5,44.0,87.82,0,0,0,0,0.0,0.0,0,0
1174,2e2fe3e8,DP Hyatt,male,West Indies,9,9,112,188,39,1,8,6,0,0,14.0,59.57,0,0,0,0,0.0,0.0,0,0
1175,d18f9182,DPMD Jayawardene,male,Sri Lanka,264,264,8069,9955,144,23,743,52,51,12,33.48,81.05,5,67,1,63,5.64,63.0,1,0
1176,f3abd0c9,DR Briggs,male,England,1,0,0,0,0,0,0,0,0,0,0.0,0.0,1,60,2,39,3.9,19.5,2,0
1177,7c70083d,DR Brown,male,Scotland,4,4,72,114,45,1,6,0,0,0,24.0,63.16,4,138,3,158,6.87,52.67,2,0
1178,1f3ad23f,DR Chumney,male,Canada,11,11,219,325,44,1,19,6,0,0,21.9,67.38,0,0,0,0,0.0,0.0,0,0
1179,9d710afe,DR Flynn,male,New Zealand,10,10,167,239,35,1,19,1,0,0,18.56,69.87,2,18,0,19,6.33,0.0,0,0
1180,69762509,DR Martyn,male,Australia,73,73,2239,2872,101,17,202,8,19,2,39.98,77.96,3,90,1,78,5.2,78.0,1,0
1181,876dbe2d,DR Mousley,male,England,3,3,69,86,57,1,5,1,1,0,34.5,80.23,1,12,0,17,8.5,0.0,0,0
1182,35205dfc,DR Smith,male,West Indies,84,74,1261,1403,97,4,120,48,8,0,18.01,89.88,60,2185,52,1852,5.09,35.62,5,1
1183,43936951,DR Tuffey,male,New Zealand,38,21,188,194,36,4,13,6,0,0,11.06,96.91,38,1881,46,1575,5.02,34.24,4,0
1184,1747ea18,DS Airee,male,Nepal,75,70,1598,2037,105,7,126,24,9,2,25.37,78.45,69,2552,55,1732,4.07,31.49,4,0
1185,e3540b8c,DS Bajwa,male,Canada,8,8,108,174,26,0,11,1,0,0,13.5,62.07,3,54,1,50,5.56,50.0,1,0
1186,d2a989fc,DS Kulkarni,male,India,12,2,27,28,25,2,2,1,0,0,0.0,96.43,12,598,19,508,5.1,26.74,4,0
1187,53fe6ee4,DS Lehmann,male,Australia,26,20,687,848,107,3,56,5,6,1,40.41,81.01,21,585,21,487,4.99,23.19,4,0
1188,85ad2217,DS Smith,male,West Indies,39,39,973,1339,107,1,99,9,5,1,25.61,72.67,2,17,0,17,6.0,0.0,0,0
1189,3473e5f2,DS Weerakkody,male,Sri Lanka,3,3,73,66,58,0,9,1,1,0,24.33,110.61,0,0,0,0,0.0,0.0,0,0
1190,248698f4,DSK Madushanka,male,Sri Lanka,1,1,7,6,7,0,1,0,0,0,7.0,116.67,1,37,3,26,4.22,8.67,3,0
1191,2a2e6343,DT Christian,male,Australia,19,18,273,305,39,5,23,3,0,0,21.0,89.51,19,727,20,595,4.91,29.75,5,1
1192,3bea1983,DT Doram,male,Netherlands,1,0,0,0,0,0,0,0,0,0,0.0,0.0,1,48,0,31,3.88,0.0,0,0
1193,7fe5deb8,DT Hondo,male,Zimbabwe,32,14,35,105,12,6,4,0,0,0,4.38,33.33,32,1336,30,1168,5.25,38.93,3,0
1194,e01895bb,DT Johnston,male,Ireland,33,29,361,457,34,8,27,8,0,0,17.19,78.99,32,1460,37,1107,4.55,29.92,4,0
1195,dbfb8218,DT Tiripano,male,Zimbabwe,31,26,343,526,55,8,27,8,1,0,19.06,65.21,30,1255,27,1228,5.87,45.48,3,0
1196,8fd1a8f5,DW Steyn,male,South Africa,123,51,365,559,60,12,35,9,1,0,9.36,65.3,123,6195,193,5039,4.88,26.11,6,3
1197,28d6c44d,E Bosch,male,South Africa,1,1,7,9,7,1,0,0,0,0,0.0,77.78,1,42,1,33,4.71,33.0,1,0
1198,d2babdd5,E Chigumbura,male,Zimbabwe,158,151,3266,4128,117,21,264,73,14,2,25.12,79.12,108,3555,80,3490,5.89,43.62,3,0
1199,6d25efd7,E Katchay,male,Canada,1,0,0,0,0,0,0,0,0,0,0.0,0.0,1,18,0,23,7.67,0.0,0,0
1200,0ebfb1ad,E Lewis,male,West Indies,59,59,2051,2320,176,5,193,73,10,5,37.98,88.41,0,0,0,0,0.0,0.0,0,0
1201,5750bcb4,E Malinga,male,Sri Lanka,7,6,14,55,4,3,2,0,0,0,4.67,25.45,7,222,4,223,6.03,55.75,3,0
1202,7e6e7274,E Masuku,male,Zimbabwe,2,1,2,10,2,0,0,0,0,0,2.0,20.0,2,66,3,65,5.91,21.67,2,0
1203,c57fa67e,E Otieno,male,Kenya,10,7,21,54,8,2,2,0,0,0,4.2,38.89,10,441,12,468,6.37,39.0,4,0
1204,cefe0886,E Schiferli,male,Netherlands,9,8,79,128,22,1,12,0,0,0,11.29,61.72,9,378,7,319,5.06,45.57,2,0
1205,cb5100f1,Ebadat Hossain,male,Bangladesh,10,6,3,14,1,4,0,0,0,0,1.5,21.43,10,484,21,443,5.49,21.1,4,0
1206,a48fc79d,EC Joyce,male,Ireland,60,60,1845,2584,116,4,181,16,10,4,32.95,71.4,0,0,0,0,0.0,0.0,0,0
1207,f771a151,EC Rainsford,male,Zimbabwe,22,17,31,99,9,8,1,0,0,0,3.44,31.31,22,1025,16,790,4.62,49.38,3,0
1208,e6ddab51,EH Hutchinson,male,United States of America,8,6,123,125,49,2,7,7,0,0,30.75,98.4,7,222,3,156,4.22,52.0,1,0
1209,210b05cb,Ehsan Adil,male,Pakistan,9,5,43,57,16,1,4,0,0,0,10.75,75.44,9,387,9,335,5.19,37.22,3,0
1210,d3851cd8,Ehsan Khan,male,Hong Kong,13,11,100,224,27,3,8,0,0,0,12.5,44.64,13,703,23,515,4.4,22.39,3,0
1211,70456281,Ehsan Nawaz,male,Hong Kong,9,6,29,83,11,2,2,0,0,0,7.25,34.94,9,381,11,328,5.17,29.82,4,0
1212,688b2d58,Ehsanul Haque,male,Bangladesh,3,3,28,69,13,0,4,0,0,0,9.33,40.58,1,60,2,34,3.4,17.0,2,0
1213,7572bf45,EHSN Silva,male,United Arab Emirates,1,1,7,13,7,0,0,0,0,0,7.0,53.85,1,42,0,33,4.71,0.0,0,0
1214,49dfe4a4,EJ Richardson,male,Ireland,1,1,12,18,12,0,2,0,0,0,12.0,66.67,1,18,0,15,5.0,0.0,0,0
1215,6b46ce43,EJB Miles,male,Jersey,3,2,1,7,1,1,0,0,0,0,1.0,14.29,3,120,4,115,5.75,28.75,2,0
1216,d2a6c0e6,EJG Morgan,male,England,215,215,6953,7562,124,32,600,190,43,12,37.99,91.95,0,0,0,0,0.0,0.0,0,0
1217,817c1746,Elias Sunny,male,Bangladesh,4,4,2,11,1,2,0,0,0,0,1.0,18.18,4,204,5,161,4.74,32.2,2,0
1218,5a22d91c,EMDY Munaweera,male,Sri Lanka,2,2,15,29,11,0,2,0,0,0,7.5,51.72,0,0,0,0,0.0,0.0,0,0
1219,0480aba6,Enamul Haque jnr,male,Bangladesh,9,3,8,16,5,0,0,0,0,0,2.67,50.0,9,515,14,369,4.3,26.36,3,0
1220,7a653792,EP Thompson,male,New Zealand,1,0,0,0,0,0,0,0,0,0,0.0,0.0,1,24,0,42,10.5,0.0,0,0
1221,6a7239a7,ES Szwarczynski,male,Netherlands,12,12,281,466,75,1,29,1,3,0,25.55,60.3,0,0,0,0,0.0,0.0,0,0
1222,31ca7a9c,Ethan D'Souza,male,United Arab Emirates,2,2,9,19,6,0,1,0,0,0,4.5,47.37,0,0,0,0,0.0,0.0,0,0
1223,dce2019b,F Behardien,male,South Africa,54,49,1074,1095,70,14,79,25,6,0,30.69,98.08,34,700,12,684,5.86,57.0,3,0
1224,3355b542,F du Plessis,male,South Africa,135,135,5445,6167,185,19,493,61,34,12,46.94,88.29,11,192,2,189,5.91,94.5,1,0
1225,e3fe4b49,F Hand,male,Ireland,1,1,0,1,0,0,0,0,0,0,0.0,0.0,1,48,1,44,5.5,44.0,1,0
1226,1530a7e9,F Kasteni,male,Zimbabwe,2,2,9,23,9,0,0,0,0,0,4.5,39.13,0,0,0,0,0.0,0.0,0,0
1227,d3e83eef,F Mutizwa,male,Zimbabwe,10,10,183,275,69,2,11,3,1,0,22.88,66.55,0,0,0,0,0.0,0.0,0,0
1228,b52ffbbd,FA Allen,male,West Indies,18,14,200,202,51,1,18,8,1,0,15.38,99.01,17,648,7,601,5.56,85.86,2,0
1229,53fa62a2,Fahad Alhashmi,male,United Arab Emirates,3,2,0,6,0,0,0,0,0,0,0.0,0.0,3,104,2,105,6.06,52.5,2,0
1230,5d68fe4f,Fahad Nawaz,male,United Arab Emirates,2,2,2,10,2,0,0,0,0,0,1.0,20.0,0,0,0,0,0.0,0.0,0,0
1231,bd4ea627,Faheem Ashraf,male,Pakistan,42,30,408,475,73,3,36,13,1,0,15.11,85.89,42,1678,31,1465,5.24,47.26,5,1
1232,14661bf3,Faisal Akram,male,Pakistan,4,0,0,0,0,0,0,0,0,0,0.0,0.0,4,177,7,122,4.14,17.43,3,0
1233,03ce169b,Faisal Athar,male,Pakistan,1,1,9,36,9,0,1,0,0,0,9.0,25.0,0,0,0,0,0.0,0.0,0,0
1234,89ffd337,Faisal Hossain,male,Bangladesh,4,3,26,54,17,1,2,0,0,0,13.0,48.15,2,73,1,53,4.36,53.0,1,0
1235,267269e1,Faisal Iqbal,male,Pakistan,8,8,134,246,32,0,11,0,0,0,16.75,54.47,0,0,0,0,0.0,0.0,0,0
1236,1777c020,Fakhar Zaman,male,Pakistan,86,86,3802,4055,210,6,424,83,19,11,47.52,93.76,7,135,1,111,4.93,111.0,1,0
1237,4948a447,Farhad Reza,male,Bangladesh,27,25,316,497,41,4,34,6,0,0,15.05,63.58,25,809,14,784,5.81,56.0,2,0
1238,22ae3041,Fawad Ahmed,male,Australia,2,1,4,2,4,1,1,0,0,0,0.0,200.0,2,84,2,106,7.57,53.0,1,0
1239,61f05b05,Fawad Alam,male,Pakistan,37,35,966,1294,114,12,60,6,6,1,42.0,74.65,13,398,5,377,5.68,75.4,1,0
1240,5a6bb1c7,Fayyaz Ahmed,male,United Arab Emirates,2,2,41,94,37,2,5,0,0,0,0.0,43.62,2,102,0,69,4.06,0.0,0,0
1241,bd9fbd51,Fayyaz Butt,male,Oman,30,19,201,278,44,8,17,3,0,0,18.27,72.3,30,1309,35,1247,5.72,35.63,4,0
1242,b4bef2ed,Fazle Mahmud,male,Bangladesh,2,2,0,9,0,0,0,0,0,0,0.0,0.0,1,18,0,16,5.33,0.0,0,0
1243,400e2d4d,FDM Karunaratne,male,Sri Lanka,38,38,1044,1325,103,3,100,1,8,1,29.83,78.79,2,16,0,18,6.75,0.0,0,0
1244,bccead86,FDW McCreath,male,Scotland,17,17,561,775,112,0,48,6,3,1,33.0,72.39,0,0,0,0,0.0,0.0,0,0
1245,bf74b130,FH Allen,male,New Zealand,21,21,582,622,96,0,78,14,5,0,27.71,93.57,0,0,0,0,0.0,0.0,0,0
1246,a7c226e1,FH Edwards,male,West Indies,40,18,70,152,13,11,5,0,0,0,10.0,46.05,40,1730,49,1462,5.07,29.84,6,2
1247,c042b412,FJ Klaassen,male,Netherlands,16,12,48,73,11,8,1,2,0,0,12.0,65.75,16,867,22,655,4.53,29.77,3,0
1248,17fbaab5,FL Reifer,male,West Indies,6,6,86,182,40,0,6,1,0,0,14.33,47.25,0,0,0,0,0.0,0.0,0,0
1249,971c3f6d,FRJ Coleman,male,Scotland,8,8,160,214,70,0,18,1,1,0,20.0,74.77,0,0,0,0,0.0,0.0,0,0
1250,c15e2193,FY Fazal,male,India,1,1,55,61,55,1,7,1,1,0,0.0,90.16,0,0,0,0,0.0,0.0,0,0
1251,790ac2b0,G Bajwa,male,Canada,1,0,0,0,0,0,0,0,0,0,0.0,0.0,1,37,0,35,5.68,0.0,0,0
1252,85afed77,G Chapple,male,England,1,1,14,7,14,0,1,1,0,0,14.0,200.0,1,24,0,14,3.5,0.0,0,0
1253,3204c99f,G Coetzee,male,South Africa,13,7,57,90,22,0,4,1,0,0,8.14,63.33,13,606,27,676,6.69,25.04,4,0
1254,bb345e0b,G Gambhir,male,India,134,134,4981,5777,150,11,527,17,32,11,40.5,86.22,1,6,0,13,13.0,0.0,0,0
1255,59f509ed,G Goudie,male,Scotland,1,0,0,0,0,0,0,0,0,0,0.0,0.0,1,42,3,18,2.57,6.0,3,0
1256,19d0a172,G Hoey,male,Ireland,2,2,24,28,23,0,2,1,0,0,12.0,85.71,2,102,1,114,6.71,114.0,1,0
1257,ad48eb56,G Kirsten,male,South Africa,6,6,186,216,69,3,24,2,3,0,62.0,86.11,0,0,0,0,0.0,0.0,0,0
1258,b2e1d224,G Malla,male,Nepal,33,33,753,1116,75,1,78,15,5,0,23.53,67.47,2,18,1,18,6.0,18.0,1,0
1259,97bdec3d,G Motie,male,West Indies,40,27,425,460,63,5,43,16,2,0,19.32,92.39,39,1991,51,1575,4.75,30.88,5,1
1260,c1f6c27e,G Onions,male,England,4,1,1,2,1,0,0,0,0,0,1.0,50.0,4,204,4,185,5.44,46.25,2,0
1261,e93b6c95,G Singh,male,United States of America,31,31,938,1129,101,6,86,17,6,1,37.52,83.08,5,113,6,95,5.04,15.83,4,0
1262,5af592d2,G Snyman,male,Namibia,5,4,5,9,5,0,1,0,0,0,1.25,55.56,5,288,6,281,5.85,46.83,3,0
1263,c3564c2d,G Toka,male,Papua New Guinea,21,21,268,482,29,0,21,2,0,0,12.76,55.6,5,99,3,110,6.67,36.67,3,0
1264,86421172,GA Lamb,male,Zimbabwe,15,14,197,378,37,3,6,1,0,0,17.91,52.12,15,642,12,467,4.36,38.92,3,0
1265,f58839ad,GA Manou,male,Australia,1,1,7,6,7,0,0,0,0,0,7.0,116.67,0,0,0,0,0.0,0.0,0,0
1266,46050f42,GA Rogers,male,Scotland,4,2,32,49,26,0,5,0,0,0,16.0,65.31,4,152,4,138,5.45,34.5,2,0
1267,da785bf8,GB Brent,male,Zimbabwe,23,18,192,298,59,7,13,3,1,0,17.45,64.43,23,1103,22,887,4.83,40.32,4,0
1268,f708a0bc,GB Hogg,male,Australia,93,47,647,799,71,14,40,5,2,0,19.61,80.98,87,4237,129,3167,4.48,24.55,5,1
1269,18356eb3,GB Murgatroyd,male,Namibia,6,6,90,144,52,0,7,1,1,0,15.0,62.5,0,0,0,0,0.0,0.0,0,0
1270,72861603,GC Smith,male,South Africa,153,152,5280,6431,141,7,588,38,36,8,36.41,82.1,33,808,15,724,5.38,48.27,3,0
1271,7d21eb9b,GC Tonge,male,West Indies,5,3,10,16,5,1,1,0,0,0,5.0,62.5,5,300,5,224,4.48,44.8,4,0
1272,05de1a5a,GC Wilson,male,Ireland,57,57,1232,1624,80,8,105,14,9,0,25.14,75.86,0,0,0,0,0.0,0.0,0,0
1273,5b8fffb4,GD Drummond,male,Scotland,4,1,10,9,10,1,1,0,0,0,0.0,111.11,4,155,1,129,4.99,129.0,1,0
1274,c03449e0,GD Elliott,male,New Zealand,71,66,1913,2341,115,9,149,27,11,2,33.56,81.72,52,1200,35,1100,5.5,31.43,4,0
1275,ee7d0c82,GD McGrath,male,Australia,65,14,18,41,5,8,0,0,0,0,3.0,43.9,65,3213,98,2060,3.85,21.02,7,1
1276,9a46c4e5,GD Phillips,male,New Zealand,40,38,1191,1138,106,9,88,47,4,2,41.07,104.66,31,798,16,812,6.11,50.75,3,0
1277,b7646e8c,GEF Barnett,male,Canada,5,5,95,178,40,0,10,0,0,0,19.0,53.37,0,0,0,0,0.0,0.0,0,0
1278,e5437608,GF Linde,male,South Africa,4,3,29,37,18,1,3,0,0,0,14.5,78.38,4,150,4,140,5.6,35.0,2,0
1279,f390904d,GH Bodi,male,South Africa,2,2,83,131,51,0,9,1,1,0,41.5,63.36,1,6,0,8,8.0,0.0,0,0
1280,99cddc5e,GH Dockrell,male,Ireland,90,72,1197,1423,91,22,97,26,4,0,23.94,84.12,76,3191,65,2643,4.97,40.66,4,0
1281,7bbeac6d,GH O'Brien,male,Bermuda,1,1,2,6,2,0,0,0,0,0,2.0,33.33,1,60,3,31,3.1,10.33,3,0
1282,51a36d3e,GH Worker,male,New Zealand,10,10,272,379,58,2,23,3,3,0,34.0,71.77,1,6,0,5,5.0,0.0,0,0
1283,28b61a48,Ghazi Ghori,male,Pakistan,4,4,139,192,65,0,16,1,1,0,34.75,72.4,0,0,0,0,0.0,0.0,0,0
1284,ced0ec25,Ghulam Shabber,male,United Arab Emirates,20,20,444,693,90,0,43,3,3,0,22.2,64.07,0,0,0,0,0.0,0.0,0,0
1285,25550d06,GI Hume,male,Ireland,19,8,65,96,21,4,4,2,0,0,16.25,67.71,19,862,27,778,5.42,28.81,4,0
1286,a8bbd62e,GI Maiden,male,Scotland,1,1,12,14,12,1,1,0,0,0,0.0,85.71,0,0,0,0,0.0,0.0,0,0
1287,5056011d,GJ Bailey,male,Australia,83,83,3011,3616,156,9,222,55,22,3,40.69,83.27,0,0,0,0,0.0,0.0,0,0
1288,5ac8f17b,GJ Batty,male,England,6,4,25,57,17,1,1,0,0,0,8.33,43.86,5,252,4,183,4.36,45.75,2,0
1289,33b3d2df,GJ Delany,male,Ireland,18,16,217,220,22,4,20,6,0,0,18.08,98.64,11,348,6,371,6.4,61.83,2,0
1290,4d3097d8,GJ Hopkins,male,New Zealand,16,16,236,311,45,1,19,2,0,0,15.73,75.88,0,0,0,0,0.0,0.0,0,0
1291,b681e71e,GJ Maxwell,male,Australia,138,132,3695,2969,108,16,354,138,22,3,31.85,124.45,115,3852,74,3519,5.48,47.55,4,0
1292,6232e1ed,GJ McCarter,male,Ireland,1,1,1,1,1,1,0,0,0,0,0.0,100.0,1,48,0,38,4.75,0.0,0,0
1293,b863eae9,GJ Rennie,male,Zimbabwe,4,4,50,123,26,0,4,0,0,0,12.5,40.65,3,84,2,64,4.57,32.0,1,0
1294,6a52f5d3,GJ Whittall,male,Zimbabwe,5,4,59,71,30,0,5,1,0,0,14.75,83.1,5,135,4,121,5.38,30.25,2,0
1295,2957a836,GJP Kruger,male,South Africa,3,2,0,10,0,1,0,0,0,0,0.0,0.0,3,138,2,139,6.04,69.5,1,0
1296,95a06106,GLS Scrimshaw,male,England,1,0,0,0,0,0,0,0,0,0,0.0,0.0,1,52,3,66,7.62,22.0,3,0
1297,36fc8d18,GM Ewing,male,Zimbabwe,6,6,77,113,46,0,7,0,0,0,12.83,68.14,6,270,5,183,4.07,36.6,3,0
1298,8187519b,GM Hamilton,male,Scotland,10,10,173,292,58,0,13,1,1,0,17.3,59.25,0,0,0,0,0.0,0.0,0,0
1299,5dc19220,GM Strydom,male,Zimbabwe,6,5,67,129,48,0,6,2,0,0,13.4,51.94,2,30,0,24,4.8,0.0,0,0
1300,2e929b99,GO Jones,male,England,34,34,715,865,80,6,63,14,4,0,25.54,82.66,0,0,0,0,0.0,0.0,0,0
1301,221ad9d9,GP Swann,male,England,74,47,475,512,34,12,46,4,0,0,13.57,92.77,73,3659,98,2801,4.59,28.58,5,1
1302,53fcbbfb,GP Thorpe,male,England,2,2,30,45,18,0,2,0,0,0,15.0,66.67,0,0,0,0,0.0,0.0,0,0
1303,e1e81c75,GR Codrington,male,Canada,6,6,80,116,31,1,8,2,0,0,16.0,68.97,6,306,8,257,5.04,32.12,4,0
1304,755a77c6,GS Ballance,male,England,20,20,454,637,79,2,37,1,4,0,25.22,71.27,0,0,0,0,0.0,0.0,0,0
1305,1558d83b,GS Sandhu,male,Australia,2,0,0,0,0,0,0,0,0,0,0.0,0.0,2,120,3,107,5.35,35.67,2,0
1306,b58b7db6,GSNFG Jayasuriya,male,Sri Lanka,18,16,440,543,113,2,32,8,2,1,31.43,81.03,12,324,3,302,5.59,100.67,1,0
1307,4ebc70ca,GT Main,male,Scotland,15,3,82,87,64,2,7,1,1,0,82.0,94.25,15,668,33,592,5.32,17.94,5,1
1308,9811e35e,Gulsan Jha,male,Nepal,47,41,927,1118,67,10,63,45,5,0,29.9,82.92,43,1323,39,1308,5.93,33.54,5,2
1309,6eb146d2,Gurkeerat Singh,male,India,3,2,13,13,8,0,2,0,0,0,6.5,100.0,3,60,0,68,6.8,0.0,0,0
1310,99258814,Gurnoor Brar,male,India,3,2,25,29,18,1,1,1,0,0,25.0,86.21,3,174,4,225,7.76,56.25,2,0
1311,42a05795,GW Aldridge,male,New Zealand,2,0,0,0,0,0,0,0,0,0,0.0,0.0,2,114,1,98,5.16,98.0,1,0
1312,348195ea,GW Flower,male,Zimbabwe,22,21,627,937,96,3,54,2,5,0,34.83,66.92,17,605,9,457,4.53,50.78,3,0
1313,42bf1b7d,H Carlyon,male,Jersey,4,4,125,143,85,0,13,6,1,0,31.25,87.41,4,180,2,141,4.7,70.5,2,0
1314,9c9f8dbc,H Davids,male,South Africa,2,2,8,24,7,0,0,0,0,0,4.0,33.33,0,0,0,0,0.0,0.0,0,0
1315,bb20441f,H Dhami,male,Nepal,2,1,15,26,15,1,1,0,0,0,0.0,57.69,2,84,4,90,6.43,22.5,3,0
1316,6705008a,H Durham,male,Bermuda,1,1,4,14,4,0,0,0,0,0,4.0,28.57,1,58,2,47,4.86,23.5,2,0
1317,9dc3ea7e,H Hiri,male,Papua New Guinea,32,32,435,786,77,4,30,5,1,0,15.54,55.34,7,102,3,113,6.65,37.67,1,0
1318,2bfec670,H Kaushik,male,United Arab Emirates,4,4,80,92,53,0,2,6,1,0,20.0,86.96,4,114,0,98,5.16,0.0,0,0
1319,235c2bb6,H Klaasen,male,South Africa,55,55,2131,1810,174,7,199,72,11,4,44.4,117.73,2,30,0,33,6.6,0.0,0,0
1320,31fbf891,H Masakadza,male,Zimbabwe,156,155,3955,5479,111,0,420,57,24,2,25.52,72.18,60,1223,19,1162,5.7,61.16,2,0
1321,2b8b75a0,H Osinde,male,Canada,17,8,11,32,4,4,0,0,0,0,2.75,34.38,17,683,25,533,4.68,21.32,4,0
1322,c4ff0618,H Patel,male,Canada,10,10,176,188,54,1,21,6,1,0,19.56,93.62,5,102,2,102,6.0,51.0,1,0
1323,afb3b840,H Shah,male,Nepal,3,2,9,25,8,0,1,0,0,0,4.5,36.0,3,60,0,55,5.5,0.0,0,0
1324,c01d7726,H Thaker,male,Canada,30,30,903,1362,111,3,52,17,4,2,33.44,66.3,29,1263,25,945,4.49,37.8,3,0
1325,eeeebf82,HA Varaiya,male,Kenya,17,11,43,116,13,5,3,0,0,0,7.17,37.07,15,676,14,545,4.84,38.93,3,0
1326,e74ad9ea,Habibul Bashar,male,Bangladesh,49,49,926,1627,70,3,77,3,3,0,20.13,56.91,0,0,0,0,0.0,0.0,0,0
1327,c13e34f4,Haider Ali,male,Pakistan,2,2,42,33,29,0,4,2,0,0,21.0,127.27,0,0,0,0,0.0,0.0,0,0
1328,dd572696,Haider Ali,male,United Arab Emirates,8,4,25,91,10,0,1,0,0,0,6.25,27.47,8,462,5,303,3.94,60.6,1,0
1329,57bd3ecc,Hammad Azam,male,Pakistan,9,6,79,128,36,1,5,2,0,0,15.8,61.72,7,138,2,129,5.61,64.5,1,0
1330,0b7b78c6,Hammad Mirza,male,Oman,18,18,643,846,112,2,63,8,4,1,40.19,76.0,0,0,0,0,0.0,0.0,0,0
1331,34cb2f69,Hamza Tahir,male,Scotland,29,8,26,78,13,2,2,0,0,0,4.33,33.33,29,1406,38,1006,4.29,26.47,5,1
1332,82e81007,Hamza Tariq,male,Canada,5,5,99,135,71,0,14,2,1,0,19.8,73.33,0,0,0,0,0.0,0.0,0,0
1333,608e1581,Hannan Sarkar,male,Bangladesh,13,13,280,502,59,0,28,2,2,0,21.54,55.78,1,3,0,13,26.0,0.0,0,0
1334,4a25c894,HAPW Jayawardene,male,Sri Lanka,2,2,4,9,4,0,0,0,0,0,2.0,44.44,0,0,0,0,0.0,0.0,0,0
1335,8b5b6769,Harbhajan Singh,male,India,148,85,917,1114,49,23,63,28,0,0,14.79,82.32,145,7951,166,5834,4.4,35.14,5,2
1336,24bb1c2f,Haris Rauf,male,Pakistan,56,21,104,140,35,7,6,9,0,0,7.43,74.29,56,2722,102,2631,5.8,25.79,5,1
1337,7cd0a092,Haris Sohail,male,Pakistan,42,42,1709,1964,130,5,136,28,14,2,46.19,87.02,20,606,11,583,5.77,53.0,3,0
1338,0bf15e52,Harmeet Singh,male,United States of America,27,20,293,294,59,5,17,17,1,0,19.53,99.66,27,1423,38,968,4.08,25.47,6,1
1339,28c78fb3,Harpreet Singh,male,United Arab Emirates,6,6,314,318,81,0,32,5,3,0,52.33,98.74,0,0,0,0,0.0,0.0,0,0
1340,77b1aa15,Harshit Rana,male,India,14,7,124,102,52,2,10,6,1,0,24.8,121.57,14,687,26,712,6.22,27.38,4,0
1341,2911de16,Hasan Ali,male,Pakistan,65,38,377,326,59,10,28,23,2,0,13.46,115.64,64,3166,100,3084,5.84,30.84,5,4
1342,80ad39ac,Hasan Mahmud,male,Bangladesh,20,13,37,78,15,3,4,0,0,0,3.7,47.44,20,891,28,891,6.0,31.82,5,1
1343,fb0abc20,Haseeb Amjad,male,Hong Kong,2,1,21,15,21,0,1,2,0,0,21.0,140.0,2,108,5,81,4.5,16.2,3,0
1344,5691931a,Haseebullah Khan,male,Pakistan,2,2,0,14,0,0,0,0,0,0,0.0,0.0,0,0,0,0,0.0,0.0,0,0
1345,87a122f5,Hashir Dafedar,male,Oman,3,3,29,61,15,1,3,1,0,0,14.5,47.54,0,0,0,0,0.0,0.0,0,0
1346,79025aaa,Hasibul Hossain,male,Bangladesh,3,3,7,22,6,2,0,0,0,0,7.0,31.82,3,102,1,121,7.12,121.0,1,0
1347,c9040f7a,Hasnain Ul Wahab,male,Oman,1,1,29,43,29,0,3,1,0,0,29.0,67.44,0,0,0,0,0.0,0.0,0,0
1348,26a8b2fe,Hassan Nawaz,male,Pakistan,4,4,113,125,63,2,5,6,1,0,56.5,90.4,0,0,0,0,0.0,0.0,0,0
1349,7cb931fc,Hassnain Shah,male,Oman,10,7,85,69,42,2,2,8,0,0,17.0,123.19,10,392,13,385,5.89,29.62,4,0
1350,bfaf461d,Hazrat Bilal,male,United Arab Emirates,7,4,24,69,20,3,0,1,0,0,24.0,34.78,7,270,8,212,4.71,26.5,4,0
1351,5426de63,HB Shipley,male,New Zealand,8,6,18,39,7,1,0,0,0,0,3.6,46.15,8,387,15,359,5.57,23.93,5,1
1352,4ae1755b,HC Brook,male,England,39,39,1294,1231,136,4,114,56,5,3,36.97,105.12,0,0,0,0,0.0,0.0,0,0
1353,0605de92,HD Rutherford,male,New Zealand,4,4,15,56,11,0,2,0,0,0,3.75,26.79,0,0,0,0,0.0,0.0,0,0
1354,323e4c16,HDPK Dharmasena,male,Sri Lanka,8,8,129,151,40,2,8,0,0,0,21.5,85.43,8,422,4,273,3.88,68.25,1,0
1355,c5928dec,HDRL Thirimanne,male,Sri Lanka,102,102,3164,4361,139,14,245,25,21,4,35.95,72.55,4,104,3,94,5.42,31.33,2,0
1356,9948e262,HE van der Dussen,male,South Africa,63,63,2529,2907,134,11,197,47,15,6,48.63,87.0,1,6,1,3,3.0,3.0,1,0
1357,e412cb64,HF Gurney,male,England,10,6,15,33,6,4,1,0,0,0,7.5,45.45,10,455,11,432,5.7,39.27,4,0
1358,ff014c34,HG Munsey,male,Scotland,69,69,2557,2760,191,7,270,83,17,3,41.24,92.64,0,0,0,0,0.0,0.0,0,0
1359,98299b67,HGV Vare,male,Papua New Guinea,5,5,20,28,7,1,2,0,0,0,5.0,71.43,0,0,0,0,0.0,0.0,0,0
1360,98ecf62a,HH Dippenaar,male,South Africa,36,36,1283,1853,125,5,117,7,9,3,41.39,69.24,0,0,0,0,0.0,0.0,0,0
1361,e1d1b294,HH Gibbs,male,South Africa,102,102,3766,4312,175,7,414,72,20,10,39.64,87.34,0,0,0,0,0.0,0.0,0,0
1362,dbe50b21,HH Pandya,male,India,91,67,1897,1703,92,10,141,76,11,0,33.28,111.39,86,3359,87,3137,5.6,36.06,4,0
1363,37f501d7,HH Streak,male,Zimbabwe,31,27,736,1070,72,11,58,9,6,0,46.0,68.79,30,1488,41,1040,4.19,25.37,4,0
1364,e33616eb,HJC Mol,male,Netherlands,6,4,42,116,23,0,4,0,0,0,10.5,36.21,4,116,4,106,5.48,26.5,2,0
1365,70542bef,HJH Marshall,male,New Zealand,36,36,661,961,74,4,44,1,6,0,20.66,68.78,0,0,0,0,0.0,0.0,0,0
1366,a1000a26,HJW Gardiner,male,Scotland,7,7,142,213,89,0,16,0,1,0,20.29,66.67,0,0,0,0,0.0,0.0,0,0
1367,5cb078d6,HK Badani,male,India,5,5,135,173,60,2,9,1,1,0,45.0,78.03,2,63,1,52,4.95,52.0,1,0
1368,94238673,HK Bennett,male,New Zealand,18,5,10,35,4,3,0,0,0,0,5.0,28.57,18,892,33,820,5.52,24.85,4,0
1369,7f82b4fb,HK Olonga,male,Zimbabwe,2,1,3,12,3,0,0,0,0,0,3.0,25.0,2,42,1,29,4.14,29.0,1,0
1370,e798611a,HM Amla,male,South Africa,174,174,7834,8838,159,13,796,49,38,26,48.66,88.64,0,0,0,0,0.0,0.0,0,0
1371,03521fd3,HM Nicholls,male,New Zealand,90,90,2415,3055,124,16,227,19,17,1,32.64,79.05,0,0,0,0,0.0,0.0,0,0
1372,4fc516bd,HMCM Bandara,male,Sri Lanka,25,13,130,178,31,4,6,4,0,0,14.44,73.03,23,1170,28,970,4.97,34.64,4,0
1373,d2fcce2f,HMRKB Herath,male,Sri Lanka,64,29,140,217,17,14,10,2,0,0,9.33,64.52,63,3026,68,2228,4.42,32.76,4,0
1374,915264c2,HN Ya France,male,Namibia,22,17,237,279,52,8,20,8,1,0,26.33,84.95,21,709,12,542,4.59,45.17,2,0
1375,65a05fe6,HP Rinke,male,Zimbabwe,8,8,28,62,12,0,3,0,0,0,3.5,45.16,5,96,2,112,7.0,56.0,2,0
1376,00ea9791,HP Tillakaratne,male,Sri Lanka,13,13,332,543,81,2,28,0,1,0,30.18,61.14,0,0,0,0,0.0,0.0,0,0
1377,98653b57,HR Johnson,male,United States of America,2,2,9,20,9,1,0,0,0,0,9.0,45.0,2,60,1,69,6.9,69.0,1,0
1378,1ac2a995,HR Walsh,male,West Indies,22,13,172,251,46,3,18,1,0,0,17.2,68.53,22,962,24,890,5.55,37.08,5,1
1379,7839bf3a,HS Baidwan,male,Canada,16,12,117,177,33,3,10,0,0,0,13.0,66.1,16,804,23,714,5.33,31.04,3,0
1380,5abdfd23,HS Modi,male,Kenya,13,13,205,446,39,3,15,0,0,0,20.5,45.96,0,0,0,0,0.0,0.0,0,0
1381,59ea70a4,HT Tector,male,Ireland,45,44,1775,2105,140,6,143,42,14,4,46.71,84.32,8,180,2,193,6.43,96.5,1,0
1382,bb4b445b,Hussain Talat,male,Pakistan,10,10,224,277,62,2,19,2,1,0,28.0,80.87,4,60,0,77,7.7,0.0,0,0
1383,ab965cad,HWR Cartwright,male,Australia,2,2,2,23,1,0,0,0,0,0,1.0,8.7,0,0,0,0,0.0,0.0,0,0
1384,5ad8c974,I Kaia,male,Zimbabwe,19,19,387,615,110,1,32,5,1,1,21.5,62.93,2,28,0,22,4.71,0.0,0,0
1385,2d783277,I Maraj,male,Canada,6,6,98,262,53,1,12,0,1,0,19.6,37.4,1,27,0,22,4.89,0.0,0,0
1386,ed547c49,I Pandey,male,Nepal,7,7,201,277,84,1,16,3,2,0,33.5,72.56,0,0,0,0,0.0,0.0,0,0
1387,5bb1a1c4,I Sharma,male,India,77,26,72,203,13,11,6,0,0,0,4.8,35.47,77,3709,114,3536,5.72,31.02,4,0
1388,ac5ae4af,I Udana,male,Sri Lanka,20,17,227,227,78,4,18,9,1,0,17.46,100.0,20,873,17,922,6.34,54.24,3,0
1389,7429c452,I Wardlaw,male,Scotland,12,8,18,32,7,3,2,0,0,0,3.6,56.25,12,604,17,581,5.77,34.18,3,0
1390,ca92a578,IA Karim,male,Kenya,3,3,196,231,108,0,23,0,1,1,65.33,84.85,0,0,0,0,0.0,0.0,0,0
1391,c5e68250,IA Nicolson,male,Zimbabwe,1,1,0,3,0,0,0,0,0,0,0.0,0.0,1,42,1,74,10.57,74.0,1,0
1392,818e8bf2,ID Blackwell,male,England,22,18,146,206,22,2,17,1,0,0,9.12,70.87,17,840,13,545,3.89,41.92,3,0
1393,a7489342,IDR Bradshaw,male,West Indies,48,25,259,409,37,11,18,4,0,0,18.5,63.33,48,2446,61,1735,4.26,28.44,3,0
1394,78f34e15,IE O'Brien,male,New Zealand,10,2,3,11,3,2,0,0,0,0,0.0,27.27,10,453,14,488,6.46,34.86,3,0
1395,29e253dd,Iftikhar Ahmed,male,Pakistan,24,21,527,483,109,8,47,16,1,1,40.54,109.11,20,742,16,691,5.59,43.19,5,1
1396,6adf9347,Iftikhar Anjum,male,Pakistan,57,28,203,324,32,15,12,3,0,0,15.62,62.65,55,2678,67,2200,4.93,32.84,5,1
1397,b68a30f0,IG Butler,male,New Zealand,13,8,78,124,25,2,6,2,0,0,13.0,62.9,13,600,15,563,5.63,37.53,4,0
1398,4167f30b,IG Holland,male,United States of America,15,14,368,474,75,0,27,3,2,0,26.29,77.64,14,628,19,466,4.45,24.53,3,0
1399,54725e8b,IH Romaine,male,Bermuda,12,12,175,345,61,1,20,1,1,0,15.91,50.72,4,63,0,71,6.76,0.0,0,0
1400,c290033d,Ihsanullah,male,Pakistan,1,0,0,0,0,0,0,0,0,0,0.0,0.0,1,48,0,60,7.5,0.0,0,0
1401,3227beb4,IJ Harvey,male,Australia,22,17,259,281,48,3,31,2,0,0,18.5,92.17,21,913,26,687,4.51,26.42,4,0
1402,ac7fa28f,IJL Trott,male,England,65,65,2819,3651,137,10,216,3,22,4,51.25,77.21,10,183,2,166,5.44,83.0,2,0
1403,5fa06777,IK Pathan,male,India,98,71,1226,1498,83,14,117,29,3,0,21.51,81.84,98,4846,144,4301,5.33,29.87,5,2
1404,9cb8d7a6,Imad Wasim,male,Pakistan,53,39,937,832,63,16,87,19,5,0,40.74,112.62,52,2343,42,1909,4.89,45.45,5,1
1405,40c041ea,Imam-ul-Haq,male,Pakistan,68,68,2854,3438,151,7,236,29,17,9,46.79,83.01,0,0,0,0,0.0,0.0,0,0
1406,480ed517,Imran Farhat,male,Pakistan,44,44,1232,1822,93,2,140,9,10,0,29.33,67.62,3,51,2,43,5.06,21.5,1,0
1407,0226b73a,Imran Haider,male,United Arab Emirates,17,12,54,123,18,6,2,0,0,0,9.0,43.9,17,805,28,714,5.32,25.5,4,0
1408,3eb7c45d,Imran Nazir,male,Pakistan,21,21,531,578,160,0,70,12,1,1,25.29,91.87,0,0,0,0,0.0,0.0,0,0
1409,acee4cc4,Imran Tahir,male,South Africa,103,32,157,224,29,12,21,1,0,0,7.85,70.09,103,5499,169,4268,4.66,25.25,7,3
1410,5fbe14fc,Imrul Kayes,male,Bangladesh,72,72,2242,3150,144,1,219,36,14,4,31.58,71.17,0,0,0,0,0.0,0.0,0,0
1411,b9a3d8c6,Inzamam-ul-Haq,male,Pakistan,62,62,1916,2409,123,10,167,24,12,1,36.85,79.54,0,0,0,0,0.0,0.0,0,0
1412,7a624752,IPP Batuwitarachchi,male,United Arab Emirates,2,2,14,48,14,0,0,0,0,0,7.0,29.17,0,0,0,0,0.0,0.0,0,0
1413,33155d1b,IR Bell,male,England,152,152,5289,6812,141,11,509,31,33,4,37.51,77.64,6,88,6,88,6.0,14.67,3,0
1414,5c124657,Irfan Ahmed,male,Hong Kong,3,3,55,79,30,0,9,1,0,0,18.33,69.62,3,150,4,140,5.6,35.0,2,0
1415,ee95065d,Irfan Khan,male,Pakistan,6,6,48,73,22,0,3,1,0,0,8.0,65.75,1,30,3,51,10.2,17.0,3,0
1416,1fb2f362,IS Billcliff,male,Canada,10,10,223,383,71,0,22,3,2,0,22.3,58.22,0,0,0,0,0.0,0.0,0,0
1417,641ac5ff,IS Sodhi,male,New Zealand,51,24,210,288,35,3,8,10,0,0,10.0,72.92,50,2557,64,2350,5.51,36.72,6,1
1418,daf88af6,IS Sohi,male,Canada,2,1,0,2,0,0,0,0,0,0,0.0,0.0,2,90,4,78,5.2,19.5,2,0
1419,752f7486,Ishan Kishan,male,India,25,25,901,884,210,2,91,31,7,1,39.17,101.92,0,0,0,0,0.0,0.0,0,0
1420,d5bbb6a2,J Anderson,male,Ireland,6,6,118,197,39,0,17,0,0,0,19.67,59.9,2,30,0,20,4.0,0.0,0,0
1421,6b0db726,J Andrew,male,West Indies,2,2,8,12,8,0,0,1,0,0,4.0,66.67,0,0,0,0,0.0,0.0,0,0
1422,c3b93a03,J Blackwood,male,West Indies,3,3,23,41,12,1,2,0,0,0,11.5,56.1,1,18,0,16,5.33,0.0,0,0
1423,af4a9a0a,J Blades,male,West Indies,3,1,0,1,0,0,0,0,0,0,0.0,0.0,3,120,1,172,8.6,172.0,1,0
1424,7c503806,J Botha,male,South Africa,72,49,594,697,46,17,53,3,0,0,18.56,85.22,71,3625,68,2781,4.6,40.9,4,0
1425,0e63259d,J Campbell,male,Zimbabwe,2,2,8,14,6,1,0,0,0,0,8.0,57.14,1,12,0,13,6.5,0.0,0,0
1426,09a9d073,J Charles,male,West Indies,58,58,1537,1799,130,0,173,44,7,2,26.5,85.44,1,5,0,12,14.4,0.0,0,0
1427,bab78fa2,J Da Silva,male,West Indies,2,2,14,35,9,0,1,0,0,0,7.0,40.0,0,0,0,0,0.0,0.0,0,0
1428,23f94c02,J Drysdale,male,United States of America,4,1,2,6,2,1,0,0,0,0,0.0,33.33,4,132,4,101,4.59,25.25,2,0
1429,74487d79,J Edness,male,Bermuda,4,4,119,208,72,0,13,0,1,0,29.75,57.21,0,0,0,0,0.0,0.0,0,0
1430,9f038761,J Figy John,male,United Arab Emirates,2,2,55,73,32,1,4,0,0,0,55.0,75.34,0,0,0,0,0.0,0.0,0,0
1431,9b6e1b3f,J Fraser-McGurk,male,Australia,7,7,98,73,41,0,13,4,0,0,14.0,134.25,0,0,0,0,0.0,0.0,0,0
1432,2bf69ff5,J Giyanani,male,United Arab Emirates,1,1,4,5,4,0,0,0,0,0,4.0,80.0,1,18,0,31,10.33,0.0,0,0
1433,c8d74c21,J Gumbie,male,Zimbabwe,15,15,379,566,78,0,42,1,2,0,25.27,66.96,0,0,0,0,0.0,0.0,0,0
1434,ab54f9e7,J Jarvis,male,Scotland,21,16,135,153,30,3,10,5,0,0,10.38,88.24,21,755,27,697,5.54,25.81,4,0
1435,cde067e1,J Kariko,male,Papua New Guinea,3,2,8,12,8,0,2,0,0,0,4.0,66.67,3,126,5,114,5.43,22.8,4,0
1436,d996ba33,J Kila,male,Papua New Guinea,13,12,159,244,36,2,14,2,0,0,15.9,65.16,8,229,6,200,5.24,33.33,3,0
1437,6c75310b,J Lewis,male,England,11,7,43,47,17,1,4,0,0,0,7.17,91.49,11,626,17,408,3.91,24.0,4,0
1438,9061a703,J Little,male,Ireland,39,14,81,87,29,4,11,2,0,0,8.1,93.1,39,1979,60,2068,6.27,34.47,6,1
1439,84212ffb,J Liyanage,male,Sri Lanka,31,29,984,1138,101,7,76,26,6,1,44.73,86.47,16,350,3,302,5.18,100.67,1,0
1440,9c1ccdea,J Louw,male,South Africa,1,1,23,7,23,0,1,3,0,0,23.0,328.57,1,42,0,50,7.14,0.0,0,0
1441,f0398c2f,J Matharu,male,Canada,2,2,7,10,7,2,1,0,0,0,0.0,70.0,2,78,0,71,5.46,0.0,0,0
1442,a9520ac2,J Mubarak,male,Sri Lanka,28,27,531,803,72,5,43,3,3,0,24.14,66.13,5,51,0,44,5.18,0.0,0,0
1443,6b64e7a3,J Mulder,male,Ireland,1,0,0,0,0,0,0,0,0,0,0.0,0.0,1,60,2,28,2.8,14.0,2,0
1444,8bb34d86,J Neill,male,Ireland,1,0,0,0,0,0,0,0,0,0,0.0,0.0,1,30,0,33,6.6,0.0,0,0
1445,024a173d,J Nyumbu,male,Zimbabwe,17,13,45,87,18,4,1,1,0,0,5.0,51.72,16,796,17,687,5.18,40.41,3,0
1446,59559bc2,J Overton,male,England,12,9,240,216,68,0,29,8,1,0,26.67,111.11,11,362,13,341,5.65,26.23,3,0
1447,a549066c,J Patraj,male,Canada,2,2,21,48,20,0,1,0,0,0,10.5,43.75,2,90,2,76,5.07,38.0,1,0
1448,f7ce2ff9,J Ramanandi,male,Oman,8,8,182,182,91,1,13,7,1,0,26.0,100.0,6,270,2,209,4.64,104.5,1,0
1449,7c681ee9,J Smits,male,Netherlands,8,8,72,194,26,3,4,0,0,0,14.4,37.11,0,0,0,0,0.0,0.0,0,0
1450,bad31fac,J Srinath,male,India,16,8,31,81,15,2,4,0,0,0,5.17,38.27,16,825,27,534,3.88,19.78,4,0
1451,0b581ed6,J Sumerauer,male,Jersey,4,3,84,73,35,0,8,2,0,0,28.0,115.07,4,234,9,203,5.21,22.56,4,0
1452,dec8e038,J Theron,male,United States of America,18,12,50,102,12,2,5,0,0,0,5.0,49.02,17,780,31,667,5.13,21.52,5,1
1453,81049310,J Yadav,male,India,2,2,3,7,2,1,0,0,0,0,3.0,42.86,2,84,1,61,4.36,61.0,1,0
1454,7a5f232a,JA Burns,male,Australia,6,6,146,183,69,0,16,1,1,0,24.33,79.78,0,0,0,0,0.0,0.0,0,0
1455,bed90114,JA Clarkson,male,New Zealand,6,5,37,55,16,0,3,0,0,0,7.4,67.27,6,126,3,130,6.19,43.33,2,0
1456,dadbdb68,JA Duffy,male,New Zealand,24,8,18,37,5,5,2,0,0,0,6.0,48.65,24,1036,40,1012,5.86,25.3,3,0
1457,c7105dab,JA McCollum,male,Ireland,6,6,178,242,73,0,26,1,2,0,29.67,73.55,0,0,0,0,0.0,0.0,0,0
1458,c3d35165,JA Morkel,male,South Africa,51,39,705,705,97,8,64,22,2,0,22.74,100.0,46,1831,44,1707,5.59,38.8,4,0
1459,1ee08e9a,JA Richardson,male,Australia,15,8,93,107,29,3,8,0,0,0,18.6,86.92,15,810,27,793,5.87,29.37,4,0
1460,42537f07,JA Rudolph,male,South Africa,25,25,820,1193,71,6,81,1,6,0,43.16,68.73,0,0,0,0,0.0,0.0,0,0
1461,f05fe9b1,JA Simpson,male,England,2,2,20,31,17,0,2,0,0,0,10.0,64.52,0,0,0,0,0.0,0.0,0,0
1462,cdd875d9,JA Turner,male,England,2,1,2,5,2,1,0,0,0,0,0.0,40.0,2,66,2,68,6.18,34.0,2,0
1463,c810b349,JAD Lawrenson,male,Jersey,4,4,177,210,114,0,14,2,0,1,44.25,84.29,0,0,0,0,0.0,0.0,0,0
1464,fdac5295,JAH Marshall,male,New Zealand,6,6,33,84,14,0,2,0,0,0,5.5,39.29,0,0,0,0,0.0,0.0,0,0
1465,6752c57b,Jahurul Islam,male,Bangladesh,11,11,226,316,53,1,22,2,1,0,22.6,71.52,0,0,0,0,0.0,0.0,0,0
1466,7ba54dc9,Jai Prakash Yadav,male,India,6,4,12,26,9,2,0,0,0,0,6.0,46.15,5,186,3,157,5.06,52.33,2,0
1467,cd56a813,Jaker Ali,male,Bangladesh,8,8,328,414,68,1,23,11,3,0,46.86,79.23,0,0,0,0,0.0,0.0,0,0
1468,4dcd505e,Jamaluddin Ahmed,male,Bangladesh,1,1,18,28,18,1,2,0,0,0,0.0,64.29,1,24,0,28,7.0,0.0,0,0
1469,e662b18f,JAR Blain,male,Scotland,9,6,67,128,23,1,2,2,0,0,13.4,52.34,9,370,14,285,4.62,20.36,5,1
1470,5ec41cd7,Jasdeep Singh,male,United States of America,44,27,297,420,38,3,20,9,0,0,12.38,70.71,43,1954,51,1821,5.59,35.71,4,0
1471,d7b3a420,Jaskaran Singh,male,Canada,3,3,38,63,32,0,3,1,0,0,12.67,60.32,3,150,4,135,5.4,33.75,3,0
1472,b80dd12c,Jatinder Singh,male,Oman,65,65,1944,2516,130,2,208,33,10,5,30.86,77.27,4,48,1,41,5.12,41.0,1,0
1473,e15faa51,Javed Omar,male,Bangladesh,20,20,468,925,81,0,54,2,3,0,23.4,50.59,0,0,0,0,0.0,0.0,0,0
1474,526e006d,Jay Odedra,male,Oman,22,8,31,58,20,2,0,3,0,0,5.17,53.45,22,852,22,568,4.0,25.82,4,0
1475,6a685375,JB Reva,male,Papua New Guinea,5,4,15,26,11,1,1,0,0,0,5.0,57.69,5,191,5,165,5.18,33.0,2,0
1476,5574750c,JC Archer,male,England,37,21,205,184,38,10,21,8,0,0,18.64,111.41,37,1955,64,1639,5.03,25.61,6,1
1477,75be3b2a,JC Balt,male,Namibia,3,3,35,60,35,1,4,0,0,0,17.5,58.33,2,24,0,23,5.75,0.0,0,0
1478,99b75528,JC Buttler,male,England,171,171,5529,4751,162,31,449,186,29,11,39.49,116.38,0,0,0,0,0.0,0.0,0,0
1479,1f1b4c89,JC Tongue,male,England,2,1,0,2,0,0,0,0,0,0,0.0,0.0,2,90,1,93,6.2,93.0,1,0
1480,49b6c09f,JC Tredwell,male,England,43,25,163,241,30,11,9,4,0,0,11.64,67.63,43,2062,59,1641,4.77,27.81,4,0
1481,6fd0c8e1,JD Campbell,male,West Indies,12,12,359,349,179,1,37,11,0,1,32.64,102.87,1,6,0,13,13.0,0.0,0,0
1482,7c7303eb,JD Nel,male,Scotland,7,2,6,12,5,2,1,0,0,0,0.0,50.0,7,270,3,239,5.31,79.67,2,0
1483,91ffa6c6,JD Ryder,male,New Zealand,38,36,1242,1266,107,1,141,33,6,3,35.49,98.1,16,347,10,352,6.09,35.2,3,0
1484,1e66c162,JD Unadkat,male,India,8,0,0,0,0,0,0,0,0,0,0.0,0.0,8,342,9,225,3.95,25.0,4,0
1485,aceb7654,JDF Vandersay,male,Sri Lanka,31,18,132,264,25,6,6,0,0,0,11.0,50.0,30,1425,48,1267,5.33,26.4,6,1
1486,3eac9d95,JDP Oram,male,New Zealand,104,70,1546,1702,101,9,115,51,9,1,25.34,90.83,103,4760,120,3478,4.38,28.98,5,1
1487,9219eff0,JDS Neesham,male,New Zealand,75,65,1495,1490,97,12,128,38,7,0,28.21,100.34,71,2388,66,2525,6.34,38.26,5,1
1488,89a7dd4a,JE Dunford,male,Jersey,3,3,6,17,4,0,0,0,0,0,2.0,35.29,0,0,0,0,0.0,0.0,0,0
1489,a343262c,JE Root,male,England,181,177,7578,8654,166,28,617,52,47,19,50.86,87.57,76,1704,29,1678,5.91,57.86,3,0
1490,4180d897,JE Taylor,male,West Indies,78,38,258,294,43,7,29,5,0,0,8.32,87.76,78,3803,113,3351,5.29,29.65,5,1
1491,cf73ad76,JEC Franklin,male,New Zealand,73,61,1107,1382,98,22,84,17,4,0,28.38,80.1,65,2461,56,2131,5.2,38.05,5,1
1492,51080a1f,JF Kloppenburg,male,Netherlands,4,4,149,229,121,0,9,4,0,1,37.25,65.07,4,188,7,136,4.34,19.43,4,0
1493,aae9ce90,JF Mooney,male,Ireland,35,32,610,724,96,8,62,7,1,0,25.42,84.25,31,1200,34,1098,5.49,32.29,4,0
1494,91cd48e0,JF Smith,male,South Africa,2,2,132,144,91,0,10,6,1,0,66.0,91.67,1,30,0,29,5.8,0.0,0,0
1495,3c55c703,JG Bethell,male,England,24,22,712,784,110,1,69,18,6,1,33.9,90.82,16,346,9,430,7.46,47.78,2,0
1496,d3868bd0,JH Davey,male,Scotland,19,16,194,309,40,3,18,1,0,0,14.92,62.78,18,794,27,639,4.83,23.67,4,0
1497,1af1bc4b,JH Desai,male,United States of America,1,1,16,38,16,0,1,0,0,0,16.0,42.11,0,0,0,0,0.0,0.0,0,0
1498,86dc8f2e,JH Kallis,male,South Africa,138,132,4929,6409,128,21,417,53,38,8,44.41,76.91,116,3871,92,3305,5.12,35.92,3,0
1499,4373c57e,JH Stander,male,Scotland,2,2,34,42,22,1,0,3,0,0,34.0,80.95,2,72,2,79,6.58,39.5,2,0
1500,3847ec84,JI de Villiers,male,Namibia,8,7,28,64,14,1,1,1,0,0,4.67,43.75,5,138,2,154,6.7,77.0,2,0
1501,bf2d865c,JJ Atkinson,male,Hong Kong,4,4,84,146,23,0,8,2,0,0,21.0,57.53,0,0,0,0,0.0,0.0,0,0
1502,462411b3,JJ Bumrah,male,India,89,22,110,170,20,10,13,2,0,0,9.17,64.71,88,4574,145,3507,4.6,24.19,6,2
1503,6ae9c751,JJ Celestine,male,Bermuda,3,3,28,60,15,0,5,0,0,0,9.33,46.67,0,0,0,0,0.0,0.0,0,0
1504,068c47d2,JJ Davidson,male,Scotland,10,5,47,39,24,5,4,0,0,0,0.0,120.51,10,474,14,480,6.08,34.29,4,0
1505,21231130,JJ Esmeijer,male,Netherlands,3,2,3,15,3,1,0,0,0,0,3.0,20.0,3,156,0,138,5.31,0.0,0,0
1506,047d9032,JJ Krejza,male,Australia,8,2,13,23,7,1,0,0,0,0,13.0,56.52,8,425,7,331,4.67,47.29,2,0
1507,d1c36f5c,JJ Roy,male,England,109,109,4237,4010,180,3,509,81,21,12,39.97,105.66,0,0,0,0,0.0,0.0,0,0
1508,bb134e5c,JJ Smit,male,Namibia,57,51,1022,1364,60,7,52,51,2,0,23.23,74.93,43,1962,61,1378,4.21,22.59,6,3
1509,bceb1b07,JJ Tucker,male,Bermuda,11,11,203,314,49,1,26,2,0,0,20.3,64.65,9,306,3,256,5.02,85.33,2,0
1510,6821ac10,JJ van der Wath,male,South Africa,10,8,89,70,37,2,3,8,0,0,14.83,127.14,10,527,13,551,6.27,42.38,2,0
1511,1417ba2f,JJC Lawson,male,West Indies,4,3,11,11,8,2,1,0,0,0,11.0,100.0,4,210,4,207,5.91,51.75,2,0
1512,270b3f8e,JK Kamande,male,Kenya,21,19,171,357,37,1,13,1,0,0,9.5,47.9,17,657,10,576,5.26,57.6,2,0
1513,0a9d8b61,JL Carter,male,West Indies,27,26,560,758,54,3,48,10,3,0,24.35,73.88,12,136,4,160,7.06,40.0,2,0
1514,bdadf7da,JL Denly,male,England,14,13,446,622,87,0,44,6,4,0,34.31,71.7,4,102,1,101,5.94,101.0,1,0
1515,7e758bb2,JL Louw,male,Namibia,1,0,0,0,0,0,0,0,0,0,0.0,0.0,1,60,1,60,6.0,60.0,1,0
1516,55f33b32,JL Ontong,male,South Africa,7,6,97,131,27,1,12,0,0,0,19.4,74.05,1,18,1,23,7.67,23.0,1,0
1517,f752db61,JL Pattinson,male,Australia,14,7,41,78,13,4,2,0,0,0,13.67,52.56,14,673,13,635,5.66,48.85,4,0
1518,c834c290,JL Smith,male,England,17,17,383,333,64,0,50,10,3,0,22.53,115.02,0,0,0,0,0.0,0.0,0,0
1519,d12143bf,JM Anderson,male,England,177,64,254,496,28,31,22,0,0,0,7.7,51.21,177,8843,250,7321,4.97,29.28,5,2
1520,abb83e27,JM Bairstow,male,England,95,95,3671,3588,141,8,418,83,16,10,42.2,102.31,0,0,0,0,0.0,0.0,0,0
1521,ff154ecd,JM Cox,male,England,3,3,22,56,17,0,2,0,0,0,7.33,39.29,0,0,0,0,0.0,0.0,0,0
1522,5471024e,JM Davison,male,Canada,16,16,443,375,111,2,50,15,3,1,31.64,118.13,15,618,18,511,4.96,28.39,3,0
1523,fd8f11e9,JM How,male,New Zealand,33,33,939,1414,139,1,105,7,6,1,29.34,66.41,0,0,0,0,0.0,0.0,0,0
1524,6581d753,JM Kemp,male,South Africa,63,55,1226,1427,100,16,77,53,8,1,31.44,85.91,31,656,14,514,4.7,36.71,3,0
1525,f048bb41,JM Mennie,male,Australia,2,2,1,4,1,0,0,0,0,0,0.5,25.0,2,120,3,131,6.55,43.67,3,0
1526,a15618fe,JM Vince,male,England,21,21,590,672,102,0,73,3,3,1,28.1,87.8,2,42,1,38,5.43,38.0,1,0
1527,3c87f0c3,JN Frylinck,male,Namibia,53,49,1224,1658,114,7,93,17,8,2,29.14,73.82,31,1256,35,922,4.4,26.34,5,1
1528,74234d66,JN Gillespie,male,Australia,38,13,115,108,44,8,5,4,0,0,23.0,106.48,37,1951,56,1285,3.95,22.95,5,1
1529,78feb458,JN Hamilton,male,West Indies,1,1,5,16,5,0,0,0,0,0,5.0,31.25,0,0,0,0,0.0,0.0,0,0
1530,f468293b,JN Loftie-Eaton,male,Namibia,50,48,1034,1390,73,10,79,20,5,0,27.21,74.39,35,933,31,821,5.28,26.48,4,0
1531,f76d7466,JN Malan,male,South Africa,22,22,958,1149,177,2,97,16,4,3,47.9,83.38,0,0,0,0,0.0,0.0,0,0
1532,773cec26,JN Mohammed,male,West Indies,31,29,621,908,91,2,51,10,4,0,23.0,68.39,16,440,8,340,4.64,42.5,3,0
1533,97edbfb1,JN Rhodes,male,South Africa,1,1,2,6,2,0,0,0,0,0,2.0,33.33,0,0,0,0,0.0,0.0,0,0
1534,6e161a33,JNK Shannon,male,Ireland,1,1,2,8,2,0,0,0,0,0,2.0,25.0,0,0,0,0,0.0,0.0,0,0
1535,ded9ff1e,JNT Seales,male,West Indies,31,14,70,112,29,6,5,3,0,0,8.75,62.5,31,1406,44,1369,5.84,31.11,6,1
1536,3e326efc,JNT Vare,male,Papua New Guinea,5,5,35,69,16,0,1,0,0,0,7.0,50.72,0,0,0,0,0.0,0.0,0,0
1537,0f721006,JO Holder,male,West Indies,127,107,2144,2392,99,22,156,64,12,0,25.22,89.63,127,6024,151,5572,5.55,36.9,5,2
1538,a9a4df9f,JO Ngoche,male,Kenya,6,3,11,27,9,2,0,1,0,0,11.0,40.74,6,303,5,220,4.36,44.0,2,0
1539,af2cc80a,JO Troughton,male,England,5,5,36,75,20,1,5,0,0,0,9.0,48.0,0,0,0,0,0.0,0.0,0,0
1540,bb9b51f4,JOA Gordon,male,Canada,10,8,22,47,7,4,1,1,0,0,5.5,46.81,10,435,15,419,5.78,27.93,6,1
1541,9f961c14,Joginder Sharma,male,India,2,1,5,2,5,1,1,0,0,0,0.0,250.0,2,66,1,48,4.36,48.0,1,0
1542,744b6ab0,Joseph Angara,male,Kenya,1,1,0,3,0,0,0,0,0,0,0.0,0.0,1,48,1,52,6.5,52.0,1,0
1543,4933f499,JP Behrendorff,male,Australia,12,6,21,23,11,3,0,0,0,0,7.0,91.3,12,645,16,568,5.28,35.5,5,1
1544,7c63baa7,JP Bray,male,Ireland,10,10,234,363,115,1,25,2,0,1,26.0,64.46,0,0,0,0,0.0,0.0,0,0
1545,2e8994e7,JP Duminy,male,South Africa,186,173,4928,5849,129,37,342,67,27,3,36.24,84.25,131,3387,67,3063,5.43,45.72,4,0
1546,808f425a,JP Faulkner,male,Australia,66,51,1025,980,116,22,82,29,4,1,35.34,104.59,65,3151,94,2922,5.56,31.09,4,0
1547,74d12124,JP Greaves,male,West Indies,24,23,506,520,50,5,47,11,1,0,28.11,97.31,12,456,8,509,6.7,63.62,2,0
1548,989889ff,JP Inglis,male,Australia,34,34,969,958,120,3,102,24,6,1,31.26,101.15,0,0,0,0,0.0,0.0,0,0
1549,9f308dfc,JP Kotze,male,Namibia,25,25,448,670,64,1,43,7,1,0,18.67,66.87,0,0,0,0,0.0,0.0,0,0
1550,ec526fca,JP Maher,male,Australia,6,6,122,185,49,1,9,3,0,0,24.4,65.95,0,0,0,0,0.0,0.0,0,0
1551,cb5211dc,JPR Lamsam,male,Hong Kong,1,1,16,30,16,0,3,0,0,0,16.0,53.33,1,12,0,27,13.5,0.0,0,0
1552,03806cf8,JR Hazlewood,male,Australia,93,33,135,166,23,25,14,3,0,0,16.88,81.33,93,4876,138,3864,4.75,28.0,6,3
1553,2498e163,JR Hopes,male,Australia,81,61,1326,1411,63,8,123,6,3,0,25.02,93.98,74,3103,66,2349,4.54,35.59,5,1
1554,07793daf,JR Lennox,male,New Zealand,10,5,3,23,2,3,0,0,0,0,1.5,13.04,10,558,22,393,4.23,17.86,5,1
1555,39086549,JR Philippe,male,Australia,4,4,102,118,39,0,11,4,0,0,25.5,86.44,0,0,0,0,0.0,0.0,0,0
1556,2b944fb7,JS Ababu,male,Kenya,2,2,0,9,0,2,0,0,0,0,0.0,0.0,2,78,1,75,5.77,75.0,1,0
1557,9633359f,JS Malhotra,male,United States of America,15,15,358,371,173,3,23,20,1,1,29.83,96.5,4,102,2,67,3.94,33.5,1,0
1558,7c8f533d,JS Paris,male,Australia,2,0,0,0,0,0,0,0,0,0,0.0,0.0,2,96,1,93,5.81,93.0,1,0
1559,f5821615,JS Patel,male,New Zealand,36,12,91,148,34,5,5,2,0,0,13.0,61.49,36,1764,42,1476,5.02,35.14,3,0
1560,3d0ed2f9,JT Ball,male,England,18,6,38,49,28,2,6,0,0,0,9.5,77.55,18,947,21,980,6.21,46.67,5,1
1561,537021f5,JT Brassell,male,Namibia,16,9,9,32,3,3,0,0,0,0,1.5,28.12,16,750,23,625,5.0,27.17,4,0
1562,42172c3c,JT Smuts,male,South Africa,5,5,180,228,84,1,20,1,1,0,45.0,78.95,4,180,4,164,5.47,41.0,2,0
1563,902d916b,Jubair Hossain,male,Bangladesh,3,1,5,9,5,0,1,0,0,0,5.0,55.56,3,114,4,114,6.0,28.5,2,0
1564,086f5984,Junaid Khan,male,Pakistan,73,23,68,127,25,10,4,1,0,0,5.23,53.54,73,3475,104,3135,5.41,30.14,4,0
1565,84dc72db,Junaid Siddique,male,United Arab Emirates,69,49,152,250,16,21,5,11,0,0,5.43,60.8,68,3226,100,2731,5.08,27.31,6,1
1566,62e203d4,Junaid Siddique,male,Bangladesh,44,44,896,1283,97,1,90,7,5,0,20.84,69.84,2,12,0,13,6.5,0.0,0,0
1567,9025e58f,Junaid Siddiqui,male,Canada,8,6,59,138,25,0,1,1,0,0,9.83,42.75,8,352,5,270,4.6,54.0,1,0
1568,c78f1ff5,Junaid Zia,male,Pakistan,2,0,0,0,0,0,0,0,0,0,0.0,0.0,2,78,0,81,6.23,0.0,0,0
1569,d1ac815a,JV Harris,male,Canada,6,6,91,204,31,0,9,1,0,0,15.17,44.61,0,0,0,0,0.0,0.0,0,0
1570,7be8a0ed,JW Dernbach,male,England,24,8,19,39,5,1,1,0,0,0,2.71,48.72,24,1234,31,1308,6.36,42.19,4,0
1571,012829ff,JW Hastings,male,Australia,29,18,271,273,51,8,29,8,1,0,27.1,99.27,29,1486,42,1256,5.07,29.9,6,1
1572,32a8161e,JW Jenner,male,Jersey,4,4,119,170,76,0,6,3,1,0,29.75,70.0,0,0,0,0,0.0,0.0,0,0
1573,91c984a1,JW Wilson,male,New Zealand,1,1,1,2,1,0,0,0,0,0,1.0,50.0,1,54,1,68,7.56,68.0,1,0
1574,c374f37f,JWA Taylor,male,England,25,25,879,1086,101,4,69,12,7,1,41.86,80.94,0,0,0,0,0.0,0.0,0,0
1575,1afdbdbf,JWM Dalrymple,male,England,27,26,487,670,67,1,32,3,2,0,19.48,72.69,23,840,14,666,4.76,47.57,2,0
1576,e3386c8a,K Bhurtel,male,Nepal,71,70,1598,1939,120,2,178,34,8,2,23.5,82.41,24,570,13,492,5.18,37.85,4,0
1577,27b8d7b6,K Birkenstock,male,Namibia,17,15,233,426,61,0,25,0,1,0,15.53,54.69,10,227,5,226,5.97,45.2,2,0
1578,65122d56,K Christie,male,Hong Kong,1,1,0,3,0,0,0,0,0,0,0.0,0.0,1,6,0,18,18.0,0.0,0,0
1579,365229a8,K Doriga,male,Papua New Guinea,33,33,520,910,73,1,46,11,3,0,16.25,57.14,0,0,0,0,0.0,0.0,0,0
1580,a6bab2a9,K Gore,male,United States of America,13,12,171,249,44,2,13,2,0,0,17.1,68.67,13,426,11,287,4.04,26.09,4,0
1581,90de905a,K Gowtham,male,India,1,1,2,3,2,0,0,0,0,0,2.0,66.67,1,48,1,49,6.12,49.0,1,0
1582,719a2bb5,K Kamyuka,male,Canada,2,1,2,2,2,0,0,0,0,0,2.0,100.0,2,47,4,47,6.0,11.75,4,0
1583,374bb5e7,K Klein,male,Netherlands,23,15,160,238,25,4,9,2,0,0,14.55,67.23,23,1132,45,916,4.86,20.36,4,0
1584,d913103d,K Mahato,male,Nepal,2,2,1,10,1,2,0,0,0,0,0.0,10.0,2,78,2,76,5.85,38.0,2,0
1585,65cebd5d,K Mishara,male,Sri Lanka,6,6,148,171,38,0,20,2,0,0,24.67,86.55,1,6,0,9,9.0,0.0,0,0
1586,3674b3c1,K Phillip,male,United States of America,3,1,0,2,0,0,0,0,0,0,0.0,0.0,3,153,3,159,6.24,53.0,3,0
1587,a61bcb94,K Pierre,male,West Indies,10,8,81,130,22,5,5,3,0,0,27.0,62.31,9,510,6,364,4.28,60.67,2,0
1588,e62dd25d,K Rabada,male,South Africa,101,44,401,507,31,17,30,12,0,0,14.85,79.09,101,5285,164,4501,5.11,27.45,6,2
1589,314642ed,K Sinclair,male,West Indies,7,3,38,63,25,1,2,0,0,0,19.0,60.32,7,381,11,282,4.44,25.64,4,0
1590,10c158cc,K Sonavale,male,Oman,3,3,5,29,3,0,0,0,0,0,1.67,17.24,2,15,2,3,1.2,1.5,1,0
1591,bf814547,K Verreynne,male,South Africa,14,14,521,573,95,2,39,11,5,0,43.42,90.92,0,0,0,0,0.0,0.0,0,0
1592,7e38d2de,K Weeraratne,male,Sri Lanka,5,5,120,137,41,0,6,2,0,0,24.0,87.59,4,96,0,97,6.06,0.0,0,0
1593,08323d6b,K Whatham,male,Canada,1,1,18,41,18,0,2,0,0,0,18.0,43.9,0,0,0,0,0.0,0.0,0,0
1594,4aad78d3,K Zondo,male,South Africa,6,6,146,231,54,1,8,3,1,0,29.2,63.2,0,0,0,0,0.0,0.0,0,0
1595,d06335fd,KA Edwards,male,West Indies,16,16,331,494,123,2,23,7,0,1,23.64,67.0,0,0,0,0,0.0,0.0,0,0
1596,c59d8f8a,KA Hope,male,West Indies,6,6,138,192,46,0,20,0,0,0,23.0,71.88,0,0,0,0,0.0,0.0,0,0
1597,68c56d09,KA Jamieson,male,New Zealand,22,9,101,115,25,5,7,3,0,0,25.25,87.83,22,1108,30,980,5.31,32.67,4,0
1598,0b60eb09,KA Maharaj,male,South Africa,53,31,324,399,40,8,37,4,0,0,14.09,81.2,53,2765,70,2201,4.78,31.44,5,1
1599,a757b0d8,KA Pollard,male,West Indies,112,107,2608,2796,119,8,165,129,13,3,26.34,93.28,77,2155,54,2059,5.73,38.13,3,0
1600,60dd8960,Kabir Ali,male,England,12,8,54,56,25,2,3,1,0,0,9.0,96.43,12,613,18,631,6.18,35.06,4,0
1601,543d3e69,KAD Hurdle,male,Bermuda,9,8,25,47,12,3,2,1,0,0,5.0,53.19,9,438,15,391,5.36,26.07,3,0
1602,4cd3960e,KADM Fernando,male,Sri Lanka,1,0,0,0,0,0,0,0,0,0,0.0,0.0,1,42,2,13,1.86,6.5,2,0
1603,78eb4223,KAJ Roach,male,West Indies,88,52,308,591,34,29,24,6,0,0,13.39,52.12,88,4321,118,3683,5.11,31.21,6,3
1604,14810ee7,Kaleem Sana,male,Canada,31,23,135,154,16,9,7,9,0,0,9.64,87.66,31,1572,50,1177,4.49,23.54,4,0
1605,72253b87,Kaleemullah,male,Oman,45,27,125,135,20,10,8,7,0,0,7.35,92.59,45,2010,41,1445,4.31,35.24,3,0
1606,ff077124,Kamran Akmal,male,Pakistan,118,118,2746,3291,124,9,316,32,9,4,25.19,83.44,0,0,0,0,0.0,0.0,0,0
1607,35f4cf7e,Kamran Ghulam,male,Pakistan,7,7,210,212,103,0,19,9,1,1,30.0,99.06,2,24,1,16,4.0,16.0,1,0
1608,4e1b02fb,Kamran Hussain,male,Pakistan,2,1,28,21,28,1,2,0,0,0,0.0,133.33,2,102,3,67,3.94,22.33,2,0
1609,75186c24,Kamran Shazad,male,United Arab Emirates,2,1,0,3,0,0,0,0,0,0,0.0,0.0,2,102,4,100,5.88,25.0,3,0
1610,49dc9cb4,KAR Hodge,male,West Indies,4,3,37,47,26,0,5,0,0,0,12.33,78.72,4,108,2,113,6.28,56.5,2,0
1611,f53b3e1d,Karan KC,male,Nepal,69,51,708,780,65,11,48,37,1,0,17.7,90.77,69,3064,103,2594,5.08,25.18,5,4
1612,24fcd95d,Kashif Daud,male,United Arab Emirates,19,16,282,310,76,6,19,13,2,0,28.2,90.97,19,663,16,481,4.35,30.06,3,0
1613,7d5af2ea,KC Brathwaite,male,West Indies,10,10,278,482,78,0,15,0,1,0,27.8,57.68,5,152,1,140,5.53,140.0,1,0
1614,056f58dd,KC Hodsoll,male,Bermuda,1,1,2,5,2,1,0,0,0,0,0.0,40.0,1,30,1,28,5.6,28.0,1,0
1615,6b71e6cf,KC Sangakkara,male,Sri Lanka,284,284,11640,14233,169,32,1122,77,76,24,46.19,81.78,0,0,0,0,0.0,0.0,0,0
1616,c03f1114,KD Karthik,male,India,76,76,1624,2200,79,20,162,15,8,0,29.0,73.82,0,0,0,0,0.0,0.0,0,0
1617,7fb32e5b,KD Mills,male,New Zealand,130,72,871,959,54,22,65,35,2,0,17.42,90.82,130,6397,191,5027,4.72,26.32,5,1
1618,d5ae21a2,KD Shah,male,Hong Kong,7,7,112,187,34,1,9,2,0,0,18.67,59.89,3,110,7,79,4.31,11.29,4,0
1619,1e1a8922,KDC Clarke,male,New Zealand,4,3,39,28,24,1,4,1,0,0,19.5,139.29,4,180,7,196,6.53,28.0,3,0
1620,f3bde2b3,KDK Vithanage,male,Sri Lanka,6,6,75,90,27,1,11,0,0,0,15.0,83.33,2,12,0,17,8.5,0.0,0,0
1621,b3e9b7fa,KED Carroll,male,Ireland,3,3,28,40,21,0,1,0,0,0,9.33,70.0,1,6,0,8,8.0,0.0,0,0
1622,25d8d51a,KH Butt,male,Hong Kong,2,2,8,28,4,0,0,0,0,0,4.0,28.57,0,0,0,0,0.0,0.0,0,0
1623,5b8c830e,KH Pandya,male,India,5,4,130,128,58,2,11,2,1,0,65.0,101.56,5,228,2,223,5.87,111.5,1,0
1624,c4e73ff1,KH Prajapati,male,Oman,35,35,996,1327,103,0,100,13,5,2,28.46,75.06,1,2,0,1,3.0,0.0,0,0
1625,5dbdecf1,Khaled Ahmed,male,Bangladesh,2,2,1,4,1,1,0,0,0,0,1.0,25.0,2,80,3,72,5.4,24.0,3,0
1626,0c8a1d51,Khaled Mahmud,male,Bangladesh,28,26,283,462,36,3,21,2,0,0,12.3,61.26,27,1183,22,1038,5.26,47.18,4,0
1627,ade071c5,Khaled Mashud,male,Bangladesh,36,36,605,1091,71,11,40,1,2,0,24.2,55.45,0,0,0,0,0.0,0.0,0,0
1628,3ee90b67,Khalid Kail,male,Oman,5,5,117,157,51,0,14,1,1,0,23.4,74.52,0,0,0,0,0.0,0.0,0,0
1629,5eea345c,Khalid Latif,male,Pakistan,5,5,147,227,64,0,13,0,1,0,29.4,64.76,0,0,0,0,0.0,0.0,0,0
1630,934b36a6,Khawar Ali,male,Oman,32,28,620,1054,79,5,55,6,4,0,26.96,58.82,32,1514,39,1190,4.72,30.51,5,1
1631,e42dff5f,KHRK Fernando,male,Sri Lanka,2,2,3,14,3,1,0,0,0,0,3.0,21.43,2,66,1,41,3.73,41.0,1,0
1632,796e4140,Khurram Chohan,male,Canada,11,9,77,137,22,3,5,2,0,0,12.83,56.2,11,512,19,438,5.13,23.05,5,1
1633,ae6746e0,Khurram Khan,male,United Arab Emirates,9,9,237,311,78,0,24,1,1,0,26.33,76.21,4,162,2,185,6.85,92.5,2,0
1634,82c78845,Khurram Manzoor,male,Pakistan,6,6,206,315,83,0,20,0,3,0,34.33,65.4,0,0,0,0,0.0,0.0,0,0
1635,07ff32f5,Khurram Nawaz,male,Oman,2,2,26,49,17,1,1,0,0,0,26.0,53.06,0,0,0,0,0.0,0.0,0,0
1636,fce581b5,Khushdil Shah,male,Pakistan,14,12,328,332,69,2,25,10,1,0,32.8,98.8,8,327,4,332,6.09,83.0,1,0
1637,a3690f55,Khuzaima Tanveer,male,United Arab Emirates,3,3,51,39,49,1,2,5,0,0,25.5,130.77,3,135,3,110,4.89,36.67,2,0
1638,732c038e,KIC Asalanka,male,Sri Lanka,68,67,2420,2697,127,6,199,57,14,5,39.67,89.73,33,754,19,626,4.98,32.95,4,0
1639,a9da7784,KJ Abbott,male,South Africa,27,13,76,126,23,4,6,0,0,0,8.44,60.32,27,1303,34,1051,4.84,30.91,4,0
1640,85d8110a,KJ Coetzer,male,Scotland,63,63,2280,2770,156,5,290,30,14,4,39.31,82.31,5,168,1,132,4.71,132.0,1,0
1641,714af18b,KJ Harding,male,West Indies,1,1,1,1,1,1,0,0,0,0,0.0,100.0,1,60,0,88,8.8,0.0,0,0
1642,243431b5,KJ O'Brien,male,Ireland,88,84,1990,2076,113,10,198,48,8,1,26.89,95.86,67,2320,52,2182,5.64,41.96,4,0
1643,101d1e85,KJJ van Noortwijk,male,Netherlands,3,3,141,138,134,1,12,3,0,1,70.5,102.17,0,0,0,0,0.0,0.0,0,0
1644,a2f46292,KK Ahmed,male,India,10,2,8,16,5,0,1,0,0,0,4.0,50.0,10,420,14,420,6.0,30.0,3,0
1645,944533a5,KK Nair,male,India,2,2,46,86,39,0,6,0,0,0,23.0,53.49,0,0,0,0,0.0,0.0,0,0
1646,b17e2f24,KL Rahul,male,India,86,86,3283,3605,112,20,254,75,19,8,49.74,91.07,0,0,0,0,0.0,0.0,0,0
1647,f9a87783,KL Tucker,male,Bermuda,1,1,0,4,0,0,0,0,0,0,0.0,0.0,0,0,0,0,0.0,0.0,0,0
1648,df08c69e,KM Dabengwa,male,Zimbabwe,24,23,364,610,45,5,20,6,0,0,20.22,59.67,24,700,12,641,5.49,53.42,3,0
1649,99d63244,KM Jadhav,male,India,62,49,1318,1268,120,18,136,23,5,2,42.52,103.94,41,1145,26,993,5.2,38.19,3,0
1650,59792462,KM Jarvis,male,Zimbabwe,41,28,195,314,37,8,18,3,0,0,9.75,62.1,41,2002,50,1728,5.18,34.56,4,0
1651,75224f22,KMA Paul,male,West Indies,28,20,308,319,46,5,26,11,0,0,20.53,96.55,27,1099,28,1142,6.23,40.79,3,0
1652,2c997ad3,KMC Bandara,male,Sri Lanka,1,1,1,3,1,1,0,0,0,0,0.0,33.33,1,60,1,83,8.3,83.0,1,0
1653,469ea22b,KMDN Kulasekara,male,Sri Lanka,177,117,1323,1605,73,32,95,39,4,0,15.56,82.43,176,8029,192,6615,4.94,34.45,5,1
1654,585dda5d,KNA Bandara,male,Sri Lanka,5,5,141,217,55,1,9,1,2,0,35.25,64.98,1,6,0,8,8.0,0.0,0,0
1655,d2a2bb1a,KNM Fernando,male,Sri Lanka,7,7,182,225,69,0,21,2,2,0,26.0,80.89,0,0,0,0,0.0,0.0,0,0
1656,9fbc7bc4,KO Meth,male,Zimbabwe,8,6,49,93,20,0,5,0,0,0,8.17,52.69,8,388,5,413,6.39,82.6,2,0
1657,fbaa61d2,KO Otieno,male,Kenya,18,18,250,556,79,0,29,4,2,0,13.89,44.96,0,0,0,0,0.0,0.0,0,0
1658,e012ad13,KOA Powell,male,West Indies,41,41,934,1170,83,0,110,13,8,0,22.78,79.83,0,0,0,0,0.0,0.0,0,0
1659,78cb83f3,KOK Williams,male,West Indies,7,4,19,27,16,3,1,0,0,0,19.0,70.37,7,330,9,293,5.33,32.56,4,0
1660,b91f2a31,KP Meiyappan,male,United Arab Emirates,31,21,163,332,24,4,11,0,0,0,9.59,49.1,31,1208,37,1114,5.53,30.11,4,0
1661,39f01cdb,KP Pietersen,male,England,119,118,4202,4873,130,15,402,71,23,9,40.8,86.23,22,389,7,364,5.61,52.0,2,0
1662,91bbd893,KP Walmsley,male,New Zealand,1,0,0,0,0,0,0,0,0,0,0.0,0.0,1,60,1,64,6.4,64.0,1,0
1663,73c18486,KR Mayers,male,West Indies,28,26,660,770,120,0,75,21,2,2,25.38,85.71,23,686,14,632,5.53,45.14,2,0
1664,2e78f685,KR Sen,male,India,1,1,2,4,2,1,0,0,0,0,0.0,50.0,1,30,2,37,7.4,18.5,2,0
1665,3165bc1b,Krishna Chandran,male,United Arab Emirates,7,7,59,155,34,0,5,0,0,0,8.43,38.06,6,228,1,250,6.58,250.0,1,0
1666,548d4188,KS Airee,male,Nepal,3,3,27,24,18,2,2,0,0,0,27.0,112.5,3,114,2,109,5.74,54.5,2,0
1667,3b50c63a,KS Lokuarachchi,male,Sri Lanka,14,12,164,214,69,1,7,3,1,0,14.91,76.64,14,660,16,499,4.54,31.19,3,0
1668,d027ba9f,KS Williamson,male,New Zealand,168,165,7145,8733,148,17,657,60,46,15,48.28,81.82,65,1467,37,1310,5.36,35.41,4,0
1669,107c26fb,KT Maphaka,male,South Africa,3,3,1,8,1,0,0,0,0,0,0.33,12.5,3,131,5,195,8.93,39.0,4,0
1670,41c8bae3,KT Sandher,male,Canada,4,1,2,6,2,0,0,0,0,0,2.0,33.33,4,210,6,165,4.71,27.5,2,0
1671,9b79b9de,KTGD Prasad,male,Sri Lanka,22,10,120,112,31,5,9,3,0,0,24.0,107.14,22,937,28,919,5.88,32.82,3,0
1672,6020a3c6,KU Carty,male,West Indies,50,49,1814,2396,170,5,157,29,6,4,41.23,75.71,4,28,0,30,6.43,0.0,0,0
1673,8d2c70ad,Kuldeep Yadav,male,India,116,38,202,399,19,17,15,0,0,0,9.62,50.63,114,5965,191,5088,5.12,26.64,6,2
1674,7e9f1cde,Kushal Malla,male,Nepal,36,34,801,889,108,2,65,46,4,1,25.03,90.1,31,1076,22,770,4.29,35.0,2,0
1675,270bf7e2,KV Morea,male,Papua New Guinea,16,12,72,115,17,6,5,1,0,0,12.0,62.61,16,690,20,510,4.43,25.5,5,1
1676,119678fd,KV Sharma,male,India,2,0,0,0,0,0,0,0,0,0,0.0,0.0,2,114,0,125,6.58,0.0,0,0
1677,dfc4d8b5,KW Richardson,male,Australia,25,12,75,68,24,7,7,4,0,0,15.0,110.29,25,1312,39,1240,5.67,31.79,5,1
1678,50a92895,KY Ottley,male,West Indies,4,4,41,73,24,0,5,1,0,0,10.25,56.16,0,0,0,0,0.0,0.0,0,0
1679,b2b50355,L Balaji,male,India,20,11,104,129,21,3,8,3,0,0,13.0,80.62,20,961,25,899,5.61,35.96,4,0
1680,06c2de82,L Gregory,male,England,3,2,117,116,77,0,10,3,1,0,58.5,100.86,3,114,4,97,5.11,24.25,3,0
1681,c0790f82,L Klusener,male,South Africa,11,8,163,151,57,5,9,8,1,0,54.33,107.95,11,458,11,394,5.16,35.82,4,0
1682,b018e1eb,L Louwrens,male,Namibia,24,24,535,901,57,0,62,1,3,0,22.29,59.38,0,0,0,0,0.0,0.0,0,0
1683,8eb2e2e6,L McCarthy,male,Ireland,3,1,0,5,0,1,0,0,0,0,0.0,0.0,3,150,5,185,7.4,37.0,3,0
1684,f834dcfc,L Ngidi,male,South Africa,69,28,123,247,20,16,8,6,0,0,10.25,49.8,69,3242,107,3147,5.82,29.41,6,2
1685,0fa5042b,L Ronchi,male,New Zealand,67,67,1397,1216,170,9,149,43,4,1,24.09,114.88,0,0,0,0,0.0,0.0,0,0
1686,0ebb3444,L Scott,male,Australia,1,1,2,4,2,0,0,0,0,0,2.0,50.0,1,48,2,57,7.12,28.5,2,0
1687,6b4593ee,L Siaka,male,Papua New Guinea,40,40,749,992,90,0,72,10,2,0,18.73,75.5,11,198,3,150,4.55,50.0,2,0
1688,f892fcf9,L Sipamla,male,South Africa,4,2,14,19,10,2,0,0,0,0,0.0,73.68,4,182,2,172,5.67,86.0,1,0
1689,ddb41291,L Sreekumar,male,United Arab Emirates,3,3,57,67,28,0,10,1,0,0,19.0,85.07,0,0,0,0,0.0,0.0,0,0
1690,8bd9fd13,L Steenkamp,male,Namibia,7,7,330,458,78,0,19,8,4,0,47.14,72.05,0,0,0,0,0.0,0.0,0,0
1691,3979b5e0,L Tucker,male,Ireland,43,43,844,1022,61,6,79,9,3,0,22.81,82.58,0,0,0,0,0.0,0.0,0,0
1692,2764133a,L Vincent,male,New Zealand,45,45,1089,1511,102,4,113,17,6,2,26.56,72.07,2,18,1,22,7.33,22.0,1,0
1693,65b6943c,L Wood,male,England,2,2,15,14,10,1,2,0,0,0,15.0,107.14,2,108,1,113,6.28,113.0,1,0
1694,4a461c24,LA Dawson,male,England,9,7,133,159,68,0,10,2,1,0,19.0,83.65,9,456,9,413,5.43,45.89,2,0
1695,a1d95bd8,LB Williams,male,South Africa,8,4,18,26,13,0,2,0,0,0,4.5,69.23,8,406,16,398,5.88,24.88,4,0
1696,a2a1efe2,LC Romero,male,United States of America,2,2,1,7,1,0,0,0,0,0,0.5,14.29,1,24,1,52,13.0,52.0,1,0
1697,8dd02a98,LD Chandimal,male,Sri Lanka,137,137,3657,4963,111,20,249,42,24,3,31.26,73.69,0,0,0,0,0.0,0.0,0,0
1698,de063a39,LD Madushanka,male,Sri Lanka,4,4,14,26,7,1,2,0,0,0,4.67,53.85,4,144,4,172,7.17,43.0,2,0
1699,73e749e1,LE Bosman,male,South Africa,12,12,301,299,88,0,37,9,2,0,25.08,100.67,0,0,0,0,0.0,0.0,0,0
1700,9a963804,LE Plunkett,male,England,84,47,536,489,44,18,46,15,0,0,18.48,109.61,84,3981,131,3817,5.75,29.14,5,1
1701,60aa2db3,LG Pretorius,male,South Africa,3,3,142,145,57,0,18,3,1,0,47.33,97.93,0,0,0,0,0.0,0.0,0,0
1702,2f9d0389,LH Ferguson,male,New Zealand,62,30,122,235,19,13,6,3,0,0,7.18,51.91,62,3203,92,3068,5.75,33.35,5,1
1703,30b60511,LHD Dilhara,male,Sri Lanka,4,4,49,59,29,0,3,3,0,0,12.25,83.05,3,120,3,99,4.95,33.0,2,0
1704,0404d43c,Liton Das,male,Bangladesh,93,93,2478,2901,176,9,256,46,12,4,29.5,85.42,0,0,0,0,0.0,0.0,0,0
1705,6f4d314b,LJ Burger,male,Namibia,6,6,11,61,5,1,1,0,0,0,2.2,18.03,6,330,6,297,5.4,49.5,3,0
1706,1efd9f52,LJ Hamilton,male,New Zealand,1,1,2,4,2,1,0,0,0,0,0.0,50.0,1,48,0,67,8.38,0.0,0,0
1707,79108658,LJ Robertson,male,Scotland,1,0,0,0,0,0,0,0,0,0,0.0,0.0,1,60,6,52,5.2,8.67,6,1
1708,9ba59a3c,LJ Woodcock,male,New Zealand,4,2,14,22,11,1,1,0,0,0,14.0,63.64,4,164,3,155,5.67,51.67,2,0
1709,cca50cd6,LJ Wright,male,England,45,39,707,815,52,4,63,18,2,0,20.2,86.75,36,1032,15,881,5.12,58.73,2,0
1710,12bffe91,LL Tsotsobe,male,South Africa,60,19,58,109,16,11,7,1,0,0,7.25,53.21,59,2910,94,2314,4.77,24.62,4,0
1711,b8704508,LM Jongwe,male,Zimbabwe,31,28,315,391,43,4,31,5,0,0,13.12,80.56,29,1068,24,1065,5.98,44.38,3,0
1712,89f64c19,LMP Simmons,male,West Indies,64,64,1958,2667,122,3,162,50,16,2,32.1,73.42,12,156,1,172,6.62,172.0,1,0
1713,68c3f79d,LN Onyango,male,Kenya,8,4,61,81,34,2,6,0,0,0,30.5,75.31,8,251,9,211,5.04,23.44,3,0
1714,6ad2d5f7,LN Rajbanshi,male,Nepal,47,27,42,173,11,16,3,0,0,0,3.82,24.28,44,2223,55,1455,3.93,26.45,5,1
1715,74aab92e,LN Roche,male,Zimbabwe,3,2,4,10,4,0,0,0,0,0,2.0,40.0,3,138,2,157,6.83,78.5,1,0
1716,4487cc09,LOB Cann,male,Bermuda,10,10,214,172,52,0,23,10,1,0,21.4,124.42,2,71,1,88,7.44,88.0,1,0
1717,3c00e140,Lovepreet Singh,male,United Arab Emirates,2,2,9,25,6,0,1,0,0,0,4.5,36.0,0,0,0,0,0.0,0.0,0,0
1718,34d2ca48,LP van Troost,male,Netherlands,9,9,112,156,34,2,9,3,0,0,16.0,71.79,3,42,1,81,11.57,81.0,1,0
1719,1be70c88,LPC Silva,male,Sri Lanka,50,49,1279,1747,107,7,115,10,11,1,30.45,73.21,2,42,1,33,4.71,33.0,1,0
1720,b8f3362a,LR Johnson,male,West Indies,3,3,19,61,18,0,2,1,0,0,6.33,31.15,0,0,0,0,0.0,0.0,0,0
1721,b08e58e2,LR Morris,male,Australia,3,1,0,2,0,0,0,0,0,0,0.0,0.0,3,123,4,96,4.68,24.0,2,0
1722,1236044e,LR Naylor,male,Scotland,2,2,34,43,20,0,5,0,0,0,17.0,79.07,0,0,0,0,0.0,0.0,0,0
1723,b61a3e1a,LRPL Taylor,male,New Zealand,209,209,8126,9765,181,35,674,133,48,20,46.7,83.22,4,42,0,35,5.0,0.0,0,0
1724,441b1b20,LS Baker,male,West Indies,6,3,11,16,11,2,2,0,0,0,11.0,68.75,6,270,7,220,4.89,31.43,3,0
1725,50c6bc2b,LS Livingstone,male,England,37,34,912,836,124,6,55,50,4,1,32.57,109.09,29,878,22,921,6.29,41.86,3,0
1726,782fb776,LV van Beek,male,Netherlands,36,34,524,621,59,11,32,13,1,0,22.78,84.38,36,1863,54,1685,5.43,31.2,4,0
1727,684d21d7,M Bhanuka,male,Sri Lanka,6,6,140,192,36,0,13,2,0,0,23.33,72.92,0,0,0,0,0.0,0.0,0,0
1728,c537cf4d,M Commins,male,Ireland,1,1,6,13,6,0,0,0,0,0,6.0,46.15,0,0,0,0,0.0,0.0,0,0
1729,d4eef961,M de Lange,male,South Africa,4,0,0,0,0,0,0,0,0,0,0.0,0.0,4,209,10,198,5.68,19.8,4,0
1730,5af87ad6,M Dillon,male,West Indies,20,10,44,52,10,2,3,1,0,0,5.5,84.62,20,947,23,724,4.59,31.48,5,1
1731,38214163,M Faraz Akram,male,Zimbabwe,3,2,6,12,5,0,1,0,0,0,3.0,50.0,3,168,3,164,5.86,54.67,2,0
1732,2eb25b39,M Gill,male,Canada,5,5,124,170,59,1,13,1,2,0,31.0,72.94,0,0,0,0,0.0,0.0,0,0
1733,0abb2525,M Heingo,male,Namibia,2,1,0,3,0,0,0,0,0,0,0.0,0.0,2,97,3,100,6.19,33.33,3,0
1734,81c36ee9,M Jansen,male,South Africa,31,26,553,490,75,5,44,25,2,0,26.33,112.86,31,1518,48,1613,6.38,33.6,5,1
1735,d84378a4,M Kaif,male,India,64,64,1314,1982,93,11,120,1,11,0,24.79,66.3,0,0,0,0,0.0,0.0,0,0
1736,856a5e81,M Karg,male,Namibia,2,2,45,64,41,0,4,1,0,0,22.5,70.31,0,0,0,0,0.0,0.0,0,0
1737,abfeb126,M Kartik,male,India,23,8,102,133,32,3,9,1,0,0,20.4,76.69,23,1199,28,1019,5.1,36.39,6,1
1738,fa433be6,M Labuschagne,male,Australia,63,63,1966,2397,124,5,159,10,13,2,33.9,82.02,19,356,11,387,6.52,35.18,3,0
1739,6a71ba3a,M Levitt,male,Netherlands,17,17,443,527,57,0,53,14,1,0,26.06,84.06,12,450,9,355,4.73,39.44,3,0
1740,5bb5a915,M Morkel,male,South Africa,113,42,268,353,32,13,24,7,0,0,9.24,75.92,113,5700,187,4700,4.95,25.13,5,2
1741,547c5509,M Mpongwana,male,South Africa,1,1,1,2,1,1,0,0,0,0,0.0,50.0,1,18,0,25,8.33,0.0,0,0
1742,4ba44e19,M Muralitharan,male,Sri Lanka,124,64,317,374,32,21,30,7,0,0,7.37,84.76,124,6717,190,4579,4.09,24.1,5,2
1743,20a941bb,M Ntini,male,South Africa,88,26,101,143,16,12,7,4,0,0,7.21,70.63,88,4434,141,3521,4.76,24.97,6,2
1744,64839cb3,M Pathirana,male,Sri Lanka,10,5,10,33,5,1,2,0,0,0,2.5,30.3,10,395,15,487,7.4,32.47,4,0
1745,85e0cf10,M Prasidh Krishna,male,India,26,7,2,20,2,4,0,0,0,0,0.67,10.0,26,1272,45,1273,6.0,28.29,4,0
1746,af2a0740,M Pushpakumara,male,Sri Lanka,2,1,7,19,7,1,0,0,0,0,0.0,36.84,1,30,0,21,4.2,0.0,0,0
1747,016e5101,M Shezi,male,South Africa,1,0,0,0,0,0,0,0,0,0,0.0,0.0,1,36,1,8,1.33,8.0,1,0
1748,cdac5a3d,M Shiraz,male,Sri Lanka,2,1,1,1,1,1,0,0,0,0,0.0,100.0,2,54,1,48,5.33,48.0,1,0
1749,6766ca00,M Shumba,male,Zimbabwe,6,6,40,83,26,2,3,0,0,0,10.0,48.19,1,29,0,27,5.59,0.0,0,0
1750,da4a1e46,M Spoors,male,Canada,9,9,154,276,33,0,14,3,0,0,17.11,55.8,3,90,3,83,5.53,27.67,3,0
1751,f24c6701,M Theekshana,male,Sri Lanka,51,30,284,557,38,12,19,1,0,0,15.78,50.99,50,2504,75,1840,4.41,24.53,4,0
1752,f407e354,M van Jaarsveld,male,South Africa,5,4,29,55,13,0,2,0,0,0,7.25,52.73,1,30,1,18,3.6,18.0,1,0
1753,7eb36269,M van Lingen,male,Namibia,41,41,1394,1544,133,5,159,29,6,5,38.72,90.28,9,74,2,65,5.27,32.5,1,0
1754,74bd2653,M van Schoor,male,Namibia,5,5,58,109,24,1,3,1,0,0,14.5,53.21,0,0,0,0,0.0,0.0,0,0
1755,4b57e452,M Vijay,male,India,16,16,339,505,72,0,33,3,1,0,21.19,67.13,2,36,1,37,6.17,37.0,1,0
1756,9b75e4f1,M Zondeki,male,South Africa,9,2,1,3,1,1,0,0,0,0,1.0,33.33,8,366,7,327,5.36,46.71,2,0
1757,c3576908,MA Abbas,male,New Zealand,6,6,162,203,52,0,8,4,1,0,27.0,79.8,3,90,2,75,5.0,37.5,1,0
1758,00ea847a,MA Agarwal,male,India,5,5,86,83,32,0,12,1,0,0,17.2,103.61,1,6,0,10,10.0,0.0,0,0
1759,e2ee90d9,MA Aponso,male,Sri Lanka,9,7,10,45,4,4,0,0,0,0,3.33,22.22,9,423,10,377,5.35,37.7,4,0
1760,8305580c,MA Carberry,male,England,6,6,114,179,63,0,14,0,1,0,19.0,63.69,1,6,0,12,12.0,0.0,0,0
1761,05f96194,MA Jones,male,Scotland,17,17,506,718,87,0,42,6,3,0,29.76,70.47,0,0,0,0,0.0,0.0,0,0
1762,28131839,MA Leask,male,Scotland,84,71,1558,1371,107,14,120,67,8,1,27.33,113.64,76,2546,69,2135,5.03,30.94,4,0
1763,0939c670,MA Ouma,male,Kenya,26,26,468,825,54,2,49,2,1,0,19.5,56.73,0,0,0,0,0.0,0.0,0,0
1764,3fb19989,MA Starc,male,Australia,126,68,579,746,52,20,43,14,1,0,12.06,77.61,126,6452,239,5661,5.26,23.69,6,9
1765,331bd689,MA Suji,male,Kenya,11,7,36,48,15,4,1,1,0,0,12.0,75.0,11,516,9,345,4.01,38.33,3,0
1766,611c06dd,MA Vermeulen,male,Zimbabwe,29,29,517,780,92,2,63,1,3,0,19.15,66.28,0,0,0,0,0.0,0.0,0,0
1767,8d92a2c3,MA Wood,male,England,65,22,147,139,43,12,13,5,0,0,14.7,105.76,65,3284,75,3055,5.58,40.73,4,0
1768,6d9560f3,Maaz Sadaqat,male,Pakistan,6,6,134,119,75,0,15,6,1,0,22.33,112.61,3,48,3,39,4.88,13.0,3,0
1769,58431ca0,MADI Hemantha,male,Sri Lanka,4,3,17,19,13,2,2,1,0,0,17.0,89.47,3,156,2,143,5.5,71.5,2,0
1770,5284c884,Mahbubul Alam,male,Bangladesh,5,2,81,71,59,0,3,4,1,0,40.5,114.08,5,222,7,280,7.57,40.0,2,0
1771,9dad0f2e,Mahedi Hasan,male,Bangladesh,12,11,125,196,29,2,10,2,0,0,13.89,63.78,12,589,15,473,4.82,31.53,4,0
1772,dac6aabc,Mahidul Islam Ankon,male,Bangladesh,3,3,69,121,46,0,5,0,0,0,23.0,57.02,0,0,0,0,0.0,0.0,0,0
1773,bf1d7d3e,Mahmudullah,male,Bangladesh,205,189,5131,6563,128,47,392,99,29,4,36.13,78.18,137,3983,75,3559,5.36,47.45,3,0
1774,2cfa6534,Manjural Islam,male,Bangladesh,5,3,2,11,2,1,0,0,0,0,1.0,18.18,5,217,5,185,5.12,37.0,3,0
1775,e8d7b493,Manjural Islam Rana,male,Bangladesh,15,13,251,455,63,3,17,0,1,0,25.1,55.16,15,598,13,426,4.27,32.77,3,0
1776,9018bf65,Mansoor Amjad,male,Pakistan,1,1,5,10,5,0,0,0,0,0,5.0,50.0,1,48,1,44,5.5,44.0,1,0
1777,e186f49c,Mashrafe Mortaza,male,Bangladesh,175,121,1304,1552,44,23,108,42,0,0,13.31,84.02,175,8539,209,7233,5.08,34.61,6,1
1778,083e01d9,Matiullah Khan,male,United Arab Emirates,1,0,0,0,0,0,0,0,0,0,0.0,0.0,1,30,1,37,7.4,37.0,1,0
1779,c51add25,MB Kruger,male,Namibia,24,24,553,840,80,0,44,6,3,0,23.04,65.83,0,0,0,0,0.0,0.0,0,0
1780,b7e7313a,MB Loye,male,England,7,7,142,179,45,0,19,5,0,0,20.29,79.33,0,0,0,0,0.0,0.0,0,0
1781,74ef405a,MBS Jonkman,male,Netherlands,4,3,20,31,15,1,2,0,0,0,10.0,64.52,4,139,5,105,4.53,21.0,2,0
1782,32198ae0,MC Henriques,male,Australia,16,15,117,192,22,2,10,0,0,0,9.0,60.94,12,402,8,347,5.18,43.38,3,0
1783,3f18724b,MC Sorensen,male,Ireland,10,7,119,148,31,2,11,3,0,0,23.8,80.41,10,447,12,435,5.84,36.25,4,0
1784,1b3acd33,MD Bates,male,New Zealand,2,1,13,10,13,0,1,1,0,0,13.0,130.0,2,84,2,52,3.71,26.0,1,0
1785,5be810ba,MD Dai,male,Papua New Guinea,10,10,277,356,76,1,26,5,2,0,30.78,77.81,10,534,11,383,4.3,34.82,3,0
1786,e5ad357a,MD du Preez,male,Namibia,3,3,14,44,5,0,0,0,0,0,4.67,31.82,0,0,0,0,0.0,0.0,0,0
1787,509a7ca1,MD Gunathilaka,male,Sri Lanka,45,45,1592,1830,133,1,171,20,11,2,36.18,86.99,22,402,8,371,5.54,46.38,3,0
1788,25d7f1ac,MD Patel,male,United States of America,70,70,2221,2722,130,3,185,32,16,3,33.15,81.59,0,0,0,0,0.0,0.0,0,0
1789,3ff033bb,MD Shanaka,male,Sri Lanka,61,56,1153,1288,108,5,87,38,4,2,22.61,89.52,40,915,21,839,5.5,39.95,3,0
1790,37b67a54,MDJ Walker,male,New Zealand,1,0,0,0,0,0,0,0,0,0,0.0,0.0,1,30,0,25,5.0,0.0,0,0
1791,5531248e,MDK Perera,male,Sri Lanka,13,12,152,199,30,0,13,3,0,0,12.67,76.38,10,456,13,409,5.38,31.46,3,0
1792,f21043a5,MDKJ Perera,male,Sri Lanka,107,107,3077,3295,135,5,344,51,16,6,30.17,93.38,0,0,0,0,0.0,0.0,0,0
1793,2ef4f045,ME Sanuth,male,Oman,3,2,46,38,40,0,5,1,0,0,23.0,121.05,3,60,0,61,6.1,0.0,0,0
1794,ea42ddb9,ME Trescothick,male,England,63,63,2109,2492,121,4,280,13,11,6,35.75,84.63,7,150,2,147,5.88,73.5,1,0
1795,2976523f,Meet Patel,male,Canada,1,1,11,22,11,0,1,0,0,0,11.0,50.0,1,30,1,37,7.4,37.0,1,0
1796,c58b0108,Mehedi Hasan Miraz,male,Bangladesh,107,79,1408,1768,100,11,127,25,3,1,20.71,79.64,106,5232,114,4164,4.78,36.53,4,0
1797,86cd782f,Mehrab Hossain jnr,male,Bangladesh,12,10,183,407,54,0,17,0,1,0,18.3,44.96,6,187,3,154,4.94,51.33,2,0
1798,d7bfcc0b,Mehran Khan,male,Oman,4,4,66,66,37,0,3,6,0,0,16.5,100.0,4,54,0,85,9.44,0.0,0,0
1799,48fd7349,MEK Hussey,male,Australia,149,148,5076,5895,109,38,354,70,37,3,46.15,86.11,13,240,2,235,5.88,117.5,1,0
1800,ab89348d,MF Maharoof,male,Sri Lanka,87,60,799,964,58,11,60,17,1,0,16.31,82.88,86,3783,110,3056,4.85,27.78,6,2
1801,c500ec39,MG Bevan,male,Australia,25,25,755,1131,74,8,49,6,6,0,44.41,66.76,0,0,0,0,0.0,0.0,0,0
1802,e38bce7a,MG Bracewell,male,New Zealand,47,41,1042,966,140,12,87,44,3,2,35.93,107.87,43,1936,46,1591,4.93,34.59,4,0
1803,95a5e066,MG Erasmus,male,Namibia,68,66,2161,2825,121,6,172,48,18,1,36.02,76.5,53,1810,52,1364,4.52,26.23,5,2
1804,f5180fe6,MG Johnson,male,Australia,146,87,934,975,73,30,80,22,2,0,16.39,95.79,144,7187,226,5790,4.83,25.62,6,3
1805,b34d91ec,MG Kariata,male,Namibia,1,0,0,0,0,0,0,0,0,0,0.0,0.0,1,30,1,31,6.2,31.0,1,0
1806,0164b064,MG Neser,male,Australia,4,4,11,29,6,0,0,0,0,0,2.75,37.93,4,220,3,239,6.52,79.67,2,0
1807,8b261d84,MH Cross,male,Scotland,91,91,2152,2922,114,4,189,22,13,2,24.74,73.65,0,0,0,0,0.0,0.0,0,0
1808,3812d56b,MH Yardy,male,England,27,24,326,472,60,8,20,1,2,0,20.38,69.07,27,1272,18,1034,4.88,57.44,3,0
1809,6c1beb66,MHW Papps,male,New Zealand,2,2,32,62,29,1,4,0,0,0,32.0,51.61,0,0,0,0,0.0,0.0,0,0
1810,b4296080,Milind Kumar,male,United States of America,28,26,1209,1228,155,8,100,33,7,4,67.17,98.45,25,996,32,731,4.4,22.84,5,1
1811,7eae4418,Misbah-ul-Haq,male,Pakistan,135,135,4752,6401,96,25,319,76,39,0,43.2,74.24,1,24,0,30,7.5,0.0,0,0
1812,f842c2cf,MJ Clarke,male,Australia,204,198,6988,8905,130,37,578,45,50,8,43.4,78.47,92,2225,52,1826,4.92,35.12,5,1
1813,be768595,MJ Cosgrove,male,Australia,2,2,78,77,74,0,7,2,1,0,39.0,101.3,1,24,0,12,3.0,0.0,0,0
1814,7068c81e,MJ Fisher,male,New Zealand,3,2,2,6,1,0,0,0,0,0,1.0,33.33,3,131,3,108,4.95,36.0,3,0
1815,7a4819e1,MJ Fourie,male,Ireland,2,2,5,12,4,1,0,0,0,0,5.0,41.67,2,77,0,51,3.97,0.0,0,0
1816,2be41edb,MJ Guptill,male,New Zealand,190,190,7124,8146,237,18,734,184,38,17,41.42,87.45,11,109,4,98,5.39,24.5,2,0
1817,732f711b,MJ Hay,male,New Zealand,7,7,186,178,99,1,13,8,1,0,31.0,104.49,0,0,0,0,0.0,0.0,0,0
1818,e84ac20c,MJ Henry,male,New Zealand,91,37,270,290,48,11,22,11,0,0,10.38,93.1,91,4868,171,4237,5.22,24.78,5,3
1819,dc0f5506,MJ Hoggard,male,England,9,2,5,11,5,0,0,0,0,0,2.5,45.45,9,454,6,458,6.05,76.33,2,0
1820,2c54c49b,MJ Humphreys,male,Ireland,6,3,6,10,4,2,1,0,0,0,6.0,60.0,6,246,1,211,5.15,211.0,1,0
1821,11df3dc8,MJ Lumb,male,England,3,3,165,203,106,0,12,3,0,1,55.0,81.28,0,0,0,0,0.0,0.0,0,0
1822,aab3e7be,MJ Mason,male,New Zealand,20,5,20,39,13,2,2,0,0,0,6.67,51.28,20,933,24,812,5.22,33.83,4,0
1823,51a3c5ef,MJ McClenaghan,male,New Zealand,46,14,108,137,34,10,10,3,0,0,27.0,78.83,45,2336,82,2313,5.94,28.21,5,1
1824,b88fa6fe,MJ Mindley,male,West Indies,1,0,0,0,0,0,0,0,0,0,0.0,0.0,1,42,1,45,6.43,45.0,1,0
1825,99464591,MJ North,male,Australia,2,2,6,19,5,0,0,0,0,0,3.0,31.58,1,18,0,16,5.33,0.0,0,0
1826,f2c936d7,MJ Owen,male,Australia,3,2,37,27,36,0,2,3,0,0,18.5,137.04,3,36,2,42,7.0,21.0,2,0
1827,894b2d25,MJ Potts,male,England,10,6,45,61,15,5,1,1,0,0,45.0,73.77,10,402,12,400,5.97,33.33,4,0
1828,1200550f,MJ Prior,male,England,57,57,1229,1592,87,7,132,6,3,0,24.58,77.2,0,0,0,0,0.0,0.0,0,0
1829,e4a0deae,MJ Santner,male,New Zealand,124,94,1641,1778,67,33,116,53,3,0,26.9,92.29,122,6100,136,4831,4.75,35.52,5,2
1830,86b4bf88,MJ Swepson,male,Australia,3,1,2,2,2,0,0,0,0,0,2.0,100.0,3,158,3,161,6.11,53.67,2,0
1831,b03db6fa,MJG Rippon,male,Netherlands,6,4,112,154,67,0,9,3,1,0,28.0,72.73,6,240,7,200,5.0,28.57,4,0
1832,93b4fc78,MK Pandey,male,India,23,23,558,610,104,7,45,5,2,1,34.88,91.48,0,0,0,0,0.0,0.0,0,0
1833,26e5cabf,MK Tiwary,male,India,12,12,287,402,104,1,24,3,1,1,26.09,71.39,6,132,5,150,6.82,30.0,4,0
1834,11ce1151,MKDI Amerasinghe,male,Sri Lanka,7,3,5,7,5,3,1,0,0,0,0.0,71.43,7,384,9,332,5.19,36.89,3,0
1835,9f62b897,MKGCP Lakshitha,male,Sri Lanka,2,1,4,6,4,0,0,0,0,0,4.0,66.67,2,72,2,65,5.42,32.5,2,0
1836,92aa28fe,ML Cummins,male,West Indies,8,2,5,9,4,1,1,0,0,0,5.0,55.56,8,390,8,442,6.8,55.25,3,0
1837,d8699ab7,ML Hayden,male,Australia,96,96,3939,4752,181,9,411,58,20,7,45.28,82.89,0,0,0,0,0.0,0.0,0,0
1838,8b8745fd,ML Lewis,male,Australia,5,1,4,4,4,1,0,0,0,0,0.0,100.0,5,228,3,258,6.79,86.0,2,0
1839,be8eec9c,ML Nkala,male,Zimbabwe,11,10,125,174,47,1,12,2,0,0,13.89,71.84,10,290,4,313,6.48,78.25,3,0
1840,27258b3e,ML Patel,male,Kenya,2,2,15,55,15,0,0,0,0,0,7.5,27.27,0,0,0,0,0.0,0.0,0,0
1841,5f5e0c8c,ML Udawatte,male,Sri Lanka,8,8,243,352,73,0,24,2,2,0,30.38,69.03,0,0,0,0,0.0,0.0,0,0
1842,bb351c23,MM Ali,male,England,130,110,2278,2350,128,14,199,71,6,3,23.73,96.94,126,5886,111,5210,5.31,46.94,4,0
1843,8629178f,MM English,male,Scotland,6,6,230,326,107,1,16,5,1,1,46.0,70.55,0,0,0,0,0.0,0.0,0,0
1844,4ff67681,MM Iqbal,male,Scotland,2,2,16,56,10,0,0,0,0,0,8.0,28.57,1,36,0,45,7.5,0.0,0,0
1845,f0f628c7,MM Patel,male,India,66,24,74,111,15,13,7,1,0,0,6.73,66.67,66,3100,85,2555,4.95,30.06,4,0
1846,759ac88f,MM Sharma,male,India,26,9,31,66,11,5,5,0,0,0,7.75,46.97,25,1121,31,1020,5.46,32.9,4,0
1847,f8f2ec39,MMA Jonkman,male,Netherlands,1,1,13,37,13,0,2,0,0,0,13.0,35.14,1,24,1,21,5.25,21.0,1,0
1848,8c82ae9a,MN Nawaz,male,Sri Lanka,1,1,15,21,15,1,0,0,0,0,0.0,71.43,0,0,0,0,0.0,0.0,0,0
1849,f846de6a,MN Samuels,male,West Indies,148,142,4205,5515,133,20,384,102,20,9,34.47,76.25,98,3632,57,2905,4.8,50.96,3,0
1850,710dd98c,MN van Wyk,male,South Africa,16,16,425,615,82,0,48,4,4,0,26.56,69.11,0,0,0,0,0.0,0.0,0,0
1851,ec4dada1,MN Waller,male,Zimbabwe,52,51,1039,1344,99,3,106,10,4,0,21.65,77.31,25,570,9,490,5.16,54.44,2,0
1852,ba603555,MNK Fernando,male,Sri Lanka,5,5,89,132,50,0,12,0,1,0,17.8,67.42,1,12,0,22,11.0,0.0,0,0
1853,0e0afd8b,MO Jones,male,Bermuda,6,6,58,71,27,0,4,4,0,0,9.67,81.69,6,265,6,263,5.95,43.83,2,0
1854,45477249,MO Odumbe,male,Kenya,10,10,324,351,54,3,31,2,2,0,46.29,92.31,8,360,7,305,5.08,43.57,4,0
1855,70ced7f2,Mohammad Aadil Alam,male,Nepal,6,4,70,77,36,0,6,3,0,0,17.5,90.91,6,264,6,166,3.77,27.67,3,0
1856,a089f93f,Mohammad Abbas,male,Pakistan,3,0,0,0,0,0,0,0,0,0,0.0,0.0,3,162,1,153,5.67,153.0,1,0
1857,a86a37ab,Mohammad Ali,male,Pakistan,1,1,0,2,0,1,0,0,0,0,0.0,0.0,1,60,1,53,5.3,53.0,1,0
1858,e174dadd,Mohammad Amir,male,Pakistan,59,30,363,442,73,10,32,8,2,0,18.15,82.13,59,2953,81,2359,4.79,29.12,5,1
1859,2bb09eb2,Mohammad Ashraful,male,Bangladesh,113,113,2301,3321,109,8,241,15,14,3,21.91,69.29,26,397,8,353,5.34,44.12,2,0
1860,e03b66ec,Mohammad Asif,male,Pakistan,32,12,26,90,6,4,1,0,0,0,3.25,28.89,32,1702,41,1334,4.7,32.54,3,0
1861,39713d08,Mohammad Boota,male,United Arab Emirates,7,7,173,231,59,1,12,6,1,0,28.83,74.89,1,12,0,10,5.0,0.0,0,0
1862,9ab63e7b,Mohammad Hafeez,male,Pakistan,203,202,6351,8151,140,15,635,106,37,11,33.96,77.92,164,7217,128,4989,4.15,38.98,4,0
1863,ff3f6fc1,Mohammad Haris,male,Pakistan,5,5,30,35,17,1,2,1,0,0,7.5,85.71,0,0,0,0,0.0,0.0,0,0
1864,8596fe80,Mohammad Hasnain,male,Pakistan,15,7,53,34,28,4,9,1,0,0,17.67,155.88,15,718,17,755,6.31,44.41,5,1
1865,48fa71c3,Mohammad Iqbal,male,Canada,2,2,33,52,30,0,6,0,0,0,16.5,63.46,0,0,0,0,0.0,0.0,0,0
1866,a8e3170f,Mohammad Irfan,male,Pakistan,60,30,48,147,12,18,5,2,0,0,4.0,32.65,60,3109,83,2549,4.92,30.71,4,0
1867,4d05a82e,Mohammad Kashif,male,Netherlands,3,1,1,11,1,0,0,0,0,0,1.0,9.09,3,114,5,91,4.79,18.2,3,0
1868,a5c5a126,Mohammad Khalil,male,Pakistan,3,0,0,0,0,0,0,0,0,0,0.0,0.0,3,144,5,144,6.0,28.8,2,0
1869,77191792,Mohammad Mithun,male,Bangladesh,28,28,711,909,73,4,61,16,6,0,29.62,78.22,1,12,0,12,6.0,0.0,0,0
1870,79f8472d,Mohammad Mohsin,male,United States of America,2,2,8,9,8,1,1,0,0,0,8.0,88.89,2,78,1,83,6.38,83.0,1,0
1871,c5d7b244,Mohammad Nadeem,male,Oman,39,34,827,1297,76,15,61,9,6,0,43.53,63.76,28,810,19,747,5.53,39.32,3,0
1872,7923a51d,Mohammad Naim,male,Bangladesh,4,4,58,96,21,0,8,0,0,0,14.5,60.42,0,0,0,0,0.0,0.0,0,0
1873,4861d29b,Mohammad Naveed,male,United Arab Emirates,31,27,275,255,30,7,23,16,0,0,13.75,107.84,31,1521,45,1361,5.37,30.24,5,1
1874,3086f7a4,Mohammad Nawaz (3),male,Pakistan,42,31,498,567,59,8,35,16,2,0,21.65,87.83,42,1983,44,1692,5.12,38.45,4,0
1875,7ff3fcaa,Mohammad Rafique,male,Bangladesh,58,46,492,727,72,12,39,14,1,0,14.47,67.68,57,2886,49,2139,4.45,43.65,4,0
1876,2f26ac1a,Mohammad Rizwan,male,Pakistan,90,90,2881,3397,131,21,244,35,18,4,41.75,84.81,0,0,0,0,0.0,0.0,0,0
1877,b3a28446,Mohammad Saifuddin,male,Bangladesh,29,18,360,420,51,8,29,6,2,0,36.0,85.71,28,1290,41,1282,5.96,31.27,4,0
1878,9eea360c,Mohammad Salman,male,Pakistan,3,3,22,39,19,1,2,0,0,0,11.0,56.41,0,0,0,0,0.0,0.0,0,0
1879,68ddabdb,Mohammad Sami,male,Pakistan,48,24,246,355,46,8,12,8,0,0,15.38,69.3,48,2376,67,1979,5.0,29.54,5,1
1880,4c7df2c8,Mohammad Shahzad,male,United Arab Emirates,3,3,49,67,28,0,5,2,0,0,16.33,73.13,3,156,8,132,5.08,16.5,4,0
1881,0ec9e2c4,Mohammad Talha,male,Pakistan,3,1,0,1,0,0,0,0,0,0,0.0,0.0,3,122,4,146,7.18,36.5,2,0
1882,eb7af112,Mohammad Tauqir,male,United Arab Emirates,8,7,34,79,17,2,4,0,0,0,6.8,43.04,8,341,7,284,5.0,40.57,2,0
1883,9e9af5f2,Mohammad Wasim,male,Pakistan,26,14,94,101,17,3,7,5,0,0,8.55,93.07,26,1227,43,1140,5.57,26.51,4,0
1884,a120e81b,Mohammed Qasim,male,United Arab Emirates,4,4,91,172,41,0,10,0,0,0,22.75,52.91,2,78,2,43,3.31,21.5,1,0
1885,8cf9814c,Mohammed Shami,male,India,105,48,224,270,25,20,17,9,0,0,8.0,82.96,105,5223,200,4865,5.59,24.32,7,6
1886,2f49c897,Mohammed Siraj,male,India,49,19,57,133,9,11,3,0,0,0,7.12,42.86,48,2197,76,1849,5.05,24.33,6,1
1887,feb37330,Moin Khan,male,Pakistan,15,15,274,313,72,5,21,3,2,0,27.4,87.54,0,0,0,0,0.0,0.0,0,0
1888,de0a3209,Mominul Haque,male,Bangladesh,22,22,495,655,60,1,54,1,2,0,23.57,75.57,10,156,6,137,5.27,22.83,2,0
1889,075e9f9c,Moniruzzaman,male,Bangladesh,2,2,1,20,1,0,0,0,0,0,0.5,5.0,0,0,0,0,0.0,0.0,0,0
1890,8919756f,Mosaddek Hossain,male,Bangladesh,43,36,691,782,86,10,62,15,5,0,26.58,88.36,41,1124,15,983,5.25,65.53,3,0
1891,8eb611d0,Mosharraf Hossain,male,Bangladesh,4,4,22,61,8,1,0,0,0,0,7.33,36.07,4,150,1,123,4.92,123.0,1,0
1892,35f173a0,MP Breetzke,male,South Africa,12,12,706,728,150,1,60,17,6,1,64.18,96.98,0,0,0,0,0.0,0.0,0,0
1893,7b953689,MP Kuhnemann,male,Australia,8,5,54,95,24,1,5,0,0,0,13.5,56.84,8,432,13,325,4.51,25.0,3,0
1894,b699df47,MP O'Dowd,male,Netherlands,70,70,2258,3070,158,4,219,36,16,1,34.21,73.55,11,129,1,149,6.93,149.0,1,0
1895,d9273ee7,MP Stoinis,male,Australia,68,63,1489,1583,146,8,133,49,6,1,27.07,94.06,62,2023,46,2031,6.02,44.15,3,0
1896,6e1b1ec0,MP Vaughan,male,England,57,56,1382,2044,90,6,143,10,10,0,27.64,67.61,18,516,9,418,4.86,46.44,3,0
1897,fb16f6e7,MQ Sheikh,male,Scotland,2,2,6,20,4,0,0,0,0,0,3.0,30.0,0,0,0,0,0.0,0.0,0,0
1898,fc55ec67,MR Adair,male,Ireland,49,34,448,409,32,13,34,21,0,0,21.33,109.54,47,2225,61,2139,5.77,35.07,4,0
1899,7d7ab238,MR Gillespie,male,New Zealand,26,10,80,92,28,5,8,1,0,0,16.0,86.96,26,1284,28,1192,5.57,42.57,3,0
1900,2b30ca91,MR Johnson,male,United States of America,2,2,20,19,20,0,3,0,0,0,10.0,105.26,0,0,0,0,0.0,0.0,0,0
1901,3d8feaf8,MR Marsh,male,Australia,96,93,3066,3246,177,12,283,101,20,4,37.85,94.45,69,2195,57,2011,5.5,35.28,5,1
1902,a75a78eb,MR Swart,male,Netherlands,6,5,59,74,29,0,6,1,0,0,11.8,79.73,5,144,1,115,4.79,115.0,1,0
1903,21b97584,Mrittunjoy Chowdhury,male,Bangladesh,1,1,8,11,8,0,0,0,0,0,8.0,72.73,1,48,0,64,8.0,0.0,0,0
1904,1252f71a,MRJ Watt,male,Scotland,82,61,916,1104,66,19,70,25,2,0,21.81,82.97,82,4296,108,3089,4.31,28.6,5,1
1905,8a686d30,MS Atapattu,male,Sri Lanka,65,65,2025,2924,124,7,201,0,10,3,34.91,69.25,0,0,0,0,0.0,0.0,0,0
1906,7fa12533,MS Chapman,male,New Zealand,31,31,1005,965,132,3,95,35,5,3,35.89,104.15,0,0,0,0,0.0,0.0,0,0
1907,4a8a2e3b,MS Dhoni,male,India,281,279,10274,11774,148,79,787,210,72,9,51.37,87.26,2,36,1,31,5.17,31.0,1,0
1908,ae78bc32,MS Gony,male,India,2,0,0,0,0,0,0,0,0,0,0.0,0.0,2,78,2,76,5.85,38.0,2,0
1909,8d0ea930,MS Kasprowicz,male,Australia,16,4,11,19,9,3,1,0,0,0,11.0,57.89,16,860,31,573,4.0,18.48,5,2
1910,5a37ec26,MS Panesar,male,England,26,7,26,89,13,2,2,0,0,0,5.2,29.21,26,1308,24,980,4.5,40.83,3,0
1911,1b668884,MS Sinclair,male,New Zealand,15,15,367,553,78,3,32,2,3,0,30.58,66.37,0,0,0,0,0.0,0.0,0,0
1912,e9c14262,MS Tshabalala,male,South Africa,4,1,2,3,2,1,0,0,0,0,0.0,66.67,4,150,3,151,6.04,50.33,1,0
1913,afa7e784,MS Wade,male,Australia,82,82,1792,2176,100,12,127,33,10,1,25.6,82.35,0,0,0,0,0.0,0.0,0,0
1914,aed55673,MT Chinouya,male,Zimbabwe,2,2,6,8,6,1,1,0,0,0,6.0,75.0,2,66,1,50,4.55,50.0,1,0
1915,218d4d78,MT Renshaw,male,Australia,9,9,217,242,61,1,12,3,2,0,27.12,89.67,6,198,6,155,4.7,25.83,2,0
1916,37312a74,Mudassar Bukhari,male,Netherlands,15,12,126,179,28,1,5,4,0,0,11.45,70.39,15,588,15,495,5.05,33.0,3,0
1917,1294ee6d,Muhammad Arfan,male,United Arab Emirates,2,1,9,3,9,1,2,0,0,0,0.0,300.0,2,77,4,74,5.77,18.5,2,0
1918,8f3c6b8a,Muhammad Farooq,male,United Arab Emirates,2,2,4,16,4,0,1,0,0,0,2.0,25.0,2,78,0,66,5.08,0.0,0,0
1919,098a757c,Muhammad Jawadullah,male,United Arab Emirates,16,9,15,22,13,5,1,1,0,0,3.75,68.18,16,686,20,677,5.92,33.85,3,0
1920,9b8a3c39,Muhammad Musa,male,Pakistan,2,1,9,3,9,1,2,0,0,0,0.0,300.0,2,97,2,101,6.25,50.5,2,0
1921,9103ecdb,Muhammad Rohid,male,United Arab Emirates,3,2,14,19,8,2,2,0,0,0,0.0,73.68,3,180,2,150,5.0,75.0,1,0
1922,a8ac334b,Muhammad Shahdad,male,United Arab Emirates,9,9,319,424,96,0,20,11,3,0,35.44,75.24,7,201,4,189,5.64,47.25,2,0
1923,45642393,Muhammad Usman,male,United Arab Emirates,34,34,888,1178,102,4,80,20,3,1,29.6,75.38,0,0,0,0,0.0,0.0,0,0
1924,5278cecc,Muhammed Imran,male,Oman,5,2,2,9,2,1,0,0,0,0,2.0,22.22,5,192,10,188,5.88,18.8,5,1
1925,e88468b7,Mujibur Ali,male,Oman,8,8,136,230,43,1,13,0,0,0,19.43,59.13,8,207,3,182,5.28,60.67,2,0
1926,2cffab74,Mukesh Kumar,male,India,6,2,10,15,6,1,2,0,0,0,10.0,66.67,6,234,5,217,5.56,43.4,3,0
1927,04029c44,Munir Dar,male,Hong Kong,2,2,18,16,14,0,4,0,0,0,9.0,112.5,2,108,0,89,4.94,0.0,0,0
1928,ec9db8a7,Musa Ahmed,male,Netherlands,13,13,238,371,61,0,20,3,1,0,18.31,64.15,1,6,0,5,5.0,0.0,0,0
1929,a94e08ea,Mushfiqur Rahim,male,Bangladesh,227,227,7096,8753,144,40,568,94,44,9,37.95,81.07,0,0,0,0,0.0,0.0,0,0
1930,3fc3b204,Mushfiqur Rahman,male,Bangladesh,14,14,208,400,36,2,19,0,0,0,17.33,52.0,14,643,8,498,4.65,62.25,2,0
1931,0d08cbcb,Mushtaq Ahmed,male,Pakistan,1,0,0,0,0,0,0,0,0,0,0.0,0.0,1,60,0,65,6.5,0.0,0,0
1932,0a8fce53,Mustafizur Rahman,male,Bangladesh,110,51,165,338,20,26,18,1,0,0,6.6,48.82,110,5332,174,4607,5.18,26.48,6,6
1933,60606200,Muzahir Raza,male,Oman,4,1,10,7,10,0,2,0,0,0,10.0,142.86,4,96,2,45,2.81,22.5,1,0
1934,f3cb53a1,MV Boucher,male,South Africa,106,106,2617,2893,147,28,199,55,12,1,33.55,90.46,0,0,0,0,0.0,0.0,0,0
1935,5eef2118,MVT Fernando,male,Sri Lanka,8,8,30,61,7,6,3,0,0,0,15.0,49.18,8,297,5,337,6.81,67.4,1,0
1936,83d17bbc,MW Forde,male,West Indies,20,16,224,193,58,2,16,15,1,0,16.0,116.06,19,879,27,844,5.76,31.26,3,0
1937,487b8546,MW Jones,male,Scotland,3,1,9,5,9,1,0,1,0,0,0.0,180.0,3,120,4,161,8.05,40.25,3,0
1938,8c7d6cbe,MW Machan,male,Scotland,11,11,393,483,86,0,36,4,3,0,35.73,81.37,9,222,4,219,5.92,54.75,1,0
1939,19708692,MW Parkinson,male,England,5,1,7,8,7,1,1,0,0,0,0.0,87.5,5,208,5,203,5.86,40.6,2,0
1940,a90e53ec,MW Short,male,Australia,22,20,442,513,74,0,45,10,4,0,22.1,86.16,18,420,6,386,5.51,64.33,3,0
1941,a3b936c8,MWA van Nierop,male,Netherlands,1,1,4,14,4,0,1,0,0,0,4.0,28.57,0,0,0,0,0.0,0.0,0,0
1942,6a0537aa,N Boje,male,South Africa,20,11,215,211,50,6,23,2,1,0,43.0,101.9,20,920,16,690,4.5,43.12,2,0
1943,465aa633,N Burger,male,South Africa,12,7,39,92,17,4,2,0,0,0,13.0,42.39,12,563,21,575,6.13,27.38,4,0
1944,72e361fe,N Davin,male,Namibia,12,12,165,205,40,0,18,4,0,0,13.75,80.49,0,0,0,0,0.0,0.0,0,0
1945,caf1b14c,N Deonarine,male,West Indies,26,25,546,852,65,3,48,6,3,0,24.82,64.08,16,393,4,366,5.59,91.5,2,0
1946,45963d9e,N Dickwella,male,Sri Lanka,52,52,1604,1713,116,1,187,12,9,2,31.45,93.64,0,0,0,0,0.0,0.0,0,0
1947,e258a603,N Dutta,male,Canada,6,5,70,120,45,2,2,2,0,0,23.33,58.33,5,234,2,176,4.51,88.0,1,0
1948,efa04f87,N Fernandes,male,United Arab Emirates,1,1,5,13,5,0,0,0,0,0,5.0,38.46,0,0,0,0,0.0,0.0,0,0
1949,f76ffa81,N Hussain,male,England,11,11,213,319,54,0,15,0,1,0,19.36,66.77,0,0,0,0,0.0,0.0,0,0
1950,1d5dd8a6,N Ifill,male,Canada,3,2,16,43,9,0,2,0,0,0,8.0,37.21,3,72,0,88,7.33,0.0,0,0
1951,12f6b3bd,N Kruger,male,Netherlands,1,1,5,20,5,0,0,0,0,0,5.0,25.0,0,0,0,0,0.0,0.0,0,0
1952,dd468277,N M'shangwe,male,Zimbabwe,4,4,38,42,16,0,0,5,0,0,9.5,90.48,4,216,1,163,4.53,163.0,1,0
1953,4a36c370,N Madziva,male,Zimbabwe,9,8,59,121,25,2,5,0,0,0,9.83,48.76,9,396,13,409,6.2,31.46,4,0
1954,fd4afedb,N Ncube,male,Zimbabwe,1,0,0,0,0,0,0,0,0,0,0.0,0.0,1,53,3,69,7.81,23.0,3,0
1955,212aeedd,N Peter,male,South Africa,2,1,16,31,16,0,2,0,0,0,16.0,51.61,2,72,3,73,6.08,24.33,3,0
1956,87a92b6b,N Pokana,male,Papua New Guinea,16,11,54,122,11,6,3,1,0,0,10.8,44.26,16,795,26,544,4.11,20.92,3,0
1957,3241e3fd,N Pooran,male,West Indies,54,54,1829,1863,118,7,142,75,9,3,38.91,98.17,7,169,6,174,6.18,29.0,4,0
1958,2af838ee,N Pradeep,male,Sri Lanka,47,19,35,77,7,12,3,1,0,0,5.0,45.45,45,2243,58,2263,6.05,39.02,4,0
1959,fb2d1dda,N Rana,male,India,1,1,7,14,7,0,0,0,0,0,7.0,50.0,1,18,0,10,3.33,0.0,0,0
1960,a36915ce,N Vanua,male,Papua New Guinea,51,49,769,957,60,4,39,45,2,0,17.09,80.36,49,2119,51,1823,5.16,35.75,4,0
1961,15d1b59e,NA de Groot,male,Canada,6,6,44,127,17,0,6,0,0,0,7.33,34.65,3,81,3,88,6.52,29.33,2,0
1962,7ca68967,NA Greenwood,male,Jersey,4,4,35,66,14,0,3,0,0,0,8.75,53.03,0,0,0,0,0.0,0.0,0,0
1963,43f4087c,NA Rock,male,Ireland,2,2,7,22,5,0,0,0,0,0,3.5,31.82,0,0,0,0,0.0,0.0,0,0
1964,0db94786,NA Statham,male,Netherlands,2,2,7,44,7,0,0,0,0,0,3.5,15.91,0,0,0,0,0.0,0.0,0,0
1965,023f6b02,Nadeem Ahmed,male,Hong Kong,17,11,55,128,14,2,5,0,0,0,6.11,42.97,17,882,25,647,4.4,25.88,4,0
1966,8a28c5d4,Nadeem Khan,male,Oman,3,3,17,19,12,0,2,1,0,0,5.67,89.47,3,174,8,138,4.76,17.25,3,0
1967,02e83ac5,Naeem Islam,male,Bangladesh,50,45,842,1210,84,14,73,12,5,0,27.16,69.59,41,1393,31,1144,4.93,36.9,3,0
1968,c5b87d8c,Nafees Iqbal,male,Bangladesh,9,9,128,260,58,0,12,0,1,0,14.22,49.23,0,0,0,0,0.0,0.0,0,0
1969,5318ee68,Nahid Rana,male,Bangladesh,13,5,12,30,5,5,2,0,0,0,0.0,40.0,13,730,30,563,4.63,18.77,6,3
1970,25e26a23,Najeeb Amar,male,Hong Kong,2,2,34,41,21,1,5,0,0,0,34.0,82.93,2,120,2,75,3.75,37.5,2,0
1971,174369f2,NAM McLean,male,West Indies,1,1,5,7,5,0,0,0,0,0,5.0,71.43,1,36,0,38,6.33,0.0,0,0
1972,c63671e9,Naseem Khushi,male,Oman,24,24,360,326,69,1,24,19,1,0,15.65,110.43,0,0,0,0,0.0,0.0,0,0
1973,9c9af282,Naseem Shah,male,Pakistan,32,16,196,220,51,6,9,12,1,0,19.6,89.09,31,1617,58,1498,5.56,25.83,5,2
1974,e70a0811,Nasir Aziz,male,United Arab Emirates,3,2,81,122,60,0,11,0,1,0,40.5,66.39,3,156,1,147,5.65,147.0,1,0
1975,6eea0b32,Nasir Hossain,male,Bangladesh,63,51,1240,1540,100,8,111,14,6,1,28.84,80.52,42,1241,24,980,4.74,40.83,3,0
1976,4c4a06fb,Nasir Jamshed,male,Pakistan,48,48,1418,1880,112,3,150,19,8,3,31.51,75.43,0,0,0,0,0.0,0.0,0,0
1977,474a8333,Nasir Javed,male,United States of America,1,1,2,18,2,1,0,0,0,0,0.0,11.11,0,0,0,0,0.0,0.0,0,0
1978,37654b75,Nasum Ahmed,male,Bangladesh,17,11,171,201,44,2,17,6,0,0,19.0,85.07,17,865,18,655,4.54,36.39,3,0
1979,a6c84e0e,Naumanullah,male,Pakistan,1,1,5,4,5,0,1,0,0,0,5.0,125.0,0,0,0,0,0.0,0.0,0,0
1980,21d4e29b,Navdeep Saini,male,India,8,5,107,136,45,3,9,3,0,0,53.5,78.68,8,420,6,481,6.87,80.17,2,0
1981,261d6559,Naved Latif,male,Pakistan,2,2,7,16,4,0,0,0,0,0,3.5,43.75,0,0,0,0,0.0,0.0,0,0
1982,33f28243,Naved-ul-Hasan,male,Pakistan,62,42,449,508,33,15,31,14,0,0,16.63,88.39,60,2842,86,2600,5.49,30.23,4,0
1983,4aef496b,Nazimuddin,male,Bangladesh,11,11,147,235,47,0,18,2,0,0,13.36,62.55,0,0,0,0,0.0,0.0,0,0
1984,5e5eab39,Nazmul Hossain,male,Bangladesh,26,9,15,77,6,5,0,0,0,0,3.75,19.48,25,1106,28,967,5.25,34.54,4,0
1985,1274d7ab,Nazmul Hossain Shanto,male,Bangladesh,57,57,1742,2214,122,4,193,17,10,3,32.87,78.68,7,100,2,102,6.12,51.0,1,0
1986,6575e3bc,Nazmul Islam,male,Bangladesh,4,1,7,13,7,0,0,0,0,0,7.0,53.85,4,216,5,195,5.42,39.0,2,0
1987,0cc343b0,NB Mahwire,male,Zimbabwe,10,8,40,106,10,1,2,0,0,0,5.71,37.74,9,358,7,295,4.94,42.14,2,0
1988,a830c083,ND McKenzie,male,South Africa,7,7,182,254,63,1,16,0,2,0,30.33,71.65,0,0,0,0,0.0,0.0,0,0
1989,59ddd811,NE Bonner,male,West Indies,6,6,85,135,31,1,6,0,0,0,17.0,62.96,3,65,1,55,5.08,55.0,1,0
1990,b878fc9a,Nestor Dhamba,male,Oman,8,5,23,52,10,2,1,0,0,0,7.67,44.23,8,306,11,208,4.08,18.91,3,0
1991,97f437ed,NF Kelly,male,New Zealand,8,8,265,350,83,0,33,5,3,0,33.12,75.71,0,0,0,0,0.0,0.0,0,0
1992,ef5cbaf6,NFI McCallum,male,Scotland,10,10,233,350,121,2,22,5,0,1,29.12,66.57,0,0,0,0,0.0,0.0,0,0
1993,c5326dd0,NG Jones,male,Ireland,4,2,7,10,5,0,0,0,0,0,3.5,70.0,4,156,4,79,3.04,19.75,2,0
1994,05b1aef8,NG Smith,male,New Zealand,21,15,115,171,21,4,7,0,0,0,10.45,67.25,21,817,24,859,6.31,35.79,4,0
1995,127bc5ca,NGRP Jayasuriya,male,Sri Lanka,2,2,11,13,11,1,1,0,0,0,11.0,84.62,2,96,0,95,5.94,0.0,0,0
1996,424a7994,Nilansh Keswani,male,United Arab Emirates,2,2,18,34,18,0,1,0,0,0,9.0,52.94,2,54,1,57,6.33,57.0,1,0
1997,aad0c365,Nithish Kumar Reddy,male,India,4,4,100,99,53,1,3,5,1,0,33.33,101.01,4,91,0,106,6.99,0.0,0,0
1998,e3eb9e46,Nizakat Khan,male,Hong Kong,15,15,508,612,93,0,56,12,2,0,33.87,83.01,5,108,3,89,4.94,29.67,1,0
1999,99639abf,NJ Astle,male,New Zealand,43,43,1571,2005,145,6,163,19,9,4,42.46,78.35,21,401,6,340,5.09,56.67,3,0
2000,84826f48,NJ O'Brien,male,Ireland,63,63,1692,2344,109,6,140,25,12,1,29.68,72.18,0,0,0,0,0.0,0.0,0,0
2001,c6e10e5c,NK Patel,male,United States of America,38,32,477,685,52,6,34,8,1,0,18.35,69.64,36,1531,39,1191,4.67,30.54,4,0
2002,737e595d,NK Yadav,male,Nepal,10,7,24,53,10,2,1,0,0,0,4.8,45.28,10,367,12,340,5.56,28.33,3,0
2003,5673a3fc,NL McCullum,male,New Zealand,82,62,1070,1214,65,11,69,33,4,0,20.98,88.14,81,3536,63,2956,5.02,46.92,3,0
2004,0f12f9df,NLTC Perera,male,Sri Lanka,157,128,2233,1974,140,14,168,83,10,1,19.59,113.12,152,5666,164,5563,5.89,33.92,6,3
2005,7805af0f,NM Carter,male,Scotland,1,1,0,6,0,0,0,0,0,0,0.0,0.0,1,60,1,56,5.6,56.0,1,0
2006,56ab442f,NM Coulter-Nile,male,Australia,31,20,252,262,92,5,20,6,1,0,16.8,96.18,31,1630,52,1519,5.59,29.21,4,0
2007,8ea6e670,NM Hauritz,male,Australia,49,27,295,308,53,13,20,6,1,0,21.07,95.78,48,2364,53,1866,4.74,35.21,4,0
2008,96a6a7ad,NM Lyon,male,Australia,29,13,77,83,30,9,7,2,0,0,19.25,92.77,29,1626,29,1334,4.92,46.0,4,0
2009,c07a1f41,NM Odhiambo,male,Kenya,1,0,0,0,0,0,0,0,0,0,0.0,0.0,1,60,2,38,3.8,19.0,2,0
2010,753b5a2d,NN Odhiambo,male,Kenya,22,18,189,286,44,2,19,1,0,0,11.81,66.08,22,882,21,877,5.97,41.76,3,0
2011,ea3ffd1b,NO Miller,male,West Indies,39,26,279,355,51,12,23,4,1,0,19.93,78.59,38,1703,32,1394,4.91,43.56,4,0
2012,f7d267f7,NP Kenjige,male,United States of America,62,42,440,635,43,16,30,5,0,0,16.92,69.29,61,2933,61,2053,4.2,33.66,5,1
2013,6b75c2b1,NR Kirton,male,Canada,29,28,693,909,73,4,48,16,6,0,28.88,76.24,8,162,4,136,5.04,34.0,2,0
2014,b3bad3f2,NR Kumar,male,Canada,11,11,177,292,38,1,15,0,0,0,17.7,60.62,2,66,2,63,5.73,31.5,2,0
2015,f427e63e,NRJ Croes,male,Netherlands,23,23,538,703,70,3,46,2,2,0,26.9,76.53,0,0,0,0,0.0,0.0,0,0
2016,cbabd6ad,NS Dhaliwal,male,Canada,17,17,456,797,87,0,41,9,4,0,26.82,57.21,1,6,0,20,20.0,0.0,0,0
2017,e343abe9,NS Poonia,male,Scotland,6,6,12,40,8,0,0,0,0,0,2.0,30.0,0,0,0,0,0.0,0.0,0,0
2018,a354c917,NT Broom,male,New Zealand,37,37,919,1142,109,3,78,10,5,1,27.03,80.47,0,0,0,0,0.0,0.0,0,0
2019,9eb1455b,NT Ellis,male,Australia,21,17,130,159,18,5,8,6,0,0,10.83,81.76,21,1035,27,907,5.26,33.59,4,0
2020,943ca0cd,NT Nyamhuri,male,Zimbabwe,3,1,33,51,33,0,5,0,0,0,33.0,64.71,3,96,2,77,4.81,38.5,2,0
2021,d69c9b12,NT Pascal,male,West Indies,1,1,0,1,0,0,0,0,0,0,0.0,0.0,1,24,0,29,7.25,0.0,0,0
2022,d365d463,Nurul Hasan,male,Bangladesh,11,11,282,303,45,5,26,6,0,0,47.0,93.07,0,0,0,0,0.0,0.0,0,0
2023,d2f3829d,NV Knight,male,England,13,13,390,522,88,0,31,2,3,0,30.0,74.71,0,0,0,0,0.0,0.0,0,0
2024,890946a0,NV Ojha,male,India,1,1,1,7,1,0,0,0,0,0,1.0,14.29,0,0,0,0,0.0,0.0,0,0
2025,4c61a0f9,NW Bracken,male,Australia,100,31,174,262,21,15,11,3,0,0,10.88,66.41,100,5009,154,3706,4.44,24.06,5,2
2026,63249474,O Davidson,male,Scotland,9,4,34,64,14,1,1,1,0,0,11.33,53.12,9,396,7,322,4.88,46.0,2,0
2027,b57e43e2,O Jones,male,Scotland,2,1,2,6,2,0,0,0,0,0,2.0,33.33,2,66,0,56,5.09,0.0,0,0
2028,c6097d68,O Thomas,male,West Indies,23,14,22,73,7,9,2,0,0,0,4.4,30.14,23,878,30,991,6.77,33.03,5,1
2029,7bf96684,OA Shah,male,England,53,52,1579,1913,107,4,124,26,10,1,32.9,82.54,10,193,7,184,5.72,26.29,3,0
2030,8692a3f1,OAC Banks,male,West Indies,2,2,45,58,33,0,0,2,0,0,22.5,77.59,2,108,4,68,3.78,17.0,2,0
2031,529eb9e0,OC McCoy,male,West Indies,2,1,0,1,0,1,0,0,0,0,0.0,0.0,2,84,4,109,7.79,27.25,2,0
2032,6b9eb501,OEG Baartman,male,South Africa,6,5,16,37,10,4,0,0,0,0,16.0,43.24,6,252,8,221,5.26,27.62,2,0
2033,23cca426,OF Smith,male,West Indies,9,8,199,118,46,1,14,15,0,0,28.43,168.64,9,283,10,261,5.53,26.1,2,0
2034,9c8448ba,OJ Peake,male,Australia,4,4,72,93,31,0,5,3,0,0,18.0,77.42,0,0,0,0,0.0,0.0,0,0
2035,f71de062,OL Pitcher,male,Bermuda,3,3,28,79,22,0,2,0,0,0,9.33,35.44,0,0,0,0,0.0,0.0,0,0
2036,edfe226f,Omid Shafi Rahman,male,United Arab Emirates,2,2,1,7,1,1,0,0,0,0,1.0,14.29,2,78,0,104,8.0,0.0,0,0
2037,9a137157,OO Bascome,male,Bermuda,1,1,17,45,17,0,2,0,0,0,17.0,37.78,0,0,0,0,0.0,0.0,0,0
2038,3f659464,OP Stone,male,England,9,6,24,35,9,3,2,0,0,0,8.0,68.57,9,394,9,399,6.08,44.33,4,0
2039,b7d1eadd,P Jayawickrama,male,Sri Lanka,5,3,7,12,4,2,1,0,0,0,7.0,58.33,5,198,5,177,5.36,35.4,3,0
2040,12c3ba4d,P Khadka,male,Nepal,8,8,252,307,115,1,33,3,0,1,36.0,82.08,7,276,4,193,4.2,48.25,2,0
2041,e938e1bc,P Kumar,male,India,67,33,292,328,54,12,25,7,1,0,13.9,89.02,67,3242,77,2774,5.13,36.03,4,0
2042,1b6fef02,P Mustard,male,England,9,9,219,237,83,0,25,5,1,0,24.33,92.41,0,0,0,0,0.0,0.0,0,0
2043,8ee36b18,P Nissanka,male,Sri Lanka,67,67,2311,2710,137,3,295,25,17,5,36.11,85.28,0,0,0,0,0.0,0.0,0,0
2044,c1fdfb46,P Rathnayake,male,Sri Lanka,5,5,218,237,121,0,17,3,0,1,43.6,91.98,1,6,0,12,12.0,0.0,0,0
2045,82294960,P Sarraf,male,Nepal,12,10,72,115,15,1,6,2,0,0,8.0,62.61,10,322,6,251,4.68,41.83,2,0
2046,7ec9711d,P Subrayen,male,South Africa,2,2,18,18,17,0,1,1,0,0,9.0,100.0,2,120,1,119,5.95,119.0,1,0
2047,9de271ef,P Utseya,male,Zimbabwe,117,97,1114,1880,68,38,76,11,3,0,18.88,59.26,115,6133,91,4773,4.67,52.45,5,1
2048,7a98bc7a,PA Browne,male,West Indies,5,5,134,177,49,1,7,6,0,0,33.5,75.71,0,0,0,0,0.0,0.0,0,0
2049,34ff9e07,PA de Silva,male,Sri Lanka,13,13,390,469,92,0,34,7,3,0,30.0,83.16,13,565,14,473,5.02,33.79,4,0
2050,fccf5309,PA Desai,male,Canada,4,1,2,12,2,1,0,0,0,0,0.0,16.67,4,180,6,115,3.83,19.17,3,0
2051,27d1cc51,PA Hitchcock,male,New Zealand,7,5,32,49,11,2,3,1,0,0,10.67,65.31,7,282,5,254,5.4,50.8,3,0
2052,03252e44,PA Jaques,male,Australia,5,5,123,161,94,0,16,1,1,0,24.6,76.4,0,0,0,0,0.0,0.0,0,0
2053,f14c62e4,PA Nixon,male,England,18,18,297,346,49,4,21,7,0,0,21.21,85.84,0,0,0,0,0.0,0.0,0,0
2054,b5da6c24,PA Patel,male,India,29,29,693,865,95,3,75,7,4,0,26.65,80.12,0,0,0,0,0.0,0.0,0,0
2055,4557dc54,PA van Meekeren,male,Netherlands,34,23,111,155,21,7,8,3,0,0,6.94,71.61,34,1708,59,1535,5.39,26.02,5,1
2056,79aad751,PADLR Sandakan,male,Sri Lanka,30,19,64,140,16,7,4,0,0,0,5.33,45.71,30,1488,27,1544,6.23,57.19,4,0
2057,e32d22f6,Pankaj Singh,male,India,1,1,3,3,3,1,0,0,0,0,0.0,100.0,1,42,0,45,6.43,0.0,0,0
2058,d2e67105,Pargat Singh,male,Canada,31,31,1034,1384,102,1,117,16,7,1,34.47,74.71,7,185,6,156,5.06,26.0,2,0
2059,5f75a7c5,PARP Perera,male,Sri Lanka,2,2,33,58,33,0,2,0,0,0,16.5,56.9,0,0,0,0,0.0,0.0,0,0
2060,e6b3c3cc,Parveen Kumar,male,Canada,6,4,41,47,23,1,5,0,0,0,13.67,87.23,6,303,4,202,4.0,50.5,2,0
2061,489aaf0a,Parvez Hossain Emon,male,Bangladesh,3,3,108,127,67,0,13,3,1,0,36.0,85.04,0,0,0,0,0.0,0.0,0,0
2062,9170ff49,Parvez Rasool,male,India,1,0,0,0,0,0,0,0,0,0,0.0,0.0,1,60,2,60,6.0,30.0,2,0
2063,6c882e9a,PBB Rajapaksa,male,Sri Lanka,5,5,89,85,65,0,14,2,1,0,17.8,104.71,0,0,0,0,0.0,0.0,0,0
2064,5500c675,PC Connell,male,Ireland,4,2,6,23,6,0,1,0,0,0,3.0,26.09,4,180,7,193,6.43,27.57,3,0
2065,b40ee8a8,PC de Silva,male,Sri Lanka,6,6,77,96,44,1,9,0,0,0,15.4,80.21,6,258,3,227,5.28,75.67,1,0
2066,20ab5aad,PD Blignaut,male,Namibia,1,0,0,0,0,0,0,0,0,0,0.0,0.0,1,24,1,28,7.0,28.0,1,0
2067,a386e91b,PD Collingwood,male,England,153,145,4148,5378,120,29,300,60,23,3,35.76,77.13,120,4234,86,3425,4.85,39.83,4,0
2068,8ec9db50,PD Macchi,male,Oman,4,4,23,47,12,0,3,0,0,0,5.75,48.94,0,0,0,0,0.0,0.0,0,0
2069,024fe464,PD McGlashan,male,New Zealand,2,2,63,51,56,1,6,1,1,0,63.0,123.53,0,0,0,0,0.0,0.0,0,0
2070,3d284ca3,PD Salt,male,England,30,30,976,847,122,0,133,20,5,1,32.53,115.23,0,0,0,0,0.0,0.0,0,0
2071,f6b5d11a,PDRL Perera,male,Sri Lanka,13,4,5,9,4,2,0,0,0,0,2.5,55.56,13,540,11,490,5.44,44.55,3,0
2072,10a2a1ff,PG Fulton,male,New Zealand,43,43,1216,1676,83,5,104,18,8,0,32.0,72.55,0,0,0,0,0.0,0.0,0,0
2073,d7d744e5,PG Gillespie,male,Ireland,2,2,2,11,2,0,0,0,0,0,1.0,18.18,0,0,0,0,0.0,0.0,0,0
2074,08548b13,PHKD Mendis,male,Sri Lanka,28,27,539,674,64,6,41,14,3,0,25.67,79.97,15,300,6,326,6.52,54.33,3,0
2075,ef6aea67,PHT Kaushal,male,Sri Lanka,1,1,0,1,0,0,0,0,0,0,0.0,0.0,1,36,0,25,4.17,0.0,0,0
2076,ded9240e,PJ Cummins,male,Australia,88,57,525,634,37,20,42,12,0,0,14.19,82.81,88,4585,140,4029,5.27,28.78,5,1
2077,56c205b7,PJ Forrest,male,Australia,14,14,368,561,104,0,34,4,3,1,26.29,65.6,0,0,0,0,0.0,0.0,0,0
2078,004c9e85,PJ Hughes,male,Australia,24,24,826,1098,138,1,91,5,4,2,35.91,75.23,0,0,0,0,0.0,0.0,0,0
2079,5bd3bb5d,PJ Ingram,male,New Zealand,7,7,193,237,69,0,30,0,1,0,27.57,81.43,0,0,0,0,0.0,0.0,0,0
2080,a1d3540a,PJ Moor,male,Zimbabwe,32,32,520,763,50,2,29,20,1,0,17.33,68.15,0,0,0,0,0.0,0.0,0,0
2081,27cc4361,PJ Ongondo,male,Kenya,32,26,150,247,20,7,9,4,0,0,7.89,60.73,32,1260,34,977,4.65,28.74,5,1
2082,7157a72f,PJC Hoffmann,male,Scotland,5,3,30,23,18,1,4,1,0,0,15.0,130.43,5,192,1,175,5.47,175.0,1,0
2083,94edecfe,PJK Mooney,male,Ireland,2,2,11,8,11,1,1,0,0,0,11.0,137.5,2,51,0,57,6.71,0.0,0,0
2084,8c2aa0f9,PKD Chase,male,Ireland,13,8,22,31,14,2,1,1,0,0,3.67,70.97,13,629,19,764,7.29,40.21,3,0
2085,fd093ca9,PL Harris,male,South Africa,3,0,0,0,0,0,0,0,0,0,0.0,0.0,3,180,3,83,2.77,27.67,2,0
2086,a56f4b65,PL Mommsen,male,Scotland,19,19,601,774,111,4,49,3,4,1,40.07,77.65,0,0,0,0,0.0,0.0,0,0
2087,08bae9d5,PLS Gamage,male,Sri Lanka,9,5,4,27,3,3,0,0,0,0,2.0,14.81,9,402,9,392,5.85,43.56,4,0
2088,3ee0050f,PM Liyanagamage,male,Sri Lanka,10,9,53,120,15,2,6,0,0,0,7.57,44.17,10,376,8,446,7.12,55.75,3,0
2089,b529630e,PM Pushpakumara,male,Sri Lanka,2,2,11,26,8,0,0,1,0,0,5.5,42.31,2,114,1,105,5.53,105.0,1,0
2090,abbdca1a,PM Seelaar,male,Netherlands,27,20,218,364,43,1,20,3,0,0,11.47,59.89,27,1271,26,1012,4.78,38.92,4,0
2091,bd93fea4,PM Siddle,male,Australia,19,6,31,30,10,3,2,0,0,0,10.33,103.33,19,901,17,743,4.95,43.71,3,0
2092,98ae73b1,PP Chawla,male,India,25,12,38,57,13,5,3,0,0,0,5.43,66.67,25,1312,32,1117,5.11,34.91,4,0
2093,6c6591ab,PP Ojha,male,India,18,9,46,112,16,7,3,0,0,0,23.0,41.07,17,876,21,652,4.47,31.05,4,0
2094,8b3e9c7c,PP Shaw,male,India,6,6,189,166,49,0,32,2,0,0,31.5,113.86,0,0,0,0,0.0,0.0,0,0
2095,ae1bd901,PR Adams,male,South Africa,1,0,0,0,0,0,0,0,0,0,0.0,0.0,1,60,1,30,3.0,30.0,1,0
2096,cf494ffe,PR Stirling,male,Ireland,110,110,3548,4038,162,2,404,86,16,8,32.85,87.87,45,1458,22,1214,5.0,55.18,2,0
2097,c1077ba3,Pratis GC,male,Nepal,2,1,11,6,11,1,1,0,0,0,0.0,183.33,2,90,1,53,3.53,53.0,1,0
2098,80b2fb19,Prince Yadav,male,India,1,0,0,0,0,0,0,0,0,0,0.0,0.0,1,60,1,79,7.9,79.0,1,0
2099,a300e810,PRP Boissevain,male,Netherlands,3,3,33,55,15,0,2,0,0,0,11.0,60.0,3,129,1,192,8.93,192.0,1,0
2100,c2f12310,PS Athavale,male,Oman,7,7,103,169,34,0,14,0,0,0,14.71,60.95,0,0,0,0,0.0,0.0,0,0
2101,c4d740b3,PS Masvaure,male,Zimbabwe,2,2,40,59,39,0,2,0,0,0,20.0,67.8,1,18,0,19,6.33,0.0,0,0
2102,ada15e88,PSP Handscomb,male,Australia,20,20,632,648,117,1,47,6,4,1,33.26,97.53,0,0,0,0,0.0,0.0,0,0
2103,f1cb042f,PT Collins,male,West Indies,8,5,3,10,1,3,0,0,0,0,1.5,30.0,8,420,11,347,4.96,31.55,5,1
2104,327b58d3,PVD Chameera,male,Sri Lanka,54,36,292,487,29,12,22,3,0,0,12.17,59.96,53,2293,60,2116,5.54,35.27,5,1
2105,91052c96,PW Borren,male,Netherlands,18,17,413,456,84,3,42,8,3,0,29.5,90.57,14,486,5,436,5.38,87.2,1,0
2106,27410b17,PW Gunaratne,male,Sri Lanka,7,1,15,15,15,1,3,0,0,0,0.0,100.0,7,279,6,284,6.11,47.33,2,0
2107,c96f6ac5,PWA Mulder,male,South Africa,26,21,272,301,64,5,27,3,1,0,17.0,90.37,25,830,24,874,6.32,36.42,3,0
2108,a97c8ec2,PWH de Silva,male,Sri Lanka,63,54,1031,963,80,8,87,33,4,0,22.41,107.06,62,2944,98,2526,5.15,25.78,7,4
2109,372455c4,Q de Kock,male,South Africa,159,159,7014,7227,178,8,791,131,31,23,46.45,97.05,0,0,0,0,0.0,0.0,0,0
2110,9ac1dc9f,Qadeer Ahmed,male,United Arab Emirates,8,3,2,11,2,3,0,0,0,0,0.0,18.18,8,354,5,326,5.53,65.2,1,0
2111,6d8356ee,Qaiser Ali,male,Canada,5,5,38,95,15,0,4,0,0,0,7.6,40.0,2,84,1,54,3.86,54.0,1,0
2112,04d6d2e6,R Appidi,male,United States of America,1,0,0,0,0,0,0,0,0,0,0.0,0.0,1,54,1,75,8.33,75.0,1,0
2113,495d42a5,R Ashwin,male,India,114,61,707,812,65,18,60,7,1,0,16.44,87.07,113,6244,153,5154,4.95,33.69,4,0
2114,a71d0f89,R Chopra,male,United Arab Emirates,19,19,581,726,127,2,55,11,2,2,34.18,80.03,1,6,1,6,6.0,6.0,1,0
2115,8728a058,R Clarke,male,England,13,9,91,168,39,0,6,0,0,0,10.11,54.17,12,404,9,349,5.18,38.78,2,0
2116,8399a7af,R Dhakal,male,Nepal,3,2,5,6,4,1,0,0,0,0,5.0,83.33,3,144,3,153,6.38,51.0,2,0
2117,26a85969,R Dhawan,male,India,3,2,12,13,9,1,1,0,0,0,12.0,92.31,3,150,1,160,6.4,160.0,1,0
2118,0184dc35,R Dravid,male,India,118,118,3723,5080,103,20,348,17,34,1,37.99,73.29,0,0,0,0,0.0,0.0,0,0
2119,9b6ad88a,R Gunasekera,male,Canada,13,13,255,441,72,0,19,4,3,0,19.62,57.82,0,0,0,0,0.0,0.0,0,0
2120,c70448aa,R Hekure,male,Papua New Guinea,23,22,328,425,58,2,26,6,1,0,16.4,77.18,22,917,26,689,4.51,26.5,5,1
2121,ff1ec94d,R Klein,male,Netherlands,14,10,38,83,8,1,1,0,0,0,4.22,45.78,13,603,11,494,4.92,44.91,2,0
2122,c654af19,R McLaren,male,South Africa,51,41,485,680,71,15,42,6,1,0,18.65,71.32,50,2349,77,2053,5.24,26.66,4,0
2123,f4d6a5b0,R Murray,male,Zimbabwe,5,5,108,178,47,1,6,2,0,0,27.0,60.67,0,0,0,0,0.0,0.0,0,0
2124,5fef85ee,R Mutumbami,male,Zimbabwe,23,23,319,438,67,2,36,5,1,0,15.19,72.83,0,0,0,0,0.0,0.0,0,0
2125,6e3f5a5c,R Ngarava,male,Zimbabwe,47,30,271,322,48,13,28,8,0,0,15.94,84.16,47,2216,67,1980,5.36,29.55,5,1
2126,04a418e8,R Parag,male,India,1,1,15,13,15,0,2,0,0,0,15.0,115.38,1,54,3,54,6.0,18.0,3,0
2127,650d5e49,R Powell,male,West Indies,45,45,915,1018,101,3,60,40,2,1,21.79,89.88,13,254,3,261,6.17,87.0,1,0
2128,d68e7f48,R Rampaul,male,West Indies,76,35,338,438,86,7,31,13,1,0,12.07,77.17,76,3561,103,3040,5.12,29.51,5,2
2129,ba5e1069,R Ravindra,male,New Zealand,37,34,1392,1281,123,1,154,33,6,5,42.18,108.67,23,949,20,917,5.8,45.85,4,0
2130,5d9a1a73,R Sharma,male,India,4,1,1,2,1,0,0,0,0,0,1.0,50.0,4,206,6,177,5.16,29.5,3,0
2131,c5aef772,R Shepherd,male,West Indies,39,29,449,426,50,4,40,17,1,0,17.96,105.4,37,1454,31,1329,5.48,42.87,3,0
2132,543b4a1f,R Telemachus,male,South Africa,4,3,41,19,29,0,2,3,0,0,13.67,215.79,4,216,7,213,5.92,30.43,3,0
2133,ff6a7ab5,R Trumpelmann,male,Namibia,53,41,509,633,55,8,34,21,2,0,15.42,80.41,51,2496,74,1950,4.69,26.35,5,1
2134,8a58f203,R Ugarkar,male,United States of America,6,2,1,6,1,1,0,0,0,0,1.0,16.67,6,262,12,252,5.77,21.0,5,1
2135,41eb4a4f,R Vinay Kumar,male,India,31,12,86,146,27,3,5,2,0,0,9.56,58.9,31,1436,38,1423,5.95,37.45,4,0
2136,d32a4a41,R Walters,male,Namibia,2,2,0,5,0,0,0,0,0,0,0.0,0.0,0,0,0,0,0.0,0.0,0,0
2137,9c821d2e,RA Herman,male,South Africa,1,1,1,2,1,0,0,0,0,0,1.0,50.0,0,0,0,0,0.0,0.0,0,0
2138,fe93fd9d,RA Jadeja,male,India,203,137,2880,3357,87,48,209,55,13,0,32.36,85.79,199,10236,225,8364,4.9,37.17,5,2
2139,0a4735b4,RA Jones,male,New Zealand,3,3,96,181,63,0,7,1,1,0,32.0,53.04,0,0,0,0,0.0,0.0,0,0
2140,6d816d13,RA Mariu,male,New Zealand,2,2,76,85,58,0,9,2,1,0,38.0,89.41,0,0,0,0,0.0,0.0,0,0
2141,d7725664,RA Reifer,male,West Indies,6,5,51,101,27,0,1,0,0,0,10.2,50.5,5,161,6,149,5.55,24.83,2,0
2142,a63775d6,Rahat Ali,male,Pakistan,14,5,8,37,6,2,0,0,0,0,2.67,21.62,14,679,18,658,5.81,36.56,3,0
2143,acc321aa,Rajin Saleh,male,Bangladesh,26,26,515,1010,82,0,41,1,2,0,19.81,50.99,11,279,8,248,5.33,31.0,4,0
2144,e045c165,Rameez Shahzad,male,United Arab Emirates,25,25,848,1082,121,3,75,17,4,2,38.55,78.37,2,30,0,33,6.6,0.0,0,0
2145,6cc006ef,RAP Nissanka,male,Sri Lanka,9,6,31,80,11,3,2,0,0,0,10.33,38.75,9,379,11,289,4.58,26.27,4,0
2146,17efdeb8,Raqibul Hasan,male,Bangladesh,48,48,1177,1852,89,5,89,8,7,0,27.37,63.55,0,0,0,0,0.0,0.0,0,0
2147,2f28dc94,RAS Lakmal,male,Sri Lanka,82,45,229,390,26,19,16,3,0,0,8.81,58.72,81,3743,105,3443,5.52,32.79,4,0
2148,d32782ae,Rashid Latif,male,Pakistan,17,17,335,400,38,2,22,6,0,0,22.33,83.75,0,0,0,0,0.0,0.0,0,0
2149,d797ecfe,Rashid Zia,male,United States of America,2,2,9,57,8,0,2,0,0,0,4.5,15.79,2,59,0,69,7.02,0.0,0,0
2150,df064e1a,Ravi Bishnoi,male,India,1,1,4,1,4,1,1,0,0,0,0.0,400.0,1,48,1,69,8.62,69.0,1,0
2151,f80682f8,Ravinderpal Singh,male,Canada,5,5,77,102,34,0,5,3,0,0,15.4,75.49,0,0,0,0,0.0,0.0,0,0
2152,4f7279a4,Raza Hasan,male,Pakistan,1,1,0,2,0,0,0,0,0,0,0.0,0.0,1,60,1,68,6.8,68.0,1,0
2153,d146924b,Raza-ur-Rehman,male,Canada,5,4,174,210,88,0,24,0,2,0,43.5,82.86,4,110,1,114,6.22,114.0,1,0
2154,f011dfa3,RC Irani,male,England,10,10,118,197,39,2,7,0,0,0,14.75,59.9,10,473,8,356,4.52,44.5,3,0
2155,e21bc7f3,RD Berrington,male,Scotland,100,97,2972,3840,127,14,218,76,13,7,35.81,77.4,35,745,14,645,5.19,46.07,2,0
2156,2ed569a0,RD Chahar,male,India,1,1,13,25,13,0,0,0,0,0,13.0,52.0,1,60,3,54,5.4,18.0,3,0
2157,45a43fe2,RD Gaikwad,male,India,8,8,228,253,105,0,28,2,1,1,28.5,90.12,0,0,0,0,0.0,0.0,0,0
2158,c1f9b051,RD Jacobs,male,West Indies,13,13,142,224,50,5,7,1,1,0,17.75,63.39,0,0,0,0,0.0,0.0,0,0
2159,92c43fac,RD McCann,male,Ireland,2,2,23,56,17,0,1,0,0,0,11.5,41.07,0,0,0,0,0.0,0.0,0,0
2160,e66732f8,RD Rickelton,male,South Africa,16,16,351,420,91,1,40,5,1,0,23.4,83.57,0,0,0,0,0.0,0.0,0,0
2161,45d4cb14,RD Shah,male,Kenya,14,14,407,632,71,0,49,2,3,0,29.07,64.4,0,0,0,0,0.0,0.0,0,0
2162,c1ef6dad,RD Steede,male,Bermuda,2,2,15,20,9,0,2,0,0,0,7.5,75.0,2,78,1,52,4.0,52.0,1,0
2163,fbc5c0c6,RDM Leverock,male,Bermuda,12,9,45,119,9,3,2,0,0,0,7.5,37.82,12,607,13,436,4.31,33.54,3,0
2164,05c2ca46,RE van der Merwe,male,Netherlands,44,31,334,373,57,8,22,8,1,0,14.52,89.54,44,2224,53,1680,4.53,31.7,3,0
2165,0ecb4de6,Rehan Ahmed,male,England,8,7,99,122,27,0,11,1,0,0,14.14,81.15,8,396,12,351,5.32,29.25,4,0
2166,20fbf68c,Reon King,male,West Indies,1,1,3,10,3,1,0,0,0,0,0.0,30.0,1,60,1,60,6.0,60.0,1,0
2167,2fdd16fe,RG Aga,male,Kenya,6,5,114,122,86,0,15,0,1,0,22.8,93.44,6,222,4,195,5.27,48.75,2,0
2168,740742ef,RG Sharma,male,India,274,273,11532,12452,264,35,1088,357,60,33,48.45,92.61,40,610,9,533,5.24,59.22,2,0
2169,67875075,RH Scholte,male,Netherlands,2,2,8,30,7,0,0,0,0,0,4.0,26.67,0,0,0,0,0.0,0.0,0,0
2170,5935d694,Rishad Hossain,male,Bangladesh,18,14,183,141,48,3,13,13,0,0,16.64,129.79,18,845,28,769,5.46,27.46,6,1
2171,81147b00,Rizwan Ahmed,male,Pakistan,1,0,0,0,0,0,0,0,0,0,0.0,0.0,1,24,0,26,6.5,0.0,0,0
2172,3a026eb4,Rizwan Cheema,male,Canada,13,13,196,163,76,1,23,9,1,0,16.33,120.25,13,491,12,432,5.28,36.0,2,0
2173,12eddf28,RJ Harris,male,Australia,21,9,48,47,21,3,3,1,0,0,8.0,102.13,20,1031,44,832,4.84,18.91,5,3
2174,22860288,RJ Kirtley,male,England,3,0,0,0,0,0,0,0,0,0,0.0,0.0,3,175,4,130,4.46,32.5,2,0
2175,8d8c24fd,RJ Nicol,male,New Zealand,22,21,586,773,146,2,53,13,2,2,30.84,75.81,17,339,10,329,5.82,32.9,4,0
2176,26ff4c29,RJ Peterson,male,South Africa,64,34,523,624,68,11,49,5,1,0,22.74,83.81,62,2774,67,2247,4.86,33.54,4,0
2177,9dca07d7,RJ Sidebottom,male,England,22,16,124,182,24,6,11,0,0,0,12.4,68.13,22,1144,24,936,4.91,39.0,3,0
2178,52f96571,RJ Trott,male,Bermuda,4,4,95,189,48,2,7,0,0,0,47.5,50.26,4,190,8,157,4.96,19.62,4,0
2179,0882b3f1,RJ van Vuuren,male,Namibia,5,5,26,37,14,2,2,1,0,0,8.67,70.27,5,300,8,298,5.96,37.25,5,1
2180,8db7f47f,RJW Topley,male,England,29,11,20,62,6,8,0,1,0,0,6.67,32.26,29,1339,46,1210,5.42,26.3,6,1
2181,7955eb15,RK Kleinveldt,male,South Africa,9,7,105,124,43,0,9,5,0,0,15.0,84.68,9,453,11,400,5.3,36.36,4,0
2182,1a3cc554,RK Paudel,male,Nepal,81,79,2189,3000,126,6,155,39,11,2,29.99,72.97,19,507,11,362,4.28,32.91,4,0
2183,0a509d6b,RK Singh,male,India,2,2,55,41,38,0,5,3,0,0,27.5,134.15,1,6,1,2,2.0,2.0,1,0
2184,06e649a0,RK Whelan,male,Ireland,2,2,5,12,5,0,1,0,0,0,2.5,41.67,2,90,2,99,6.6,49.5,1,0
2185,47d00fb5,RL Bhudia,male,Kenya,1,1,22,15,22,0,1,1,0,0,22.0,146.67,1,48,1,23,2.88,23.0,1,0
2186,3feda4fa,RL Chase,male,West Indies,60,49,1037,1324,59,8,76,14,5,0,25.29,78.32,56,2338,40,1981,5.08,49.52,3,0
2187,3967930c,RL Johnson,male,England,8,3,16,20,10,0,1,1,0,0,5.33,80.0,8,354,9,205,3.47,22.78,3,0
2188,33a50ecf,RL Powell,male,West Indies,31,30,570,606,52,6,60,14,3,0,23.75,94.06,9,180,4,178,5.93,44.5,2,0
2189,27159c6a,RM Haq,male,Scotland,20,17,181,338,71,4,18,1,1,0,13.92,53.55,19,863,25,664,4.62,26.56,5,1
2190,20f3a03d,RM Jariwala,male,United States of America,4,4,30,49,14,0,1,1,0,0,7.5,61.22,0,0,0,0,0.0,0.0,0,0
2191,c740ea83,RM Patidar,male,India,1,1,22,16,22,0,3,1,0,0,22.0,137.5,0,0,0,0,0.0,0.0,0,0
2192,d1761087,RM West,male,Ireland,2,1,0,3,0,0,0,0,0,0,0.0,0.0,2,108,1,64,3.56,64.0,1,0
2193,7fa2ab1f,RML Taylor,male,Scotland,9,9,105,126,46,1,9,1,0,0,13.12,83.33,9,419,10,374,5.36,37.4,2,0
2194,afe830a2,RMMP Rathnayake,male,Sri Lanka,2,2,22,32,22,0,3,0,0,0,11.0,68.75,2,66,0,64,5.82,0.0,0,0
2195,8f7a598f,RMS Eranga,male,Sri Lanka,18,11,34,64,12,8,4,0,0,0,11.33,53.12,16,674,20,652,5.8,32.6,3,0
2196,2eece016,RN Bhatia,male,United Arab Emirates,9,9,51,111,24,2,4,0,0,0,7.29,45.95,9,344,3,335,5.84,111.67,1,0
2197,69362253,RN Lewis,male,West Indies,10,8,134,125,28,1,2,8,0,0,19.14,107.2,9,381,8,333,5.24,41.62,3,0
2198,4ec07775,RN ten Doeschate,male,Netherlands,14,13,594,665,119,3,65,7,3,3,59.4,89.32,14,681,19,636,5.6,33.47,3,0
2199,d5afc103,RO Hinds,male,West Indies,3,1,8,19,8,0,1,0,0,0,8.0,42.11,2,66,0,36,3.27,0.0,0,0
2200,304c9c2e,RO Hurley,male,West Indies,4,2,8,17,6,0,0,0,0,0,4.0,47.06,3,180,2,129,4.3,64.5,1,0
2201,8a15b50b,RO Hussain,male,Scotland,1,1,10,20,10,1,1,0,0,0,0.0,50.0,0,0,0,0,0.0,0.0,0,0
2202,d876610c,Robiul Islam,male,Bangladesh,3,1,0,1,0,1,0,0,0,0,0.0,0.0,3,133,2,117,5.28,58.5,1,0
2203,d1988788,Rohan Mustafa,male,United Arab Emirates,75,69,1401,2186,109,5,112,26,7,1,21.89,64.09,74,3484,79,2606,4.49,32.99,5,1
2204,8bd614b2,Rony Talukdar,male,Bangladesh,1,1,4,14,4,0,1,0,0,0,4.0,28.57,0,0,0,0,0.0,0.0,0,0
2205,c25927f8,RP Alexander,male,United States of America,2,2,34,74,26,0,3,0,0,0,17.0,45.95,0,0,0,0,0.0,0.0,0,0
2206,cccdde80,RP Arnold,male,Sri Lanka,56,55,1068,1497,76,14,71,5,7,0,26.05,71.34,20,380,9,360,5.68,40.0,3,0
2207,b08252b8,RP Burl,male,Zimbabwe,35,33,761,905,83,4,60,22,5,0,26.24,84.09,26,546,13,602,6.62,46.31,5,1
2208,12b59324,RP Lefebvre,male,Netherlands,4,4,43,65,30,1,4,1,0,0,14.33,66.15,4,192,4,122,3.81,30.5,2,0
2209,64775749,RP Meredith,male,Australia,3,1,2,4,2,1,0,0,0,0,0.0,50.0,3,108,1,127,7.06,127.0,1,0
2210,c3d1402f,RP Singh,male,India,54,19,103,241,23,9,5,1,0,0,10.3,42.74,54,2469,69,2258,5.49,32.72,4,0
2211,684a56df,RR Beaton,male,West Indies,2,2,15,51,12,1,2,0,0,0,15.0,29.41,2,102,1,102,6.0,102.0,1,0
2212,e7de4f6b,RR Emrit,male,West Indies,2,2,13,35,13,1,1,0,0,0,13.0,37.14,2,84,0,99,7.07,0.0,0,0
2213,b8cc58c9,RR Hendricks,male,South Africa,35,35,930,1184,102,2,98,9,7,1,28.18,78.55,3,42,1,47,6.71,47.0,1,0
2214,a323465c,RR Joshi,male,Canada,1,1,3,4,3,0,0,0,0,0,3.0,75.0,1,60,0,77,7.7,0.0,0,0
2215,919a3be2,RR Pant,male,India,27,27,871,818,125,1,91,26,5,1,33.5,106.48,0,0,0,0,0.0,0.0,0,0
2216,7fa6bd8e,RR Patel,male,Kenya,10,10,168,224,42,3,13,2,0,0,24.0,75.0,3,84,2,69,4.93,34.5,1,0
2217,5d096f3d,RR Powar,male,India,27,15,156,237,54,2,12,2,1,0,12.0,65.82,27,1415,30,1108,4.7,36.93,3,0
2218,85caa37f,RR Ramdass,male,West Indies,1,1,1,9,1,0,0,0,0,0,1.0,11.11,0,0,0,0,0.0,0.0,0,0
2219,cad00a4d,RR Rossouw,male,South Africa,35,35,1239,1309,132,3,131,22,7,3,38.72,94.65,3,45,1,44,5.87,44.0,1,0
2220,36d33dd0,RR Sarwan,male,West Indies,114,113,3717,4993,115,17,316,38,28,1,38.72,74.44,18,371,14,390,6.31,27.86,3,0
2221,a670d624,RR Watson,male,Scotland,11,11,239,334,54,2,32,2,2,0,26.56,71.56,4,126,3,87,4.14,29.0,2,0
2222,7ca5e05d,RS Bopara,male,England,112,108,2689,3435,101,21,204,34,14,1,30.91,78.28,73,1812,38,1492,4.94,39.26,4,0
2223,9ff100a6,RS Gavaskar,male,India,8,8,93,162,22,2,5,1,0,0,15.5,57.41,2,72,1,74,6.17,74.0,1,0
2224,c3224376,RS Higgins,male,Zimbabwe,3,2,2,20,2,0,0,0,0,0,1.0,10.0,3,158,4,127,4.82,31.75,2,0
2225,dff967c1,RS Kaluwitharana,male,Sri Lanka,8,8,176,233,54,1,22,1,2,0,25.14,75.54,0,0,0,0,0.0,0.0,0,0
2226,2f8a9682,RS Morton,male,West Indies,41,41,1205,1831,110,6,91,13,7,2,34.43,65.81,1,6,0,2,2.0,0.0,0,0
2227,0557a636,RT Crandon,male,West Indies,1,1,5,9,5,0,1,0,0,0,5.0,55.56,0,0,0,0,0.0,0.0,0,0
2228,7d32d965,RT Lyons,male,Scotland,1,1,5,3,5,1,1,0,0,0,0.0,166.67,1,60,0,41,4.1,0.0,0,0
2229,7d415ea5,RT Ponting,male,Australia,189,189,6979,8433,164,17,665,93,43,16,40.58,82.76,0,0,0,0,0.0,0.0,0,0
2230,1be67d37,RTM Mendis,male,Sri Lanka,4,4,50,49,26,2,3,1,0,0,25.0,102.04,3,72,4,74,6.17,18.5,2,0
2231,f56cd097,Rubel Hossain,male,Bangladesh,94,39,112,224,15,15,11,2,0,0,4.67,50.0,93,4282,122,4078,5.71,33.43,6,1
2232,1c790f4f,Rumman Raees,male,Pakistan,9,4,27,24,16,1,5,0,0,0,9.0,112.5,9,463,14,464,6.01,33.14,3,0
2233,1c17e270,RV Uthappa,male,India,41,41,934,1021,86,5,108,19,6,0,25.94,91.48,1,2,0,0,0.0,0.0,0,0
2234,2f0d7e4a,RW Chakabva,male,Zimbabwe,50,50,1106,1618,102,3,88,8,4,1,23.53,68.36,0,0,0,0,0.0,0.0,0,0
2235,67af6f81,RW Price,male,Zimbabwe,78,44,315,525,46,10,26,4,0,0,9.26,60.0,76,4101,77,2820,4.13,36.62,3,0
2236,ecaad7d2,RW Sims,male,Zimbabwe,1,1,24,60,24,0,2,0,0,0,24.0,40.0,1,18,0,18,6.0,0.0,0,0
2237,9de31202,RW Staple,male,United States of America,2,2,4,11,4,0,1,0,0,0,2.0,36.36,1,60,2,76,7.6,38.0,2,0
2238,bcb01d8c,RWT Key,male,England,4,4,36,101,19,0,3,0,0,0,9.0,35.64,0,0,0,0,0.0,0.0,0,0
2239,3576e47e,S Badrinath,male,India,6,6,79,172,27,1,4,0,0,0,15.8,45.93,0,0,0,0,0.0,0.0,0,0
2240,78c12883,S Baker,male,England,1,1,0,1,0,0,0,0,0,0,0.0,0.0,1,42,0,76,10.86,0.0,0,0
2241,9a95bebb,S Bau,male,Papua New Guinea,49,49,874,1450,81,3,71,8,4,0,19.0,60.28,20,606,9,488,4.83,54.22,2,0
2242,28c7d721,S Bhari,male,Nepal,10,6,22,49,11,4,2,0,0,0,11.0,44.9,10,398,15,243,3.66,16.2,4,0
2243,881a9bdd,S Chanderpaul,male,West Indies,108,108,3804,5444,127,21,292,40,27,6,43.72,69.88,2,26,0,19,4.38,0.0,0,0
2244,122108d8,S Chattergoon,male,West Indies,9,9,281,436,54,1,42,3,2,0,35.12,64.45,1,42,0,30,4.29,0.0,0,0
2245,a38e7be7,S Daniel,male,Sri Lanka,1,1,12,28,12,0,1,0,0,0,12.0,42.86,0,0,0,0,0.0,0.0,0,0
2246,8955b928,S Dhakal,male,Nepal,8,6,7,41,4,5,0,0,0,0,7.0,17.07,7,229,4,148,3.88,37.0,2,0
2247,e95cd1f5,S Dhamala,male,Nepal,1,1,12,38,12,0,0,0,0,0,12.0,31.58,0,0,0,0,0.0,0.0,0,0
2248,123e663a,S Dhaniram,male,Canada,11,11,281,306,79,1,23,4,2,0,28.1,91.83,11,549,21,403,4.4,19.19,5,1
2249,0a476045,S Dhawan,male,India,163,163,6733,7339,143,10,838,78,38,17,44.01,91.74,0,0,0,0,0.0,0.0,0,0
2250,a4e37e47,S Dube,male,India,6,5,43,49,25,0,3,2,0,0,8.6,87.76,6,179,3,165,5.53,55.0,1,0
2251,89ce57a8,S Fouché,male,Namibia,11,10,261,385,83,0,22,2,2,0,26.1,67.79,9,306,12,265,5.2,22.08,3,0
2252,156378d8,S Jora,male,Nepal,5,5,56,67,28,0,5,2,0,0,11.2,83.58,0,0,0,0,0.0,0.0,0,0
2253,97290faf,S Joseph,male,West Indies,8,4,34,35,23,3,1,2,0,0,34.0,97.14,8,347,4,357,6.17,89.25,2,0
2254,9b12068b,S Jyoti,male,Canada,2,2,19,42,16,0,0,1,0,0,9.5,45.24,0,0,0,0,0.0,0.0,0,0
2255,e6ce0f4a,S Kalyan,male,United Arab Emirates,4,4,55,122,21,0,1,1,0,0,13.75,45.08,0,0,0,0,0.0,0.0,0,0
2256,dcf81436,S Kaul,male,India,2,1,1,2,1,0,0,0,0,0,1.0,50.0,2,108,0,121,6.72,0.0,0,0
2257,b410bd3d,S Lamichhane,male,Nepal,72,45,476,539,49,12,40,9,0,0,14.42,88.31,71,3977,148,2889,4.36,19.52,6,3
2258,0f6db197,S Mahmood,male,England,18,7,31,53,12,4,2,0,0,0,10.33,58.49,18,895,27,780,5.23,28.89,4,0
2259,e7ba1233,S Matsikenyeri,male,Zimbabwe,78,78,1309,1877,86,6,131,10,5,0,18.18,69.74,26,668,13,557,5.0,42.85,2,0
2260,ee229588,S Movva,male,Canada,27,27,605,905,83,8,39,5,4,0,31.84,66.85,0,0,0,0,0.0,0.0,0,0
2261,da045dea,S Mukuddem,male,Bermuda,6,4,90,148,57,1,6,0,1,0,30.0,60.81,6,258,10,230,5.35,23.0,4,0
2262,7dfb8890,S Muthusamy,male,South Africa,5,4,22,25,9,1,2,0,0,0,7.33,88.0,5,220,6,233,6.35,38.83,2,0
2263,f78e7113,S Prasanna,male,Sri Lanka,39,35,421,440,95,3,29,26,2,0,13.16,95.68,38,1905,31,1723,5.43,55.58,3,0
2264,94268960,S Qeshile,male,South Africa,1,1,22,23,22,0,3,0,0,0,22.0,95.65,0,0,0,0,0.0,0.0,0,0
2265,f5f18a18,S Randiv,male,Sri Lanka,29,17,280,381,56,2,28,1,1,0,18.67,73.49,29,1437,36,1214,5.07,33.72,5,1
2266,9ab2914d,S Samarawickrama,male,Sri Lanka,44,44,1268,1411,108,4,132,7,7,1,31.7,89.87,0,0,0,0,0.0,0.0,0,0
2267,ac166f77,S Shrivastava,male,Oman,14,6,22,51,7,4,2,0,0,0,11.0,43.14,14,633,28,544,5.16,19.43,4,0
2268,a790df98,S Snater,male,Netherlands,2,2,21,13,17,1,1,1,0,0,21.0,161.54,2,79,1,125,9.49,125.0,1,0
2269,6b8eb6e5,S Sreesanth,male,India,49,19,44,120,10,9,2,0,0,0,4.4,36.67,49,2368,73,2352,5.96,32.22,6,1
2270,64a4c383,S Sriram,male,India,1,1,3,5,3,0,0,0,0,0,3.0,60.0,1,54,3,43,4.78,14.33,3,0
2271,28ed9134,S Thuraisingam,male,Canada,5,4,26,43,13,1,3,1,0,0,8.67,60.47,5,184,6,160,5.22,26.67,2,0
2272,c24a2c5d,S Tyagi,male,India,4,1,1,2,1,1,0,0,0,0,0.0,50.0,4,165,3,144,5.24,48.0,1,0
2273,3de06845,S Vesawkar,male,Nepal,3,3,62,136,55,1,5,0,1,0,31.0,45.59,1,36,2,21,3.5,10.5,2,0
2274,3703d634,S Weerakoon,male,Sri Lanka,1,0,0,0,0,0,0,0,0,0,0.0,0.0,1,60,1,49,4.9,49.0,1,0
2275,1a2676c5,SA Abbott,male,Australia,29,21,374,388,69,2,32,13,2,0,19.68,96.39,29,1331,35,1271,5.73,36.31,3,0
2276,b59db04f,SA Edwards,male,Netherlands,63,63,2156,2489,83,11,151,19,21,0,41.46,86.62,0,0,0,0,0.0,0.0,0,0
2277,81a0e294,SA Engelbrecht,male,Netherlands,11,11,327,500,70,1,28,3,1,0,32.7,65.4,1,12,0,17,8.5,0.0,0,0
2278,5fbd0632,SA Wijeratne,male,Canada,9,9,191,269,59,0,16,1,2,0,21.22,71.0,0,0,0,0,0.0,0.0,0,0
2279,271f83cd,SA Yadav,male,India,35,35,773,735,72,5,80,19,4,0,25.77,105.17,1,12,0,17,8.5,0.0,0,0
2280,4cbf2e06,Saad Ali,male,Pakistan,2,2,11,23,7,0,0,0,0,0,5.5,47.83,0,0,0,0,0.0,0.0,0,0
2281,f28a60e0,Saad Bin Zafar,male,Canada,34,31,456,590,40,5,42,6,0,0,17.54,77.29,34,1809,31,1302,4.32,42.0,3,0
2282,b2498b5d,Saad Masood,male,Pakistan,1,1,38,44,38,0,5,0,0,0,38.0,86.36,1,48,0,55,6.88,0.0,0,0
2283,3fbb43a9,Saad Nasim,male,Pakistan,3,3,99,124,77,1,9,1,1,0,49.5,79.84,2,36,0,46,7.67,0.0,0,0
2284,7147f314,Sabbir Rahman,male,Bangladesh,56,55,1259,1349,102,7,147,21,5,1,26.23,93.33,19,288,3,333,6.94,111.0,1,0
2285,2a04400b,Sabir Ali,male,United Arab Emirates,4,3,12,13,7,1,2,0,0,0,6.0,92.31,4,102,3,91,5.35,30.33,2,0
2286,05d74535,Saeed Ajmal,male,Pakistan,107,66,323,533,33,20,25,0,0,0,7.02,60.6,107,5748,175,4048,4.23,23.13,5,2
2287,0aa14354,Saeed Anwar,male,Pakistan,5,5,218,300,101,1,19,1,0,1,54.5,72.67,1,24,1,15,3.75,15.0,1,0
2288,3c4007d3,Sagar Pun,male,Nepal,1,1,3,20,3,0,0,0,0,0,3.0,15.0,0,0,0,0,0.0,0.0,0,0
2289,1aba45cd,Sahibzada Farhan,male,Pakistan,6,6,101,133,31,0,10,0,0,0,16.83,75.94,0,0,0,0,0.0,0.0,0,0
2290,bb95564b,Saif Hassan,male,Bangladesh,10,10,211,260,80,0,22,8,2,0,21.1,81.15,3,48,1,34,4.25,34.0,1,0
2291,33609a8c,Saim Ayub,male,Pakistan,17,17,751,748,113,1,88,21,3,3,46.94,100.4,14,445,9,374,5.04,41.56,2,0
2292,1e7b1aa7,Saleem Elahi,male,Pakistan,7,7,199,298,70,1,17,0,2,0,33.17,66.78,0,0,0,0,0.0,0.0,0,0
2293,4d6d6280,Salman Butt,male,Pakistan,63,63,2186,2851,136,3,274,7,11,6,36.43,76.67,6,69,0,90,7.83,0.0,0,0
2294,9911ecbb,Salman Faris,male,United Arab Emirates,1,1,0,2,0,0,0,0,0,0,0.0,0.0,0,0,0,0,0.0,0.0,0,0
2295,96a2336e,Sami Aslam,male,Pakistan,4,4,78,117,45,0,9,0,0,0,19.5,66.67,0,0,0,0,0.0,0.0,0,0
2296,4c3bd588,Sami Faridi,male,Canada,1,1,16,25,16,0,1,0,0,0,16.0,64.0,1,36,0,27,4.5,0.0,0,0
2297,45de8d3e,Samiullah Khan,male,Pakistan,2,0,0,0,0,0,0,0,0,0,0.0,0.0,2,120,0,115,5.75,0.0,0,0
2298,4e1c9f6e,Sandeep Goud,male,Oman,31,28,535,752,67,7,32,22,3,0,25.48,71.14,6,90,0,78,5.2,0.0,0,0
2299,2cccba8f,Sanwar Hossain,male,Bangladesh,9,9,115,196,27,1,9,0,0,0,14.38,58.67,6,194,5,156,4.82,31.2,3,0
2300,04f4f2e1,Saqib Ali,male,United Arab Emirates,2,2,29,52,19,0,2,0,0,0,14.5,55.77,2,60,1,57,5.7,57.0,1,0
2301,5d38476c,Saqib Zulfiqar,male,Netherlands,11,11,158,223,34,2,12,4,0,0,17.56,70.85,10,276,7,298,6.48,42.57,2,0
2302,c020cef5,Saqlain Haider,male,United Arab Emirates,3,3,30,40,12,0,4,0,0,0,10.0,75.0,0,0,0,0,0.0,0.0,0,0
2303,047c67ba,Saqlain Mushtaq,male,Pakistan,4,4,17,39,12,3,2,0,0,0,17.0,43.59,4,160,4,129,4.84,32.25,2,0
2304,2254ab79,Sarfraz Ahmed,male,Pakistan,89,89,2289,2596,105,22,174,12,11,2,34.16,88.17,1,12,0,15,7.5,0.0,0,0
2305,d07c1b2f,Saud Shakeel,male,Pakistan,14,14,374,436,68,1,40,1,4,0,28.77,85.78,3,47,1,37,4.72,37.0,1,0
2306,0604ef16,SB Bangar,male,India,3,3,8,19,4,0,1,0,0,0,2.67,42.11,3,66,0,60,5.45,0.0,0,0
2307,57efa3be,SB Styris,male,New Zealand,106,97,3184,3881,141,15,260,41,22,3,38.83,82.04,93,3217,67,2497,4.66,37.27,4,0
2308,725529bc,SC Ganguly,male,India,74,74,2452,3364,112,7,231,44,16,3,36.6,72.89,38,1026,19,877,5.13,46.16,3,0
2309,c8065f31,SC Getkate,male,Ireland,4,2,23,23,16,1,2,1,0,0,23.0,100.0,4,192,7,145,4.53,20.71,2,0
2310,1eff8625,SC Joseph,male,West Indies,5,5,77,149,58,0,6,1,1,0,15.4,51.68,0,0,0,0,0.0,0.0,0,0
2311,fef92afc,SC Kuggeleijn,male,New Zealand,2,1,11,6,11,1,1,0,0,0,0.0,183.33,2,84,5,58,4.14,11.6,3,0
2312,eb9cb105,SC Meaker,male,England,2,2,2,16,1,0,0,0,0,0,1.0,12.5,2,114,2,110,5.79,55.0,1,0
2313,97b0e4ff,SC van Schalkwyk,male,United States of America,12,9,138,224,58,1,12,3,1,0,17.25,61.61,12,492,16,493,6.01,30.81,4,0
2314,afe57f7a,SC Williams,male,Zimbabwe,132,130,4351,4899,174,14,401,52,31,6,37.51,88.81,111,4167,70,3510,5.05,50.14,4,0
2315,eba6a852,SCJ Broad,male,England,117,65,509,660,45,22,35,10,0,0,11.84,77.12,117,5913,173,5236,5.31,30.27,5,1
2316,e00a9155,SD Heazlett,male,Australia,1,1,4,11,4,0,0,0,0,0,4.0,36.36,0,0,0,0,0.0,0.0,0,0
2317,1fc6ef83,SD Hope,male,West Indies,141,141,5857,7178,170,20,468,120,30,18,48.4,81.6,0,0,0,0,0.0,0.0,0,0
2318,9295145b,SD Outerbridge,male,Bermuda,9,9,72,136,42,0,7,0,0,0,8.0,52.94,1,6,1,11,11.0,11.0,1,0
2319,fdb8ed0d,SD Parry,male,England,2,0,0,0,0,0,0,0,0,0,0.0,0.0,2,114,4,92,4.84,23.0,3,0
2320,17b641bf,SD Udal,male,England,1,1,0,2,0,0,0,0,0,0,0.0,0.0,1,42,1,29,4.14,29.0,1,0
2321,4f629497,SE Bond,male,New Zealand,60,29,173,265,22,16,10,3,0,0,13.31,65.28,60,3282,107,2310,4.22,21.59,6,2
2322,6df8d190,SE Findlay,male,West Indies,4,4,88,137,59,1,9,2,1,0,29.33,64.23,0,0,0,0,0.0,0.0,0,0
2323,508a1ea7,SE Marsh,male,Australia,71,71,2622,3250,131,4,231,31,15,6,39.13,80.68,0,0,0,0,0.0,0.0,0,0
2324,d014d5ac,SE Rutherford,male,West Indies,27,26,849,855,113,4,67,42,8,1,38.59,99.3,6,125,3,175,8.4,58.33,1,0
2325,9ff7f691,SF Burger,male,Namibia,2,2,11,20,6,0,1,0,0,0,5.5,55.0,2,66,0,67,6.09,0.0,0,0
2326,3300d23c,SF Mire,male,Zimbabwe,35,35,729,917,112,0,68,16,2,1,20.83,79.5,15,387,11,418,6.48,38.0,4,0
2327,51e1ed69,SG Borthwick,male,England,2,2,18,16,15,0,1,1,0,0,9.0,112.5,2,54,0,72,8.0,0.0,0,0
2328,2d4465da,SG Whittingham,male,Scotland,4,3,5,14,3,1,0,0,0,0,2.5,35.71,4,209,6,187,5.37,31.17,3,0
2329,83c3e8e3,SH Johnson,male,Australia,4,2,12,14,12,1,2,0,0,0,12.0,85.71,4,180,2,187,6.23,93.5,2,0
2330,210f4a5d,SH Lewis,male,West Indies,1,0,0,0,0,0,0,0,0,0,0.0,0.0,1,59,3,67,6.81,22.33,3,0
2331,69c994e4,SHA Rance,male,New Zealand,2,0,0,0,0,0,0,0,0,0,0.0,0.0,2,105,1,110,6.29,110.0,1,0
2332,3d189742,Shabbir Ahmed,male,Pakistan,15,6,6,15,2,3,0,0,0,0,2.0,40.0,15,748,16,566,4.54,35.38,3,0
2333,9de62878,Shadab Khan,male,Pakistan,67,41,814,992,86,12,46,20,5,0,28.07,82.06,65,3310,82,2910,5.27,35.49,4,0
2334,1a8eebbe,Shafiul Islam,male,Bangladesh,58,33,132,239,24,11,13,2,0,0,6.0,55.23,58,2470,69,2463,5.98,35.7,4,0
2335,4fe6be0c,Shah Faisal,male,Oman,2,1,7,13,7,0,0,0,0,0,7.0,53.85,2,120,3,123,6.15,41.0,3,0
2336,090f9211,Shahadat Hossain,male,Bangladesh,33,18,60,113,16,11,5,1,0,0,8.57,53.1,33,1498,27,1551,6.21,57.44,3,0
2337,f9e6e7ef,Shahbaz Ahmed,male,India,3,1,0,4,0,0,0,0,0,0,0.0,0.0,3,156,3,125,4.81,41.67,2,0
2338,45a7e761,Shaheen Shah Afridi,male,Pakistan,70,38,321,374,37,15,28,13,0,0,13.96,85.83,70,3536,133,3337,5.66,25.09,6,3
2339,0dc00542,Shahid Afridi,male,Pakistan,205,185,3913,2863,124,17,341,177,15,3,23.29,136.67,200,10228,242,7950,4.66,32.85,7,7
2340,3fb56752,Shahid Ahmadzai,male,Canada,6,6,38,62,13,2,3,0,0,0,9.5,61.29,6,306,5,181,3.55,36.2,4,0
2341,2cc08c3c,Shahid Wasif,male,Hong Kong,6,6,60,133,45,0,5,2,0,0,10.0,45.11,0,0,0,0,0.0,0.0,0,0
2342,7ccbb09f,Shahnawaz Dhani,male,Pakistan,2,1,4,3,4,1,0,0,0,0,0.0,133.33,2,96,1,73,4.56,73.0,1,0
2343,9fa4ff04,Shahriar Hossain,male,Bangladesh,1,1,0,3,0,0,0,0,0,0,0.0,0.0,0,0,0,0,0.0,0.0,0,0
2344,b9c225c2,Shahriar Nafees,male,Bangladesh,52,52,1216,1740,123,2,163,2,5,2,24.32,69.89,0,0,0,0,0.0,0.0,0,0
2345,fd201eb4,Shahzaib Hasan,male,Pakistan,3,3,100,113,50,0,13,2,1,0,33.33,88.5,0,0,0,0,0.0,0.0,0,0
2346,e9630504,Shaiman Anwar,male,United Arab Emirates,30,30,947,1126,106,0,95,16,8,1,31.57,84.1,7,117,4,134,6.87,33.5,3,0
2347,e29e9c12,Shakeel Ahmed,male,Oman,22,17,169,294,29,6,9,6,0,0,15.36,57.48,22,1222,49,708,3.48,14.45,5,1
2348,7dc35884,Shakib Al Hasan,male,Bangladesh,210,200,6638,7896,124,26,620,51,52,8,38.15,84.07,205,10632,258,8139,4.59,31.55,5,3
2349,711249d1,Shamim Hossain,male,Bangladesh,5,5,56,79,22,0,3,2,0,0,11.2,70.89,3,84,2,60,4.29,30.0,1,0
2350,02789d88,Shamsur Rahman,male,Bangladesh,9,9,266,346,96,0,23,9,2,0,29.56,76.88,1,6,0,13,13.0,0.0,0,0
2351,d3395043,Shamyl Hussain,male,Pakistan,2,2,10,29,6,0,0,0,0,0,5.0,34.48,0,0,0,0,0.0,0.0,0,0
2352,6843a783,Shan Masood,male,Pakistan,9,9,163,234,50,0,19,0,1,0,18.11,69.66,0,0,0,0,0.0,0.0,0,0
2353,7595b47f,Shariz Ahmad,male,Netherlands,19,17,159,280,30,2,11,0,0,0,10.6,56.79,18,592,18,593,6.01,32.94,5,1
2354,193ef196,Sharjeel Khan,male,Pakistan,24,24,787,678,152,0,102,27,6,1,32.79,116.08,0,0,0,0,0.0,0.0,0,0
2355,571e1d2a,Shayan Jahangir,male,United States of America,31,31,765,849,100,5,81,14,3,1,29.42,90.11,0,0,0,0,0.0,0.0,0,0
2356,5bdeeed4,Shivam Sharma,male,Canada,7,7,119,164,37,1,8,2,0,0,19.83,72.56,7,282,8,261,5.55,32.62,4,0
2357,10a91f35,Shoaib Akhtar,male,Pakistan,69,39,217,245,43,14,14,10,0,0,8.68,88.57,69,3403,97,2839,5.01,29.27,4,0
2358,21afb939,Shoaib Khan,male,Oman,31,31,843,1005,105,4,79,14,7,1,31.22,83.88,7,144,2,131,5.46,65.5,1,0
2359,fdee4a01,Shoaib Khan,male,United Arab Emirates,6,6,92,132,30,0,9,3,0,0,15.33,69.7,1,1,0,4,24.0,0.0,0,0
2360,64c34cd0,Shoaib Malik,male,Pakistan,218,206,5981,7173,128,32,475,93,37,5,34.37,83.38,163,5572,114,4396,4.73,38.56,3,0
2361,bb34fd31,Shoriful Islam,male,Bangladesh,37,22,98,111,16,8,8,4,0,0,7.0,88.29,37,1744,59,1584,5.45,26.85,6,1
2362,488b7e1b,SHT Kandamby,male,Sri Lanka,33,32,827,1172,93,6,68,0,5,0,31.81,70.56,9,174,2,173,5.97,86.5,2,0
2363,6c7a68d0,Shubham Ranjane,male,United States of America,11,9,190,236,59,2,15,4,1,0,27.14,80.51,11,420,13,373,5.33,28.69,3,0
2364,b4b99816,Shubman Gill,male,India,64,64,3141,3168,208,9,362,65,19,8,57.11,99.15,2,18,0,25,8.33,0.0,0,0
2365,bb01f9e0,Shuvagata Hom,male,Bangladesh,3,3,70,86,35,1,9,0,0,0,35.0,81.4,1,12,0,9,4.5,0.0,0,0
2366,0730a707,SI Kamea,male,Papua New Guinea,20,14,18,55,5,7,2,0,0,0,2.57,32.73,19,898,28,766,5.12,27.36,5,1
2367,e97aefe2,SI Mahmood,male,England,25,12,84,99,22,3,8,1,0,0,9.33,84.85,24,1155,30,1113,5.78,37.1,4,0
2368,26d041c4,Sikandar Raza,male,Zimbabwe,127,120,3705,4212,135,19,311,86,20,6,36.68,87.96,102,4256,76,3521,4.96,46.33,4,0
2369,2a242d58,Simandeep Singh,male,Hong Kong,1,1,0,7,0,0,0,0,0,0,0.0,0.0,0,0,0,0,0.0,0.0,0,0
2370,c9945bdf,Simi Singh,male,Ireland,21,18,406,492,100,3,34,6,1,1,27.07,82.52,19,952,27,609,3.84,22.56,5,1
2371,e8511411,SJ Baard,male,Namibia,17,17,326,557,73,0,31,3,2,0,19.18,58.53,0,0,0,0,0.0,0.0,0,0
2372,364ee2cf,SJ Benn,male,West Indies,44,29,182,239,31,6,19,3,0,0,7.91,76.15,44,2279,35,1860,4.9,53.14,4,0
2373,1a8ad45c,SJ Cameron,male,Scotland,2,2,9,13,8,1,0,0,0,0,9.0,69.23,2,109,3,123,6.77,41.0,2,0
2374,c16d2e28,SJ Harmison,male,England,46,17,80,132,18,8,2,0,0,0,8.89,60.61,46,2283,61,1973,5.19,32.34,4,0
2375,59cc6b79,SJ Massiah,male,United States of America,2,2,23,42,23,0,3,0,0,0,11.5,54.76,0,0,0,0,0.0,0.0,0,0
2376,290cba17,SJ Modani,male,United States of America,33,33,898,1415,111,0,78,5,6,1,27.21,63.46,2,12,0,6,3.0,0.0,0,0
2377,18261c22,SJ Myburgh,male,Netherlands,14,14,347,456,74,2,40,7,3,0,28.92,76.1,0,0,0,0,0.0,0.0,0,0
2378,31e31116,SJ Swanepoel,male,Namibia,5,5,43,94,23,0,4,0,0,0,8.6,45.74,0,0,0,0,0.0,0.0,0,0
2379,a64e3b89,SK Atai,male,Papua New Guinea,12,12,90,173,25,3,6,0,0,0,10.0,52.02,2,48,0,35,4.38,0.0,0,0
2380,f93b43dd,SK Patel,male,United States of America,27,27,885,1100,152,2,98,11,5,1,35.4,80.45,0,0,0,0,0.0,0.0,0,0
2381,1dc12ab9,SK Raina,male,India,201,190,5585,5941,116,34,475,120,36,5,35.8,94.01,100,2124,36,1807,5.1,50.19,3,0
2382,4175d211,SK Springer,male,West Indies,3,2,18,26,12,0,1,1,0,0,9.0,69.23,3,114,2,133,7.0,66.5,1,0
2383,bb18be76,SK Warne,male,Australia,2,1,0,1,0,0,0,0,0,0,0.0,0.0,2,120,3,86,4.3,28.67,2,0
2384,527b2c2d,Skhawat Ali,male,Hong Kong,3,3,18,55,10,0,2,0,0,0,6.0,32.73,1,48,0,68,8.5,0.0,0,0
2385,f0e58a83,SKW Kelly,male,Bermuda,3,1,7,5,7,1,1,0,0,0,0.0,140.0,3,79,2,70,5.32,35.0,1,0
2386,a12e1d51,SL Malinga,male,Sri Lanka,208,106,508,686,56,30,41,19,1,0,6.68,74.05,208,10336,322,9251,5.37,28.73,6,7
2387,0a951319,SL Stewart,male,New Zealand,4,4,26,59,14,0,2,0,0,0,6.5,44.07,0,0,0,0,0.0,0.0,0,0
2388,d167edd3,SM Boland,male,Australia,13,4,9,22,4,1,0,0,0,0,3.0,40.91,13,716,16,725,6.08,45.31,3,0
2389,e94915e6,SM Curran,male,England,43,32,658,733,95,3,46,22,2,0,22.69,89.77,43,1657,43,1679,6.08,39.05,5,1
2390,8fc65c2b,SM Davies,male,England,8,8,244,230,87,0,36,0,1,0,30.5,106.09,0,0,0,0,0.0,0.0,0,0
2391,556302a7,SM Ervine,male,Zimbabwe,22,17,321,335,48,5,28,8,0,0,26.75,95.82,20,768,23,678,5.3,29.48,3,0
2392,63bff7f9,SM Harwood,male,Australia,1,1,0,4,0,0,0,0,0,0,0.0,0.0,1,60,2,57,5.7,28.5,2,0
2393,fdedb37c,SM Katich,male,Australia,31,31,1041,1479,107,5,112,4,7,1,40.04,70.39,0,0,0,0,0.0,0.0,0,0
2394,88fccd6c,SM Pollock,male,South Africa,97,67,1358,1439,130,22,113,24,6,1,30.18,94.37,94,4966,108,2840,3.43,26.3,5,1
2395,f43dd8c2,SM Sharif,male,Scotland,79,52,583,751,40,24,40,11,0,0,20.82,77.63,79,3585,101,2964,4.96,29.35,5,1
2396,cec44e08,SM Sharma,male,United Arab Emirates,11,9,130,133,44,4,7,5,0,0,26.0,97.74,11,390,12,362,5.57,30.17,3,0
2397,add57f1f,SM Warnapura,male,Sri Lanka,2,2,30,62,30,0,4,0,0,0,15.0,48.39,0,0,0,0,0.0,0.0,0,0
2398,fec50c96,SMA Priyanjan,male,Sri Lanka,21,20,420,520,74,2,47,3,2,0,23.33,80.77,14,265,5,233,5.28,46.6,2,0
2399,4c4fa80b,SMSM Senanayake,male,Sri Lanka,48,33,290,310,42,11,31,6,0,0,13.18,93.55,47,2358,53,1874,4.77,35.36,4,0
2400,c8a3f688,SN Netravalkar,male,United States of America,69,34,163,277,19,19,15,2,0,0,10.87,58.84,69,3607,110,2429,4.04,22.08,5,2
2401,1abb78f8,SN Thakur,male,India,46,24,329,311,50,5,31,9,1,0,17.32,105.79,45,1904,64,1983,6.25,30.98,4,0
2402,dc2f959a,SO Dowrich,male,West Indies,1,1,6,8,6,0,1,0,0,0,6.0,75.0,0,0,0,0,0.0,0.0,0,0
2403,48a1d7b7,SO Hetmyer,male,West Indies,48,48,1509,1391,139,4,110,59,5,5,34.3,108.48,0,0,0,0,0.0,0.0,0,0
2404,49118dc7,SO Ngoche,male,Kenya,6,5,37,45,28,1,1,2,0,0,9.25,82.22,5,258,6,217,5.05,36.17,2,0
2405,00d69fa4,SO Tikolo,male,Kenya,38,38,705,1061,89,3,75,6,4,0,20.14,66.45,26,1069,26,902,5.06,34.69,4,0
2406,5a4c12ab,Sohag Gazi,male,Bangladesh,18,15,182,204,30,3,18,4,0,0,15.17,89.22,18,917,22,722,4.72,32.82,4,0
2407,b98b5e1c,Sohaib Maqsood,male,Pakistan,27,27,768,910,89,2,59,19,5,0,30.72,84.4,4,54,1,42,4.67,42.0,1,0
2408,5af743d0,Sohail Khan,male,Pakistan,13,6,25,51,7,1,2,0,0,0,5.0,49.02,13,666,19,597,5.38,31.42,5,1
2409,64d43928,Sohail Tanvir,male,Pakistan,59,38,399,458,59,10,44,6,1,0,14.25,87.12,59,2903,69,2534,5.24,36.72,5,1
2410,1adb8ee8,Sompal Kami,male,Nepal,69,52,753,996,67,15,55,16,2,0,20.35,75.6,69,3081,92,2767,5.39,30.08,5,1
2411,4d9f9686,Soumya Sarkar,male,Bangladesh,75,73,2334,2447,169,4,264,59,15,3,33.83,95.38,28,588,17,595,6.07,35.0,3,0
2412,eea6b7f1,SP Fleming,male,New Zealand,66,66,2133,2902,134,4,259,30,14,3,34.4,73.5,0,0,0,0,0.0,0.0,0,0
2413,207c4398,SP Jones,male,England,4,1,1,2,1,0,0,0,0,0,1.0,50.0,4,210,5,175,5.0,35.0,2,0
2414,9a6b71d1,SP Khakurel,male,Nepal,5,5,78,160,50,0,3,1,1,0,15.6,48.75,0,0,0,0,0.0,0.0,0,0
2415,3b8e7647,SP Krishnamurthi,male,United States of America,17,16,348,348,61,3,20,17,2,0,26.77,100.0,9,118,4,89,4.53,22.25,3,0
2416,9d430b40,SP Narine,male,West Indies,64,42,363,440,36,9,36,12,0,0,11.0,82.5,64,3480,91,2380,4.1,26.15,6,2
2417,f5c198fb,SP Patil,male,United Arab Emirates,8,8,153,290,57,1,13,0,1,0,21.86,52.76,0,0,0,0,0.0,0.0,0,0
2418,7f87204d,SP Terry,male,Ireland,2,2,16,18,16,0,3,0,0,0,8.0,88.89,0,0,0,0,0.0,0.0,0,0
2419,30a45b23,SPD Smith,male,Australia,158,151,5668,6505,164,19,511,57,34,12,42.94,87.13,40,1076,28,971,5.41,34.68,3,0
2420,a3bfec5d,SR Clark,male,Australia,36,11,69,88,16,6,6,1,0,0,13.8,78.41,36,1709,48,1373,4.82,28.6,4,0
2421,67b9536c,SR Hain,male,England,2,2,106,99,89,0,8,0,1,0,53.0,107.07,0,0,0,0,0.0,0.0,0,0
2422,156d0ea2,SR Mukkamalla,male,United States of America,42,42,1532,1862,137,5,120,26,8,4,41.41,82.28,0,0,0,0,0.0,0.0,0,0
2423,18fac429,SR Patel,male,England,33,22,482,515,70,7,37,12,1,0,32.13,93.59,31,1145,23,1069,5.6,46.48,5,1
2424,a9231c3f,SR Taylor,male,United States of America,46,46,1139,1466,114,0,130,24,6,1,24.76,77.69,41,1478,39,1113,4.52,28.54,4,0
2425,d2c2b2d5,SR Tendulkar,male,India,144,144,6433,7354,200,10,774,60,37,16,48.01,87.48,53,1491,27,1383,5.57,51.22,4,0
2426,7f3ad1ed,SR Thompson,male,Ireland,13,11,178,196,39,1,17,3,0,0,17.8,90.82,11,334,9,319,5.73,35.44,2,0
2427,86d38202,SR Waters,male,Kenya,7,7,67,143,17,0,7,0,0,0,9.57,46.85,0,0,0,0,0.0,0.0,0,0
2428,4329fbb5,SR Watson,male,Australia,162,150,5357,5824,185,22,542,123,31,9,41.85,91.98,140,5575,146,4673,5.03,32.01,4,0
2429,a1d053dd,SS Cottrell,male,West Indies,33,17,88,128,17,9,6,4,0,0,11.0,68.75,33,1584,48,1580,5.98,32.92,5,1
2430,85ec8e33,SS Iyer,male,India,72,72,3053,3114,128,5,280,74,24,5,45.57,98.04,5,37,0,39,6.32,0.0,0,0
2431,797ee165,SS Kang,male,United Arab Emirates,6,4,31,105,14,1,1,0,0,0,10.33,29.52,6,342,12,247,4.33,20.58,4,0
2432,e6dd77bb,SS McKechnie,male,Hong Kong,6,6,73,138,29,0,4,0,0,0,12.17,52.9,0,0,0,0,0.0,0.0,0,0
2433,753c95b9,SS Pathirana,male,Sri Lanka,18,14,332,382,56,1,33,5,1,0,25.54,86.91,18,765,15,720,5.65,48.0,3,0
2434,709b0bac,SS Tiwary,male,India,2,2,49,56,37,2,5,1,0,0,0.0,87.5,0,0,0,0,0.0,0.0,0,0
2435,8361e524,SSB Magala,male,South Africa,7,5,18,24,6,2,2,0,0,0,6.0,75.0,7,342,15,381,6.68,25.4,5,1
2436,c05f9d20,SSD Arachchige,male,Sri Lanka,4,3,89,134,57,0,6,0,1,0,29.67,66.42,2,42,1,28,4.0,28.0,1,0
2437,977b841a,SSJ Brooks,male,West Indies,29,29,842,1113,101,1,69,16,4,1,30.07,75.65,0,0,0,0,0.0,0.0,0,0
2438,4992d6f6,ST Doheny,male,Ireland,9,9,165,263,84,0,16,2,1,0,18.33,62.74,0,0,0,0,0.0,0.0,0,0
2439,ccdd8308,ST Finn,male,England,67,27,136,223,35,10,11,3,0,0,8.0,60.99,67,3550,102,2996,5.06,29.37,5,2
2440,d9609443,ST Gabriel,male,West Indies,23,11,22,58,12,4,1,0,0,0,3.14,37.93,23,1054,30,1088,6.19,36.27,3,0
2441,f233bbb4,ST Jayasuriya,male,Sri Lanka,134,133,4414,4557,152,6,517,89,15,14,34.76,96.86,105,4003,89,3184,4.77,35.78,5,1
2442,bd17b45f,STR Binny,male,India,13,11,230,245,77,3,23,5,1,0,28.75,93.88,12,490,20,439,5.38,21.95,6,1
2443,a3a078ba,Subashis Roy,male,Bangladesh,1,1,1,9,1,1,0,0,0,0,0.0,11.11,1,60,1,45,4.5,45.0,1,0
2444,4277234d,Sufiyan Muqeem,male,Pakistan,4,3,15,17,13,2,1,1,0,0,15.0,88.24,4,222,8,182,4.92,22.75,4,0
2445,bf172ae6,Sufyan Mehmood,male,Oman,8,7,107,138,72,1,6,3,1,0,17.83,77.54,6,209,6,147,4.22,24.5,3,0
2446,8fb49ef8,Suhrawadi Shuvo,male,Bangladesh,17,10,98,135,20,3,9,1,0,0,14.0,72.59,17,763,14,572,4.5,40.86,3,0
2447,ada72696,Sukhjinder Singh,male,Canada,1,1,14,21,14,0,1,1,0,0,14.0,66.67,1,24,0,30,7.5,0.0,0,0
2448,07687c15,Sultan Ahmed,male,United Arab Emirates,2,2,18,42,11,0,2,0,0,0,9.0,42.86,2,72,0,58,4.83,0.0,0,0
2449,0f348f58,Sunzamul Islam,male,Bangladesh,3,1,19,24,19,0,3,0,0,0,19.0,79.17,3,150,5,79,3.16,15.8,2,0
2450,bb9d73d8,Suraj Kumar,male,Oman,18,18,392,509,62,6,25,12,3,0,32.67,77.01,0,0,0,0,0.0,0.0,0,0
2451,579f2447,Surya Tamang,male,Nepal,2,1,10,32,10,1,0,0,0,0,0.0,31.25,2,90,1,78,5.2,78.0,1,0
2452,bd35515a,SV Bahutule,male,India,1,1,11,13,11,0,1,0,0,0,11.0,84.62,1,18,0,24,8.0,0.0,0,0
2453,17f552bf,SV Carlisle,male,Zimbabwe,6,6,110,245,36,0,5,0,0,0,18.33,44.9,0,0,0,0,0.0,0.0,0,0
2454,a4cc73aa,SV Samson,male,India,14,14,510,508,108,5,34,22,3,1,56.67,100.39,0,0,0,0,0.0,0.0,0,0
2455,c7f6dd3b,SW Ambris,male,West Indies,15,15,473,493,148,2,54,3,2,1,36.38,95.94,0,0,0,0,0.0,0.0,0,0
2456,c16d4035,SW Billings,male,England,22,22,690,755,118,2,73,8,5,1,34.5,91.39,0,0,0,0,0.0,0.0,0,0
2457,c5f40e35,SW Currie,male,Scotland,3,2,10,18,5,0,1,0,0,0,5.0,55.56,3,120,3,86,4.3,28.67,2,0
2458,2182013e,SW Masakadza,male,Zimbabwe,12,8,109,108,38,1,10,6,0,0,15.57,100.93,12,621,22,729,7.04,33.14,4,0
2459,cdf59953,SW Poynter,male,Ireland,7,7,74,100,36,1,7,0,0,0,12.33,74.0,0,0,0,0,0.0,0.0,0,0
2460,addfb70e,SW Tait,male,Australia,34,6,25,29,11,4,3,1,0,0,12.5,86.21,34,1688,62,1461,5.19,23.56,4,0
2461,b743f01b,Syed Rasel,male,Bangladesh,40,22,76,163,15,9,7,0,0,0,5.85,46.63,40,2033,46,1601,4.73,34.8,4,0
2462,25f7b7d6,T Banton,male,England,6,6,172,185,58,0,21,4,1,0,28.67,92.97,0,0,0,0,0.0,0.0,0,0
2463,9ffd1ac1,T Bavuma,male,South Africa,49,49,1894,2137,144,5,188,26,7,5,43.05,88.63,1,37,0,22,3.57,0.0,0,0
2464,d3a1c63d,T de Zorzi,male,South Africa,17,17,626,607,119,2,67,20,2,1,41.73,103.13,0,0,0,0,0.0,0.0,0,0
2465,4a84f573,T Duffin,male,Zimbabwe,9,9,224,464,88,0,24,0,1,0,24.89,48.28,0,0,0,0,0.0,0.0,0,0
2466,d1d83db3,T Gwandu,male,Zimbabwe,5,3,6,14,3,2,0,0,0,0,6.0,42.86,5,176,5,193,6.58,38.6,2,0
2467,df7ed601,T Kaitano,male,Zimbabwe,11,11,157,255,42,1,18,2,0,0,15.7,61.57,0,0,0,0,0.0,0.0,0,0
2468,1fe81cc9,T Kamungozi,male,Zimbabwe,13,9,25,53,12,4,5,0,0,0,5.0,47.17,12,576,12,494,5.15,41.17,2,0
2469,1688f2dc,T Lungameni,male,Namibia,34,15,46,102,12,7,2,0,0,0,5.75,45.1,34,1571,50,1188,4.54,23.76,6,1
2470,f55c526f,T Maruma,male,Zimbabwe,16,15,122,221,35,1,8,4,0,0,8.71,55.2,8,212,4,204,5.77,51.0,2,0
2471,3d5d51a5,T Marumani,male,Zimbabwe,16,16,216,320,45,2,23,3,0,0,15.43,67.5,0,0,0,0,0.0,0.0,0,0
2472,9aedf23b,T Mayes,male,Ireland,2,1,8,5,8,1,1,0,0,0,0.0,160.0,2,78,1,72,5.54,72.0,1,0
2473,c9cac448,T Mishra,male,Kenya,15,15,395,553,72,2,33,4,4,0,30.38,71.43,0,0,0,0,0.0,0.0,0,0
2474,d38b80df,T Mufudza,male,Zimbabwe,2,1,1,9,1,0,0,0,0,0,1.0,11.11,2,102,0,75,4.41,0.0,0,0
2475,fbcfa528,T Munyonga,male,Zimbabwe,8,8,145,199,43,2,10,2,0,0,24.17,72.86,1,6,0,10,10.0,0.0,0,0
2476,21bf71ab,T Mupariwa,male,Zimbabwe,28,21,87,199,20,4,7,2,0,0,5.12,43.72,28,1366,36,1206,5.3,33.5,4,0
2477,a945bb28,T Muzarabani,male,Zimbabwe,6,6,10,32,5,3,1,0,0,0,3.33,31.25,6,251,6,191,4.57,31.83,2,0
2478,ce794613,T Natarajan,male,India,2,0,0,0,0,0,0,0,0,0,0.0,0.0,2,120,3,143,7.15,47.67,2,0
2479,3b417422,T Panyangara,male,Zimbabwe,50,38,192,384,33,6,17,3,0,0,6.0,50.0,50,2566,50,2419,5.66,48.38,3,0
2480,52c952d9,T Sangha,male,Australia,6,4,6,24,5,2,0,0,0,0,3.0,25.0,6,258,4,253,5.88,63.25,1,0
2481,a03bba42,T Shamsi,male,South Africa,52,13,39,69,11,9,4,0,0,0,9.75,56.52,52,2697,73,2510,5.58,34.38,5,1
2482,85b3fab2,T Stubbs,male,South Africa,12,12,361,408,112,1,17,9,3,1,32.82,88.48,1,12,0,15,7.5,0.0,0,0
2483,a76d4082,T Suri,male,United Arab Emirates,5,5,91,124,27,0,14,0,0,0,18.2,73.39,0,0,0,0,0.0,0.0,0,0
2484,75de770f,T Taibu,male,Zimbabwe,100,100,2837,4139,107,14,196,32,21,2,32.99,68.54,1,24,0,19,4.75,0.0,0,0
2485,b2ae53f5,T Thushara,male,Sri Lanka,35,23,357,378,54,4,31,7,1,0,18.79,94.44,35,1541,46,1341,5.22,29.15,5,1
2486,d99cc23a,T van der Gugten,male,Netherlands,12,8,116,166,49,2,5,4,0,0,19.33,69.88,12,492,12,260,3.17,21.67,5,1
2487,21e5f325,TA Blundell,male,New Zealand,12,12,266,307,68,3,28,2,2,0,29.56,86.64,0,0,0,0,0.0,0.0,0,0
2488,a818c1be,TA Boult,male,New Zealand,110,50,216,277,21,26,20,7,0,0,9.0,77.98,110,6018,206,5060,5.04,24.56,7,6
2489,2259c12d,Tabarak Dar,male,Hong Kong,2,2,45,88,24,0,5,0,0,0,22.5,51.14,0,0,0,0,0.0,0.0,0,0
2490,9d1d34bd,Taijul Islam,male,Bangladesh,17,10,89,133,39,2,8,1,0,0,11.12,66.92,17,876,28,690,4.73,24.64,5,1
2491,0e9af639,Talha Jubair,male,Bangladesh,2,1,4,8,4,1,1,0,0,0,0.0,50.0,2,60,0,70,7.0,0.0,0,0
2492,bf7842c9,TAM Siriwardana,male,Sri Lanka,27,24,516,524,66,1,39,13,3,0,22.43,98.47,21,601,9,547,5.46,60.78,2,0
2493,3b041a12,Tamim Iqbal,male,Bangladesh,215,215,7648,9641,158,12,841,96,55,12,37.67,79.33,2,6,0,13,13.0,0.0,0,0
2494,24104e5c,Tanbir Hayder,male,Bangladesh,2,2,5,16,3,0,0,0,0,0,2.5,31.25,2,60,0,67,6.7,0.0,0,0
2495,571f11e4,Tanveer Ahmed,male,Hong Kong,6,3,4,11,2,3,0,0,0,0,0.0,36.36,6,229,5,208,5.45,41.6,2,0
2496,93f104b4,Tanvir Ahmed,male,Pakistan,1,1,18,12,18,0,1,2,0,0,18.0,150.0,1,36,1,45,7.5,45.0,1,0
2497,aa467af0,Tanvir Islam,male,Bangladesh,11,6,31,48,9,1,5,1,0,0,6.2,64.58,11,606,16,471,4.66,29.44,5,1
2498,5f5ca1a7,Tanwir Afzal,male,Hong Kong,13,12,161,177,47,2,13,8,0,0,16.1,90.96,12,498,8,386,4.65,48.25,2,0
2499,80fe764d,Tanzid Hasan,male,Bangladesh,33,33,985,950,107,1,110,37,9,1,30.78,103.68,0,0,0,0,0.0,0.0,0,0
2500,0b0cc297,Tanzim Hasan Sakib,male,Bangladesh,13,9,134,159,45,3,9,6,0,0,22.33,84.28,13,599,19,589,5.9,31.0,3,0
2501,bb1819fa,Tapash Baisya,male,Bangladesh,25,15,113,211,22,5,9,0,0,0,11.3,53.55,25,1120,25,1087,5.82,43.48,4,0
2502,2a731841,Tareq Aziz,male,Bangladesh,1,1,2,11,2,1,0,0,0,0,0.0,18.18,1,48,2,35,4.38,17.5,2,0
2503,ef18b66e,Taskin Ahmed,male,Bangladesh,79,42,253,423,21,10,18,9,0,0,7.91,59.81,78,3824,112,3446,5.41,30.77,5,2
2504,c73bb037,Taufeeq Umar,male,Pakistan,11,11,262,469,81,1,33,0,1,0,26.2,55.86,0,0,0,0,0.0,0.0,0,0
2505,431f8af4,Tayyab Tahir,male,Pakistan,10,10,181,175,38,2,18,3,0,0,22.62,103.43,0,0,0,0,0.0,0.0,0,0
2506,5d664346,TB Robinson,male,New Zealand,3,3,48,47,35,0,7,0,0,0,16.0,102.13,0,0,0,0,0.0,0.0,0,0
2507,98e908bd,TB Sole,male,Scotland,8,6,38,36,20,1,7,0,0,0,7.6,105.56,8,402,9,287,4.28,31.89,4,0
2508,d2f72b19,TBM de Leede,male,Netherlands,11,9,113,205,58,1,10,1,1,0,14.12,55.12,11,467,16,407,5.23,25.44,4,0
2509,1f6cbaff,TC Bastiampillai,male,Canada,5,5,89,158,49,0,11,2,0,0,17.8,56.33,1,6,0,12,12.0,0.0,0,0
2510,f92c9151,TC Bruce,male,Scotland,2,2,33,35,22,1,1,2,0,0,33.0,94.29,0,0,0,0,0.0,0.0,0,0
2511,717e803a,TCB Fernando,male,Sri Lanka,6,3,18,38,14,2,0,0,0,0,18.0,47.37,6,209,1,173,4.97,173.0,1,0
2512,383dd431,TD Astle,male,New Zealand,9,4,79,77,49,1,5,2,0,0,26.33,102.6,8,270,10,246,5.47,24.6,3,0
2513,5748e866,TD Paine,male,Australia,34,34,861,1217,111,2,94,6,5,1,26.91,70.75,0,0,0,0,0.0,0.0,0,0
2514,0cc2c8b6,TE Tucker,male,Bermuda,1,0,0,0,0,0,0,0,0,0,0.0,0.0,1,18,0,20,6.67,0.0,0,0
2515,70f2f922,TF van Woerkom,male,Ireland,2,0,0,0,0,0,0,0,0,0,0.0,0.0,2,48,1,75,9.38,75.0,1,0
2516,9cbbe35b,TG Gordon,male,Canada,4,4,23,53,9,0,2,0,0,0,5.75,43.4,1,3,0,1,2.0,0.0,0,0
2517,13c35c9e,TG Southee,male,New Zealand,151,92,715,750,55,32,56,25,1,0,11.92,95.33,150,7690,215,7146,5.58,33.24,7,3
2518,f1f99156,TH David,male,Australia,4,4,45,53,35,0,3,3,0,0,11.25,84.91,1,12,1,20,10.0,20.0,1,0
2519,b0482a1d,Tilak Varma,male,India,5,4,68,119,52,1,6,1,1,0,22.67,57.14,3,60,0,68,6.8,0.0,0,0
2520,c68554a6,TJ Bishop,male,West Indies,1,1,0,6,0,0,0,0,0,0,0.0,0.0,0,0,0,0,0.0,0.0,0,0
2521,3e91a87f,TJ Friend,male,Zimbabwe,8,7,132,167,82,0,14,2,1,0,18.86,79.04,4,51,1,67,7.88,67.0,1,0
2522,c5758216,TJ Heggelman,male,Netherlands,2,2,23,70,22,0,0,0,0,0,11.5,32.86,1,42,2,34,4.86,17.0,2,0
2523,c89474d1,TJ Murtagh,male,Ireland,31,20,143,185,23,10,14,1,0,0,14.3,77.3,31,1656,45,1264,4.58,28.09,5,1
2524,8ce2080b,TJG Pringle,male,Netherlands,5,5,10,28,6,0,0,0,0,0,2.0,35.71,5,253,2,262,6.21,131.0,1,0
2525,efb04d81,TK Canning,male,New Zealand,2,2,13,25,13,0,0,0,0,0,6.5,52.0,2,84,2,64,4.57,32.0,2,0
2526,e86754b2,TK Curran,male,England,28,16,303,320,47,8,29,5,0,0,37.88,94.69,28,1308,34,1290,5.92,37.94,5,1
2527,9f9b903e,TK Musakanda,male,Zimbabwe,9,9,210,232,48,0,23,3,0,0,23.33,90.52,0,0,0,0,0.0,0.0,0,0
2528,95fcbfb7,TK Patel,male,United States of America,6,6,71,148,50,2,7,0,1,0,17.75,47.97,5,174,5,120,4.14,24.0,2,0
2529,db767b89,TL Best,male,West Indies,22,13,72,110,24,6,7,0,0,0,10.29,65.45,22,1090,33,946,5.21,28.67,4,0
2530,5bbabe59,TL Chatara,male,Zimbabwe,70,45,176,359,23,23,15,2,0,0,8.0,49.03,70,3433,93,3092,5.4,33.25,4,0
2531,61fb296e,TL Chivanga,male,Zimbabwe,5,4,20,25,8,2,3,0,0,0,10.0,80.0,5,217,4,219,6.06,54.75,1,0
2532,4663bd23,TL Seifert,male,New Zealand,3,3,59,56,26,0,3,2,0,0,19.67,105.36,0,0,0,0,0.0,0.0,0,0
2533,2318ba22,TLW Cooper,male,Netherlands,18,18,576,767,74,1,60,4,5,0,33.88,75.1,13,311,5,277,5.34,55.4,2,0
2534,5bdcdb72,TM Dilshan,male,Sri Lanka,267,259,9212,10501,161,30,1022,50,42,21,40.23,87.72,180,5073,87,4161,4.92,47.83,4,0
2535,24ecc358,TM Dowlin,male,West Indies,10,10,228,346,100,1,20,1,1,1,25.33,65.9,0,0,0,0,0.0,0.0,0,0
2536,12b610c2,TM Head,male,Australia,76,74,2948,2796,154,6,340,72,16,7,43.35,105.44,42,1185,28,1137,5.76,40.61,4,0
2537,2c13defe,TM Odoyo,male,Kenya,37,35,830,1174,111,5,71,18,3,1,27.67,70.7,36,1559,43,1151,4.43,26.77,4,0
2538,3fb197cd,TMK Mawoyo,male,Zimbabwe,7,7,58,158,15,0,4,0,0,0,8.29,36.71,0,0,0,0,0.0,0.0,0,0
2539,52980a48,TN de Grooth,male,Netherlands,8,8,70,148,28,0,5,0,0,0,8.75,47.3,0,0,0,0,0.0,0.0,0,0
2540,9e52a414,Towhid Hridoy,male,Bangladesh,41,41,1493,1865,100,6,97,27,12,1,42.66,80.05,1,1,0,2,12.0,0.0,0,0
2541,a82eb3fb,TP Ura,male,Papua New Guinea,51,51,1196,1493,151,1,131,24,5,1,23.92,80.11,1,6,0,12,12.0,0.0,0,0
2542,881b3f8e,TP Visee,male,Netherlands,3,3,72,65,41,0,12,2,0,0,24.0,110.77,0,0,0,0,0.0,0.0,0,0
2543,a15aaa7f,TR Ambrose,male,England,5,5,10,34,6,1,0,0,0,0,2.5,29.41,0,0,0,0,0.0,0.0,0,0
2544,dd121907,TR Gripper,male,Zimbabwe,2,2,23,49,17,0,2,0,0,0,11.5,46.94,2,48,2,39,4.88,19.5,2,0
2545,4b2d6789,TS Chisoro,male,Zimbabwe,11,9,109,151,42,1,8,2,0,0,13.62,72.19,10,480,12,382,4.78,31.83,3,0
2546,4e1b4323,TS Kamunhukamwe,male,Zimbabwe,12,12,131,164,51,0,15,5,1,0,10.92,79.88,0,0,0,0,0.0,0.0,0,0
2547,e82dc4c5,TS Nethula,male,New Zealand,5,3,12,11,9,1,1,0,0,0,6.0,109.09,5,264,5,249,5.66,49.8,2,0
2548,6c6aca89,TS Roland-Jones,male,England,1,1,37,37,37,1,5,1,0,0,0.0,100.0,1,42,1,34,4.86,34.0,1,0
2549,f5ef7ac3,TSS Mackintosh,male,Scotland,9,9,169,201,38,1,17,1,0,0,21.12,84.08,0,0,0,0,0.0,0.0,0,0
2550,58043739,TT Bresnan,male,England,83,63,871,962,80,19,89,7,1,0,19.8,90.54,83,4173,107,3779,5.43,35.32,5,1
2551,2008fc75,TT Samaraweera,male,Sri Lanka,31,30,669,888,105,10,63,0,0,2,33.45,75.34,3,30,1,33,6.6,33.0,1,0
2552,b58af144,Tushar Imran,male,Bangladesh,21,21,250,453,48,0,27,1,0,0,11.9,55.19,3,90,1,57,3.8,57.0,1,0
2553,11196470,TV Mufambisi,male,Zimbabwe,4,4,45,68,21,0,6,0,0,0,11.25,66.18,0,0,0,0,0.0,0.0,0,0
2554,22b98d7c,TW Hartley,male,England,1,1,12,8,12,1,1,0,0,0,0.0,150.0,1,60,0,48,4.8,0.0,0,0
2555,e824e6ee,TWM Latham,male,New Zealand,156,156,4583,5416,145,20,386,60,26,8,33.7,84.62,0,0,0,0,0.0,0.0,0,0
2556,44a2bb4f,U Bhagwan,male,Canada,4,2,26,28,20,1,2,1,0,0,26.0,92.86,4,147,3,172,7.02,57.33,3,0
2557,c66d9486,U Bhatti,male,Canada,11,8,120,128,22,2,10,3,0,0,20.0,93.75,11,501,12,331,3.96,27.58,3,0
2558,434e36b1,UDU Chandana,male,Sri Lanka,27,20,261,393,51,4,19,2,1,0,16.31,66.41,26,1235,36,1004,4.88,27.89,5,1
2559,a98a6b86,Umair Ali,male,United Arab Emirates,1,1,10,11,10,0,0,1,0,0,10.0,90.91,1,60,0,60,6.0,0.0,0,0
2560,fd2bf2a0,Umar Akmal,male,Pakistan,108,108,3032,3567,102,15,257,48,19,1,32.6,85.0,0,0,0,0,0.0,0.0,0,0
2561,3029e282,Umar Amin,male,Pakistan,16,16,271,391,59,1,28,2,1,0,18.07,69.31,3,42,0,24,3.43,0.0,0,0
2562,16dfcc19,Umar Gul,male,Pakistan,118,62,442,627,39,16,35,13,0,0,9.61,70.49,118,5597,157,4902,5.25,31.22,6,1
2563,81c08fa3,Umran Malik,male,India,9,3,2,11,2,2,0,0,0,0,2.0,18.18,9,366,13,399,6.54,30.69,3,0
2564,6dd8b88c,Usama Mir,male,Pakistan,9,4,38,29,20,0,2,3,0,0,9.5,131.03,9,510,14,500,5.88,35.71,4,0
2565,bafb9238,Usman Khan,male,Pakistan,2,2,51,50,39,0,5,2,0,0,25.5,102.0,0,0,0,0,0.0,0.0,0,0
2566,b0e08fde,Usman Limbada,male,Canada,4,4,123,188,50,0,12,1,1,0,30.75,65.43,0,0,0,0,0.0,0.0,0,0
2567,33742f04,Usman Qadir,male,Pakistan,1,0,0,0,0,0,0,0,0,0,0.0,0.0,1,54,1,48,5.33,48.0,1,0
2568,d3c260a6,Usman Rafiq,male,United States of America,2,2,28,39,28,1,4,0,0,0,28.0,71.79,2,32,0,47,8.81,0.0,0,0
2569,5a7405f1,Usman Salahuddin,male,Pakistan,2,2,13,28,8,0,0,0,0,0,6.5,46.43,0,0,0,0,0.0,0.0,0,0
2570,f0e722e0,Usman Shinwari,male,Pakistan,16,4,6,7,6,1,0,1,0,0,2.0,85.71,16,708,34,575,4.87,16.91,5,2
2571,331ea488,UT Khawaja,male,Australia,38,38,1539,1826,104,2,149,13,12,2,42.75,84.28,0,0,0,0,0.0,0.0,0,0
2572,cc1e8c68,UT Yadav,male,India,74,21,79,132,18,11,8,1,0,0,7.9,59.85,73,3559,106,3565,6.01,33.63,4,0
2573,61928851,Utkarsh Srivastava,male,United States of America,2,2,75,73,67,0,6,1,1,0,37.5,102.74,1,24,0,17,4.25,0.0,0,0
2574,dd37da14,UWMBCA Welegedara,male,Sri Lanka,9,3,4,9,2,2,0,0,0,0,4.0,44.44,9,457,15,433,5.68,28.87,5,1
2575,cddafe26,V Aravind,male,United Arab Emirates,63,63,1865,2728,115,3,180,16,9,2,31.08,68.37,0,0,0,0,0.0,0.0,0,0
2576,ba607b88,V Kohli,male,India,300,299,14819,15753,183,46,1379,173,77,54,58.57,94.07,50,662,5,680,6.16,136.0,1,0
2577,78dfe704,V Permaul,male,West Indies,7,4,19,26,10,1,1,0,0,0,6.33,73.08,7,331,8,271,4.91,33.88,3,0
2578,8ba8195d,V Sehwag,male,India,166,165,5763,5367,219,2,769,107,27,10,35.36,107.38,86,2417,54,2037,5.06,37.72,4,0
2579,0994d0ae,V Shankar,male,India,11,7,194,205,46,1,18,4,0,0,32.33,94.63,9,233,4,210,5.41,52.5,2,0
2580,fd483a3e,V Shetty,male,United Arab Emirates,1,1,7,17,7,0,0,0,0,0,7.0,41.18,0,0,0,0,0.0,0.0,0,0
2581,101b1180,V Shukla,male,Oman,14,14,312,367,58,2,15,13,1,0,26.0,85.01,0,0,0,0,0.0,0.0,0,0
2582,0fdabe05,V Sibanda,male,Zimbabwe,98,97,2125,3355,103,3,235,25,14,1,22.61,63.34,11,267,3,265,5.96,88.33,1,0
2583,5eb51b97,V Sukumaran,male,United Arab Emirates,10,10,194,304,97,0,16,6,1,0,19.4,63.82,6,120,3,81,4.05,27.0,1,0
2584,97b7c5c0,VAB Tewarie,male,Netherlands,1,1,4,22,4,0,0,0,0,0,4.0,18.18,0,0,0,0,0.0,0.0,0,0
2585,890b877d,VB van Jaarsveld,male,South Africa,2,2,9,15,5,0,0,0,0,0,4.5,60.0,0,0,0,0,0.0,0.0,0,0
2586,b16b5eea,VC Drakes,male,West Indies,12,9,58,122,25,2,3,0,0,0,8.29,47.54,12,617,15,461,4.48,30.73,5,1
2587,cfe70281,VD Philander,male,South Africa,29,18,151,213,30,6,14,0,0,0,12.58,70.89,28,1279,41,986,4.63,24.05,4,0
2588,2a9eee66,Vikramjit Singh,male,Netherlands,46,46,1304,1819,110,1,143,16,8,1,28.98,71.69,14,246,7,257,6.27,36.71,2,0
2589,3a7ea906,VJ Kingma,male,Netherlands,27,10,15,48,9,3,0,1,0,0,2.14,31.25,27,1208,38,1036,5.15,27.26,3,0
2590,1bd16445,VM Nyauchi,male,Zimbabwe,10,5,43,51,26,0,5,1,0,0,8.6,84.31,10,402,7,353,5.27,50.43,2,0
2591,a557333b,VO Lawes,male,West Indies,5,3,2,25,1,1,0,0,0,0,1.0,8.0,5,258,8,228,5.3,28.5,3,0
2592,0a3d54b9,VR Aaron,male,India,9,3,8,15,6,2,1,0,0,0,8.0,53.33,9,380,11,419,6.62,38.09,3,0
2593,a24be938,VR Iyer,male,India,2,2,24,40,22,0,0,1,0,0,12.0,60.0,1,30,0,28,5.6,0.0,0,0
2594,034b4b7d,VRV Singh,male,India,2,1,8,13,8,0,1,0,0,0,8.0,61.54,2,72,0,105,8.75,0.0,0,0
2595,7ee2ce62,VS Solanki,male,England,33,33,829,1137,106,3,105,4,5,1,27.63,72.91,5,81,1,80,5.93,80.0,1,0
2596,e64c10dd,VV Morea,male,Papua New Guinea,8,8,142,224,52,0,13,1,1,0,17.75,63.39,0,0,0,0,0.0,0.0,0,0
2597,de8cce37,VVS Laxman,male,India,27,27,828,1101,107,3,80,1,1,4,34.5,75.2,0,0,0,0,0.0,0.0,0,0
2598,0d677597,W Barresi,male,Netherlands,37,37,882,1153,137,3,97,12,3,1,25.94,76.5,1,6,0,13,13.0,0.0,0,0
2599,619aa81f,W Jaffer,male,India,2,2,10,23,10,0,2,0,0,0,5.0,43.48,0,0,0,0,0.0,0.0,0,0
2600,a879b92c,W Madhevere,male,Zimbabwe,38,37,841,1064,75,0,77,6,7,0,22.73,79.04,28,788,16,683,5.2,42.69,3,0
2601,96dced3e,W Mwayenga,male,Zimbabwe,2,2,1,11,1,0,0,0,0,0,0.5,9.09,2,72,1,83,6.92,83.0,1,0
2602,cb9b8664,W O'Rourke,male,New Zealand,20,6,13,31,6,2,0,0,0,0,3.25,41.94,20,982,27,922,5.63,34.15,4,0
2603,bc2d4f2e,W Sutherland,male,Australia,2,1,18,33,18,0,0,0,0,0,18.0,54.55,2,51,2,33,3.88,16.5,2,0
2604,15de1f5d,WA Agar,male,Australia,2,2,50,42,41,0,4,2,0,0,25.0,119.05,2,66,0,39,3.55,0.0,0,0
2605,8afe73e2,WA Young,male,New Zealand,62,62,1996,2360,120,5,224,26,11,4,35.02,84.58,0,0,0,0,0.0,0.0,0,0
2606,b3118300,Wahab Riaz,male,Pakistan,88,65,725,837,54,14,54,29,3,0,14.22,86.62,88,4222,116,4051,5.76,34.92,5,1
2607,3df3f50b,Waheed Ahmed,male,United Arab Emirates,6,6,73,129,23,1,8,2,0,0,14.6,56.59,6,120,1,94,4.7,94.0,1,0
2608,d8906a73,Waqar Younis,male,Pakistan,5,4,17,23,8,0,1,0,0,0,4.25,73.91,4,181,7,177,5.87,25.29,2,0
2609,a2eac9df,Waqas Barkat,male,Hong Kong,4,4,25,54,14,1,2,0,0,0,8.33,46.3,1,12,0,19,9.5,0.0,0,0
2610,35971419,Waqas Khan,male,Hong Kong,4,4,52,99,35,1,3,0,0,0,17.33,52.53,0,0,0,0,0.0,0.0,0,0
2611,6f02fe2a,Waseem Muhammad,male,United Arab Emirates,69,69,1745,1993,119,0,144,83,9,1,25.29,87.56,7,71,0,92,7.77,0.0,0,0
2612,f19ccfad,Washington Sundar,male,India,28,22,426,518,52,3,29,12,2,0,22.42,82.24,27,1038,29,850,4.91,29.31,3,0
2613,126e56a1,Wasim Akram,male,Pakistan,5,5,71,68,33,2,10,1,0,0,23.67,104.41,5,284,12,201,4.25,16.75,5,1
2614,ea59139a,Wasim Ali,male,Oman,13,13,175,219,62,3,14,4,1,0,17.5,79.91,9,111,5,136,7.35,27.2,1,0
2615,29b89ae8,WB Rankin,male,Ireland,47,20,78,179,18,14,3,1,0,0,13.0,43.58,47,2357,64,1934,4.92,30.22,4,0
2616,42d1b920,WCA Ganegama,male,Sri Lanka,2,1,7,8,7,0,1,0,0,0,7.0,87.5,2,42,0,61,8.71,0.0,0,0
2617,8fd3b94d,WD Balaji Rao,male,Canada,7,5,22,41,9,0,2,0,0,0,4.4,53.66,7,354,10,325,5.51,32.5,4,0
2618,3a60e0b5,WD Parnell,male,South Africa,70,42,574,721,56,14,43,9,1,0,20.5,79.61,69,3224,99,3010,5.6,30.4,5,2
2619,0c637131,WF Stelling,male,Netherlands,4,2,40,38,39,2,2,2,0,0,0.0,105.26,4,186,5,107,3.45,21.4,3,0
2620,9caf69a1,WG Jacks,male,England,26,23,679,662,94,2,61,20,4,0,32.33,102.57,18,528,10,549,6.24,54.9,3,0
2621,9550470d,WIA Fernando,male,Sri Lanka,47,47,1405,1598,127,0,147,23,7,4,29.89,87.92,0,0,0,0,0.0,0.0,0,0
2622,c942a53b,WK McCallan,male,Ireland,15,13,101,172,25,2,9,0,0,0,9.18,58.72,14,603,13,419,4.17,32.23,3,0
2623,4bc0a378,WP Masakadza,male,Zimbabwe,33,23,246,372,40,4,22,2,0,0,12.95,66.13,32,1386,22,1182,5.12,53.73,3,0
2624,f1a042e5,WP Myburgh,male,Namibia,5,5,76,167,43,0,2,0,0,0,15.2,45.51,2,18,1,21,7.0,21.0,1,0
2625,fe11caa6,WP Saha,male,India,5,5,41,56,16,2,5,0,0,0,13.67,73.21,0,0,0,0,0.0,0.0,0,0
2626,bcce309e,WPUJC Vaas,male,Sri Lanka,95,70,579,839,37,19,44,3,0,0,11.35,69.01,95,4755,112,3289,4.15,29.37,5,1
2627,858b6611,WS Jayantha,male,Sri Lanka,9,9,206,309,51,0,24,1,1,0,22.89,66.67,3,25,0,27,6.48,0.0,0,0
2628,7516045a,WT Gavera,male,Papua New Guinea,2,1,4,5,4,1,1,0,0,0,0.0,80.0,2,84,1,78,5.57,78.0,1,0
2629,ec02b798,WTS Porterfield,male,Ireland,89,89,2670,3865,139,0,274,27,15,6,30.0,69.08,0,0,0,0,0.0,0.0,0,0
2630,7ed9fd56,WU Tharanga,male,Sri Lanka,206,206,6482,8514,174,17,742,52,36,14,34.3,76.13,0,0,0,0,0.0,0.0,0,0
2631,60beb01b,WW Hinds,male,West Indies,38,38,1066,1555,127,5,90,21,3,4,32.3,68.55,19,610,20,506,4.98,25.3,3,0
2632,3b53243a,XC Bartlett,male,Australia,8,5,64,70,52,0,4,3,1,0,12.8,91.43,8,385,19,299,4.66,15.74,4,0
2633,502b2c81,XJ Doherty,male,Australia,57,22,101,184,15,15,5,1,0,0,14.43,54.89,55,2745,54,2190,4.79,40.56,4,0
2634,ffb504b1,XM Marshall,male,West Indies,26,26,379,660,50,1,41,4,1,0,15.16,57.42,1,3,0,5,10.0,0.0,0,0
2635,78bb68d4,Y Cariah,male,West Indies,14,7,93,166,52,1,6,1,1,0,15.5,56.02,14,596,13,622,6.26,47.85,2,0
2636,e855edaa,Y Punja,male,United Arab Emirates,1,1,1,6,1,0,0,0,0,0,1.0,16.67,1,36,0,49,8.17,0.0,0,0
2637,fe763256,Y Venugopal Rao,male,India,8,8,161,249,61,1,12,2,1,0,23.0,64.66,0,0,0,0,0.0,0.0,0,0
2638,5791b840,Yasir Ali Chowdhury,male,Bangladesh,5,5,101,105,50,0,8,4,1,0,20.2,96.19,0,0,0,0,0.0,0.0,0,0
2639,3cf5ae43,Yasir Arafat,male,Pakistan,8,5,64,98,27,2,7,1,0,0,21.33,65.31,8,342,2,308,5.4,154.0,1,0
2640,f144d99b,Yasir Hameed,male,Pakistan,39,39,1459,2155,116,0,159,4,10,2,37.41,67.7,0,0,0,0,0.0,0.0,0,0
2641,fe5175ce,Yasir Mohammad,male,United States of America,7,2,5,20,3,0,0,0,0,0,2.5,25.0,7,252,7,242,5.76,34.57,2,0
2642,f2800ef3,Yasir Shah,male,Pakistan,24,12,127,149,32,6,9,1,0,0,21.17,85.23,24,1293,24,1150,5.34,47.92,6,1
2643,6c19c6e5,YBK Jaiswal,male,India,4,4,171,197,116,1,19,4,0,1,57.0,86.8,0,0,0,0,0.0,0.0,0,0
2644,3c6ffae8,YK Pathan,male,India,53,41,810,708,123,11,62,43,3,2,27.0,114.41,50,1490,33,1365,5.5,41.36,3,0
2645,33cb3411,Younis Khan,male,Pakistan,170,168,4777,6266,123,10,388,36,32,5,30.23,76.24,15,212,1,215,6.08,215.0,1,0
2646,e237b28c,Yousuf Youhana,male,Pakistan,129,129,4523,5825,117,19,362,33,35,6,41.12,77.65,2,2,1,1,3.0,1.0,1,0
2647,57ee1fde,YS Chahal,male,India,70,14,77,141,18,5,8,0,0,0,8.56,54.61,68,3679,119,3247,5.3,27.29,6,2
2648,d02c40ab,YS Samra,male,Canada,12,12,378,471,78,0,43,11,3,0,31.5,80.25,1,24,1,31,7.75,31.0,1,0
2649,1c914163,Yuvraj Singh,male,India,215,209,6932,7856,150,33,729,133,42,12,39.39,88.24,126,4018,92,3444,5.14,37.43,5,1
2650,922e1b19,Z Crawley,male,England,9,9,205,215,58,1,24,2,2,0,25.62,95.35,0,0,0,0,0.0,0.0,0,0
2651,017faef2,Z Groenewald,male,Namibia,3,2,4,19,3,1,0,0,0,0,4.0,21.05,3,150,6,110,4.4,18.33,3,0
2652,91a4a398,Z Khan,male,India,129,59,531,740,34,18,47,16,0,0,12.95,71.76,129,6582,180,5500,5.01,30.56,5,1
2653,9fd3a210,Zafar Gohar,male,Pakistan,1,1,15,15,15,0,0,1,0,0,15.0,100.0,1,60,2,54,5.4,27.0,2,0
2654,52e8dd6b,Zaheer Maqsood,male,United Arab Emirates,1,1,5,9,5,1,1,0,0,0,0.0,55.56,1,60,2,56,5.6,28.0,2,0
2655,0d15a8c9,Zahid Ali,male,United Arab Emirates,3,3,16,25,11,2,1,0,0,0,16.0,64.0,3,114,5,132,6.95,26.4,4,0
2656,1e5708ac,Zahid Hussain,male,Canada,2,2,9,31,7,1,1,0,0,0,9.0,29.03,2,120,2,94,4.7,47.0,1,0
2657,ba158afd,Zahid Mahmood,male,Pakistan,4,2,9,10,9,1,0,1,0,0,9.0,90.0,4,216,4,220,6.11,55.0,2,0
2658,6fb21086,Zahid Shah,male,United Arab Emirates,2,2,11,20,6,2,2,0,0,0,0.0,55.0,2,120,6,98,4.9,16.33,3,0
2659,5696c45d,Zahid Shirzad,male,Canada,6,3,57,30,54,0,4,5,1,0,19.0,190.0,6,348,15,320,5.52,21.33,4,0
2660,f0e293b0,Zahoor Khan,male,United Arab Emirates,60,38,143,256,23,16,10,4,0,0,6.5,55.86,60,2787,90,2325,5.01,25.83,6,1
2661,b3b4dc7d,Zain Abbas,male,Hong Kong,1,1,26,54,26,1,2,0,0,0,0.0,48.15,1,36,1,56,9.33,56.0,1,0
2662,3cbdbdeb,Zainullah Ihsan,male,Scotland,1,0,0,0,0,0,0,0,0,0,0.0,0.0,1,36,1,46,7.67,46.0,1,0
2663,e3e09091,Zakir Hasan,male,Bangladesh,1,1,1,5,1,0,0,0,0,0,1.0,20.0,0,0,0,0,0.0,0.0,0,0
2664,28392e11,Zaman Khan,male,Pakistan,1,0,0,0,0,0,0,0,0,0,0.0,0.0,1,36,0,39,6.5,0.0,0,0
2665,d07dbc28,Zawar Farid,male,United Arab Emirates,10,8,132,139,32,1,15,4,0,0,18.86,94.96,7,201,8,187,5.58,23.38,4,0
2666,d99de998,ZB Lion-Cachet,male,Netherlands,17,17,317,505,78,1,21,1,1,0,19.81,62.77,14,319,11,269,5.06,24.45,3,0
2667,8716233e,ZE Green,male,Namibia,46,46,1020,1334,75,4,106,12,4,0,24.29,76.46,0,0,0,0,0.0,0.0,0,0
2668,c981bfad,ZE Surkari,male,Canada,8,8,127,292,34,1,7,0,0,0,18.14,43.49,0,0,0,0,0.0,0.0,0,0
2669,34464143,Zeeshan Maqsood,male,Oman,46,45,1196,1809,109,5,101,15,6,2,29.9,66.11,44,2129,54,1500,4.23,27.78,4,0
2670,a91392b4,Zeeshan Siddiqi,male,Canada,1,1,7,21,7,0,1,0,0,0,7.0,33.33,0,0,0,0,0.0,0.0,0,0
2671,30f92334,ZGF Foulkes,male,New Zealand,8,5,49,55,22,3,6,0,0,0,24.5,89.09,8,360,13,337,5.62,25.92,4,0
2672,c27518d2,Ziaur Rahman,male,Bangladesh,11,10,83,87,22,0,9,3,0,0,8.3,95.4,10,348,10,262,4.52,26.2,5,1
2673,22feee04,Zubayr Hamza,male,South Africa,1,1,56,79,56,0,5,1,1,0,56.0,70.89,0,0,0,0,0.0,0.0,0,0
2674,9124aa4c,Zuhaib Zubair,male,United Arab Emirates,4,4,39,49,31,0,3,1,0,0,9.75,79.59,4,150,0,138,5.52,0.0,0,0
2675,3a0f6df2,Zulfiqar Babar,male,Pakistan,5,5,35,40,14,3,2,1,0,0,17.5,87.5,5,294,4,246,5.02,61.5,2,0
2676,ee9bdbc8,Zulqarnain Haider,male,Pakistan,4,4,48,68,19,2,3,0,0,0,24.0,70.59,0,0,0,0,0.0,0.0,0,0
