player_external_id,player_name,team_name,season,matches,batting_innings,runs,balls_faced,highest_score,not_outs,fours,sixes,fifties,centuries,batting_average,strike_rate,bowling_innings,balls_bowled,wickets,runs_conceded,economy,bowling_average,best_bowling_wickets,five_wicket_hauls
dcce6f09,DA Warner,Sunrisers Hyderabad,2017,14,14,641,452,126,3,63,26,4,1,58.27,141.81,0,0,0,0,0.0,0.0,0,0
245c97cb,TS Mills,Royal Challengers Bengaluru,2017,5,3,8,11,6,0,0,1,0,0,2.67,72.73,5,107,5,153,8.58,30.6,2,0
0a476045,S Dhawan,Sunrisers Hyderabad,2017,14,14,479,376,77,1,53,9,3,0,36.85,127.39,0,0,0,0,0.0,0.0,0,0
18e6906e,A Choudhary,Royal Challengers Bengaluru,2017,5,3,25,20,15,2,1,1,0,0,25.0,125.0,5,101,5,144,8.55,28.8,2,0
32198ae0,MC Henriques,Sunrisers Hyderabad,2017,12,11,277,203,55,5,28,4,3,0,46.17,136.45,12,144,1,248,10.33,248.0,1,0
57ee1fde,YS Chahal,Royal Challengers Bengaluru,2017,13,6,13,26,4,3,0,0,0,0,4.33,50.0,13,261,14,333,7.66,23.79,3,0
957532de,S Aravind,Royal Challengers Bengaluru,2017,10,6,32,40,9,3,2,0,0,0,10.67,80.0,10,183,5,275,9.02,55.0,2,0
4329fbb5,SR Watson,Royal Challengers Bengaluru,2017,8,7,71,78,24,1,6,1,0,0,11.83,91.03,8,161,5,245,9.13,49.0,1,0
12b610c2,TM Head,Royal Challengers Bengaluru,2017,7,7,151,108,75,2,9,6,1,0,30.2,139.81,5,48,2,81,10.12,40.5,2,0
bd17b45f,STR Binny,Royal Challengers Bengaluru,2017,7,7,78,76,18,2,6,3,0,0,15.6,102.63,4,36,4,50,8.33,12.5,1,0
1c914163,Yuvraj Singh,Sunrisers Hyderabad,2017,11,11,252,177,70,2,30,8,2,0,28.0,142.37,2,12,1,22,11.0,22.0,1,0
73ad96ed,DJ Hooda,Sunrisers Hyderabad,2017,7,6,78,52,19,3,5,4,0,0,26.0,150.0,3,24,2,42,10.5,21.0,1,0
2e11c706,BCJ Cutting,Sunrisers Hyderabad,2017,4,3,51,26,20,1,5,3,0,0,25.5,196.15,4,76,1,123,9.71,123.0,1,0
db584dad,CH Gayle,Royal Challengers Bengaluru,2017,9,9,200,163,77,0,15,14,1,0,22.22,122.7,0,0,0,0,0.0,0.0,0,0
96fd40ae,A Nehra,Sunrisers Hyderabad,2017,6,0,0,0,0,0,0,0,0,0,0.0,0.0,6,127,8,197,9.31,24.62,3,0
c3a96caf,Mandeep Singh,Royal Challengers Bengaluru,2017,10,10,188,177,52,0,21,4,1,0,18.8,106.21,0,0,0,0,0.0,0.0,0,0
2e81a32d,B Kumar,Sunrisers Hyderabad,2017,14,2,4,4,4,1,0,0,0,0,4.0,100.0,14,314,26,369,7.05,14.19,5,0
5f547c8b,Rashid Khan,Sunrisers Hyderabad,2017,14,3,11,9,6,1,0,1,0,0,5.5,122.22,14,324,17,358,6.63,21.06,3,0
99d63244,KM Jadhav,Royal Challengers Bengaluru,2017,13,13,267,186,69,1,25,10,1,0,22.25,143.55,0,0,0,0,0.0,0.0,0,0
dc9dd038,Sachin Baby,Royal Challengers Bengaluru,2017,3,3,15,15,12,0,2,0,0,0,5.0,100.0,0,0,0,0,0.0,0.0,0,0
c18496e1,Bipul Sharma,Sunrisers Hyderabad,2017,7,3,31,24,21,2,2,1,0,0,31.0,129.17,7,98,3,129,7.9,43.0,1,0
b5da6c24,PA Patel,Mumbai Indians,2017,16,16,395,293,70,0,49,8,2,0,24.69,134.81,0,0,0,0,0.0,0.0,0,0
66b30f71,AB Dinda,Rising Pune Supergiant,2017,3,1,7,7,7,0,1,0,0,0,7.0,100.0,3,60,1,119,11.9,119.0,1,0
99b75528,JC Buttler,Mumbai Indians,2017,10,10,272,177,77,0,27,15,1,0,27.2,153.67,0,0,0,0,0.0,0.0,0,0
23eeb873,DL Chahar,Rising Pune Supergiant,2017,3,1,14,6,14,0,0,2,0,0,14.0,233.33,3,42,1,74,10.57,74.0,1,0
e087956b,BA Stokes,Rising Pune Supergiant,2017,12,11,316,221,103,1,22,15,1,1,31.6,142.99,12,264,12,316,7.18,26.33,3,0
acee4cc4,Imran Tahir,Rising Pune Supergiant,2017,12,1,0,2,0,1,0,0,0,0,0.0,0.0,12,282,18,369,7.85,20.5,3,0
740742ef,RG Sharma,Mumbai Indians,2017,16,16,333,273,67,2,31,9,3,0,23.79,121.98,0,0,0,0,0.0,0.0,0,0
fb2d1dda,N Rana,Mumbai Indians,2017,12,12,333,264,62,1,24,17,3,0,30.27,126.14,0,0,0,0,0.0,0.0,0,0
70d205c9,AT Rayudu,Mumbai Indians,2017,5,5,91,78,63,0,7,3,1,0,18.2,116.67,0,0,0,0,0.0,0.0,0,0
14f96089,A Zampa,Rising Pune Supergiant,2017,6,1,5,7,5,0,1,0,0,0,5.0,71.43,6,119,7,163,8.22,23.29,2,0
33a364a6,R Bhatia,Rising Pune Supergiant,2017,3,1,16,17,16,0,0,1,0,0,16.0,94.12,3,42,2,55,7.86,27.5,2,0
5b8c830e,KH Pandya,Mumbai Indians,2017,13,11,243,179,47,3,24,7,0,0,30.38,135.75,13,240,10,273,6.83,27.3,3,0
a757b0d8,KA Pollard,Mumbai Indians,2017,16,16,385,276,70,3,26,22,3,0,29.62,139.49,1,11,0,30,16.36,0.0,0,0
dbe50b21,HH Pandya,Mumbai Indians,2017,17,16,250,160,35,9,11,20,0,0,35.71,156.25,13,156,6,213,8.19,35.5,2,0
13c35c9e,TG Southee,Mumbai Indians,2017,3,1,7,3,7,0,0,1,0,0,7.0,233.33,3,60,3,96,9.6,32.0,2,0
29e95537,AM Rahane,Rising Pune Supergiant,2017,16,16,382,323,60,1,35,9,2,0,25.47,118.27,0,0,0,0,0.0,0.0,0,0
00ea847a,MA Agarwal,Rising Pune Supergiant,2017,3,3,26,27,20,0,3,0,0,0,8.67,96.3,0,0,0,0,0.0,0.0,0,0
51a3c5ef,MJ McClenaghan,Mumbai Indians,2017,14,5,16,15,12,2,0,1,0,0,5.33,106.67,14,324,19,507,9.39,26.68,3,0
30a45b23,SPD Smith,Rising Pune Supergiant,2017,15,15,472,387,84,3,38,12,3,0,39.33,121.96,0,0,0,0,0.0,0.0,0,0
462411b3,JJ Bumrah,Mumbai Indians,2017,16,2,16,12,16,1,0,1,0,0,16.0,133.33,16,356,20,440,7.42,22.0,3,0
4a8a2e3b,MS Dhoni,Rising Pune Supergiant,2017,15,15,290,250,61,4,15,16,1,0,26.36,116.0,0,0,0,0,0.0,0.0,0,0
d1c36f5c,JJ Roy,Gujarat Lions,2017,3,3,59,40,31,1,9,1,0,0,29.5,147.5,0,0,0,0,0.0,0.0,0,0
a818c1be,TA Boult,Kolkata Knight Riders,2017,6,1,5,8,5,1,0,0,0,0,0.0,62.5,6,143,5,216,9.06,43.2,2,0
b8a55852,BB McCullum,Gujarat Lions,2017,11,11,319,217,72,0,29,18,2,0,29.0,147.0,0,0,0,0,0.0,0.0,0,0
98ae73b1,PP Chawla,Kolkata Knight Riders,2017,6,1,2,6,2,0,0,0,0,0,2.0,33.33,6,120,6,179,8.95,29.83,2,0
9d430b40,SP Narine,Kolkata Knight Riders,2017,16,14,224,130,54,1,34,10,1,0,17.23,172.31,15,354,10,412,6.98,41.2,2,0
1dc12ab9,SK Raina,Gujarat Lions,2017,14,14,442,307,84,3,42,13,3,0,40.18,143.97,6,72,1,102,8.5,102.0,1,0
4c5d73db,CR Woakes,Kolkata Knight Riders,2017,13,7,46,47,18,3,4,1,0,0,11.5,97.87,13,264,17,386,8.77,22.71,3,0
8d2c70ad,Kuldeep Yadav,Kolkata Knight Riders,2017,12,2,20,22,16,0,2,0,0,0,10.0,90.91,11,246,12,340,8.29,28.33,2,0
b8d490fd,AJ Finch,Gujarat Lions,2017,13,13,299,180,72,1,25,19,2,0,24.92,166.11,0,0,0,0,0.0,0.0,0,0
3c6ffae8,YK Pathan,Kolkata Knight Riders,2017,12,11,143,115,59,3,9,6,1,0,17.88,124.35,4,24,1,41,10.25,41.0,1,0
c03f1114,KD Karthik,Gujarat Lions,2017,13,13,361,259,65,3,30,11,2,0,36.1,139.38,0,0,0,0,0.0,0.0,0,0
bb345e0b,G Gambhir,Kolkata Knight Riders,2017,16,16,498,389,76,4,62,7,4,0,41.5,128.02,0,0,0,0,0.0,0.0,0,0
e938e1bc,P Kumar,Gujarat Lions,2017,6,2,8,9,7,1,0,0,0,0,8.0,88.89,6,99,6,151,9.15,25.17,2,0
45eda7c8,CA Lynn,Kolkata Knight Riders,2017,7,7,295,163,93,1,25,19,3,0,49.17,180.98,0,0,0,0,0.0,0.0,0,0
d2a989fc,DS Kulkarni,Gujarat Lions,2017,6,1,1,2,1,0,0,0,0,0,1.0,50.0,6,113,3,173,9.19,57.67,1,0
ae78bc32,MS Gony,Gujarat Lions,2017,1,0,0,0,0,0,0,0,0,0,0.0,0.0,1,12,0,32,16.0,0.0,0,0
1da489ff,S Kaushik,Gujarat Lions,2017,3,0,0,0,0,0,0,0,0,0,0.0,0.0,3,66,0,105,9.55,0.0,0,0
35205dfc,DR Smith,Gujarat Lions,2017,12,11,239,156,74,0,32,8,2,0,21.73,153.21,9,78,2,148,11.38,74.0,1,0
c8179c68,SB Jakati,Gujarat Lions,2017,2,0,0,0,0,0,0,0,0,0,0.0,0.0,2,30,0,52,10.4,0.0,0,0
ce820073,Sandeep Sharma,Punjab Kings,2017,13,2,7,6,5,2,0,0,0,0,0.0,116.67,13,288,17,398,8.29,23.41,4,0
759ac88f,MM Sharma,Punjab Kings,2017,14,7,51,50,13,1,4,1,0,0,8.5,102.0,14,274,13,410,8.98,31.54,2,0
2e171977,AR Patel,Punjab Kings,2017,14,13,227,162,44,5,11,11,0,0,28.38,140.12,14,288,15,362,7.54,24.13,3,0
ce794613,T Natarajan,Punjab Kings,2017,6,0,0,0,0,0,0,0,0,0,0.0,0.0,6,76,2,115,9.08,57.5,1,0
d9273ee7,MP Stoinis,Punjab Kings,2017,5,3,17,24,9,0,1,0,0,0,5.67,70.83,5,63,2,110,10.48,55.0,1,0
983f2f61,Swapnil Singh,Punjab Kings,2017,4,2,12,19,10,0,0,0,0,0,6.0,63.16,4,42,1,61,8.71,61.0,1,0
26e5cabf,MK Tiwary,Rising Pune Supergiant,2017,13,13,324,236,60,3,31,11,2,0,32.4,137.29,0,0,0,0,0.0,0.0,0,0
2a2e6343,DT Christian,Rising Pune Supergiant,2017,13,9,79,49,17,4,5,5,0,0,15.8,161.22,13,240,11,298,7.45,27.09,2,0
e798611a,HM Amla,Punjab Kings,2017,10,10,420,288,104,3,40,17,2,2,60.0,145.83,0,0,0,0,0.0,0.0,0,0
c03e2850,M Vohra,Punjab Kings,2017,9,9,229,159,95,0,23,9,1,0,25.44,144.03,0,0,0,0,0.0,0.0,0,0
fe11caa6,WP Saha,Punjab Kings,2017,11,11,234,187,93,1,20,8,1,0,23.4,125.13,0,0,0,0,0.0,0.0,0,0
2ed569a0,RD Chahar,Rising Pune Supergiant,2017,2,1,3,2,3,1,0,0,0,0,0.0,150.0,2,42,2,58,8.29,29.0,1,0
b681e71e,GJ Maxwell,Punjab Kings,2017,14,13,310,179,47,3,20,26,0,0,31.0,173.18,8,114,7,125,6.58,17.86,2,0
d67d5f00,DA Miller,Punjab Kings,2017,4,4,83,80,30,1,4,4,0,0,27.67,103.75,0,0,0,0,0.0,0.0,0,0
91a4a398,Z Khan,Delhi Capitals,2017,11,3,4,13,2,2,0,0,0,0,4.0,30.77,11,241,10,313,7.79,31.3,3,0
fb66ce1f,CH Morris,Delhi Capitals,2017,9,8,154,94,52,3,15,6,1,0,30.8,163.83,9,186,12,240,7.74,20.0,4,0
ded9240e,PJ Cummins,Delhi Capitals,2017,12,8,77,53,24,3,5,4,0,0,15.4,145.28,12,277,15,373,8.08,24.87,2,0
9d80c5e1,S Nadeem,Delhi Capitals,2017,7,3,2,9,2,0,0,0,0,0,0.67,22.22,7,107,6,119,6.67,19.83,2,0
6b19d823,A Mishra,Delhi Capitals,2017,14,6,49,52,13,5,2,2,0,0,49.0,94.23,14,233,10,343,8.83,34.3,3,0
e342e5fb,CR Brathwaite,Delhi Capitals,2017,2,2,12,15,11,0,2,0,0,0,6.0,80.0,2,36,1,67,11.17,67.0,1,0
0494fa6e,Vishnu Vinod,Royal Challengers Bengaluru,2017,3,3,19,26,9,0,1,1,0,0,6.33,73.08,0,0,0,0,0.0,0.0,0,0
85aae393,Iqbal Abdulla,Royal Challengers Bengaluru,2017,2,1,5,7,5,1,0,0,0,0,0.0,71.43,2,30,2,55,11.0,27.5,2,0
f62772e5,P Negi,Royal Challengers Bengaluru,2017,12,10,144,111,35,2,10,7,0,0,18.0,129.73,12,193,16,197,6.12,12.31,3,0
855a210c,AP Tare,Delhi Capitals,2017,3,3,18,23,18,0,3,0,0,0,6.0,78.26,0,0,0,0,0.0,0.0,0,0
6834d1f2,B Stanlake,Royal Challengers Bengaluru,2017,2,0,0,0,0,0,0,0,0,0,0.0,0.0,2,48,2,70,8.75,35.0,2,0
c16d4035,SW Billings,Delhi Capitals,2017,6,6,138,104,55,0,19,1,1,0,23.0,132.69,0,0,0,0,0.0,0.0,0,0
944533a5,KK Nair,Delhi Capitals,2017,13,13,281,226,64,0,39,6,1,0,21.62,124.34,0,0,0,0,0.0,0.0,0,0
a4cc73aa,SV Samson,Delhi Capitals,2017,14,14,386,273,102,0,32,19,2,1,27.57,141.39,0,0,0,0,0.0,0.0,0,0
919a3be2,RR Pant,Delhi Capitals,2017,14,14,366,221,97,0,28,24,2,0,26.14,165.61,0,0,0,0,0.0,0.0,0,0
871e9faf,Basil Thampi,Gujarat Lions,2017,12,5,28,28,13,5,1,1,0,0,0.0,100.0,12,268,11,424,9.49,38.55,3,0
c28e9f12,Tejas Baroka,Gujarat Lions,2017,1,0,0,0,0,0,0,0,0,0,0.0,0.0,1,21,0,33,9.43,0.0,0,0
a12e1d51,SL Malinga,Mumbai Indians,2017,12,2,7,3,7,2,0,1,0,0,0.0,233.33,12,269,11,382,8.52,34.73,2,0
1c17e270,RV Uthappa,Kolkata Knight Riders,2017,13,13,388,235,87,0,36,21,5,0,29.85,165.11,0,0,0,0,0.0,0.0,0,0
93b4fc78,MK Pandey,Kolkata Knight Riders,2017,12,12,396,308,81,4,28,12,2,0,49.5,128.57,0,0,0,0,0.0,0.0,0,0
8b5b6769,Harbhajan Singh,Mumbai Indians,2017,11,7,16,16,7,5,0,1,0,0,8.0,100.0,11,246,8,266,6.49,33.25,3,0
271f83cd,SA Yadav,Kolkata Knight Riders,2017,7,7,105,88,31,1,8,3,0,0,17.5,119.32,0,0,0,0,0.0,0.0,0,0
db31895a,AS Rajpoot,Kolkata Knight Riders,2017,5,1,4,7,4,0,1,0,0,0,4.0,57.14,5,84,4,107,7.64,26.75,3,0
c4487b84,AB de Villiers,Royal Challengers Bengaluru,2017,9,9,216,163,89,1,12,16,1,0,27.0,132.52,0,0,0,0,0.0,0.0,0,0
0a3d54b9,VR Aaron,Punjab Kings,2017,6,2,4,10,4,1,0,0,0,0,4.0,40.0,6,120,7,163,8.15,23.29,2,0
8abdf100,CJ Anderson,Delhi Capitals,2017,11,11,142,123,41,4,8,9,0,0,20.29,115.45,8,113,3,186,9.88,62.0,1,0
3355b542,F du Plessis,Rising Pune Supergiant,2017,1,1,8,7,8,0,1,0,0,0,8.0,114.29,0,0,0,0,0.0,0.0,0,0
77255a9e,RA Tripathi,Rising Pune Supergiant,2017,14,14,391,267,93,0,43,17,2,0,27.93,146.44,1,6,0,12,12.0,0.0,0,0
890946a0,NV Ojha,Sunrisers Hyderabad,2017,5,5,79,65,34,1,2,3,0,0,19.75,121.54,0,0,0,0,0.0,0.0,0,0
0994d0ae,V Shankar,Sunrisers Hyderabad,2017,4,4,101,75,63,2,12,1,1,0,50.5,134.67,0,0,0,0,0.0,0.0,0,0
0a8fce53,Mustafizur Rahman,Sunrisers Hyderabad,2017,1,0,0,0,0,0,0,0,0,0,0.0,0.0,1,16,0,34,12.75,0.0,0,0
cc1e8c68,UT Yadav,Kolkata Knight Riders,2017,14,4,10,13,4,4,0,0,0,0,0.0,76.92,14,291,17,410,8.45,24.12,4,0
94d7f855,C de Grandhomme,Kolkata Knight Riders,2017,12,9,126,92,36,1,10,6,0,0,15.75,136.96,9,96,4,135,8.44,33.75,3,0
5bb1a1c4,I Sharma,Punjab Kings,2017,6,3,8,12,5,1,1,0,0,0,4.0,66.67,6,108,0,179,9.94,0.0,0,0
ba607b88,V Kohli,Royal Challengers Bengaluru,2017,10,10,308,252,64,0,23,11,4,0,30.8,122.22,0,0,0,0,0.0,0.0,0,0
76388dc8,S Badree,Royal Challengers Bengaluru,2017,7,5,13,23,8,0,0,0,0,0,2.6,56.52,7,150,9,188,7.52,20.89,4,0
7c7d63a2,AJ Tye,Gujarat Lions,2017,6,3,53,30,25,1,4,3,0,0,26.5,176.67,6,126,12,141,6.71,11.75,5,0
fe93fd9d,RA Jadeja,Gujarat Lions,2017,12,10,158,113,28,6,13,4,0,0,39.5,139.82,12,228,5,349,9.18,69.8,2,0
24d94623,Ankit Sharma,Rising Pune Supergiant,2017,1,1,25,15,25,0,2,1,0,0,25.0,166.67,1,6,0,16,16.0,0.0,0,0
1abb78f8,SN Thakur,Rising Pune Supergiant,2017,12,3,0,3,0,0,0,0,0,0,0.0,0.0,12,229,11,315,8.25,28.64,3,0
2f9d0389,LH Ferguson,Rising Pune Supergiant,2017,4,1,1,1,1,1,0,0,0,0,0.0,100.0,4,78,3,93,7.15,31.0,2,0
edb3d4f8,KC Cariappa,Punjab Kings,2017,4,2,2,7,1,0,0,0,0,0,1.0,28.57,4,90,4,127,8.47,31.75,2,0
85ec8e33,SS Iyer,Delhi Capitals,2017,12,12,338,243,96,2,36,10,2,0,33.8,139.09,0,0,0,0,0.0,0.0,0,0
d2a6c0e6,EJG Morgan,Punjab Kings,2017,4,4,65,62,26,0,6,2,0,0,16.25,104.84,0,0,0,0,0.0,0.0,0,0
752f7486,Ishan Kishan,Gujarat Lions,2017,10,10,277,206,61,0,29,13,1,0,27.7,134.47,0,0,0,0,0.0,0.0,0,0
f0f628c7,MM Patel,Gujarat Lions,2017,2,1,0,1,0,0,0,0,0,0,0.0,0.0,2,42,1,57,8.14,57.0,1,0
350bb1b1,AF Milne,Royal Challengers Bengaluru,2017,4,3,7,12,5,1,0,0,0,0,3.5,58.33,4,84,3,134,9.57,44.67,2,0
1e66c162,JD Unadkat,Rising Pune Supergiant,2017,12,1,2,5,2,1,0,0,0,0,0.0,40.0,12,275,24,322,7.03,13.42,5,0
56ab442f,NM Coulter-Nile,Kolkata Knight Riders,2017,8,3,14,12,6,0,0,2,0,0,4.67,116.67,8,170,15,228,8.05,15.2,3,0
896d78ad,AD Mathews,Delhi Capitals,2017,2,2,32,27,31,0,2,1,0,0,16.0,118.52,2,30,0,56,11.2,0.0,0,0
8cf9814c,Mohammed Shami,Delhi Capitals,2017,8,6,36,24,21,2,4,2,0,0,9.0,150.0,8,156,5,243,9.35,48.6,2,0
62af8546,Mohammad Nabi,Sunrisers Hyderabad,2017,3,1,2,3,2,0,0,0,0,0,2.0,66.67,3,66,2,58,5.27,29.0,1,0
d8b2f218,BB Sran,Sunrisers Hyderabad,2017,1,0,0,0,0,0,0,0,0,0,0.0,0.0,1,12,0,29,14.5,0.0,0,0
dcf81436,S Kaul,Sunrisers Hyderabad,2017,10,1,0,2,0,1,0,0,0,0,0.0,0.0,10,214,16,300,8.41,18.75,4,0
81049310,J Yadav,Delhi Capitals,2017,2,0,0,0,0,0,0,0,0,0,0.0,0.0,2,36,0,42,7.0,0.0,0,0
d027ba9f,KS Williamson,Sunrisers Hyderabad,2017,7,7,256,169,89,1,20,10,2,0,42.67,151.48,0,0,0,0,0.0,0.0,0,0
2f49c897,Mohammed Siraj,Sunrisers Hyderabad,2017,6,0,0,0,0,0,0,0,0,0,0.0,0.0,6,138,10,212,9.22,21.2,4,0
508a1ea7,SE Marsh,Punjab Kings,2017,8,8,264,194,84,0,36,5,2,0,33.0,136.08,0,0,0,0,0.0,0.0,0,0
808f425a,JP Faulkner,Gujarat Lions,2017,8,6,54,57,21,2,4,0,0,0,13.5,94.74,8,158,6,258,9.8,43.0,2,0
7dc35884,Shakib Al Hasan,Kolkata Knight Riders,2017,1,1,1,1,1,1,0,0,0,0,0.0,100.0,1,18,0,31,10.33,0.0,0,0
e62dd25d,K Rabada,Delhi Capitals,2017,6,3,55,64,44,0,5,1,0,0,18.33,85.94,6,128,6,188,8.81,31.33,2,0
f5180fe6,MG Johnson,Mumbai Indians,2017,5,2,20,17,13,2,1,1,0,0,0.0,117.65,5,120,7,141,7.05,20.14,3,0
f19ccfad,Washington Sundar,Rising Pune Supergiant,2017,10,5,9,12,5,4,0,0,0,0,9.0,75.0,10,180,8,185,6.17,23.12,3,0
b51f72a5,SS Agarwal,Gujarat Lions,2017,1,0,0,0,0,0,0,0,0,0,0.0,0.0,1,24,1,42,10.5,42.0,1,0
b822e99c,NB Singh,Gujarat Lions,2017,2,0,0,0,0,0,0,0,0,0,0.0,0.0,2,24,1,15,3.75,15.0,1,0
f10e94c4,AD Nath,Gujarat Lions,2017,1,1,0,1,0,0,0,0,0,0,0.0,0.0,0,0,0,0,0.0,0.0,0,0
119678fd,KV Sharma,Mumbai Indians,2017,9,6,49,41,19,0,5,2,0,0,8.17,119.51,9,184,13,214,6.98,16.46,4,0
14b14cd8,DM Bravo,Kolkata Knight Riders,2017,1,1,6,5,6,1,1,0,0,0,0.0,120.0,0,0,0,0,0.0,0.0,0,0
f18ba07f,Ankit Soni,Gujarat Lions,2017,6,3,7,9,7,1,0,1,0,0,3.5,77.78,6,109,2,144,7.93,72.0,1,0
afe3355a,AR Bawne,Delhi Capitals,2017,1,1,12,12,12,1,1,0,0,0,0.0,100.0,0,0,0,0,0.0,0.0,0,0
acc1aeda,SP Jackson,Kolkata Knight Riders,2017,3,3,38,31,16,1,5,0,0,0,19.0,122.58,0,0,0,0,0.0,0.0,0,0
69be866a,Anureet Singh,Punjab Kings,2017,1,1,15,12,15,0,2,0,0,0,15.0,125.0,1,12,0,26,13.0,0.0,0,0
2be41edb,MJ Guptill,Punjab Kings,2017,7,7,132,88,50,1,17,5,1,0,22.0,150.0,0,0,0,0,0.0,0.0,0,0
5fa06777,IK Pathan,Gujarat Lions,2017,1,1,2,3,2,0,0,0,0,0,2.0,66.67,1,12,0,26,13.0,0.0,0,0
9fc0ef64,PJ Sangwan,Gujarat Lions,2017,5,3,2,4,1,1,0,0,0,0,1.0,50.0,5,108,5,181,10.06,36.2,2,0
f846de6a,MN Samuels,Delhi Capitals,2017,5,4,29,31,27,0,1,2,0,0,7.25,93.55,2,18,0,34,11.33,0.0,0,0
89f64c19,LMP Simmons,Mumbai Indians,2017,7,7,137,112,66,0,10,8,2,0,19.57,122.32,0,0,0,0,0.0,0.0,0,0
39a2dfa8,R Tewatia,Punjab Kings,2017,3,2,19,11,15,1,4,0,0,0,19.0,172.73,3,54,3,49,5.44,16.33,2,0
e84ac20c,MJ Henry,Punjab Kings,2017,2,0,0,0,0,0,0,0,0,0,0.0,0.0,2,30,1,71,14.2,71.0,1,0
709b0bac,SS Tiwary,Mumbai Indians,2017,1,1,52,43,52,0,9,0,1,0,52.0,120.93,0,0,0,0,0.0,0.0,0,0
41eb4a4f,R Vinay Kumar,Mumbai Indians,2017,1,0,0,0,0,0,0,0,0,0,0.0,0.0,1,18,2,31,10.33,15.5,2,0
eef2536f,Avesh Khan,Royal Challengers Bengaluru,2017,1,0,0,0,0,0,0,0,0,0,0.0,0.0,1,24,1,23,5.75,23.0,1,0
f986ca1a,HV Patel,Royal Challengers Bengaluru,2017,1,0,0,0,0,0,0,0,0,0,0.0,0.0,1,24,3,43,10.75,14.33,3,0
ffe699c0,CJ Jordan,Sunrisers Hyderabad,2017,1,1,0,1,0,0,0,0,0,0,0.0,0.0,1,6,1,9,9.0,9.0,1,0
dded65e7,IR Jaggi,Kolkata Knight Riders,2017,2,2,33,39,28,1,3,0,0,0,33.0,84.62,0,0,0,0,0.0,0.0,0,0
740742ef,RG Sharma,Mumbai Indians,2018,14,14,286,215,94,2,25,12,2,0,23.83,133.02,0,0,0,0,0.0,0.0,0,0
23eeb873,DL Chahar,Chennai Super Kings,2018,12,4,50,29,39,1,1,4,0,0,16.67,172.41,12,229,10,278,7.28,27.8,3,0
0ebfb1ad,E Lewis,Mumbai Indians,2018,13,13,382,276,65,0,32,24,2,0,29.38,138.41,0,0,0,0,0.0,0.0,0,0
4329fbb5,SR Watson,Chennai Super Kings,2018,15,15,555,359,117,1,44,35,2,2,39.64,154.6,11,168,6,251,8.96,41.83,2,0
752f7486,Ishan Kishan,Mumbai Indians,2018,12,12,275,184,62,0,22,17,2,0,22.92,149.46,0,0,0,0,0.0,0.0,0,0
271f83cd,SA Yadav,Mumbai Indians,2018,14,14,512,384,72,0,61,16,4,0,36.57,133.33,0,0,0,0,0.0,0.0,0,0
8b5b6769,Harbhajan Singh,Chennai Super Kings,2018,13,3,29,36,19,0,3,1,0,0,9.67,80.56,12,191,7,270,8.48,38.57,2,0
fe93fd9d,RA Jadeja,Chennai Super Kings,2018,15,8,89,74,27,3,3,4,0,0,17.8,120.27,14,246,11,303,7.39,27.55,3,0
8d92a2c3,MA Wood,Chennai Super Kings,2018,1,1,1,3,1,0,0,0,0,0,1.0,33.33,1,24,0,49,12.25,0.0,0,0
acee4cc4,Imran Tahir,Chennai Super Kings,2018,6,1,2,2,2,1,0,0,0,0,0.0,100.0,6,124,6,188,9.1,31.33,2,0
87e562a9,DJ Bravo,Chennai Super Kings,2018,16,10,141,91,68,6,8,10,1,0,35.25,154.95,16,321,14,533,9.96,38.07,2,0
dbe50b21,HH Pandya,Mumbai Indians,2018,13,13,260,195,50,4,20,11,1,0,28.89,133.33,13,256,18,381,8.93,21.17,3,0
5b8c830e,KH Pandya,Mumbai Indians,2018,14,13,228,157,41,3,22,10,0,0,22.8,145.22,13,241,12,284,7.07,23.67,3,0
51a3c5ef,MJ McClenaghan,Mumbai Indians,2018,11,4,11,10,11,2,1,1,0,0,5.5,110.0,11,240,14,332,8.3,23.71,2,0
70d205c9,AT Rayudu,Chennai Super Kings,2018,16,16,602,402,100,2,53,34,3,1,43.0,149.75,0,0,0,0,0.0,0.0,0,0
0a8fce53,Mustafizur Rahman,Mumbai Indians,2018,7,1,1,3,1,0,0,0,0,0,1.0,33.33,7,165,7,230,8.36,32.86,3,0
462411b3,JJ Bumrah,Mumbai Indians,2018,14,3,10,11,6,2,1,0,0,0,10.0,90.91,14,324,17,372,6.89,21.88,3,0
1dc12ab9,SK Raina,Chennai Super Kings,2018,15,15,445,336,75,3,46,12,4,0,37.08,132.44,0,0,0,0,0.0,0.0,0,0
a9fd84fb,M Markande,Mumbai Indians,2018,14,6,21,24,7,4,2,0,0,0,10.5,87.5,14,264,15,368,8.36,24.53,4,0
4a8a2e3b,MS Dhoni,Chennai Super Kings,2018,15,15,455,302,79,9,24,30,3,0,75.83,150.66,0,0,0,0,0.0,0.0,0,0
99d63244,KM Jadhav,Chennai Super Kings,2018,1,1,24,22,24,1,1,2,0,0,0.0,109.09,0,0,0,0,0.0,0.0,0,0
af2c687b,C Munro,Delhi Capitals,2018,4,4,63,41,33,0,7,4,0,0,15.75,153.66,0,0,0,0,0.0,0.0,0,0
495d42a5,R Ashwin,Punjab Kings,2018,14,8,102,71,45,0,7,5,0,0,12.75,143.66,14,304,10,410,8.09,41.0,2,0
bb345e0b,G Gambhir,Delhi Capitals,2018,5,5,85,88,55,0,8,1,1,0,17.0,96.59,0,0,0,0,0.0,0.0,0,0
759ac88f,MM Sharma,Punjab Kings,2018,9,4,10,13,4,3,1,0,0,0,10.0,76.92,9,178,7,322,10.85,46.0,2,0
7d92277a,Mujeeb Ur Rahman,Punjab Kings,2018,11,2,10,7,10,1,2,0,0,0,10.0,142.86,11,248,14,289,6.99,20.64,3,0
85ec8e33,SS Iyer,Delhi Capitals,2018,13,13,411,310,93,2,29,21,4,0,37.36,132.58,0,0,0,0,0.0,0.0,0,0
2e171977,AR Patel,Punjab Kings,2018,9,8,80,69,19,2,3,4,0,0,13.33,115.94,8,156,3,218,8.38,72.67,1,0
7c7d63a2,AJ Tye,Punjab Kings,2018,14,8,32,38,14,2,2,1,0,0,5.33,84.21,14,336,24,448,8.0,18.67,4,0
0994d0ae,V Shankar,Delhi Capitals,2018,11,9,212,148,54,5,11,11,1,0,53.0,143.24,4,30,1,58,11.6,58.0,1,0
d9273ee7,MP Stoinis,Punjab Kings,2018,7,7,99,76,29,3,6,4,0,0,24.75,130.26,6,66,3,120,10.91,40.0,1,0
919a3be2,RR Pant,Delhi Capitals,2018,14,14,684,394,128,1,68,37,5,1,52.62,173.6,0,0,0,0,0.0,0.0,0,0
39a2dfa8,R Tewatia,Delhi Capitals,2018,8,5,50,43,24,2,5,1,0,0,16.67,116.28,8,132,6,173,7.86,28.83,3,0
fb66ce1f,CH Morris,Delhi Capitals,2018,4,3,46,26,27,2,3,2,0,0,46.0,176.92,4,84,3,143,10.21,47.67,2,0
2a2e6343,DT Christian,Delhi Capitals,2018,4,3,26,33,13,1,0,1,0,0,13.0,78.79,4,71,4,101,8.54,25.25,2,0
b17e2f24,KL Rahul,Punjab Kings,2018,14,14,659,416,95,2,66,32,6,0,54.92,158.41,0,0,0,0,0.0,0.0,0,0
a818c1be,TA Boult,Delhi Capitals,2018,14,1,0,2,0,0,0,0,0,0,0.0,0.0,14,316,18,466,8.85,25.89,2,0
00ea847a,MA Agarwal,Punjab Kings,2018,11,11,120,94,30,1,9,5,0,0,12.0,127.66,0,0,0,0,0.0,0.0,0,0
8cf9814c,Mohammed Shami,Delhi Capitals,2018,4,1,7,6,7,0,1,0,0,0,7.0,116.67,4,83,3,144,10.41,48.0,1,0
6b19d823,A Mishra,Delhi Capitals,2018,10,1,1,2,1,1,0,0,0,0,0.0,50.0,10,222,12,264,7.14,22.0,3,0
1c914163,Yuvraj Singh,Punjab Kings,2018,7,6,65,73,20,0,6,2,0,0,10.83,89.04,2,12,0,23,11.5,0.0,0,0
944533a5,KK Nair,Punjab Kings,2018,12,12,301,221,54,0,23,13,2,0,25.08,136.2,0,0,0,0,0.0,0.0,0,0
d67d5f00,DA Miller,Punjab Kings,2018,3,3,74,64,26,1,3,2,0,0,37.0,115.62,0,0,0,0,0.0,0.0,0,0
b8a55852,BB McCullum,Royal Challengers Bengaluru,2018,6,6,127,88,43,0,16,6,0,0,21.17,144.32,0,0,0,0,0.0,0.0,0,0
41eb4a4f,R Vinay Kumar,Kolkata Knight Riders,2018,2,1,6,3,6,1,1,0,0,0,0.0,200.0,2,23,2,65,16.96,32.5,2,0
372455c4,Q de Kock,Royal Challengers Bengaluru,2018,8,8,201,162,53,0,20,8,1,0,25.12,124.07,0,0,0,0,0.0,0.0,0,0
98ae73b1,PP Chawla,Kolkata Knight Riders,2018,15,5,27,34,12,1,1,1,0,0,6.75,79.41,15,294,14,412,8.41,29.43,3,0
ba607b88,V Kohli,Royal Challengers Bengaluru,2018,14,14,530,381,92,3,52,18,4,0,48.18,139.11,0,0,0,0,0.0,0.0,0,0
8d2c70ad,Kuldeep Yadav,Kolkata Knight Riders,2018,16,3,12,24,7,2,1,0,0,0,12.0,50.0,16,308,17,418,8.14,24.59,4,0
9d430b40,SP Narine,Kolkata Knight Riders,2018,16,16,357,188,75,0,40,23,2,0,22.31,189.89,16,366,17,467,7.66,27.47,3,0
f5180fe6,MG Johnson,Kolkata Knight Riders,2018,6,2,16,11,12,2,2,0,0,0,0.0,145.45,6,126,2,216,10.29,108.0,1,0
c4487b84,AB de Villiers,Royal Challengers Bengaluru,2018,11,11,480,275,90,2,39,30,6,0,53.33,174.55,0,0,0,0,0.0,0.0,0,0
bbd41817,AD Russell,Kolkata Knight Riders,2018,15,14,316,171,88,3,17,31,1,0,28.73,184.8,15,227,13,355,9.38,27.31,3,0
fb2d1dda,N Rana,Kolkata Knight Riders,2018,15,15,304,232,59,1,26,14,1,0,21.71,131.03,5,37,4,44,7.14,11.0,2,0
c3a96caf,Mandeep Singh,Royal Challengers Bengaluru,2018,13,13,252,186,47,3,16,11,0,0,25.2,135.48,0,0,0,0,0.0,0.0,0,0
f088b960,SN Khan,Royal Challengers Bengaluru,2018,6,6,51,41,22,1,7,1,0,0,10.2,124.39,0,0,0,0,0.0,0.0,0,0
4c5d73db,CR Woakes,Royal Challengers Bengaluru,2018,5,4,17,19,11,2,1,1,0,0,8.5,89.47,5,110,8,190,10.36,23.75,3,0
57ee1fde,YS Chahal,Royal Challengers Bengaluru,2018,14,1,0,4,0,1,0,0,0,0,0.0,0.0,14,300,12,363,7.26,30.25,2,0
45eda7c8,CA Lynn,Kolkata Knight Riders,2018,16,16,491,377,74,1,56,18,3,0,32.73,130.24,0,0,0,0,0.0,0.0,0,0
1c17e270,RV Uthappa,Kolkata Knight Riders,2018,16,16,351,265,54,0,30,21,1,0,21.94,132.45,0,0,0,0,0.0,0.0,0,0
f19ccfad,Washington Sundar,Royal Challengers Bengaluru,2018,7,5,65,38,35,2,5,4,0,0,21.67,171.05,7,120,4,192,9.6,48.0,2,0
cc1e8c68,UT Yadav,Royal Challengers Bengaluru,2018,14,5,3,11,1,1,0,0,0,0,0.75,27.27,14,319,20,418,7.86,20.9,3,0
fa2f1dde,K Khejroliya,Royal Challengers Bengaluru,2018,3,0,0,0,0,0,0,0,0,0,0.0,0.0,3,65,2,107,9.88,53.5,2,0
c03f1114,KD Karthik,Kolkata Knight Riders,2018,16,16,498,337,52,6,49,16,2,0,49.8,147.77,0,0,0,0,0.0,0.0,0,0
0a509d6b,RK Singh,Kolkata Knight Riders,2018,4,4,29,31,16,0,4,0,0,0,7.25,93.55,0,0,0,0,0.0,0.0,0,0
29e95537,AM Rahane,Rajasthan Royals,2018,14,14,370,313,65,1,39,5,1,0,28.46,118.21,0,0,0,0,0.0,0.0,0,0
2e81a32d,B Kumar,Sunrisers Hyderabad,2018,12,4,13,16,7,2,1,0,0,0,6.5,81.25,12,277,9,354,7.67,39.33,3,0
1a156c88,DJM Short,Rajasthan Royals,2018,7,7,115,99,44,0,11,5,0,0,16.43,116.16,2,18,1,19,6.33,19.0,1,0
a4cc73aa,SV Samson,Rajasthan Royals,2018,15,15,441,320,92,1,30,19,3,0,31.5,137.81,0,0,0,0,0.0,0.0,0,0
6834d1f2,B Stanlake,Sunrisers Hyderabad,2018,4,1,5,2,5,1,1,0,0,0,0.0,250.0,4,96,5,130,8.12,26.0,2,0
7dc35884,Shakib Al Hasan,Sunrisers Hyderabad,2018,17,13,239,197,35,2,26,5,0,0,21.73,121.32,17,342,14,456,8.0,32.57,2,0
dcf81436,S Kaul,Sunrisers Hyderabad,2018,17,3,3,14,2,0,0,0,0,0,1.0,21.43,17,396,21,547,8.29,26.05,3,0
e087956b,BA Stokes,Rajasthan Royals,2018,13,12,196,161,45,0,13,6,0,0,16.33,121.74,12,222,8,303,8.19,37.88,3,0
5f547c8b,Rashid Khan,Sunrisers Hyderabad,2018,17,7,59,31,34,2,3,6,0,0,11.8,190.32,17,408,21,458,6.74,21.81,3,0
77255a9e,RA Tripathi,Rajasthan Royals,2018,12,12,226,167,80,3,18,8,1,0,25.11,135.33,0,0,0,0,0.0,0.0,0,0
99b75528,JC Buttler,Rajasthan Royals,2018,13,13,548,353,95,3,52,21,5,0,54.8,155.24,0,0,0,0,0.0,0.0,0,0
90de905a,K Gowtham,Rajasthan Royals,2018,15,13,126,64,33,4,9,9,0,0,14.0,196.88,15,240,11,312,7.8,28.36,2,0
7a8bd078,S Gopal,Rajasthan Royals,2018,10,4,50,45,24,1,5,0,0,0,16.67,111.11,10,186,11,236,7.61,21.45,4,0
d2a989fc,DS Kulkarni,Rajasthan Royals,2018,8,2,6,7,3,1,0,0,0,0,6.0,85.71,8,119,4,188,9.48,47.0,2,0
1e66c162,JD Unadkat,Rajasthan Royals,2018,15,5,49,38,26,1,6,1,0,0,12.25,128.95,15,302,11,486,9.66,44.18,3,0
b2a79f17,B Laughlin,Rajasthan Royals,2018,7,2,1,4,1,1,0,0,0,0,1.0,25.0,7,126,9,211,10.05,23.44,2,0
fe11caa6,WP Saha,Sunrisers Hyderabad,2018,10,10,122,102,35,2,17,1,0,0,15.25,119.61,0,0,0,0,0.0,0.0,0,0
0a476045,S Dhawan,Sunrisers Hyderabad,2018,16,16,497,363,92,2,59,14,4,0,35.5,136.91,0,0,0,0,0.0,0.0,0,0
d027ba9f,KS Williamson,Sunrisers Hyderabad,2018,17,17,735,516,84,3,64,28,8,0,52.5,142.44,0,0,0,0,0.0,0.0,0,0
1abb78f8,SN Thakur,Chennai Super Kings,2018,13,1,15,5,15,1,3,0,0,0,0.0,300.0,13,280,16,431,9.24,26.94,2,0
e86754b2,TK Curran,Kolkata Knight Riders,2018,5,4,23,28,18,1,3,0,0,0,7.67,82.14,5,61,6,118,11.61,19.67,2,0
c16d4035,SW Billings,Chennai Super Kings,2018,8,8,108,78,56,0,8,5,1,0,13.5,138.46,0,0,0,0,0.0,0.0,0,0
9d80c5e1,S Nadeem,Delhi Capitals,2018,6,1,6,8,6,1,0,0,0,0,0.0,75.0,6,90,3,161,10.73,53.67,2,0
b681e71e,GJ Maxwell,Delhi Capitals,2018,12,12,169,120,47,0,14,9,0,0,14.08,140.83,10,96,5,132,8.25,26.4,2,0
ce820073,Sandeep Sharma,Sunrisers Hyderabad,2018,12,3,0,4,0,1,0,0,0,0,0.0,0.0,12,264,12,333,7.57,27.75,2,0
a757b0d8,KA Pollard,Mumbai Indians,2018,8,8,133,100,50,1,10,7,1,0,19.0,133.0,0,0,0,0,0.0,0.0,0,0
2e11c706,BCJ Cutting,Mumbai Indians,2018,9,6,96,58,37,2,5,8,0,0,24.0,165.52,7,102,2,168,9.88,84.0,1,0
9fc0ef64,PJ Sangwan,Mumbai Indians,2018,1,1,0,4,0,0,0,0,0,0,0.0,0.0,1,12,0,19,9.5,0.0,0,0
93b4fc78,MK Pandey,Sunrisers Hyderabad,2018,13,13,284,246,62,2,22,5,3,0,25.82,115.45,0,0,0,0,0.0,0.0,0,0
73ad96ed,DJ Hooda,Sunrisers Hyderabad,2018,8,8,87,81,32,4,2,3,0,0,21.75,107.41,2,18,0,24,8.0,0.0,0,0
3c6ffae8,YK Pathan,Sunrisers Hyderabad,2018,13,13,260,200,45,4,22,11,0,0,28.89,130.0,1,12,1,14,7.0,14.0,1,0
b8d490fd,AJ Finch,Punjab Kings,2018,9,9,134,100,46,1,6,8,0,0,16.75,134.0,0,0,0,0,0.0,0.0,0,0
5b16a806,A Dananjaya,Mumbai Indians,2018,1,1,4,5,4,1,0,0,0,0,0.0,80.0,1,24,0,47,11.75,0.0,0,0
d1c36f5c,JJ Roy,Delhi Capitals,2018,5,5,120,94,91,1,9,7,1,0,30.0,127.66,0,0,0,0,0.0,0.0,0,0
b4b99816,Shubman Gill,Kolkata Knight Riders,2018,10,10,203,139,57,4,22,5,1,0,33.83,146.04,0,0,0,0,0.0,0.0,0,0
c38d3503,Shivam Mavi,Kolkata Knight Riders,2018,9,3,13,15,7,0,1,0,0,0,4.33,86.67,9,168,5,270,9.64,54.0,1,0
f62772e5,P Negi,Royal Challengers Bengaluru,2018,2,2,3,5,3,0,0,0,0,0,1.5,60.0,2,24,1,49,12.25,49.0,1,0
db584dad,CH Gayle,Punjab Kings,2018,11,11,368,252,104,2,30,27,3,1,40.89,146.03,0,0,0,0,0.0,0.0,0,0
d8b2f218,BB Sran,Punjab Kings,2018,6,3,3,7,2,2,0,0,0,0,3.0,42.86,6,132,4,229,10.41,57.25,2,0
4b57e452,M Vijay,Chennai Super Kings,2018,1,1,12,10,12,0,0,1,0,0,12.0,120.0,0,0,0,0,0.0,0.0,0,0
2f49c897,Mohammed Siraj,Royal Challengers Bengaluru,2018,11,3,25,22,14,1,2,1,0,0,12.5,113.64,11,246,11,367,8.95,33.36,3,0
8abdf100,CJ Anderson,Royal Challengers Bengaluru,2018,3,3,17,22,15,0,0,1,0,0,5.67,77.27,3,52,3,115,13.27,38.33,2,0
ffe699c0,CJ Jordan,Sunrisers Hyderabad,2018,1,0,0,0,0,0,0,0,0,0,0.0,0.0,1,24,0,31,7.75,0.0,0,0
bd17b45f,STR Binny,Rajasthan Royals,2018,5,5,44,39,22,0,2,2,0,0,8.8,112.82,1,12,0,33,16.5,0.0,0,0
235c2bb6,H Klaasen,Rajasthan Royals,2018,4,4,57,47,32,1,5,1,0,0,19.0,121.28,0,0,0,0,0.0,0.0,0,0
119678fd,KV Sharma,Chennai Super Kings,2018,5,0,0,0,0,0,0,0,0,0,0.0,0.0,5,57,4,89,9.37,22.25,2,0
db31895a,AS Rajpoot,Punjab Kings,2018,8,3,11,18,8,0,1,0,0,0,3.67,61.11,8,157,11,223,8.52,20.27,5,0
c03e2850,M Vohra,Royal Challengers Bengaluru,2018,4,4,55,47,45,0,2,4,0,0,13.75,117.02,0,0,0,0,0.0,0.0,0,0
f986ca1a,HV Patel,Delhi Capitals,2018,5,2,60,33,36,1,1,6,0,0,60.0,181.82,5,105,7,167,9.54,23.86,3,0
3355b542,F du Plessis,Chennai Super Kings,2018,6,6,162,129,67,1,17,6,1,0,32.4,125.58,0,0,0,0,0.0,0.0,0,0
b63e358a,RK Bhui,Sunrisers Hyderabad,2018,1,1,0,5,0,0,0,0,0,0,0.0,0.0,0,0,0,0,0.0,0.0,0,0
5574750c,JC Archer,Rajasthan Royals,2018,10,6,15,21,8,1,2,0,0,0,3.0,71.43,10,233,15,325,8.37,21.67,3,0
eef2536f,Avesh Khan,Delhi Capitals,2018,6,0,0,0,0,0,0,0,0,0,0.0,0.0,6,114,4,204,10.74,51.0,2,0
9a963804,LE Plunkett,Delhi Capitals,2018,7,2,1,3,1,1,0,0,0,0,1.0,33.33,7,150,4,225,9.0,56.25,3,0
8b3e9c7c,PP Shaw,Delhi Capitals,2018,9,9,245,160,65,0,27,10,2,0,27.22,153.12,0,0,0,0,0.0,0.0,0,0
62af8546,Mohammad Nabi,Sunrisers Hyderabad,2018,2,2,18,12,14,0,3,0,0,0,9.0,150.0,2,30,1,47,9.4,47.0,1,0
871e9faf,Basil Thampi,Sunrisers Hyderabad,2018,4,1,3,6,3,0,0,0,0,0,3.0,50.0,4,61,5,114,11.21,22.8,2,0
94d7f855,C de Grandhomme,Royal Challengers Bengaluru,2018,9,8,131,84,40,3,4,10,0,0,26.2,155.95,7,90,2,129,8.6,64.5,1,0
26e5cabf,MK Tiwary,Punjab Kings,2018,4,4,47,44,35,1,4,1,0,0,15.67,106.82,1,6,0,10,10.0,0.0,0,0
92aeac25,AD Hales,Sunrisers Hyderabad,2018,6,6,148,118,45,0,13,6,0,0,24.67,125.42,0,0,0,0,0.0,0.0,0,0
641ac5ff,IS Sodhi,Rajasthan Royals,2018,6,1,1,6,1,0,0,0,0,0,1.0,16.67,6,138,5,135,5.87,27.0,1,0
da934ee8,MK Lomror,Rajasthan Royals,2018,2,2,20,21,11,1,1,0,0,0,20.0,95.24,2,18,0,27,9.0,0.0,0,0
13c35c9e,TG Southee,Royal Challengers Bengaluru,2018,8,4,52,46,36,2,5,1,0,0,26.0,113.04,8,174,5,261,9.0,52.2,3,0
e2db2409,M Ashwin,Royal Challengers Bengaluru,2018,2,1,1,2,1,0,0,0,0,0,1.0,50.0,2,42,3,53,7.57,17.67,2,0
f834dcfc,L Ngidi,Chennai Super Kings,2018,7,0,0,0,0,0,0,0,0,0,0.0,0.0,7,156,11,156,6.0,14.18,4,0
798cc28e,KM Asif,Chennai Super Kings,2018,2,0,0,0,0,0,0,0,0,0,0.0,0.0,2,36,3,75,12.5,25.0,2,0
2e8994e7,JP Duminy,Mumbai Indians,2018,3,2,36,40,23,1,3,1,0,0,36.0,90.0,2,18,0,36,12.0,0.0,0,0
b5da6c24,PA Patel,Royal Challengers Bengaluru,2018,6,6,153,109,53,1,20,4,1,0,30.6,140.37,0,0,0,0,0.0,0.0,0,0
7f048519,DJ Willey,Chennai Super Kings,2018,3,0,0,0,0,0,0,0,0,0,0.0,0.0,3,60,2,95,9.5,47.5,1,0
faa7365d,DR Shorey,Chennai Super Kings,2018,1,1,8,9,8,0,0,1,0,0,8.0,88.89,0,0,0,0,0.0,0.0,0,0
890946a0,NV Ojha,Delhi Capitals,2018,1,1,1,4,1,0,0,0,0,0,1.0,25.0,0,0,0,0,0.0,0.0,0,0
85e0cf10,M Prasidh Krishna,Kolkata Knight Riders,2018,7,1,1,5,1,1,0,0,0,0,0.0,20.0,7,168,10,260,9.29,26.0,4,0
69be866a,Anureet Singh,Rajasthan Royals,2018,3,1,3,4,3,1,0,0,0,0,0.0,75.0,3,24,1,42,10.5,42.0,1,0
bb351c23,MM Ali,Royal Challengers Bengaluru,2018,5,4,77,46,65,0,4,6,1,0,19.25,167.39,5,79,3,97,7.37,32.33,1,0
f10e94c4,AD Nath,Punjab Kings,2018,1,1,9,13,9,0,1,0,0,0,9.0,69.23,0,0,0,0,0.0,0.0,0,0
24d94623,Ankit Sharma,Rajasthan Royals,2018,1,0,0,0,0,0,0,0,0,0,0.0,0.0,1,6,0,11,11.0,0.0,0,0
8ac93ca2,P Chopra,Rajasthan Royals,2018,1,1,8,6,8,0,2,0,0,0,8.0,133.33,0,0,0,0,0.0,0.0,0,0
99ed60f8,JPR Scantlebury-Searles,Kolkata Knight Riders,2018,3,2,8,6,6,1,0,1,0,0,8.0,133.33,3,42,2,89,12.71,44.5,1,0
f29185a1,Abhishek Sharma,Delhi Capitals,2018,3,3,63,33,46,2,3,5,0,0,63.0,190.91,0,0,0,0,0.0,0.0,0,0
b410bd3d,S Lamichhane,Delhi Capitals,2018,3,0,0,0,0,0,0,0,0,0,0.0,0.0,3,72,5,82,6.83,16.4,3,0
1cb14aa4,CJ Dala,Delhi Capitals,2018,1,0,0,0,0,0,0,0,0,0,0.0,0.0,1,18,0,34,11.33,0.0,0,0
541f85c9,SP Goswami,Sunrisers Hyderabad,2018,3,3,52,40,35,0,6,1,0,0,17.33,130.0,0,0,0,0,0.0,0.0,0,0
e342e5fb,CR Brathwaite,Sunrisers Hyderabad,2018,4,4,75,48,43,1,1,8,0,0,25.0,156.25,4,61,5,94,9.25,18.8,2,0
a2f46292,KK Ahmed,Sunrisers Hyderabad,2018,1,0,0,0,0,0,0,0,0,0,0.0,0.0,1,18,0,38,12.67,0.0,0,0
ba607b88,V Kohli,Royal Challengers Bengaluru,2019,14,14,464,328,100,0,46,13,2,1,33.14,141.46,0,0,0,0,0.0,0.0,0,0
23eeb873,DL Chahar,Chennai Super Kings,2019,17,2,7,9,7,0,1,0,0,0,3.5,77.78,17,387,22,482,7.47,21.91,3,0
b5da6c24,PA Patel,Royal Challengers Bengaluru,2019,14,14,373,268,67,0,48,10,2,0,26.64,139.18,0,0,0,0,0.0,0.0,0,0
8b5b6769,Harbhajan Singh,Chennai Super Kings,2019,11,1,1,3,1,0,0,0,0,0,1.0,33.33,11,264,16,312,7.09,19.5,3,0
bb351c23,MM Ali,Royal Challengers Bengaluru,2019,11,10,220,133,66,2,16,17,2,0,27.5,165.41,9,150,6,169,6.76,28.17,2,0
c4487b84,AB de Villiers,Royal Challengers Bengaluru,2019,13,13,442,287,82,3,31,26,5,0,44.2,154.01,0,0,0,0,0.0,0.0,0,0
48a1d7b7,SO Hetmyer,Royal Challengers Bengaluru,2019,5,5,90,73,75,0,4,7,1,0,18.0,123.29,0,0,0,0,0.0,0.0,0,0
1dc12ab9,SK Raina,Chennai Super Kings,2019,17,17,383,314,59,1,45,9,3,0,23.94,121.97,1,6,0,6,6.0,0.0,0,0
a4e37e47,S Dube,Royal Challengers Bengaluru,2019,4,4,40,33,24,1,1,3,0,0,13.33,121.21,2,10,0,8,4.8,0.0,0,0
acee4cc4,Imran Tahir,Chennai Super Kings,2019,17,0,0,0,0,0,0,0,0,0,0.0,0.0,17,386,26,431,6.7,16.58,4,0
94d7f855,C de Grandhomme,Royal Challengers Bengaluru,2019,4,4,46,49,37,1,4,2,0,0,15.33,93.88,3,30,0,55,11.0,0.0,0,0
fe93fd9d,RA Jadeja,Chennai Super Kings,2019,16,9,106,88,31,6,7,4,0,0,35.33,120.45,16,324,15,343,6.35,22.87,3,0
21d4e29b,Navdeep Saini,Royal Challengers Bengaluru,2019,13,2,2,4,2,1,0,0,0,0,2.0,50.0,13,288,11,397,8.27,36.09,2,0
57ee1fde,YS Chahal,Royal Challengers Bengaluru,2019,14,3,6,16,4,1,0,0,0,0,3.0,37.5,14,296,18,386,7.82,21.44,4,0
cc1e8c68,UT Yadav,Royal Challengers Bengaluru,2019,11,5,25,25,14,3,3,1,0,0,12.5,100.0,11,227,8,371,9.81,46.38,3,0
2f49c897,Mohammed Siraj,Royal Challengers Bengaluru,2019,9,3,4,14,3,2,0,0,0,0,4.0,28.57,9,169,7,269,9.55,38.43,2,0
87e562a9,DJ Bravo,Chennai Super Kings,2019,12,8,80,66,27,3,6,3,0,0,16.0,121.21,12,247,11,330,8.02,30.0,3,0
4329fbb5,SR Watson,Chennai Super Kings,2019,17,17,398,312,96,0,42,20,3,0,23.41,127.56,0,0,0,0,0.0,0.0,0,0
70d205c9,AT Rayudu,Chennai Super Kings,2019,17,17,282,303,57,5,20,7,1,0,23.5,93.07,0,0,0,0,0.0,0.0,0,0
99d63244,KM Jadhav,Chennai Super Kings,2019,12,12,162,169,58,3,19,3,1,0,18.0,95.86,0,0,0,0,0.0,0.0,0,0
dcce6f09,DA Warner,Sunrisers Hyderabad,2019,12,12,692,481,100,2,57,21,8,1,69.2,143.87,0,0,0,0,0.0,0.0,0,0
85e0cf10,M Prasidh Krishna,Kolkata Knight Riders,2019,11,1,0,2,0,0,0,0,0,0,0.0,0.0,11,242,4,377,9.35,94.25,1,0
abb83e27,JM Bairstow,Sunrisers Hyderabad,2019,10,10,445,283,114,2,48,18,2,1,55.62,157.24,0,0,0,0,0.0,0.0,0,0
98ae73b1,PP Chawla,Kolkata Knight Riders,2019,13,5,42,37,14,2,4,2,0,0,14.0,113.51,13,267,10,399,8.97,39.9,3,0
2f9d0389,LH Ferguson,Kolkata Knight Riders,2019,5,0,0,0,0,0,0,0,0,0,0.0,0.0,5,102,2,183,10.76,91.5,1,0
9d430b40,SP Narine,Kolkata Knight Riders,2019,12,8,143,86,47,0,17,9,0,0,17.88,166.28,12,266,10,347,7.83,34.7,2,0
8d2c70ad,Kuldeep Yadav,Kolkata Knight Riders,2019,9,3,12,8,10,2,1,0,0,0,12.0,150.0,9,198,4,286,8.67,71.5,2,0
bbd41817,AD Russell,Kolkata Knight Riders,2019,13,13,510,249,80,4,31,52,4,0,56.67,204.82,12,181,11,287,9.51,26.09,2,0
fb2d1dda,N Rana,Kolkata Knight Riders,2019,12,11,344,235,85,1,27,21,3,0,34.4,146.38,6,48,3,72,9.0,24.0,1,0
0994d0ae,V Shankar,Sunrisers Hyderabad,2019,14,14,244,193,40,2,11,12,0,0,20.33,126.42,5,48,1,70,8.75,70.0,1,0
3c6ffae8,YK Pathan,Sunrisers Hyderabad,2019,7,7,40,45,16,4,1,1,0,0,13.33,88.89,1,6,0,8,8.0,0.0,0,0
93b4fc78,MK Pandey,Sunrisers Hyderabad,2019,11,11,344,263,83,3,34,6,3,0,43.0,130.8,0,0,0,0,0.0,0.0,0,0
45eda7c8,CA Lynn,Kolkata Knight Riders,2019,13,13,405,290,82,0,41,22,4,0,31.15,139.66,0,0,0,0,0.0,0.0,0,0
2e81a32d,B Kumar,Sunrisers Hyderabad,2019,15,4,12,19,7,1,1,0,0,0,4.0,63.16,15,354,13,461,7.81,35.46,2,0
7dc35884,Shakib Al Hasan,Sunrisers Hyderabad,2019,3,1,9,10,9,0,0,0,0,0,9.0,90.0,3,65,2,95,8.77,47.5,1,0
1c17e270,RV Uthappa,Kolkata Knight Riders,2019,11,11,282,245,67,2,28,10,1,0,31.33,115.1,0,0,0,0,0.0,0.0,0,0
ce820073,Sandeep Sharma,Sunrisers Hyderabad,2019,11,2,6,3,5,2,1,0,0,0,0.0,200.0,11,256,12,352,8.25,29.33,3,0
dcf81436,S Kaul,Sunrisers Hyderabad,2019,7,1,0,1,0,0,0,0,0,0,0.0,0.0,7,162,6,242,8.96,40.33,2,0
5f547c8b,Rashid Khan,Sunrisers Hyderabad,2019,15,7,34,23,17,2,2,2,0,0,6.8,147.83,15,360,17,377,6.28,22.18,3,0
c03f1114,KD Karthik,Kolkata Knight Riders,2019,12,12,253,173,97,4,22,14,2,0,31.62,146.24,0,0,0,0,0.0,0.0,0,0
b4b99816,Shubman Gill,Kolkata Knight Riders,2019,13,13,296,238,76,4,21,10,3,0,32.89,124.37,0,0,0,0,0.0,0.0,0,0
8b3e9c7c,PP Shaw,Delhi Capitals,2019,16,16,353,264,99,0,45,9,2,0,22.06,133.71,0,0,0,0,0.0,0.0,0,0
b8527c3d,Rasikh Salam,Mumbai Indians,2019,1,1,5,4,5,1,0,0,0,0,0.0,125.0,1,24,0,42,10.5,0.0,0,0
0a476045,S Dhawan,Delhi Capitals,2019,16,16,521,384,97,1,64,11,5,0,34.73,135.68,0,0,0,0,0.0,0.0,0,0
51a3c5ef,MJ McClenaghan,Mumbai Indians,2019,5,4,11,16,10,1,2,0,0,0,3.67,68.75,5,108,3,142,7.89,47.33,3,0
85ec8e33,SS Iyer,Delhi Capitals,2019,16,16,463,386,67,1,41,14,3,0,30.87,119.95,0,0,0,0,0.0,0.0,0,0
c995d726,CA Ingram,Delhi Capitals,2019,12,12,184,154,47,2,20,5,0,0,18.4,119.48,0,0,0,0,0.0,0.0,0,0
462411b3,JJ Bumrah,Mumbai Indians,2019,16,1,0,1,0,1,0,0,0,0,0.0,0.0,16,370,19,409,6.63,21.53,3,0
dbe50b21,HH Pandya,Mumbai Indians,2019,16,15,402,210,91,6,28,29,1,0,44.67,191.43,16,255,14,390,9.18,27.86,3,0
5b8c830e,KH Pandya,Mumbai Indians,2019,16,14,183,150,42,3,18,5,0,0,16.64,122.0,16,276,12,335,7.28,27.92,3,0
2e11c706,BCJ Cutting,Mumbai Indians,2019,3,3,18,17,13,1,1,1,0,0,9.0,105.88,1,12,1,27,13.5,27.0,1,0
919a3be2,RR Pant,Delhi Capitals,2019,16,16,488,300,78,3,37,27,3,0,37.54,162.67,0,0,0,0,0.0,0.0,0,0
75224f22,KMA Paul,Delhi Capitals,2019,8,5,18,24,7,1,1,1,0,0,4.5,75.0,8,163,9,237,8.72,26.33,3,0
2e171977,AR Patel,Delhi Capitals,2019,14,12,110,88,26,6,10,3,0,0,18.33,125.0,14,306,10,364,7.14,36.4,2,0
39a2dfa8,R Tewatia,Delhi Capitals,2019,4,4,26,22,11,3,2,1,0,0,26.0,118.18,3,38,2,42,6.63,21.0,1,0
740742ef,RG Sharma,Mumbai Indians,2019,15,15,405,315,67,1,52,10,2,0,28.93,128.57,0,0,0,0,0.0,0.0,0,0
a818c1be,TA Boult,Delhi Capitals,2019,5,2,7,4,6,1,0,1,0,0,7.0,175.0,5,114,5,163,8.58,32.6,2,0
372455c4,Q de Kock,Mumbai Indians,2019,16,16,529,398,81,1,45,25,4,0,35.27,132.91,0,0,0,0,0.0,0.0,0,0
5bb1a1c4,I Sharma,Delhi Capitals,2019,13,1,10,3,10,1,1,1,0,0,0.0,333.33,13,276,13,349,7.59,26.85,3,0
271f83cd,SA Yadav,Mumbai Indians,2019,15,15,424,324,71,2,45,10,2,0,32.62,130.86,0,0,0,0,0.0,0.0,0,0
e62dd25d,K Rabada,Delhi Capitals,2019,12,4,14,15,9,1,0,1,0,0,4.67,93.33,12,282,25,368,7.83,14.72,4,0
a757b0d8,KA Pollard,Mumbai Indians,2019,12,12,279,178,83,4,14,22,1,0,34.88,156.74,0,0,0,0,0.0,0.0,0,0
1c914163,Yuvraj Singh,Mumbai Indians,2019,4,4,98,75,53,0,7,6,1,0,24.5,130.67,0,0,0,0,0.0,0.0,0,0
b17e2f24,KL Rahul,Punjab Kings,2019,14,14,593,438,100,3,49,25,6,1,53.91,135.39,0,0,0,0,0.0,0.0,0,0
d2a989fc,DS Kulkarni,Rajasthan Royals,2019,10,1,5,3,5,1,1,0,0,0,0.0,166.67,10,210,6,335,9.57,55.83,1,0
00ea847a,MA Agarwal,Punjab Kings,2019,13,13,332,234,58,0,26,14,2,0,25.54,141.88,0,0,0,0,0.0,0.0,0,0
db584dad,CH Gayle,Punjab Kings,2019,13,13,490,319,99,1,45,34,4,0,40.83,153.61,0,0,0,0,0.0,0.0,0,0
90de905a,K Gowtham,Rajasthan Royals,2019,7,4,18,19,9,1,1,1,0,0,6.0,94.74,7,120,1,166,8.3,166.0,1,0
5574750c,JC Archer,Rajasthan Royals,2019,11,5,67,40,27,3,4,4,0,0,33.5,167.5,11,258,11,291,6.77,26.45,3,0
e087956b,BA Stokes,Rajasthan Royals,2019,9,9,123,99,46,3,8,4,0,0,20.5,124.24,6,101,6,189,11.23,31.5,2,0
1e66c162,JD Unadkat,Rajasthan Royals,2019,11,2,1,3,1,1,0,0,0,0,1.0,33.33,11,224,10,398,10.66,39.8,2,0
f088b960,SN Khan,Punjab Kings,2019,5,5,180,143,67,1,19,4,1,0,45.0,125.87,1,2,0,6,18.0,0.0,0,0
3241e3fd,N Pooran,Punjab Kings,2019,6,6,168,107,48,0,10,14,0,0,28.0,157.01,0,0,0,0,0.0,0.0,0,0
7a8bd078,S Gopal,Rajasthan Royals,2019,14,7,63,46,19,3,8,1,0,0,15.75,136.96,14,288,20,347,7.23,17.35,3,0
c3a96caf,Mandeep Singh,Punjab Kings,2019,12,12,165,120,33,8,10,4,0,0,41.25,137.5,2,12,0,26,13.0,0.0,0,0
29e95537,AM Rahane,Rajasthan Royals,2019,13,13,393,285,105,1,45,9,1,1,32.75,137.89,0,0,0,0,0.0,0.0,0,0
e94915e6,SM Curran,Punjab Kings,2019,9,8,95,55,55,4,13,3,1,0,23.75,172.73,9,198,10,323,9.79,32.3,4,0
99b75528,JC Buttler,Rajasthan Royals,2019,8,8,311,205,89,0,38,14,3,0,38.88,151.71,0,0,0,0,0.0,0.0,0,0
7d92277a,Mujeeb Ur Rahman,Punjab Kings,2019,5,2,0,4,0,1,0,0,0,0,0.0,0.0,5,114,3,191,10.05,63.67,2,0
8cf9814c,Mohammed Shami,Punjab Kings,2019,14,2,1,2,1,1,0,0,0,0,1.0,50.0,14,324,19,469,8.69,24.68,3,0
495d42a5,R Ashwin,Punjab Kings,2019,14,6,42,28,17,1,3,3,0,0,8.4,150.0,14,330,15,400,7.27,26.67,3,0
db31895a,AS Rajpoot,Punjab Kings,2019,4,0,0,0,0,0,0,0,0,0,0.0,0.0,4,96,3,152,9.5,50.67,2,0
a4cc73aa,SV Samson,Rajasthan Royals,2019,11,11,342,230,102,2,28,13,0,1,38.0,148.7,0,0,0,0,0.0,0.0,0,0
30a45b23,SPD Smith,Rajasthan Royals,2019,10,10,319,275,73,2,30,4,3,0,39.88,116.0,0,0,0,0,0.0,0.0,0,0
77255a9e,RA Tripathi,Rajasthan Royals,2019,7,7,141,118,50,1,13,2,1,0,23.5,119.49,0,0,0,0,0.0,0.0,0,0
1abb78f8,SN Thakur,Chennai Super Kings,2019,9,2,14,7,12,1,1,1,0,0,14.0,200.0,9,180,8,281,9.37,35.12,2,0
6b19d823,A Mishra,Delhi Capitals,2019,11,4,21,24,8,2,2,0,0,0,10.5,87.5,11,240,11,270,6.75,24.55,3,0
4a8a2e3b,MS Dhoni,Chennai Super Kings,2019,12,12,416,309,84,7,22,23,3,0,83.2,134.63,0,0,0,0,0.0,0.0,0,0
5b7ab5a9,CV Varun,Punjab Kings,2019,1,0,0,0,0,0,0,0,0,0,0.0,0.0,1,18,1,35,11.67,35.0,1,0
a316d663,GC Viljoen,Punjab Kings,2019,6,3,3,7,2,1,0,0,0,0,1.5,42.86,6,138,7,222,9.65,31.71,2,0
7c7d63a2,AJ Tye,Punjab Kings,2019,6,1,0,2,0,1,0,0,0,0,0.0,0.0,6,132,3,233,10.59,77.67,1,0
d67d5f00,DA Miller,Punjab Kings,2019,10,10,213,164,59,2,19,7,1,0,26.62,129.88,0,0,0,0,0.0,0.0,0,0
a9fd84fb,M Markande,Mumbai Indians,2019,3,1,6,5,6,0,1,0,0,0,6.0,120.0,3,36,1,59,9.83,59.0,1,0
a12e1d51,SL Malinga,Mumbai Indians,2019,12,0,0,0,0,0,0,0,0,0,0.0,0.0,12,269,16,438,9.77,27.38,4,0
9d80c5e1,S Nadeem,Sunrisers Hyderabad,2019,3,0,0,0,0,0,0,0,0,0,0.0,0.0,3,54,2,90,10.0,45.0,1,0
d027ba9f,KS Williamson,Sunrisers Hyderabad,2019,9,9,156,130,70,2,12,5,1,0,22.29,120.0,0,0,0,0,0.0,0.0,0,0
e2db2409,M Ashwin,Punjab Kings,2019,10,3,3,5,1,2,0,0,0,0,3.0,60.0,10,204,5,255,7.5,51.0,2,0
aedc3b7c,NS Naik,Kolkata Knight Riders,2019,1,1,7,16,7,0,1,0,0,0,7.0,43.75,0,0,0,0,0.0,0.0,0,0
b410bd3d,S Lamichhane,Delhi Capitals,2019,6,1,0,1,0,0,0,0,0,0,0.0,0.0,6,138,8,210,9.13,26.25,3,0
fb66ce1f,CH Morris,Delhi Capitals,2019,9,6,32,37,17,0,1,2,0,0,5.33,86.49,9,198,13,306,9.27,23.54,3,0
f986ca1a,HV Patel,Delhi Capitals,2019,2,1,0,2,0,0,0,0,0,0,0.0,0.0,2,48,2,77,9.62,38.5,2,0
94253925,GH Vihari,Delhi Capitals,2019,2,2,4,8,2,0,0,0,0,0,2.0,50.0,1,6,0,9,9.0,0.0,0,0
441c72ae,P Ray Barman,Royal Challengers Bengaluru,2019,1,1,19,24,19,0,2,0,0,0,19.0,79.17,1,24,0,56,14.0,0.0,0,0
62af8546,Mohammad Nabi,Sunrisers Hyderabad,2019,8,7,115,76,31,1,8,7,0,0,19.17,151.32,8,175,8,194,6.65,24.25,4,0
e4a0deae,MJ Santner,Chennai Super Kings,2019,4,2,32,23,22,1,0,3,0,0,32.0,139.13,4,84,4,94,6.71,23.5,2,0
eef2536f,Avesh Khan,Delhi Capitals,2019,1,1,4,3,4,1,1,0,0,0,0.0,133.33,1,18,0,30,10.0,0.0,0,0
0a3d54b9,VR Aaron,Rajasthan Royals,2019,5,1,3,7,3,1,0,0,0,0,0.0,42.86,5,72,4,116,9.67,29.0,2,0
d9273ee7,MP Stoinis,Royal Challengers Bengaluru,2019,10,10,211,156,46,6,14,10,0,0,52.75,135.26,6,100,2,145,8.7,72.5,1,0
bd17b45f,STR Binny,Rajasthan Royals,2019,7,5,70,40,33,2,5,4,0,0,23.33,175.0,5,42,1,44,6.29,44.0,1,0
759ac88f,MM Sharma,Chennai Super Kings,2019,1,1,0,2,0,1,0,0,0,0,0.0,0.0,1,18,1,27,9.0,27.0,1,0
4933f499,JP Behrendorff,Mumbai Indians,2019,5,0,0,0,0,0,0,0,0,0,0.0,0.0,5,114,5,165,8.68,33.0,2,0
2ed569a0,RD Chahar,Mumbai Indians,2019,13,4,12,11,10,2,2,0,0,0,6.0,109.09,13,282,13,308,6.55,23.69,3,0
73ad96ed,DJ Hooda,Sunrisers Hyderabad,2019,7,7,64,63,20,1,5,1,0,0,10.67,101.59,2,12,1,21,10.5,21.0,1,0
13c35c9e,TG Southee,Royal Challengers Bengaluru,2019,3,1,9,9,9,1,0,0,0,0,0.0,100.0,3,54,1,118,13.11,118.0,1,0
f62772e5,P Negi,Royal Challengers Bengaluru,2019,5,4,9,12,5,0,1,0,0,0,2.25,75.0,4,67,3,102,9.13,34.0,2,0
3355b542,F du Plessis,Chennai Super Kings,2019,12,12,396,321,96,1,36,15,3,0,36.0,123.36,0,0,0,0,0.0,0.0,0,0
fef92afc,SC Kuggeleijn,Chennai Super Kings,2019,2,0,0,0,0,0,0,0,0,0,0.0,0.0,2,48,2,71,8.88,35.5,2,0
752f7486,Ishan Kishan,Mumbai Indians,2019,6,6,101,100,28,0,8,4,0,0,16.83,101.0,0,0,0,0,0.0,0.0,0,0
b0946605,AS Joseph,Mumbai Indians,2019,3,1,15,13,15,1,2,0,0,0,0.0,115.38,3,52,6,87,10.04,14.5,6,0
f10e94c4,AD Nath,Royal Challengers Bengaluru,2019,5,5,61,57,24,0,5,2,0,0,12.2,107.02,0,0,0,0,0.0,0.0,0,0
e412cb64,HF Gurney,Kolkata Knight Riders,2019,8,1,1,5,1,1,0,0,0,0,0.0,20.0,8,162,7,238,8.81,34.0,2,0
ade90de7,S Midhun,Rajasthan Royals,2019,1,0,0,0,0,0,0,0,0,0,0.0,0.0,1,12,0,27,13.5,0.0,0,0
944533a5,KK Nair,Punjab Kings,2019,1,1,5,6,5,0,0,0,0,0,5.0,83.33,0,0,0,0,0.0,0.0,0,0
9601c534,SD Lad,Mumbai Indians,2019,1,1,15,13,15,0,1,1,0,0,15.0,115.38,0,0,0,0,0.0,0.0,0,0
04a418e8,R Parag,Rajasthan Royals,2019,7,5,160,126,50,0,17,5,1,0,32.0,126.98,7,84,2,121,8.64,60.5,1,0
bdadf7da,JL Denly,Kolkata Knight Riders,2019,1,1,0,1,0,0,0,0,0,0,0.0,0.0,0,0,0,0,0.0,0.0,0,0
e342e5fb,CR Brathwaite,Kolkata Knight Riders,2019,2,2,11,10,6,0,1,0,0,0,5.5,110.0,2,18,0,29,9.67,0.0,0,0
50c6bc2b,LS Livingstone,Rajasthan Royals,2019,4,4,70,48,44,1,6,5,0,0,23.33,145.83,1,6,0,13,13.0,0.0,0,0
a2f46292,KK Ahmed,Sunrisers Hyderabad,2019,9,1,0,1,0,0,0,0,0,0,0.0,0.0,9,209,19,287,8.24,15.11,3,0
af2c687b,C Munro,Delhi Capitals,2019,4,4,84,70,40,0,9,4,0,0,21.0,120.0,0,0,0,0,0.0,0.0,0,0
f29185a1,Abhishek Sharma,Sunrisers Hyderabad,2019,3,3,9,9,5,1,1,0,0,0,4.5,100.0,2,12,1,21,10.5,21.0,1,0
b63e358a,RK Bhui,Sunrisers Hyderabad,2019,1,1,7,12,7,0,0,0,0,0,7.0,58.33,0,0,0,0,0.0,0.0,0,0
641ac5ff,IS Sodhi,Rajasthan Royals,2019,2,1,6,11,6,0,0,0,0,0,6.0,54.55,2,43,4,67,9.35,16.75,3,0
244048f6,Arshdeep Singh,Punjab Kings,2019,3,0,0,0,0,0,0,0,0,0,0.0,0.0,3,60,3,109,10.9,36.33,2,0
ff1e12a0,AJ Turner,Rajasthan Royals,2019,4,4,3,10,3,1,0,0,0,0,1.0,30.0,0,0,0,0,0.0,0.0,0,0
c16d4035,SW Billings,Chennai Super Kings,2019,1,1,0,4,0,0,0,0,0,0,0.0,0.0,0,0,0,0,0.0,0.0,0,0
119678fd,KV Sharma,Chennai Super Kings,2019,1,0,0,0,0,0,0,0,0,0,0.0,0.0,1,17,1,33,11.65,33.0,1,0
81049310,J Yadav,Mumbai Indians,2019,2,0,0,0,0,0,0,0,0,0,0.0,0.0,2,42,1,50,7.14,50.0,1,0
8fd1a8f5,DW Steyn,Royal Challengers Bengaluru,2019,2,0,0,0,0,0,0,0,0,0,0.0,0.0,2,48,4,69,8.62,17.25,2,0
d014d5ac,SE Rutherford,Delhi Capitals,2019,7,7,73,54,28,2,2,7,0,0,14.6,135.19,6,41,1,59,8.63,59.0,1,0
c05edf8e,Harpreet Brar,Punjab Kings,2019,2,1,20,12,20,1,2,1,0,0,0.0,166.67,2,30,0,48,9.6,0.0,0,0
0a509d6b,RK Singh,Kolkata Knight Riders,2019,3,3,37,34,30,1,1,2,0,0,18.5,108.82,0,0,0,0,0.0,0.0,0,0
cfa4bd2b,Y Prithvi Raj,Kolkata Knight Riders,2019,2,1,0,1,0,1,0,0,0,0,0.0,0.0,2,30,1,57,11.4,57.0,1,0
edb3d4f8,KC Cariappa,Kolkata Knight Riders,2019,1,1,9,3,9,1,0,1,0,0,0.0,300.0,1,12,0,34,17.0,0.0,0,0
f19ccfad,Washington Sundar,Royal Challengers Bengaluru,2019,3,2,1,3,1,0,0,0,0,0,0.5,33.33,3,54,4,74,8.22,18.5,3,0
c6097d68,O Thomas,Rajasthan Royals,2019,4,0,0,0,0,0,0,0,0,0,0.0,0.0,4,60,5,79,7.9,15.8,2,0
0ebfb1ad,E Lewis,Mumbai Indians,2019,3,3,48,52,32,0,4,2,0,0,16.0,92.31,0,0,0,0,0.0,0.0,0,0
4b57e452,M Vijay,Chennai Super Kings,2019,2,2,64,61,38,0,6,1,0,0,32.0,104.92,0,0,0,0,0.0,0.0,0,0
faa7365d,DR Shorey,Chennai Super Kings,2019,1,1,5,8,5,0,0,0,0,0,5.0,62.5,0,0,0,0,0.0,0.0,0,0
e4cdf230,AS Roy,Mumbai Indians,2019,1,0,0,0,0,0,0,0,0,0,0.0,0.0,1,12,1,11,5.5,11.0,1,0
fe11caa6,WP Saha,Sunrisers Hyderabad,2019,5,5,86,53,28,0,13,1,0,0,17.2,162.26,0,0,0,0,0.0,0.0,0,0
235c2bb6,H Klaasen,Royal Challengers Bengaluru,2019,2,2,9,10,6,0,0,0,0,0,4.5,90.0,0,0,0,0,0.0,0.0,0,0
6eb146d2,Gurkeerat Singh,Royal Challengers Bengaluru,2019,3,3,98,70,65,0,11,2,1,0,32.67,140.0,0,0,0,0,0.0,0.0,0,0
d8b2f218,BB Sran,Mumbai Indians,2019,2,1,3,3,3,1,0,0,0,0,0.0,100.0,2,24,0,51,12.75,0.0,0,0
cdc6bdba,S Sandeep Warrier,Kolkata Knight Riders,2019,3,0,0,0,0,0,0,0,0,0,0.0,0.0,3,72,2,85,7.08,42.5,2,0
9418198b,P Simran Singh,Punjab Kings,2019,1,1,16,17,16,0,1,1,0,0,16.0,94.12,0,0,0,0,0.0,0.0,0,0
fa2f1dde,K Khejroliya,Royal Challengers Bengaluru,2019,2,0,0,0,0,0,0,0,0,0,0.0,0.0,2,30,1,46,9.2,46.0,1,0
4125d931,J Suchith,Delhi Capitals,2019,1,1,6,15,6,0,0,0,0,0,6.0,40.0,1,24,2,28,7.0,14.0,2,0
871e9faf,Basil Thampi,Sunrisers Hyderabad,2019,3,1,1,1,1,1,0,0,0,0,0.0,100.0,3,72,0,110,9.17,0.0,0,0
2be41edb,MJ Guptill,Sunrisers Hyderabad,2019,3,3,81,53,36,0,4,7,0,0,27.0,152.83,0,0,0,0,0.0,0.0,0,0
da934ee8,MK Lomror,Rajasthan Royals,2019,1,1,8,3,8,0,2,0,0,0,8.0,266.67,0,0,0,0,0.0,0.0,0,0
740742ef,RG Sharma,Mumbai Indians,2020/21,12,12,332,260,80,0,27,19,3,0,27.67,127.69,0,0,0,0,0.0,0.0,0,0
23eeb873,DL Chahar,Chennai Super Kings,2020/21,14,3,7,12,5,2,0,0,0,0,7.0,58.33,14,312,12,396,7.62,33.0,2,0
372455c4,Q de Kock,Mumbai Indians,2020/21,16,16,503,358,78,2,46,22,4,0,35.93,140.5,0,0,0,0,0.0,0.0,0,0
e94915e6,SM Curran,Chennai Super Kings,2020/21,14,11,186,141,52,3,12,12,1,0,23.25,131.91,13,252,13,344,8.19,26.46,3,0
f834dcfc,L Ngidi,Chennai Super Kings,2020/21,4,0,0,0,0,0,0,0,0,0,0.0,0.0,4,96,9,167,10.44,18.56,3,0
98ae73b1,PP Chawla,Chennai Super Kings,2020/21,7,0,0,0,0,0,0,0,0,0,0.0,0.0,7,126,6,191,9.1,31.83,2,0
271f83cd,SA Yadav,Mumbai Indians,2020/21,15,15,480,331,79,3,61,11,4,0,40.0,145.02,0,0,0,0,0.0,0.0,0,0
709b0bac,SS Tiwary,Mumbai Indians,2020/21,5,5,103,80,42,0,8,3,0,0,20.6,128.75,0,0,0,0,0.0,0.0,0,0
fe93fd9d,RA Jadeja,Chennai Super Kings,2020/21,14,11,232,135,50,6,22,11,1,0,46.4,171.85,13,218,6,318,8.75,53.0,2,0
dbe50b21,HH Pandya,Mumbai Indians,2020/21,13,13,281,157,60,5,14,25,1,0,35.12,178.98,0,0,0,0,0.0,0.0,0,0
a757b0d8,KA Pollard,Mumbai Indians,2020/21,14,12,268,140,60,7,15,22,1,0,53.6,191.43,11,126,4,190,9.05,47.5,1,0
5b8c830e,KH Pandya,Mumbai Indians,2020/21,16,11,109,92,34,5,9,5,0,0,18.17,118.48,16,301,6,380,7.57,63.33,2,0
f752db61,JL Pattinson,Mumbai Indians,2020/21,10,2,15,13,11,1,2,0,0,0,15.0,115.38,10,213,11,320,9.01,29.09,2,0
2ed569a0,RD Chahar,Mumbai Indians,2020/21,15,1,2,4,2,1,0,0,0,0,0.0,50.0,15,318,15,433,8.17,28.87,2,0
a818c1be,TA Boult,Mumbai Indians,2020/21,15,1,0,1,0,0,0,0,0,0,0.0,0.0,15,344,25,457,7.97,18.28,4,0
462411b3,JJ Bumrah,Mumbai Indians,2020/21,15,1,5,3,5,1,0,0,0,0,0.0,166.67,15,360,27,404,6.73,14.96,4,0
4b57e452,M Vijay,Chennai Super Kings,2020/21,3,3,32,43,21,0,4,0,0,0,10.67,74.42,0,0,0,0,0.0,0.0,0,0
4329fbb5,SR Watson,Chennai Super Kings,2020/21,11,11,299,247,83,1,33,13,2,0,29.9,121.05,0,0,0,0,0.0,0.0,0,0
3355b542,F du Plessis,Chennai Super Kings,2020/21,13,13,449,319,87,2,42,14,4,0,40.82,140.75,0,0,0,0,0.0,0.0,0,0
70d205c9,AT Rayudu,Chennai Super Kings,2020/21,11,11,359,282,71,2,30,12,1,0,39.89,127.3,0,0,0,0,0.0,0.0,0,0
4a8a2e3b,MS Dhoni,Chennai Super Kings,2020/21,12,12,200,172,47,4,16,7,0,0,25.0,116.28,0,0,0,0,0.0,0.0,0,0
8b3e9c7c,PP Shaw,Delhi Capitals,2020/21,13,13,228,167,66,0,27,8,2,0,17.54,136.53,0,0,0,0,0.0,0.0,0,0
a1d053dd,SS Cottrell,Punjab Kings,2020/21,6,1,0,2,0,0,0,0,0,0,0.0,0.0,6,120,6,176,8.8,29.33,2,0
0a476045,S Dhawan,Delhi Capitals,2020/21,17,17,618,427,106,3,67,13,4,2,44.14,144.73,0,0,0,0,0.0,0.0,0,0
8cf9814c,Mohammed Shami,Punjab Kings,2020/21,14,2,2,3,2,1,0,0,0,0,2.0,66.67,14,322,20,460,8.57,23.0,3,0
48a1d7b7,SO Hetmyer,Delhi Capitals,2020/21,11,11,185,125,45,3,11,12,0,0,23.12,148.0,0,0,0,0,0.0,0.0,0,0
85ec8e33,SS Iyer,Delhi Capitals,2020/21,17,17,519,421,88,2,40,16,3,0,34.6,123.28,0,0,0,0,0.0,0.0,0,0
ffe699c0,CJ Jordan,Punjab Kings,2020/21,9,4,29,31,13,1,2,0,0,0,9.67,93.55,9,189,9,304,9.65,33.78,3,0
919a3be2,RR Pant,Delhi Capitals,2020/21,14,14,343,301,56,3,32,9,1,0,31.18,113.95,0,0,0,0,0.0,0.0,0,0
90de905a,K Gowtham,Punjab Kings,2020/21,2,2,42,27,22,1,3,2,0,0,42.0,155.56,2,48,1,84,10.5,84.0,1,0
df064e1a,Ravi Bishnoi,Punjab Kings,2020/21,14,2,7,12,6,1,1,0,0,0,7.0,58.33,14,306,12,376,7.37,31.33,3,0
2e171977,AR Patel,Delhi Capitals,2020/21,15,9,117,85,42,1,6,8,0,0,14.62,137.65,15,306,9,327,6.41,36.33,2,0
d9273ee7,MP Stoinis,Delhi Capitals,2020/21,17,17,352,237,65,3,31,16,3,0,25.14,148.52,13,178,13,283,9.54,21.77,3,0
495d42a5,R Ashwin,Delhi Capitals,2020/21,15,5,37,34,14,2,3,1,0,0,12.33,108.82,15,306,13,391,7.67,30.08,3,0
acdc62f5,A Nortje,Delhi Capitals,2020/21,16,3,7,6,3,2,0,0,0,0,7.0,116.67,16,366,22,512,8.39,23.27,3,0
b17e2f24,KL Rahul,Punjab Kings,2020/21,14,14,670,518,132,2,58,23,5,1,55.83,129.34,0,0,0,0,0.0,0.0,0,0
00ea847a,MA Agarwal,Punjab Kings,2020/21,11,11,424,271,106,0,44,15,2,1,38.55,156.46,0,0,0,0,0.0,0.0,0,0
759ac88f,MM Sharma,Delhi Capitals,2020/21,1,0,0,0,0,0,0,0,0,0,0.0,0.0,1,24,1,45,11.25,45.0,1,0
e62dd25d,K Rabada,Delhi Capitals,2020/21,17,6,56,49,15,3,4,2,0,0,18.67,114.29,17,394,30,548,8.35,18.27,4,0
944533a5,KK Nair,Punjab Kings,2020/21,3,3,16,14,15,1,2,0,0,0,8.0,114.29,0,0,0,0,0.0,0.0,0,0
3241e3fd,N Pooran,Punjab Kings,2020/21,14,14,353,208,77,4,23,25,2,0,35.3,169.71,0,0,0,0,0.0,0.0,0,0
b681e71e,GJ Maxwell,Punjab Kings,2020/21,13,11,108,106,32,4,9,0,0,0,15.43,101.89,7,126,3,169,8.05,56.33,1,0
f088b960,SN Khan,Punjab Kings,2020/21,3,3,33,29,14,1,5,0,0,0,16.5,113.79,0,0,0,0,0.0,0.0,0,0
b4b99816,Shubman Gill,Kolkata Knight Riders,2020/21,14,14,440,373,70,1,44,9,3,0,33.85,117.96,0,0,0,0,0.0,0.0,0,0
fb66ce1f,CH Morris,Royal Challengers Bengaluru,2020/21,9,5,34,21,25,1,2,3,0,0,8.5,161.9,9,190,11,210,6.63,19.09,4,0
77255a9e,RA Tripathi,Kolkata Knight Riders,2020/21,11,11,230,181,81,1,21,10,1,0,23.0,127.07,0,0,0,0,0.0,0.0,0,0
2f49c897,Mohammed Siraj,Royal Challengers Bengaluru,2020/21,9,3,17,14,10,2,2,0,0,0,17.0,121.43,9,163,11,236,8.69,21.45,3,0
fb2d1dda,N Rana,Kolkata Knight Riders,2020/21,14,14,352,254,87,0,43,12,3,0,25.14,138.58,2,12,0,23,11.5,0.0,0,0
25f7b7d6,T Banton,Kolkata Knight Riders,2020/21,2,2,18,20,10,0,1,1,0,0,9.0,90.0,0,0,0,0,0.0,0.0,0,0
21d4e29b,Navdeep Saini,Royal Challengers Bengaluru,2020/21,13,3,27,27,12,2,3,0,0,0,27.0,100.0,13,274,6,379,8.3,63.17,2,0
c03f1114,KD Karthik,Kolkata Knight Riders,2020/21,14,14,169,134,58,2,20,4,1,0,14.08,126.12,0,0,0,0,0.0,0.0,0,0
d2a6c0e6,EJG Morgan,Kolkata Knight Riders,2020/21,14,14,418,302,68,4,32,24,1,0,41.8,138.41,0,0,0,0,0.0,0.0,0,0
ac5ae4af,I Udana,Royal Challengers Bengaluru,2020/21,10,4,15,11,10,1,1,1,0,0,5.0,136.36,10,174,8,282,9.72,35.25,2,0
57ee1fde,YS Chahal,Royal Challengers Bengaluru,2020/21,15,2,1,3,1,1,0,0,0,0,1.0,33.33,15,343,21,405,7.08,19.29,3,0
ded9240e,PJ Cummins,Kolkata Knight Riders,2020/21,14,10,146,114,53,3,9,8,1,0,20.86,128.07,14,312,12,409,7.87,34.08,4,0
f19ccfad,Washington Sundar,Royal Challengers Bengaluru,2020/21,15,9,111,95,30,3,10,2,0,0,18.5,116.84,15,300,8,298,5.96,37.25,2,0
8d2c70ad,Kuldeep Yadav,Kolkata Knight Riders,2020/21,5,2,13,21,12,1,1,0,0,0,13.0,61.9,4,72,1,92,7.67,92.0,1,0
2f9d0389,LH Ferguson,Kolkata Knight Riders,2020/21,5,2,43,29,24,2,4,1,0,0,0.0,148.28,5,119,6,148,7.46,24.67,3,0
2c25d4f5,D Padikkal,Royal Challengers Bengaluru,2020/21,15,15,473,379,74,0,51,8,5,0,31.53,124.8,0,0,0,0,0.0,0.0,0,0
b8d490fd,AJ Finch,Royal Challengers Bengaluru,2020/21,12,12,268,241,52,0,28,8,1,0,22.33,111.2,0,0,0,0,0.0,0.0,0,0
85e0cf10,M Prasidh Krishna,Kolkata Knight Riders,2020/21,6,2,2,4,2,2,0,0,0,0,0.0,50.0,6,105,4,164,9.37,41.0,3,0
5b7ab5a9,CV Varun,Kolkata Knight Riders,2020/21,13,3,10,15,7,1,0,0,0,0,5.0,66.67,13,312,17,356,6.85,20.94,5,0
6eb146d2,Gurkeerat Singh,Royal Challengers Bengaluru,2020/21,5,5,71,80,21,5,8,0,0,0,0.0,88.75,0,0,0,0,0.0,0.0,0,0
ba607b88,V Kohli,Royal Challengers Bengaluru,2020/21,15,15,466,384,90,4,23,11,3,0,42.36,121.35,0,0,0,0,0.0,0.0,0,0
ce820073,Sandeep Sharma,Sunrisers Hyderabad,2020/21,13,5,12,15,9,3,1,0,0,0,6.0,80.0,13,312,14,374,7.19,26.71,3,0
0f721006,JO Holder,Sunrisers Hyderabad,2020/21,7,4,66,53,26,2,5,3,0,0,33.0,124.53,7,168,14,233,8.32,16.64,3,0
752f7486,Ishan Kishan,Mumbai Indians,2020/21,13,13,516,354,99,4,36,30,4,0,57.33,145.76,0,0,0,0,0.0,0.0,0,0
9d80c5e1,S Nadeem,Sunrisers Hyderabad,2020/21,7,2,7,8,5,1,1,0,0,0,7.0,87.5,7,132,5,178,8.09,35.6,2,0
ce794613,T Natarajan,Sunrisers Hyderabad,2020/21,16,2,3,5,3,2,0,0,0,0,0.0,60.0,16,377,16,504,8.02,31.5,2,0
5f547c8b,Rashid Khan,Sunrisers Hyderabad,2020/21,16,6,35,30,14,2,3,2,0,0,8.75,116.67,16,384,20,344,5.38,17.2,3,0
56ab442f,NM Coulter-Nile,Mumbai Indians,2020/21,7,2,25,15,24,1,4,0,0,0,25.0,166.67,7,156,5,206,7.92,41.2,2,0
d2a989fc,DS Kulkarni,Mumbai Indians,2020/21,1,1,3,2,3,1,0,0,0,0,0.0,150.0,1,18,0,22,7.33,0.0,0,0
dcce6f09,DA Warner,Sunrisers Hyderabad,2020/21,16,16,548,407,85,2,52,14,4,0,39.14,134.64,1,1,0,2,12.0,0.0,0,0
fe11caa6,WP Saha,Sunrisers Hyderabad,2020/21,4,4,214,153,87,1,24,5,2,0,71.33,139.87,0,0,0,0,0.0,0.0,0,0
6c19c6e5,YBK Jaiswal,Rajasthan Royals,2020/21,3,3,40,44,34,0,2,2,0,0,13.33,90.91,0,0,0,0,0.0,0.0,0,0
30a45b23,SPD Smith,Rajasthan Royals,2020/21,14,14,311,237,69,2,32,9,3,0,25.92,131.22,0,0,0,0,0.0,0.0,0,0
a4cc73aa,SV Samson,Rajasthan Royals,2020/21,14,14,375,236,85,1,21,26,3,0,28.85,158.9,0,0,0,0,0.0,0.0,0,0
1c17e270,RV Uthappa,Rajasthan Royals,2020/21,12,12,196,164,41,0,19,7,0,0,16.33,119.51,0,0,0,0,0.0,0.0,0,0
39a2dfa8,R Tewatia,Rajasthan Royals,2020/21,14,11,255,183,53,5,13,17,1,0,42.5,139.34,14,276,10,326,7.09,32.6,3,0
04a418e8,R Parag,Rajasthan Royals,2020/21,8,8,86,77,42,1,6,3,0,0,12.29,111.69,2,12,0,27,13.5,0.0,0,0
e86754b2,TK Curran,Rajasthan Royals,2020/21,5,4,83,62,54,3,5,3,1,0,83.0,133.87,5,109,3,208,11.45,69.33,1,0
5574750c,JC Archer,Rajasthan Royals,2020/21,14,10,113,63,27,4,5,10,0,0,18.83,179.37,14,334,20,365,6.56,18.25,3,0
1e66c162,JD Unadkat,Rajasthan Royals,2020/21,7,1,9,13,9,0,0,0,0,0,9.0,69.23,7,138,4,228,9.91,57.0,2,0
7a8bd078,S Gopal,Rajasthan Royals,2020/21,14,5,37,39,23,1,3,0,0,0,9.25,94.87,14,300,10,427,8.54,42.7,2,0
45a43fe2,RD Gaikwad,Chennai Super Kings,2020/21,6,6,204,169,72,2,16,6,3,0,51.0,120.71,0,0,0,0,0.0,0.0,0,0
99d63244,KM Jadhav,Chennai Super Kings,2020/21,5,5,62,66,26,2,7,0,0,0,20.67,93.94,0,0,0,0,0.0,0.0,0,0
46a9bea1,TU Deshpande,Delhi Capitals,2020/21,5,2,21,12,20,1,2,1,0,0,21.0,175.0,5,102,3,192,11.29,64.0,2,0
9d430b40,SP Narine,Kolkata Knight Riders,2020/21,10,9,121,85,64,0,10,8,1,0,13.44,142.35,10,228,5,302,7.95,60.4,2,0
29e95537,AM Rahane,Delhi Capitals,2020/21,8,8,113,107,60,0,12,2,1,0,14.12,105.61,0,0,0,0,0.0,0.0,0,0
b4f5c2d9,KL Nagarkoti,Kolkata Knight Riders,2020/21,10,6,22,31,8,3,1,0,0,0,7.33,70.97,9,156,5,231,8.88,46.2,2,0
c3a96caf,Mandeep Singh,Punjab Kings,2020/21,7,7,130,109,66,1,10,4,1,0,21.67,119.27,0,0,0,0,0.0,0.0,0,0
a2f46292,KK Ahmed,Sunrisers Hyderabad,2020/21,7,1,0,2,0,0,0,0,0,0,0.0,0.0,7,154,8,242,9.43,30.25,2,0
db584dad,CH Gayle,Punjab Kings,2020/21,7,7,288,210,99,0,15,23,3,0,41.14,137.14,1,5,0,5,6.0,0.0,0,0
73ad96ed,DJ Hooda,Punjab Kings,2020/21,5,5,101,71,62,4,5,5,1,0,101.0,142.25,1,6,0,9,9.0,0.0,0,0
e2db2409,M Ashwin,Punjab Kings,2020/21,9,1,4,4,4,0,0,0,0,0,4.0,100.0,9,189,10,235,7.46,23.5,3,0
abb83e27,JM Bairstow,Sunrisers Hyderabad,2020/21,11,11,345,272,97,0,31,13,3,0,31.36,126.84,0,0,0,0,0.0,0.0,0,0
244048f6,Arshdeep Singh,Punjab Kings,2020/21,8,1,0,3,0,0,0,0,0,0,0.0,0.0,8,149,9,218,8.78,24.22,3,0
93b4fc78,MK Pandey,Sunrisers Hyderabad,2020/21,15,15,425,333,83,2,35,18,3,0,32.69,127.63,0,0,0,0,0.0,0.0,0,0
8e514b4c,Abdul Samad,Sunrisers Hyderabad,2020/21,7,7,111,65,33,2,8,6,0,0,22.2,170.77,3,42,1,96,13.71,96.0,1,0
0994d0ae,V Shankar,Sunrisers Hyderabad,2020/21,7,5,97,96,52,1,10,1,1,0,24.25,101.04,5,79,4,82,6.23,20.5,1,0
bb965e9a,PK Garg,Sunrisers Hyderabad,2020/21,10,10,133,111,51,1,9,4,1,0,14.78,119.82,0,0,0,0,0.0,0.0,0,0
39086549,JR Philippe,Royal Challengers Bengaluru,2020/21,5,5,78,77,33,1,9,1,0,0,19.5,101.3,0,0,0,0,0.0,0.0,0,0
c4487b84,AB de Villiers,Royal Challengers Bengaluru,2020/21,14,14,454,286,73,4,33,23,5,0,45.4,158.74,0,0,0,0,0.0,0.0,0,0
a4e37e47,S Dube,Royal Challengers Bengaluru,2020/21,10,9,129,105,27,2,5,9,0,0,18.43,122.86,5,54,4,73,8.11,18.25,2,0
8fd1a8f5,DW Steyn,Royal Challengers Bengaluru,2020/21,3,1,1,2,1,1,0,0,0,0,0.0,50.0,3,70,1,133,11.4,133.0,1,0
0a3d54b9,VR Aaron,Rajasthan Royals,2020/21,3,2,1,10,1,1,0,0,0,0,1.0,10.0,3,48,0,94,11.75,0.0,0,0
5d2eea49,Kartik Tyagi,Rajasthan Royals,2020/21,10,2,4,6,2,1,0,0,0,0,4.0,66.67,10,229,9,367,9.62,40.78,2,0
7c7d63a2,AJ Tye,Rajasthan Royals,2020/21,1,1,6,6,6,0,0,1,0,0,6.0,100.0,1,24,1,50,12.5,50.0,1,0
f986ca1a,HV Patel,Delhi Capitals,2020/21,5,2,21,24,16,0,2,0,0,0,10.5,87.5,5,90,3,134,8.93,44.67,2,0
99b75528,JC Buttler,Rajasthan Royals,2020/21,12,12,328,227,70,2,27,16,2,0,32.8,144.49,0,0,0,0,0.0,0.0,0,0
da934ee8,MK Lomror,Rajasthan Royals,2020/21,3,3,59,54,47,0,2,3,0,0,19.67,109.26,0,0,0,0,0.0,0.0,0,0
1abb78f8,SN Thakur,Chennai Super Kings,2020/21,9,2,12,21,11,1,0,0,0,0,12.0,57.14,9,194,10,275,8.51,27.5,2,0
119678fd,KV Sharma,Chennai Super Kings,2020/21,5,0,0,0,0,0,0,0,0,0,0.0,0.0,5,114,5,165,8.68,33.0,2,0
87e562a9,DJ Bravo,Chennai Super Kings,2020/21,6,2,7,6,7,0,0,0,0,0,3.5,116.67,6,126,6,180,8.57,30.0,3,0
bbd41817,AD Russell,Kolkata Knight Riders,2020/21,10,9,117,81,25,0,9,9,0,0,13.0,144.44,7,108,6,175,9.72,29.17,2,0
c38d3503,Shivam Mavi,Kolkata Knight Riders,2020/21,8,3,10,14,9,1,1,0,0,0,5.0,71.43,8,156,9,212,8.15,23.56,2,0
d027ba9f,KS Williamson,Sunrisers Hyderabad,2020/21,11,11,317,237,67,4,26,10,3,0,45.29,133.76,1,12,0,24,12.0,0.0,0,0
f29185a1,Abhishek Sharma,Sunrisers Hyderabad,2020/21,8,7,71,56,31,2,6,3,0,0,14.2,126.79,6,60,2,91,9.1,45.5,1,0
9219eff0,JDS Neesham,Punjab Kings,2020/21,5,3,19,18,10,1,0,1,0,0,9.5,105.56,5,90,2,148,9.87,74.0,1,0
db31895a,AS Rajpoot,Rajasthan Royals,2020/21,6,2,9,10,7,1,0,1,0,0,9.0,90.0,6,102,2,199,11.71,99.5,1,0
caf69bf7,DR Sams,Delhi Capitals,2020/21,3,1,0,2,0,0,0,0,0,0,0.0,0.0,3,72,0,114,9.5,0.0,0,0
f9e6e7ef,Shahbaz Ahmed,Royal Challengers Bengaluru,2020/21,2,1,1,1,1,1,0,0,0,0,0.0,100.0,2,36,2,44,7.33,22.0,2,0
acee4cc4,Imran Tahir,Chennai Super Kings,2020/21,3,1,13,10,13,1,2,0,0,0,0.0,130.0,3,66,1,76,6.91,76.0,1,0
e087956b,BA Stokes,Rajasthan Royals,2020/21,8,8,285,200,107,1,36,7,1,1,40.71,142.5,6,90,2,154,10.27,77.0,2,0
cdc6bdba,S Sandeep Warrier,Kolkata Knight Riders,2020/21,1,0,0,0,0,0,0,0,0,0,0.0,0.0,1,18,0,34,11.33,0.0,0,0
aedc3b7c,NS Naik,Kolkata Knight Riders,2020/21,1,1,1,3,1,0,0,0,0,0,1.0,33.33,0,0,0,0,0.0,0.0,0,0
69d03465,AT Carey,Delhi Capitals,2020/21,3,3,32,29,14,1,0,1,0,0,16.0,110.34,0,0,0,0,0.0,0.0,0,0
cc1e8c68,UT Yadav,Royal Challengers Bengaluru,2020/21,2,1,0,2,0,0,0,0,0,0,0.0,0.0,2,42,0,83,11.86,0.0,0,0
871e9faf,Basil Thampi,Sunrisers Hyderabad,2020/21,1,0,0,0,0,0,0,0,0,0,0.0,0.0,1,24,1,46,11.5,46.0,1,0
c05edf8e,Harpreet Brar,Punjab Kings,2020/21,1,0,0,0,0,0,0,0,0,0,0.0,0.0,1,24,0,41,10.25,0.0,0,0
14f96089,A Zampa,Royal Challengers Bengaluru,2020/21,3,0,0,0,0,0,0,0,0,0,0.0,0.0,3,66,2,92,8.36,46.0,1,0
6b19d823,A Mishra,Delhi Capitals,2020/21,3,0,0,0,0,0,0,0,0,0,0.0,0.0,3,60,3,72,7.2,24.0,2,0
2e81a32d,B Kumar,Sunrisers Hyderabad,2020/21,4,1,0,2,0,0,0,0,0,0,0.0,0.0,4,85,3,99,6.99,33.0,2,0
bb351c23,MM Ali,Royal Challengers Bengaluru,2020/21,3,3,12,16,11,0,1,0,0,0,4.0,75.0,3,30,1,42,8.4,42.0,1,0
bd54eef5,N Jagadeesan,Chennai Super Kings,2020/21,2,2,33,29,33,0,4,0,0,0,16.5,113.79,0,0,0,0,0.0,0.0,0,0
03806cf8,JR Hazlewood,Chennai Super Kings,2020/21,3,0,0,0,0,0,0,0,0,0,0.0,0.0,3,60,1,64,6.4,64.0,1,0
7d92277a,Mujeeb Ur Rahman,Punjab Kings,2020/21,2,1,1,3,1,0,0,0,0,0,1.0,33.33,2,48,0,83,10.38,0.0,0,0
9418198b,P Simran Singh,Punjab Kings,2020/21,2,2,15,15,11,0,2,0,0,0,7.5,100.0,0,0,0,0,0.0,0.0,0,0
19b9f399,CJ Green,Kolkata Knight Riders,2020/21,1,0,0,0,0,0,0,0,0,0,0.0,0.0,1,17,0,24,8.47,0.0,0,0
5bb1a1c4,I Sharma,Delhi Capitals,2020/21,1,0,0,0,0,0,0,0,0,0,0.0,0.0,1,18,0,26,8.67,0.0,0,0
3d8feaf8,MR Marsh,Sunrisers Hyderabad,2020/21,1,1,0,1,0,0,0,0,0,0,0.0,0.0,1,4,0,6,9.0,0.0,0,0
81049310,J Yadav,Mumbai Indians,2020/21,2,0,0,0,0,0,0,0,0,0,0.0,0.0,2,42,1,43,6.14,43.0,1,0
ed5a5510,P Dubey,Delhi Capitals,2020/21,3,1,7,13,7,1,0,0,0,0,0.0,53.85,3,48,0,72,9.0,0.0,0,0
e4a0deae,MJ Santner,Chennai Super Kings,2020/21,2,0,0,0,0,0,0,0,0,0,0.0,0.0,2,42,2,53,7.57,26.5,1,0
0a509d6b,RK Singh,Kolkata Knight Riders,2020/21,1,1,11,11,11,0,1,0,0,0,11.0,100.0,0,0,0,0,0.0,0.0,0,0
dcf81436,S Kaul,Sunrisers Hyderabad,2020/21,1,0,0,0,0,0,0,0,0,0,0.0,0.0,1,24,2,64,16.0,32.0,2,0
eef2536f,Avesh Khan,Delhi Capitals,2020/21,1,0,0,0,0,0,0,0,0,0,0.0,0.0,1,24,0,42,10.5,0.0,0,0
fb24e76c,Monu Kumar,Chennai Super Kings,2020/21,1,0,0,0,0,0,0,0,0,0,0.0,0.0,1,12,0,20,10.0,0.0,0,0
62af8546,Mohammad Nabi,Sunrisers Hyderabad,2020/21,1,1,11,8,11,1,2,0,0,0,0.0,137.5,1,24,0,23,5.75,0.0,0,0
541f85c9,SP Goswami,Sunrisers Hyderabad,2020/21,2,2,0,4,0,0,0,0,0,0,0.0,0.0,0,0,0,0,0.0,0.0,0,0
740742ef,RG Sharma,Mumbai Indians,2021,13,13,381,299,63,0,33,14,1,0,29.31,127.42,2,7,0,13,11.14,0.0,0,0
2f49c897,Mohammed Siraj,Royal Challengers Bengaluru,2021,15,4,20,26,12,3,1,1,0,0,20.0,76.92,15,312,11,353,6.79,32.09,3,0
68c56d09,KA Jamieson,Royal Challengers Bengaluru,2021,9,7,65,55,16,3,5,3,0,0,16.25,118.18,9,168,9,269,9.61,29.89,3,0
45eda7c8,CA Lynn,Mumbai Indians,2021,1,1,49,35,49,0,4,3,0,0,49.0,140.0,0,0,0,0,0.0,0.0,0,0
57ee1fde,YS Chahal,Royal Challengers Bengaluru,2021,15,2,10,27,8,2,0,0,0,0,0.0,37.04,15,318,18,374,7.06,20.78,3,0
271f83cd,SA Yadav,Mumbai Indians,2021,14,14,317,221,82,0,40,10,2,0,22.64,143.44,0,0,0,0,0.0,0.0,0,0
f9e6e7ef,Shahbaz Ahmed,Royal Challengers Bengaluru,2021,8,7,59,53,14,0,4,2,0,0,8.43,111.32,6,84,7,92,6.57,13.14,3,0
f986ca1a,HV Patel,Royal Challengers Bengaluru,2021,15,7,59,46,31,3,6,2,0,0,14.75,128.26,15,338,32,459,8.15,14.34,5,0
2a2e6343,DT Christian,Royal Challengers Bengaluru,2021,9,7,14,24,9,1,1,0,0,0,2.33,58.33,9,100,4,155,9.3,38.75,2,0
752f7486,Ishan Kishan,Mumbai Indians,2021,10,10,241,180,84,1,21,10,2,0,26.78,133.89,0,0,0,0,0.0,0.0,0,0
f19ccfad,Washington Sundar,Royal Challengers Bengaluru,2021,6,4,31,47,10,0,2,0,0,0,7.75,65.96,6,96,3,118,7.38,39.33,1,0
dbe50b21,HH Pandya,Mumbai Indians,2021,11,11,127,112,40,2,11,5,0,0,14.11,113.39,0,0,0,0,0.0,0.0,0,0
a757b0d8,KA Pollard,Mumbai Indians,2021,14,13,245,165,87,5,16,16,1,0,30.62,148.48,9,79,5,95,7.22,19.0,2,0
5b8c830e,KH Pandya,Mumbai Indians,2021,13,12,143,123,39,2,10,6,0,0,14.3,116.26,12,199,5,265,7.99,53.0,1,0
81c36ee9,M Jansen,Mumbai Indians,2021,2,2,0,3,0,0,0,0,0,0,0.0,0.0,2,36,2,45,7.5,22.5,2,0
462411b3,JJ Bumrah,Mumbai Indians,2021,14,7,16,17,5,5,2,0,0,0,8.0,94.12,14,330,21,410,7.45,19.52,3,0
a818c1be,TA Boult,Mumbai Indians,2021,14,2,1,4,1,2,0,0,0,0,0.0,25.0,14,308,13,406,7.91,31.23,3,0
ba607b88,V Kohli,Royal Challengers Bengaluru,2021,15,15,405,339,72,1,43,9,3,0,28.93,119.47,0,0,0,0,0.0,0.0,0,0
c740ea83,RM Patidar,Royal Challengers Bengaluru,2021,4,4,71,62,31,0,3,3,0,0,17.75,114.52,0,0,0,0,0.0,0.0,0,0
b681e71e,GJ Maxwell,Royal Challengers Bengaluru,2021,14,14,513,356,78,2,48,21,6,0,42.75,144.1,6,96,3,135,8.44,45.0,2,0
2ed569a0,RD Chahar,Mumbai Indians,2021,11,4,14,15,8,0,1,0,0,0,3.5,93.33,11,258,13,318,7.4,24.46,4,0
c4487b84,AB de Villiers,Royal Challengers Bengaluru,2021,14,14,313,211,76,4,23,16,2,0,31.3,148.34,0,0,0,0,0.0,0.0,0,0
45a43fe2,RD Gaikwad,Chennai Super Kings,2021,16,16,635,466,101,2,64,23,4,1,45.36,136.27,0,0,0,0,0.0,0.0,0,0
4c5d73db,CR Woakes,Delhi Capitals,2021,3,1,15,11,15,1,2,0,0,0,0.0,136.36,3,66,5,82,7.45,16.4,2,0
3355b542,F du Plessis,Chennai Super Kings,2021,16,16,633,458,95,2,61,23,6,0,45.21,138.21,0,0,0,0,0.0,0.0,0,0
eef2536f,Avesh Khan,Delhi Capitals,2021,16,1,5,3,5,0,1,0,0,0,5.0,166.67,16,366,24,450,7.38,18.75,3,0
bb351c23,MM Ali,Chennai Super Kings,2021,15,15,357,260,58,1,31,19,1,0,25.5,137.31,10,152,6,161,6.36,26.83,3,0
1dc12ab9,SK Raina,Chennai Super Kings,2021,11,11,160,128,54,2,13,9,1,0,17.78,125.0,0,0,0,0,0.0,0.0,0,0
495d42a5,R Ashwin,Delhi Capitals,2021,13,5,44,42,20,2,2,1,0,0,14.67,104.76,13,268,7,331,7.41,47.29,2,0
e86754b2,TK Curran,Delhi Capitals,2021,3,2,21,17,21,1,2,0,0,0,21.0,123.53,3,68,4,104,9.18,26.0,3,0
6b19d823,A Mishra,Delhi Capitals,2021,4,0,0,0,0,0,0,0,0,0,0.0,0.0,4,84,6,109,7.79,18.17,4,0
70d205c9,AT Rayudu,Chennai Super Kings,2021,13,13,257,170,72,3,16,17,2,0,25.7,151.18,0,0,0,0,0.0,0.0,0,0
d9273ee7,MP Stoinis,Delhi Capitals,2021,10,7,89,72,27,3,11,1,0,0,22.25,123.61,8,67,2,117,10.48,58.5,1,0
fe93fd9d,RA Jadeja,Chennai Super Kings,2021,16,11,227,156,62,8,19,9,1,0,75.67,145.51,16,294,13,346,7.06,26.62,3,0
4a8a2e3b,MS Dhoni,Chennai Super Kings,2021,11,11,114,107,18,4,12,3,0,0,16.29,106.54,0,0,0,0,0.0,0.0,0,0
e94915e6,SM Curran,Chennai Super Kings,2021,9,4,56,29,34,1,5,3,0,0,18.67,193.1,9,198,9,328,9.94,36.44,3,0
8b3e9c7c,PP Shaw,Delhi Capitals,2021,15,15,479,301,82,0,56,18,4,0,31.93,159.14,0,0,0,0,0.0,0.0,0,0
23eeb873,DL Chahar,Chennai Super Kings,2021,15,1,1,1,1,1,0,0,0,0,0.0,100.0,15,324,14,451,8.35,32.21,4,0
0a476045,S Dhawan,Delhi Capitals,2021,16,16,587,471,92,1,63,16,3,0,39.13,124.63,0,0,0,0,0.0,0.0,0,0
1abb78f8,SN Thakur,Chennai Super Kings,2021,16,4,5,5,3,2,0,0,0,0,2.5,100.0,16,359,21,527,8.81,25.1,3,0
87e562a9,DJ Bravo,Chennai Super Kings,2021,11,3,47,18,23,2,3,4,0,0,47.0,261.11,11,202,14,263,7.81,18.79,3,0
919a3be2,RR Pant,Delhi Capitals,2021,16,16,419,326,58,4,42,10,3,0,34.92,128.53,0,0,0,0,0.0,0.0,0,0
fb2d1dda,N Rana,Kolkata Knight Riders,2021,16,16,383,314,80,3,34,17,2,0,29.46,121.97,2,12,0,12,6.0,0.0,0,0
2e81a32d,B Kumar,Sunrisers Hyderabad,2021,11,7,34,30,14,6,3,0,0,0,34.0,113.33,11,252,6,335,7.98,55.83,1,0
b4b99816,Shubman Gill,Kolkata Knight Riders,2021,17,17,478,402,57,0,50,12,3,0,28.12,118.91,0,0,0,0,0.0,0.0,0,0
ce820073,Sandeep Sharma,Sunrisers Hyderabad,2021,7,2,8,7,8,1,1,0,0,0,8.0,114.29,7,141,3,203,8.64,67.67,1,0
ce794613,T Natarajan,Sunrisers Hyderabad,2021,2,0,0,0,0,0,0,0,0,0,0.0,0.0,2,48,2,69,8.62,34.5,1,0
62af8546,Mohammad Nabi,Sunrisers Hyderabad,2021,3,3,34,20,17,0,3,2,0,0,11.33,170.0,3,48,2,86,10.75,43.0,2,0
5f547c8b,Rashid Khan,Sunrisers Hyderabad,2021,14,10,83,69,22,2,9,2,0,0,10.38,120.29,14,336,18,375,6.7,20.83,3,0
77255a9e,RA Tripathi,Kolkata Knight Riders,2021,16,16,397,283,74,2,41,11,2,0,28.36,140.28,0,0,0,0,0.0,0.0,0,0
0994d0ae,V Shankar,Sunrisers Hyderabad,2021,6,5,58,52,28,0,1,3,0,0,11.6,111.54,5,66,3,100,9.09,33.33,2,0
bbd41817,AD Russell,Kolkata Knight Riders,2021,10,8,183,120,54,1,14,14,1,0,26.14,152.5,8,114,11,188,9.89,17.09,5,0
d2a6c0e6,EJG Morgan,Kolkata Knight Riders,2021,15,15,133,139,47,4,8,6,0,0,12.09,95.68,0,0,0,0,0.0,0.0,0,0
c03f1114,KD Karthik,Kolkata Knight Riders,2021,15,15,223,170,40,5,22,7,0,0,22.3,131.18,0,0,0,0,0.0,0.0,0,0
7dc35884,Shakib Al Hasan,Kolkata Knight Riders,2021,8,6,47,48,26,1,3,1,0,0,9.4,97.92,8,156,4,187,7.19,46.75,1,0
fe11caa6,WP Saha,Sunrisers Hyderabad,2021,9,9,131,140,44,0,7,5,0,0,14.56,93.57,0,0,0,0,0.0,0.0,0,0
8b5b6769,Harbhajan Singh,Kolkata Knight Riders,2021,3,2,4,4,2,2,0,0,0,0,0.0,100.0,3,42,0,63,9.0,0.0,0,0
dcce6f09,DA Warner,Sunrisers Hyderabad,2021,8,8,195,181,57,0,15,6,2,0,24.38,107.73,0,0,0,0,0.0,0.0,0,0
85e0cf10,M Prasidh Krishna,Kolkata Knight Riders,2021,10,1,0,1,0,0,0,0,0,0,0.0,0.0,10,231,12,351,9.12,29.25,3,0
93b4fc78,MK Pandey,Sunrisers Hyderabad,2021,8,8,292,236,69,2,21,10,3,0,48.67,123.73,0,0,0,0,0.0,0.0,0,0
abb83e27,JM Bairstow,Sunrisers Hyderabad,2021,7,7,248,175,63,1,20,15,2,0,41.33,141.71,0,0,0,0,0.0,0.0,0,0
ded9240e,PJ Cummins,Kolkata Knight Riders,2021,7,5,93,56,66,2,5,8,1,0,31.0,166.07,7,161,9,237,8.83,26.33,3,0
5b7ab5a9,CV Varun,Kolkata Knight Riders,2021,17,2,2,4,2,1,0,0,0,0,2.0,50.0,17,408,18,448,6.59,24.89,3,0
8e514b4c,Abdul Samad,Sunrisers Hyderabad,2021,10,10,111,87,28,1,4,8,0,0,12.33,127.59,1,6,1,9,9.0,9.0,1,0
b17e2f24,KL Rahul,Punjab Kings,2021,13,13,626,451,98,3,48,30,6,0,62.6,138.8,0,0,0,0,0.0,0.0,0,0
2cdce1be,C Sakariya,Rajasthan Royals,2021,14,5,16,25,7,0,2,0,0,0,3.2,64.0,14,312,14,426,8.19,30.43,3,0
00ea847a,MA Agarwal,Punjab Kings,2021,12,12,441,314,99,1,42,18,4,0,40.09,140.45,0,0,0,0,0.0,0.0,0,0
0a8fce53,Mustafizur Rahman,Rajasthan Royals,2021,14,3,8,14,8,3,0,1,0,0,0.0,57.14,14,311,14,436,8.41,31.14,3,0
db584dad,CH Gayle,Punjab Kings,2021,10,10,193,154,46,1,21,8,0,0,21.44,125.32,0,0,0,0,0.0,0.0,0,0
fb66ce1f,CH Morris,Rajasthan Royals,2021,11,7,67,49,36,2,2,5,0,0,13.4,136.73,11,246,15,376,9.17,25.07,4,0
7a8bd078,S Gopal,Rajasthan Royals,2021,3,2,7,5,7,1,0,1,0,0,7.0,140.0,3,42,0,84,12.0,0.0,0,0
e087956b,BA Stokes,Rajasthan Royals,2021,1,1,0,3,0,0,0,0,0,0,0.0,0.0,1,6,0,12,12.0,0.0,0,0
39a2dfa8,R Tewatia,Rajasthan Royals,2021,14,11,155,147,44,1,11,6,0,0,15.5,105.44,13,222,8,340,9.19,42.5,3,0
04a418e8,R Parag,Rajasthan Royals,2021,10,10,93,83,25,2,6,4,0,0,11.62,112.05,6,37,1,73,11.84,73.0,1,0
73ad96ed,DJ Hooda,Punjab Kings,2021,12,11,160,123,64,1,9,9,1,0,16.0,130.08,7,96,2,136,8.5,68.0,1,0
a4e37e47,S Dube,Rajasthan Royals,2021,9,9,230,193,64,1,18,10,1,0,28.75,119.17,4,30,0,49,9.8,0.0,0,0
3241e3fd,N Pooran,Punjab Kings,2021,10,10,85,76,32,0,3,5,0,0,8.5,111.84,0,0,0,0,0.0,0.0,0,0
7dcb9bc9,M Shahrukh Khan,Punjab Kings,2021,10,10,153,114,47,3,9,10,0,0,21.86,134.21,0,0,0,0,0.0,0.0,0,0
1ee08e9a,JA Richardson,Punjab Kings,2021,3,2,15,24,15,0,2,0,0,0,7.5,62.5,3,66,3,117,10.64,39.0,2,0
8cf9814c,Mohammed Shami,Punjab Kings,2021,14,3,13,17,9,2,0,0,0,0,13.0,76.47,14,316,19,395,7.5,20.79,3,0
a4cc73aa,SV Samson,Rajasthan Royals,2021,14,14,484,354,119,2,45,17,2,1,40.33,136.72,0,0,0,0,0.0,0.0,0,0
c03e2850,M Vohra,Rajasthan Royals,2021,4,4,42,39,14,0,5,2,0,0,10.5,107.69,0,0,0,0,0.0,0.0,0,0
244048f6,Arshdeep Singh,Punjab Kings,2021,12,2,2,3,1,2,0,0,0,0,0.0,66.67,12,248,18,342,8.27,19.0,5,0
99b75528,JC Buttler,Rajasthan Royals,2021,7,7,254,166,124,0,27,13,0,1,36.29,153.01,0,0,0,0,0.0,0.0,0,0
64775749,RP Meredith,Punjab Kings,2021,5,0,0,0,0,0,0,0,0,0,0.0,0.0,5,102,4,169,9.94,42.25,1,0
e2db2409,M Ashwin,Punjab Kings,2021,3,2,15,24,9,0,1,0,0,0,7.5,62.5,3,66,1,97,8.82,97.0,1,0
372455c4,Q de Kock,Mumbai Indians,2021,11,11,297,256,70,1,29,7,2,0,29.7,116.02,0,0,0,0,0.0,0.0,0,0
2c25d4f5,D Padikkal,Royal Challengers Bengaluru,2021,14,14,411,328,101,1,44,14,1,1,31.62,125.3,0,0,0,0,0.0,0.0,0,0
0f721006,JO Holder,Sunrisers Hyderabad,2021,8,7,85,72,47,1,2,6,0,0,14.17,118.06,8,191,16,247,7.76,15.44,4,0
9d80c5e1,S Nadeem,Sunrisers Hyderabad,2021,1,1,0,1,0,0,0,0,0,0,0.0,0.0,1,24,1,36,9.0,36.0,1,0
1e66c162,JD Unadkat,Rajasthan Royals,2021,6,3,41,29,24,1,3,2,0,0,20.5,141.38,6,132,4,168,7.64,42.0,3,0
29e95537,AM Rahane,Delhi Capitals,2021,1,1,8,8,8,0,1,0,0,0,8.0,100.0,0,0,0,0,0.0,0.0,0,0
ad427b5c,Lalit Yadav,Delhi Capitals,2021,7,5,68,73,22,3,7,0,0,0,34.0,93.15,5,84,4,101,7.21,25.25,2,0
e62dd25d,K Rabada,Delhi Capitals,2021,15,3,13,6,9,3,2,0,0,0,0.0,216.67,15,336,15,456,8.14,30.4,3,0
d67d5f00,DA Miller,Rajasthan Royals,2021,8,8,124,113,62,3,11,3,1,0,24.8,109.73,0,0,0,0,0.0,0.0,0,0
a2f46292,KK Ahmed,Sunrisers Hyderabad,2021,7,1,1,2,1,0,0,0,0,0,1.0,50.0,7,162,5,219,8.11,43.8,3,0
7d92277a,Mujeeb Ur Rahman,Sunrisers Hyderabad,2021,1,1,1,1,1,1,0,0,0,0,0.0,100.0,1,24,2,29,7.25,14.5,2,0
f29185a1,Abhishek Sharma,Sunrisers Hyderabad,2021,8,7,98,75,33,1,7,4,0,0,16.33,130.67,6,60,4,64,6.4,16.0,2,0
350bb1b1,AF Milne,Mumbai Indians,2021,4,3,16,17,15,1,0,1,0,0,8.0,94.12,4,84,3,131,9.36,43.67,2,0
26d76ad9,Virat Singh,Sunrisers Hyderabad,2021,2,2,15,26,11,0,1,0,0,0,7.5,57.69,0,0,0,0,0.0,0.0,0,0
d3611425,LI Meriwala,Delhi Capitals,2021,1,0,0,0,0,0,0,0,0,0,0.0,0.0,1,18,1,32,10.67,32.0,1,0
249abedf,Jalaj S Saxena,Punjab Kings,2021,1,0,0,0,0,0,0,0,0,0,0.0,0.0,1,18,0,27,9.0,0.0,0,0
30a45b23,SPD Smith,Delhi Capitals,2021,7,7,152,135,39,1,13,2,0,0,25.33,112.59,0,0,0,0,0.0,0.0,0,0
81049310,J Yadav,Mumbai Indians,2021,5,2,34,26,23,0,2,1,0,0,17.0,130.77,5,102,2,130,7.65,65.0,1,0
48a1d7b7,SO Hetmyer,Delhi Capitals,2021,12,12,242,144,53,5,19,12,1,0,34.57,168.06,0,0,0,0,0.0,0.0,0,0
dcf81436,S Kaul,Sunrisers Hyderabad,2021,8,2,8,8,7,2,1,0,0,0,0.0,100.0,8,180,7,247,8.23,35.29,2,0
32198ae0,MC Henriques,Punjab Kings,2021,5,4,31,32,14,2,0,1,0,0,15.5,96.88,5,60,4,45,4.5,11.25,3,0
b52ffbbd,FA Allen,Punjab Kings,2021,4,2,6,12,6,1,0,0,0,0,6.0,50.0,3,66,1,90,8.18,90.0,1,0
d027ba9f,KS Williamson,Sunrisers Hyderabad,2021,10,10,266,235,66,4,29,2,2,0,44.33,113.19,0,0,0,0,0.0,0.0,0,0
9d430b40,SP Narine,Kolkata Knight Riders,2021,14,10,62,47,26,2,3,5,0,0,7.75,131.91,14,336,16,361,6.45,22.56,4,0
b4f5c2d9,KL Nagarkoti,Kolkata Knight Riders,2021,1,1,0,2,0,0,0,0,0,0,0.0,0.0,1,12,0,25,12.5,0.0,0,0
f834dcfc,L Ngidi,Chennai Super Kings,2021,3,0,0,0,0,0,0,0,0,0,0.0,0.0,3,72,5,125,10.42,25.0,3,0
dfc4d8b5,KW Richardson,Royal Challengers Bengaluru,2021,1,0,0,0,0,0,0,0,0,0,0.0,0.0,1,18,1,29,9.67,29.0,1,0
df064e1a,Ravi Bishnoi,Punjab Kings,2021,9,1,1,4,1,0,0,0,0,0,1.0,25.0,9,216,12,230,6.39,19.17,3,0
c38d3503,Shivam Mavi,Kolkata Knight Riders,2021,9,2,25,20,20,0,2,2,0,0,12.5,125.0,9,193,11,233,7.24,21.18,4,0
6c19c6e5,YBK Jaiswal,Rajasthan Royals,2021,10,10,249,168,50,0,32,10,1,0,24.9,148.21,0,0,0,0,0.0,0.0,0,0
21d4e29b,Navdeep Saini,Royal Challengers Bengaluru,2021,2,1,2,4,2,0,0,0,0,0,2.0,50.0,2,24,0,52,13.0,0.0,0,0
acee4cc4,Imran Tahir,Chennai Super Kings,2021,1,0,0,0,0,0,0,0,0,0,0.0,0.0,1,24,2,16,4.0,8.0,2,0
4125d931,J Suchith,Sunrisers Hyderabad,2021,2,1,14,6,14,1,2,1,0,0,0.0,233.33,2,42,0,66,9.43,0.0,0,0
2e171977,AR Patel,Delhi Capitals,2021,12,6,40,46,12,1,2,1,0,0,8.0,86.96,12,276,15,306,6.65,20.4,3,0
99d63244,KM Jadhav,Sunrisers Hyderabad,2021,5,5,55,52,19,1,2,2,0,0,13.75,105.77,0,0,0,0,0.0,0.0,0,0
ffe699c0,CJ Jordan,Punjab Kings,2021,4,2,32,21,30,0,1,3,0,0,16.0,152.38,4,72,4,96,8.0,24.0,2,0
5bb1a1c4,I Sharma,Delhi Capitals,2021,3,0,0,0,0,0,0,0,0,0,0.0,0.0,3,72,1,97,8.08,97.0,1,0
caf69bf7,DR Sams,Royal Challengers Bengaluru,2021,2,2,6,6,3,1,0,0,0,0,6.0,100.0,2,36,1,39,6.5,39.0,1,0
56ab442f,NM Coulter-Nile,Mumbai Indians,2021,5,2,4,5,3,0,0,0,0,0,2.0,80.0,5,120,7,127,6.35,18.14,4,0
9418198b,P Simran Singh,Punjab Kings,2021,2,2,19,23,12,0,1,1,0,0,9.5,82.61,0,0,0,0,0.0,0.0,0,0
c05edf8e,Harpreet Brar,Punjab Kings,2021,7,5,64,58,25,5,3,2,0,0,0.0,110.34,7,138,5,139,6.04,27.8,3,0
d2a989fc,DS Kulkarni,Mumbai Indians,2021,1,0,0,0,0,0,0,0,0,0,0.0,0.0,1,24,0,48,12.0,0.0,0,0
9219eff0,JDS Neesham,Mumbai Indians,2021,3,2,0,2,0,0,0,0,0,0,0.0,0.0,3,54,5,66,7.33,13.2,3,0
5d2eea49,Kartik Tyagi,Rajasthan Royals,2021,4,2,2,4,1,1,0,0,0,0,2.0,50.0,4,84,4,124,8.86,31.0,2,0
ad9c32a2,DJ Malan,Punjab Kings,2021,1,1,26,26,26,0,1,1,0,0,26.0,100.0,0,0,0,0,0.0,0.0,0,0
44a89551,KS Bharat,Royal Challengers Bengaluru,2021,6,6,191,156,78,1,10,8,1,0,38.2,122.44,0,0,0,0,0.0,0.0,0,0
2f9d0389,LH Ferguson,Kolkata Knight Riders,2021,8,1,18,11,18,1,1,1,0,0,0.0,163.64,8,180,13,224,7.47,17.23,3,0
dc9dd038,Sachin Baby,Royal Challengers Bengaluru,2021,1,1,7,17,7,0,0,0,0,0,7.0,41.18,0,0,0,0,0.0,0.0,0,0
a97c8ec2,PWH de Silva,Royal Challengers Bengaluru,2021,2,2,1,2,1,1,0,0,0,0,1.0,50.0,2,36,0,60,10.0,0.0,0,0
a24be938,VR Iyer,Kolkata Knight Riders,2021,10,10,370,288,67,1,37,14,4,0,41.11,128.47,4,51,3,69,8.12,23.0,2,0
81c08fa3,Umran Malik,Sunrisers Hyderabad,2021,3,0,0,0,0,0,0,0,0,0,0.0,0.0,3,72,2,96,8.0,48.0,1,0
98ae73b1,PP Chawla,Mumbai Indians,2021,1,1,0,2,0,0,0,0,0,0,0.0,0.0,1,24,1,38,9.5,38.0,1,0
d1c36f5c,JJ Roy,Sunrisers Hyderabad,2021,5,5,150,121,60,0,21,1,1,0,30.0,123.97,0,0,0,0,0.0,0.0,0,0
bb965e9a,PK Garg,Sunrisers Hyderabad,2021,5,5,72,74,29,0,2,3,0,0,14.4,97.3,0,0,0,0,0.0,0.0,0,0
b483905d,Akash Singh,Rajasthan Royals,2021,1,0,0,0,0,0,0,0,0,0,0.0,0.0,1,24,0,39,9.75,0.0,0,0
a9fd84fb,M Markande,Rajasthan Royals,2021,1,0,0,0,0,0,0,0,0,0,0.0,0.0,1,18,0,26,8.67,0.0,0,0
9a46c4e5,GD Phillips,Rajasthan Royals,2021,3,3,26,33,14,1,1,2,0,0,13.0,78.79,2,12,1,20,10.0,20.0,1,0
0ebfb1ad,E Lewis,Rajasthan Royals,2021,5,5,151,93,58,0,18,7,1,0,30.2,162.37,0,0,0,0,0.0,0.0,0,0
03806cf8,JR Hazlewood,Chennai Super Kings,2021,9,0,0,0,0,0,0,0,0,0,0.0,0.0,9,210,11,293,8.37,26.64,3,0
798cc28e,KM Asif,Chennai Super Kings,2021,1,0,0,0,0,0,0,0,0,0,0.0,0.0,1,13,1,18,8.31,18.0,1,0
6a26221c,AK Markram,Punjab Kings,2021,6,6,146,119,42,1,12,4,0,0,29.2,122.69,2,24,0,23,5.75,0.0,0,0
be869ccf,GHS Garton,Royal Challengers Bengaluru,2021,5,2,2,4,2,1,0,0,0,0,2.0,50.0,5,90,3,135,9.0,45.0,1,0
f088b960,SN Khan,Punjab Kings,2021,2,2,0,4,0,0,0,0,0,0,0.0,0.0,0,0,0,0,0.0,0.0,0,0
cdc6bdba,S Sandeep Warrier,Kolkata Knight Riders,2021,1,0,0,0,0,0,0,0,0,0,0.0,0.0,1,12,0,15,7.5,0.0,0,0
13c35c9e,TG Southee,Kolkata Knight Riders,2021,3,1,3,5,3,0,0,0,0,0,3.0,60.0,3,72,3,95,7.92,31.67,2,0
85ec8e33,SS Iyer,Delhi Capitals,2021,8,8,175,171,47,3,7,5,0,0,35.0,102.34,0,0,0,0,0.0,0.0,0,0
acdc62f5,A Nortje,Delhi Capitals,2021,8,0,0,0,0,0,0,0,0,0,0.0,0.0,8,182,12,187,6.16,15.58,2,0
030f3089,K Yadav,Rajasthan Royals,2021,1,1,0,4,0,1,0,0,0,0,0.0,0.0,1,12,0,16,8.0,0.0,0,0
1c17e270,RV Uthappa,Chennai Super Kings,2021,4,4,115,84,63,0,8,5,1,0,28.75,136.9,0,0,0,0,0.0,0.0,0,0
709b0bac,SS Tiwary,Mumbai Indians,2021,4,4,115,97,50,2,10,2,1,0,57.5,118.56,0,0,0,0,0.0,0.0,0,0
da934ee8,MK Lomror,Rajasthan Royals,2021,4,4,94,73,43,1,3,6,0,0,31.33,128.77,4,42,1,47,6.71,47.0,1,0
a03bba42,T Shamsi,Rajasthan Royals,2021,1,1,2,4,2,1,0,0,0,0,0.0,50.0,1,24,0,34,8.5,0.0,0,0
50c6bc2b,LS Livingstone,Rajasthan Royals,2021,5,5,42,41,25,0,3,1,0,0,8.4,102.44,0,0,0,0,0.0,0.0,0,0
c3a96caf,Mandeep Singh,Punjab Kings,2021,1,1,15,14,15,0,2,0,0,0,15.0,107.14,0,0,0,0,0.0,0.0,0,0
9eb1455b,NT Ellis,Punjab Kings,2021,3,2,18,16,12,1,0,1,0,0,18.0,112.5,3,66,1,90,8.18,90.0,1,0
60500956,RV Patel,Delhi Capitals,2021,2,2,25,27,18,1,3,0,0,0,25.0,92.59,1,18,0,22,7.33,0.0,0,0
4663bd23,TL Seifert,Kolkata Knight Riders,2021,1,1,2,4,2,0,0,0,0,0,2.0,50.0,0,0,0,0,0.0,0.0,0,0
1399b39c,Anmolpreet Singh,Mumbai Indians,2021,1,1,16,14,16,0,2,1,0,0,16.0,114.29,0,0,0,0,0.0,0.0,0,0
c8f5f961,Anuj Rawat,Rajasthan Royals,2021,1,1,0,1,0,0,0,0,0,0,0.0,0.0,0,0,0,0,0.0,0.0,0,0
fdf7491e,IC Porel,Punjab Kings,2021,1,0,0,0,0,0,0,0,0,0,0.0,0.0,1,24,1,39,9.75,39.0,1,0
249d60c9,AU Rashid,Punjab Kings,2021,1,0,0,0,0,0,0,0,0,0,0.0,0.0,1,18,0,35,11.67,0.0,0,0
f1f99156,TH David,Royal Challengers Bengaluru,2021,1,1,1,3,1,0,0,0,0,0,1.0,33.33,0,0,0,0,0.0,0.0,0,0
45a43fe2,RD Gaikwad,Chennai Super Kings,2022,14,14,368,291,99,0,33,14,3,0,26.29,126.46,0,0,0,0,0.0,0.0,0,0
cc1e8c68,UT Yadav,Kolkata Knight Riders,2022,12,7,55,40,21,3,4,4,0,0,13.75,137.5,12,288,16,339,7.06,21.19,4,0
1c17e270,RV Uthappa,Chennai Super Kings,2022,11,11,230,171,88,0,19,14,2,0,20.91,134.5,0,0,0,0,0.0,0.0,0,0
df5a6881,DP Conway,Chennai Super Kings,2022,7,7,252,173,87,1,23,12,3,0,42.0,145.66,0,0,0,0,0.0,0.0,0,0
c38d3503,Shivam Mavi,Kolkata Knight Riders,2022,6,3,3,7,2,1,0,0,0,0,1.5,42.86,6,132,5,227,10.32,45.4,1,0
70d205c9,AT Rayudu,Chennai Super Kings,2022,11,11,274,224,78,0,25,15,1,0,24.91,122.32,0,0,0,0,0.0,0.0,0,0
5b7ab5a9,CV Varun,Kolkata Knight Riders,2022,11,3,12,18,10,3,2,0,0,0,0.0,66.67,11,234,6,332,8.51,55.33,1,0
9d430b40,SP Narine,Kolkata Knight Riders,2022,14,9,71,40,22,2,6,6,0,0,10.14,177.5,14,336,9,312,5.57,34.67,2,0
fe93fd9d,RA Jadeja,Chennai Super Kings,2022,10,10,116,98,26,4,6,5,0,0,19.33,118.37,10,198,5,248,7.52,49.6,3,0
a4e37e47,S Dube,Chennai Super Kings,2022,11,11,289,185,95,1,22,16,2,0,28.9,156.22,2,12,0,36,18.0,0.0,0,0
bbd41817,AD Russell,Kolkata Knight Riders,2022,13,12,335,192,70,3,18,32,1,0,37.22,174.48,13,169,17,278,9.87,16.35,4,0
4a8a2e3b,MS Dhoni,Chennai Super Kings,2022,12,12,232,188,50,5,21,10,1,0,33.14,123.4,0,0,0,0,0.0,0.0,0,0
29e95537,AM Rahane,Kolkata Knight Riders,2022,7,7,133,128,44,0,14,4,0,0,19.0,103.91,0,0,0,0,0.0,0.0,0,0
46a9bea1,TU Deshpande,Chennai Super Kings,2022,2,0,0,0,0,0,0,0,0,0,0.0,0.0,2,42,1,63,9.0,63.0,1,0
a24be938,VR Iyer,Kolkata Knight Riders,2022,12,12,182,169,50,1,17,7,1,0,16.55,107.69,4,24,0,46,11.5,0.0,0,0
350bb1b1,AF Milne,Chennai Super Kings,2022,1,0,0,0,0,0,0,0,0,0,0.0,0.0,1,15,0,19,7.6,0.0,0,0
e4a0deae,MJ Santner,Chennai Super Kings,2022,6,4,22,27,11,2,3,0,0,0,11.0,81.48,6,114,4,130,6.84,32.5,1,0
87e562a9,DJ Bravo,Chennai Super Kings,2022,10,6,23,24,12,4,1,1,0,0,11.5,95.83,10,206,16,299,8.71,18.69,3,0
fb2d1dda,N Rana,Kolkata Knight Riders,2022,14,14,361,251,57,1,29,22,2,0,27.77,143.82,2,12,0,23,11.5,0.0,0,0
85ec8e33,SS Iyer,Kolkata Knight Riders,2022,14,14,401,298,85,1,41,11,3,0,30.85,134.56,1,6,0,7,7.0,0.0,0,0
c16d4035,SW Billings,Kolkata Knight Riders,2022,8,8,169,138,36,1,9,10,0,0,24.14,122.46,0,0,0,0,0.0,0.0,0,0
acc1aeda,SP Jackson,Kolkata Knight Riders,2022,5,5,23,26,8,1,0,1,0,0,5.75,88.46,0,0,0,0,0.0,0.0,0,0
740742ef,RG Sharma,Mumbai Indians,2022,14,14,268,223,48,0,28,13,0,0,19.14,120.18,0,0,0,0,0.0,0.0,0,0
1abb78f8,SN Thakur,Delhi Capitals,2022,14,10,120,87,29,2,7,7,0,0,15.0,137.93,14,290,15,473,9.79,31.53,4,0
752f7486,Ishan Kishan,Mumbai Indians,2022,14,14,418,348,81,1,45,11,3,0,32.15,120.11,0,0,0,0,0.0,0.0,0,0
a2f46292,KK Ahmed,Delhi Capitals,2022,10,2,0,2,0,0,0,0,0,0,0.0,0.0,10,235,16,315,8.04,19.69,3,0
2e171977,AR Patel,Delhi Capitals,2022,13,10,182,120,42,6,12,10,0,0,45.5,151.67,13,258,6,321,7.47,53.5,2,0
b4f5c2d9,KL Nagarkoti,Delhi Capitals,2022,1,0,0,0,0,0,0,0,0,0,0.0,0.0,1,12,0,29,14.5,0.0,0,0
8d2c70ad,Kuldeep Yadav,Delhi Capitals,2022,14,7,48,52,16,6,3,2,0,0,48.0,92.31,14,298,21,419,8.44,19.95,4,0
1399b39c,Anmolpreet Singh,Mumbai Indians,2022,2,2,13,13,8,0,1,0,0,0,6.5,100.0,0,0,0,0,0.0,0.0,0,0
b0482a1d,Tilak Varma,Mumbai Indians,2022,14,14,397,303,61,3,29,16,2,0,36.09,131.02,2,12,0,13,6.5,0.0,0,0
ad427b5c,Lalit Yadav,Delhi Capitals,2022,10,8,161,146,48,1,11,7,0,0,23.0,110.27,8,108,4,150,8.33,37.5,2,0
a757b0d8,KA Pollard,Mumbai Indians,2022,11,11,144,134,25,1,6,9,0,0,14.4,107.46,6,84,4,125,8.93,31.25,2,0
f1f99156,TH David,Mumbai Indians,2022,8,8,186,86,46,3,12,16,0,0,37.2,216.28,0,0,0,0,0.0,0.0,0,0
caf69bf7,DR Sams,Mumbai Indians,2022,11,10,38,36,15,3,1,3,0,0,5.43,105.56,11,252,13,370,8.81,28.46,4,0
8b3e9c7c,PP Shaw,Delhi Capitals,2022,10,10,283,185,61,0,37,10,2,0,28.3,152.97,0,0,0,0,0.0,0.0,0,0
4663bd23,TL Seifert,Delhi Capitals,2022,2,2,24,19,21,0,4,0,0,0,12.0,126.32,0,0,0,0,0.0,0.0,0,0
462411b3,JJ Bumrah,Mumbai Indians,2022,14,4,0,8,0,3,0,0,0,0,0.0,0.0,14,320,15,383,7.18,25.53,5,0
871e9faf,Basil Thampi,Mumbai Indians,2022,5,0,0,0,0,0,0,0,0,0,0.0,0.0,5,96,5,152,9.5,30.4,3,0
e2db2409,M Ashwin,Mumbai Indians,2022,8,4,12,14,6,1,1,1,0,0,4.0,85.71,8,174,9,228,7.86,25.33,2,0
c3a96caf,Mandeep Singh,Delhi Capitals,2022,3,3,18,23,18,0,4,0,0,0,6.0,78.26,0,0,0,0,0.0,0.0,0,0
919a3be2,RR Pant,Delhi Capitals,2022,13,13,340,224,44,2,35,16,0,0,30.91,151.79,0,0,0,0,0.0,0.0,0,0
245c97cb,TS Mills,Mumbai Indians,2022,5,2,0,3,0,1,0,0,0,0,0.0,0.0,5,102,6,190,11.18,31.67,3,0
650d5e49,R Powell,Delhi Capitals,2022,12,12,250,167,67,2,10,22,1,0,25.0,149.7,1,6,0,17,17.0,0.0,0,0
3355b542,F du Plessis,Royal Challengers Bengaluru,2022,16,16,468,367,96,1,49,13,3,0,31.2,127.52,0,0,0,0,0.0,0.0,0,0
ce820073,Sandeep Sharma,Punjab Kings,2022,5,0,0,0,0,0,0,0,0,0,0.0,0.0,5,120,2,153,7.65,76.5,1,0
c8f5f961,Anuj Rawat,Royal Challengers Bengaluru,2022,8,8,129,118,66,0,10,7,1,0,16.12,109.32,0,0,0,0,0.0,0.0,0,0
244048f6,Arshdeep Singh,Punjab Kings,2022,14,6,21,29,10,3,3,0,0,0,7.0,72.41,14,300,10,385,7.7,38.5,3,0
23cca426,OF Smith,Punjab Kings,2022,6,6,51,44,25,3,1,5,0,0,17.0,115.91,6,90,6,178,11.87,29.67,4,0
2ed569a0,RD Chahar,Punjab Kings,2022,13,8,77,68,25,2,7,4,0,0,12.83,113.24,13,280,14,360,7.71,25.71,3,0
c05edf8e,Harpreet Brar,Punjab Kings,2022,5,3,22,25,14,0,1,2,0,0,7.33,88.0,5,96,4,146,9.12,36.5,3,0
ba607b88,V Kohli,Royal Challengers Bengaluru,2022,16,16,341,294,73,1,32,8,2,0,22.73,115.99,0,0,0,0,0.0,0.0,0,0
50c6bc2b,LS Livingstone,Punjab Kings,2022,14,14,437,240,70,2,29,34,4,0,36.42,182.08,12,138,6,202,8.78,33.67,3,0
c03f1114,KD Karthik,Royal Challengers Bengaluru,2022,16,16,330,180,66,10,27,22,1,0,55.0,183.33,0,0,0,0,0.0,0.0,0,0
00ea847a,MA Agarwal,Punjab Kings,2022,12,12,196,160,52,0,23,6,1,0,16.33,122.5,0,0,0,0,0.0,0.0,0,0
7f048519,DJ Willey,Royal Challengers Bengaluru,2022,4,2,18,30,18,0,3,0,0,0,9.0,60.0,4,66,1,72,6.55,72.0,1,0
0a476045,S Dhawan,Punjab Kings,2022,14,14,460,375,88,2,47,12,3,0,38.33,122.67,0,0,0,0,0.0,0.0,0,0
2f49c897,Mohammed Siraj,Royal Challengers Bengaluru,2022,15,4,30,33,14,2,5,0,0,0,15.0,90.91,15,306,9,514,10.08,57.11,2,0
f9e6e7ef,Shahbaz Ahmed,Royal Challengers Bengaluru,2022,16,11,219,181,45,3,14,9,0,0,27.38,120.99,14,210,4,336,9.6,84.0,2,0
0a67aec0,Akash Deep,Royal Challengers Bengaluru,2022,5,1,0,2,0,0,0,0,0,0,0.0,0.0,5,113,5,205,10.88,41.0,3,0
a97c8ec2,PWH de Silva,Royal Challengers Bengaluru,2022,16,7,38,43,18,0,4,1,0,0,5.43,88.37,16,342,26,430,7.54,16.54,5,0
6c882e9a,PBB Rajapaksa,Punjab Kings,2022,9,9,206,129,43,0,16,13,0,0,22.89,159.69,0,0,0,0,0.0,0.0,0,0
f986ca1a,HV Patel,Royal Challengers Bengaluru,2022,15,7,43,39,11,3,4,2,0,0,10.75,110.26,15,321,19,410,7.66,21.58,4,0
ba6b2f91,RA Bawa,Punjab Kings,2022,2,2,11,14,11,0,1,0,0,0,5.5,78.57,0,0,0,0,0.0,0.0,0,0
7dcb9bc9,M Shahrukh Khan,Punjab Kings,2022,8,8,117,108,26,1,4,9,0,0,16.71,108.33,0,0,0,0,0.0,0.0,0,0
b17e2f24,KL Rahul,Lucknow Super Giants,2022,14,14,616,455,103,3,45,30,4,2,56.0,135.38,0,0,0,0,0.0,0.0,0,0
8cf9814c,Mohammed Shami,Gujarat Titans,2022,16,0,0,0,0,0,0,0,0,0,0.0,0.0,16,366,20,488,8.0,24.4,3,0
0ebfb1ad,E Lewis,Lucknow Super Giants,2022,5,5,73,56,55,2,8,3,1,0,24.33,130.36,0,0,0,0,0.0,0.0,0,0
372455c4,Q de Kock,Lucknow Super Giants,2022,15,15,508,341,140,1,47,23,3,1,36.29,148.97,0,0,0,0,0.0,0.0,0,0
0a3d54b9,VR Aaron,Gujarat Titans,2022,2,0,0,0,0,0,0,0,0,0,0.0,0.0,2,30,2,52,10.4,26.0,2,0
93b4fc78,MK Pandey,Lucknow Super Giants,2022,6,6,88,80,38,0,9,2,0,0,14.67,110.0,0,0,0,0,0.0,0.0,0,0
73ad96ed,DJ Hooda,Lucknow Super Giants,2022,14,14,451,330,59,0,36,18,4,0,32.21,136.67,2,24,1,43,10.75,43.0,1,0
872b03f7,A Badoni,Lucknow Super Giants,2022,11,11,161,130,54,3,11,7,1,0,20.12,123.85,2,12,2,11,5.5,5.5,1,0
2f9d0389,LH Ferguson,Gujarat Titans,2022,13,2,5,4,5,0,1,0,0,0,2.5,125.0,13,286,12,427,8.96,35.58,4,0
dbe50b21,HH Pandya,Gujarat Titans,2022,15,15,487,371,87,4,49,12,4,0,44.27,131.27,10,183,8,222,7.28,27.75,3,0
5f547c8b,Rashid Khan,Gujarat Titans,2022,16,8,91,44,40,4,3,9,0,0,22.75,206.82,16,383,19,421,6.6,22.16,4,0
5b8c830e,KH Pandya,Lucknow Super Giants,2022,14,13,183,145,42,4,16,4,0,0,20.33,126.21,12,228,10,265,6.97,26.5,3,0
327b58d3,PVD Chameera,Lucknow Super Giants,2022,12,7,43,28,17,3,3,3,0,0,10.75,153.57,12,264,9,384,8.73,42.67,2,0
b4b99816,Shubman Gill,Gujarat Titans,2022,16,16,483,365,96,2,51,11,4,0,34.5,132.33,0,0,0,0,0.0,0.0,0,0
0994d0ae,V Shankar,Gujarat Titans,2022,4,4,19,35,13,0,1,0,0,0,4.75,54.29,2,9,0,15,10.0,0.0,0,0
afa7e784,MS Wade,Gujarat Titans,2022,10,10,157,138,35,0,23,2,0,0,15.7,113.77,0,0,0,0,0.0,0.0,0,0
eef2536f,Avesh Khan,Lucknow Super Giants,2022,13,4,22,13,12,3,0,3,0,0,22.0,169.23,13,286,18,416,8.73,23.11,4,0
c33d8116,Mohsin Khan,Lucknow Super Giants,2022,9,3,23,16,13,2,2,1,0,0,23.0,143.75,9,198,14,197,5.97,14.07,4,0
df064e1a,Ravi Bishnoi,Lucknow Super Giants,2022,14,1,0,1,0,1,0,0,0,0,0.0,0.0,14,324,13,456,8.44,35.08,2,0
d67d5f00,DA Miller,Gujarat Titans,2022,16,16,481,337,94,9,32,23,2,0,68.71,142.73,0,0,0,0,0.0,0.0,0,0
39a2dfa8,R Tewatia,Gujarat Titans,2022,13,12,217,147,43,5,22,9,0,0,31.0,147.62,5,36,0,76,12.67,0.0,0,0
0890552f,A Manohar,Gujarat Titans,2022,7,7,108,75,43,1,14,3,0,0,18.0,144.0,0,0,0,0,0.0,0.0,0,0
99b75528,JC Buttler,Rajasthan Royals,2022,17,17,863,579,116,2,84,45,4,4,57.53,149.05,0,0,0,0,0.0,0.0,0,0
2e81a32d,B Kumar,Sunrisers Hyderabad,2022,14,6,24,26,8,3,3,0,0,0,8.0,92.31,14,313,12,383,7.34,31.92,3,0
6c19c6e5,YBK Jaiswal,Rajasthan Royals,2022,10,10,258,194,68,0,28,10,2,0,25.8,132.99,1,1,0,6,36.0,0.0,0,0
c5aef772,R Shepherd,Sunrisers Hyderabad,2022,3,3,58,41,26,1,2,5,0,0,29.0,141.46,3,54,3,98,10.89,32.67,2,0
81c08fa3,Umran Malik,Sunrisers Hyderabad,2022,14,4,4,8,3,3,0,0,0,0,4.0,50.0,14,295,22,444,9.03,20.18,5,0
f19ccfad,Washington Sundar,Sunrisers Hyderabad,2022,9,7,101,69,40,0,9,3,0,0,14.43,146.38,8,168,6,239,8.54,39.83,2,0
ce794613,T Natarajan,Sunrisers Hyderabad,2022,11,0,0,0,0,0,0,0,0,0,0.0,0.0,11,258,18,406,9.44,22.56,3,0
a4cc73aa,SV Samson,Rajasthan Royals,2022,17,17,458,312,55,1,43,26,2,0,28.62,146.79,0,0,0,0,0.0,0.0,0,0
f29185a1,Abhishek Sharma,Sunrisers Hyderabad,2022,14,14,426,320,75,0,47,13,2,0,30.43,133.12,3,24,0,38,9.5,0.0,0,0
2c25d4f5,D Padikkal,Rajasthan Royals,2022,17,17,376,306,54,0,41,14,1,0,22.12,122.88,0,0,0,0,0.0,0.0,0,0
48a1d7b7,SO Hetmyer,Rajasthan Royals,2022,15,15,314,204,59,8,21,21,1,0,44.86,153.92,0,0,0,0,0.0,0.0,0,0
04a418e8,R Parag,Rajasthan Royals,2022,15,14,183,132,56,3,11,10,1,0,16.64,138.64,4,24,1,59,14.75,59.0,1,0
56ab442f,NM Coulter-Nile,Rajasthan Royals,2022,1,1,1,2,1,1,0,0,0,0,0.0,50.0,1,18,0,48,16.0,0.0,0,0
d027ba9f,KS Williamson,Sunrisers Hyderabad,2022,12,12,216,231,57,2,16,8,1,0,21.6,93.51,0,0,0,0,0.0,0.0,0,0
a818c1be,TA Boult,Rajasthan Royals,2022,16,7,40,29,17,5,2,1,0,0,20.0,137.93,16,372,16,492,7.94,30.75,2,0
85e0cf10,M Prasidh Krishna,Rajasthan Royals,2022,17,2,6,12,4,1,0,0,0,0,6.0,50.0,17,399,19,551,8.29,29.0,3,0
77255a9e,RA Tripathi,Sunrisers Hyderabad,2022,14,14,413,261,76,2,40,20,3,0,34.42,158.24,0,0,0,0,0.0,0.0,0,0
3241e3fd,N Pooran,Sunrisers Hyderabad,2022,13,13,306,212,64,5,16,21,2,0,38.25,144.34,0,0,0,0,0.0,0.0,0,0
6a26221c,AK Markram,Sunrisers Hyderabad,2022,13,12,381,274,68,4,25,19,3,0,47.62,139.05,4,36,1,64,10.67,64.0,1,0
495d42a5,R Ashwin,Rajasthan Royals,2022,17,12,191,135,50,5,14,9,1,0,27.29,141.48,17,402,12,503,7.51,41.92,3,0
57ee1fde,YS Chahal,Rajasthan Royals,2022,17,1,5,8,5,0,0,0,0,0,5.0,62.5,17,408,27,527,7.75,19.52,5,0
8e514b4c,Abdul Samad,Sunrisers Hyderabad,2022,2,2,4,7,4,0,0,0,0,0,2.0,57.14,1,6,0,8,8.0,0.0,0,0
13c35c9e,TG Southee,Kolkata Knight Riders,2022,9,5,2,12,1,1,0,0,0,0,0.5,16.67,9,210,14,275,7.86,19.64,3,0
d014d5ac,SE Rutherford,Royal Challengers Bengaluru,2022,2,2,33,50,28,0,1,1,0,0,16.5,66.0,0,0,0,0,0.0,0.0,0,0
7c7d63a2,AJ Tye,Lucknow Super Giants,2022,3,0,0,0,0,0,0,0,0,0,0.0,0.0,3,66,2,107,9.73,53.5,2,0
bb351c23,MM Ali,Chennai Super Kings,2022,10,10,244,177,93,0,24,11,1,0,24.4,137.85,10,143,8,158,6.63,19.75,3,0
11614d87,D Pretorius,Chennai Super Kings,2022,6,5,44,28,22,1,3,3,0,0,11.0,157.14,6,126,6,210,10.0,35.0,2,0
765a4731,Mukesh Choudhary,Chennai Super Kings,2022,13,2,6,6,4,1,1,0,0,0,6.0,100.0,13,273,16,424,9.32,26.5,4,0
e62dd25d,K Rabada,Punjab Kings,2022,13,7,48,43,25,2,5,2,0,0,9.6,111.63,13,288,23,406,8.46,17.65,4,0
21d4e29b,Navdeep Saini,Rajasthan Royals,2022,2,1,2,2,2,0,0,0,0,0,2.0,100.0,2,36,3,72,12.0,24.0,2,0
0a8fce53,Mustafizur Rahman,Delhi Capitals,2022,8,1,3,5,3,1,0,0,0,0,0.0,60.0,8,192,8,244,7.62,30.5,3,0
ffe699c0,CJ Jordan,Chennai Super Kings,2022,4,2,11,8,6,1,0,0,0,0,11.0,137.5,4,77,2,135,10.52,67.5,2,0
800d2d97,JM Sharma,Punjab Kings,2022,10,10,234,143,44,2,22,12,0,0,29.25,163.64,0,0,0,0,0.0,0.0,0,0
7c3b3b78,VG Arora,Punjab Kings,2022,5,4,5,13,2,2,0,0,0,0,2.5,38.46,5,107,3,164,9.2,54.67,2,0
0f721006,JO Holder,Lucknow Super Giants,2022,12,8,58,44,16,2,2,6,0,0,9.67,131.82,12,249,14,391,9.42,27.93,3,0
b8527c3d,Rasikh Salam,Kolkata Knight Riders,2022,2,1,7,6,7,0,1,0,0,0,7.0,116.67,2,24,0,28,7.0,0.0,0,0
844e79d1,D Brevis,Mumbai Indians,2022,7,7,161,113,49,0,14,11,0,0,23.0,142.48,1,3,1,8,16.0,8.0,1,0
ded9240e,PJ Cummins,Kolkata Knight Riders,2022,5,5,63,24,56,1,5,6,1,0,15.75,262.5,5,119,7,212,10.69,30.29,3,0
271f83cd,SA Yadav,Mumbai Indians,2022,8,8,303,208,68,1,23,16,3,0,43.29,145.67,0,0,0,0,0.0,0.0,0,0
dcce6f09,DA Warner,Delhi Capitals,2022,12,12,432,287,92,3,52,15,5,0,48.0,150.52,0,0,0,0,0.0,0.0,0,0
90de905a,K Gowtham,Lucknow Super Giants,2022,4,1,0,1,0,0,0,0,0,0,0.0,0.0,4,72,5,99,8.25,19.8,2,0
f088b960,SN Khan,Delhi Capitals,2022,5,5,91,67,36,2,9,2,0,0,30.33,135.82,0,0,0,0,0.0,0.0,0,0
acdc62f5,A Nortje,Delhi Capitals,2022,6,1,1,6,1,1,0,0,0,0,0.0,16.67,6,134,9,217,9.72,24.11,3,0
abb83e27,JM Bairstow,Punjab Kings,2022,11,11,253,175,66,0,34,9,2,0,23.0,144.57,0,0,0,0,0.0,0.0,0,0
cd8d2859,DG Nalkande,Gujarat Titans,2022,2,0,0,0,0,0,0,0,0,0,0.0,0.0,2,31,2,59,11.42,29.5,2,0
d5130a30,B Sai Sudharsan,Gujarat Titans,2022,5,5,145,114,65,1,14,3,1,0,36.25,127.19,0,0,0,0,0.0,0.0,0,0
81c36ee9,M Jansen,Sunrisers Hyderabad,2022,8,2,9,7,8,1,0,1,0,0,9.0,128.57,8,192,7,274,8.56,39.14,3,0
f24c6701,M Theekshana,Chennai Super Kings,2022,9,2,7,7,7,1,0,1,0,0,7.0,100.0,9,210,12,261,7.46,21.75,4,0
be24ead0,Ramandeep Singh,Mumbai Indians,2022,5,4,45,40,14,2,3,1,0,0,22.5,112.5,3,36,6,54,9.0,9.0,3,0
1e66c162,JD Unadkat,Mumbai Indians,2022,5,5,59,37,19,2,4,3,0,0,19.67,159.46,5,120,6,190,9.5,31.67,2,0
b681e71e,GJ Maxwell,Royal Challengers Bengaluru,2022,13,13,301,178,55,2,31,15,1,0,27.36,169.1,10,144,6,165,6.88,27.5,2,0
9948e262,HE van der Dussen,Rajasthan Royals,2022,3,3,22,24,12,1,2,0,0,0,11.0,91.67,0,0,0,0,0.0,0.0,0,0
2e78f685,KR Sen,Rajasthan Royals,2022,7,1,0,3,0,1,0,0,0,0,0.0,0.0,7,151,8,237,9.42,29.62,4,0
d9273ee7,MP Stoinis,Lucknow Super Giants,2022,11,10,156,106,38,2,7,13,0,0,19.5,147.17,5,42,4,79,11.29,19.75,3,0
03806cf8,JR Hazlewood,Royal Challengers Bengaluru,2022,12,5,18,26,7,5,1,0,0,0,0.0,69.23,12,279,20,377,8.11,18.85,4,0
9385de2e,SS Prabhudessai,Royal Challengers Bengaluru,2022,5,5,67,59,34,0,7,2,0,0,13.4,113.56,0,0,0,0,0.0,0.0,0,0
9219eff0,JDS Neesham,Rajasthan Royals,2022,2,2,31,27,17,0,3,0,0,0,15.5,114.81,1,18,0,29,9.67,0.0,0,0
7210d461,Yash Dayal,Gujarat Titans,2022,9,1,0,1,0,0,0,0,0,0,0.0,0.0,9,192,11,296,9.25,26.91,3,0
b8d490fd,AJ Finch,Kolkata Knight Riders,2022,5,5,86,61,58,0,10,3,1,0,17.2,140.98,0,0,0,0,0.0,0.0,0,0
26989d80,Shashank Singh,Sunrisers Hyderabad,2022,6,5,69,47,25,1,5,4,0,0,17.25,146.81,2,12,0,20,10.0,0.0,0,0
4125d931,J Suchith,Sunrisers Hyderabad,2022,5,2,2,8,2,0,0,0,0,0,1.0,25.0,5,108,7,140,7.78,20.0,2,0
378daa89,Aman Hakim Khan,Kolkata Knight Riders,2022,1,1,5,3,5,0,1,0,0,0,5.0,166.67,1,6,0,13,13.0,0.0,0,0
b52ffbbd,FA Allen,Mumbai Indians,2022,1,1,8,7,8,0,1,0,0,0,8.0,114.29,1,24,1,46,11.5,46.0,1,0
3d8feaf8,MR Marsh,Delhi Capitals,2022,8,8,251,189,89,0,19,14,2,0,31.38,132.8,4,72,4,102,8.5,25.5,2,0
9418198b,P Simran Singh,Punjab Kings,2022,1,1,14,11,14,0,2,0,0,0,14.0,127.27,0,0,0,0,0.0,0.0,0,0
b0946605,AS Joseph,Gujarat Titans,2022,9,3,5,7,4,2,0,0,0,0,5.0,71.43,9,180,7,264,8.8,37.71,2,0
fe11caa6,WP Saha,Gujarat Titans,2022,11,11,317,259,68,1,40,7,3,0,31.7,122.39,0,0,0,0,0.0,0.0,0,0
944533a5,KK Nair,Rajasthan Royals,2022,2,2,16,18,13,0,1,0,0,0,8.0,88.89,0,0,0,0,0.0,0.0,0,0
529eb9e0,OC McCoy,Rajasthan Royals,2022,7,1,8,5,8,0,0,1,0,0,8.0,160.0,7,155,11,237,9.17,21.55,3,0
9eb1455b,NT Ellis,Punjab Kings,2022,2,1,0,2,0,0,0,0,0,0,0.0,0.0,2,36,3,55,9.17,18.33,3,0
0c9652b0,HR Shokeen,Mumbai Indians,2022,5,2,43,48,25,0,5,0,0,0,21.5,89.58,5,90,2,127,8.47,63.5,2,0
64775749,RP Meredith,Mumbai Indians,2022,8,1,0,1,0,1,0,0,0,0,0.0,0.0,8,168,8,236,8.43,29.5,2,0
0a509d6b,RK Singh,Kolkata Knight Riders,2022,7,7,174,117,42,2,17,7,0,0,34.8,148.72,0,0,0,0,0.0,0.0,0,0
26a85969,R Dhawan,Punjab Kings,2022,6,4,37,40,21,2,4,2,0,0,18.5,92.5,6,114,6,156,8.21,26.0,2,0
eade4650,DJ Mitchell,Rajasthan Royals,2022,2,2,33,44,17,0,1,0,0,0,16.5,75.0,2,12,0,27,13.5,0.0,0,0
c740ea83,RM Patidar,Royal Challengers Bengaluru,2022,7,7,333,218,112,1,27,18,2,1,55.5,152.75,0,0,0,0,0.0,0.0,0,0
2cdce1be,C Sakariya,Delhi Capitals,2022,3,0,0,0,0,0,0,0,0,0,0.0,0.0,3,66,3,84,7.64,28.0,2,0
ff1e68fa,B Indrajith,Kolkata Knight Riders,2022,3,3,21,30,15,0,2,0,0,0,7.0,70.0,0,0,0,0,0.0,0.0,0,0
77b1aa15,Harshit Rana,Kolkata Knight Riders,2022,2,2,2,2,2,1,0,0,0,0,2.0,100.0,2,30,1,51,10.2,51.0,1,0
9fc0ef64,PJ Sangwan,Gujarat Titans,2022,3,1,2,5,2,0,0,0,0,0,2.0,40.0,3,54,3,65,7.22,21.67,2,0
da934ee8,MK Lomror,Royal Challengers Bengaluru,2022,7,5,86,57,42,0,7,4,0,0,17.2,150.88,2,12,0,18,9.0,0.0,0,0
f6d8a7ab,K Kartikeya,Mumbai Indians,2022,4,1,3,5,3,0,0,0,0,0,3.0,60.0,4,78,5,102,7.85,20.4,2,0
30df8c66,Simarjeet Singh,Chennai Super Kings,2022,6,3,7,8,3,2,0,0,0,0,7.0,87.5,6,108,4,138,7.67,34.5,2,0
e4cdf230,AS Roy,Kolkata Knight Riders,2022,2,1,0,2,0,0,0,0,0,0,0.0,0.0,2,42,1,55,7.86,55.0,1,0
1a2676c5,SA Abbott,Sunrisers Hyderabad,2022,1,1,7,5,7,0,0,1,0,0,7.0,140.0,1,24,1,47,11.75,47.0,1,0
5d2eea49,Kartik Tyagi,Sunrisers Hyderabad,2022,2,2,7,6,7,0,1,0,0,0,3.5,116.67,2,48,1,79,9.88,79.0,1,0
7a8bd078,S Gopal,Sunrisers Hyderabad,2022,1,1,9,7,9,1,2,0,0,0,0.0,128.57,1,18,1,34,11.33,34.0,1,0
e9c7f0d0,Fazalhaq Farooqi,Sunrisers Hyderabad,2022,3,1,2,8,2,1,0,0,0,0,0.0,25.0,3,72,2,110,9.17,55.0,2,0
44a89551,KS Bharat,Delhi Capitals,2022,2,2,8,7,8,0,2,0,0,0,4.0,114.29,0,0,0,0,0.0,0.0,0,0
60500956,RV Patel,Delhi Capitals,2022,1,1,6,3,6,0,0,1,0,0,6.0,200.0,0,0,0,0,0.0,0.0,0,0
39ed0d2f,KS Sharma,Lucknow Super Giants,2022,1,1,4,4,4,0,1,0,0,0,4.0,100.0,0,0,0,0,0.0,0.0,0,0
c7a995d3,R Sai Kishore,Gujarat Titans,2022,5,0,0,0,0,0,0,0,0,0,0.0,0.0,5,96,6,121,7.56,20.17,2,0
85b3fab2,T Stubbs,Mumbai Indians,2022,2,2,2,4,2,0,0,0,0,0,1.0,50.0,0,0,0,0,0.0,0.0,0,0
bd54eef5,N Jagadeesan,Chennai Super Kings,2022,2,2,40,37,39,1,3,1,0,0,40.0,108.11,0,0,0,0,0.0,0.0,0,0
c695b423,PH Solanki,Chennai Super Kings,2022,2,0,0,0,0,0,0,0,0,0,0.0,0.0,2,36,2,38,6.33,19.0,2,0
64839cb3,M Pathirana,Chennai Super Kings,2022,2,0,0,0,0,0,0,0,0,0,0.0,0.0,2,41,2,52,7.61,26.0,2,0
bb965e9a,PK Garg,Sunrisers Hyderabad,2022,2,2,46,33,42,0,4,2,0,0,23.0,139.39,0,0,0,0,0.0,0.0,0,0
33ffc3dd,R Sanjay Yadav,Mumbai Indians,2022,1,1,0,2,0,0,0,0,0,0,0.0,0.0,1,12,0,23,11.5,0.0,0,0
a9fd84fb,M Markande,Mumbai Indians,2022,2,0,0,0,0,0,0,0,0,0,0.0,0.0,2,42,1,57,8.14,57.0,1,0
aa5d8c9e,A Tomar,Kolkata Knight Riders,2022,1,1,4,8,4,0,1,0,0,0,4.0,50.0,0,0,0,0,0.0,0.0,0,0
dcf81436,S Kaul,Royal Challengers Bengaluru,2022,1,0,0,0,0,0,0,0,0,0,0.0,0.0,1,24,0,43,10.75,0.0,0,0
663b5e34,PN Mankad,Punjab Kings,2022,1,1,4,1,4,1,1,0,0,0,0.0,400.0,0,0,0,0,0.0,0.0,0,0
c03e2850,M Vohra,Lucknow Super Giants,2022,1,1,19,11,19,0,1,2,0,0,19.0,172.73,0,0,0,0,0.0,0.0,0,0
df5a6881,DP Conway,Chennai Super Kings,2023,15,15,672,481,92,2,77,18,6,0,51.69,139.71,0,0,0,0,0.0,0.0,0,0
8cf9814c,Mohammed Shami,Gujarat Titans,2023,17,2,5,6,5,0,1,0,0,0,2.5,83.33,17,390,28,522,8.03,18.64,4,0
45a43fe2,RD Gaikwad,Chennai Super Kings,2023,15,15,590,400,92,1,46,30,4,0,42.14,147.5,0,0,0,0,0.0,0.0,0,0
dbe50b21,HH Pandya,Gujarat Titans,2023,15,15,346,253,66,4,26,15,2,0,31.45,136.76,11,150,3,228,9.12,76.0,1,0
bb351c23,MM Ali,Chennai Super Kings,2023,13,10,124,91,23,3,12,6,0,0,17.71,136.26,11,156,9,195,7.5,21.67,4,0
9061a703,J Little,Gujarat Titans,2023,10,0,0,0,0,0,0,0,0,0,0.0,0.0,10,204,7,294,8.65,42.0,2,0
5f547c8b,Rashid Khan,Gujarat Titans,2023,17,9,130,60,79,5,8,13,1,0,32.5,216.67,17,402,27,552,8.24,20.44,4,0
e087956b,BA Stokes,Chennai Super Kings,2023,2,2,15,14,8,0,2,0,0,0,7.5,107.14,1,6,0,18,18.0,0.0,0,0
70d205c9,AT Rayudu,Chennai Super Kings,2023,12,12,158,113,27,2,10,9,0,0,15.8,139.82,0,0,0,0,0.0,0.0,0,0
b0946605,AS Joseph,Gujarat Titans,2023,7,1,7,12,7,1,1,0,0,0,0.0,58.33,7,144,7,225,9.38,32.14,2,0
7210d461,Yash Dayal,Gujarat Titans,2023,5,0,0,0,0,0,0,0,0,0,0.0,0.0,5,84,2,165,11.79,82.5,1,0
a4e37e47,S Dube,Chennai Super Kings,2023,14,14,418,264,52,3,12,35,3,0,38.0,158.33,0,0,0,0,0.0,0.0,0,0
fe93fd9d,RA Jadeja,Chennai Super Kings,2023,16,12,190,133,25,4,11,9,0,0,23.75,142.86,16,342,20,431,7.56,21.55,3,0
4a8a2e3b,MS Dhoni,Chennai Super Kings,2023,12,12,104,57,32,8,3,10,0,0,26.0,182.46,0,0,0,0,0.0,0.0,0,0
e4a0deae,MJ Santner,Chennai Super Kings,2023,3,2,2,4,1,2,0,0,0,0,0.0,50.0,3,72,3,81,6.75,27.0,2,0
fe11caa6,WP Saha,Gujarat Titans,2023,17,17,371,287,81,1,47,8,2,0,23.19,129.27,0,0,0,0,0.0,0.0,0,0
23eeb873,DL Chahar,Chennai Super Kings,2023,10,1,1,2,1,1,0,0,0,0,0.0,50.0,10,204,13,297,8.74,22.85,3,0
b4b99816,Shubman Gill,Gujarat Titans,2023,17,17,890,564,129,2,85,33,4,3,59.33,157.8,0,0,0,0,0.0,0.0,0,0
46a9bea1,TU Deshpande,Chennai Super Kings,2023,16,1,0,1,0,1,0,0,0,0,0.0,0.0,16,341,21,564,9.92,26.86,3,0
c3c92b42,RS Hangargekar,Chennai Super Kings,2023,2,0,0,0,0,0,0,0,0,0,0.0,0.0,2,36,3,60,10.0,20.0,3,0
d5130a30,B Sai Sudharsan,Gujarat Titans,2023,8,8,362,256,96,1,33,12,3,0,51.71,141.41,0,0,0,0,0.0,0.0,0,0
0994d0ae,V Shankar,Gujarat Titans,2023,10,10,301,188,63,2,27,15,3,0,37.62,160.11,0,0,0,0,0.0,0.0,0,0
39a2dfa8,R Tewatia,Gujarat Titans,2023,10,10,87,57,20,6,3,7,0,0,21.75,152.63,2,13,0,15,6.92,0.0,0,0
9418198b,P Simran Singh,Punjab Kings,2023,14,14,358,238,103,0,38,19,1,1,25.57,150.42,0,0,0,0,0.0,0.0,0,0
cc1e8c68,UT Yadav,Kolkata Knight Riders,2023,8,5,19,18,6,3,1,0,0,0,9.5,105.56,8,114,1,189,9.95,189.0,1,0
13c35c9e,TG Southee,Kolkata Knight Riders,2023,2,0,0,0,0,0,0,0,0,0,0.0,0.0,2,36,2,79,13.17,39.5,2,0
0a476045,S Dhawan,Punjab Kings,2023,11,11,373,261,99,2,49,12,3,0,41.44,142.91,0,0,0,0,0.0,0.0,0,0
6c882e9a,PBB Rajapaksa,Punjab Kings,2023,4,4,71,62,50,0,6,2,1,0,17.75,114.52,0,0,0,0,0.0,0.0,0,0
9d430b40,SP Narine,Kolkata Knight Riders,2023,14,10,21,25,7,3,2,1,0,0,3.0,84.0,14,288,11,383,7.98,34.82,3,0
5b7ab5a9,CV Varun,Kolkata Knight Riders,2023,14,2,1,9,1,1,0,0,0,0,1.0,11.11,14,316,20,429,8.15,21.45,4,0
1abb78f8,SN Thakur,Kolkata Knight Riders,2023,10,9,113,70,68,1,13,4,1,0,14.12,161.43,9,126,7,220,10.48,31.43,2,0
800d2d97,JM Sharma,Punjab Kings,2023,14,14,309,198,49,1,22,21,0,0,23.77,156.06,0,0,0,0,0.0,0.0,0,0
26d041c4,Sikandar Raza,Punjab Kings,2023,7,7,139,98,57,2,10,6,1,0,27.8,141.84,6,72,3,119,9.92,39.67,1,0
e94915e6,SM Curran,Punjab Kings,2023,14,13,276,203,55,3,20,13,1,0,27.6,135.96,14,287,10,489,10.22,48.9,3,0
7dcb9bc9,M Shahrukh Khan,Punjab Kings,2023,12,12,156,94,41,5,13,9,0,0,22.29,165.96,0,0,0,0,0.0,0.0,0,0
c3a96caf,Mandeep Singh,Kolkata Knight Riders,2023,3,3,14,16,12,0,0,1,0,0,4.67,87.5,0,0,0,0,0.0,0.0,0,0
0bacade8,Rahmanullah Gurbaz,Kolkata Knight Riders,2023,11,11,227,170,81,0,17,15,2,0,20.64,133.53,0,0,0,0,0.0,0.0,0,0
244048f6,Arshdeep Singh,Punjab Kings,2023,14,1,2,2,2,1,0,0,0,0,0.0,100.0,14,305,17,493,9.7,29.0,4,0
e4cdf230,AS Roy,Kolkata Knight Riders,2023,4,4,23,19,13,2,3,0,0,0,11.5,121.05,3,48,3,65,8.12,21.67,2,0
a24be938,VR Iyer,Kolkata Knight Riders,2023,14,14,404,277,104,0,32,21,2,1,28.86,145.85,0,0,0,0,0.0,0.0,0,0
9eb1455b,NT Ellis,Punjab Kings,2023,10,2,1,7,1,0,0,0,0,0,0.5,14.29,10,228,13,339,8.92,26.08,4,0
fb2d1dda,N Rana,Kolkata Knight Riders,2023,14,14,413,293,75,1,39,20,3,0,31.77,140.96,6,53,3,75,8.49,25.0,2,0
26a85969,R Dhawan,Punjab Kings,2023,5,2,20,12,19,0,1,1,0,0,10.0,166.67,4,42,1,60,8.57,60.0,1,0
0a509d6b,RK Singh,Kolkata Knight Riders,2023,14,14,474,317,67,6,31,29,4,0,59.25,149.53,0,0,0,0,0.0,0.0,0,0
2ed569a0,RD Chahar,Punjab Kings,2023,14,2,0,9,0,0,0,0,0,0,0.0,0.0,14,298,8,385,7.75,48.12,2,0
bbd41817,AD Russell,Kolkata Knight Riders,2023,14,14,227,156,42,3,13,18,0,0,20.64,145.51,9,91,7,172,11.34,24.57,3,0
c05edf8e,Harpreet Brar,Punjab Kings,2023,11,8,52,41,17,2,5,2,0,0,8.67,126.83,11,163,9,218,8.02,24.22,4,0
b17e2f24,KL Rahul,Lucknow Super Giants,2023,9,9,274,242,74,1,28,4,2,0,34.25,113.22,0,0,0,0,0.0,0.0,0,0
a2f46292,KK Ahmed,Delhi Capitals,2023,9,0,0,0,0,0,0,0,0,0,0.0,0.0,9,198,9,301,9.12,33.44,2,0
73c18486,KR Mayers,Lucknow Super Giants,2023,13,13,379,263,73,0,38,22,4,0,29.15,144.11,6,42,0,59,8.43,0.0,0,0
2cffab74,Mukesh Kumar,Delhi Capitals,2023,10,3,7,9,6,3,0,0,0,0,0.0,77.78,10,186,7,326,10.52,46.57,2,0
2cdce1be,C Sakariya,Delhi Capitals,2023,2,2,4,6,4,1,1,0,0,0,4.0,66.67,2,48,3,89,11.12,29.67,2,0
73ad96ed,DJ Hooda,Lucknow Super Giants,2023,12,12,84,90,17,1,3,2,0,0,7.64,93.33,1,6,0,8,8.0,0.0,0,0
2e171977,AR Patel,Delhi Capitals,2023,14,13,283,203,54,3,21,15,1,0,28.3,139.41,13,282,11,338,7.19,30.73,2,0
8d2c70ad,Kuldeep Yadav,Delhi Capitals,2023,14,10,31,48,10,8,2,0,0,0,15.5,64.58,14,294,10,361,7.37,36.1,2,0
5b8c830e,KH Pandya,Lucknow Super Giants,2023,15,14,188,165,49,3,15,6,0,0,17.09,113.94,12,252,9,313,7.45,34.78,3,0
d9273ee7,MP Stoinis,Lucknow Super Giants,2023,15,15,408,272,89,2,28,27,3,0,31.38,150.0,5,65,5,100,9.23,20.0,2,0
3241e3fd,N Pooran,Lucknow Super Giants,2023,15,15,358,207,62,3,26,26,2,0,29.83,172.95,0,0,0,0,0.0,0.0,0,0
872b03f7,A Badoni,Lucknow Super Giants,2023,12,12,238,172,59,2,13,12,1,0,23.8,138.37,1,1,0,0,0.0,0.0,0,0
90de905a,K Gowtham,Lucknow Super Giants,2023,7,7,61,37,23,3,2,5,0,0,15.25,164.86,6,96,3,118,7.38,39.33,1,0
8b3e9c7c,PP Shaw,Delhi Capitals,2023,8,8,106,85,54,0,16,1,1,0,13.25,124.71,0,0,0,0,0.0,0.0,0,0
dcce6f09,DA Warner,Delhi Capitals,2023,14,14,516,392,86,0,69,10,6,0,36.86,131.63,0,0,0,0,0.0,0.0,0,0
1e66c162,JD Unadkat,Lucknow Super Giants,2023,3,1,9,7,9,0,1,0,0,0,9.0,128.57,3,48,0,92,11.5,0.0,0,0
eef2536f,Avesh Khan,Lucknow Super Giants,2023,9,1,0,1,0,1,0,0,0,0,0.0,0.0,9,174,8,283,9.76,35.38,3,0
8d92a2c3,MA Wood,Lucknow Super Giants,2023,4,2,11,5,10,1,1,1,0,0,11.0,220.0,4,96,11,130,8.12,11.82,5,0
3d8feaf8,MR Marsh,Delhi Capitals,2023,9,9,128,97,63,0,11,7,1,0,14.22,131.96,8,121,12,170,8.43,14.17,4,0
f088b960,SN Khan,Delhi Capitals,2023,4,4,53,62,30,0,4,1,0,0,13.25,85.48,0,0,0,0,0.0,0.0,0,0
df064e1a,Ravi Bishnoi,Lucknow Super Giants,2023,14,7,20,27,5,4,1,0,0,0,6.67,74.07,14,303,16,391,7.74,24.44,3,0
cad00a4d,RR Rossouw,Delhi Capitals,2023,9,9,209,141,82,2,17,11,1,0,29.86,148.23,0,0,0,0,0.0,0.0,0,0
650d5e49,R Powell,Delhi Capitals,2023,3,3,7,9,4,0,1,0,0,0,2.33,77.78,1,12,1,18,9.0,18.0,1,0
378daa89,Aman Hakim Khan,Delhi Capitals,2023,9,9,110,101,51,1,7,6,1,0,13.75,108.91,0,0,0,0,0.0,0.0,0,0
6c19c6e5,YBK Jaiswal,Rajasthan Royals,2023,14,14,625,382,124,1,83,26,5,1,48.08,163.61,0,0,0,0,0.0,0.0,0,0
2e81a32d,B Kumar,Sunrisers Hyderabad,2023,14,5,42,47,27,2,4,0,0,0,14.0,89.36,14,306,16,425,8.33,26.56,5,0
99b75528,JC Buttler,Rajasthan Royals,2023,14,14,392,282,95,0,42,14,4,0,28.0,139.01,0,0,0,0,0.0,0.0,0,0
e9c7f0d0,Fazalhaq Farooqi,Sunrisers Hyderabad,2023,4,1,1,5,1,1,0,0,0,0,0.0,20.0,4,80,4,117,8.78,29.25,2,0
f19ccfad,Washington Sundar,Sunrisers Hyderabad,2023,7,5,60,60,24,1,6,0,0,0,15.0,100.0,7,106,3,146,8.26,48.67,3,0
ce794613,T Natarajan,Sunrisers Hyderabad,2023,12,0,0,0,0,0,0,0,0,0,0.0,0.0,12,270,10,410,9.11,41.0,2,0
a4cc73aa,SV Samson,Rajasthan Royals,2023,14,14,362,236,66,2,25,24,3,0,30.17,153.39,0,0,0,0,0.0,0.0,0,0
249d60c9,AU Rashid,Sunrisers Hyderabad,2023,2,2,22,16,18,0,2,1,0,0,11.0,137.5,2,42,2,56,8.0,28.0,2,0
81c08fa3,Umran Malik,Sunrisers Hyderabad,2023,8,1,19,8,19,1,1,2,0,0,0.0,237.5,8,120,5,217,10.85,43.4,2,0
2c25d4f5,D Padikkal,Rajasthan Royals,2023,11,11,261,200,52,1,31,6,2,0,26.1,130.5,0,0,0,0,0.0,0.0,0,0
04a418e8,R Parag,Rajasthan Royals,2023,7,7,78,66,20,1,4,5,0,0,13.0,118.18,0,0,0,0,0.0,0.0,0,0
48a1d7b7,SO Hetmyer,Rajasthan Royals,2023,13,13,299,197,56,5,12,23,1,0,37.38,151.78,0,0,0,0,0.0,0.0,0,0
495d42a5,R Ashwin,Rajasthan Royals,2023,13,9,67,51,30,4,5,3,0,0,13.4,131.37,13,294,14,368,7.51,26.29,2,0
f29185a1,Abhishek Sharma,Sunrisers Hyderabad,2023,11,11,226,157,67,0,28,6,2,0,20.55,143.95,5,72,2,124,10.33,62.0,1,0
a818c1be,TA Boult,Rajasthan Royals,2023,10,4,16,14,15,3,1,1,0,0,16.0,114.29,10,228,13,312,8.21,24.0,3,0
77255a9e,RA Tripathi,Sunrisers Hyderabad,2023,13,13,273,213,74,1,29,10,1,0,22.75,128.17,0,0,0,0,0.0,0.0,0,0
4ae1755b,HC Brook,Sunrisers Hyderabad,2023,11,11,190,154,100,2,23,4,0,1,21.11,123.38,0,0,0,0,0.0,0.0,0,0
00ea847a,MA Agarwal,Sunrisers Hyderabad,2023,10,10,270,210,83,0,29,6,1,0,27.0,128.57,0,0,0,0,0.0,0.0,0,0
798cc28e,KM Asif,Rajasthan Royals,2023,4,1,0,2,0,0,0,0,0,0,0.0,0.0,4,84,3,138,9.86,46.0,2,0
0f721006,JO Holder,Rajasthan Royals,2023,8,3,12,11,11,1,0,1,0,0,6.0,109.09,8,171,4,284,9.96,71.0,2,0
57ee1fde,YS Chahal,Rajasthan Royals,2023,14,0,0,0,0,0,0,0,0,0,0.0,0.0,14,317,21,432,8.18,20.57,4,0
9a46c4e5,GD Phillips,Sunrisers Hyderabad,2023,5,5,39,22,25,0,2,4,0,0,7.8,177.27,2,18,1,20,6.67,20.0,1,0
8e514b4c,Abdul Samad,Sunrisers Hyderabad,2023,8,8,169,128,37,4,10,11,0,0,42.25,132.03,0,0,0,0,0.0,0.0,0,0
21d4e29b,NA Saini,Rajasthan Royals,2023,2,0,0,0,0,0,0,0,0,0,0.0,0.0,2,36,3,74,12.33,24.67,3,0
740742ef,RG Sharma,Mumbai Indians,2023,16,16,332,250,65,0,35,17,2,0,20.75,132.8,0,0,0,0,0.0,0.0,0,0
2f49c897,Mohammed Siraj,Royal Challengers Bengaluru,2023,14,2,1,2,1,1,0,0,0,0,1.0,50.0,14,300,19,375,7.5,19.74,4,0
752f7486,Ishan Kishan,Mumbai Indians,2023,15,15,454,318,75,0,54,18,3,0,30.27,142.77,0,0,0,0,0.0,0.0,0,0
8db7f47f,RJW Topley,Royal Challengers Bengaluru,2023,1,0,0,0,0,0,0,0,0,0,0.0,0.0,1,12,1,14,7.0,14.0,1,0
eaa76d3c,C Green,Mumbai Indians,2023,16,16,452,282,100,7,40,22,2,1,50.22,160.28,16,228,6,361,9.5,60.17,2,0
271f83cd,SA Yadav,Mumbai Indians,2023,16,16,605,334,103,2,65,28,5,1,43.21,181.14,0,0,0,0,0.0,0.0,0,0
0a67aec0,Akash Deep,Royal Challengers Bengaluru,2023,2,1,17,8,17,0,2,1,0,0,17.0,212.5,2,30,1,59,11.8,59.0,1,0
b0482a1d,Tilak Varma,Mumbai Indians,2023,11,11,343,209,84,3,26,23,1,0,42.88,164.11,1,6,0,7,7.0,0.0,0,0
f986ca1a,HV Patel,Royal Challengers Bengaluru,2023,13,2,6,6,6,0,0,1,0,0,3.0,100.0,13,282,14,454,9.66,32.43,3,0
119678fd,KV Sharma,Royal Challengers Bengaluru,2023,7,2,3,5,2,0,0,0,0,0,1.5,60.0,7,129,10,223,10.37,22.3,2,0
e38bce7a,MG Bracewell,Royal Challengers Bengaluru,2023,5,4,58,47,26,2,6,1,0,0,29.0,123.4,5,66,6,95,8.64,15.83,2,0
d1a60072,N Wadhera,Mumbai Indians,2023,10,10,241,166,64,1,23,12,2,0,26.78,145.18,0,0,0,0,0.0,0.0,0,0
b681e71e,GJ Maxwell,Royal Challengers Bengaluru,2023,14,14,400,218,77,2,29,31,5,0,33.33,183.49,7,62,3,94,9.1,31.33,1,0
f1f99156,TH David,Mumbai Indians,2023,15,15,231,146,45,6,12,15,0,0,25.67,158.22,0,0,0,0,0.0,0.0,0,0
0c9652b0,HR Shokeen,Mumbai Indians,2023,8,3,23,17,18,2,4,0,0,0,23.0,135.29,8,114,3,187,9.84,62.33,2,0
12314277,Arshad Khan,Mumbai Indians,2023,6,3,18,15,15,1,0,1,0,0,9.0,120.0,6,85,5,190,13.41,38.0,3,0
ba607b88,V Kohli,Royal Challengers Bengaluru,2023,14,14,639,457,101,2,65,16,6,2,53.25,139.82,0,0,0,0,0.0,0.0,0,0
4933f499,JP Behrendorff,Mumbai Indians,2023,12,2,6,9,3,2,0,0,0,0,0.0,66.67,12,252,14,387,9.21,27.64,3,0
3355b542,F du Plessis,Royal Challengers Bengaluru,2023,14,14,730,475,84,1,60,36,8,0,56.15,153.68,0,0,0,0,0.0,0.0,0,0
5574750c,JC Archer,Mumbai Indians,2023,5,2,4,4,3,2,0,0,0,0,0.0,100.0,5,120,2,190,9.5,95.0,1,0
98ae73b1,PP Chawla,Mumbai Indians,2023,16,4,25,22,18,2,1,1,0,0,12.5,113.64,16,366,22,495,8.11,22.5,3,0
c03f1114,KD Karthik,Royal Challengers Bengaluru,2023,13,13,140,104,30,1,13,5,0,0,11.67,134.62,0,0,0,0,0.0,0.0,0,0
4b31f3a3,Yash Thakur,Lucknow Super Giants,2023,9,0,0,0,0,0,0,0,0,0,0.0,0.0,9,191,13,289,9.08,22.23,4,0
ad3b6e95,Abishek Porel,Delhi Capitals,2023,4,4,33,31,20,0,1,2,0,0,8.25,106.45,0,0,0,0,0.0,0.0,0,0
acdc62f5,A Nortje,Delhi Capitals,2023,10,7,37,29,23,4,6,0,0,0,12.33,127.59,10,240,10,364,9.1,36.4,2,0
d67d5f00,DA Miller,Gujarat Titans,2023,13,13,259,178,46,5,18,13,0,0,32.38,145.51,0,0,0,0,0.0,0.0,0,0
bcf325d2,Dhruv Jurel,Rajasthan Royals,2023,11,11,152,88,34,4,11,9,0,0,21.71,172.73,0,0,0,0,0.0,0.0,0,0
7f048519,DJ Willey,Royal Challengers Bengaluru,2023,4,3,35,32,20,3,4,0,0,0,0.0,109.38,4,90,3,105,7.0,35.0,2,0
f9e6e7ef,Shahbaz Ahmed,Royal Challengers Bengaluru,2023,8,6,42,39,20,2,3,1,0,0,10.5,107.69,5,42,1,95,13.57,95.0,1,0
9440ef41,Suyash Sharma,Kolkata Knight Riders,2023,11,0,0,0,0,0,0,0,0,0,0.0,0.0,11,234,10,321,8.23,32.1,3,0
c8f5f961,Anuj Rawat,Royal Challengers Bengaluru,2023,7,7,91,71,29,4,6,4,0,0,30.33,128.17,0,0,0,0,0.0,0.0,0,0
1399b39c,Anmolpreet Singh,Sunrisers Hyderabad,2023,4,4,105,82,36,0,15,2,0,0,26.25,128.05,0,0,0,0,0.0,0.0,0,0
6a26221c,AK Markram,Sunrisers Hyderabad,2023,13,13,248,197,50,2,18,8,1,0,22.55,125.89,6,49,1,70,8.57,70.0,1,0
6b19d823,A Mishra,Lucknow Super Giants,2023,7,1,19,30,19,0,2,0,0,0,19.0,63.33,7,114,7,149,7.84,21.29,2,0
c5aef772,R Shepherd,Lucknow Super Giants,2023,1,1,0,1,0,0,0,0,0,0,0.0,0.0,0,0,0,0,0.0,0.0,0,0
93b4fc78,MK Pandey,Delhi Capitals,2023,9,9,160,146,50,0,15,3,1,0,17.78,109.59,0,0,0,0,0.0,0.0,0,0
ce820073,Sandeep Sharma,Rajasthan Royals,2023,12,2,2,6,2,2,0,0,0,0,0.0,33.33,12,276,10,396,8.61,39.6,2,0
ad427b5c,Lalit Yadav,Delhi Capitals,2023,6,6,66,59,38,1,8,0,0,0,13.2,111.86,4,78,2,118,9.08,59.0,1,0
e2db2409,M Ashwin,Rajasthan Royals,2023,2,0,0,0,0,0,0,0,0,0,0.0,0.0,2,24,0,53,13.25,0.0,0,0
8361e524,SSB Magala,Chennai Super Kings,2023,2,0,0,0,0,0,0,0,0,0,0.0,0.0,2,36,1,51,8.5,51.0,1,0
11614d87,D Pretorius,Chennai Super Kings,2023,1,0,0,0,0,0,0,0,0,0,0.0,0.0,1,24,0,28,7.0,0.0,0,0
85b3fab2,T Stubbs,Mumbai Indians,2023,2,2,25,31,20,0,2,0,0,0,12.5,80.65,1,12,1,14,7.0,14.0,1,0
29e95537,AM Rahane,Chennai Super Kings,2023,11,11,326,189,71,1,24,16,2,0,32.6,172.49,0,0,0,0,0.0,0.0,0,0
f6d8a7ab,K Kartikeya,Mumbai Indians,2023,8,1,6,7,6,0,1,0,0,0,6.0,85.71,8,156,5,227,8.73,45.4,2,0
2f9d0389,LH Ferguson,Kolkata Knight Riders,2023,3,0,0,0,0,0,0,0,0,0,0.0,0.0,3,46,1,96,12.52,96.0,1,0
0890552f,A Manohar,Gujarat Titans,2023,6,6,114,83,42,0,6,7,0,0,19.0,137.35,0,0,0,0,0.0,0.0,0,0
bd54eef5,N Jagadeesan,Kolkata Knight Riders,2023,6,6,89,81,36,0,14,1,0,0,14.83,109.88,0,0,0,0,0.0,0.0,0,0
a90e53ec,MW Short,Punjab Kings,2023,6,6,117,92,36,0,15,4,0,0,19.5,127.17,3,24,0,25,6.25,0.0,0,0
81c36ee9,M Jansen,Sunrisers Hyderabad,2023,8,6,39,43,17,3,4,0,0,0,13.0,90.7,8,162,10,267,9.89,26.7,2,0
a9fd84fb,M Markande,Sunrisers Hyderabad,2023,10,3,21,13,18,3,2,1,0,0,0.0,161.54,10,228,12,300,7.89,25.0,4,0
9a5f2863,Mohit Rathee,Punjab Kings,2023,1,1,1,2,1,1,0,0,0,0,0.0,50.0,1,12,0,29,14.5,0.0,0,0
3a60e0b5,WD Parnell,Royal Challengers Bengaluru,2023,7,1,2,5,2,0,0,0,0,0,2.0,40.0,7,151,9,236,9.38,26.22,3,0
64775749,RP Meredith,Mumbai Indians,2023,5,1,0,2,0,1,0,0,0,0,0.0,0.0,5,118,7,207,10.53,29.57,2,0
dd7e9b3b,YV Dhull,Delhi Capitals,2023,3,3,16,23,13,0,1,0,0,0,5.33,69.57,0,0,0,0,0.0,0.0,0,0
0a8fce53,Mustafizur Rahman,Delhi Capitals,2023,2,1,1,1,1,1,0,0,0,0,0.0,100.0,2,42,1,79,11.29,79.0,1,0
b483905d,Akash Singh,Chennai Super Kings,2023,6,0,0,0,0,0,0,0,0,0,0.0,0.0,6,114,5,188,9.89,37.6,2,0
f24c6701,M Theekshana,Chennai Super Kings,2023,13,0,0,0,0,0,0,0,0,0,0.0,0.0,13,294,11,392,8.0,35.64,2,0
14f96089,A Zampa,Rajasthan Royals,2023,6,3,10,16,7,0,0,0,0,0,3.33,62.5,6,132,8,188,8.55,23.5,3,0
2e78f685,KR Sen,Rajasthan Royals,2023,2,0,0,0,0,0,0,0,0,0,0.0,0.0,2,18,0,28,9.33,0.0,0,0
759ac88f,MM Sharma,Gujarat Titans,2023,14,1,0,1,0,1,0,0,0,0,0.0,0.0,14,265,27,361,8.17,13.37,5,0
e62dd25d,K Rabada,Punjab Kings,2023,6,2,0,2,0,1,0,0,0,0,0.0,0.0,6,138,7,232,10.09,33.14,2,0
235c2bb6,H Klaasen,Sunrisers Hyderabad,2023,11,11,448,253,104,2,32,25,2,1,49.78,177.08,0,0,0,0,0.0,0.0,0,0
da934ee8,MK Lomror,Royal Challengers Bengaluru,2023,10,10,135,97,54,2,9,8,1,0,16.88,139.18,2,12,0,17,8.5,0.0,0,0
54e52590,Vijaykumar Vyshak,Royal Challengers Bengaluru,2023,7,2,13,9,13,1,0,1,0,0,13.0,144.44,7,144,9,253,10.54,28.11,3,0
a97c8ec2,PWH de Silva,Royal Challengers Bengaluru,2023,8,5,33,28,12,3,3,0,0,0,16.5,117.86,8,174,9,258,8.9,28.67,2,0
4885bbe6,Yudhvir Singh,Lucknow Super Giants,2023,3,2,1,2,1,0,0,0,0,0,0.5,50.0,3,48,3,70,8.75,23.33,2,0
1ac746c8,Atharva Taide,Punjab Kings,2023,7,7,186,129,66,0,20,6,2,0,26.57,144.19,0,0,0,0,0.0,0.0,0,0
28c78fb3,Harpreet Singh,Punjab Kings,2023,3,3,76,59,41,0,8,3,0,0,25.33,128.81,0,0,0,0,0.0,0.0,0,0
44aac2f0,Arjun Tendulkar,Mumbai Indians,2023,4,1,13,9,13,0,0,1,0,0,13.0,144.44,4,59,3,92,9.36,30.67,1,0
8dc152d1,D Jansen,Mumbai Indians,2023,1,0,0,0,0,0,0,0,0,0,0.0,0.0,1,24,1,53,13.25,53.0,1,0
efc04be7,Noor Ahmad,Gujarat Titans,2023,13,3,8,9,7,1,1,0,0,0,4.0,88.89,13,283,16,369,7.82,23.06,3,0
64839cb3,M Pathirana,Chennai Super Kings,2023,12,0,0,0,0,0,0,0,0,0,0.0,0.0,12,278,19,371,8.01,19.53,3,0
9385de2e,SS Prabhudessai,Royal Challengers Bengaluru,2023,4,4,35,29,19,0,1,2,0,0,8.75,120.69,0,0,0,0,0.0,0.0,0,0
c0c411cb,Naveen-ul-Haq,Lucknow Super Giants,2023,7,3,16,21,13,2,2,0,0,0,16.0,76.19,7,168,11,219,7.82,19.91,4,0
50c6bc2b,LS Livingstone,Punjab Kings,2023,9,9,279,171,94,1,20,19,2,0,34.88,163.16,5,42,2,94,13.43,47.0,1,0
d1c36f5c,JJ Roy,Kolkata Knight Riders,2023,8,8,285,188,61,0,36,12,2,0,35.62,151.6,0,0,0,0,0.0,0.0,0,0
5bb1a1c4,I Sharma,Delhi Capitals,2023,8,1,1,1,1,1,0,0,0,0,0.0,100.0,8,150,10,206,8.24,20.6,2,0
0404d43c,Liton Das,Kolkata Knight Riders,2023,1,1,4,4,4,0,1,0,0,0,4.0,100.0,0,0,0,0,0.0,0.0,0,0
fa2f1dde,K Khejroliya,Kolkata Knight Riders,2023,2,0,0,0,0,0,0,0,0,0,0.0,0.0,2,26,2,64,14.77,32.0,2,0
3d284ca3,PD Salt,Delhi Capitals,2023,9,9,218,133,87,1,24,10,2,0,27.25,163.91,0,0,0,0,0.0,0.0,0,0
a457cfb5,Mayank Dagar,Sunrisers Hyderabad,2023,3,0,0,0,0,0,0,0,0,0,0.0,0.0,3,66,1,83,7.55,83.0,1,0
81049310,J Yadav,Gujarat Titans,2023,1,0,0,0,0,0,0,0,0,0,0.0,0.0,1,24,0,26,6.5,0.0,0,0
cc777ffa,Abdul Basith,Rajasthan Royals,2023,1,1,1,1,1,1,0,0,0,0,0.0,100.0,0,0,0,0,0.0,0.0,0,0
aa8d28ae,D Wiese,Kolkata Knight Riders,2023,3,3,21,11,12,2,0,3,0,0,21.0,190.91,1,18,0,38,12.67,0.0,0,0
60500956,RV Patel,Delhi Capitals,2023,4,4,49,43,23,1,3,1,0,0,16.33,113.95,0,0,0,0,0.0,0.0,0,0
7c3b3b78,VG Arora,Kolkata Knight Riders,2023,5,2,3,2,2,2,0,0,0,0,0.0,150.0,5,96,5,146,9.12,29.2,2,0
030f3089,K Yadav,Rajasthan Royals,2023,2,0,0,0,0,0,0,0,0,0,0.0,0.0,2,42,2,68,9.71,34.0,1,0
99258814,Gurnoor Brar,Punjab Kings,2023,1,0,0,0,0,0,0,0,0,0,0.0,0.0,1,18,0,42,14.0,0.0,0,0
77b1aa15,Harshit Rana,Kolkata Knight Riders,2023,6,1,0,1,0,0,0,0,0,0,0.0,0.0,6,102,5,147,8.65,29.4,2,0
4d7f517e,AJ Hosein,Sunrisers Hyderabad,2023,1,1,16,10,16,1,1,1,0,0,0.0,160.0,1,24,1,40,10.0,40.0,1,0
bb965e9a,PK Garg,Delhi Capitals,2023,2,2,22,23,12,0,1,0,0,0,11.0,95.65,0,0,0,0,0.0,0.0,0,0
03806cf8,JR Hazlewood,Royal Challengers Bengaluru,2023,3,1,1,2,1,1,0,0,0,0,0.0,50.0,3,54,3,76,8.44,25.33,2,0
c03e2850,M Vohra,Lucknow Super Giants,2023,1,1,10,11,10,0,1,0,0,0,10.0,90.91,0,0,0,0,0.0,0.0,0,0
39ed0d2f,KS Sharma,Lucknow Super Giants,2023,2,2,12,21,9,0,0,0,0,0,6.0,57.14,0,0,0,0,0.0,0.0,0,0
4bd09374,Akash Madhwal,Mumbai Indians,2023,8,0,0,0,0,0,0,0,0,0,0.0,0.0,8,153,14,219,8.59,15.64,5,0
5d2eea49,Kartik Tyagi,Sunrisers Hyderabad,2023,3,0,0,0,0,0,0,0,0,0,0.0,0.0,3,37,1,92,14.92,92.0,1,0
266849c1,R Goyal,Mumbai Indians,2023,1,0,0,0,0,0,0,0,0,0,0.0,0.0,1,24,0,33,8.25,0.0,0,0
c33d8116,Mohsin Khan,Lucknow Super Giants,2023,4,1,0,7,0,0,0,0,0,0,0.0,0.0,4,60,3,107,10.7,35.67,1,0
983f2f61,Swapnil Singh,Lucknow Super Giants,2023,2,1,2,4,2,1,0,0,0,0,0.0,50.0,2,12,0,18,9.0,0.0,0,0
372455c4,Q de Kock,Lucknow Super Giants,2023,4,4,143,102,70,0,10,8,1,0,35.75,140.2,0,0,0,0,0.0,0.0,0,0
1b7b0fa7,Vivrant Sharma,Sunrisers Hyderabad,2023,2,1,69,47,69,0,9,2,1,0,69.0,146.81,2,18,0,37,12.33,0.0,0,0
529eb9e0,OC McCoy,Rajasthan Royals,2023,1,0,0,0,0,0,0,0,0,0,0.0,0.0,1,6,0,13,13.0,0.0,0,0
ffe699c0,CJ Jordan,Mumbai Indians,2023,6,2,6,12,4,0,0,0,0,0,3.0,50.0,6,132,3,237,10.77,79.0,1,0
99d63244,KM Jadhav,Royal Challengers Bengaluru,2023,1,1,12,10,12,1,1,0,0,0,0.0,120.0,0,0,0,0,0.0,0.0,0,0
a343262c,JE Root,Rajasthan Royals,2023,2,1,10,15,10,0,1,0,0,0,10.0,66.67,1,12,0,14,7.0,0.0,0,0
0494fa6e,Vishnu Vinod,Mumbai Indians,2023,3,3,37,31,30,0,2,2,0,0,12.33,119.35,0,0,0,0,0.0,0.0,0,0
663b5e34,PN Mankad,Lucknow Super Giants,2023,4,4,93,72,64,1,12,2,1,0,31.0,129.17,0,0,0,0,0.0,0.0,0,0
ed5a5510,P Dubey,Delhi Capitals,2023,1,1,16,20,16,0,2,0,0,0,16.0,80.0,1,18,1,19,6.33,19.0,1,0
3ff033bb,MD Shanaka,Gujarat Titans,2023,3,3,26,26,17,1,2,1,0,0,13.0,100.0,0,0,0,0,0.0,0.0,0,0
b0f2baf4,Sanvir Singh,Sunrisers Hyderabad,2023,2,2,11,9,7,1,1,1,0,0,11.0,122.22,0,0,0,0,0.0,0.0,0,0
aad0c365,Nithish Kumar Reddy,Sunrisers Hyderabad,2023,2,0,0,0,0,0,0,0,0,0,0.0,0.0,2,30,0,54,10.8,0.0,0,0
52294a79,H Sharma,Royal Challengers Bengaluru,2023,1,0,0,0,0,0,0,0,0,0,0.0,0.0,1,18,0,28,9.33,0.0,0,0
cd8d2859,DG Nalkande,Gujarat Titans,2023,1,1,0,1,0,0,0,0,0,0,0.0,0.0,1,24,1,44,11.0,44.0,1,0
ba607b88,V Kohli,Royal Challengers Bengaluru,2024,15,15,741,479,113,3,62,38,5,1,61.75,154.7,0,0,0,0,0.0,0.0,0,0
23eeb873,DL Chahar,Chennai Super Kings,2024,8,0,0,0,0,0,0,0,0,0,0.0,0.0,8,141,5,202,8.6,40.4,2,0
3355b542,F du Plessis,Royal Challengers Bengaluru,2024,15,15,438,271,64,0,47,21,4,0,29.2,161.62,0,0,0,0,0.0,0.0,0,0
46a9bea1,TU Deshpande,Chennai Super Kings,2024,13,1,0,1,0,1,0,0,0,0,0.0,0.0,13,288,17,424,8.83,24.94,4,0
f24c6701,M Theekshana,Chennai Super Kings,2024,5,0,0,0,0,0,0,0,0,0,0.0,0.0,5,120,2,144,7.2,72.0,1,0
0a8fce53,Mustafizur Rahman,Chennai Super Kings,2024,9,0,0,0,0,0,0,0,0,0,0.0,0.0,9,206,14,318,9.26,22.71,4,0
c740ea83,RM Patidar,Royal Challengers Bengaluru,2024,13,13,395,223,55,0,21,33,5,0,30.38,177.13,0,0,0,0,0.0,0.0,0,0
b681e71e,GJ Maxwell,Royal Challengers Bengaluru,2024,10,9,52,43,28,0,6,2,0,0,5.78,120.93,6,96,6,129,8.06,21.5,2,0
eaa76d3c,C Green,Royal Challengers Bengaluru,2024,13,12,255,178,46,4,22,10,0,0,31.88,143.26,13,211,10,303,8.62,30.3,2,0
fe93fd9d,RA Jadeja,Chennai Super Kings,2024,14,11,267,187,57,5,22,8,1,0,44.5,142.78,14,282,8,369,7.85,46.12,3,0
c8f5f961,Anuj Rawat,Royal Challengers Bengaluru,2024,5,5,98,77,48,1,10,3,0,0,24.5,127.27,0,0,0,0,0.0,0.0,0,0
c03f1114,KD Karthik,Royal Challengers Bengaluru,2024,13,13,326,174,83,4,27,22,2,0,36.22,187.36,0,0,0,0,0.0,0.0,0,0
45a43fe2,RD Gaikwad,Chennai Super Kings,2024,14,14,583,413,108,3,58,18,4,1,53.0,141.16,0,0,0,0,0.0,0.0,0,0
2f49c897,Mohammed Siraj,Royal Challengers Bengaluru,2024,14,1,12,8,12,0,0,2,0,0,12.0,150.0,14,324,15,496,9.19,33.07,3,0
ba5e1069,R Ravindra,Chennai Super Kings,2024,10,10,222,138,61,0,22,12,1,0,22.2,160.87,2,12,0,7,3.5,0.0,0,0
7210d461,Yash Dayal,Royal Challengers Bengaluru,2024,14,0,0,0,0,0,0,0,0,0,0.0,0.0,14,301,15,459,9.15,30.6,3,0
b0946605,AS Joseph,Royal Challengers Bengaluru,2024,3,0,0,0,0,0,0,0,0,0,0.0,0.0,3,58,1,115,11.9,115.0,1,0
29e95537,AM Rahane,Chennai Super Kings,2024,12,12,242,196,45,0,24,7,0,0,20.17,123.47,0,0,0,0,0.0,0.0,0,0
119678fd,KV Sharma,Royal Challengers Bengaluru,2024,9,3,31,15,20,0,2,3,0,0,10.33,206.67,9,144,7,254,10.58,36.29,2,0
a457cfb5,Mayank Dagar,Royal Challengers Bengaluru,2024,5,1,0,1,0,0,0,0,0,0,0.0,0.0,5,71,1,120,10.14,120.0,1,0
eade4650,DJ Mitchell,Chennai Super Kings,2024,13,13,318,223,63,2,27,10,2,0,28.91,142.6,2,36,1,70,11.67,70.0,1,0
a4e37e47,S Dube,Chennai Super Kings,2024,14,14,396,244,66,3,28,28,3,0,36.0,162.3,1,6,1,14,14.0,14.0,1,0
dcce6f09,DA Warner,Delhi Capitals,2024,8,8,168,125,52,0,17,10,1,0,21.0,134.4,0,0,0,0,0.0,0.0,0,0
e94915e6,SM Curran,Punjab Kings,2024,13,12,270,219,63,2,24,6,2,0,27.0,123.29,13,246,16,416,10.15,26.0,3,0
3d8feaf8,MR Marsh,Delhi Capitals,2024,4,4,61,38,23,0,9,3,0,0,15.25,160.53,3,48,1,103,12.88,103.0,1,0
244048f6,Arshdeep Singh,Punjab Kings,2024,14,1,4,3,4,0,1,0,0,0,4.0,133.33,14,302,19,505,10.03,26.58,4,0
e62dd25d,K Rabada,Punjab Kings,2024,11,3,20,14,11,2,0,2,0,0,20.0,142.86,11,252,11,372,8.86,33.82,2,0
1fc6ef83,SD Hope,Delhi Capitals,2024,9,9,183,122,41,1,12,12,0,0,22.88,150.0,0,0,0,0,0.0,0.0,0,0
c05edf8e,Harpreet Brar,Punjab Kings,2024,13,7,75,54,29,5,8,2,0,0,37.5,138.89,13,228,7,303,7.97,43.29,2,0
2ed569a0,RD Chahar,Punjab Kings,2024,9,2,21,15,16,1,3,1,0,0,21.0,140.0,9,186,10,279,9.0,27.9,3,0
f986ca1a,HV Patel,Punjab Kings,2024,14,4,13,19,12,1,1,1,0,0,4.33,68.42,14,294,24,477,9.73,19.88,3,0
919a3be2,RR Pant,Delhi Capitals,2024,13,13,446,287,88,2,36,25,3,0,40.55,155.4,0,0,0,0,0.0,0.0,0,0
b63e358a,RK Bhui,Delhi Capitals,2024,2,2,3,9,3,0,0,0,0,0,1.5,33.33,0,0,0,0,0.0,0.0,0,0
85b3fab2,T Stubbs,Delhi Capitals,2024,14,13,378,198,71,6,24,26,3,0,54.0,190.91,2,12,3,15,7.5,5.0,2,0
2e171977,AR Patel,Delhi Capitals,2024,14,12,235,179,66,4,19,10,2,0,29.38,131.28,14,264,11,337,7.66,30.64,2,0
8998a68f,Sumit Kumar,Delhi Capitals,2024,3,3,18,24,9,1,2,1,0,0,9.0,75.0,2,20,0,38,11.4,0.0,0,0
ad3b6e95,Abishek Porel,Delhi Capitals,2024,12,12,327,205,65,2,36,13,2,0,32.7,159.51,0,0,0,0,0.0,0.0,0,0
8d2c70ad,Kuldeep Yadav,Delhi Capitals,2024,11,5,47,41,35,2,6,1,0,0,15.67,114.63,11,258,16,372,8.65,23.25,4,0
0a476045,S Dhawan,Punjab Kings,2024,5,5,152,121,70,0,18,4,1,0,30.4,125.62,0,0,0,0,0.0,0.0,0,0
a2f46292,KK Ahmed,Delhi Capitals,2024,14,0,0,0,0,0,0,0,0,0,0.0,0.0,14,300,17,479,9.58,28.18,2,0
abb83e27,JM Bairstow,Punjab Kings,2024,11,11,298,195,108,1,33,14,0,1,29.8,152.82,0,0,0,0,0.0,0.0,0,0
5bb1a1c4,I Sharma,Delhi Capitals,2024,9,2,1,7,1,2,0,0,0,0,0.0,14.29,9,162,10,265,9.81,26.5,3,0
9418198b,P Simran Singh,Punjab Kings,2024,14,14,334,213,71,0,34,20,2,0,23.86,156.81,0,0,0,0,0.0,0.0,0,0
800d2d97,JM Sharma,Punjab Kings,2024,12,12,187,142,32,1,9,12,0,0,17.0,131.69,0,0,0,0,0.0,0.0,0,0
50c6bc2b,LS Livingstone,Punjab Kings,2024,7,7,111,78,38,2,8,7,0,0,22.2,142.31,4,72,3,84,7.0,28.0,2,0
26989d80,Shashank Singh,Punjab Kings,2024,14,14,354,215,68,6,28,21,2,0,44.25,164.65,1,6,1,5,5.0,5.0,1,0
3d284ca3,PD Salt,Kolkata Knight Riders,2024,12,12,435,239,89,1,50,24,4,0,39.55,182.01,0,0,0,0,0.0,0.0,0,0
2e81a32d,B Kumar,Sunrisers Hyderabad,2024,16,5,23,29,13,2,3,0,0,0,7.67,79.31,16,342,11,533,9.35,48.45,3,0
9d430b40,SP Narine,Kolkata Knight Riders,2024,14,14,488,270,109,0,50,33,3,1,34.86,180.74,14,330,17,368,6.69,21.65,2,0
81c36ee9,M Jansen,Sunrisers Hyderabad,2024,3,2,18,13,17,1,1,1,0,0,18.0,138.46,3,60,1,129,12.9,129.0,1,0
a24be938,VR Iyer,Kolkata Knight Riders,2024,13,13,370,233,70,5,35,19,4,0,46.25,158.8,1,6,0,28,28.0,0.0,0,0
ce794613,T Natarajan,Sunrisers Hyderabad,2024,14,0,0,0,0,0,0,0,0,0,0.0,0.0,14,308,19,465,9.06,24.47,4,0
85ec8e33,SS Iyer,Kolkata Knight Riders,2024,14,14,351,239,58,5,34,14,2,0,39.0,146.86,0,0,0,0,0.0,0.0,0,0
fb2d1dda,N Rana,Kolkata Knight Riders,2024,2,2,42,34,33,0,5,1,0,0,21.0,123.53,0,0,0,0,0.0,0.0,0,0
ded9240e,PJ Cummins,Sunrisers Hyderabad,2024,16,10,136,95,35,4,9,8,0,0,22.67,143.16,16,366,18,566,9.28,31.44,3,0
a9fd84fb,M Markande,Sunrisers Hyderabad,2024,7,0,0,0,0,0,0,0,0,0,0.0,0.0,7,132,8,259,11.77,32.38,2,0
be24ead0,Ramandeep Singh,Kolkata Knight Riders,2024,9,9,125,62,35,5,5,12,0,0,31.25,201.61,1,4,0,9,13.5,0.0,0,0
f9e6e7ef,Shahbaz Ahmed,Sunrisers Hyderabad,2024,16,12,215,166,59,3,7,13,1,0,23.89,129.52,15,165,7,270,9.82,38.57,3,0
0a509d6b,RK Singh,Kolkata Knight Riders,2024,11,11,168,113,26,2,13,8,0,0,18.67,148.67,0,0,0,0,0.0,0.0,0,0
bbd41817,AD Russell,Kolkata Knight Riders,2024,14,9,222,120,64,2,20,16,1,0,31.71,185.0,14,176,19,295,10.06,15.53,3,0
3fb19989,MA Starc,Kolkata Knight Riders,2024,13,5,9,11,6,3,1,0,0,0,4.5,81.82,13,251,17,444,10.61,26.12,4,0
00ea847a,MA Agarwal,Sunrisers Hyderabad,2024,4,4,64,57,32,0,8,1,0,0,16.0,112.28,0,0,0,0,0.0,0.0,0,0
77b1aa15,Harshit Rana,Kolkata Knight Riders,2024,11,0,0,0,0,0,0,0,0,0,0.0,0.0,11,253,19,383,9.08,20.16,3,0
f29185a1,Abhishek Sharma,Sunrisers Hyderabad,2024,16,16,484,237,75,1,36,42,3,0,32.27,204.22,4,42,2,51,7.29,25.5,2,0
5b7ab5a9,CV Varun,Kolkata Knight Riders,2024,14,0,0,0,0,0,0,0,0,0,0.0,0.0,14,300,21,402,8.04,19.14,3,0
77255a9e,RA Tripathi,Sunrisers Hyderabad,2024,6,6,165,115,55,0,18,6,1,0,27.5,143.48,0,0,0,0,0.0,0.0,0,0
6a26221c,AK Markram,Sunrisers Hyderabad,2024,11,11,220,177,50,2,18,4,1,0,24.44,124.29,2,12,0,15,7.5,0.0,0,0
9440ef41,Suyash Sharma,Kolkata Knight Riders,2024,2,0,0,0,0,0,0,0,0,0,0.0,0.0,2,24,0,51,12.75,0.0,0,0
235c2bb6,H Klaasen,Sunrisers Hyderabad,2024,15,15,479,280,80,3,19,38,4,0,39.92,171.07,0,0,0,0,0.0,0.0,0,0
8e514b4c,Abdul Samad,Sunrisers Hyderabad,2024,12,12,182,108,37,2,15,11,0,0,18.2,168.52,0,0,0,0,0.0,0.0,0,0
6c19c6e5,YBK Jaiswal,Rajasthan Royals,2024,15,15,435,279,104,1,54,16,1,1,31.07,155.91,0,0,0,0,0.0,0.0,0,0
c33d8116,Mohsin Khan,Lucknow Super Giants,2024,10,1,2,1,2,0,0,0,0,0,2.0,200.0,10,228,10,385,10.13,38.5,2,0
99b75528,JC Buttler,Rajasthan Royals,2024,11,11,359,255,107,2,36,12,0,2,39.89,140.78,0,0,0,0,0.0,0.0,0,0
c0c411cb,Naveen-ul-Haq,Lucknow Super Giants,2024,10,1,2,4,2,1,0,0,0,0,0.0,50.0,10,219,14,372,10.19,26.57,3,0
a4cc73aa,SV Samson,Rajasthan Royals,2024,15,15,531,346,86,4,48,24,5,0,48.27,153.47,0,0,0,0,0.0,0.0,0,0
5b8c830e,KH Pandya,Lucknow Super Giants,2024,14,11,133,105,43,7,8,5,0,0,33.25,126.67,12,198,6,255,7.73,42.5,3,0
04a418e8,R Parag,Rajasthan Royals,2024,14,14,573,384,84,3,40,33,4,0,52.09,149.22,2,18,0,27,9.0,0.0,0,0
df064e1a,Ravi Bishnoi,Lucknow Super Giants,2024,14,3,4,6,2,0,0,0,0,0,1.33,66.67,14,262,10,383,8.77,38.3,2,0
4b31f3a3,Yash Thakur,Lucknow Super Giants,2024,10,0,0,0,0,0,0,0,0,0,0.0,0.0,10,213,11,402,11.32,36.55,5,0
48a1d7b7,SO Hetmyer,Rajasthan Royals,2024,9,9,113,69,27,4,9,7,0,0,22.6,163.77,0,0,0,0,0.0,0.0,0,0
872b03f7,A Badoni,Lucknow Super Giants,2024,12,12,235,171,55,4,22,5,2,0,29.38,137.43,2,12,0,25,12.5,0.0,0,0
bcf325d2,Dhruv Jurel,Rajasthan Royals,2024,11,11,195,141,56,3,18,7,2,0,24.38,138.3,0,0,0,0,0.0,0.0,0,0
372455c4,Q de Kock,Lucknow Super Giants,2024,11,11,250,186,81,0,29,9,3,0,22.73,134.41,0,0,0,0,0.0,0.0,0,0
a818c1be,TA Boult,Rajasthan Royals,2024,15,4,14,16,12,2,2,0,0,0,7.0,87.5,15,320,16,443,8.31,27.69,3,0
2c25d4f5,D Padikkal,Lucknow Super Giants,2024,7,7,38,53,13,0,3,0,0,0,5.43,71.7,0,0,0,0,0.0,0.0,0,0
b17e2f24,KL Rahul,Lucknow Super Giants,2024,14,14,520,382,82,0,45,19,4,0,37.14,136.13,0,0,0,0,0.0,0.0,0,0
465aa633,N Burger,Rajasthan Royals,2024,5,0,0,0,0,0,0,0,0,0,0.0,0.0,5,102,7,145,8.53,20.71,2,0
73ad96ed,DJ Hooda,Lucknow Super Giants,2024,9,9,145,105,50,1,16,3,1,0,18.12,138.1,2,18,0,22,7.33,0.0,0,0
495d42a5,R Ashwin,Rajasthan Royals,2024,14,8,86,74,29,2,5,4,0,0,14.33,116.22,14,330,9,467,8.49,51.89,3,0
eef2536f,Avesh Khan,Rajasthan Royals,2024,15,2,10,5,7,2,1,0,0,0,0.0,200.0,15,329,19,526,9.59,27.68,3,0
57ee1fde,YS Chahal,Rajasthan Royals,2024,15,0,0,0,0,0,0,0,0,0,0.0,0.0,15,348,18,546,9.41,30.33,3,0
3241e3fd,N Pooran,Lucknow Super Giants,2024,14,14,499,280,75,6,35,36,3,0,62.38,178.21,0,0,0,0,0.0,0.0,0,0
ce820073,Sandeep Sharma,Rajasthan Royals,2024,10,0,0,0,0,0,0,0,0,0,0.0,0.0,10,228,13,311,8.18,23.92,5,0
d9273ee7,MP Stoinis,Lucknow Super Giants,2024,14,14,388,263,124,2,39,16,2,1,32.33,147.53,7,84,4,126,9.0,31.5,1,0
fe11caa6,WP Saha,Gujarat Titans,2024,9,9,136,115,39,0,18,3,0,0,15.11,118.26,0,0,0,0,0.0,0.0,0,0
dbe50b21,HH Pandya,Mumbai Indians,2024,14,13,216,151,46,1,17,11,0,0,18.0,143.05,12,216,11,387,10.75,35.18,3,0
b4b99816,Shubman Gill,Gujarat Titans,2024,12,12,426,289,104,1,37,15,2,1,38.73,147.4,0,0,0,0,0.0,0.0,0,0
65b6943c,L Wood,Mumbai Indians,2024,2,1,9,3,9,1,0,1,0,0,0.0,300.0,2,36,1,93,15.5,93.0,1,0
462411b3,JJ Bumrah,Mumbai Indians,2024,13,4,12,12,8,4,1,0,0,0,0.0,100.0,13,311,20,336,6.48,16.8,5,0
9d704f6f,SZ Mulani,Mumbai Indians,2024,2,1,1,1,1,1,0,0,0,0,0.0,100.0,2,30,0,57,11.4,0.0,0,0
d5130a30,B Sai Sudharsan,Gujarat Titans,2024,12,12,527,373,103,1,48,17,2,1,47.91,141.29,0,0,0,0,0.0,0.0,0,0
98ae73b1,PP Chawla,Mumbai Indians,2024,11,6,15,15,10,2,1,1,0,0,3.75,100.0,11,210,13,312,8.91,24.0,3,0
8f6dd463,Azmatullah Omarzai,Gujarat Titans,2024,7,4,42,33,17,0,2,2,0,0,10.5,127.27,7,126,4,186,8.86,46.5,2,0
fffa744b,Naman Dhir,Mumbai Indians,2024,7,7,140,79,62,1,12,10,1,0,23.33,177.22,3,28,0,55,11.79,0.0,0,0
3204c99f,G Coetzee,Mumbai Indians,2024,10,5,14,22,8,1,0,1,0,0,3.5,63.64,10,201,13,341,10.18,26.23,4,0
d67d5f00,DA Miller,Gujarat Titans,2024,9,9,210,139,55,3,20,8,1,0,35.0,151.08,0,0,0,0,0.0,0.0,0,0
0994d0ae,V Shankar,Gujarat Titans,2024,7,7,83,72,17,2,7,2,0,0,16.6,115.28,0,0,0,0,0.0,0.0,0,0
39a2dfa8,R Tewatia,Gujarat Titans,2024,9,9,188,129,36,2,24,5,0,0,26.86,145.74,0,0,0,0,0.0,0.0,0,0
5f547c8b,Rashid Khan,Gujarat Titans,2024,12,8,102,71,31,3,11,3,0,0,20.4,143.66,12,262,10,367,8.4,36.7,2,0
752f7486,Ishan Kishan,Mumbai Indians,2024,14,14,320,215,69,0,35,16,1,0,22.86,148.84,0,0,0,0,0.0,0.0,0,0
cc1e8c68,UT Yadav,Gujarat Titans,2024,7,2,12,15,10,1,0,1,0,0,12.0,80.0,7,126,8,210,10.0,26.25,2,0
740742ef,RG Sharma,Mumbai Indians,2024,14,14,417,278,105,1,45,23,1,1,32.08,150.0,0,0,0,0,0.0,0.0,0,0
844e79d1,D Brevis,Mumbai Indians,2024,3,3,69,59,46,0,3,5,0,0,23.0,116.95,0,0,0,0,0.0,0.0,0,0
c7a995d3,R Sai Kishore,Gujarat Titans,2024,5,1,13,6,13,0,0,2,0,0,13.0,216.67,5,90,7,137,9.13,19.57,4,0
83c3e8e3,SH Johnson,Gujarat Titans,2024,5,3,6,7,5,3,1,0,0,0,0.0,85.71,5,96,4,151,9.44,37.75,2,0
759ac88f,MM Sharma,Gujarat Titans,2024,12,2,2,15,2,0,0,0,0,0,1.0,13.33,11,234,13,425,10.9,32.69,3,0
b0482a1d,Tilak Varma,Mumbai Indians,2024,13,13,416,278,65,3,35,19,3,0,41.6,149.64,1,4,0,8,12.0,0.0,0,0
f1f99156,TH David,Mumbai Indians,2024,11,11,241,152,45,3,14,15,0,0,30.12,158.55,0,0,0,0,0.0,0.0,0,0
da934ee8,MK Lomror,Royal Challengers Bengaluru,2024,10,10,125,68,33,2,9,9,0,0,15.62,183.82,1,6,0,18,18.0,0.0,0,0
f89d3b11,Sameer Rizvi,Chennai Super Kings,2024,5,5,51,43,21,1,4,2,0,0,12.75,118.6,0,0,0,0,0.0,0.0,0,0
64839cb3,M Pathirana,Chennai Super Kings,2024,6,0,0,0,0,0,0,0,0,0,0.0,0.0,6,132,13,169,7.68,13.0,4,0
107c26fb,KT Maphaka,Mumbai Indians,2024,2,0,0,0,0,0,0,0,0,0,0.0,0.0,2,36,1,89,14.83,89.0,1,0
12b610c2,TM Head,Sunrisers Hyderabad,2024,15,15,567,296,102,1,64,32,4,1,40.5,191.55,1,10,0,32,19.2,0.0,0,0
1e66c162,JD Unadkat,Sunrisers Hyderabad,2024,11,5,24,26,8,2,2,1,0,0,8.0,92.31,11,187,8,319,10.24,39.88,3,0
81c08fa3,Umran Malik,Sunrisers Hyderabad,2024,1,0,0,0,0,0,0,0,0,0,0.0,0.0,1,6,0,15,15.0,0.0,0,0
c5aef772,R Shepherd,Mumbai Indians,2024,6,5,57,21,39,3,5,5,0,0,28.5,271.43,5,72,1,159,13.25,159.0,1,0
2cffab74,Mukesh Kumar,Delhi Capitals,2024,10,2,3,9,3,1,0,0,0,0,3.0,33.33,10,213,17,368,10.37,21.65,3,0
acdc62f5,A Nortje,Delhi Capitals,2024,6,2,4,8,4,0,0,0,0,0,2.0,50.0,6,132,7,294,13.36,42.0,3,0
e4cdf230,AS Roy,Kolkata Knight Riders,2024,3,1,3,3,3,1,0,0,0,0,0.0,100.0,3,34,0,60,10.59,0.0,0,0
54e52590,Vijaykumar Vyshak,Royal Challengers Bengaluru,2024,4,2,1,3,1,1,0,0,0,0,1.0,33.33,4,87,4,142,9.79,35.5,2,0
cf0ccafa,M Siddharth,Lucknow Super Giants,2024,3,0,0,0,0,0,0,0,0,0,0.0,0.0,3,54,1,71,7.89,71.0,1,0
b1ad996b,MP Yadav,Lucknow Super Giants,2024,4,0,0,0,0,0,0,0,0,0,0.0,0.0,4,73,7,85,6.99,12.14,3,0
efc04be7,Noor Ahmad,Gujarat Titans,2024,10,2,5,9,4,0,1,0,0,0,2.5,55.56,10,209,8,290,8.33,36.25,2,0
cd8d2859,DG Nalkande,Gujarat Titans,2024,3,1,12,11,12,0,0,1,0,0,12.0,109.09,3,29,3,45,9.31,15.0,2,0
f19ccfad,Washington Sundar,Sunrisers Hyderabad,2024,2,1,0,1,0,0,0,0,0,0,0.0,0.0,2,30,1,73,14.6,73.0,1,0
8b3e9c7c,PP Shaw,Delhi Capitals,2024,8,8,198,121,66,0,30,5,1,0,24.75,163.64,0,0,0,0,0.0,0.0,0,0
b8527c3d,Rasikh Salam,Delhi Capitals,2024,8,4,28,30,10,0,4,0,0,0,7.0,93.33,8,147,9,269,10.98,29.89,3,0
4a8a2e3b,MS Dhoni,Chennai Super Kings,2024,11,11,161,73,37,8,14,13,0,0,53.67,220.55,0,0,0,0,0.0,0.0,0,0
4bd09374,Akash Madhwal,Mumbai Indians,2024,5,1,4,5,4,1,0,0,0,0,0.0,80.0,5,109,5,205,11.28,41.0,3,0
6b2ff18f,SB Dubey,Rajasthan Royals,2024,3,3,33,19,25,1,3,2,0,0,16.5,173.68,0,0,0,0,0.0,0.0,0,0
8db7f47f,RJW Topley,Royal Challengers Bengaluru,2024,4,1,3,6,3,1,0,0,0,0,0.0,50.0,4,90,4,168,11.2,42.0,2,0
d7017798,A Raghuvanshi,Kolkata Knight Riders,2024,7,7,163,105,54,0,16,8,1,0,23.29,155.24,0,0,0,0,0.0,0.0,0,0
7c3b3b78,VG Arora,Kolkata Knight Riders,2024,10,1,1,1,1,1,0,0,0,0,0.0,100.0,10,180,11,276,9.2,25.09,3,0
d027ba9f,KS Williamson,Gujarat Titans,2024,2,2,27,27,26,0,4,0,0,0,13.5,100.0,0,0,0,0,0.0,0.0,0,0
26d041c4,Sikandar Raza,Punjab Kings,2024,2,2,43,38,28,0,2,2,0,0,21.5,113.16,1,12,0,22,11.0,0.0,0,0
84d9c311,Ashutosh Sharma,Punjab Kings,2024,9,9,189,113,61,2,10,15,1,0,27.0,167.26,0,0,0,0,0.0,0.0,0,0
765a4731,Mukesh Choudhary,Chennai Super Kings,2024,1,0,0,0,0,0,0,0,0,0,0.0,0.0,1,6,0,27,27.0,0.0,0,0
bb351c23,MM Ali,Chennai Super Kings,2024,7,5,128,98,56,0,7,8,1,0,25.6,130.61,4,48,2,71,8.88,35.5,2,0
aad0c365,Nithish Kumar Reddy,Sunrisers Hyderabad,2024,11,11,303,212,76,2,15,21,2,0,33.67,142.92,7,79,3,153,11.62,51.0,2,0
9e7225b0,Saurav Chauhan,Royal Challengers Bengaluru,2024,3,3,18,15,9,0,1,1,0,0,6.0,120.0,0,0,0,0,0.0,0.0,0,0
52294a79,H Sharma,Royal Challengers Bengaluru,2024,1,0,0,0,0,0,0,0,0,0,0.0,0.0,1,12,0,29,14.5,0.0,0,0
1ee08e9a,JA Richardson,Delhi Capitals,2024,1,1,2,2,2,0,0,0,0,0,2.0,100.0,1,24,0,40,10.0,0.0,0,0
ad427b5c,Lalit Yadav,Delhi Capitals,2024,2,2,10,12,7,0,1,0,0,0,5.0,83.33,2,18,0,56,18.67,0.0,0,0
271f83cd,SA Yadav,Mumbai Indians,2024,11,11,345,206,102,1,36,18,3,1,34.5,167.48,0,0,0,0,0.0,0.0,0,0
62af8546,Mohammad Nabi,Mumbai Indians,2024,7,5,35,31,23,1,2,2,0,0,8.75,112.9,6,74,2,109,8.84,54.5,1,0
57ca01b3,Kumar Kushagra,Delhi Capitals,2024,3,3,3,7,2,0,0,0,0,0,1.0,42.86,0,0,0,0,0.0,0.0,0,0
c2dd89ea,BR Sharath,Gujarat Titans,2024,1,1,2,5,2,0,0,0,0,0,2.0,40.0,0,0,0,0,0.0,0.0,0,0
1abb78f8,SN Thakur,Chennai Super Kings,2024,9,3,21,17,17,2,2,1,0,0,21.0,123.53,9,190,5,309,9.76,61.8,2,0
0b60eb09,KA Maharaj,Rajasthan Royals,2024,2,1,1,2,1,0,0,0,0,0,1.0,50.0,2,36,2,39,6.5,19.5,2,0
2e78f685,KR Sen,Rajasthan Royals,2024,3,0,0,0,0,0,0,0,0,0,0.0,0.0,3,72,6,122,10.17,20.33,3,0
afa7e784,MS Wade,Gujarat Titans,2024,1,1,4,6,4,0,0,0,0,0,4.0,66.67,0,0,0,0,0.0,0.0,0,0
0890552f,A Manohar,Gujarat Titans,2024,2,2,9,16,8,0,1,0,0,0,4.5,56.25,0,0,0,0,0.0,0.0,0,0
7dcb9bc9,M Shahrukh Khan,Gujarat Titans,2024,7,7,127,75,58,0,9,9,1,0,18.14,169.33,2,12,0,15,7.5,0.0,0,0
9caf69a1,WG Jacks,Royal Challengers Bengaluru,2024,8,8,230,131,100,1,16,18,1,1,32.86,175.57,5,54,2,100,11.11,50.0,1,0
7a8bd078,S Gopal,Mumbai Indians,2024,3,0,0,0,0,0,0,0,0,0,0.0,0.0,3,42,3,67,9.57,22.33,1,0
0a67aec0,Akash Deep,Royal Challengers Bengaluru,2024,1,1,2,2,2,1,0,0,0,0,0.0,100.0,1,21,1,55,15.71,55.0,1,0
12314277,Arshad Khan,Lucknow Super Giants,2024,4,4,83,54,58,2,6,5,1,0,41.5,153.7,4,61,1,114,11.21,114.0,1,0
9b6e1b3f,J Fraser-McGurk,Delhi Capitals,2024,9,9,330,141,84,0,32,28,4,0,36.67,234.04,0,0,0,0,0.0,0.0,0,0
1ac746c8,Atharva Taide,Punjab Kings,2024,2,2,61,39,46,0,7,2,0,0,30.5,156.41,1,1,0,4,24.0,0.0,0,0
5724e517,Tanush Kotian,Rajasthan Royals,2024,1,1,24,31,24,0,3,0,0,0,24.0,77.42,0,0,0,0,0.0,0.0,0,0
650d5e49,R Powell,Rajasthan Royals,2024,7,7,103,68,27,1,10,6,0,0,17.17,151.47,0,0,0,0,0.0,0.0,0,0
97290faf,S Joseph,Lucknow Super Giants,2024,1,0,0,0,0,0,0,0,0,0,0.0,0.0,1,24,0,47,11.75,0.0,0,0
2f9d0389,LH Ferguson,Royal Challengers Bengaluru,2024,7,1,1,1,1,0,0,0,0,0,1.0,100.0,7,144,9,255,10.62,28.33,2,0
cdc6bdba,S Sandeep Warrier,Gujarat Titans,2024,5,0,0,0,0,0,0,0,0,0,0.0,0.0,5,66,6,119,10.82,19.83,3,0
cad00a4d,RR Rossouw,Punjab Kings,2024,8,8,211,116,61,0,25,11,1,0,26.38,181.9,0,0,0,0,0.0,0.0,0,0
28c78fb3,Harpreet Singh,Punjab Kings,2024,2,2,27,34,14,0,2,0,0,0,13.5,79.41,0,0,0,0,0.0,0.0,0,0
e84ac20c,MJ Henry,Lucknow Super Giants,2024,4,0,0,0,0,0,0,0,0,0,0.0,0.0,4,72,1,110,9.17,110.0,1,0
9385de2e,SS Prabhudessai,Royal Challengers Bengaluru,2024,1,1,24,18,24,0,3,0,0,0,24.0,133.33,0,0,0,0,0.0,0.0,0,0
d1a60072,N Wadhera,Mumbai Indians,2024,6,6,109,84,49,0,9,6,0,0,18.17,129.76,1,12,0,13,6.5,0.0,0,0
ee1b6c27,N Thushara,Mumbai Indians,2024,7,0,0,0,0,0,0,0,0,0,0.0,0.0,7,156,8,257,9.88,32.12,3,0
983f2f61,Swapnil Singh,Royal Challengers Bengaluru,2024,7,5,37,21,15,3,3,3,0,0,18.5,176.19,7,90,6,133,8.87,22.17,2,0
327b58d3,PVD Chameera,Kolkata Knight Riders,2024,1,0,0,0,0,0,0,0,0,0,0.0,0.0,1,18,0,48,16.0,0.0,0,0
a1d95bd8,LB Williams,Delhi Capitals,2024,2,1,1,2,1,1,0,0,0,0,0.0,50.0,2,36,1,72,12.0,72.0,1,0
6b19d823,A Mishra,Lucknow Super Giants,2024,1,0,0,0,0,0,0,0,0,0,0.0,0.0,1,12,1,20,10.0,20.0,1,0
1399b39c,Anmolpreet Singh,Sunrisers Hyderabad,2024,2,2,5,6,5,0,1,0,0,0,2.5,83.33,0,0,0,0,0.0,0.0,0,0
2d140b79,AA Kulkarni,Lucknow Super Giants,2024,2,2,9,8,9,0,2,0,0,0,4.5,112.5,0,0,0,0,0.0,0.0,0,0
ff1e12a0,AJ Turner,Lucknow Super Giants,2024,2,2,21,18,16,0,0,2,0,0,10.5,116.67,0,0,0,0,0.0,0.0,0,0
402f8494,RJ Gleeson,Chennai Super Kings,2024,2,1,2,2,2,1,0,0,0,0,0.0,100.0,2,47,1,71,9.06,71.0,1,0
93b4fc78,MK Pandey,Kolkata Knight Riders,2024,1,1,42,31,42,0,2,2,0,0,42.0,135.48,0,0,0,0,0.0,0.0,0,0
025c4400,MJ Suthar,Gujarat Titans,2024,1,1,1,2,1,0,0,0,0,0,1.0,50.0,1,12,0,26,13.0,0.0,0,0
9061a703,J Little,Gujarat Titans,2024,1,0,0,0,0,0,0,0,0,0,0.0,0.0,1,24,4,45,11.25,11.25,4,0
e4a0deae,MJ Santner,Chennai Super Kings,2024,3,3,14,17,11,0,1,0,0,0,4.67,82.35,3,54,2,64,7.11,32.0,1,0
30df8c66,Simarjeet Singh,Chennai Super Kings,2024,4,0,0,0,0,0,0,0,0,0,0.0,0.0,4,72,5,121,10.08,24.2,3,0
4885bbe6,Yudhvir Singh,Lucknow Super Giants,2024,2,2,21,14,14,0,1,2,0,0,10.5,150.0,2,24,1,52,13.0,52.0,1,0
fcc21ace,A Kamboj,Mumbai Indians,2024,3,1,2,2,2,1,0,0,0,0,0.0,100.0,3,60,2,114,11.4,57.0,1,0
b0f2baf4,Sanvir Singh,Sunrisers Hyderabad,2024,3,3,14,12,8,2,1,0,0,0,14.0,116.67,0,0,0,0,0.0,0.0,0,0
9f77963a,Gulbadin Naib,Delhi Capitals,2024,2,1,19,15,19,0,1,1,0,0,19.0,126.67,1,6,0,12,12.0,0.0,0,0
f0af99a7,D Ferreira,Rajasthan Royals,2024,2,2,8,11,7,0,0,0,0,0,4.0,72.73,0,0,0,0,0.0,0.0,0,0
03a83c50,V Viyaskanth,Sunrisers Hyderabad,2024,3,1,7,5,7,1,0,0,0,0,0.0,140.0,3,60,1,86,8.6,86.0,1,0
90de905a,K Gowtham,Lucknow Super Giants,2024,1,0,0,0,0,0,0,0,0,0,0.0,0.0,1,12,0,29,14.5,0.0,0,0
d4d929b0,V Kaverappa,Punjab Kings,2024,1,0,0,0,0,0,0,0,0,0,0.0,0.0,1,24,2,36,9.0,18.0,2,0
5d2eea49,Kartik Tyagi,Gujarat Titans,2024,1,0,0,0,0,0,0,0,0,0,0.0,0.0,1,24,0,51,12.75,0.0,0,0
f836b33d,T Kohler-Cadmore,Rajasthan Royals,2024,3,3,48,54,20,0,7,1,0,0,16.0,88.89,0,0,0,0,0.0,0.0,0,0
9eb1455b,NT Ellis,Punjab Kings,2024,1,0,0,0,0,0,0,0,0,0,0.0,0.0,1,24,1,24,6.0,24.0,1,0
44aac2f0,Arjun Tendulkar,Mumbai Indians,2024,1,0,0,0,0,0,0,0,0,0,0.0,0.0,1,14,0,22,9.43,0.0,0,0
e1d9ae9c,Shivam Singh,Punjab Kings,2024,1,1,2,3,2,1,0,0,0,0,0.0,66.67,0,0,0,0,0.0,0.0,0,0
26a85969,R Dhawan,Punjab Kings,2024,1,0,0,0,0,0,0,0,0,0,0.0,0.0,1,18,0,35,11.67,0.0,0,0
0bacade8,Rahmanullah Gurbaz,Kolkata Knight Riders,2024,2,2,62,46,39,0,7,4,0,0,31.0,134.78,0,0,0,0,0.0,0.0,0,0
372455c4,Q de Kock,Kolkata Knight Riders,2025,8,8,152,117,97,1,9,11,1,0,21.71,129.91,0,0,0,0,0.0,0.0,0,0
03806cf8,JR Hazlewood,Royal Challengers Bengaluru,2025,12,1,0,1,0,1,0,0,0,0,0.0,0.0,12,264,22,386,8.77,17.55,4,0
29e95537,AM Rahane,Kolkata Knight Riders,2025,12,12,390,264,61,1,36,20,3,0,35.45,147.73,0,0,0,0,0.0,0.0,0,0
9d430b40,SP Narine,Kolkata Knight Riders,2025,12,12,246,144,44,1,25,19,0,0,22.36,170.83,12,270,12,351,7.8,29.25,3,0
7210d461,Yash Dayal,Royal Challengers Bengaluru,2025,15,3,4,8,3,1,0,0,0,0,2.0,50.0,15,294,13,470,9.59,36.15,2,0
b8527c3d,Rasikh Salam,Royal Challengers Bengaluru,2025,2,0,0,0,0,0,0,0,0,0,0.0,0.0,2,36,1,70,11.67,70.0,1,0
5b8c830e,KH Pandya,Royal Challengers Bengaluru,2025,15,7,109,86,73,1,9,4,1,0,18.17,126.74,15,276,17,379,8.24,22.29,4,0
9440ef41,Suyash Sharma,Royal Challengers Bengaluru,2025,14,0,0,0,0,0,0,0,0,0,0.0,0.0,14,300,8,442,8.84,55.25,3,0
a24be938,VR Iyer,Kolkata Knight Riders,2025,7,7,142,102,60,0,15,4,1,0,20.29,139.22,0,0,0,0,0.0,0.0,0,0
d7017798,A Raghuvanshi,Kolkata Knight Riders,2025,11,11,300,215,50,2,30,8,1,0,33.33,139.53,0,0,0,0,0.0,0.0,0,0
0a509d6b,RK Singh,Kolkata Knight Riders,2025,11,11,206,134,38,4,20,10,0,0,29.43,153.73,0,0,0,0,0.0,0.0,0,0
50c6bc2b,LS Livingstone,Royal Challengers Bengaluru,2025,9,8,112,84,54,1,4,9,1,0,16.0,133.33,5,54,2,76,8.44,38.0,2,0
bbd41817,AD Russell,Kolkata Knight Riders,2025,11,10,167,102,57,1,16,14,1,0,18.56,163.73,9,109,8,217,11.94,27.12,2,0
be24ead0,Ramandeep Singh,Kolkata Knight Riders,2025,7,7,47,35,22,2,1,4,0,0,9.4,134.29,0,0,0,0,0.0,0.0,0,0
77b1aa15,Harshit Rana,Kolkata Knight Riders,2025,13,7,57,53,34,3,5,3,0,0,14.25,107.55,13,264,15,448,10.18,29.87,3,0
83c3e8e3,SH Johnson,Kolkata Knight Riders,2025,4,2,2,4,1,2,0,0,0,0,0.0,50.0,4,68,1,133,11.74,133.0,1,0
3d284ca3,PD Salt,Royal Challengers Bengaluru,2025,13,13,403,229,65,1,48,22,4,0,33.58,175.98,0,0,0,0,0.0,0.0,0,0
7c3b3b78,VG Arora,Kolkata Knight Riders,2025,12,2,0,8,0,0,0,0,0,0,0.0,0.0,12,255,17,430,10.12,25.29,3,0
ba607b88,V Kohli,Royal Challengers Bengaluru,2025,15,15,657,454,73,3,66,19,8,0,54.75,144.71,0,0,0,0,0.0,0.0,0,0
5b7ab5a9,CV Varun,Kolkata Knight Riders,2025,13,1,1,1,1,1,0,0,0,0,0.0,100.0,13,300,17,383,7.66,22.53,3,0
2c25d4f5,D Padikkal,Royal Challengers Bengaluru,2025,10,10,247,164,61,1,22,14,2,0,27.44,150.61,0,0,0,0,0.0,0.0,0,0
c740ea83,RM Patidar,Royal Challengers Bengaluru,2025,14,14,312,217,64,1,25,14,2,0,24.0,143.78,0,0,0,0,0.0,0.0,0,0
f29185a1,Abhishek Sharma,Sunrisers Hyderabad,2025,14,13,439,227,141,0,46,28,2,1,33.77,193.39,6,66,0,112,10.18,0.0,0,0
e9c7f0d0,Fazalhaq Farooqi,Rajasthan Royals,2025,5,1,2,2,2,1,0,0,0,0,0.0,100.0,5,102,0,210,12.35,0.0,0,0
12b610c2,TM Head,Sunrisers Hyderabad,2025,12,12,374,230,76,0,50,15,3,0,31.17,162.61,0,0,0,0,0.0,0.0,0,0
f24c6701,M Theekshana,Rajasthan Royals,2025,11,4,10,27,5,2,0,0,0,0,5.0,37.04,11,252,11,410,9.76,37.27,2,0
752f7486,Ishan Kishan,Sunrisers Hyderabad,2025,13,13,354,232,106,3,33,15,1,1,35.4,152.59,1,1,0,4,24.0,0.0,0,0
5574750c,JC Archer,Rajasthan Royals,2025,12,7,63,50,30,1,3,4,0,0,10.5,126.0,12,273,11,431,9.47,39.18,3,0
ce820073,Sandeep Sharma,Rajasthan Royals,2025,10,1,6,5,6,1,0,0,0,0,0.0,120.0,10,219,9,361,9.89,40.11,2,0
fb2d1dda,N Rana,Rajasthan Royals,2025,11,11,217,134,81,1,27,9,2,0,21.7,161.94,2,12,0,18,9.0,0.0,0,0
46a9bea1,TU Deshpande,Rajasthan Royals,2025,10,4,7,8,3,3,0,0,0,0,7.0,87.5,10,192,9,340,10.62,37.78,3,0
aad0c365,Nithish Kumar Reddy,Sunrisers Hyderabad,2025,12,11,182,153,32,3,16,4,0,0,22.75,118.95,3,30,2,47,9.4,23.5,1,0
235c2bb6,H Klaasen,Sunrisers Hyderabad,2025,13,13,487,282,105,2,42,25,1,1,44.27,172.7,0,0,0,0,0.0,0.0,0,0
a3b0600d,Aniket Verma,Sunrisers Hyderabad,2025,12,12,236,142,74,3,12,20,1,0,26.22,166.2,0,0,0,0,0.0,0.0,0,0
0890552f,A Manohar,Sunrisers Hyderabad,2025,5,5,61,61,43,0,2,4,0,0,12.2,100.0,0,0,0,0,0.0,0.0,0,0
ded9240e,PJ Cummins,Sunrisers Hyderabad,2025,14,9,97,58,22,5,6,7,0,0,24.25,167.24,14,298,16,450,9.06,28.12,3,0
6c19c6e5,YBK Jaiswal,Rajasthan Royals,2025,14,14,559,350,75,1,60,28,6,0,43.0,159.71,0,0,0,0,0.0,0.0,0,0
8cf9814c,Mohammed Shami,Sunrisers Hyderabad,2025,9,4,10,10,6,3,1,0,0,0,10.0,100.0,9,180,6,337,11.23,56.17,2,0
a4cc73aa,SV Samson,Rajasthan Royals,2025,9,9,285,203,66,0,27,13,1,0,31.67,140.39,0,0,0,0,0.0,0.0,0,0
30df8c66,Simarjeet Singh,Sunrisers Hyderabad,2025,4,3,3,7,3,1,0,0,0,0,1.5,42.86,4,60,2,141,14.1,70.5,2,0
04a418e8,R Parag,Rajasthan Royals,2025,14,14,393,236,95,2,27,27,1,0,32.75,166.53,9,120,3,170,8.5,56.67,1,0
bcf325d2,Dhruv Jurel,Rajasthan Royals,2025,13,13,333,213,70,4,22,22,2,0,37.0,156.34,0,0,0,0,0.0,0.0,0,0
14f96089,A Zampa,Sunrisers Hyderabad,2025,2,0,0,0,0,0,0,0,0,0,0.0,0.0,2,48,2,94,11.75,47.0,1,0
f986ca1a,HV Patel,Sunrisers Hyderabad,2025,13,4,21,26,12,2,0,0,0,0,10.5,80.77,13,263,16,430,9.81,26.88,4,0
6b2ff18f,SB Dubey,Rajasthan Royals,2025,8,8,106,66,34,4,6,8,0,0,26.5,160.61,0,0,0,0,0.0,0.0,0,0
48a1d7b7,SO Hetmyer,Rajasthan Royals,2025,13,13,239,164,52,2,17,11,1,0,21.73,145.73,0,0,0,0,0.0,0.0,0,0
740742ef,RG Sharma,Mumbai Indians,2025,15,15,418,280,81,1,41,22,4,0,29.86,149.29,0,0,0,0,0.0,0.0,0,0
a2f46292,KK Ahmed,Chennai Super Kings,2025,14,1,1,2,1,1,0,0,0,0,0.0,50.0,14,280,15,447,9.58,29.8,3,0
9caf69a1,WG Jacks,Mumbai Indians,2025,12,11,233,172,53,1,22,11,1,0,23.3,135.47,8,84,6,120,8.57,20.0,2,0
e66732f8,RD Rickelton,Mumbai Indians,2025,14,14,388,257,62,1,47,17,3,0,29.85,150.97,0,0,0,0,0.0,0.0,0,0
e94915e6,SM Curran,Chennai Super Kings,2025,5,5,114,84,88,0,11,4,1,0,22.8,135.71,5,72,1,133,11.08,133.0,1,0
271f83cd,SA Yadav,Mumbai Indians,2025,16,16,717,427,73,5,69,38,5,0,65.18,167.92,0,0,0,0,0.0,0.0,0,0
9eb1455b,NT Ellis,Chennai Super Kings,2025,1,0,0,0,0,0,0,0,0,0,0.0,0.0,1,24,1,38,9.5,38.0,1,0
495d42a5,R Ashwin,Chennai Super Kings,2025,9,4,33,30,13,0,3,1,0,0,8.25,110.0,9,186,7,283,9.13,40.43,2,0
b0482a1d,Tilak Varma,Mumbai Indians,2025,13,13,343,248,59,2,23,16,2,0,31.18,138.31,0,0,0,0,0.0,0.0,0,0
fe93fd9d,RA Jadeja,Chennai Super Kings,2025,14,14,301,222,77,5,25,10,2,0,33.44,135.59,14,227,10,324,8.56,32.4,2,0
efc04be7,Noor Ahmad,Chennai Super Kings,2025,14,6,7,17,2,2,0,0,0,0,1.75,41.18,14,300,24,408,8.16,17.0,4,0
bafd0398,R Minz,Mumbai Indians,2025,2,2,6,15,3,0,0,0,0,0,3.0,40.0,0,0,0,0,0.0,0.0,0,0
fffa744b,Naman Dhir,Mumbai Indians,2025,12,12,252,138,46,4,25,13,0,0,31.5,182.61,2,24,0,21,5.25,0.0,0,0
e4a0deae,MJ Santner,Mumbai Indians,2025,13,8,40,33,18,6,2,3,0,0,20.0,121.21,13,237,10,313,7.92,31.3,3,0
23eeb873,DL Chahar,Mumbai Indians,2025,14,4,37,25,28,3,3,2,0,0,37.0,148.0,14,246,11,376,9.17,34.18,2,0
a818c1be,TA Boult,Mumbai Indians,2025,16,2,2,3,1,1,0,0,0,0,2.0,66.67,16,346,22,517,8.97,23.5,4,0
c27b5a0e,PVSN Raju,Mumbai Indians,2025,2,1,1,1,1,1,0,0,0,0,0.0,100.0,2,24,1,53,13.25,53.0,1,0
ba5e1069,R Ravindra,Chennai Super Kings,2025,8,8,191,149,65,1,18,4,1,0,27.29,128.19,0,0,0,0,0.0,0.0,0,0
77255a9e,RA Tripathi,Chennai Super Kings,2025,5,5,55,57,23,0,6,1,0,0,11.0,96.49,0,0,0,0,0.0,0.0,0,0
45a43fe2,RD Gaikwad,Chennai Super Kings,2025,5,5,122,81,63,0,14,4,2,0,24.4,150.62,0,0,0,0,0.0,0.0,0,0
1e030637,V Puthur,Mumbai Indians,2025,5,0,0,0,0,0,0,0,0,0,0.0,0.0,5,72,6,109,9.08,18.17,3,0
a4e37e47,S Dube,Chennai Super Kings,2025,14,14,357,270,50,3,22,21,1,0,32.45,132.22,1,12,0,33,16.5,0.0,0,0
73ad96ed,DJ Hooda,Chennai Super Kings,2025,6,5,31,41,22,0,2,1,0,0,6.2,75.61,1,6,0,15,15.0,0.0,0,0
4a8a2e3b,MS Dhoni,Chennai Super Kings,2025,13,13,196,145,30,5,12,12,0,0,24.5,135.17,0,0,0,0,0.0,0.0,0,0
6a26221c,AK Markram,Lucknow Super Giants,2025,13,13,445,299,66,0,38,22,5,0,34.23,148.83,5,66,4,102,9.27,25.5,2,0
3fb19989,MA Starc,Delhi Capitals,2025,12,5,6,10,2,3,0,0,0,0,3.0,60.0,11,228,14,389,10.24,27.79,5,0
3d8feaf8,MR Marsh,Lucknow Super Giants,2025,13,13,627,383,117,0,56,37,6,1,48.23,163.71,0,0,0,0,0.0,0.0,0,0
2e171977,AR Patel,Delhi Capitals,2025,13,11,263,167,43,1,23,15,0,0,26.3,157.49,12,216,5,313,8.69,62.6,2,0
5ffc0565,V Nigam,Delhi Capitals,2025,14,8,142,79,39,1,16,8,0,0,20.29,179.75,13,234,11,356,9.13,32.36,2,0
3241e3fd,N Pooran,Lucknow Super Giants,2025,14,14,524,267,87,2,45,40,5,0,43.67,196.25,0,0,0,0,0.0,0.0,0,0
2cffab74,Mukesh Kumar,Delhi Capitals,2025,12,0,0,0,0,0,0,0,0,0,0.0,0.0,12,237,12,408,10.33,34.0,4,0
8d2c70ad,Kuldeep Yadav,Delhi Capitals,2025,14,5,18,16,7,2,2,0,0,0,6.0,112.5,14,318,15,390,7.36,26.0,3,0
759ac88f,MM Sharma,Delhi Capitals,2025,8,2,1,3,1,1,0,0,0,0,1.0,33.33,8,150,2,257,10.28,128.5,1,0
919a3be2,RR Pant,Lucknow Super Giants,2025,13,13,269,202,118,2,23,16,1,1,24.45,133.17,0,0,0,0,0.0,0.0,0,0
85b3fab2,T Stubbs,Delhi Capitals,2025,13,13,300,199,41,7,25,11,0,0,50.0,150.75,2,12,0,40,20.0,0.0,0,0
d67d5f00,DA Miller,Lucknow Super Giants,2025,10,10,153,120,27,5,13,4,0,0,30.6,127.5,0,0,0,0,0.0,0.0,0,0
872b03f7,A Badoni,Lucknow Super Giants,2025,13,11,329,222,74,1,27,14,2,0,32.9,148.2,2,10,2,13,7.8,6.5,2,0
1abb78f8,SN Thakur,Lucknow Super Giants,2025,10,5,18,12,6,2,3,0,0,0,6.0,150.0,10,204,13,375,11.03,28.85,4,0
f9e6e7ef,Shahbaz Ahmed,Lucknow Super Giants,2025,3,1,9,8,9,0,1,0,0,0,9.0,112.5,3,51,1,102,12.0,102.0,1,0
df064e1a,Ravi Bishnoi,Lucknow Super Giants,2025,11,2,13,16,13,0,0,2,0,0,6.5,81.25,11,222,9,401,10.84,44.56,2,0
9b6e1b3f,J Fraser-McGurk,Delhi Capitals,2025,6,6,55,52,38,0,7,2,0,0,9.17,105.77,0,0,0,0,0.0,0.0,0,0
3355b542,F du Plessis,Delhi Capitals,2025,9,9,202,163,62,0,18,8,2,0,22.44,123.93,0,0,0,0,0.0,0.0,0,0
ad3b6e95,Abishek Porel,Delhi Capitals,2025,13,13,301,205,51,1,28,12,1,0,25.08,146.83,0,0,0,0,0.0,0.0,0,0
f89d3b11,Sameer Rizvi,Delhi Capitals,2025,4,4,121,79,58,1,11,7,1,0,40.33,153.16,0,0,0,0,0.0,0.0,0,0
cf0ccafa,M Siddharth,Lucknow Super Giants,2025,2,0,0,0,0,0,0,0,0,0,0.0,0.0,2,42,2,67,9.57,33.5,2,0
13fc5c6d,DS Rathi,Lucknow Super Giants,2025,13,1,1,3,1,0,0,0,0,0,1.0,33.33,13,312,14,429,8.25,30.64,2,0
84d9c311,Ashutosh Sharma,Delhi Capitals,2025,9,9,204,127,66,2,14,13,1,0,29.14,160.63,0,0,0,0,0.0,0.0,0,0
80b2fb19,Prince Yadav,Lucknow Super Giants,2025,6,2,5,10,4,2,0,0,0,0,0.0,50.0,6,137,3,225,9.85,75.0,1,0
b5797845,Priyansh Arya,Punjab Kings,2025,18,18,545,299,103,0,60,31,3,1,30.28,182.27,0,0,0,0,0.0,0.0,0,0
2f49c897,Mohammed Siraj,Gujarat Titans,2025,15,1,3,4,3,1,0,0,0,0,0.0,75.0,15,342,16,527,9.25,32.94,4,0
9418198b,P Simran Singh,Punjab Kings,2025,18,18,599,370,91,1,63,30,5,0,35.24,161.89,0,0,0,0,0.0,0.0,0,0
e62dd25d,K Rabada,Gujarat Titans,2025,4,2,9,8,7,1,0,1,0,0,9.0,112.5,4,84,2,162,11.57,81.0,1,0
85ec8e33,SS Iyer,Punjab Kings,2025,17,17,604,345,97,5,43,39,6,0,50.33,175.07,0,0,0,0,0.0,0.0,0,0
12314277,Arshad Khan,Gujarat Titans,2025,9,4,23,19,20,2,0,3,0,0,11.5,121.05,9,126,6,217,10.33,36.17,1,0
5f547c8b,Rashid Khan,Gujarat Titans,2025,15,8,40,28,12,3,2,3,0,0,8.0,142.86,15,330,9,514,9.35,57.11,2,0
8f6dd463,Azmatullah Omarzai,Punjab Kings,2025,8,5,57,41,21,1,6,3,0,0,14.25,139.02,8,162,8,279,10.33,34.88,2,0
85e0cf10,M Prasidh Krishna,Gujarat Titans,2025,15,0,0,0,0,0,0,0,0,0,0.0,0.0,15,354,25,488,8.27,19.52,4,0
c7a995d3,R Sai Kishore,Gujarat Titans,2025,15,3,5,10,3,0,0,0,0,0,1.67,50.0,15,255,19,393,9.25,20.68,3,0
b681e71e,GJ Maxwell,Punjab Kings,2025,7,6,48,49,30,0,5,1,0,0,8.0,97.96,6,78,4,110,8.46,27.5,1,0
d9273ee7,MP Stoinis,Punjab Kings,2025,12,11,160,86,44,5,8,15,0,0,26.67,186.05,9,85,1,175,12.35,175.0,1,0
26989d80,Shashank Singh,Punjab Kings,2025,14,14,350,228,61,7,23,18,3,0,50.0,153.51,1,12,0,27,13.5,0.0,0,0
d5130a30,B Sai Sudharsan,Gujarat Titans,2025,15,15,759,486,108,1,88,21,6,1,54.21,156.17,0,0,0,0,0.0,0.0,0,0
244048f6,Arshdeep Singh,Punjab Kings,2025,16,2,2,6,1,1,0,0,0,0,2.0,33.33,16,350,21,518,8.88,24.67,3,0
b4b99816,Shubman Gill,Gujarat Titans,2025,15,15,650,417,93,2,62,24,6,0,50.0,155.88,0,0,0,0,0.0,0.0,0,0
81c36ee9,M Jansen,Punjab Kings,2025,14,8,75,63,34,4,3,4,0,0,18.75,119.05,14,283,16,434,9.2,27.12,3,0
99b75528,JC Buttler,Gujarat Titans,2025,13,13,538,330,97,4,52,24,5,0,59.78,163.03,0,0,0,0,0.0,0.0,0,0
57ee1fde,YS Chahal,Punjab Kings,2025,13,0,0,0,0,0,0,0,0,0,0.0,0.0,13,270,16,430,9.56,26.88,4,0
d014d5ac,SE Rutherford,Gujarat Titans,2025,11,11,291,185,46,2,22,18,0,0,32.33,157.3,0,0,0,0,0.0,0.0,0,0
54e52590,Vijaykumar Vyshak,Punjab Kings,2025,5,0,0,0,0,0,0,0,0,0,0.0,0.0,5,102,4,181,10.65,45.25,2,0
39a2dfa8,R Tewatia,Gujarat Titans,2025,11,11,99,59,24,4,6,7,0,0,14.14,167.8,0,0,0,0,0.0,0.0,0,0
7dcb9bc9,M Shahrukh Khan,Gujarat Titans,2025,11,11,179,100,57,5,11,13,1,0,29.83,179.0,1,6,1,13,13.0,13.0,1,0
bb351c23,MM Ali,Kolkata Knight Riders,2025,5,2,5,14,5,0,0,0,0,0,2.5,35.71,5,96,6,136,8.5,22.67,2,0
a97c8ec2,PWH de Silva,Rajasthan Royals,2025,11,5,9,15,4,0,0,0,0,0,1.8,60.0,11,246,11,371,9.05,33.73,4,0
eef2536f,Avesh Khan,Lucknow Super Giants,2025,13,4,21,12,19,3,3,1,0,0,21.0,175.0,13,284,13,487,10.29,37.46,3,0
8e514b4c,Abdul Samad,Lucknow Super Giants,2025,12,12,164,93,45,4,8,14,0,0,20.5,176.34,1,2,0,6,18.0,0.0,0,0
64839cb3,M Pathirana,Chennai Super Kings,2025,12,0,0,0,0,0,0,0,0,0,0.0,0.0,12,251,13,424,10.14,32.62,3,0
800d2d97,JM Sharma,Royal Challengers Bengaluru,2025,11,11,261,148,85,4,24,17,1,0,37.29,176.35,0,0,0,0,0.0,0.0,0,0
f1f99156,TH David,Royal Challengers Bengaluru,2025,9,9,187,101,50,6,16,14,1,0,62.33,185.15,0,0,0,0,0.0,0.0,0,0
2e81a32d,B Kumar,Royal Challengers Bengaluru,2025,14,6,14,25,8,3,1,0,0,0,4.67,56.0,14,312,17,483,9.29,28.41,3,0
7d92277a,Mujeeb Ur Rahman,Mumbai Indians,2025,1,0,0,0,0,0,0,0,0,0,0.0,0.0,1,12,1,28,14.0,28.0,1,0
dbe50b21,HH Pandya,Mumbai Indians,2025,15,12,224,137,48,3,18,13,0,0,24.89,163.5,14,210,14,342,9.77,24.43,5,0
5bb1a1c4,I Sharma,Gujarat Titans,2025,7,0,0,0,0,0,0,0,0,0,0.0,0.0,7,110,4,205,11.18,51.25,1,0
c96f6ac5,PWA Mulder,Sunrisers Hyderabad,2025,1,1,9,11,9,0,1,0,0,0,9.0,81.82,1,6,0,16,16.0,0.0,0,0
36619795,Zeeshan Ansari,Sunrisers Hyderabad,2025,10,0,0,0,0,0,0,0,0,0,0.0,0.0,10,203,6,333,9.84,55.5,3,0
b17e2f24,KL Rahul,Delhi Capitals,2025,13,13,539,360,112,3,52,21,3,1,53.9,149.72,0,0,0,0,0.0,0.0,0,0
59559bc2,J Overton,Chennai Super Kings,2025,3,2,15,7,11,2,1,1,0,0,0.0,214.29,3,36,0,83,13.83,0.0,0,0
f6d8a7ab,K Kartikeya,Rajasthan Royals,2025,4,2,3,5,2,0,0,0,0,0,1.5,60.0,4,48,2,78,9.75,39.0,1,0
0994d0ae,V Shankar,Chennai Super Kings,2025,5,5,118,91,69,2,8,3,1,0,39.33,129.67,0,0,0,0,0.0,0.0,0,0
d45c29b1,Ashwani Kumar,Mumbai Indians,2025,7,0,0,0,0,0,0,0,0,0,0.0,0.0,7,123,11,232,11.32,21.09,4,0
93b4fc78,MK Pandey,Kolkata Knight Riders,2025,3,3,92,65,37,1,5,5,0,0,46.0,141.54,0,0,0,0,0.0,0.0,0,0
2f9d0389,LH Ferguson,Punjab Kings,2025,4,1,4,1,4,1,1,0,0,0,0.0,400.0,4,68,5,104,9.18,20.8,2,0
d1a60072,N Wadhera,Punjab Kings,2025,15,15,369,253,70,3,28,21,2,0,30.75,145.85,1,5,0,9,10.8,0.0,0,0
08548b13,PHKD Mendis,Sunrisers Hyderabad,2025,5,5,92,69,32,1,7,2,0,0,23.0,133.33,4,42,2,60,8.57,30.0,1,0
0a67aec0,Akash Deep,Lucknow Super Giants,2025,6,2,6,2,6,1,0,1,0,0,6.0,300.0,6,114,3,229,12.05,76.33,2,0
765a4731,Mukesh Choudhary,Chennai Super Kings,2025,2,0,0,0,0,0,0,0,0,0,0.0,0.0,2,36,1,71,11.83,71.0,1,0
df5a6881,DP Conway,Chennai Super Kings,2025,6,6,156,119,69,0,17,4,2,0,26.0,131.09,0,0,0,0,0.0,0.0,0,0
4885bbe6,Yudhvir Singh,Rajasthan Royals,2025,4,0,0,0,0,0,0,0,0,0,0.0,0.0,4,66,4,131,11.91,32.75,3,0
970ddd24,Suryansh Shedge,Punjab Kings,2025,3,3,7,11,4,0,0,0,0,0,2.33,63.64,1,18,0,40,13.33,0.0,0,0
f19ccfad,Washington Sundar,Gujarat Titans,2025,6,5,133,80,49,0,10,7,0,0,26.6,166.25,5,65,2,111,10.25,55.5,1,0
1e66c162,JD Unadkat,Sunrisers Hyderabad,2025,7,0,0,0,0,0,0,0,0,0,0.0,0.0,7,143,11,175,7.34,15.91,3,0
462411b3,JJ Bumrah,Mumbai Indians,2025,12,1,0,1,0,1,0,0,0,0,0.0,0.0,12,284,18,316,6.68,17.56,4,0
4b31f3a3,Yash Thakur,Punjab Kings,2025,2,0,0,0,0,0,0,0,0,0,0.0,0.0,2,39,1,79,12.15,79.0,1,0
fa2f1dde,K Khejroliya,Gujarat Titans,2025,1,0,0,0,0,0,0,0,0,0,0.0,0.0,1,18,1,29,9.67,29.0,1,0
fcc21ace,A Kamboj,Chennai Super Kings,2025,8,5,14,12,5,3,2,0,0,0,7.0,116.67,8,129,8,172,8.0,21.5,3,0
5750bcb4,E Malinga,Sunrisers Hyderabad,2025,7,0,0,0,0,0,0,0,0,0,0.0,0.0,7,160,13,238,8.93,18.31,3,0
944533a5,KK Nair,Delhi Capitals,2025,8,8,198,115,89,0,24,10,1,0,24.75,172.17,0,0,0,0,0.0,0.0,0,0
119678fd,KV Sharma,Mumbai Indians,2025,5,1,1,1,1,1,0,0,0,0,0.0,100.0,5,90,7,128,8.53,18.29,3,0
cbf58a86,SK Rasheed,Chennai Super Kings,2025,5,5,71,63,27,0,9,2,0,0,14.2,112.7,0,0,0,0,0.0,0.0,0,0
acdc62f5,A Nortje,Kolkata Knight Riders,2025,2,0,0,0,0,0,0,0,0,0,0.0,0.0,2,42,1,83,11.86,83.0,1,0
989889ff,JP Inglis,Punjab Kings,2025,11,11,278,171,73,2,26,16,1,0,30.89,162.57,0,0,0,0,0.0,0.0,0,0
3b53243a,XC Bartlett,Punjab Kings,2025,4,1,11,15,11,0,1,0,0,0,11.0,73.33,4,60,2,96,9.6,48.0,1,0
2ed569a0,RD Chahar,Sunrisers Hyderabad,2025,1,0,0,0,0,0,0,0,0,0,0.0,0.0,1,6,0,9,9.0,0.0,0,0
e96801ea,MS Bhandage,Royal Challengers Bengaluru,2025,1,1,1,4,1,0,0,0,0,0,1.0,25.0,0,0,0,0,0.0,0.0,0,0
c05edf8e,Harpreet Brar,Punjab Kings,2025,7,2,11,13,7,1,0,1,0,0,11.0,84.62,7,132,10,190,8.64,19.0,3,0
f0af99a7,D Ferreira,Delhi Capitals,2025,1,1,1,3,1,0,0,0,0,0,1.0,33.33,0,0,0,0,0.0,0.0,0,0
470f446b,V Suryavanshi,Rajasthan Royals,2025,7,7,252,122,101,0,18,24,1,1,36.0,206.56,0,0,0,0,0.0,0.0,0,0
c5aef772,R Shepherd,Royal Challengers Bengaluru,2025,7,3,70,24,53,1,5,7,1,0,35.0,291.67,7,84,6,151,10.79,25.17,2,0
b2b4f545,A Mhatre,Chennai Super Kings,2025,7,7,240,127,94,0,31,11,1,0,34.29,188.98,0,0,0,0,0.0,0.0,0,0
0bacade8,Rahmanullah Gurbaz,Kolkata Knight Riders,2025,5,5,74,53,35,1,10,3,0,0,18.5,139.62,0,0,0,0,0.0,0.0,0,0
327b58d3,PVD Chameera,Delhi Capitals,2025,6,3,10,14,8,3,0,0,0,0,0.0,71.43,6,102,4,198,11.65,49.5,1,0
844e79d1,D Brevis,Chennai Super Kings,2025,6,6,225,125,57,0,13,17,2,0,37.5,180.0,0,0,0,0,0.0,0.0,0,0
2cdce1be,C Sakariya,Kolkata Knight Riders,2025,1,0,0,0,0,0,0,0,0,0,0.0,0.0,1,18,0,39,13.0,0.0,0,0
b1ad996b,MP Yadav,Lucknow Super Giants,2025,2,0,0,0,0,0,0,0,0,0,0.0,0.0,2,48,2,100,12.5,50.0,2,0
172dff15,C Bosch,Mumbai Indians,2025,3,2,47,32,27,0,3,3,0,0,23.5,146.88,2,42,1,55,7.86,55.0,1,0
3c55c703,JG Bethell,Royal Challengers Bengaluru,2025,2,2,67,39,55,0,9,3,1,0,33.5,171.79,0,0,0,0,0.0,0.0,0,0
62175638,Karim Janat,Gujarat Titans,2025,1,0,0,0,0,0,0,0,0,0,0.0,0.0,1,6,0,30,30.0,0.0,0,0
650d5e49,R Powell,Kolkata Knight Riders,2025,1,1,5,5,5,0,1,0,0,0,5.0,100.0,0,0,0,0,0.0,0.0,0,0
e4cdf230,AS Roy,Kolkata Knight Riders,2025,1,1,0,1,0,0,0,0,0,0,0.0,0.0,1,24,1,27,6.75,27.0,1,0
4bd09374,Akash Madhwal,Rajasthan Royals,2025,4,1,4,9,4,1,0,0,0,0,0.0,44.44,4,90,4,166,11.07,41.5,3,0
3204c99f,G Coetzee,Gujarat Titans,2025,4,2,17,11,12,0,2,1,0,0,8.5,154.55,4,72,2,131,10.92,65.5,1,0
f834dcfc,L Ngidi,Royal Challengers Bengaluru,2025,2,1,0,2,0,1,0,0,0,0,0.0,0.0,2,48,4,81,10.12,20.25,3,0
e3851766,KS Rathore,Rajasthan Royals,2025,1,1,0,5,0,0,0,0,0,0,0.0,0.0,0,0,0,0,0.0,0.0,0,0
b483905d,Akash Singh,Lucknow Super Giants,2025,3,0,0,0,0,0,0,0,0,0,0.0,0.0,3,67,4,99,8.87,24.75,2,0
cf59b3f0,Urvil Patel,Chennai Super Kings,2025,3,3,68,32,37,0,5,6,0,0,22.67,212.5,0,0,0,0,0.0,0.0,0,0
ce794613,T Natarajan,Delhi Capitals,2025,2,0,0,0,0,0,0,0,0,0,0.0,0.0,2,25,1,53,12.72,53.0,1,0
fb5f69e4,M Tiwari,Delhi Capitals,2025,2,1,3,4,3,0,0,0,0,0,3.0,75.0,1,6,0,14,14.0,0.0,0,0
f2c936d7,MJ Owen,Punjab Kings,2025,1,1,0,2,0,0,0,0,0,0,0.0,0.0,0,0,0,0,0.0,0.0,0,0
107c26fb,KT Maphaka,Rajasthan Royals,2025,2,1,8,2,8,1,2,0,0,0,0.0,400.0,2,30,1,54,10.8,54.0,1,0
0a8fce53,Mustafizur Rahman,Delhi Capitals,2025,3,1,0,1,0,0,0,0,0,0,0.0,0.0,3,66,4,87,7.91,21.75,3,0
25228673,Harsh Dubey,Sunrisers Hyderabad,2025,3,0,0,0,0,0,0,0,0,0,0.0,0.0,3,60,5,98,9.8,19.6,3,0
1ac746c8,Atharva Taide,Sunrisers Hyderabad,2025,1,1,13,9,13,0,3,0,0,0,13.0,144.44,0,0,0,0,0.0,0.0,0,0
cb9b8664,W O'Rourke,Lucknow Super Giants,2025,3,0,0,0,0,0,0,0,0,0,0.0,0.0,3,62,6,132,12.77,22.0,3,0
00ea847a,MA Agarwal,Royal Challengers Bengaluru,2025,4,4,95,64,41,1,10,2,0,0,31.67,148.44,0,0,0,0,0.0,0.0,0,0
68c56d09,KA Jamieson,Punjab Kings,2025,4,2,0,5,0,2,0,0,0,0,0.0,0.0,4,90,5,147,9.8,29.4,3,0
ee1b6c27,N Thushara,Royal Challengers Bengaluru,2025,1,0,0,0,0,0,0,0,0,0,0.0,0.0,1,24,1,26,6.5,26.0,1,0
35f173a0,MP Breetzke,Lucknow Super Giants,2025,1,1,14,12,14,0,1,1,0,0,14.0,116.67,0,0,0,0,0.0,0.0,0,0
d621b427,Musheer Khan,Punjab Kings,2025,1,1,0,3,0,0,0,0,0,0,0.0,0.0,1,12,1,27,13.5,27.0,1,0
abb83e27,JM Bairstow,Mumbai Indians,2025,2,2,85,46,47,0,7,5,0,0,42.5,184.78,0,0,0,0,0.0,0.0,0,0
5d1e7582,BKG Mendis,Gujarat Titans,2025,1,1,20,10,20,0,1,2,0,0,20.0,200.0,0,0,0,0,0.0,0.0,0,0
402f8494,RJ Gleeson,Mumbai Indians,2025,1,0,0,0,0,0,0,0,0,0,0.0,0.0,1,21,1,39,11.14,39.0,1,0
ba6b2f91,RA Bawa,Mumbai Indians,2025,1,1,8,4,8,1,0,0,0,0,0.0,200.0,0,0,0,0,0.0,0.0,0,0
8db7f47f,RJW Topley,Mumbai Indians,2025,1,0,0,0,0,0,0,0,0,0,0.0,0.0,1,18,0,40,13.33,0.0,0,0
3c28853f,Sediqullah Atal,Delhi Capitals,2025,1,1,22,16,22,0,0,2,0,0,22.0,137.5,0,0,0,0,0.0,0.0,0,0
ed5a5510,P Dubey,Punjab Kings,2025,1,0,0,0,0,0,0,0,0,0,0.0,0.0,1,12,1,20,10.0,20.0,1,0
12b610c2,TM Head,Sunrisers Hyderabad,2026,15,15,410,241,76,0,46,23,2,0,27.33,170.12,1,6,1,7,7.0,7.0,1,0
dadbdb68,JA Duffy,Royal Challengers Bengaluru,2026,6,0,0,0,0,0,0,0,0,0,0.0,0.0,6,144,9,263,10.96,29.22,3,0
f29185a1,Abhishek Sharma,Sunrisers Hyderabad,2026,15,15,563,275,135,1,50,43,4,1,40.21,204.73,4,29,0,49,10.14,0.0,0,0
2e81a32d,B Kumar,Royal Challengers Bengaluru,2026,16,4,34,26,15,4,3,1,0,0,0.0,130.77,16,378,28,501,7.95,17.89,4,0
752f7486,Ishan Kishan,Sunrisers Hyderabad,2026,15,15,602,330,91,0,60,32,6,0,40.13,182.42,0,0,0,0,0.0,0.0,0,0
aad0c365,Nithish Kumar Reddy,Sunrisers Hyderabad,2026,14,13,302,176,56,3,19,21,1,0,30.2,171.59,14,186,8,323,10.42,40.38,2,0
235c2bb6,H Klaasen,Sunrisers Hyderabad,2026,15,15,624,390,69,2,48,31,6,0,48.0,160.0,0,0,0,0,0.0,0.0,0,0
82c10dac,Abhinandan Singh,Royal Challengers Bengaluru,2026,3,0,0,0,0,0,0,0,0,0,0.0,0.0,3,58,3,122,12.62,40.67,2,0
c5aef772,R Shepherd,Royal Challengers Bengaluru,2026,14,7,83,66,23,3,6,5,0,0,20.75,125.76,13,150,7,298,11.92,42.57,3,0
9440ef41,Suyash Sharma,Royal Challengers Bengaluru,2026,12,0,0,0,0,0,0,0,0,0,0.0,0.0,12,245,9,376,9.21,41.78,2,0
5b8c830e,KH Pandya,Royal Challengers Bengaluru,2026,16,9,226,155,73,3,20,11,1,0,37.67,145.81,15,303,14,425,8.42,30.36,2,0
d7423da1,S Arora,Sunrisers Hyderabad,2026,11,11,156,98,35,4,11,11,0,0,22.29,159.18,0,0,0,0,0.0,0.0,0,0
a3b0600d,Aniket Verma,Sunrisers Hyderabad,2026,8,8,79,54,43,2,6,5,0,0,13.17,146.3,0,0,0,0,0.0,0.0,0,0
25228673,Harsh Dubey,Sunrisers Hyderabad,2026,8,4,13,9,9,2,2,0,0,0,6.5,144.44,8,132,8,228,10.36,28.5,3,0
f986ca1a,HV Patel,Sunrisers Hyderabad,2026,5,3,10,9,6,0,2,0,0,0,3.33,111.11,5,82,0,148,10.83,0.0,0,0
6c79c098,DA Payne,Sunrisers Hyderabad,2026,2,1,6,5,6,1,0,0,0,0,0.0,120.0,2,30,2,70,14.0,35.0,2,0
1e66c162,JD Unadkat,Sunrisers Hyderabad,2026,4,1,4,3,4,1,0,0,0,0,0.0,133.33,4,77,4,140,10.91,35.0,3,0
3d284ca3,PD Salt,Royal Challengers Bengaluru,2026,6,6,202,120,78,0,16,11,2,0,33.67,168.33,0,0,0,0,0.0,0.0,0,0
2c25d4f5,D Padikkal,Royal Challengers Bengaluru,2026,15,15,464,275,61,1,49,24,3,0,33.14,168.73,0,0,0,0,0.0,0.0,0,0
ba607b88,V Kohli,Royal Challengers Bengaluru,2026,16,16,675,407,105,4,73,25,5,1,56.25,165.85,0,0,0,0,0.0,0.0,0,0
5750bcb4,E Malinga,Sunrisers Hyderabad,2026,15,3,7,17,5,2,0,0,0,0,7.0,41.18,15,326,20,507,9.33,25.35,4,0
c740ea83,RM Patidar,Royal Challengers Bengaluru,2026,14,14,501,260,93,2,30,42,5,0,41.75,192.69,0,0,0,0,0.0,0.0,0,0
800d2d97,JM Sharma,Royal Challengers Bengaluru,2026,12,12,116,95,23,3,9,6,0,0,12.89,122.11,0,0,0,0,0.0,0.0,0,0
f1f99156,TH David,Royal Challengers Bengaluru,2026,15,15,305,162,70,6,22,23,1,0,33.89,188.27,1,6,0,18,18.0,0.0,0,0
29e95537,AM Rahane,Kolkata Knight Riders,2026,14,14,335,248,67,1,25,18,2,0,25.77,135.08,0,0,0,0,0.0,0.0,0,0
a818c1be,TA Boult,Mumbai Indians,2026,5,2,8,4,7,1,0,1,0,0,8.0,200.0,5,97,2,188,11.63,94.0,1,0
bf74b130,FH Allen,Kolkata Knight Riders,2026,11,11,349,163,100,1,33,28,1,1,34.9,214.11,0,0,0,0,0.0,0.0,0,0
dbe50b21,HH Pandya,Mumbai Indians,2026,10,10,206,149,40,1,21,7,0,0,22.89,138.26,9,136,4,259,11.43,64.75,1,0
9ca68676,AM Ghazanfar,Mumbai Indians,2026,11,1,2,3,2,1,0,0,0,0,0.0,66.67,11,233,15,389,10.02,25.93,2,0
462411b3,JJ Bumrah,Mumbai Indians,2026,13,2,7,7,5,1,1,0,0,0,7.0,100.0,13,294,4,410,8.37,102.5,1,0
1abb78f8,SN Thakur,Mumbai Indians,2026,8,3,24,30,10,1,2,0,0,0,12.0,80.0,7,132,12,270,12.27,22.5,4,0
eaa76d3c,C Green,Kolkata Knight Riders,2026,14,14,322,221,79,4,22,17,2,0,32.2,145.7,10,132,7,234,10.64,33.43,2,0
a9fd84fb,M Markande,Mumbai Indians,2026,3,0,0,0,0,0,0,0,0,0,0.0,0.0,3,30,0,76,15.2,0.0,0,0
d7017798,A Raghuvanshi,Kolkata Knight Riders,2026,12,12,422,288,82,2,40,19,5,0,42.2,146.53,0,0,0,0,0.0,0.0,0,0
0a509d6b,RK Singh,Kolkata Knight Riders,2026,11,11,295,198,83,6,27,11,2,0,59.0,148.99,0,0,0,0,0.0,0.0,0,0
be24ead0,Ramandeep Singh,Kolkata Knight Riders,2026,6,6,82,68,35,1,8,2,0,0,16.4,120.59,2,16,1,31,11.62,31.0,1,0
e66732f8,RD Rickelton,Mumbai Indians,2026,12,12,448,240,123,1,31,38,2,1,40.73,186.67,0,0,0,0,0.0,0.0,0,0
7c3b3b78,VG Arora,Kolkata Knight Riders,2026,10,2,1,3,1,2,0,0,0,0,0.0,33.33,10,228,11,390,10.26,35.45,2,0
740742ef,RG Sharma,Mumbai Indians,2026,9,9,283,180,84,0,21,21,2,0,31.44,157.22,0,0,0,0,0.0,0.0,0,0
449f4e3c,B Muzarabani,Kolkata Knight Riders,2026,2,0,0,0,0,0,0,0,0,0,0.0,0.0,2,42,4,75,10.71,18.75,4,0
5b7ab5a9,CV Varun,Kolkata Knight Riders,2026,11,2,5,6,5,0,1,0,0,0,2.5,83.33,11,246,11,360,8.78,32.73,3,0
5d2eea49,Kartik Tyagi,Kolkata Knight Riders,2026,13,3,11,10,6,0,1,1,0,0,3.67,110.0,13,306,18,498,9.76,27.67,3,0
9d430b40,SP Narine,Kolkata Knight Riders,2026,13,4,40,32,24,1,2,4,0,0,13.33,125.0,13,306,15,339,6.65,22.6,2,0
271f83cd,SA Yadav,Mumbai Indians,2026,13,13,270,183,60,0,28,10,2,0,20.77,147.54,0,0,0,0,0.0,0.0,0,0
e4cdf230,AS Roy,Kolkata Knight Riders,2026,13,7,52,39,29,3,3,2,0,0,13.0,133.33,12,163,9,261,9.61,29.0,2,0
b0482a1d,Tilak Varma,Mumbai Indians,2026,14,14,359,246,101,2,30,17,2,1,29.92,145.93,0,0,0,0,0.0,0.0,0,0
fffa744b,Naman Dhir,Mumbai Indians,2026,14,14,318,216,57,2,31,13,2,0,26.5,147.22,0,0,0,0,0.0,0.0,0,0
a4cc73aa,SV Samson,Chennai Super Kings,2026,14,14,477,288,115,3,53,24,1,2,43.36,165.62,0,0,0,0,0.0,0.0,0,0
5574750c,JC Archer,Rajasthan Royals,2026,16,10,64,47,32,4,4,4,0,0,10.67,136.17,16,360,25,559,9.32,22.36,3,0
45a43fe2,RD Gaikwad,Chennai Super Kings,2026,14,14,337,273,74,2,29,12,2,0,28.08,123.44,0,0,0,0,0.0,0.0,0,0
465aa633,N Burger,Rajasthan Royals,2026,13,3,14,9,10,2,0,1,0,0,14.0,155.56,13,261,14,440,10.11,31.43,2,0
b2b4f545,A Mhatre,Chennai Super Kings,2026,6,6,201,113,73,0,20,12,2,0,33.5,177.88,0,0,0,0,0.0,0.0,0,0
f088b960,SN Khan,Chennai Super Kings,2026,7,7,161,95,50,0,23,6,1,0,23.0,169.47,0,0,0,0,0.0,0.0,0,0
a90e53ec,MW Short,Chennai Super Kings,2026,3,3,60,51,34,0,6,1,0,0,20.0,117.65,2,19,0,39,12.32,0.0,0,0
133bbd61,Brijesh Sharma,Rajasthan Royals,2026,13,2,2,4,1,2,0,0,0,0,0.0,50.0,13,273,14,450,9.89,32.14,2,0
ce820073,Sandeep Sharma,Rajasthan Royals,2026,6,0,0,0,0,0,0,0,0,0,0.0,0.0,6,118,5,224,11.39,44.8,2,0
7b679de5,Kartik Sharma,Chennai Super Kings,2026,11,11,295,216,71,2,24,16,2,0,32.78,136.57,0,0,0,0,0.0,0.0,0,0
df064e1a,Ravi Bishnoi,Rajasthan Royals,2026,9,2,0,3,0,0,0,0,0,0,0.0,0.0,9,156,11,257,9.88,23.36,4,0
fe93fd9d,RA Jadeja,Rajasthan Royals,2026,13,11,266,197,45,7,24,5,0,0,66.5,135.03,12,198,10,277,8.39,27.7,2,0
a4e37e47,S Dube,Chennai Super Kings,2026,12,12,270,170,47,5,24,15,0,0,38.57,158.82,4,30,1,64,12.8,64.0,1,0
59559bc2,J Overton,Chennai Super Kings,2026,10,6,136,86,43,1,13,6,0,0,27.2,158.14,10,168,14,249,8.89,17.79,4,0
efc04be7,Noor Ahmad,Chennai Super Kings,2026,14,4,11,23,8,1,0,1,0,0,3.67,47.83,14,306,13,428,8.39,32.92,3,0
e84ac20c,MJ Henry,Chennai Super Kings,2026,3,2,7,10,5,0,1,0,0,0,3.5,70.0,3,60,2,130,13.0,65.0,2,0
fcc21ace,A Kamboj,Chennai Super Kings,2026,14,4,58,38,19,3,3,4,0,0,58.0,152.63,14,302,21,530,10.53,25.24,3,0
6c19c6e5,YBK Jaiswal,Rajasthan Royals,2026,16,16,427,280,77,2,52,18,3,0,30.5,152.5,0,0,0,0,0.0,0.0,0,0
470f446b,V Suryavanshi,Rajasthan Royals,2026,16,16,776,327,103,0,63,72,5,1,48.5,237.31,0,0,0,0,0.0,0.0,0,0
a2f46292,KK Ahmed,Chennai Super Kings,2026,5,0,0,0,0,0,0,0,0,0,0.0,0.0,5,101,2,146,8.67,73.0,1,0
bcf325d2,Dhruv Jurel,Rajasthan Royals,2026,16,16,515,333,81,2,47,24,6,0,36.79,154.65,0,0,0,0,0.0,0.0,0,0
04a418e8,R Parag,Rajasthan Royals,2026,14,14,309,196,90,1,24,21,2,0,23.77,157.65,4,24,2,38,9.5,19.0,1,0
d5130a30,B Sai Sudharsan,Gujarat Titans,2026,17,17,722,457,100,1,75,30,8,1,45.12,157.99,0,0,0,0,0.0,0.0,0,0
244048f6,Arshdeep Singh,Punjab Kings,2026,14,1,1,1,1,1,0,0,0,0,0.0,100.0,14,318,14,541,10.21,38.64,3,0
b4b99816,Shubman Gill,Gujarat Titans,2026,16,16,732,449,104,0,74,33,6,1,45.75,163.03,0,0,0,0,0.0,0.0,0,0
3b53243a,XC Bartlett,Punjab Kings,2026,9,3,29,13,18,2,2,2,0,0,29.0,223.08,9,201,5,388,11.58,77.6,2,0
81c36ee9,M Jansen,Punjab Kings,2026,12,5,51,45,20,1,1,3,0,0,12.75,113.33,12,284,9,483,10.2,53.67,2,0
99b75528,JC Buttler,Gujarat Titans,2026,17,17,526,345,60,3,51,26,4,0,37.57,152.46,0,0,0,0,0.0,0.0,0,0
54e52590,Vijaykumar Vyshak,Punjab Kings,2026,9,2,2,4,1,2,0,0,0,0,0.0,50.0,9,186,9,330,10.65,36.67,3,0
57ee1fde,YS Chahal,Punjab Kings,2026,12,0,0,0,0,0,0,0,0,0,0.0,0.0,12,246,12,385,9.39,32.08,3,0
9a46c4e5,GD Phillips,Gujarat Titans,2026,5,5,67,54,25,1,4,2,0,0,16.75,124.07,0,0,0,0,0.0,0.0,0,0
f19ccfad,Washington Sundar,Gujarat Titans,2026,16,16,377,251,55,6,40,12,3,0,37.7,150.2,5,55,1,84,9.16,84.0,1,0
7dcb9bc9,M Shahrukh Khan,Gujarat Titans,2026,5,5,43,33,17,1,3,2,0,0,10.75,130.3,0,0,0,0,0.0,0.0,0,0
39a2dfa8,R Tewatia,Gujarat Titans,2026,15,15,190,132,68,8,20,8,1,0,27.14,143.94,0,0,0,0,0.0,0.0,0,0
5f547c8b,Rashid Khan,Gujarat Titans,2026,17,6,50,41,24,2,4,2,0,0,12.5,121.95,17,341,21,516,9.08,24.57,4,0
b5797845,Priyansh Arya,Punjab Kings,2026,13,13,364,172,93,0,27,32,3,0,28.0,211.63,0,0,0,0,0.0,0.0,0,0
2f49c897,Mohammed Siraj,Gujarat Titans,2026,17,2,5,16,5,0,1,0,0,0,2.5,31.25,17,372,19,562,9.06,29.58,3,0
e62dd25d,K Rabada,Gujarat Titans,2026,17,4,47,38,23,2,5,2,0,0,23.5,123.68,17,388,29,626,9.68,21.59,3,0
fe366f34,C Connolly,Punjab Kings,2026,13,13,491,301,107,2,43,32,2,1,44.64,163.12,0,0,0,0,0.0,0.0,0,0
9418198b,P Simran Singh,Punjab Kings,2026,13,13,510,302,80,1,55,23,6,0,42.5,168.87,0,0,0,0,0.0,0.0,0,0
50c09020,Ashok Sharma,Gujarat Titans,2026,6,2,1,4,1,2,0,0,0,0,0.0,25.0,6,126,6,228,10.86,38.0,2,0
85ec8e33,SS Iyer,Punjab Kings,2026,13,13,498,295,101,4,39,30,5,1,55.33,168.81,0,0,0,0,0.0,0.0,0,0
85e0cf10,M Prasidh Krishna,Gujarat Titans,2026,12,1,6,7,6,1,1,0,0,0,0.0,85.71,12,234,16,407,10.44,25.44,4,0
d1a60072,N Wadhera,Punjab Kings,2026,6,6,65,57,25,0,4,4,0,0,10.83,114.04,0,0,0,0,0.0,0.0,0,0
26989d80,Shashank Singh,Punjab Kings,2026,11,9,132,70,56,3,11,8,1,0,22.0,188.57,4,60,4,88,8.8,22.0,2,0
d9273ee7,MP Stoinis,Punjab Kings,2026,10,9,216,120,62,3,23,11,1,0,36.0,180.0,4,47,2,98,12.51,49.0,1,0
3d8feaf8,MR Marsh,Lucknow Super Giants,2026,13,13,563,345,111,0,51,36,3,1,43.31,163.19,0,0,0,0,0.0,0.0,0,0
2cffab74,Mukesh Kumar,Delhi Capitals,2026,10,0,0,0,0,0,0,0,0,0,0.0,0.0,10,188,6,353,11.27,58.83,2,0
919a3be2,RR Pant,Lucknow Super Giants,2026,13,13,312,226,68,2,30,11,1,0,28.36,138.05,0,0,0,0,0.0,0.0,0,0
f834dcfc,L Ngidi,Delhi Capitals,2026,11,3,4,7,3,1,0,0,0,0,2.0,57.14,11,248,13,340,8.23,26.15,3,0
6a26221c,AK Markram,Lucknow Super Giants,2026,11,11,231,167,45,2,20,11,0,0,25.67,138.32,5,36,0,83,13.83,0.0,0,0
2e171977,AR Patel,Delhi Capitals,2026,14,11,173,132,56,1,16,6,1,0,17.3,131.06,13,264,11,360,8.18,32.73,2,0
872b03f7,A Badoni,Lucknow Super Giants,2026,10,10,215,141,54,0,23,9,1,0,21.5,152.48,1,6,0,14,14.0,0.0,0,0
ce794613,T Natarajan,Delhi Capitals,2026,10,1,1,2,1,1,0,0,0,0,0.0,50.0,10,191,5,356,11.18,71.2,3,0
3241e3fd,N Pooran,Lucknow Super Giants,2026,14,14,234,183,63,1,11,19,1,0,18.0,127.87,0,0,0,0,0.0,0.0,0,0
8d2c70ad,Kuldeep Yadav,Delhi Capitals,2026,12,4,9,21,4,1,0,0,0,0,3.0,42.86,11,222,10,381,10.3,38.1,3,0
8e514b4c,Abdul Samad,Lucknow Super Giants,2026,7,7,116,88,37,1,10,5,0,0,19.33,131.82,1,1,0,6,36.0,0.0,0,0
1c84109e,MD Choudhary,Lucknow Super Giants,2026,10,10,170,120,54,4,11,12,1,0,28.33,141.67,0,0,0,0,0.0,0.0,0,0
5ffc0565,V Nigam,Delhi Capitals,2026,5,2,15,10,12,1,2,0,0,0,15.0,150.0,5,54,2,113,12.56,56.5,1,0
f9e6e7ef,Shahbaz Ahmed,Lucknow Super Giants,2026,5,2,58,41,43,2,4,3,0,0,0.0,141.46,5,67,5,130,11.64,26.0,2,0
8cf9814c,Mohammed Shami,Lucknow Super Giants,2026,13,7,31,22,12,2,2,3,0,0,6.2,140.91,13,306,12,459,9.0,38.25,2,0
acdc62f5,A Nortje,Lucknow Super Giants,2026,1,1,0,1,0,0,0,0,0,0,0.0,0.0,1,24,0,39,9.75,0.0,0,0
c33d8116,Mohsin Khan,Lucknow Super Giants,2026,7,2,0,4,0,0,0,0,0,0,0.0,0.0,7,168,11,228,8.14,20.73,5,0
b17e2f24,KL Rahul,Delhi Capitals,2026,14,14,593,340,152,1,56,31,5,1,45.62,174.41,0,0,0,0,0.0,0.0,0,0
fb2d1dda,N Rana,Delhi Capitals,2026,9,9,225,149,91,0,27,10,2,0,25.0,151.01,1,24,0,55,13.75,0.0,0,0
8ee36b18,P Nissanka,Delhi Capitals,2026,10,10,278,175,62,0,33,12,2,0,27.8,158.86,0,0,0,0,0.0,0.0,0,0
80b2fb19,Prince Yadav,Lucknow Super Giants,2026,14,1,0,1,0,1,0,0,0,0,0.0,0.0,14,312,16,459,8.83,28.69,3,0
f89d3b11,Sameer Rizvi,Delhi Capitals,2026,9,9,252,171,90,2,15,17,2,0,36.0,147.37,0,0,0,0,0.0,0.0,0,0
85b3fab2,T Stubbs,Delhi Capitals,2026,13,13,275,216,60,5,18,9,2,0,34.38,127.31,0,0,0,0,0.0,0.0,0,0
7b44eb3e,Shivang Kumar,Sunrisers Hyderabad,2026,13,6,53,46,27,0,6,1,0,0,8.83,115.22,13,234,9,375,9.62,41.67,3,0
e148e6bd,PR Veer,Chennai Super Kings,2026,6,5,90,67,43,3,10,3,0,0,45.0,134.33,1,12,0,25,12.5,0.0,0,0
2ed569a0,RD Chahar,Chennai Super Kings,2026,1,0,0,0,0,0,0,0,0,0,0.0,0.0,1,24,0,46,11.5,0.0,0,0
d014d5ac,SE Rutherford,Mumbai Indians,2026,7,7,123,75,71,2,5,12,1,0,24.6,164.0,0,0,0,0,0.0,0.0,0,0
e4a0deae,MJ Santner,Mumbai Indians,2026,4,2,26,19,18,2,3,0,0,0,0.0,136.84,4,84,5,125,8.93,25.0,2,0
172dff15,C Bosch,Mumbai Indians,2026,6,4,50,31,32,3,5,2,0,0,50.0,161.29,6,121,12,195,9.67,16.25,4,0
23eeb873,DL Chahar,Mumbai Indians,2026,8,4,25,19,10,2,3,1,0,0,12.5,131.58,8,153,8,265,10.39,33.12,2,0
d67d5f00,DA Miller,Delhi Capitals,2026,10,10,211,137,51,4,15,14,1,0,35.17,154.01,0,0,0,0,0.0,0.0,0,0
48a1d7b7,SO Hetmyer,Rajasthan Royals,2026,7,7,78,69,22,1,5,3,0,0,13.0,113.04,0,0,0,0,0.0,0.0,0,0
f0af99a7,D Ferreira,Rajasthan Royals,2026,13,13,317,177,69,4,26,23,2,0,35.22,179.1,3,18,1,41,13.67,41.0,1,0
57ca01b3,Kumar Kushagra,Gujarat Titans,2026,1,1,18,14,18,0,3,0,0,0,18.0,128.57,0,0,0,0,0.0,0.0,0,0
46a9bea1,TU Deshpande,Rajasthan Royals,2026,7,2,26,14,25,0,0,3,0,0,13.0,185.71,7,138,4,275,11.96,68.75,1,0
13fc5c6d,DS Rathi,Lucknow Super Giants,2026,10,2,2,5,2,2,0,0,0,0,0.0,40.0,10,234,5,397,10.18,79.4,2,0
50c6bc2b,LS Livingstone,Sunrisers Hyderabad,2026,2,2,15,25,14,0,0,1,0,0,7.5,60.0,0,0,0,0,0.0,0.0,0,0
cf0ccafa,M Siddharth,Lucknow Super Giants,2026,4,0,0,0,0,0,0,0,0,0,0.0,0.0,4,90,6,145,9.67,24.17,2,0
eef2536f,Avesh Khan,Lucknow Super Giants,2026,7,3,6,6,4,2,1,0,0,0,6.0,100.0,7,148,6,273,11.07,45.5,2,0
650d5e49,R Powell,Kolkata Knight Riders,2026,7,7,190,141,40,2,16,10,0,0,38.0,134.75,0,0,0,0,0.0,0.0,0,0
21d4e29b,Navdeep Saini,Kolkata Knight Riders,2026,1,0,0,0,0,0,0,0,0,0,0.0,0.0,1,18,0,37,12.33,0.0,0,0
a24be938,VR Iyer,Royal Challengers Bengaluru,2026,6,6,209,112,73,2,21,13,1,0,52.25,186.61,0,0,0,0,0.0,0.0,0,0
03806cf8,JR Hazlewood,Royal Challengers Bengaluru,2026,13,1,0,1,0,0,0,0,0,0,0.0,0.0,13,309,15,494,9.59,32.93,4,0
7c3c0337,Auqib Nabi,Delhi Capitals,2026,5,2,14,4,10,1,2,1,0,0,14.0,350.0,5,78,0,149,11.46,0.0,0,0
4d7f517e,AJ Hosein,Chennai Super Kings,2026,7,2,5,3,3,2,0,0,0,0,0.0,166.67,7,148,8,198,8.03,24.75,4,0
cc61ee8f,Gurjapneet Singh,Chennai Super Kings,2026,8,0,0,0,0,0,0,0,0,0,0.0,0.0,8,151,4,233,9.26,58.25,1,0
84d9c311,Ashutosh Sharma,Delhi Capitals,2026,8,8,171,94,39,3,15,12,0,0,34.2,181.91,0,0,0,0,0.0,0.0,0,0
e5437608,GF Linde,Lucknow Super Giants,2026,3,3,31,21,16,0,6,0,0,0,10.33,147.62,3,37,1,55,8.92,55.0,1,0
b8527c3d,Rasikh Salam,Royal Challengers Bengaluru,2026,12,1,3,2,3,1,0,0,0,0,0.0,150.0,12,257,19,405,9.46,21.32,4,0
ece7b6b3,PP Hinge,Sunrisers Hyderabad,2026,7,2,3,9,3,1,0,0,0,0,3.0,33.33,7,156,14,305,11.73,21.79,4,0
60aa2db3,LG Pretorius,Rajasthan Royals,2026,2,2,7,8,7,0,0,0,0,0,3.5,87.5,0,0,0,0,0.0,0.0,0,0
280fff14,Sakib Hussain,Sunrisers Hyderabad,2026,11,1,5,7,5,1,1,0,0,0,0.0,71.43,11,252,15,397,9.45,26.47,4,0
844e79d1,D Brevis,Chennai Super Kings,2026,8,8,151,118,44,0,8,10,0,0,18.88,127.97,0,0,0,0,0.0,0.0,0,0
372455c4,Q de Kock,Mumbai Indians,2026,3,3,132,81,112,1,9,9,0,1,66.0,162.96,0,0,0,0,0.0,0.0,0,0
4663bd23,TL Seifert,Kolkata Knight Riders,2026,3,3,19,18,19,0,2,1,0,0,6.33,105.56,0,0,0,0,0.0,0.0,0,0
944533a5,KK Nair,Delhi Capitals,2026,2,2,18,18,13,0,3,0,0,0,9.0,100.0,0,0,0,0,0.0,0.0,0,0
765a4731,Mukesh Choudhary,Chennai Super Kings,2026,8,1,2,2,2,1,0,0,0,0,0.0,100.0,8,168,8,249,8.89,31.12,2,0
02dfebbe,Yash Raj Punja,Rajasthan Royals,2026,8,0,0,0,0,0,0,0,0,0,0.0,0.0,8,180,9,279,9.3,31.0,2,0
ebcfef83,Himmat Singh,Lucknow Super Giants,2026,5,5,92,69,40,2,5,5,0,0,30.67,133.33,0,0,0,0,0.0,0.0,0,0
9e6032fa,DV Malewar,Mumbai Indians,2026,2,2,2,5,2,0,0,0,0,0,1.0,40.0,0,0,0,0,0.0,0.0,0,0
e48a4814,Krish Bhagat,Mumbai Indians,2026,3,2,10,21,7,1,0,0,0,0,10.0,47.62,3,36,0,63,10.5,0.0,0,0
d45c29b1,Ashwani Kumar,Mumbai Indians,2026,3,1,1,6,1,1,0,0,0,0,0.0,16.67,3,60,6,102,10.2,17.0,4,0
de7d833e,D Madushanka,Sunrisers Hyderabad,2026,1,0,0,0,0,0,0,0,0,0,0.0,0.0,1,24,1,36,9.0,36.0,1,0
b1ad996b,MP Yadav,Lucknow Super Giants,2026,4,1,5,5,5,0,1,0,0,0,5.0,100.0,4,96,0,182,11.38,0.0,0,0
6b2ff18f,SB Dubey,Rajasthan Royals,2026,6,6,81,58,31,2,8,3,0,0,20.25,139.66,0,0,0,0,0.0,0.0,0,0
0f721006,JO Holder,Gujarat Titans,2026,11,7,65,52,23,2,3,3,0,0,13.0,125.0,11,230,17,290,7.57,17.06,4,0
3c55c703,JG Bethell,Royal Challengers Bengaluru,2026,7,7,96,77,27,0,12,3,0,0,13.71,124.68,0,0,0,0,0.0,0.0,0,0
025c4400,MJ Suthar,Gujarat Titans,2026,3,0,0,0,0,0,0,0,0,0,0.0,0.0,3,36,2,68,11.33,34.0,1,0
ded9240e,PJ Cummins,Sunrisers Hyderabad,2026,8,3,30,19,19,0,1,3,0,0,10.0,157.89,8,192,8,307,9.59,38.38,3,0
cf59b3f0,Urvil Patel,Chennai Super Kings,2026,7,7,129,64,65,0,6,14,1,0,18.43,201.56,0,0,0,0,0.0,0.0,0,0
12314277,Arshad Khan,Gujarat Titans,2026,6,2,23,11,15,1,1,2,0,0,23.0,209.09,6,104,6,172,9.92,28.67,3,0
926c7443,SU Parakh,Delhi Capitals,2026,4,4,46,33,24,0,5,2,0,0,11.5,139.39,0,0,0,0,0.0,0.0,0,0
ad3b6e95,Abishek Porel,Delhi Capitals,2026,4,4,108,88,51,0,15,1,1,0,27.0,122.73,0,0,0,0,0.0,0.0,0,0
68c56d09,KA Jamieson,Delhi Capitals,2026,2,1,12,13,12,0,1,1,0,0,12.0,92.31,2,42,2,90,12.86,45.0,1,0
327b58d3,PVD Chameera,Delhi Capitals,2026,1,1,0,3,0,1,0,0,0,0,0.0,0.0,1,12,0,18,9.0,0.0,0,0
970ddd24,Suryansh Shedge,Punjab Kings,2026,7,7,158,90,57,3,9,12,1,0,39.5,175.56,0,0,0,0,0.0,0.0,0,0
2f9d0389,LH Ferguson,Punjab Kings,2026,3,0,0,0,0,0,0,0,0,0,0.0,0.0,3,66,1,141,12.82,141.0,1,0
c05edf8e,Harpreet Brar,Punjab Kings,2026,2,1,5,3,5,1,1,0,0,0,0.0,166.67,2,48,2,60,7.5,30.0,2,0
9caf69a1,WG Jacks,Mumbai Indians,2026,7,7,139,76,46,2,12,9,0,0,27.8,182.89,6,53,2,94,10.64,47.0,1,0
bafd0398,R Minz,Mumbai Indians,2026,2,2,6,4,5,1,1,0,0,0,6.0,150.0,0,0,0,0,0.0,0.0,0,0
3fb19989,MA Starc,Delhi Capitals,2026,6,1,0,2,0,0,0,0,0,0,0.0,0.0,6,132,11,224,10.18,20.36,4,0
dee07622,RS Ghosh,Chennai Super Kings,2026,1,0,0,0,0,0,0,0,0,0,0.0,0.0,1,18,1,24,8.0,24.0,1,0
5b615e7c,Raghu Sharma,Mumbai Indians,2026,5,0,0,0,0,0,0,0,0,0,0.0,0.0,5,90,1,130,8.67,130.0,1,0
c1e53c3f,R Smaran,Sunrisers Hyderabad,2026,4,4,19,25,9,1,3,0,0,0,6.33,76.0,0,0,0,0,0.0,0.0,0,0
3cea23da,N Sindhu,Gujarat Titans,2026,5,5,63,50,22,0,7,2,0,0,12.6,126.0,0,0,0,0,0.0,0.0,0,0
989889ff,JP Inglis,Lucknow Super Giants,2026,5,5,266,143,85,0,32,12,3,0,53.2,186.01,0,0,0,0,0.0,0.0,0,0
d8d67045,Akshat Raghuwanshi,Lucknow Super Giants,2026,2,2,29,25,18,0,1,1,0,0,14.5,116.0,0,0,0,0,0.0,0.0,0,0
2d140b79,AA Kulkarni,Lucknow Super Giants,2026,2,2,17,25,17,0,1,0,0,0,8.5,68.0,0,0,0,0,0.0,0.0,0,0
c7a995d3,R Sai Kishore,Gujarat Titans,2026,2,0,0,0,0,0,0,0,0,0,0.0,0.0,2,24,1,46,11.5,46.0,1,0
3ff033bb,MD Shanaka,Rajasthan Royals,2026,6,5,63,46,29,0,3,4,0,0,12.6,136.96,3,36,1,60,10.0,60.0,1,0
ba6b2f91,RA Bawa,Mumbai Indians,2026,2,1,16,14,16,0,1,0,0,0,16.0,114.29,2,24,2,50,12.5,25.0,1,0
fb5f69e4,M Tiwari,Delhi Capitals,2026,3,1,18,8,18,1,2,1,0,0,0.0,225.0,3,60,4,87,8.7,21.75,2,0
4b31f3a3,Yash Thakur,Punjab Kings,2026,1,0,0,0,0,0,0,0,0,0,0.0,0.0,1,24,2,55,13.75,27.5,2,0
e1b9f3a9,BJ Dwarshuis,Punjab Kings,2026,1,0,0,0,0,0,0,0,0,0,0.0,0.0,1,24,1,51,12.75,51.0,1,0
11061889,SR Dubey,Kolkata Knight Riders,2026,4,1,4,2,4,1,1,0,0,0,0.0,200.0,4,77,5,106,8.26,21.2,2,0
8f6dd463,Azmatullah Omarzai,Punjab Kings,2026,3,2,52,27,38,0,3,5,0,0,26.0,192.59,3,66,3,103,9.36,34.33,2,0
0494fa6e,Vishnu Vinod,Punjab Kings,2026,1,1,15,8,15,1,1,1,0,0,0.0,187.5,0,0,0,0,0.0,0.0,0,0
b483905d,Akash Singh,Lucknow Super Giants,2026,2,0,0,0,0,0,0,0,0,0,0.0,0.0,2,42,4,80,11.43,20.0,3,0
83c3e8e3,SH Johnson,Chennai Super Kings,2026,3,1,0,1,0,0,0,0,0,0,0.0,0.0,3,66,2,112,10.18,56.0,1,0
64839cb3,M Pathirana,Kolkata Knight Riders,2026,1,0,0,0,0,0,0,0,0,0,0.0,0.0,1,8,0,9,6.75,0.0,0,0
51ec3919,T Vijay,Delhi Capitals,2026,1,0,0,0,0,0,0,0,0,0,0.0,0.0,1,12,0,29,14.5,0.0,0,0
548516a6,Ravi Singh,Rajasthan Royals,2026,1,1,4,2,4,0,1,0,0,0,4.0,200.0,0,0,0,0,0.0,0.0,0,0
350bb1b1,AF Milne,Rajasthan Royals,2026,1,1,2,2,2,1,0,0,0,0,0.0,100.0,1,20,0,41,12.3,0.0,0,0
92500ad5,SS Mishra,Rajasthan Royals,2026,2,1,1,3,1,1,0,0,0,0,0.0,33.33,2,38,2,67,10.58,33.5,2,0
93b4fc78,MK Pandey,Kolkata Knight Riders,2026,2,2,70,49,45,0,8,2,0,0,35.0,142.86,0,0,0,0,0.0,0.0,0,0
f12fe2a1,T Dahiya,Kolkata Knight Riders,2026,2,2,12,15,11,0,2,0,0,0,6.0,80.0,0,0,0,0,0.0,0.0,0,0
44aac2f0,Arjun Tendulkar,Lucknow Super Giants,2026,1,1,5,5,5,1,0,0,0,0,0.0,100.0,1,24,1,36,9.0,36.0,1,0
fa2f1dde,K Khejroliya,Gujarat Titans,2026,1,0,0,0,0,0,0,0,0,0,0.0,0.0,1,12,0,31,15.5,0.0,0,0
725529bc,SC Ganguly,Kolkata Knight Riders,2007/08,13,13,349,307,91,1,33,15,3,0,29.08,113.68,7,120,6,128,6.4,21.33,2,0
e938e1bc,P Kumar,Royal Challengers Bengaluru,2007/08,13,12,112,98,34,2,10,6,0,0,11.2,114.29,13,268,11,366,8.19,33.27,3,0
b8a55852,BB McCullum,Kolkata Knight Riders,2007/08,4,4,188,92,158,1,13,15,0,1,62.67,204.35,0,0,0,0,0.0,0.0,0,0
91a4a398,Z Khan,Royal Challengers Bengaluru,2007/08,11,7,34,43,17,3,4,0,0,0,8.5,79.07,11,252,13,357,8.5,27.46,3,0
b69e69ed,AA Noffke,Royal Challengers Bengaluru,2007/08,1,1,9,10,9,0,1,0,0,0,9.0,90.0,1,24,1,40,10.0,40.0,1,0
7d415ea5,RT Ponting,Kolkata Knight Riders,2007/08,4,4,39,53,20,0,2,1,0,0,9.75,73.58,0,0,0,0,0.0,0.0,0,0
86dc8f2e,JH Kallis,Royal Challengers Bengaluru,2007/08,11,11,199,183,54,0,23,4,1,0,18.09,108.74,11,206,4,311,9.06,77.75,2,0
670709ec,SB Joshi,Royal Challengers Bengaluru,2007/08,4,2,6,14,3,0,0,0,0,0,3.0,42.86,4,55,1,82,8.95,82.0,1,0
fd835ab3,DJ Hussey,Kolkata Knight Riders,2007/08,13,13,319,259,71,2,19,17,2,0,29.0,123.17,5,78,2,130,10.0,65.0,1,0
d0513f63,CL White,Royal Challengers Bengaluru,2007/08,8,8,114,102,31,1,8,4,0,0,16.29,111.76,1,6,0,24,24.0,0.0,0,0
9ab63e7b,Mohammad Hafeez,Kolkata Knight Riders,2007/08,8,8,64,83,16,1,7,2,0,0,9.14,77.11,4,60,2,68,6.8,34.0,1,0
0184dc35,R Dravid,Royal Challengers Bengaluru,2007/08,14,14,371,298,75,1,35,11,2,0,28.54,124.5,0,0,0,0,0.0,0.0,0,0
66b30f71,AB Dinda,Kolkata Knight Riders,2007/08,13,2,2,4,1,1,0,0,0,0,2.0,50.0,12,234,9,260,6.67,28.89,3,0
619aa81f,W Jaffer,Royal Challengers Bengaluru,2007/08,6,6,115,104,50,0,12,3,1,0,19.17,110.58,0,0,0,0,0.0,0.0,0,0
5bb1a1c4,I Sharma,Kolkata Knight Riders,2007/08,13,5,11,11,4,4,1,0,0,0,11.0,100.0,13,253,7,329,7.8,47.0,1,0
ba607b88,V Kohli,Royal Challengers Bengaluru,2007/08,12,12,165,157,38,1,18,4,0,0,15.0,105.1,4,46,2,61,7.96,30.5,2,0
fa463154,AB Agarkar,Kolkata Knight Riders,2007/08,9,6,54,46,20,1,5,2,0,0,10.8,117.39,9,156,8,207,7.96,25.88,3,0
f3cb53a1,MV Boucher,Royal Challengers Bengaluru,2007/08,10,10,225,177,50,3,24,6,1,0,32.14,127.12,0,0,0,0,0.0,0.0,0,0
af7dadf7,B Akhil,Royal Challengers Bengaluru,2007/08,7,7,46,31,27,4,4,3,0,0,15.33,148.39,6,104,2,134,7.73,67.0,2,0
b1451597,LR Shukla,Kolkata Knight Riders,2007/08,13,12,163,122,42,4,17,5,0,0,20.38,133.61,9,72,6,124,10.33,20.67,3,0
b5da6c24,PA Patel,Chennai Super Kings,2007/08,13,13,302,297,54,2,42,3,2,0,27.45,101.68,0,0,0,0,0.0,0.0,0,0
dd09ff8e,B Lee,Punjab Kings,2007/08,4,3,17,13,16,2,2,1,0,0,17.0,130.77,4,96,4,112,7.0,28.0,1,0
d8699ab7,ML Hayden,Chennai Super Kings,2007/08,4,4,189,131,81,1,24,6,2,0,63.0,144.27,0,0,0,0,0.0,0.0,0,0
6b8eb6e5,S Sreesanth,Punjab Kings,2007/08,15,2,0,3,0,1,0,0,0,0,0.0,0.0,15,307,19,442,8.64,23.26,3,0
48fd7349,MEK Hussey,Chennai Super Kings,2007/08,3,3,168,100,116,1,12,11,0,1,84.0,168.0,0,0,0,0,0.0,0.0,0,0
2498e163,JR Hopes,Punjab Kings,2007/08,11,11,221,148,71,0,27,8,2,0,20.09,149.32,11,168,7,276,9.86,39.43,2,0
5fa06777,IK Pathan,Punjab Kings,2007/08,14,10,131,116,40,4,9,6,0,0,21.83,112.93,14,318,15,350,6.6,23.33,2,0
4a8a2e3b,MS Dhoni,Chennai Super Kings,2007/08,14,14,414,310,65,4,38,15,2,0,41.4,133.55,0,0,0,0,0.0,0.0,0,0
1dc12ab9,SK Raina,Chennai Super Kings,2007/08,14,14,421,295,55,3,35,18,3,0,38.27,142.71,2,20,1,30,9.0,30.0,1,0
a1f1829d,K Goel,Punjab Kings,2007/08,6,6,76,78,26,0,7,4,0,0,12.67,97.44,1,12,0,25,12.5,0.0,0,0
98ae73b1,PP Chawla,Punjab Kings,2007/08,15,7,90,59,24,3,10,3,0,0,22.5,152.54,15,281,17,389,8.31,22.88,3,0
3dba85c2,WA Mota,Punjab Kings,2007/08,3,2,26,27,25,1,2,0,0,0,26.0,96.3,2,18,1,36,12.0,36.0,1,0
3eac9d95,JDP Oram,Chennai Super Kings,2007/08,4,2,18,12,13,1,1,1,0,0,18.0,150.0,4,96,3,149,9.31,49.67,3,0
3576e47e,S Badrinath,Chennai Super Kings,2007/08,11,11,192,130,64,5,21,8,2,0,32.0,147.69,0,0,0,0,0.0,0.0,0,0
ae78bc32,MS Gony,Chennai Super Kings,2007/08,16,5,35,23,15,4,2,3,0,0,35.0,152.17,16,360,17,443,7.38,26.06,3,0
6b71e6cf,KC Sangakkara,Punjab Kings,2007/08,9,9,320,198,94,0,41,8,4,0,35.56,161.62,0,0,0,0,0.0,0.0,0,0
4ba44e19,M Muralitharan,Chennai Super Kings,2007/08,15,1,0,3,0,0,0,0,0,0,0.0,0.0,15,348,11,404,6.97,36.73,2,0
6ad3a659,P Amarnath,Chennai Super Kings,2007/08,6,0,0,0,0,0,0,0,0,0,0.0,0.0,6,132,7,236,10.73,33.71,2,0
9f961c14,Joginder Sharma,Chennai Super Kings,2007/08,8,2,16,11,16,0,1,1,0,0,8.0,145.45,7,148,8,239,9.69,29.88,2,0
1c914163,Yuvraj Singh,Punjab Kings,2007/08,15,14,299,184,57,1,24,19,1,0,23.0,162.5,6,54,3,83,9.22,27.67,2,0
fdedb37c,SM Katich,Punjab Kings,2007/08,2,2,96,69,75,1,11,2,1,0,96.0,139.13,0,0,0,0,0.0,0.0,0,0
40caa465,T Kohli,Rajasthan Royals,2007/08,2,2,10,15,7,0,0,1,0,0,5.0,66.67,0,0,0,0,0.0,0.0,0,0
ee7d0c82,GD McGrath,Delhi Capitals,2007/08,14,2,4,5,4,1,1,0,0,0,4.0,80.0,14,324,12,357,6.61,29.75,4,0
3c6ffae8,YK Pathan,Rajasthan Royals,2007/08,16,15,435,243,68,1,43,25,4,0,31.07,179.01,13,169,8,230,8.17,28.75,3,0
50758325,B Geeves,Delhi Capitals,2007/08,2,0,0,0,0,0,0,0,0,0,0.0,0.0,2,48,1,91,11.38,91.0,1,0
4329fbb5,SR Watson,Rajasthan Royals,2007/08,15,15,472,311,76,5,47,19,4,0,47.2,151.77,15,325,17,383,7.07,22.53,3,0
d84378a4,M Kaif,Rajasthan Royals,2007/08,14,14,176,171,34,3,14,6,0,0,16.0,102.92,0,0,0,0,0.0,0.0,0,0
ab89348d,MF Maharoof,Delhi Capitals,2007/08,10,8,125,79,39,2,10,7,0,0,20.83,158.23,10,216,15,249,6.92,16.6,3,0
33a364a6,R Bhatia,Delhi Capitals,2007/08,9,3,34,28,17,1,2,2,0,0,17.0,121.43,9,132,6,183,8.32,30.5,2,0
53fe6ee4,DS Lehmann,Rajasthan Royals,2007/08,2,2,18,18,17,0,3,0,0,0,9.0,100.0,0,0,0,0,0.0,0.0,0,0
fe93fd9d,RA Jadeja,Rajasthan Royals,2007/08,10,9,135,103,36,2,11,6,0,0,19.29,131.07,2,13,0,21,9.69,0.0,0,0
de8d3876,M Rawat,Rajasthan Royals,2007/08,7,7,34,39,23,3,3,1,0,0,8.5,87.18,0,0,0,0,0.0,0.0,0,0
d7c6af50,DL Vettori,Delhi Capitals,2007/08,2,0,0,0,0,0,0,0,0,0,0.0,0.0,2,48,2,54,6.75,27.0,1,0
0264c10e,D Salunkhe,Rajasthan Royals,2007/08,5,3,33,24,26,1,5,0,0,0,16.5,137.5,5,47,1,78,9.96,78.0,1,0
bb18be76,SK Warne,Rajasthan Royals,2007/08,15,7,70,59,22,2,7,2,0,0,14.0,118.64,15,312,19,404,7.77,21.26,3,0
3d7e087f,SK Trivedi,Rajasthan Royals,2007/08,15,3,5,12,3,2,0,0,0,0,5.0,41.67,15,288,13,399,8.31,30.69,2,0
bb345e0b,G Gambhir,Delhi Capitals,2007/08,14,14,534,379,86,1,68,8,5,0,41.08,140.9,0,0,0,0,0.0,0.0,0,0
f0f628c7,MM Patel,Rajasthan Royals,2007/08,15,1,0,1,0,1,0,0,0,0,0.0,0.0,15,330,14,420,7.64,30.0,3,0
8ba8195d,V Sehwag,Delhi Capitals,2007/08,14,14,406,220,94,2,46,21,3,0,33.83,184.55,7,66,3,133,12.09,44.33,1,0
0a476045,S Dhawan,Delhi Capitals,2007/08,14,14,340,295,68,5,35,8,4,0,37.78,115.25,0,0,0,0,0.0,0.0,0,0
0fa5042b,L Ronchi,Mumbai Indians,2007/08,4,4,34,32,13,0,6,1,0,0,8.5,106.25,0,0,0,0,0.0,0.0,0,0
f233bbb4,ST Jayasuriya,Mumbai Indians,2007/08,14,14,514,309,114,2,57,31,2,1,42.83,166.34,8,126,4,159,7.57,39.75,3,0
7d3937ed,DJ Thornely,Mumbai Indians,2007/08,5,4,39,53,30,1,2,2,0,0,13.0,73.58,4,42,3,40,5.71,13.33,2,0
1c17e270,RV Uthappa,Mumbai Indians,2007/08,14,14,320,279,48,5,34,9,0,0,35.56,114.7,0,0,0,0,0.0,0.0,0,0
0aadc906,PR Shah,Mumbai Indians,2007/08,4,4,34,35,19,0,4,0,0,0,8.5,97.14,0,0,0,0,0.0,0.0,0,0
41eb4a4f,R Vinay Kumar,Royal Challengers Bengaluru,2007/08,8,4,25,22,23,1,2,1,0,0,8.33,113.64,8,138,5,182,7.91,36.4,3,0
a45a5e8d,AM Nayar,Mumbai Indians,2007/08,10,10,206,138,45,2,16,9,0,0,25.75,149.28,5,42,1,68,9.71,68.0,1,0
88fccd6c,SM Pollock,Mumbai Indians,2007/08,13,8,147,111,33,0,12,8,0,0,18.38,132.43,13,276,11,301,6.54,27.36,3,0
8b5b6769,Harbhajan Singh,Mumbai Indians,2007/08,3,3,30,17,28,1,1,3,0,0,15.0,176.47,3,60,5,82,8.2,16.4,3,0
881a9bdd,S Chanderpaul,Royal Challengers Bengaluru,2007/08,3,3,25,31,16,0,4,0,0,0,8.33,80.65,0,0,0,0,0.0,0.0,0,0
96fd40ae,A Nehra,Mumbai Indians,2007/08,14,3,3,13,2,2,0,0,0,0,3.0,23.08,14,269,12,348,7.76,29.0,3,0
d2a989fc,DS Kulkarni,Mumbai Indians,2007/08,10,1,2,16,2,1,0,0,0,0,0.0,12.5,10,177,11,236,8.0,21.45,3,0
b61a3e1a,LRPL Taylor,Royal Challengers Bengaluru,2007/08,4,4,149,81,53,0,13,10,1,0,37.25,183.95,0,0,0,0,0.0,0.0,0,0
2b6e6dec,AC Gilchrist,Deccan Chargers,2007/08,14,14,436,318,109,1,51,19,3,1,33.54,137.11,0,0,0,0,0.0,0.0,0,0
fe763256,Y Venugopal Rao,Deccan Chargers,2007/08,10,10,288,210,71,2,22,15,2,0,36.0,137.14,7,84,2,137,9.79,68.5,2,0
de8cce37,VVS Laxman,Deccan Chargers,2007/08,6,6,155,132,52,1,22,1,1,0,31.0,117.42,0,0,0,0,0.0,0.0,0,0
bd77eb62,A Symonds,Deccan Chargers,2007/08,3,3,161,105,117,1,15,9,0,1,80.5,153.33,3,41,0,101,14.78,0.0,0,0
abfeb126,M Kartik,Kolkata Knight Riders,2007/08,5,3,30,27,17,0,3,0,0,0,10.0,111.11,5,88,3,127,8.66,42.33,3,0
740742ef,RG Sharma,Deccan Chargers,2007/08,12,12,404,273,76,1,38,19,4,0,36.73,147.99,1,24,1,25,6.25,25.0,1,0
57efa3be,SB Styris,Deccan Chargers,2007/08,8,8,112,123,36,2,9,2,0,0,18.67,91.06,8,162,3,199,7.37,66.33,1,0
b9be6507,AS Yadav,Deccan Chargers,2007/08,6,6,49,39,16,1,5,2,0,0,9.8,125.64,0,0,0,0,0.0,0.0,0,0
0604ef16,SB Bangar,Deccan Chargers,2007/08,9,6,47,49,17,1,1,3,0,0,9.4,95.92,9,150,4,219,8.76,54.75,2,0
bcce309e,WPUJC Vaas,Deccan Chargers,2007/08,5,4,21,18,12,1,0,1,0,0,7.0,116.67,5,102,5,145,8.53,29.0,2,0
c3d1402f,RP Singh,Deccan Chargers,2007/08,14,9,27,24,10,5,2,1,0,0,6.75,112.5,14,308,15,442,8.61,29.47,3,0
fe11caa6,WP Saha,Kolkata Knight Riders,2007/08,10,10,159,119,59,5,12,7,1,0,31.8,133.61,0,0,0,0,0.0,0.0,0,0
6c6591ab,PP Ojha,Deccan Chargers,2007/08,12,3,2,4,1,2,0,0,0,0,2.0,50.0,12,222,11,284,7.68,25.82,2,0
d18f9182,DPMD Jayawardene,Punjab Kings,2007/08,12,12,179,131,45,5,15,7,0,0,25.57,136.64,0,0,0,0,0.0,0.0,0,0
e32d22f6,Pankaj Singh,Rajasthan Royals,2007/08,5,2,5,8,4,2,0,0,0,0,0.0,62.5,5,72,0,129,10.75,0.0,0,0
3fca55af,S Sohal,Punjab Kings,2007/08,2,2,4,8,4,0,0,0,0,0,2.0,50.0,0,0,0,0,0.0,0.0,0,0
ff077124,Kamran Akmal,Rajasthan Royals,2007/08,6,6,128,78,53,1,13,8,1,0,25.6,164.1,0,0,0,0,0.0,0.0,0,0
e03b66ec,Mohammad Asif,Delhi Capitals,2007/08,8,2,3,6,3,0,0,0,0,0,1.5,50.0,8,192,8,296,9.25,37.0,2,0
93a17209,VY Mahesh,Delhi Capitals,2007/08,11,5,15,27,6,3,0,0,0,0,7.5,55.56,11,253,16,370,8.77,23.12,4,0
0dc00542,Shahid Afridi,Deccan Chargers,2007/08,10,9,81,46,33,1,7,6,0,0,10.12,176.09,10,180,9,225,7.5,25.0,3,0
87e562a9,DJ Bravo,Mumbai Indians,2007/08,9,7,178,134,64,1,19,5,1,0,29.67,132.84,9,171,11,232,8.14,21.09,3,0
38f2c66c,VS Yeligati,Mumbai Indians,2007/08,2,1,2,2,2,0,0,0,0,0,2.0,100.0,2,30,0,59,11.8,0.0,0,0
0d232ffd,MA Khote,Mumbai Indians,2007/08,3,3,24,22,9,1,2,1,0,0,12.0,109.09,2,30,2,51,10.2,25.5,2,0
72861603,GC Smith,Rajasthan Royals,2007/08,11,11,441,362,91,2,54,8,3,0,49.0,121.82,0,0,0,0,0.0,0.0,0,0
94bc776b,D Kalyankrishna,Deccan Chargers,2007/08,3,1,3,8,3,0,0,0,0,0,3.0,37.5,3,48,2,87,10.88,43.5,1,0
36d33dd0,RR Sarwan,Punjab Kings,2007/08,4,4,73,75,31,0,6,1,0,0,18.25,97.33,0,0,0,0,0.0,0.0,0,0
034b4b7d,VRV Singh,Punjab Kings,2007/08,13,2,4,3,4,0,1,0,0,0,2.0,133.33,13,288,11,420,8.75,38.18,3,0
709b0bac,SS Tiwary,Mumbai Indians,2007/08,2,2,26,20,17,0,3,1,0,0,13.0,130.0,0,0,0,0,0.0,0.0,0,0
64d43928,Sohail Tanvir,Rajasthan Royals,2007/08,11,5,36,29,13,2,3,1,0,0,12.0,124.14,11,247,22,266,6.46,12.09,6,0
0c2730df,A Kumble,Royal Challengers Bengaluru,2007/08,10,4,13,17,8,2,1,0,0,0,6.5,76.47,10,230,7,304,7.93,43.43,3,0
e0351c86,DNT Zoysa,Deccan Chargers,2007/08,3,2,11,9,10,1,1,0,0,0,11.0,122.22,3,66,2,99,9.0,49.5,1,0
29e95537,AM Rahane,Mumbai Indians,2007/08,2,2,4,17,4,0,1,0,0,0,2.0,23.53,0,0,0,0,0.0,0.0,0,0
facb9086,SD Chitnis,Mumbai Indians,2007/08,3,2,18,10,15,0,1,1,0,0,9.0,180.0,2,36,2,60,10.0,30.0,2,0
64c34cd0,Shoaib Malik,Delhi Capitals,2007/08,6,5,52,47,24,1,5,0,0,0,13.0,110.64,5,51,2,85,10.0,42.5,1,0
26e5cabf,MK Tiwary,Delhi Capitals,2007/08,7,7,104,85,39,3,16,0,0,0,26.0,122.35,0,0,0,0,0.0,0.0,0,0
c03f1114,KD Karthik,Delhi Capitals,2007/08,8,8,145,107,56,2,13,4,1,0,24.17,135.51,0,0,0,0,0.0,0.0,0,0
a76d10ba,TM Srivastava,Punjab Kings,2007/08,2,2,8,10,7,1,0,0,0,0,8.0,80.0,0,0,0,0,0.0,0.0,0,0
8fd1a8f5,DW Steyn,Royal Challengers Bengaluru,2007/08,10,2,2,5,1,1,0,0,0,0,2.0,40.0,10,228,10,252,6.63,25.2,3,0
5451a2c1,B Chipli,Royal Challengers Bengaluru,2007/08,3,3,20,28,10,0,3,0,0,0,6.67,71.43,0,0,0,0,0.0,0.0,0,0
c3d35165,JA Morkel,Chennai Super Kings,2007/08,13,10,241,163,71,3,18,14,1,0,34.43,147.85,13,288,17,399,8.31,23.47,4,0
7050a1e7,DB Das,Kolkata Knight Riders,2007/08,6,6,103,94,31,0,9,5,0,0,17.17,109.57,0,0,0,0,0.0,0.0,0,0
342d8ade,CRD Fernando,Mumbai Indians,2007/08,5,1,2,1,2,1,0,0,0,0,0.0,200.0,5,120,10,160,8.0,16.0,4,0
93b4fc78,MK Pandey,Mumbai Indians,2007/08,2,2,3,9,3,0,0,0,0,0,1.5,33.33,0,0,0,0,0.0,0.0,0,0
e1d1b294,HH Gibbs,Deccan Chargers,2007/08,9,9,167,153,47,0,17,8,0,0,18.56,109.15,0,0,0,0,0.0,0.0,0,0
890de8cb,Gagandeep Singh,Punjab Kings,2007/08,4,0,0,0,0,0,0,0,0,0,0.0,0.0,4,84,3,141,10.07,47.0,1,0
508a1ea7,SE Marsh,Punjab Kings,2007/08,11,11,616,441,115,2,59,26,5,1,68.44,139.68,0,0,0,0,0.0,0.0,0,0
ae091d39,SA Asnodkar,Rajasthan Royals,2007/08,9,9,311,233,60,0,43,6,2,0,34.56,133.48,0,0,0,0,0.0,0.0,0,0
16dfcc19,Umar Gul,Kolkata Knight Riders,2007/08,6,4,39,19,24,1,1,5,0,0,13.0,205.26,6,135,12,184,8.18,15.33,4,0
4d6d6280,Salman Butt,Kolkata Knight Riders,2007/08,7,7,193,161,73,0,30,2,1,0,27.57,119.88,0,0,0,0,0.0,0.0,0,0
b57f8a9a,BJ Hodge,Kolkata Knight Riders,2007/08,3,3,12,17,10,0,2,0,0,0,4.0,70.59,0,0,0,0,0.0,0.0,0,0
eea6b7f1,SP Fleming,Chennai Super Kings,2007/08,10,10,196,165,45,1,27,3,0,0,21.78,118.79,0,0,0,0,0.0,0.0,0,0
756389bd,S Vidyut,Chennai Super Kings,2007/08,8,8,145,109,54,0,21,3,1,0,18.12,133.03,1,12,1,22,11.0,22.0,1,0
9fc0ef64,PJ Sangwan,Delhi Capitals,2007/08,7,2,2,5,2,0,0,0,0,0,1.0,40.0,7,144,5,215,8.96,43.0,2,0
20a941bb,M Ntini,Chennai Super Kings,2007/08,9,2,11,18,11,1,2,0,0,0,11.0,61.11,9,210,7,242,6.91,34.57,4,0
c4487b84,AB de Villiers,Delhi Capitals,2007/08,6,6,95,98,26,1,5,1,0,0,19.0,96.94,0,0,0,0,0.0,0.0,0,0
1be70c88,LPC Silva,Deccan Chargers,2007/08,3,3,40,26,23,1,5,1,0,0,20.0,153.85,1,6,0,21,21.0,0.0,0,0
b720a5d6,DB Ravi Teja,Deccan Chargers,2007/08,6,6,109,82,40,0,10,5,0,0,18.17,132.93,1,12,1,19,9.5,19.0,1,0
7eae4418,Misbah-ul-Haq,Royal Challengers Bengaluru,2007/08,8,8,117,81,47,1,10,6,0,0,16.71,144.44,0,0,0,0,0.0,0.0,0,0
acd4f5dc,DP Vijaykumar,Deccan Chargers,2007/08,9,1,1,1,1,1,0,0,0,0,0.0,100.0,9,152,4,199,7.86,49.75,1,0
4e04666c,YV Takawale,Mumbai Indians,2007/08,4,4,70,65,27,2,7,2,0,0,35.0,107.69,0,0,0,0,0.0,0.0,0,0
5f4e9e8f,RR Raje,Mumbai Indians,2007/08,6,3,8,9,6,3,1,0,0,0,0.0,88.89,6,98,5,137,8.39,27.4,2,0
f48cf4da,DT Patil,Royal Challengers Bengaluru,2007/08,2,2,13,13,9,0,1,0,0,0,6.5,100.0,0,0,0,0,0.0,0.0,0,0
95a2ea61,S Anirudha,Chennai Super Kings,2007/08,1,1,1,7,1,0,0,0,0,0,1.0,14.29,0,0,0,0,0.0,0.0,0,0
b2b50355,L Balaji,Chennai Super Kings,2007/08,9,1,0,4,0,0,0,0,0,0,0.0,0.0,9,198,11,286,8.67,26.0,5,0
cfad138c,CK Kapugedera,Chennai Super Kings,2007/08,4,3,16,23,8,0,0,0,0,0,5.33,69.57,3,17,0,49,17.29,0.0,0,0
e249fdaa,A Chopra,Kolkata Knight Riders,2007/08,5,5,42,52,24,0,5,0,0,0,8.4,80.77,0,0,0,0,0.0,0.0,0,0
75de770f,T Taibu,Kolkata Knight Riders,2007/08,3,3,31,26,15,0,3,0,0,0,10.33,119.23,0,0,0,0,0.0,0.0,0,0
f663ef00,J Arunkumar,Royal Challengers Bengaluru,2007/08,3,3,23,23,22,0,5,0,0,0,7.67,100.0,0,0,0,0,0.0,0.0,0,0
541f85c9,SP Goswami,Royal Challengers Bengaluru,2007/08,3,3,82,85,52,0,9,1,1,0,27.33,96.47,0,0,0,0,0.0,0.0,0,0
35205dfc,DR Smith,Mumbai Indians,2007/08,4,3,45,40,20,0,5,1,0,0,15.0,112.5,4,66,5,83,7.55,16.6,3,0
d2c2b2d5,SR Tendulkar,Mumbai Indians,2007/08,7,7,188,177,65,1,26,2,1,0,31.33,106.21,0,0,0,0,0.0,0.0,0,0
622cc511,U Kaul,Punjab Kings,2007/08,1,1,0,1,0,1,0,0,0,0,0.0,0.0,0,0,0,0,0.0,0.0,0,0
3edb58fc,AD Mascarenhas,Rajasthan Royals,2007/08,1,1,9,8,9,0,0,1,0,0,9.0,112.5,1,24,2,29,7.25,14.5,2,0
5bdcdb72,TM Dilshan,Delhi Capitals,2007/08,7,7,104,79,33,1,14,3,0,0,17.33,131.65,1,6,1,3,3.0,3.0,1,0
6b19d823,A Mishra,Delhi Capitals,2007/08,6,3,37,42,31,0,3,0,0,0,12.33,88.1,6,119,11,138,6.96,12.55,5,0
a2870fb7,NK Patel,Rajasthan Royals,2007/08,4,4,103,81,57,2,13,1,1,0,51.5,127.16,0,0,0,0,0.0,0.0,0,0
b63ab531,LA Pomersbach,Punjab Kings,2007/08,5,5,152,99,79,4,13,9,1,0,152.0,153.54,0,0,0,0,0.0,0.0,0,0
85aae393,Iqbal Abdulla,Kolkata Knight Riders,2007/08,1,1,1,2,1,1,0,0,0,0,0.0,50.0,1,18,0,22,7.33,0.0,0,0
10a91f35,Shoaib Akhtar,Kolkata Knight Riders,2007/08,3,1,2,7,2,0,0,0,0,0,2.0,28.57,3,42,5,54,7.71,10.8,4,0
33cb3411,Younis Khan,Rajasthan Royals,2007/08,1,1,3,7,3,0,0,0,0,0,3.0,42.86,0,0,0,0,0.0,0.0,0,0
5d096f3d,RR Powar,Punjab Kings,2007/08,5,1,28,21,28,1,4,1,0,0,0.0,133.33,5,72,3,91,7.58,30.33,2,0
4b4d1957,PM Sarvesh Kumar,Deccan Chargers,2007/08,2,1,1,2,1,1,0,0,0,0,0.0,50.0,2,30,1,42,8.4,42.0,1,0
888e32bf,Abdur Razzak,Royal Challengers Bengaluru,2007/08,1,1,0,2,0,1,0,0,0,0,0.0,0.0,1,12,0,29,14.5,0.0,0,0
0ed0cdbf,H Das,Deccan Chargers,2007/08,1,1,2,5,2,0,0,0,0,0,2.0,40.0,0,0,0,0,0.0,0.0,0,0
2503e881,A Nel,Mumbai Indians,2007/08,1,0,0,0,0,0,0,0,0,0,0.0,0.0,1,18,1,31,10.33,31.0,1,0
6165bca6,A Mukund,Chennai Super Kings,2007/08,1,1,0,1,0,0,0,0,0,0,0.0,0.0,0,0,0,0,0.0,0.0,0,0
ea0cdc12,BAW Mendis,Kolkata Knight Riders,2007/08,1,0,0,0,0,0,0,0,0,0,0.0,0.0,1,24,1,24,6.0,24.0,1,0
f233bbb4,ST Jayasuriya,Mumbai Indians,2009,12,12,221,192,52,0,23,7,2,0,18.42,115.1,9,114,7,163,8.58,23.29,2,0
ae78bc32,MS Gony,Chennai Super Kings,2009,7,2,13,7,7,0,0,2,0,0,6.5,185.71,7,102,5,172,10.12,34.4,2,0
d2c2b2d5,SR Tendulkar,Mumbai Indians,2009,13,13,364,303,68,2,39,10,2,0,33.09,120.13,4,36,0,58,9.67,0.0,0,0
b2ae53f5,T Thushara,Chennai Super Kings,2009,2,2,2,7,1,1,0,0,0,0,2.0,28.57,2,48,3,60,7.5,20.0,2,0
ddc0828d,A Flintoff,Chennai Super Kings,2009,3,3,62,53,24,1,5,2,0,0,31.0,116.98,3,66,2,105,9.55,52.5,1,0
0a476045,S Dhawan,Mumbai Indians,2009,4,4,40,45,22,0,3,0,0,0,10.0,88.89,0,0,0,0,0.0,0.0,0,0
3eac9d95,JDP Oram,Chennai Super Kings,2009,8,8,88,93,41,2,5,4,0,0,14.67,94.62,7,93,5,133,8.58,26.6,2,0
9f961c14,Joginder Sharma,Chennai Super Kings,2009,4,2,20,18,16,1,0,1,0,0,20.0,111.11,4,42,2,57,8.14,28.5,1,0
2e8994e7,JP Duminy,Mumbai Indians,2009,13,12,372,325,62,3,26,11,5,0,41.33,114.46,6,105,4,93,5.31,23.25,2,0
87e562a9,DJ Bravo,Mumbai Indians,2009,11,10,218,203,70,2,15,8,2,0,27.25,107.39,11,199,11,259,7.81,23.55,3,0
a45a5e8d,AM Nayar,Mumbai Indians,2009,11,11,193,152,35,2,14,7,0,0,21.44,126.97,4,72,4,84,7.0,21.0,3,0
8b5b6769,Harbhajan Singh,Mumbai Indians,2009,13,10,84,53,20,2,6,5,0,0,10.5,158.49,13,264,12,256,5.82,21.33,4,0
91a4a398,Z Khan,Mumbai Indians,2009,6,3,8,11,4,2,0,0,0,0,8.0,72.73,6,126,6,142,6.76,23.67,3,0
b5da6c24,PA Patel,Chennai Super Kings,2009,9,9,142,126,36,0,19,2,0,0,15.78,112.7,0,0,0,0,0.0,0.0,0,0
a12e1d51,SL Malinga,Mumbai Indians,2009,13,1,0,1,0,0,0,0,0,0,0.0,0.0,13,297,18,312,6.3,17.33,3,0
1dc12ab9,SK Raina,Chennai Super Kings,2009,14,14,434,308,98,0,37,21,2,0,31.0,140.91,10,166,7,164,5.93,23.43,2,0
d8699ab7,ML Hayden,Chennai Super Kings,2009,12,12,572,395,89,1,60,22,5,0,52.0,144.81,0,0,0,0,0.0,0.0,0,0
5f4e9e8f,RR Raje,Mumbai Indians,2009,4,2,12,9,11,1,0,1,0,0,12.0,133.33,4,41,1,72,10.54,72.0,1,0
4a8a2e3b,MS Dhoni,Chennai Super Kings,2009,13,13,332,261,58,5,22,9,2,0,41.5,127.2,0,0,0,0,0.0,0.0,0,0
3576e47e,S Badrinath,Chennai Super Kings,2009,11,11,177,164,59,2,20,4,1,0,19.67,107.93,0,0,0,0,0.0,0.0,0,0
91ffa6c6,JD Ryder,Royal Challengers Bengaluru,2009,5,5,56,49,32,0,9,0,0,0,11.2,114.29,5,102,3,115,6.76,38.33,2,0
3edb58fc,AD Mascarenhas,Rajasthan Royals,2009,5,4,39,39,27,0,4,0,0,0,9.75,100.0,5,116,6,132,6.83,22.0,3,0
b61a3e1a,LRPL Taylor,Royal Challengers Bengaluru,2009,11,11,280,208,81,2,20,15,1,0,31.11,134.62,1,6,0,13,13.0,0.0,0,0
39f01cdb,KP Pietersen,Royal Challengers Bengaluru,2009,6,6,93,85,37,0,8,2,0,0,15.5,109.41,4,78,4,85,6.54,21.25,2,0
1c17e270,RV Uthappa,Royal Challengers Bengaluru,2009,13,13,175,170,66,2,18,3,1,0,15.91,102.94,0,0,0,0,0.0,0.0,0,0
6ef60d3a,Kamran Khan,Rajasthan Royals,2009,5,1,3,5,3,0,0,0,0,0,3.0,60.0,5,106,6,124,7.02,20.67,3,0
f0f628c7,MM Patel,Rajasthan Royals,2009,11,5,33,26,23,2,5,0,0,0,11.0,126.92,11,209,16,241,6.92,15.06,2,0
0184dc35,R Dravid,Royal Challengers Bengaluru,2009,12,12,271,234,66,0,28,3,1,0,22.58,115.81,0,0,0,0,0.0,0.0,0,0
0a4ebc61,T Henderson,Rajasthan Royals,2009,2,2,11,16,11,0,0,1,0,0,5.5,68.75,2,36,1,40,6.67,40.0,1,0
ba607b88,V Kohli,Royal Challengers Bengaluru,2009,14,13,246,219,50,2,22,8,1,0,22.36,112.33,3,36,0,46,7.67,0.0,0,0
bb18be76,SK Warne,Rajasthan Royals,2009,13,10,108,116,34,3,6,4,0,0,15.43,93.1,13,300,14,365,7.3,26.07,3,0
af7dadf7,B Akhil,Royal Challengers Bengaluru,2009,6,3,17,15,9,1,1,1,0,0,8.5,113.33,5,66,4,80,7.27,20.0,2,0
3c6ffae8,YK Pathan,Rajasthan Royals,2009,13,13,243,183,62,1,24,12,1,0,20.25,132.79,11,210,7,243,6.94,34.71,3,0
e938e1bc,P Kumar,Royal Challengers Bengaluru,2009,13,8,65,46,14,3,1,6,0,0,13.0,141.3,13,298,13,394,7.93,30.31,3,0
41eb4a4f,R Vinay Kumar,Royal Challengers Bengaluru,2009,11,7,47,44,12,3,4,1,0,0,11.75,106.82,11,194,9,271,8.38,30.11,2,0
72861603,GC Smith,Rajasthan Royals,2009,12,12,212,216,77,1,27,1,1,0,19.27,98.15,0,0,0,0,0.0,0.0,0,0
ae091d39,SA Asnodkar,Rajasthan Royals,2009,8,8,98,93,44,0,11,4,0,0,12.25,105.38,0,0,0,0,0.0,0.0,0,0
a2870fb7,NK Patel,Rajasthan Royals,2009,2,2,18,38,14,0,1,0,0,0,9.0,47.37,0,0,0,0,0.0,0.0,0,0
8fd1a8f5,DW Steyn,Royal Challengers Bengaluru,2009,3,1,0,3,0,0,0,0,0,0,0.0,0.0,3,54,2,62,6.89,31.0,1,0
fe93fd9d,RA Jadeja,Rajasthan Royals,2009,13,13,295,266,42,2,21,6,0,0,26.82,110.9,10,140,6,151,6.47,25.17,3,0
0c2730df,A Kumble,Royal Challengers Bengaluru,2009,16,6,16,19,7,5,2,0,0,0,16.0,84.21,16,355,21,347,5.86,16.52,5,0
de8d3876,M Rawat,Rajasthan Royals,2009,3,3,16,19,8,3,1,0,0,0,0.0,84.21,0,0,0,0,0.0,0.0,0,0
7ca5e05d,RS Bopara,Punjab Kings,2009,5,5,138,119,84,0,8,7,1,0,27.6,115.97,2,8,0,5,3.75,0.0,0,0
c404f58a,DP Nannes,Delhi Capitals,2009,13,0,0,0,0,0,0,0,0,0,0.0,0.0,13,297,15,372,7.52,24.8,3,0
a1f1829d,K Goel,Punjab Kings,2009,8,8,124,133,38,1,9,4,0,0,17.71,93.23,4,48,0,61,7.62,0.0,0,0
260fd380,AM Salvi,Delhi Capitals,2009,5,0,0,0,0,0,0,0,0,0,0.0,0.0,5,102,4,134,7.88,33.5,2,0
9fc0ef64,PJ Sangwan,Delhi Capitals,2009,13,4,6,10,5,3,0,0,0,0,6.0,60.0,13,280,15,360,7.71,24.0,3,0
93a17209,VY Mahesh,Delhi Capitals,2009,1,0,0,0,0,0,0,0,0,0,0.0,0.0,1,12,1,25,12.5,25.0,1,0
d7c6af50,DL Vettori,Delhi Capitals,2009,7,3,34,32,29,1,3,0,0,0,17.0,106.25,7,139,7,181,7.81,25.86,3,0
6b71e6cf,KC Sangakkara,Punjab Kings,2009,13,13,332,324,60,2,29,5,2,0,30.18,102.47,0,0,0,0,0.0,0.0,0,0
1c914163,Yuvraj Singh,Punjab Kings,2009,14,14,340,294,58,2,25,16,2,0,28.33,115.65,9,120,6,142,7.1,23.67,3,0
d18f9182,DPMD Jayawardene,Punjab Kings,2009,10,10,219,165,52,4,17,7,1,0,36.5,132.73,0,0,0,0,0.0,0.0,0,0
5fa06777,IK Pathan,Punjab Kings,2009,14,12,196,158,39,2,17,6,0,0,19.6,124.05,14,302,17,390,7.75,22.94,3,0
bb345e0b,G Gambhir,Delhi Capitals,2009,15,15,286,278,71,2,32,2,1,0,22.0,102.88,0,0,0,0,0.0,0.0,0,0
8ba8195d,V Sehwag,Delhi Capitals,2009,11,11,198,138,50,1,24,7,1,0,19.8,143.48,1,6,0,25,25.0,0.0,0,0
4353bba5,YA Abdulla,Punjab Kings,2009,9,0,0,0,0,0,0,0,0,0,0.0,0.0,9,168,14,241,8.61,17.21,4,0
5f26df4f,VS Malik,Punjab Kings,2009,5,0,0,0,0,0,0,0,0,0,0.0,0.0,5,72,2,98,8.17,49.0,1,0
034b4b7d,VRV Singh,Punjab Kings,2009,4,0,0,0,0,0,0,0,0,0,0.0,0.0,4,54,1,82,9.11,82.0,1,0
98ae73b1,PP Chawla,Punjab Kings,2009,14,8,31,36,8,5,3,0,0,0,10.33,86.11,14,269,12,308,6.87,25.67,2,0
b8a55852,BB McCullum,Kolkata Knight Riders,2009,13,13,285,239,84,1,27,12,2,0,23.75,119.25,0,0,0,0,0.0,0.0,0,0
a7c226e1,FH Edwards,Deccan Chargers,2009,6,2,4,5,3,1,0,0,0,0,4.0,80.0,6,140,5,154,6.6,30.8,2,0
db584dad,CH Gayle,Kolkata Knight Riders,2009,7,7,171,143,44,1,15,10,0,0,28.5,119.58,7,113,1,144,7.65,144.0,1,0
c3d1402f,RP Singh,Deccan Chargers,2009,16,5,8,17,4,1,0,0,0,0,2.0,47.06,16,358,23,417,6.99,18.13,4,0
725529bc,SC Ganguly,Kolkata Knight Riders,2009,12,11,189,207,46,0,13,6,0,0,17.18,91.3,6,72,2,97,8.08,48.5,2,0
b57f8a9a,BJ Hodge,Kolkata Knight Riders,2009,12,12,365,310,73,3,34,9,3,0,40.56,117.74,9,120,7,161,8.05,23.0,3,0
2a72fd4f,Harmeet Singh,Deccan Chargers,2009,7,0,0,0,0,0,0,0,0,0,0.0,0.0,7,137,3,192,8.41,64.0,2,0
e249fdaa,A Chopra,Kolkata Knight Riders,2009,1,1,11,19,11,0,2,0,0,0,11.0,57.89,0,0,0,0,0.0,0.0,0,0
6c6591ab,PP Ojha,Deccan Chargers,2009,15,4,1,7,1,1,0,0,0,0,0.33,14.29,15,321,18,348,6.5,19.33,3,0
57efa3be,SB Styris,Deccan Chargers,2009,2,1,14,8,14,0,0,1,0,0,14.0,175.0,2,48,5,64,8.0,12.8,3,0
b1451597,LR Shukla,Kolkata Knight Riders,2009,8,6,83,85,48,1,5,3,0,0,16.6,97.65,5,84,3,100,7.14,33.33,3,0
32198ae0,MC Henriques,Kolkata Knight Riders,2009,4,3,38,40,30,1,2,1,0,0,19.0,95.0,4,73,2,107,8.79,53.5,1,0
fa463154,AB Agarkar,Kolkata Knight Riders,2009,11,5,66,57,39,3,3,3,0,0,33.0,115.79,11,186,6,284,9.16,47.33,2,0
abfeb126,M Kartik,Kolkata Knight Riders,2009,10,2,21,20,11,2,0,0,0,0,0.0,105.0,10,204,4,201,5.91,50.25,2,0
5bb1a1c4,I Sharma,Kolkata Knight Riders,2009,11,3,16,13,9,1,1,1,0,0,8.0,123.08,11,258,11,297,6.91,27.0,2,0
66b30f71,AB Dinda,Kolkata Knight Riders,2009,8,2,2,3,2,0,0,0,0,0,1.0,66.67,8,144,4,193,8.04,48.25,1,0
2b6e6dec,AC Gilchrist,Deccan Chargers,2009,16,16,495,325,85,0,54,29,3,0,30.94,152.31,0,0,0,0,0.0,0.0,0,0
e1d1b294,HH Gibbs,Deccan Chargers,2009,14,14,371,331,69,3,32,12,4,0,33.73,112.08,0,0,0,0,0.0,0.0,0,0
de8cce37,VVS Laxman,Deccan Chargers,2009,5,5,19,33,10,0,1,1,0,0,3.8,57.58,0,0,0,0,0.0,0.0,0,0
740742ef,RG Sharma,Deccan Chargers,2009,16,16,362,315,52,3,22,18,1,0,27.85,114.92,12,138,11,161,7.0,14.64,4,0
86dc8f2e,JH Kallis,Royal Challengers Bengaluru,2009,15,15,361,332,69,2,37,8,3,0,27.77,108.73,14,276,6,353,7.67,58.83,2,0
c3d35165,JA Morkel,Chennai Super Kings,2009,12,10,97,70,21,6,8,4,0,0,24.25,138.57,12,240,13,328,8.2,25.23,2,0
b2b50355,L Balaji,Chennai Super Kings,2009,13,3,4,10,2,1,0,0,0,0,2.0,40.0,13,224,13,316,8.46,24.31,4,0
4ba44e19,M Muralitharan,Chennai Super Kings,2009,13,4,8,8,4,2,1,0,0,0,4.0,100.0,13,300,14,261,5.22,18.64,3,0
4d5a1617,R Bishnoi,Royal Challengers Bengaluru,2009,3,3,19,17,18,0,1,2,0,0,6.33,111.76,0,0,0,0,0.0,0.0,0,0
40caa465,T Kohli,Punjab Kings,2009,1,1,1,4,1,0,0,0,0,0,1.0,25.0,0,0,0,0,0.0,0.0,0,0
fe763256,Y Venugopal Rao,Deccan Chargers,2009,14,12,124,114,32,1,6,3,0,0,11.27,108.77,6,90,4,122,8.13,30.5,2,0
b720a5d6,DB Ravi Teja,Deccan Chargers,2009,6,6,65,70,27,3,7,0,0,0,21.67,92.86,0,0,0,0,0.0,0.0,0,0
119678fd,KV Sharma,Royal Challengers Bengaluru,2009,1,1,1,3,1,0,0,0,0,0,1.0,33.33,0,0,0,0,0.0,0.0,0,0
c4487b84,AB de Villiers,Delhi Capitals,2009,13,13,465,355,105,4,39,12,3,1,51.67,130.99,0,0,0,0,0.0,0.0,0,0
5bdcdb72,TM Dilshan,Delhi Capitals,2009,13,13,418,341,67,3,42,13,4,0,41.8,122.58,8,96,0,98,6.12,0.0,0,0
c03f1114,KD Karthik,Delhi Capitals,2009,13,13,288,217,52,5,20,9,1,0,36.0,132.72,0,0,0,0,0.0,0.0,0,0
26e5cabf,MK Tiwary,Delhi Capitals,2009,1,1,9,13,9,0,1,0,0,0,9.0,69.23,1,6,0,11,11.0,0.0,0,0
96fd40ae,A Nehra,Delhi Capitals,2009,13,1,1,1,1,1,0,0,0,0,0.0,100.0,13,306,19,346,6.78,18.21,3,0
25eeb281,PC Valthaty,Rajasthan Royals,2009,2,2,6,12,5,0,1,0,0,0,3.0,50.0,0,0,0,0,0.0,0.0,0,0
69be866a,Anureet Singh,Kolkata Knight Riders,2009,2,0,0,0,0,0,0,0,0,0,0.0,0.0,2,30,2,47,9.4,23.5,2,0
23ac69e6,RJ Quiney,Rajasthan Royals,2009,7,7,103,102,51,0,12,3,1,0,14.71,100.98,0,0,0,0,0.0,0.0,0,0
ea0cdc12,BAW Mendis,Kolkata Knight Riders,2009,4,1,0,1,0,0,0,0,0,0,0.0,0.0,4,96,3,117,7.31,39.0,2,0
c69a7b5c,AS Raut,Rajasthan Royals,2009,8,7,78,61,36,3,5,3,0,0,19.5,127.87,4,24,0,36,9.0,0.0,0,0
0604ef16,SB Bangar,Kolkata Knight Riders,2009,1,1,2,9,2,0,0,0,0,0,2.0,22.22,0,0,0,0,0.0,0.0,0,0
297b26da,Yashpal Singh,Kolkata Knight Riders,2009,4,4,47,66,20,0,5,0,0,0,11.75,71.21,0,0,0,0,0.0,0.0,0,0
21ac077a,RR Bose,Punjab Kings,2009,1,0,0,0,0,0,0,0,0,0,0.0,0.0,1,12,0,24,12.0,0.0,0,0
e32d22f6,Pankaj Singh,Royal Challengers Bengaluru,2009,3,2,1,2,1,1,0,0,0,0,1.0,50.0,3,42,2,65,9.29,32.5,2,0
35205dfc,DR Smith,Deccan Chargers,2009,8,8,215,132,49,0,12,15,0,0,26.88,162.88,8,84,1,124,8.86,124.0,1,0
d2a989fc,DS Kulkarni,Mumbai Indians,2009,8,3,9,17,7,1,0,0,0,0,4.5,52.94,8,156,5,206,7.92,41.2,1,0
0aadc906,PR Shah,Mumbai Indians,2009,4,4,53,51,29,1,4,2,0,0,17.67,103.92,0,0,0,0,0.0,0.0,0,0
6b19d823,A Mishra,Delhi Capitals,2009,11,5,26,20,13,2,2,2,0,0,8.67,130.0,11,253,14,294,6.97,21.0,3,0
f3cb53a1,MV Boucher,Royal Challengers Bengaluru,2009,9,9,150,116,48,4,8,6,0,0,30.0,129.31,0,0,0,0,0.0,0.0,0,0
d92e42f5,KP Appanna,Royal Challengers Bengaluru,2009,5,1,0,1,0,1,0,0,0,0,0.0,0.0,5,72,2,87,7.25,43.5,1,0
c42aaf71,M Manhas,Delhi Capitals,2009,6,6,75,62,26,3,7,1,0,0,25.0,120.97,0,0,0,0,0.0,0.0,0,0
3dba85c2,WA Mota,Punjab Kings,2009,7,6,30,48,12,1,0,0,0,0,6.0,62.5,5,54,3,61,6.78,20.33,1,0
5d096f3d,RR Powar,Punjab Kings,2009,8,3,23,22,10,2,2,0,0,0,23.0,104.55,8,126,5,132,6.29,26.4,2,0
8a668774,Shoaib Ahmed,Deccan Chargers,2009,7,3,1,6,1,1,0,0,0,0,0.5,16.67,7,102,5,152,8.94,30.4,2,0
bff458c6,AA Bilakhia,Deccan Chargers,2009,6,6,67,81,22,2,5,0,0,0,16.75,82.72,0,0,0,0,0.0,0.0,0,0
709b0bac,SS Tiwary,Mumbai Indians,2009,3,3,13,12,6,2,0,0,0,0,13.0,108.33,0,0,0,0,0.0,0.0,0,0
7023d182,AN Ghosh,Kolkata Knight Riders,2009,2,2,7,8,7,0,1,0,0,0,3.5,87.5,0,0,0,0,0.0,0.0,0,0
05c2ca46,RE van der Merwe,Royal Challengers Bengaluru,2009,10,8,122,98,35,0,8,8,0,0,15.25,124.49,10,204,9,248,7.29,27.56,2,0
710dd98c,MN van Wyk,Kolkata Knight Riders,2009,5,5,167,132,74,2,19,1,1,0,55.67,126.52,0,0,0,0,0.0,0.0,0,0
fe11caa6,WP Saha,Kolkata Knight Riders,2009,7,7,72,41,25,4,3,4,0,0,24.0,175.61,0,0,0,0,0.0,0.0,0,0
541f85c9,SP Goswami,Royal Challengers Bengaluru,2009,2,2,53,60,43,0,6,0,0,0,26.5,88.33,0,0,0,0,0.0,0.0,0,0
93b4fc78,MK Pandey,Royal Challengers Bengaluru,2009,4,4,168,118,114,2,17,4,0,1,84.0,142.37,0,0,0,0,0.0,0.0,0,0
aaa1b522,TL Suman,Deccan Chargers,2009,12,12,237,190,41,2,18,8,0,0,23.7,124.74,5,90,5,108,7.2,21.6,2,0
3d7e087f,SK Trivedi,Rajasthan Royals,2009,7,3,9,18,6,1,0,0,0,0,4.5,50.0,7,120,6,152,7.6,25.33,2,0
c24a2c5d,S Tyagi,Chennai Super Kings,2009,8,0,0,0,0,0,0,0,0,0,0.0,0.0,8,114,5,136,7.16,27.2,2,0
611926bc,GR Napier,Mumbai Indians,2009,1,1,15,16,15,0,1,0,0,0,15.0,93.75,1,24,1,27,6.75,27.0,1,0
29e95537,AM Rahane,Mumbai Indians,2009,7,7,144,123,62,1,12,3,2,0,24.0,117.07,1,6,1,5,5.0,5.0,1,0
fdedb37c,SM Katich,Punjab Kings,2009,9,9,145,117,50,0,15,6,1,0,16.11,123.93,0,0,0,0,0.0,0.0,0,0
a76d10ba,TM Srivastava,Punjab Kings,2009,1,1,0,1,0,1,0,0,0,0,0.0,0.0,0,0,0,0,0.0,0.0,0,0
63bff7f9,SM Harwood,Rajasthan Royals,2009,3,2,9,14,6,2,0,0,0,0,0.0,64.29,3,60,3,73,7.3,24.33,2,0
d872f52a,LA Carseldine,Rajasthan Royals,2009,5,5,81,68,39,1,11,0,0,0,20.25,119.12,1,6,1,6,6.0,6.0,1,0
890946a0,NV Ojha,Rajasthan Royals,2009,8,8,168,144,68,1,11,11,2,0,24.0,116.67,0,0,0,0,0.0,0.0,0,0
4b57e452,M Vijay,Chennai Super Kings,2009,4,4,60,67,31,0,4,2,0,0,15.0,89.55,0,0,0,0,0.0,0.0,0,0
33a364a6,R Bhatia,Delhi Capitals,2009,8,5,8,18,4,0,1,0,0,0,1.6,44.44,7,130,10,146,6.74,14.6,4,0
c8179c68,SB Jakati,Chennai Super Kings,2009,8,2,20,15,13,1,3,0,0,0,20.0,133.33,8,174,13,217,7.48,16.69,4,0
dcce6f09,DA Warner,Delhi Capitals,2009,7,7,163,132,51,0,16,5,1,0,23.29,123.48,0,0,0,0,0.0,0.0,0,0
3fca55af,S Sohal,Punjab Kings,2009,8,8,115,93,43,0,9,8,0,0,14.38,123.66,0,0,0,0,0.0,0.0,0,0
d7a57f75,D du Preez,Royal Challengers Bengaluru,2009,2,1,10,13,10,0,0,0,0,0,10.0,76.92,2,42,4,56,8.0,14.0,3,0
619aa81f,W Jaffer,Royal Challengers Bengaluru,2009,2,2,15,17,8,0,2,0,0,0,7.5,88.24,0,0,0,0,0.0,0.0,0,0
12eddf28,RJ Harris,Deccan Chargers,2009,8,5,21,18,9,4,0,0,0,0,21.0,116.67,8,186,6,230,7.42,38.33,3,0
6b8eb6e5,S Sreesanth,Punjab Kings,2009,7,2,5,18,4,2,1,0,0,0,0.0,27.78,7,138,6,192,8.35,32.0,2,0
5b040b81,A Singh,Rajasthan Royals,2009,5,2,1,3,1,1,0,0,0,0,1.0,33.33,5,105,9,95,5.43,10.56,4,0
5bb5a915,M Morkel,Rajasthan Royals,2009,2,1,8,8,8,0,1,0,0,0,8.0,100.0,2,42,0,40,5.71,0.0,0,0
0fa5042b,L Ronchi,Mumbai Indians,2009,1,1,0,2,0,0,0,0,0,0,0.0,0.0,0,0,0,0,0.0,0.0,0,0
dd09ff8e,B Lee,Punjab Kings,2009,5,4,28,34,14,2,2,1,0,0,14.0,82.35,5,120,5,111,5.55,22.2,3,0
bd77eb62,A Symonds,Deccan Chargers,2009,8,8,249,166,60,1,15,11,1,0,35.57,150.0,8,144,7,160,6.67,22.86,2,0
66cf56a5,A Mithun,Royal Challengers Bengaluru,2009,1,0,0,0,0,0,0,0,0,0,0.0,0.0,1,24,0,42,10.5,0.0,0,0
f24ca2ba,C Nanda,Mumbai Indians,2009,3,1,0,1,0,0,0,0,0,0,0.0,0.0,3,48,2,57,7.12,28.5,1,0
caa89a48,SS Sarkar,Kolkata Knight Riders,2009,2,0,0,0,0,0,0,0,0,0,0.0,0.0,2,25,1,34,8.16,34.0,1,0
bcce309e,WPUJC Vaas,Deccan Chargers,2009,2,2,30,21,20,1,1,1,0,0,30.0,142.86,2,48,4,71,8.88,17.75,2,0
fd835ab3,DJ Hussey,Kolkata Knight Riders,2009,4,4,98,59,43,0,7,6,0,0,24.5,166.1,3,24,0,34,8.5,0.0,0,0
896d78ad,AD Mathews,Kolkata Knight Riders,2009,1,1,16,13,16,0,2,0,0,0,16.0,123.08,1,14,0,31,13.29,0.0,0,0
b63ab531,LA Pomersbach,Punjab Kings,2009,4,4,41,49,26,0,3,1,0,0,10.25,83.67,0,0,0,0,0.0,0.0,0,0
facb9086,SD Chitnis,Rajasthan Royals,2009,1,1,6,8,6,0,1,0,0,0,6.0,75.0,0,0,0,0,0.0,0.0,0,0
7c503806,J Botha,Rajasthan Royals,2009,3,3,47,40,37,1,5,0,0,0,23.5,117.5,3,72,3,74,6.17,24.67,2,0
4e04666c,YV Takawale,Mumbai Indians,2009,1,1,18,22,18,0,2,0,0,0,18.0,81.82,0,0,0,0,0.0,0.0,0,0
ab89348d,MF Maharoof,Delhi Capitals,2009,3,2,21,21,18,1,0,0,0,0,21.0,100.0,3,60,4,65,6.5,16.25,2,0
e186f49c,Mashrafe Mortaza,Kolkata Knight Riders,2009,1,1,2,2,2,1,0,0,0,0,0.0,100.0,1,24,0,58,14.5,0.0,0,0
5056011d,GJ Bailey,Chennai Super Kings,2009,2,2,45,39,30,0,7,0,0,0,22.5,115.38,0,0,0,0,0.0,0.0,0,0
16043342,AB McDonald,Delhi Capitals,2009,1,1,3,4,3,0,0,0,0,0,3.0,75.0,1,18,0,22,7.33,0.0,0,0
662c47a6,Y Nagar,Delhi Capitals,2009,1,1,20,20,20,0,1,0,0,0,20.0,100.0,1,12,2,20,10.0,10.0,2,0
d1c94b25,CK Langeveldt,Kolkata Knight Riders,2009,1,0,0,0,0,0,0,0,0,0,0.0,0.0,1,24,3,15,3.75,5.0,3,0
5f5d3ad4,SS Shaikh,Kolkata Knight Riders,2009,1,1,6,7,6,0,1,0,0,0,6.0,85.71,0,0,0,0,0.0,0.0,0,0
495d42a5,R Ashwin,Chennai Super Kings,2009,1,1,8,15,8,0,1,0,0,0,8.0,53.33,1,24,2,13,3.25,6.5,2,0
2bb09eb2,Mohammad Ashraful,Mumbai Indians,2009,1,1,2,10,2,0,0,0,0,0,2.0,20.0,0,0,0,0,0.0,0.0,0,0
7c390b03,RA Shaikh,Mumbai Indians,2009,1,0,0,0,0,0,0,0,0,0,0.0,0.0,1,6,0,11,11.0,0.0,0,0
d7b3a420,Jaskaran Singh,Deccan Chargers,2009,1,0,0,0,0,0,0,0,0,0,0.0,0.0,1,18,0,32,10.67,0.0,0,0
26e5cabf,MK Tiwary,Kolkata Knight Riders,2009/10,12,11,237,186,75,2,23,5,2,0,26.33,127.42,1,6,1,11,11.0,11.0,1,0
bcce309e,WPUJC Vaas,Deccan Chargers,2009/10,6,5,30,34,16,1,1,1,0,0,7.5,88.24,6,132,9,139,6.32,15.44,3,0
725529bc,SC Ganguly,Kolkata Knight Riders,2009/10,14,14,493,419,88,1,58,15,4,0,37.92,117.66,3,24,0,43,10.75,0.0,0,0
d4f9dbd4,CA Pujara,Kolkata Knight Riders,2009/10,6,6,122,115,45,2,14,3,0,0,30.5,106.09,0,0,0,0,0.0,0.0,0,0
b57f8a9a,BJ Hodge,Kolkata Knight Riders,2009/10,4,4,99,90,50,0,11,1,1,0,24.75,110.0,4,30,2,41,8.2,20.5,1,0
c3d1402f,RP Singh,Deccan Chargers,2009/10,12,5,9,19,4,3,0,0,0,0,4.5,47.37,12,252,13,370,8.81,28.46,3,0
d7b3a420,Jaskaran Singh,Deccan Chargers,2009/10,6,4,8,11,4,3,0,0,0,0,8.0,72.73,6,84,6,139,9.93,23.17,2,0
7bf96684,OA Shah,Kolkata Knight Riders,2009/10,5,5,115,95,58,3,7,5,1,0,57.5,121.05,0,0,0,0,0.0,0.0,0,0
896d78ad,AD Mathews,Kolkata Knight Riders,2009/10,12,10,233,184,65,4,18,8,1,0,38.83,126.63,12,225,8,314,8.37,39.25,4,0
6c6591ab,PP Ojha,Deccan Chargers,2009/10,16,3,3,8,2,0,0,0,0,0,1.0,37.5,16,353,21,429,7.29,20.43,3,0
bd77eb62,A Symonds,Deccan Chargers,2009/10,16,16,429,341,54,2,35,18,4,0,30.64,125.81,16,318,12,372,7.02,31.0,3,0
aaa1b522,TL Suman,Deccan Chargers,2009/10,14,14,307,257,78,5,23,12,2,0,34.11,119.46,2,12,0,24,12.0,0.0,0,0
2b6e6dec,AC Gilchrist,Deccan Chargers,2009/10,16,16,289,185,54,0,31,16,1,0,18.06,156.22,0,0,0,0,0.0,0.0,0,0
d1c94b25,CK Langeveldt,Kolkata Knight Riders,2009/10,3,1,0,1,0,0,0,0,0,0,0.0,0.0,3,66,5,88,8.0,17.6,2,0
de8cce37,VVS Laxman,Deccan Chargers,2009/10,6,6,64,60,22,0,7,1,0,0,10.67,106.67,0,0,0,0,0.0,0.0,0,0
5bb1a1c4,I Sharma,Kolkata Knight Riders,2009/10,7,2,6,17,6,1,0,0,0,0,6.0,35.29,7,150,7,236,9.44,33.71,2,0
b1451597,LR Shukla,Kolkata Knight Riders,2009/10,4,2,36,26,19,0,3,2,0,0,18.0,138.46,4,72,3,106,8.83,35.33,1,0
abfeb126,M Kartik,Kolkata Knight Riders,2009/10,10,2,22,22,21,0,2,0,0,0,11.0,100.0,10,234,9,253,6.49,28.11,2,0
e1d1b294,HH Gibbs,Deccan Chargers,2009/10,10,10,267,235,50,0,26,9,1,0,26.7,113.62,0,0,0,0,0.0,0.0,0,0
740742ef,RG Sharma,Deccan Chargers,2009/10,16,16,404,302,73,2,36,14,3,0,28.86,133.77,9,114,2,153,8.05,76.5,1,0
7bb62642,Anirudh Singh,Deccan Chargers,2009/10,4,4,63,66,40,0,6,1,0,0,15.75,95.45,0,0,0,0,0.0,0.0,0,0
f233bbb4,ST Jayasuriya,Mumbai Indians,2009/10,4,4,33,31,23,0,4,1,0,0,8.25,106.45,4,54,2,68,7.56,34.0,2,0
3edb58fc,AD Mascarenhas,Rajasthan Royals,2009/10,2,2,12,10,9,1,0,0,0,0,12.0,120.0,2,48,4,65,8.12,16.25,2,0
addfb70e,SW Tait,Rajasthan Royals,2009/10,8,2,12,13,11,1,0,1,0,0,12.0,92.31,8,187,10,264,8.47,26.4,3,0
d2c2b2d5,SR Tendulkar,Mumbai Indians,2009/10,15,15,618,466,89,2,86,3,5,0,47.54,132.62,0,0,0,0,0.0,0.0,0,0
6ef60d3a,Kamran Khan,Rajasthan Royals,2009/10,3,0,0,0,0,0,0,0,0,0,0.0,0.0,3,36,3,53,8.83,17.67,2,0
fdcb08c2,A Uniyal,Rajasthan Royals,2009/10,2,2,4,7,4,1,0,0,0,0,4.0,57.14,2,36,2,66,11.0,33.0,2,0
855a210c,AP Tare,Mumbai Indians,2009/10,4,4,50,36,23,0,5,3,0,0,12.5,138.89,0,0,0,0,0.0,0.0,0,0
709b0bac,SS Tiwary,Mumbai Indians,2009/10,15,15,419,309,61,1,29,18,3,0,29.93,135.6,0,0,0,0,0.0,0.0,0,0
70d205c9,AT Rayudu,Mumbai Indians,2009/10,14,14,356,246,55,1,34,13,2,0,27.38,144.72,0,0,0,0,0.0,0.0,0,0
bb18be76,SK Warne,Rajasthan Royals,2009/10,14,6,10,19,4,2,0,0,0,0,2.5,52.63,14,300,11,381,7.62,34.64,4,0
2815fe50,AA Jhunjhunwala,Rajasthan Royals,2009/10,11,10,183,166,53,1,16,4,1,0,20.33,110.24,5,37,0,69,11.19,0.0,0,0
3c6ffae8,YK Pathan,Rajasthan Royals,2009/10,14,14,333,201,100,2,22,24,1,1,27.75,165.67,11,204,5,246,7.24,49.2,2,0
626c5379,R Sathish,Mumbai Indians,2009/10,10,10,112,96,24,3,11,0,0,0,16.0,116.67,4,48,2,81,10.12,40.5,1,0
8b5b6769,Harbhajan Singh,Mumbai Indians,2009/10,15,7,105,63,49,2,12,5,0,0,21.0,166.67,14,321,17,377,7.05,22.18,3,0
c654af19,R McLaren,Mumbai Indians,2009/10,10,7,66,69,40,4,7,0,0,0,22.0,95.65,10,204,4,270,7.94,67.5,2,0
72861603,GC Smith,Rajasthan Royals,2009/10,2,2,44,39,26,0,7,0,0,0,22.0,112.82,0,0,0,0,0.0,0.0,0,0
91a4a398,Z Khan,Mumbai Indians,2009/10,14,3,24,13,23,2,3,1,0,0,24.0,184.62,14,290,15,376,7.78,25.07,3,0
890946a0,NV Ojha,Rajasthan Royals,2009/10,14,14,377,285,94,2,42,15,2,0,31.42,132.28,0,0,0,0,0.0,0.0,0,0
a12e1d51,SL Malinga,Mumbai Indians,2009/10,13,1,1,1,1,1,0,0,0,0,0.0,100.0,13,294,15,344,7.02,22.93,4,0
ef5da05c,AG Murtaza,Mumbai Indians,2009/10,3,0,0,0,0,0,0,0,0,0,0.0,0.0,3,72,3,91,7.58,30.33,2,0
2728e7e9,P Dogra,Rajasthan Royals,2009/10,8,8,107,106,41,0,4,5,0,0,13.38,100.94,0,0,0,0,0.0,0.0,0,0
7ca5e05d,RS Bopara,Punjab Kings,2009/10,10,9,248,214,77,1,25,3,2,0,31.0,115.89,5,78,5,127,9.77,25.4,3,0
c404f58a,DP Nannes,Delhi Capitals,2009/10,9,2,4,13,3,1,0,0,0,0,4.0,30.77,9,206,7,224,6.52,32.0,2,0
5afd4539,MS Bisla,Punjab Kings,2009/10,10,10,218,178,75,0,27,6,1,0,21.8,122.47,0,0,0,0,0.0,0.0,0,0
ab89348d,MF Maharoof,Delhi Capitals,2009/10,7,4,31,23,28,1,2,2,0,0,10.33,134.78,7,144,8,206,8.58,25.75,2,0
6b71e6cf,KC Sangakkara,Punjab Kings,2009/10,12,12,357,257,56,0,47,5,2,0,29.75,138.91,0,0,0,0,0.0,0.0,0,0
9fc0ef64,PJ Sangwan,Delhi Capitals,2009/10,8,2,10,14,6,1,0,0,0,0,10.0,71.43,8,186,9,258,8.32,28.67,3,0
1c914163,Yuvraj Singh,Punjab Kings,2009/10,14,14,255,199,43,2,20,14,0,0,21.25,128.14,10,138,5,152,6.61,30.4,2,0
d18f9182,DPMD Jayawardene,Punjab Kings,2009/10,13,13,439,298,110,3,55,11,1,1,43.9,147.32,0,0,0,0,0.0,0.0,0,0
5fa06777,IK Pathan,Punjab Kings,2009/10,14,13,276,186,60,5,21,10,1,0,34.5,148.39,14,278,15,426,9.19,28.4,3,0
6b19d823,A Mishra,Delhi Capitals,2009/10,14,7,39,51,12,3,1,0,0,0,9.75,76.47,14,318,17,363,6.85,21.35,3,0
93a17209,VY Mahesh,Delhi Capitals,2009/10,1,0,0,0,0,0,0,0,0,0,0.0,0.0,1,18,1,23,7.67,23.0,1,0
5bdcdb72,TM Dilshan,Delhi Capitals,2009/10,6,6,44,53,17,0,6,0,0,0,7.33,83.02,4,49,3,70,8.57,23.33,1,0
d84378a4,M Kaif,Punjab Kings,2009/10,3,3,28,30,14,0,2,0,0,0,9.33,93.33,0,0,0,0,0.0,0.0,0,0
98ae73b1,PP Chawla,Punjab Kings,2009/10,14,6,62,60,22,1,7,0,0,0,12.4,103.33,14,294,12,367,7.49,30.58,3,0
5d096f3d,RR Powar,Punjab Kings,2009/10,7,2,5,8,3,1,0,0,0,0,5.0,62.5,7,138,3,160,6.96,53.33,2,0
6b8eb6e5,S Sreesanth,Punjab Kings,2009/10,6,3,27,21,15,3,5,0,0,0,0.0,128.57,6,114,3,191,10.05,63.67,2,0
4353bba5,YA Abdulla,Punjab Kings,2009/10,2,1,0,1,0,1,0,0,0,0,0.0,0.0,2,41,1,66,9.66,66.0,1,0
bb345e0b,G Gambhir,Delhi Capitals,2009/10,10,10,277,217,72,1,32,2,2,0,30.78,127.65,0,0,0,0,0.0,0.0,0,0
8ba8195d,V Sehwag,Delhi Capitals,2009/10,14,14,356,218,75,0,47,14,3,0,25.43,163.3,3,34,3,23,4.06,7.67,2,0
c4487b84,AB de Villiers,Delhi Capitals,2009/10,7,7,111,119,45,0,7,0,0,0,15.86,93.28,0,0,0,0,0.0,0.0,0,0
c03f1114,KD Karthik,Delhi Capitals,2009/10,14,14,278,237,69,1,26,6,1,0,21.38,117.3,0,0,0,0,0.0,0.0,0,0
c42aaf71,M Manhas,Delhi Capitals,2009/10,8,8,157,149,32,4,14,0,0,0,39.25,105.37,0,0,0,0,0.0,0.0,0,0
86dc8f2e,JH Kallis,Royal Challengers Bengaluru,2009/10,16,16,572,494,89,4,67,9,6,0,47.67,115.79,16,342,13,476,8.35,36.62,2,0
541f85c9,SP Goswami,Royal Challengers Bengaluru,2009/10,1,1,8,10,8,0,2,0,0,0,8.0,80.0,0,0,0,0,0.0,0.0,0,0
93b4fc78,MK Pandey,Royal Challengers Bengaluru,2009/10,13,13,249,226,42,1,27,7,0,0,20.75,110.18,0,0,0,0,0.0,0.0,0,0
ba607b88,V Kohli,Royal Challengers Bengaluru,2009/10,13,13,307,212,58,2,26,12,1,0,27.91,144.81,4,32,0,50,9.38,0.0,0,0
d2a6c0e6,EJG Morgan,Royal Challengers Bengaluru,2009/10,4,4,35,30,17,1,2,1,0,0,11.67,116.67,0,0,0,0,0.0,0.0,0,0
0184dc35,R Dravid,Royal Challengers Bengaluru,2009/10,11,11,256,199,52,2,34,3,1,0,28.44,128.64,0,0,0,0,0.0,0.0,0,0
1c17e270,RV Uthappa,Royal Challengers Bengaluru,2009/10,14,14,374,218,68,2,21,27,3,0,31.17,171.56,0,0,0,0,0.0,0.0,0,0
9ff100a6,RS Gavaskar,Kolkata Knight Riders,2009/10,2,1,2,8,2,0,0,0,0,0,2.0,25.0,1,6,0,8,8.0,0.0,0,0
05c2ca46,RE van der Merwe,Royal Challengers Bengaluru,2009/10,1,1,1,2,1,0,0,0,0,0,1.0,50.0,1,24,2,27,6.75,13.5,2,0
e938e1bc,P Kumar,Royal Challengers Bengaluru,2009/10,12,3,4,8,3,1,0,0,0,0,2.0,50.0,12,270,10,380,8.44,38.0,3,0
8fd1a8f5,DW Steyn,Royal Challengers Bengaluru,2009/10,15,4,13,17,8,0,2,0,0,0,3.25,76.47,15,354,15,406,6.88,27.07,3,0
0c2730df,A Kumble,Royal Challengers Bengaluru,2009/10,16,5,6,11,2,5,0,0,0,0,0.0,54.55,16,380,17,407,6.43,23.94,4,0
c3d35165,JA Morkel,Chennai Super Kings,2009/10,14,11,198,131,62,3,10,13,1,0,24.75,151.15,14,286,11,405,8.5,36.82,2,0
c24a2c5d,S Tyagi,Chennai Super Kings,2009/10,6,1,3,4,3,1,0,0,0,0,0.0,75.0,6,95,1,159,10.04,159.0,1,0
4ba44e19,M Muralitharan,Chennai Super Kings,2009/10,12,1,1,2,1,0,0,0,0,0,1.0,50.0,12,288,15,329,6.85,21.93,3,0
495d42a5,R Ashwin,Chennai Super Kings,2009/10,12,6,30,40,11,2,2,0,0,0,7.5,75.0,12,288,13,293,6.1,22.54,3,0
b2b50355,L Balaji,Chennai Super Kings,2009/10,7,3,18,20,15,1,1,1,0,0,9.0,90.0,7,140,7,207,8.87,29.57,2,0
6581d753,JM Kemp,Chennai Super Kings,2009/10,5,2,26,24,22,0,1,1,0,0,13.0,108.33,5,44,3,54,7.36,18.0,3,0
4b57e452,M Vijay,Chennai Super Kings,2009/10,15,15,458,292,127,2,36,26,2,1,35.23,156.85,0,0,0,0,0.0,0.0,0,0
d8699ab7,ML Hayden,Chennai Super Kings,2009/10,16,16,346,279,93,0,37,16,1,0,21.62,124.01,0,0,0,0,0.0,0.0,0,0
1dc12ab9,SK Raina,Chennai Super Kings,2009/10,16,16,520,364,83,5,45,22,4,0,47.27,142.86,12,143,6,178,7.47,29.67,1,0
3576e47e,S Badrinath,Chennai Super Kings,2009/10,15,15,356,303,55,4,41,5,2,0,32.36,117.49,0,0,0,0,0.0,0.0,0,0
4a8a2e3b,MS Dhoni,Chennai Super Kings,2009/10,11,11,287,210,66,2,26,8,2,0,31.89,136.67,0,0,0,0,0.0,0.0,0,0
ae091d39,SA Asnodkar,Rajasthan Royals,2009/10,1,1,5,4,5,0,1,0,0,0,5.0,125.0,0,0,0,0,0.0,0.0,0,0
fb693839,S Ladda,Delhi Capitals,2009/10,5,2,0,9,0,1,0,0,0,0,0.0,0.0,5,90,4,143,9.53,35.75,2,0
f0f628c7,MM Patel,Rajasthan Royals,2009/10,4,2,4,5,4,1,0,0,0,0,4.0,80.0,4,78,3,118,9.08,39.33,1,0
41eb4a4f,R Vinay Kumar,Royal Challengers Bengaluru,2009/10,14,5,27,32,10,1,1,0,0,0,6.75,84.38,14,277,16,396,8.58,24.75,4,0
c18496e1,Bipul Sharma,Punjab Kings,2009/10,4,2,9,7,8,2,1,0,0,0,0.0,128.57,4,60,3,94,9.4,31.33,1,0
4f629497,SE Bond,Kolkata Knight Riders,2009/10,8,1,1,2,1,0,0,0,0,0,1.0,50.0,8,186,9,224,7.23,24.89,2,0
ae78bc32,MS Gony,Chennai Super Kings,2009/10,3,1,2,6,2,0,0,0,0,0,2.0,33.33,3,48,1,92,11.5,92.0,1,0
fe11caa6,WP Saha,Kolkata Knight Riders,2009/10,6,6,67,53,22,3,9,1,0,0,22.33,126.42,0,0,0,0,0.0,0.0,0,0
a757b0d8,KA Pollard,Mumbai Indians,2009/10,14,14,273,147,45,2,23,17,0,0,22.75,185.71,12,222,15,274,7.41,18.27,3,0
87e562a9,DJ Bravo,Mumbai Indians,2009/10,10,8,61,53,23,1,3,4,0,0,8.71,115.09,10,157,4,228,8.71,57.0,2,0
11df3dc8,MJ Lumb,Rajasthan Royals,2009/10,11,11,278,192,83,0,45,6,1,0,25.27,144.79,0,0,0,0,0.0,0.0,0,0
69762509,DR Martyn,Rajasthan Royals,2009/10,1,1,19,24,19,0,1,0,0,0,19.0,79.17,0,0,0,0,0.0,0.0,0,0
287686fd,S Narwal,Rajasthan Royals,2009/10,5,3,14,12,12,1,2,0,0,0,7.0,116.67,5,94,5,185,11.81,37.0,3,0
5bb5a915,M Morkel,Rajasthan Royals,2009/10,2,2,9,16,7,1,1,0,0,0,9.0,56.25,2,42,0,66,9.43,0.0,0,0
3d7e087f,SK Trivedi,Rajasthan Royals,2009/10,11,4,20,14,9,2,3,1,0,0,10.0,142.86,10,213,11,260,7.32,23.64,3,0
dcce6f09,DA Warner,Delhi Capitals,2009/10,11,11,282,191,107,1,27,14,1,1,28.2,147.64,0,0,0,0,0.0,0.0,0,0
9f961c14,Joginder Sharma,Chennai Super Kings,2009/10,3,0,0,0,0,0,0,0,0,0,0.0,0.0,3,48,2,89,11.12,44.5,1,0
33a364a6,R Bhatia,Delhi Capitals,2009/10,5,3,24,17,21,0,1,2,0,0,8.0,141.18,5,96,3,132,8.25,44.0,1,0
b5da6c24,PA Patel,Chennai Super Kings,2009/10,4,4,72,79,57,0,6,2,1,0,18.0,91.14,0,0,0,0,0.0,0.0,0,0
cc1e8c68,UT Yadav,Delhi Capitals,2009/10,7,1,3,4,3,1,0,0,0,0,0.0,75.0,7,144,6,184,7.67,30.67,2,0
2049f3a0,SJ Srivastava,Punjab Kings,2009/10,8,2,1,2,1,1,0,0,0,0,1.0,50.0,8,162,6,255,9.44,42.5,2,0
d3a3e82d,AB Barath,Punjab Kings,2009/10,3,3,42,42,33,1,5,1,0,0,21.0,100.0,0,0,0,0,0.0,0.0,0,0
66b30f71,AB Dinda,Kolkata Knight Riders,2009/10,7,1,0,1,0,0,0,0,0,0,0.0,0.0,7,139,9,152,6.56,16.89,2,0
c15e2193,FY Fazal,Rajasthan Royals,2009/10,10,9,164,154,45,1,19,1,0,0,20.5,106.49,2,12,0,20,10.0,0.0,0,0
864c199e,AC Voges,Rajasthan Royals,2009/10,8,7,181,143,45,3,15,3,0,0,45.25,126.57,7,54,0,76,8.44,0.0,0,0
6afb26d6,MD Mishra,Deccan Chargers,2009/10,11,11,166,144,41,0,18,6,0,0,15.09,115.28,0,0,0,0,0.0,0.0,0,0
662c47a6,Y Nagar,Delhi Capitals,2009/10,1,1,1,6,1,0,0,0,0,0,1.0,16.67,1,18,1,28,9.33,28.0,1,0
32198ae0,MC Henriques,Delhi Capitals,2009/10,1,1,11,5,11,0,2,0,0,0,11.0,220.0,1,24,1,35,8.75,35.0,1,0
fe763256,Y Venugopal Rao,Deccan Chargers,2009/10,5,4,34,43,24,0,3,1,0,0,8.5,79.07,1,6,0,10,10.0,0.0,0,0
5d9a1a73,R Sharma,Deccan Chargers,2009/10,6,4,29,26,14,1,3,1,0,0,9.67,111.54,6,124,5,167,8.08,33.4,2,0
dec8e038,J Theron,Punjab Kings,2009/10,7,2,2,5,2,0,0,0,0,0,1.0,40.0,7,144,6,187,7.79,31.17,2,0
db584dad,CH Gayle,Kolkata Knight Riders,2009/10,9,9,292,184,88,0,30,16,2,0,32.44,158.7,6,96,4,152,9.5,38.0,1,0
0a476045,S Dhawan,Mumbai Indians,2009/10,10,10,191,170,56,0,23,3,2,0,19.1,112.35,0,0,0,0,0.0,0.0,0,0
f3cb53a1,MV Boucher,Royal Challengers Bengaluru,2009/10,2,2,13,10,11,1,0,1,0,0,13.0,130.0,0,0,0,0,0.0,0.0,0,0
5056011d,GJ Bailey,Chennai Super Kings,2009/10,1,1,18,27,18,0,2,0,0,0,18.0,66.67,0,0,0,0,0.0,0.0,0,0
c8179c68,SB Jakati,Chennai Super Kings,2009/10,11,0,0,0,0,0,0,0,0,0,0.0,0.0,11,228,13,291,7.66,22.38,2,0
0f12f9df,NLTC Perera,Chennai Super Kings,2009/10,1,0,0,0,0,0,0,0,0,0,0.0,0.0,1,6,0,19,19.0,0.0,0,0
dd09ff8e,B Lee,Punjab Kings,2009/10,4,3,11,9,7,2,1,0,0,0,11.0,122.22,4,87,0,149,10.28,0.0,0,0
c3a96caf,Mandeep Singh,Kolkata Knight Riders,2009/10,2,2,4,11,4,0,1,0,0,0,2.0,36.36,0,0,0,0,0.0,0.0,0,0
5f26df4f,VS Malik,Punjab Kings,2009/10,3,1,6,5,6,0,1,0,0,0,6.0,120.0,3,43,1,62,8.65,62.0,1,0
fd835ab3,DJ Hussey,Kolkata Knight Riders,2009/10,6,6,94,86,31,2,5,5,0,0,23.5,109.3,5,60,0,80,8.0,0.0,0,0
fa463154,AB Agarkar,Kolkata Knight Riders,2009/10,7,4,40,29,17,3,4,0,0,0,40.0,137.93,7,132,4,203,9.23,50.75,2,0
85aae393,Iqbal Abdulla,Kolkata Knight Riders,2009/10,3,1,0,1,0,1,0,0,0,0,0.0,0.0,3,51,1,61,7.18,61.0,1,0
a1f1829d,K Goel,Punjab Kings,2009/10,2,2,18,20,17,1,1,1,0,0,18.0,90.0,1,6,0,7,7.0,0.0,0,0
99d63244,KM Jadhav,Delhi Capitals,2009/10,5,5,76,56,50,2,7,2,1,0,25.33,135.71,0,0,0,0,0.0,0.0,0,0
16043342,AB McDonald,Delhi Capitals,2009/10,4,3,65,52,33,3,3,2,0,0,0.0,125.0,4,84,5,138,9.86,27.6,2,0
b2ae53f5,T Thushara,Chennai Super Kings,2009/10,4,2,10,11,8,1,0,0,0,0,10.0,90.91,4,87,5,101,6.97,20.2,2,0
7daedf2f,KB Arun Karthik,Chennai Super Kings,2009/10,1,1,3,5,3,1,0,0,0,0,0.0,60.0,0,0,0,0,0.0,0.0,0,0
78eb4223,KAJ Roach,Deccan Chargers,2009/10,2,1,10,9,10,0,1,0,0,0,10.0,111.11,2,48,0,80,10.0,0.0,0,0
a386e91b,PD Collingwood,Delhi Capitals,2009/10,7,7,203,156,75,2,9,13,3,0,40.6,130.13,6,89,5,101,6.81,20.2,2,0
508a1ea7,SE Marsh,Punjab Kings,2009/10,4,4,147,114,88,1,14,6,2,0,49.0,128.95,0,0,0,0,0.0,0.0,0,0
798934ea,C Ganapathy,Chennai Super Kings,2009/10,1,0,0,0,0,0,0,0,0,0,0.0,0.0,1,6,0,13,13.0,0.0,0,0
39f01cdb,KP Pietersen,Royal Challengers Bengaluru,2009/10,7,7,236,157,66,3,23,8,2,0,59.0,150.32,6,60,3,77,7.7,25.67,1,0
d0513f63,CL White,Royal Challengers Bengaluru,2009/10,5,5,48,33,21,3,3,3,0,0,24.0,145.45,1,6,0,19,19.0,0.0,0,0
2a72fd4f,Harmeet Singh,Deccan Chargers,2009/10,8,1,0,1,0,0,0,0,0,0,0.0,0.0,8,144,8,174,7.25,21.75,2,0
86ae8ef2,MB Parmar,Kolkata Knight Riders,2009/10,1,0,0,0,0,0,0,0,0,0,0.0,0.0,1,18,0,33,11.0,0.0,0,0
4329fbb5,SR Watson,Rajasthan Royals,2009/10,6,5,185,114,60,0,18,9,2,0,37.0,162.28,6,132,6,184,8.36,30.67,3,0
dddca1d6,SB Wagh,Rajasthan Royals,2009/10,1,0,0,0,0,0,0,0,0,0,0.0,0.0,1,6,1,16,16.0,16.0,1,0
45c2196c,DE Bollinger,Chennai Super Kings,2009/10,8,2,18,17,16,2,1,1,0,0,0.0,105.88,8,186,12,207,6.68,17.25,4,0
c69a7b5c,AS Raut,Rajasthan Royals,2009/10,5,5,56,48,32,3,3,3,0,0,28.0,116.67,0,0,0,0,0.0,0.0,0,0
12eddf28,RJ Harris,Deccan Chargers,2009/10,8,5,45,39,15,1,2,2,0,0,11.25,115.38,8,184,14,233,7.6,16.64,3,0
1e66c162,JD Unadkat,Kolkata Knight Riders,2009/10,3,0,0,0,0,0,0,0,0,0,0.0,0.0,3,62,4,85,8.23,21.25,3,0
66cf56a5,A Mithun,Royal Challengers Bengaluru,2009/10,1,1,5,4,5,0,1,0,0,0,5.0,125.0,1,18,1,39,13.0,39.0,1,0
d92e42f5,KP Appanna,Royal Challengers Bengaluru,2009/10,2,2,2,3,1,1,0,0,0,0,2.0,66.67,2,42,1,51,7.29,51.0,1,0
d7c6af50,DL Vettori,Delhi Capitals,2009/10,3,3,33,27,19,2,4,0,0,0,33.0,122.22,3,70,2,97,8.31,48.5,1,0
b61a3e1a,LRPL Taylor,Royal Challengers Bengaluru,2009/10,7,7,88,75,31,3,2,6,0,0,22.0,117.33,0,0,0,0,0.0,0.0,0,0
35205dfc,DR Smith,Deccan Chargers,2009/10,3,3,22,25,13,1,1,1,0,0,11.0,88.0,2,23,1,36,9.39,36.0,1,0
dbc50253,AP Dole,Rajasthan Royals,2009/10,3,2,34,22,30,0,3,1,0,0,17.0,154.55,3,66,5,112,10.18,22.4,2,0
bff458c6,AA Bilakhia,Deccan Chargers,2009/10,1,1,2,4,2,0,0,0,0,0,2.0,50.0,0,0,0,0,0.0,0.0,0,0
2af1b6d2,AN Ahmed,Mumbai Indians,2009/10,1,1,4,7,4,1,0,0,0,0,0.0,57.14,1,12,0,26,13.0,0.0,0,0
48fd7349,MEK Hussey,Chennai Super Kings,2009/10,3,3,37,44,15,1,2,0,0,0,18.5,84.09,0,0,0,0,0.0,0.0,0,0
b8a55852,BB McCullum,Kolkata Knight Riders,2009/10,5,5,114,110,57,1,14,2,1,0,28.5,103.64,0,0,0,0,0.0,0.0,0,0
ea0cdc12,BAW Mendis,Kolkata Knight Riders,2009/10,2,1,1,1,1,1,0,0,0,0,0.0,100.0,2,48,2,66,8.25,33.0,2,0
3d8feaf8,MR Marsh,Deccan Chargers,2009/10,3,2,28,30,15,0,1,1,0,0,14.0,93.33,3,60,2,88,8.8,44.0,1,0
8b9704ae,L Ablish,Punjab Kings,2009/10,2,0,0,0,0,0,0,0,0,0,0.0,0.0,2,24,3,36,9.0,12.0,2,0
2e8994e7,JP Duminy,Mumbai Indians,2009/10,7,7,157,131,42,2,13,5,0,0,31.4,119.85,2,33,1,37,6.73,37.0,1,0
a3ecf01f,RS Sodhi,Punjab Kings,2009/10,1,1,4,2,4,1,1,0,0,0,0.0,200.0,0,0,0,0,0.0,0.0,0,0
64a4c383,S Sriram,Royal Challengers Bengaluru,2009/10,1,1,27,29,27,0,3,0,0,0,27.0,93.1,1,12,0,24,12.0,0.0,0,0
96fd40ae,A Nehra,Delhi Capitals,2009/10,4,2,23,20,22,1,2,1,0,0,23.0,115.0,4,84,6,96,6.86,16.0,3,0
d2a989fc,DS Kulkarni,Mumbai Indians,2009/10,1,0,0,0,0,0,0,0,0,0,0.0,0.0,1,24,1,40,10.0,40.0,1,0
f4f0fafd,B Sumanth,Deccan Chargers,2009/10,4,4,35,37,16,3,3,0,0,0,35.0,94.59,0,0,0,0,0.0,0.0,0,0
2eeb4370,C Madan,Mumbai Indians,2009/10,1,1,15,19,15,0,3,0,0,0,15.0,78.95,0,0,0,0,0.0,0.0,0,0
342d8ade,CRD Fernando,Mumbai Indians,2009/10,5,1,2,2,2,1,0,0,0,0,0.0,100.0,5,114,7,138,7.26,19.71,2,0
3a02626a,AG Paunikar,Rajasthan Royals,2009/10,1,1,0,1,0,0,0,0,0,0,0.0,0.0,0,0,0,0,0.0,0.0,0,0
e32d22f6,Pankaj Singh,Royal Challengers Bengaluru,2009/10,2,1,1,2,1,0,0,0,0,0,1.0,50.0,2,48,2,81,10.12,40.5,2,0
a45a5e8d,AM Nayar,Mumbai Indians,2009/10,3,3,58,51,27,1,4,2,0,0,29.0,113.73,0,0,0,0,0.0,0.0,0,0
b8d490fd,AJ Finch,Rajasthan Royals,2009/10,1,1,21,21,21,0,0,1,0,0,21.0,100.0,1,7,0,5,4.29,0.0,0,0
034b4b7d,VRV Singh,Punjab Kings,2009/10,1,0,0,0,0,0,0,0,0,0,0.0,0.0,1,18,0,40,13.33,0.0,0,0
bd17b45f,STR Binny,Mumbai Indians,2009/10,1,1,8,5,8,0,1,0,0,0,8.0,160.0,1,6,0,9,9.0,0.0,0,0
95a2ea61,S Anirudha,Chennai Super Kings,2009/10,2,2,30,18,24,1,2,2,0,0,30.0,166.67,0,0,0,0,0.0,0.0,0,0
6ec424a9,ND Doshi,Royal Challengers Bengaluru,2009/10,1,0,0,0,0,0,0,0,0,0,0.0,0.0,1,24,1,17,4.25,17.0,1,0
af7dadf7,B Akhil,Royal Challengers Bengaluru,2009/10,1,0,0,0,0,0,0,0,0,0,0.0,0.0,1,6,0,6,6.0,0.0,0,0
95a2ea61,S Anirudha,Chennai Super Kings,2011,5,5,83,74,64,1,6,3,1,0,20.75,112.16,0,0,0,0,0.0,0.0,0,0
85aae393,Iqbal Abdulla,Kolkata Knight Riders,2011,15,2,15,12,12,2,1,0,0,0,0.0,125.0,15,300,16,305,6.1,19.06,3,0
4b57e452,M Vijay,Chennai Super Kings,2011,16,16,434,339,95,0,34,20,3,0,27.12,128.02,0,0,0,0,0.0,0.0,0,0
3c6ffae8,YK Pathan,Kolkata Knight Riders,2011,15,11,283,201,47,1,24,13,0,0,28.3,140.8,14,234,13,238,6.1,18.31,3,0
1dc12ab9,SK Raina,Chennai Super Kings,2011,16,16,438,325,73,2,36,17,4,0,31.29,134.77,12,165,4,201,7.31,50.25,2,0
b2b50355,L Balaji,Kolkata Knight Riders,2011,14,2,4,2,3,2,0,0,0,0,0.0,200.0,14,266,10,371,8.37,37.1,3,0
86dc8f2e,JH Kallis,Kolkata Knight Riders,2011,15,14,424,378,80,2,46,6,4,0,35.33,112.17,9,144,7,170,7.08,24.29,2,0
fb693839,S Ladda,Kolkata Knight Riders,2011,2,0,0,0,0,0,0,0,0,0,0.0,0.0,2,24,0,42,10.5,0.0,0,0
33a364a6,R Bhatia,Kolkata Knight Riders,2011,13,6,25,22,11,3,3,0,0,0,8.33,113.64,12,192,8,210,6.56,26.25,3,0
4a8a2e3b,MS Dhoni,Chennai Super Kings,2011,13,13,392,247,70,4,25,23,2,0,43.56,158.7,0,0,0,0,0.0,0.0,0,0
c3d35165,JA Morkel,Chennai Super Kings,2011,15,12,138,102,30,6,8,8,0,0,23.0,135.29,14,270,15,382,8.49,25.47,3,0
57efa3be,SB Styris,Chennai Super Kings,2011,2,1,5,2,5,1,1,0,0,0,0.0,250.0,1,6,0,13,13.0,0.0,0,0
5afd4539,MS Bisla,Kolkata Knight Riders,2011,5,5,72,89,27,0,8,0,0,0,14.4,80.9,0,0,0,0,0.0,0.0,0,0
13c35c9e,TG Southee,Chennai Super Kings,2011,5,0,0,0,0,0,0,0,0,0,0.0,0.0,5,114,4,166,8.74,41.5,1,0
495d42a5,R Ashwin,Chennai Super Kings,2011,16,2,2,6,2,0,0,0,0,0,1.0,33.33,16,378,20,388,6.16,19.4,3,0
f5f18a18,S Randiv,Chennai Super Kings,2011,8,1,2,4,2,0,0,0,0,0,2.0,50.0,8,174,6,223,7.69,37.17,2,0
c8179c68,SB Jakati,Chennai Super Kings,2011,14,0,0,0,0,0,0,0,0,0,0.0,0.0,14,265,10,336,7.61,33.6,2,0
26e5cabf,MK Tiwary,Kolkata Knight Riders,2011,14,13,359,325,61,6,26,14,1,0,51.29,110.46,2,12,0,23,11.5,0.0,0,0
d2a6c0e6,EJG Morgan,Kolkata Knight Riders,2011,9,9,137,117,66,0,17,3,1,0,15.22,117.09,0,0,0,0,0.0,0.0,0,0
bb345e0b,G Gambhir,Kolkata Knight Riders,2011,15,15,378,317,75,4,44,3,2,0,34.36,119.24,0,0,0,0,0.0,0.0,0,0
b1451597,LR Shukla,Kolkata Knight Riders,2011,1,1,14,10,14,0,2,0,0,0,14.0,140.0,0,0,0,0,0.0,0.0,0,0
0a476045,S Dhawan,Deccan Chargers,2011,14,14,400,310,95,2,47,7,2,0,33.33,129.03,2,12,1,11,5.5,11.0,1,0
3eac9d95,JDP Oram,Rajasthan Royals,2011,2,1,0,3,0,0,0,0,0,0,0.0,0.0,2,24,1,45,11.25,45.0,1,0
dded65e7,IR Jaggi,Deccan Chargers,2011,2,2,28,37,25,0,3,0,0,0,14.0,75.68,0,0,0,0,0.0,0.0,0,0
5b040b81,A Singh,Rajasthan Royals,2011,9,2,1,4,1,0,0,0,0,0,0.5,25.0,9,171,9,215,7.54,23.89,3,0
7c503806,J Botha,Rajasthan Royals,2011,10,9,230,198,67,4,20,2,1,0,46.0,116.16,10,216,7,239,6.64,34.14,3,0
6b71e6cf,KC Sangakkara,Deccan Chargers,2011,13,13,358,293,65,0,44,5,1,0,27.54,122.18,0,0,0,0,0.0,0.0,0,0
3d7e087f,SK Trivedi,Rajasthan Royals,2011,12,1,0,2,0,0,0,0,0,0,0.0,0.0,12,214,10,303,8.5,30.3,3,0
5451a2c1,B Chipli,Deccan Chargers,2011,13,13,207,170,61,5,21,4,1,0,25.88,121.76,1,6,0,20,20.0,0.0,0,0
bb18be76,SK Warne,Rajasthan Royals,2011,13,4,10,20,5,2,1,0,0,0,5.0,50.0,12,282,13,297,6.32,22.85,3,0
2e8994e7,JP Duminy,Deccan Chargers,2011,10,10,205,174,55,0,9,8,1,0,20.5,117.82,8,108,4,143,7.94,35.75,1,0
2a2e6343,DT Christian,Deccan Chargers,2011,14,13,190,159,30,2,9,7,0,0,17.27,119.5,14,274,11,350,7.66,31.82,2,0
b720a5d6,DB Ravi Teja,Deccan Chargers,2011,9,9,183,144,60,2,17,4,1,0,26.14,127.08,1,6,0,9,9.0,0.0,0,0
8291f939,AL Menaria,Rajasthan Royals,2011,12,10,180,152,34,1,10,10,0,0,20.0,118.42,9,90,2,121,8.07,60.5,2,0
8fd1a8f5,DW Steyn,Deccan Chargers,2011,12,5,36,35,13,1,3,0,0,0,9.0,102.86,12,273,14,299,6.57,21.36,3,0
bd17b45f,STR Binny,Rajasthan Royals,2011,3,2,37,31,30,1,2,1,0,0,37.0,119.35,3,24,0,44,11.0,0.0,0,0
6b19d823,A Mishra,Deccan Chargers,2011,14,9,68,49,25,5,9,1,0,0,17.0,138.78,14,320,19,358,6.71,18.84,4,0
5bb1a1c4,I Sharma,Deccan Chargers,2011,12,4,4,5,1,4,0,0,0,0,0.0,80.0,12,264,11,314,7.14,28.55,5,0
3a02626a,AG Paunikar,Rajasthan Royals,2011,4,4,49,57,20,0,9,0,0,0,12.25,85.96,0,0,0,0,0.0,0.0,0,0
6c6591ab,PP Ojha,Deccan Chargers,2011,10,0,0,0,0,0,0,0,0,0,0.0,0.0,10,221,10,267,7.25,26.7,3,0
0184dc35,R Dravid,Rajasthan Royals,2011,12,12,343,314,66,1,45,2,1,0,31.18,109.24,0,0,0,0,0.0,0.0,0,0
b61a3e1a,LRPL Taylor,Rajasthan Royals,2011,11,11,181,152,47,6,11,7,0,0,36.2,119.08,1,6,0,11,11.0,0.0,0,0
b8a55852,BB McCullum,Kochi Tuskers Kerala,2011,13,13,357,275,81,0,35,16,1,0,27.46,129.82,0,0,0,0,0.0,0.0,0,0
91a4a398,Z Khan,Royal Challengers Bengaluru,2011,15,2,21,24,21,0,2,0,0,0,10.5,87.5,15,354,14,455,7.71,32.5,3,0
de8cce37,VVS Laxman,Kochi Tuskers Kerala,2011,3,3,44,42,36,0,3,2,0,0,14.67,104.76,0,0,0,0,0.0,0.0,0,0
c404f58a,DP Nannes,Royal Challengers Bengaluru,2011,2,0,0,0,0,0,0,0,0,0,0.0,0.0,2,24,2,31,7.75,15.5,1,0
d7c6af50,DL Vettori,Royal Challengers Bengaluru,2011,13,4,23,28,18,3,1,1,0,0,23.0,82.14,13,310,12,311,6.02,25.92,3,0
5bdcdb72,TM Dilshan,Royal Challengers Bengaluru,2011,10,10,226,180,59,2,33,3,2,0,28.25,125.56,6,72,1,108,9.0,108.0,1,0
66cf56a5,A Mithun,Royal Challengers Bengaluru,2011,12,4,27,20,11,1,3,1,0,0,9.0,135.0,12,204,5,321,9.44,64.2,2,0
d18f9182,DPMD Jayawardene,Kochi Tuskers Kerala,2011,13,13,299,257,76,0,35,5,3,0,23.0,116.34,0,0,0,0,0.0,0.0,0,0
ba607b88,V Kohli,Royal Challengers Bengaluru,2011,16,16,557,460,71,4,55,16,4,0,46.42,121.09,10,102,2,139,8.18,69.5,1,0
b57f8a9a,BJ Hodge,Kochi Tuskers Kerala,2011,14,14,285,236,51,6,26,9,1,0,35.62,120.76,4,66,7,77,7.0,11.0,4,0
3ae3f034,AUK Pathan,Royal Challengers Bengaluru,2011,5,5,33,16,14,1,5,2,0,0,8.25,206.25,2,33,0,49,8.91,0.0,0,0
fe93fd9d,RA Jadeja,Kochi Tuskers Kerala,2011,14,12,283,228,47,3,20,14,0,0,31.44,124.12,14,252,8,305,7.26,38.12,2,0
b2570b38,RV Gomez,Kochi Tuskers Kerala,2011,11,8,46,50,26,3,4,1,0,0,9.2,92.0,8,90,5,124,8.27,24.8,2,0
b5da6c24,PA Patel,Kochi Tuskers Kerala,2011,13,13,202,183,37,3,25,2,0,0,20.2,110.38,0,0,0,0,0.0,0.0,0,0
00ea847a,MA Agarwal,Royal Challengers Bengaluru,2011,7,7,141,120,41,0,16,4,0,0,20.14,117.5,0,0,0,0,0.0,0.0,0,0
c3d1402f,RP Singh,Kochi Tuskers Kerala,2011,14,4,2,4,1,2,0,0,0,0,1.0,50.0,14,300,13,345,6.9,26.54,4,0
6b8eb6e5,S Sreesanth,Kochi Tuskers Kerala,2011,9,3,1,9,1,1,0,0,0,0,0.5,11.11,9,191,7,206,6.47,29.43,2,0
41eb4a4f,R Vinay Kumar,Kochi Tuskers Kerala,2011,13,7,50,47,18,1,4,1,0,0,8.33,106.38,13,268,12,335,7.5,27.92,3,0
c4487b84,AB de Villiers,Royal Challengers Bengaluru,2011,13,13,312,243,65,4,21,14,2,0,34.67,128.4,0,0,0,0,0.0,0.0,0,0
4ba44e19,M Muralitharan,Kochi Tuskers Kerala,2011,5,1,5,8,5,1,0,0,0,0,0.0,62.5,5,114,2,141,7.42,70.5,1,0
709b0bac,SS Tiwary,Royal Challengers Bengaluru,2011,13,13,187,188,42,5,13,5,0,0,23.38,99.47,0,0,0,0,0.0,0.0,0,0
dcce6f09,DA Warner,Delhi Capitals,2011,13,13,324,276,77,0,34,11,3,0,24.92,117.39,0,0,0,0,0.0,0.0,0,0
8b5b6769,Harbhajan Singh,Mumbai Indians,2011,15,8,103,71,30,5,9,6,0,0,34.33,145.07,15,318,14,370,6.98,26.43,5,0
8ba8195d,V Sehwag,Delhi Capitals,2011,11,11,424,240,119,0,51,18,2,1,38.55,176.67,0,0,0,0,0.0,0.0,0,0
a12e1d51,SL Malinga,Mumbai Indians,2011,16,2,8,9,7,0,0,1,0,0,4.0,88.89,16,378,28,375,5.95,13.39,5,0
0c94f480,UBT Chand,Delhi Capitals,2011,2,2,2,12,2,0,0,0,0,0,1.0,16.67,0,0,0,0,0.0,0.0,0,0
b8d490fd,AJ Finch,Delhi Capitals,2011,6,6,47,46,25,0,3,3,0,0,7.83,102.17,1,12,0,13,6.5,0.0,0,0
ef5da05c,AG Murtaza,Mumbai Indians,2011,5,1,2,5,2,1,0,0,0,0,0.0,40.0,5,120,3,117,5.85,39.0,2,0
890946a0,NV Ojha,Delhi Capitals,2011,14,14,160,161,29,1,11,11,0,0,12.31,99.38,0,0,0,0,0.0,0.0,0,0
f0f628c7,MM Patel,Mumbai Indians,2011,15,1,0,1,0,0,0,0,0,0,0.0,0.0,15,326,22,358,6.59,16.27,5,0
fe763256,Y Venugopal Rao,Delhi Capitals,2011,14,14,336,280,60,2,30,13,1,0,28.0,120.0,2,12,0,26,13.0,0.0,0,0
a757b0d8,KA Pollard,Mumbai Indians,2011,16,12,146,133,28,2,12,6,0,0,14.6,109.77,16,255,10,361,8.49,36.1,2,0
cf73ad76,JEC Franklin,Mumbai Indians,2011,7,5,107,78,45,3,10,2,0,0,53.5,137.18,6,61,3,99,9.74,33.0,2,0
5fa06777,IK Pathan,Delhi Capitals,2011,13,12,150,138,44,4,12,6,0,0,18.75,108.7,13,275,11,344,7.51,31.27,3,0
05c2ca46,RE van der Merwe,Delhi Capitals,2011,4,4,14,16,8,4,1,0,0,0,0.0,87.5,4,89,5,92,6.2,18.4,3,0
5bb5a915,M Morkel,Delhi Capitals,2011,11,5,40,25,16,3,3,2,0,0,20.0,160.0,11,258,13,325,7.56,25.0,3,0
cc1e8c68,UT Yadav,Delhi Capitals,2011,6,2,1,5,1,1,0,0,0,0,1.0,20.0,6,108,2,169,9.39,84.5,2,0
66b30f71,AB Dinda,Delhi Capitals,2011,5,1,0,5,0,0,0,0,0,0,0.0,0.0,5,102,5,152,8.94,30.4,2,0
a84468fe,DJ Jacobs,Mumbai Indians,2011,6,6,92,88,32,0,10,4,0,0,15.33,104.55,0,0,0,0,0.0,0.0,0,0
d2c2b2d5,SR Tendulkar,Mumbai Indians,2011,16,16,553,488,100,3,67,5,2,1,42.54,113.32,0,0,0,0,0.0,0.0,0,0
70d205c9,AT Rayudu,Mumbai Indians,2011,16,16,395,350,63,2,44,9,4,0,28.21,112.86,0,0,0,0,0.0,0.0,0,0
740742ef,RG Sharma,Mumbai Indians,2011,13,13,372,297,87,3,32,13,3,0,37.2,125.25,3,24,0,53,13.25,0.0,0,0
2b6e6dec,AC Gilchrist,Punjab Kings,2011,14,14,383,295,106,0,41,18,2,1,27.36,129.83,0,0,0,0,0.0,0.0,0,0
b552a935,AC Thomas,Pune Warriors,2011,11,2,1,4,1,2,0,0,0,0,0.0,25.0,11,231,11,297,7.71,27.0,2,0
508a1ea7,SE Marsh,Punjab Kings,2011,13,13,504,344,95,1,52,20,4,0,42.0,146.51,0,0,0,0,0.0,0.0,0,0
25eeb281,PC Valthaty,Punjab Kings,2011,14,14,463,338,120,1,56,20,2,1,35.62,136.98,9,145,7,189,7.82,27.0,4,0
dddca1d6,SB Wagh,Pune Warriors,2011,7,2,2,3,2,0,0,0,0,0,1.0,66.67,7,96,4,121,7.56,30.25,3,0
c03f1114,KD Karthik,Punjab Kings,2011,13,13,282,220,69,2,32,7,1,0,25.64,128.18,0,0,0,0,0.0,0.0,0,0
a45a5e8d,AM Nayar,Punjab Kings,2011,9,9,61,67,17,2,9,0,0,0,8.71,91.04,6,61,2,95,9.34,47.5,1,0
30e37810,Sunny Singh,Punjab Kings,2011,5,5,43,31,20,1,6,1,0,0,10.75,138.71,0,0,0,0,0.0,0.0,0,0
3a60e0b5,WD Parnell,Pune Warriors,2011,8,5,37,39,16,2,2,1,0,0,12.33,94.87,8,176,9,213,7.26,23.67,3,0
abfeb126,M Kartik,Pune Warriors,2011,6,2,12,15,11,1,1,0,0,0,12.0,80.0,6,125,1,166,7.97,166.0,1,0
91ffa6c6,JD Ryder,Pune Warriors,2011,13,13,292,197,60,0,37,11,2,0,22.46,148.22,7,92,4,118,7.7,29.5,1,0
c654af19,R McLaren,Punjab Kings,2011,6,4,90,96,51,1,7,1,1,0,30.0,93.75,6,108,5,178,9.89,35.6,2,0
98ae73b1,PP Chawla,Punjab Kings,2011,12,6,48,55,15,3,2,2,0,0,16.0,87.27,12,248,16,336,8.13,21.0,4,0
c42aaf71,M Manhas,Pune Warriors,2011,10,10,114,123,35,0,8,4,0,0,11.4,92.68,3,42,0,42,6.0,0.0,0,0
5d9a1a73,R Sharma,Pune Warriors,2011,14,5,24,21,13,2,1,2,0,0,8.0,114.29,14,300,16,273,5.46,17.06,3,0
e938e1bc,P Kumar,Punjab Kings,2011,13,7,27,31,15,4,2,1,0,0,9.0,87.1,13,276,10,345,7.5,34.5,2,0
6042bf26,NJ Rimmington,Punjab Kings,2011,1,1,1,1,1,1,0,0,0,0,0.0,100.0,1,18,0,19,6.33,0.0,0,0
72861603,GC Smith,Pune Warriors,2011,4,4,42,51,24,0,6,0,0,0,10.5,82.35,0,0,0,0,0.0,0.0,0,0
1c17e270,RV Uthappa,Pune Warriors,2011,13,13,264,209,45,3,27,10,0,0,26.4,126.32,0,0,0,0,0.0,0.0,0,0
1c914163,Yuvraj Singh,Pune Warriors,2011,14,13,343,261,66,3,24,18,2,0,34.3,131.42,13,174,9,192,6.62,21.33,4,0
1e66c162,JD Unadkat,Kolkata Knight Riders,2011,6,0,0,0,0,0,0,0,0,0,0.0,0.0,6,108,6,150,8.33,25.0,2,0
4ec07775,RN ten Doeschate,Kolkata Knight Riders,2011,4,3,107,73,70,1,9,5,1,0,53.5,146.58,1,6,0,7,7.0,0.0,0,0
addfb70e,SW Tait,Rajasthan Royals,2011,4,2,10,10,10,1,1,0,0,0,10.0,100.0,4,89,6,127,8.56,21.17,3,0
9d80c5e1,S Nadeem,Delhi Capitals,2011,5,1,0,1,0,0,0,0,0,0,0.0,0.0,5,114,4,142,7.47,35.5,2,0
29e95537,AM Rahane,Rajasthan Royals,2011,7,7,120,98,52,1,12,2,1,0,20.0,122.45,0,0,0,0,0.0,0.0,0,0
3576e47e,S Badrinath,Chennai Super Kings,2011,12,12,396,313,71,5,38,9,5,0,56.57,126.52,0,0,0,0,0.0,0.0,0,0
12eddf28,RJ Harris,Punjab Kings,2011,13,7,31,39,17,2,3,0,0,0,6.2,79.49,13,282,16,382,8.13,23.88,3,0
dc4686e6,BA Bhatt,Punjab Kings,2011,8,1,0,5,0,0,0,0,0,0,0.0,0.0,8,167,9,229,8.23,25.44,4,0
6afb26d6,MD Mishra,Pune Warriors,2011,5,5,67,60,37,1,5,2,0,0,16.75,111.67,0,0,0,0,0.0,0.0,0,0
3fca55af,S Sohal,Deccan Chargers,2011,10,10,249,191,62,0,25,10,2,0,24.9,130.37,0,0,0,0,0.0,0.0,0,0
6821ac10,JJ van der Wath,Royal Challengers Bengaluru,2011,3,3,18,16,14,1,1,1,0,0,9.0,112.5,3,72,3,129,10.75,43.0,2,0
957532de,S Aravind,Royal Challengers Bengaluru,2011,13,2,13,8,11,2,2,0,0,0,0.0,162.5,13,276,21,368,8.0,17.52,4,0
ce4cc4d5,R Ninan,Royal Challengers Bengaluru,2011,2,1,3,6,3,0,0,0,0,0,3.0,50.0,2,36,3,65,10.83,21.67,2,0
ae78bc32,MS Gony,Deccan Chargers,2011,3,2,0,2,0,1,0,0,0,0,0.0,0.0,3,54,4,85,9.44,21.25,3,0
d4f9dbd4,CA Pujara,Royal Challengers Bengaluru,2011,3,3,34,31,25,0,4,0,0,0,11.33,109.68,0,0,0,0,0.0,0.0,0,0
dd09ff8e,B Lee,Kolkata Knight Riders,2011,12,4,5,9,2,1,0,0,0,0,1.67,55.56,12,272,5,338,7.46,67.6,1,0
7dc35884,Shakib Al Hasan,Kolkata Knight Riders,2011,7,3,29,22,26,1,4,0,0,0,14.5,131.82,7,153,11,175,6.86,15.91,3,0
4329fbb5,SR Watson,Rajasthan Royals,2011,11,11,330,253,89,1,31,17,1,0,33.0,130.43,10,216,6,241,6.69,40.17,3,0
6ec424a9,ND Doshi,Rajasthan Royals,2011,3,1,0,13,0,0,0,0,0,0,0.0,0.0,3,32,1,62,11.62,62.0,1,0
0f12f9df,NLTC Perera,Kochi Tuskers Kerala,2011,4,2,23,27,22,0,4,0,0,0,11.5,85.19,4,84,2,111,7.93,55.5,1,0
5d096f3d,RR Powar,Kochi Tuskers Kerala,2011,5,3,11,13,8,2,0,0,0,0,11.0,84.62,5,72,2,112,9.33,56.0,1,0
626c5379,R Sathish,Mumbai Indians,2011,5,3,25,34,18,1,1,0,0,0,12.5,73.53,4,31,0,41,7.94,0.0,0,0
48fd7349,MEK Hussey,Chennai Super Kings,2011,14,14,492,414,83,2,53,6,4,0,41.0,118.84,0,0,0,0,0.0,0.0,0,0
5f26df4f,VS Malik,Punjab Kings,2011,1,0,0,0,0,0,0,0,0,0,0.0,0.0,1,12,0,13,6.5,0.0,0,0
2498e163,JR Hopes,Delhi Capitals,2011,9,8,196,158,55,3,22,3,2,0,39.2,124.05,9,192,7,272,8.5,38.86,1,0
2815fe50,AA Jhunjhunwala,Pune Warriors,2011,3,2,10,18,10,0,2,0,0,0,5.0,55.56,2,12,0,22,11.0,0.0,0,0
afa7e784,MS Wade,Delhi Capitals,2011,3,3,22,33,11,0,0,0,0,0,7.33,66.67,0,0,0,0,0.0,0.0,0,0
c15e2193,FY Fazal,Rajasthan Royals,2011,2,2,19,19,16,0,3,0,0,0,9.5,100.0,0,0,0,0,0.0,0.0,0,0
c69a7b5c,AS Raut,Rajasthan Royals,2011,4,4,60,58,25,1,5,1,0,0,20.0,103.45,1,6,0,8,8.0,0.0,0,0
45c2196c,DE Bollinger,Chennai Super Kings,2011,13,1,0,1,0,1,0,0,0,0,0.0,0.0,13,282,17,329,7.0,19.35,3,0
662c47a6,Y Nagar,Delhi Capitals,2011,10,10,111,100,23,3,6,6,0,0,15.86,111.0,5,30,1,67,13.4,67.0,1,0
d0513f63,CL White,Deccan Chargers,2011,6,6,104,109,31,2,6,2,0,0,26.0,95.41,0,0,0,0,0.0,0.0,0,0
2a72fd4f,Harmeet Singh,Deccan Chargers,2011,2,0,0,0,0,0,0,0,0,0,0.0,0.0,2,42,3,53,7.57,17.67,2,0
5748e866,TD Paine,Pune Warriors,2011,2,2,10,26,8,0,0,0,0,0,5.0,38.46,0,0,0,0,0.0,0.0,0,0
2af1b6d2,AN Ahmed,Mumbai Indians,2011,6,1,18,13,18,1,1,1,0,0,0.0,138.46,6,120,5,169,8.45,33.8,2,0
bd77eb62,A Symonds,Mumbai Indians,2011,9,9,135,138,44,5,9,3,0,0,33.75,97.83,3,24,1,41,10.25,41.0,1,0
99d63244,KM Jadhav,Kochi Tuskers Kerala,2011,4,4,18,23,12,1,1,0,0,0,6.0,78.26,0,0,0,0,0.0,0.0,0,0
ae091d39,SA Asnodkar,Rajasthan Royals,2011,1,1,9,9,9,0,1,0,0,0,9.0,100.0,0,0,0,0,0.0,0.0,0,0
063b3673,DH Yagnik,Rajasthan Royals,2011,4,4,16,22,10,3,1,0,0,0,16.0,72.73,0,0,0,0,0.0,0.0,0,0
9f961c14,Joginder Sharma,Chennai Super Kings,2011,1,1,0,1,0,0,0,0,0,0,0.0,0.0,1,18,0,34,11.33,0.0,0,0
b0c772ee,BJ Haddin,Kolkata Knight Riders,2011,1,1,18,11,18,0,2,1,0,0,18.0,163.64,0,0,0,0,0.0,0.0,0,0
c64c2443,J Syed Mohammad,Royal Challengers Bengaluru,2011,5,2,15,12,13,2,2,0,0,0,0.0,125.0,5,90,5,127,8.47,25.4,2,0
db584dad,CH Gayle,Royal Challengers Bengaluru,2011,12,12,608,332,107,3,57,44,3,2,67.56,183.13,12,216,8,244,6.78,30.5,3,0
2049f3a0,SJ Srivastava,Punjab Kings,2011,6,2,4,3,3,2,0,0,0,0,0.0,133.33,6,120,8,186,9.3,23.25,2,0
fd835ab3,DJ Hussey,Punjab Kings,2011,8,8,64,63,21,2,3,3,0,0,10.67,101.59,2,18,1,38,12.67,38.0,1,0
0a3d54b9,VR Aaron,Delhi Capitals,2011,3,1,0,5,0,1,0,0,0,0,0.0,0.0,3,72,2,82,6.83,41.0,1,0
fa463154,AB Agarkar,Delhi Capitals,2011,7,1,7,6,7,1,1,0,0,0,0.0,116.67,7,162,8,231,8.56,28.88,2,0
5673a3fc,NL McCullum,Pune Warriors,2011,2,2,26,22,15,1,0,1,0,0,26.0,118.18,2,30,0,34,6.8,0.0,0,0
4180d897,JE Taylor,Pune Warriors,2011,5,2,3,3,2,1,0,0,0,0,3.0,100.0,5,117,6,157,8.05,26.17,3,0
93b4fc78,MK Pandey,Pune Warriors,2011,9,9,246,227,59,0,28,6,1,0,27.33,108.37,0,0,0,0,0.0,0.0,0,0
469ea22b,KMDN Kulasekara,Chennai Super Kings,2011,1,0,0,0,0,0,0,0,0,0,0.0,0.0,1,18,1,26,8.67,26.0,1,0
3d8feaf8,MR Marsh,Pune Warriors,2011,5,3,50,49,37,1,2,3,0,0,25.0,102.04,5,85,7,99,6.99,14.14,4,0
541f85c9,SP Goswami,Kolkata Knight Riders,2011,4,4,29,29,22,0,5,0,0,0,7.25,100.0,0,0,0,0,0.0,0.0,0,0
d2d4bb0a,TR Birt,Delhi Capitals,2011,5,5,75,58,27,0,9,2,0,0,15.0,129.31,0,0,0,0,0.0,0.0,0,0
6ef60d3a,Kamran Khan,Pune Warriors,2011,1,0,0,0,0,0,0,0,0,0,0.0,0.0,1,18,0,47,15.67,0.0,0,0
d84378a4,M Kaif,Royal Challengers Bengaluru,2011,4,4,41,33,15,1,5,0,0,0,13.67,124.24,0,0,0,0,0.0,0.0,0,0
28c78fb3,Harpreet Singh,Pune Warriors,2011,2,2,14,20,13,1,0,0,0,0,14.0,70.0,0,0,0,0,0.0,0.0,0,0
af7dadf7,B Akhil,Kochi Tuskers Kerala,2011,1,1,13,9,13,0,0,1,0,0,13.0,144.44,1,12,0,22,11.0,0.0,0,0
b970a03f,M Klinger,Kochi Tuskers Kerala,2011,4,4,73,77,29,0,9,0,0,0,18.25,94.81,0,0,0,0,0.0,0.0,0,0
c18496e1,Bipul Sharma,Punjab Kings,2011,4,3,23,18,16,2,1,0,0,0,23.0,127.78,4,72,4,78,6.5,19.5,2,0
aaa1b522,TL Suman,Mumbai Indians,2011,7,6,65,51,36,0,5,5,0,0,10.83,127.45,3,36,0,50,8.33,0.0,0,0
0c432afb,P Parameswaran,Kochi Tuskers Kerala,2011,5,1,1,1,1,1,0,0,0,0,0.0,100.0,5,94,4,137,8.74,34.25,2,0
1efb8a28,AC Blizzard,Mumbai Indians,2011,6,6,120,87,51,0,21,2,1,0,20.0,137.93,0,0,0,0,0.0,0.0,0,0
d2a989fc,DS Kulkarni,Mumbai Indians,2011,6,1,2,4,2,0,0,0,0,0,2.0,50.0,6,120,5,149,7.45,29.8,3,0
f3cb53a1,MV Boucher,Kolkata Knight Riders,2011,2,2,6,6,5,1,0,0,0,0,6.0,100.0,0,0,0,0,0.0,0.0,0,0
260fd380,AM Salvi,Delhi Capitals,2011,2,0,0,0,0,0,0,0,0,0,0.0,0.0,2,48,3,66,8.25,22.0,2,0
943fd425,I Malhotra,Deccan Chargers,2011,1,1,7,4,7,1,1,0,0,0,0.0,175.0,1,6,0,23,23.0,0.0,0,0
8b9704ae,L Ablish,Punjab Kings,2011,1,1,0,2,0,1,0,0,0,0,0.0,0.0,1,18,0,39,13.0,0.0,0,0
c995d726,CA Ingram,Delhi Capitals,2011,3,3,21,26,13,1,2,0,0,0,10.5,80.77,0,0,0,0,0.0,0.0,0,0
2e81a32d,B Kumar,Pune Warriors,2011,4,1,1,1,1,1,0,0,0,0,0.0,100.0,4,66,3,67,6.09,22.33,2,0
c3a96caf,Mandeep Singh,Punjab Kings,2011,5,5,47,41,15,1,4,1,0,0,11.75,114.63,0,0,0,0,0.0,0.0,0,0
facb9086,SD Chitnis,Punjab Kings,2011,1,1,9,9,9,0,1,0,0,0,9.0,100.0,0,0,0,0,0.0,0.0,0,0
9b4935c8,CJ Ferguson,Pune Warriors,2011,4,4,48,54,16,2,6,0,0,0,24.0,88.89,0,0,0,0,0.0,0.0,0,0
87e562a9,DJ Bravo,Chennai Super Kings,2011,6,2,11,6,6,1,1,1,0,0,11.0,183.33,6,120,6,157,7.85,26.17,2,0
725529bc,SC Ganguly,Pune Warriors,2011,3,3,50,59,32,1,3,2,0,0,25.0,84.75,0,0,0,0,0.0,0.0,0,0
d1c94b25,CK Langeveldt,Royal Challengers Bengaluru,2011,3,1,8,8,8,0,0,1,0,0,8.0,100.0,3,66,5,84,7.64,16.8,2,0
16605a1b,AA Kazi,Royal Challengers Bengaluru,2011,1,0,0,0,0,0,0,0,0,0,0.0,0.0,1,12,0,21,10.5,0.0,0,0
e32d22f6,Pankaj Singh,Rajasthan Royals,2011,1,0,0,0,0,0,0,0,0,0,0.0,0.0,1,12,0,23,11.5,0.0,0,0
16043342,AB McDonald,Delhi Capitals,2011,1,1,8,7,8,0,0,0,0,0,8.0,114.29,1,12,0,23,11.5,0.0,0,0
7bf96684,OA Shah,Kochi Tuskers Kerala,2011,2,2,26,15,23,0,1,2,0,0,13.0,173.33,0,0,0,0,0.0,0.0,0,0
b63ab531,LA Pomersbach,Royal Challengers Bengaluru,2011,4,4,51,39,29,0,4,2,0,0,12.75,130.77,0,0,0,0,0.0,0.0,0,0
7daedf2f,KB Arun Karthik,Royal Challengers Bengaluru,2011,2,2,7,8,6,0,1,0,0,0,3.5,87.5,0,0,0,0,0.0,0.0,0,0
11df3dc8,MJ Lumb,Deccan Chargers,2011,1,1,0,2,0,0,0,0,0,0,0.0,0.0,0,0,0,0,0.0,0.0,0,0
d2340a43,Anand Rajan,Deccan Chargers,2011,2,0,0,0,0,0,0,0,0,0,0.0,0.0,2,30,3,50,10.0,16.67,3,0
64a4c383,S Sriram,Delhi Capitals,2011,1,1,4,7,4,0,0,0,0,0,4.0,57.14,1,6,0,25,25.0,0.0,0,0
ddb00822,P Prasanth,Kochi Tuskers Kerala,2011,1,0,0,0,0,0,0,0,0,0,0.0,0.0,1,6,0,18,18.0,0.0,0,0
0aadc906,PR Shah,Rajasthan Royals,2011,1,1,5,5,5,0,1,0,0,0,5.0,100.0,0,0,0,0,0.0,0.0,0,0
bae11797,Y Gnaneswara Rao,Kochi Tuskers Kerala,2011,2,1,19,17,19,0,3,0,0,0,19.0,111.76,1,6,0,7,7.0,0.0,0,0
29d72eb2,AA Chavan,Rajasthan Royals,2011,2,1,1,3,1,0,0,0,0,0,1.0,33.33,2,30,0,27,5.4,0.0,0,0
fe11caa6,WP Saha,Chennai Super Kings,2011,2,2,68,63,46,1,2,4,0,0,68.0,107.94,0,0,0,0,0.0,0.0,0,0
90edaaa9,S Rana,Pune Warriors,2011,1,1,18,16,18,0,2,0,0,0,18.0,112.5,1,4,0,2,3.0,0.0,0,0
808f425a,JP Faulkner,Pune Warriors,2011,1,0,0,0,0,0,0,0,0,0,0.0,0.0,1,12,1,9,4.5,9.0,1,0
0af3426f,SS Mundhe,Pune Warriors,2011,1,0,0,0,0,0,0,0,0,0,0.0,0.0,1,6,1,6,6.0,6.0,1,0
67af6f81,RW Price,Mumbai Indians,2011,1,0,0,0,0,0,0,0,0,0,0.0,0.0,1,18,0,33,11.0,0.0,0,0
3355b542,F du Plessis,Chennai Super Kings,2012,12,12,398,304,73,0,29,17,3,0,33.17,130.92,1,6,0,16,16.0,0.0,0,0
a12e1d51,SL Malinga,Mumbai Indians,2012,14,6,55,53,17,0,4,3,0,0,9.17,103.77,14,333,22,350,6.31,15.91,4,0
4b57e452,M Vijay,Chennai Super Kings,2012,13,13,336,267,113,1,39,10,0,1,28.0,125.84,0,0,0,0,0.0,0.0,0,0
1dc12ab9,SK Raina,Chennai Super Kings,2012,18,18,441,325,73,1,36,19,1,0,25.94,135.69,7,84,2,105,7.5,52.5,1,0
2af1b6d2,AN Ahmed,Mumbai Indians,2012,1,0,0,0,0,0,0,0,0,0,0.0,0.0,1,12,0,17,8.5,0.0,0,0
8b5b6769,Harbhajan Singh,Mumbai Indians,2012,17,11,108,80,33,2,14,3,0,0,12.0,135.0,16,324,6,384,7.11,64.0,2,0
cf73ad76,JEC Franklin,Mumbai Indians,2012,12,11,220,223,79,2,15,7,1,0,24.44,98.65,9,90,6,121,8.07,20.17,2,0
87e562a9,DJ Bravo,Chennai Super Kings,2012,18,16,371,264,48,8,20,20,0,0,46.38,140.53,18,346,15,462,8.01,30.8,2,0
6c6591ab,PP Ojha,Mumbai Indians,2012,9,3,4,14,3,1,0,0,0,0,2.0,28.57,9,180,9,220,7.33,24.44,2,0
c3d35165,JA Morkel,Chennai Super Kings,2012,15,12,107,68,28,5,5,6,0,0,15.29,157.35,15,297,13,385,7.78,29.62,3,0
a757b0d8,KA Pollard,Mumbai Indians,2012,14,11,220,159,64,2,15,14,2,0,24.44,138.36,14,263,16,350,7.98,21.88,4,0
3576e47e,S Badrinath,Chennai Super Kings,2012,9,9,196,181,57,2,23,2,1,0,28.0,108.29,0,0,0,0,0.0,0.0,0,0
4a8a2e3b,MS Dhoni,Chennai Super Kings,2012,17,17,358,278,51,5,26,9,1,0,29.83,128.78,0,0,0,0,0.0,0.0,0,0
fe93fd9d,RA Jadeja,Chennai Super Kings,2012,16,14,191,151,48,2,13,9,0,0,15.92,126.49,14,210,12,273,7.8,22.75,5,0
495d42a5,R Ashwin,Chennai Super Kings,2012,18,5,18,15,8,2,2,0,0,0,6.0,120.0,18,395,14,431,6.55,30.79,3,0
c8179c68,SB Jakati,Chennai Super Kings,2012,15,2,7,12,6,2,0,0,0,0,0.0,58.33,15,246,9,336,8.2,37.33,2,0
45c2196c,DE Bollinger,Chennai Super Kings,2012,6,1,3,5,3,0,0,0,0,0,3.0,60.0,6,108,8,157,8.72,19.62,3,0
18c78b11,RE Levi,Mumbai Indians,2012,6,6,83,73,50,0,10,4,1,0,13.83,113.7,0,0,0,0,0.0,0.0,0,0
d2c2b2d5,SR Tendulkar,Mumbai Indians,2012,13,13,324,283,74,1,39,4,2,0,27.0,114.49,0,0,0,0,0.0,0.0,0,0
740742ef,RG Sharma,Mumbai Indians,2012,16,16,433,342,109,2,39,18,3,1,30.93,126.61,1,6,0,16,16.0,0.0,0,0
70d205c9,AT Rayudu,Mumbai Indians,2012,15,15,333,252,81,6,21,14,2,0,37.0,132.14,0,0,0,0,0.0,0.0,0,0
b8a55852,BB McCullum,Kolkata Knight Riders,2012,12,12,289,283,56,0,37,3,1,0,24.08,102.12,0,0,0,0,0.0,0.0,0,0
5fa06777,IK Pathan,Delhi Capitals,2012,17,12,176,126,42,5,14,6,0,0,25.14,139.68,17,360,8,465,7.75,58.12,2,0
86dc8f2e,JH Kallis,Kolkata Knight Riders,2012,17,17,409,384,79,1,34,10,2,0,25.56,106.51,16,324,15,403,7.46,26.87,2,0
05c2ca46,RE van der Merwe,Delhi Capitals,2012,3,0,0,0,0,0,0,0,0,0,0.0,0.0,3,60,2,60,6.0,30.0,2,0
bb345e0b,G Gambhir,Kolkata Knight Riders,2012,17,17,590,411,93,1,64,17,6,0,36.88,143.55,0,0,0,0,0.0,0.0,0,0
5bb5a915,M Morkel,Delhi Capitals,2012,16,3,3,5,2,2,0,0,0,0,3.0,60.0,16,378,25,453,7.19,18.12,4,0
26e5cabf,MK Tiwary,Kolkata Knight Riders,2012,15,15,260,246,59,5,21,3,1,0,26.0,105.69,0,0,0,0,0.0,0.0,0,0
3c6ffae8,YK Pathan,Kolkata Knight Riders,2012,17,16,194,169,40,6,10,7,0,0,19.4,114.79,12,132,3,182,8.27,60.67,2,0
cc1e8c68,UT Yadav,Delhi Capitals,2012,17,3,2,7,1,1,0,0,0,0,1.0,28.57,17,366,19,453,7.43,23.84,3,0
7050a1e7,DB Das,Kolkata Knight Riders,2012,10,10,126,93,35,7,9,6,0,0,42.0,135.48,0,0,0,0,0.0,0.0,0,0
b681e71e,GJ Maxwell,Delhi Capitals,2012,2,2,6,11,3,1,0,0,0,0,6.0,54.55,2,18,1,22,7.33,22.0,1,0
b1451597,LR Shukla,Kolkata Knight Riders,2012,9,7,75,57,26,1,4,5,0,0,12.5,131.58,2,12,1,12,6.0,12.0,1,0
33a364a6,R Bhatia,Kolkata Knight Riders,2012,17,6,35,28,12,3,4,0,0,0,11.67,125.0,16,319,13,389,7.32,29.92,2,0
9d80c5e1,S Nadeem,Delhi Capitals,2012,12,1,0,2,0,1,0,0,0,0,0.0,0.0,12,270,8,318,7.07,39.75,3,0
dd09ff8e,B Lee,Kolkata Knight Riders,2012,10,3,42,20,25,1,2,4,0,0,21.0,210.0,10,228,7,299,7.87,42.71,2,0
85aae393,Iqbal Abdulla,Kolkata Knight Riders,2012,8,2,2,3,1,2,0,0,0,0,0.0,66.67,8,132,4,144,6.55,36.0,1,0
b8d490fd,AJ Finch,Delhi Capitals,2012,2,2,55,51,30,0,8,0,0,0,27.5,107.84,0,0,0,0,0.0,0.0,0,0
8ba8195d,V Sehwag,Delhi Capitals,2012,16,16,495,307,87,1,57,19,5,0,33.0,161.24,3,24,0,45,11.25,0.0,0,0
d4eef961,M de Lange,Kolkata Knight Riders,2012,3,0,0,0,0,0,0,0,0,0,0.0,0.0,3,60,3,107,10.7,35.67,3,0
93b4fc78,MK Pandey,Pune Warriors,2012,9,9,143,112,80,2,12,6,1,0,20.43,127.68,0,0,0,0,0.0,0.0,0,0
3a60e0b5,WD Parnell,Pune Warriors,2012,6,5,19,27,11,1,2,0,0,0,4.75,70.37,6,126,5,128,6.1,25.6,2,0
725529bc,SC Ganguly,Pune Warriors,2012,15,15,268,271,45,0,30,4,0,0,17.87,98.89,4,60,2,95,9.5,47.5,2,0
1c17e270,RV Uthappa,Pune Warriors,2012,16,16,405,343,69,1,38,10,2,0,27.0,118.08,0,0,0,0,0.0,0.0,0,0
f0f628c7,MM Patel,Mumbai Indians,2012,12,2,2,7,1,2,0,0,0,0,0.0,28.57,12,280,15,367,7.86,24.47,4,0
9b4935c8,CJ Ferguson,Pune Warriors,2012,4,4,50,63,23,0,3,0,0,0,12.5,79.37,0,0,0,0,0.0,0.0,0,0
30a45b23,SPD Smith,Pune Warriors,2012,14,14,362,267,47,5,24,14,0,0,40.22,135.58,1,2,0,5,15.0,0.0,0,0
f846de6a,MN Samuels,Pune Warriors,2012,8,8,124,123,46,1,7,5,0,0,17.71,100.81,8,172,8,216,7.53,27.0,3,0
2e81a32d,B Kumar,Pune Warriors,2012,11,8,40,40,11,5,4,0,0,0,13.33,100.0,11,234,8,281,7.21,35.12,2,0
abfeb126,M Kartik,Pune Warriors,2012,11,3,26,21,14,3,1,1,0,0,0.0,123.81,11,216,4,266,7.39,66.5,2,0
66b30f71,AB Dinda,Pune Warriors,2012,7,1,2,5,2,0,0,0,0,0,2.0,40.0,7,144,9,169,7.04,18.78,4,0
c03f1114,KD Karthik,Mumbai Indians,2012,14,14,238,213,44,1,30,2,0,0,18.31,111.74,0,0,0,0,0.0,0.0,0,0
5d9a1a73,R Sharma,Pune Warriors,2012,11,4,2,11,2,1,0,0,0,0,0.67,18.18,11,222,9,300,8.11,33.33,2,0
271f83cd,SA Yadav,Mumbai Indians,2012,1,1,0,4,0,0,0,0,0,0,0.0,0.0,0,0,0,0,0.0,0.0,0,0
0184dc35,R Dravid,Rajasthan Royals,2012,16,16,462,412,58,0,63,4,2,0,28.88,112.14,0,0,0,0,0.0,0.0,0,0
e938e1bc,P Kumar,Punjab Kings,2012,16,7,35,30,10,4,2,1,0,0,11.67,116.67,16,378,9,434,6.89,48.22,2,0
29e95537,AM Rahane,Rajasthan Royals,2012,16,16,560,433,103,2,73,10,3,1,40.0,129.33,0,0,0,0,0.0,0.0,0,0
808f425a,JP Faulkner,Punjab Kings,2012,2,2,14,13,11,1,0,0,0,0,14.0,107.69,2,48,3,72,9.0,24.0,2,0
98ae73b1,PP Chawla,Punjab Kings,2012,16,12,106,88,21,4,9,4,0,0,13.25,120.45,16,342,16,419,7.35,26.19,3,0
c18496e1,Bipul Sharma,Punjab Kings,2012,4,4,72,47,35,1,6,3,0,0,24.0,153.19,3,46,0,79,10.3,0.0,0,0
2a72fd4f,Harmeet Singh,Punjab Kings,2012,7,2,15,7,14,1,3,0,0,0,15.0,214.29,7,134,7,191,8.55,27.29,3,0
8291f939,AL Menaria,Rajasthan Royals,2012,12,12,220,202,40,1,14,8,0,0,20.0,108.91,3,20,1,23,6.9,23.0,1,0
b57f8a9a,BJ Hodge,Rajasthan Royals,2012,12,12,245,175,48,4,18,9,0,0,30.62,140.0,2,12,1,21,10.5,21.0,1,0
25eeb281,PC Valthaty,Punjab Kings,2012,6,6,30,51,13,0,4,0,0,0,5.0,58.82,1,6,0,16,16.0,0.0,0,0
7bf96684,OA Shah,Rajasthan Royals,2012,13,13,340,256,76,4,24,16,3,0,37.78,132.81,0,0,0,0,0.0,0.0,0,0
557153ca,KK Cooper,Rajasthan Royals,2012,6,4,38,20,14,2,3,3,0,0,19.0,190.0,6,144,10,174,7.25,17.4,4,0
2b6e6dec,AC Gilchrist,Punjab Kings,2012,7,7,172,143,64,2,21,4,1,0,34.4,120.28,0,0,0,0,0.0,0.0,0,0
3d7e087f,SK Trivedi,Rajasthan Royals,2012,14,1,5,6,5,1,0,0,0,0,0.0,83.33,14,312,13,380,7.31,29.23,4,0
7c503806,J Botha,Rajasthan Royals,2012,11,7,58,54,14,3,4,1,0,0,14.5,107.41,11,246,9,297,7.24,33.0,2,0
5b040b81,A Singh,Rajasthan Royals,2012,9,1,0,3,0,0,0,0,0,0,0.0,0.0,9,197,10,310,9.44,31.0,2,0
508a1ea7,SE Marsh,Punjab Kings,2012,13,13,336,280,68,2,39,7,2,0,30.55,120.0,0,0,0,0,0.0,0.0,0,0
a45a5e8d,AM Nayar,Punjab Kings,2012,4,4,45,49,24,1,2,1,0,0,15.0,91.84,1,6,0,16,16.0,0.0,0,0
c3a96caf,Mandeep Singh,Punjab Kings,2012,16,16,432,342,75,0,53,7,2,0,27.0,126.32,0,0,0,0,0.0,0.0,0,0
29d72eb2,AA Chavan,Rajasthan Royals,2012,8,2,11,8,7,1,2,0,0,0,11.0,137.5,8,164,7,236,8.63,33.71,2,0
fd835ab3,DJ Hussey,Punjab Kings,2012,15,15,396,305,68,3,28,17,2,0,33.0,129.84,6,54,3,63,7.0,21.0,2,0
16043342,AB McDonald,Royal Challengers Bengaluru,2012,3,3,47,35,30,1,6,2,0,0,23.5,134.29,3,60,5,61,6.1,12.2,2,0
d4f9dbd4,CA Pujara,Royal Challengers Bengaluru,2012,3,3,17,22,11,0,1,1,0,0,5.67,77.27,0,0,0,0,0.0,0.0,0,0
2e9fdf9b,DAJ Bracewell,Delhi Capitals,2012,1,1,12,9,12,1,1,0,0,0,0.0,133.33,1,24,3,32,8.0,10.67,3,0
ba607b88,V Kohli,Royal Challengers Bengaluru,2012,15,15,364,326,73,2,33,10,2,0,28.0,111.66,2,18,0,49,16.33,0.0,0,0
c4487b84,AB de Villiers,Royal Challengers Bengaluru,2012,13,13,319,198,64,5,26,15,3,0,39.88,161.11,0,0,0,0,0.0,0.0,0,0
709b0bac,SS Tiwary,Royal Challengers Bengaluru,2012,11,11,191,170,36,3,9,8,0,0,23.88,112.35,0,0,0,0,0.0,0.0,0,0
00ea847a,MA Agarwal,Royal Challengers Bengaluru,2012,12,12,225,158,64,1,19,15,1,0,20.45,142.41,0,0,0,0,0.0,0.0,0,0
d7c6af50,DL Vettori,Royal Challengers Bengaluru,2012,9,6,31,26,20,2,3,1,0,0,7.75,119.23,9,210,5,236,6.74,47.2,1,0
41eb4a4f,R Vinay Kumar,Royal Challengers Bengaluru,2012,14,7,68,62,25,2,3,2,0,0,13.6,109.68,14,335,19,480,8.6,25.26,3,0
f986ca1a,HV Patel,Royal Challengers Bengaluru,2012,11,3,15,15,10,1,1,0,0,0,7.5,100.0,11,246,9,340,8.29,37.78,2,0
91a4a398,Z Khan,Royal Challengers Bengaluru,2012,15,4,12,17,11,2,1,0,0,0,6.0,70.59,15,360,17,453,7.55,26.65,3,0
890946a0,NV Ojha,Delhi Capitals,2012,16,16,255,224,64,5,21,13,1,0,23.18,113.84,0,0,0,0,0.0,0.0,0,0
4ba44e19,M Muralitharan,Royal Challengers Bengaluru,2012,10,2,6,9,6,0,0,0,0,0,3.0,66.67,10,240,15,260,6.5,17.33,3,0
fe763256,Y Venugopal Rao,Delhi Capitals,2012,7,7,132,126,36,1,8,5,0,0,22.0,104.76,2,12,0,26,13.0,0.0,0,0
662c47a6,Y Nagar,Delhi Capitals,2012,8,8,153,133,44,3,13,3,0,0,30.6,115.04,1,6,0,10,10.0,0.0,0,0
24d94623,Ankit Sharma,Deccan Chargers,2012,9,4,18,13,15,1,0,2,0,0,6.0,138.46,9,145,4,165,6.83,41.25,1,0
8fd1a8f5,DW Steyn,Deccan Chargers,2012,12,5,19,21,7,0,0,1,0,0,3.8,90.48,12,280,18,285,6.11,15.83,3,0
ae78bc32,MS Gony,Deccan Chargers,2012,6,1,4,8,4,0,0,0,0,0,4.0,50.0,6,144,3,207,8.62,69.0,1,0
2a2e6343,DT Christian,Deccan Chargers,2012,7,7,145,118,39,2,8,6,0,0,29.0,122.88,7,162,8,233,8.63,29.12,2,0
39f82db3,DJ Harris,Deccan Chargers,2012,4,4,111,101,47,0,11,5,0,0,27.75,109.9,2,18,0,26,8.67,0.0,0,0
2f3817ce,TP Sudhindra,Deccan Chargers,2012,3,0,0,0,0,0,0,0,0,0,0.0,0.0,3,70,1,136,11.66,136.0,1,0
0a476045,S Dhawan,Deccan Chargers,2012,15,15,569,439,84,1,58,18,5,0,40.64,129.61,4,36,3,55,9.17,18.33,1,0
b5da6c24,PA Patel,Deccan Chargers,2012,12,12,194,165,45,1,19,4,0,0,17.64,117.58,0,0,0,0,0.0,0.0,0,0
d0513f63,CL White,Deccan Chargers,2012,13,13,479,320,78,2,41,20,5,0,43.55,149.69,2,18,0,27,9.0,0.0,0,0
5451a2c1,B Chipli,Deccan Chargers,2012,4,4,37,35,25,1,3,2,0,0,12.33,105.71,0,0,0,0,0.0,0.0,0,0
b720a5d6,DB Ravi Teja,Deccan Chargers,2012,2,2,4,4,4,0,1,0,0,0,2.0,100.0,0,0,0,0,0.0,0.0,0,0
541f85c9,SP Goswami,Rajasthan Royals,2012,6,6,69,67,24,1,4,1,0,0,13.8,102.99,0,0,0,0,0.0,0.0,0,0
9d430b40,SP Narine,Kolkata Knight Riders,2012,15,2,9,7,9,1,2,0,0,0,9.0,128.57,15,355,24,324,5.48,13.5,5,0
91ffa6c6,JD Ryder,Pune Warriors,2012,11,11,256,212,86,1,23,8,2,0,25.6,120.75,4,42,1,70,10.0,70.0,1,0
3edb58fc,AD Mascarenhas,Punjab Kings,2012,4,3,14,16,9,0,1,0,0,0,4.67,87.5,4,96,7,105,6.56,15.0,5,0
96fd40ae,A Nehra,Pune Warriors,2012,13,2,11,12,9,2,1,0,0,0,0.0,91.67,13,288,11,402,8.38,36.55,3,0
6b71e6cf,KC Sangakkara,Deccan Chargers,2012,12,12,200,184,82,1,21,4,1,0,18.18,108.7,0,0,0,0,0.0,0.0,0,0
6b19d823,A Mishra,Deccan Chargers,2012,14,5,16,20,8,2,1,0,0,0,5.33,80.0,14,282,13,377,8.02,29.0,3,0
aaa1b522,TL Suman,Mumbai Indians,2012,2,2,15,19,10,0,1,1,0,0,7.5,78.95,0,0,0,0,0.0,0.0,0,0
d2340a43,Anand Rajan,Deccan Chargers,2012,4,0,0,0,0,0,0,0,0,0,0.0,0.0,4,71,3,109,9.21,36.33,1,0
5afd4539,MS Bisla,Kolkata Knight Riders,2012,7,7,213,160,89,0,16,10,1,0,30.43,133.12,0,0,0,0,0.0,0.0,0,0
4ec07775,RN ten Doeschate,Kolkata Knight Riders,2012,3,3,21,21,11,1,1,1,0,0,10.5,100.0,1,18,1,24,8.0,24.0,1,0
7dc35884,Shakib Al Hasan,Kolkata Knight Riders,2012,8,7,91,74,42,1,6,3,0,0,15.17,122.97,8,180,12,195,6.5,16.25,3,0
db584dad,CH Gayle,Royal Challengers Bengaluru,2012,14,14,733,456,128,2,46,59,7,1,61.08,160.75,3,28,0,66,14.14,0.0,0,0
b2b50355,L Balaji,Kolkata Knight Riders,2012,8,0,0,0,0,0,0,0,0,0,0.0,0.0,8,180,11,162,5.4,14.73,4,0
39f01cdb,KP Pietersen,Delhi Capitals,2012,8,8,305,207,103,3,22,20,1,1,61.0,147.34,3,36,0,53,8.83,0.0,0,0
d18f9182,DPMD Jayawardene,Delhi Capitals,2012,15,15,335,298,56,3,39,3,3,0,27.92,112.42,0,0,0,0,0.0,0.0,0,0
f708a0bc,GB Hogg,Rajasthan Royals,2012,9,2,15,16,13,0,1,0,0,0,7.5,93.75,9,216,10,253,7.03,25.3,2,0
7d3720ba,RR Bhatkal,Royal Challengers Bengaluru,2012,1,1,0,2,0,0,0,0,0,0,0.0,0.0,1,12,0,35,17.5,0.0,0,0
1a0c3177,P Awana,Punjab Kings,2012,12,1,4,5,4,1,0,0,0,0,0.0,80.0,12,282,17,372,7.91,21.88,4,0
896d78ad,AD Mathews,Pune Warriors,2012,9,8,127,108,35,1,5,4,0,0,18.14,117.59,9,156,7,192,7.38,27.43,2,0
c42aaf71,M Manhas,Pune Warriors,2012,7,7,120,96,42,3,10,4,0,0,30.0,125.0,0,0,0,0,0.0,0.0,0,0
fa463154,AB Agarkar,Delhi Capitals,2012,4,0,0,0,0,0,0,0,0,0,0.0,0.0,4,86,3,134,9.35,44.67,2,0
2e8994e7,JP Duminy,Deccan Chargers,2012,9,9,244,190,74,6,13,11,2,0,81.33,128.42,5,72,1,103,8.58,103.0,1,0
2815fe50,AA Jhunjhunwala,Deccan Chargers,2012,4,3,24,26,19,1,1,1,0,0,12.0,92.31,3,36,1,38,6.33,38.0,1,0
d718440b,V Pratap Singh,Deccan Chargers,2012,9,1,0,1,0,0,0,0,0,0,0.0,0.0,9,204,10,296,8.71,29.6,2,0
b61a3e1a,LRPL Taylor,Delhi Capitals,2012,12,12,197,171,55,2,12,7,1,0,19.7,115.2,0,0,0,0,0.0,0.0,0,0
469ea22b,KMDN Kulasekara,Chennai Super Kings,2012,4,1,5,3,5,1,1,0,0,0,0.0,166.67,4,84,4,94,6.71,23.5,2,0
93a17209,VY Mahesh,Chennai Super Kings,2012,4,0,0,0,0,0,0,0,0,0,0.0,0.0,4,56,3,81,8.68,27.0,2,0
1e66c162,JD Unadkat,Kolkata Knight Riders,2012,1,0,0,0,0,0,0,0,0,0,0.0,0.0,1,18,0,32,10.67,0.0,0,0
2728e7e9,P Dogra,Punjab Kings,2012,3,3,15,24,6,1,0,0,0,0,7.5,62.5,0,0,0,0,0.0,0.0,0,0
dc4686e6,BA Bhatt,Punjab Kings,2012,5,1,6,2,6,1,0,1,0,0,0.0,300.0,5,99,2,136,8.24,68.0,2,0
957532de,S Aravind,Royal Challengers Bengaluru,2012,1,1,14,8,14,1,3,0,0,0,0.0,175.0,1,18,0,48,16.0,0.0,0,0
e32d22f6,Pankaj Singh,Rajasthan Royals,2012,6,0,0,0,0,0,0,0,0,0,0.0,0.0,6,126,7,170,8.1,24.29,2,0
d84378a4,M Kaif,Royal Challengers Bengaluru,2012,1,1,14,16,14,0,1,0,0,0,14.0,87.5,0,0,0,0,0.0,0.0,0,0
a84468fe,DJ Jacobs,Mumbai Indians,2012,1,1,0,10,0,0,0,0,0,0,0.0,0.0,0,0,0,0,0.0,0.0,0,0
94eac556,CJ McKay,Mumbai Indians,2012,2,1,8,15,8,0,0,0,0,0,8.0,53.33,2,42,1,60,8.57,60.0,1,0
c3d1402f,RP Singh,Mumbai Indians,2012,11,5,6,12,3,3,0,0,0,0,3.0,50.0,11,246,10,318,7.76,31.8,3,0
063b3673,DH Yagnik,Rajasthan Royals,2012,3,3,25,13,10,2,5,0,0,0,25.0,192.31,0,0,0,0,0.0,0.0,0,0
5bdcdb72,TM Dilshan,Royal Challengers Bengaluru,2012,9,9,285,261,76,1,33,5,3,0,35.62,109.2,5,42,0,77,11.0,0.0,0,0
d92e42f5,KP Appanna,Royal Challengers Bengaluru,2012,6,0,0,0,0,0,0,0,0,0,0.0,0.0,6,102,6,148,8.71,24.67,4,0
bbd41817,AD Russell,Delhi Capitals,2012,4,2,47,26,31,0,3,3,0,0,23.5,180.77,4,96,1,161,10.06,161.0,1,0
0a3d54b9,VR Aaron,Delhi Capitals,2012,8,2,1,3,1,0,0,0,0,0,0.5,33.33,8,186,8,271,8.74,33.88,2,0
dcce6f09,DA Warner,Delhi Capitals,2012,8,8,256,156,109,1,28,14,1,1,36.57,164.1,0,0,0,0,0.0,0.0,0,0
1c2a64cd,A Ashish Reddy,Deccan Chargers,2012,9,5,35,29,10,1,3,1,0,0,8.75,120.69,9,163,11,237,8.72,21.55,3,0
addbde6c,N Saini,Punjab Kings,2012,10,10,140,141,50,0,16,0,1,0,14.0,99.29,0,0,0,0,0.0,0.0,0,0
d67d5f00,DA Miller,Punjab Kings,2012,6,6,98,75,34,3,6,4,0,0,32.67,130.67,0,0,0,0,0.0,0.0,0,0
9a158001,Azhar Mahmood,Punjab Kings,2012,11,10,186,142,36,2,16,8,0,0,23.25,130.99,11,256,14,329,7.71,23.5,3,0
bd17b45f,STR Binny,Rajasthan Royals,2012,8,6,90,67,30,2,9,3,0,0,22.5,134.33,6,60,3,78,7.8,26.0,1,0
b552a935,AC Thomas,Pune Warriors,2012,4,2,19,15,12,0,1,1,0,0,9.5,126.67,4,84,3,109,7.79,36.33,3,0
f62772e5,P Negi,Delhi Capitals,2012,7,4,36,29,14,2,4,1,0,0,18.0,124.14,6,132,7,152,6.91,21.71,4,0
0f12f9df,NLTC Perera,Mumbai Indians,2012,2,2,4,9,4,1,0,0,0,0,4.0,44.44,2,15,0,27,10.8,0.0,0,0
dded65e7,IR Jaggi,Deccan Chargers,2012,3,3,15,21,10,1,0,0,0,0,7.5,71.43,0,0,0,0,0.0,0.0,0,0
99b202b3,A Chandila,Rajasthan Royals,2012,4,1,0,1,0,1,0,0,0,0,0.0,0.0,4,84,5,86,6.14,17.2,4,0
cca50cd6,LJ Wright,Pune Warriors,2012,1,0,0,0,0,0,0,0,0,0,0.0,0.0,1,12,0,24,12.0,0.0,0,0
26ff4c29,RJ Peterson,Mumbai Indians,2012,5,5,32,30,16,2,3,1,0,0,10.67,106.67,4,48,3,70,8.75,23.33,3,0
dec8e038,J Theron,Deccan Chargers,2012,2,1,7,6,7,1,1,0,0,0,0.0,116.67,2,48,2,66,8.25,33.0,2,0
de4b0555,R Shukla,Mumbai Indians,2012,1,0,0,0,0,0,0,0,0,0,0.0,0.0,1,18,0,31,10.33,0.0,0,0
1efb8a28,AC Blizzard,Mumbai Indians,2012,1,1,0,3,0,0,0,0,0,0,0.0,0.0,0,0,0,0,0.0,0.0,0,0
fe11caa6,WP Saha,Chennai Super Kings,2012,1,1,6,14,6,0,0,0,0,0,6.0,42.86,0,0,0,0,0.0,0.0,0,0
48fd7349,MEK Hussey,Chennai Super Kings,2012,8,8,261,236,56,0,28,8,2,0,32.62,110.59,0,0,0,0,0.0,0.0,0,0
53f27a35,BB Samantray,Deccan Chargers,2012,1,1,2,2,2,1,0,0,0,0,0.0,100.0,0,0,0,0,0.0,0.0,0,0
f842c2cf,MJ Clarke,Pune Warriors,2012,6,6,98,94,41,0,12,0,0,0,16.33,104.26,5,66,2,67,6.09,33.5,1,0
4329fbb5,SR Watson,Rajasthan Royals,2012,7,7,255,168,90,1,26,14,2,0,42.5,151.79,7,138,6,161,7.0,26.83,2,0
12eddf28,RJ Harris,Punjab Kings,2012,5,2,18,11,15,1,1,1,0,0,18.0,163.64,5,108,8,130,7.22,16.25,4,0
3ae3f034,AUK Pathan,Royal Challengers Bengaluru,2012,2,2,6,7,4,1,0,0,0,0,6.0,85.71,1,6,0,14,14.0,0.0,0,0
f3171936,BW Hilfenhaus,Chennai Super Kings,2012,9,0,0,0,0,0,0,0,0,0,0.0,0.0,9,204,14,233,6.85,16.64,3,0
addfb70e,SW Tait,Rajasthan Royals,2012,6,0,0,0,0,0,0,0,0,0,0.0,0.0,6,137,6,151,6.61,25.17,3,0
6eb146d2,Gurkeerat Singh,Punjab Kings,2012,4,4,86,52,29,1,12,2,0,0,28.67,165.38,0,0,0,0,0.0,0.0,0,0
35205dfc,DR Smith,Mumbai Indians,2012,7,6,157,98,87,2,18,7,1,0,39.25,160.2,6,78,2,95,7.31,47.5,1,0
66cf56a5,A Mithun,Royal Challengers Bengaluru,2012,1,0,0,0,0,0,0,0,0,0,0.0,0.0,1,18,0,33,11.0,0.0,0,0
0c432afb,P Parameswaran,Royal Challengers Bengaluru,2012,3,1,0,1,0,1,0,0,0,0,0.0,0.0,3,60,5,87,8.7,17.4,3,0
c64c2443,J Syed Mohammad,Royal Challengers Bengaluru,2012,2,1,4,1,4,1,1,0,0,0,0.0,400.0,2,42,0,65,9.29,0.0,0,0
9fc0ef64,PJ Sangwan,Kolkata Knight Riders,2012,1,0,0,0,0,0,0,0,0,0,0.0,0.0,1,24,1,42,10.5,42.0,1,0
f4cb4f53,AP Majumdar,Pune Warriors,2012,4,4,87,76,31,0,7,2,0,0,21.75,114.47,0,0,0,0,0.0,0.0,0,0
facb9086,SD Chitnis,Punjab Kings,2012,4,4,66,62,38,1,7,1,0,0,22.0,106.45,0,0,0,0,0.0,0.0,0,0
5d096f3d,RR Powar,Punjab Kings,2012,1,0,0,0,0,0,0,0,0,0,0.0,0.0,1,18,0,32,10.67,0.0,0,0
2461eef2,PA Reddy,Deccan Chargers,2012,3,3,73,59,42,0,6,2,0,0,24.33,123.73,0,0,0,0,0.0,0.0,0,0
95a2ea61,S Anirudha,Chennai Super Kings,2012,2,2,19,7,18,2,1,2,0,0,0.0,271.43,0,0,0,0,0.0,0.0,0,0
27e71d47,K Upadhyay,Pune Warriors,2012,1,1,11,8,11,1,0,1,0,0,0.0,137.5,1,24,0,33,8.25,0.0,0,0
6afb26d6,MD Mishra,Pune Warriors,2012,1,1,4,4,4,0,1,0,0,0,4.0,100.0,0,0,0,0,0.0,0.0,0,0
e1d1b294,HH Gibbs,Mumbai Indians,2012,3,3,81,88,66,1,8,2,1,0,40.5,92.05,0,0,0,0,0.0,0.0,0,0
0c94f480,UBT Chand,Delhi Capitals,2012,2,2,36,34,18,0,2,3,0,0,18.0,105.88,0,0,0,0,0.0,0.0,0,0
45eda7c8,CA Lynn,Deccan Chargers,2012,1,1,6,9,6,0,1,0,0,0,6.0,66.67,0,0,0,0,0.0,0.0,0,0
ef5da05c,AG Murtaza,Pune Warriors,2012,1,1,3,5,3,1,0,0,0,0,0.0,60.0,1,12,0,11,5.5,0.0,0,0
28c78fb3,Harpreet Singh,Pune Warriors,2012,1,1,6,6,6,0,0,0,0,0,6.0,100.0,0,0,0,0,0.0,0.0,0,0
d2a989fc,DS Kulkarni,Mumbai Indians,2012,2,1,10,5,10,1,2,0,0,0,0.0,200.0,2,48,6,64,8.0,10.67,3,0
ee3dfa89,Sunny Gupta,Delhi Capitals,2012,1,1,0,1,0,0,0,0,0,0,0.0,0.0,1,18,0,47,15.67,0.0,0,0
0c94f480,UBT Chand,Delhi Capitals,2013,9,9,158,158,41,0,17,4,0,0,17.56,100.0,0,0,0,0,0.0,0.0,0,0
dd09ff8e,B Lee,Kolkata Knight Riders,2013,3,2,21,12,16,1,1,2,0,0,21.0,175.0,3,72,4,86,7.17,21.5,2,0
d18f9182,DPMD Jayawardene,Delhi Capitals,2013,15,15,331,313,66,0,39,6,2,0,22.07,105.75,0,0,0,0,0.0,0.0,0,0
dcce6f09,DA Warner,Delhi Capitals,2013,16,16,410,323,77,3,41,14,4,0,31.54,126.93,0,0,0,0,0.0,0.0,0,0
86dc8f2e,JH Kallis,Kolkata Knight Riders,2013,16,15,311,322,41,1,35,3,0,0,22.21,96.58,15,318,16,394,7.43,24.62,3,0
b2b50355,L Balaji,Kolkata Knight Riders,2013,13,2,9,10,9,1,1,0,0,0,9.0,90.0,13,300,12,387,7.74,32.25,3,0
9d430b40,SP Narine,Kolkata Knight Riders,2013,16,6,21,19,13,3,0,2,0,0,7.0,110.53,16,384,22,350,5.47,15.91,4,0
605b7efa,MC Juneja,Delhi Capitals,2013,7,7,125,128,49,0,11,1,0,0,17.86,97.66,0,0,0,0,0.0,0.0,0,0
33a364a6,R Bhatia,Kolkata Knight Riders,2013,15,10,99,80,26,4,8,3,0,0,16.5,123.75,15,263,11,332,7.57,30.18,2,0
890946a0,NV Ojha,Delhi Capitals,2013,2,2,9,10,9,1,1,0,0,0,9.0,90.0,0,0,0,0,0.0,0.0,0,0
7c503806,J Botha,Delhi Capitals,2013,6,6,43,52,23,0,5,1,0,0,7.17,82.69,6,100,5,109,6.54,21.8,2,0
b1451597,LR Shukla,Kolkata Knight Riders,2013,3,2,3,12,2,0,0,0,0,0,1.5,25.0,2,18,1,22,7.33,22.0,1,0
5fa06777,IK Pathan,Delhi Capitals,2013,15,13,142,152,24,5,9,3,0,0,17.75,93.42,15,308,10,382,7.44,38.2,2,0
bbd41817,AD Russell,Delhi Capitals,2013,3,2,11,14,7,0,0,0,0,0,5.5,78.57,3,42,0,68,9.71,0.0,0,0
9d80c5e1,S Nadeem,Delhi Capitals,2013,12,6,14,27,6,1,1,0,0,0,2.8,51.85,12,264,9,259,5.89,28.78,2,0
96fd40ae,A Nehra,Delhi Capitals,2013,10,4,1,8,1,0,0,0,0,0,0.25,12.5,10,216,11,316,8.78,28.73,2,0
5afd4539,MS Bisla,Kolkata Knight Riders,2013,14,14,255,236,92,1,36,6,2,0,19.62,108.05,0,0,0,0,0.0,0.0,0,0
bb345e0b,G Gambhir,Kolkata Knight Riders,2013,15,15,406,343,60,0,51,5,4,0,27.07,118.37,0,0,0,0,0.0,0.0,0,0
cc1e8c68,UT Yadav,Delhi Capitals,2013,16,7,38,38,12,6,3,1,0,0,38.0,100.0,16,347,16,508,8.78,31.75,4,0
26e5cabf,MK Tiwary,Kolkata Knight Riders,2013,9,9,146,140,33,1,12,1,0,0,18.25,104.29,0,0,0,0,0.0,0.0,0,0
d2a6c0e6,EJG Morgan,Kolkata Knight Riders,2013,13,13,307,240,51,2,28,13,1,0,27.91,127.92,0,0,0,0,0.0,0.0,0,0
3c6ffae8,YK Pathan,Kolkata Knight Riders,2013,16,16,332,240,72,5,30,15,1,0,30.18,138.33,5,54,1,73,8.11,73.0,1,0
db584dad,CH Gayle,Royal Challengers Bengaluru,2013,16,16,708,453,175,4,57,51,4,1,59.0,156.29,4,24,3,40,10.0,13.33,2,0
f5180fe6,MG Johnson,Mumbai Indians,2013,17,6,39,36,11,2,2,2,0,0,9.75,108.33,17,384,24,459,7.17,19.12,3,0
5bdcdb72,TM Dilshan,Royal Challengers Bengaluru,2013,5,5,76,93,33,0,12,0,0,0,15.2,81.72,1,6,0,10,10.0,0.0,0,0
f0f628c7,MM Patel,Mumbai Indians,2013,4,0,0,0,0,0,0,0,0,0,0.0,0.0,4,90,3,137,9.13,45.67,3,0
ba607b88,V Kohli,Royal Challengers Bengaluru,2013,16,16,634,457,99,2,64,22,6,0,45.29,138.73,0,0,0,0,0.0,0.0,0,0
462411b3,JJ Bumrah,Mumbai Indians,2013,2,0,0,0,0,0,0,0,0,0,0.0,0.0,2,42,3,70,10.0,23.33,3,0
00ea847a,MA Agarwal,Royal Challengers Bengaluru,2013,5,5,67,62,29,0,6,3,0,0,13.4,108.06,0,0,0,0,0.0,0.0,0,0
3eac9d95,JDP Oram,Mumbai Indians,2013,1,0,0,0,0,0,0,0,0,0,0.0,0.0,1,24,0,22,5.5,0.0,0,0
2a2e6343,DT Christian,Royal Challengers Bengaluru,2013,2,2,6,15,4,0,0,0,0,0,3.0,40.0,2,36,0,55,9.17,0.0,0,0
8b5b6769,Harbhajan Singh,Mumbai Indians,2013,19,13,116,79,25,8,12,5,0,0,23.2,146.84,19,420,24,456,6.51,19.0,3,0
a757b0d8,KA Pollard,Mumbai Indians,2013,18,18,420,281,66,8,27,29,3,0,42.0,149.47,14,186,10,292,9.42,29.2,2,0
944533a5,KK Nair,Royal Challengers Bengaluru,2013,2,2,9,12,9,0,0,0,0,0,4.5,75.0,0,0,0,0,0.0,0.0,0,0
7daedf2f,KB Arun Karthik,Royal Challengers Bengaluru,2013,5,5,41,38,19,2,3,1,0,0,13.67,107.89,0,0,0,0,0.0,0.0,0,0
7d415ea5,RT Ponting,Mumbai Indians,2013,5,5,52,75,28,0,3,1,0,0,10.4,69.33,0,0,0,0,0.0,0.0,0,0
1e66c162,JD Unadkat,Royal Challengers Bengaluru,2013,13,2,2,2,1,2,0,0,0,0,0.0,100.0,13,294,13,370,7.55,28.46,5,0
d2c2b2d5,SR Tendulkar,Mumbai Indians,2013,14,14,287,231,54,0,39,5,1,0,20.5,124.24,0,0,0,0,0.0,0.0,0,0
41eb4a4f,R Vinay Kumar,Royal Challengers Bengaluru,2013,16,5,70,44,26,4,6,3,0,0,70.0,159.09,16,361,23,493,8.19,21.43,3,0
4ba44e19,M Muralitharan,Royal Challengers Bengaluru,2013,6,0,0,0,0,0,0,0,0,0,0.0,0.0,6,138,3,177,7.7,59.0,1,0
abfeb126,M Kartik,Royal Challengers Bengaluru,2013,11,2,2,3,2,1,0,0,0,0,2.0,66.67,11,234,9,284,7.28,31.56,2,0
c03f1114,KD Karthik,Mumbai Indians,2013,19,19,510,411,86,1,54,14,2,0,28.33,124.09,0,0,0,0,0.0,0.0,0,0
740742ef,RG Sharma,Mumbai Indians,2013,19,19,538,409,79,5,35,28,4,0,38.43,131.54,2,8,0,6,4.5,0.0,0,0
70d205c9,AT Rayudu,Mumbai Indians,2013,15,15,265,231,37,3,22,4,0,0,22.08,114.72,0,0,0,0,0.0,0.0,0,0
2461eef2,PA Reddy,Sunrisers Hyderabad,2013,7,7,91,101,27,0,9,0,0,0,13.0,90.1,0,0,0,0,0.0,0.0,0,0
f846de6a,MN Samuels,Pune Warriors,2013,2,2,8,18,5,0,1,0,0,0,4.0,44.44,1,24,1,34,8.5,34.0,1,0
b5da6c24,PA Patel,Sunrisers Hyderabad,2013,13,13,294,255,61,0,37,4,1,0,22.62,115.29,0,0,0,0,0.0,0.0,0,0
2e81a32d,B Kumar,Pune Warriors,2013,16,9,52,71,24,2,3,1,0,0,7.43,73.24,16,342,13,371,6.51,28.54,3,0
66b30f71,AB Dinda,Pune Warriors,2013,13,5,9,11,6,3,1,0,0,0,4.5,81.82,13,294,16,465,9.49,29.06,3,0
6b71e6cf,KC Sangakkara,Sunrisers Hyderabad,2013,9,9,120,136,28,0,13,0,0,0,13.33,88.24,0,0,0,0,0.0,0.0,0,0
896d78ad,AD Mathews,Pune Warriors,2013,11,10,172,139,40,3,5,10,0,0,24.57,123.74,10,186,5,240,7.74,48.0,3,0
5d9a1a73,R Sharma,Pune Warriors,2013,11,6,11,17,10,2,1,0,0,0,2.75,64.71,11,246,9,281,6.85,31.22,2,0
d0513f63,CL White,Sunrisers Hyderabad,2013,13,13,209,191,52,1,18,7,1,0,17.42,109.42,2,12,1,16,8.0,16.0,1,0
1c914163,Yuvraj Singh,Pune Warriors,2013,13,13,238,190,34,1,14,15,0,0,19.83,125.26,10,132,6,152,6.91,25.33,2,0
0f12f9df,NLTC Perera,Sunrisers Hyderabad,2013,16,14,233,163,40,4,12,14,0,0,23.3,142.94,16,358,19,478,8.01,25.16,3,0
94253925,GH Vihari,Sunrisers Hyderabad,2013,17,17,241,278,46,3,17,1,0,0,17.21,86.69,5,36,1,38,6.33,38.0,1,0
1c2a64cd,A Ashish Reddy,Sunrisers Hyderabad,2013,10,10,125,89,36,4,8,5,0,0,20.83,140.45,5,40,3,70,10.5,23.33,1,0
b720a5d6,DB Ravi Teja,Sunrisers Hyderabad,2013,2,2,14,17,10,1,0,0,0,0,14.0,82.35,0,0,0,0,0.0,0.0,0,0
1c17e270,RV Uthappa,Pune Warriors,2013,16,16,434,371,75,0,42,12,2,0,27.12,116.98,0,0,0,0,0.0,0.0,0,0
8fd1a8f5,DW Steyn,Sunrisers Hyderabad,2013,17,8,53,36,18,6,5,2,0,0,26.5,147.22,17,407,19,384,5.66,20.21,3,0
93b4fc78,MK Pandey,Pune Warriors,2013,7,7,136,137,66,1,11,3,1,0,22.67,99.27,0,0,0,0,0.0,0.0,0,0
5bb1a1c4,I Sharma,Sunrisers Hyderabad,2013,16,0,0,0,0,0,0,0,0,0,0.0,0.0,16,358,15,466,7.81,31.07,3,0
6b19d823,A Mishra,Sunrisers Hyderabad,2013,17,6,89,96,30,2,9,0,0,0,22.25,92.71,17,372,21,394,6.35,18.76,4,0
b61a3e1a,LRPL Taylor,Pune Warriors,2013,5,5,63,76,19,0,2,1,0,0,12.6,82.89,0,0,0,0,0.0,0.0,0,0
a45a5e8d,AM Nayar,Pune Warriors,2013,10,9,66,73,25,3,5,0,0,0,11.0,90.41,3,48,2,59,7.38,29.5,1,0
3d8feaf8,MR Marsh,Pune Warriors,2013,9,8,140,106,38,1,6,10,0,0,20.0,132.08,7,116,7,182,9.41,26.0,2,0
f21043a5,MDKJ Perera,Rajasthan Royals,2013,2,2,14,13,14,0,3,0,0,0,7.0,107.69,0,0,0,0,0.0,0.0,0,0
29e95537,AM Rahane,Rajasthan Royals,2013,18,18,488,458,68,4,42,11,4,0,34.86,106.55,0,0,0,0,0.0,0.0,0,0
0184dc35,R Dravid,Rajasthan Royals,2013,17,17,471,425,65,1,64,5,4,0,29.44,110.82,0,0,0,0,0.0,0.0,0,0
bd17b45f,STR Binny,Rajasthan Royals,2013,17,16,293,199,41,7,25,12,0,0,32.56,147.24,14,144,6,162,6.75,27.0,2,0
b57f8a9a,BJ Hodge,Rajasthan Royals,2013,14,14,293,218,54,7,27,9,1,0,41.86,134.4,1,6,0,3,3.0,0.0,0,0
8291f939,AL Menaria,Rajasthan Royals,2013,1,1,1,2,1,0,0,0,0,0,1.0,50.0,0,0,0,0,0.0,0.0,0,0
557153ca,KK Cooper,Rajasthan Royals,2013,14,5,39,22,26,1,4,2,0,0,9.75,177.27,14,324,19,449,8.31,23.63,3,0
de4b0555,R Shukla,Rajasthan Royals,2013,3,1,1,2,1,1,0,0,0,0,0.0,50.0,3,48,3,79,9.88,26.33,2,0
76388dc8,S Badree,Rajasthan Royals,2013,1,0,0,0,0,0,0,0,0,0,0.0,0.0,1,24,0,34,8.5,0.0,0,0
6b8eb6e5,S Sreesanth,Rajasthan Royals,2013,7,2,1,4,1,1,0,0,0,0,1.0,25.0,7,130,5,163,7.52,32.6,2,0
3d7e087f,SK Trivedi,Rajasthan Royals,2013,17,2,3,7,3,1,0,0,0,0,3.0,42.86,17,359,12,410,6.85,34.17,3,0
c404f58a,DP Nannes,Chennai Super Kings,2013,5,0,0,0,0,0,0,0,0,0,0.0,0.0,5,119,4,158,7.97,39.5,2,0
db31895a,AS Rajpoot,Chennai Super Kings,2013,2,1,2,6,2,1,0,0,0,0,0.0,33.33,2,24,1,35,8.75,35.0,1,0
87e562a9,DJ Bravo,Chennai Super Kings,2013,18,12,121,106,23,4,11,3,0,0,15.12,114.15,18,375,32,497,7.95,15.53,4,0
b2a79f17,B Laughlin,Chennai Super Kings,2013,2,2,4,9,4,1,0,0,0,0,4.0,44.44,2,42,1,71,10.14,71.0,1,0
fe93fd9d,RA Jadeja,Chennai Super Kings,2013,18,14,201,135,38,6,17,6,0,0,25.12,148.89,15,259,13,323,7.48,24.85,3,0
35205dfc,DR Smith,Mumbai Indians,2013,13,13,418,341,68,0,40,19,4,0,32.15,122.58,3,30,2,59,11.8,29.5,2,0
495d42a5,R Ashwin,Chennai Super Kings,2013,18,5,35,49,11,1,4,0,0,0,8.75,71.43,18,348,15,390,6.72,26.0,2,0
48fd7349,MEK Hussey,Chennai Super Kings,2013,17,17,733,566,95,3,81,17,6,0,52.36,129.51,0,0,0,0,0.0,0.0,0,0
4b57e452,M Vijay,Chennai Super Kings,2013,15,15,312,286,55,1,27,8,2,0,22.29,109.09,0,0,0,0,0.0,0.0,0,0
1dc12ab9,SK Raina,Chennai Super Kings,2013,17,17,548,365,100,4,50,18,4,1,42.15,150.14,2,12,1,23,11.5,23.0,1,0
6c6591ab,PP Ojha,Mumbai Indians,2013,15,3,2,4,1,2,0,0,0,0,2.0,50.0,15,314,16,381,7.28,23.81,3,0
3576e47e,S Badrinath,Chennai Super Kings,2013,7,7,124,121,34,0,11,0,0,0,17.71,102.48,0,0,0,0,0.0,0.0,0,0
4a8a2e3b,MS Dhoni,Chennai Super Kings,2013,16,16,461,283,67,5,32,25,4,0,41.91,162.9,0,0,0,0,0.0,0.0,0,0
e938e1bc,P Kumar,Punjab Kings,2013,15,7,47,39,24,1,3,3,0,0,7.83,120.51,15,338,12,373,6.62,31.08,2,0
12eddf28,RJ Harris,Punjab Kings,2013,3,2,2,5,2,1,0,0,0,0,2.0,40.0,3,72,1,72,6.0,72.0,1,0
aaa1b522,TL Suman,Pune Warriors,2013,5,5,52,58,23,0,8,0,0,0,10.4,89.66,1,12,1,15,7.5,15.0,1,0
9a158001,Azhar Mahmood,Punjab Kings,2013,11,10,196,154,80,0,22,5,2,0,19.6,127.27,11,263,15,330,7.53,22.0,3,0
1a0c3177,P Awana,Punjab Kings,2013,14,4,1,9,1,2,0,0,0,0,0.5,11.11,14,324,15,412,7.63,27.47,3,0
98ae73b1,PP Chawla,Punjab Kings,2013,16,10,64,57,23,4,5,3,0,0,10.67,112.28,16,350,11,418,7.17,38.0,2,0
2b6e6dec,AC Gilchrist,Punjab Kings,2013,13,13,294,229,85,1,41,6,1,0,24.5,128.38,1,1,1,0,0.0,0.0,1,0
c3a96caf,Mandeep Singh,Punjab Kings,2013,14,14,260,223,77,1,36,0,1,0,20.0,116.59,0,0,0,0,0.0,0.0,0,0
c03e2850,M Vohra,Punjab Kings,2013,10,10,161,117,43,2,22,2,0,0,20.12,137.61,0,0,0,0,0.0,0.0,0,0
fd835ab3,DJ Hussey,Punjab Kings,2013,11,11,235,209,41,1,20,6,0,0,23.5,112.44,4,66,0,91,8.27,0.0,0,0
24d94623,Ankit Sharma,Sunrisers Hyderabad,2013,1,0,0,0,0,0,0,0,0,0,0.0,0.0,1,12,0,17,8.5,0.0,0,0
32198ae0,MC Henriques,Royal Challengers Bengaluru,2013,10,9,165,125,44,5,20,3,0,0,41.25,132.0,8,127,7,185,8.74,26.43,2,0
4329fbb5,SR Watson,Rajasthan Royals,2013,16,16,543,380,101,2,59,22,2,1,38.79,142.89,13,250,13,298,7.15,22.92,3,0
8cf9814c,Mohammed Shami,Kolkata Knight Riders,2013,3,1,5,10,5,0,0,0,0,0,5.0,50.0,3,54,1,78,8.67,78.0,1,0
063b3673,DH Yagnik,Rajasthan Royals,2013,9,9,125,96,34,1,17,2,0,0,15.62,130.21,0,0,0,0,0.0,0.0,0,0
addfb70e,SW Tait,Rajasthan Royals,2013,3,1,1,3,1,0,0,0,0,0,1.0,33.33,3,60,1,98,9.8,98.0,1,0
5bb5a915,M Morkel,Delhi Capitals,2013,10,6,57,29,23,1,6,3,0,0,11.4,196.55,10,240,7,335,8.38,47.86,2,0
9868bc75,BMAJ Mendis,Delhi Capitals,2013,3,3,23,27,12,0,0,0,0,0,7.67,85.19,2,30,1,36,7.2,36.0,1,0
a12e1d51,SL Malinga,Mumbai Indians,2013,17,6,9,18,7,2,1,0,0,0,2.25,50.0,17,392,20,468,7.16,23.4,3,0
99d63244,KM Jadhav,Delhi Capitals,2013,10,10,152,124,31,3,8,5,0,0,21.71,122.58,0,0,0,0,0.0,0.0,0,0
fb66ce1f,CH Morris,Chennai Super Kings,2013,16,6,14,16,7,4,0,0,0,0,7.0,87.5,16,300,15,401,8.02,26.73,3,0
6eb146d2,Gurkeerat Singh,Punjab Kings,2013,9,9,108,95,31,1,10,3,0,0,13.5,113.68,0,0,0,0,0.0,0.0,0,0
626c5379,R Sathish,Punjab Kings,2013,8,8,109,77,27,3,9,5,0,0,21.8,141.56,3,24,0,51,12.75,0.0,0,0
c3d1402f,RP Singh,Royal Challengers Bengaluru,2013,11,0,0,0,0,0,0,0,0,0,0.0,0.0,11,239,13,335,8.41,25.77,3,0
c654af19,R McLaren,Kolkata Knight Riders,2013,2,2,3,6,2,0,0,0,0,0,1.5,50.0,2,42,3,94,13.43,31.33,2,0
9fc0ef64,PJ Sangwan,Kolkata Knight Riders,2013,2,1,4,2,4,1,1,0,0,0,0.0,200.0,2,24,0,51,12.75,0.0,0,0
c4487b84,AB de Villiers,Royal Challengers Bengaluru,2013,14,14,360,219,64,4,34,15,2,0,36.0,164.38,0,0,0,0,0.0,0.0,0,0
808f425a,JP Faulkner,Rajasthan Royals,2013,16,9,57,57,19,4,5,2,0,0,11.4,100.0,16,379,28,427,6.76,15.25,5,0
0bf15e52,Harmeet Singh,Rajasthan Royals,2013,1,0,0,0,0,0,0,0,0,0,0.0,0.0,1,24,1,34,8.5,34.0,1,0
b8d490fd,AJ Finch,Pune Warriors,2013,14,14,456,336,67,0,54,16,4,0,32.57,135.71,3,24,1,49,12.25,49.0,1,0
8ba8195d,V Sehwag,Delhi Capitals,2013,13,13,295,233,95,1,41,6,1,0,24.58,126.61,1,6,0,9,9.0,0.0,0,0
d2340a43,Anand Rajan,Sunrisers Hyderabad,2013,2,0,0,0,0,0,0,0,0,0,0.0,0.0,2,48,2,42,5.25,21.0,1,0
dcf81436,S Kaul,Delhi Capitals,2013,6,1,7,9,7,1,0,0,0,0,0.0,77.78,6,131,4,170,7.79,42.5,2,0
26a85969,R Dhawan,Mumbai Indians,2013,5,4,21,21,14,1,3,0,0,0,7.0,100.0,5,90,2,109,7.27,54.5,1,0
759ac88f,MM Sharma,Chennai Super Kings,2013,15,2,0,5,0,1,0,0,0,0,0.0,0.0,15,304,20,326,6.43,16.3,3,0
d68e7f48,R Rampaul,Royal Challengers Bengaluru,2013,10,6,38,37,23,2,3,1,0,0,9.5,102.7,10,226,13,261,6.93,20.08,3,0
c64c2443,J Syed Mohammad,Royal Challengers Bengaluru,2013,4,2,10,13,9,0,1,0,0,0,5.0,76.92,4,60,3,91,9.1,30.33,2,0
119678fd,KV Sharma,Sunrisers Hyderabad,2013,13,7,85,86,39,3,6,2,0,0,21.25,98.84,13,209,11,230,6.6,20.91,2,0
4c4fa80b,SMSM Senanayake,Kolkata Knight Riders,2013,8,4,10,17,7,3,0,0,0,0,10.0,58.82,8,192,9,209,6.53,23.22,2,0
99b202b3,A Chandila,Rajasthan Royals,2013,8,1,4,6,4,1,0,0,0,0,0.0,66.67,8,150,6,156,6.24,26.0,2,0
a4cc73aa,SV Samson,Rajasthan Royals,2013,10,10,206,178,63,2,19,5,1,0,25.75,115.73,0,0,0,0,0.0,0.0,0,0
30a45b23,SPD Smith,Pune Warriors,2013,7,7,159,132,41,3,15,4,0,0,39.75,120.45,0,0,0,0,0.0,0.0,0,0
95a2ea61,S Anirudha,Chennai Super Kings,2013,1,1,0,2,0,0,0,0,0,0,0.0,0.0,0,0,0,0,0.0,0.0,0,0
c3d35165,JA Morkel,Chennai Super Kings,2013,8,3,46,37,23,0,2,3,0,0,15.33,124.32,7,144,7,159,6.62,22.71,3,0
d67d5f00,DA Miller,Punjab Kings,2013,12,12,418,254,101,5,28,24,3,1,59.71,164.57,0,0,0,0,0.0,0.0,0,0
ae78bc32,MS Gony,Punjab Kings,2013,8,4,45,25,42,1,4,3,0,0,15.0,180.0,8,168,7,256,9.14,36.57,2,0
7050a1e7,DB Das,Kolkata Knight Riders,2013,6,6,75,74,23,1,5,5,0,0,15.0,101.35,0,0,0,0,0.0,0.0,0,0
16043342,AB McDonald,Royal Challengers Bengaluru,2013,1,1,0,2,0,0,0,0,0,0,0.0,0.0,1,12,1,17,8.5,17.0,1,0
27af6414,BJ Rohrer,Delhi Capitals,2013,8,8,193,140,64,2,21,5,1,0,32.17,137.86,1,6,0,12,12.0,0.0,0,0
b17e2f24,KL Rahul,Royal Challengers Bengaluru,2013,2,2,20,16,12,0,4,0,0,0,10.0,125.0,0,0,0,0,0.0,0.0,0,0
372455c4,Q de Kock,Sunrisers Hyderabad,2013,3,3,6,15,4,0,1,0,0,0,2.0,40.0,0,0,0,0,0.0,0.0,0,0
53f27a35,BB Samantray,Sunrisers Hyderabad,2013,7,7,123,111,55,2,13,2,1,0,24.6,110.81,0,0,0,0,0.0,0.0,0,0
29d72eb2,AA Chavan,Rajasthan Royals,2013,3,0,0,0,0,0,0,0,0,0,0.0,0.0,3,54,1,63,7.0,63.0,1,0
fa463154,AB Agarkar,Delhi Capitals,2013,4,2,12,16,9,1,0,0,0,0,12.0,75.0,4,60,0,92,9.2,0.0,0,0
25eeb281,PC Valthaty,Punjab Kings,2013,1,1,6,17,6,0,0,0,0,0,6.0,35.29,0,0,0,0,0.0,0.0,0,0
3edb58fc,AD Mascarenhas,Punjab Kings,2013,1,1,5,5,5,1,0,0,0,0,0.0,100.0,1,24,0,25,6.25,0.0,0,0
709b0bac,SS Tiwary,Royal Challengers Bengaluru,2013,6,6,109,106,52,2,4,4,1,0,27.25,102.83,0,0,0,0,0.0,0.0,0,0
05c2ca46,RE van der Merwe,Delhi Capitals,2013,3,2,22,25,14,0,2,0,0,0,11.0,88.0,3,66,3,71,6.45,23.67,1,0
cca50cd6,LJ Wright,Pune Warriors,2013,6,5,106,60,44,0,16,3,0,0,21.2,176.67,5,59,2,100,10.17,50.0,1,0
ea0cdc12,BAW Mendis,Pune Warriors,2013,3,1,2,4,2,0,0,0,0,0,2.0,50.0,3,72,2,78,6.5,39.0,1,0
0f721006,JO Holder,Chennai Super Kings,2013,6,0,0,0,0,0,0,0,0,0,0.0,0.0,6,120,2,168,8.4,84.0,2,0
e0407c01,IC Pandey,Pune Warriors,2013,2,1,0,2,0,0,0,0,0,0,0.0,0.0,2,24,1,50,12.5,50.0,1,0
ef5da05c,AG Murtaza,Pune Warriors,2013,3,1,5,4,5,0,1,0,0,0,5.0,125.0,3,60,3,94,9.4,31.33,3,0
c42aaf71,M Manhas,Pune Warriors,2013,2,2,13,17,11,2,1,0,0,0,0.0,76.47,0,0,0,0,0.0,0.0,0,0
508a1ea7,SE Marsh,Punjab Kings,2013,8,8,300,249,77,0,39,4,3,0,37.5,120.48,0,0,0,0,0.0,0.0,0,0
ce820073,Sandeep Sharma,Punjab Kings,2013,4,1,0,1,0,1,0,0,0,0,0.0,0.0,4,96,8,119,7.44,14.88,3,0
30a2649b,CM Gautam,Delhi Capitals,2013,3,3,44,34,30,1,4,1,0,0,22.0,129.41,0,0,0,0,0.0,0.0,0,0
57ee1fde,YS Chahal,Mumbai Indians,2013,1,0,0,0,0,0,0,0,0,0,0.0,0.0,1,24,0,34,8.5,0.0,0,0
85aae393,Iqbal Abdulla,Kolkata Knight Riders,2013,5,2,8,14,6,2,0,0,0,0,0.0,57.14,5,113,7,142,7.54,20.29,3,0
0a476045,S Dhawan,Sunrisers Hyderabad,2013,10,10,311,253,73,2,37,5,3,0,38.88,122.92,0,0,0,0,0.0,0.0,0,0
1763bc6c,X Thalaivan Sargunam,Sunrisers Hyderabad,2013,1,1,10,17,10,0,0,0,0,0,10.0,58.82,0,0,0,0,0.0,0.0,0,0
c03c6200,DJG Sammy,Sunrisers Hyderabad,2013,10,9,174,132,60,3,11,10,1,0,29.0,131.82,9,134,8,168,7.52,21.0,4,0
fb693839,S Ladda,Kolkata Knight Riders,2013,1,0,0,0,0,0,0,0,0,0,0.0,0.0,1,12,1,18,9.0,18.0,1,0
dc4686e6,BA Bhatt,Punjab Kings,2013,2,0,0,0,0,0,0,0,0,0,0.0,0.0,2,30,1,32,6.4,32.0,1,0
2a72fd4f,Harmeet Singh,Punjab Kings,2013,3,1,3,4,3,0,0,0,0,0,3.0,75.0,3,68,5,87,7.68,17.4,3,0
d2a989fc,DS Kulkarni,Mumbai Indians,2013,6,0,0,0,0,0,0,0,0,0,0.0,0.0,6,112,8,151,8.09,18.88,3,0
fe11caa6,WP Saha,Chennai Super Kings,2013,3,3,70,56,39,0,6,4,0,0,23.33,125.0,0,0,0,0,0.0,0.0,0,0
b8a55852,BB McCullum,Kolkata Knight Riders,2013,1,1,6,7,6,0,1,0,0,0,6.0,85.71,0,0,0,0,0.0,0.0,0,0
dfc4d8b5,KW Richardson,Pune Warriors,2013,3,2,34,36,26,0,2,1,0,0,17.0,94.44,3,71,2,101,8.54,50.5,1,0
6165bca6,A Mukund,Royal Challengers Bengaluru,2013,1,1,19,21,19,0,1,0,0,0,19.0,90.48,0,0,0,0,0.0,0.0,0,0
7bf96684,OA Shah,Rajasthan Royals,2013,2,2,25,23,24,0,2,0,0,0,12.5,108.7,0,0,0,0,0.0,0.0,0,0
287686fd,S Narwal,Kolkata Knight Riders,2013,2,1,23,15,23,0,4,0,0,0,23.0,153.33,1,12,0,17,8.5,0.0,0,0
b63ab531,LA Pomersbach,Punjab Kings,2013,3,3,58,59,33,1,5,1,0,0,29.0,98.31,0,0,0,0,0.0,0.0,0,0
f708a0bc,GB Hogg,Rajasthan Royals,2013,1,0,0,0,0,0,0,0,0,0,0.0,0.0,1,20,0,31,9.3,0.0,0,0
d4f9dbd4,CA Pujara,Royal Challengers Bengaluru,2013,4,4,92,99,51,0,14,0,1,0,23.0,92.93,0,0,0,0,0.0,0.0,0,0
91a4a398,Z Khan,Royal Challengers Bengaluru,2013,2,0,0,0,0,0,0,0,0,0,0.0,0.0,2,36,5,47,7.83,9.4,4,0
cedc1d9a,P Suyal,Mumbai Indians,2013,1,0,0,0,0,0,0,0,0,0,0.0,0.0,1,18,1,21,7.0,21.0,1,0
27e71d47,K Upadhyay,Pune Warriors,2013,2,1,1,1,1,1,0,0,0,0,0.0,100.0,2,30,0,48,9.6,0.0,0,0
3a60e0b5,WD Parnell,Pune Warriors,2013,4,1,5,7,5,0,0,0,0,0,5.0,71.43,4,89,6,137,9.24,22.83,3,0
6aed7e79,PV Tambe,Rajasthan Royals,2013,3,1,3,6,3,1,0,0,0,0,0.0,50.0,3,66,1,88,8.0,88.0,1,0
f62772e5,P Negi,Delhi Capitals,2013,1,0,0,0,0,0,0,0,0,0,0.0,0.0,1,24,0,28,7.0,0.0,0,0
2af1b6d2,AN Ahmed,Mumbai Indians,2013,2,0,0,0,0,0,0,0,0,0,0.0,0.0,2,42,3,45,6.43,15.0,2,0
c18496e1,Bipul Sharma,Punjab Kings,2013,1,0,0,0,0,0,0,0,0,0,0.0,0.0,1,24,1,21,5.25,21.0,1,0
9170ff49,Parvez Rasool,Pune Warriors,2013,2,2,5,9,4,1,0,0,0,0,5.0,55.56,2,30,1,28,5.6,28.0,1,0
4ec07775,RN ten Doeschate,Kolkata Knight Riders,2013,4,4,85,63,42,1,9,2,0,0,28.33,134.92,3,18,0,24,8.0,0.0,0,0
91b9300b,UA Birla,Pune Warriors,2013,1,1,7,14,7,0,1,0,0,0,7.0,50.0,0,0,0,0,0.0,0.0,0,0
de8d3876,M Rawat,Pune Warriors,2013,1,1,5,11,5,0,0,0,0,0,5.0,45.45,0,0,0,0,0.0,0.0,0,0
b681e71e,GJ Maxwell,Mumbai Indians,2013,3,3,36,27,23,1,1,4,0,0,18.0,133.33,2,12,0,23,11.5,0.0,0,0
66cf56a5,A Mithun,Royal Challengers Bengaluru,2013,1,1,2,2,2,0,0,0,0,0,2.0,100.0,1,24,1,37,9.25,37.0,1,0
5f26df4f,VS Malik,Rajasthan Royals,2013,3,0,0,0,0,0,0,0,0,0,0.0,0.0,3,60,2,59,5.9,29.5,2,0
b2570b38,RV Gomez,Pune Warriors,2013,2,1,4,1,4,1,1,0,0,0,0.0,400.0,1,6,0,5,5.0,0.0,0,0
855a210c,AP Tare,Mumbai Indians,2013,5,5,123,84,59,0,14,5,1,0,24.6,146.43,0,0,0,0,0.0,0.0,0,0
0164b064,MG Neser,Punjab Kings,2013,1,0,0,0,0,0,0,0,0,0,0.0,0.0,1,24,0,62,15.5,0.0,0,0
dc9dd038,Sachin Baby,Rajasthan Royals,2013,1,1,3,7,3,0,0,0,0,0,3.0,42.86,0,0,0,0,0.0,0.0,0,0
56ab442f,NM Coulter-Nile,Mumbai Indians,2013,1,1,9,6,9,0,0,1,0,0,9.0,150.0,1,24,1,29,7.25,29.0,1,0
5451a2c1,B Chipli,Delhi Capitals,2013,1,1,16,18,16,0,1,1,0,0,16.0,88.89,0,0,0,0,0.0,0.0,0,0
2728e7e9,P Dogra,Kolkata Knight Riders,2013,1,1,5,8,5,0,0,0,0,0,5.0,62.5,0,0,0,0,0.0,0.0,0,0
bb345e0b,G Gambhir,Kolkata Knight Riders,2014,16,16,335,293,69,1,36,4,3,0,22.33,114.33,0,0,0,0,0.0,0.0,0,0
91a4a398,Z Khan,Mumbai Indians,2014,6,3,8,7,7,2,0,1,0,0,8.0,114.29,6,134,5,146,6.54,29.2,2,0
86dc8f2e,JH Kallis,Kolkata Knight Riders,2014,8,7,151,129,72,1,13,4,1,0,25.17,117.05,8,132,4,186,8.45,46.5,1,0
a12e1d51,SL Malinga,Mumbai Indians,2014,10,1,2,4,2,0,0,0,0,0,2.0,50.0,10,235,16,253,6.46,15.81,4,0
93b4fc78,MK Pandey,Kolkata Knight Riders,2014,16,16,401,340,94,3,35,10,2,0,30.85,117.94,0,0,0,0,0.0,0.0,0,0
8abdf100,CJ Anderson,Mumbai Indians,2014,12,11,265,181,95,2,21,15,1,0,29.44,146.41,9,108,4,184,10.22,46.0,2,0
6c6591ab,PP Ojha,Mumbai Indians,2014,12,3,4,8,2,2,0,0,0,0,4.0,50.0,12,276,4,380,8.26,95.0,2,0
8b5b6769,Harbhajan Singh,Mumbai Indians,2014,14,7,28,25,10,1,2,2,0,0,4.67,112.0,14,330,14,356,6.47,25.43,2,0
a757b0d8,KA Pollard,Mumbai Indians,2014,15,15,273,203,78,7,15,15,1,0,34.12,134.48,12,150,2,262,10.48,131.0,1,0
1c17e270,RV Uthappa,Kolkata Knight Riders,2014,16,16,660,479,83,1,74,18,5,0,44.0,137.79,0,0,0,0,0.0,0.0,0,0
3c6ffae8,YK Pathan,Kolkata Knight Riders,2014,12,12,268,165,72,3,15,20,1,0,29.78,162.42,1,6,0,10,10.0,0.0,0,0
7dc35884,Shakib Al Hasan,Kolkata Knight Riders,2014,13,11,227,152,60,4,22,7,1,0,32.43,149.34,13,300,11,334,6.68,30.36,2,0
271f83cd,SA Yadav,Kolkata Knight Riders,2014,11,10,164,117,34,5,16,5,0,0,32.8,140.17,1,6,0,8,8.0,0.0,0,0
48fd7349,MEK Hussey,Mumbai Indians,2014,9,9,209,182,56,0,17,7,2,0,23.22,114.84,0,0,0,0,0.0,0.0,0,0
41eb4a4f,R Vinay Kumar,Kolkata Knight Riders,2014,9,2,4,6,4,0,0,0,0,0,2.0,66.67,9,192,7,281,8.78,40.14,2,0
855a210c,AP Tare,Mumbai Indians,2014,11,11,126,98,24,3,16,3,0,0,15.75,128.57,0,0,0,0,0.0,0.0,0,0
5bb5a915,M Morkel,Kolkata Knight Riders,2014,12,1,4,3,4,1,0,0,0,0,0.0,133.33,12,288,12,367,7.65,30.58,2,0
9d430b40,SP Narine,Kolkata Knight Riders,2014,16,4,10,14,6,3,0,0,0,0,10.0,71.43,16,384,21,407,6.36,19.38,4,0
70d205c9,AT Rayudu,Mumbai Indians,2014,14,14,361,287,68,0,31,8,2,0,25.79,125.78,0,0,0,0,0.0,0.0,0,0
740742ef,RG Sharma,Mumbai Indians,2014,15,15,390,302,59,2,31,16,3,0,30.0,129.14,2,18,1,26,8.67,26.0,1,0
98ae73b1,PP Chawla,Kolkata Knight Riders,2014,11,5,31,19,17,2,4,1,0,0,10.33,163.16,11,237,14,303,7.67,21.64,3,0
30a2649b,CM Gautam,Mumbai Indians,2014,9,9,121,111,33,2,13,5,0,0,17.29,109.01,0,0,0,0,0.0,0.0,0,0
00ea847a,MA Agarwal,Delhi Capitals,2014,8,8,115,91,31,0,12,3,0,0,14.38,126.37,0,0,0,0,0.0,0.0,0,0
3fb19989,MA Starc,Royal Challengers Bengaluru,2014,14,8,85,84,29,2,9,0,0,0,14.17,101.19,14,322,14,402,7.49,28.71,2,0
4b57e452,M Vijay,Delhi Capitals,2014,11,11,207,192,52,0,20,5,1,0,18.82,107.81,1,6,0,13,13.0,0.0,0,0
c3d35165,JA Morkel,Royal Challengers Bengaluru,2014,7,5,45,41,16,2,1,3,0,0,15.0,109.76,6,96,4,126,7.88,31.5,1,0
c03f1114,KD Karthik,Delhi Capitals,2014,14,14,325,258,69,0,28,11,3,0,23.21,125.97,0,0,0,0,0.0,0.0,0,0
26e5cabf,MK Tiwary,Delhi Capitals,2014,8,8,152,118,61,3,14,4,1,0,30.4,128.81,1,12,0,28,14.0,0.0,0,0
0a3d54b9,VR Aaron,Royal Challengers Bengaluru,2014,10,3,35,34,17,3,2,1,0,0,0.0,102.94,10,220,16,299,8.15,18.69,3,0
2e8994e7,JP Duminy,Delhi Capitals,2014,14,14,410,305,67,6,22,20,2,0,51.25,134.43,11,198,3,240,7.27,80.0,2,0
57ee1fde,YS Chahal,Royal Challengers Bengaluru,2014,14,1,1,1,1,1,0,0,0,0,0.0,100.0,14,330,12,386,7.02,32.17,2,0
b61a3e1a,LRPL Taylor,Delhi Capitals,2014,4,4,59,59,43,1,6,0,0,0,19.67,100.0,0,0,0,0,0.0,0.0,0,0
66b30f71,AB Dinda,Royal Challengers Bengaluru,2014,9,3,4,12,2,2,0,0,0,0,4.0,33.33,9,186,5,270,8.71,54.0,1,0
1c914163,Yuvraj Singh,Royal Challengers Bengaluru,2014,14,14,376,278,83,3,22,28,3,0,34.18,135.25,10,136,5,187,8.25,37.4,4,0
b5da6c24,PA Patel,Royal Challengers Bengaluru,2014,12,12,205,185,57,2,30,1,1,0,20.5,110.81,0,0,0,0,0.0,0.0,0,0
44afbf2d,NJ Maddinson,Royal Challengers Bengaluru,2014,2,2,16,14,12,0,3,0,0,0,8.0,114.29,0,0,0,0,0.0,0.0,0,0
8cf9814c,Mohammed Shami,Delhi Capitals,2014,12,4,3,7,1,2,0,0,0,0,1.5,42.86,12,264,7,369,8.39,52.71,1,0
ba607b88,V Kohli,Royal Challengers Bengaluru,2014,14,14,359,294,73,1,23,16,2,0,27.62,122.11,0,0,0,0,0.0,0.0,0,0
3a60e0b5,WD Parnell,Delhi Capitals,2014,8,1,2,2,2,0,0,0,0,0,2.0,100.0,8,181,6,223,7.39,37.17,2,0
9d80c5e1,S Nadeem,Delhi Capitals,2014,11,3,7,19,3,1,0,0,0,0,3.5,36.84,11,228,8,311,8.18,38.88,2,0
5d9a1a73,R Sharma,Delhi Capitals,2014,2,0,0,0,0,0,0,0,0,0,0.0,0.0,2,36,1,65,10.83,65.0,1,0
9219eff0,JDS Neesham,Delhi Capitals,2014,4,3,42,46,22,0,3,1,0,0,14.0,91.3,4,54,1,91,10.11,91.0,1,0
35205dfc,DR Smith,Chennai Super Kings,2014,16,16,566,416,79,0,50,34,5,0,35.38,136.06,5,60,4,95,9.5,23.75,1,0
2e171977,AR Patel,Punjab Kings,2014,17,7,62,60,42,1,6,1,0,0,10.33,103.33,17,396,17,405,6.14,23.82,3,0
b8a55852,BB McCullum,Chennai Super Kings,2014,14,14,405,333,71,1,32,19,3,0,31.15,121.62,0,0,0,0,0.0,0.0,0,0
1a0c3177,P Awana,Punjab Kings,2014,7,0,0,0,0,0,0,0,0,0,0.0,0.0,7,141,7,245,10.43,35.0,2,0
f5180fe6,MG Johnson,Punjab Kings,2014,14,8,56,50,16,5,4,3,0,0,18.67,112.0,14,321,17,444,8.3,26.12,2,0
b2b50355,L Balaji,Punjab Kings,2014,9,2,1,3,1,1,0,0,0,0,1.0,33.33,9,204,12,299,8.79,24.92,4,0
26a85969,R Dhawan,Punjab Kings,2014,13,6,82,75,23,4,8,1,0,0,41.0,109.33,13,284,13,365,7.71,28.08,2,0
b681e71e,GJ Maxwell,Punjab Kings,2014,16,16,552,294,95,0,48,36,4,0,34.5,187.76,7,66,1,132,12.0,132.0,1,0
1dc12ab9,SK Raina,Chennai Super Kings,2014,16,16,523,359,87,3,51,19,5,0,40.23,145.68,8,108,1,134,7.44,134.0,1,0
4a8a2e3b,MS Dhoni,Chennai Super Kings,2014,15,15,371,250,57,10,22,20,1,0,74.2,148.4,0,0,0,0,0.0,0.0,0,0
87e562a9,DJ Bravo,Chennai Super Kings,2014,1,1,8,3,8,1,0,1,0,0,0.0,266.67,0,0,0,0,0.0,0.0,0,0
d4f9dbd4,CA Pujara,Punjab Kings,2014,6,6,125,124,40,1,17,0,0,0,25.0,100.81,0,0,0,0,0.0,0.0,0,0
96fd40ae,A Nehra,Chennai Super Kings,2014,4,0,0,0,0,0,0,0,0,0,0.0,0.0,4,90,8,142,9.47,17.75,3,0
8ba8195d,V Sehwag,Punjab Kings,2014,17,17,455,315,122,0,56,18,1,1,26.76,144.44,0,0,0,0,0.0,0.0,0,0
759ac88f,MM Sharma,Chennai Super Kings,2014,16,1,1,3,1,1,0,0,0,0,0.0,33.33,16,323,23,452,8.4,19.65,4,0
495d42a5,R Ashwin,Chennai Super Kings,2014,16,5,45,45,14,2,4,0,0,0,15.0,100.0,16,359,16,437,7.3,27.31,3,0
d67d5f00,DA Miller,Punjab Kings,2014,16,16,446,299,66,6,34,21,3,0,44.6,149.16,0,0,0,0,0.0,0.0,0,0
f62772e5,P Negi,Chennai Super Kings,2014,2,0,0,0,0,0,0,0,0,0,0.0,0.0,2,42,0,75,10.71,0.0,0,0
fe93fd9d,RA Jadeja,Chennai Super Kings,2014,16,10,146,110,36,5,9,5,0,0,29.2,132.73,16,326,19,443,8.15,23.32,4,0
5056011d,GJ Bailey,Punjab Kings,2014,16,16,257,190,40,7,19,10,0,0,28.56,135.26,0,0,0,0,0.0,0.0,0,0
b8d490fd,AJ Finch,Sunrisers Hyderabad,2014,13,13,309,263,88,2,31,9,2,0,28.09,117.49,0,0,0,0,0.0,0.0,0,0
d2a989fc,DS Kulkarni,Rajasthan Royals,2014,8,2,35,25,28,2,1,2,0,0,0.0,140.0,8,162,6,221,8.19,36.83,2,0
dcce6f09,DA Warner,Sunrisers Hyderabad,2014,14,14,528,375,90,3,39,24,6,0,48.0,140.8,0,0,0,0,0.0,0.0,0,0
0a476045,S Dhawan,Sunrisers Hyderabad,2014,14,14,377,319,64,1,49,7,2,0,29.0,118.18,0,0,0,0,0.0,0.0,0,0
dfc4d8b5,KW Richardson,Rajasthan Royals,2014,7,1,1,2,1,0,0,0,0,0,1.0,50.0,7,162,9,206,7.63,22.89,2,0
808f425a,JP Faulkner,Rajasthan Royals,2014,13,12,181,94,41,8,8,16,0,0,45.25,192.55,13,258,11,419,9.74,38.09,3,0
6aed7e79,PV Tambe,Rajasthan Royals,2014,13,2,5,9,3,0,0,0,0,0,2.5,55.56,13,294,15,356,7.27,23.73,4,0
33a364a6,R Bhatia,Rajasthan Royals,2014,12,7,67,53,23,2,4,3,0,0,13.4,126.42,12,228,12,283,7.45,23.58,3,0
bd17b45f,STR Binny,Rajasthan Royals,2014,13,11,123,121,48,1,4,5,0,0,12.3,101.65,8,54,3,64,7.11,21.33,1,0
b17e2f24,KL Rahul,Sunrisers Hyderabad,2014,8,8,166,164,46,0,12,3,0,0,20.75,101.22,0,0,0,0,0.0,0.0,0,0
c03c6200,DJG Sammy,Sunrisers Hyderabad,2014,10,9,108,91,29,2,4,8,0,0,15.43,118.68,8,84,3,157,11.21,52.33,1,0
fe763256,Y Venugopal Rao,Sunrisers Hyderabad,2014,7,5,71,63,27,2,8,0,0,0,23.67,112.7,2,12,0,16,8.0,0.0,0,0
119678fd,KV Sharma,Sunrisers Hyderabad,2014,14,8,42,29,17,4,1,3,0,0,10.5,144.83,14,304,15,376,7.42,25.07,4,0
a45a5e8d,AM Nayar,Rajasthan Royals,2014,4,4,43,47,23,1,5,1,0,0,14.33,91.49,0,0,0,0,0.0,0.0,0,0
8fd1a8f5,DW Steyn,Sunrisers Hyderabad,2014,14,3,22,26,12,0,1,0,0,0,7.33,84.62,14,336,11,431,7.7,39.18,2,0
a4cc73aa,SV Samson,Rajasthan Royals,2014,13,13,339,273,74,0,25,17,2,0,26.08,124.18,0,0,0,0,0.0,0.0,0,0
29e95537,AM Rahane,Rajasthan Royals,2014,12,12,339,291,72,0,38,3,3,0,28.25,116.49,0,0,0,0,0.0,0.0,0,0
2e81a32d,B Kumar,Sunrisers Hyderabad,2014,14,2,1,4,1,1,0,0,0,0,1.0,25.0,14,319,20,354,6.66,17.7,4,0
4329fbb5,SR Watson,Rajasthan Royals,2014,13,13,240,196,51,1,19,14,2,0,20.0,122.45,9,126,7,165,7.86,23.57,3,0
5bb1a1c4,I Sharma,Sunrisers Hyderabad,2014,3,0,0,0,0,0,0,0,0,0,0.0,0.0,3,66,3,101,9.18,33.67,2,0
6b19d823,A Mishra,Sunrisers Hyderabad,2014,10,2,4,7,4,1,0,0,0,0,4.0,57.14,10,225,7,340,9.07,48.57,2,0
b57f8a9a,BJ Hodge,Rajasthan Royals,2014,4,4,101,72,40,1,4,6,0,0,33.67,140.28,0,0,0,0,0.0,0.0,0,0
462411b3,JJ Bumrah,Mumbai Indians,2014,11,2,1,3,1,2,0,0,0,0,0.0,33.33,11,238,5,301,7.59,60.2,2,0
c4487b84,AB de Villiers,Royal Challengers Bengaluru,2014,13,13,395,249,89,2,26,24,3,0,35.91,158.63,0,0,0,0,0.0,0.0,0,0
56ab442f,NM Coulter-Nile,Delhi Capitals,2014,1,0,0,0,0,0,0,0,0,0,0.0,0.0,1,24,2,27,6.75,13.5,2,0
1e66c162,JD Unadkat,Delhi Capitals,2014,9,2,1,6,1,1,0,0,0,0,1.0,16.67,9,187,9,270,8.66,30.0,3,0
abfeb126,M Kartik,Punjab Kings,2014,2,0,0,0,0,0,0,0,0,0,0.0,0.0,2,48,1,91,11.38,91.0,1,0
30a45b23,SPD Smith,Rajasthan Royals,2014,7,7,147,110,48,3,13,4,0,0,36.75,133.64,0,0,0,0,0.0,0.0,0,0
fe11caa6,WP Saha,Punjab Kings,2014,13,13,362,249,115,2,33,18,2,1,32.91,145.38,0,0,0,0,0.0,0.0,0,0
3355b542,F du Plessis,Chennai Super Kings,2014,12,12,303,235,54,1,26,7,2,0,27.55,128.94,0,0,0,0,0.0,0.0,0,0
c42aaf71,M Manhas,Chennai Super Kings,2014,5,5,35,23,13,3,3,1,0,0,17.5,152.17,0,0,0,0,0.0,0.0,0,0
e0407c01,IC Pandey,Chennai Super Kings,2014,12,0,0,0,0,0,0,0,0,0,0.0,0.0,12,252,6,318,7.57,53.0,2,0
f3171936,BW Hilfenhaus,Chennai Super Kings,2014,8,0,0,0,0,0,0,0,0,0,0.0,0.0,8,168,8,246,8.79,30.75,2,0
5fa06777,IK Pathan,Sunrisers Hyderabad,2014,10,6,55,54,23,4,5,0,0,0,27.5,101.85,10,142,4,205,8.66,51.25,2,0
ce820073,Sandeep Sharma,Punjab Kings,2014,11,1,2,5,2,1,0,0,0,0,0.0,40.0,11,241,18,354,8.81,19.67,3,0
13c35c9e,TG Southee,Rajasthan Royals,2014,3,1,4,4,4,0,1,0,0,0,4.0,100.0,3,60,0,76,7.6,0.0,0,0
45eda7c8,CA Lynn,Kolkata Knight Riders,2014,2,2,58,49,45,0,5,3,0,0,29.0,118.37,0,0,0,0,0.0,0.0,0,0
4ba44e19,M Muralitharan,Royal Challengers Bengaluru,2014,5,0,0,0,0,0,0,0,0,0,0.0,0.0,5,96,3,124,7.75,41.33,2,0
cc1e8c68,UT Yadav,Kolkata Knight Riders,2014,12,1,2,4,2,0,0,0,0,0,2.0,50.0,12,270,11,367,8.16,33.36,3,0
4e04666c,YV Takawale,Royal Challengers Bengaluru,2014,5,5,104,91,45,0,17,1,0,0,20.8,114.29,0,0,0,0,0.0,0.0,0,0
b1451597,LR Shukla,Delhi Capitals,2014,5,3,31,38,21,0,2,1,0,0,10.33,81.58,5,56,1,83,8.89,83.0,1,0
372455c4,Q de Kock,Delhi Capitals,2014,7,7,153,130,48,0,19,4,0,0,21.86,117.69,0,0,0,0,0.0,0.0,0,0
39f01cdb,KP Pietersen,Delhi Capitals,2014,11,11,294,233,58,1,34,7,1,0,29.4,126.18,0,0,0,0,0.0,0.0,0,0
90edaaa9,S Rana,Royal Challengers Bengaluru,2014,7,7,73,65,19,4,7,1,0,0,24.33,112.31,2,12,0,16,8.0,0.0,0,0
d68e7f48,R Rampaul,Royal Challengers Bengaluru,2014,2,1,13,13,13,0,0,1,0,0,13.0,100.0,2,36,1,37,6.17,37.0,1,0
944533a5,KK Nair,Rajasthan Royals,2014,11,11,330,232,73,1,38,9,3,0,33.0,142.24,0,0,0,0,0.0,0.0,0,0
99d63244,KM Jadhav,Delhi Capitals,2014,10,10,149,101,37,5,13,7,0,0,29.8,147.52,0,0,0,0,0.0,0.0,0,0
db584dad,CH Gayle,Royal Challengers Bengaluru,2014,9,9,196,184,46,0,18,12,0,0,21.78,106.52,0,0,0,0,0.0,0.0,0,0
5afd4539,MS Bisla,Kolkata Knight Riders,2014,1,1,3,9,3,0,0,0,0,0,3.0,33.33,0,0,0,0,0.0,0.0,0,0
85aae393,Iqbal Abdulla,Rajasthan Royals,2014,1,0,0,0,0,0,0,0,0,0,0.0,0.0,1,12,0,17,8.5,0.0,0,0
890946a0,NV Ojha,Sunrisers Hyderabad,2014,10,10,232,161,79,4,14,17,1,0,38.67,144.1,0,0,0,0,0.0,0.0,0,0
272d796e,BR Dunk,Mumbai Indians,2014,3,3,40,35,20,0,7,0,0,0,13.33,114.29,0,0,0,0,0.0,0.0,0,0
bbd41817,AD Russell,Kolkata Knight Riders,2014,2,2,2,8,1,0,0,0,0,0,1.0,25.0,2,30,1,52,10.4,52.0,1,0
f986ca1a,HV Patel,Royal Challengers Bengaluru,2014,3,3,13,7,6,1,1,1,0,0,6.5,185.71,3,66,4,113,10.27,28.25,2,0
cad00a4d,RR Rossouw,Royal Challengers Bengaluru,2014,3,3,39,41,24,0,2,2,0,0,13.0,95.12,0,0,0,0,0.0,0.0,0,0
4ec07775,RN ten Doeschate,Kolkata Knight Riders,2014,7,6,52,33,25,2,3,4,0,0,13.0,157.58,4,30,1,35,7.0,35.0,1,0
39a2dfa8,R Tewatia,Rajasthan Royals,2014,3,1,16,13,16,0,0,1,0,0,16.0,123.08,3,54,2,59,6.56,29.5,1,0
cedc1d9a,P Suyal,Mumbai Indians,2014,1,0,0,0,0,0,0,0,0,0,0.0,0.0,1,18,1,35,11.67,35.0,1,0
dcf81436,S Kaul,Delhi Capitals,2014,5,1,2,2,2,1,0,0,0,0,0.0,100.0,5,78,2,126,9.69,63.0,1,0
c3a96caf,Mandeep Singh,Punjab Kings,2014,3,3,24,26,21,0,2,0,0,0,8.0,92.31,0,0,0,0,0.0,0.0,0,0
32198ae0,MC Henriques,Sunrisers Hyderabad,2014,4,2,9,14,9,0,1,0,0,0,4.5,64.29,4,60,4,96,9.6,24.0,2,0
6f49cc6e,Shivam Sharma,Punjab Kings,2014,4,2,5,3,4,1,1,0,0,0,5.0,166.67,4,96,3,121,7.56,40.33,2,0
de4b0555,R Shukla,Delhi Capitals,2014,3,3,18,21,14,2,2,0,0,0,18.0,85.71,3,54,2,98,10.89,49.0,1,0
acee4cc4,Imran Tahir,Delhi Capitals,2014,6,2,8,10,4,0,2,0,0,0,4.0,80.0,6,125,9,171,8.21,19.0,3,0
89f64c19,LMP Simmons,Mumbai Indians,2014,8,8,394,291,100,1,43,14,3,1,56.29,135.4,1,18,1,34,11.33,34.0,1,0
76388dc8,S Badree,Chennai Super Kings,2014,4,0,0,0,0,0,0,0,0,0,0.0,0.0,4,84,2,97,6.93,48.5,1,0
e938e1bc,P Kumar,Mumbai Indians,2014,3,1,1,2,1,0,0,0,0,0,1.0,50.0,3,72,3,78,6.5,26.0,2,0
6dbcf855,VH Zol,Royal Challengers Bengaluru,2014,2,2,29,26,16,0,3,1,0,0,14.5,111.54,0,0,0,0,0.0,0.0,0,0
24d94623,Ankit Sharma,Rajasthan Royals,2014,2,2,34,30,30,0,4,1,0,0,17.0,113.33,2,48,4,43,5.38,10.75,2,0
0994d0ae,V Shankar,Chennai Super Kings,2014,1,0,0,0,0,0,0,0,0,0,0.0,0.0,1,6,0,19,19.0,0.0,0,0
063b3673,DH Yagnik,Rajasthan Royals,2014,1,1,4,6,4,1,0,0,0,0,0.0,66.67,0,0,0,0,0.0,0.0,0,0
557153ca,KK Cooper,Rajasthan Royals,2014,5,3,39,26,32,0,2,3,0,0,13.0,150.0,5,108,4,134,7.44,33.5,2,0
2af1b6d2,AN Ahmed,Royal Challengers Bengaluru,2014,4,1,4,1,4,1,1,0,0,0,0.0,400.0,4,86,3,113,7.88,37.67,1,0
c03e2850,M Vohra,Punjab Kings,2014,8,8,324,233,67,0,27,16,1,0,40.5,139.06,0,0,0,0,0.0,0.0,0,0
2e11c706,BCJ Cutting,Rajasthan Royals,2014,1,1,8,6,8,0,0,1,0,0,8.0,133.33,1,24,1,31,7.75,31.0,1,0
fd835ab3,DJ Hussey,Chennai Super Kings,2014,4,4,116,94,50,2,8,6,1,0,58.0,123.4,1,17,2,38,13.41,19.0,2,0
0c94f480,UBT Chand,Rajasthan Royals,2014,1,1,2,9,2,0,0,0,0,0,2.0,22.22,0,0,0,0,0.0,0.0,0,0
531f0278,K Santokie,Mumbai Indians,2014,2,0,0,0,0,0,0,0,0,0,0.0,0.0,2,48,3,90,11.25,30.0,2,0
7a8bd078,S Gopal,Mumbai Indians,2014,4,1,11,10,11,0,1,0,0,0,11.0,110.0,4,84,6,113,8.07,18.83,2,0
b56dc5f7,BE Hendricks,Punjab Kings,2014,3,1,0,1,0,0,0,0,0,0,0.0,0.0,3,72,4,126,10.5,31.5,3,0
9170ff49,Parvez Rasool,Sunrisers Hyderabad,2014,3,0,0,0,0,0,0,0,0,0,0.0,0.0,3,54,1,83,9.22,83.0,1,0
ded9240e,PJ Cummins,Kolkata Knight Riders,2014,1,0,0,0,0,0,0,0,0,0,0.0,0.0,1,24,1,29,7.25,29.0,1,0
508a1ea7,SE Marsh,Punjab Kings,2014,2,2,70,52,40,0,7,3,0,0,35.0,134.62,0,0,0,0,0.0,0.0,0,0
012829ff,JW Hastings,Chennai Super Kings,2014,1,0,0,0,0,0,0,0,0,0,0.0,0.0,1,18,1,29,9.67,29.0,1,0
d4eef961,M de Lange,Mumbai Indians,2014,1,1,1,2,1,0,0,0,0,0,1.0,50.0,1,24,2,32,8.0,16.0,2,0
5f26df4f,VS Malik,Rajasthan Royals,2014,1,1,1,2,1,1,0,0,0,0,0.0,50.0,1,18,1,29,9.67,29.0,1,0
1647bd37,Karanveer Singh,Punjab Kings,2014,5,1,1,1,1,1,0,0,0,0,0.0,100.0,5,120,11,164,8.2,14.91,4,0
c8179c68,SB Jakati,Royal Challengers Bengaluru,2014,1,0,0,0,0,0,0,0,0,0,0.0,0.0,1,22,0,41,11.18,0.0,0,0
95a2ea61,S Anirudha,Sunrisers Hyderabad,2014,1,1,3,5,3,0,0,0,0,0,3.0,60.0,0,0,0,0,0.0,0.0,0,0
0f721006,JO Holder,Sunrisers Hyderabad,2014,1,1,16,12,16,0,2,1,0,0,16.0,133.33,1,18,1,35,11.67,35.0,1,0
740742ef,RG Sharma,Mumbai Indians,2015,16,16,482,333,98,2,41,21,3,0,34.43,144.74,0,0,0,0,0.0,0.0,0,0
cc1e8c68,UT Yadav,Kolkata Knight Riders,2015,12,3,29,14,24,2,5,1,0,0,29.0,207.14,12,252,10,382,9.1,38.2,3,0
b8d490fd,AJ Finch,Mumbai Indians,2015,3,3,23,33,10,0,4,0,0,0,7.67,69.7,0,0,0,0,0.0,0.0,0,0
5bb5a915,M Morkel,Kolkata Knight Riders,2015,7,1,4,3,4,1,0,0,0,0,0.0,133.33,7,168,10,206,7.36,20.6,2,0
855a210c,AP Tare,Mumbai Indians,2015,2,2,14,17,7,0,1,0,0,0,7.0,82.35,0,0,0,0,0.0,0.0,0,0
7dc35884,Shakib Al Hasan,Kolkata Knight Riders,2015,4,3,36,27,23,0,5,0,0,0,12.0,133.33,4,84,4,123,8.79,30.75,2,0
70d205c9,AT Rayudu,Mumbai Indians,2015,14,14,281,193,53,5,18,16,1,0,31.22,145.6,0,0,0,0,0.0,0.0,0,0
8abdf100,CJ Anderson,Mumbai Indians,2015,4,4,114,97,55,1,11,6,2,0,38.0,117.53,2,24,1,33,8.25,33.0,1,0
9d430b40,SP Narine,Kolkata Knight Riders,2015,8,1,0,1,0,1,0,0,0,0,0.0,0.0,8,192,7,234,7.31,33.43,4,0
bbd41817,AD Russell,Kolkata Knight Riders,2015,13,11,326,169,66,2,35,19,3,0,36.22,192.9,13,244,14,324,7.97,23.14,3,0
98ae73b1,PP Chawla,Kolkata Knight Riders,2015,13,7,54,47,22,3,5,2,0,0,13.5,114.89,13,210,11,269,7.69,24.45,4,0
1c17e270,RV Uthappa,Kolkata Knight Riders,2015,13,13,364,277,80,1,42,7,1,0,30.33,131.41,0,0,0,0,0.0,0.0,0,0
a12e1d51,SL Malinga,Mumbai Indians,2015,15,1,6,10,6,1,1,0,0,0,0.0,60.0,15,360,24,444,7.4,18.5,4,0
bb345e0b,G Gambhir,Kolkata Knight Riders,2015,13,13,327,278,60,0,41,4,3,0,25.15,117.63,0,0,0,0,0.0,0.0,0,0
41eb4a4f,R Vinay Kumar,Mumbai Indians,2015,13,2,0,2,0,1,0,0,0,0,0.0,0.0,13,261,7,368,8.46,52.57,2,0
93b4fc78,MK Pandey,Kolkata Knight Riders,2015,12,12,225,184,40,1,22,7,0,0,20.45,122.28,0,0,0,0,0.0,0.0,0,0
462411b3,JJ Bumrah,Mumbai Indians,2015,4,0,0,0,0,0,0,0,0,0,0.0,0.0,4,90,3,184,12.27,61.33,1,0
6c6591ab,PP Ojha,Mumbai Indians,2015,1,0,0,0,0,0,0,0,0,0,0.0,0.0,1,12,0,23,11.5,0.0,0,0
8b5b6769,Harbhajan Singh,Mumbai Indians,2015,15,9,117,73,64,2,9,9,1,0,16.71,160.27,15,342,18,446,7.82,24.78,3,0
271f83cd,SA Yadav,Kolkata Knight Riders,2015,13,13,157,113,46,4,12,8,0,0,17.44,138.94,0,0,0,0,0.0,0.0,0,0
3c6ffae8,YK Pathan,Kolkata Knight Riders,2015,13,12,312,231,52,5,29,12,1,0,44.57,135.06,5,60,2,97,9.7,48.5,2,0
35205dfc,DR Smith,Chennai Super Kings,2015,16,16,399,335,62,0,52,16,2,0,24.94,119.1,1,12,1,17,8.5,17.0,1,0
c3d35165,JA Morkel,Delhi Capitals,2015,4,3,86,65,73,2,9,2,1,0,86.0,132.31,4,72,3,109,9.08,36.33,2,0
b8a55852,BB McCullum,Chennai Super Kings,2015,14,14,436,280,100,1,51,23,2,1,33.54,155.71,0,0,0,0,0.0,0.0,0,0
56ab442f,NM Coulter-Nile,Delhi Capitals,2015,11,5,20,18,6,1,2,1,0,0,5.0,111.11,11,255,15,321,7.55,21.4,4,0
1dc12ab9,SK Raina,Chennai Super Kings,2015,17,17,374,305,62,2,31,16,2,0,24.93,122.62,5,72,2,93,7.75,46.5,1,0
2c76b512,DJ Muthuswami,Delhi Capitals,2015,6,1,1,3,1,0,0,0,0,0,1.0,33.33,6,84,4,101,7.21,25.25,2,0
3355b542,F du Plessis,Chennai Super Kings,2015,15,15,380,304,55,2,37,5,1,0,29.23,125.0,0,0,0,0,0.0,0.0,0,0
acee4cc4,Imran Tahir,Delhi Capitals,2015,10,2,5,6,3,1,0,0,0,0,5.0,83.33,10,213,15,314,8.85,20.93,4,0
6b19d823,A Mishra,Delhi Capitals,2015,12,4,8,12,4,2,0,0,0,0,4.0,66.67,12,241,9,310,7.72,34.44,2,0
fe93fd9d,RA Jadeja,Chennai Super Kings,2015,17,11,132,126,24,4,7,3,0,0,18.86,104.76,15,256,11,330,7.73,30.0,4,0
2e8994e7,JP Duminy,Delhi Capitals,2015,14,13,414,315,78,3,27,20,4,0,41.4,131.43,9,102,8,126,7.41,15.75,4,0
4a8a2e3b,MS Dhoni,Chennai Super Kings,2015,17,17,372,305,53,5,27,17,1,0,31.0,121.97,0,0,0,0,0.0,0.0,0,0
87e562a9,DJ Bravo,Chennai Super Kings,2015,17,13,195,148,62,4,22,5,1,0,21.67,131.76,16,314,26,426,8.14,16.38,3,0
495d42a5,R Ashwin,Chennai Super Kings,2015,13,6,52,32,23,3,6,1,0,0,17.33,162.5,13,234,10,228,5.85,22.8,2,0
759ac88f,MM Sharma,Chennai Super Kings,2015,16,5,28,18,21,3,1,2,0,0,14.0,155.56,16,342,14,481,8.44,34.36,3,0
00ea847a,MA Agarwal,Delhi Capitals,2015,10,10,213,177,68,1,23,7,2,0,23.67,120.34,0,0,0,0,0.0,0.0,0,0
96fd40ae,A Nehra,Chennai Super Kings,2015,16,4,1,7,1,3,0,0,0,0,1.0,14.29,16,372,22,449,7.24,20.41,4,0
30a2649b,CM Gautam,Delhi Capitals,2015,1,1,4,5,4,0,0,0,0,0,4.0,80.0,0,0,0,0,0.0,0.0,0,0
85ec8e33,SS Iyer,Delhi Capitals,2015,14,14,439,342,83,1,41,21,4,0,33.77,128.36,0,0,0,0,0.0,0.0,0,0
99d63244,KM Jadhav,Delhi Capitals,2015,12,12,189,140,63,4,16,7,1,0,23.62,135.0,0,0,0,0,0.0,0.0,0,0
e0407c01,IC Pandey,Chennai Super Kings,2015,10,0,0,0,0,0,0,0,0,0,0.0,0.0,10,186,11,223,7.19,20.27,2,0
1c914163,Yuvraj Singh,Delhi Capitals,2015,13,13,248,210,57,0,23,10,2,0,19.08,118.1,6,54,1,72,8.0,72.0,1,0
29e95537,AM Rahane,Rajasthan Royals,2015,13,13,540,413,91,2,53,13,4,0,49.09,130.75,0,0,0,0,0.0,0.0,0,0
ce820073,Sandeep Sharma,Punjab Kings,2015,14,3,9,14,7,2,1,0,0,0,9.0,64.29,14,300,13,350,7.0,26.92,4,0
a4cc73aa,SV Samson,Rajasthan Royals,2015,11,11,204,163,76,1,16,8,1,0,20.4,125.15,0,0,0,0,0.0,0.0,0,0
69be866a,Anureet Singh,Punjab Kings,2015,14,6,18,31,10,3,0,1,0,0,6.0,58.06,14,310,15,465,9.0,31.0,3,0
30a45b23,SPD Smith,Rajasthan Royals,2015,12,12,293,221,79,1,33,3,2,0,26.64,132.58,0,0,0,0,0.0,0.0,0,0
944533a5,KK Nair,Rajasthan Royals,2015,12,12,181,145,61,1,18,5,1,0,16.45,124.83,0,0,0,0,0.0,0.0,0,0
2e171977,AR Patel,Punjab Kings,2015,14,12,206,174,40,3,13,8,0,0,22.89,118.39,14,280,13,392,8.4,30.15,2,0
bd17b45f,STR Binny,Rajasthan Royals,2015,13,8,74,66,20,4,7,1,0,0,18.5,112.12,10,114,4,140,7.37,35.0,2,0
1647bd37,Karanveer Singh,Punjab Kings,2015,4,3,11,16,5,2,1,0,0,0,11.0,68.75,4,84,1,157,11.21,157.0,1,0
f5180fe6,MG Johnson,Punjab Kings,2015,9,8,31,36,13,4,1,1,0,0,7.75,86.11,9,215,9,336,9.38,37.33,2,0
808f425a,JP Faulkner,Rajasthan Royals,2015,13,11,144,109,46,3,12,5,0,0,18.0,132.11,13,270,8,426,9.47,53.25,3,0
73ad96ed,DJ Hooda,Rajasthan Royals,2015,11,9,151,95,54,0,6,11,1,0,16.78,158.95,7,91,1,129,8.51,129.0,1,0
fb66ce1f,CH Morris,Rajasthan Royals,2015,11,7,76,46,34,5,3,5,0,0,38.0,165.22,11,252,13,311,7.4,23.92,4,0
8ba8195d,V Sehwag,Punjab Kings,2015,8,8,99,84,47,0,12,3,0,0,12.38,117.86,0,0,0,0,0.0,0.0,0,0
13c35c9e,TG Southee,Rajasthan Royals,2015,7,2,13,9,7,1,1,0,0,0,13.0,144.44,7,168,6,247,8.82,41.17,2,0
fe11caa6,WP Saha,Punjab Kings,2015,13,13,249,197,42,0,16,10,0,0,19.15,126.4,0,0,0,0,0.0,0.0,0,0
4b57e452,M Vijay,Punjab Kings,2015,11,11,251,228,39,0,27,8,0,0,22.82,110.09,2,24,0,28,7.0,0.0,0,0
d2a989fc,DS Kulkarni,Rajasthan Royals,2015,11,2,4,11,3,0,0,0,0,0,2.0,36.36,11,210,13,277,7.91,21.31,2,0
b681e71e,GJ Maxwell,Punjab Kings,2015,11,11,145,112,43,0,13,8,0,0,13.18,129.46,7,60,2,97,9.7,48.5,1,0
6aed7e79,PV Tambe,Rajasthan Royals,2015,10,2,3,5,2,2,0,0,0,0,0.0,60.0,10,204,7,266,7.82,38.0,2,0
d67d5f00,DA Miller,Punjab Kings,2015,13,13,357,266,89,2,21,21,2,0,32.45,134.21,0,0,0,0,0.0,0.0,0,0
5056011d,GJ Bailey,Punjab Kings,2015,12,12,259,190,61,1,22,7,2,0,23.55,136.32,0,0,0,0,0.0,0.0,0,0
2e81a32d,B Kumar,Sunrisers Hyderabad,2015,14,3,17,10,11,2,2,1,0,0,17.0,170.0,14,310,18,407,7.88,22.61,3,0
a818c1be,TA Boult,Sunrisers Hyderabad,2015,7,0,0,0,0,0,0,0,0,0,0.0,0.0,7,168,9,236,8.43,26.22,3,0
5bb1a1c4,I Sharma,Sunrisers Hyderabad,2015,4,0,0,0,0,0,0,0,0,0,0.0,0.0,4,84,1,159,11.36,159.0,1,0
119678fd,KV Sharma,Sunrisers Hyderabad,2015,14,9,104,85,32,3,3,6,0,0,17.33,122.35,14,239,10,332,8.33,33.2,2,0
7ca5e05d,RS Bopara,Sunrisers Hyderabad,2015,9,8,145,120,41,3,6,6,0,0,29.0,120.83,7,120,6,160,8.0,26.67,2,0
9170ff49,Parvez Rasool,Sunrisers Hyderabad,2015,2,1,2,2,2,1,0,0,0,0,0.0,100.0,2,30,1,31,6.2,31.0,1,0
dcce6f09,DA Warner,Sunrisers Hyderabad,2015,14,14,562,359,91,1,65,21,7,0,43.23,156.55,0,0,0,0,0.0,0.0,0,0
0a476045,S Dhawan,Sunrisers Hyderabad,2015,14,14,353,286,54,1,45,6,3,0,27.15,123.43,0,0,0,0,0.0,0.0,0,0
b17e2f24,KL Rahul,Sunrisers Hyderabad,2015,8,8,142,126,44,3,8,5,0,0,28.4,112.7,0,0,0,0,0.0,0.0,0,0
890946a0,NV Ojha,Sunrisers Hyderabad,2015,11,11,137,121,28,1,12,4,0,0,13.7,113.22,0,0,0,0,0.0,0.0,0,0
d027ba9f,KS Williamson,Sunrisers Hyderabad,2015,2,2,31,27,26,1,1,1,0,0,31.0,114.81,0,0,0,0,0.0,0.0,0,0
1a2676c5,SA Abbott,Royal Challengers Bengaluru,2015,2,2,15,13,14,0,1,1,0,0,7.5,115.38,2,30,0,57,11.4,0.0,0,0
f986ca1a,HV Patel,Royal Challengers Bengaluru,2015,15,6,19,12,9,1,0,2,0,0,3.8,158.33,14,263,17,328,7.48,19.29,2,0
0a3d54b9,VR Aaron,Royal Challengers Bengaluru,2015,5,1,6,3,6,0,0,1,0,0,6.0,200.0,5,104,3,177,10.21,59.0,2,0
2af1b6d2,AN Ahmed,Royal Challengers Bengaluru,2015,3,3,10,5,5,2,2,0,0,0,10.0,200.0,3,72,1,128,10.67,128.0,1,0
c03c6200,DJG Sammy,Royal Challengers Bengaluru,2015,2,2,13,18,7,0,0,0,0,0,6.5,72.22,2,18,0,25,8.33,0.0,0,0
57ee1fde,YS Chahal,Royal Challengers Bengaluru,2015,14,1,1,1,1,1,0,0,0,0,0.0,100.0,14,281,23,415,8.86,18.04,3,0
db584dad,CH Gayle,Royal Challengers Bengaluru,2015,14,14,491,333,117,2,39,38,2,1,40.92,147.45,1,12,0,15,7.5,0.0,0,0
ba607b88,V Kohli,Royal Challengers Bengaluru,2015,16,16,505,386,82,5,35,23,3,0,45.91,130.83,2,11,0,10,5.45,0.0,0,0
c03f1114,KD Karthik,Royal Challengers Bengaluru,2015,11,11,141,117,28,0,15,4,0,0,12.82,120.51,0,0,0,0,0.0,0.0,0,0
edb3d4f8,KC Cariappa,Kolkata Knight Riders,2015,1,0,0,0,0,0,0,0,0,0,0.0,0.0,1,12,1,28,14.0,28.0,1,0
c3a96caf,Mandeep Singh,Royal Challengers Bengaluru,2015,8,8,157,100,54,2,17,6,1,0,26.17,157.0,0,0,0,0,0.0,0.0,0,0
c4487b84,AB de Villiers,Royal Challengers Bengaluru,2015,14,14,513,293,133,3,60,22,2,1,46.64,175.09,0,0,0,0,0.0,0.0,0,0
896d78ad,AD Mathews,Delhi Capitals,2015,11,10,144,104,28,3,12,6,0,0,20.57,138.46,10,180,7,246,8.2,35.14,2,0
1e66c162,JD Unadkat,Delhi Capitals,2015,1,0,0,0,0,0,0,0,0,0,0.0,0.0,1,18,0,30,10.0,0.0,0,0
cedc1d9a,P Suyal,Mumbai Indians,2015,3,0,0,0,0,0,0,0,0,0,0.0,0.0,3,60,0,95,9.5,0.0,0,0
4125d931,J Suchith,Mumbai Indians,2015,12,5,48,32,34,4,4,2,0,0,48.0,150.0,12,234,10,337,8.64,33.7,2,0
a757b0d8,KA Pollard,Mumbai Indians,2015,15,14,419,256,70,3,28,28,2,0,38.09,163.67,8,76,3,120,9.47,40.0,1,0
26a85969,R Dhawan,Punjab Kings,2015,5,4,36,33,25,2,2,2,0,0,18.0,109.09,5,72,1,110,9.17,110.0,1,0
e938e1bc,P Kumar,Sunrisers Hyderabad,2015,12,4,17,25,12,1,1,0,0,0,5.67,68.0,12,216,7,329,9.14,47.0,2,0
1c2a64cd,A Ashish Reddy,Sunrisers Hyderabad,2015,6,5,73,46,22,2,3,5,0,0,24.33,158.7,4,36,3,50,8.33,16.67,1,0
b5da6c24,PA Patel,Mumbai Indians,2015,14,14,339,246,59,1,47,5,2,0,26.08,137.8,0,0,0,0,0.0,0.0,0,0
0c94f480,UBT Chand,Mumbai Indians,2015,5,5,102,83,58,0,13,2,1,0,20.4,122.89,0,0,0,0,0.0,0.0,0,0
7a8bd078,S Gopal,Mumbai Indians,2015,1,1,1,1,1,1,0,0,0,0,0.0,100.0,1,13,1,23,10.62,23.0,1,0
ded9240e,PJ Cummins,Kolkata Knight Riders,2015,3,1,0,2,0,0,0,0,0,0,0.0,0.0,3,60,1,97,9.7,97.0,1,0
f708a0bc,GB Hogg,Kolkata Knight Riders,2015,6,2,7,6,5,1,0,0,0,0,7.0,116.67,6,126,9,144,6.86,16.0,4,0
f62772e5,P Negi,Chennai Super Kings,2015,10,9,116,73,36,1,10,5,0,0,14.5,158.9,10,180,6,252,8.4,42.0,2,0
b2b23612,RG More,Chennai Super Kings,2015,2,1,2,2,2,1,0,0,0,0,0.0,100.0,2,35,1,59,10.11,59.0,1,0
d2a6c0e6,EJG Morgan,Sunrisers Hyderabad,2015,9,9,187,151,63,1,11,11,1,0,23.38,123.84,0,0,0,0,0.0,0.0,0,0
89f64c19,LMP Simmons,Mumbai Indians,2015,13,13,540,441,71,1,56,21,6,0,45.0,122.45,0,0,0,0,0.0,0.0,0,0
8fd1a8f5,DW Steyn,Sunrisers Hyderabad,2015,6,3,20,13,19,2,3,0,0,0,20.0,153.85,6,114,3,170,8.95,56.67,2,0
0f12f9df,NLTC Perera,Punjab Kings,2015,2,2,12,15,9,0,0,1,0,0,6.0,80.0,2,36,1,55,9.17,55.0,1,0
6eb146d2,Gurkeerat Singh,Punjab Kings,2015,5,5,35,39,15,0,3,1,0,0,7.0,89.74,3,54,3,66,7.33,22.0,2,0
4ec07775,RN ten Doeschate,Kolkata Knight Riders,2015,5,5,61,45,38,2,4,3,0,0,20.33,135.56,1,6,0,4,4.0,0.0,0,0
24d94623,Ankit Sharma,Rajasthan Royals,2015,4,2,7,6,7,1,1,0,0,0,7.0,116.67,4,84,3,114,8.14,38.0,1,0
4329fbb5,SR Watson,Rajasthan Royals,2015,10,9,347,257,104,1,37,14,1,1,43.38,135.02,10,174,6,269,9.28,44.83,2,0
85aae393,Iqbal Abdulla,Royal Challengers Bengaluru,2015,5,2,20,18,20,0,4,0,0,0,10.0,111.11,5,114,4,150,7.89,37.5,2,0
aa8d28ae,D Wiese,Royal Challengers Bengaluru,2015,14,7,122,86,47,3,12,4,0,0,30.5,141.86,13,254,16,353,8.34,22.06,4,0
dbe50b21,HH Pandya,Mumbai Indians,2015,9,8,112,62,61,3,9,8,1,0,22.4,180.65,8,102,1,176,10.35,176.0,1,0
51a3c5ef,MJ McClenaghan,Mumbai Indians,2015,12,3,13,6,12,2,0,2,0,0,13.0,216.67,12,282,18,386,8.21,21.44,3,0
5afd4539,MS Bisla,Royal Challengers Bengaluru,2015,2,2,37,30,20,0,6,1,0,0,18.5,123.33,0,0,0,0,0.0,0.0,0,0
cad00a4d,RR Rossouw,Royal Challengers Bengaluru,2015,2,2,14,10,14,0,1,1,0,0,7.0,140.0,0,0,0,0,0.0,0.0,0,0
26e5cabf,MK Tiwary,Delhi Capitals,2015,2,2,57,56,32,0,8,1,0,0,28.5,101.79,0,0,0,0,0.0,0.0,0,0
6f49cc6e,Shivam Sharma,Punjab Kings,2015,1,0,0,0,0,0,0,0,0,0,0.0,0.0,1,18,1,44,14.67,44.0,1,0
508a1ea7,SE Marsh,Punjab Kings,2015,4,4,81,58,65,0,7,3,1,0,20.25,139.66,0,0,0,0,0.0,0.0,0,0
39a2dfa8,R Tewatia,Rajasthan Royals,2015,1,0,0,0,0,0,0,0,0,0,0.0,0.0,1,18,1,31,10.33,31.0,1,0
7c503806,J Botha,Kolkata Knight Riders,2015,4,3,31,15,17,0,5,1,0,0,10.33,206.67,4,60,1,81,8.1,81.0,1,0
32198ae0,MC Henriques,Sunrisers Hyderabad,2015,9,9,287,211,74,2,19,13,2,0,41.0,136.02,9,150,11,158,6.32,14.36,3,0
c18496e1,Bipul Sharma,Sunrisers Hyderabad,2015,3,1,1,2,1,0,0,0,0,0,1.0,50.0,3,42,3,50,7.14,16.67,2,0
3fb19989,MA Starc,Royal Challengers Bengaluru,2015,12,3,11,14,9,2,1,0,0,0,11.0,78.57,12,258,20,291,6.77,14.55,4,0
f088b960,SN Khan,Royal Challengers Bengaluru,2015,7,7,111,71,45,3,12,2,0,0,27.75,156.34,0,0,0,0,0.0,0.0,0,0
9d80c5e1,S Nadeem,Delhi Capitals,2015,3,1,2,7,2,0,0,0,0,0,2.0,28.57,2,42,0,43,6.14,0.0,0,0
94253925,GH Vihari,Sunrisers Hyderabad,2015,4,4,39,35,16,0,6,0,0,0,9.75,111.43,0,0,0,0,0.0,0.0,0,0
c03e2850,M Vohra,Punjab Kings,2015,7,7,82,81,39,0,4,5,0,0,11.71,101.23,0,0,0,0,0.0,0.0,0,0
91a4a398,Z Khan,Delhi Capitals,2015,7,0,0,0,0,0,0,0,0,0,0.0,0.0,7,145,7,156,6.46,22.29,2,0
709b0bac,SS Tiwary,Delhi Capitals,2015,6,6,109,78,28,6,9,5,0,0,0.0,139.74,0,0,0,0,0.0,0.0,0,0
1abb78f8,SN Thakur,Punjab Kings,2015,1,1,7,6,7,1,1,0,0,0,0.0,116.67,1,18,1,38,12.67,38.0,1,0
dec8e038,J Theron,Rajasthan Royals,2015,1,1,1,1,1,1,0,0,0,0,0.0,100.0,1,24,1,40,10.0,40.0,1,0
1558d83b,GS Sandhu,Delhi Capitals,2015,2,0,0,0,0,0,0,0,0,0,0.0,0.0,2,48,1,82,10.25,82.0,1,0
33a364a6,R Bhatia,Rajasthan Royals,2015,2,1,0,1,0,0,0,0,0,0,0.0,0.0,2,30,0,46,9.2,0.0,0,0
44afbf2d,NJ Maddinson,Royal Challengers Bengaluru,2015,1,1,4,7,4,0,1,0,0,0,4.0,57.14,0,0,0,0,0.0,0.0,0,0
957532de,S Aravind,Royal Challengers Bengaluru,2015,5,1,0,1,0,1,0,0,0,0,0.0,0.0,5,108,8,132,7.33,16.5,4,0
d4eef961,M de Lange,Mumbai Indians,2015,1,0,0,0,0,0,0,0,0,0,0.0,0.0,1,24,0,30,7.5,0.0,0,0
b56dc5f7,BE Hendricks,Punjab Kings,2015,4,1,1,2,1,1,0,0,0,0,0.0,50.0,4,78,5,109,8.38,21.8,2,0
81049310,J Yadav,Delhi Capitals,2015,3,0,0,0,0,0,0,0,0,0,0.0,0.0,3,42,2,29,4.14,14.5,1,0
372455c4,Q de Kock,Delhi Capitals,2015,3,3,122,77,69,0,18,4,2,0,40.67,158.44,0,0,0,0,0.0,0.0,0,0
66b30f71,AB Dinda,Royal Challengers Bengaluru,2015,2,0,0,0,0,0,0,0,0,0,0.0,0.0,2,30,0,62,12.4,0.0,0,0
48fd7349,MEK Hussey,Chennai Super Kings,2015,4,4,77,70,56,0,5,3,1,0,19.25,110.0,0,0,0,0,0.0,0.0,0,0
9a158001,Azhar Mahmood,Kolkata Knight Riders,2015,1,1,6,7,6,0,1,0,0,0,6.0,85.71,1,18,0,41,13.67,0.0,0,0
d8b2f218,BB Sran,Rajasthan Royals,2015,1,0,0,0,0,0,0,0,0,0,0.0,0.0,1,18,0,35,11.67,0.0,0,0
89f64c19,LMP Simmons,Mumbai Indians,2016,1,1,8,8,8,0,0,1,0,0,8.0,100.0,0,0,0,0,0.0,0.0,0,0
c3d1402f,RP Singh,Rising Pune Supergiant,2016,4,0,0,0,0,0,0,0,0,0,0.0,0.0,4,72,3,111,9.25,37.0,1,0
740742ef,RG Sharma,Mumbai Indians,2016,14,14,489,368,85,3,49,17,5,0,44.45,132.88,0,0,0,0,0.0,0.0,0,0
5bb1a1c4,I Sharma,Rising Pune Supergiant,2016,4,0,0,0,0,0,0,0,0,0,0.0,0.0,4,90,3,148,9.87,49.33,2,0
dbe50b21,HH Pandya,Mumbai Indians,2016,11,9,44,63,9,2,4,0,0,0,6.29,69.84,10,100,3,153,9.18,51.0,1,0
99b75528,JC Buttler,Mumbai Indians,2016,14,14,255,184,41,3,23,11,0,0,23.18,138.59,0,0,0,0,0.0,0.0,0,0
3d8feaf8,MR Marsh,Rising Pune Supergiant,2016,3,1,7,11,7,0,0,0,0,0,7.0,63.64,3,54,4,45,5.0,11.25,2,0
70d205c9,AT Rayudu,Mumbai Indians,2016,12,12,334,278,65,1,28,12,2,0,30.36,120.14,0,0,0,0,0.0,0.0,0,0
a757b0d8,KA Pollard,Mumbai Indians,2016,12,12,207,144,51,4,11,16,1,0,25.88,143.75,4,36,0,81,13.5,0.0,0,0
33a364a6,R Bhatia,Rising Pune Supergiant,2016,10,5,34,20,21,4,1,2,0,0,34.0,170.0,10,204,6,244,7.18,40.67,2,0
7a8bd078,S Gopal,Mumbai Indians,2016,1,1,2,16,2,0,0,0,0,0,2.0,12.5,1,18,0,18,6.0,0.0,0,0
e2db2409,M Ashwin,Rising Pune Supergiant,2016,10,1,0,1,0,0,0,0,0,0,0.0,0.0,10,171,7,241,8.46,34.43,3,0
8b5b6769,Harbhajan Singh,Mumbai Indians,2016,14,7,92,84,45,4,11,2,0,0,30.67,109.52,14,294,9,392,8.0,43.56,2,0
495d42a5,R Ashwin,Rising Pune Supergiant,2016,14,6,41,38,29,4,3,1,0,0,20.5,107.89,14,264,10,319,7.25,31.9,4,0
41eb4a4f,R Vinay Kumar,Mumbai Indians,2016,3,2,13,12,12,1,0,1,0,0,13.0,108.33,3,54,3,64,7.11,21.33,2,0
51a3c5ef,MJ McClenaghan,Mumbai Indians,2016,14,4,34,23,20,1,2,3,0,0,11.33,147.83,14,320,17,436,8.18,25.65,4,0
29e95537,AM Rahane,Rising Pune Supergiant,2016,14,14,480,379,74,3,54,9,6,0,43.64,126.65,0,0,0,0,0.0,0.0,0,0
3355b542,F du Plessis,Rising Pune Supergiant,2016,6,6,206,162,69,0,17,9,2,0,34.33,127.16,0,0,0,0,0.0,0.0,0,0
462411b3,JJ Bumrah,Mumbai Indians,2016,14,2,8,11,6,1,1,0,0,0,8.0,72.73,14,312,15,406,7.81,27.07,3,0
39f01cdb,KP Pietersen,Rising Pune Supergiant,2016,4,4,73,61,37,1,4,3,0,0,24.33,119.67,0,0,0,0,0.0,0.0,0,0
00ea847a,MA Agarwal,Delhi Capitals,2016,3,3,27,25,10,0,3,1,0,0,9.0,108.0,0,0,0,0,0.0,0.0,0,0
bbd41817,AD Russell,Kolkata Knight Riders,2016,12,8,188,114,39,1,10,15,0,0,26.86,164.91,12,219,15,291,7.97,19.4,4,0
372455c4,Q de Kock,Delhi Capitals,2016,13,13,445,327,108,1,52,13,3,1,37.08,136.09,0,0,0,0,0.0,0.0,0,0
cc1e8c68,UT Yadav,Kolkata Knight Riders,2016,9,2,9,5,7,1,0,1,0,0,9.0,180.0,9,156,10,234,9.0,23.4,3,0
85ec8e33,SS Iyer,Delhi Capitals,2016,6,6,30,43,19,0,2,1,0,0,5.0,69.77,0,0,0,0,0.0,0.0,0,0
012829ff,JW Hastings,Kolkata Knight Riders,2016,2,0,0,0,0,0,0,0,0,0,0.0,0.0,2,40,2,37,5.55,18.5,2,0
944533a5,KK Nair,Delhi Capitals,2016,12,12,357,297,83,2,40,6,3,0,35.7,120.2,0,0,0,0,0.0,0.0,0,0
a4cc73aa,SV Samson,Delhi Capitals,2016,14,14,291,259,60,3,20,8,1,0,26.45,112.36,0,0,0,0,0.0,0.0,0,0
f62772e5,P Negi,Delhi Capitals,2016,7,6,57,59,19,4,2,3,0,0,28.5,96.61,5,54,1,84,9.33,84.0,1,0
af2c687b,C Munro,Kolkata Knight Riders,2016,4,3,30,30,16,0,3,0,0,0,10.0,100.0,2,12,0,15,7.5,0.0,0,0
f708a0bc,GB Hogg,Kolkata Knight Riders,2016,5,0,0,0,0,0,0,0,0,0,0.0,0.0,5,96,4,142,8.88,35.5,3,0
98ae73b1,PP Chawla,Kolkata Knight Riders,2016,12,3,27,26,11,0,4,0,0,0,9.0,103.85,11,212,11,273,7.73,24.82,2,0
e342e5fb,CR Brathwaite,Delhi Capitals,2016,8,6,83,38,34,0,6,8,0,0,13.83,218.42,8,139,7,189,8.16,27.0,3,0
fb66ce1f,CH Morris,Delhi Capitals,2016,12,7,195,109,82,4,15,12,1,0,65.0,178.9,12,264,13,308,7.0,23.69,2,0
56ab442f,NM Coulter-Nile,Delhi Capitals,2016,4,2,9,14,7,2,1,0,0,0,0.0,64.29,4,90,3,114,7.6,38.0,2,0
6b19d823,A Mishra,Delhi Capitals,2016,14,2,4,14,3,0,0,0,0,0,2.0,28.57,14,276,13,344,7.48,26.46,4,0
91a4a398,Z Khan,Delhi Capitals,2016,12,2,6,13,4,0,1,0,0,0,3.0,46.15,12,262,10,337,7.72,33.7,3,0
1c17e270,RV Uthappa,Kolkata Knight Riders,2016,15,15,394,289,72,0,45,8,3,0,26.27,136.33,0,0,0,0,0.0,0.0,0,0
bb345e0b,G Gambhir,Kolkata Knight Riders,2016,15,15,501,411,90,2,54,6,5,0,38.54,121.9,0,0,0,0,0.0,0.0,0,0
93b4fc78,MK Pandey,Kolkata Knight Riders,2016,11,11,248,183,52,3,17,9,2,0,31.0,135.52,0,0,0,0,0.0,0.0,0,0
4b57e452,M Vijay,Punjab Kings,2016,14,14,453,364,89,1,50,10,5,0,34.85,124.45,1,6,0,8,8.0,0.0,0,0
e938e1bc,P Kumar,Gujarat Lions,2016,16,6,24,26,15,2,3,0,0,0,6.0,92.31,16,309,9,401,7.79,44.56,2,0
c03e2850,M Vohra,Punjab Kings,2016,7,7,161,131,51,0,19,3,1,0,23.0,122.9,0,0,0,0,0.0,0.0,0,0
9fc0ef64,PJ Sangwan,Gujarat Lions,2016,2,0,0,0,0,0,0,0,0,0,0.0,0.0,2,24,0,49,12.25,0.0,0,0
808f425a,JP Faulkner,Gujarat Lions,2016,7,5,77,59,32,2,7,0,0,0,25.67,130.51,7,102,2,167,9.82,83.5,1,0
fb693839,S Ladda,Gujarat Lions,2016,1,0,0,0,0,0,0,0,0,0,0.0,0.0,1,12,0,21,10.5,0.0,0,0
fe93fd9d,RA Jadeja,Gujarat Lions,2016,15,15,191,177,36,6,14,4,0,0,21.22,107.91,14,241,8,311,7.74,38.88,2,0
d67d5f00,DA Miller,Punjab Kings,2016,13,13,161,131,31,3,11,4,0,0,16.1,122.9,0,0,0,0,0.0,0.0,0,0
87e562a9,DJ Bravo,Gujarat Lions,2016,15,12,99,82,22,4,11,1,0,0,12.38,120.73,15,336,17,494,8.82,29.06,4,0
b681e71e,GJ Maxwell,Punjab Kings,2016,11,10,179,124,68,1,14,8,2,0,19.89,144.35,7,54,0,80,8.89,0.0,0,0
fe11caa6,WP Saha,Punjab Kings,2016,12,12,270,212,56,1,29,1,2,0,24.55,127.36,0,0,0,0,0.0,0.0,0,0
d9273ee7,MP Stoinis,Punjab Kings,2016,7,5,146,108,52,1,13,4,1,0,36.5,135.19,7,138,8,194,8.43,24.25,4,0
2e171977,AR Patel,Punjab Kings,2016,14,10,111,77,36,3,4,8,0,0,15.86,144.16,14,287,13,388,8.11,29.85,4,0
b8d490fd,AJ Finch,Gujarat Lions,2016,12,12,393,299,74,2,45,11,5,0,39.3,131.44,0,0,0,0,0.0,0.0,0,0
ce820073,Sandeep Sharma,Punjab Kings,2016,14,4,8,9,5,4,0,0,0,0,0.0,88.89,14,300,15,366,7.32,24.4,2,0
b8a55852,BB McCullum,Gujarat Lions,2016,16,16,354,262,60,0,38,16,1,0,22.12,135.11,0,0,0,0,0.0,0.0,0,0
f5180fe6,MG Johnson,Punjab Kings,2016,3,2,5,14,4,0,0,0,0,0,2.5,35.71,3,66,2,106,9.64,53.0,1,0
1dc12ab9,SK Raina,Gujarat Lions,2016,15,15,399,312,75,1,39,10,3,0,28.5,127.88,4,60,0,82,8.2,0.0,0,0
759ac88f,MM Sharma,Punjab Kings,2016,14,5,32,26,15,1,3,1,0,0,8.0,123.08,14,291,13,407,8.39,31.31,3,0
c03f1114,KD Karthik,Gujarat Lions,2016,15,15,335,266,53,2,38,3,3,0,25.77,125.94,0,0,0,0,0.0,0.0,0,0
9a0146b3,P Sahu,Punjab Kings,2016,5,2,19,13,18,1,1,1,0,0,19.0,146.15,5,105,3,146,8.34,48.67,2,0
752f7486,Ishan Kishan,Gujarat Lions,2016,5,5,42,41,27,0,5,0,0,0,8.4,102.44,0,0,0,0,0.0,0.0,0,0
db584dad,CH Gayle,Royal Challengers Bengaluru,2016,10,10,227,150,76,0,17,21,2,0,22.7,151.33,4,60,2,63,6.3,31.5,2,0
96fd40ae,A Nehra,Sunrisers Hyderabad,2016,8,1,1,1,1,1,0,0,0,0,0.0,100.0,8,156,9,199,7.65,22.11,3,0
ba607b88,V Kohli,Royal Challengers Bengaluru,2016,16,16,973,640,113,4,84,38,7,4,81.08,152.03,1,6,0,13,13.0,0.0,0,0
2e81a32d,B Kumar,Sunrisers Hyderabad,2016,17,8,43,27,21,2,6,1,0,0,7.17,159.26,17,396,23,490,7.42,21.3,4,0
c4487b84,AB de Villiers,Royal Challengers Bengaluru,2016,16,16,687,407,129,3,57,37,6,1,52.85,168.8,0,0,0,0,0.0,0.0,0,0
0a8fce53,Mustafizur Rahman,Sunrisers Hyderabad,2016,16,0,0,0,0,0,0,0,0,0,0.0,0.0,16,366,17,421,6.9,24.76,3,0
32198ae0,MC Henriques,Sunrisers Hyderabad,2016,17,15,182,158,31,3,15,6,0,0,15.17,115.19,17,312,12,415,7.98,34.58,2,0
119678fd,KV Sharma,Sunrisers Hyderabad,2016,5,3,36,30,26,3,3,1,0,0,0.0,120.0,5,98,0,171,10.47,0.0,0,0
1c2a64cd,A Ashish Reddy,Sunrisers Hyderabad,2016,3,3,47,29,32,1,2,4,0,0,23.5,162.07,2,23,1,39,10.17,39.0,1,0
4329fbb5,SR Watson,Royal Challengers Bengaluru,2016,16,15,179,134,36,2,14,12,0,0,13.77,133.58,16,339,20,485,8.58,24.25,4,0
99d63244,KM Jadhav,Royal Challengers Bengaluru,2016,3,3,42,32,25,3,2,2,0,0,0.0,131.25,0,0,0,0,0.0,0.0,0,0
f088b960,SN Khan,Royal Challengers Bengaluru,2016,4,4,66,31,35,2,7,4,0,0,33.0,212.9,0,0,0,0,0.0,0.0,0,0
dcce6f09,DA Warner,Sunrisers Hyderabad,2016,17,17,848,560,93,3,88,31,9,0,60.57,151.43,0,0,0,0,0.0,0.0,0,0
350bb1b1,AF Milne,Royal Challengers Bengaluru,2016,1,0,0,0,0,0,0,0,0,0,0.0,0.0,1,24,1,43,10.75,43.0,1,0
0a476045,S Dhawan,Sunrisers Hyderabad,2016,17,17,501,429,82,4,51,8,4,0,38.54,116.78,0,0,0,0,0.0,0.0,0,0
9170ff49,Parvez Rasool,Royal Challengers Bengaluru,2016,4,1,10,9,10,0,1,0,0,0,10.0,111.11,4,84,1,129,9.21,129.0,1,0
f986ca1a,HV Patel,Royal Challengers Bengaluru,2016,5,0,0,0,0,0,0,0,0,0,0.0,0.0,5,84,1,147,10.5,147.0,1,0
57ee1fde,YS Chahal,Royal Challengers Bengaluru,2016,13,0,0,0,0,0,0,0,0,0,0.0,0.0,13,295,21,401,8.16,19.1,4,0
890946a0,NV Ojha,Sunrisers Hyderabad,2016,13,13,136,138,37,3,7,5,0,0,13.6,98.55,0,0,0,0,0.0,0.0,0,0
73ad96ed,DJ Hooda,Sunrisers Hyderabad,2016,16,15,144,121,34,1,9,5,0,0,10.29,119.01,6,78,3,97,7.46,32.33,2,0
d2a6c0e6,EJG Morgan,Sunrisers Hyderabad,2016,6,6,123,105,51,1,8,4,1,0,24.6,117.14,0,0,0,0,0.0,0.0,0,0
13c35c9e,TG Southee,Mumbai Indians,2016,11,4,30,19,25,1,1,2,0,0,10.0,157.89,11,258,9,329,7.65,36.56,3,0
4125d931,J Suchith,Mumbai Indians,2016,1,0,0,0,0,0,0,0,0,0,0.0,0.0,1,12,0,31,15.5,0.0,0,0
3c6ffae8,YK Pathan,Kolkata Knight Riders,2016,13,13,361,248,63,8,33,13,3,0,72.2,145.56,4,36,1,33,5.5,33.0,1,0
271f83cd,SA Yadav,Kolkata Knight Riders,2016,11,11,182,143,60,4,18,5,1,0,26.0,127.27,0,0,0,0,0.0,0.0,0,0
b5da6c24,PA Patel,Mumbai Indians,2016,10,10,177,152,81,0,23,4,1,0,17.7,116.45,0,0,0,0,0.0,0.0,0,0
8d2c70ad,Kuldeep Yadav,Kolkata Knight Riders,2016,3,0,0,0,0,0,0,0,0,0,0.0,0.0,3,72,6,100,8.33,16.67,3,0
c8179c68,SB Jakati,Gujarat Lions,2016,6,1,1,2,1,1,0,0,0,0,0.0,50.0,6,120,2,178,8.9,89.0,1,0
6aed7e79,PV Tambe,Gujarat Lions,2016,7,1,7,19,7,1,1,0,0,0,0.0,36.84,7,96,5,143,8.94,28.6,2,0
30a45b23,SPD Smith,Rising Pune Supergiant,2016,7,7,270,176,101,1,27,8,0,1,45.0,153.41,0,0,0,0,0.0,0.0,0,0
4a8a2e3b,MS Dhoni,Rising Pune Supergiant,2016,12,12,284,210,64,5,18,14,1,0,40.57,135.24,0,0,0,0,0.0,0.0,0,0
508a1ea7,SE Marsh,Punjab Kings,2016,6,6,159,134,56,1,13,4,1,0,31.8,118.66,0,0,0,0,0.0,0.0,0,0
81049310,J Yadav,Delhi Capitals,2016,5,2,6,10,5,0,0,0,0,0,3.0,60.0,5,102,2,125,7.35,62.5,1,0
5bb5a915,M Morkel,Kolkata Knight Riders,2016,10,1,1,1,1,1,0,0,0,0,0.0,100.0,10,213,10,297,8.37,29.7,2,0
7dc35884,Shakib Al Hasan,Kolkata Knight Riders,2016,10,7,114,106,66,2,7,5,1,0,22.8,107.55,9,186,5,243,7.84,48.6,1,0
9d430b40,SP Narine,Kolkata Knight Riders,2016,11,3,7,13,4,2,0,0,0,0,7.0,53.85,11,256,11,304,7.12,27.64,3,0
d8b2f218,BB Sran,Sunrisers Hyderabad,2016,14,3,4,4,2,3,0,0,0,0,0.0,100.0,14,297,14,413,8.34,29.5,3,0
d2a989fc,DS Kulkarni,Gujarat Lions,2016,14,5,27,16,10,3,3,0,0,0,13.5,168.75,14,294,18,364,7.43,20.22,4,0
5b8c830e,KH Pandya,Mumbai Indians,2016,12,8,237,124,86,2,22,13,1,0,39.5,191.13,11,187,6,236,7.57,39.33,2,0
f10e94c4,AD Nath,Gujarat Lions,2016,3,3,20,27,12,0,1,0,0,0,6.67,74.07,0,0,0,0,0.0,0.0,0,0
a9da7784,KJ Abbott,Punjab Kings,2016,5,3,13,8,12,2,0,1,0,0,13.0,162.5,5,96,2,177,11.06,88.5,1,0
0f12f9df,NLTC Perera,Rising Pune Supergiant,2016,12,10,150,93,34,3,7,11,0,0,21.43,161.29,11,199,9,326,9.83,36.22,3,0
5fa06777,IK Pathan,Rising Pune Supergiant,2016,4,3,11,13,7,0,0,0,0,0,3.67,84.62,3,48,0,61,7.62,0.0,0,0
24d94623,Ankit Sharma,Rising Pune Supergiant,2016,3,1,3,3,3,1,0,0,0,0,0.0,100.0,3,66,1,84,7.64,84.0,1,0
8cf9814c,Mohammed Shami,Delhi Capitals,2016,8,2,2,4,2,2,0,0,0,0,0.0,50.0,8,151,5,244,9.7,48.8,2,0
aa8d28ae,D Wiese,Royal Challengers Bengaluru,2016,1,1,5,4,5,1,0,0,0,0,0.0,125.0,1,24,0,49,12.25,0.0,0,0
957532de,S Aravind,Royal Challengers Bengaluru,2016,9,0,0,0,0,0,0,0,0,0,0.0,0.0,9,175,11,216,7.41,19.64,2,0
2e8994e7,JP Duminy,Delhi Capitals,2016,9,8,191,156,49,3,13,3,0,0,38.2,122.44,5,42,2,55,7.86,27.5,1,0
2be41edb,MJ Guptill,Mumbai Indians,2016,3,3,57,55,48,0,3,3,0,0,19.0,103.64,0,0,0,0,0.0,0.0,0,0
c18496e1,Bipul Sharma,Sunrisers Hyderabad,2016,6,4,51,25,27,2,1,5,0,0,25.5,204.0,6,84,3,121,8.64,40.33,1,0
b17e2f24,KL Rahul,Royal Challengers Bengaluru,2016,12,12,397,271,68,3,37,16,4,0,44.11,146.49,0,0,0,0,0.0,0.0,0,0
12b610c2,TM Head,Royal Challengers Bengaluru,2016,3,3,54,40,37,1,3,2,0,0,27.0,135.0,0,0,0,0,0.0,0.0,0,0
bd17b45f,STR Binny,Royal Challengers Bengaluru,2016,12,5,63,39,21,1,5,4,0,0,15.75,161.54,11,102,1,134,7.88,134.0,1,0
dfc4d8b5,KW Richardson,Royal Challengers Bengaluru,2016,4,1,1,1,1,1,0,0,0,0,0.0,100.0,4,84,7,136,9.71,19.43,3,0
0a3d54b9,VR Aaron,Royal Challengers Bengaluru,2016,8,0,0,0,0,0,0,0,0,0,0.0,0.0,8,142,2,227,9.59,113.5,2,0
85aae393,Iqbal Abdulla,Royal Challengers Bengaluru,2016,8,2,37,27,33,2,4,1,0,0,0.0,137.04,8,150,6,213,8.52,35.5,3,0
8fd1a8f5,DW Steyn,Gujarat Lions,2016,1,1,1,2,1,0,0,0,0,0,1.0,50.0,1,12,0,17,8.5,0.0,0,0
a03bba42,T Shamsi,Royal Challengers Bengaluru,2016,4,0,0,0,0,0,0,0,0,0,0.0,0.0,4,96,3,147,9.19,49.0,1,0
acee4cc4,Imran Tahir,Delhi Capitals,2016,4,1,5,7,5,0,1,0,0,0,5.0,71.43,4,96,5,138,8.62,27.6,3,0
aedc3b7c,NS Naik,Punjab Kings,2016,2,2,23,31,22,0,1,0,0,0,11.5,74.19,0,0,0,0,0.0,0.0,0,0
26a85969,R Dhawan,Punjab Kings,2016,2,2,14,6,11,2,0,1,0,0,0.0,233.33,2,42,2,56,8.0,28.0,1,0
855a210c,AP Tare,Sunrisers Hyderabad,2016,2,2,8,15,8,0,1,0,0,0,4.0,53.33,0,0,0,0,0.0,0.0,0,0
35205dfc,DR Smith,Gujarat Lions,2016,12,12,324,221,73,1,35,16,3,0,29.45,146.61,8,108,8,153,8.5,19.12,4,0
626c5379,R Sathish,Kolkata Knight Riders,2016,4,3,24,24,10,0,1,1,0,0,8.0,100.0,3,36,1,59,9.83,59.0,1,0
c3d35165,JA Morkel,Rising Pune Supergiant,2016,2,1,16,9,16,0,0,2,0,0,16.0,177.78,2,30,2,66,13.2,33.0,2,0
66b30f71,AB Dinda,Rising Pune Supergiant,2016,9,0,0,0,0,0,0,0,0,0,0.0,0.0,9,183,11,231,7.57,21.0,3,0
9d80c5e1,S Nadeem,Delhi Capitals,2016,4,1,1,5,1,1,0,0,0,0,0.0,20.0,4,90,2,127,8.47,63.5,2,0
919a3be2,RR Pant,Delhi Capitals,2016,10,10,198,152,69,2,19,6,1,0,24.75,130.26,0,0,0,0,0.0,0.0,0,0
45eda7c8,CA Lynn,Kolkata Knight Riders,2016,2,2,25,22,15,1,0,1,0,0,25.0,113.64,0,0,0,0,0.0,0.0,0,0
1e66c162,JD Unadkat,Kolkata Knight Riders,2016,1,0,0,0,0,0,0,0,0,0,0.0,0.0,1,18,0,49,16.33,0.0,0,0
709b0bac,SS Tiwary,Rising Pune Supergiant,2016,7,7,170,141,57,0,17,4,2,0,24.29,120.57,0,0,0,0,0.0,0.0,0,0
1da489ff,S Kaushik,Gujarat Lions,2016,7,1,0,1,0,0,0,0,0,0,0.0,0.0,7,138,6,192,8.35,32.0,3,0
0f721006,JO Holder,Kolkata Knight Riders,2016,4,4,22,19,13,0,2,1,0,0,5.5,115.79,4,78,2,103,7.92,51.5,2,0
c16d4035,SW Billings,Delhi Capitals,2016,4,4,88,64,54,0,4,4,1,0,22.0,137.5,0,0,0,0,0.0,0.0,0,0
d027ba9f,KS Williamson,Sunrisers Hyderabad,2016,6,6,124,122,50,0,14,0,1,0,20.67,101.64,1,6,0,7,7.0,0.0,0,0
dc9dd038,Sachin Baby,Royal Challengers Bengaluru,2016,8,6,119,79,33,2,9,5,0,0,29.75,150.63,2,10,2,8,4.8,4.0,2,0
6eb146d2,Gurkeerat Singh,Punjab Kings,2016,6,6,113,86,51,1,11,3,1,0,22.6,131.4,3,24,2,31,7.75,15.5,2,0
edb3d4f8,KC Cariappa,Punjab Kings,2016,5,2,13,11,12,1,0,1,0,0,13.0,118.18,5,102,3,159,9.35,53.0,2,0
ada15e88,PSP Handscomb,Rising Pune Supergiant,2016,1,1,6,12,6,0,0,0,0,0,6.0,50.0,0,0,0,0,0.0,0.0,0,0
d167edd3,SM Boland,Rising Pune Supergiant,2016,2,0,0,0,0,0,0,0,0,0,0.0,0.0,2,42,2,54,7.71,27.0,2,0
983f2f61,Swapnil Singh,Punjab Kings,2016,1,1,0,1,0,0,0,0,0,0,0.0,0.0,1,18,0,29,9.67,0.0,0,0
331ea488,UT Khawaja,Rising Pune Supergiant,2016,6,6,127,100,30,0,14,3,0,0,21.17,127.0,0,0,0,0,0.0,0.0,0,0
1c914163,Yuvraj Singh,Sunrisers Hyderabad,2016,10,10,236,179,44,1,22,13,0,0,26.22,131.84,5,37,0,52,8.43,0.0,0,0
ffe699c0,CJ Jordan,Royal Challengers Bengaluru,2016,9,1,3,4,3,0,0,0,0,0,3.0,75.0,9,168,11,258,9.21,23.45,4,0
5056011d,GJ Bailey,Rising Pune Supergiant,2016,5,5,84,98,34,1,9,2,0,0,21.0,85.71,0,0,0,0,0.0,0.0,0,0
14f96089,A Zampa,Rising Pune Supergiant,2016,5,1,0,1,0,0,0,0,0,0,0.0,0.0,5,102,12,115,6.76,9.58,6,0
e798611a,HM Amla,Punjab Kings,2016,6,6,157,119,96,0,20,4,1,0,26.17,131.93,0,0,0,0,0.0,0.0,0,0
69be866a,Anureet Singh,Punjab Kings,2016,2,0,0,0,0,0,0,0,0,0,0.0,0.0,2,36,0,43,7.17,0.0,0,0
dce2019b,F Behardien,Punjab Kings,2016,3,3,14,13,9,1,2,0,0,0,7.0,107.69,0,0,0,0,0.0,0.0,0,0
fb2d1dda,N Rana,Mumbai Indians,2016,4,3,104,75,70,0,7,8,1,0,34.67,138.67,1,6,0,3,3.0,0.0,0,0
0c94f480,UBT Chand,Mumbai Indians,2016,1,1,0,4,0,0,0,0,0,0,0.0,0.0,0,0,0,0,0.0,0.0,0,0
db31895a,AS Rajpoot,Kolkata Knight Riders,2016,4,0,0,0,0,0,0,0,0,0,0.0,0.0,4,66,3,98,8.91,32.67,1,0
2e11c706,BCJ Cutting,Sunrisers Hyderabad,2016,4,4,65,34,39,2,4,6,0,0,32.5,191.18,4,67,5,80,7.16,16.0,2,0
23eeb873,DL Chahar,Rising Pune Supergiant,2016,2,0,0,0,0,0,0,0,0,0,0.0,0.0,2,30,0,41,8.2,0.0,0,0
b274dbbd,ER Dwivedi,Gujarat Lions,2016,2,2,24,14,19,0,2,2,0,0,12.0,171.43,0,0,0,0,0.0,0.0,0,0
a818c1be,TA Boult,Sunrisers Hyderabad,2016,1,0,0,0,0,0,0,0,0,0,0.0,0.0,1,24,1,39,9.75,39.0,1,0
