match_id,external_id,match_date,team_a_id,team_a,team_b_id,team_b,venue_id,venue,team_a_matches_before,team_a_wins_before,team_a_decided_matches_before,team_a_win_rate,team_a_last5_win_rate,team_a_last10_win_rate,team_a_avg_runs,team_a_avg_wickets,team_b_matches_before,team_b_wins_before,team_b_decided_matches_before,team_b_win_rate,team_b_last5_win_rate,team_b_last10_win_rate,team_b_avg_runs,team_b_avg_wickets,team_a_venue_matches_before,team_a_venue_win_rate,team_b_venue_matches_before,team_b_venue_win_rate,head_to_head_matches_before,head_to_head_a_wins,head_to_head_b_wins,head_to_head_a_win_rate,head_to_head_b_win_rate,target
2,66283,2002-06-27,5,England,7,Sri Lanka,3,"Trent Bridge, Nottingham",0,0,0,0.5,0.5,0.5,0.0,0.0,0,0,0,0.5,0.5,0.5,0.0,0.0,0,0.5,0,0.5,0,0,0,0.5,0.5,1
3,66284,2002-06-29,5,England,2,India,4,"Lord's, London",1,1,1,1.0,1.0,1.0,293.0,6.0,0,0,0,0.5,0.5,0.5,0.0,0.0,0,0.5,0,0.5,0,0,0,0.5,0.5,0
4,64814,2002-12-29,6,New Zealand,2,India,5,"McLean Park, Napier",0,0,0,0.5,0.5,0.5,0.0,0.0,1,1,1,1.0,1.0,1.0,272.0,4.0,0,0.5,0,0.5,0,0,0,0.5,0.5,1
5,64815,2003-01-01,2,India,6,New Zealand,6,"Jade Stadium, Christchurch",2,1,2,0.5,0.5,0.5,245.5,7.0,1,1,1,1.0,1.0,1.0,254.0,9.0,0,0.5,0,0.5,1,0,1,0.0,1.0,0
6,64816,2003-01-04,2,India,6,New Zealand,7,"Davies Park, Queenstown",3,1,3,0.3333333333333333,0.3333333333333333,0.3333333333333333,199.6667,8.0,2,2,2,1.0,1.0,1.0,181.5,7.0,0,0.5,0,0.5,2,0,2,0.0,1.0,0
7,64817,2003-01-08,6,New Zealand,2,India,8,"Westpac Stadium, Wellington",3,3,3,1.0,1.0,1.0,162.0,5.6667,4,1,4,0.25,0.25,0.25,180.25,8.5,0,0.5,0,0.5,3,3,0,1.0,0.0,0
8,65634,2003-01-09,7,Sri Lanka,3,Australia,9,Sydney Cricket Ground,1,0,1,0.0,0.0,0.0,249.0,9.0,0,0,0,0.5,0.5,0.5,0.0,0.0,0,0.5,0,0.5,0,0,0,0.5,0.5,1
9,65635,2003-01-11,3,Australia,5,England,10,"Bellerive Oval, Hobart",1,0,1,0.0,0.0,0.0,264.0,10.0,2,1,2,0.5,0.5,0.5,282.0,6.5,0,0.5,0,0.5,0,0,0,0.5,0.5,1
10,65636,2003-01-13,7,Sri Lanka,5,England,9,Sydney Cricket Ground,2,1,2,0.5,0.5,0.5,296.0,7.0,3,1,3,0.3333333333333333,0.3333333333333333,0.3333333333333333,276.0,6.6667,1,1.0,0,0.5,1,0,1,0.0,1.0,1
11,64819,2003-01-14,2,India,6,New Zealand,11,"Westpac Park, Hamilton",5,2,5,0.4,0.4,0.4,178.0,8.4,4,3,4,0.75,0.75,0.75,163.5,6.75,0,0.5,0,0.5,4,1,3,0.25,0.75,0
12,65637,2003-01-15,7,Sri Lanka,3,Australia,12,"Brisbane Cricket Ground, Woolloongabba, Brisbane",3,2,3,0.6666666666666666,0.6666666666666666,0.6666666666666666,292.0,7.0,2,1,2,0.5,0.5,0.5,267.5,7.0,0,0.5,0,0.5,1,1,0,1.0,0.0,0
13,65638,2003-01-17,5,England,7,Sri Lanka,13,Adelaide Oval,4,1,4,0.25,0.25,0.25,270.25,7.5,4,2,4,0.5,0.5,0.5,271.75,7.5,0,0.5,0,0.5,2,1,1,0.5,0.5,1
14,65639,2003-01-19,5,England,3,Australia,13,Adelaide Oval,5,2,5,0.4,0.4,0.4,272.0,7.4,3,2,3,0.6666666666666666,0.6666666666666666,0.6666666666666666,249.6667,6.6667,1,1.0,0,0.5,1,0,1,0.0,1.0,0
15,65640,2003-01-21,7,Sri Lanka,3,Australia,14,Melbourne Cricket Ground,5,2,5,0.4,0.4,0.4,269.4,8.0,4,3,4,0.75,0.75,0.75,225.5,6.5,0,0.5,0,0.5,2,1,1,0.5,0.5,0
16,65641,2003-01-23,5,England,3,Australia,9,Sydney Cricket Ground,6,2,6,0.3333333333333333,0.2,0.3333333333333333,252.0,7.8333,5,4,5,0.8,0.8,0.8,223.4,5.4,1,0.0,1,0.0,2,0,2,0.0,1.0,0
17,65642,2003-01-25,3,Australia,5,England,14,Melbourne Cricket Ground,6,5,6,0.8333333333333334,1.0,0.8333333333333334,205.8333,4.5,7,2,7,0.2857142857142857,0.2,0.2857142857142857,232.7143,8.1429,1,1.0,0,0.5,3,3,0,1.0,0.0,1
18,65235,2003-02-09,44,West Indies,36,South Africa,15,"Newlands, Cape Town",0,0,0,0.5,0.5,0.5,0.0,0.0,0,0,0,0.5,0.5,0.5,0.0,0.0,0,0.5,0,0.5,0,0,0,0.5,0.5,1
19,65236,2003-02-10,46,Zimbabwe,23,Namibia,16,Harare Sports Club,0,0,0,0.5,0.5,0.5,0.0,0.0,0,0,0,0.5,0.5,0.5,0.0,0.0,0,0.5,0,0.5,0,0,0,0.5,0.5,1
20,65237,2003-02-10,7,Sri Lanka,6,New Zealand,17,"Goodyear Park, Bloemfontein",6,2,6,0.3333333333333333,0.4,0.3333333333333333,260.1667,8.0,5,4,5,0.8,0.8,0.8,155.8,6.2,0,0.5,0,0.5,0,0,0,0.5,0.5,1
21,65238,2003-02-11,3,Australia,30,Pakistan,18,"New Wanderers Stadium, Johannesburg",7,6,7,0.8571428571428571,1.0,0.8571428571428571,209.1429,4.8571,0,0,0,0.5,0.5,0.5,0.0,0.0,0,0.5,0,0.5,0,0,0,0.5,0.5,1
22,65239,2003-02-11,14,Canada,12,Bangladesh,19,"Kingsmead, Durban",0,0,0,0.5,0.5,0.5,0.0,0.0,0,0,0,0.5,0.5,0.5,0.0,0.0,0,0.5,0,0.5,0,0,0,0.5,0.5,1
23,65240,2003-02-12,22,Kenya,36,South Africa,20,"North West Cricket Stadium, Potchefstroom",0,0,0,0.5,0.5,0.5,0.0,0.0,1,0,1,0.0,0.0,0.0,275.0,9.0,0,0.5,0,0.5,0,0,0,0.5,0.5,0
24,65241,2003-02-12,2,India,26,Netherlands,21,"Boland Bank Park, Paarl",6,2,6,0.3333333333333333,0.2,0.3333333333333333,168.6667,8.6667,0,0,0,0.5,0.5,0.5,0.0,0.0,0,0.5,0,0.5,0,0,0,0.5,0.5,1
25,65242,2003-02-13,6,New Zealand,44,West Indies,22,"St George's Park, Port Elizabeth",6,4,6,0.6666666666666666,0.6,0.6666666666666666,167.3333,6.8333,1,1,1,1.0,1.0,1.0,278.0,5.0,0,0.5,0,0.5,0,0,0,0.5,0.5,1
26,65244,2003-02-15,2,India,3,Australia,23,"SuperSport Park, Centurion",7,3,7,0.42857142857142855,0.4,0.42857142857142855,173.7143,8.8571,8,7,8,0.875,1.0,0.875,221.75,5.25,0,0.5,0,0.5,0,0,0,0.5,0.5,0
27,65245,2003-02-15,14,Canada,22,Kenya,15,"Newlands, Cape Town",1,1,1,1.0,1.0,1.0,180.0,10.0,1,0,1,0.0,0.0,0.0,140.0,10.0,0,0.5,0,0.5,0,0,0,0.5,0.5,0
28,65246,2003-02-16,26,Netherlands,5,England,24,"Buffalo Park, East London",1,0,1,0.0,0.0,0.0,136.0,10.0,8,2,8,0.25,0.2,0.25,231.625,8.375,0,0.5,0,0.5,0,0,0,0.5,0.5,0
29,65247,2003-02-16,30,Pakistan,23,Namibia,25,"De Beers Diamond Oval, Kimberley",1,0,1,0.0,0.0,0.0,228.0,10.0,1,0,1,0.0,0.0,0.0,104.0,5.0,0,0.5,0,0.5,0,0,0,0.5,0.5,1
30,65248,2003-02-16,36,South Africa,6,New Zealand,18,"New Wanderers Stadium, Johannesburg",2,1,2,0.5,0.5,0.5,208.5,4.5,7,5,7,0.7142857142857143,0.6,0.7142857142857143,177.8571,6.8571,0,0.5,0,0.5,0,0,0,0.5,0.5,0
32,65250,2003-02-19,2,India,46,Zimbabwe,16,Harare Sports Club,8,3,8,0.375,0.4,0.375,167.625,9.0,1,1,1,1.0,1.0,1.0,340.0,2.0,0,0.5,1,1.0,0,0,0,0.5,0.5,1
33,65251,2003-02-19,14,Canada,7,Sri Lanka,21,"Boland Bank Park, Paarl",2,1,2,0.5,0.5,0.5,188.5,10.0,7,3,7,0.42857142857142855,0.4,0.42857142857142855,261.8571,7.8571,0,0.5,0,0.5,0,0,0,0.5,0.5,0
34,65252,2003-02-19,5,England,23,Namibia,22,"St George's Park, Port Elizabeth",9,3,9,0.3333333333333333,0.4,0.3333333333333333,221.8889,7.8889,2,0,2,0.0,0.0,0.0,94.0,7.5,0,0.5,0,0.5,0,0,0,0.5,0.5,1
35,65254,2003-02-22,12,Bangladesh,36,South Africa,17,"Goodyear Park, Bloemfontein",2,0,1,0.0,0.0,0.0,76.0,6.0,3,1,3,0.3333333333333333,0.3333333333333333,0.3333333333333333,241.0,5.0,0,0.5,0,0.5,0,0,0,0.5,0.5,0
36,65255,2003-02-22,5,England,30,Pakistan,15,"Newlands, Cape Town",10,4,10,0.4,0.4,0.4,226.9,8.1,2,1,2,0.5,0.5,0.5,241.5,9.5,0,0.5,0,0.5,0,0,0,0.5,0.5,1
37,65256,2003-02-23,14,Canada,44,West Indies,23,"SuperSport Park, Centurion",3,1,3,0.3333333333333333,0.3333333333333333,0.3333333333333333,137.6667,10.0,3,1,2,0.5,0.5,0.5,247.6667,8.0,0,0.5,0,0.5,0,0,0,0.5,0.5,0
38,65257,2003-02-23,2,India,23,Namibia,27,"City Oval, Pietermaritzburg",9,4,9,0.4444444444444444,0.6,0.4444444444444444,177.3333,8.7778,3,0,3,0.0,0.0,0.0,135.0,8.0,0,0.5,0,0.5,0,0,0,0.5,0.5,1
39,65258,2003-02-24,22,Kenya,7,Sri Lanka,28,"Gymkhana Club Ground, Nairobi",2,1,2,0.5,0.5,0.5,169.0,8.0,8,4,8,0.5,0.4,0.5,233.75,7.0,0,0.5,0,0.5,0,0,0,0.5,0.5,1
40,65259,2003-02-24,46,Zimbabwe,3,Australia,29,"Queens Sports Club, Bulawayo",2,1,2,0.5,0.5,0.5,256.0,6.0,9,8,9,0.8888888888888888,1.0,0.8888888888888888,211.3333,4.7778,0,0.5,0,0.5,0,0,0,0.5,0.5,0
41,65260,2003-02-25,30,Pakistan,26,Netherlands,21,"Boland Bank Park, Paarl",3,1,3,0.3333333333333333,0.3333333333333333,0.3333333333333333,205.6667,9.6667,2,0,2,0.0,0.0,0.0,139.0,9.5,0,0.5,1,0.0,0,0,0,0.5,0.5,1
42,65261,2003-02-26,12,Bangladesh,6,New Zealand,25,"De Beers Diamond Oval, Kimberley",3,0,2,0.0,0.0,0.0,86.6667,7.3333,8,6,8,0.75,0.6,0.75,184.25,6.125,0,0.5,0,0.5,0,0,0,0.5,0.5,0
43,65262,2003-02-26,2,India,5,England,19,"Kingsmead, Durban",10,5,10,0.5,0.6,0.5,190.7,8.1,11,5,11,0.45454545454545453,0.6,0.4,228.6364,8.0909,0,0.5,0,0.5,1,1,0,1.0,0.0,1
44,65263,2003-02-27,3,Australia,23,Namibia,20,"North West Cricket Stadium, Potchefstroom",10,9,10,0.9,1.0,0.9,215.0,4.6,4,0,4,0.0,0.0,0.0,133.75,8.5,0,0.5,0,0.5,0,0,0,0.5,0.5,1
45,65264,2003-02-27,36,South Africa,14,Canada,24,"Buffalo Park, East London",4,2,4,0.5,0.5,0.5,208.0,3.75,4,1,4,0.25,0.25,0.25,153.75,10.0,0,0.5,0,0.5,0,0,0,0.5,0.5,1
46,65265,2003-02-28,46,Zimbabwe,26,Netherlands,29,"Queens Sports Club, Bulawayo",3,1,3,0.3333333333333333,0.3333333333333333,0.3333333333333333,252.6667,7.0,3,0,3,0.0,0.0,0.0,144.6667,9.6667,1,0.0,0,0.5,0,0,0,0.5,0.5,1
47,65266,2003-02-28,7,Sri Lanka,44,West Indies,15,"Newlands, Cape Town",9,4,9,0.4444444444444444,0.4,0.4444444444444444,225.2222,7.3333,4,2,3,0.6666666666666666,0.6666666666666666,0.6666666666666666,237.25,6.75,0,0.5,1,1.0,0,0,0,0.5,0.5,1
48,65267,2003-03-01,22,Kenya,12,Bangladesh,18,"New Wanderers Stadium, Johannesburg",3,2,3,0.6666666666666666,0.6666666666666666,0.6666666666666666,182.6667,8.3333,4,0,3,0.0,0.0,0.0,114.5,7.25,0,0.5,0,0.5,0,0,0,0.5,0.5,1
49,65268,2003-03-01,30,Pakistan,2,India,23,"SuperSport Park, Centurion",4,2,4,0.5,0.5,0.5,217.5,9.5,11,6,11,0.5454545454545454,0.8,0.5,196.0909,8.1818,0,0.5,1,0.0,0,0,0,0.5,0.5,0
50,65269,2003-03-02,5,England,3,Australia,22,"St George's Park, Port Elizabeth",12,5,12,0.4166666666666667,0.6,0.4,223.5833,8.25,11,10,11,0.9090909090909091,1.0,1.0,222.8182,4.7273,1,1.0,0,0.5,4,0,4,0.0,1.0,0
51,65270,2003-03-03,14,Canada,6,New Zealand,26,"Willowmoore Park, Benoni",5,1,5,0.2,0.2,0.2,150.2,9.0,9,7,9,0.7777777777777778,0.8,0.7777777777777778,185.8889,5.7778,0,0.5,0,0.5,0,0,0,0.5,0.5,0
52,65271,2003-03-03,26,Netherlands,23,Namibia,17,"Goodyear Park, Bloemfontein",4,0,4,0.0,0.0,0.0,159.0,9.5,5,0,5,0.0,0.0,0.0,116.0,8.8,0,0.5,0,0.5,0,0,0,0.5,0.5,1
55,65275,2003-03-07,3,Australia,7,Sri Lanka,23,"SuperSport Park, Centurion",12,11,12,0.9166666666666666,1.0,1.0,221.5833,5.0,11,5,10,0.5,0.75,0.5555555555555556,229.3636,7.3636,1,1.0,0,0.5,3,2,1,0.6666666666666666,0.3333333333333333,1
56,65276,2003-03-07,22,Kenya,2,India,15,"Newlands, Cape Town",4,3,4,0.75,0.75,0.75,191.25,8.0,12,7,12,0.5833333333333334,0.8,0.6,202.75,7.8333,1,1.0,0,0.5,0,0,0,0.5,0.5,0
57,65277,2003-03-08,46,Zimbabwe,6,New Zealand,17,"Goodyear Park, Bloemfontein",5,2,4,0.5,0.5,0.5,264.75,7.25,10,8,10,0.8,0.8,0.8,187.0,5.7,0,0.5,1,0.0,0,0,0,0.5,0.5,0
58,65278,2003-03-10,2,India,7,Sri Lanka,18,"New Wanderers Stadium, Johannesburg",13,8,13,0.6153846153846154,1.0,0.7,204.5385,7.5385,12,5,11,0.45454545454545453,0.5,0.4444444444444444,228.8333,7.5,0,0.5,0,0.5,0,0,0,0.5,0.5,1
59,65279,2003-03-11,3,Australia,6,New Zealand,22,"St George's Park, Port Elizabeth",13,12,13,0.9230769230769231,1.0,1.0,229.0769,5.0,11,9,11,0.8181818181818182,1.0,0.8,193.0,5.5455,1,1.0,1,1.0,0,0,0,0.5,0.5,1
60,65280,2003-03-12,46,Zimbabwe,22,Kenya,17,"Goodyear Park, Bloemfontein",6,2,5,0.4,0.25,0.4,262.2,7.2,5,3,5,0.6,0.6,0.6,198.0,7.6,1,0.0,0,0.5,0,0,0,0.5,0.5,0
61,65281,2003-03-14,6,New Zealand,2,India,23,"SuperSport Park, Centurion",12,9,12,0.75,0.8,0.7,186.25,5.9167,14,9,14,0.6428571428571429,1.0,0.8,210.7857,7.4286,0,0.5,2,0.5,5,4,1,0.8,0.2,0
62,65282,2003-03-15,7,Sri Lanka,46,Zimbabwe,24,"Buffalo Park, East London",13,5,12,0.4166666666666667,0.25,0.3333333333333333,219.6154,7.6923,7,2,6,0.3333333333333333,0.25,0.3333333333333333,240.6667,7.6667,0,0.5,0,0.5,0,0,0,0.5,0.5,1
63,65283,2003-03-15,22,Kenya,3,Australia,19,"Kingsmead, Durban",6,4,6,0.6666666666666666,0.8,0.6666666666666666,187.5,6.8333,14,13,14,0.9285714285714286,1.0,1.0,227.5714,5.2857,0,0.5,0,0.5,0,0,0,0.5,0.5,0
64,65284,2003-03-18,3,Australia,7,Sri Lanka,22,"St George's Park, Port Elizabeth",15,14,15,0.9333333333333333,1.0,1.0,224.2667,5.2667,14,6,13,0.46153846153846156,0.5,0.4444444444444444,222.2143,7.5,2,1.0,0,0.5,4,3,1,0.75,0.25,1
65,65285,2003-03-20,2,India,22,Kenya,19,"Kingsmead, Durban",15,10,15,0.6666666666666666,1.0,0.8,206.7333,7.1333,7,4,7,0.5714285714285714,0.6,0.5714285714285714,185.5714,7.0,1,1.0,1,0.0,1,1,0,1.0,0.0,1
66,65286,2003-03-23,3,Australia,2,India,18,"New Wanderers Stadium, Johannesburg",16,15,16,0.9375,1.0,1.0,223.5,5.375,16,11,16,0.6875,1.0,0.9,210.6875,6.9375,1,1.0,1,1.0,1,1,0,1.0,0.0,1
67,65803,2003-04-03,30,Pakistan,46,Zimbabwe,30,Sharjah Cricket Association Stadium,6,2,5,0.4,0.5,0.4,202.6667,8.0,8,2,7,0.2857142857142857,0.25,0.2857142857142857,232.2857,8.0,0,0.5,0,0.5,1,0,0,0.5,0.5,1
68,65804,2003-04-04,7,Sri Lanka,30,Pakistan,30,Sharjah Cricket Association Stadium,15,6,14,0.42857142857142855,0.25,0.4444444444444444,215.6,7.4667,7,3,6,0.5,0.5,0.5,213.4286,7.8571,0,0.5,1,1.0,0,0,0,0.5,0.5,0
69,65805,2003-04-05,22,Kenya,46,Zimbabwe,30,Sharjah Cricket Association Stadium,8,4,8,0.5,0.4,0.5,184.75,7.375,9,2,8,0.25,0.0,0.25,229.5,8.25,0,0.5,1,0.0,1,1,0,1.0,0.0,0
70,65806,2003-04-06,7,Sri Lanka,22,Kenya,30,Sharjah Cricket Association Stadium,16,6,15,0.4,0.2,0.4444444444444444,216.0625,7.375,9,4,9,0.4444444444444444,0.2,0.4444444444444444,189.2222,7.2222,1,0.0,1,0.0,1,0,1,0.0,1.0,1
71,65807,2003-04-07,7,Sri Lanka,46,Zimbabwe,30,Sharjah Cricket Association Stadium,17,7,16,0.4375,0.4,0.4444444444444444,218.4118,7.2353,10,3,9,0.3333333333333333,0.2,0.3333333333333333,229.5556,7.8889,2,0.5,2,0.5,1,1,0,1.0,0.0,0
72,65808,2003-04-08,30,Pakistan,22,Kenya,30,Sharjah Cricket Association Stadium,8,4,7,0.5714285714285714,0.75,0.5714285714285714,214.875,7.25,10,4,10,0.4,0.2,0.4,183.0,7.5,2,1.0,2,0.0,0,0,0,0.5,0.5,1
73,65809,2003-04-10,46,Zimbabwe,30,Pakistan,30,Sharjah Cricket Association Stadium,11,4,10,0.4,0.4,0.3333333333333333,226.0,7.7,9,5,8,0.625,0.75,0.625,222.7778,7.3333,3,0.6666666666666666,3,1.0,2,0,1,0.0,1.0,0
75,66357,2003-05-10,30,Pakistan,7,Sri Lanka,32,Rangiri Dambulla International Stadium,10,6,9,0.6666666666666666,1.0,0.6666666666666666,217.7,6.8,18,7,17,0.4117647058823529,0.4,0.3333333333333333,217.0,7.3889,0,0.5,0,0.5,1,1,0,1.0,0.0,1
76,66358,2003-05-11,30,Pakistan,6,New Zealand,32,Rangiri Dambulla International Stadium,11,7,10,0.7,1.0,0.7777777777777778,216.0,6.9091,13,9,13,0.6923076923076923,0.6,0.6,183.1538,6.2308,1,1.0,0,0.5,0,0,0,0.5,0.5,0
77,64820,2003-05-17,3,Australia,44,West Indies,33,"Sabina Park, Kingston, Jamaica",17,16,17,0.9411764705882353,1.0,1.0,231.4706,5.1765,5,2,4,0.5,0.5,0.5,234.2,7.2,0,0.5,0,0.5,0,0,0,0.5,0.5,1
78,66361,2003-05-19,6,New Zealand,7,Sri Lanka,32,Rangiri Dambulla International Stadium,14,10,14,0.7142857142857143,0.6,0.7,178.4286,6.0,19,7,18,0.3888888888888889,0.2,0.3333333333333333,211.8947,7.5263,1,1.0,1,0.0,1,0,1,0.0,1.0,1
79,66363,2003-05-23,30,Pakistan,6,New Zealand,32,Rangiri Dambulla International Stadium,12,7,11,0.6363636363636364,0.8,0.6666666666666666,207.6667,7.1667,15,11,15,0.7333333333333333,0.6,0.7,176.9333,6.1333,2,0.5,2,1.0,1,0,1,0.0,1.0,0
80,64825,2003-05-30,3,Australia,44,West Indies,34,"Queen's Park (New), St George's, Grenada",18,17,18,0.9444444444444444,1.0,1.0,233.6111,5.1667,6,2,5,0.4,0.25,0.4,229.3333,7.3333,0,0.5,0,0.5,1,1,0,1.0,0.0,0
81,64826,2003-06-01,3,Australia,44,West Indies,34,"Queen's Park (New), St George's, Grenada",19,17,19,0.8947368421052632,0.8,0.9,234.5789,5.4211,7,3,6,0.5,0.5,0.5,232.8571,7.2857,1,0.0,1,1.0,2,1,1,0.5,0.5,0
82,64827,2003-06-07,7,Sri Lanka,44,West Indies,35,"Kensington Oval, Bridgetown, Barbados",20,7,19,0.3684210526315789,0.2,0.2222222222222222,208.65,7.65,8,4,7,0.5714285714285714,0.6,0.5714285714285714,234.875,6.5,0,0.5,0,0.5,1,1,0,1.0,0.0,1
83,64829,2003-06-11,7,Sri Lanka,44,West Indies,36,"Arnos Vale Ground, Kingstown, St Vincent",21,8,20,0.4,0.4,0.3,208.2857,7.7619,9,4,8,0.5,0.4,0.5,225.0,6.8889,0,0.5,0,0.5,2,2,0,1.0,0.0,0
84,65029,2003-06-17,5,England,30,Pakistan,37,"Old Trafford, Manchester",13,5,13,0.38461538461538464,0.6,0.4,222.0769,8.2308,13,7,12,0.5833333333333334,0.6,0.6666666666666666,206.9231,7.3846,0,0.5,0,0.5,1,1,0,1.0,0.0,0
85,65030,2003-06-20,30,Pakistan,5,England,38,"Kennington Oval, London",14,8,13,0.6153846153846154,0.6,0.6666666666666666,207.0,7.4286,14,5,14,0.35714285714285715,0.4,0.4,220.7857,8.2857,0,0.5,0,0.5,2,1,1,0.5,0.5,0
86,65031,2003-06-22,30,Pakistan,5,England,4,"Lord's, London",15,8,14,0.5714285714285714,0.4,0.6666666666666666,205.5333,7.6,15,6,15,0.4,0.4,0.4,218.6667,7.9333,0,0.5,1,0.0,3,1,2,0.3333333333333333,0.6666666666666666,0
87,66293,2003-06-26,5,England,46,Zimbabwe,3,"Trent Bridge, Nottingham",16,7,16,0.4375,0.4,0.5,219.4375,7.8125,12,4,11,0.36363636363636365,0.4,0.3333333333333333,220.7273,7.9091,1,1.0,0,0.5,0,0,0,0.5,0.5,0
88,66294,2003-06-28,36,South Africa,5,England,38,"Kennington Oval, London",7,3,5,0.6,0.6666666666666666,0.6,219.1667,4.8333,17,7,17,0.4117647058823529,0.4,0.5,217.7647,7.8235,0,0.5,1,1.0,0,0,0,0.5,0.5,0
89,66295,2003-06-29,36,South Africa,46,Zimbabwe,39,"St Lawrence Ground, Canterbury",8,3,6,0.5,0.6666666666666666,0.5,225.5714,5.0,13,5,12,0.4166666666666667,0.6,0.4444444444444444,218.5833,7.75,0,0.5,0,0.5,0,0,0,0.5,0.5,1
91,66297,2003-07-03,5,England,36,South Africa,37,"Old Trafford, Manchester",19,8,18,0.4444444444444444,0.75,0.5555555555555556,213.0526,7.4211,9,4,7,0.5714285714285714,0.6666666666666666,0.5714285714285714,231.375,5.0,1,0.0,0,0.5,1,1,0,1.0,0.0,0
92,66299,2003-07-06,46,Zimbabwe,5,England,41,"The Royal & Sun Alliance County Ground, Bristol",15,5,13,0.38461538461538464,0.5,0.3333333333333333,219.1538,7.8462,20,8,19,0.42105263157894735,0.5,0.4444444444444444,213.55,7.4,0,0.5,0,0.5,2,1,0,1.0,0.0,0
93,66301,2003-07-10,46,Zimbabwe,36,South Africa,42,"The Rose Bowl, Southampton",16,5,14,0.35714285714285715,0.25,0.3333333333333333,210.0714,8.0,10,5,8,0.625,0.6666666666666666,0.625,230.8889,4.7778,0,0.5,0,0.5,1,0,1,0.0,1.0,0
94,66302,2003-07-12,36,South Africa,5,England,4,"Lord's, London",11,6,9,0.6666666666666666,0.75,0.75,225.2,4.6,21,9,20,0.45,0.5,0.4444444444444444,207.9048,7.2381,0,0.5,2,0.5,2,1,1,0.5,0.5,0
95,64830,2003-08-02,12,Bangladesh,3,Australia,43,"Bundaberg Rum Stadium, Cairns",5,0,4,0.0,0.0,0.0,128.6,7.8,20,17,20,0.85,0.6,0.8,235.2,5.55,0,0.5,0,0.5,0,0,0,0.5,0.5,0
96,64831,2003-08-03,12,Bangladesh,3,Australia,43,"Bundaberg Rum Stadium, Cairns",6,0,5,0.0,0.0,0.0,124.6667,8.1667,21,18,21,0.8571428571428571,0.6,0.8,229.0952,5.381,1,0.0,1,1.0,1,0,1,0.0,1.0,0
97,64832,2003-08-06,3,Australia,12,Bangladesh,44,"Marrara Cricket Ground, Darwin",22,19,22,0.8636363636363636,0.6,0.8,225.4091,5.1818,7,0,6,0.0,0.0,0.0,127.8571,8.4286,0,0.5,0,0.5,2,2,0,1.0,0.0,1
98,64833,2003-09-09,30,Pakistan,12,Bangladesh,45,Multan Cricket Stadium,16,8,15,0.5333333333333333,0.2,0.6,207.0,7.5625,8,0,7,0.0,0.0,0.0,129.625,8.625,0,0.5,0,0.5,0,0,0,0.5,0.5,1
99,64836,2003-09-18,12,Bangladesh,30,Pakistan,46,Rawalpindi Cricket Stadium,9,0,8,0.0,0.0,0.0,135.8889,8.7778,17,9,16,0.5625,0.4,0.6,213.8235,7.2941,0,0.5,0,0.5,1,0,1,0.0,1.0,0
100,64837,2003-09-21,30,Pakistan,12,Bangladesh,47,"National Stadium, Karachi",18,10,17,0.5882352941176471,0.6,0.6,214.5,7.1667,10,0,9,0.0,0.0,0.0,144.5,8.7,0,0.5,0,0.5,2,2,0,1.0,0.0,1
101,64838,2003-10-03,30,Pakistan,36,South Africa,48,"Gaddafi Stadium, Lahore",19,11,18,0.6111111111111112,0.6,0.6,219.1053,7.0526,12,6,10,0.6,0.6,0.625,214.4545,5.0909,0,0.5,0,0.5,0,0,0,0.5,0.5,1
102,64839,2003-10-05,30,Pakistan,36,South Africa,48,"Gaddafi Stadium, Lahore",20,12,19,0.631578947368421,0.8,0.6,222.0,7.0,13,6,11,0.5454545454545454,0.6,0.625,219.0,5.1667,1,1.0,1,0.0,1,1,0,1.0,0.0,1
103,64840,2003-10-07,30,Pakistan,36,South Africa,49,"Iqbal Stadium, Faisalabad",21,13,20,0.65,1.0,0.6,224.1429,7.0,14,6,12,0.5,0.4,0.5,219.4615,5.4615,0,0.5,0,0.5,2,2,0,1.0,0.0,0
104,64841,2003-10-10,30,Pakistan,36,South Africa,46,Rawalpindi Cricket Stadium,22,13,21,0.6190476190476191,0.8,0.6,225.0,7.0455,15,7,13,0.5384615384615384,0.4,0.5,219.5714,5.5,1,1.0,0,0.5,3,2,1,0.6666666666666666,0.3333333333333333,0
105,64842,2003-10-12,30,Pakistan,36,South Africa,46,Rawalpindi Cricket Stadium,23,13,22,0.5909090909090909,0.6,0.6,222.0435,7.1739,16,8,14,0.5714285714285714,0.4,0.5555555555555556,215.4667,5.4,2,0.5,1,1.0,4,2,2,0.5,0.5,0
107,66365,2003-10-26,2,India,3,Australia,51,"Captain Roop Singh Stadium, Gwalior",19,11,17,0.6470588235294118,0.6666666666666666,0.875,199.5789,6.6842,23,20,23,0.8695652173913043,0.6,0.8,226.6522,5.2609,0,0.5,0,0.5,2,0,2,0.0,1.0,1
108,66366,2003-10-29,6,New Zealand,3,Australia,52,"Nahar Singh Stadium, Faridabad",17,12,16,0.75,0.75,0.7777777777777778,178.375,6.125,24,20,24,0.8333333333333334,0.6,0.7,227.4583,5.4167,0,0.5,0,0.5,1,0,1,0.0,1.0,0
109,66367,2003-11-01,3,Australia,2,India,53,"Wankhede Stadium, Mumbai",25,21,25,0.84,0.8,0.7,222.4,5.28,20,12,18,0.6666666666666666,0.6666666666666666,0.875,203.75,6.6,0,0.5,0,0.5,3,2,1,0.6666666666666666,0.3333333333333333,1
110,66368,2003-11-03,6,New Zealand,3,Australia,54,"Nehru Stadium, Poona",18,12,17,0.7058823529411765,0.75,0.6666666666666666,173.5882,6.3529,26,22,26,0.8461538461538461,0.8,0.7,224.8462,5.3846,0,0.5,0,0.5,2,0,2,0.0,1.0,0
111,66369,2003-11-06,2,India,6,New Zealand,55,"Barabati Stadium, Cuttack",21,12,19,0.631578947368421,0.3333333333333333,0.75,204.0,6.7619,19,12,18,0.6666666666666666,0.5,0.5555555555555556,178.2778,6.5,0,0.5,0,0.5,7,2,4,0.3333333333333333,0.6666666666666666,0
112,64843,2003-11-07,12,Bangladesh,5,England,56,"MA Aziz Stadium, Chittagong",11,0,10,0.0,0.0,0.0,153.5455,8.5455,22,10,21,0.47619047619047616,0.75,0.5555555555555556,203.5,7.0455,0,0.5,0,0.5,0,0,0,0.5,0.5,0
113,64844,2003-11-10,12,Bangladesh,5,England,31,"Bangabandhu National Stadium, Dhaka",12,0,11,0.0,0.0,0.0,152.6667,8.6667,23,11,22,0.5,0.75,0.6666666666666666,200.913,6.8696,0,0.5,0,0.5,1,0,1,0.0,1.0,0
114,64845,2003-11-12,12,Bangladesh,5,England,31,"Bangabandhu National Stadium, Dhaka",13,0,12,0.0,0.0,0.0,151.2308,8.6923,24,12,23,0.5217391304347826,0.8,0.7777777777777778,198.25,6.7083,1,0.0,1,1.0,2,0,2,0.0,1.0,0
115,66372,2003-11-15,2,India,6,New Zealand,57,"Lal Bahadur Shastri Stadium, Hyderabad, Deccan",22,12,20,0.6,0.3333333333333333,0.625,205.9091,6.8636,20,13,19,0.6842105263157895,0.5,0.5555555555555556,182.0,6.4737,0,0.5,0,0.5,8,2,5,0.2857142857142857,0.7142857142857143,1
116,64846,2003-11-18,5,England,7,Sri Lanka,32,Rangiri Dambulla International Stadium,25,13,24,0.5416666666666666,1.0,0.7777777777777778,197.72,6.56,22,8,21,0.38095238095238093,0.2,0.3,207.5,7.8636,0,0.5,2,0.0,3,2,1,0.6666666666666666,0.3333333333333333,0
117,64848,2003-11-23,44,West Indies,46,Zimbabwe,29,"Queens Sports Club, Bulawayo",10,5,9,0.5555555555555556,0.6,0.5555555555555556,218.5,6.6,17,5,15,0.3333333333333333,0.25,0.3333333333333333,207.6,8.0,0,0.5,3,0.5,0,0,0,0.5,0.5,0
118,64849,2003-11-26,46,Zimbabwe,44,West Indies,16,Harare Sports Club,18,6,16,0.375,0.25,0.4444444444444444,202.625,7.75,11,5,10,0.5,0.6,0.4444444444444444,210.0,6.9091,2,0.5,0,0.5,1,1,0,1.0,0.0,1
119,64850,2003-11-29,6,New Zealand,30,Pakistan,48,"Gaddafi Stadium, Lahore",21,13,20,0.65,0.25,0.4444444444444444,183.3,6.65,24,13,23,0.5652173913043478,0.4,0.5,220.7917,7.2917,0,0.5,2,1.0,2,2,0,1.0,0.0,0
120,64851,2003-11-29,44,West Indies,46,Zimbabwe,16,Harare Sports Club,12,5,11,0.45454545454545453,0.4,0.4444444444444444,209.8333,7.1667,19,7,17,0.4117647058823529,0.5,0.5555555555555556,204.1765,7.5882,1,0.0,3,0.6666666666666666,2,0,2,0.0,1.0,1
121,64852,2003-11-30,46,Zimbabwe,44,West Indies,16,Harare Sports Club,20,7,18,0.3888888888888889,0.4,0.4444444444444444,201.1667,7.5556,13,6,12,0.5,0.4,0.5,213.3846,6.8462,4,0.5,2,0.5,3,2,1,0.6666666666666666,0.3333333333333333,0
122,64853,2003-12-01,30,Pakistan,6,New Zealand,48,"Gaddafi Stadium, Lahore",25,14,24,0.5833333333333334,0.4,0.6,223.64,7.28,22,13,21,0.6190476190476191,0.2,0.4444444444444444,188.4286,6.5714,3,1.0,1,0.0,3,1,2,0.3333333333333333,0.6666666666666666,1
123,64855,2003-12-05,6,New Zealand,30,Pakistan,46,Rawalpindi Cricket Stadium,23,13,22,0.5909090909090909,0.2,0.4444444444444444,187.0,6.7273,26,15,25,0.6,0.4,0.7,225.8462,7.2308,0,0.5,3,0.3333333333333333,4,2,2,0.5,0.5,0
124,64857,2004-01-03,30,Pakistan,6,New Zealand,58,Eden Park,27,16,26,0.6153846153846154,0.6,0.7,224.2963,7.0741,24,13,23,0.5652173913043478,0.2,0.3333333333333333,186.8261,6.8696,0,0.5,0,0.5,5,3,2,0.6,0.4,0
125,65643,2004-01-09,3,Australia,2,India,14,Melbourne Cricket Ground,27,23,27,0.8518518518518519,0.8,0.7,226.1111,5.4815,23,13,21,0.6190476190476191,0.5,0.625,212.3043,6.7826,2,1.0,0,0.5,4,3,1,0.75,0.25,1
126,65644,2004-01-11,3,Australia,46,Zimbabwe,9,Sydney Cricket Ground,28,24,28,0.8571428571428571,0.8,0.7,228.3214,5.6429,21,7,19,0.3684210526315789,0.4,0.3333333333333333,200.8947,7.6842,2,0.5,0,0.5,1,1,0,1.0,0.0,1
127,65645,2004-01-14,46,Zimbabwe,2,India,59,Bellerive Oval,22,7,20,0.35,0.4,0.3333333333333333,197.15,7.8,24,13,22,0.5909090909090909,0.4,0.5,214.7083,6.9167,0,0.5,0,0.5,1,0,1,0.0,1.0,0
128,65646,2004-01-16,3,Australia,46,Zimbabwe,59,Bellerive Oval,29,25,29,0.8620689655172413,1.0,0.8,228.2069,5.7241,23,7,21,0.3333333333333333,0.2,0.2222222222222222,197.6667,7.7143,0,0.5,1,0.0,2,2,0,1.0,0.0,1
129,65647,2004-01-18,2,India,3,Australia,60,Brisbane Cricket Ground,25,14,23,0.6086956521739131,0.4,0.5,214.56,6.76,30,26,30,0.8666666666666667,1.0,0.9,232.0667,5.7667,0,0.5,0,0.5,5,1,4,0.2,0.8,1
130,65648,2004-01-20,2,India,46,Zimbabwe,60,Brisbane Cricket Ground,26,15,24,0.625,0.6,0.5,217.9615,6.6538,24,7,22,0.3181818181818182,0.0,0.2222222222222222,197.5909,7.6364,1,1.0,0,0.5,2,2,0,1.0,0.0,1
131,65649,2004-01-22,2,India,3,Australia,9,Sydney Cricket Ground,27,16,25,0.64,0.8,0.625,219.3333,6.6296,31,26,31,0.8387096774193549,0.8,0.8,233.7419,5.9032,0,0.5,3,0.6666666666666666,6,2,4,0.3333333333333333,0.6666666666666666,0
132,64862,2004-01-25,36,South Africa,44,West Indies,61,Newlands,17,9,15,0.6,0.6,0.6,214.0625,5.25,14,7,13,0.5384615384615384,0.6,0.5,212.2143,6.5,0,0.5,0,0.5,1,0,1,0.0,1.0,1
135,64865,2004-02-01,36,South Africa,44,West Indies,63,SuperSport Park,19,10,16,0.625,1.0,0.6666666666666666,205.7222,4.9444,16,7,14,0.5,0.5,0.5555555555555556,198.25,6.8125,0,0.5,0,0.5,3,1,1,0.5,0.5,0
136,65653,2004-02-01,2,India,3,Australia,64,W.A.C.A. Ground,28,16,26,0.6153846153846154,0.6,0.5555555555555556,222.0714,6.5357,33,27,32,0.84375,0.75,0.7777777777777778,234.3636,6.0606,0,0.5,0,0.5,7,2,5,0.2857142857142857,0.7142857142857143,0
137,65655,2004-02-06,2,India,3,Australia,14,Melbourne Cricket Ground,29,16,27,0.5925925925925926,0.6,0.5,221.4138,6.6552,34,28,33,0.8484848484848485,0.75,0.8888888888888888,233.4706,6.0294,1,0.0,4,1.0,8,2,6,0.25,0.75,0
138,65656,2004-02-08,3,Australia,2,India,9,Sydney Cricket Ground,35,29,34,0.8529411764705882,0.75,0.8888888888888888,233.2,5.9429,30,16,28,0.5714285714285714,0.4,0.4,221.4333,6.7667,4,0.75,1,0.0,9,7,2,0.7777777777777778,0.2222222222222222,1
139,64870,2004-02-20,3,Australia,7,Sri Lanka,32,Rangiri Dambulla International Stadium,36,30,35,0.8571428571428571,1.0,0.8888888888888888,236.6944,5.9167,23,9,22,0.4090909090909091,0.4,0.4,202.3478,7.5217,0,0.5,3,0.3333333333333333,5,4,1,0.8,0.2,1
140,64871,2004-02-22,7,Sri Lanka,3,Australia,32,Rangiri Dambulla International Stadium,24,9,23,0.391304347826087,0.4,0.3,201.3333,7.625,37,31,36,0.8611111111111112,1.0,0.8888888888888888,237.3784,5.9189,4,0.25,1,1.0,6,1,5,0.16666666666666666,0.8333333333333334,1
141,64872,2004-02-25,36,South Africa,6,New Zealand,65,Carisbrook,20,10,17,0.5882352941176471,0.75,0.5555555555555556,210.5263,4.8947,25,14,24,0.5833333333333334,0.2,0.3333333333333333,188.625,6.8333,0,0.5,0,0.5,1,0,1,0.0,1.0,0
142,64874,2004-02-27,3,Australia,7,Sri Lanka,66,R.Premadasa Stadium,38,31,37,0.8378378378378378,0.8,0.7777777777777778,237.5526,5.8947,25,10,24,0.4166666666666667,0.6,0.4,203.08,7.72,0,0.5,0,0.5,7,5,2,0.7142857142857143,0.2857142857142857,1
143,64881,2004-03-14,12,Bangladesh,46,Zimbabwe,16,Harare Sports Club,14,0,13,0.0,0.0,0.0,153.4286,8.7857,26,7,23,0.30434782608695654,0.0,0.2222222222222222,199.0435,7.6957,0,0.5,5,0.4,0,0,0,0.5,0.5,0
144,64882,2004-03-16,30,Pakistan,2,India,46,Rawalpindi Cricket Stadium,28,16,27,0.5925925925925926,0.6,0.6,224.4643,7.0714,31,16,29,0.5517241379310345,0.2,0.4,219.1613,6.871,4,0.5,0,0.5,1,0,1,0.0,1.0,1
145,64883,2004-03-19,2,India,30,Pakistan,67,Arbab Niaz Stadium,32,16,30,0.5333333333333333,0.0,0.4,222.2188,6.9688,29,17,28,0.6071428571428571,0.8,0.6,228.069,7.0345,0,0.5,0,0.5,2,1,1,0.5,0.5,0
146,64884,2004-03-21,30,Pakistan,2,India,68,Gaddafi Stadium,30,18,29,0.6206896551724138,0.8,0.6,228.7,7.0,33,16,31,0.5161290322580645,0.0,0.3,222.8788,7.0303,0,0.5,0,0.5,3,2,1,0.6666666666666666,0.3333333333333333,0
147,64885,2004-03-24,2,India,30,Pakistan,68,Gaddafi Stadium,34,17,32,0.53125,0.2,0.4,224.9706,6.9706,31,18,30,0.6,0.6,0.5,230.7742,7.0645,1,1.0,1,0.0,4,2,2,0.5,0.5,1
148,64887,2004-04-20,46,Zimbabwe,7,Sri Lanka,69,Queens Sports Club,27,8,24,0.3333333333333333,0.25,0.3333333333333333,198.4583,7.6667,26,10,25,0.4,0.4,0.4,202.6923,7.8077,0,0.5,0,0.5,2,1,1,0.5,0.5,0
150,64891,2004-04-27,7,Sri Lanka,46,Zimbabwe,16,Harare Sports Club,27,11,26,0.4230769230769231,0.6,0.4,200.5185,7.6667,28,8,25,0.32,0.25,0.2222222222222222,198.96,7.6,0,0.5,6,0.5,3,2,1,0.6666666666666666,0.3333333333333333,1
151,64894,2004-05-02,5,England,44,West Indies,71,Daren Sammy National Cricket Stadium,27,13,25,0.52,0.75,0.75,193.5,6.6923,18,8,15,0.5333333333333333,0.6666666666666666,0.5,196.0556,6.3333,0,0.5,0,0.5,1,0,0,0.5,0.5,0
152,64896,2004-05-15,12,Bangladesh,44,West Indies,72,Arnos Vale Ground,15,0,14,0.0,0.0,0.0,155.4,8.8667,19,9,16,0.5625,0.6666666666666666,0.625,200.5789,6.3158,0,0.5,0,0.5,1,0,0,0.5,0.5,0
153,64897,2004-05-16,44,West Indies,12,Bangladesh,72,Arnos Vale Ground,20,10,17,0.5882352941176471,1.0,0.625,197.8,6.45,16,0,15,0.0,0.0,0.0,154.6875,8.8125,1,1.0,1,0.0,2,1,0,1.0,0.0,1
154,64898,2004-05-19,12,Bangladesh,44,West Indies,73,National Cricket Stadium,17,0,16,0.0,0.0,0.0,151.5294,8.7647,21,11,18,0.6111111111111112,1.0,0.75,194.2857,6.4762,0,0.5,0,0.5,3,0,2,0.0,1.0,0
155,64899,2004-05-25,46,Zimbabwe,3,Australia,16,Harare Sports Club,29,8,26,0.3076923076923077,0.25,0.1111111111111111,197.1154,7.6923,39,32,38,0.8421052631578947,0.8,0.7777777777777778,237.4359,6.0,7,0.42857142857142855,0,0.5,4,0,3,0.0,1.0,0
156,64900,2004-05-27,3,Australia,46,Zimbabwe,16,Harare Sports Club,40,33,39,0.8461538461538461,0.8,0.7777777777777778,236.675,5.925,30,8,27,0.2962962962962963,0.25,0.1111111111111111,197.4074,7.7407,1,1.0,8,0.375,5,4,0,1.0,0.0,1
157,64901,2004-05-29,46,Zimbabwe,3,Australia,16,Harare Sports Club,31,8,28,0.2857142857142857,0.2,0.1111111111111111,196.9286,7.7857,41,34,40,0.85,0.8,0.8888888888888888,238.7805,5.9756,9,0.3333333333333333,2,1.0,6,0,5,0.0,1.0,0
158,66304,2004-06-27,5,England,44,West Indies,74,Trent Bridge,28,13,26,0.5,0.5,0.625,196.7037,6.7407,22,12,19,0.631578947368421,1.0,0.875,190.8636,6.3182,0,0.5,0,0.5,2,0,1,0.0,1.0,0
159,66305,2004-06-29,5,England,6,New Zealand,75,Riverside Ground,29,13,27,0.48148148148148145,0.25,0.5555555555555556,194.9286,6.8571,26,15,25,0.6,0.4,0.3333333333333333,191.64,6.72,0,0.5,0,0.5,0,0,0,0.5,0.5,0
160,66306,2004-07-01,44,West Indies,5,England,76,Headingley,23,13,20,0.65,1.0,0.875,189.0,6.1739,30,13,28,0.4642857142857143,0.0,0.5555555555555556,191.6897,6.9655,0,0.5,0,0.5,3,2,0,1.0,0.0,0
161,66309,2004-07-06,5,England,44,West Indies,77,Lord's,31,14,29,0.4827586206896552,0.25,0.5555555555555556,190.6333,6.8333,24,13,21,0.6190476190476191,0.8,0.75,187.75,6.3333,0,0.5,0,0.5,4,1,2,0.3333333333333333,0.6666666666666666,0
162,66311,2004-07-10,6,New Zealand,44,West Indies,77,Lord's,27,16,26,0.6153846153846154,0.6,0.4,188.2308,6.5769,25,14,22,0.6363636363636364,0.8,0.875,191.68,6.2,0,0.5,1,1.0,1,1,0,1.0,0.0,1
163,65708,2004-07-17,30,Pakistan,12,Bangladesh,78,Sinhalese Sports Club,32,18,31,0.5806451612903226,0.4,0.5,231.4688,7.1562,18,0,17,0.0,0.0,0.0,149.6667,8.6667,0,0.5,0,0.5,3,3,0,1.0,0.0,1
164,65713,2004-07-21,30,Pakistan,7,Sri Lanka,66,R.Premadasa Stadium,33,19,32,0.59375,0.6,0.6,232.2424,7.1212,28,12,27,0.4444444444444444,0.6,0.5,201.3214,7.7143,0,0.5,1,0.0,2,2,0,1.0,0.0,0
165,65714,2004-07-23,12,Bangladesh,7,Sri Lanka,66,R.Premadasa Stadium,19,0,18,0.0,0.0,0.0,151.3158,8.7368,29,13,28,0.4642857142857143,0.8,0.6,198.6207,7.5517,0,0.5,2,0.5,0,0,0,0.5,0.5,0
166,65716,2004-07-27,2,India,7,Sri Lanka,66,R.Premadasa Stadium,35,18,33,0.5454545454545454,0.4,0.4,226.9143,6.9714,30,14,29,0.4827586206896552,0.8,0.7,198.3667,7.3,0,0.5,3,0.6666666666666666,1,1,0,1.0,0.0,1
167,65718,2004-08-01,7,Sri Lanka,2,India,66,R.Premadasa Stadium,31,14,30,0.4666666666666667,0.8,0.6,200.5806,7.3548,36,19,34,0.5588235294117647,0.6,0.4,228.1389,6.9444,4,0.5,1,1.0,2,0,2,0.0,1.0,1
168,66374,2004-08-21,30,Pakistan,2,India,79,VRA Cricket Ground,34,19,33,0.5757575757575758,0.4,0.6,229.0,7.2059,37,19,35,0.5428571428571428,0.6,0.3,227.4595,7.0,0,0.5,0,0.5,5,2,3,0.4,0.6,1
170,64905,2004-08-28,36,South Africa,7,Sri Lanka,32,Rangiri Dambulla International Stadium,21,10,18,0.5555555555555556,0.5,0.4444444444444444,212.95,5.0,32,15,31,0.4838709677419355,0.8,0.7,201.4375,7.4062,0,0.5,5,0.4,1,0,0,0.5,0.5,0
171,64906,2004-08-31,7,Sri Lanka,36,South Africa,78,Sinhalese Sports Club,33,16,32,0.5,0.8,0.7,202.4848,7.2727,22,10,19,0.5263157894736842,0.25,0.4444444444444444,214.0,5.0952,0,0.5,0,0.5,2,1,0,1.0,0.0,1
172,65032,2004-09-01,2,India,5,England,74,Trent Bridge,39,19,36,0.5277777777777778,0.5,0.3333333333333333,224.8158,7.0789,32,14,30,0.4666666666666667,0.2,0.4444444444444444,193.6774,6.8387,0,0.5,1,0.0,2,2,0,1.0,0.0,0
173,65033,2004-09-03,5,England,2,India,80,Kennington Oval,33,15,31,0.4838709677419355,0.4,0.4444444444444444,192.9688,6.7188,40,19,37,0.5135135135135135,0.25,0.3333333333333333,223.4103,7.1538,0,0.5,0,0.5,3,1,2,0.3333333333333333,0.6666666666666666,1
174,66377,2004-09-04,3,Australia,30,Pakistan,77,Lord's,43,35,41,0.8536585365853658,1.0,0.8888888888888888,236.3721,5.907,35,20,34,0.5882352941176471,0.4,0.6,227.9429,7.1714,0,0.5,0,0.5,1,1,0,1.0,0.0,1
175,65034,2004-09-05,2,India,5,England,77,Lord's,41,19,38,0.5,0.0,0.3333333333333333,223.75,7.225,34,16,32,0.5,0.6,0.4444444444444444,196.4242,6.6667,0,0.5,1,0.0,4,2,2,0.5,0.5,1
176,66196,2004-09-10,5,England,46,Zimbabwe,81,Edgbaston,35,16,33,0.48484848484848486,0.6,0.3333333333333333,195.9706,6.7647,32,8,29,0.27586206896551724,0.0,0.1111111111111111,196.8966,7.8621,0,0.5,0,0.5,3,1,1,0.5,0.5,1
177,66197,2004-09-10,6,New Zealand,42,United States of America,80,Kennington Oval,28,17,27,0.6296296296296297,0.8,0.5,191.1111,6.7037,0,0,0,0.5,0.5,0.5,0.0,0.0,0,0.5,0,0.5,0,0,0,0.5,0.5,1
178,66198,2004-09-11,2,India,22,Kenya,82,The Rose Bowl,42,20,39,0.5128205128205128,0.25,0.4444444444444444,223.2683,7.2927,11,4,11,0.36363636363636365,0.0,0.4,179.3636,7.7273,0,0.5,0,0.5,2,2,0,1.0,0.0,1
179,66200,2004-09-13,42,United States of America,3,Australia,82,The Rose Bowl,1,0,1,0.0,0.0,0.0,137.0,10.0,44,36,42,0.8571428571428571,1.0,0.8888888888888888,237.1136,5.9091,0,0.5,0,0.5,0,0,0,0.5,0.5,0
180,66201,2004-09-14,46,Zimbabwe,7,Sri Lanka,80,Kennington Oval,33,8,30,0.26666666666666666,0.0,0.1111111111111111,195.2333,7.9333,34,17,33,0.5151515151515151,0.8,0.8,205.5882,7.2941,0,0.5,0,0.5,4,1,3,0.25,0.75,0
181,66202,2004-09-14,22,Kenya,30,Pakistan,81,Edgbaston,12,4,12,0.3333333333333333,0.0,0.3,180.4167,7.6667,36,20,35,0.5714285714285714,0.4,0.5,228.8056,7.25,0,0.5,0,0.5,1,0,1,0.0,1.0,0
182,66203,2004-09-15,44,West Indies,12,Bangladesh,82,The Rose Bowl,26,14,23,0.6086956521739131,0.6,0.7777777777777778,190.4231,6.3462,20,0,19,0.0,0.0,0.0,153.25,8.75,0,0.5,0,0.5,4,3,0,1.0,0.0,1
183,66204,2004-09-16,6,New Zealand,3,Australia,80,Kennington Oval,29,18,28,0.6428571428571429,1.0,0.6,196.6786,6.6071,45,37,43,0.8604651162790697,1.0,0.8888888888888888,233.3111,5.8,1,1.0,0,0.5,3,0,3,0.0,1.0,0
184,66205,2004-09-17,5,England,7,Sri Lanka,82,The Rose Bowl,36,17,34,0.5,0.6,0.4444444444444444,198.9143,6.7714,35,18,34,0.5294117647058824,0.8,0.8,205.2857,7.2571,0,0.5,0,0.5,4,2,2,0.5,0.5,1
185,66206,2004-09-18,36,South Africa,44,West Indies,80,Kennington Oval,23,10,20,0.5,0.0,0.4444444444444444,216.0455,5.3182,27,15,24,0.625,0.6,0.7777777777777778,193.3333,6.2222,0,0.5,0,0.5,4,1,2,0.3333333333333333,0.6666666666666666,0
186,66207,2004-09-19,2,India,30,Pakistan,81,Edgbaston,43,21,40,0.525,0.5,0.5555555555555556,224.8571,7.2143,37,21,36,0.5833333333333334,0.6,0.5,225.1892,7.1351,0,0.5,1,1.0,6,3,3,0.5,0.5,0
187,66208,2004-09-21,3,Australia,5,England,81,Edgbaston,46,38,44,0.8636363636363636,1.0,0.8888888888888888,232.5652,5.7391,37,18,35,0.5142857142857142,0.8,0.5,200.3611,6.7778,0,0.5,1,1.0,5,5,0,1.0,0.0,0
188,66209,2004-09-22,30,Pakistan,44,West Indies,82,The Rose Bowl,38,22,37,0.5945945945945946,0.6,0.6,224.5526,7.1316,28,16,25,0.64,0.6,0.8,195.3214,6.1786,0,0.5,1,1.0,0,0,0,0.5,0.5,0
189,66210,2004-09-25,5,England,44,West Indies,80,Kennington Oval,38,19,36,0.5277777777777778,0.8,0.6,202.027,6.7027,29,17,26,0.6538461538461539,0.8,0.8,193.1379,6.069,1,1.0,1,1.0,5,1,3,0.25,0.75,0
190,66378,2004-09-30,30,Pakistan,46,Zimbabwe,45,Multan Cricket Stadium,39,22,38,0.5789473684210527,0.6,0.5,222.1538,7.2051,34,8,31,0.25806451612903225,0.0,0.1111111111111111,195.0968,8.0,1,1.0,0,0.5,3,2,0,1.0,0.0,1
191,66379,2004-10-03,46,Zimbabwe,30,Pakistan,67,Arbab Niaz Stadium,35,8,32,0.25,0.0,0.1111111111111111,193.625,8.0625,40,23,39,0.5897435897435898,0.6,0.5,223.9,7.2,0,0.5,1,1.0,4,0,3,0.0,1.0,0
192,66380,2004-10-06,7,Sri Lanka,30,Pakistan,83,National Stadium,36,18,35,0.5142857142857142,0.8,0.8,202.2222,7.1944,41,24,40,0.6,0.8,0.6,224.7317,7.1951,0,0.5,0,0.5,3,1,2,0.3333333333333333,0.6666666666666666,0
193,66381,2004-10-09,46,Zimbabwe,7,Sri Lanka,46,Rawalpindi Cricket Stadium,36,8,33,0.24242424242424243,0.0,0.1,195.3939,7.9394,37,18,36,0.5,0.6,0.7,203.027,7.2432,0,0.5,0,0.5,5,1,4,0.2,0.8,0
194,66383,2004-10-16,7,Sri Lanka,30,Pakistan,68,Gaddafi Stadium,38,19,37,0.5135135135135135,0.6,0.7,200.5263,7.1316,42,25,41,0.6097560975609756,0.8,0.7,224.9286,7.0714,0,0.5,2,0.0,4,1,3,0.25,0.75,1
195,64907,2004-11-02,6,New Zealand,12,Bangladesh,84,MA Aziz Stadium,30,18,29,0.6206896551724138,0.8,0.5,196.7241,6.6897,21,0,20,0.0,0.0,0.0,152.1905,8.8095,0,0.5,0,0.5,1,1,0,1.0,0.0,1
196,64910,2004-11-28,46,Zimbabwe,5,England,16,Harare Sports Club,37,8,34,0.23529411764705882,0.0,0.0,192.7059,8.0,39,19,37,0.5135135135135135,0.6,0.6,202.4211,6.7895,10,0.3,0,0.5,4,1,2,0.3333333333333333,0.6666666666666666,0
197,64911,2004-12-01,5,England,46,Zimbabwe,16,Harare Sports Club,40,20,38,0.5263157894736842,0.8,0.7,202.2821,6.7436,38,8,35,0.22857142857142856,0.0,0.0,192.7714,8.0571,1,1.0,11,0.2727272727272727,5,3,1,0.75,0.25,1
198,64913,2004-12-05,5,England,46,Zimbabwe,69,Queens Sports Club,41,21,39,0.5384615384615384,0.8,0.7,203.8,6.725,39,8,36,0.2222222222222222,0.0,0.0,190.25,8.1111,0,0.5,1,0.0,6,4,1,0.8,0.2,1
199,66385,2004-12-05,3,Australia,6,New Zealand,85,Docklands Stadium,47,38,45,0.8444444444444444,0.75,0.7777777777777778,233.1277,5.8085,31,19,30,0.6333333333333333,0.8,0.6,197.6333,6.8,0,0.5,0,0.5,4,4,0,1.0,0.0,0
200,66386,2004-12-08,3,Australia,6,New Zealand,9,Sydney Cricket Ground,48,38,46,0.8260869565217391,0.6,0.7777777777777778,233.3958,5.875,32,20,31,0.6451612903225806,0.8,0.7,199.2258,6.7742,5,0.8,0,0.5,5,4,1,0.8,0.2,1
201,64914,2004-12-23,2,India,12,Bangladesh,84,MA Aziz Stadium,44,21,41,0.5121951219512195,0.4,0.4444444444444444,224.2791,7.2791,22,0,21,0.0,0.0,0.0,149.1818,8.8636,0,0.5,1,0.0,0,0,0,0.5,0.5,1
202,64917,2004-12-27,2,India,12,Bangladesh,86,Bangabandhu National Stadium,45,22,42,0.5238095238095238,0.6,0.4444444444444444,224.75,7.2955,23,0,22,0.0,0.0,0.0,152.8696,8.8261,0,0.5,0,0.5,1,1,0,1.0,0.0,1
203,65659,2005-01-19,44,West Indies,30,Pakistan,87,"Brisbane Cricket Ground, Woolloongabba",30,18,27,0.6666666666666666,0.8,0.8,193.9667,6.1333,43,25,42,0.5952380952380952,0.6,0.6,223.6047,7.1395,0,0.5,0,0.5,1,1,0,1.0,0.0,0
205,65661,2005-01-23,30,Pakistan,3,Australia,9,Sydney Cricket Ground,44,26,43,0.6046511627906976,0.8,0.7,224.75,7.0682,50,39,47,0.8297872340425532,0.5,0.75,230.14,5.88,0,0.5,6,0.8333333333333334,2,0,2,0.0,1.0,0
206,64919,2005-01-24,46,Zimbabwe,12,Bangladesh,84,MA Aziz Stadium,40,8,37,0.21621621621621623,0.0,0.0,190.1622,8.1622,24,0,23,0.0,0.0,0.0,157.2083,8.8333,0,0.5,2,0.0,1,1,0,1.0,0.0,1
207,65662,2005-01-26,3,Australia,44,West Indies,13,Adelaide Oval,51,40,48,0.8333333333333334,0.5,0.75,228.902,5.7843,32,18,28,0.6428571428571429,0.75,0.6666666666666666,198.5938,6.1875,1,1.0,0,0.5,4,1,2,0.3333333333333333,0.6666666666666666,1
208,64922,2005-01-30,36,South Africa,5,England,88,The Wanderers Stadium,24,10,21,0.47619047619047616,0.0,0.4444444444444444,217.3478,5.3478,42,22,40,0.55,0.8,0.8,205.1951,6.7073,0,0.5,0,0.5,3,1,2,0.3333333333333333,0.6666666666666666,0
209,65664,2005-01-30,3,Australia,30,Pakistan,64,W.A.C.A. Ground,52,41,49,0.8367346938775511,0.75,0.75,229.6731,5.8269,45,26,44,0.5909090909090909,0.6,0.6,223.3778,7.1333,1,1.0,0,0.5,3,3,0,1.0,0.0,0
210,64923,2005-01-31,46,Zimbabwe,12,Bangladesh,86,Bangabandhu National Stadium,41,9,38,0.23684210526315788,0.2,0.1,191.3947,8.0789,25,0,24,0.0,0.0,0.0,159.16,8.88,0,0.5,1,0.0,2,2,0,1.0,0.0,0
211,65665,2005-02-01,30,Pakistan,44,West Indies,64,W.A.C.A. Ground,46,27,45,0.6,0.6,0.7,224.3478,7.1304,33,18,29,0.6206896551724138,0.5,0.5555555555555556,198.5152,6.303,1,1.0,0,0.5,2,1,1,0.5,0.5,1
213,64925,2005-02-04,5,England,36,South Africa,90,St George's Park,44,23,41,0.5609756097560976,1.0,0.7777777777777778,204.3256,6.5814,26,10,22,0.45454545454545453,0.0,0.25,217.76,5.6,0,0.5,0,0.5,5,3,1,0.75,0.25,0
214,65666,2005-02-04,3,Australia,30,Pakistan,14,Melbourne Cricket Ground,53,41,50,0.82,0.75,0.6666666666666666,230.3396,5.9057,47,28,46,0.6086956521739131,0.6,0.7,226.1064,7.1489,5,1.0,0,0.5,4,3,1,0.75,0.25,1
215,64926,2005-02-06,36,South Africa,5,England,61,Newlands,27,11,23,0.4782608695652174,0.25,0.25,219.7692,5.6538,45,23,42,0.5476190476190477,0.75,0.7777777777777778,205.75,6.6136,1,1.0,0,0.5,6,2,3,0.4,0.6,1
216,64927,2005-02-09,36,South Africa,5,England,91,Buffalo Park,28,12,24,0.5,0.5,0.25,222.4074,5.6296,46,23,43,0.5348837209302325,0.5,0.6666666666666666,205.2444,6.6889,0,0.5,0,0.5,7,3,3,0.5,0.5,1
218,64929,2005-02-13,5,England,36,South Africa,63,SuperSport Park,48,23,44,0.5227272727272727,0.0,0.5,203.1277,6.617,30,13,25,0.52,1.0,0.375,225.069,5.8276,0,0.5,1,0.0,9,3,4,0.42857142857142855,0.5714285714285714,0
219,64932,2005-02-25,36,South Africa,46,Zimbabwe,88,The Wanderers Stadium,31,14,26,0.5384615384615384,1.0,0.5,225.6,5.8667,42,9,39,0.23076923076923078,0.2,0.1,191.5641,8.1282,1,0.0,0,0.5,2,2,0,1.0,0.0,1
220,64933,2005-02-26,3,Australia,6,New Zealand,58,Eden Park,54,42,51,0.8235294117647058,0.75,0.6666666666666666,230.463,5.9815,33,20,32,0.625,0.6,0.7,200.625,6.875,0,0.5,1,1.0,6,5,1,0.8333333333333334,0.16666666666666666,1
221,64934,2005-02-27,36,South Africa,46,Zimbabwe,62,Kingsmead,32,15,27,0.5555555555555556,1.0,0.625,228.0323,5.9032,43,9,40,0.225,0.2,0.1,190.175,8.175,2,0.5,0,0.5,3,3,0,1.0,0.0,1
222,64935,2005-03-01,6,New Zealand,3,Australia,92,Basin Reserve,34,20,33,0.6060606060606061,0.4,0.7,199.9394,6.9394,55,43,52,0.8269230769230769,0.8,0.6666666666666666,231.0727,5.9636,0,0.5,0,0.5,7,1,6,0.14285714285714285,0.8571428571428571,0
223,64936,2005-03-02,46,Zimbabwe,36,South Africa,90,St George's Park,44,9,41,0.21951219512195122,0.2,0.1,190.3659,8.1463,33,16,28,0.5714285714285714,1.0,0.75,231.1875,5.9062,0,0.5,1,1.0,4,0,4,0.0,1.0,0
224,64939,2005-04-05,2,India,30,Pakistan,93,Dr. Y.S. Rajasekhara Reddy ACA-VDCA Cricket Stadium,46,23,43,0.5348837209302325,0.8,0.4444444444444444,227.4889,7.2444,48,28,47,0.5957446808510638,0.6,0.6,225.9583,7.1875,0,0.5,0,0.5,7,3,4,0.42857142857142855,0.5714285714285714,1
225,64941,2005-04-12,2,India,30,Pakistan,94,"Sardar Patel (Gujarat) Stadium, Motera",47,24,44,0.5454545454545454,0.8,0.5555555555555556,230.2826,7.2826,49,28,48,0.5833333333333334,0.4,0.6,227.4286,7.2449,0,0.5,0,0.5,8,4,4,0.5,0.5,0
226,64942,2005-04-15,2,India,30,Pakistan,95,Green Park,48,24,45,0.5333333333333333,0.6,0.5555555555555556,232.0851,7.2553,50,29,49,0.5918367346938775,0.6,0.6,229.26,7.24,0,0.5,0,0.5,9,4,5,0.4444444444444444,0.5555555555555556,0
227,64943,2005-04-17,30,Pakistan,2,India,96,Arun Jaitley Stadium,51,30,50,0.6,0.6,0.6,229.7059,7.1961,49,24,46,0.5217391304347826,0.6,0.5,232.4375,7.2292,0,0.5,0,0.5,10,6,4,0.6,0.4,1
228,208835,2005-05-08,44,West Indies,36,South Africa,97,"Sabina Park, Kingston",34,18,30,0.6,0.25,0.5555555555555556,200.8235,6.4118,34,17,29,0.5862068965517241,1.0,0.875,230.4545,5.8788,0,0.5,0,0.5,5,3,1,0.75,0.25,0
229,209339,2005-05-15,44,West Indies,36,South Africa,98,"Queen's Park Oval, Port of Spain",35,18,31,0.5806451612903226,0.0,0.4444444444444444,199.4286,6.4286,35,18,30,0.6,1.0,1.0,227.3235,5.7647,0,0.5,0,0.5,6,3,2,0.6,0.4,0
230,209582,2005-05-18,30,Pakistan,44,West Indies,99,"Arnos Vale Ground, Kingstown",52,31,51,0.6078431372549019,0.6,0.6,231.1154,7.2115,36,18,32,0.5625,0.0,0.4444444444444444,197.7222,6.4444,0,0.5,0,0.5,3,2,1,0.6666666666666666,0.3333333333333333,1
231,209768,2005-05-22,30,Pakistan,44,West Indies,100,"Daren Sammy National Cricket Stadium, Gros Islet",53,32,52,0.6153846153846154,0.8,0.7,230.3774,7.2642,37,18,33,0.5454545454545454,0.0,0.3333333333333333,195.973,6.5405,0,0.5,0,0.5,4,3,1,0.75,0.25,1
232,211244,2005-06-16,12,Bangladesh,5,England,80,Kennington Oval,26,1,25,0.04,0.2,0.1,160.8077,8.6154,49,23,45,0.5111111111111111,0.0,0.5,203.8958,6.6875,0,0.5,2,0.5,3,0,3,0.0,1.0,0
233,211364,2005-06-18,3,Australia,12,Bangladesh,101,Sophia Gardens,56,44,53,0.8301886792452831,0.8,0.6666666666666666,231.1607,5.9107,27,1,26,0.038461538461538464,0.2,0.1,161.8889,8.6667,0,0.5,0,0.5,3,3,0,1.0,0.0,0
234,211678,2005-06-23,3,Australia,5,England,75,Riverside Ground,57,44,54,0.8148148148148148,0.6,0.6666666666666666,231.4737,5.8947,50,24,46,0.5217391304347826,0.25,0.5,203.6531,6.551,0,0.5,1,0.0,6,5,1,0.8333333333333334,0.16666666666666666,1
235,211824,2005-06-25,12,Bangladesh,3,Australia,102,Old Trafford,28,2,27,0.07407407407407407,0.4,0.2,165.0357,8.5357,58,45,55,0.8181818181818182,0.8,0.7777777777777778,232.069,5.8793,0,0.5,0,0.5,4,1,3,0.25,0.75,0
236,211860,2005-06-26,12,Bangladesh,5,England,76,Headingley,29,2,28,0.07142857142857142,0.4,0.2,164.1379,8.5862,51,24,47,0.5106382978723404,0.25,0.375,203.76,6.6,0,0.5,1,1.0,4,0,4,0.0,1.0,0
238,212253,2005-06-30,12,Bangladesh,3,Australia,103,St Lawrence Ground,30,2,29,0.06896551724137931,0.4,0.2,165.6,8.5333,60,46,56,0.8214285714285714,0.75,0.7777777777777778,231.0167,5.8333,0,0.5,0,0.5,5,1,4,0.2,0.8,0
240,213288,2005-07-12,5,England,3,Australia,80,Kennington Oval,54,25,48,0.5208333333333334,0.6666666666666666,0.2857142857142857,200.566,6.5094,62,47,57,0.8245614035087719,1.0,0.75,230.8226,5.871,3,0.6666666666666666,1,1.0,9,1,6,0.14285714285714285,0.8571428571428571,0
241,214742,2005-07-31,44,West Indies,2,India,32,Rangiri Dambulla International Stadium,38,18,34,0.5294117647058824,0.0,0.2222222222222222,198.2105,6.6316,50,24,47,0.5106382978723404,0.4,0.5,230.6327,7.2857,0,0.5,0,0.5,0,0,0,0.5,0.5,0
242,214852,2005-08-02,7,Sri Lanka,44,West Indies,32,Rangiri Dambulla International Stadium,39,20,38,0.5263157894736842,0.6,0.7,202.7436,7.1282,39,18,35,0.5142857142857142,0.0,0.1111111111111111,197.6923,6.7179,6,0.5,1,0.0,3,2,1,0.6666666666666666,0.3333333333333333,1
243,215134,2005-08-06,44,West Indies,7,Sri Lanka,104,"R.Premadasa Stadium, Khettarama",40,18,36,0.5,0.0,0.0,197.525,6.8,40,21,39,0.5384615384615384,0.6,0.7,203.7,7.1,0,0.5,0,0.5,4,1,3,0.25,0.75,1
244,216271,2005-08-17,8,Africa XI,9,Asia XI,63,SuperSport Park,0,0,0,0.5,0.5,0.5,0.0,0.0,0,0,0,0.5,0.5,0.5,0.0,0.0,0,0.5,0,0.5,0,0,0,0.5,0.5,1
246,217481,2005-08-29,2,India,46,Zimbabwe,16,Harare Sports Club,51,25,48,0.5208333333333334,0.4,0.6,229.62,7.22,45,9,42,0.21428571428571427,0.2,0.1,190.7381,8.1429,1,1.0,12,0.25,3,3,0,1.0,0.0,1
247,217647,2005-08-31,7,Sri Lanka,12,Bangladesh,105,Sinhalese Sports Club Ground,41,21,40,0.525,0.6,0.7,203.439,7.1707,31,2,30,0.06666666666666667,0.2,0.2,168.3226,8.5161,0,0.5,0,0.5,1,1,0,1.0,0.0,1
248,217648,2005-08-31,6,New Zealand,46,Zimbabwe,16,Harare Sports Club,35,20,34,0.5882352941176471,0.4,0.6,200.9118,7.0294,46,9,43,0.20930232558139536,0.0,0.1,187.814,8.186,0,0.5,13,0.23076923076923078,1,1,0,1.0,0.0,1
249,217979,2005-09-04,46,Zimbabwe,2,India,16,Harare Sports Club,47,9,44,0.20454545454545456,0.0,0.1,188.3409,8.2273,52,26,49,0.5306122448979592,0.4,0.6,229.549,7.1961,14,0.21428571428571427,2,1.0,4,0,4,0.0,1.0,0
250,218250,2005-09-06,2,India,6,New Zealand,16,Harare Sports Club,53,27,50,0.54,0.6,0.6,230.0385,7.1731,36,21,35,0.6,0.4,0.6,201.9714,7.1143,3,1.0,1,1.0,9,3,5,0.375,0.625,0
251,221083,2005-10-07,3,Australia,17,ICC World XI,85,Docklands Stadium,63,48,58,0.8275862068965517,1.0,0.875,230.7937,5.8095,0,0,0,0.5,0.5,0.5,0.0,0.0,1,0.0,0,0.5,0,0,0,0.5,0.5,1
252,221337,2005-10-09,3,Australia,17,ICC World XI,85,Docklands Stadium,64,49,59,0.8305084745762712,1.0,0.875,232.3125,5.7812,1,0,1,0.0,0.0,0.0,273.0,10.0,2,0.5,1,0.0,1,1,0,1.0,0.0,1
253,223018,2005-10-25,2,India,7,Sri Lanka,106,Vidarbha C.A. Ground,54,27,51,0.5294117647058824,0.6,0.6,230.9057,7.2264,42,22,41,0.5365853658536586,0.8,0.7,205.0,7.2143,0,0.5,0,0.5,3,2,1,0.6666666666666666,0.3333333333333333,1
254,223334,2005-10-28,7,Sri Lanka,2,India,107,"Punjab Cricket Association IS Bindra Stadium, Mohali",43,22,42,0.5238095238095238,0.6,0.6,204.8372,7.2791,55,28,52,0.5384615384615384,0.8,0.6,233.1111,7.2037,0,0.5,0,0.5,4,1,3,0.25,0.75,0
255,223335,2005-10-28,36,South Africa,6,New Zealand,61,Newlands,36,19,31,0.6129032258064516,1.0,1.0,224.8571,5.6857,37,22,36,0.6111111111111112,0.4,0.6,204.0833,7.0278,2,1.0,0,0.5,2,0,2,0.0,1.0,1
256,223542,2005-10-30,6,New Zealand,36,South Africa,90,St George's Park,38,22,37,0.5945945945945946,0.4,0.5,203.4865,7.1081,37,20,32,0.625,1.0,1.0,224.1944,5.7778,0,0.5,2,1.0,3,2,1,0.6666666666666666,0.3333333333333333,0
257,223902,2005-11-03,7,Sri Lanka,2,India,108,Nehru Stadium,44,22,43,0.5116279069767442,0.4,0.5,202.9545,7.3409,56,29,53,0.5471698113207547,0.8,0.6,231.1091,7.1091,0,0.5,0,0.5,5,1,4,0.2,0.8,0
259,224227,2005-11-06,6,New Zealand,36,South Africa,63,SuperSport Park,40,22,38,0.5789473684210527,0.5,0.4444444444444444,204.5263,7.1579,39,21,33,0.6363636363636364,1.0,1.0,220.9211,5.6842,0,0.5,2,0.5,5,2,2,0.5,0.5,0
260,224231,2005-11-06,2,India,7,Sri Lanka,94,"Sardar Patel (Gujarat) Stadium, Motera",57,30,54,0.5555555555555556,0.8,0.6,231.6607,7.0893,45,22,44,0.5,0.2,0.4,204.2444,7.4,1,0.0,0,0.5,6,5,1,0.8333333333333334,0.16666666666666666,0
261,224556,2005-11-09,7,Sri Lanka,2,India,109,Madhavrao Scindia Cricket Ground,46,23,45,0.5111111111111111,0.4,0.5,206.0217,7.3478,58,30,55,0.5454545454545454,0.6,0.6,232.5965,7.1053,0,0.5,0,0.5,7,2,5,0.2857142857142857,0.7142857142857143,0
262,225437,2005-11-12,7,Sri Lanka,2,India,110,Reliance Stadium,47,23,46,0.5,0.2,0.5,205.8085,7.4043,59,31,56,0.5535714285714286,0.8,0.7,231.9828,7.0345,0,0.5,0,0.5,8,2,6,0.25,0.75,0
263,225959,2005-11-16,2,India,36,South Africa,111,"Rajiv Gandhi International Stadium, Uppal",60,32,57,0.5614035087719298,0.8,0.8,232.2034,7.0,40,22,34,0.6470588235294118,1.0,1.0,218.8462,5.6667,0,0.5,0,0.5,1,0,0,0.5,0.5,0
264,226359,2005-11-28,36,South Africa,2,India,2,Wankhede Stadium,41,23,35,0.6571428571428571,1.0,1.0,219.675,5.65,61,32,58,0.5517241379310345,0.6,0.7,232.4833,7.0333,0,0.5,0,0.5,2,1,0,1.0,0.0,0
265,226364,2005-12-03,3,Australia,6,New Zealand,58,Eden Park,65,50,60,0.8333333333333334,1.0,0.875,233.2462,5.7692,41,22,39,0.5641025641025641,0.25,0.3333333333333333,204.7949,7.2308,1,1.0,2,0.5,8,7,1,0.875,0.125,1
266,226352,2005-12-10,5,England,30,Pakistan,68,Gaddafi Stadium,55,25,49,0.5102040816326531,0.3333333333333333,0.2857142857142857,201.0741,6.5185,54,33,53,0.6226415094339622,1.0,0.7,231.7222,7.2407,0,0.5,3,0.0,4,3,1,0.75,0.25,1
267,226354,2005-12-15,30,Pakistan,5,England,83,National Stadium,55,33,54,0.6111111111111112,0.8,0.7,232.6909,7.2909,56,26,50,0.52,0.6666666666666666,0.42857142857142855,203.3636,6.4727,1,1.0,0,0.5,5,1,4,0.2,0.8,1
268,226356,2005-12-21,5,England,30,Pakistan,46,Rawalpindi Cricket Stadium,57,26,51,0.5098039215686274,0.3333333333333333,0.42857142857142855,203.0893,6.5357,56,34,55,0.6181818181818182,0.8,0.7,234.8393,7.2679,0,0.5,5,0.6,6,4,2,0.6666666666666666,0.3333333333333333,1
269,226390,2005-12-31,7,Sri Lanka,6,New Zealand,112,John Davies Oval,48,23,47,0.48936170212765956,0.2,0.4,206.6042,7.4375,42,22,40,0.55,0.0,0.2222222222222222,202.3,7.3,0,0.5,0,0.5,2,1,1,0.5,0.5,0
270,226391,2006-01-03,6,New Zealand,7,Sri Lanka,113,Jade Stadium,43,23,41,0.5609756097560976,0.25,0.3333333333333333,201.4146,7.1951,49,23,48,0.4791666666666667,0.2,0.3,205.7347,7.4898,0,0.5,0,0.5,3,2,1,0.6666666666666666,0.3333333333333333,1
271,226392,2006-01-06,6,New Zealand,7,Sri Lanka,114,Westpac Stadium,44,24,42,0.5714285714285714,0.5,0.4444444444444444,202.7143,7.1429,50,23,49,0.46938775510204084,0.2,0.2,206.72,7.48,0,0.5,0,0.5,4,3,1,0.75,0.25,1
272,226375,2006-01-15,3,Australia,36,South Africa,87,"Brisbane Cricket Ground, Woolloongabba",66,51,61,0.8360655737704918,1.0,0.875,233.5303,5.803,42,23,36,0.6388888888888888,0.75,0.8888888888888888,219.7073,5.6585,1,0.5,0,0.5,0,0,0,0.5,0.5,0
273,226383,2006-01-17,36,South Africa,7,Sri Lanka,87,"Brisbane Cricket Ground, Woolloongabba",43,24,37,0.6486486486486487,0.75,0.8888888888888888,219.9762,5.6429,51,23,50,0.46,0.0,0.2,206.6471,7.5294,1,1.0,0,0.5,3,0,2,0.0,1.0,0
274,226376,2006-01-20,3,Australia,36,South Africa,85,Docklands Stadium,67,51,62,0.8225806451612904,0.8,0.875,233.4478,5.8657,44,24,38,0.631578947368421,0.6,0.7777777777777778,219.2326,5.7442,3,0.6666666666666666,0,0.5,1,0,1,0.0,1.0,1
275,226380,2006-01-22,3,Australia,7,Sri Lanka,9,Sydney Cricket Ground,68,52,63,0.8253968253968254,0.8,0.875,233.6176,5.9265,52,24,51,0.47058823529411764,0.2,0.2,208.0962,7.5,7,0.8571428571428571,2,1.0,8,6,2,0.75,0.25,0
276,226384,2006-01-24,36,South Africa,7,Sri Lanka,13,Adelaide Oval,45,24,39,0.6153846153846154,0.4,0.6666666666666666,218.4773,5.8409,53,25,52,0.4807692307692308,0.4,0.3,210.0,7.4906,0,0.5,1,0.0,4,0,3,0.0,1.0,1
277,226381,2006-01-26,3,Australia,7,Sri Lanka,13,Adelaide Oval,69,52,64,0.8125,0.6,0.75,233.971,5.9855,54,25,53,0.4716981132075472,0.4,0.3,210.8148,7.5,2,1.0,2,0.0,9,6,3,0.6666666666666666,0.3333333333333333,1
278,226382,2006-01-29,3,Australia,7,Sri Lanka,115,Western Australia Cricket Association Ground,70,53,65,0.8153846153846154,0.6,0.7777777777777778,233.7571,5.9714,55,25,54,0.46296296296296297,0.4,0.3,210.9455,7.5091,0,0.5,0,0.5,10,7,3,0.7,0.3,1
279,226385,2006-01-31,36,South Africa,7,Sri Lanka,115,Western Australia Cricket Association Ground,46,25,40,0.625,0.4,0.6666666666666666,219.4667,5.8222,56,25,55,0.45454545454545453,0.4,0.2,211.3393,7.5179,0,0.5,1,0.0,5,1,3,0.25,0.75,1
280,226377,2006-02-03,3,Australia,36,South Africa,85,Docklands Stadium,71,54,66,0.8181818181818182,0.6,0.7777777777777778,233.8028,5.9437,47,26,41,0.6341463414634146,0.6,0.6666666666666666,219.5652,5.8043,4,0.75,1,0.0,2,1,1,0.5,0.5,1
281,226378,2006-02-05,3,Australia,36,South Africa,9,Sydney Cricket Ground,72,55,67,0.8208955223880597,0.8,0.8,234.4583,5.9583,48,26,42,0.6190476190476191,0.4,0.5555555555555556,219.1702,5.8723,8,0.75,0,0.5,3,2,1,0.6666666666666666,0.3333333333333333,1
282,235831,2006-02-06,30,Pakistan,2,India,67,Arbab Niaz Stadium,57,34,56,0.6071428571428571,0.6,0.6,234.2281,7.2982,62,33,59,0.559322033898305,0.6,0.7,232.3443,7.0,2,1.0,1,0.0,11,7,4,0.6363636363636364,0.36363636363636365,1
283,226386,2006-02-07,36,South Africa,7,Sri Lanka,59,Bellerive Oval,49,26,43,0.6046511627906976,0.4,0.5,220.5833,5.875,57,25,56,0.44642857142857145,0.2,0.2,211.5088,7.5614,0,0.5,0,0.5,6,2,3,0.4,0.6,0
284,236358,2006-02-10,3,Australia,7,Sri Lanka,13,Adelaide Oval,73,56,68,0.8235294117647058,0.8,0.8,235.9589,5.9589,58,26,57,0.45614035087719296,0.2,0.3,212.2931,7.5862,3,1.0,3,0.0,11,8,3,0.7272727272727273,0.2727272727272727,0
285,236520,2006-02-11,30,Pakistan,2,India,46,Rawalpindi Cricket Stadium,58,35,57,0.6140350877192983,0.6,0.7,235.5517,7.2931,63,33,60,0.55,0.6,0.6,233.8871,7.0484,6,0.5,1,0.0,12,8,4,0.6666666666666666,0.3333333333333333,0
286,236595,2006-02-12,3,Australia,7,Sri Lanka,9,Sydney Cricket Ground,74,56,69,0.8115942028985508,0.8,0.7,236.1757,6.0135,59,27,58,0.46551724137931033,0.4,0.4,213.339,7.5932,9,0.7777777777777778,3,1.0,12,8,4,0.6666666666666666,0.3333333333333333,1
287,236809,2006-02-13,30,Pakistan,2,India,68,Gaddafi Stadium,59,35,58,0.603448275862069,0.4,0.7,236.0508,7.339,64,34,61,0.5573770491803278,0.6,0.7,234.3968,6.9841,4,0.0,2,1.0,13,8,5,0.6153846153846154,0.38461538461538464,0
288,236963,2006-02-14,3,Australia,7,Sri Lanka,87,"Brisbane Cricket Ground, Woolloongabba",75,57,70,0.8142857142857143,0.8,0.7,237.9333,6.0,60,27,59,0.4576271186440678,0.4,0.4,213.1333,7.6333,2,0.0,1,1.0,13,9,4,0.6923076923076923,0.3076923076923077,1
289,237222,2006-02-16,30,Pakistan,2,India,45,Multan Cricket Stadium,60,35,59,0.5932203389830508,0.4,0.6,236.9167,7.35,65,35,62,0.5645161290322581,0.6,0.7,235.2969,6.9531,2,1.0,0,0.5,14,8,6,0.5714285714285714,0.42857142857142855,0
290,237568,2006-02-18,6,New Zealand,44,West Indies,114,Westpac Stadium,45,25,43,0.5813953488372093,0.6,0.5555555555555556,203.2093,7.186,41,19,37,0.5135135135135135,0.2,0.1111111111111111,198.2195,6.8049,1,1.0,0,0.5,2,2,0,1.0,0.0,1
291,237571,2006-02-19,30,Pakistan,2,India,83,National Stadium,61,35,60,0.5833333333333334,0.2,0.5,235.6721,7.3934,66,36,63,0.5714285714285714,0.8,0.7,234.1692,6.9231,2,1.0,0,0.5,15,8,7,0.5333333333333333,0.4666666666666667,0
292,237574,2006-02-20,12,Bangladesh,7,Sri Lanka,116,Shaheed Chandu Stadium,32,2,31,0.06451612903225806,0.2,0.2,168.7188,8.5312,61,27,60,0.45,0.4,0.4,214.0,7.6557,0,0.5,0,0.5,2,0,2,0.0,1.0,0
293,238169,2006-02-22,12,Bangladesh,7,Sri Lanka,116,Shaheed Chandu Stadium,33,2,32,0.0625,0.0,0.2,167.1818,8.5758,62,28,61,0.45901639344262296,0.6,0.4,212.4677,7.6129,1,0.0,1,1.0,3,0,3,0.0,1.0,1
294,238176,2006-02-22,6,New Zealand,44,West Indies,117,Queenstown Events Centre,46,26,44,0.5909090909090909,0.8,0.5555555555555556,205.1364,7.2273,42,19,38,0.5,0.2,0.1,198.4286,6.881,0,0.5,0,0.5,3,3,0,1.0,0.0,1
295,238170,2006-02-25,12,Bangladesh,7,Sri Lanka,118,Chittagong Divisional Stadium,34,3,33,0.09090909090909091,0.2,0.3,168.5294,8.5,63,28,62,0.45161290322580644,0.4,0.3,212.4603,7.6508,0,0.5,0,0.5,4,1,3,0.25,0.75,0
296,238177,2006-02-25,6,New Zealand,44,West Indies,113,Jade Stadium,47,27,45,0.6,1.0,0.5555555555555556,205.1111,7.2222,43,19,39,0.48717948717948717,0.2,0.1,198.4651,6.9302,1,1.0,0,0.5,4,4,0,1.0,0.0,1
297,238196,2006-02-26,36,South Africa,3,Australia,63,SuperSport Park,50,26,44,0.5909090909090909,0.4,0.4,219.7755,5.9592,76,58,71,0.8169014084507042,0.8,0.7,238.3158,5.9342,3,0.6666666666666666,0,0.5,4,1,3,0.25,0.75,1
298,238178,2006-03-01,6,New Zealand,44,West Indies,119,McLean Park,48,28,46,0.6086956521739131,1.0,0.6666666666666666,206.6522,7.1957,44,19,40,0.475,0.2,0.1,199.75,7.0,0,0.5,0,0.5,5,5,0,1.0,0.0,1
299,238197,2006-03-03,36,South Africa,3,Australia,61,Newlands,51,27,45,0.6,0.4,0.4,219.52,5.92,77,58,72,0.8055555555555556,0.6,0.7,238.1948,5.961,3,1.0,0,0.5,5,2,3,0.4,0.6,1
300,238179,2006-03-04,6,New Zealand,44,West Indies,58,Eden Park,49,29,47,0.6170212765957447,1.0,0.7777777777777778,209.1489,7.1702,45,19,41,0.4634146341463415,0.2,0.1,200.4889,7.0222,3,0.3333333333333333,0,0.5,6,6,0,1.0,0.0,0
301,238198,2006-03-05,36,South Africa,3,Australia,90,St George's Park,52,28,46,0.6086956521739131,0.4,0.5,220.8824,5.9412,78,58,73,0.7945205479452054,0.4,0.6,236.3333,6.0128,3,1.0,0,0.5,6,3,3,0.5,0.5,0
302,238199,2006-03-10,36,South Africa,3,Australia,62,Kingsmead,53,28,47,0.5957446808510638,0.4,0.4,221.0577,6.0192,79,59,74,0.7972972972972973,0.6,0.7,236.557,6.0127,4,1.0,0,0.5,7,3,4,0.42857142857142855,0.5714285714285714,0
303,238200,2006-03-12,36,South Africa,3,Australia,120,New Wanderers Stadium,54,28,48,0.5833333333333334,0.4,0.4,221.5283,6.0755,80,60,75,0.8,0.6,0.7,236.6875,6.05,0,0.5,0,0.5,8,3,5,0.375,0.625,1
305,238214,2006-03-19,7,Sri Lanka,30,Pakistan,121,R Premadasa Stadium,65,29,63,0.4603174603174603,0.5,0.4444444444444444,213.9688,7.6406,63,35,61,0.5737704918032787,0.0,0.3333333333333333,235.9206,7.4127,1,0.5,1,0.5,6,2,3,0.4,0.6,0
306,238215,2006-03-22,7,Sri Lanka,30,Pakistan,105,Sinhalese Sports Club Ground,66,29,64,0.453125,0.5,0.4444444444444444,212.6769,7.6769,64,36,62,0.5806451612903226,0.25,0.3333333333333333,234.3281,7.3906,1,1.0,0,0.5,7,2,4,0.3333333333333333,0.6666666666666666,0
307,238188,2006-03-28,2,India,5,England,122,Feroz Shah Kotla,67,37,64,0.578125,0.8,0.7,234.9697,6.8485,58,27,52,0.5192307692307693,0.5,0.5,203.1404,6.5789,0,0.5,0,0.5,5,3,2,0.6,0.4,1
308,238189,2006-03-31,2,India,5,England,123,Nahar Singh Stadium,68,38,65,0.5846153846153846,1.0,0.8,234.4925,6.8955,59,27,53,0.5094339622641509,0.4,0.5,202.4655,6.6379,0,0.5,0,0.5,6,4,2,0.6666666666666666,0.3333333333333333,1
309,238190,2006-04-03,2,India,5,England,124,"Nehru Stadium, Fatorda",69,39,66,0.5909090909090909,1.0,0.8,234.4265,6.8824,60,27,54,0.5,0.4,0.375,202.8644,6.6949,0,0.5,0,0.5,7,5,2,0.7142857142857143,0.2857142857142857,1
310,238193,2006-04-12,2,India,5,England,125,Keenan Stadium,70,40,67,0.5970149253731343,1.0,0.8,235.2899,6.8696,61,27,55,0.4909090909090909,0.2,0.375,203.5667,6.75,0,0.5,0,0.5,8,6,2,0.75,0.25,0
311,238194,2006-04-15,2,India,5,England,126,Maharani Usharaje Trust Cricket Ground,71,40,68,0.5882352941176471,0.8,0.8,235.1143,6.9143,62,28,56,0.5,0.4,0.375,203.9508,6.7213,0,0.5,0,0.5,9,6,3,0.6666666666666666,0.3333333333333333,1
312,244510,2006-04-18,2,India,30,Pakistan,127,Sheikh Zayed Stadium,72,41,69,0.5942028985507246,0.8,0.8,235.8732,6.8592,65,37,63,0.5873015873015873,0.5,0.4444444444444444,234.2462,7.3692,0,0.5,0,0.5,16,8,8,0.5,0.5,0
313,244511,2006-04-19,2,India,30,Pakistan,127,Sheikh Zayed Stadium,73,41,70,0.5857142857142857,0.6,0.8,235.3333,6.9028,66,38,64,0.59375,0.75,0.4444444444444444,233.7424,7.3182,1,0.0,1,1.0,17,8,9,0.47058823529411764,0.5294117647058824,1
314,238173,2006-04-23,12,Bangladesh,3,Australia,118,Chittagong Divisional Stadium,35,3,34,0.08823529411764706,0.2,0.3,170.3143,8.5143,81,60,76,0.7894736842105263,0.4,0.6,239.1235,6.0247,1,0.0,0,0.5,6,1,5,0.16666666666666666,0.8333333333333334,0
315,238174,2006-04-26,12,Bangladesh,3,Australia,128,Narayanganj Osmani Stadium,36,3,35,0.08571428571428572,0.2,0.2,171.0,8.5556,82,61,77,0.7922077922077922,0.6,0.6,238.5976,6.0244,0,0.5,0,0.5,7,1,6,0.14285714285714285,0.8571428571428571,0
316,238175,2006-04-28,12,Bangladesh,3,Australia,128,Narayanganj Osmani Stadium,37,3,36,0.08333333333333333,0.2,0.2,171.3243,8.5946,83,62,78,0.7948717948717948,0.8,0.6,238.7349,6.012,1,0.0,1,1.0,8,1,7,0.125,0.875,0
317,239907,2006-04-29,44,West Indies,46,Zimbabwe,129,"Antigua Recreation Ground, St John's",46,20,42,0.47619047619047616,0.2,0.2,201.2174,7.0217,48,9,45,0.2,0.0,0.1,189.7111,8.2667,0,0.5,0,0.5,4,2,2,0.5,0.5,1
318,239908,2006-04-30,44,West Indies,46,Zimbabwe,129,"Antigua Recreation Ground, St John's",47,21,43,0.4883720930232558,0.4,0.3,200.2128,6.9787,49,9,46,0.1956521739130435,0.0,0.1,188.8696,8.2826,1,1.0,1,0.0,5,3,2,0.6,0.4,1
319,239911,2006-05-10,44,West Indies,46,Zimbabwe,130,"Beausejour Stadium, Gros Islet",48,22,44,0.5,0.6,0.4,201.0833,7.0208,50,9,47,0.19148936170212766,0.0,0.1,187.9149,8.3191,0,0.5,0,0.5,6,4,2,0.6666666666666666,0.3333333333333333,1
321,239913,2006-05-14,44,West Indies,46,Zimbabwe,98,"Queen's Park Oval, Port of Spain",50,23,45,0.5111111111111111,1.0,0.5555555555555556,201.42,6.86,52,9,48,0.1875,0.0,0.0,184.8163,8.2245,2,0.0,1,0.5,8,5,2,0.7142857142857143,0.2857142857142857,1
322,239916,2006-05-20,44,West Indies,2,India,97,"Sabina Park, Kingston",51,24,46,0.5217391304347826,1.0,0.5555555555555556,202.6863,6.8824,74,42,71,0.5915492957746479,0.6,0.8,235.7945,6.8767,1,0.0,0,0.5,1,0,1,0.0,1.0,1
323,239917,2006-05-23,44,West Indies,2,India,131,"Warner Park, Basseterre",52,25,47,0.5319148936170213,1.0,0.6666666666666666,202.5962,6.9231,75,42,72,0.5833333333333334,0.4,0.7,235.2703,6.9189,0,0.5,0,0.5,2,1,1,0.5,0.5,1
324,239918,2006-05-26,44,West Indies,2,India,98,"Queen's Park Oval, Port of Spain",53,26,48,0.5416666666666666,1.0,0.7777777777777778,203.4528,6.9057,76,42,73,0.5753424657534246,0.4,0.6,235.4,6.9467,3,0.5,0,0.5,3,2,1,0.6666666666666666,0.3333333333333333,1
325,239919,2006-05-28,44,West Indies,2,India,98,"Queen's Park Oval, Port of Spain",54,27,49,0.5510204081632653,1.0,0.8888888888888888,203.7222,6.8519,77,42,74,0.5675675675675675,0.2,0.5,235.1579,6.9474,4,0.6666666666666666,1,0.0,4,3,1,0.75,0.25,1
326,225171,2006-06-13,20,Ireland,5,England,132,"Civil Service Cricket Club, Stormont",0,0,0,0.5,0.5,0.5,0.0,0.0,63,28,57,0.49122807017543857,0.2,0.3333333333333333,205.3065,6.7742,0,0.5,0,0.5,0,0,0,0.5,0.5,0
327,225250,2006-06-17,5,England,7,Sri Lanka,77,Lord's,64,29,58,0.5,0.4,0.4,206.8254,6.7778,67,29,65,0.4461538461538462,0.25,0.4444444444444444,212.8485,7.7121,3,0.0,0,0.5,5,3,2,0.6,0.4,0
328,225251,2006-06-20,5,England,7,Sri Lanka,80,Kennington Oval,65,29,59,0.4915254237288136,0.4,0.4,207.2969,6.8125,68,30,66,0.45454545454545453,0.5,0.4444444444444444,213.5075,7.7313,4,0.5,1,1.0,6,3,3,0.5,0.5,0
329,225252,2006-06-24,5,England,7,Sri Lanka,75,Riverside Ground,66,29,60,0.48333333333333334,0.4,0.3,208.3077,6.8615,69,31,67,0.4626865671641791,0.5,0.4444444444444444,215.0588,7.7353,2,0.0,0,0.5,7,3,4,0.42857142857142855,0.5714285714285714,0
330,225253,2006-06-28,5,England,7,Sri Lanka,102,Old Trafford,67,29,61,0.47540983606557374,0.2,0.3,209.1061,6.8636,70,32,68,0.47058823529411764,0.6,0.5555555555555556,215.7826,7.6522,0,0.5,0,0.5,8,3,5,0.375,0.625,0
331,225254,2006-07-01,5,England,7,Sri Lanka,76,Headingley,68,29,62,0.46774193548387094,0.2,0.2,210.2388,6.9104,71,33,69,0.4782608695652174,0.8,0.6666666666666666,217.2429,7.6429,2,1.0,0,0.5,9,3,6,0.3333333333333333,0.6666666666666666,0
332,249207,2006-08-06,46,Zimbabwe,12,Bangladesh,16,Harare Sports Club,53,9,49,0.1836734693877551,0.0,0.0,184.36,8.26,38,3,37,0.08108108108108109,0.2,0.1,170.0789,8.6316,15,0.2,1,0.0,3,2,1,0.6666666666666666,0.3333333333333333,0
333,249378,2006-08-12,22,Kenya,12,Bangladesh,133,Gymkhana Club Ground,13,4,13,0.3076923076923077,0.0,0.2,173.7692,7.8462,39,4,38,0.10526315789473684,0.2,0.2,170.8718,8.4615,0,0.5,0,0.5,1,1,0,1.0,0.0,0
334,249379,2006-08-13,22,Kenya,12,Bangladesh,133,Gymkhana Club Ground,14,4,14,0.2857142857142857,0.0,0.1,173.3571,8.0,40,5,39,0.1282051282051282,0.4,0.3,170.85,8.35,1,0.0,1,1.0,2,1,1,0.5,0.5,0
335,249380,2006-08-15,22,Kenya,12,Bangladesh,133,Gymkhana Club Ground,15,4,15,0.26666666666666666,0.0,0.1,174.0667,8.1333,41,6,40,0.15,0.6,0.4,171.1951,8.3415,2,0.0,2,1.0,3,1,2,0.3333333333333333,0.6666666666666666,0
338,225246,2006-09-02,5,England,30,Pakistan,77,Lord's,70,29,63,0.4603174603174603,0.0,0.2222222222222222,211.7246,6.9565,68,38,65,0.5846153846153846,0.75,0.375,230.75,7.2647,4,0.0,1,0.0,8,5,2,0.7142857142857143,0.2857142857142857,0
339,225247,2006-09-05,5,England,30,Pakistan,82,The Rose Bowl,71,29,64,0.453125,0.0,0.2222222222222222,211.0714,7.0,69,39,66,0.5909090909090909,0.75,0.5,229.8551,7.2029,1,1.0,1,0.0,9,5,3,0.625,0.375,0
340,225248,2006-09-08,5,England,30,Pakistan,74,Trent Bridge,72,29,65,0.4461538461538462,0.0,0.1111111111111111,211.9155,7.0282,70,40,67,0.5970149253731343,0.75,0.625,230.4857,7.2143,2,0.5,0,0.5,10,5,4,0.5555555555555556,0.4444444444444444,1
341,225249,2006-09-10,5,England,30,Pakistan,81,Edgbaston,73,30,66,0.45454545454545453,0.25,0.2222222222222222,212.2639,6.9583,71,40,68,0.5882352941176471,0.5,0.625,230.5493,7.2254,3,1.0,2,1.0,11,6,4,0.6,0.4,1
342,256607,2006-09-14,2,India,44,West Indies,134,Kinrara Academy Oval,79,42,75,0.56,0.0,0.3333333333333333,232.2949,6.8974,55,28,50,0.56,1.0,1.0,204.6545,6.8364,0,0.5,0,0.5,5,1,4,0.2,0.8,0
343,255961,2006-09-15,36,South Africa,46,Zimbabwe,135,Goodyear Park,55,29,49,0.5918367346938775,0.6,0.5,225.537,6.1296,54,9,50,0.18,0.0,0.0,184.6078,8.2941,0,0.5,0,0.5,5,5,0,1.0,0.0,1
345,256610,2006-09-18,3,Australia,44,West Indies,134,Kinrara Academy Oval,85,63,79,0.7974683544303798,0.75,0.6666666666666666,237.4824,6.0,56,29,51,0.5686274509803921,1.0,1.0,203.5179,6.75,1,0.5,1,1.0,5,2,2,0.5,0.5,0
346,259793,2006-09-18,36,South Africa,46,Zimbabwe,91,Buffalo Park,56,30,50,0.6,0.6,0.5,225.1091,6.1091,55,9,51,0.17647058823529413,0.0,0.0,184.9231,8.2692,1,1.0,0,0.5,6,6,0,1.0,0.0,1
347,256612,2006-09-20,2,India,44,West Indies,134,Kinrara Academy Oval,81,42,76,0.5526315789473685,0.0,0.25,230.7875,6.85,57,30,52,0.5769230769230769,1.0,1.0,204.7368,6.7544,2,0.0,2,1.0,6,1,5,0.16666666666666666,0.8333333333333334,1
348,257470,2006-09-20,36,South Africa,46,Zimbabwe,136,Sedgars Park,57,31,51,0.6078431372549019,0.6,0.5,223.875,6.0714,56,9,52,0.17307692307692307,0.0,0.0,184.3019,8.3019,0,0.5,0,0.5,7,7,0,1.0,0.0,1
349,256614,2006-09-22,3,Australia,2,India,134,Kinrara Academy Oval,86,63,80,0.7875,0.75,0.5555555555555556,237.8837,6.0,82,43,77,0.5584415584415584,0.3333333333333333,0.25,229.9383,6.8889,2,0.0,3,0.5,12,8,2,0.8,0.2,1
350,256615,2006-09-24,3,Australia,44,West Indies,134,Kinrara Academy Oval,87,64,81,0.7901234567901234,0.75,0.6666666666666666,237.5977,6.046,58,30,53,0.5660377358490566,0.8,0.8888888888888888,203.7241,6.8103,3,0.5,3,0.6666666666666666,6,2,3,0.4,0.6,1
351,249739,2006-10-07,12,Bangladesh,7,Sri Lanka,137,"Punjab Cricket Association Stadium, Mohali",42,7,41,0.17073170731707318,0.8,0.5,169.9762,8.2381,73,34,70,0.4857142857142857,1.0,0.75,218.7465,7.5634,0,0.5,0,0.5,5,1,4,0.2,0.8,0
352,249740,2006-10-08,44,West Indies,46,Zimbabwe,138,"Sardar Patel Stadium, Motera",59,30,54,0.5555555555555556,0.6,0.7777777777777778,202.1864,6.8644,57,9,53,0.16981132075471697,0.0,0.0,185.463,8.2222,0,0.5,0,0.5,9,6,2,0.75,0.25,1
353,249741,2006-10-10,7,Sri Lanka,46,Zimbabwe,138,"Sardar Patel Stadium, Motera",74,35,71,0.49295774647887325,1.0,0.75,219.9028,7.5694,58,9,54,0.16666666666666666,0.0,0.0,183.6364,8.2545,0,0.5,1,0.0,6,5,1,0.8333333333333334,0.16666666666666666,1
354,249742,2006-10-11,12,Bangladesh,44,West Indies,139,Sawai Mansingh Stadium,43,7,42,0.16666666666666666,0.8,0.5,172.186,8.2558,60,31,55,0.5636363636363636,0.6,0.8,200.3167,6.7667,0,0.5,0,0.5,5,0,4,0.0,1.0,0
355,249743,2006-10-13,12,Bangladesh,46,Zimbabwe,139,Sawai Mansingh Stadium,44,7,43,0.16279069767441862,0.6,0.4,171.9318,8.2955,59,9,55,0.16363636363636364,0.0,0.0,182.875,8.2857,1,0.0,0,0.5,4,2,2,0.5,0.5,1
356,249744,2006-10-14,7,Sri Lanka,44,West Indies,140,Brabourne Stadium,75,36,72,0.5,1.0,0.7777777777777778,220.7945,7.5616,61,32,56,0.5714285714285714,0.6,0.8,199.7213,6.6557,0,0.5,0,0.5,5,3,2,0.6,0.4,1
357,249745,2006-10-15,2,India,5,England,139,Sawai Mansingh Stadium,83,43,78,0.5512820512820513,0.3333333333333333,0.25,229.5122,6.9268,74,31,67,0.4626865671641791,0.5,0.2222222222222222,211.4795,6.9589,0,0.5,0,0.5,10,7,3,0.7,0.3,1
358,249746,2006-10-16,6,New Zealand,36,South Africa,140,Brabourne Stadium,50,29,48,0.6041666666666666,0.8,0.7,209.6458,7.2292,58,32,52,0.6153846153846154,0.8,0.6,227.2807,6.0526,0,0.5,0,0.5,6,2,3,0.4,0.6,1
359,249747,2006-10-17,30,Pakistan,7,Sri Lanka,139,Sawai Mansingh Stadium,72,40,69,0.5797101449275363,0.5,0.625,229.4861,7.25,76,37,73,0.5068493150684932,1.0,0.8888888888888888,218.9324,7.473,0,0.5,0,0.5,8,5,2,0.7142857142857143,0.2857142857142857,1
360,249748,2006-10-18,3,Australia,44,West Indies,140,Brabourne Stadium,88,65,82,0.7926829268292683,0.75,0.7777777777777778,237.625,6.0455,62,32,57,0.5614035087719298,0.4,0.7,197.7903,6.7097,0,0.5,1,0.0,7,3,3,0.5,0.5,0
361,249749,2006-10-20,6,New Zealand,7,Sri Lanka,140,Brabourne Stadium,51,30,49,0.6122448979591837,0.8,0.8,209.3469,7.2857,77,37,74,0.5,0.75,0.8888888888888888,219.3867,7.5067,1,1.0,1,1.0,5,4,1,0.8,0.2,0
362,249750,2006-10-21,3,Australia,5,England,139,Sawai Mansingh Stadium,89,65,83,0.7831325301204819,0.5,0.6666666666666666,237.4719,6.0787,75,31,68,0.45588235294117646,0.4,0.2222222222222222,210.3108,7.0,0,0.5,1,0.0,10,7,1,0.875,0.125,1
363,249751,2006-10-24,36,South Africa,7,Sri Lanka,138,"Sardar Patel Stadium, Motera",59,32,53,0.6037735849056604,0.8,0.6,225.2241,6.1207,78,38,75,0.5066666666666667,0.8,0.8888888888888888,218.6842,7.4474,0,0.5,1,1.0,7,2,4,0.3333333333333333,0.6666666666666666,1
364,249752,2006-10-25,6,New Zealand,30,Pakistan,137,"Punjab Cricket Association Stadium, Mohali",52,30,50,0.6,0.6,0.8,208.46,7.34,73,41,70,0.5857142857142857,0.6,0.6666666666666666,229.8356,7.2329,0,0.5,0,0.5,6,3,3,0.5,0.5,1
365,249753,2006-10-26,2,India,44,West Indies,138,"Sardar Patel Stadium, Motera",84,44,79,0.5569620253164557,0.5,0.25,228.2651,6.9157,63,33,58,0.5689655172413793,0.6,0.7,198.3651,6.6984,0,0.5,1,1.0,7,2,5,0.2857142857142857,0.7142857142857143,0
366,249754,2006-10-27,30,Pakistan,36,South Africa,137,"Punjab Cricket Association Stadium, Mohali",74,41,71,0.5774647887323944,0.4,0.5555555555555556,229.7432,7.2703,60,33,54,0.6111111111111112,0.8,0.7,225.1186,6.1695,1,0.0,0,0.5,5,2,3,0.4,0.6,0
367,249755,2006-10-28,5,England,44,West Indies,138,"Sardar Patel Stadium, Motera",76,31,69,0.4492753623188406,0.4,0.2222222222222222,209.76,7.04,64,34,59,0.576271186440678,0.8,0.7,198.7656,6.7031,0,0.5,2,1.0,6,1,4,0.2,0.8,1
368,249756,2006-10-29,2,India,3,Australia,137,"Punjab Cricket Association Stadium, Mohali",85,44,80,0.55,0.5,0.25,228.2024,6.9405,90,66,84,0.7857142857142857,0.6,0.6666666666666666,236.7222,6.0556,0,0.5,0,0.5,13,2,9,0.18181818181818182,0.8181818181818182,0
369,249757,2006-11-01,3,Australia,6,New Zealand,137,"Punjab Cricket Association Stadium, Mohali",91,67,85,0.788235294117647,0.8,0.7777777777777778,236.8901,6.033,53,31,51,0.6078431372549019,0.6,0.8,209.7451,7.3333,1,1.0,1,1.0,9,8,1,0.8888888888888888,0.1111111111111111,1
370,249758,2006-11-02,36,South Africa,44,West Indies,139,Sawai Mansingh Stadium,61,34,55,0.6181818181818182,0.8,0.7,224.9167,6.2,65,34,60,0.5666666666666667,0.6,0.6,199.8923,6.6615,0,0.5,1,1.0,7,3,3,0.5,0.5,0
371,249759,2006-11-05,3,Australia,44,West Indies,140,Brabourne Stadium,92,68,86,0.7906976744186046,0.8,0.7777777777777778,236.9239,6.0652,66,35,61,0.5737704918032787,0.6,0.6,200.8333,6.6212,1,0.0,2,0.5,8,3,4,0.42857142857142855,0.5714285714285714,1
372,249211,2006-11-22,36,South Africa,2,India,62,Kingsmead,62,34,56,0.6071428571428571,0.6,0.6,225.459,6.2295,86,44,81,0.5432098765432098,0.4,0.25,228.4471,6.9529,5,0.5,0,0.5,3,1,1,0.5,0.5,1
373,249212,2006-11-26,36,South Africa,2,India,61,Newlands,63,35,57,0.6140350877192983,0.6,0.7,225.8226,6.2581,87,44,82,0.5365853658536586,0.2,0.25,226.8488,6.9884,4,1.0,0,0.5,4,2,1,0.6666666666666666,0.3333333333333333,1
374,259384,2006-11-27,13,Bermuda,14,Canada,136,Sedgars Park,0,0,0,0.5,0.5,0.5,0.0,0.0,6,1,6,0.16666666666666666,0.0,0.16666666666666666,157.8333,9.1667,0,0.5,0,0.5,0,0,0,0.5,0.5,0
375,249213,2006-11-29,36,South Africa,2,India,90,St George's Park,64,36,58,0.6206896551724138,0.8,0.8,226.5873,6.2698,88,44,83,0.5301204819277109,0.2,0.25,226.1724,7.023,4,0.75,0,0.5,5,3,1,0.75,0.25,1
376,259390,2006-11-30,13,Bermuda,14,Canada,141,Willowmoore Park,1,0,1,0.0,0.0,0.0,235.0,8.0,7,2,7,0.2857142857142857,0.2,0.2857142857142857,169.4286,8.5714,0,0.5,0,0.5,1,0,1,0.0,1.0,0
377,259391,2006-12-01,14,Canada,26,Netherlands,141,Willowmoore Park,8,3,8,0.375,0.4,0.375,170.625,8.375,5,1,5,0.2,0.2,0.2,190.0,8.4,1,1.0,0,0.5,0,0,0,0.5,0.5,0
378,259389,2006-12-02,13,Bermuda,26,Netherlands,141,Willowmoore Park,2,0,2,0.0,0.0,0.0,206.5,8.5,6,2,6,0.3333333333333333,0.4,0.3333333333333333,192.5,8.5,1,0.0,1,1.0,0,0,0,0.5,0.5,1
379,249214,2006-12-03,36,South Africa,2,India,63,SuperSport Park,65,37,59,0.6271186440677966,0.8,0.8,226.8438,6.2969,89,44,84,0.5238095238095238,0.0,0.2222222222222222,225.4545,7.0568,4,0.75,0,0.5,6,4,1,0.8,0.2,1
380,264068,2006-12-03,12,Bangladesh,46,Zimbabwe,116,Shaheed Chandu Stadium,45,8,44,0.18181818181818182,0.6,0.5,173.2444,8.2444,60,9,56,0.16071428571428573,0.0,0.0,181.9474,8.3158,2,0.5,0,0.5,5,3,2,0.6,0.4,1
381,264069,2006-12-05,12,Bangladesh,46,Zimbabwe,116,Shaheed Chandu Stadium,46,9,45,0.2,0.6,0.6,174.2174,8.1522,61,9,57,0.15789473684210525,0.0,0.0,182.5517,8.2931,3,0.6666666666666666,1,0.0,6,4,2,0.6666666666666666,0.3333333333333333,1
382,257769,2006-12-07,30,Pakistan,44,West Indies,142,Iqbal Stadium,75,41,72,0.5694444444444444,0.2,0.4444444444444444,227.8667,7.3067,67,35,62,0.5645161290322581,0.6,0.5,199.8955,6.6716,0,0.5,0,0.5,5,4,1,0.8,0.2,1
383,264070,2006-12-08,12,Bangladesh,46,Zimbabwe,143,Shere Bangla National Stadium,47,10,46,0.21739130434782608,0.6,0.7,175.1915,8.1915,62,9,58,0.15517241379310345,0.0,0.0,182.7458,8.322,0,0.5,0,0.5,7,5,2,0.7142857142857143,0.2857142857142857,1
384,264071,2006-12-09,12,Bangladesh,46,Zimbabwe,143,Shere Bangla National Stadium,48,11,47,0.23404255319148937,0.8,0.8,174.6042,8.0625,63,9,59,0.15254237288135594,0.0,0.0,182.1333,8.35,1,1.0,1,0.0,8,6,2,0.75,0.25,1
385,257770,2006-12-10,30,Pakistan,44,West Indies,68,Gaddafi Stadium,76,42,73,0.5753424657534246,0.4,0.4444444444444444,226.8947,7.3158,68,35,63,0.5555555555555556,0.4,0.5,199.1765,6.7206,5,0.0,0,0.5,6,5,1,0.8333333333333334,0.16666666666666666,1
386,257771,2006-12-13,30,Pakistan,44,West Indies,45,Multan Cricket Stadium,77,43,74,0.581081081081081,0.6,0.5555555555555556,226.4416,7.2597,69,35,64,0.546875,0.2,0.5,199.2899,6.7246,3,0.6666666666666666,0,0.5,7,6,1,0.8571428571428571,0.14285714285714285,0
387,257772,2006-12-16,30,Pakistan,44,West Indies,83,National Stadium,78,43,75,0.5733333333333334,0.4,0.5,226.2179,7.2949,70,36,65,0.5538461538461539,0.4,0.5,199.4714,6.6714,3,0.6666666666666666,0,0.5,8,6,2,0.75,0.25,1
388,251489,2006-12-28,6,New Zealand,7,Sri Lanka,119,McLean Park,54,31,52,0.5961538461538461,0.4,0.7,209.6731,7.3846,79,38,76,0.5,0.6,0.7777777777777778,217.6753,7.4805,1,1.0,0,0.5,6,4,2,0.6666666666666666,0.3333333333333333,0
389,251491,2007-01-02,6,New Zealand,7,Sri Lanka,113,Jade Stadium,55,31,53,0.5849056603773585,0.4,0.6,211.0943,7.3962,80,39,77,0.5064935064935064,0.6,0.7777777777777778,218.5897,7.4231,2,1.0,1,0.0,7,4,3,0.5714285714285714,0.42857142857142855,1
390,251492,2007-01-06,6,New Zealand,7,Sri Lanka,58,Eden Park,56,32,54,0.5925925925925926,0.4,0.6,209.2222,7.3704,81,39,78,0.5,0.4,0.6666666666666666,217.2405,7.4557,4,0.25,0,0.5,8,5,3,0.625,0.375,0
391,249232,2007-01-12,3,Australia,5,England,14,Melbourne Cricket Ground,93,69,87,0.7931034482758621,0.8,0.7777777777777778,235.6237,6.0215,77,32,70,0.45714285714285713,0.6,0.3333333333333333,210.6316,7.0395,6,1.0,1,0.0,11,8,1,0.8888888888888888,0.1111111111111111,1
392,249228,2007-01-14,3,Australia,6,New Zealand,59,Bellerive Oval,94,70,88,0.7954545454545454,1.0,0.7777777777777778,235.734,5.9787,57,32,55,0.5818181818181818,0.4,0.5,206.7455,7.4182,1,1.0,0,0.5,10,9,1,0.9,0.1,1
393,249236,2007-01-16,5,England,6,New Zealand,59,Bellerive Oval,78,32,71,0.4507042253521127,0.4,0.3333333333333333,211.039,7.0519,58,32,56,0.5714285714285714,0.2,0.4,206.3393,7.4643,0,0.5,1,0.0,1,0,1,0.0,1.0,1
394,249233,2007-01-19,3,Australia,5,England,87,"Brisbane Cricket Ground, Woolloongabba",95,71,89,0.797752808988764,1.0,0.8,236.2947,6.0,79,33,72,0.4583333333333333,0.4,0.4444444444444444,210.9744,7.0513,3,0.5,0,0.5,12,9,1,0.9,0.1,1
395,249229,2007-01-21,3,Australia,6,New Zealand,9,Sydney Cricket Ground,96,72,90,0.8,1.0,0.9,235.4583,6.0,59,32,57,0.5614035087719298,0.2,0.3,206.3158,7.4912,10,0.8,1,0.0,11,10,1,0.9090909090909091,0.09090909090909091,1
397,249237,2007-01-23,5,England,6,New Zealand,13,Adelaide Oval,80,33,73,0.4520547945205479,0.4,0.4,210.2658,7.0886,60,32,58,0.5517241379310345,0.2,0.3,206.5172,7.5345,2,0.5,0,0.5,2,1,1,0.5,0.5,0
399,249234,2007-01-26,3,Australia,5,England,13,Adelaide Oval,97,73,91,0.8021978021978022,1.0,0.9,235.3402,6.0206,81,33,74,0.44594594594594594,0.4,0.4,209.1375,7.125,4,0.75,3,0.3333333333333333,13,10,1,0.9090909090909091,0.09090909090909091,1
400,267708,2007-01-27,2,India,44,West Indies,146,"MA Chidambaram Stadium, Chepauk",90,44,85,0.5176470588235295,0.0,0.2222222222222222,225.1685,7.0787,71,36,66,0.5454545454545454,0.2,0.4,200.0141,6.6761,0,0.5,0,0.5,8,2,6,0.25,0.75,0
401,249230,2007-01-28,3,Australia,6,New Zealand,115,Western Australia Cricket Association Ground,98,74,92,0.8043478260869565,1.0,0.9,234.0714,5.9694,61,33,59,0.559322033898305,0.2,0.3,206.5763,7.5763,1,1.0,0,0.5,12,11,1,0.9166666666666666,0.08333333333333333,1
402,249238,2007-01-30,5,England,6,New Zealand,115,Western Australia Cricket Association Ground,82,33,75,0.44,0.2,0.4,207.9136,7.1605,62,33,60,0.55,0.2,0.3,208.7167,7.5333,0,0.5,1,0.0,3,1,2,0.3333333333333333,0.6666666666666666,0
403,267709,2007-01-31,2,India,44,West Indies,147,Indian Petrochemicals Corporation Limited Sports Complex Ground,91,44,86,0.5116279069767442,0.0,0.2,225.6444,7.1111,72,37,67,0.5522388059701493,0.4,0.5,200.9861,6.6806,0,0.5,0,0.5,9,2,7,0.2222222222222222,0.7777777777777778,1
404,249235,2007-02-02,3,Australia,5,England,9,Sydney Cricket Ground,99,75,93,0.8064516129032258,1.0,1.0,235.1717,5.9596,83,33,76,0.4342105263157895,0.2,0.3,208.5488,7.1707,11,0.8181818181818182,2,0.0,14,11,1,0.9166666666666666,0.08333333333333333,0
405,267386,2007-02-02,13,Bermuda,14,Canada,133,Gymkhana Club Ground,3,1,3,0.3333333333333333,0.3333333333333333,0.3333333333333333,169.0,7.0,9,3,9,0.3333333333333333,0.4,0.3333333333333333,176.4444,8.3333,0,0.5,0,0.5,2,0,2,0.0,1.0,0
406,249231,2007-02-04,3,Australia,6,New Zealand,14,Melbourne Cricket Ground,100,75,94,0.7978723404255319,0.8,0.9,234.82,5.99,63,34,61,0.5573770491803278,0.4,0.3,210.5082,7.5246,7,1.0,0,0.5,13,12,1,0.9230769230769231,0.07692307692307693,1
407,250668,2007-02-04,36,South Africa,30,Pakistan,63,SuperSport Park,66,38,60,0.6333333333333333,0.8,0.8,226.4462,6.2154,79,44,76,0.5789473684210527,0.6,0.5,226.3797,7.2405,5,0.8,0,0.5,6,4,2,0.6666666666666666,0.3333333333333333,1
408,267387,2007-02-04,13,Bermuda,26,Netherlands,148,Ruaraka Sports Club Ground,4,1,4,0.25,0.25,0.25,153.25,7.75,7,2,7,0.2857142857142857,0.4,0.2857142857142857,178.0,8.5714,0,0.5,0,0.5,1,1,0,1.0,0.0,0
409,267389,2007-02-04,22,Kenya,34,Scotland,133,Gymkhana Club Ground,16,4,16,0.25,0.0,0.0,170.5625,8.25,0,0,0,0.5,0.5,0.5,0.0,0.0,3,0.0,0,0.5,0,0,0,0.5,0.5,0
410,267391,2007-02-05,22,Kenya,14,Canada,149,Jaffery Sports Club Ground,17,4,17,0.23529411764705882,0.0,0.0,170.9412,8.3529,10,4,10,0.4,0.6,0.4,175.0,8.3,0,0.5,0,0.5,1,1,0,1.0,0.0,1
411,249239,2007-02-06,5,England,6,New Zealand,87,"Brisbane Cricket Ground, Woolloongabba",84,34,77,0.44155844155844154,0.2,0.3,209.5542,7.1687,64,34,62,0.5483870967741935,0.4,0.3,211.7903,7.5161,1,0.0,0,0.5,4,1,3,0.25,0.75,1
412,250669,2007-02-07,36,South Africa,30,Pakistan,62,Kingsmead,67,39,61,0.639344262295082,1.0,0.8,228.9545,6.2121,80,44,77,0.5714285714285714,0.6,0.4,226.4,7.275,6,0.6666666666666666,0,0.5,7,5,2,0.7142857142857143,0.2857142857142857,0
414,249240,2007-02-09,3,Australia,5,England,14,Melbourne Cricket Ground,101,76,95,0.8,0.8,0.9,235.3762,5.9802,85,35,78,0.44871794871794873,0.4,0.4,210.2738,7.1667,8,1.0,2,0.0,15,11,2,0.8461538461538461,0.15384615384615385,0
416,249241,2007-02-11,3,Australia,5,England,9,Sydney Cricket Ground,102,76,96,0.7916666666666666,0.6,0.8,235.5392,6.0196,86,36,79,0.45569620253164556,0.6,0.5,210.7765,7.1529,12,0.75,3,0.3333333333333333,16,11,3,0.7857142857142857,0.21428571428571427,0
417,250671,2007-02-11,36,South Africa,30,Pakistan,61,Newlands,69,39,62,0.6290322580645161,0.75,0.7777777777777778,228.6716,6.2687,82,45,78,0.5769230769230769,0.5,0.5555555555555556,228.1463,7.2439,5,1.0,0,0.5,9,5,3,0.625,0.375,1
418,267712,2007-02-11,2,India,7,Sri Lanka,109,Madhavrao Scindia Cricket Ground,93,45,87,0.5172413793103449,0.25,0.2222222222222222,226.9121,7.0659,83,40,79,0.5063291139240507,0.5,0.6666666666666666,216.3704,7.3827,1,1.0,1,0.0,11,7,2,0.7777777777777778,0.2222222222222222,0
419,250672,2007-02-14,36,South Africa,30,Pakistan,120,New Wanderers Stadium,70,40,63,0.6349206349206349,0.75,0.7777777777777778,226.9706,6.1765,83,45,79,0.569620253164557,0.5,0.4444444444444444,226.6867,7.2771,1,1.0,0,0.5,10,6,3,0.6666666666666666,0.3333333333333333,1
420,267715,2007-02-14,2,India,7,Sri Lanka,124,"Nehru Stadium, Fatorda",94,45,88,0.5113636363636364,0.25,0.1111111111111111,227.1848,7.087,84,41,80,0.5125,0.75,0.6666666666666666,216.8659,7.3902,1,1.0,0,0.5,12,7,3,0.7,0.3,1
421,251494,2007-02-16,6,New Zealand,3,Australia,114,Westpac Stadium,65,34,63,0.5396825396825397,0.4,0.3,212.4921,7.5238,103,76,97,0.7835051546391752,0.4,0.7,234.7282,6.0388,2,1.0,0,0.5,14,1,13,0.07142857142857142,0.9285714285714286,1
422,267713,2007-02-17,2,India,7,Sri Lanka,150,Andhra Cricket Association-Visakhapatnam District Cricket Association Stadium,95,46,89,0.5168539325842697,0.5,0.2222222222222222,227.2473,7.0645,85,41,81,0.5061728395061729,0.5,0.5555555555555556,217.0241,7.3976,0,0.5,0,0.5,13,8,3,0.7272727272727273,0.2727272727272727,1
423,251495,2007-02-18,6,New Zealand,3,Australia,58,Eden Park,66,35,64,0.546875,0.4,0.3,211.5,7.4062,104,76,98,0.7755102040816326,0.2,0.6,233.8942,6.0769,5,0.2,2,1.0,15,2,13,0.13333333333333333,0.8666666666666667,1
424,251496,2007-02-20,6,New Zealand,3,Australia,151,Seddon Park,67,36,65,0.5538461538461539,0.6,0.4,213.4769,7.3692,105,76,99,0.7676767676767676,0.2,0.5,234.8667,6.0571,0,0.5,0,0.5,16,3,13,0.1875,0.8125,1
426,247457,2007-03-13,44,West Indies,30,Pakistan,97,"Sabina Park, Kingston",73,37,68,0.5441176470588235,0.4,0.4,200.7123,6.726,84,45,80,0.5625,0.25,0.4444444444444444,225.8095,7.3095,2,0.5,0,0.5,9,2,7,0.2222222222222222,0.7777777777777778,1
427,247458,2007-03-14,3,Australia,34,Scotland,131,"Warner Park, Basseterre",106,76,100,0.76,0.0,0.4,235.9151,6.0472,1,1,1,1.0,1.0,1.0,254.0,8.0,0,0.5,0,0.5,0,0,0,0.5,0.5,1
428,247460,2007-03-15,13,Bermuda,7,Sri Lanka,98,"Queen's Park Oval, Port of Spain",5,1,5,0.2,0.2,0.2,161.4,8.2,86,41,82,0.5,0.5,0.4444444444444444,217.5238,7.3929,0,0.5,0,0.5,0,0,0,0.5,0.5,0
430,247462,2007-03-16,26,Netherlands,36,South Africa,131,"Warner Park, Basseterre",8,3,8,0.375,0.6,0.375,180.5,7.75,71,41,64,0.640625,0.75,0.7777777777777778,225.942,6.1014,0,0.5,0,0.5,0,0,0,0.5,0.5,0
431,247463,2007-03-16,5,England,6,New Zealand,130,"Beausejour Stadium, Gros Islet",87,37,80,0.4625,0.8,0.5,211.186,7.1628,68,37,66,0.5606060606060606,0.6,0.5,215.5455,7.3939,0,0.5,0,0.5,5,2,3,0.4,0.6,0
432,247464,2007-03-17,12,Bangladesh,2,India,98,"Queen's Park Oval, Port of Spain",49,12,48,0.25,1.0,0.8,175.0612,8.0408,96,47,90,0.5222222222222223,0.75,0.3333333333333333,227.6277,7.0213,0,0.5,2,0.0,2,0,2,0.0,1.0,1
433,247465,2007-03-17,20,Ireland,30,Pakistan,97,"Sabina Park, Kingston",2,0,1,0.0,0.0,0.0,242.0,9.0,85,45,81,0.5555555555555556,0.25,0.4444444444444444,225.3529,7.3412,1,0.5,1,0.0,0,0,0,0.5,0.5,1
434,247466,2007-03-18,3,Australia,26,Netherlands,131,"Warner Park, Basseterre",107,77,101,0.7623762376237624,0.2,0.4,236.8318,6.0467,9,3,9,0.3333333333333333,0.6,0.3333333333333333,175.1111,7.8889,1,1.0,1,0.0,0,0,0,0.5,0.5,1
435,247467,2007-03-18,14,Canada,5,England,130,"Beausejour Stadium, Gros Islet",11,4,11,0.36363636363636365,0.6,0.3,167.4545,8.4545,88,37,81,0.4567901234567901,0.8,0.5,211.1609,7.1609,0,0.5,1,0.0,0,0,0,0.5,0.5,0
436,247468,2007-03-19,13,Bermuda,2,India,98,"Queen's Park Oval, Port of Spain",6,1,6,0.16666666666666666,0.2,0.16666666666666666,147.5,8.5,97,47,91,0.5164835164835165,0.5,0.3333333333333333,227.2421,7.0526,1,0.0,3,0.0,0,0,0,0.5,0.5,0
437,247469,2007-03-19,44,West Indies,46,Zimbabwe,97,"Sabina Park, Kingston",74,38,69,0.5507246376811594,0.6,0.4,201.2568,6.7568,65,9,60,0.15,0.0,0.0,182.9355,8.371,3,0.6666666666666666,1,0.5,10,7,2,0.7777777777777778,0.2222222222222222,1
438,247470,2007-03-20,34,Scotland,36,South Africa,131,"Warner Park, Basseterre",2,1,2,0.5,0.5,0.5,192.5,8.5,72,42,65,0.6461538461538462,0.75,0.8888888888888888,227.7571,6.0571,1,0.0,1,1.0,0,0,0,0.5,0.5,0
439,247471,2007-03-20,22,Kenya,6,New Zealand,130,"Beausejour Stadium, Gros Islet",18,5,18,0.2777777777777778,0.2,0.1,175.3333,8.3889,69,38,67,0.5671641791044776,0.8,0.6,215.4627,7.3433,0,0.5,1,1.0,0,0,0,0.5,0.5,0
440,247472,2007-03-21,12,Bangladesh,7,Sri Lanka,98,"Queen's Park Oval, Port of Spain",50,13,49,0.2653061224489796,1.0,0.8,175.4,7.98,87,42,83,0.5060240963855421,0.5,0.5555555555555556,218.7412,7.3765,1,1.0,1,1.0,6,1,5,0.16666666666666666,0.8333333333333334,0
441,247473,2007-03-21,30,Pakistan,46,Zimbabwe,97,"Sabina Park, Kingston",86,45,82,0.5487804878048781,0.0,0.3333333333333333,224.2674,7.3721,66,9,61,0.14754098360655737,0.0,0.0,183.2381,8.3175,2,0.0,2,0.0,5,4,0,1.0,0.0,1
442,247474,2007-03-22,26,Netherlands,34,Scotland,131,"Warner Park, Basseterre",10,3,10,0.3,0.4,0.3,170.5,8.1,3,1,3,0.3333333333333333,0.3333333333333333,0.3333333333333333,190.3333,8.3333,2,0.0,2,0.0,0,0,0,0.5,0.5,1
443,247475,2007-03-22,14,Canada,6,New Zealand,130,"Beausejour Stadium, Gros Islet",12,4,12,0.3333333333333333,0.4,0.3,172.5,8.3333,70,39,68,0.5735294117647058,1.0,0.7,217.1618,7.3382,1,0.0,2,1.0,1,0,1,0.0,1.0,0
444,247476,2007-03-23,2,India,7,Sri Lanka,98,"Queen's Park Oval, Port of Spain",98,48,92,0.5217391304347826,0.6,0.4444444444444444,229.1771,7.0312,88,43,84,0.5119047619047619,0.6,0.5555555555555556,219.8953,7.3372,4,0.25,2,1.0,14,9,3,0.75,0.25,0
445,247477,2007-03-23,44,West Indies,20,Ireland,97,"Sabina Park, Kingston",75,39,70,0.5571428571428572,0.6,0.5,201.2933,6.72,3,1,2,0.5,0.5,0.5,205.6667,8.3333,4,0.75,2,1.0,0,0,0,0.5,0.5,1
446,247478,2007-03-24,3,Australia,36,South Africa,131,"Warner Park, Basseterre",108,78,102,0.7647058823529411,0.4,0.4,237.9537,6.037,73,43,66,0.6515151515151515,1.0,0.8888888888888888,227.1972,6.0141,2,1.0,2,1.0,9,5,4,0.5555555555555556,0.4444444444444444,1
447,247479,2007-03-24,5,England,22,Kenya,130,"Beausejour Stadium, Gros Islet",89,38,82,0.4634146341463415,0.8,0.5,211.9318,7.1477,19,5,19,0.2631578947368421,0.2,0.1,175.7368,8.4737,2,0.5,1,0.0,0,0,0,0.5,0.5,1
448,247480,2007-03-25,12,Bangladesh,13,Bermuda,98,"Queen's Park Oval, Port of Spain",51,13,50,0.26,0.8,0.7,174.1569,8.0196,7,1,7,0.14285714285714285,0.2,0.14285714285714285,148.7143,8.7143,2,0.5,2,0.0,0,0,0,0.5,0.5,1
449,247481,2007-03-27,44,West Indies,3,Australia,152,"Sir Vivian Richards Stadium, North Sound",76,40,71,0.5633802816901409,0.8,0.5,201.1447,6.6579,109,79,103,0.7669902912621359,0.6,0.4,239.2294,6.0367,0,0.5,0,0.5,9,4,4,0.5,0.5,0
450,247482,2007-03-28,36,South Africa,7,Sri Lanka,153,Providence Stadium,74,43,67,0.6417910447761194,0.8,0.7777777777777778,228.125,6.0694,89,44,85,0.5176470588235295,0.6,0.6666666666666666,220.2874,7.3218,0,0.5,0,0.5,8,3,4,0.42857142857142855,0.5714285714285714,1
451,247483,2007-03-29,44,West Indies,6,New Zealand,152,"Sir Vivian Richards Stadium, North Sound",77,40,72,0.5555555555555556,0.6,0.5,201.3766,6.7013,71,40,69,0.5797101449275363,1.0,0.7,219.2754,7.3043,1,0.0,0,0.5,7,1,6,0.14285714285714285,0.8571428571428571,0
452,247484,2007-03-30,5,England,20,Ireland,153,Providence Stadium,90,39,83,0.46987951807228917,0.8,0.6,211.5506,7.1011,4,1,3,0.3333333333333333,0.3333333333333333,0.3333333333333333,200.0,8.25,0,0.5,0,0.5,1,1,0,1.0,0.0,1
453,247485,2007-03-31,3,Australia,12,Bangladesh,152,"Sir Vivian Richards Stadium, North Sound",110,80,104,0.7692307692307693,0.8,0.5,239.9818,6.0364,52,14,51,0.27450980392156865,0.8,0.7,172.6538,7.9231,1,1.0,0,0.5,9,8,1,0.8888888888888888,0.1111111111111111,1
454,247486,2007-04-01,44,West Indies,7,Sri Lanka,153,Providence Stadium,78,40,73,0.547945205479452,0.6,0.5,201.0641,6.7436,90,44,86,0.5116279069767442,0.6,0.5555555555555556,220.1591,7.3523,0,0.5,1,0.0,6,2,4,0.3333333333333333,0.6666666666666666,0
455,247487,2007-04-02,12,Bangladesh,6,New Zealand,152,"Sir Vivian Richards Stadium, North Sound",53,14,52,0.2692307692307692,0.6,0.7,171.3585,7.8868,72,41,70,0.5857142857142857,1.0,0.8,218.7,7.2429,1,0.0,1,1.0,2,0,2,0.0,1.0,0
456,247488,2007-04-03,20,Ireland,36,South Africa,153,Providence Stadium,5,1,4,0.25,0.25,0.25,203.6,8.6,75,44,68,0.6470588235294118,0.8,0.7777777777777778,227.9041,6.1096,1,0.0,1,1.0,0,0,0,0.5,0.5,0
457,247489,2007-04-04,5,England,7,Sri Lanka,152,"Sir Vivian Richards Stadium, North Sound",91,40,84,0.47619047619047616,0.8,0.7,212.1556,7.1,91,45,87,0.5172413793103449,0.8,0.6666666666666666,221.0899,7.3258,0,0.5,0,0.5,10,3,7,0.3,0.7,0
458,247490,2007-04-07,12,Bangladesh,36,South Africa,153,Providence Stadium,54,14,53,0.2641509433962264,0.4,0.7,171.4074,7.9259,76,45,69,0.6521739130434783,0.8,0.7777777777777778,227.0541,6.0676,0,0.5,2,1.0,1,0,1,0.0,1.0,1
459,247491,2007-04-08,3,Australia,5,England,152,"Sir Vivian Richards Stadium, North Sound",111,81,105,0.7714285714285715,1.0,0.5,238.7748,5.982,92,40,85,0.47058823529411764,0.6,0.7,212.3846,7.1099,2,1.0,1,0.0,17,11,4,0.7333333333333333,0.26666666666666666,1
460,247492,2007-04-09,20,Ireland,6,New Zealand,153,Providence Stadium,6,1,5,0.2,0.25,0.2,195.0,8.5,73,42,71,0.5915492957746479,1.0,0.8,218.1268,7.1549,2,0.0,0,0.5,0,0,0,0.5,0.5,0
461,247493,2007-04-10,44,West Indies,36,South Africa,154,"National Cricket Stadium, St George's",79,40,74,0.5405405405405406,0.4,0.5,200.9241,6.7848,77,45,70,0.6428571428571429,0.6,0.6666666666666666,226.48,6.12,0,0.5,0,0.5,8,4,3,0.5714285714285714,0.42857142857142855,0
462,247494,2007-04-11,12,Bangladesh,5,England,155,"Kensington Oval, Bridgetown",55,15,54,0.2777777777777778,0.4,0.7,172.8545,7.9273,93,40,86,0.46511627906976744,0.6,0.7,212.7609,7.1413,0,0.5,0,0.5,5,0,5,0.0,1.0,0
463,247495,2007-04-12,6,New Zealand,7,Sri Lanka,154,"National Cricket Stadium, St George's",74,43,72,0.5972222222222222,1.0,0.9,218.75,7.1667,92,46,88,0.5227272727272727,0.8,0.6666666666666666,221.2444,7.3556,0,0.5,0,0.5,9,5,4,0.5555555555555556,0.4444444444444444,0
464,247496,2007-04-13,3,Australia,20,Ireland,155,"Kensington Oval, Bridgetown",112,82,106,0.7735849056603774,1.0,0.6,238.8571,5.9554,7,1,6,0.16666666666666666,0.2,0.16666666666666666,186.2857,8.7143,0,0.5,0,0.5,0,0,0,0.5,0.5,1
465,247497,2007-04-14,6,New Zealand,36,South Africa,154,"National Cricket Stadium, St George's",75,43,73,0.589041095890411,0.8,0.9,218.7534,7.1644,78,46,71,0.647887323943662,0.6,0.7777777777777778,228.1842,6.0921,1,0.0,1,1.0,7,3,3,0.5,0.5,1
466,247498,2007-04-15,12,Bangladesh,20,Ireland,155,"Kensington Oval, Bridgetown",56,15,55,0.2727272727272727,0.4,0.6,172.3214,7.9643,8,1,7,0.14285714285714285,0.0,0.14285714285714285,174.375,8.875,1,0.0,1,0.0,0,0,0,0.5,0.5,0
467,247499,2007-04-16,3,Australia,7,Sri Lanka,154,"National Cricket Stadium, St George's",113,83,107,0.7757009345794392,1.0,0.7,237.5575,5.9115,93,47,89,0.5280898876404494,0.8,0.7,221.2527,7.3187,0,0.5,1,1.0,14,10,4,0.7142857142857143,0.2857142857142857,1
468,247500,2007-04-17,5,England,36,South Africa,155,"Kensington Oval, Bridgetown",94,41,87,0.47126436781609193,0.6,0.7,212.0538,7.129,79,46,72,0.6388888888888888,0.6,0.7,227.7273,6.1039,1,1.0,0,0.5,10,3,5,0.375,0.625,0
469,247501,2007-04-18,20,Ireland,7,Sri Lanka,154,"National Cricket Stadium, St George's",9,2,8,0.25,0.2,0.25,182.0,8.6667,94,47,90,0.5222222222222223,0.6,0.6,221.3043,7.3478,0,0.5,2,0.5,0,0,0,0.5,0.5,0
470,247502,2007-04-19,44,West Indies,12,Bangladesh,155,"Kensington Oval, Bridgetown",80,40,75,0.5333333333333333,0.2,0.4,202.025,6.8125,57,15,56,0.26785714285714285,0.2,0.5,172.2632,8.0,0,0.5,2,0.0,6,5,0,1.0,0.0,1
471,247503,2007-04-20,3,Australia,6,New Zealand,154,"National Cricket Stadium, St George's",114,84,108,0.7777777777777778,1.0,0.8,237.5088,5.886,76,44,74,0.5945945945945946,0.8,0.9,218.4459,7.1351,1,1.0,2,0.5,17,13,4,0.7647058823529411,0.23529411764705882,1
472,247504,2007-04-21,44,West Indies,5,England,155,"Kensington Oval, Bridgetown",81,41,76,0.5394736842105263,0.2,0.5,202.3704,6.7901,95,41,88,0.4659090909090909,0.4,0.6,211.4362,7.1596,1,1.0,2,0.5,7,4,2,0.6666666666666666,0.3333333333333333,0
473,247505,2007-04-24,6,New Zealand,7,Sri Lanka,97,"Sabina Park, Kingston",77,44,75,0.5866666666666667,0.6,0.8,217.3067,7.1733,95,48,91,0.5274725274725275,0.8,0.7,219.7957,7.2903,0,0.5,0,0.5,10,5,5,0.5,0.5,0
474,247506,2007-04-25,3,Australia,36,South Africa,130,"Beausejour Stadium, Gros Islet",115,85,109,0.7798165137614679,1.0,0.9,238.4696,5.887,80,47,73,0.6438356164383562,0.6,0.7,226.8205,6.0385,0,0.5,0,0.5,10,6,4,0.6,0.4,1
475,247507,2007-04-28,3,Australia,7,Sri Lanka,155,"Kensington Oval, Bridgetown",116,86,110,0.7818181818181819,1.0,1.0,237.7328,5.8621,96,49,92,0.532608695652174,0.8,0.8,220.5319,7.266,1,1.0,0,0.5,15,11,4,0.7333333333333333,0.26666666666666666,1
476,282688,2007-05-10,12,Bangladesh,2,India,143,Shere Bangla National Stadium,58,15,57,0.2631578947368421,0.2,0.4,171.5517,8.0345,99,48,93,0.5161290322580645,0.6,0.4444444444444444,228.7216,7.0619,2,1.0,0,0.5,3,1,2,0.3333333333333333,0.6666666666666666,0
477,282689,2007-05-12,12,Bangladesh,2,India,143,Shere Bangla National Stadium,59,15,58,0.25862068965517243,0.2,0.3,172.8814,8.0169,100,49,94,0.5212765957446809,0.6,0.5555555555555556,228.949,7.0408,3,0.6666666666666666,1,1.0,4,1,3,0.25,0.75,0
478,289107,2007-06-06,8,Africa XI,9,Asia XI,156,M Chinnaswamy Stadium,2,1,1,1.0,1.0,1.0,152.0,10.0,2,0,1,0.0,0.0,0.0,102.0,6.0,0,0.5,0,0.5,2,1,0,1.0,0.0,0
479,289108,2007-06-09,8,Africa XI,9,Asia XI,146,"MA Chidambaram Stadium, Chepauk",3,1,2,0.5,0.5,0.5,195.6667,10.0,3,1,2,0.5,0.5,0.5,173.6667,7.0,0,0.5,0,0.5,3,1,1,0.5,0.5,0
480,289110,2007-06-10,8,Africa XI,9,Asia XI,146,"MA Chidambaram Stadium, Chepauk",4,1,3,0.3333333333333333,0.3333333333333333,0.3333333333333333,223.25,10.0,4,2,3,0.6666666666666666,0.6666666666666666,0.6666666666666666,214.5,7.0,1,0.0,1,1.0,4,1,2,0.3333333333333333,0.6666666666666666,0
481,293071,2007-06-23,20,Ireland,2,India,132,"Civil Service Cricket Club, Stormont",10,2,9,0.2222222222222222,0.2,0.2222222222222222,171.5,8.8,101,50,95,0.5263157894736842,0.6,0.6666666666666666,229.5051,7.0505,1,0.0,0,0.5,0,0,0,0.5,0.5,0
482,293072,2007-06-24,20,Ireland,36,South Africa,132,"Civil Service Cricket Club, Stormont",11,2,10,0.2,0.2,0.2222222222222222,173.4545,8.9091,81,47,74,0.6351351351351351,0.4,0.6,225.8354,6.0886,2,0.0,0,0.5,1,0,1,0.0,1.0,0
483,293076,2007-06-26,2,India,36,South Africa,132,"Civil Service Cricket Club, Stormont",102,51,96,0.53125,0.8,0.6666666666666666,228.92,6.99,82,48,75,0.64,0.6,0.6,225.175,6.0625,1,1.0,1,1.0,7,1,5,0.16666666666666666,0.8333333333333334,0
484,293077,2007-06-29,2,India,36,South Africa,132,"Civil Service Cricket Club, Stormont",103,51,97,0.5257731958762887,0.6,0.6,229.0495,7.0,83,49,76,0.6447368421052632,0.6,0.6,225.4198,6.0617,2,0.5,2,1.0,8,1,6,0.14285714285714285,0.8571428571428571,1
485,258465,2007-07-01,5,England,44,West Indies,77,Lord's,96,42,89,0.47191011235955055,0.4,0.6,212.3789,7.1789,82,41,77,0.5324675324675324,0.2,0.4,203.561,6.8293,5,0.0,2,0.5,8,3,4,0.42857142857142855,0.5714285714285714,1
486,293078,2007-07-01,2,India,36,South Africa,132,"Civil Service Cricket Club, Stormont",104,52,98,0.5306122448979592,0.8,0.7,229.0294,6.9706,84,49,77,0.6363636363636364,0.6,0.6,225.4268,6.061,3,0.6666666666666666,3,0.6666666666666666,9,2,6,0.25,0.75,1
487,258466,2007-07-04,5,England,44,West Indies,81,Edgbaston,97,43,90,0.4777777777777778,0.6,0.6,212.5104,7.2083,83,41,78,0.5256410256410257,0.2,0.4,202.8675,6.8675,4,1.0,0,0.5,9,4,4,0.5,0.5,0
488,258467,2007-07-07,5,England,44,West Indies,74,Trent Bridge,98,43,91,0.4725274725274725,0.6,0.6,212.5567,7.2371,84,42,79,0.5316455696202531,0.4,0.4,203.7619,6.8452,3,0.6666666666666666,1,1.0,10,4,5,0.4444444444444444,0.5555555555555556,0
491,293481,2007-07-20,7,Sri Lanka,12,Bangladesh,158,P Saravanamuttu Stadium,97,49,93,0.5268817204301075,0.6,0.7,220.4737,7.2737,60,15,59,0.2542372881355932,0.0,0.2,173.9667,8.0333,0,0.5,0,0.5,7,6,1,0.8571428571428571,0.14285714285714285,1
492,293482,2007-07-23,7,Sri Lanka,12,Bangladesh,121,R Premadasa Stadium,98,50,94,0.5319148936170213,0.6,0.7,220.6146,7.2604,61,15,60,0.25,0.0,0.2,173.8033,8.0656,2,0.0,0,0.5,8,7,1,0.875,0.125,1
493,293483,2007-07-25,7,Sri Lanka,12,Bangladesh,121,R Premadasa Stadium,99,51,95,0.5368421052631579,0.8,0.7,219.7938,7.2371,62,15,61,0.2459016393442623,0.0,0.1,173.2097,8.0968,3,0.5,1,0.0,9,8,1,0.8888888888888888,0.1111111111111111,1
494,275789,2007-08-16,34,Scotland,2,India,159,Titwood,5,1,4,0.25,0.25,0.25,155.6,8.0,105,53,99,0.5353535353535354,0.8,0.7,228.2816,6.9417,0,0.5,0,0.5,0,0,0,0.5,0.5,0
495,258471,2007-08-21,5,England,2,India,82,The Rose Bowl,99,43,92,0.4673913043478261,0.4,0.5,212.3878,7.2653,106,54,100,0.54,0.8,0.7,228.125,6.9038,2,0.5,1,1.0,11,3,8,0.2727272727272727,0.7272727272727273,1
496,300486,2007-08-22,46,Zimbabwe,36,South Africa,69,Queens Sports Club,67,9,62,0.14516129032258066,0.0,0.0,181.9219,8.3438,85,49,78,0.6282051282051282,0.4,0.5,224.494,6.0723,2,0.0,0,0.5,8,0,8,0.0,1.0,0
497,258472,2007-08-24,5,England,2,India,160,County Ground,100,44,93,0.4731182795698925,0.6,0.5,213.1515,7.2121,107,54,101,0.5346534653465347,0.6,0.7,227.7048,6.9333,0,0.5,0,0.5,12,4,8,0.3333333333333333,0.6666666666666666,0
498,300487,2007-08-25,46,Zimbabwe,36,South Africa,16,Harare Sports Club,68,9,63,0.14285714285714285,0.0,0.0,182.2923,8.3692,86,50,79,0.6329113924050633,0.6,0.5,224.3214,6.0595,16,0.1875,0,0.5,9,0,9,0.0,1.0,0
499,300488,2007-08-26,46,Zimbabwe,36,South Africa,16,Harare Sports Club,69,9,64,0.140625,0.0,0.0,183.2727,8.3485,87,51,80,0.6375,0.6,0.6,224.6353,6.0118,17,0.17647058823529413,1,1.0,10,0,10,0.0,1.0,0
500,258473,2007-08-27,5,England,2,India,81,Edgbaston,101,44,94,0.46808510638297873,0.4,0.4,214.22,7.22,108,55,102,0.5392156862745098,0.8,0.7,228.6604,6.934,5,0.75,1,0.0,13,4,9,0.3076923076923077,0.6923076923076923,1
501,258474,2007-08-30,5,England,2,India,102,Old Trafford,102,45,95,0.47368421052631576,0.4,0.5,214.8812,7.2277,109,55,103,0.5339805825242718,0.6,0.7,228.757,6.9626,1,0.0,0,0.5,14,5,9,0.35714285714285715,0.6428571428571429,1
502,258475,2007-09-02,5,England,2,India,76,Headingley,103,46,96,0.4791666666666667,0.6,0.6,214.8627,7.2255,110,55,104,0.5288461538461539,0.4,0.6,228.6019,6.9907,3,0.6666666666666666,0,0.5,15,6,9,0.4,0.6,0
503,258476,2007-09-05,5,England,2,India,80,Kennington Oval,104,46,97,0.4742268041237113,0.6,0.5,215.1262,7.233,111,56,105,0.5333333333333333,0.4,0.6,229.4771,6.9817,5,0.4,1,0.0,16,6,10,0.375,0.625,0
504,258477,2007-09-08,5,England,2,India,77,Lord's,105,46,98,0.46938775510204084,0.4,0.5,216.0962,7.2212,112,57,106,0.5377358490566038,0.6,0.6,230.2727,6.9909,6,0.2,1,1.0,17,6,11,0.35294117647058826,0.6470588235294118,1
506,291217,2007-10-01,7,Sri Lanka,5,England,32,Rangiri Dambulla International Stadium,100,52,96,0.5416666666666666,0.8,0.8,219.551,7.2653,106,47,99,0.47474747474747475,0.6,0.5,215.8286,7.181,7,0.5714285714285714,1,0.0,11,8,3,0.7272727272727273,0.2727272727272727,1
507,297794,2007-10-02,2,India,3,Australia,108,Nehru Stadium,114,57,107,0.5327102803738317,0.5,0.5555555555555556,227.9107,6.9643,118,87,111,0.7837837837837838,1.0,1.0,238.6864,5.8559,1,1.0,0,0.5,15,2,10,0.16666666666666666,0.8333333333333334,0
508,291218,2007-10-04,7,Sri Lanka,5,England,32,Rangiri Dambulla International Stadium,101,53,97,0.5463917525773195,0.8,0.8,220.0505,7.2626,107,47,100,0.47,0.4,0.4,215.2075,7.2075,8,0.625,2,0.0,12,9,3,0.75,0.25,0
509,297795,2007-10-05,2,India,3,Australia,111,"Rajiv Gandhi International Stadium, Uppal",115,57,108,0.5277777777777778,0.5,0.4444444444444444,227.8584,6.9912,119,88,112,0.7857142857142857,1.0,1.0,239.2521,5.8571,1,0.0,0,0.5,16,2,11,0.15384615384615385,0.8461538461538461,0
510,297796,2007-10-08,2,India,3,Australia,161,Sector 16 Stadium,116,57,109,0.5229357798165137,0.25,0.3333333333333333,227.9912,7.0175,120,89,113,0.7876106194690266,1.0,1.0,239.675,5.8667,0,0.5,0,0.5,17,2,12,0.14285714285714285,0.8571428571428571,1
511,291220,2007-10-10,7,Sri Lanka,5,England,121,R Premadasa Stadium,102,53,98,0.5408163265306123,0.8,0.7,219.54,7.29,108,48,101,0.4752475247524752,0.4,0.5,215.3832,7.215,4,0.6666666666666666,0,0.5,13,9,4,0.6923076923076923,0.3076923076923077,0
512,297797,2007-10-11,2,India,3,Australia,110,Reliance Stadium,117,58,110,0.5272727272727272,0.25,0.4444444444444444,228.5391,6.9913,121,89,114,0.7807017543859649,0.75,0.8888888888888888,240.0331,5.876,1,1.0,0,0.5,18,3,12,0.2,0.8,0
513,291221,2007-10-13,7,Sri Lanka,5,England,121,R Premadasa Stadium,103,53,99,0.5353535353535354,0.6,0.6,219.4554,7.3069,109,49,102,0.4803921568627451,0.6,0.6,215.3519,7.1944,5,0.5,1,1.0,14,9,5,0.6428571428571429,0.35714285714285715,1
514,297798,2007-10-14,2,India,3,Australia,162,Vidarbha Cricket Association Ground,118,58,111,0.5225225225225225,0.25,0.3333333333333333,227.8448,7.0172,122,90,115,0.782608695652174,0.75,0.8888888888888888,239.2869,5.8361,0,0.5,0,0.5,19,3,13,0.1875,0.8125,0
515,297799,2007-10-17,2,India,3,Australia,2,Wankhede Stadium,119,58,112,0.5178571428571429,0.2,0.3333333333333333,228.453,7.0171,123,91,116,0.7844827586206896,0.8,0.8888888888888888,239.9187,5.8537,1,1.0,0,0.5,20,3,14,0.17647058823529413,0.8235294117647058,1
516,296685,2007-10-18,22,Kenya,14,Canada,133,Gymkhana Club Ground,20,5,20,0.25,0.2,0.1,175.8,8.55,13,4,13,0.3076923076923077,0.2,0.3,178.3846,8.3846,4,0.0,1,1.0,2,2,0,1.0,0.0,1
517,299006,2007-10-18,30,Pakistan,36,South Africa,68,Gaddafi Stadium,87,46,83,0.5542168674698795,0.2,0.3333333333333333,225.7011,7.4023,88,52,81,0.6419753086419753,0.6,0.6,225.7791,6.0465,6,0.16666666666666666,0,0.5,11,3,7,0.3,0.7,0
518,296687,2007-10-20,22,Kenya,14,Canada,133,Gymkhana Club Ground,21,6,21,0.2857142857142857,0.4,0.2,178.5238,8.4286,14,4,14,0.2857142857142857,0.2,0.3,182.0714,8.5,5,0.2,2,0.5,3,3,0,1.0,0.0,1
519,299007,2007-10-20,30,Pakistan,36,South Africa,68,Gaddafi Stadium,88,46,84,0.5476190476190477,0.2,0.3333333333333333,225.9659,7.4318,89,53,82,0.6463414634146342,0.8,0.7,226.5632,6.0345,7,0.14285714285714285,1,1.0,12,3,8,0.2727272727272727,0.7272727272727273,1
520,299008,2007-10-23,30,Pakistan,36,South Africa,142,Iqbal Stadium,89,47,85,0.5529411764705883,0.4,0.3333333333333333,226.4045,7.4494,90,53,83,0.6385542168674698,0.8,0.6,226.7159,6.0795,1,1.0,0,0.5,13,4,8,0.3333333333333333,0.6666666666666666,1
521,313992,2007-10-25,22,Kenya,13,Bermuda,133,Gymkhana Club Ground,22,7,22,0.3181818181818182,0.6,0.3,179.1818,8.3182,8,1,8,0.125,0.0,0.125,141.875,8.75,6,0.3333333333333333,1,0.0,0,0,0,0.5,0.5,1
522,299009,2007-10-26,30,Pakistan,36,South Africa,45,Multan Cricket Stadium,90,48,86,0.5581395348837209,0.6,0.4444444444444444,226.1333,7.4111,91,53,84,0.6309523809523809,0.6,0.6,226.382,6.1236,4,0.5,0,0.5,14,5,8,0.38461538461538464,0.6153846153846154,0
523,313993,2007-10-27,22,Kenya,13,Bermuda,133,Gymkhana Club Ground,23,8,23,0.34782608695652173,0.6,0.4,179.0,8.0435,9,1,9,0.1111111111111111,0.0,0.1111111111111111,145.4444,8.8889,7,0.42857142857142855,2,0.0,1,1,0,1.0,0.0,1
524,313994,2007-10-28,22,Kenya,13,Bermuda,133,Gymkhana Club Ground,24,9,24,0.375,0.8,0.5,179.3333,8.0,10,1,10,0.1,0.0,0.1,149.2,8.9,8,0.5,3,0.0,2,2,0,1.0,0.0,1
525,299010,2007-10-29,30,Pakistan,36,South Africa,68,Gaddafi Stadium,91,48,87,0.5517241379310345,0.6,0.3333333333333333,226.1758,7.4286,92,54,85,0.6352941176470588,0.6,0.6,226.4556,6.0889,8,0.25,2,0.5,15,5,9,0.35714285714285715,0.6428571428571429,0
526,297801,2007-11-05,2,India,30,Pakistan,108,Nehru Stadium,120,59,113,0.5221238938053098,0.4,0.4444444444444444,228.1695,7.0254,92,48,88,0.5454545454545454,0.4,0.3,226.0978,7.4565,2,0.5,0,0.5,18,9,9,0.5,0.5,1
527,297802,2007-11-08,2,India,30,Pakistan,137,"Punjab Cricket Association Stadium, Mohali",121,60,114,0.5263157894736842,0.6,0.4444444444444444,228.2857,7.0084,93,48,89,0.5393258426966292,0.4,0.3,226.2366,7.4516,1,0.0,2,0.0,19,10,9,0.5263157894736842,0.47368421052631576,0
528,297803,2007-11-11,2,India,30,Pakistan,95,Green Park,122,60,115,0.5217391304347826,0.4,0.3333333333333333,229.0583,7.025,94,49,90,0.5444444444444444,0.4,0.4,227.2553,7.4362,1,0.0,1,1.0,20,10,10,0.5,0.5,1
529,297804,2007-11-15,2,India,30,Pakistan,163,Captain Roop Singh Stadium,123,61,116,0.5258620689655172,0.6,0.4444444444444444,229.595,7.0165,95,49,91,0.5384615384615384,0.2,0.4,227.4737,7.4632,0,0.5,0,0.5,21,11,10,0.5238095238095238,0.47619047619047616,1
530,297805,2007-11-18,2,India,30,Pakistan,139,Sawai Mansingh Stadium,124,62,117,0.5299145299145299,0.8,0.5,229.8443,6.9918,96,49,92,0.532608695652174,0.2,0.4,227.7604,7.4479,1,1.0,1,1.0,22,12,10,0.5454545454545454,0.45454545454545453,0
531,298796,2007-11-25,36,South Africa,6,New Zealand,62,Kingsmead,93,55,86,0.6395348837209303,0.6,0.6,226.5275,6.1209,78,44,76,0.5789473684210527,0.4,0.7,217.1842,7.2105,7,0.5,1,0.5,8,3,4,0.42857142857142855,0.5714285714285714,1
532,298797,2007-11-30,36,South Africa,6,New Zealand,90,St George's Park,94,56,87,0.6436781609195402,0.6,0.7,226.7717,6.1413,79,44,77,0.5714285714285714,0.2,0.6,217.5844,7.1948,6,0.8,1,0.0,9,4,4,0.5,0.5,0
533,317578,2007-11-30,46,Zimbabwe,44,West Indies,16,Harare Sports Club,70,9,65,0.13846153846153847,0.0,0.0,184.9403,8.3284,86,43,80,0.5375,0.5,0.3333333333333333,204.7647,6.8235,18,0.16666666666666666,3,0.6666666666666666,11,2,8,0.2,0.8,1
534,298798,2007-12-02,36,South Africa,6,New Zealand,61,Newlands,95,56,88,0.6363636363636364,0.6,0.7,226.5806,6.172,80,45,78,0.5769230769230769,0.4,0.6,217.4872,7.141,6,1.0,1,0.0,10,4,5,0.4444444444444444,0.5555555555555556,1
535,317579,2007-12-02,46,Zimbabwe,44,West Indies,16,Harare Sports Club,71,10,66,0.15151515151515152,0.2,0.1111111111111111,186.25,8.3235,87,43,81,0.5308641975308642,0.5,0.3333333333333333,205.2209,6.8372,19,0.21052631578947367,4,0.5,12,3,8,0.2727272727272727,0.7272727272727273,0
536,317581,2007-12-07,46,Zimbabwe,44,West Indies,69,Queens Sports Club,72,10,67,0.14925373134328357,0.2,0.1111111111111111,186.1014,8.3478,88,44,82,0.5365853658536586,0.75,0.4444444444444444,206.1494,6.8621,3,0.0,0,0.5,13,3,9,0.25,0.75,0
537,291345,2007-12-14,3,Australia,6,New Zealand,13,Adelaide Oval,124,91,117,0.7777777777777778,0.6,0.7777777777777778,239.5403,5.8871,81,45,79,0.569620253164557,0.2,0.5,217.7468,7.1519,5,0.8,1,1.0,18,14,4,0.7777777777777778,0.2222222222222222,1
539,291347,2007-12-20,3,Australia,6,New Zealand,59,Bellerive Oval,126,92,118,0.7796610169491526,0.75,0.75,239.664,5.864,83,45,80,0.5625,0.25,0.3333333333333333,215.8765,7.0988,2,1.0,2,0.0,20,15,4,0.7894736842105263,0.21052631578947367,1
540,300426,2007-12-26,6,New Zealand,12,Bangladesh,58,Eden Park,84,45,81,0.5555555555555556,0.25,0.2222222222222222,215.2927,7.1341,63,15,62,0.24193548387096775,0.0,0.1,172.9524,8.127,6,0.3333333333333333,0,0.5,3,3,0,1.0,0.0,1
541,300427,2007-12-28,6,New Zealand,12,Bangladesh,119,McLean Park,85,46,82,0.5609756097560976,0.25,0.3333333333333333,215.1446,7.0964,64,15,63,0.23809523809523808,0.0,0.1,173.3906,8.1562,2,0.5,0,0.5,4,4,0,1.0,0.0,1
542,300428,2007-12-31,6,New Zealand,12,Bangladesh,117,Queenstown Events Centre,86,47,83,0.5662650602409639,0.5,0.3333333333333333,216.5714,7.0714,65,15,64,0.234375,0.0,0.0,173.5077,8.1231,1,1.0,0,0.5,5,5,0,1.0,0.0,1
543,298805,2008-01-20,36,South Africa,44,West Indies,63,SuperSport Park,96,57,89,0.6404494382022472,0.8,0.7,226.7447,6.1596,89,45,83,0.5421686746987951,0.75,0.5555555555555556,206.4659,6.8409,6,0.8333333333333334,1,1.0,9,4,4,0.5,0.5,1
544,325800,2008-01-21,30,Pakistan,46,Zimbabwe,83,National Stadium,97,50,93,0.5376344086021505,0.4,0.4,228.567,7.433,73,10,68,0.14705882352941177,0.2,0.1111111111111111,186.7571,8.3571,4,0.75,0,0.5,6,5,0,1.0,0.0,1
545,325801,2008-01-24,30,Pakistan,46,Zimbabwe,164,"Niaz Stadium, Hyderabad",98,51,94,0.5425531914893617,0.6,0.5,229.7755,7.4082,74,10,69,0.14492753623188406,0.2,0.1111111111111111,187.5493,8.338,0,0.5,0,0.5,7,6,0,1.0,0.0,1
546,298806,2008-01-25,36,South Africa,44,West Indies,61,Newlands,97,58,90,0.6444444444444445,0.8,0.7,226.2105,6.1368,90,45,84,0.5357142857142857,0.5,0.5555555555555556,206.1124,6.8764,7,1.0,1,0.0,10,5,4,0.5555555555555556,0.4444444444444444,1
547,298807,2008-01-27,36,South Africa,44,West Indies,90,St George's Park,98,59,91,0.6483516483516484,0.8,0.7,226.5104,6.1667,91,45,85,0.5294117647058824,0.4,0.4444444444444444,205.7,6.9111,7,0.6666666666666666,0,0.5,11,6,4,0.6,0.4,1
548,325802,2008-01-27,30,Pakistan,46,Zimbabwe,45,Multan Cricket Stadium,99,52,95,0.5473684210526316,0.6,0.5,229.8687,7.3838,75,10,70,0.14285714285714285,0.2,0.1,188.25,8.3333,5,0.4,1,0.0,8,7,0,1.0,0.0,1
549,325803,2008-01-30,30,Pakistan,46,Zimbabwe,142,Iqbal Stadium,100,53,96,0.5520833333333334,0.8,0.5,230.29,7.4,76,10,71,0.14084507042253522,0.0,0.1,188.8904,8.3151,2,1.0,0,0.5,9,8,0,1.0,0.0,1
550,298808,2008-02-01,36,South Africa,44,West Indies,62,Kingsmead,99,60,92,0.6521739130434783,0.8,0.7,226.8144,6.134,92,45,86,0.5232558139534884,0.4,0.4444444444444444,206.2088,6.9121,8,0.6,1,0.5,12,7,4,0.6363636363636364,0.36363636363636365,1
551,325804,2008-02-02,30,Pakistan,46,Zimbabwe,165,Sheikhupura Stadium,101,54,97,0.5567010309278351,1.0,0.6,230.4356,7.3564,77,10,72,0.1388888888888889,0.0,0.1,189.6351,8.3378,0,0.5,0,0.5,10,9,0,1.0,0.0,1
553,298809,2008-02-03,36,South Africa,44,West Indies,120,New Wanderers Stadium,100,61,93,0.6559139784946236,1.0,0.8,227.2143,6.1224,93,45,87,0.5172413793103449,0.2,0.4444444444444444,206.8261,6.9348,2,1.0,0,0.5,13,8,4,0.6666666666666666,0.3333333333333333,1
555,291361,2008-02-08,3,Australia,7,Sri Lanka,9,Sydney Cricket Ground,128,93,119,0.7815126050420168,0.6666666666666666,0.75,238.5118,5.8425,105,54,100,0.54,0.5,0.6666666666666666,219.3725,7.3333,14,0.6923076923076923,4,0.75,16,12,4,0.75,0.25,1
556,300437,2008-02-09,6,New Zealand,5,England,114,Westpac Stadium,87,48,84,0.5714285714285714,0.75,0.4444444444444444,215.1412,6.9882,110,49,103,0.47572815533980584,0.6,0.5,214.3303,7.2202,3,1.0,0,0.5,6,4,2,0.6666666666666666,0.3333333333333333,1
557,291362,2008-02-10,3,Australia,2,India,14,Melbourne Cricket Ground,129,94,120,0.7833333333333333,1.0,0.75,238.625,5.8438,127,62,118,0.5254237288135594,0.6666666666666666,0.5,230.216,7.016,9,0.875,2,0.0,22,14,4,0.7777777777777778,0.2222222222222222,0
558,300438,2008-02-12,6,New Zealand,5,England,151,Seddon Park,88,49,85,0.5764705882352941,0.8,0.5555555555555556,214.1628,6.9535,111,49,104,0.47115384615384615,0.4,0.5,213.5636,7.2455,1,1.0,0,0.5,7,5,2,0.7142857142857143,0.2857142857142857,1
559,291364,2008-02-15,3,Australia,7,Sri Lanka,115,Western Australia Cricket Association Ground,130,94,121,0.7768595041322314,0.6666666666666666,0.625,238.0078,5.876,106,54,101,0.5346534653465347,0.25,0.5555555555555556,218.4563,7.3592,2,1.0,2,0.0,17,13,4,0.7647058823529411,0.23529411764705882,1
560,300439,2008-02-15,6,New Zealand,5,England,58,Eden Park,89,50,86,0.5813953488372093,1.0,0.6666666666666666,213.5977,6.8736,112,49,105,0.4666666666666667,0.4,0.4,213.0631,7.2703,7,0.42857142857142855,0,0.5,8,6,2,0.75,0.25,0
561,291365,2008-02-17,3,Australia,2,India,13,Adelaide Oval,131,95,122,0.7786885245901639,0.75,0.75,237.9923,5.9077,128,63,119,0.5294117647058824,0.6666666666666666,0.625,229.6587,7.0,6,0.8333333333333334,0,0.5,23,14,5,0.7368421052631579,0.2631578947368421,1
562,291366,2008-02-19,2,India,7,Sri Lanka,13,Adelaide Oval,129,63,120,0.525,0.3333333333333333,0.625,229.0551,7.0236,107,54,102,0.5294117647058824,0.25,0.5555555555555556,218.0192,7.3846,1,0.0,4,0.25,16,9,4,0.6923076923076923,0.3076923076923077,1
565,291367,2008-02-22,3,Australia,7,Sri Lanka,14,Melbourne Cricket Ground,132,96,123,0.7804878048780488,0.75,0.75,237.7252,5.9313,108,54,103,0.5242718446601942,0.25,0.4444444444444444,218.2095,7.3714,10,0.7777777777777778,1,0.0,18,14,4,0.7777777777777778,0.2222222222222222,1
568,300441,2008-02-23,6,New Zealand,5,England,168,AMI Stadium,91,50,87,0.5747126436781609,0.75,0.625,215.2472,6.8989,114,50,106,0.4716981132075472,0.25,0.4444444444444444,214.3274,7.2301,0,0.5,0,0.5,10,6,3,0.6666666666666666,0.3333333333333333,1
569,291368,2008-02-24,3,Australia,2,India,9,Sydney Cricket Ground,133,97,124,0.782258064516129,0.8,0.75,237.3182,5.9394,130,64,121,0.5289256198347108,0.6666666666666666,0.625,229.1328,7.0312,15,0.7142857142857143,2,0.0,24,15,5,0.75,0.25,1
570,291369,2008-02-26,2,India,7,Sri Lanka,59,Bellerive Oval,131,64,122,0.5245901639344263,0.5,0.5,229.6744,7.0543,109,54,104,0.5192307692307693,0.0,0.3333333333333333,216.8774,7.3396,1,1.0,1,1.0,17,10,4,0.7142857142857143,0.2857142857142857,1
571,291370,2008-02-29,3,Australia,7,Sri Lanka,14,Melbourne Cricket Ground,134,98,125,0.784,0.8,0.875,237.9173,5.9474,110,54,105,0.5142857142857142,0.0,0.2222222222222222,216.5234,7.3645,11,0.8,2,0.0,19,15,4,0.7894736842105263,0.21052631578947367,0
572,291371,2008-03-02,3,Australia,2,India,9,Sydney Cricket Ground,135,98,126,0.7777777777777778,0.8,0.75,237.694,5.9776,132,65,123,0.5284552845528455,0.6,0.625,229.2923,7.0231,16,0.7333333333333333,3,0.0,25,16,5,0.7619047619047619,0.23809523809523808,0
573,291372,2008-03-04,3,Australia,2,India,87,"Brisbane Cricket Ground, Woolloongabba",136,98,127,0.7716535433070866,0.6,0.6666666666666666,237.7037,5.9926,133,66,124,0.532258064516129,0.6,0.625,229.3893,7.0,5,0.6666666666666666,2,0.5,26,16,6,0.7272727272727273,0.2727272727272727,0
574,323949,2008-03-09,12,Bangladesh,36,South Africa,118,Chittagong Divisional Stadium,66,15,65,0.23076923076923078,0.0,0.0,172.2879,8.1515,101,62,94,0.6595744680851063,1.0,0.9,227.0505,6.0808,2,0.0,0,0.5,2,1,1,0.5,0.5,0
575,323950,2008-03-12,12,Bangladesh,36,South Africa,143,Shere Bangla National Stadium,67,15,66,0.22727272727272727,0.0,0.0,172.3731,8.1791,102,63,95,0.6631578947368421,1.0,0.9,226.58,6.03,4,0.5,0,0.5,3,1,2,0.3333333333333333,0.6666666666666666,0
576,323951,2008-03-14,12,Bangladesh,36,South Africa,143,Shere Bangla National Stadium,68,15,67,0.22388059701492538,0.0,0.0,172.3824,8.2059,103,64,96,0.6666666666666666,1.0,0.9,226.1089,6.0,5,0.4,1,1.0,4,1,3,0.25,0.75,0
577,343759,2008-04-08,30,Pakistan,12,Bangladesh,68,Gaddafi Stadium,102,55,98,0.5612244897959183,1.0,0.7,230.0098,7.3137,69,15,68,0.22058823529411764,0.0,0.0,171.9565,8.2319,9,0.2222222222222222,0,0.5,4,4,0,1.0,0.0,1
578,319134,2008-04-10,44,West Indies,7,Sri Lanka,98,"Queen's Park Oval, Port of Spain",94,45,88,0.5113636363636364,0.0,0.3333333333333333,207.7742,6.9355,111,55,106,0.5188679245283019,0.2,0.2222222222222222,216.5648,7.3889,5,0.75,3,1.0,7,2,5,0.2857142857142857,0.7142857142857143,1
579,343760,2008-04-11,30,Pakistan,12,Bangladesh,142,Iqbal Stadium,103,56,99,0.5656565656565656,1.0,0.8,230.9029,7.2913,70,15,69,0.21739130434782608,0.0,0.0,171.3429,8.2571,3,1.0,0,0.5,5,5,0,1.0,0.0,1
580,319135,2008-04-12,44,West Indies,7,Sri Lanka,98,"Queen's Park Oval, Port of Spain",95,46,89,0.5168539325842697,0.2,0.3333333333333333,208.0745,6.9574,112,55,107,0.514018691588785,0.2,0.2222222222222222,216.7339,7.3853,6,0.8,4,0.75,8,3,5,0.375,0.625,1
581,343761,2008-04-13,30,Pakistan,12,Bangladesh,68,Gaddafi Stadium,104,57,100,0.57,1.0,0.8,230.2212,7.25,71,15,70,0.21428571428571427,0.0,0.0,172.0986,8.2535,10,0.3,1,0.0,6,6,0,1.0,0.0,1
583,343762,2008-04-16,30,Pakistan,12,Bangladesh,45,Multan Cricket Stadium,105,58,101,0.5742574257425742,1.0,0.9,230.9619,7.2571,72,15,71,0.2112676056338028,0.0,0.0,173.6667,8.2361,6,0.5,1,0.0,7,7,0,1.0,0.0,1
584,343763,2008-04-19,30,Pakistan,12,Bangladesh,83,National Stadium,106,59,102,0.5784313725490197,1.0,1.0,230.783,7.217,73,15,72,0.20833333333333334,0.0,0.0,174.1644,8.2603,5,0.8,0,0.5,8,8,0,1.0,0.0,1
587,345468,2008-06-08,12,Bangladesh,30,Pakistan,143,Shere Bangla National Stadium,74,15,73,0.2054794520547945,0.0,0.0,174.2297,8.2838,107,60,103,0.5825242718446602,1.0,1.0,231.7009,7.2336,6,0.3333333333333333,0,0.5,9,0,9,0.0,1.0,0
588,345469,2008-06-10,2,India,30,Pakistan,143,Shere Bangla National Stadium,134,67,125,0.536,0.8,0.625,229.6061,7.0152,108,61,104,0.5865384615384616,1.0,1.0,231.713,7.2593,2,1.0,1,1.0,23,12,11,0.5217391304347826,0.4782608695652174,1
589,345470,2008-06-12,12,Bangladesh,2,India,143,Shere Bangla National Stadium,75,15,74,0.20270270270270271,0.0,0.0,174.08,8.28,135,68,126,0.5396825396825397,0.8,0.75,230.3609,7.0226,7,0.2857142857142857,3,1.0,5,1,4,0.2,0.8,0
590,345471,2008-06-14,2,India,30,Pakistan,143,Shere Bangla National Stadium,136,69,127,0.5433070866141733,1.0,0.7777777777777778,230.306,6.9925,109,61,105,0.580952380952381,0.8,0.9,231.3303,7.2844,4,1.0,2,0.5,24,13,11,0.5416666666666666,0.4583333333333333,0
591,296904,2008-06-15,5,England,6,New Zealand,75,Riverside Ground,115,50,107,0.4672897196261682,0.25,0.4444444444444444,214.5702,7.2281,92,51,88,0.5795454545454546,0.75,0.75,215.2222,6.8889,3,0.0,1,1.0,11,3,7,0.3,0.7,1
593,296906,2008-06-21,5,England,6,New Zealand,160,County Ground,117,51,108,0.4722222222222222,0.6666666666666666,0.5,214.9138,7.2328,94,51,89,0.5730337078651685,0.3333333333333333,0.75,214.0217,6.8696,1,0.0,0,0.5,13,4,7,0.36363636363636365,0.6363636363636364,0
594,319143,2008-06-24,44,West Indies,3,Australia,99,"Arnos Vale Ground, Kingstown",97,47,90,0.5222222222222223,0.5,0.4444444444444444,205.8854,6.8646,137,98,128,0.765625,0.4,0.5555555555555556,237.7868,6.0221,1,0.0,0,0.5,10,4,5,0.4444444444444444,0.5555555555555556,0
595,335346,2008-06-24,12,Bangladesh,40,United Arab Emirates,68,Gaddafi Stadium,76,15,75,0.2,0.0,0.0,174.7105,8.3026,0,0,0,0.5,0.5,0.5,0.0,0.0,2,0.0,0,0.5,0,0,0,0.5,0.5,1
596,335347,2008-06-24,30,Pakistan,16,Hong Kong,83,National Stadium,110,62,106,0.5849056603773585,0.8,0.9,232.0909,7.2455,0,0,0,0.5,0.5,0.5,0.0,0.0,6,0.8333333333333334,0,0.5,0,0,0,0.5,0.5,1
597,296907,2008-06-25,5,England,6,New Zealand,80,Kennington Oval,118,51,109,0.46788990825688076,0.3333333333333333,0.375,214.4444,7.2564,95,52,90,0.5777777777777777,0.6666666666666666,0.75,213.6774,6.9032,6,0.3333333333333333,2,0.5,14,4,8,0.3333333333333333,0.6666666666666666,0
598,335348,2008-06-25,12,Bangladesh,7,Sri Lanka,68,Gaddafi Stadium,77,16,76,0.21052631578947367,0.2,0.1,176.3377,8.2987,114,55,108,0.5092592592592593,0.25,0.125,216.1532,7.3694,3,0.3333333333333333,1,1.0,10,1,9,0.1,0.9,0
599,335349,2008-06-25,16,Hong Kong,2,India,83,National Stadium,1,0,1,0.0,0.0,0.0,133.0,9.0,137,69,128,0.5390625,0.8,0.7,230.7481,7.0148,1,0.0,1,1.0,0,0,0,0.5,0.5,0
600,335350,2008-06-26,7,Sri Lanka,40,United Arab Emirates,68,Gaddafi Stadium,115,56,109,0.5137614678899083,0.5,0.2222222222222222,217.4107,7.3839,1,0,1,0.0,0.0,0.0,204.0,10.0,2,1.0,1,0.0,0,0,0,0.5,0.5,1
601,335351,2008-06-26,30,Pakistan,2,India,83,National Stadium,111,63,107,0.5887850467289719,0.8,0.9,232.5946,7.2613,138,70,129,0.5426356589147286,0.8,0.7,231.8015,6.9926,7,0.8571428571428571,2,1.0,25,12,13,0.48,0.52,0
602,319144,2008-06-27,44,West Indies,3,Australia,154,"National Cricket Stadium, St George's",98,47,91,0.5164835164835165,0.5,0.3333333333333333,205.7113,6.8969,138,99,129,0.7674418604651163,0.4,0.6,238.0438,6.0365,1,0.0,2,1.0,11,4,6,0.4,0.6,0
603,296908,2008-06-28,5,England,6,New Zealand,77,Lord's,119,51,110,0.4636363636363636,0.25,0.25,214.7034,7.2797,96,53,91,0.5824175824175825,0.75,0.75,214.0213,6.9255,7,0.3333333333333333,1,1.0,15,4,9,0.3076923076923077,0.6923076923076923,0
604,335352,2008-06-28,12,Bangladesh,2,India,83,National Stadium,78,16,77,0.2077922077922078,0.2,0.1,176.9744,8.2821,139,71,130,0.5461538461538461,0.8,0.8,232.3066,6.9708,1,0.0,3,1.0,6,1,5,0.16666666666666666,0.8333333333333334,0
605,319145,2008-06-29,44,West Indies,3,Australia,154,"National Cricket Stadium, St George's",99,47,92,0.5108695652173914,0.5,0.2222222222222222,205.0408,6.9082,139,100,130,0.7692307692307693,0.4,0.6,237.8623,6.029,2,0.0,3,1.0,12,4,7,0.36363636363636365,0.6363636363636364,0
606,325569,2008-06-29,14,Canada,13,Bermuda,170,Maple Leaf North-West Ground,15,4,15,0.26666666666666666,0.0,0.3,182.5333,8.6,11,1,11,0.09090909090909091,0.0,0.1,150.8182,9.0,0,0.5,0,0.5,3,3,0,1.0,0.0,0
607,335353,2008-06-29,30,Pakistan,7,Sri Lanka,83,National Stadium,112,63,108,0.5833333333333334,0.6,0.8,233.1875,7.2321,116,57,110,0.5181818181818182,0.5,0.3333333333333333,218.0531,7.3982,8,0.75,1,0.0,9,6,2,0.75,0.25,0
608,335354,2008-06-30,12,Bangladesh,7,Sri Lanka,83,National Stadium,79,16,78,0.20512820512820512,0.2,0.1,178.3165,8.2532,117,58,111,0.5225225225225225,0.75,0.4444444444444444,218.7895,7.3947,2,0.0,2,0.5,11,1,10,0.09090909090909091,0.9090909090909091,0
609,335355,2008-07-02,30,Pakistan,2,India,83,National Stadium,113,63,109,0.5779816513761468,0.4,0.7,233.2301,7.2478,140,72,131,0.549618320610687,0.8,0.8,232.6812,6.942,9,0.6666666666666666,4,1.0,26,12,14,0.46153846153846156,0.5384615384615384,1
610,335356,2008-07-03,2,India,7,Sri Lanka,83,National Stadium,141,72,132,0.5454545454545454,0.6,0.8,233.223,6.9424,118,59,112,0.5267857142857143,1.0,0.5555555555555556,219.7739,7.4,5,0.8,3,0.6666666666666666,18,11,4,0.7333333333333333,0.26666666666666666,1
611,319146,2008-07-04,44,West Indies,3,Australia,131,"Warner Park, Basseterre",100,47,93,0.5053763440860215,0.25,0.2222222222222222,205.2222,6.9394,140,101,131,0.7709923664122137,0.6,0.7,237.7842,6.0072,1,1.0,3,1.0,13,4,8,0.3333333333333333,0.6666666666666666,0
612,335357,2008-07-04,30,Pakistan,12,Bangladesh,83,National Stadium,114,64,110,0.5818181818181818,0.6,0.7,233.8947,7.2018,80,16,79,0.20253164556962025,0.2,0.1,178.2625,8.275,10,0.7,3,0.0,10,10,0,1.0,0.0,1
613,319147,2008-07-06,44,West Indies,3,Australia,131,"Warner Park, Basseterre",101,47,94,0.5,0.0,0.2222222222222222,205.98,6.93,141,102,132,0.7727272727272727,0.8,0.7,238.1,6.0214,2,0.5,4,1.0,14,4,9,0.3076923076923077,0.6923076923076923,0
614,335358,2008-07-06,2,India,7,Sri Lanka,83,National Stadium,142,73,133,0.5488721804511278,0.8,0.8,233.7714,6.9214,119,59,113,0.5221238938053098,0.8,0.5555555555555556,220.5345,7.4052,6,0.8333333333333334,4,0.5,19,12,4,0.75,0.25,0
615,325579,2008-07-29,26,Netherlands,34,Scotland,157,Clontarf Cricket Club Ground,12,4,11,0.36363636363636365,0.5,0.4444444444444444,167.7273,7.5455,6,1,5,0.2,0.0,0.2,163.5,8.1667,0,0.5,0,0.5,2,1,0,1.0,0.0,0
616,325580,2008-07-31,20,Ireland,34,Scotland,157,Clontarf Cricket Club Ground,13,2,11,0.18181818181818182,0.25,0.1111111111111111,163.3077,8.6154,7,2,6,0.3333333333333333,0.25,0.3333333333333333,157.2857,7.5714,1,0.5,1,1.0,0,0,0,0.5,0.5,1
618,343732,2008-08-18,7,Sri Lanka,2,India,32,Rangiri Dambulla International Stadium,120,60,114,0.5263157894736842,0.8,0.6666666666666666,220.9829,7.4274,143,73,134,0.5447761194029851,0.6,0.7,233.3404,6.9433,9,0.5555555555555556,1,1.0,20,5,12,0.29411764705882354,0.7058823529411765,1
619,343733,2008-08-20,7,Sri Lanka,2,India,32,Rangiri Dambulla International Stadium,121,61,115,0.5304347826086957,0.8,0.6666666666666666,220.3559,7.3814,144,73,135,0.5407407407407407,0.4,0.6,232.7254,6.9648,10,0.6,2,0.5,21,6,12,0.3333333333333333,0.6666666666666666,0
620,296914,2008-08-22,5,England,36,South Africa,76,Headingley,120,51,111,0.4594594594594595,0.25,0.25,214.7059,7.3025,104,65,97,0.6701030927835051,1.0,0.9,225.3333,5.9706,4,0.5,0,0.5,11,3,6,0.3333333333333333,0.6666666666666666,1
621,343734,2008-08-24,7,Sri Lanka,2,India,121,R Premadasa Stadium,122,61,116,0.5258620689655172,0.6,0.6666666666666666,219.6975,7.4034,145,74,136,0.5441176470588235,0.4,0.6,232.0979,6.965,6,0.6,0,0.5,22,6,13,0.3157894736842105,0.6842105263157895,0
623,296915,2008-08-26,5,England,36,South Africa,74,Trent Bridge,121,52,112,0.4642857142857143,0.25,0.375,215.2083,7.275,105,65,98,0.6632653061224489,0.8,0.9,225.6214,6.0097,4,0.5,0,0.5,12,4,6,0.4,0.6,1
624,366341,2008-08-27,7,Sri Lanka,2,India,121,R Premadasa Stadium,123,61,117,0.5213675213675214,0.4,0.6666666666666666,219.5667,7.425,146,75,137,0.5474452554744526,0.6,0.6,232.1319,6.9792,7,0.5,1,1.0,23,6,14,0.3,0.7,0
625,296916,2008-08-29,5,England,36,South Africa,80,Kennington Oval,122,53,113,0.4690265486725664,0.4,0.5,214.1322,7.2149,106,65,99,0.6565656565656566,0.6,0.8,224.25,6.0481,7,0.2857142857142857,1,0.0,13,5,6,0.45454545454545453,0.5454545454545454,1
626,343736,2008-08-29,7,Sri Lanka,2,India,121,R Premadasa Stadium,124,61,118,0.5169491525423728,0.4,0.6,219.5041,7.4463,147,76,138,0.5507246376811594,0.6,0.7,232.3103,7.0,8,0.42857142857142855,2,1.0,24,6,15,0.2857142857142857,0.7142857142857143,1
627,336201,2008-08-30,3,Australia,12,Bangladesh,172,Marrara Cricket Ground,142,103,133,0.7744360902255639,1.0,0.7,238.8298,6.0355,81,16,80,0.2,0.2,0.1,177.4815,8.2963,0,0.5,0,0.5,10,9,1,0.9,0.1,1
628,296917,2008-08-31,5,England,36,South Africa,77,Lord's,123,54,114,0.47368421052631576,0.6,0.5,214.8033,7.2131,107,65,100,0.65,0.4,0.7,223.7333,6.0857,8,0.2857142857142857,0,0.5,14,6,6,0.5,0.5,1
630,336202,2008-09-03,3,Australia,12,Bangladesh,172,Marrara Cricket Ground,143,104,134,0.7761194029850746,1.0,0.7,238.9366,6.0493,82,16,81,0.19753086419753085,0.0,0.1,176.2195,8.3171,1,1.0,1,0.0,11,10,1,0.9090909090909091,0.09090909090909091,1
631,336204,2008-09-06,3,Australia,12,Bangladesh,172,Marrara Cricket Ground,144,105,135,0.7777777777777778,1.0,0.7,238.0909,6.021,83,16,82,0.1951219512195122,0.0,0.1,175.506,8.3373,2,1.0,2,0.0,12,11,1,0.9166666666666666,0.08333333333333333,1
632,325581,2008-10-17,20,Ireland,46,Zimbabwe,133,Gymkhana Club Ground,15,3,12,0.25,0.3333333333333333,0.25,151.3333,7.8,78,10,73,0.136986301369863,0.0,0.1,189.52,8.36,0,0.5,0,0.5,1,0,0,0.5,0.5,0
633,360800,2008-10-31,36,South Africa,22,Kenya,173,OUTsurance Oval,109,65,101,0.6435643564356436,0.0,0.5555555555555556,221.3178,6.0374,27,10,25,0.4,1.0,0.75,177.4615,8.0385,0,0.5,0,0.5,1,1,0,1.0,0.0,1
634,350348,2008-11-07,36,South Africa,12,Bangladesh,174,Senwes Park,110,66,102,0.6470588235294118,0.25,0.5555555555555556,222.3796,6.0463,84,16,83,0.1927710843373494,0.0,0.1,174.9048,8.3452,0,0.5,0,0.5,5,4,1,0.8,0.2,1
635,374059,2008-11-12,30,Pakistan,44,West Indies,127,Sheikh Zayed Stadium,115,65,111,0.5855855855855856,0.6,0.7,232.8696,7.1391,102,47,95,0.49473684210526314,0.0,0.2222222222222222,205.6436,6.9604,2,0.5,0,0.5,10,7,3,0.7,0.3,1
636,361043,2008-11-14,2,India,5,England,109,Madhavrao Scindia Cricket Ground,148,76,139,0.5467625899280576,0.6,0.6,231.4247,7.0205,125,55,115,0.4782608695652174,1.0,0.625,214.1707,7.1789,2,0.5,0,0.5,18,11,7,0.6111111111111112,0.3888888888888889,1
637,374060,2008-11-14,30,Pakistan,44,West Indies,127,Sheikh Zayed Stadium,116,66,112,0.5892857142857143,0.6,0.7,233.4052,7.1293,103,47,96,0.4895833333333333,0.0,0.2222222222222222,206.5098,6.9804,3,0.6666666666666666,1,0.0,11,8,3,0.7272727272727273,0.2727272727272727,1
638,361044,2008-11-17,2,India,5,England,126,Maharani Usharaje Trust Cricket Ground,149,77,140,0.55,0.8,0.6,232.483,7.0068,126,55,116,0.47413793103448276,0.75,0.5,214.2903,7.2016,1,1.0,1,0.0,19,12,7,0.631578947368421,0.3684210526315789,1
639,361045,2008-11-20,2,India,5,England,95,Green Park,150,78,141,0.5531914893617021,0.8,0.6,232.8851,7.0203,127,55,117,0.4700854700854701,0.5,0.4444444444444444,214.48,7.224,2,0.5,0,0.5,20,13,7,0.65,0.35,1
640,375456,2008-11-20,46,Zimbabwe,7,Sri Lanka,16,Harare Sports Club,79,11,74,0.14864864864864866,0.2,0.2,191.0132,8.3553,125,62,119,0.5210084033613446,0.4,0.6,219.5656,7.4344,20,0.2,1,1.0,7,1,6,0.14285714285714285,0.8571428571428571,0
641,375457,2008-11-22,46,Zimbabwe,7,Sri Lanka,16,Harare Sports Club,80,11,75,0.14666666666666667,0.2,0.2,190.1818,8.3766,126,63,120,0.525,0.4,0.6,218.8374,7.4065,21,0.19047619047619047,2,1.0,8,1,7,0.125,0.875,0
642,361046,2008-11-23,2,India,5,England,156,M Chinnaswamy Stadium,151,79,142,0.5563380281690141,0.8,0.7,232.651,7.0067,128,55,118,0.4661016949152542,0.25,0.4444444444444444,214.6825,7.246,1,0.5,0,0.5,21,14,7,0.6666666666666666,0.3333333333333333,1
643,375460,2008-11-24,46,Zimbabwe,7,Sri Lanka,16,Harare Sports Club,81,11,76,0.14473684210526316,0.2,0.1,188.6026,8.3974,127,64,121,0.5289256198347108,0.6,0.6,217.621,7.3548,22,0.18181818181818182,3,1.0,9,1,8,0.1111111111111111,0.8888888888888888,0
644,361047,2008-11-26,2,India,5,England,175,Barabati Stadium,152,80,143,0.5594405594405595,0.8,0.7,232.2067,6.9867,129,55,119,0.46218487394957986,0.0,0.4444444444444444,214.3937,7.252,0,0.5,0,0.5,22,15,7,0.6818181818181818,0.3181818181818182,1
645,375462,2008-11-30,46,Zimbabwe,7,Sri Lanka,16,Harare Sports Club,82,11,77,0.14285714285714285,0.2,0.1,188.3165,8.3797,128,65,122,0.5327868852459017,0.8,0.6,217.248,7.352,23,0.17391304347826086,4,1.0,10,1,9,0.1,0.9,0
647,366711,2009-01-07,6,New Zealand,44,West Indies,114,Westpac Stadium,98,54,92,0.5869565217391305,1.0,0.7142857142857143,214.5684,6.9053,105,47,97,0.4845360824742268,0.0,0.125,205.7788,6.9904,4,1.0,1,0.0,9,7,1,0.875,0.125,1
648,378753,2009-01-10,12,Bangladesh,46,Zimbabwe,143,Shere Bangla National Stadium,85,16,84,0.19047619047619047,0.0,0.1,175.4588,8.3647,83,11,78,0.14102564102564102,0.2,0.1,187.625,8.4,8,0.25,2,0.0,9,7,2,0.7777777777777778,0.2222222222222222,0
649,378755,2009-01-14,12,Bangladesh,7,Sri Lanka,143,Shere Bangla National Stadium,86,16,85,0.18823529411764706,0.0,0.1,175.3605,8.3837,129,66,123,0.5365853658536586,1.0,0.7,216.7302,7.373,9,0.2222222222222222,0,0.5,12,1,11,0.08333333333333333,0.9166666666666666,1
650,351684,2009-01-16,3,Australia,36,South Africa,14,Melbourne Cricket Ground,145,106,136,0.7794117647058824,1.0,0.8,237.8125,6.0139,111,67,103,0.6504854368932039,0.5,0.5555555555555556,222.9358,6.0642,12,0.7272727272727273,0,0.5,11,7,4,0.6363636363636364,0.36363636363636365,0
651,351685,2009-01-18,3,Australia,36,South Africa,59,Bellerive Oval,146,106,137,0.7737226277372263,0.8,0.8,238.0414,6.0276,112,68,104,0.6538461538461539,0.75,0.5555555555555556,223.3818,6.0727,3,1.0,1,0.0,12,7,5,0.5833333333333334,0.4166666666666667,1
652,385749,2009-01-20,30,Pakistan,7,Sri Lanka,83,National Stadium,117,67,113,0.5929203539823009,0.8,0.7,233.3932,7.1538,130,66,124,0.532258064516129,0.8,0.6,216.1811,7.3937,11,0.7272727272727273,5,0.6,10,6,3,0.6666666666666666,0.3333333333333333,1
653,385750,2009-01-21,30,Pakistan,7,Sri Lanka,83,National Stadium,118,68,114,0.5964912280701754,1.0,0.7,233.2797,7.1102,131,66,125,0.528,0.6,0.5,216.2031,7.4141,12,0.75,6,0.5,11,7,3,0.7,0.3,0
654,351686,2009-01-23,3,Australia,36,South Africa,9,Sydney Cricket Ground,147,107,138,0.7753623188405797,0.8,0.9,238.1164,6.0479,113,68,105,0.6476190476190476,0.75,0.4444444444444444,223.5676,6.0721,17,0.6875,1,0.0,13,8,5,0.6153846153846154,0.38461538461538464,0
655,378759,2009-01-23,12,Bangladesh,46,Zimbabwe,143,Shere Bangla National Stadium,87,17,86,0.19767441860465115,0.2,0.1,175.0805,8.3448,84,12,79,0.1518987341772152,0.2,0.2,187.8395,8.4074,10,0.3,3,0.3333333333333333,10,7,3,0.7,0.3,1
656,385751,2009-01-24,30,Pakistan,7,Sri Lanka,68,Gaddafi Stadium,119,68,115,0.591304347826087,0.8,0.7,232.6723,7.1345,132,67,126,0.5317460317460317,0.6,0.6,216.7752,7.4186,11,0.36363636363636365,3,1.0,12,7,4,0.6363636363636364,0.36363636363636365,0
657,351687,2009-01-26,3,Australia,36,South Africa,13,Adelaide Oval,148,107,139,0.7697841726618705,0.6,0.8,238.3265,6.0748,114,69,106,0.6509433962264151,0.8,0.4444444444444444,223.9821,6.0804,7,0.8571428571428571,1,1.0,14,8,6,0.5714285714285714,0.42857142857142855,0
658,386530,2009-01-28,7,Sri Lanka,2,India,32,Rangiri Dambulla International Stadium,133,68,127,0.5354330708661418,0.6,0.7,217.4846,7.4,153,81,144,0.5625,1.0,0.8,232.4768,6.9669,11,0.5454545454545454,3,0.6666666666666666,25,7,15,0.3181818181818182,0.6818181818181818,0
659,351688,2009-01-30,3,Australia,36,South Africa,115,Western Australia Cricket Association Ground,149,107,140,0.7642857142857142,0.4,0.7,238.2162,6.1014,115,70,107,0.6542056074766355,0.8,0.5555555555555556,223.9735,6.0442,3,1.0,1,1.0,15,8,7,0.5333333333333333,0.4666666666666667,0
660,385025,2009-01-31,22,Kenya,46,Zimbabwe,133,Gymkhana Club Ground,28,10,26,0.38461538461538464,0.6666666666666666,0.625,177.4444,8.1111,85,12,80,0.15,0.2,0.2,187.0,8.4146,9,0.5555555555555556,1,1.0,2,1,1,0.5,0.5,0
661,386531,2009-01-31,7,Sri Lanka,2,India,121,R Premadasa Stadium,134,68,128,0.53125,0.4,0.7,217.7023,7.3969,154,82,145,0.5655172413793104,1.0,0.9,232.5724,6.9474,9,0.5,3,0.6666666666666666,26,7,16,0.30434782608695654,0.6956521739130435,0
662,351689,2009-02-01,3,Australia,6,New Zealand,115,Western Australia Cricket Association Ground,150,107,141,0.7588652482269503,0.2,0.6,238.2886,6.1275,99,55,93,0.5913978494623656,1.0,0.7142857142857143,213.6771,6.8646,4,0.75,2,0.5,21,16,4,0.8,0.2,0
663,386532,2009-02-03,7,Sri Lanka,2,India,121,R Premadasa Stadium,135,68,129,0.5271317829457365,0.4,0.6,217.8788,7.4167,155,83,146,0.5684931506849316,1.0,0.9,232.7255,6.9608,10,0.4444444444444444,4,0.75,27,7,17,0.2916666666666667,0.7083333333333334,0
664,386533,2009-02-05,7,Sri Lanka,2,India,121,R Premadasa Stadium,136,68,130,0.5230769230769231,0.4,0.5,217.8647,7.4361,156,84,147,0.5714285714285714,1.0,0.9,233.5714,6.9481,11,0.4,5,0.8,28,7,18,0.28,0.72,0
665,351690,2009-02-06,3,Australia,6,New Zealand,14,Melbourne Cricket Ground,151,107,142,0.7535211267605634,0.2,0.5,237.9067,6.1533,100,56,94,0.5957446808510638,1.0,0.8571428571428571,213.3505,6.8763,13,0.6666666666666666,1,0.0,22,16,5,0.7619047619047619,0.23809523809523808,0
666,351691,2009-02-08,3,Australia,6,New Zealand,9,Sydney Cricket Ground,152,107,143,0.7482517482517482,0.0,0.4,237.8212,6.1457,101,57,95,0.6,1.0,0.875,213.4796,6.8469,18,0.6470588235294118,3,0.0,23,16,6,0.7272727272727273,0.2727272727272727,1
667,386534,2009-02-08,7,Sri Lanka,2,India,121,R Premadasa Stadium,137,68,131,0.5190839694656488,0.2,0.4,218.2164,7.4552,157,85,148,0.5743243243243243,1.0,0.9,234.2065,6.9355,12,0.36363636363636365,6,0.8333333333333334,29,7,19,0.2692307692307692,0.7307692307692307,1
668,351692,2009-02-10,3,Australia,6,New Zealand,13,Adelaide Oval,153,108,144,0.75,0.2,0.4,238.2368,6.1645,102,57,96,0.59375,0.75,0.75,214.0404,6.8788,8,0.75,2,0.5,24,17,6,0.7391304347826086,0.2608695652173913,1
670,366623,2009-03-03,6,New Zealand,2,India,119,McLean Park,104,57,97,0.5876288659793815,0.5,0.75,213.4356,6.8812,158,85,149,0.5704697986577181,0.8,0.9,234.3205,6.9551,4,0.6666666666666666,0,0.5,10,6,3,0.6666666666666666,0.3333333333333333,0
672,366627,2009-03-08,6,New Zealand,2,India,168,AMI Stadium,106,57,98,0.5816326530612245,0.0,0.5714285714285714,212.9314,6.902,160,86,150,0.5733333333333334,0.75,0.8888888888888888,234.2722,6.9177,1,1.0,0,0.5,12,6,4,0.6,0.4,0
674,366624,2009-03-11,6,New Zealand,2,India,151,Seddon Park,107,57,99,0.5757575757575758,0.0,0.42857142857142855,214.1068,6.932,161,87,151,0.5761589403973509,0.75,0.8888888888888888,235.2642,6.8994,2,1.0,0,0.5,13,6,5,0.5454545454545454,0.45454545454545453,0
675,366625,2009-03-14,6,New Zealand,2,India,58,Eden Park,108,57,100,0.57,0.0,0.375,214.6442,6.9135,162,88,152,0.5789473684210527,0.75,0.8888888888888888,235.05,6.8563,8,0.375,0,0.5,14,6,6,0.5,0.5,1
676,352665,2009-03-20,44,West Indies,5,England,153,Providence Stadium,106,47,98,0.47959183673469385,0.0,0.0,205.0381,7.019,130,55,120,0.4583333333333333,0.0,0.4444444444444444,214.8281,7.2266,1,0.0,1,1.0,11,6,4,0.6,0.4,0
677,352666,2009-03-22,44,West Indies,5,England,153,Providence Stadium,107,47,99,0.47474747474747475,0.0,0.0,205.4057,7.0189,131,56,121,0.4628099173553719,0.2,0.4444444444444444,215.2558,7.2248,2,0.0,2,1.0,12,6,5,0.5454545454545454,0.45454545454545453,1
678,352667,2009-03-27,44,West Indies,5,England,155,"Kensington Oval, Bridgetown",108,48,100,0.48,0.25,0.1111111111111111,205.9533,7.028,132,56,122,0.45901639344262296,0.2,0.3333333333333333,215.4692,7.2462,2,0.5,3,0.6666666666666666,13,7,5,0.5833333333333334,0.4166666666666667,1
679,352668,2009-03-29,44,West Indies,5,England,155,"Kensington Oval, Bridgetown",109,49,101,0.48514851485148514,0.5,0.2222222222222222,205.1296,6.9815,133,56,123,0.45528455284552843,0.2,0.2222222222222222,214.7176,7.2672,3,0.6666666666666666,4,0.5,14,8,5,0.6153846153846154,0.38461538461538464,0
680,390204,2009-04-01,20,Ireland,34,Scotland,141,Willowmoore Park,16,3,13,0.23076923076923078,0.3333333333333333,0.25,151.0625,7.9375,9,2,7,0.2857142857142857,0.3333333333333333,0.2857142857142857,142.6667,7.0,0,0.5,0,0.5,1,1,0,1.0,0.0,1
681,350477,2009-04-03,36,South Africa,3,Australia,62,Kingsmead,116,71,108,0.6574074074074074,0.8,0.6666666666666666,224.5351,6.0439,155,109,145,0.7517241379310344,0.5,0.3333333333333333,237.8377,6.1364,9,0.6666666666666666,1,1.0,16,8,8,0.5,0.5,0
682,352669,2009-04-03,44,West Indies,5,England,130,"Beausejour Stadium, Gros Islet",110,49,102,0.4803921568627451,0.4,0.2222222222222222,205.4404,7.0,134,57,124,0.4596774193548387,0.4,0.2222222222222222,214.1212,7.2197,2,1.0,3,0.6666666666666666,15,8,6,0.5714285714285714,0.42857142857142855,0
683,350478,2009-04-05,36,South Africa,3,Australia,63,SuperSport Park,117,71,109,0.6513761467889908,0.6,0.6666666666666666,223.8435,6.0783,156,110,146,0.7534246575342466,0.75,0.4444444444444444,238.1484,6.1419,7,0.8571428571428571,1,0.0,17,8,9,0.47058823529411764,0.5294117647058824,1
684,390227,2009-04-08,14,Canada,34,Scotland,141,Willowmoore Park,16,4,16,0.25,0.0,0.3,182.625,8.6875,10,2,8,0.25,0.25,0.25,151.6,7.0,2,0.5,1,0.0,0,0,0,0.5,0.5,1
685,350479,2009-04-09,36,South Africa,3,Australia,61,Newlands,118,72,110,0.6545454545454545,0.8,0.7777777777777778,223.0517,6.0517,157,110,147,0.7482993197278912,0.75,0.3333333333333333,237.4615,6.1667,8,1.0,1,0.0,18,9,9,0.5,0.5,1
686,350480,2009-04-13,36,South Africa,3,Australia,90,St George's Park,119,73,111,0.6576576576576577,0.8,0.8,223.6154,6.0513,158,110,148,0.7432432432432432,0.5,0.3333333333333333,237.6306,6.172,8,0.7142857142857143,1,1.0,19,10,9,0.5263157894736842,0.47368421052631576,1
687,350481,2009-04-17,36,South Africa,3,Australia,120,New Wanderers Stadium,120,74,112,0.6607142857142857,0.8,0.8,224.4068,6.0508,159,110,149,0.738255033557047,0.25,0.3333333333333333,237.7468,6.1962,3,1.0,1,0.0,20,11,9,0.55,0.45,0
688,392616,2009-04-22,3,Australia,30,Pakistan,177,Dubai Sports City Cricket Stadium,160,111,150,0.74,0.4,0.4444444444444444,238.1572,6.2013,120,68,116,0.5862068965517241,0.6,0.6,231.3583,7.1583,0,0.5,0,0.5,5,4,1,0.8,0.2,0
689,392617,2009-04-24,3,Australia,30,Pakistan,177,Dubai Sports City Cricket Stadium,161,111,151,0.7350993377483444,0.2,0.4444444444444444,237.7188,6.225,121,69,117,0.5897435897435898,0.6,0.6,230.8595,7.1488,1,0.0,1,1.0,6,4,2,0.6666666666666666,0.3333333333333333,1
690,392618,2009-04-27,3,Australia,30,Pakistan,127,Sheikh Zayed Stadium,162,112,152,0.7368421052631579,0.4,0.5555555555555556,237.5342,6.2112,122,69,118,0.5847457627118644,0.4,0.6,230.6639,7.1721,0,0.5,4,0.75,7,5,2,0.7142857142857143,0.2857142857142857,1
691,392619,2009-05-01,3,Australia,30,Pakistan,127,Sheikh Zayed Stadium,163,113,153,0.738562091503268,0.6,0.5555555555555556,237.2901,6.216,123,69,119,0.5798319327731093,0.2,0.6,230.1789,7.1951,1,1.0,5,0.6,8,6,2,0.75,0.25,1
692,392620,2009-05-03,3,Australia,30,Pakistan,127,Sheikh Zayed Stadium,164,114,154,0.7402597402597403,0.8,0.5555555555555556,237.0613,6.1902,124,69,120,0.575,0.2,0.5,229.9113,7.2177,2,1.0,6,0.5,9,7,2,0.7777777777777778,0.2222222222222222,0
693,380715,2009-05-24,5,England,44,West Indies,160,County Ground,135,58,125,0.464,0.6,0.3,213.8045,7.203,111,49,103,0.47572815533980584,0.4,0.2222222222222222,204.9,7.0273,2,0.0,0,0.5,16,7,8,0.4666666666666667,0.5333333333333333,1
694,380716,2009-05-26,5,England,44,West Indies,81,Edgbaston,136,59,126,0.46825396825396826,0.6,0.4,213.4104,7.1791,112,49,104,0.47115384615384615,0.4,0.2222222222222222,204.4955,7.0541,7,0.8,1,1.0,17,8,8,0.5,0.5,1
695,377313,2009-06-26,44,West Indies,2,India,97,"Sabina Park, Kingston",113,49,105,0.4666666666666667,0.2,0.2222222222222222,205.0804,7.0804,163,88,153,0.5751633986928104,0.75,0.7777777777777778,234.5155,6.8758,5,0.8,1,0.0,10,7,3,0.7,0.3,0
696,377314,2009-06-28,44,West Indies,2,India,97,"Sabina Park, Kingston",114,49,106,0.46226415094339623,0.0,0.2222222222222222,206.0885,7.1062,164,89,154,0.577922077922078,0.75,0.7777777777777778,235.1605,6.8704,6,0.6666666666666666,2,0.5,11,7,4,0.6363636363636364,0.36363636363636365,1
698,377315,2009-07-03,44,West Indies,2,India,130,"Beausejour Stadium, Gros Islet",115,50,107,0.4672897196261682,0.2,0.3,205.9649,7.0614,165,89,155,0.5741935483870968,0.6,0.6666666666666666,234.8712,6.8896,3,0.5,0,0.5,12,8,4,0.6666666666666666,0.3333333333333333,0
700,401073,2009-07-26,44,West Indies,12,Bangladesh,178,"Windsor Park, Roseau",117,50,108,0.46296296296296297,0.25,0.3333333333333333,204.25,7.0086,88,18,87,0.20689655172413793,0.4,0.2,174.4659,8.2955,0,0.5,0,0.5,7,6,0,1.0,0.0,0
701,401074,2009-07-28,44,West Indies,12,Bangladesh,178,"Windsor Park, Roseau",118,50,109,0.45871559633027525,0.25,0.2222222222222222,204.1624,7.0342,89,19,88,0.2159090909090909,0.6,0.3,175.2697,8.3034,1,0.0,1,1.0,8,6,1,0.8571428571428571,0.14285714285714285,0
702,403370,2009-07-30,7,Sri Lanka,30,Pakistan,32,Rangiri Dambulla International Stadium,138,69,132,0.5227272727272727,0.2,0.4,218.9704,7.4593,125,70,121,0.5785123966942148,0.4,0.5,230.104,7.184,12,0.5,3,0.3333333333333333,13,5,7,0.4166666666666667,0.5833333333333334,1
703,401075,2009-07-31,44,West Indies,12,Bangladesh,131,"Warner Park, Basseterre",119,50,110,0.45454545454545453,0.25,0.1111111111111111,204.7542,7.0254,90,20,89,0.2247191011235955,0.8,0.4,176.3889,8.2889,3,0.3333333333333333,0,0.5,9,6,2,0.75,0.25,0
704,403371,2009-08-01,7,Sri Lanka,30,Pakistan,32,Rangiri Dambulla International Stadium,139,70,133,0.5263157894736842,0.4,0.4,219.0662,7.4706,126,70,122,0.5737704918032787,0.2,0.4,229.8333,7.2063,13,0.5384615384615384,4,0.25,14,6,7,0.46153846153846156,0.5384615384615384,1
705,403372,2009-08-03,7,Sri Lanka,30,Pakistan,32,Rangiri Dambulla International Stadium,140,71,134,0.5298507462686567,0.6,0.5,218.7007,7.4453,127,70,123,0.5691056910569106,0.2,0.3,229.3465,7.2283,14,0.5714285714285714,5,0.2,15,7,7,0.5,0.5,1
706,403373,2009-08-07,7,Sri Lanka,30,Pakistan,121,R Premadasa Stadium,141,72,135,0.5333333333333333,0.8,0.6,219.2101,7.4203,128,70,124,0.5645161290322581,0.2,0.2,229.8047,7.2344,13,0.4166666666666667,2,1.0,16,8,7,0.5333333333333333,0.4666666666666667,0
707,403374,2009-08-09,7,Sri Lanka,30,Pakistan,121,R Premadasa Stadium,142,72,136,0.5294117647058824,0.8,0.5,218.8921,7.4388,129,71,125,0.568,0.4,0.3,230.5116,7.2171,14,0.38461538461538464,3,1.0,17,8,8,0.5,0.5,0
708,410337,2009-08-09,46,Zimbabwe,12,Bangladesh,69,Queens Sports Club,86,13,81,0.16049382716049382,0.4,0.3,187.5904,8.3855,91,21,90,0.23333333333333334,1.0,0.5,177.1868,8.2747,4,0.0,0,0.5,11,3,8,0.2727272727272727,0.7272727272727273,0
709,410338,2009-08-11,46,Zimbabwe,12,Bangladesh,69,Queens Sports Club,87,13,82,0.15853658536585366,0.4,0.3,187.8214,8.4048,92,22,91,0.24175824175824176,1.0,0.6,177.5543,8.2065,5,0.0,1,1.0,12,3,9,0.25,0.75,0
710,410339,2009-08-14,46,Zimbabwe,12,Bangladesh,69,Queens Sports Club,88,13,83,0.1566265060240964,0.4,0.3,188.8,8.4235,93,23,92,0.25,1.0,0.7,179.086,8.2043,6,0.0,2,1.0,13,3,10,0.23076923076923078,0.7692307692307693,1
711,410340,2009-08-16,46,Zimbabwe,12,Bangladesh,69,Queens Sports Club,89,14,84,0.16666666666666666,0.4,0.3,190.3605,8.407,94,23,93,0.24731182795698925,0.8,0.7,179.883,8.2234,7,0.14285714285714285,3,0.6666666666666666,14,4,10,0.2857142857142857,0.7142857142857143,0
712,410341,2009-08-18,46,Zimbabwe,12,Bangladesh,69,Queens Sports Club,90,14,85,0.16470588235294117,0.4,0.3,191.7586,8.4023,95,24,94,0.2553191489361702,0.8,0.8,181.2842,8.2,8,0.125,4,0.75,15,4,11,0.26666666666666666,0.7333333333333333,0
713,415162,2009-08-19,14,Canada,22,Kenya,170,Maple Leaf North-West Ground,17,5,17,0.29411764705882354,0.2,0.3,186.7059,8.5882,29,10,27,0.37037037037037035,0.3333333333333333,0.625,179.4643,8.1786,1,0.0,0,0.5,4,0,4,0.0,1.0,1
714,383275,2009-08-27,20,Ireland,5,England,132,"Civil Service Cricket Club, Stormont",17,4,14,0.2857142857142857,0.6666666666666666,0.375,155.8824,7.6471,137,60,127,0.47244094488188976,0.8,0.5,214.2593,7.1778,4,0.0,1,1.0,2,0,2,0.0,1.0,0
715,350043,2009-09-04,5,England,3,Australia,80,Kennington Oval,138,61,128,0.4765625,1.0,0.6,214.1765,7.1912,165,114,155,0.7354838709677419,0.6,0.5,237.1402,6.1768,8,0.375,2,1.0,18,4,12,0.25,0.75,0
716,350044,2009-09-06,5,England,3,Australia,77,Lord's,139,61,129,0.4728682170542636,0.8,0.6,214.4818,7.1971,166,115,156,0.7371794871794872,0.8,0.5,237.2788,6.1697,9,0.375,2,1.0,19,4,13,0.23529411764705882,0.7647058823529411,0
717,403380,2009-09-08,7,Sri Lanka,6,New Zealand,121,R Premadasa Stadium,143,72,137,0.5255474452554745,0.6,0.4,218.3786,7.4571,109,58,101,0.5742574257425742,0.25,0.375,214.0381,6.8667,15,0.35714285714285715,0,0.5,11,6,5,0.5454545454545454,0.45454545454545453,1
718,350045,2009-09-09,5,England,3,Australia,82,The Rose Bowl,140,61,130,0.46923076923076923,0.6,0.6,214.4493,7.2174,167,116,157,0.7388535031847133,0.8,0.6,237.3494,6.1807,3,0.6666666666666666,1,1.0,20,4,14,0.2222222222222222,0.7777777777777778,0
719,403382,2009-09-11,2,India,6,New Zealand,121,R Premadasa Stadium,167,90,156,0.5769230769230769,0.5,0.625,234.4085,6.872,110,58,102,0.5686274509803921,0.25,0.25,213.1415,6.8962,7,0.7142857142857143,1,0.0,15,6,7,0.46153846153846156,0.5384615384615384,1
720,350046,2009-09-12,5,England,3,Australia,77,Lord's,141,61,131,0.46564885496183206,0.4,0.5,214.5468,7.2302,168,117,158,0.740506329113924,0.8,0.7,237.3054,6.1677,10,0.3333333333333333,3,1.0,21,4,15,0.21052631578947367,0.7894736842105263,0
721,403381,2009-09-12,7,Sri Lanka,2,India,121,R Premadasa Stadium,144,73,138,0.5289855072463768,0.6,0.5,218.3617,7.4539,168,91,157,0.5796178343949044,0.75,0.75,233.9333,6.8545,16,0.4,8,0.75,30,8,19,0.2962962962962963,0.7037037037037037,1
722,403383,2009-09-14,7,Sri Lanka,2,India,121,R Premadasa Stadium,145,74,139,0.5323741007194245,0.6,0.6,218.9859,7.4437,169,91,158,0.5759493670886076,0.5,0.625,233.5361,6.8735,17,0.4375,9,0.6666666666666666,31,9,19,0.32142857142857145,0.6785714285714286,0
723,350047,2009-09-15,5,England,3,Australia,74,Trent Bridge,142,61,132,0.4621212121212121,0.2,0.5,214.5857,7.25,169,118,159,0.7421383647798742,0.8,0.8,237.2083,6.1488,5,0.6,0,0.5,22,4,16,0.2,0.8,0
724,350048,2009-09-17,5,England,3,Australia,74,Trent Bridge,143,61,133,0.45864661654135336,0.0,0.5,215.1844,7.2695,170,119,160,0.74375,1.0,0.8,237.5917,6.1479,6,0.5,1,1.0,23,4,17,0.19047619047619047,0.8095238095238095,0
725,350049,2009-09-20,5,England,3,Australia,75,Riverside Ground,144,61,134,0.4552238805970149,0.0,0.4,214.9718,7.2887,171,120,161,0.7453416149068323,1.0,0.9,237.9353,6.1588,4,0.25,1,1.0,24,4,18,0.18181818181818182,0.8181818181818182,1
726,415273,2009-09-22,36,South Africa,7,Sri Lanka,63,SuperSport Park,121,74,113,0.6548672566371682,0.6,0.7,224.6723,6.084,146,74,140,0.5285714285714286,0.4,0.6,219.3636,7.4615,8,0.875,0,0.5,9,4,4,0.5,0.5,0
727,415274,2009-09-23,30,Pakistan,44,West Indies,120,New Wanderers Stadium,130,72,126,0.5714285714285714,0.4,0.4,230.8846,7.2231,120,50,111,0.45045045045045046,0.0,0.1111111111111111,205.1176,7.0504,1,0.0,1,0.0,12,9,3,0.75,0.25,1
728,415275,2009-09-24,36,South Africa,6,New Zealand,63,SuperSport Park,122,74,114,0.6491228070175439,0.6,0.6,224.5167,6.0917,111,58,103,0.5631067961165048,0.2,0.125,212.5981,6.9252,9,0.7777777777777778,1,0.0,11,5,5,0.5,0.5,1
729,415276,2009-09-25,5,England,7,Sri Lanka,120,New Wanderers Stadium,145,62,135,0.45925925925925926,0.2,0.4,214.7063,7.2797,147,75,141,0.5319148936170213,0.6,0.7,220.0556,7.4653,0,0.5,0,0.5,15,5,10,0.3333333333333333,0.6666666666666666,1
730,415277,2009-09-26,3,Australia,44,West Indies,120,New Wanderers Stadium,172,120,162,0.7407407407407407,0.8,0.8,237.5731,6.1813,121,50,112,0.44642857142857145,0.0,0.1111111111111111,204.5167,7.075,2,0.5,2,0.0,15,10,4,0.7142857142857143,0.2857142857142857,1
731,415278,2009-09-26,2,India,30,Pakistan,63,SuperSport Park,170,92,159,0.5786163522012578,0.75,0.6666666666666666,234.0479,6.8623,131,73,127,0.5748031496062992,0.6,0.4,230.145,7.2061,1,0.0,1,0.0,27,14,13,0.5185185185185185,0.48148148148148145,0
732,415279,2009-09-27,6,New Zealand,7,Sri Lanka,120,New Wanderers Stadium,112,58,104,0.5576923076923077,0.2,0.125,212.6111,6.9537,148,75,142,0.528169014084507,0.6,0.6,220.0,7.4828,0,0.5,1,0.0,12,5,7,0.4166666666666667,0.5833333333333334,1
733,415280,2009-09-27,36,South Africa,5,England,63,SuperSport Park,123,75,115,0.6521739130434783,0.6,0.7,224.4545,6.0826,146,63,136,0.4632352941176471,0.4,0.4,214.6944,7.2569,10,0.8,1,0.0,16,6,7,0.46153846153846156,0.5384615384615384,0
735,415282,2009-09-29,5,England,6,New Zealand,120,New Wanderers Stadium,147,64,137,0.46715328467153283,0.6,0.4,215.4414,7.2621,113,59,105,0.5619047619047619,0.4,0.25,213.5505,6.9541,1,1.0,1,1.0,16,4,10,0.2857142857142857,0.7142857142857143,0
736,415283,2009-09-30,3,Australia,30,Pakistan,63,SuperSport Park,174,121,163,0.7423312883435583,0.75,0.7777777777777778,237.7688,6.1792,132,74,128,0.578125,0.8,0.5,230.6894,7.2197,3,0.0,2,0.5,10,7,3,0.7,0.3,1
737,415284,2009-09-30,2,India,44,West Indies,120,New Wanderers Stadium,172,92,160,0.575,0.5,0.5,234.131,6.881,122,50,113,0.4424778761061947,0.0,0.1111111111111111,204.686,7.0909,0,0.5,3,0.0,14,5,8,0.38461538461538464,0.6153846153846154,1
738,415285,2009-10-02,3,Australia,5,England,63,SuperSport Park,175,122,164,0.7439024390243902,0.75,0.8888888888888888,237.5862,6.1897,148,64,138,0.463768115942029,0.6,0.3,214.9658,7.2808,4,0.3333333333333333,2,0.5,25,18,5,0.782608695652174,0.21739130434782608,1
739,415286,2009-10-03,6,New Zealand,30,Pakistan,120,New Wanderers Stadium,114,60,106,0.5660377358490566,0.4,0.3333333333333333,212.9455,6.9455,133,74,129,0.5736434108527132,0.8,0.5,230.4962,7.2105,2,1.0,2,0.5,7,4,3,0.5714285714285714,0.42857142857142855,1
740,415287,2009-10-05,3,Australia,6,New Zealand,63,SuperSport Park,176,123,165,0.7454545454545455,0.75,0.8888888888888888,237.7029,6.16,115,61,107,0.5700934579439252,0.6,0.4444444444444444,213.1351,6.9279,5,0.5,2,0.0,26,18,6,0.75,0.25,1
742,416236,2009-10-25,2,India,3,Australia,110,Reliance Stadium,173,93,161,0.577639751552795,0.5,0.625,233.5148,6.858,177,124,166,0.7469879518072289,1.0,0.8888888888888888,237.5227,6.1477,2,0.5,1,1.0,28,7,16,0.30434782608695654,0.6956521739130435,0
743,422626,2009-10-27,12,Bangladesh,46,Zimbabwe,143,Shere Bangla National Stadium,96,25,95,0.2631578947368421,0.8,0.9,181.6042,8.1667,91,14,86,0.16279069767441862,0.2,0.3,191.9545,8.4205,11,0.36363636363636365,4,0.25,16,12,4,0.75,0.25,0
744,416237,2009-10-28,2,India,3,Australia,180,"Vidarbha Cricket Association Stadium, Jamtha",174,93,162,0.5740740740740741,0.5,0.5,233.8353,6.8647,178,125,167,0.7485029940119761,1.0,0.8888888888888888,237.8305,6.1582,0,0.5,0,0.5,29,7,17,0.2916666666666667,0.7083333333333334,1
745,422627,2009-10-29,12,Bangladesh,46,Zimbabwe,143,Shere Bangla National Stadium,97,25,96,0.2604166666666667,0.6,0.8,181.6495,8.1856,92,15,87,0.1724137931034483,0.4,0.4,191.9213,8.382,12,0.3333333333333333,5,0.4,17,12,5,0.7058823529411765,0.29411764705882354,1
746,416238,2009-10-31,2,India,3,Australia,122,Feroz Shah Kotla,175,94,163,0.5766871165644172,0.5,0.625,234.538,6.8655,179,125,168,0.7440476190476191,0.8,0.7777777777777778,237.927,6.1798,1,1.0,0,0.5,30,8,17,0.32,0.68,1
747,422628,2009-10-31,12,Bangladesh,46,Zimbabwe,143,Shere Bangla National Stadium,98,26,97,0.26804123711340205,0.6,0.8,182.051,8.1327,93,15,88,0.17045454545454544,0.4,0.4,192.2222,8.4,13,0.38461538461538464,6,0.3333333333333333,18,13,5,0.7222222222222222,0.2777777777777778,1
748,416239,2009-11-02,2,India,3,Australia,137,"Punjab Cricket Association Stadium, Mohali",176,95,164,0.5792682926829268,0.75,0.625,234.5116,6.8488,180,125,169,0.7396449704142012,0.6,0.6666666666666666,237.8771,6.1732,2,0.0,2,1.0,31,9,17,0.34615384615384615,0.6538461538461539,0
749,422629,2009-11-03,12,Bangladesh,46,Zimbabwe,181,Zohur Ahmed Chowdhury Stadium,99,27,98,0.2755102040816326,0.8,0.8,182.2121,8.1111,94,15,89,0.16853932584269662,0.2,0.3,192.2637,8.4176,0,0.5,0,0.5,19,14,5,0.7368421052631579,0.2631578947368421,1
750,426720,2009-11-03,6,New Zealand,30,Pakistan,127,Sheikh Zayed Stadium,116,61,108,0.5648148148148148,0.6,0.4,213.0179,6.9464,134,74,130,0.5692307692307692,0.6,0.5,230.5149,7.2239,0,0.5,7,0.5714285714285714,8,5,3,0.625,0.375,0
751,416240,2009-11-05,2,India,3,Australia,111,"Rajiv Gandhi International Stadium, Uppal",177,95,165,0.5757575757575758,0.6,0.5555555555555556,234.4624,6.8671,181,126,170,0.7411764705882353,0.6,0.6666666666666666,237.9444,6.1944,2,0.0,1,1.0,32,9,18,0.3333333333333333,0.6666666666666666,0
752,422630,2009-11-05,12,Bangladesh,46,Zimbabwe,181,Zohur Ahmed Chowdhury Stadium,100,28,99,0.2828282828282828,0.8,0.8,180.88,8.07,95,15,90,0.16666666666666666,0.2,0.3,190.6522,8.4348,1,1.0,1,0.0,20,15,5,0.75,0.25,1
753,426721,2009-11-06,6,New Zealand,30,Pakistan,127,Sheikh Zayed Stadium,117,61,109,0.5596330275229358,0.6,0.4,212.4513,6.9735,135,75,131,0.5725190839694656,0.6,0.5,230.9333,7.237,1,0.0,8,0.625,9,5,4,0.5555555555555556,0.4444444444444444,1
754,416241,2009-11-08,2,India,3,Australia,108,Nehru Stadium,178,95,166,0.572289156626506,0.4,0.4444444444444444,235.1092,6.8851,182,127,171,0.7426900584795322,0.6,0.7777777777777778,238.5635,6.1823,3,0.6666666666666666,1,1.0,33,9,19,0.32142857142857145,0.6785714285714286,0
755,430508,2009-11-08,36,South Africa,46,Zimbabwe,141,Willowmoore Park,124,75,116,0.646551724137931,0.4,0.6,225.082,6.1066,96,15,91,0.16483516483516483,0.2,0.2,190.9785,8.4409,0,0.5,0,0.5,11,11,0,1.0,0.0,1
756,426722,2009-11-09,6,New Zealand,30,Pakistan,127,Sheikh Zayed Stadium,118,62,110,0.5636363636363636,0.6,0.5,213.2456,6.9825,136,75,132,0.5681818181818182,0.4,0.5,230.9926,7.2574,2,0.5,9,0.5555555555555556,10,6,4,0.6,0.4,1
757,430509,2009-11-10,36,South Africa,46,Zimbabwe,63,SuperSport Park,125,76,117,0.6495726495726496,0.4,0.6,225.6504,6.0976,97,15,92,0.16304347826086957,0.0,0.2,191.6064,8.4149,11,0.7272727272727273,0,0.5,12,12,0,1.0,0.0,1
758,387566,2009-11-22,36,South Africa,5,England,63,SuperSport Park,126,77,118,0.652542372881356,0.6,0.6,226.5,6.0887,149,64,139,0.460431654676259,0.6,0.3,215.2517,7.2993,12,0.75,3,0.3333333333333333,17,6,8,0.42857142857142855,0.5714285714285714,0
759,387567,2009-11-27,36,South Africa,5,England,61,Newlands,127,77,119,0.6470588235294118,0.6,0.6,226.688,6.112,150,65,140,0.4642857142857143,0.6,0.4,215.5,7.2703,9,1.0,1,0.0,18,6,9,0.4,0.6,1
760,387568,2009-11-29,36,South Africa,5,England,90,St George's Park,128,78,120,0.65,0.6,0.6,227.6984,6.1111,151,65,141,0.46099290780141844,0.4,0.4,215.6779,7.2886,9,0.75,1,0.0,19,7,9,0.4375,0.5625,0
761,430886,2009-12-15,2,India,7,Sri Lanka,109,Madhavrao Scindia Cricket Ground,179,95,167,0.5688622754491018,0.4,0.4444444444444444,234.7371,6.9029,149,75,143,0.5244755244755245,0.4,0.5,220.3904,7.5,3,0.6666666666666666,2,0.5,32,20,9,0.6896551724137931,0.3103448275862069,1
762,430887,2009-12-18,2,India,7,Sri Lanka,180,"Vidarbha Cricket Association Stadium, Jamtha",180,96,168,0.5714285714285714,0.4,0.4444444444444444,235.7557,6.9034,150,75,144,0.5208333333333334,0.2,0.4,221.6871,7.5034,1,1.0,0,0.5,33,21,9,0.7,0.3,0
763,430888,2009-12-21,2,India,7,Sri Lanka,175,Barabati Stadium,181,96,169,0.5680473372781065,0.2,0.4444444444444444,236.1243,6.904,151,76,145,0.5241379310344828,0.4,0.4,222.2297,7.5,1,1.0,0,0.5,34,21,10,0.6774193548387096,0.3225806451612903,1
764,430889,2009-12-24,2,India,7,Sri Lanka,1,Eden Gardens,182,97,170,0.5705882352941176,0.4,0.5,236.1629,6.882,152,76,146,0.5205479452054794,0.2,0.4,222.3423,7.5168,1,0.5,1,0.5,35,22,10,0.6875,0.3125,1
766,434258,2010-01-04,12,Bangladesh,7,Sri Lanka,143,Shere Bangla National Stadium,101,29,100,0.29,0.8,0.8,181.2871,8.0792,154,76,147,0.5170068027210885,0.25,0.3333333333333333,222.0331,7.4901,14,0.42857142857142855,1,0.0,13,2,11,0.15384615384615385,0.8461538461538461,0
767,434259,2010-01-05,2,India,7,Sri Lanka,143,Shere Bangla National Stadium,184,98,171,0.5730994152046783,0.75,0.5555555555555556,236.6145,6.8603,155,77,148,0.5202702702702703,0.5,0.3333333333333333,222.2895,7.4605,5,0.8,2,0.5,37,23,10,0.696969696969697,0.30303030303030304,0
768,434260,2010-01-07,12,Bangladesh,2,India,143,Shere Bangla National Stadium,102,29,101,0.2871287128712871,0.8,0.7,182.0588,8.0686,185,98,172,0.5697674418604651,0.5,0.4444444444444444,236.85,6.8722,15,0.4,6,0.6666666666666666,7,1,6,0.14285714285714285,0.8571428571428571,0
769,434261,2010-01-08,12,Bangladesh,7,Sri Lanka,143,Shere Bangla National Stadium,103,29,102,0.28431372549019607,0.6,0.6,183.165,8.0485,156,78,149,0.5234899328859061,0.5,0.4444444444444444,222.6863,7.4444,16,0.375,3,0.6666666666666666,14,2,12,0.14285714285714285,0.8571428571428571,0
770,434262,2010-01-10,2,India,7,Sri Lanka,143,Shere Bangla National Stadium,186,99,173,0.5722543352601156,0.75,0.4444444444444444,237.1823,6.8564,157,79,150,0.5266666666666666,0.75,0.4444444444444444,222.8766,7.4026,7,0.7142857142857143,4,0.75,38,23,11,0.6764705882352942,0.3235294117647059,1
771,434263,2010-01-11,12,Bangladesh,2,India,143,Shere Bangla National Stadium,104,29,103,0.2815533980582524,0.4,0.6,183.7981,8.0577,187,100,174,0.5747126436781609,0.75,0.5555555555555556,237.0549,6.8297,17,0.35294117647058826,8,0.75,8,1,7,0.125,0.875,0
772,434264,2010-01-13,2,India,7,Sri Lanka,143,Shere Bangla National Stadium,188,101,175,0.5771428571428572,0.75,0.6666666666666666,237.1202,6.8142,158,79,151,0.5231788079470199,0.75,0.4444444444444444,222.8129,7.4194,9,0.7777777777777778,5,0.6,39,24,11,0.6857142857142857,0.3142857142857143,0
773,406202,2010-01-22,3,Australia,30,Pakistan,87,"Brisbane Cricket Ground, Woolloongabba",183,128,172,0.7441860465116279,0.6,0.7777777777777778,238.1978,6.1703,137,75,133,0.5639097744360902,0.2,0.5,230.7956,7.2774,7,0.5,1,1.0,11,8,3,0.7272727272727273,0.2727272727272727,1
774,406203,2010-01-24,3,Australia,30,Pakistan,9,Sydney Cricket Ground,184,129,173,0.7456647398843931,0.8,0.8,238.3989,6.1639,138,75,134,0.5597014925373134,0.2,0.5,231.1087,7.2971,19,0.6666666666666666,1,0.0,12,9,3,0.75,0.25,1
775,406204,2010-01-26,3,Australia,30,Pakistan,13,Adelaide Oval,185,130,174,0.7471264367816092,1.0,0.8,238.5543,6.163,139,75,135,0.5555555555555556,0.2,0.4,230.3597,7.3165,9,0.7777777777777778,0,0.5,13,10,3,0.7692307692307693,0.23076923076923078,1
776,406205,2010-01-29,3,Australia,30,Pakistan,115,Western Australia Cricket Association Ground,186,131,175,0.7485714285714286,1.0,0.8,238.8108,6.1622,140,75,136,0.5514705882352942,0.0,0.3,230.4714,7.3357,5,0.6,0,0.5,14,11,3,0.7857142857142857,0.21428571428571427,1
777,406206,2010-01-31,3,Australia,30,Pakistan,115,Western Australia Cricket Association Ground,187,132,176,0.75,1.0,0.8,239.0161,6.172,141,75,137,0.5474452554744526,0.0,0.2,229.844,7.3546,6,0.6666666666666666,1,0.0,15,12,3,0.8,0.2,1
778,423783,2010-02-05,6,New Zealand,12,Bangladesh,119,McLean Park,119,63,111,0.5675675675675675,0.6,0.5,213.2261,7.0087,105,29,104,0.27884615384615385,0.2,0.5,184.4,8.0381,5,0.5,1,0.0,6,6,0,1.0,0.0,1
779,406192,2010-02-07,3,Australia,44,West Indies,14,Melbourne Cricket Ground,188,133,177,0.751412429378531,1.0,0.8,238.877,6.1818,123,50,114,0.43859649122807015,0.0,0.1111111111111111,204.0656,7.1148,14,0.6153846153846154,0,0.5,16,11,4,0.7333333333333333,0.26666666666666666,1
780,423784,2010-02-08,6,New Zealand,12,Bangladesh,182,University Oval,120,64,112,0.5714285714285714,0.6,0.6,214.2845,7.0259,106,29,105,0.2761904761904762,0.0,0.4,184.4528,8.0566,0,0.5,0,0.5,7,7,0,1.0,0.0,1
781,406193,2010-02-09,3,Australia,44,West Indies,13,Adelaide Oval,189,134,178,0.7528089887640449,1.0,0.9,238.9681,6.1915,124,50,115,0.43478260869565216,0.0,0.1111111111111111,203.5691,7.1382,10,0.8,1,0.0,17,12,4,0.75,0.25,1
782,423785,2010-02-11,6,New Zealand,12,Bangladesh,168,AMI Stadium,121,65,113,0.5752212389380531,0.8,0.7,214.0342,7.0085,107,29,106,0.27358490566037735,0.0,0.4,184.4393,8.0561,2,0.5,0,0.5,8,8,0,1.0,0.0,1
784,406195,2010-02-14,3,Australia,44,West Indies,87,"Brisbane Cricket Ground, Woolloongabba",191,135,179,0.7541899441340782,1.0,1.0,238.5368,6.1895,126,50,116,0.43103448275862066,0.0,0.0,201.72,7.104,8,0.6,2,0.0,19,13,4,0.7647058823529411,0.23529411764705882,1
785,406196,2010-02-19,3,Australia,44,West Indies,14,Melbourne Cricket Ground,192,136,180,0.7555555555555555,1.0,1.0,238.9843,6.1937,127,50,117,0.42735042735042733,0.0,0.0,202.2937,7.1111,15,0.6428571428571429,1,0.0,20,14,4,0.7777777777777778,0.2222222222222222,1
786,441827,2010-02-21,2,India,36,South Africa,139,Sawai Mansingh Stadium,189,101,176,0.5738636363636364,0.6,0.6666666666666666,237.163,6.8315,129,78,121,0.6446280991735537,0.6,0.5,226.8425,6.1417,2,0.5,1,0.0,10,3,6,0.3333333333333333,0.6666666666666666,1
787,441828,2010-02-24,2,India,36,South Africa,163,Captain Roop Singh Stadium,190,102,177,0.576271186440678,0.8,0.6666666666666666,237.4919,6.8432,130,78,122,0.639344262295082,0.4,0.4,227.3906,6.1719,1,1.0,0,0.5,11,4,6,0.4,0.6,1
788,441829,2010-02-27,2,India,36,South Africa,138,"Sardar Patel Stadium, Motera",191,103,178,0.5786516853932584,0.8,0.7777777777777778,238.371,6.8226,131,78,123,0.6341463414634146,0.2,0.4,227.5504,6.2016,1,0.0,1,1.0,12,5,6,0.45454545454545453,0.5454545454545454,0
789,426420,2010-02-28,12,Bangladesh,5,England,143,Shere Bangla National Stadium,108,29,107,0.27102803738317754,0.0,0.3,184.963,8.0648,152,66,142,0.4647887323943662,0.4,0.5,215.0467,7.26,18,0.3333333333333333,0,0.5,6,0,6,0.0,1.0,0
790,426421,2010-03-02,12,Bangladesh,5,England,143,Shere Bangla National Stadium,109,29,108,0.26851851851851855,0.0,0.2,185.3578,8.0826,153,67,143,0.46853146853146854,0.6,0.6,215.1391,7.2384,19,0.3157894736842105,1,1.0,7,0,7,0.0,1.0,0
791,423791,2010-03-03,6,New Zealand,3,Australia,119,McLean Park,122,66,114,0.5789473684210527,1.0,0.8,214.2881,7.0085,193,137,181,0.7569060773480663,1.0,1.0,239.4271,6.1875,6,0.6,0,0.5,27,6,19,0.24,0.76,1
792,439140,2010-03-04,44,West Indies,46,Zimbabwe,153,Providence Stadium,128,50,118,0.423728813559322,0.0,0.0,202.2677,7.1339,98,15,93,0.16129032258064516,0.0,0.2,190.8421,8.4316,3,0.3333333333333333,0,0.5,14,10,3,0.7692307692307693,0.23076923076923078,0
793,426422,2010-03-05,12,Bangladesh,5,England,181,Zohur Ahmed Chowdhury Stadium,110,29,109,0.26605504587155965,0.0,0.1,186.0364,8.0636,154,68,144,0.4722222222222222,0.8,0.7,215.4408,7.2434,2,1.0,0,0.5,8,0,8,0.0,1.0,0
794,423792,2010-03-06,6,New Zealand,3,Australia,58,Eden Park,123,67,115,0.5826086956521739,1.0,0.8,214.8487,7.0168,194,137,182,0.7527472527472527,0.75,0.8888888888888888,239.6114,6.1969,9,0.4444444444444444,3,0.6666666666666666,28,7,19,0.2692307692307692,0.7307692307692307,0
795,439141,2010-03-06,44,West Indies,46,Zimbabwe,153,Providence Stadium,129,50,119,0.42016806722689076,0.0,0.0,202.6562,7.1484,99,16,94,0.1702127659574468,0.2,0.2,191.5,8.3958,4,0.25,1,1.0,15,10,4,0.7142857142857143,0.2857142857142857,1
796,423793,2010-03-09,6,New Zealand,3,Australia,151,Seddon Park,124,67,116,0.5775862068965517,0.8,0.7,215.1667,7.0417,195,138,183,0.7540983606557377,0.75,0.8888888888888888,239.7835,6.201,3,0.6666666666666666,1,0.0,29,7,20,0.25925925925925924,0.7407407407407407,0
797,439142,2010-03-10,44,West Indies,46,Zimbabwe,99,"Arnos Vale Ground, Kingstown",130,51,120,0.425,0.25,0.1111111111111111,202.6977,7.1395,100,16,95,0.16842105263157894,0.2,0.2,191.6495,8.4124,2,0.0,0,0.5,16,11,4,0.7333333333333333,0.26666666666666666,1
798,423794,2010-03-11,6,New Zealand,3,Australia,58,Eden Park,125,67,117,0.5726495726495726,0.6,0.6,215.4132,7.0661,196,139,184,0.7554347826086957,0.8,0.8888888888888888,239.8256,6.1897,10,0.4,4,0.75,30,7,21,0.25,0.75,0
799,439143,2010-03-12,44,West Indies,46,Zimbabwe,99,"Arnos Vale Ground, Kingstown",131,52,121,0.4297520661157025,0.4,0.2222222222222222,203.0231,7.1538,101,16,96,0.16666666666666666,0.2,0.2,190.7551,8.4286,3,0.3333333333333333,1,0.0,17,12,4,0.75,0.25,1
800,423795,2010-03-13,6,New Zealand,3,Australia,114,Westpac Stadium,126,67,118,0.5677966101694916,0.4,0.6,215.5984,7.0902,197,140,185,0.7567567567567568,0.8,0.8888888888888888,239.6327,6.1786,6,1.0,1,0.0,31,7,22,0.2413793103448276,0.7586206896551724,1
801,439144,2010-03-14,44,West Indies,46,Zimbabwe,99,"Arnos Vale Ground, Kingstown",132,53,122,0.4344262295081967,0.6,0.3333333333333333,202.5573,7.145,102,16,97,0.16494845360824742,0.2,0.1,190.2525,8.4444,4,0.5,2,0.0,18,13,4,0.7647058823529411,0.23529411764705882,1
802,439147,2010-05-22,44,West Indies,36,South Africa,152,"Sir Vivian Richards Stadium, North Sound",133,54,123,0.43902439024390244,0.8,0.4444444444444444,202.2727,7.1364,132,79,124,0.6370967741935484,0.4,0.5,228.6077,6.1692,2,0.0,0,0.5,14,4,9,0.3076923076923077,0.6923076923076923,0
803,439148,2010-05-24,44,West Indies,36,South Africa,152,"Sir Vivian Richards Stadium, North Sound",134,54,124,0.43548387096774194,0.8,0.4444444444444444,202.3684,7.1579,133,80,125,0.64,0.4,0.5,229.0,6.1756,3,0.0,1,1.0,15,4,10,0.2857142857142857,0.7142857142857143,0
804,439149,2010-05-28,44,West Indies,36,South Africa,178,"Windsor Park, Roseau",135,54,125,0.432,0.6,0.4444444444444444,202.9701,7.1791,134,81,126,0.6428571428571429,0.6,0.6,229.5379,6.1667,2,0.0,0,0.5,16,4,11,0.26666666666666666,0.7333333333333333,0
805,452146,2010-05-28,46,Zimbabwe,2,India,69,Queens Sports Club,103,16,98,0.16326530612244897,0.2,0.1,189.96,8.46,192,103,179,0.5754189944134078,0.6,0.6666666666666666,238.5668,6.8396,9,0.1111111111111111,0,0.5,5,0,5,0.0,1.0,1
806,439150,2010-05-30,44,West Indies,36,South Africa,178,"Windsor Park, Roseau",136,54,126,0.42857142857142855,0.4,0.4,202.6296,7.2,135,82,127,0.6456692913385826,0.8,0.6,229.4962,6.1955,3,0.0,1,1.0,17,4,12,0.25,0.75,0
807,452147,2010-05-30,2,India,7,Sri Lanka,69,Queens Sports Club,193,103,180,0.5722222222222222,0.4,0.5555555555555556,238.8138,6.8298,159,80,152,0.5263157894736842,0.8,0.5555555555555556,222.9808,7.4103,1,0.0,1,1.0,40,24,12,0.6666666666666666,0.3333333333333333,1
808,452148,2010-06-01,46,Zimbabwe,7,Sri Lanka,69,Queens Sports Club,104,17,99,0.1717171717171717,0.2,0.2,190.9406,8.4158,160,80,153,0.5228758169934641,0.6,0.5555555555555556,223.1019,7.4268,10,0.2,2,0.5,11,1,10,0.09090909090909091,0.9090909090909091,0
809,439151,2010-06-03,44,West Indies,36,South Africa,98,"Queen's Park Oval, Port of Spain",137,54,127,0.4251968503937008,0.2,0.4,203.3676,7.1912,136,83,128,0.6484375,1.0,0.6,230.0522,6.1716,7,0.8333333333333334,1,1.0,18,4,13,0.23529411764705882,0.7647058823529411,0
810,452149,2010-06-03,46,Zimbabwe,2,India,16,Harare Sports Club,105,17,100,0.17,0.2,0.2,190.2255,8.4314,194,104,181,0.574585635359116,0.6,0.6,238.836,6.8095,24,0.16666666666666666,4,0.75,6,1,5,0.16666666666666666,0.8333333333333334,1
811,452150,2010-06-05,2,India,7,Sri Lanka,16,Harare Sports Club,195,104,182,0.5714285714285714,0.4,0.6,238.6,6.8211,161,81,154,0.525974025974026,0.6,0.5555555555555556,222.443,7.3861,5,0.6,5,1.0,41,25,12,0.6756756756756757,0.32432432432432434,0
812,452151,2010-06-07,46,Zimbabwe,7,Sri Lanka,16,Harare Sports Club,106,18,101,0.1782178217821782,0.4,0.3,190.2913,8.3786,162,82,155,0.5290322580645161,0.6,0.6666666666666666,222.7421,7.3648,25,0.2,6,1.0,12,1,11,0.08333333333333333,0.9166666666666666,1
813,452152,2010-06-09,46,Zimbabwe,7,Sri Lanka,16,Harare Sports Club,107,19,102,0.18627450980392157,0.6,0.4,190.7692,8.3173,163,82,156,0.5256410256410257,0.6,0.6666666666666666,222.825,7.3812,26,0.23076923076923078,7,0.8571428571428571,13,2,11,0.15384615384615385,0.8461538461538461,0
814,455231,2010-06-15,7,Sri Lanka,30,Pakistan,32,Rangiri Dambulla International Stadium,164,83,157,0.5286624203821656,0.6,0.7,222.7019,7.3416,142,75,138,0.5434782608695652,0.0,0.1,229.7183,7.3732,15,0.6,6,0.16666666666666666,18,8,9,0.47058823529411764,0.5294117647058824,1
815,455232,2010-06-16,12,Bangladesh,2,India,32,Rangiri Dambulla International Stadium,111,29,110,0.2636363636363636,0.0,0.0,186.5135,8.0721,196,104,183,0.5683060109289617,0.2,0.5,238.7539,6.8325,0,0.5,4,0.75,9,1,8,0.1111111111111111,0.8888888888888888,0
816,426384,2010-06-17,20,Ireland,3,Australia,157,Clontarf Cricket Club Ground,18,4,15,0.26666666666666666,0.5,0.375,153.4444,7.7222,198,140,186,0.7526881720430108,0.6,0.7777777777777778,239.3807,6.198,2,1.0,0,0.5,1,0,1,0.0,1.0,0
817,455233,2010-06-18,7,Sri Lanka,12,Bangladesh,32,Rangiri Dambulla International Stadium,165,84,158,0.5316455696202531,0.8,0.7,222.821,7.3519,112,29,111,0.26126126126126126,0.0,0.0,186.3393,8.0893,16,0.625,1,0.0,15,13,2,0.8666666666666667,0.13333333333333333,1
818,455234,2010-06-19,2,India,30,Pakistan,32,Rangiri Dambulla International Stadium,197,105,184,0.5706521739130435,0.4,0.5,238.3854,6.8177,143,75,139,0.539568345323741,0.0,0.1,229.6923,7.3916,5,0.8,7,0.14285714285714285,28,14,14,0.5,0.5,1
819,455235,2010-06-21,12,Bangladesh,30,Pakistan,32,Rangiri Dambulla International Stadium,113,29,112,0.25892857142857145,0.0,0.0,186.3363,8.1062,144,75,140,0.5357142857142857,0.0,0.1,229.9514,7.4097,2,0.0,8,0.125,11,0,11,0.0,1.0,0
820,426387,2010-06-22,5,England,3,Australia,82,The Rose Bowl,155,69,145,0.47586206896551725,0.8,0.7,215.8889,7.2288,199,141,187,0.7540106951871658,0.8,0.7777777777777778,239.3384,6.2121,4,0.5,2,1.0,26,5,19,0.20833333333333334,0.7916666666666666,1
821,455236,2010-06-22,7,Sri Lanka,2,India,32,Rangiri Dambulla International Stadium,166,85,159,0.5345911949685535,0.8,0.7,223.3681,7.3313,198,106,185,0.572972972972973,0.6,0.5,238.5544,6.8187,17,0.6470588235294118,6,0.8333333333333334,42,13,25,0.34210526315789475,0.6578947368421053,1
822,426388,2010-06-24,5,England,3,Australia,101,Sophia Gardens,156,70,146,0.4794520547945205,1.0,0.7,216.2273,7.2208,200,141,188,0.75,0.6,0.6666666666666666,239.4774,6.2161,2,0.5,1,0.0,27,6,19,0.24,0.76,1
823,455237,2010-06-24,7,Sri Lanka,2,India,32,Rangiri Dambulla International Stadium,167,86,160,0.5375,0.8,0.7,223.2927,7.3049,199,106,186,0.5698924731182796,0.4,0.5,238.4021,6.8351,18,0.6666666666666666,7,0.7142857142857143,43,14,25,0.358974358974359,0.6410256410256411,0
824,426389,2010-06-27,5,England,3,Australia,102,Old Trafford,157,71,147,0.48299319727891155,1.0,0.7,216.4,7.2129,201,141,189,0.746031746031746,0.4,0.6,239.475,6.22,2,0.5,1,1.0,28,7,19,0.2692307692307692,0.7307692307692307,1
825,426390,2010-06-30,5,England,3,Australia,80,Kennington Oval,158,72,148,0.4864864864864865,1.0,0.8,216.3846,7.2244,202,141,190,0.7421052631578947,0.2,0.5,239.3383,6.2388,9,0.3333333333333333,3,1.0,29,8,19,0.2962962962962963,0.7037037037037037,0
826,426391,2010-07-03,5,England,3,Australia,77,Lord's,159,72,149,0.48322147651006714,0.8,0.8,216.3567,7.242,203,142,191,0.743455497382199,0.4,0.5,239.5891,6.2327,11,0.3,4,1.0,30,8,20,0.2857142857142857,0.7142857142857143,0
827,450379,2010-07-07,14,Canada,20,Ireland,183,VRA Ground,18,6,18,0.3333333333333333,0.4,0.3,182.8333,8.1667,19,4,16,0.25,0.25,0.25,155.4737,7.8421,0,0.5,0,0.5,0,0,0,0.5,0.5,0
828,426403,2010-07-08,5,England,12,Bangladesh,74,Trent Bridge,160,72,150,0.48,0.6,0.7,216.4747,7.2595,114,29,113,0.25663716814159293,0.0,0.0,186.8596,8.0789,7,0.42857142857142855,0,0.5,9,9,0,1.0,0.0,1
829,426404,2010-07-10,5,England,12,Bangladesh,160,County Ground,161,73,151,0.48344370860927155,0.6,0.8,216.6918,7.239,115,29,114,0.2543859649122807,0.0,0.0,187.4087,8.087,3,0.3333333333333333,0,0.5,10,10,0,1.0,0.0,0
830,426405,2010-07-12,5,England,12,Bangladesh,81,Edgbaston,162,73,152,0.48026315789473684,0.4,0.7,216.7812,7.2562,116,30,115,0.2608695652173913,0.2,0.1,187.8276,8.0776,8,0.8333333333333334,0,0.5,11,10,1,0.9090909090909091,0.09090909090909091,1
831,450107,2010-07-16,20,Ireland,12,Bangladesh,132,"Civil Service Cricket Club, Stormont",20,5,17,0.29411764705882354,0.4,0.375,155.45,7.7,117,30,116,0.25862068965517243,0.2,0.1,187.9573,8.094,5,0.0,0,0.5,1,1,0,1.0,0.0,0
832,456662,2010-08-10,2,India,6,New Zealand,32,Rangiri Dambulla International Stadium,200,107,187,0.5721925133689839,0.6,0.5,238.5538,6.8308,127,68,119,0.5714285714285714,0.4,0.7,215.8049,7.1057,8,0.75,3,1.0,16,7,7,0.5,0.5,0
833,456664,2010-08-13,7,Sri Lanka,6,New Zealand,32,Rangiri Dambulla International Stadium,168,86,161,0.5341614906832298,0.8,0.7,223.0727,7.3212,128,69,120,0.575,0.4,0.7,216.3871,7.129,19,0.631578947368421,4,1.0,13,7,6,0.5384615384615384,0.46153846153846156,1
834,456663,2010-08-16,7,Sri Lanka,2,India,32,Rangiri Dambulla International Stadium,169,87,162,0.5370370370370371,0.8,0.7,222.9036,7.3193,201,107,188,0.5691489361702128,0.6,0.4,237.7857,6.8469,20,0.65,9,0.6666666666666666,44,14,26,0.35,0.65,0
835,464720,2010-08-18,20,Ireland,26,Netherlands,157,Clontarf Cricket Club Ground,21,5,18,0.2777777777777778,0.4,0.375,157.0476,7.7619,13,4,12,0.3333333333333333,0.25,0.4444444444444444,163.5,7.75,3,0.5,1,0.0,0,0,0,0.5,0.5,1
837,456666,2010-08-22,7,Sri Lanka,2,India,32,Rangiri Dambulla International Stadium,171,87,163,0.5337423312883436,0.5,0.6666666666666666,222.4702,7.3095,202,108,189,0.5714285714285714,0.6,0.5,237.4467,6.8325,22,0.6190476190476191,10,0.7,45,14,27,0.34146341463414637,0.6585365853658537,1
838,456665,2010-08-25,2,India,6,New Zealand,32,Rangiri Dambulla International Stadium,203,108,190,0.5684210526315789,0.4,0.5,236.7677,6.8485,130,69,121,0.5702479338842975,0.5,0.5555555555555556,216.192,7.152,11,0.6363636363636364,6,0.8,17,7,8,0.4666666666666667,0.5333333333333333,1
839,456668,2010-08-28,7,Sri Lanka,2,India,32,Rangiri Dambulla International Stadium,172,88,164,0.5365853658536586,0.5,0.6666666666666666,221.7692,7.2781,204,109,191,0.5706806282722513,0.6,0.5,236.6985,6.8643,23,0.6363636363636364,12,0.6666666666666666,46,15,27,0.35714285714285715,0.6428571428571429,1
840,464723,2010-09-06,14,Canada,20,Ireland,184,"Toronto Cricket, Skating and Curling Club",19,6,19,0.3157894736842105,0.4,0.3,181.3158,8.2105,22,6,19,0.3157894736842105,0.4,0.5,155.7727,7.4545,0,0.5,0,0.5,1,0,1,0.0,1.0,1
841,426428,2010-09-10,5,England,30,Pakistan,75,Riverside Ground,163,74,153,0.48366013071895425,0.4,0.7,217.5901,7.2547,145,76,141,0.5390070921985816,0.2,0.1,231.0207,7.4069,5,0.4,0,0.5,12,7,4,0.6363636363636364,0.36363636363636365,1
842,426429,2010-09-12,5,England,30,Pakistan,76,Headingley,164,75,154,0.487012987012987,0.6,0.7,217.9383,7.2469,146,76,142,0.5352112676056338,0.2,0.1,231.1507,7.4178,5,0.6,0,0.5,13,8,4,0.6666666666666666,0.3333333333333333,1
843,426430,2010-09-17,5,England,30,Pakistan,80,Kennington Oval,165,76,155,0.49032258064516127,0.8,0.7,218.411,7.2393,147,76,143,0.5314685314685315,0.2,0.1,231.5782,7.4218,10,0.3,0,0.5,14,9,4,0.6923076923076923,0.3076923076923077,0
844,426431,2010-09-20,5,England,30,Pakistan,77,Lord's,166,76,156,0.48717948717948717,0.6,0.6,218.4085,7.2561,148,77,144,0.5347222222222222,0.4,0.2,231.6419,7.4392,12,0.2727272727272727,2,0.5,15,9,5,0.6428571428571429,0.35714285714285715,0
845,426432,2010-09-22,5,England,30,Pakistan,82,The Rose Bowl,167,76,157,0.4840764331210191,0.6,0.5,218.4606,7.2727,149,78,145,0.5379310344827586,0.6,0.3,231.8658,7.4362,5,0.6,2,0.5,16,9,6,0.6,0.4,1
846,476596,2010-10-05,12,Bangladesh,6,New Zealand,143,Shere Bangla National Stadium,118,31,117,0.26495726495726496,0.4,0.2,187.9831,8.0593,131,69,122,0.5655737704918032,0.5,0.4444444444444444,215.4127,7.1746,20,0.3,0,0.5,9,0,9,0.0,1.0,1
847,476598,2010-10-11,12,Bangladesh,6,New Zealand,143,Shere Bangla National Stadium,119,32,118,0.2711864406779661,0.6,0.3,188.3193,8.0756,132,69,123,0.5609756097560976,0.25,0.3333333333333333,215.2913,7.1811,21,0.3333333333333333,1,0.0,10,1,9,0.1,0.9,1
848,476599,2010-10-14,12,Bangladesh,6,New Zealand,143,Shere Bangla National Stadium,120,33,119,0.2773109243697479,0.8,0.4,188.225,8.0333,133,69,124,0.5564516129032258,0.0,0.2222222222222222,214.9609,7.2031,22,0.36363636363636365,2,0.0,11,2,9,0.18181818181818182,0.8181818181818182,1
849,463143,2010-10-15,36,South Africa,46,Zimbabwe,173,OUTsurance Oval,137,84,129,0.6511627906976745,1.0,0.7,230.237,6.1926,108,19,103,0.18446601941747573,0.6,0.4,190.8476,8.3333,1,1.0,0,0.5,13,13,0,1.0,0.0,1
850,463144,2010-10-17,36,South Africa,46,Zimbabwe,174,Senwes Park,138,85,130,0.6538461538461539,1.0,0.7,231.125,6.1912,109,19,104,0.18269230769230768,0.4,0.3,191.7547,8.3113,1,1.0,0,0.5,14,14,0,1.0,0.0,1
851,476600,2010-10-17,12,Bangladesh,6,New Zealand,143,Shere Bangla National Stadium,121,34,120,0.2833333333333333,0.8,0.5,188.6612,8.0496,134,69,125,0.552,0.0,0.2222222222222222,215.093,7.2248,23,0.391304347826087,3,0.0,12,3,9,0.25,0.75,1
852,464529,2010-10-20,2,India,3,Australia,93,Dr. Y.S. Rajasekhara Reddy ACA-VDCA Cricket Stadium,205,109,192,0.5677083333333334,0.4,0.5,236.64,6.88,204,143,192,0.7447916666666666,0.4,0.6,239.7734,6.2365,1,1.0,0,0.5,34,9,20,0.3103448275862069,0.6896551724137931,1
853,463145,2010-10-22,36,South Africa,46,Zimbabwe,141,Willowmoore Park,139,86,131,0.6564885496183206,1.0,0.8,231.4307,6.1606,110,19,105,0.18095238095238095,0.4,0.3,192.4673,8.3271,1,1.0,1,0.0,15,15,0,1.0,0.0,1
854,461566,2010-10-29,30,Pakistan,36,South Africa,127,Sheikh Zayed Stadium,150,78,146,0.5342465753424658,0.4,0.3,231.22,7.4533,140,87,132,0.6590909090909091,1.0,0.9,232.6449,6.1594,10,0.5,0,0.5,16,5,10,0.3333333333333333,0.6666666666666666,0
855,461567,2010-10-31,30,Pakistan,36,South Africa,127,Sheikh Zayed Stadium,151,78,147,0.5306122448979592,0.4,0.3,231.0331,7.4702,141,88,133,0.6616541353383458,1.0,1.0,232.4604,6.1295,11,0.45454545454545453,1,1.0,17,5,11,0.3125,0.6875,1
856,461568,2010-11-02,30,Pakistan,36,South Africa,185,Dubai International Cricket Stadium,152,79,148,0.5337837837837838,0.6,0.4,231.4145,7.4803,142,88,134,0.6567164179104478,0.8,0.9,232.8429,6.1429,0,0.5,0,0.5,18,6,11,0.35294117647058826,0.6470588235294118,0
857,446957,2010-11-03,3,Australia,7,Sri Lanka,14,Melbourne Cricket Ground,205,143,193,0.7409326424870466,0.4,0.5,240.0147,6.2206,173,89,165,0.5393939393939394,0.75,0.7777777777777778,222.2235,7.2824,16,0.6666666666666666,3,0.3333333333333333,20,15,5,0.75,0.25,0
858,446958,2010-11-05,3,Australia,7,Sri Lanka,9,Sydney Cricket Ground,206,143,194,0.7371134020618557,0.4,0.4,240.0098,6.2293,174,90,166,0.5421686746987951,0.75,0.7777777777777778,222.345,7.2924,21,0.6842105263157895,5,0.6,21,15,6,0.7142857142857143,0.2857142857142857,0
859,461569,2010-11-05,30,Pakistan,36,South Africa,185,Dubai International Cricket Stadium,153,79,149,0.5302013422818792,0.4,0.4,231.3791,7.4902,143,89,135,0.6592592592592592,0.8,0.9,232.8085,6.1631,1,0.0,1,1.0,19,6,12,0.3333333333333333,0.6666666666666666,1
860,446959,2010-11-07,3,Australia,7,Sri Lanka,87,"Brisbane Cricket Ground, Woolloongabba",207,143,195,0.7333333333333333,0.4,0.3,239.8641,6.2476,175,91,167,0.5449101796407185,1.0,0.7777777777777778,222.2907,7.2674,9,0.6666666666666666,3,0.5,22,15,7,0.6818181818181818,0.3181818181818182,1
861,461570,2010-11-08,30,Pakistan,36,South Africa,185,Dubai International Cricket Stadium,154,80,150,0.5333333333333333,0.4,0.5,231.6623,7.5,144,89,136,0.6544117647058824,0.6,0.8,233.0986,6.162,2,0.5,2,0.5,20,7,12,0.3684210526315789,0.631578947368421,0
862,467883,2010-11-28,2,India,6,New Zealand,108,Nehru Stadium,206,110,193,0.5699481865284974,0.6,0.6,236.9154,6.8706,135,69,126,0.5476190476190477,0.0,0.2222222222222222,214.7538,7.2462,4,0.5,0,0.5,18,8,8,0.5,0.5,1
863,467884,2010-12-01,2,India,6,New Zealand,139,Sawai Mansingh Stadium,207,111,194,0.5721649484536082,0.6,0.6,237.1089,6.8861,136,69,127,0.5433070866141733,0.0,0.2222222222222222,214.916,7.2672,3,0.6666666666666666,0,0.5,19,9,8,0.5294117647058824,0.47058823529411764,1
864,486520,2010-12-01,12,Bangladesh,46,Zimbabwe,143,Shere Bangla National Stadium,122,35,121,0.2892561983471074,1.0,0.6,188.541,8.0656,111,19,106,0.1792452830188679,0.2,0.3,191.8611,8.3426,24,0.4166666666666667,7,0.2857142857142857,21,16,5,0.7619047619047619,0.23809523809523808,0
865,486522,2010-12-03,12,Bangladesh,46,Zimbabwe,143,Shere Bangla National Stadium,123,35,122,0.28688524590163933,0.8,0.6,188.6341,8.0813,112,20,107,0.18691588785046728,0.2,0.4,192.0183,8.3578,25,0.4,8,0.375,22,16,6,0.7272727272727273,0.2727272727272727,1
866,467885,2010-12-04,2,India,6,New Zealand,110,Reliance Stadium,208,112,195,0.5743589743589743,0.8,0.6,237.2167,6.8621,137,69,128,0.5390625,0.0,0.1111111111111111,215.2424,7.2727,3,0.3333333333333333,0,0.5,20,10,8,0.5555555555555556,0.4444444444444444,1
867,486523,2010-12-06,12,Bangladesh,46,Zimbabwe,143,Shere Bangla National Stadium,124,36,123,0.2926829268292683,0.8,0.7,188.6774,8.0484,113,20,108,0.18518518518518517,0.2,0.4,192.0091,8.3727,26,0.4230769230769231,9,0.3333333333333333,23,17,6,0.7391304347826086,0.2608695652173913,1
868,467886,2010-12-07,2,India,6,New Zealand,156,M Chinnaswamy Stadium,209,113,196,0.576530612244898,0.8,0.7,237.1765,6.8333,138,69,129,0.5348837209302325,0.0,0.0,215.3083,7.2857,2,1.0,0,0.5,21,11,8,0.5789473684210527,0.42105263157894735,1
869,467887,2010-12-10,2,India,6,New Zealand,146,"MA Chidambaram Stadium, Chepauk",210,114,197,0.5786802030456852,1.0,0.7,237.5854,6.8244,139,69,130,0.5307692307692308,0.0,0.0,216.0522,7.2836,1,0.0,0,0.5,22,12,8,0.6,0.4,1
870,486526,2010-12-12,12,Bangladesh,46,Zimbabwe,186,Zahur Ahmed Chowdhury Stadium,125,37,124,0.29838709677419356,0.8,0.8,189.136,8.04,114,20,109,0.1834862385321101,0.2,0.3,191.9099,8.3874,0,0.5,0,0.5,24,18,6,0.75,0.25,1
871,463150,2011-01-12,36,South Africa,2,India,62,Kingsmead,145,90,137,0.656934306569343,0.6,0.8,233.6853,6.1538,211,115,198,0.5808080808080808,1.0,0.8,236.9515,6.801,10,0.5714285714285714,1,0.0,13,7,5,0.5833333333333334,0.4166666666666667,1
872,463151,2011-01-15,36,South Africa,2,India,120,New Wanderers Stadium,146,91,138,0.6594202898550725,0.6,0.8,234.0694,6.1736,212,115,199,0.5778894472361809,0.8,0.7,236.5507,6.8164,4,0.75,1,1.0,14,8,5,0.6153846153846154,0.38461538461538464,0
873,446962,2011-01-16,3,Australia,5,England,14,Melbourne Cricket Ground,208,144,196,0.7346938775510204,0.4,0.4,239.2802,6.2271,168,77,158,0.4873417721518987,0.6,0.5,218.6867,7.2651,17,0.625,3,0.3333333333333333,31,21,8,0.7241379310344828,0.27586206896551724,1
874,463152,2011-01-18,36,South Africa,2,India,61,Newlands,147,91,139,0.6546762589928058,0.6,0.7,233.7586,6.2,213,116,200,0.58,0.8,0.8,236.3269,6.8317,10,1.0,1,0.0,15,8,6,0.5714285714285714,0.42857142857142855,0
875,446963,2011-01-21,3,Australia,5,England,59,Bellerive Oval,209,145,197,0.7360406091370558,0.4,0.4,239.5577,6.2163,169,77,159,0.48427672955974843,0.4,0.5,219.1377,7.2814,4,1.0,1,1.0,32,22,8,0.7333333333333333,0.26666666666666666,1
876,463153,2011-01-21,36,South Africa,2,India,90,St George's Park,148,91,140,0.65,0.4,0.6,233.6644,6.226,214,117,201,0.582089552238806,0.8,0.8,236.2632,6.8373,10,0.6666666666666666,1,0.0,16,8,7,0.5333333333333333,0.4666666666666667,1
877,473923,2011-01-22,6,New Zealand,30,Pakistan,114,Westpac Stadium,140,69,131,0.5267175572519084,0.0,0.0,215.2148,7.3037,155,80,151,0.5298013245033113,0.4,0.4,231.8452,7.5161,7,1.0,0,0.5,11,7,4,0.6363636363636364,0.36363636363636365,1
878,446964,2011-01-23,3,Australia,5,England,9,Sydney Cricket Ground,210,146,198,0.7373737373737373,0.6,0.5,239.512,6.2344,170,77,160,0.48125,0.2,0.5,218.9286,7.2976,22,0.65,4,0.5,33,23,8,0.7419354838709677,0.25806451612903225,1
879,463154,2011-01-23,36,South Africa,2,India,63,SuperSport Park,149,92,141,0.6524822695035462,0.6,0.6,233.8776,6.2313,215,117,202,0.5792079207920792,0.6,0.8,235.8143,6.8333,13,0.6923076923076923,3,0.0,17,9,7,0.5625,0.4375,1
880,446965,2011-01-26,3,Australia,5,England,13,Adelaide Oval,211,147,199,0.7386934673366834,0.8,0.6,239.3952,6.2333,171,77,161,0.4782608695652174,0.2,0.4,218.8994,7.3136,11,0.8181818181818182,4,0.25,34,24,8,0.75,0.25,0
882,473925,2011-01-29,6,New Zealand,30,Pakistan,168,AMI Stadium,142,70,132,0.5303030303030303,0.25,0.1111111111111111,214.5515,7.2574,157,80,152,0.5263157894736842,0.25,0.4444444444444444,229.879,7.4841,3,0.6666666666666666,0,0.5,13,8,4,0.6666666666666666,0.3333333333333333,0
883,446966,2011-01-30,3,Australia,5,England,87,"Brisbane Cricket Ground, Woolloongabba",212,147,200,0.735,0.8,0.6,239.5782,6.237,172,78,162,0.48148148148148145,0.4,0.5,219.3706,7.3176,10,0.7142857142857143,2,0.5,35,24,9,0.7272727272727273,0.2727272727272727,1
885,473926,2011-02-01,6,New Zealand,30,Pakistan,119,McLean Park,143,70,133,0.5263157894736842,0.25,0.1111111111111111,214.8102,7.2701,158,81,153,0.5294117647058824,0.5,0.4444444444444444,230.2785,7.481,7,0.6666666666666666,0,0.5,14,8,5,0.6153846153846154,0.38461538461538464,0
886,446967,2011-02-02,3,Australia,5,England,9,Sydney Cricket Ground,213,148,201,0.736318407960199,0.8,0.6,239.6226,6.2547,173,78,163,0.4785276073619632,0.2,0.4,219.2456,7.3333,23,0.6666666666666666,5,0.4,36,25,9,0.7352941176470589,0.2647058823529412,1
887,464991,2011-02-03,7,Sri Lanka,44,West Indies,105,Sinhalese Sports Club Ground,177,91,168,0.5416666666666666,0.75,0.625,221.6705,7.2832,139,54,128,0.421875,0.0,0.4444444444444444,204.0217,7.1667,4,0.5,1,0.5,11,5,4,0.5555555555555556,0.4444444444444444,1
888,473927,2011-02-03,6,New Zealand,30,Pakistan,151,Seddon Park,144,70,134,0.5223880597014925,0.25,0.1111111111111111,215.1522,7.2681,159,82,154,0.5324675324675324,0.5,0.4444444444444444,230.4906,7.4843,4,0.5,0,0.5,15,8,6,0.5714285714285714,0.42857142857142855,0
889,473928,2011-02-05,6,New Zealand,30,Pakistan,58,Eden Park,145,70,135,0.5185185185185185,0.25,0.1111111111111111,215.2374,7.2878,160,83,155,0.535483870967742,0.75,0.5555555555555556,230.725,7.4938,11,0.36363636363636365,1,0.0,16,8,7,0.5333333333333333,0.4666666666666667,1
890,446968,2011-02-06,3,Australia,5,England,115,Western Australia Cricket Association Ground,214,149,202,0.7376237623762376,0.8,0.6,240.0657,6.2629,174,78,164,0.47560975609756095,0.2,0.3,219.907,7.3256,7,0.7142857142857143,1,0.0,37,26,9,0.7428571428571429,0.2571428571428571,1
891,464992,2011-02-06,7,Sri Lanka,44,West Indies,105,Sinhalese Sports Club Ground,178,92,169,0.5443786982248521,0.75,0.75,221.5402,7.2529,140,54,129,0.4186046511627907,0.0,0.3333333333333333,204.0144,7.1871,5,0.6666666666666666,2,0.0,12,6,4,0.6,0.4,1
892,433558,2011-02-19,12,Bangladesh,2,India,143,Shere Bangla National Stadium,126,38,125,0.304,0.8,0.8,189.1349,8.0079,216,117,203,0.5763546798029556,0.4,0.7,235.8057,6.8483,27,0.4444444444444444,10,0.7,10,1,9,0.1,0.9,0
893,433559,2011-02-20,22,Kenya,6,New Zealand,146,"MA Chidambaram Stadium, Chepauk",30,10,28,0.35714285714285715,0.0,0.625,177.1724,8.2414,146,71,136,0.5220588235294118,0.25,0.2222222222222222,215.9214,7.2857,0,0.5,1,0.0,1,0,1,0.0,1.0,0
894,433560,2011-02-20,7,Sri Lanka,14,Canada,187,"Mahinda Rajapaksa International Cricket Stadium, Sooriyawewa",179,93,170,0.5470588235294118,0.75,0.75,221.8571,7.2629,20,7,20,0.35,0.6,0.3,180.4,8.0,0,0.5,0,0.5,1,1,0,1.0,0.0,1
895,433561,2011-02-21,3,Australia,46,Zimbabwe,138,"Sardar Patel Stadium, Motera",215,150,203,0.7389162561576355,0.8,0.7,240.2477,6.2664,115,20,110,0.18181818181818182,0.2,0.3,191.875,8.3661,0,0.5,2,0.0,7,6,0,1.0,0.0,1
896,433562,2011-02-22,5,England,26,Netherlands,180,"Vidarbha Cricket Association Stadium, Jamtha",175,78,165,0.4727272727272727,0.2,0.2,219.9191,7.341,14,4,13,0.3076923076923077,0.25,0.4444444444444444,160.5385,7.9231,0,0.5,0,0.5,1,1,0,1.0,0.0,1
897,433563,2011-02-23,22,Kenya,30,Pakistan,187,"Mahinda Rajapaksa International Cricket Stadium, Sooriyawewa",31,10,29,0.3448275862068966,0.0,0.5,173.5667,8.3,161,83,156,0.532051282051282,0.75,0.5555555555555556,230.8696,7.5093,0,0.5,0,0.5,2,0,2,0.0,1.0,0
898,433564,2011-02-24,36,South Africa,44,West Indies,122,Feroz Shah Kotla,150,93,142,0.6549295774647887,0.6,0.6,233.9865,6.25,141,54,130,0.4153846153846154,0.0,0.2222222222222222,204.35,7.2071,0,0.5,0,0.5,19,14,4,0.7777777777777778,0.2222222222222222,1
899,433565,2011-02-25,3,Australia,6,New Zealand,180,"Vidarbha Cricket Association Stadium, Jamtha",216,151,204,0.7401960784313726,0.8,0.8,240.3488,6.2651,147,72,137,0.5255474452554745,0.4,0.3333333333333333,214.9007,7.234,1,0.0,0,0.5,32,22,8,0.7333333333333333,0.26666666666666666,1
900,433566,2011-02-25,12,Bangladesh,20,Ireland,143,Shere Bangla National Stadium,127,38,126,0.30158730158730157,0.6,0.8,189.874,8.0157,23,6,20,0.3,0.4,0.4444444444444444,156.6087,7.5217,28,0.42857142857142855,0,0.5,2,1,1,0.5,0.5,1
901,433567,2011-02-26,7,Sri Lanka,30,Pakistan,121,R Premadasa Stadium,180,94,171,0.5497076023391813,0.75,0.875,222.483,7.2614,162,84,157,0.535031847133758,0.8,0.5555555555555556,231.4012,7.5062,18,0.4117647058823529,4,1.0,19,9,9,0.5,0.5,0
903,433569,2011-02-28,26,Netherlands,44,West Indies,122,Feroz Shah Kotla,15,4,14,0.2857142857142857,0.25,0.3333333333333333,169.9286,7.7857,142,54,131,0.4122137404580153,0.0,0.1111111111111111,204.4752,7.227,0,0.5,1,0.0,0,0,0,0.5,0.5,0
904,433570,2011-02-28,14,Canada,46,Zimbabwe,180,"Vidarbha Cricket Association Stadium, Jamtha",21,7,21,0.3333333333333333,0.6,0.3,177.619,8.0952,116,20,111,0.18018018018018017,0.2,0.2,191.6903,8.3805,0,0.5,0,0.5,0,0,0,0.5,0.5,0
905,433571,2011-03-01,7,Sri Lanka,22,Kenya,121,R Premadasa Stadium,181,94,172,0.5465116279069767,0.75,0.7777777777777778,222.7288,7.2712,32,10,30,0.3333333333333333,0.0,0.375,171.5806,8.3548,19,0.3888888888888889,0,0.5,2,1,1,0.5,0.5,1
906,433572,2011-03-02,5,England,20,Ireland,156,M Chinnaswamy Stadium,177,79,166,0.4759036144578313,0.25,0.3333333333333333,221.0286,7.3257,24,6,21,0.2857142857142857,0.4,0.3333333333333333,157.5,7.625,2,0.0,0,0.5,3,3,0,1.0,0.0,0
907,433573,2011-03-03,26,Netherlands,36,South Africa,137,"Punjab Cricket Association Stadium, Mohali",16,4,15,0.26666666666666666,0.0,0.2222222222222222,166.2667,7.9333,151,94,143,0.6573426573426573,0.6,0.6,233.9128,6.2282,0,0.5,1,1.0,1,0,1,0.0,1.0,0
908,433574,2011-03-03,14,Canada,30,Pakistan,121,R Premadasa Stadium,22,7,22,0.3181818181818182,0.4,0.3,175.1364,8.1818,163,85,158,0.5379746835443038,0.8,0.6666666666666666,231.681,7.5031,0,0.5,5,1.0,0,0,0,0.5,0.5,0
909,433575,2011-03-04,6,New Zealand,46,Zimbabwe,138,"Sardar Patel Stadium, Motera",148,72,138,0.5217391304347826,0.4,0.3333333333333333,214.838,7.2535,117,21,112,0.1875,0.2,0.2,192.6228,8.386,0,0.5,3,0.0,2,2,0,1.0,0.0,1
910,433576,2011-03-04,12,Bangladesh,44,West Indies,143,Shere Bangla National Stadium,128,39,127,0.30708661417322836,0.8,0.8,189.9922,8.0312,143,55,132,0.4166666666666667,0.25,0.1111111111111111,205.3592,7.2324,29,0.4482758620689655,0,0.5,10,3,6,0.3333333333333333,0.6666666666666666,0
912,433578,2011-03-06,2,India,20,Ireland,156,M Chinnaswamy Stadium,218,118,204,0.5784313725490197,0.5,0.6666666666666666,236.9155,6.8498,25,7,22,0.3181818181818182,0.4,0.4,164.36,7.6,4,1.0,1,1.0,1,1,0,1.0,0.0,1
913,433579,2011-03-06,5,England,36,South Africa,146,"MA Chidambaram Stadium, Chepauk",178,79,167,0.47305389221556887,0.25,0.2222222222222222,221.6307,7.3295,152,95,144,0.6597222222222222,0.8,0.7,234.6933,6.22,0,0.5,0,0.5,20,10,7,0.5882352941176471,0.4117647058823529,1
914,433580,2011-03-07,14,Canada,22,Kenya,122,Feroz Shah Kotla,23,7,23,0.30434782608695654,0.2,0.3,173.5217,8.2609,33,10,31,0.3225806451612903,0.0,0.25,170.6562,8.4062,0,0.5,0,0.5,5,1,4,0.2,0.8,1
915,433581,2011-03-08,6,New Zealand,30,Pakistan,188,Pallekele International Cricket Stadium,149,73,139,0.5251798561151079,0.6,0.4444444444444444,214.4965,7.2028,164,86,159,0.5408805031446541,0.8,0.6666666666666666,231.3902,7.5183,0,0.5,0,0.5,17,9,7,0.5625,0.4375,1
916,433582,2011-03-09,2,India,26,Netherlands,122,Feroz Shah Kotla,219,119,205,0.5804878048780487,0.5,0.6666666666666666,236.7897,6.8411,17,4,16,0.25,0.0,0.2222222222222222,163.375,8.0625,3,1.0,1,0.0,1,1,0,1.0,0.0,1
917,433583,2011-03-10,7,Sri Lanka,46,Zimbabwe,188,Pallekele International Cricket Stadium,183,95,173,0.5491329479768786,0.75,0.75,221.8715,7.2123,118,21,113,0.18584070796460178,0.2,0.2,192.3565,8.4,0,0.5,0,0.5,14,12,2,0.8571428571428571,0.14285714285714285,1
918,433584,2011-03-11,20,Ireland,44,West Indies,137,"Punjab Cricket Association Stadium, Mohali",26,7,23,0.30434782608695654,0.4,0.4,166.0,7.6923,144,56,133,0.42105263157894735,0.4,0.2222222222222222,204.3357,7.1888,0,0.5,0,0.5,2,0,1,0.0,1.0,0
919,433585,2011-03-11,12,Bangladesh,5,England,186,Zahur Ahmed Chowdhury Stadium,129,39,128,0.3046875,0.6,0.7,188.969,8.0465,179,80,168,0.47619047619047616,0.5,0.3333333333333333,221.3446,7.3446,1,1.0,0,0.5,12,1,11,0.08333333333333333,0.9166666666666666,1
920,433586,2011-03-12,2,India,36,South Africa,180,"Vidarbha Cricket Association Stadium, Jamtha",220,120,206,0.5825242718446602,0.75,0.6666666666666666,236.5767,6.8326,153,95,145,0.6551724137931034,0.8,0.6,234.2318,6.245,2,0.5,0,0.5,18,7,10,0.4117647058823529,0.5882352941176471,0
921,433587,2011-03-13,14,Canada,6,New Zealand,2,Wankhede Stadium,24,8,24,0.3333333333333333,0.4,0.4,174.5833,8.125,150,74,140,0.5285714285714286,0.8,0.5555555555555556,215.1042,7.2014,0,0.5,0,0.5,2,0,2,0.0,1.0,0
922,433588,2011-03-13,3,Australia,22,Kenya,156,M Chinnaswamy Stadium,218,152,205,0.7414634146341463,1.0,0.8888888888888888,240.1944,6.25,34,10,32,0.3125,0.0,0.125,171.4848,8.4545,1,0.5,0,0.5,1,1,0,1.0,0.0,1
923,433589,2011-03-14,30,Pakistan,46,Zimbabwe,188,Pallekele International Cricket Stadium,165,86,160,0.5375,0.6,0.6666666666666666,231.1515,7.5333,119,21,114,0.18421052631578946,0.2,0.2,192.319,8.4138,1,0.0,1,0.0,11,10,0,1.0,0.0,1
924,433590,2011-03-14,12,Bangladesh,26,Netherlands,186,Zahur Ahmed Chowdhury Stadium,130,40,129,0.31007751937984496,0.6,0.7,189.2615,8.0462,18,4,17,0.23529411764705882,0.0,0.1111111111111111,164.8824,8.1765,2,1.0,0,0.5,0,0,0,0.5,0.5,1
925,433591,2011-03-15,20,Ireland,36,South Africa,1,Eden Gardens,27,7,24,0.2916666666666667,0.2,0.3,168.4074,7.7778,154,96,146,0.6575342465753424,0.8,0.7,234.6645,6.25,0,0.5,0,0.5,2,0,2,0.0,1.0,0
926,433592,2011-03-16,3,Australia,14,Canada,156,M Chinnaswamy Stadium,219,153,206,0.7427184466019418,1.0,0.8888888888888888,240.5806,6.2488,25,8,25,0.32,0.2,0.4,178.04,8.16,2,1.0,0,0.5,0,0,0,0.5,0.5,1
927,433593,2011-03-17,5,England,44,West Indies,146,"MA Chidambaram Stadium, Chepauk",180,80,169,0.47337278106508873,0.5,0.3333333333333333,221.3652,7.3596,145,57,134,0.4253731343283582,0.6,0.3333333333333333,204.8264,7.2083,1,1.0,1,1.0,18,9,8,0.5294117647058824,0.47058823529411764,1
928,433594,2011-03-18,6,New Zealand,7,Sri Lanka,2,Wankhede Stadium,151,75,141,0.5319148936170213,0.8,0.5555555555555556,216.0897,7.1931,184,96,174,0.5517241379310345,0.75,0.75,222.4556,7.2056,1,1.0,0,0.5,15,6,8,0.42857142857142855,0.5714285714285714,0
929,433595,2011-03-18,20,Ireland,26,Netherlands,1,Eden Gardens,28,7,25,0.28,0.2,0.3,167.4286,7.8571,19,4,18,0.2222222222222222,0.0,0.1111111111111111,164.6111,8.2778,1,0.0,0,0.5,1,1,0,1.0,0.0,1
930,433596,2011-03-19,3,Australia,30,Pakistan,121,R Premadasa Stadium,220,154,207,0.7439613526570048,1.0,0.8888888888888888,240.4495,6.2339,166,87,161,0.5403726708074534,0.8,0.7777777777777778,230.747,7.506,1,0.5,6,1.0,16,13,3,0.8125,0.1875,0
931,433597,2011-03-19,12,Bangladesh,36,South Africa,143,Shere Bangla National Stadium,131,41,130,0.3153846153846154,0.6,0.7,189.084,8.0153,155,97,147,0.6598639455782312,0.8,0.7,234.9085,6.2549,30,0.43333333333333335,2,1.0,6,1,5,0.16666666666666666,0.8333333333333334,0
932,433598,2011-03-20,22,Kenya,46,Zimbabwe,1,Eden Gardens,35,10,33,0.30303030303030304,0.0,0.0,174.2059,8.3824,120,21,115,0.1826086956521739,0.2,0.2,191.9658,8.4017,0,0.5,0,0.5,3,1,2,0.3333333333333333,0.6666666666666666,0
933,433599,2011-03-20,2,India,44,West Indies,146,"MA Chidambaram Stadium, Chepauk",221,120,207,0.5797101449275363,0.75,0.5555555555555556,236.8519,6.8472,146,57,135,0.4222222222222222,0.6,0.3333333333333333,204.9655,7.2276,2,0.5,2,0.5,15,6,8,0.42857142857142855,0.5714285714285714,1
934,433600,2011-03-23,30,Pakistan,44,West Indies,143,Shere Bangla National Stadium,167,88,162,0.5432098765432098,0.8,0.8,230.4311,7.497,147,57,136,0.41911764705882354,0.6,0.3333333333333333,204.8493,7.2466,3,0.6666666666666666,1,1.0,13,10,3,0.7692307692307693,0.23076923076923078,1
935,433601,2011-03-24,2,India,3,Australia,138,"Sardar Patel Stadium, Motera",222,121,208,0.5817307692307693,0.75,0.6666666666666666,236.9954,6.8618,221,154,208,0.7403846153846154,0.75,0.7777777777777778,240.1553,6.2511,2,0.0,1,1.0,35,10,20,0.3333333333333333,0.6666666666666666,1
936,433602,2011-03-25,6,New Zealand,36,South Africa,143,Shere Bangla National Stadium,152,75,142,0.528169014084507,0.6,0.5,215.6575,7.2123,156,98,148,0.6621621621621622,0.8,0.7,235.2273,6.2662,4,0.0,3,1.0,12,5,6,0.45454545454545453,0.5454545454545454,1
937,433603,2011-03-26,7,Sri Lanka,5,England,121,R Premadasa Stadium,185,97,175,0.5542857142857143,0.75,0.75,222.6906,7.2155,181,81,170,0.4764705882352941,0.5,0.4444444444444444,221.486,7.3743,21,0.42105263157894735,2,0.5,16,10,6,0.625,0.375,1
938,433604,2011-03-29,7,Sri Lanka,6,New Zealand,121,R Premadasa Stadium,186,98,176,0.5568181818181818,1.0,0.875,222.7363,7.1758,153,76,143,0.5314685314685315,0.8,0.6,215.6939,7.2177,22,0.45,2,0.0,16,9,6,0.6,0.4,1
939,433605,2011-03-30,2,India,30,Pakistan,137,"Punjab Cricket Association Stadium, Mohali",223,122,209,0.583732057416268,0.8,0.6666666666666666,237.1055,6.8532,168,89,163,0.5460122699386503,0.8,0.8,229.7321,7.4524,3,0.0,3,0.3333333333333333,29,15,14,0.5172413793103449,0.4827586206896552,1
940,433606,2011-04-02,2,India,7,Sri Lanka,2,Wankhede Stadium,224,123,210,0.5857142857142857,0.8,0.6666666666666666,237.21,6.863,187,99,177,0.559322033898305,1.0,0.8888888888888888,222.7213,7.1639,2,1.0,1,1.0,47,27,16,0.627906976744186,0.37209302325581395,1
941,503363,2011-04-09,12,Bangladesh,3,Australia,143,Shere Bangla National Stadium,132,41,131,0.31297709923664124,0.6,0.6,188.2424,8.0303,222,154,209,0.7368421052631579,0.5,0.7777777777777778,240.2455,6.25,31,0.41935483870967744,0,0.5,13,1,12,0.07692307692307693,0.9230769230769231,0
942,503364,2011-04-11,12,Bangladesh,3,Australia,143,Shere Bangla National Stadium,133,41,132,0.3106060606060606,0.4,0.6,188.406,8.0075,223,155,210,0.7380952380952381,0.6,0.7777777777777778,240.3801,6.2534,32,0.40625,1,1.0,14,1,13,0.07142857142857142,0.9285714285714286,0
943,503365,2011-04-13,12,Bangladesh,3,Australia,143,Shere Bangla National Stadium,134,41,133,0.3082706766917293,0.4,0.5,188.709,8.0,224,156,211,0.7393364928909952,0.6,0.7777777777777778,240.3423,6.2297,33,0.3939393939393939,2,1.0,15,1,14,0.06666666666666667,0.9333333333333333,0
944,489213,2011-04-23,44,West Indies,30,Pakistan,130,"Beausejour Stadium, Gros Islet",148,57,137,0.41605839416058393,0.4,0.3333333333333333,204.2177,7.2653,169,89,164,0.5426829268292683,0.6,0.7,229.7396,7.4675,5,0.3333333333333333,0,0.5,14,3,11,0.21428571428571427,0.7857142857142857,0
945,489214,2011-04-25,44,West Indies,30,Pakistan,130,"Beausejour Stadium, Gros Islet",149,57,138,0.41304347826086957,0.2,0.3,204.3311,7.2568,170,90,165,0.5454545454545454,0.8,0.7,229.6941,7.4353,6,0.25,1,1.0,15,3,12,0.2,0.8,0
946,489215,2011-04-28,44,West Indies,30,Pakistan,155,"Kensington Oval, Bridgetown",150,57,139,0.41007194244604317,0.0,0.3,204.4362,7.2752,171,91,166,0.5481927710843374,0.8,0.8,229.655,7.4094,4,0.5,0,0.5,16,3,13,0.1875,0.8125,0
947,489216,2011-05-02,44,West Indies,30,Pakistan,155,"Kensington Oval, Bridgetown",151,57,140,0.40714285714285714,0.0,0.3,204.2133,7.2933,172,92,167,0.5508982035928144,0.8,0.8,229.3488,7.407,5,0.4,1,1.0,17,3,14,0.17647058823529413,0.8235294117647058,1
948,489217,2011-05-05,44,West Indies,30,Pakistan,153,Providence Stadium,152,58,141,0.41134751773049644,0.2,0.4,203.8808,7.2715,173,92,168,0.5476190476190477,0.6,0.7,229.4566,7.4162,5,0.4,0,0.5,18,4,14,0.2222222222222222,0.7777777777777778,1
949,489221,2011-06-06,44,West Indies,2,India,98,"Queen's Park Oval, Port of Spain",153,59,142,0.4154929577464789,0.4,0.4,203.4605,7.2237,225,124,211,0.5876777251184834,0.8,0.7777777777777778,237.3909,6.85,8,0.7142857142857143,5,0.2,16,8,7,0.5333333333333333,0.4666666666666667,0
950,489222,2011-06-08,44,West Indies,2,India,98,"Queen's Park Oval, Port of Spain",154,59,143,0.4125874125874126,0.4,0.3,203.5294,7.2353,226,125,212,0.589622641509434,1.0,0.8888888888888888,237.2986,6.8462,9,0.625,6,0.3333333333333333,17,8,8,0.5,0.5,0
951,489223,2011-06-11,44,West Indies,2,India,152,"Sir Vivian Richards Stadium, North Sound",155,59,144,0.4097222222222222,0.4,0.2,203.7662,7.2468,227,126,213,0.5915492957746479,1.0,0.8888888888888888,237.0541,6.8288,4,0.0,0,0.5,18,8,9,0.47058823529411764,0.5294117647058824,0
952,489224,2011-06-13,44,West Indies,2,India,152,"Sir Vivian Richards Stadium, North Sound",156,59,145,0.4068965517241379,0.4,0.2,203.9032,7.2516,228,127,214,0.5934579439252337,1.0,0.9,237.0135,6.8296,5,0.0,1,1.0,19,8,10,0.4444444444444444,0.5555555555555556,1
953,489225,2011-06-16,44,West Indies,2,India,97,"Sabina Park, Kingston",157,60,146,0.410958904109589,0.4,0.3,204.1923,7.2564,229,127,215,0.5906976744186047,0.8,0.8,236.6071,6.8438,7,0.7142857142857143,3,0.3333333333333333,20,9,10,0.47368421052631576,0.5263157894736842,1
954,474467,2011-06-28,5,England,7,Sri Lanka,80,Kennington Oval,182,81,171,0.47368421052631576,0.4,0.3333333333333333,221.5278,7.3667,188,99,178,0.5561797752808989,0.8,0.7777777777777778,223.0,7.1576,11,0.2727272727272727,2,1.0,17,6,11,0.35294117647058826,0.6470588235294118,1
955,504779,2011-06-29,34,Scotland,26,Netherlands,189,Mannofield Park,11,2,9,0.2222222222222222,0.25,0.125,147.2727,7.2727,20,4,19,0.21052631578947367,0.0,0.1111111111111111,172.0526,8.3684,0,0.5,0,0.5,3,1,1,0.5,0.5,1
956,474468,2011-07-01,5,England,7,Sri Lanka,76,Headingley,183,82,172,0.47674418604651164,0.6,0.4444444444444444,221.5691,7.3702,189,99,179,0.553072625698324,0.6,0.6666666666666666,222.4486,7.173,6,0.6666666666666666,1,1.0,18,7,11,0.3888888888888889,0.6111111111111112,0
957,474469,2011-07-03,5,England,7,Sri Lanka,77,Lord's,184,82,173,0.47398843930635837,0.4,0.4444444444444444,221.6703,7.3846,190,100,180,0.5555555555555556,0.6,0.6666666666666666,222.914,7.1613,13,0.25,1,1.0,19,7,12,0.3684210526315789,0.631578947368421,0
958,474470,2011-07-06,5,England,7,Sri Lanka,74,Trent Bridge,185,82,174,0.47126436781609193,0.4,0.4444444444444444,221.8033,7.3825,191,101,181,0.5580110497237569,0.6,0.7777777777777778,223.0535,7.1444,8,0.5,0,0.5,20,7,13,0.35,0.65,1
959,474471,2011-07-09,5,England,7,Sri Lanka,102,Old Trafford,186,83,175,0.4742857142857143,0.4,0.4444444444444444,221.5272,7.3424,192,101,182,0.554945054945055,0.4,0.6666666666666666,222.7926,7.1596,3,0.6666666666666666,1,1.0,21,8,13,0.38095238095238093,0.6190476190476191,1
960,516206,2011-08-10,7,Sri Lanka,3,Australia,188,Pallekele International Cricket Stadium,193,101,183,0.5519125683060109,0.4,0.6,222.9471,7.1746,225,157,212,0.7405660377358491,0.6,0.7777777777777778,240.8834,6.2377,1,1.0,0,0.5,24,7,16,0.30434782608695654,0.6956521739130435,0
961,522246,2011-08-12,46,Zimbabwe,12,Bangladesh,16,Harare Sports Club,121,22,116,0.1896551724137931,0.4,0.3,192.9492,8.3814,135,41,134,0.30597014925373134,0.2,0.4,189.4963,7.9852,27,0.2222222222222222,2,0.5,25,6,19,0.24,0.76,1
962,516207,2011-08-14,7,Sri Lanka,3,Australia,187,"Mahinda Rajapaksa International Cricket Stadium, Sooriyawewa",194,101,184,0.5489130434782609,0.4,0.5,222.7789,7.1895,226,158,213,0.7417840375586855,0.8,0.7777777777777778,240.6652,6.2232,1,1.0,0,0.5,25,7,17,0.2916666666666667,0.7083333333333334,0
963,522247,2011-08-14,46,Zimbabwe,12,Bangladesh,16,Harare Sports Club,122,23,117,0.19658119658119658,0.4,0.3,192.8908,8.3613,136,41,135,0.3037037037037037,0.0,0.3,189.4559,8.0,28,0.25,3,0.3333333333333333,26,7,19,0.2692307692307692,0.7307692307692307,1
964,516208,2011-08-16,7,Sri Lanka,3,Australia,187,"Mahinda Rajapaksa International Cricket Stadium, Sooriyawewa",195,101,185,0.5459459459459459,0.2,0.4,222.7016,7.2042,227,159,214,0.7429906542056075,1.0,0.7777777777777778,240.5333,6.2044,2,0.5,1,1.0,26,7,18,0.28,0.72,1
965,522248,2011-08-16,46,Zimbabwe,12,Bangladesh,16,Harare Sports Club,123,24,118,0.2033898305084746,0.6,0.4,192.875,8.3167,137,41,136,0.3014705882352941,0.0,0.3,189.4453,8.0146,29,0.27586206896551724,4,0.25,27,8,19,0.2962962962962963,0.7037037037037037,1
966,522249,2011-08-19,46,Zimbabwe,12,Bangladesh,69,Queens Sports Club,124,25,119,0.21008403361344538,0.8,0.5,193.3471,8.3058,138,41,137,0.29927007299270075,0.0,0.2,189.8478,8.029,11,0.18181818181818182,5,0.8,28,9,19,0.32142857142857145,0.6785714285714286,0
967,516209,2011-08-20,7,Sri Lanka,3,Australia,121,R Premadasa Stadium,196,102,186,0.5483870967741935,0.2,0.4,223.0312,7.2135,228,159,215,0.7395348837209302,0.8,0.7,240.3894,6.2212,23,0.47619047619047616,2,0.0,27,8,18,0.3076923076923077,0.6923076923076923,0
968,522250,2011-08-21,46,Zimbabwe,12,Bangladesh,69,Queens Sports Club,125,25,120,0.20833333333333334,0.8,0.5,193.3934,8.3197,139,42,138,0.30434782608695654,0.2,0.3,189.9424,8.0,12,0.16666666666666666,6,0.8333333333333334,29,9,20,0.3103448275862069,0.6896551724137931,0
969,516210,2011-08-22,7,Sri Lanka,3,Australia,121,R Premadasa Stadium,197,102,187,0.5454545454545454,0.2,0.3,222.5596,7.228,229,160,216,0.7407407407407407,0.8,0.7,239.9163,6.2159,24,0.45454545454545453,3,0.5,28,8,19,0.2962962962962963,0.7037037037037037,1
970,483126,2011-08-25,20,Ireland,5,England,157,Clontarf Cricket Club Ground,29,8,26,0.3076923076923077,0.4,0.4,172.2414,7.7241,187,84,176,0.4772727272727273,0.6,0.5,221.7784,7.3514,4,0.6666666666666666,0,0.5,4,1,3,0.25,0.75,0
972,474478,2011-09-06,5,England,2,India,82,The Rose Bowl,189,85,177,0.480225988700565,0.75,0.5555555555555556,220.6257,7.3262,231,127,216,0.5879629629629629,0.5,0.7777777777777778,236.8363,6.8584,6,0.6666666666666666,2,0.5,25,7,16,0.30434782608695654,0.6956521739130435,1
973,523732,2011-09-08,46,Zimbabwe,30,Pakistan,69,Queens Sports Club,126,25,121,0.2066115702479339,0.6,0.5,193.122,8.3252,174,92,169,0.5443786982248521,0.6,0.6,228.9368,7.431,13,0.15384615384615385,0,0.5,12,0,11,0.0,1.0,0
974,474479,2011-09-09,5,England,2,India,80,Kennington Oval,190,86,178,0.48314606741573035,1.0,0.6666666666666666,220.4521,7.3032,232,127,217,0.5852534562211982,0.25,0.6666666666666666,236.6167,6.8634,12,0.3333333333333333,2,0.5,26,8,16,0.3333333333333333,0.6666666666666666,1
976,523733,2011-09-11,46,Zimbabwe,30,Pakistan,16,Harare Sports Club,127,25,122,0.20491803278688525,0.4,0.4,193.5161,8.3145,175,93,170,0.5470588235294118,0.6,0.7,229.04,7.4286,30,0.3,0,0.5,13,0,12,0.0,1.0,0
977,523734,2011-09-14,46,Zimbabwe,30,Pakistan,16,Harare Sports Club,128,25,123,0.2032520325203252,0.2,0.4,193.768,8.296,176,94,171,0.5497076023391813,0.6,0.7,229.0341,7.3864,31,0.2903225806451613,1,1.0,14,0,13,0.0,1.0,0
978,474481,2011-09-16,5,England,2,India,101,Sophia Gardens,192,87,179,0.4860335195530726,1.0,0.75,220.7,7.3053,234,127,218,0.5825688073394495,0.0,0.5,236.7948,6.8559,3,1.0,0,0.5,28,9,16,0.36,0.64,1
979,523804,2011-09-19,20,Ireland,14,Canada,157,Clontarf Cricket Club Ground,30,8,27,0.2962962962962963,0.2,0.3,170.4,7.7333,26,8,26,0.3076923076923077,0.2,0.4,179.3077,8.2308,5,0.5,0,0.5,2,1,1,0.5,0.5,1
980,523805,2011-09-20,20,Ireland,14,Canada,157,Clontarf Cricket Club Ground,31,9,28,0.32142857142857145,0.4,0.4,175.4839,7.6774,27,8,27,0.2962962962962963,0.2,0.3,179.8889,8.2963,6,0.6,1,0.0,3,2,1,0.6666666666666666,0.3333333333333333,1
981,531983,2011-10-13,12,Bangladesh,44,West Indies,143,Shere Bangla National Stadium,140,43,139,0.30935251798561153,0.4,0.3,190.3929,7.9857,158,61,147,0.41496598639455784,0.4,0.4,204.5159,7.2293,34,0.38235294117647056,2,0.5,11,3,7,0.3,0.7,0
982,521218,2011-10-14,2,India,5,England,111,"Rajiv Gandhi International Stadium, Uppal",235,127,219,0.5799086757990868,0.0,0.375,237.087,6.8522,193,88,180,0.4888888888888889,1.0,0.75,220.8063,7.288,3,0.0,0,0.5,29,16,10,0.6153846153846154,0.38461538461538464,1
983,531984,2011-10-15,12,Bangladesh,44,West Indies,143,Shere Bangla National Stadium,141,43,140,0.30714285714285716,0.4,0.2,190.8723,7.9787,159,62,148,0.4189189189189189,0.6,0.5,205.1076,7.2089,35,0.37142857142857144,3,0.6666666666666666,12,3,8,0.2727272727272727,0.7272727272727273,0
984,521219,2011-10-17,2,India,5,England,122,Feroz Shah Kotla,236,128,220,0.5818181818181818,0.25,0.375,237.3593,6.8528,194,88,181,0.4861878453038674,0.75,0.75,220.5625,7.3021,4,1.0,1,0.0,30,17,10,0.6296296296296297,0.37037037037037035,1
985,531985,2011-10-18,12,Bangladesh,44,West Indies,186,Zahur Ahmed Chowdhury Stadium,142,43,141,0.3049645390070922,0.4,0.2,191.0775,7.993,160,63,149,0.4228187919463087,0.8,0.6,205.2075,7.1761,3,1.0,0,0.5,13,3,9,0.25,0.75,1
986,514025,2011-10-19,36,South Africa,3,Australia,63,SuperSport Park,157,98,149,0.6577181208053692,0.6,0.7,234.8194,6.2903,230,160,217,0.7373271889400922,0.6,0.6,239.7895,6.2325,14,0.7142857142857143,6,0.6,21,11,10,0.5238095238095238,0.47619047619047616,0
987,521220,2011-10-20,2,India,5,England,137,"Punjab Cricket Association Stadium, Mohali",237,129,221,0.583710407239819,0.5,0.375,237.3621,6.8319,195,88,182,0.4835164835164835,0.5,0.75,220.6477,7.3161,4,0.25,0,0.5,31,18,10,0.6428571428571429,0.35714285714285715,1
988,527014,2011-10-20,46,Zimbabwe,6,New Zealand,16,Harare Sports Club,129,25,124,0.20161290322580644,0.0,0.4,194.1508,8.3016,154,76,144,0.5277777777777778,0.6,0.6,215.7027,7.2365,32,0.28125,2,1.0,3,0,3,0.0,1.0,0
990,527015,2011-10-22,46,Zimbabwe,6,New Zealand,16,Harare Sports Club,130,25,125,0.2,0.0,0.4,194.4409,8.2835,155,77,145,0.5310344827586206,0.6,0.7,215.8121,7.1946,33,0.2727272727272727,3,1.0,4,0,4,0.0,1.0,0
991,514026,2011-10-23,36,South Africa,3,Australia,90,St George's Park,158,98,150,0.6533333333333333,0.6,0.7,234.141,6.3141,231,161,218,0.7385321100917431,0.6,0.7,239.5415,6.2227,11,0.7,2,0.5,22,11,11,0.5,0.5,1
992,521221,2011-10-23,2,India,5,England,2,Wankhede Stadium,238,130,222,0.5855855855855856,0.75,0.375,237.6309,6.824,196,88,183,0.4808743169398907,0.25,0.625,221.0464,7.299,3,1.0,0,0.5,32,19,10,0.6551724137931034,0.3448275862068966,1
994,521222,2011-10-25,2,India,5,England,1,Eden Gardens,239,131,223,0.5874439461883408,0.8,0.5,237.5684,6.812,197,88,184,0.4782608695652174,0.2,0.5,221.041,7.3128,2,1.0,0,0.5,33,20,10,0.6666666666666666,0.3333333333333333,1
995,527016,2011-10-25,46,Zimbabwe,6,New Zealand,69,Queens Sports Club,131,25,126,0.1984126984126984,0.0,0.3,194.9453,8.2812,156,78,146,0.5342465753424658,0.6,0.7,216.1133,7.1867,14,0.14285714285714285,0,0.5,5,0,5,0.0,1.0,1
997,514027,2011-10-28,36,South Africa,3,Australia,62,Kingsmead,159,99,151,0.6556291390728477,0.6,0.7,234.5796,6.3121,232,161,219,0.7351598173515982,0.4,0.7,239.4696,6.2391,11,0.625,2,1.0,23,12,11,0.5217391304347826,0.4782608695652174,0
998,530427,2011-11-11,30,Pakistan,7,Sri Lanka,185,Dubai International Cricket Stadium,177,95,172,0.5523255813953488,0.6,0.7,229.2655,7.3729,198,103,188,0.5478723404255319,0.4,0.4,222.5103,7.2216,3,0.3333333333333333,0,0.5,20,10,9,0.5263157894736842,0.47368421052631576,1
999,530428,2011-11-14,30,Pakistan,7,Sri Lanka,185,Dubai International Cricket Stadium,178,96,173,0.5549132947976878,0.8,0.7,228.7191,7.3427,199,103,189,0.544973544973545,0.4,0.4,222.041,7.2359,4,0.5,1,0.0,21,11,9,0.55,0.45,0
1000,530429,2011-11-18,30,Pakistan,7,Sri Lanka,185,Dubai International Cricket Stadium,179,96,174,0.5517241379310345,0.8,0.7,228.6145,7.3575,200,104,190,0.5473684210526316,0.6,0.4,222.1071,7.2347,5,0.4,2,0.5,22,11,10,0.5238095238095238,0.47619047619047616,1
1001,530430,2011-11-20,30,Pakistan,7,Sri Lanka,190,Sharjah Cricket Stadium,180,97,175,0.5542857142857143,0.8,0.7,228.7722,7.3611,201,104,191,0.5445026178010471,0.4,0.3,222.1777,7.2487,0,0.5,0,0.5,23,12,10,0.5454545454545454,0.45454545454545453,1
1002,530431,2011-11-23,30,Pakistan,7,Sri Lanka,127,Sheikh Zayed Stadium,181,98,176,0.5568181818181818,0.8,0.7,228.6133,7.3757,202,104,192,0.5416666666666666,0.4,0.3,221.9343,7.2626,12,0.5,0,0.5,24,13,10,0.5652173913043478,0.43478260869565216,1
1003,536929,2011-11-29,2,India,44,West Indies,175,Barabati Stadium,240,132,224,0.5892857142857143,1.0,0.625,237.7106,6.817,161,63,150,0.42,0.8,0.6,204.3063,7.1937,2,1.0,0,0.5,21,10,10,0.5,0.5,1
1004,538069,2011-12-01,12,Bangladesh,30,Pakistan,143,Shere Bangla National Stadium,143,44,142,0.30985915492957744,0.6,0.3,190.1748,7.951,182,99,177,0.559322033898305,0.8,0.7,228.5604,7.3736,36,0.3611111111111111,4,0.75,12,0,12,0.0,1.0,0
1005,536930,2011-12-02,2,India,44,West Indies,93,Dr. Y.S. Rajasekhara Reddy ACA-VDCA Cricket Stadium,241,133,225,0.5911111111111111,1.0,0.6666666666666666,237.6059,6.8263,162,63,151,0.41721854304635764,0.6,0.5,204.3478,7.205,2,1.0,0,0.5,22,11,10,0.5238095238095238,0.47619047619047616,1
1006,538070,2011-12-03,12,Bangladesh,30,Pakistan,143,Shere Bangla National Stadium,144,44,143,0.3076923076923077,0.4,0.3,189.4861,7.9653,183,100,178,0.5617977528089888,0.8,0.8,227.8197,7.3607,37,0.35135135135135137,5,0.8,13,0,13,0.0,1.0,0
1007,536931,2011-12-05,2,India,44,West Indies,138,"Sardar Patel Stadium, Motera",242,134,226,0.5929203539823009,1.0,0.7777777777777778,237.7426,6.8186,163,63,152,0.4144736842105263,0.4,0.4,204.7469,7.216,3,0.3333333333333333,3,0.6666666666666666,23,12,10,0.5454545454545454,0.45454545454545453,0
1008,538071,2011-12-06,12,Bangladesh,30,Pakistan,186,Zahur Ahmed Chowdhury Stadium,145,44,144,0.3055555555555556,0.2,0.3,189.4621,7.9586,184,101,179,0.5642458100558659,1.0,0.9,228.0054,7.3587,4,1.0,0,0.5,14,0,14,0.0,1.0,0
1009,536932,2011-12-08,2,India,44,West Indies,191,Holkar Cricket Stadium,243,134,227,0.5903083700440529,0.8,0.7777777777777778,237.7689,6.8319,164,64,153,0.41830065359477125,0.4,0.5,205.0859,7.2025,0,0.5,0,0.5,24,12,11,0.5217391304347826,0.4782608695652174,1
1010,536933,2011-12-11,2,India,44,West Indies,146,"MA Chidambaram Stadium, Chepauk",244,135,228,0.5921052631578947,0.8,0.8,238.523,6.8243,165,64,154,0.4155844155844156,0.2,0.5,205.4512,7.2195,3,0.6666666666666666,3,0.3333333333333333,25,13,11,0.5416666666666666,0.4583333333333333,1
1011,514035,2012-01-11,36,South Africa,7,Sri Lanka,192,Boland Park,160,99,152,0.6513157894736842,0.4,0.6,234.5,6.3101,203,104,193,0.538860103626943,0.2,0.3,221.9146,7.2714,0,0.5,0,0.5,10,4,5,0.4444444444444444,0.5555555555555556,1
1012,514036,2012-01-14,36,South Africa,7,Sri Lanka,91,Buffalo Park,161,100,153,0.6535947712418301,0.4,0.6,234.9182,6.3208,204,104,194,0.5360824742268041,0.2,0.3,221.02,7.285,2,1.0,0,0.5,11,5,5,0.5,0.5,1
1013,514037,2012-01-17,36,South Africa,7,Sri Lanka,193,Chevrolet Park,162,101,154,0.6558441558441559,0.6,0.6,234.9313,6.3125,205,104,195,0.5333333333333333,0.0,0.3,221.0945,7.2786,0,0.5,0,0.5,12,6,5,0.5454545454545454,0.45454545454545453,1
1014,514038,2012-01-20,36,South Africa,7,Sri Lanka,194,De Beers Diamond Oval,163,102,155,0.6580645161290323,0.8,0.7,234.5839,6.3043,206,104,196,0.5306122448979592,0.0,0.2,221.3168,7.2871,0,0.5,0,0.5,13,7,5,0.5833333333333334,0.4166666666666667,0
1015,514039,2012-01-22,36,South Africa,7,Sri Lanka,120,New Wanderers Stadium,164,102,156,0.6538461538461539,0.6,0.6,234.9815,6.3086,207,105,197,0.5329949238578681,0.2,0.3,221.7241,7.2759,5,0.6,2,0.0,14,7,6,0.5384615384615384,0.46153846153846156,0
1016,520592,2012-02-03,6,New Zealand,46,Zimbabwe,182,University Oval,157,78,147,0.5306122448979592,0.6,0.6,216.8543,7.1722,132,26,127,0.2047244094488189,0.2,0.3,195.9845,8.2868,1,1.0,0,0.5,6,5,1,0.8333333333333334,0.16666666666666666,1
1017,518956,2012-02-05,3,Australia,2,India,14,Melbourne Cricket Ground,233,162,220,0.7363636363636363,0.6,0.7,239.4156,6.2424,245,136,229,0.5938864628820961,0.8,0.9,238.6417,6.8208,18,0.6470588235294118,3,0.3333333333333333,36,20,11,0.6451612903225806,0.3548387096774194,1
1018,520593,2012-02-06,6,New Zealand,46,Zimbabwe,195,Cobham Oval (New),158,79,148,0.5337837837837838,0.6,0.7,217.0592,7.1908,133,26,128,0.203125,0.2,0.2,195.6923,8.3,0,0.5,0,0.5,7,6,1,0.8571428571428571,0.14285714285714285,1
1019,518957,2012-02-08,2,India,7,Sri Lanka,115,Western Australia Cricket Association Ground,246,136,230,0.591304347826087,0.6,0.8,238.278,6.834,208,106,198,0.5353535353535354,0.4,0.3,222.1765,7.2794,0,0.5,3,0.0,48,28,16,0.6363636363636364,0.36363636363636365,1
1020,520594,2012-02-09,6,New Zealand,46,Zimbabwe,119,McLean Park,159,80,149,0.5369127516778524,0.8,0.7,218.0719,7.183,134,26,129,0.20155038759689922,0.2,0.1,195.9618,8.2977,8,0.5714285714285714,0,0.5,8,7,1,0.875,0.125,1
1021,518958,2012-02-10,3,Australia,7,Sri Lanka,115,Western Australia Cricket Association Ground,234,163,221,0.7375565610859729,0.6,0.7,239.3147,6.2371,209,106,199,0.5326633165829145,0.4,0.3,222.2293,7.2829,8,0.75,4,0.0,29,19,9,0.6785714285714286,0.32142857142857145,1
1022,518959,2012-02-12,3,Australia,2,India,13,Adelaide Oval,235,164,222,0.7387387387387387,0.8,0.7,239.279,6.2532,247,137,231,0.5930735930735931,0.6,0.8,238.2603,6.8306,12,0.75,2,0.5,37,21,11,0.65625,0.34375,0
1023,531631,2012-02-13,5,England,30,Pakistan,127,Sheikh Zayed Stadium,198,88,185,0.4756756756756757,0.0,0.375,220.8112,7.3265,185,102,180,0.5666666666666667,1.0,0.9,227.7297,7.373,0,0.5,13,0.5384615384615384,17,10,6,0.625,0.375,1
1025,531632,2012-02-15,5,England,30,Pakistan,127,Sheikh Zayed Stadium,199,89,186,0.478494623655914,0.2,0.4444444444444444,221.0102,7.3249,186,102,181,0.56353591160221,0.8,0.8,227.2043,7.3871,1,1.0,14,0.5,18,11,6,0.6470588235294118,0.35294117647058826,1
1026,518961,2012-02-17,3,Australia,7,Sri Lanka,9,Sydney Cricket Ground,236,164,223,0.7354260089686099,0.6,0.6,239.406,6.2607,211,106,200,0.53,0.5,0.2222222222222222,222.314,7.3043,24,0.6818181818181818,6,0.6666666666666666,30,20,9,0.6896551724137931,0.3103448275862069,0
1027,531633,2012-02-18,5,England,30,Pakistan,185,Dubai International Cricket Stadium,200,90,187,0.48128342245989303,0.4,0.4444444444444444,221.1566,7.3081,187,102,182,0.5604395604395604,0.6,0.7,227.2193,7.4011,0,0.5,6,0.5,19,12,6,0.6666666666666666,0.3333333333333333,1
1028,543881,2012-02-18,22,Kenya,20,Ireland,196,Mombasa Sports Club Ground,36,10,34,0.29411764705882354,0.0,0.0,173.4286,8.4286,32,10,29,0.3448275862068966,0.6,0.4,177.7812,7.6562,0,0.5,0,0.5,1,0,0,0.5,0.5,1
1029,518962,2012-02-19,3,Australia,2,India,87,"Brisbane Cricket Ground, Woolloongabba",237,164,224,0.7321428571428571,0.6,0.5,239.0596,6.2766,249,138,232,0.5948275862068966,0.75,0.7777777777777778,238.3811,6.8361,11,0.75,3,1.0,38,21,12,0.6363636363636364,0.36363636363636365,1
1030,543882,2012-02-20,22,Kenya,20,Ireland,196,Mombasa Sports Club Ground,37,11,35,0.3142857142857143,0.2,0.1,174.1944,8.2778,33,10,30,0.3333333333333333,0.6,0.4,178.4545,7.7273,1,1.0,1,0.0,2,1,0,1.0,0.0,0
1031,518963,2012-02-21,2,India,7,Sri Lanka,87,"Brisbane Cricket Ground, Woolloongabba",250,138,233,0.592274678111588,0.5,0.6666666666666666,238.1347,6.849,212,107,201,0.5323383084577115,0.5,0.3333333333333333,221.976,7.2788,4,0.5,4,0.3333333333333333,50,29,16,0.6444444444444445,0.35555555555555557,0
1032,531634,2012-02-21,5,England,30,Pakistan,185,Dubai International Cricket Stadium,201,91,188,0.48404255319148937,0.6,0.4444444444444444,221.1809,7.2764,188,102,183,0.5573770491803278,0.4,0.6,227.1915,7.4149,1,1.0,7,0.42857142857142855,20,13,6,0.6842105263157895,0.3157894736842105,1
1033,518964,2012-02-24,3,Australia,7,Sri Lanka,59,Bellerive Oval,238,165,225,0.7333333333333333,0.6,0.6,239.2669,6.2712,213,108,202,0.5346534653465347,0.5,0.4444444444444444,222.2967,7.2727,5,1.0,2,0.5,31,20,10,0.6666666666666666,0.3333333333333333,0
1034,520600,2012-02-25,6,New Zealand,36,South Africa,114,Westpac Stadium,160,81,150,0.54,0.8,0.7,219.0779,7.1883,165,102,157,0.6496815286624203,0.6,0.5,235.454,6.2945,8,1.0,0,0.5,13,6,6,0.5,0.5,0
1035,518965,2012-02-26,3,Australia,2,India,9,Sydney Cricket Ground,239,165,226,0.7300884955752213,0.4,0.5,239.4388,6.27,251,138,234,0.5897435897435898,0.5,0.5555555555555556,238.1341,6.8618,25,0.6521739130434783,4,0.25,39,22,12,0.6470588235294118,0.35294117647058826,1
1036,518966,2012-02-28,2,India,7,Sri Lanka,59,Bellerive Oval,252,138,235,0.5872340425531914,0.25,0.4444444444444444,237.8381,6.8745,214,109,203,0.5369458128078818,0.75,0.5555555555555556,222.5857,7.2714,2,1.0,3,0.6666666666666666,51,29,17,0.6304347826086957,0.3695652173913043,1
1037,520601,2012-02-29,6,New Zealand,36,South Africa,119,McLean Park,161,81,151,0.5364238410596026,0.6,0.6,219.2968,7.2,166,103,158,0.6518987341772152,0.6,0.5,235.5671,6.2805,9,0.625,0,0.5,14,6,7,0.46153846153846156,0.5384615384615384,0
1038,518967,2012-03-02,3,Australia,7,Sri Lanka,14,Melbourne Cricket Ground,240,166,227,0.7312775330396476,0.4,0.6,239.4916,6.2815,215,109,204,0.5343137254901961,0.75,0.5555555555555556,223.0474,7.2559,19,0.6666666666666666,4,0.5,32,20,11,0.6451612903225806,0.3548387096774194,0
1039,520602,2012-03-03,6,New Zealand,36,South Africa,58,Eden Park,162,81,152,0.5328947368421053,0.6,0.6,219.3654,7.2179,167,104,159,0.6540880503144654,0.6,0.6,235.5394,6.2667,12,0.4166666666666667,0,0.5,15,6,8,0.42857142857142855,0.5714285714285714,0
1040,518968,2012-03-04,3,Australia,7,Sri Lanka,87,"Brisbane Cricket Ground, Woolloongabba",241,166,228,0.7280701754385965,0.4,0.5,239.4477,6.2971,216,110,205,0.5365853658536586,0.8,0.6666666666666666,223.1179,7.2689,12,0.7777777777777778,5,0.5,33,20,12,0.625,0.375,1
1041,518969,2012-03-06,3,Australia,7,Sri Lanka,13,Adelaide Oval,242,167,229,0.7292576419213974,0.6,0.6,239.7875,6.2958,217,110,206,0.5339805825242718,0.6,0.5555555555555556,223.507,7.2817,13,0.6923076923076923,6,0.2,34,21,12,0.6363636363636364,0.36363636363636365,0
1042,518970,2012-03-08,3,Australia,7,Sri Lanka,13,Adelaide Oval,243,167,230,0.7260869565217392,0.4,0.5,239.917,6.2946,218,111,207,0.5362318840579711,0.6,0.5555555555555556,223.743,7.257,14,0.6428571428571429,7,0.3333333333333333,35,21,13,0.6176470588235294,0.38235294117647056,1
1043,535794,2012-03-11,12,Bangladesh,30,Pakistan,143,Shere Bangla National Stadium,146,44,145,0.30344827586206896,0.2,0.3,188.9795,7.9726,189,102,184,0.5543478260869565,0.2,0.6,227.2434,7.4286,38,0.34210526315789475,6,0.8333333333333334,15,0,15,0.0,1.0,0
1044,535795,2012-03-13,2,India,7,Sri Lanka,143,Shere Bangla National Stadium,253,139,236,0.5889830508474576,0.25,0.5555555555555556,238.1734,6.8589,219,111,208,0.5336538461538461,0.4,0.5555555555555556,223.7023,7.2698,11,0.7272727272727273,6,0.6666666666666666,52,30,17,0.6382978723404256,0.3617021276595745,1
1045,535796,2012-03-15,30,Pakistan,7,Sri Lanka,143,Shere Bangla National Stadium,190,103,185,0.5567567567567567,0.2,0.6,227.4263,7.4316,220,111,209,0.5311004784688995,0.4,0.5555555555555556,223.8426,7.2824,7,0.8571428571428571,7,0.5714285714285714,25,14,10,0.5833333333333334,0.4166666666666667,1
1046,535797,2012-03-16,12,Bangladesh,2,India,143,Shere Bangla National Stadium,147,44,146,0.3013698630136986,0.2,0.3,189.3333,7.9864,254,140,237,0.5907172995780591,0.4,0.5555555555555556,238.4378,6.8434,39,0.3333333333333333,12,0.75,11,1,10,0.09090909090909091,0.9090909090909091,1
1047,540168,2012-03-16,44,West Indies,3,Australia,99,"Arnos Vale Ground, Kingstown",166,64,155,0.4129032258064516,0.2,0.5,205.6182,7.2364,244,168,231,0.7272727272727273,0.6,0.5,239.8802,6.3099,5,0.6,1,1.0,21,4,15,0.21052631578947367,0.7894736842105263,0
1048,535798,2012-03-18,2,India,30,Pakistan,143,Shere Bangla National Stadium,255,140,238,0.5882352941176471,0.4,0.4444444444444444,238.64,6.836,191,104,186,0.5591397849462365,0.4,0.6,227.2251,7.4136,13,0.6923076923076923,8,0.875,30,16,14,0.5333333333333333,0.4666666666666667,1
1049,540169,2012-03-18,44,West Indies,3,Australia,99,"Arnos Vale Ground, Kingstown",167,64,156,0.41025641025641024,0.2,0.4,205.2229,7.253,245,169,232,0.728448275862069,0.6,0.5,239.7325,6.3169,6,0.5,2,1.0,22,4,16,0.2,0.8,1
1050,535799,2012-03-20,12,Bangladesh,7,Sri Lanka,143,Shere Bangla National Stadium,148,45,147,0.30612244897959184,0.2,0.4,190.0338,7.9662,221,111,210,0.5285714285714286,0.2,0.5,223.6774,7.2949,40,0.35,8,0.5,16,2,14,0.125,0.875,1
1052,535800,2012-03-22,12,Bangladesh,30,Pakistan,143,Shere Bangla National Stadium,149,46,148,0.3108108108108108,0.4,0.4,190.1812,7.9463,192,104,187,0.5561497326203209,0.4,0.5,227.7552,7.4062,41,0.36585365853658536,9,0.7777777777777778,16,0,16,0.0,1.0,0
1053,540171,2012-03-23,44,West Indies,3,Australia,130,"Beausejour Stadium, Gros Islet",169,65,157,0.4140127388535032,0.25,0.3333333333333333,205.0595,7.256,247,169,233,0.7253218884120172,0.5,0.5555555555555556,239.302,6.3429,7,0.2,1,1.0,24,5,16,0.23809523809523808,0.7619047619047619,1
1054,540172,2012-03-25,44,West Indies,3,Australia,130,"Beausejour Stadium, Gros Islet",170,66,158,0.4177215189873418,0.5,0.3333333333333333,205.5858,7.2544,248,169,234,0.7222222222222222,0.5,0.4444444444444444,239.3537,6.3577,8,0.3333333333333333,2,0.5,25,6,16,0.2727272727272727,0.7272727272727273,0
1055,562439,2012-06-07,7,Sri Lanka,30,Pakistan,188,Pallekele International Cricket Stadium,222,111,211,0.5260663507109005,0.2,0.4,223.7156,7.3073,193,105,188,0.5585106382978723,0.6,0.5,227.7979,7.4145,2,0.5,2,0.5,26,10,15,0.4,0.6,0
1056,562440,2012-06-09,7,Sri Lanka,30,Pakistan,188,Pallekele International Cricket Stadium,223,111,212,0.5235849056603774,0.0,0.3,223.3105,7.3105,194,106,189,0.5608465608465608,0.8,0.5,227.3196,7.3969,3,0.3333333333333333,3,0.6666666666666666,27,10,16,0.38461538461538464,0.6153846153846154,1
1058,534209,2012-06-16,5,England,44,West Indies,82,The Rose Bowl,202,92,189,0.48677248677248675,0.8,0.5,221.28,7.27,171,66,159,0.41509433962264153,0.5,0.3333333333333333,205.8529,7.2706,7,0.7142857142857143,2,1.0,19,10,8,0.5555555555555556,0.4444444444444444,1
1059,562442,2012-06-16,7,Sri Lanka,30,Pakistan,121,R Premadasa Stadium,225,112,213,0.5258215962441315,0.25,0.3333333333333333,223.5682,7.2955,196,106,190,0.5578947368421052,0.5,0.4444444444444444,226.102,7.3827,26,0.4782608695652174,8,1.0,29,11,16,0.4074074074074074,0.5925925925925926,1
1060,562443,2012-06-18,7,Sri Lanka,30,Pakistan,121,R Premadasa Stadium,226,113,214,0.5280373831775701,0.5,0.3333333333333333,223.6561,7.2986,197,106,191,0.5549738219895288,0.5,0.4444444444444444,225.9645,7.3959,27,0.5,9,0.8571428571428571,30,12,16,0.42857142857142855,0.5714285714285714,1
1061,534210,2012-06-19,5,England,44,West Indies,80,Kennington Oval,203,93,190,0.48947368421052634,1.0,0.5,221.6119,7.2637,172,66,160,0.4125,0.5,0.3333333333333333,205.655,7.2865,13,0.38461538461538464,2,1.0,20,11,8,0.5789473684210527,0.42105263157894735,1
1063,534215,2012-06-29,5,England,3,Australia,77,Lord's,204,94,191,0.49214659685863876,1.0,0.6,221.698,7.2376,250,170,235,0.723404255319149,0.3333333333333333,0.5,239.5223,6.3684,15,0.23076923076923078,5,1.0,38,9,27,0.25,0.75,1
1064,534216,2012-07-01,5,England,3,Australia,80,Kennington Oval,205,95,192,0.4947916666666667,1.0,0.7,221.9458,7.2266,251,170,236,0.7203389830508474,0.3333333333333333,0.5,239.5927,6.379,14,0.42857142857142855,4,1.0,39,10,27,0.2702702702702703,0.7297297297297297,1
1068,560923,2012-07-05,44,West Indies,6,New Zealand,97,"Sabina Park, Kingston",173,66,161,0.40993788819875776,0.25,0.3333333333333333,205.843,7.2965,163,81,153,0.5294117647058824,0.4,0.5,219.2803,7.2357,8,0.75,1,0.0,10,1,8,0.1111111111111111,0.8888888888888888,1
1069,534218,2012-07-07,5,England,3,Australia,75,Riverside Ground,206,96,193,0.49740932642487046,1.0,0.8,222.0931,7.2108,252,170,237,0.7172995780590717,0.25,0.375,239.6386,6.3815,7,0.5,2,0.5,40,11,27,0.2894736842105263,0.7105263157894737,1
1070,560924,2012-07-07,44,West Indies,6,New Zealand,97,"Sabina Park, Kingston",174,67,162,0.41358024691358025,0.4,0.3333333333333333,205.4393,7.2601,164,81,154,0.525974025974026,0.2,0.5,219.0949,7.2468,9,0.7777777777777778,2,0.0,11,2,8,0.2,0.8,1
1071,534219,2012-07-10,5,England,3,Australia,102,Old Trafford,207,97,194,0.5,1.0,0.9,221.9902,7.1854,253,170,238,0.7142857142857143,0.25,0.375,239.48,6.392,4,0.75,2,0.5,41,12,27,0.3076923076923077,0.6923076923076923,1
1073,560925,2012-07-11,44,West Indies,6,New Zealand,131,"Warner Park, Basseterre",175,68,163,0.4171779141104294,0.4,0.4444444444444444,206.069,7.2471,165,81,155,0.5225806451612903,0.0,0.4,219.3522,7.2642,4,0.25,0,0.5,12,3,8,0.2727272727272727,0.7272727272727273,0
1074,560926,2012-07-14,44,West Indies,6,New Zealand,131,"Warner Park, Basseterre",176,68,164,0.4146341463414634,0.4,0.4444444444444444,205.8114,7.2629,166,82,156,0.5256410256410257,0.2,0.4,219.5375,7.275,5,0.2,1,1.0,13,3,9,0.25,0.75,1
1075,560927,2012-07-16,44,West Indies,6,New Zealand,131,"Warner Park, Basseterre",177,69,165,0.41818181818181815,0.6,0.5555555555555556,206.142,7.2784,167,82,157,0.5222929936305732,0.2,0.4,219.6646,7.2919,6,0.3333333333333333,2,0.5,14,4,9,0.3076923076923077,0.6923076923076923,1
1076,564781,2012-07-21,7,Sri Lanka,2,India,187,"Mahinda Rajapaksa International Cricket Stadium, Sooriyawewa",227,114,215,0.5302325581395348,0.75,0.4444444444444444,223.7658,7.3018,256,141,239,0.5899581589958159,0.6,0.5555555555555556,239.004,6.8247,3,0.6666666666666666,0,0.5,53,17,31,0.3541666666666667,0.6458333333333334,0
1077,564782,2012-07-24,7,Sri Lanka,2,India,187,"Mahinda Rajapaksa International Cricket Stadium, Sooriyawewa",228,114,216,0.5277777777777778,0.75,0.3333333333333333,224.0762,7.3094,257,142,240,0.5916666666666667,0.8,0.5555555555555556,239.3016,6.8214,4,0.5,1,1.0,54,17,32,0.3469387755102041,0.6530612244897959,1
1078,564783,2012-07-28,7,Sri Lanka,2,India,121,R Premadasa Stadium,229,115,217,0.5299539170506913,0.75,0.4444444444444444,223.6964,7.2812,258,142,241,0.5892116182572614,0.6,0.4444444444444444,238.9012,6.834,28,0.52,10,0.7,55,18,32,0.36,0.64,0
1079,564784,2012-07-31,7,Sri Lanka,2,India,121,R Premadasa Stadium,230,115,218,0.5275229357798165,0.6,0.4444444444444444,223.9733,7.2711,259,143,242,0.5909090909090909,0.6,0.5,239.0945,6.8268,29,0.5,11,0.7272727272727273,56,18,33,0.35294117647058826,0.6470588235294118,0
1080,564785,2012-08-04,7,Sri Lanka,2,India,188,Pallekele International Cricket Stadium,231,115,219,0.5251141552511416,0.4,0.4444444444444444,224.0929,7.2743,260,144,243,0.5925925925925926,0.8,0.6,239.1569,6.8157,4,0.5,0,0.5,57,18,34,0.34615384615384615,0.6538461538461539,0
1082,534229,2012-08-28,5,England,36,South Africa,82,The Rose Bowl,209,98,195,0.5025641025641026,1.0,1.0,220.6908,7.1304,169,105,160,0.65625,0.75,0.6666666666666666,235.3735,6.259,8,0.75,0,0.5,22,11,7,0.6111111111111112,0.3888888888888889,0
1083,571145,2012-08-28,3,Australia,30,Pakistan,190,Sharjah Cricket Stadium,254,170,239,0.7112970711297071,0.0,0.25,239.1036,6.3944,198,106,192,0.5520833333333334,0.25,0.4444444444444444,226.0707,7.3939,0,0.5,1,1.0,17,13,4,0.7647058823529411,0.23529411764705882,1
1084,534230,2012-08-31,5,England,36,South Africa,80,Kennington Oval,210,98,196,0.5,0.75,0.8888888888888888,220.625,7.1442,170,106,161,0.6583850931677019,1.0,0.7777777777777778,235.6826,6.2515,15,0.4666666666666667,2,0.0,23,11,8,0.5789473684210527,0.42105263157894735,1
1085,571146,2012-08-31,3,Australia,30,Pakistan,127,Sheikh Zayed Stadium,255,171,240,0.7125,0.2,0.25,238.9444,6.3929,199,106,193,0.5492227979274611,0.0,0.4444444444444444,225.9296,7.407,3,0.6666666666666666,15,0.4666666666666667,18,14,4,0.7777777777777778,0.2222222222222222,0
1086,534231,2012-09-02,5,England,36,South Africa,77,Lord's,211,99,197,0.5025380710659898,0.75,0.8888888888888888,220.5837,7.1388,171,106,162,0.654320987654321,0.75,0.6666666666666666,235.5357,6.2738,16,0.2857142857142857,1,0.0,24,12,8,0.6,0.4,1
1087,571147,2012-09-03,3,Australia,30,Pakistan,190,Sharjah Cricket Stadium,256,171,241,0.7095435684647303,0.2,0.25,238.9802,6.4032,200,107,194,0.5515463917525774,0.25,0.4444444444444444,226.045,7.385,1,1.0,2,0.5,19,14,5,0.7368421052631579,0.2631578947368421,1
1088,534232,2012-09-05,5,England,36,South Africa,74,Trent Bridge,212,100,198,0.5050505050505051,0.75,0.8888888888888888,220.6,7.1238,172,106,163,0.6503067484662577,0.5,0.5555555555555556,235.4438,6.284,9,0.5555555555555556,1,0.0,25,13,8,0.6190476190476191,0.38095238095238093,0
1089,582188,2012-11-04,7,Sri Lanka,6,New Zealand,188,Pallekele International Cricket Stadium,232,115,220,0.5227272727272727,0.2,0.4444444444444444,224.3128,7.2863,168,82,158,0.5189873417721519,0.2,0.3,219.6728,7.3086,5,0.4,1,1.0,17,10,6,0.625,0.375,1
1090,582189,2012-11-06,7,Sri Lanka,6,New Zealand,188,Pallekele International Cricket Stadium,233,116,221,0.5248868778280543,0.4,0.5555555555555556,223.8465,7.2675,169,82,159,0.5157232704402516,0.2,0.2,219.8589,7.3006,6,0.5,2,0.5,18,11,6,0.6470588235294118,0.35294117647058826,1
1091,582190,2012-11-10,7,Sri Lanka,6,New Zealand,187,"Mahinda Rajapaksa International Cricket Stadium, Sooriyawewa",234,117,222,0.527027027027027,0.4,0.5555555555555556,223.7424,7.2489,170,82,160,0.5125,0.2,0.1,219.6646,7.2927,5,0.6,0,0.5,19,12,6,0.6666666666666666,0.3333333333333333,1
1093,587471,2012-11-30,12,Bangladesh,44,West Indies,198,Sheikh Abu Naser Stadium,150,46,149,0.3087248322147651,0.4,0.3,190.4733,7.9467,178,70,166,0.42168674698795183,0.8,0.5555555555555556,206.339,7.2881,0,0.5,0,0.5,14,4,9,0.3076923076923077,0.6923076923076923,1
1094,587472,2012-12-02,12,Bangladesh,44,West Indies,198,Sheikh Abu Naser Stadium,151,47,150,0.31333333333333335,0.6,0.4,190.543,7.9139,179,70,167,0.41916167664670656,0.6,0.5,206.2978,7.3034,1,1.0,1,0.0,15,5,9,0.35714285714285715,0.6428571428571429,1
1095,587473,2012-12-05,12,Bangladesh,44,West Indies,143,Shere Bangla National Stadium,152,48,151,0.31788079470198677,0.8,0.5,191.2105,7.9013,180,70,168,0.4166666666666667,0.4,0.4,205.8827,7.3184,42,0.35714285714285715,4,0.75,16,6,9,0.4,0.6,0
1096,587474,2012-12-07,12,Bangladesh,44,West Indies,143,Shere Bangla National Stadium,153,48,152,0.3157894736842105,0.6,0.4,191.4444,7.915,181,71,169,0.42011834319526625,0.6,0.5,206.0056,7.3111,43,0.3488372093023256,5,0.8,17,6,10,0.375,0.625,0
1097,587475,2012-12-08,12,Bangladesh,44,West Indies,143,Shere Bangla National Stadium,154,48,153,0.3137254901960784,0.4,0.4,191.0844,7.9286,182,72,170,0.4235294117647059,0.6,0.6,206.0331,7.3204,44,0.3409090909090909,6,0.8333333333333334,18,6,11,0.35294117647058826,0.6470588235294118,1
1101,589308,2012-12-30,2,India,30,Pakistan,146,"MA Chidambaram Stadium, Chepauk",261,145,244,0.5942622950819673,0.8,0.7,239.3711,6.8164,201,107,195,0.5487179487179488,0.2,0.3333333333333333,226.1343,7.3831,4,0.75,0,0.5,31,17,14,0.5483870967741935,0.45161290322580644,0
1102,589309,2013-01-03,2,India,30,Pakistan,1,Eden Gardens,262,145,245,0.5918367346938775,0.6,0.7,239.323,6.8132,202,108,196,0.5510204081632653,0.4,0.4444444444444444,226.1436,7.3663,3,1.0,0,0.5,32,17,15,0.53125,0.46875,0
1103,589310,2013-01-06,2,India,30,Pakistan,122,Feroz Shah Kotla,263,145,246,0.5894308943089431,0.6,0.6,239.0349,6.8256,203,109,197,0.5532994923857868,0.6,0.4444444444444444,226.2611,7.3793,5,1.0,0,0.5,33,17,16,0.5151515151515151,0.48484848484848486,1
1104,565812,2013-01-11,2,India,5,England,199,Saurashtra Cricket Association Stadium,264,146,247,0.5910931174089069,0.6,0.6,238.7568,6.8378,213,100,199,0.5025125628140703,0.5,0.7777777777777778,220.4171,7.1374,0,0.5,0,0.5,34,21,10,0.6774193548387096,0.3225806451612903,0
1105,573014,2013-01-11,3,Australia,7,Sri Lanka,14,Melbourne Cricket Ground,257,172,242,0.7107438016528925,0.4,0.3333333333333333,239.0236,6.4055,236,118,223,0.5291479820627802,0.75,0.5555555555555556,222.9048,7.2338,20,0.631578947368421,5,0.6,36,22,13,0.6285714285714286,0.37142857142857144,1
1106,573015,2013-01-13,3,Australia,7,Sri Lanka,13,Adelaide Oval,258,173,243,0.7119341563786008,0.6,0.4444444444444444,239.2824,6.4,237,118,224,0.5267857142857143,0.75,0.4444444444444444,222.7974,7.2457,15,0.6666666666666666,8,0.2857142857142857,37,23,13,0.6388888888888888,0.3611111111111111,0
1107,565813,2013-01-15,2,India,5,England,108,Nehru Stadium,265,146,248,0.5887096774193549,0.4,0.6,239.0538,6.8462,214,101,200,0.505,0.6,0.7777777777777778,220.9104,7.1226,5,0.6,0,0.5,35,21,11,0.65625,0.34375,1
1108,573016,2013-01-18,3,Australia,7,Sri Lanka,87,"Brisbane Cricket Ground, Woolloongabba",259,173,244,0.7090163934426229,0.6,0.3333333333333333,239.0117,6.4141,238,119,225,0.5288888888888889,0.75,0.5555555555555556,222.5794,7.2232,13,0.8,6,0.4,38,23,14,0.6216216216216216,0.3783783783783784,0
1109,565814,2013-01-19,2,India,5,England,200,JSCA International Stadium Complex,266,147,249,0.5903614457831325,0.4,0.6,239.2299,6.8429,215,101,201,0.5024875621890548,0.6,0.6666666666666666,220.615,7.1362,0,0.5,0,0.5,36,22,11,0.6666666666666666,0.3333333333333333,1
1110,567358,2013-01-19,36,South Africa,6,New Zealand,192,Boland Park,173,107,164,0.6524390243902439,0.5,0.5555555555555556,235.1529,6.2647,172,82,161,0.5093167701863354,0.0,0.1111111111111111,219.1273,7.297,1,1.0,0,0.5,16,9,6,0.6,0.4,0
1112,567359,2013-01-22,36,South Africa,6,New Zealand,194,De Beers Diamond Oval,174,107,165,0.6484848484848484,0.4,0.5555555555555556,234.9942,6.2865,173,83,162,0.5123456790123457,0.25,0.2222222222222222,219.0663,7.3072,1,0.0,0,0.5,17,9,7,0.5625,0.4375,0
1113,565815,2013-01-23,2,India,5,England,137,"Punjab Cricket Association Stadium, Mohali",267,148,250,0.592,0.6,0.6,238.916,6.8282,216,101,202,0.5,0.4,0.5555555555555556,220.3084,7.1495,5,0.4,1,0.0,37,23,11,0.6764705882352942,0.3235294117647059,1
1114,573018,2013-01-23,3,Australia,7,Sri Lanka,59,Bellerive Oval,261,173,245,0.7061224489795919,0.5,0.3333333333333333,238.3062,6.438,240,120,226,0.5309734513274337,0.6666666666666666,0.625,221.0638,7.1872,6,0.8333333333333334,4,0.5,40,23,15,0.6052631578947368,0.39473684210526316,1
1115,567360,2013-01-25,36,South Africa,6,New Zealand,174,Senwes Park,175,107,166,0.6445783132530121,0.2,0.5555555555555556,235.093,6.3081,174,84,163,0.5153374233128835,0.5,0.3333333333333333,219.4251,7.3114,2,1.0,0,0.5,18,9,8,0.5294117647058824,0.47058823529411764,1
1116,565816,2013-01-27,2,India,5,England,201,Himachal Pradesh Cricket Association Stadium,268,149,251,0.5936254980079682,0.8,0.7,238.9886,6.8213,217,101,203,0.4975369458128079,0.2,0.4444444444444444,220.4791,7.1488,0,0.5,0,0.5,38,24,11,0.6857142857142857,0.3142857142857143,0
1118,573022,2013-02-01,3,Australia,44,West Indies,115,Western Australia Cricket Association Ground,262,174,246,0.7073170731707317,0.5,0.4444444444444444,238.3398,6.4324,183,72,171,0.42105263157894735,0.4,0.6,206.0934,7.3352,9,0.7777777777777778,0,0.5,26,17,6,0.7391304347826086,0.2608695652173913,1
1120,573023,2013-02-03,3,Australia,44,West Indies,115,Western Australia Cricket Association Ground,263,175,247,0.708502024291498,0.5,0.5555555555555556,237.6962,6.4115,184,72,172,0.4186046511627907,0.4,0.5,205.3497,7.3497,10,0.8,1,0.0,27,18,6,0.75,0.25,1
1123,573024,2013-02-06,3,Australia,44,West Indies,202,Manuka Oval,264,176,248,0.7096774193548387,0.75,0.6666666666666666,237.8046,6.4138,185,72,173,0.4161849710982659,0.4,0.4,205.3859,7.3641,0,0.5,0,0.5,28,19,6,0.76,0.24,1
1124,573025,2013-02-08,3,Australia,44,West Indies,9,Sydney Cricket Ground,265,177,249,0.7108433734939759,1.0,0.6666666666666666,238.1527,6.416,186,72,174,0.41379310344827586,0.2,0.4,205.8432,7.3784,27,0.6666666666666666,1,0.5,29,20,6,0.7692307692307693,0.23076923076923078,1
1126,573026,2013-02-10,3,Australia,44,West Indies,14,Melbourne Cricket Ground,266,178,250,0.712,1.0,0.7777777777777778,238.0875,6.4106,187,72,175,0.4114285714285714,0.0,0.3,205.9194,7.3925,21,0.65,2,0.0,30,21,6,0.7777777777777778,0.2222222222222222,1
1131,569240,2013-02-17,6,New Zealand,5,England,151,Seddon Park,175,84,164,0.5121951219512195,0.5,0.3333333333333333,219.6667,7.3214,218,102,204,0.5,0.4,0.4444444444444444,220.5093,7.1296,5,0.4,1,0.0,17,11,4,0.7333333333333333,0.26666666666666666,1
1133,569241,2013-02-20,6,New Zealand,5,England,119,McLean Park,176,85,165,0.5151515151515151,0.75,0.3333333333333333,219.8994,7.3195,219,102,205,0.4975609756097561,0.2,0.4,220.682,7.1429,10,0.5555555555555556,1,0.5,18,12,4,0.75,0.25,0
1134,593983,2013-02-22,44,West Indies,46,Zimbabwe,154,"National Cricket Stadium, St George's",188,72,176,0.4090909090909091,0.0,0.2,206.1925,7.4064,135,26,130,0.2,0.2,0.1,195.7727,8.3106,3,0.0,0,0.5,19,14,4,0.7777777777777778,0.2222222222222222,1
1136,569242,2013-02-23,6,New Zealand,5,England,58,Eden Park,177,85,166,0.5120481927710844,0.6,0.3333333333333333,220.1882,7.3353,220,103,206,0.5,0.4,0.5,220.9083,7.1193,13,0.38461538461538464,1,1.0,19,12,5,0.7058823529411765,0.29411764705882354,0
1138,593985,2013-02-26,44,West Indies,46,Zimbabwe,154,"National Cricket Stadium, St George's",189,73,177,0.4124293785310734,0.2,0.3,206.8883,7.3883,136,26,131,0.1984732824427481,0.2,0.1,195.6617,8.3158,4,0.25,1,0.0,20,15,4,0.7894736842105263,0.21052631578947367,1
1140,567368,2013-03-10,36,South Africa,30,Pakistan,193,Chevrolet Park,176,108,167,0.6467065868263473,0.4,0.5555555555555556,235.2601,6.3237,204,109,198,0.5505050505050505,0.6,0.3333333333333333,225.9216,7.3922,1,1.0,0,0.5,21,13,7,0.65,0.35,1
1141,592266,2013-03-11,14,Canada,22,Kenya,203,ICC Global Cricket Academy,28,8,28,0.2857142857142857,0.2,0.2,180.3571,8.3571,38,11,36,0.3055555555555556,0.2,0.1,172.7297,8.3243,0,0.5,0,0.5,6,2,4,0.3333333333333333,0.6666666666666666,0
1142,567369,2013-03-15,36,South Africa,30,Pakistan,63,SuperSport Park,177,109,168,0.6488095238095238,0.6,0.5555555555555556,235.7184,6.3103,205,109,199,0.5477386934673367,0.4,0.3333333333333333,225.7463,7.4049,15,0.6666666666666666,3,0.3333333333333333,22,14,7,0.6666666666666666,0.3333333333333333,0
1143,567370,2013-03-17,36,South Africa,30,Pakistan,120,New Wanderers Stadium,178,109,169,0.6449704142011834,0.4,0.4444444444444444,235.4629,6.3314,206,110,200,0.55,0.6,0.4,225.5825,7.3883,6,0.5,3,0.3333333333333333,23,14,8,0.6363636363636364,0.36363636363636365,1
1144,567371,2013-03-21,36,South Africa,30,Pakistan,62,Kingsmead,179,110,170,0.6470588235294118,0.6,0.5,236.0739,6.3239,207,110,201,0.5472636815920398,0.4,0.4,225.9855,7.401,12,0.5555555555555556,1,1.0,24,15,8,0.6521739130434783,0.34782608695652173,0
1145,602474,2013-03-23,7,Sri Lanka,12,Bangladesh,187,"Mahinda Rajapaksa International Cricket Stadium, Sooriyawewa",241,120,227,0.5286343612334802,0.5,0.625,221.0381,7.1992,155,49,154,0.3181818181818182,0.6,0.5,191.2774,7.929,7,0.6666666666666666,0,0.5,17,14,3,0.8235294117647058,0.17647058823529413,1
1146,567372,2013-03-24,36,South Africa,30,Pakistan,141,Willowmoore Park,180,110,171,0.6432748538011696,0.6,0.4,236.0621,6.339,208,111,202,0.5495049504950495,0.4,0.5,226.0337,7.399,2,1.0,0,0.5,25,15,9,0.625,0.375,1
1148,602476,2013-03-28,7,Sri Lanka,12,Bangladesh,188,Pallekele International Cricket Stadium,243,121,228,0.5307017543859649,0.6666666666666666,0.7142857142857143,220.3193,7.1471,157,49,155,0.3161290322580645,0.25,0.5555555555555556,191.7115,7.9295,7,0.5714285714285714,0,0.5,19,15,3,0.8333333333333334,0.16666666666666666,0
1149,623573,2013-05-03,46,Zimbabwe,12,Bangladesh,69,Queens Sports Club,137,26,132,0.19696969696969696,0.0,0.1,195.7761,8.3209,158,50,156,0.32051282051282054,0.5,0.5555555555555556,191.6624,7.9236,15,0.2,7,0.8571428571428571,30,9,21,0.3,0.7,0
1150,623574,2013-05-05,46,Zimbabwe,12,Bangladesh,69,Queens Sports Club,138,26,133,0.19548872180451127,0.0,0.1,195.4222,8.3333,159,51,157,0.3248407643312102,0.75,0.5555555555555556,192.1519,7.9241,16,0.1875,8,0.875,31,9,22,0.2903225806451613,0.7096774193548387,1
1151,623575,2013-05-08,46,Zimbabwe,12,Bangladesh,69,Queens Sports Club,139,27,134,0.20149253731343283,0.2,0.2,195.8456,8.3015,160,51,158,0.3227848101265823,0.5,0.5555555555555556,192.5283,7.9308,17,0.23529411764705882,9,0.7777777777777778,32,10,22,0.3125,0.6875,1
1152,601077,2013-05-17,34,Scotland,30,Pakistan,204,"Grange Cricket Club Ground, Raeburn Place",12,3,10,0.3,0.25,0.25,148.5,7.0833,209,111,203,0.5467980295566502,0.4,0.5,225.933,7.4115,0,0.5,0,0.5,0,0,0,0.5,0.5,0
1154,601613,2013-05-26,20,Ireland,30,Pakistan,157,Clontarf Cricket Club Ground,36,11,31,0.3548387096774194,0.6666666666666666,0.5,178.8056,7.5556,211,112,204,0.5490196078431373,0.5,0.5555555555555556,226.1469,7.3981,8,0.6666666666666666,1,0.5,2,1,0,1.0,0.0,0
1155,566923,2013-05-31,5,England,6,New Zealand,77,Lord's,221,104,207,0.5024154589371981,0.6,0.5,220.7489,7.1096,178,85,167,0.5089820359281437,0.4,0.3333333333333333,219.9825,7.3509,17,0.3333333333333333,2,1.0,20,6,12,0.3333333333333333,0.6666666666666666,0
1156,566924,2013-06-02,5,England,6,New Zealand,82,The Rose Bowl,222,104,208,0.5,0.6,0.4,220.7773,7.1182,179,86,168,0.5119047619047619,0.4,0.4444444444444444,220.0465,7.3372,9,0.6666666666666666,0,0.5,21,6,13,0.3157894736842105,0.6842105263157895,0
1157,566925,2013-06-05,5,England,6,New Zealand,74,Trent Bridge,223,104,209,0.49760765550239233,0.4,0.4,221.0136,7.1312,180,87,169,0.514792899408284,0.6,0.5555555555555556,220.8497,7.3121,10,0.5,0,0.5,22,6,14,0.3,0.7,1
1158,578614,2013-06-06,2,India,36,South Africa,101,Sophia Gardens,269,149,252,0.5912698412698413,0.6,0.6,238.9394,6.8333,181,111,172,0.6453488372093024,0.6,0.5,235.9045,6.3258,1,0.0,2,0.5,19,7,11,0.3888888888888889,0.6111111111111112,1
1159,578615,2013-06-07,30,Pakistan,44,West Indies,80,Kennington Oval,212,113,205,0.551219512195122,0.75,0.5555555555555556,226.1651,7.4009,190,74,178,0.4157303370786517,0.4,0.4,206.9312,7.3757,1,1.0,3,0.6666666666666666,19,14,5,0.7368421052631579,0.2631578947368421,0
1160,578616,2013-06-08,5,England,3,Australia,81,Edgbaston,224,105,210,0.5,0.6,0.4,221.3108,7.1261,267,179,251,0.7131474103585658,1.0,0.7777777777777778,238.2235,6.4053,9,0.8571428571428571,2,0.0,42,13,27,0.325,0.675,1
1161,578617,2013-06-09,6,New Zealand,7,Sri Lanka,101,Sophia Gardens,181,87,170,0.5117647058823529,0.4,0.5555555555555556,221.0345,7.3276,244,121,229,0.5283842794759825,0.3333333333333333,0.5714285714285714,220.6611,7.1548,0,0.5,0,0.5,21,6,13,0.3157894736842105,0.6842105263157895,1
1162,578618,2013-06-10,30,Pakistan,36,South Africa,81,Edgbaston,213,113,206,0.5485436893203883,0.5,0.4444444444444444,225.9014,7.4131,182,111,173,0.6416184971098265,0.4,0.5,236.2905,6.3464,3,0.6666666666666666,0,0.5,26,9,16,0.36,0.64,0
1163,578619,2013-06-11,2,India,44,West Indies,80,Kennington Oval,270,150,253,0.5928853754940712,0.8,0.6,239.2868,6.834,191,75,179,0.41899441340782123,0.6,0.4,206.7474,7.3789,3,0.3333333333333333,4,0.75,26,14,11,0.56,0.44,1
1165,578621,2013-06-13,5,England,7,Sri Lanka,80,Kennington Oval,225,106,211,0.5023696682464455,0.6,0.5,221.5247,7.1211,245,121,230,0.5260869565217391,0.25,0.42857142857142855,220.3167,7.1667,16,0.5,3,0.6666666666666666,22,9,13,0.4090909090909091,0.5909090909090909,0
1167,578623,2013-06-15,2,India,30,Pakistan,81,Edgbaston,271,151,254,0.594488188976378,0.8,0.6,239.2744,6.8158,214,113,207,0.5458937198067633,0.5,0.4444444444444444,225.6262,7.4252,2,0.0,4,0.5,34,18,16,0.5294117647058824,0.47058823529411764,1
1168,578624,2013-06-16,5,England,6,New Zealand,101,Sophia Gardens,226,106,212,0.5,0.4,0.5,221.8438,7.1205,183,88,171,0.5146198830409356,0.75,0.5555555555555556,219.6023,7.3068,5,1.0,1,1.0,23,7,14,0.3333333333333333,0.6666666666666666,1
1169,578625,2013-06-17,3,Australia,7,Sri Lanka,80,Kennington Oval,269,179,252,0.7103174603174603,0.75,0.75,238.1767,6.4211,246,122,231,0.5281385281385281,0.5,0.5,220.6349,7.1494,5,0.8,4,0.75,41,24,15,0.6153846153846154,0.38461538461538464,0
1170,566946,2013-06-19,5,England,36,South Africa,80,Kennington Oval,227,107,213,0.5023474178403756,0.6,0.6,221.6089,7.1333,184,112,174,0.6436781609195402,0.5,0.5555555555555556,236.2431,6.3591,17,0.47058823529411764,3,0.0,26,13,9,0.5909090909090909,0.4090909090909091,1
1171,566947,2013-06-20,2,India,7,Sri Lanka,101,Sophia Gardens,272,152,255,0.596078431372549,0.8,0.7,238.7603,6.7978,247,123,232,0.5301724137931034,0.5,0.625,220.7686,7.1529,2,0.5,1,0.0,58,35,18,0.660377358490566,0.33962264150943394,1
1172,566948,2013-06-23,5,England,2,India,81,Edgbaston,228,108,214,0.5046728971962616,0.8,0.6,221.4204,7.115,273,153,256,0.59765625,0.8,0.8,238.5485,6.7799,10,0.875,3,0.3333333333333333,39,12,24,0.3333333333333333,0.6666666666666666,0
1173,597923,2013-06-28,44,West Indies,7,Sri Lanka,97,"Sabina Park, Kingston",193,75,180,0.4166666666666667,0.75,0.3333333333333333,206.7969,7.3802,248,123,233,0.5278969957081545,0.4,0.5,220.6049,7.1564,10,0.8,1,1.0,13,4,7,0.36363636363636365,0.6363636363636364,1
1174,597924,2013-06-30,44,West Indies,2,India,97,"Sabina Park, Kingston",194,76,181,0.4198895027624309,0.75,0.4444444444444444,206.8083,7.3627,274,154,257,0.5992217898832685,1.0,0.8,238.1413,6.7807,11,0.8181818181818182,4,0.25,27,11,15,0.4230769230769231,0.5769230769230769,1
1176,597925,2013-07-02,2,India,7,Sri Lanka,97,"Sabina Park, Kingston",275,154,258,0.5968992248062015,0.8,0.8,238.1074,6.7815,249,123,234,0.5256410256410257,0.4,0.375,220.5533,7.168,5,0.2,2,0.5,59,36,18,0.6666666666666666,0.3333333333333333,0
1178,597926,2013-07-05,44,West Indies,2,India,98,"Queen's Park Oval, Port of Spain",195,77,182,0.4230769230769231,0.75,0.5555555555555556,206.9278,7.3711,276,154,259,0.5945945945945946,0.6,0.7,237.9188,6.7934,10,0.5555555555555556,7,0.42857142857142855,28,12,15,0.4444444444444444,0.5555555555555556,0
1179,597927,2013-07-07,44,West Indies,7,Sri Lanka,98,"Queen's Park Oval, Port of Spain",196,77,183,0.4207650273224044,0.5,0.5555555555555556,206.7436,7.3846,250,124,235,0.5276595744680851,0.6,0.4444444444444444,221.0735,7.1429,11,0.5,5,0.6,14,5,7,0.4166666666666667,0.5833333333333334,0
1180,631138,2013-07-07,26,Netherlands,20,Ireland,183,VRA Ground,21,4,20,0.2,0.0,0.0,172.45,8.4,37,11,32,0.34375,0.3333333333333333,0.5,180.1622,7.5946,0,0.5,1,1.0,2,0,2,0.0,1.0,0
1181,597928,2013-07-09,2,India,7,Sri Lanka,98,"Queen's Park Oval, Port of Spain",277,155,260,0.5961538461538461,0.6,0.7,238.1875,6.7941,251,125,236,0.5296610169491526,0.6,0.5555555555555556,221.065,7.1463,8,0.5,6,0.6666666666666666,60,36,19,0.6545454545454545,0.34545454545454546,1
1182,597929,2013-07-11,2,India,7,Sri Lanka,98,"Queen's Park Oval, Port of Spain",278,156,261,0.5977011494252874,0.6,0.7,237.7509,6.7802,252,125,237,0.5274261603375527,0.4,0.4444444444444444,220.5587,7.1579,9,0.5555555555555556,7,0.5714285714285714,61,37,19,0.6607142857142857,0.3392857142857143,1
1183,645635,2013-07-14,44,West Indies,30,Pakistan,153,Providence Stadium,197,77,184,0.41847826086956524,0.5,0.5555555555555556,206.6582,7.3929,215,113,208,0.5432692307692307,0.25,0.4444444444444444,225.3442,7.4372,6,0.5,1,0.0,20,6,14,0.3,0.7,0
1184,645637,2013-07-16,44,West Indies,30,Pakistan,153,Providence Stadium,198,77,185,0.41621621621621624,0.4,0.5555555555555556,206.1066,7.4061,216,114,209,0.5454545454545454,0.4,0.4444444444444444,225.338,7.4444,7,0.42857142857142855,2,0.5,21,6,15,0.2857142857142857,0.7142857142857143,1
1188,635653,2013-07-20,7,Sri Lanka,36,South Africa,121,R Premadasa Stadium,253,125,238,0.5252100840336135,0.4,0.4,220.4798,7.1694,185,112,175,0.64,0.5,0.5555555555555556,235.9066,6.3791,30,0.48148148148148145,0,0.5,15,7,7,0.5,0.5,1
1189,645641,2013-07-21,44,West Indies,30,Pakistan,130,"Beausejour Stadium, Gros Islet",200,78,186,0.41935483870967744,0.25,0.5,206.3518,7.4171,218,114,210,0.5428571428571428,0.25,0.375,225.2156,7.4495,10,0.2857142857142857,3,1.0,23,7,15,0.3181818181818182,0.6818181818181818,0
1190,635654,2013-07-23,7,Sri Lanka,36,South Africa,121,R Premadasa Stadium,254,126,239,0.5271966527196653,0.6,0.5,220.8795,7.1606,186,112,176,0.6363636363636364,0.25,0.4444444444444444,235.3825,6.3989,31,0.5,1,0.0,16,8,7,0.5333333333333333,0.4666666666666667,1
1191,643665,2013-07-24,46,Zimbabwe,2,India,16,Harare Sports Club,140,28,135,0.2074074074074074,0.4,0.3,196.2482,8.2628,279,157,262,0.5992366412213741,0.6,0.8,237.6241,6.7883,34,0.2647058823529412,6,0.5,7,2,5,0.2857142857142857,0.7142857142857143,0
1192,645643,2013-07-24,44,West Indies,30,Pakistan,130,"Beausejour Stadium, Gros Islet",201,78,187,0.41711229946524064,0.25,0.375,206.625,7.415,219,115,211,0.5450236966824644,0.5,0.5,225.0502,7.4338,11,0.25,4,1.0,24,7,16,0.30434782608695654,0.6956521739130435,0
1193,635655,2013-07-26,7,Sri Lanka,36,South Africa,188,Pallekele International Cricket Stadium,255,127,240,0.5291666666666667,0.6,0.6,220.888,7.168,187,112,177,0.632768361581921,0.25,0.3333333333333333,234.6685,6.3913,8,0.5,0,0.5,17,9,7,0.5625,0.4375,0
1194,643667,2013-07-26,46,Zimbabwe,2,India,16,Harare Sports Club,141,28,136,0.20588235294117646,0.4,0.3,196.4783,8.2536,280,158,263,0.6007604562737643,0.8,0.8,237.5964,6.7782,35,0.2571428571428571,7,0.5714285714285714,8,2,6,0.25,0.75,0
1195,635656,2013-07-28,7,Sri Lanka,36,South Africa,188,Pallekele International Cricket Stadium,256,127,241,0.5269709543568465,0.4,0.5,220.6733,7.1793,188,113,178,0.6348314606741573,0.25,0.4444444444444444,234.6054,6.3946,9,0.4444444444444444,1,1.0,18,9,8,0.5294117647058824,0.47058823529411764,1
1196,643669,2013-07-28,46,Zimbabwe,2,India,16,Harare Sports Club,142,28,137,0.20437956204379562,0.4,0.2,196.7626,8.259,281,159,264,0.6022727272727273,1.0,0.8,237.8007,6.7826,36,0.25,8,0.625,9,2,7,0.2222222222222222,0.7777777777777778,0
1197,635657,2013-07-31,7,Sri Lanka,36,South Africa,121,R Premadasa Stadium,257,128,242,0.5289256198347108,0.6,0.5,220.746,7.1587,189,113,179,0.6312849162011173,0.2,0.3333333333333333,234.6237,6.414,32,0.5172413793103449,2,0.0,19,10,8,0.5555555555555556,0.4444444444444444,1
1198,643675,2013-08-01,46,Zimbabwe,2,India,69,Queens Sports Club,143,28,138,0.2028985507246377,0.4,0.2,196.6643,8.2714,282,160,265,0.6037735849056604,1.0,0.8,237.6173,6.769,18,0.2777777777777778,2,0.5,10,2,8,0.2,0.8,0
1199,643677,2013-08-03,46,Zimbabwe,2,India,69,Queens Sports Club,144,28,139,0.2014388489208633,0.2,0.2,196.2908,8.2837,283,161,266,0.6052631578947368,1.0,0.8,237.2842,6.7482,19,0.2631578947368421,3,0.6666666666666666,11,2,9,0.18181818181818182,0.8181818181818182,0
1203,659549,2013-08-27,46,Zimbabwe,30,Pakistan,16,Harare Sports Club,145,28,140,0.2,0.0,0.2,196.0563,8.2958,220,116,212,0.5471698113207547,0.75,0.5,225.1318,7.4273,37,0.24324324324324326,2,1.0,15,0,14,0.0,1.0,1
1205,659551,2013-08-29,46,Zimbabwe,30,Pakistan,16,Harare Sports Club,146,29,141,0.20567375886524822,0.2,0.3,196.4056,8.2587,221,116,213,0.5446009389671361,0.5,0.4444444444444444,225.2172,7.4253,38,0.2631578947368421,3,0.6666666666666666,16,1,14,0.06666666666666667,0.9333333333333333,0
1206,660827,2013-08-29,14,Canada,26,Netherlands,170,Maple Leaf North-West Ground,30,8,29,0.27586206896551724,0.0,0.1111111111111111,177.9667,8.1,23,4,21,0.19047619047619047,0.0,0.0,170.0,8.5455,3,0.5,1,0.5,2,0,1,0.0,1.0,0
1207,659553,2013-08-31,46,Zimbabwe,30,Pakistan,16,Harare Sports Club,147,29,142,0.20422535211267606,0.2,0.3,196.4931,8.2708,222,117,214,0.5467289719626168,0.75,0.4444444444444444,225.5495,7.4099,39,0.2564102564102564,4,0.75,17,1,15,0.0625,0.9375,0
1208,566940,2013-09-03,20,Ireland,5,England,209,"The Village, Malahide",38,12,33,0.36363636363636365,0.6666666666666666,0.625,181.6316,7.6579,229,108,215,0.5023255813953489,0.6,0.6,220.9912,7.1189,0,0.5,0,0.5,5,1,4,0.2,0.8,0
1209,660837,2013-09-06,20,Ireland,34,Scotland,132,"Civil Service Cricket Club, Stormont",39,12,34,0.35294117647058826,0.3333333333333333,0.5,183.8718,7.641,13,3,11,0.2727272727272727,0.25,0.25,147.4615,7.3077,7,0.0,1,0.5,2,2,0,1.0,0.0,1
1210,566942,2013-09-08,5,England,3,Australia,102,Old Trafford,230,109,216,0.5046296296296297,0.6,0.6,221.2237,7.1053,270,179,253,0.7075098814229249,0.5,0.75,238.1573,6.4345,5,0.8,3,0.3333333333333333,43,14,27,0.34146341463414637,0.6585365853658537,0
1212,566944,2013-09-14,5,England,3,Australia,101,Sophia Gardens,232,109,217,0.5023041474654378,0.5,0.5555555555555556,220.5435,7.1,272,180,254,0.7086614173228346,0.3333333333333333,0.75,238.444,6.4366,6,1.0,2,0.0,45,14,28,0.3333333333333333,0.6666666666666666,1
1213,566945,2013-09-16,5,England,3,Australia,82,The Rose Bowl,233,110,218,0.5045871559633027,0.5,0.6666666666666666,220.5887,7.0996,273,180,255,0.7058823529411765,0.3333333333333333,0.625,238.4015,6.4498,10,0.6,3,0.6666666666666666,46,15,28,0.3488372093023256,0.6511627906976745,0
1216,647249,2013-10-13,2,India,3,Australia,210,Maharashtra Cricket Association Stadium,284,162,267,0.6067415730337079,1.0,0.8,237.0323,6.7348,274,181,256,0.70703125,0.5,0.625,238.6222,6.463,0,0.5,0,0.5,40,12,23,0.34285714285714286,0.6571428571428571,0
1217,647251,2013-10-16,2,India,3,Australia,139,Sawai Mansingh Stadium,285,162,268,0.6044776119402985,0.8,0.8,237.0143,6.7464,275,182,257,0.708171206225681,0.75,0.625,238.8635,6.4686,4,0.75,1,1.0,41,12,24,0.3333333333333333,0.6666666666666666,1
1218,647253,2013-10-19,2,India,3,Australia,137,"Punjab Cricket Association Stadium, Mohali",286,163,269,0.6059479553903345,0.8,0.9,237.4591,6.726,276,182,258,0.7054263565891473,0.5,0.5,239.3051,6.4632,6,0.5,3,1.0,42,13,24,0.35135135135135137,0.6486486486486487,0
1222,668953,2013-10-29,12,Bangladesh,6,New Zealand,143,Shere Bangla National Stadium,161,51,159,0.32075471698113206,0.5,0.4444444444444444,192.8688,7.9375,184,88,172,0.5116279069767442,0.5,0.4444444444444444,219.2599,7.3107,45,0.35555555555555557,5,0.2,13,4,9,0.3076923076923077,0.6923076923076923,1
1223,647259,2013-10-30,2,India,3,Australia,180,"Vidarbha Cricket Association Stadium, Jamtha",288,163,270,0.6037037037037037,0.5,0.7777777777777778,236.947,6.7102,278,183,259,0.7065637065637066,0.75,0.5714285714285714,239.7445,6.4672,3,0.3333333333333333,2,0.5,44,13,25,0.34210526315789475,0.6578947368421053,1
1224,649091,2013-10-30,30,Pakistan,36,South Africa,190,Sharjah Cricket Stadium,223,118,215,0.5488372093023256,0.8,0.5555555555555556,225.704,7.4036,190,113,180,0.6277777777777778,0.2,0.3333333333333333,234.3262,6.4332,3,0.3333333333333333,0,0.5,27,9,17,0.34615384615384615,0.6538461538461539,0
1225,668955,2013-10-31,12,Bangladesh,6,New Zealand,143,Shere Bangla National Stadium,162,52,160,0.325,0.6,0.4444444444444444,193.3168,7.9503,185,88,173,0.5086705202312138,0.25,0.4444444444444444,218.9382,7.3202,46,0.3695652173913043,6,0.16666666666666666,14,5,9,0.35714285714285715,0.6428571428571429,1
1226,649093,2013-11-01,30,Pakistan,36,South Africa,185,Dubai International Cricket Stadium,224,118,216,0.5462962962962963,0.6,0.5555555555555556,225.5089,7.4152,191,114,181,0.6298342541436464,0.4,0.3333333333333333,234.0532,6.4521,8,0.375,3,0.6666666666666666,28,9,18,0.3333333333333333,0.6666666666666666,1
1227,647261,2013-11-02,2,India,3,Australia,156,M Chinnaswamy Stadium,289,164,271,0.6051660516605166,0.5,0.7777777777777778,237.3486,6.7007,279,183,260,0.7038461538461539,0.5,0.5,240.1455,6.4655,5,1.0,3,1.0,45,14,25,0.358974358974359,0.6410256410256411,1
1228,668957,2013-11-03,12,Bangladesh,6,New Zealand,211,Khan Shaheb Osman Ali Stadium,163,53,161,0.32919254658385094,0.6,0.5555555555555556,193.6481,7.963,186,88,174,0.5057471264367817,0.25,0.3333333333333333,218.8715,7.3352,0,0.5,0,0.5,15,6,9,0.4,0.6,1
1229,649095,2013-11-06,30,Pakistan,36,South Africa,127,Sheikh Zayed Stadium,225,119,217,0.5483870967741935,0.6,0.6666666666666666,225.4356,7.4267,192,114,182,0.6263736263736264,0.4,0.3333333333333333,233.5714,6.4709,16,0.5,2,0.5,29,10,18,0.35714285714285715,0.6428571428571429,0
1230,649097,2013-11-08,30,Pakistan,36,South Africa,127,Sheikh Zayed Stadium,226,119,218,0.5458715596330275,0.6,0.5555555555555556,225.2832,7.4381,193,115,183,0.6284153005464481,0.4,0.3333333333333333,233.7053,6.4789,17,0.47058823529411764,3,0.6666666666666666,30,10,19,0.3448275862068966,0.6551724137931034,0
1232,649099,2013-11-11,30,Pakistan,36,South Africa,190,Sharjah Cricket Stadium,227,119,219,0.54337899543379,0.4,0.5555555555555556,225.3392,7.4493,194,116,184,0.6304347826086957,0.6,0.4,233.8743,6.4712,4,0.25,1,1.0,31,10,20,0.3333333333333333,0.6666666666666666,0
1233,668963,2013-11-12,7,Sri Lanka,6,New Zealand,187,"Mahinda Rajapaksa International Cricket Stadium, Sooriyawewa",259,129,243,0.5308641975308642,0.75,0.6666666666666666,221.3504,7.1535,188,88,175,0.5028571428571429,0.0,0.375,218.221,7.2873,10,0.7142857142857143,3,0.0,23,13,7,0.65,0.35,0
1234,668965,2013-11-16,7,Sri Lanka,6,New Zealand,32,Rangiri Dambulla International Stadium,260,129,244,0.5286885245901639,0.5,0.5555555555555556,221.0235,7.1294,189,89,176,0.5056818181818182,0.25,0.375,218.1374,7.2802,24,0.6521739130434783,7,0.6666666666666666,24,13,8,0.6190476190476191,0.38095238095238093,1
1235,676529,2013-11-21,2,India,44,West Indies,108,Nehru Stadium,290,165,272,0.6066176470588235,0.75,0.7777777777777778,237.8596,6.6982,202,78,188,0.4148936170212766,0.25,0.375,206.801,7.4129,6,0.6666666666666666,0,0.5,29,16,12,0.5714285714285714,0.42857142857142855,1
1236,676531,2013-11-24,2,India,44,West Indies,93,Dr. Y.S. Rajasekhara Reddy ACA-VDCA Cricket Stadium,291,166,273,0.608058608058608,0.75,0.7777777777777778,237.7692,6.6888,203,78,189,0.4126984126984127,0.25,0.3333333333333333,206.8218,7.4257,3,1.0,1,0.0,30,17,12,0.5862068965517241,0.41379310344827586,0
1237,685731,2013-11-24,36,South Africa,30,Pakistan,61,Newlands,195,117,185,0.6324324324324324,0.8,0.5,234.0521,6.474,228,119,220,0.5409090909090909,0.2,0.5,225.0132,7.4605,11,0.9090909090909091,1,0.0,32,21,10,0.6774193548387096,0.3225806451612903,0
1238,676533,2013-11-27,2,India,44,West Indies,95,Green Park,292,166,274,0.6058394160583942,0.75,0.6666666666666666,237.9443,6.6899,204,79,190,0.41578947368421054,0.25,0.3333333333333333,207.2266,7.4286,3,0.6666666666666666,0,0.5,31,17,13,0.5666666666666667,0.43333333333333335,1
1239,685733,2013-11-27,36,South Africa,30,Pakistan,90,St George's Park,196,117,186,0.6290322580645161,0.6,0.5,233.8497,6.4922,229,120,221,0.5429864253393665,0.4,0.5,224.9825,7.4672,12,0.7272727272727273,1,0.5,33,21,11,0.65625,0.34375,0
1240,685735,2013-11-30,36,South Africa,30,Pakistan,63,SuperSport Park,197,117,187,0.6256684491978609,0.6,0.5,233.9897,6.4897,230,121,222,0.545045045045045,0.4,0.5,225.1435,7.4783,16,0.625,4,0.5,34,21,12,0.6363636363636364,0.36363636363636365,1
1241,648651,2013-12-05,36,South Africa,2,India,120,New Wanderers Stadium,198,118,188,0.6276595744680851,0.6,0.5,233.7179,6.4872,293,167,275,0.6072727272727273,0.8,0.6666666666666666,238.0417,6.684,7,0.5714285714285714,2,1.0,20,11,8,0.5789473684210527,0.42105263157894735,1
1242,648653,2013-12-08,36,South Africa,2,India,62,Kingsmead,199,119,189,0.6296296296296297,0.6,0.6,234.352,6.4745,294,167,276,0.605072463768116,0.6,0.5555555555555556,237.9689,6.6955,13,0.5,2,0.0,21,12,8,0.6,0.4,1
1244,657637,2013-12-18,30,Pakistan,7,Sri Lanka,190,Sharjah Cricket Stadium,231,121,223,0.5426008968609866,0.4,0.5,224.9437,7.4892,261,130,245,0.5306122448979592,0.75,0.5555555555555556,220.9844,7.1328,5,0.2,1,0.0,31,16,13,0.5517241379310345,0.4482758620689655,1
1245,657639,2013-12-20,30,Pakistan,7,Sri Lanka,185,Dubai International Cricket Stadium,232,122,224,0.5446428571428571,0.6,0.5,225.3621,7.4784,262,130,246,0.5284552845528455,0.5,0.5555555555555556,221.3346,7.144,9,0.4444444444444444,3,0.3333333333333333,32,17,13,0.5666666666666667,0.43333333333333335,0
1246,657641,2013-12-22,30,Pakistan,7,Sri Lanka,190,Sharjah Cricket Stadium,233,122,225,0.5422222222222223,0.6,0.4,225.6137,7.4635,263,131,247,0.5303643724696356,0.5,0.6666666666666666,221.5891,7.1473,6,0.3333333333333333,2,0.0,33,17,14,0.5483870967741935,0.45161290322580644,1
1247,657643,2013-12-25,30,Pakistan,7,Sri Lanka,127,Sheikh Zayed Stadium,234,123,226,0.5442477876106194,0.6,0.5,226.0427,7.453,264,131,248,0.5282258064516129,0.4,0.5555555555555556,221.556,7.1583,18,0.4444444444444444,1,0.0,34,18,14,0.5625,0.4375,1
1248,661685,2013-12-26,6,New Zealand,44,West Indies,58,Eden Park,190,89,177,0.5028248587570622,0.25,0.25,217.6339,7.2732,205,79,191,0.41361256544502617,0.2,0.2222222222222222,207.5,7.4167,14,0.35714285714285715,1,1.0,15,9,5,0.6428571428571429,0.35714285714285715,0
1249,657645,2013-12-27,30,Pakistan,7,Sri Lanka,127,Sheikh Zayed Stadium,235,124,227,0.5462555066079295,0.6,0.5,226.0426,7.4298,265,131,249,0.5261044176706827,0.4,0.4444444444444444,221.5692,7.1692,19,0.47368421052631576,2,0.0,35,19,14,0.5757575757575758,0.42424242424242425,0
1250,661689,2014-01-01,6,New Zealand,44,West Indies,117,Queenstown Events Centre,191,89,178,0.5,0.25,0.25,217.2989,7.288,206,80,192,0.4166666666666667,0.4,0.3333333333333333,207.2537,7.4195,4,1.0,2,0.0,16,9,6,0.6,0.4,1
1251,661691,2014-01-04,6,New Zealand,44,West Indies,212,Saxton Oval,192,90,179,0.5027932960893855,0.5,0.25,217.6541,7.2703,207,80,193,0.41450777202072536,0.4,0.3333333333333333,206.8495,7.4078,0,0.5,0,0.5,17,10,6,0.625,0.375,1
1252,661693,2014-01-08,6,New Zealand,44,West Indies,151,Seddon Park,193,91,180,0.5055555555555555,0.6,0.3333333333333333,218.0161,7.2634,208,80,194,0.41237113402061853,0.4,0.3333333333333333,206.4976,7.3961,6,0.5,0,0.5,18,11,6,0.6470588235294118,0.35294117647058826,0
1253,636159,2014-01-12,3,Australia,5,England,14,Melbourne Cricket Ground,280,183,261,0.7011494252873564,0.25,0.5,240.4565,6.4783,234,110,219,0.502283105022831,0.5,0.5555555555555556,220.7112,7.1121,22,0.6666666666666666,4,0.25,47,29,15,0.6590909090909091,0.3409090909090909,1
1254,636160,2014-01-17,3,Australia,5,England,87,"Brisbane Cricket Ground, Woolloongabba",281,184,262,0.7022900763358778,0.5,0.5,240.5632,6.4693,235,110,220,0.5,0.25,0.4444444444444444,220.9185,7.1116,14,0.7272727272727273,3,0.3333333333333333,48,30,15,0.6666666666666666,0.3333333333333333,1
1255,636161,2014-01-19,3,Australia,5,England,9,Sydney Cricket Ground,282,185,263,0.7034220532319392,0.5,0.5555555555555556,240.7806,6.4784,236,110,221,0.497737556561086,0.25,0.4444444444444444,221.2564,7.1154,28,0.68,6,0.3333333333333333,49,31,15,0.6739130434782609,0.32608695652173914,1
1257,667641,2014-01-19,6,New Zealand,2,India,119,McLean Park,194,91,181,0.5027624309392266,0.4,0.3333333333333333,217.7059,7.2781,296,167,277,0.6028880866425993,0.25,0.5,237.6517,6.7069,11,0.5,1,1.0,23,8,13,0.38095238095238093,0.6190476190476191,1
1258,667643,2014-01-22,6,New Zealand,2,India,151,Seddon Park,195,92,182,0.5054945054945055,0.6,0.4444444444444444,218.1011,7.2766,297,167,278,0.6007194244604317,0.25,0.5,237.756,6.7182,7,0.42857142857142855,1,1.0,24,9,13,0.4090909090909091,0.5909090909090909,1
1260,696731,2014-01-23,34,Scotland,14,Canada,213,Hagley Oval,14,3,12,0.25,0.2,0.25,152.8571,7.4286,31,8,30,0.26666666666666666,0.0,0.1111111111111111,174.3871,8.1613,0,0.5,0,0.5,1,0,1,0.0,1.0,1
1261,696733,2014-01-23,26,Netherlands,22,Kenya,214,Bert Sutcliffe Oval,24,5,22,0.22727272727272727,0.25,0.1111111111111111,165.6522,8.2174,39,12,37,0.32432432432432434,0.4,0.2,174.1842,8.2105,0,0.5,0,0.5,0,0,0,0.5,0.5,0
1262,636162,2014-01-24,3,Australia,5,England,115,Western Australia Cricket Association Ground,283,186,264,0.7045454545454546,0.6,0.6666666666666666,240.7921,6.4659,237,110,222,0.4954954954954955,0.2,0.3333333333333333,221.3489,7.1234,11,0.8181818181818182,2,0.0,50,32,15,0.6808510638297872,0.3191489361702128,0
1264,636163,2014-01-26,3,Australia,5,England,13,Adelaide Oval,284,186,265,0.7018867924528301,0.6,0.5555555555555556,240.8571,6.4786,238,111,223,0.4977578475336323,0.2,0.3333333333333333,221.75,7.1271,16,0.625,5,0.4,51,32,16,0.6666666666666666,0.3333333333333333,1
1266,667647,2014-01-28,6,New Zealand,2,India,151,Seddon Park,197,93,183,0.5081967213114754,0.75,0.625,218.8842,7.2895,299,167,279,0.5985663082437276,0.0,0.375,238.1502,6.7338,8,0.5,2,0.5,26,10,13,0.43478260869565216,0.5652173913043478,1
1267,696747,2014-01-28,14,Canada,26,Netherlands,215,Bay Oval,32,8,31,0.25806451612903225,0.0,0.1111111111111111,174.2812,8.2188,25,5,23,0.21739130434782608,0.25,0.1111111111111111,169.7917,8.125,0,0.5,0,0.5,3,0,2,0.0,1.0,0
1268,696759,2014-01-30,22,Kenya,34,Scotland,213,Hagley Oval,40,13,38,0.34210526315789475,0.6,0.3,176.5385,8.1538,15,4,13,0.3076923076923077,0.4,0.3333333333333333,165.4,7.5333,0,0.5,1,1.0,2,0,1,0.0,1.0,0
1269,667649,2014-01-31,6,New Zealand,2,India,114,Westpac Stadium,198,94,184,0.5108695652173914,0.75,0.6666666666666666,219.2042,7.267,300,167,280,0.5964285714285714,0.0,0.25,238.2857,6.7279,9,0.875,1,0.5,27,11,13,0.4583333333333333,0.5416666666666666,1
1270,690355,2014-02-17,12,Bangladesh,7,Sri Lanka,143,Shere Bangla National Stadium,164,54,162,0.3333333333333333,0.6,0.6666666666666666,194.3558,7.9509,266,132,250,0.528,0.4,0.5555555555555556,221.6207,7.1724,47,0.3829787234042553,9,0.4444444444444444,20,4,15,0.21052631578947367,0.7894736842105263,0
1271,690357,2014-02-20,12,Bangladesh,7,Sri Lanka,143,Shere Bangla National Stadium,165,54,163,0.3312883435582822,0.6,0.5555555555555556,194.189,7.9634,267,133,251,0.5298804780876494,0.6,0.5555555555555556,221.4618,7.1832,48,0.375,10,0.5,21,4,16,0.2,0.8,0
1272,690359,2014-02-22,12,Bangladesh,7,Sri Lanka,143,Shere Bangla National Stadium,166,54,164,0.32926829268292684,0.6,0.5555555555555556,194.3939,7.9758,268,134,252,0.5317460317460317,0.6,0.5555555555555556,221.7186,7.1787,49,0.3673469387755102,11,0.5454545454545454,22,4,17,0.19047619047619047,0.8095238095238095,0
1273,702139,2014-02-23,44,West Indies,20,Ireland,97,"Sabina Park, Kingston",209,81,195,0.4153846153846154,0.4,0.3333333333333333,207.25,7.3798,40,13,35,0.37142857142857144,0.5,0.625,184.9,7.675,12,0.8333333333333334,3,0.5,3,2,0,1.0,0.0,1
1274,710291,2014-02-25,30,Pakistan,7,Sri Lanka,211,Khan Shaheb Osman Ali Stadium,236,124,228,0.543859649122807,0.6,0.5,226.0678,7.4407,269,135,253,0.5335968379446641,0.8,0.6,221.8106,7.1667,0,0.5,0,0.5,36,19,15,0.5588235294117647,0.4411764705882353,0
1275,710293,2014-02-26,12,Bangladesh,2,India,211,Khan Shaheb Osman Ali Stadium,167,54,165,0.32727272727272727,0.4,0.5,194.6687,7.9759,301,167,281,0.594306049822064,0.0,0.125,238.2102,6.739,1,1.0,0,0.5,12,2,10,0.16666666666666666,0.8333333333333334,0
1276,636533,2014-02-28,44,West Indies,5,England,152,"Sir Vivian Richards Stadium, North Sound",210,82,196,0.41836734693877553,0.6,0.4,207.2392,7.3732,239,111,224,0.4955357142857143,0.2,0.3333333333333333,221.7089,7.1392,6,0.16666666666666666,2,0.0,21,8,12,0.4,0.6,1
1277,710297,2014-02-28,2,India,7,Sri Lanka,211,Khan Shaheb Osman Ali Stadium,302,168,282,0.5957446808510638,0.25,0.25,238.3514,6.7297,270,136,254,0.5354330708661418,1.0,0.7,222.0906,7.1623,1,1.0,1,1.0,62,38,19,0.6666666666666666,0.3333333333333333,0
1278,636534,2014-03-02,44,West Indies,5,England,152,"Sir Vivian Richards Stadium, North Sound",211,83,197,0.4213197969543147,0.6,0.5,207.5333,7.3667,240,111,225,0.49333333333333335,0.2,0.2222222222222222,221.8445,7.1345,7,0.2857142857142857,3,0.0,22,9,12,0.42857142857142855,0.5714285714285714,0
1279,710301,2014-03-02,2,India,30,Pakistan,143,Shere Bangla National Stadium,303,168,283,0.5936395759717314,0.25,0.125,238.4377,6.7374,237,124,229,0.5414847161572053,0.4,0.5,226.3122,7.4515,14,0.7142857142857143,10,0.8,35,19,16,0.5428571428571428,0.45714285714285713,0
1280,710305,2014-03-04,12,Bangladesh,30,Pakistan,143,Shere Bangla National Stadium,168,54,166,0.3253012048192771,0.2,0.4,195.1737,7.9701,238,125,230,0.5434782608695652,0.6,0.6,226.4076,7.458,50,0.36,11,0.8181818181818182,17,0,17,0.0,1.0,0
1281,636535,2014-03-05,44,West Indies,5,England,152,"Sir Vivian Richards Stadium, North Sound",212,83,198,0.41919191919191917,0.6,0.5,207.3033,7.3791,241,112,226,0.49557522123893805,0.4,0.3333333333333333,221.5983,7.1339,8,0.25,4,0.25,23,9,13,0.4090909090909091,0.5909090909090909,0
1282,710309,2014-03-06,12,Bangladesh,7,Sri Lanka,143,Shere Bangla National Stadium,169,54,167,0.32335329341317365,0.0,0.3,195.9524,7.9405,271,137,255,0.5372549019607843,1.0,0.7,222.2519,7.1654,51,0.35294117647058826,12,0.5833333333333334,23,4,18,0.18181818181818182,0.8181818181818182,0
1283,710311,2014-03-08,30,Pakistan,7,Sri Lanka,143,Shere Bangla National Stadium,239,126,231,0.5454545454545454,0.6,0.6,226.8368,7.4561,272,138,256,0.5390625,1.0,0.8,222.1985,7.1648,12,0.8333333333333334,13,0.6153846153846154,37,19,16,0.5428571428571428,0.45714285714285713,0
1284,736511,2014-05-04,16,Hong Kong,40,United Arab Emirates,134,Kinrara Academy Oval,2,0,2,0.0,0.0,0.0,125.5,9.5,2,0,2,0.0,0.0,0.0,176.0,10.0,0,0.5,0,0.5,0,0,0,0.5,0.5,0
1285,706767,2014-05-06,7,Sri Lanka,20,Ireland,216,"Clontarf Cricket Club Ground, Dublin",273,139,257,0.5408560311284046,1.0,0.8,222.3433,7.1567,41,13,36,0.3611111111111111,0.4,0.5,185.3171,7.7317,0,0.5,0,0.5,1,1,0,1.0,0.0,1
1286,684679,2014-05-09,34,Scotland,5,England,189,Mannofield Park,16,5,14,0.35714285714285715,0.6,0.4444444444444444,171.375,7.5,242,113,227,0.4977973568281938,0.6,0.4,221.9375,7.1292,1,1.0,0,0.5,0,0,0,0.5,0.5,0
1287,667889,2014-05-22,5,England,7,Sri Lanka,80,Kennington Oval,243,114,228,0.5,0.6,0.4,221.7095,7.1245,274,140,258,0.5426356589147286,1.0,0.9,222.3309,7.1599,18,0.5,5,0.8,23,9,14,0.391304347826087,0.6086956521739131,1
1288,667891,2014-05-25,5,England,7,Sri Lanka,75,Riverside Ground,244,115,229,0.5021834061135371,0.8,0.5,221.814,7.1198,275,140,259,0.5405405405405406,0.8,0.9,222.0407,7.1704,8,0.5714285714285714,1,1.0,24,10,14,0.4166666666666667,0.5833333333333334,0
1289,667893,2014-05-28,5,England,7,Sri Lanka,102,Old Trafford,245,115,230,0.5,0.8,0.5,221.3086,7.1317,276,141,260,0.5423076923076923,0.8,0.9,222.1661,7.1734,6,0.6666666666666666,2,0.5,25,10,15,0.4,0.6,1
1290,667895,2014-05-31,5,England,7,Sri Lanka,77,Lord's,246,116,231,0.5021645021645021,0.8,0.6,220.7008,7.1025,277,141,261,0.5402298850574713,0.6,0.8,221.5956,7.1838,18,0.3125,2,1.0,26,11,15,0.4230769230769231,0.5769230769230769,0
1291,667897,2014-06-03,5,England,7,Sri Lanka,81,Edgbaston,247,116,232,0.5,0.6,0.6,220.9959,7.1061,278,142,262,0.5419847328244275,0.6,0.8,221.8828,7.1905,12,0.7777777777777778,0,0.5,27,11,16,0.4074074074074074,0.5925925925925926,0
1292,744679,2014-06-15,12,Bangladesh,2,India,143,Shere Bangla National Stadium,170,54,168,0.32142857142857145,0.0,0.3,196.0,7.9467,304,168,284,0.5915492957746479,0.2,0.125,238.4597,6.7416,52,0.34615384615384615,15,0.6666666666666666,13,2,11,0.15384615384615385,0.8461538461538461,0
1293,744681,2014-06-17,12,Bangladesh,2,India,143,Shere Bangla National Stadium,171,54,169,0.31952662721893493,0.0,0.3,196.4471,7.9529,305,169,285,0.5929824561403508,0.4,0.25,238.1739,6.7291,53,0.33962264150943394,16,0.6875,14,2,12,0.14285714285714285,0.8571428571428571,0
1295,730083,2014-07-06,7,Sri Lanka,36,South Africa,121,R Premadasa Stadium,279,143,263,0.5437262357414449,0.6,0.8,221.8832,7.1788,201,120,190,0.631578947368421,0.75,0.6666666666666666,234.9192,6.4798,33,0.5333333333333333,3,0.0,20,11,8,0.5789473684210527,0.42105263157894735,0
1296,730085,2014-07-09,7,Sri Lanka,36,South Africa,188,Pallekele International Cricket Stadium,280,143,264,0.5416666666666666,0.6,0.7,221.9091,7.1891,202,121,191,0.6335078534031413,1.0,0.7777777777777778,235.2663,6.4724,10,0.5,2,0.5,21,11,9,0.55,0.45,1
1297,730087,2014-07-12,7,Sri Lanka,36,South Africa,187,"Mahinda Rajapaksa International Cricket Stadium, Sooriyawewa",281,144,265,0.5433962264150943,0.6,0.7,222.0725,7.1993,203,121,192,0.6302083333333334,0.75,0.6666666666666666,234.99,6.49,11,0.625,0,0.5,22,12,9,0.5714285714285714,0.42857142857142855,0
1298,736437,2014-08-17,46,Zimbabwe,36,South Africa,69,Queens Sports Club,148,29,143,0.20279720279720279,0.2,0.3,196.1862,8.2828,204,122,193,0.6321243523316062,0.75,0.6666666666666666,235.5075,6.4826,20,0.25,1,1.0,16,0,16,0.0,1.0,0
1299,736439,2014-08-19,46,Zimbabwe,36,South Africa,69,Queens Sports Club,149,29,144,0.2013888888888889,0.2,0.2,196.3219,8.2945,205,123,194,0.634020618556701,0.75,0.6666666666666666,235.8713,6.4653,21,0.23809523809523808,2,1.0,17,0,17,0.0,1.0,0
1300,730287,2014-08-20,44,West Indies,12,Bangladesh,154,"National Cricket Stadium, St George's",213,83,199,0.41708542713567837,0.6,0.5,207.6368,7.3915,173,54,170,0.3176470588235294,0.0,0.1111111111111111,195.6374,7.9649,5,0.4,0,0.5,19,11,7,0.6111111111111112,0.3888888888888889,1
1302,736441,2014-08-21,46,Zimbabwe,36,South Africa,69,Queens Sports Club,150,29,145,0.2,0.2,0.1,196.3197,8.3061,206,124,195,0.6358974358974359,0.8,0.7777777777777778,235.9754,6.4828,22,0.22727272727272727,3,1.0,18,0,18,0.0,1.0,0
1303,730289,2014-08-22,44,West Indies,12,Bangladesh,154,"National Cricket Stadium, St George's",214,84,200,0.42,0.6,0.5,207.6901,7.3897,174,54,171,0.3157894736842105,0.0,0.0,195.7616,7.9709,6,0.5,1,0.0,20,12,7,0.631578947368421,0.3684210526315789,1
1305,745159,2014-08-23,7,Sri Lanka,30,Pakistan,187,"Mahinda Rajapaksa International Cricket Stadium, Sooriyawewa",282,144,266,0.5413533834586466,0.6,0.6,222.1986,7.2094,240,126,232,0.5431034482758621,0.4,0.5,226.975,7.4458,12,0.5555555555555556,1,1.0,38,17,19,0.4722222222222222,0.5277777777777778,0
1307,730291,2014-08-25,44,West Indies,12,Bangladesh,131,"Warner Park, Basseterre",215,85,201,0.4228855721393035,0.6,0.6,207.8738,7.3879,175,54,172,0.313953488372093,0.0,0.0,195.0347,7.9827,7,0.42857142857142855,1,1.0,21,13,7,0.65,0.35,1
1308,736443,2014-08-25,46,Zimbabwe,3,Australia,16,Harare Sports Club,151,29,146,0.19863013698630136,0.0,0.1,196.1081,8.3176,285,187,266,0.7030075187969925,0.8,0.5555555555555556,240.7722,6.4875,40,0.25,3,1.0,8,0,7,0.0,1.0,0
1309,745161,2014-08-26,7,Sri Lanka,30,Pakistan,187,"Mahinda Rajapaksa International Cricket Stadium, Sooriyawewa",283,144,267,0.5393258426966292,0.4,0.5,222.3885,7.2086,241,127,233,0.5450643776824035,0.6,0.6,227.1826,7.4398,13,0.5,2,1.0,39,17,20,0.4594594594594595,0.5405405405405406,1
1311,667723,2014-08-27,5,England,2,India,101,Sophia Gardens,248,116,233,0.4978540772532189,0.4,0.5,220.9878,7.1179,307,170,286,0.5944055944055944,0.5,0.375,237.3355,6.7475,7,1.0,3,0.6666666666666666,40,12,25,0.32432432432432434,0.6756756756756757,0
1312,736445,2014-08-27,3,Australia,36,South Africa,16,Harare Sports Club,286,188,267,0.704119850187266,0.8,0.6666666666666666,241.1596,6.4858,207,125,196,0.6377551020408163,0.8,0.8888888888888888,235.6569,6.4657,4,1.0,2,1.0,24,12,12,0.5,0.5,0
1313,736447,2014-08-29,46,Zimbabwe,36,South Africa,16,Harare Sports Club,152,29,147,0.19727891156462585,0.0,0.1,195.8121,8.3289,208,126,197,0.6395939086294417,1.0,0.8888888888888888,236.1073,6.4488,41,0.24390243902439024,3,1.0,19,0,19,0.0,1.0,0
1314,667725,2014-08-30,5,England,2,India,74,Trent Bridge,249,116,234,0.49572649572649574,0.2,0.5,220.7449,7.1296,308,171,287,0.5958188153310104,0.75,0.5,237.5563,6.745,11,0.5454545454545454,1,0.0,41,12,26,0.3157894736842105,0.6842105263157895,0
1315,745163,2014-08-30,7,Sri Lanka,30,Pakistan,32,Rangiri Dambulla International Stadium,284,145,268,0.5410447761194029,0.4,0.5,222.7025,7.2151,242,127,234,0.5427350427350427,0.6,0.5,227.2066,7.4504,25,0.6666666666666666,9,0.2222222222222222,40,18,20,0.47368421052631576,0.5263157894736842,1
1316,736449,2014-08-31,46,Zimbabwe,3,Australia,16,Harare Sports Club,153,29,148,0.19594594594594594,0.0,0.1,195.64,8.34,287,188,268,0.7014925373134329,0.6,0.5555555555555556,241.4629,6.4876,42,0.23809523809523808,5,0.8,9,0,8,0.0,1.0,1
1317,667727,2014-09-02,5,England,2,India,81,Edgbaston,250,116,235,0.49361702127659574,0.2,0.5,220.7702,7.1411,309,172,288,0.5972222222222222,1.0,0.5555555555555556,237.5248,6.736,13,0.7,4,0.5,42,12,27,0.3076923076923077,0.6923076923076923,0
1318,736451,2014-09-02,3,Australia,36,South Africa,16,Harare Sports Club,288,188,269,0.6988847583643123,0.4,0.5,241.3486,6.4965,209,127,198,0.6414141414141414,1.0,0.8888888888888888,236.0825,6.466,6,0.6666666666666666,4,1.0,25,12,13,0.48,0.52,1
1319,736453,2014-09-04,46,Zimbabwe,36,South Africa,16,Harare Sports Club,154,30,149,0.20134228187919462,0.2,0.2,195.7417,8.3311,210,127,199,0.6381909547738693,0.8,0.7777777777777778,236.0048,6.4831,43,0.2558139534883721,5,0.8,20,0,20,0.0,1.0,0
1320,667729,2014-09-05,5,England,2,India,76,Headingley,251,116,236,0.4915254237288136,0.0,0.4,220.7108,7.1526,310,173,289,0.5986159169550173,1.0,0.6666666666666666,237.4408,6.7171,7,0.5714285714285714,1,1.0,43,12,28,0.3,0.7,1
1321,736455,2014-09-06,3,Australia,36,South Africa,16,Harare Sports Club,289,189,270,0.7,0.6,0.6,241.4912,6.4982,211,128,200,0.64,0.8,0.8,236.1731,6.4808,7,0.7142857142857143,6,0.8333333333333334,26,13,13,0.5,0.5,0
1322,727935,2014-09-08,20,Ireland,34,Scotland,209,"The Village, Malahide",42,13,37,0.35135135135135137,0.4,0.375,184.2381,7.7857,17,5,15,0.3333333333333333,0.4,0.3333333333333333,169.1176,7.5882,1,0.0,0,0.5,3,3,0,1.0,0.0,1
1323,727937,2014-09-10,20,Ireland,34,Scotland,209,"The Village, Malahide",43,14,38,0.3684210526315789,0.4,0.5,183.9767,7.6744,18,5,16,0.3125,0.4,0.3333333333333333,169.2778,7.7222,2,0.5,1,0.0,4,4,0,1.0,0.0,1
1324,727939,2014-09-12,20,Ireland,34,Scotland,209,"The Village, Malahide",44,15,39,0.38461538461538464,0.6,0.5,184.9091,7.6591,19,5,17,0.29411764705882354,0.4,0.3,172.0,7.8421,3,0.6666666666666666,2,0.0,5,5,0,1.0,0.0,0
1325,727919,2014-10-07,3,Australia,30,Pakistan,190,Sharjah Cricket Stadium,290,189,271,0.6974169741697417,0.4,0.6,241.4056,6.507,243,127,235,0.5404255319148936,0.4,0.5,226.6914,7.4609,2,1.0,7,0.42857142857142855,20,15,5,0.75,0.25,1
1326,770121,2014-10-08,2,India,44,West Indies,108,Nehru Stadium,311,173,290,0.596551724137931,0.75,0.6666666666666666,237.4918,6.7279,216,86,202,0.42574257425742573,0.6,0.6,208.4791,7.386,7,0.7142857142857143,1,0.0,32,18,13,0.5806451612903226,0.41935483870967744,0
1327,727921,2014-10-10,3,Australia,30,Pakistan,185,Dubai International Cricket Stadium,291,190,272,0.6985294117647058,0.4,0.6,241.453,6.5122,244,127,236,0.538135593220339,0.2,0.4,226.4262,7.4713,0,0.5,10,0.4,21,16,5,0.7619047619047619,0.23809523809523808,1
1328,770123,2014-10-11,2,India,44,West Indies,122,Feroz Shah Kotla,312,173,291,0.5945017182130584,0.6,0.5555555555555556,237.3595,6.7386,217,87,203,0.42857142857142855,0.8,0.7,209.0,7.3796,6,1.0,2,0.5,33,18,14,0.5625,0.4375,1
1329,727923,2014-10-12,3,Australia,30,Pakistan,127,Sheikh Zayed Stadium,292,191,273,0.6996336996336996,0.6,0.6,241.3681,6.5069,245,127,237,0.5358649789029536,0.2,0.3,226.3796,7.4816,4,0.5,20,0.45,22,17,5,0.7727272727272727,0.22727272727272727,1
1331,770127,2014-10-17,2,India,44,West Indies,201,Himachal Pradesh Cricket Association Stadium,313,174,292,0.5958904109589042,0.6,0.6666666666666666,237.443,6.7394,218,87,204,0.4264705882352941,0.8,0.7,209.0276,7.3917,1,0.0,0,0.5,34,19,14,0.5757575757575758,0.42424242424242425,1
1333,749771,2014-10-21,6,New Zealand,36,South Africa,215,Bay Oval,199,95,185,0.5135135135135135,1.0,0.6666666666666666,219.6406,7.2552,212,129,201,0.6417910447761194,0.8,0.8,236.1005,6.4689,0,0.5,0,0.5,19,8,10,0.4444444444444444,0.5555555555555556,0
1335,749773,2014-10-24,6,New Zealand,36,South Africa,215,Bay Oval,200,95,186,0.510752688172043,0.75,0.6666666666666666,219.6943,7.2694,213,130,202,0.6435643564356436,0.8,0.9,236.1,6.4571,1,0.0,1,1.0,20,8,11,0.42105263157894735,0.5789473684210527,0
1337,792289,2014-11-02,2,India,7,Sri Lanka,175,Barabati Stadium,314,175,293,0.5972696245733788,0.6,0.7777777777777778,237.7435,6.737,285,146,269,0.5427509293680297,0.6,0.6,222.2786,7.2,3,1.0,1,0.0,63,38,20,0.6551724137931034,0.3448275862068966,1
1338,792291,2014-11-06,2,India,7,Sri Lanka,138,"Sardar Patel Stadium, Motera",315,176,294,0.5986394557823129,0.6,0.7777777777777778,238.1489,6.7314,286,146,270,0.5407407407407407,0.4,0.5,222.1779,7.21,4,0.25,2,0.5,64,39,20,0.6610169491525424,0.3389830508474576,1
1339,792293,2014-11-09,2,India,7,Sri Lanka,111,"Rajiv Gandhi International Stadium, Uppal",316,177,295,0.6,0.8,0.7777777777777778,238.2677,6.7226,287,146,271,0.5387453874538746,0.4,0.5,222.3617,7.2128,4,0.25,0,0.5,65,40,20,0.6666666666666666,0.3333333333333333,1
1342,792295,2014-11-13,2,India,7,Sri Lanka,1,Eden Gardens,317,178,296,0.6013513513513513,1.0,0.8,238.2894,6.7138,288,146,272,0.5367647058823529,0.4,0.4,222.4311,7.2226,4,0.6666666666666666,2,0.0,66,41,20,0.6721311475409836,0.32786885245901637,1
1343,754723,2014-11-14,3,Australia,36,South Africa,115,Western Australia Cricket Association Ground,293,192,274,0.7007299270072993,0.8,0.6,241.3322,6.5156,215,131,203,0.645320197044335,1.0,0.8888888888888888,235.9434,6.4528,12,0.75,2,1.0,27,13,14,0.48148148148148145,0.5185185185185185,1
1344,754725,2014-11-16,3,Australia,36,South Africa,115,Western Australia Cricket Association Ground,294,193,275,0.7018181818181818,0.8,0.7,241.5345,6.5207,216,131,204,0.6421568627450981,0.75,0.7777777777777778,236.0939,6.4695,13,0.7692307692307693,3,0.6666666666666666,28,14,14,0.5,0.5,0
1346,792297,2014-11-16,2,India,7,Sri Lanka,200,JSCA International Stadium Complex,318,179,297,0.6026936026936027,1.0,0.8,238.8205,6.7083,289,146,273,0.5347985347985348,0.2,0.3,222.5317,7.2324,2,1.0,0,0.5,67,42,20,0.6774193548387096,0.3225806451612903,1
1348,754727,2014-11-19,3,Australia,36,South Africa,202,Manuka Oval,295,193,276,0.6992753623188406,0.8,0.6,241.2337,6.5326,217,132,205,0.6439024390243903,0.75,0.7777777777777778,235.7243,6.472,1,1.0,0,0.5,29,14,15,0.4827586206896552,0.5172413793103449,1
1349,754729,2014-11-21,3,Australia,36,South Africa,14,Melbourne Cricket Ground,296,194,277,0.7003610108303249,0.8,0.6,241.5342,6.5274,218,132,206,0.6407766990291263,0.5,0.6666666666666666,235.8186,6.4837,23,0.6818181818181818,1,1.0,30,15,15,0.5,0.5,1
1350,760787,2014-11-21,12,Bangladesh,46,Zimbabwe,186,Zahur Ahmed Chowdhury Stadium,176,54,173,0.31213872832369943,0.0,0.0,195.3333,7.9828,155,30,150,0.2,0.2,0.2,195.8224,8.3421,5,0.8,1,0.0,33,22,11,0.6666666666666666,0.3333333333333333,1
1351,754731,2014-11-23,3,Australia,36,South Africa,9,Sydney Cricket Ground,297,195,278,0.7014388489208633,0.8,0.7,241.6246,6.529,219,132,207,0.6376811594202898,0.25,0.5555555555555556,235.963,6.4907,29,0.6923076923076923,2,0.5,31,16,15,0.5161290322580645,0.4838709677419355,1
1352,760789,2014-11-23,12,Bangladesh,46,Zimbabwe,186,Zahur Ahmed Chowdhury Stadium,177,55,174,0.3160919540229885,0.25,0.1111111111111111,195.8229,7.9771,156,30,151,0.1986754966887417,0.2,0.1,195.8105,8.3529,6,0.8333333333333334,2,0.0,34,23,11,0.6764705882352942,0.3235294117647059,1
1353,750663,2014-11-26,7,Sri Lanka,5,England,121,R Premadasa Stadium,290,146,274,0.5328467153284672,0.0,0.3,222.7544,7.2351,252,117,237,0.4936708860759494,0.2,0.4,221.004,7.152,34,0.5161290322580645,3,0.3333333333333333,28,17,11,0.6071428571428571,0.39285714285714285,1
1354,760791,2014-11-26,12,Bangladesh,46,Zimbabwe,143,Shere Bangla National Stadium,178,56,175,0.32,0.4,0.2222222222222222,196.1364,7.9716,157,30,152,0.19736842105263158,0.2,0.1,195.7273,8.3636,55,0.3333333333333333,10,0.3,35,24,11,0.6857142857142857,0.3142857142857143,1
1355,760793,2014-11-28,12,Bangladesh,46,Zimbabwe,143,Shere Bangla National Stadium,179,57,176,0.32386363636363635,0.6,0.3333333333333333,196.7062,7.9605,158,30,153,0.19607843137254902,0.2,0.1,195.5806,8.3742,56,0.34545454545454546,11,0.2727272727272727,36,25,11,0.6944444444444444,0.3055555555555556,1
1356,750665,2014-11-29,7,Sri Lanka,5,England,121,R Premadasa Stadium,291,147,275,0.5345454545454545,0.2,0.3,223.0839,7.2308,253,117,238,0.49159663865546216,0.2,0.3,221.2869,7.1633,35,0.53125,4,0.25,29,18,11,0.6206896551724138,0.3793103448275862,1
1357,760795,2014-12-01,12,Bangladesh,46,Zimbabwe,143,Shere Bangla National Stadium,180,58,177,0.327683615819209,0.8,0.4444444444444444,197.0393,7.9607,159,30,154,0.19480519480519481,0.0,0.1,195.8333,8.3718,57,0.35714285714285715,12,0.25,37,26,11,0.7027027027027027,0.2972972972972973,1
1358,750667,2014-12-03,7,Sri Lanka,5,England,187,"Mahinda Rajapaksa International Cricket Stadium, Sooriyawewa",292,148,276,0.5362318840579711,0.4,0.4,222.9547,7.2125,254,117,239,0.4895397489539749,0.2,0.2,221.1429,7.1746,14,0.5454545454545454,0,0.5,30,19,11,0.6333333333333333,0.36666666666666664,0
1359,750669,2014-12-07,7,Sri Lanka,5,England,121,R Premadasa Stadium,293,148,277,0.5342960288808665,0.4,0.4,223.0208,7.2153,255,118,240,0.49166666666666664,0.4,0.3,221.2016,7.166,36,0.5454545454545454,5,0.2,31,19,12,0.6129032258064516,0.3870967741935484,1
1360,742619,2014-12-08,6,New Zealand,30,Pakistan,185,Dubai International Cricket Stadium,202,95,187,0.5080213903743316,0.5,0.625,219.6443,7.2835,246,127,238,0.5336134453781513,0.0,0.3,226.3943,7.4919,0,0.5,11,0.36363636363636365,18,10,7,0.5882352941176471,0.4117647058823529,0
1361,750671,2014-12-10,7,Sri Lanka,5,England,188,Pallekele International Cricket Stadium,294,149,278,0.5359712230215827,0.6,0.4,223.173,7.2042,256,118,241,0.4896265560165975,0.4,0.2,221.374,7.1772,11,0.5454545454545454,0,0.5,32,20,12,0.625,0.375,0
1362,742621,2014-12-12,6,New Zealand,30,Pakistan,190,Sharjah Cricket Stadium,203,95,188,0.5053191489361702,0.25,0.5,219.7795,7.2821,247,128,239,0.5355648535564853,0.2,0.4,226.4899,7.4899,0,0.5,8,0.375,19,10,8,0.5555555555555556,0.4444444444444444,1
1363,750673,2014-12-13,7,Sri Lanka,5,England,188,Pallekele International Cricket Stadium,295,149,279,0.5340501792114696,0.6,0.3,223.2276,7.2138,257,119,242,0.49173553719008267,0.4,0.3,221.4471,7.1686,12,0.5,1,1.0,33,20,13,0.6060606060606061,0.3939393939393939,1
1364,742623,2014-12-14,6,New Zealand,30,Pakistan,190,Sharjah Cricket Stadium,204,96,189,0.5079365079365079,0.25,0.625,219.9592,7.2755,248,128,240,0.5333333333333333,0.2,0.3,226.5927,7.5,1,1.0,9,0.3333333333333333,20,11,8,0.5789473684210527,0.42105263157894735,0
1365,750675,2014-12-16,7,Sri Lanka,5,England,121,R Premadasa Stadium,296,150,280,0.5357142857142857,0.6,0.4,223.4639,7.2131,258,119,243,0.4897119341563786,0.4,0.3,221.3711,7.1797,37,0.5588235294117647,6,0.16666666666666666,34,21,13,0.6176470588235294,0.38235294117647056,1
1366,742625,2014-12-17,6,New Zealand,30,Pakistan,127,Sheikh Zayed Stadium,205,96,190,0.5052631578947369,0.25,0.5,219.9442,7.2893,249,129,241,0.5352697095435685,0.4,0.3,227.1446,7.498,3,0.6666666666666666,21,0.42857142857142855,21,11,9,0.55,0.45,1
1367,742627,2014-12-19,6,New Zealand,30,Pakistan,127,Sheikh Zayed Stadium,206,97,191,0.5078534031413613,0.5,0.5,220.3434,7.2778,250,129,242,0.5330578512396694,0.4,0.3,227.404,7.5,4,0.75,22,0.4090909090909091,22,12,9,0.5714285714285714,0.42857142857142855,1
1368,749781,2015-01-11,6,New Zealand,7,Sri Lanka,213,Hagley Oval,207,98,192,0.5104166666666666,0.6,0.5555555555555556,220.6181,7.2613,297,151,281,0.5373665480427047,0.6,0.5,223.7329,7.2089,0,0.5,0,0.5,25,8,14,0.36363636363636365,0.6363636363636364,1
1370,810829,2015-01-12,20,Ireland,34,Scotland,185,Dubai International Cricket Stadium,45,15,40,0.375,0.4,0.4444444444444444,186.1556,7.6889,20,6,18,0.3333333333333333,0.4,0.4,175.55,7.55,0,0.5,0,0.5,6,5,1,0.8333333333333334,0.16666666666666666,1
1372,749783,2015-01-15,6,New Zealand,7,Sri Lanka,151,Seddon Park,208,99,193,0.5129533678756477,0.8,0.5555555555555556,220.61,7.26,298,151,282,0.5354609929078015,0.6,0.5,223.7133,7.215,10,0.5555555555555556,0,0.5,26,9,14,0.391304347826087,0.6086956521739131,0
1373,722339,2015-01-16,36,South Africa,44,West Indies,62,Kingsmead,220,132,208,0.6346153846153846,0.2,0.5555555555555556,236.1659,6.4885,219,87,205,0.424390243902439,0.6,0.6,209.3119,7.4037,14,0.5454545454545454,2,0.0,21,15,4,0.7894736842105263,0.21052631578947367,1
1374,754751,2015-01-16,3,Australia,5,England,9,Sydney Cricket Ground,298,196,279,0.7025089605734767,0.8,0.8,241.7381,6.534,259,119,244,0.48770491803278687,0.4,0.3,221.3463,7.1907,30,0.7037037037037037,7,0.2857142857142857,52,33,16,0.673469387755102,0.32653061224489793,1
1376,722341,2015-01-18,36,South Africa,44,West Indies,120,New Wanderers Stadium,221,133,209,0.6363636363636364,0.4,0.5555555555555556,236.3624,6.4954,220,87,206,0.4223300970873786,0.4,0.5,209.105,7.4155,8,0.625,4,0.0,22,16,4,0.8,0.2,1
1377,754749,2015-01-18,3,Australia,2,India,14,Melbourne Cricket Ground,299,197,280,0.7035714285714286,0.8,0.8,241.7153,6.5356,319,180,298,0.6040268456375839,1.0,0.8,238.9776,6.7093,24,0.6956521739130435,4,0.25,46,25,15,0.625,0.375,1
1378,749787,2015-01-20,6,New Zealand,7,Sri Lanka,212,Saxton Oval,210,99,194,0.5103092783505154,0.75,0.5,220.3713,7.2525,300,152,283,0.5371024734982333,0.75,0.6666666666666666,223.8095,7.2041,1,1.0,0,0.5,28,9,15,0.375,0.625,1
1379,754753,2015-01-20,5,England,2,India,87,"Brisbane Cricket Ground, Woolloongabba",260,119,245,0.4857142857142857,0.2,0.3,221.3953,7.2016,320,180,299,0.6020066889632107,0.8,0.7,239.0669,6.7134,4,0.25,5,0.3333333333333333,44,13,28,0.3170731707317073,0.6829268292682927,1
1380,722343,2015-01-21,36,South Africa,44,West Indies,91,Buffalo Park,222,134,210,0.638095238095238,0.4,0.5555555555555556,237.2877,6.4749,221,87,207,0.42028985507246375,0.2,0.4,209.4773,7.4136,3,1.0,0,0.5,23,17,4,0.8095238095238095,0.19047619047619047,1
1381,749789,2015-01-23,6,New Zealand,7,Sri Lanka,182,University Oval,211,100,195,0.5128205128205128,0.75,0.625,220.665,7.2463,301,152,284,0.5352112676056338,0.5,0.5555555555555556,223.9864,7.2136,2,1.0,0,0.5,29,10,15,0.4,0.6,1
1382,754755,2015-01-23,3,Australia,5,England,59,Bellerive Oval,300,198,281,0.7046263345195729,1.0,0.9,241.8074,6.5338,261,120,246,0.4878048780487805,0.4,0.4,221.1429,7.1776,7,0.8571428571428571,2,0.5,53,34,16,0.68,0.32,1
1383,722345,2015-01-25,36,South Africa,44,West Indies,90,St George's Park,223,135,211,0.6398104265402843,0.6,0.5555555555555556,236.7727,6.45,222,87,208,0.4182692307692308,0.0,0.4,209.0814,7.4253,13,0.6666666666666666,1,0.0,24,18,4,0.8181818181818182,0.18181818181818182,0
1384,749791,2015-01-25,6,New Zealand,7,Sri Lanka,182,University Oval,212,101,196,0.5153061224489796,0.75,0.6666666666666666,221.348,7.2353,302,152,285,0.5333333333333333,0.25,0.4444444444444444,224.0811,7.223,3,1.0,1,0.0,30,11,15,0.4230769230769231,0.5769230769230769,1
1386,722347,2015-01-28,36,South Africa,44,West Indies,63,SuperSport Park,224,135,212,0.6367924528301887,0.6,0.4444444444444444,236.8869,6.457,223,88,209,0.42105263157894735,0.2,0.5,209.3378,7.4324,18,0.6470588235294118,2,0.5,25,18,5,0.782608695652174,0.21739130434782608,1
1387,749793,2015-01-29,6,New Zealand,7,Sri Lanka,114,Westpac Stadium,213,102,197,0.5177664974619289,0.75,0.7777777777777778,221.8049,7.239,303,152,286,0.5314685314685315,0.25,0.4444444444444444,223.9832,7.2323,10,0.8888888888888888,1,0.0,31,12,15,0.4444444444444444,0.5555555555555556,0
1388,754759,2015-01-30,5,England,2,India,115,Western Australia Cricket Association Ground,262,120,247,0.48582995951417,0.2,0.3,221.4577,7.1808,322,180,300,0.6,0.5,0.7777777777777778,238.2563,6.7089,3,0.3333333333333333,1,1.0,45,14,28,0.3333333333333333,0.6666666666666666,1
1389,749795,2015-01-31,6,New Zealand,30,Pakistan,114,Westpac Stadium,214,102,198,0.5151515151515151,0.75,0.6666666666666666,221.9563,7.2524,251,129,243,0.5308641975308642,0.4,0.2,227.3227,7.51,11,0.8,1,0.0,23,13,9,0.5909090909090909,0.4090909090909091,1
1390,754761,2015-02-01,3,Australia,5,England,115,Western Australia Cricket Association Ground,302,199,282,0.7056737588652482,1.0,0.8888888888888888,242.0168,6.5354,263,121,248,0.4879032258064516,0.4,0.4,221.3793,7.1801,14,0.7142857142857143,4,0.5,54,35,16,0.6862745098039216,0.3137254901960784,1
1391,749797,2015-02-03,6,New Zealand,30,Pakistan,119,McLean Park,215,103,199,0.5175879396984925,0.8,0.7777777777777778,221.913,7.2319,252,129,244,0.5286885245901639,0.2,0.2,227.254,7.5198,12,0.5454545454545454,1,1.0,24,14,9,0.6086956521739131,0.391304347826087,1
1392,656399,2015-02-14,6,New Zealand,7,Sri Lanka,213,Hagley Oval,216,104,200,0.52,0.8,0.7777777777777778,222.6202,7.2212,304,153,287,0.5331010452961672,0.25,0.4444444444444444,224.1946,7.2282,1,1.0,1,0.0,32,12,16,0.42857142857142855,0.5714285714285714,1
1393,656401,2015-02-14,3,Australia,5,England,14,Melbourne Cricket Ground,303,200,283,0.7067137809187279,1.0,0.8888888888888888,242.1376,6.5403,264,121,249,0.4859437751004016,0.4,0.4,221.1679,7.1908,25,0.7083333333333334,5,0.2,55,36,16,0.6923076923076923,0.3076923076923077,1
1394,656403,2015-02-15,36,South Africa,46,Zimbabwe,151,Seddon Park,225,136,213,0.6384976525821596,0.8,0.5,237.4459,6.4505,160,30,155,0.1935483870967742,0.0,0.1,195.4013,8.3822,1,0.5,0,0.5,21,21,0,1.0,0.0,1
1395,656405,2015-02-15,2,India,30,Pakistan,13,Adelaide Oval,323,180,301,0.5980066445182725,0.25,0.6666666666666666,238.1356,6.7192,253,129,245,0.5265306122448979,0.2,0.2,227.3439,7.5296,4,0.6666666666666666,1,0.0,36,19,17,0.5277777777777778,0.4722222222222222,1
1396,656407,2015-02-16,20,Ireland,44,West Indies,212,Saxton Oval,46,16,41,0.3902439024390244,0.6,0.5,186.8913,7.6739,224,88,210,0.41904761904761906,0.2,0.4,209.4305,7.4439,0,0.5,1,0.0,4,0,3,0.0,1.0,1
1397,656409,2015-02-17,6,New Zealand,34,Scotland,182,University Oval,217,105,201,0.5223880597014925,0.8,0.7777777777777778,223.1388,7.2153,21,6,19,0.3157894736842105,0.2,0.4,177.4762,7.619,4,1.0,0,0.5,0,0,0,0.5,0.5,1
1398,656413,2015-02-19,40,United Arab Emirates,46,Zimbabwe,212,Saxton Oval,3,1,3,0.3333333333333333,0.3333333333333333,0.3333333333333333,170.0,9.3333,161,30,156,0.19230769230769232,0.0,0.1,195.9177,8.3924,0,0.5,0,0.5,0,0,0,0.5,0.5,0
1399,656415,2015-02-20,6,New Zealand,5,England,114,Westpac Stadium,218,106,202,0.5247524752475248,0.8,0.7777777777777778,222.7714,7.2143,265,121,250,0.484,0.4,0.3,221.2053,7.2015,12,0.8181818181818182,1,0.0,24,14,8,0.6363636363636364,0.36363636363636365,1
1400,656417,2015-02-21,30,Pakistan,44,West Indies,213,Hagley Oval,254,129,246,0.524390243902439,0.0,0.2,227.3307,7.5394,225,88,211,0.41706161137440756,0.2,0.3,209.8527,7.442,0,0.5,0,0.5,25,17,7,0.7083333333333334,0.2916666666666667,0
1401,656423,2015-02-22,2,India,36,South Africa,14,Melbourne Cricket Ground,324,181,302,0.5993377483443708,0.25,0.6666666666666666,238.3302,6.7201,226,137,214,0.6401869158878505,0.8,0.6,237.9013,6.4395,5,0.2,2,0.5,23,8,13,0.38095238095238093,0.6190476190476191,1
1402,656425,2015-02-23,5,England,34,Scotland,213,Hagley Oval,266,121,251,0.4820717131474104,0.2,0.3,220.8333,7.2121,22,6,20,0.3,0.2,0.3,175.8636,7.7273,0,0.5,2,1.0,1,1,0,1.0,0.0,1
1403,656427,2015-02-24,44,West Indies,46,Zimbabwe,202,Manuka Oval,226,89,212,0.419811320754717,0.4,0.3,210.2978,7.4356,162,31,157,0.19745222929936307,0.2,0.2,196.4843,8.3774,1,0.0,0,0.5,21,16,4,0.8,0.2,1
1404,656429,2015-02-25,20,Ireland,40,United Arab Emirates,87,"Brisbane Cricket Ground, Woolloongabba",47,17,42,0.40476190476190477,0.8,0.6,189.4468,7.6383,4,1,4,0.25,0.25,0.25,198.75,8.75,0,0.5,0,0.5,0,0,0,0.5,0.5,1
1405,656433,2015-02-26,12,Bangladesh,7,Sri Lanka,14,Melbourne Cricket Ground,181,59,178,0.33146067415730335,1.0,0.5555555555555556,196.6648,7.9441,305,153,288,0.53125,0.2,0.4444444444444444,224.2241,7.2375,0,0.5,6,0.5,24,4,19,0.17391304347826086,0.8260869565217391,0
1406,656435,2015-02-27,36,South Africa,44,West Indies,9,Sydney Cricket Ground,227,137,215,0.6372093023255814,0.6,0.5,237.6295,6.4554,227,90,213,0.4225352112676056,0.6,0.3,211.0133,7.4115,3,0.3333333333333333,2,0.0,26,19,5,0.7916666666666666,0.20833333333333334,1
1407,656437,2015-02-28,6,New Zealand,3,Australia,58,Eden Park,219,107,203,0.5270935960591133,1.0,0.8888888888888888,222.3081,7.1896,304,201,284,0.7077464788732394,1.0,0.8888888888888888,242.4716,6.5485,17,0.3333333333333333,5,0.8,34,8,23,0.25806451612903225,0.7419354838709677,1
1408,656439,2015-02-28,2,India,40,United Arab Emirates,115,Western Australia Cricket Association Ground,325,182,303,0.6006600660066007,0.5,0.6666666666666666,238.5455,6.721,5,1,5,0.2,0.2,0.2,214.6,8.8,2,0.5,0,0.5,0,0,0,0.5,0.5,1
1409,656441,2015-03-01,5,England,7,Sri Lanka,114,Westpac Stadium,267,122,252,0.48412698412698413,0.4,0.3,221.1434,7.2151,306,154,289,0.532871972318339,0.4,0.4444444444444444,224.5833,7.2167,2,0.0,2,0.5,35,13,22,0.37142857142857144,0.6285714285714286,0
1410,656443,2015-03-01,30,Pakistan,46,Zimbabwe,87,"Brisbane Cricket Ground, Woolloongabba",255,129,247,0.5222672064777328,0.0,0.2,227.0667,7.549,163,31,158,0.1962025316455696,0.2,0.2,197.0625,8.3875,2,0.5,0,0.5,18,16,1,0.9411764705882353,0.058823529411764705,1
1411,656445,2015-03-03,20,Ireland,36,South Africa,202,Manuka Oval,48,18,43,0.4186046511627907,0.8,0.6,191.3125,7.6458,228,138,216,0.6388888888888888,0.6,0.6,238.3867,6.4489,0,0.5,1,0.0,3,0,3,0.0,1.0,0
1412,656447,2015-03-04,30,Pakistan,40,United Arab Emirates,119,McLean Park,256,130,248,0.5241935483870968,0.2,0.3,227.0977,7.5469,6,1,6,0.16666666666666666,0.2,0.16666666666666666,195.8333,9.0,2,0.5,0,0.5,0,0,0,0.5,0.5,1
1413,656451,2015-03-05,12,Bangladesh,34,Scotland,212,Saxton Oval,182,59,179,0.329608938547486,0.8,0.5555555555555556,196.9056,7.9556,23,6,21,0.2857142857142857,0.2,0.3,176.2174,7.8261,0,0.5,0,0.5,0,0,0,0.5,0.5,1
1414,656453,2015-03-06,2,India,44,West Indies,115,Western Australia Cricket Association Ground,326,183,304,0.6019736842105263,0.75,0.6666666666666666,238.125,6.7031,228,90,214,0.4205607476635514,0.4,0.3,210.7489,7.4229,3,0.6666666666666666,2,0.0,35,20,14,0.5882352941176471,0.4117647058823529,1
1415,656455,2015-03-07,30,Pakistan,36,South Africa,58,Eden Park,257,131,249,0.5261044176706827,0.4,0.3,227.5331,7.5409,229,139,217,0.6405529953917051,0.8,0.7,239.1504,6.4381,2,0.0,1,1.0,35,12,22,0.35294117647058826,0.6470588235294118,1
1416,656457,2015-03-07,20,Ireland,46,Zimbabwe,59,Bellerive Oval,49,18,44,0.4090909090909091,0.6,0.6,191.6939,7.6939,164,31,159,0.1949685534591195,0.2,0.1,197.1739,8.3975,0,0.5,2,0.0,2,0,1,0.0,1.0,1
1417,656461,2015-03-08,3,Australia,7,Sri Lanka,9,Sydney Cricket Ground,305,201,285,0.7052631578947368,0.75,0.8888888888888888,242.1667,6.56,307,155,290,0.5344827586206896,0.6,0.4444444444444444,224.8738,7.196,32,0.7142857142857143,8,0.7142857142857143,42,24,16,0.6,0.4,1
1418,656463,2015-03-09,12,Bangladesh,5,England,13,Adelaide Oval,183,60,180,0.3333333333333333,0.8,0.6,197.5967,7.9337,268,122,253,0.48221343873517786,0.2,0.3,221.4737,7.2105,0,0.5,6,0.3333333333333333,13,2,11,0.15384615384615385,0.8461538461538461,1
1419,656465,2015-03-10,2,India,20,Ireland,151,Seddon Park,327,184,305,0.6032786885245902,0.8,0.6666666666666666,237.9595,6.7009,50,19,45,0.4222222222222222,0.8,0.6,194.48,7.7,3,0.3333333333333333,0,0.5,2,2,0,1.0,0.0,1
1420,656467,2015-03-11,34,Scotland,7,Sri Lanka,59,Bellerive Oval,24,6,22,0.2727272727272727,0.2,0.3,182.125,7.8333,308,155,291,0.5326460481099656,0.6,0.4444444444444444,225.1623,7.202,0,0.5,5,0.4,0,0,0,0.5,0.5,0
1421,656469,2015-03-12,36,South Africa,40,United Arab Emirates,114,Westpac Stadium,230,139,218,0.6376146788990825,0.6,0.7,238.9868,6.4537,7,1,7,0.14285714285714285,0.2,0.14285714285714285,197.8571,8.8571,1,1.0,0,0.5,0,0,0,0.5,0.5,1
1422,656471,2015-03-13,6,New Zealand,12,Bangladesh,151,Seddon Park,220,108,204,0.5294117647058824,1.0,0.9,221.9764,7.1981,184,61,181,0.3370165745856354,0.8,0.7,198.022,7.9286,11,0.5,0,0.5,16,9,7,0.5625,0.4375,1
1423,656475,2015-03-14,2,India,46,Zimbabwe,58,Eden Park,328,185,306,0.6045751633986928,1.0,0.6666666666666666,238.028,6.6863,165,31,160,0.19375,0.2,0.1,197.9691,8.4074,2,0.0,0,0.5,12,10,2,0.8333333333333334,0.16666666666666666,1
1424,656477,2015-03-14,3,Australia,34,Scotland,59,Bellerive Oval,306,202,286,0.7062937062937062,0.75,0.8888888888888888,242.6113,6.5681,25,6,23,0.2608695652173913,0.0,0.2,183.44,7.92,8,0.875,1,0.0,1,1,0,1.0,0.0,1
1425,656479,2015-03-15,40,United Arab Emirates,44,West Indies,119,McLean Park,8,1,8,0.125,0.0,0.125,197.5,8.875,229,90,215,0.4186046511627907,0.4,0.3,210.6228,7.4342,1,0.0,1,0.0,0,0,0,0.5,0.5,0
1426,656481,2015-03-15,20,Ireland,30,Pakistan,13,Adelaide Oval,51,19,46,0.41304347826086957,0.6,0.6,195.7451,7.7451,258,132,250,0.528,0.6,0.4,227.5116,7.5504,0,0.5,2,0.0,3,1,1,0.5,0.5,0
1428,656483,2015-03-18,36,South Africa,7,Sri Lanka,9,Sydney Cricket Ground,231,140,219,0.639269406392694,0.6,0.7,239.4342,6.4518,309,156,292,0.5342465753424658,0.6,0.4444444444444444,225.6172,7.2079,4,0.5,9,0.625,23,10,12,0.45454545454545453,0.5454545454545454,1
1429,656485,2015-03-19,12,Bangladesh,2,India,14,Melbourne Cricket Ground,185,61,182,0.33516483516483514,0.6,0.7,198.5137,7.9235,329,186,307,0.6058631921824105,1.0,0.6666666666666666,238.1827,6.678,1,0.0,6,0.3333333333333333,16,2,13,0.13333333333333333,0.8666666666666667,0
1430,656487,2015-03-20,3,Australia,30,Pakistan,13,Adelaide Oval,307,203,287,0.7073170731707317,0.8,0.8888888888888888,242.2483,6.5563,259,133,251,0.5298804780876494,0.8,0.4,227.5637,7.5328,17,0.6470588235294118,3,0.3333333333333333,23,18,5,0.782608695652174,0.21739130434782608,1
1431,656489,2015-03-21,6,New Zealand,44,West Indies,114,Westpac Stadium,221,109,205,0.5317073170731708,1.0,0.9,222.2958,7.1972,230,91,216,0.4212962962962963,0.6,0.4,210.4716,7.4192,13,0.8333333333333334,2,0.0,19,11,7,0.6111111111111112,0.3888888888888889,1
1432,656491,2015-03-24,6,New Zealand,36,South Africa,58,Eden Park,222,110,206,0.5339805825242718,1.0,0.9,223.0935,7.1916,232,141,220,0.6409090909090909,0.8,0.7,238.9738,6.4279,18,0.375,2,0.5,22,8,12,0.4,0.6,1
1433,656493,2015-03-26,3,Australia,2,India,9,Sydney Cricket Ground,308,204,288,0.7083333333333334,0.8,0.8888888888888888,242.1617,6.5479,330,187,308,0.6071428571428571,1.0,0.7777777777777778,238.3796,6.6759,33,0.7241379310344828,6,0.2,48,26,15,0.6341463414634146,0.36585365853658536,1
1434,656495,2015-03-29,3,Australia,6,New Zealand,14,Melbourne Cricket Ground,309,205,289,0.7093425605536332,0.8,0.8888888888888888,242.4441,6.5493,223,111,207,0.5362318840579711,1.0,0.9,223.4465,7.186,26,0.72,2,0.5,35,23,9,0.71875,0.28125,1
1435,858485,2015-04-17,12,Bangladesh,30,Pakistan,143,Shere Bangla National Stadium,186,61,183,0.3333333333333333,0.4,0.7,198.4837,7.9348,260,133,252,0.5277777777777778,0.8,0.4,227.5077,7.5423,58,0.3684210526315789,13,0.7692307692307693,18,0,18,0.0,1.0,1
1436,858487,2015-04-19,12,Bangladesh,30,Pakistan,143,Shere Bangla National Stadium,187,62,184,0.33695652173913043,0.6,0.7,199.1892,7.9243,261,133,253,0.525691699604743,0.6,0.4,227.5939,7.5517,59,0.3793103448275862,14,0.7142857142857143,19,1,18,0.05263157894736842,0.9473684210526315,1
1437,858489,2015-04-22,12,Bangladesh,30,Pakistan,143,Shere Bangla National Stadium,188,63,185,0.34054054054054056,0.6,0.7,199.4086,7.8978,262,133,254,0.5236220472440944,0.4,0.4,227.6374,7.5458,60,0.3898305084745763,15,0.6666666666666666,20,2,18,0.1,0.9,1
1439,868727,2015-05-26,30,Pakistan,46,Zimbabwe,68,Gaddafi Stadium,263,133,255,0.5215686274509804,0.2,0.4,227.7224,7.5551,166,31,161,0.19254658385093168,0.2,0.1,198.5153,8.4172,12,0.3333333333333333,0,0.5,19,17,1,0.9444444444444444,0.05555555555555555,1
1440,868729,2015-05-29,30,Pakistan,46,Zimbabwe,68,Gaddafi Stadium,264,134,256,0.5234375,0.2,0.5,228.2803,7.5379,167,31,162,0.19135802469135801,0.0,0.1,199.3415,8.3963,13,0.38461538461538464,1,0.0,20,18,1,0.9473684210526315,0.05263157894736842,1
1442,743943,2015-06-09,5,England,6,New Zealand,81,Edgbaston,270,122,254,0.48031496062992124,0.25,0.3333333333333333,221.618,7.221,224,111,208,0.5336538461538461,0.8,0.9,223.2593,7.1991,14,0.6363636363636364,2,0.5,25,8,15,0.34782608695652173,0.6521739130434783,1
1443,743945,2015-06-12,5,England,6,New Zealand,80,Kennington Oval,271,123,255,0.4823529411764706,0.5,0.3333333333333333,222.3134,7.2276,225,111,209,0.5311004784688995,0.6,0.8,223.1429,7.212,19,0.5263157894736842,3,0.6666666666666666,26,9,15,0.375,0.625,0
1444,743947,2015-06-14,5,England,6,New Zealand,82,The Rose Bowl,272,123,256,0.48046875,0.25,0.3333333333333333,222.8439,7.2342,226,112,210,0.5333333333333333,0.6,0.8,223.945,7.2018,11,0.5454545454545454,1,1.0,27,9,16,0.36,0.64,0
1445,743949,2015-06-17,5,England,6,New Zealand,74,Trent Bridge,273,123,257,0.4785992217898833,0.25,0.2222222222222222,223.137,7.2444,227,113,211,0.5355450236966824,0.6,0.8,224.3196,7.2009,12,0.5,1,0.0,28,9,17,0.34615384615384615,0.6538461538461539,1
1446,870731,2015-06-18,12,Bangladesh,2,India,143,Shere Bangla National Stadium,189,64,186,0.34408602150537637,0.6,0.7,199.6845,7.8663,331,187,309,0.6051779935275081,0.8,0.7777777777777778,238.3631,6.6862,61,0.4,18,0.7058823529411765,17,2,14,0.125,0.875,1
1447,743951,2015-06-20,5,England,6,New Zealand,75,Riverside Ground,274,124,258,0.4806201550387597,0.5,0.3333333333333333,223.6052,7.2288,228,113,212,0.5330188679245284,0.4,0.7,224.8864,7.2,9,0.5,2,0.5,29,10,17,0.37037037037037035,0.6296296296296297,1
1448,870733,2015-06-21,12,Bangladesh,2,India,143,Shere Bangla National Stadium,190,65,187,0.34759358288770054,0.8,0.7,200.2553,7.8777,332,187,310,0.603225806451613,0.6,0.7,238.3313,6.6963,62,0.4098360655737705,19,0.6666666666666666,18,3,14,0.17647058823529413,0.8235294117647058,1
1449,870735,2015-06-24,12,Bangladesh,2,India,143,Shere Bangla National Stadium,191,66,188,0.35106382978723405,1.0,0.7,200.254,7.8571,333,187,311,0.6012861736334405,0.4,0.7,238.2141,6.7064,63,0.41935483870967744,20,0.631578947368421,19,4,14,0.2222222222222222,0.7777777777777778,0
1452,817207,2015-07-10,12,Bangladesh,36,South Africa,143,Shere Bangla National Stadium,192,66,189,0.3492063492063492,0.8,0.7,200.4632,7.8684,233,141,221,0.6380090497737556,0.6,0.6,239.1565,6.4217,64,0.4126984126984127,4,0.75,7,1,6,0.14285714285714285,0.8571428571428571,0
1453,885959,2015-07-10,46,Zimbabwe,2,India,16,Harare Sports Club,169,31,163,0.1901840490797546,0.0,0.1111111111111111,198.9639,8.3373,334,188,312,0.6025641025641025,0.4,0.7,238.4543,6.7043,44,0.25,9,0.6666666666666666,13,2,11,0.15384615384615385,0.8461538461538461,0
1454,860269,2015-07-11,7,Sri Lanka,30,Pakistan,32,Rangiri Dambulla International Stadium,310,156,293,0.5324232081911263,0.6,0.4,225.3125,7.2171,266,135,257,0.5252918287937743,0.5,0.5555555555555556,228.688,7.5301,26,0.68,10,0.2,41,19,20,0.48717948717948717,0.5128205128205128,0
1455,817209,2015-07-12,12,Bangladesh,36,South Africa,143,Shere Bangla National Stadium,193,66,190,0.3473684210526316,0.6,0.6,200.2513,7.8796,234,142,222,0.6396396396396397,0.6,0.7,238.8312,6.4026,65,0.40625,5,0.8,8,1,7,0.125,0.875,1
1456,885965,2015-07-12,46,Zimbabwe,2,India,16,Harare Sports Club,170,31,164,0.18902439024390244,0.0,0.1111111111111111,199.2754,8.3293,335,189,313,0.6038338658146964,0.4,0.7,238.5046,6.7021,45,0.24444444444444444,10,0.7,14,2,12,0.14285714285714285,0.8571428571428571,0
1457,885967,2015-07-14,46,Zimbabwe,2,India,16,Harare Sports Club,171,31,165,0.18787878787878787,0.0,0.1111111111111111,199.3333,8.3393,336,190,314,0.6050955414012739,0.6,0.7,238.603,6.7061,46,0.2391304347826087,11,0.7272727272727273,15,2,13,0.13333333333333333,0.8666666666666667,0
1458,817211,2015-07-15,12,Bangladesh,36,South Africa,186,Zahur Ahmed Chowdhury Stadium,194,67,191,0.3507853403141361,0.6,0.6,200.0781,7.8542,235,142,223,0.6367713004484304,0.6,0.6,238.5,6.4181,7,0.8571428571428571,0,0.5,9,2,7,0.2222222222222222,0.7777777777777778,1
1459,860271,2015-07-15,7,Sri Lanka,30,Pakistan,188,Pallekele International Cricket Stadium,311,156,294,0.5306122448979592,0.4,0.4,225.4098,7.2197,267,136,258,0.5271317829457365,0.75,0.5555555555555556,228.8015,7.5169,13,0.5384615384615384,4,0.5,42,19,21,0.475,0.525,1
1460,860273,2015-07-19,7,Sri Lanka,30,Pakistan,121,R Premadasa Stadium,312,157,295,0.5322033898305085,0.4,0.5,225.6144,7.2222,268,136,259,0.525096525096525,0.75,0.4444444444444444,229.0187,7.5187,38,0.5714285714285714,10,0.75,43,20,21,0.4878048780487805,0.5121951219512195,0
1462,860275,2015-07-22,7,Sri Lanka,30,Pakistan,121,R Premadasa Stadium,313,157,296,0.5304054054054054,0.4,0.5,225.4691,7.2313,269,137,260,0.5269230769230769,0.75,0.4444444444444444,229.342,7.5056,39,0.5555555555555556,11,0.7777777777777778,44,20,22,0.47619047619047616,0.5238095238095238,0
1465,860277,2015-07-26,7,Sri Lanka,30,Pakistan,187,"Mahinda Rajapaksa International Cricket Stadium, Sooriyawewa",314,157,297,0.5286195286195287,0.2,0.4,225.5682,7.237,270,138,261,0.5287356321839081,0.75,0.5555555555555556,229.4444,7.4889,15,0.5,3,0.6666666666666666,45,20,23,0.46511627906976744,0.5348837209302325,1
1466,894287,2015-08-02,46,Zimbabwe,6,New Zealand,16,Harare Sports Club,172,31,166,0.18674698795180722,0.0,0.0,199.2959,8.3491,229,113,213,0.5305164319248826,0.4,0.6,225.1493,7.2081,47,0.23404255319148937,4,1.0,9,1,8,0.1111111111111111,0.8888888888888888,1
1467,894289,2015-08-04,46,Zimbabwe,6,New Zealand,16,Harare Sports Club,173,32,167,0.19161676646706588,0.25,0.1111111111111111,199.9118,8.3176,230,113,214,0.5280373831775701,0.4,0.5,225.5,7.1937,48,0.25,5,0.8,10,2,8,0.2,0.8,0
1468,894291,2015-08-07,46,Zimbabwe,6,New Zealand,16,Harare Sports Club,174,32,168,0.19047619047619047,0.2,0.1111111111111111,200.117,8.3216,231,114,215,0.5302325581395348,0.4,0.5,225.5471,7.1614,49,0.24489795918367346,6,0.8333333333333334,11,2,9,0.18181818181818182,0.8181818181818182,0
1469,848843,2015-08-19,36,South Africa,6,New Zealand,63,SuperSport Park,236,142,224,0.6339285714285714,0.4,0.5,238.1974,6.4292,232,115,216,0.5324074074074074,0.4,0.5,225.7589,7.1562,19,0.6666666666666666,3,0.0,23,12,9,0.5714285714285714,0.42857142857142855,1
1470,848845,2015-08-23,36,South Africa,6,New Zealand,174,Senwes Park,237,143,225,0.6355555555555555,0.4,0.6,238.4786,6.4316,233,115,217,0.5299539170506913,0.4,0.4,226.0178,7.1689,3,1.0,1,0.0,24,13,9,0.5909090909090909,0.4090909090909091,0
1471,848847,2015-08-26,36,South Africa,6,New Zealand,62,Kingsmead,238,143,226,0.6327433628318584,0.4,0.5,238.3319,6.4468,234,116,218,0.5321100917431193,0.6,0.5,225.9336,7.146,15,0.5833333333333334,2,0.0,25,13,10,0.5652173913043478,0.43478260869565216,1
1472,743973,2015-08-27,20,Ireland,3,Australia,132,"Civil Service Cricket Club, Stormont",53,19,47,0.40425531914893614,0.25,0.5555555555555556,193.8868,7.717,310,206,290,0.7103448275862069,1.0,0.8888888888888888,242.259,6.5377,8,0.16666666666666666,1,0.5,3,0,2,0.0,1.0,0
1473,743977,2015-09-03,5,England,3,Australia,82,The Rose Bowl,275,125,259,0.4826254826254826,0.6,0.4444444444444444,223.489,7.2279,311,207,291,0.711340206185567,1.0,0.8888888888888888,242.1928,6.5359,12,0.5,4,0.75,56,16,37,0.3018867924528302,0.6981132075471698,0
1474,743979,2015-09-05,5,England,3,Australia,77,Lord's,276,125,260,0.4807692307692308,0.4,0.4444444444444444,223.5714,7.2381,312,208,292,0.7123287671232876,1.0,0.9,242.3974,6.5342,19,0.29411764705882354,6,0.8,57,16,38,0.2962962962962963,0.7037037037037037,0
1475,743981,2015-09-08,5,England,3,Australia,102,Old Trafford,277,125,261,0.4789272030651341,0.4,0.3333333333333333,223.6496,7.2482,313,209,293,0.7133105802047781,1.0,0.9,242.6136,6.5357,7,0.7142857142857143,4,0.5,58,16,39,0.2909090909090909,0.7090909090909091,1
1476,743983,2015-09-11,5,England,3,Australia,76,Headingley,278,126,262,0.48091603053435117,0.6,0.4444444444444444,223.9273,7.2509,314,209,294,0.7108843537414966,0.8,0.8,242.4984,6.5469,8,0.625,0,0.5,59,17,39,0.30357142857142855,0.6964285714285714,1
1477,743985,2015-09-13,5,England,3,Australia,102,Old Trafford,279,127,263,0.4828897338403042,0.6,0.5555555555555556,224.2174,7.25,315,209,295,0.7084745762711865,0.6,0.8,242.6806,6.5484,8,0.75,5,0.4,60,18,39,0.3157894736842105,0.6842105263157895,0
1478,919607,2015-10-01,46,Zimbabwe,30,Pakistan,16,Harare Sports Club,175,32,169,0.1893491124260355,0.2,0.1111111111111111,200.3198,8.3314,271,138,262,0.5267175572519084,0.6,0.5555555555555556,229.3469,7.4982,50,0.24,5,0.8,22,1,19,0.05,0.95,0
1479,919609,2015-10-03,46,Zimbabwe,30,Pakistan,16,Harare Sports Club,176,32,170,0.18823529411764706,0.2,0.1111111111111111,199.9017,8.341,272,139,263,0.5285171102661597,0.6,0.6666666666666666,229.4559,7.4926,51,0.23529411764705882,6,0.8333333333333334,23,1,20,0.047619047619047616,0.9523809523809523,1
1480,919611,2015-10-05,46,Zimbabwe,30,Pakistan,16,Harare Sports Club,177,33,171,0.19298245614035087,0.4,0.2222222222222222,200.3391,8.3276,273,139,264,0.5265151515151515,0.6,0.6666666666666666,229.5531,7.4945,52,0.25,7,0.7142857142857143,24,2,20,0.09090909090909091,0.9090909090909091,0
1482,919613,2015-10-09,46,Zimbabwe,20,Ireland,16,Harare Sports Club,178,33,172,0.19186046511627908,0.2,0.2222222222222222,200.1143,8.3371,54,19,48,0.3958333333333333,0.25,0.4444444444444444,193.2037,7.7593,53,0.24528301886792453,0,0.5,3,1,1,0.5,0.5,1
1483,903593,2015-10-11,2,India,36,South Africa,95,Green Park,337,191,315,0.6063492063492063,0.8,0.7,238.716,6.7009,239,144,227,0.6343612334801763,0.4,0.5,238.5212,6.4492,4,0.75,0,0.5,24,9,13,0.4090909090909091,0.5909090909090909,0
1484,919615,2015-10-11,46,Zimbabwe,20,Ireland,16,Harare Sports Club,179,34,173,0.19653179190751446,0.4,0.3,200.2386,8.3352,55,19,49,0.3877551020408163,0.0,0.4444444444444444,193.6727,7.7636,54,0.25925925925925924,1,0.0,4,2,1,0.6666666666666666,0.3333333333333333,1
1485,919617,2015-10-13,46,Zimbabwe,20,Ireland,16,Harare Sports Club,180,35,174,0.20114942528735633,0.6,0.4,200.6328,8.3164,56,19,50,0.38,0.0,0.3333333333333333,195.0,7.75,55,0.2727272727272727,2,0.0,5,3,1,0.75,0.25,0
1486,903595,2015-10-14,2,India,36,South Africa,191,Holkar Cricket Stadium,338,191,316,0.6044303797468354,0.8,0.6,238.8946,6.7018,240,145,228,0.6359649122807017,0.6,0.6,238.7932,6.443,1,1.0,0,0.5,25,9,14,0.391304347826087,0.6086956521739131,1
1487,903597,2015-10-18,2,India,36,South Africa,199,Saurashtra Cricket Association Stadium,339,192,317,0.6056782334384858,0.8,0.6,238.9189,6.7087,241,145,229,0.6331877729257642,0.6,0.5,238.7353,6.458,1,0.0,0,0.5,26,10,14,0.4166666666666667,0.5833333333333334,0
1488,903599,2015-10-22,2,India,36,South Africa,146,"MA Chidambaram Stadium, Chepauk",340,192,318,0.6037735849056604,0.6,0.5,238.9581,6.7066,242,146,230,0.6347826086956522,0.6,0.5,238.8661,6.4603,5,0.6,1,0.0,27,10,15,0.4,0.6,1
1489,903601,2015-10-25,2,India,36,South Africa,2,Wankhede Stadium,341,193,319,0.6050156739811913,0.6,0.6,239.1373,6.7104,243,146,231,0.6320346320346321,0.6,0.5,238.9708,6.4708,4,1.0,1,0.0,28,11,15,0.4230769230769231,0.5769230769230769,0
1490,915777,2015-11-01,7,Sri Lanka,44,West Indies,121,R Premadasa Stadium,315,158,298,0.5302013422818792,0.4,0.5,226.0291,7.2265,231,91,217,0.41935483870967744,0.4,0.4,210.6435,7.4304,40,0.5405405405405406,0,0.5,15,8,5,0.6153846153846154,0.38461538461538464,1
1492,915779,2015-11-04,7,Sri Lanka,44,West Indies,121,R Premadasa Stadium,316,159,299,0.5317725752508361,0.6,0.5,225.829,7.2323,232,91,218,0.41743119266055045,0.2,0.4,210.4199,7.4329,41,0.5526315789473685,1,0.0,16,9,5,0.6428571428571429,0.35714285714285715,1
1494,915781,2015-11-07,7,Sri Lanka,44,West Indies,188,Pallekele International Cricket Stadium,317,160,300,0.5333333333333333,0.6,0.5,225.8264,7.2154,233,91,219,0.4155251141552511,0.2,0.3,210.4353,7.444,14,0.5714285714285714,0,0.5,17,10,5,0.6666666666666666,0.3333333333333333,1
1495,931390,2015-11-07,12,Bangladesh,46,Zimbabwe,143,Shere Bangla National Stadium,195,68,192,0.3541666666666667,0.6,0.7,199.9223,7.8187,181,35,175,0.2,0.6,0.4,200.5562,8.3258,66,0.4153846153846154,13,0.23076923076923078,38,27,11,0.7105263157894737,0.2894736842105263,1
1496,931392,2015-11-09,12,Bangladesh,46,Zimbabwe,143,Shere Bangla National Stadium,196,69,193,0.35751295336787564,0.6,0.8,200.299,7.8247,182,35,176,0.19886363636363635,0.4,0.4,200.1508,8.3296,67,0.42424242424242425,14,0.21428571428571427,39,28,11,0.717948717948718,0.28205128205128205,1
1497,902641,2015-11-11,5,England,30,Pakistan,127,Sheikh Zayed Stadium,280,127,264,0.4810606060606061,0.4,0.5,223.9061,7.2563,274,140,265,0.5283018867924528,0.6,0.6666666666666666,229.3066,7.4781,2,1.0,23,0.391304347826087,21,14,6,0.7,0.3,0
1498,931394,2015-11-11,12,Bangladesh,46,Zimbabwe,143,Shere Bangla National Stadium,197,70,194,0.36082474226804123,0.8,0.8,200.5077,7.8308,183,35,177,0.1977401129943503,0.4,0.3,200.0556,8.3389,68,0.43283582089552236,15,0.2,40,29,11,0.725,0.275,1
1499,902643,2015-11-13,5,England,30,Pakistan,127,Sheikh Zayed Stadium,281,127,265,0.47924528301886793,0.4,0.4,223.8777,7.2662,275,141,266,0.5300751879699248,0.6,0.6666666666666666,229.2618,7.4655,3,0.6666666666666666,24,0.4166666666666667,22,14,7,0.6666666666666666,0.3333333333333333,1
1500,911049,2015-11-16,40,United Arab Emirates,16,Hong Kong,223,ICC Academy,9,1,9,0.1111111111111111,0.0,0.1111111111111111,195.0,9.0,3,0,3,0.0,0.0,0.0,136.0,9.6667,0,0.5,0,0.5,1,1,0,1.0,0.0,0
1501,902645,2015-11-17,5,England,30,Pakistan,190,Sharjah Cricket Stadium,282,128,266,0.48120300751879697,0.6,0.5,224.0896,7.2581,276,141,267,0.5280898876404494,0.6,0.6,229.1123,7.4746,0,0.5,10,0.4,23,15,7,0.6818181818181818,0.3181818181818182,1
1502,902647,2015-11-20,5,England,30,Pakistan,185,Dubai International Cricket Stadium,283,129,267,0.48314606741573035,0.6,0.6,224.0393,7.2464,277,141,268,0.5261194029850746,0.4,0.5,229.0361,7.4838,2,1.0,12,0.4166666666666667,24,16,7,0.6956521739130435,0.30434782608695654,1
1503,914207,2015-12-26,6,New Zealand,7,Sri Lanka,213,Hagley Oval,235,116,219,0.5296803652968036,0.6,0.5,225.9119,7.1586,318,161,301,0.5348837209302325,0.8,0.6,225.6795,7.2083,2,1.0,2,0.0,33,13,16,0.4482758620689655,0.5517241379310345,1
1504,914209,2015-12-28,6,New Zealand,7,Sri Lanka,213,Hagley Oval,236,117,220,0.5318181818181819,0.6,0.5,225.7588,7.1404,319,161,302,0.5331125827814569,0.8,0.5,225.5591,7.2173,3,1.0,3,0.0,34,14,16,0.4666666666666667,0.5333333333333333,1
1505,914211,2015-12-31,6,New Zealand,7,Sri Lanka,212,Saxton Oval,237,118,221,0.5339366515837104,0.6,0.5,225.2882,7.1092,320,161,303,0.5313531353135313,0.6,0.5,225.2134,7.2261,2,1.0,1,0.0,35,15,16,0.4838709677419355,0.5161290322580645,0
1507,914215,2016-01-05,6,New Zealand,7,Sri Lanka,215,Bay Oval,239,118,222,0.5315315315315315,0.5,0.5555555555555556,224.8571,7.0952,322,162,304,0.5328947368421053,0.5,0.5555555555555556,225.3778,7.2095,2,0.0,0,0.5,37,15,17,0.46875,0.53125,1
1508,895807,2016-01-12,3,Australia,2,India,115,Western Australia Cricket Association Ground,316,210,296,0.7094594594594594,0.6,0.8,242.3505,6.5338,342,193,320,0.603125,0.4,0.6,239.0923,6.7202,15,0.7333333333333333,4,0.75,49,27,15,0.6428571428571429,0.35714285714285715,1
1509,895809,2016-01-15,3,Australia,2,India,87,"Brisbane Cricket Ground, Woolloongabba",317,211,297,0.7104377104377104,0.6,0.8,242.5673,6.5288,343,193,321,0.6012461059190031,0.4,0.6,239.2997,6.7092,15,0.75,6,0.25,50,28,15,0.6511627906976745,0.3488372093023256,1
1510,895811,2016-01-17,3,Australia,2,India,14,Melbourne Cricket Ground,318,212,298,0.7114093959731543,0.6,0.8,242.7796,6.5176,344,193,322,0.5993788819875776,0.2,0.5,239.503,6.713,27,0.7307692307692307,7,0.42857142857142855,51,29,15,0.6590909090909091,0.3409090909090909,1
1511,895813,2016-01-20,3,Australia,2,India,202,Manuka Oval,319,213,299,0.7123745819397993,0.8,0.8,242.949,6.5191,345,193,323,0.5975232198142415,0.2,0.4,239.6667,6.7109,2,1.0,0,0.5,52,30,15,0.6666666666666666,0.3333333333333333,1
1512,895815,2016-01-23,3,Australia,2,India,9,Sydney Cricket Ground,320,214,300,0.7133333333333334,1.0,0.8,243.2825,6.5238,346,193,324,0.595679012345679,0.0,0.3,239.9118,6.7206,34,0.7333333333333333,7,0.16666666666666666,53,31,15,0.6739130434782609,0.32608695652173914,0
1513,914227,2016-01-25,6,New Zealand,30,Pakistan,92,Basin Reserve,240,119,223,0.5336322869955157,0.75,0.6666666666666666,225.1552,7.0862,278,141,269,0.5241635687732342,0.4,0.5,229.1871,7.4928,1,0.0,0,0.5,25,15,9,0.625,0.375,1
1514,914265,2016-01-31,6,New Zealand,30,Pakistan,58,Eden Park,241,120,224,0.5357142857142857,0.75,0.6666666666666666,225.3906,7.0901,279,141,270,0.5222222222222223,0.2,0.4,229.1183,7.5018,19,0.4117647058823529,3,0.3333333333333333,26,16,9,0.64,0.36,1
1515,800469,2016-02-03,36,South Africa,5,England,89,Mangaung Oval,244,147,232,0.6336206896551724,0.6,0.5,239.7967,6.4606,284,130,268,0.48507462686567165,0.6,0.6,224.5053,7.2384,1,0.5,1,0.5,27,9,14,0.391304347826087,0.6086956521739131,0
1516,914231,2016-02-03,6,New Zealand,3,Australia,58,Eden Park,242,121,225,0.5377777777777778,0.75,0.6666666666666666,225.5598,7.0897,321,214,301,0.7109634551495017,0.8,0.7,243.557,6.5253,20,0.4444444444444444,6,0.6666666666666666,36,9,24,0.2727272727272727,0.7272727272727273,1
1517,800471,2016-02-06,36,South Africa,5,England,90,St George's Park,245,147,233,0.630901287553648,0.4,0.5,239.8388,6.4545,285,131,269,0.48698884758364314,0.8,0.6,225.1241,7.2447,14,0.6153846153846154,2,0.5,28,9,15,0.375,0.625,0
1518,914233,2016-02-06,6,New Zealand,3,Australia,114,Westpac Stadium,243,122,226,0.5398230088495575,1.0,0.7777777777777778,225.9064,7.0936,322,214,302,0.7086092715231788,0.6,0.6,243.2555,6.5363,14,0.8461538461538461,2,0.0,37,10,24,0.29411764705882354,0.7058823529411765,0
1521,914235,2016-02-08,6,New Zealand,3,Australia,151,Seddon Park,244,122,227,0.5374449339207048,0.8,0.6666666666666666,226.1398,7.1017,323,215,303,0.7095709570957096,0.6,0.6,243.3805,6.5346,12,0.5454545454545454,2,0.5,38,10,25,0.2857142857142857,0.7142857142857143,1
1522,800473,2016-02-09,36,South Africa,5,England,63,SuperSport Park,246,147,234,0.6282051282051282,0.4,0.5,239.93,6.4568,286,132,270,0.4888888888888889,1.0,0.7,225.258,7.2367,20,0.6842105263157895,4,0.5,29,9,16,0.36,0.64,1
1523,800475,2016-02-12,36,South Africa,5,England,120,New Wanderers Stadium,247,148,235,0.6297872340425532,0.4,0.5,240.2541,6.4426,287,132,271,0.4870848708487085,0.8,0.7,225.5845,7.2394,9,0.6666666666666666,2,0.5,30,10,16,0.38461538461538464,0.6153846153846154,1
1524,800477,2016-02-14,36,South Africa,5,England,61,Newlands,248,149,236,0.6313559322033898,0.6,0.6,240.3592,6.4531,288,132,272,0.4852941176470588,0.6,0.6,225.7123,7.2491,12,0.8333333333333334,2,0.0,31,11,16,0.4074074074074074,0.5925925925925926,1
1530,932849,2016-06-03,44,West Indies,36,South Africa,153,Providence Stadium,234,91,220,0.41363636363636364,0.2,0.3,210.4163,7.4506,249,150,237,0.6329113924050633,0.6,0.6,240.3455,6.4472,8,0.5,3,0.6666666666666666,27,5,20,0.2,0.8,1
1531,932851,2016-06-05,44,West Indies,3,Australia,153,Providence Stadium,235,92,221,0.416289592760181,0.2,0.4,210.3333,7.4444,324,215,304,0.7072368421052632,0.4,0.6,243.2163,6.5455,9,0.5555555555555556,0,0.5,31,6,22,0.21428571428571427,0.7857142857142857,0
1532,932853,2016-06-07,3,Australia,36,South Africa,153,Providence Stadium,325,216,305,0.7081967213114754,0.4,0.7,242.8219,6.5375,250,150,238,0.6302521008403361,0.6,0.5,240.1336,6.4615,1,1.0,4,0.5,32,17,15,0.53125,0.46875,0
1533,1007649,2016-06-11,46,Zimbabwe,2,India,16,Harare Sports Club,184,35,178,0.19662921348314608,0.2,0.3,200.1381,8.3481,347,194,325,0.5969230769230769,0.2,0.3,240.1789,6.7126,56,0.26785714285714285,12,0.75,16,2,14,0.125,0.875,0
1534,932855,2016-06-11,3,Australia,36,South Africa,131,"Warner Park, Basseterre",326,216,306,0.7058823529411765,0.4,0.6,242.5078,6.5483,251,151,239,0.6317991631799164,0.8,0.6,239.9274,6.4718,5,1.0,3,0.6666666666666666,33,17,16,0.5151515151515151,0.48484848484848486,1
1535,1007651,2016-06-13,46,Zimbabwe,2,India,16,Harare Sports Club,185,35,179,0.19553072625698323,0.0,0.3,199.9615,8.3571,348,195,326,0.598159509202454,0.4,0.4,239.9825,6.6959,57,0.2631578947368421,13,0.7692307692307693,17,2,15,0.11764705882352941,0.8823529411764706,0
1536,932857,2016-06-13,44,West Indies,3,Australia,131,"Warner Park, Basseterre",236,92,222,0.4144144144144144,0.2,0.3,209.9319,7.4553,327,217,307,0.7068403908794788,0.6,0.6,242.6491,6.5466,8,0.5,6,1.0,32,6,23,0.20689655172413793,0.7931034482758621,1
1537,1007653,2016-06-15,46,Zimbabwe,2,India,16,Harare Sports Club,186,35,180,0.19444444444444445,0.0,0.3,199.5574,8.3607,349,196,327,0.599388379204893,0.6,0.4,239.6589,6.6822,58,0.25862068965517243,14,0.7857142857142857,18,2,16,0.1111111111111111,0.8888888888888888,0
1538,932859,2016-06-15,44,West Indies,36,South Africa,131,"Warner Park, Basseterre",237,93,223,0.4170403587443946,0.4,0.3,210.1695,7.4492,252,151,240,0.6291666666666667,0.6,0.5,239.9759,6.4859,9,0.5555555555555556,4,0.5,28,6,20,0.23076923076923078,0.7692307692307693,0
1539,913621,2016-06-18,20,Ireland,7,Sri Lanka,209,"The Village, Malahide",57,20,51,0.39215686274509803,0.25,0.3333333333333333,194.8947,7.7544,323,162,305,0.5311475409836065,0.25,0.5555555555555556,225.481,7.2184,5,0.5,0,0.5,2,0,2,0.0,1.0,0
1543,932863,2016-06-21,44,West Indies,3,Australia,155,"Kensington Oval, Bridgetown",238,93,224,0.41517857142857145,0.4,0.3,210.1435,7.4599,329,217,308,0.7045454545454546,0.5,0.4444444444444444,242.7183,6.548,6,0.5,3,1.0,33,7,23,0.23333333333333334,0.7666666666666667,0
1545,913625,2016-06-24,5,England,7,Sri Lanka,81,Edgbaston,290,132,273,0.4835164835164835,0.25,0.5555555555555556,225.9582,7.2613,325,163,306,0.5326797385620915,0.6666666666666666,0.625,226.1478,7.2264,15,0.6666666666666666,1,1.0,37,13,23,0.3611111111111111,0.6388888888888888,1
1546,932865,2016-06-24,44,West Indies,36,South Africa,155,"Kensington Oval, Bridgetown",239,93,225,0.41333333333333333,0.4,0.3,210.4454,7.4622,254,152,241,0.6307053941908713,0.5,0.5555555555555556,239.4622,6.4502,7,0.42857142857142855,2,1.0,29,6,21,0.2222222222222222,0.7777777777777778,1
1548,932867,2016-06-26,44,West Indies,3,Australia,155,"Kensington Oval, Bridgetown",240,94,226,0.415929203539823,0.4,0.3,210.7573,7.4728,330,218,309,0.7055016181229773,0.5,0.4444444444444444,242.8426,6.5401,8,0.5,4,1.0,34,7,24,0.22580645161290322,0.7741935483870968,0
1550,913629,2016-06-29,5,England,7,Sri Lanka,80,Kennington Oval,292,133,274,0.4854014598540146,0.3333333333333333,0.625,225.3356,7.2145,327,163,307,0.5309446254071661,0.3333333333333333,0.42857142857142855,226.3031,7.2313,20,0.5,6,0.6666666666666666,39,14,23,0.3783783783783784,0.6216216216216216,1
1551,913631,2016-07-02,5,England,7,Sri Lanka,101,Sophia Gardens,293,134,275,0.48727272727272725,0.6666666666666666,0.625,225.6241,7.2034,328,163,308,0.5292207792207793,0.3333333333333333,0.2857142857142857,226.5483,7.2243,8,0.8,2,0.0,40,15,23,0.39473684210526316,0.6052631578947368,1
1553,997993,2016-08-14,34,Scotland,40,United Arab Emirates,204,"Grange Cricket Club Ground, Raeburn Place",26,6,24,0.25,0.0,0.1,181.3846,8.0,10,1,10,0.1,0.0,0.1,196.4,9.1,1,0.0,0,0.5,0,0,0,0.5,0.5,1
1554,997995,2016-08-16,34,Scotland,40,United Arab Emirates,204,"Grange Cricket Club Ground, Raeburn Place",27,7,25,0.28,0.2,0.2,186.7778,7.8889,11,1,11,0.09090909090909091,0.0,0.1,199.3636,9.1818,2,0.5,1,0.0,1,1,0,1.0,0.0,1
1555,913649,2016-08-18,20,Ireland,30,Pakistan,209,"The Village, Malahide",58,20,52,0.38461538461538464,0.2,0.2222222222222222,195.6897,7.7931,280,141,271,0.5202952029520295,0.0,0.3,229.3357,7.5107,6,0.4,0,0.5,4,1,2,0.3333333333333333,0.6666666666666666,0
1556,995457,2016-08-21,7,Sri Lanka,3,Australia,121,R Premadasa Stadium,329,163,309,0.5275080906148867,0.0,0.2857142857142857,226.472,7.2329,331,219,310,0.7064516129032258,0.75,0.5555555555555556,242.9262,6.5477,42,0.5641025641025641,4,0.3333333333333333,43,16,25,0.3902439024390244,0.6097560975609756,0
1557,913653,2016-08-24,5,England,30,Pakistan,82,The Rose Bowl,294,135,276,0.4891304347826087,1.0,0.625,225.9622,7.2027,281,142,272,0.5220588235294118,0.2,0.4,229.7189,7.5053,13,0.46153846153846156,3,0.3333333333333333,25,17,7,0.7083333333333334,0.2916666666666667,1
1558,995459,2016-08-24,7,Sri Lanka,3,Australia,121,R Premadasa Stadium,330,163,310,0.5258064516129032,0.0,0.2857142857142857,226.4737,7.2353,332,220,311,0.707395498392283,0.75,0.6666666666666666,242.8804,6.5491,43,0.55,5,0.5,44,16,26,0.38095238095238093,0.6190476190476191,1
1559,913655,2016-08-27,5,England,30,Pakistan,77,Lord's,295,136,277,0.49097472924187724,1.0,0.625,225.8527,7.1884,282,142,273,0.5201465201465202,0.2,0.3,229.8262,7.5,20,0.2777777777777778,3,0.6666666666666666,26,18,7,0.72,0.28,1
1560,995461,2016-08-28,7,Sri Lanka,3,Australia,32,Rangiri Dambulla International Stadium,331,164,311,0.5273311897106109,0.25,0.2857142857142857,226.6636,7.2438,333,220,312,0.7051282051282052,0.75,0.5555555555555556,242.7676,6.5596,27,0.6538461538461539,2,0.5,45,17,26,0.3953488372093023,0.6046511627906976,0
1561,913657,2016-08-30,5,England,30,Pakistan,74,Trent Bridge,296,137,278,0.49280575539568344,1.0,0.625,225.9522,7.1843,283,142,274,0.5182481751824818,0.2,0.3,229.9011,7.5088,14,0.5384615384615384,1,0.0,27,19,7,0.7307692307692307,0.2692307692307692,1
1562,995463,2016-08-31,7,Sri Lanka,3,Australia,32,Rangiri Dambulla International Stadium,332,164,312,0.5256410256410257,0.2,0.25,226.6615,7.2523,334,221,313,0.7060702875399361,0.8,0.6666666666666666,242.7195,6.564,28,0.6296296296296297,3,0.6666666666666666,46,17,27,0.38636363636363635,0.6136363636363636,0
1563,913659,2016-09-01,5,England,30,Pakistan,76,Headingley,297,138,279,0.4946236559139785,1.0,0.75,226.6939,7.1701,284,142,275,0.5163636363636364,0.2,0.2,230.0599,7.5176,9,0.6666666666666666,1,0.0,28,20,7,0.7407407407407407,0.25925925925925924,1
1564,913661,2016-09-04,5,England,30,Pakistan,101,Sophia Gardens,298,139,280,0.49642857142857144,1.0,0.875,226.7797,7.1661,285,142,276,0.5144927536231884,0.2,0.1,230.1193,7.5193,9,0.8333333333333334,1,0.5,29,21,7,0.75,0.25,0
1565,995465,2016-09-04,7,Sri Lanka,3,Australia,188,Pallekele International Cricket Stadium,333,164,313,0.5239616613418531,0.2,0.25,226.6166,7.2607,335,222,314,0.7070063694267515,0.8,0.6666666666666666,242.6413,6.5562,15,0.6,1,1.0,47,17,28,0.37777777777777777,0.6222222222222222,0
1567,1004285,2016-09-10,34,Scotland,16,Hong Kong,204,"Grange Cricket Club Ground, Raeburn Place",29,8,26,0.3076923076923077,0.5,0.3333333333333333,187.069,7.6552,5,1,4,0.25,0.25,0.25,168.4,7.4,4,0.6666666666666666,1,0.5,1,0,0,0.5,0.5,1
1570,936131,2016-09-25,36,South Africa,20,Ireland,141,Willowmoore Park,255,152,242,0.628099173553719,0.5,0.5555555555555556,239.246,6.4643,59,20,53,0.37735849056603776,0.2,0.2222222222222222,193.7627,7.8305,3,1.0,1,1.0,4,4,0,1.0,0.0,1
1571,936133,2016-09-27,3,Australia,20,Ireland,141,Willowmoore Park,336,223,315,0.707936507936508,0.8,0.7777777777777778,242.5091,6.5515,60,20,54,0.37037037037037035,0.2,0.1111111111111111,193.0,7.8667,0,0.5,2,0.5,4,3,0,1.0,0.0,1
1572,1050223,2016-09-30,30,Pakistan,44,West Indies,190,Sharjah Cricket Stadium,286,143,277,0.516245487364621,0.2,0.2,230.3776,7.514,241,94,227,0.41409691629955947,0.4,0.3,210.7625,7.4833,11,0.36363636363636365,0,0.5,26,17,8,0.68,0.32,1
1573,936135,2016-09-30,36,South Africa,3,Australia,63,SuperSport Park,256,153,243,0.6296296296296297,0.5,0.6666666666666666,239.6996,6.4585,337,224,316,0.7088607594936709,0.8,0.7777777777777778,242.3776,6.5347,21,0.7,7,0.6666666666666666,35,16,18,0.47058823529411764,0.5294117647058824,1
1574,1050225,2016-10-02,30,Pakistan,44,West Indies,190,Sharjah Cricket Stadium,287,144,278,0.5179856115107914,0.4,0.3,230.5645,7.5192,242,94,228,0.41228070175438597,0.2,0.3,210.6141,7.4938,12,0.4166666666666667,1,0.0,27,18,8,0.6923076923076923,0.3076923076923077,1
1575,936137,2016-10-02,36,South Africa,3,Australia,120,New Wanderers Stadium,257,154,244,0.6311475409836066,0.75,0.6666666666666666,239.9173,6.4488,338,224,317,0.7066246056782335,0.8,0.7777777777777778,242.5331,6.5422,10,0.7,3,0.6666666666666666,36,17,18,0.4857142857142857,0.5142857142857142,1
1576,1050227,2016-10-05,30,Pakistan,44,West Indies,127,Sheikh Zayed Stadium,288,145,279,0.5197132616487455,0.6,0.4,230.934,7.5104,243,94,229,0.4104803493449782,0.2,0.3,210.8926,7.4917,25,0.4,2,0.0,28,19,8,0.7037037037037037,0.2962962962962963,1
1577,936139,2016-10-05,36,South Africa,3,Australia,62,Kingsmead,258,155,245,0.6326530612244898,0.75,0.6666666666666666,240.3922,6.4471,339,224,318,0.7044025157232704,0.6,0.7,242.4625,6.5526,16,0.6153846153846154,3,1.0,37,18,18,0.5,0.5,1
1578,1029819,2016-10-07,12,Bangladesh,5,England,143,Shere Bangla National Stadium,198,71,195,0.3641025641025641,1.0,0.8,200.8929,7.8367,299,139,281,0.49466192170818507,0.8,0.875,227.0338,7.1723,69,0.4411764705882353,2,1.0,14,3,11,0.21428571428571427,0.7857142857142857,0
1579,1029821,2016-10-09,12,Bangladesh,5,England,143,Shere Bangla National Stadium,199,71,196,0.3622448979591837,0.8,0.7,201.335,7.8477,300,140,282,0.49645390070921985,0.8,0.8888888888888888,227.3098,7.1751,70,0.43478260869565216,3,1.0,15,3,12,0.2,0.8,1
1580,936141,2016-10-09,36,South Africa,3,Australia,90,St George's Park,259,156,246,0.6341463414634146,0.8,0.6666666666666666,240.9062,6.4453,340,224,319,0.7021943573667712,0.4,0.6,242.8473,6.5509,15,0.5714285714285714,3,0.3333333333333333,38,19,18,0.5135135135135135,0.4864864864864865,1
1582,1029823,2016-10-12,12,Bangladesh,5,England,186,Zahur Ahmed Chowdhury Stadium,200,72,197,0.36548223350253806,0.8,0.7,201.5202,7.8485,301,140,283,0.49469964664310956,0.6,0.7777777777777778,227.2315,7.1846,8,0.875,1,0.0,16,4,12,0.25,0.75,0
1583,936143,2016-10-12,36,South Africa,3,Australia,61,Newlands,260,157,247,0.6356275303643725,1.0,0.7777777777777778,240.6226,6.4358,341,224,320,0.7,0.2,0.5,242.6209,6.5612,13,0.8461538461538461,2,0.0,39,20,18,0.5263157894736842,0.47368421052631576,1
1584,1030219,2016-10-16,2,India,6,New Zealand,201,Himachal Pradesh Cricket Association Stadium,350,197,328,0.600609756097561,0.8,0.5,239.3285,6.6628,245,123,228,0.5394736842105263,0.8,0.7777777777777778,226.2236,7.1139,2,0.5,0,0.5,28,13,12,0.52,0.48,1
1587,1030221,2016-10-20,2,India,6,New Zealand,122,Feroz Shah Kotla,351,198,329,0.601823708206687,1.0,0.5,239.1971,6.6551,246,123,229,0.537117903930131,0.6,0.6666666666666666,226.0714,7.1261,7,1.0,0,0.5,29,14,12,0.5384615384615384,0.46153846153846156,0
1589,1030223,2016-10-23,2,India,6,New Zealand,137,"Punjab Cricket Association Stadium, Mohali",352,198,330,0.6,0.8,0.5,239.1879,6.6647,247,124,230,0.5391304347826087,0.6,0.6666666666666666,226.1381,7.1339,7,0.42857142857142855,2,0.5,30,14,13,0.5185185185185185,0.48148148148148145,1
1591,1030225,2016-10-26,2,India,6,New Zealand,200,JSCA International Stadium Complex,353,199,331,0.6012084592145015,0.8,0.6,239.3314,6.6542,248,124,231,0.5367965367965368,0.4,0.6666666666666666,226.3833,7.1458,3,1.0,0,0.5,31,15,13,0.5357142857142857,0.4642857142857143,0
1592,1030227,2016-10-29,2,India,6,New Zealand,93,Dr. Y.S. Rajasekhara Reddy ACA-VDCA Cricket Stadium,354,199,332,0.5993975903614458,0.6,0.6,239.3362,6.6638,249,125,232,0.5387931034482759,0.6,0.7,226.5228,7.1452,4,0.75,0,0.5,32,15,14,0.5172413793103449,0.4827586206896552,1
1593,1026847,2016-11-04,16,Hong Kong,32,Papua New Guinea,228,"Mission Road Ground, Mong Kok",6,1,5,0.2,0.25,0.2,175.8333,7.8333,0,0,0,0.5,0.5,0.5,0.0,0.0,0,0.5,0,0.5,0,0,0,0.5,0.5,1
1594,1026849,2016-11-06,16,Hong Kong,32,Papua New Guinea,228,"Mission Road Ground, Mong Kok",7,2,6,0.3333333333333333,0.5,0.3333333333333333,189.1429,8.1429,1,0,1,0.0,0.0,0.0,163.0,10.0,1,1.0,1,0.0,1,1,0,1.0,0.0,0
1595,1026851,2016-11-08,16,Hong Kong,32,Papua New Guinea,228,"Mission Road Ground, Mong Kok",8,2,7,0.2857142857142857,0.5,0.2857142857142857,188.875,8.375,2,1,2,0.5,0.5,0.5,182.0,10.0,2,0.5,2,0.5,2,1,1,0.5,0.5,1
1599,1059710,2016-11-14,46,Zimbabwe,7,Sri Lanka,16,Harare Sports Club,187,35,181,0.19337016574585636,0.0,0.2,199.1413,8.3696,334,164,314,0.5222929936305732,0.2,0.125,226.5199,7.2691,59,0.2542372881355932,8,0.875,15,2,13,0.13333333333333333,0.8666666666666667,0
1601,1059711,2016-11-16,7,Sri Lanka,44,West Indies,16,Harare Sports Club,335,165,315,0.5238095238095238,0.4,0.2222222222222222,226.3018,7.253,244,94,230,0.40869565217391307,0.2,0.3,210.7325,7.5021,9,0.8888888888888888,5,0.6,18,11,5,0.6875,0.3125,0
1608,1059714,2016-11-23,7,Sri Lanka,44,West Indies,69,Queens Sports Club,337,165,316,0.5221518987341772,0.25,0.2222222222222222,226.1155,7.2614,246,95,231,0.41125541125541126,0.25,0.3333333333333333,210.9878,7.5143,4,0.6666666666666666,2,1.0,19,11,6,0.6470588235294118,0.35294117647058826,1
1609,1059715,2016-11-25,46,Zimbabwe,44,West Indies,69,Queens Sports Club,190,35,182,0.19230769230769232,0.0,0.0,198.4385,8.3529,247,95,232,0.40948275862068967,0.25,0.2222222222222222,211.4675,7.5203,25,0.21739130434782608,3,0.5,23,4,17,0.19047619047619047,0.8095238095238095,1
1610,1059716,2016-11-27,46,Zimbabwe,7,Sri Lanka,69,Queens Sports Club,191,36,183,0.19672131147540983,0.3333333333333333,0.125,198.5426,8.3511,338,166,317,0.5236593059936908,0.5,0.3333333333333333,226.4303,7.2606,26,0.25,5,0.75,17,2,14,0.125,0.875,0
1612,1001371,2016-12-04,3,Australia,6,New Zealand,9,Sydney Cricket Ground,342,224,321,0.6978193146417445,0.0,0.4,242.7798,6.5714,250,125,233,0.5364806866952789,0.4,0.6,225.9132,7.157,35,0.7096774193548387,4,0.0,39,25,11,0.6944444444444444,0.3055555555555556,1
1613,1001373,2016-12-06,3,Australia,6,New Zealand,202,Manuka Oval,343,225,322,0.6987577639751553,0.2,0.5,243.0208,6.5757,251,125,234,0.5341880341880342,0.4,0.5,226.037,7.1687,3,1.0,0,0.5,40,26,11,0.7027027027027027,0.2972972972972973,1
1614,1001375,2016-12-09,3,Australia,6,New Zealand,14,Melbourne Cricket Ground,344,226,323,0.6996904024767802,0.4,0.5,243.4201,6.571,252,125,235,0.5319148936170213,0.2,0.4,226.1844,7.1803,28,0.7407407407407407,3,0.3333333333333333,41,27,11,0.7105263157894737,0.2894736842105263,1
1615,1019973,2016-12-26,6,New Zealand,12,Bangladesh,213,Hagley Oval,253,125,236,0.5296610169491526,0.2,0.3,225.8612,7.1918,201,72,198,0.36363636363636365,0.6,0.6,201.8995,7.8392,4,1.0,0,0.5,17,10,7,0.5882352941176471,0.4117647058823529,1
1616,1019975,2016-12-29,6,New Zealand,12,Bangladesh,212,Saxton Oval,254,126,237,0.5316455696202531,0.2,0.4,226.3293,7.1911,202,72,199,0.36180904522613067,0.4,0.6,202.21,7.845,4,0.6666666666666666,1,1.0,18,11,7,0.6111111111111112,0.3888888888888889,1
1617,1019977,2016-12-31,6,New Zealand,12,Bangladesh,212,Saxton Oval,255,127,238,0.5336134453781513,0.4,0.4,226.4291,7.2024,203,72,200,0.36,0.2,0.6,202.1194,7.8557,5,0.75,2,0.5,19,12,7,0.631578947368421,0.3684210526315789,1
1618,1000887,2017-01-13,3,Australia,30,Pakistan,87,"Brisbane Cricket Ground, Woolloongabba",345,227,324,0.7006172839506173,0.6,0.5,243.4808,6.5752,289,146,280,0.5214285714285715,0.8,0.5,231.2007,7.5052,16,0.7692307692307693,3,0.6666666666666666,24,19,5,0.7916666666666666,0.20833333333333334,1
1619,1000889,2017-01-15,3,Australia,30,Pakistan,14,Melbourne Cricket Ground,346,228,325,0.7015384615384616,0.8,0.5,243.5529,6.5824,290,146,281,0.5195729537366548,0.8,0.5,231.0103,7.5138,29,0.75,1,0.0,25,20,5,0.8,0.2,0
1620,1034819,2017-01-15,2,India,5,England,210,Maharashtra Cricket Association Stadium,355,200,333,0.6006006006006006,0.6,0.7,239.4212,6.6619,302,141,284,0.4964788732394366,0.6,0.8,227.4013,7.1806,1,0.0,0,0.5,46,28,15,0.6511627906976745,0.3488372093023256,1
1622,1000891,2017-01-19,3,Australia,30,Pakistan,115,Western Australia Cricket Association Ground,347,228,326,0.6993865030674846,0.8,0.4,243.4839,6.5924,291,147,282,0.5212765957446809,0.8,0.5,230.9759,7.5017,16,0.75,2,0.0,26,20,6,0.7692307692307693,0.23076923076923078,1
1623,1034821,2017-01-19,2,India,5,England,175,Barabati Stadium,356,201,334,0.6017964071856288,0.6,0.8,239.7543,6.6629,303,141,285,0.49473684210526314,0.4,0.7,227.81,7.18,4,1.0,1,0.0,47,29,15,0.6590909090909091,0.3409090909090909,1
1625,1000893,2017-01-22,3,Australia,30,Pakistan,9,Sydney Cricket Ground,348,229,327,0.7003058103975535,0.8,0.5,243.5468,6.5819,292,147,283,0.519434628975265,0.6,0.5,231.0856,7.5,36,0.71875,2,0.0,27,21,6,0.7777777777777778,0.2222222222222222,1
1626,1034823,2017-01-22,2,India,5,England,1,Eden Gardens,357,202,335,0.6029850746268657,0.8,0.8,240.1567,6.661,304,141,286,0.493006993006993,0.4,0.6,228.2691,7.1827,5,0.75,1,0.0,48,30,15,0.6666666666666666,0.3333333333333333,0
1627,1078659,2017-01-22,16,Hong Kong,34,Scotland,127,Sheikh Zayed Stadium,9,3,8,0.375,0.5,0.375,188.0,7.7778,30,9,27,0.3333333333333333,0.75,0.3333333333333333,189.7,7.6333,0,0.5,0,0.5,2,0,1,0.0,1.0,1
1628,1078660,2017-01-24,40,United Arab Emirates,34,Scotland,185,Dubai International Cricket Stadium,12,1,12,0.08333333333333333,0.0,0.1,201.75,9.25,31,9,28,0.32142857142857145,0.75,0.3333333333333333,190.1935,7.7097,0,0.5,1,0.0,2,0,2,0.0,1.0,1
1629,1000895,2017-01-26,3,Australia,30,Pakistan,13,Adelaide Oval,349,230,328,0.7012195121951219,0.8,0.6,243.8659,6.5802,293,147,284,0.5176056338028169,0.4,0.5,231.2082,7.5085,18,0.6666666666666666,4,0.25,28,22,6,0.7857142857142857,0.21428571428571427,1
1630,1078661,2017-01-26,40,United Arab Emirates,16,Hong Kong,185,Dubai International Cricket Stadium,13,2,13,0.15384615384615385,0.2,0.1,199.6154,9.0,10,4,9,0.4444444444444444,0.6,0.4444444444444444,189.8,7.3,1,1.0,0,0.5,2,1,1,0.5,0.5,1
1631,936159,2017-01-28,36,South Africa,7,Sri Lanka,90,St George's Park,261,158,248,0.6370967741935484,1.0,0.7777777777777778,240.9574,6.4419,339,167,318,0.5251572327044025,0.75,0.4444444444444444,226.2477,7.2508,16,0.6,0,0.5,24,11,12,0.4782608695652174,0.5217391304347826,1
1632,1020013,2017-01-30,6,New Zealand,3,Australia,58,Eden Park,256,128,239,0.5355648535564853,0.6,0.5,226.4798,7.1815,350,231,329,0.7021276595744681,0.8,0.7,244.2297,6.5814,21,0.47368421052631576,7,0.5714285714285714,42,11,28,0.28205128205128205,0.717948717948718,1
1633,936161,2017-02-01,36,South Africa,7,Sri Lanka,62,Kingsmead,262,159,249,0.6385542168674698,1.0,0.8888888888888888,240.7413,6.4247,340,167,319,0.5235109717868338,0.5,0.4444444444444444,226.1114,7.259,17,0.6428571428571429,0,0.5,25,12,12,0.5,0.5,1
1634,936163,2017-02-04,36,South Africa,7,Sri Lanka,120,New Wanderers Stadium,263,160,250,0.64,1.0,0.8888888888888888,240.9962,6.4231,341,167,320,0.521875,0.5,0.3333333333333333,225.991,7.2673,11,0.7272727272727273,3,0.3333333333333333,26,13,12,0.52,0.48,1
1635,1020017,2017-02-05,6,New Zealand,3,Australia,151,Seddon Park,257,129,240,0.5375,0.8,0.5,226.7189,7.1888,351,231,330,0.7,0.6,0.7,244.3333,6.5913,13,0.5833333333333334,3,0.3333333333333333,43,12,28,0.3,0.7,1
1638,936165,2017-02-07,36,South Africa,7,Sri Lanka,61,Newlands,264,161,251,0.6414342629482072,1.0,0.9,240.7011,6.41,342,167,321,0.5202492211838006,0.4,0.3333333333333333,225.8024,7.2754,14,0.8571428571428571,0,0.5,27,14,12,0.5384615384615384,0.46153846153846156,1
1642,936167,2017-02-10,36,South Africa,7,Sri Lanka,63,SuperSport Park,265,162,252,0.6428571428571429,1.0,1.0,241.1832,6.4046,343,167,322,0.5186335403726708,0.2,0.3333333333333333,226.1045,7.2836,22,0.7142857142857143,1,1.0,28,15,12,0.5555555555555556,0.4444444444444444,1
1650,1020031,2017-02-19,6,New Zealand,36,South Africa,151,Seddon Park,258,130,241,0.5394190871369294,1.0,0.6,226.936,7.196,266,163,253,0.6442687747035574,1.0,1.0,241.7262,6.403,14,0.6153846153846154,2,1.0,26,10,14,0.4166666666666667,0.5833333333333334,0
1655,1020033,2017-02-22,6,New Zealand,36,South Africa,213,Hagley Oval,259,130,242,0.5371900826446281,0.8,0.5,226.8566,7.1952,267,164,254,0.6456692913385826,1.0,1.0,241.6061,6.4015,5,1.0,0,0.5,27,10,15,0.4,0.6,1
1656,1020035,2017-02-25,6,New Zealand,36,South Africa,114,Westpac Stadium,260,131,243,0.5390946502057613,0.8,0.6,227.1032,7.1825,268,164,255,0.6431372549019608,0.8,0.9,241.7623,6.4113,15,0.7857142857142857,2,1.0,28,11,15,0.4230769230769231,0.5769230769230769,0
1658,1020037,2017-03-01,6,New Zealand,36,South Africa,151,Seddon Park,261,131,244,0.5368852459016393,0.6,0.6,226.6482,7.1937,269,165,256,0.64453125,0.8,0.9,241.8722,6.4173,15,0.5714285714285714,3,1.0,29,11,16,0.4074074074074074,0.5925925925925926,1
1660,1080630,2017-03-02,40,United Arab Emirates,20,Ireland,203,ICC Global Cricket Academy,14,3,14,0.21428571428571427,0.4,0.2,197.8571,8.6429,61,20,55,0.36363636363636365,0.2,0.1111111111111111,193.082,7.9016,0,0.5,0,0.5,1,0,1,0.0,1.0,0
1661,1027315,2017-03-03,44,West Indies,5,England,152,"Sir Vivian Richards Stadium, North Sound",248,95,233,0.40772532188841204,0.25,0.2222222222222222,211.1134,7.5101,305,142,287,0.49477351916376305,0.4,0.6,228.5762,7.1854,9,0.2222222222222222,5,0.4,24,9,14,0.391304347826087,0.6086956521739131,0
1662,1020039,2017-03-04,6,New Zealand,36,South Africa,58,Eden Park,262,132,245,0.5387755102040817,0.6,0.7,226.8583,7.1772,270,165,257,0.642023346303502,0.6,0.8,242.0112,6.4232,22,0.5,3,0.3333333333333333,30,12,16,0.42857142857142855,0.5714285714285714,0
1663,1080631,2017-03-04,40,United Arab Emirates,20,Ireland,203,ICC Global Cricket Academy,15,3,15,0.2,0.4,0.2,197.0,8.7333,62,21,56,0.375,0.2,0.2222222222222222,194.3226,7.9355,1,0.0,1,1.0,2,0,2,0.0,1.0,0
1664,1027317,2017-03-05,44,West Indies,5,England,152,"Sir Vivian Richards Stadium, North Sound",249,95,234,0.405982905982906,0.25,0.2222222222222222,211.2742,7.5202,306,143,288,0.4965277777777778,0.6,0.6,228.7987,7.1815,10,0.2,6,0.5,25,9,15,0.375,0.625,0
1666,1027319,2017-03-09,44,West Indies,5,England,155,"Kensington Oval, Bridgetown",250,95,235,0.40425531914893614,0.0,0.1111111111111111,211.3293,7.5301,307,144,289,0.4982698961937716,0.6,0.6,228.7895,7.1776,9,0.4444444444444444,5,0.6,26,9,16,0.36,0.64,0
1667,1083446,2017-03-25,7,Sri Lanka,12,Bangladesh,32,Rangiri Dambulla International Stadium,344,167,323,0.5170278637770898,0.0,0.3333333333333333,226.3125,7.2857,204,72,201,0.3582089552238806,0.2,0.5,202.2871,7.8614,29,0.6071428571428571,3,0.0,25,20,4,0.8333333333333334,0.16666666666666666,0
1669,1083448,2017-04-01,7,Sri Lanka,12,Bangladesh,105,Sinhalese Sports Club Ground,346,167,324,0.5154320987654321,0.0,0.25,226.5858,7.3018,206,73,202,0.3613861386138614,0.25,0.4444444444444444,202.8867,7.8473,6,0.75,1,0.0,27,20,5,0.8,0.2,1
1670,1068737,2017-04-02,40,United Arab Emirates,32,Papua New Guinea,127,Sheikh Zayed Stadium,16,3,16,0.1875,0.4,0.2,197.3125,8.8125,3,1,3,0.3333333333333333,0.3333333333333333,0.3333333333333333,202.6667,9.0,0,0.5,0,0.5,0,0,0,0.5,0.5,0
1671,1089183,2017-04-04,40,United Arab Emirates,32,Papua New Guinea,127,Sheikh Zayed Stadium,17,3,17,0.17647058823529413,0.4,0.2,197.8235,8.8824,4,2,4,0.5,0.5,0.5,210.0,8.75,1,0.0,1,1.0,1,0,1,0.0,1.0,1
1672,1077949,2017-04-07,44,West Indies,30,Pakistan,153,Providence Stadium,251,95,236,0.4025423728813559,0.0,0.1111111111111111,211.052,7.54,294,147,285,0.5157894736842106,0.2,0.5,231.483,7.5136,10,0.5,3,0.3333333333333333,29,8,20,0.2857142857142857,0.7142857142857143,1
1673,1077950,2017-04-09,44,West Indies,30,Pakistan,153,Providence Stadium,252,96,237,0.4050632911392405,0.2,0.2222222222222222,211.4422,7.5339,295,147,286,0.513986013986014,0.2,0.5,231.7424,7.5051,11,0.5454545454545454,4,0.25,30,9,20,0.3103448275862069,0.6896551724137931,0
1674,1077951,2017-04-11,44,West Indies,30,Pakistan,153,Providence Stadium,253,96,238,0.40336134453781514,0.2,0.2222222222222222,211.4286,7.5437,296,148,287,0.5156794425087108,0.2,0.5,231.9122,7.4966,12,0.5,5,0.4,31,9,21,0.3,0.7,0
1675,1029001,2017-05-05,5,England,20,Ireland,160,County Ground,308,145,290,0.5,0.8,0.6,229.1148,7.1869,63,22,57,0.38596491228070173,0.4,0.3,194.4603,7.8413,5,0.25,0,0.5,7,5,1,0.8333333333333334,0.16666666666666666,1
1676,1029003,2017-05-07,5,England,20,Ireland,77,Lord's,309,146,291,0.5017182130584192,1.0,0.7,228.781,7.1732,64,22,58,0.3793103448275862,0.4,0.3,193.3906,7.875,21,0.3157894736842105,0,0.5,8,6,1,0.8571428571428571,0.14285714285714285,1
1681,1033363,2017-05-14,20,Ireland,6,New Zealand,236,Malahide,66,22,59,0.3728813559322034,0.5,0.3333333333333333,194.1538,7.9077,263,132,246,0.5365853658536586,0.4,0.7,226.5529,7.1882,1,0.5,0,0.5,1,0,1,0.0,1.0,0
1682,1033365,2017-05-17,12,Bangladesh,6,New Zealand,157,Clontarf Cricket Club Ground,208,73,203,0.35960591133004927,0.3333333333333333,0.25,202.6976,7.839,264,133,247,0.5384615384615384,0.6,0.7,226.7969,7.1875,0,0.5,0,0.5,20,7,13,0.35,0.65,0
1684,1033367,2017-05-19,20,Ireland,12,Bangladesh,236,Malahide,67,22,60,0.36666666666666664,0.25,0.2222222222222222,194.8182,7.9394,209,73,204,0.35784313725490197,0.3333333333333333,0.25,202.9612,7.8447,2,0.0,1,0.5,4,1,2,0.3333333333333333,0.6666666666666666,0
1686,1033369,2017-05-21,20,Ireland,6,New Zealand,236,Malahide,68,22,61,0.36065573770491804,0.0,0.2222222222222222,194.6119,7.9701,265,134,248,0.5403225806451613,0.6,0.7,226.9183,7.1829,3,0.0,1,1.0,2,0,2,0.0,1.0,0
1688,1031425,2017-05-24,5,England,36,South Africa,76,Headingley,310,147,292,0.5034246575342466,1.0,0.7,229.1042,7.1694,271,166,258,0.6434108527131783,0.6,0.8,241.6679,6.4142,10,0.7,1,0.0,32,16,12,0.5714285714285714,0.42857142857142855,1
1689,1033371,2017-05-24,12,Bangladesh,6,New Zealand,157,Clontarf Cricket Club Ground,210,74,205,0.36097560975609755,0.3333333333333333,0.25,202.8599,7.8164,266,135,249,0.5421686746987951,0.8,0.7,227.3721,7.1783,1,0.0,1,1.0,21,7,14,0.3333333333333333,0.6666666666666666,1
1690,1031427,2017-05-27,5,England,36,South Africa,82,The Rose Bowl,311,148,293,0.5051194539249146,1.0,0.8,229.461,7.1656,272,166,259,0.640926640926641,0.4,0.7,241.7621,6.4275,14,0.5,1,1.0,33,17,12,0.5862068965517241,0.41379310344827586,1
1691,1031429,2017-05-29,5,England,36,South Africa,77,Lord's,312,149,294,0.5068027210884354,1.0,0.8,229.7864,7.1618,273,166,260,0.6384615384615384,0.4,0.6,242.0815,6.4222,22,0.35,2,0.0,34,18,12,0.6,0.4,0
1692,1022347,2017-06-01,5,England,12,Bangladesh,80,Kennington Oval,313,149,295,0.5050847457627119,0.8,0.8,229.5387,7.171,211,75,206,0.3640776699029126,0.5,0.375,203.1875,7.8029,21,0.5238095238095238,1,0.0,17,13,4,0.7647058823529411,0.23529411764705882,1
1694,1022351,2017-06-03,36,South Africa,7,Sri Lanka,80,Kennington Oval,274,167,261,0.6398467432950191,0.4,0.6,241.7638,6.4096,347,168,325,0.5169230769230769,0.25,0.3333333333333333,226.7434,7.3068,4,0.0,7,0.5714285714285714,29,16,12,0.5714285714285714,0.42857142857142855,1
1695,1022353,2017-06-04,2,India,30,Pakistan,81,Edgbaston,358,202,336,0.6011904761904762,0.6,0.7,240.3722,6.6676,297,149,288,0.5173611111111112,0.4,0.5,231.9259,7.4848,5,0.6,5,0.4,37,20,17,0.5405405405405406,0.4594594594594595,1
1697,1022357,2017-06-06,5,England,6,New Zealand,101,Sophia Gardens,314,150,296,0.5067567567567568,0.8,0.9,229.791,7.1543,268,135,250,0.54,0.75,0.5555555555555556,227.7808,7.1923,10,0.7142857142857143,2,0.5,30,11,17,0.39285714285714285,0.6071428571428571,1
1698,1022359,2017-06-07,30,Pakistan,36,South Africa,81,Edgbaston,298,149,289,0.5155709342560554,0.4,0.4,231.698,7.4899,275,168,262,0.6412213740458015,0.6,0.6,241.9743,6.4081,6,0.3333333333333333,1,1.0,36,13,22,0.37142857142857144,0.6285714285714286,1
1699,1022361,2017-06-08,2,India,7,Sri Lanka,80,Kennington Oval,359,203,337,0.6023738872403561,0.8,0.7,240.5949,6.6572,348,168,326,0.5153374233128835,0.25,0.2222222222222222,226.6735,7.3147,4,0.5,8,0.5,68,43,20,0.6825396825396826,0.31746031746031744,0
1700,1022363,2017-06-09,12,Bangladesh,6,New Zealand,101,Sophia Gardens,213,75,207,0.36231884057971014,0.5,0.42857142857142855,203.5714,7.8048,269,135,251,0.5378486055776892,0.5,0.5555555555555556,227.7625,7.2031,1,1.0,3,0.3333333333333333,22,8,14,0.36363636363636365,0.6363636363636364,1
1701,1022365,2017-06-10,5,England,3,Australia,81,Edgbaston,315,151,297,0.5084175084175084,0.8,0.9,230.0481,7.1635,354,231,331,0.6978851963746223,0.3333333333333333,0.625,243.3563,6.5747,16,0.6923076923076923,6,0.0,61,18,40,0.3103448275862069,0.6896551724137931,1
1702,1022367,2017-06-11,2,India,36,South Africa,80,Kennington Oval,360,203,338,0.6005917159763313,0.6,0.6,240.822,6.6554,276,168,263,0.6387832699619772,0.4,0.5,241.8901,6.4139,5,0.4,5,0.2,29,11,16,0.4074074074074074,0.5925925925925926,1
1703,1022369,2017-06-12,30,Pakistan,7,Sri Lanka,101,Sophia Gardens,299,150,290,0.5172413793103449,0.6,0.4,231.3211,7.4749,349,169,327,0.5168195718654435,0.5,0.2222222222222222,226.9531,7.3021,2,1.0,3,0.0,46,23,21,0.5227272727272727,0.4772727272727273,1
1704,1022371,2017-06-14,5,England,30,Pakistan,101,Sophia Gardens,316,152,298,0.5100671140939598,0.8,0.9,230.0799,7.1534,300,151,291,0.5189003436426117,0.8,0.5,231.34,7.4733,11,0.75,3,1.0,30,21,8,0.7241379310344828,0.27586206896551724,0
1705,1022373,2017-06-15,12,Bangladesh,2,India,81,Edgbaston,214,76,208,0.36538461538461536,0.75,0.5714285714285714,203.8768,7.7915,361,204,339,0.6017699115044248,0.6,0.6,240.6873,6.6423,1,0.0,6,0.6666666666666666,20,4,15,0.21052631578947367,0.7894736842105263,0
1706,1089419,2017-06-15,34,Scotland,46,Zimbabwe,204,"Grange Cricket Club Ground, Raeburn Place",32,9,29,0.3103448275862069,0.5,0.3333333333333333,189.6562,7.7812,192,36,184,0.1956521739130435,0.3333333333333333,0.125,198.3386,8.3598,5,0.75,0,0.5,0,0,0,0.5,0.5,1
1707,1089420,2017-06-17,34,Scotland,46,Zimbabwe,204,"Grange Cricket Club Ground, Raeburn Place",33,10,30,0.3333333333333333,0.5,0.4444444444444444,193.5152,7.7273,193,36,185,0.1945945945945946,0.3333333333333333,0.125,198.7263,8.3684,6,0.8,1,0.0,1,1,0,1.0,0.0,0
1708,1022375,2017-06-18,2,India,30,Pakistan,80,Kennington Oval,362,205,340,0.6029411764705882,0.6,0.7,240.7556,6.6264,301,152,292,0.5205479452054794,0.8,0.5,231.2857,7.4551,6,0.5,2,0.5,38,21,17,0.5526315789473685,0.4473684210526316,0
1713,1098207,2017-06-25,44,West Indies,2,India,98,"Queen's Park Oval, Port of Spain",255,96,239,0.401673640167364,0.25,0.125,211.5138,7.5494,364,205,341,0.6011730205278593,0.5,0.6666666666666666,240.4078,6.6257,13,0.45454545454545453,11,0.6,37,14,21,0.4,0.6,0
1718,1098208,2017-06-30,44,West Indies,2,India,152,"Sir Vivian Richards Stadium, North Sound",256,96,240,0.4,0.25,0.1111111111111111,211.4882,7.5433,365,206,342,0.6023391812865497,0.75,0.6666666666666666,240.6017,6.6212,11,0.18181818181818182,2,0.5,38,14,22,0.3888888888888889,0.6111111111111112,0
1719,1104478,2017-06-30,7,Sri Lanka,46,Zimbabwe,237,Galle International Stadium,350,169,328,0.5152439024390244,0.5,0.2222222222222222,226.9795,7.3099,194,37,186,0.1989247311827957,0.5,0.25,198.5812,8.3455,0,0.5,0,0.5,18,15,2,0.8823529411764706,0.11764705882352941,0
1724,1098209,2017-07-02,44,West Indies,2,India,152,"Sir Vivian Richards Stadium, North Sound",257,96,241,0.3983402489626556,0.0,0.1111111111111111,211.2784,7.5529,366,207,343,0.6034985422740525,0.75,0.6666666666666666,240.6306,6.6139,12,0.16666666666666666,3,0.6666666666666666,39,14,23,0.3783783783783784,0.6216216216216216,1
1725,1104479,2017-07-02,7,Sri Lanka,46,Zimbabwe,237,Galle International Stadium,351,169,329,0.513677811550152,0.4,0.2222222222222222,227.2391,7.3032,195,38,187,0.20320855614973263,0.6,0.375,199.224,8.3229,1,0.0,1,1.0,19,15,3,0.8333333333333334,0.16666666666666666,1
1730,1098210,2017-07-06,44,West Indies,2,India,97,"Sabina Park, Kingston",258,97,242,0.40082644628099173,0.25,0.2222222222222222,211.1914,7.5586,367,207,344,0.6017441860465116,0.5,0.5555555555555556,240.4571,6.6233,13,0.8461538461538461,6,0.16666666666666666,40,15,23,0.39473684210526316,0.6052631578947368,0
1731,1104480,2017-07-06,7,Sri Lanka,46,Zimbabwe,187,"Mahinda Rajapaksa International Cricket Stadium, Sooriyawewa",352,170,330,0.5151515151515151,0.4,0.3333333333333333,227.0378,7.2907,196,38,188,0.20212765957446807,0.4,0.375,198.9948,8.3316,16,0.5384615384615384,0,0.5,20,16,3,0.8421052631578947,0.15789473684210525,1
1734,1104481,2017-07-08,7,Sri Lanka,46,Zimbabwe,187,"Mahinda Rajapaksa International Cricket Stadium, Sooriyawewa",353,171,331,0.5166163141993958,0.6,0.4444444444444444,227.2841,7.2754,197,38,189,0.20105820105820105,0.4,0.375,199.567,8.3299,17,0.5714285714285714,1,0.0,21,17,3,0.85,0.15,0
1737,1104482,2017-07-10,7,Sri Lanka,46,Zimbabwe,187,"Mahinda Rajapaksa International Cricket Stadium, Sooriyawewa",354,171,332,0.5150602409638554,0.4,0.4444444444444444,227.4942,7.2717,198,39,190,0.20526315789473684,0.6,0.5,199.6667,8.3179,18,0.5333333333333333,2,0.5,22,17,4,0.8095238095238095,0.19047619047619047,0
1749,1109605,2017-08-20,7,Sri Lanka,2,India,32,Rangiri Dambulla International Stadium,355,171,333,0.5135135135135135,0.4,0.4444444444444444,227.4236,7.2738,368,208,345,0.6028985507246377,0.75,0.6666666666666666,240.3619,6.6105,31,0.5862068965517241,13,0.6153846153846154,69,21,43,0.328125,0.671875,0
1750,1109606,2017-08-24,7,Sri Lanka,2,India,188,Pallekele International Cricket Stadium,356,171,334,0.5119760479041916,0.4,0.4,227.3908,7.2816,369,209,346,0.6040462427745664,0.8,0.6666666666666666,240.3058,6.595,16,0.5625,1,1.0,70,21,44,0.3230769230769231,0.676923076923077,0
1751,1109607,2017-08-27,7,Sri Lanka,2,India,188,Pallekele International Cricket Stadium,357,171,335,0.5104477611940299,0.2,0.3,227.4155,7.2837,370,210,347,0.6051873198847262,0.8,0.7777777777777778,240.2802,6.5962,17,0.5294117647058824,2,1.0,71,21,45,0.3181818181818182,0.6818181818181818,0
1752,1109608,2017-08-31,2,India,7,Sri Lanka,104,"R.Premadasa Stadium, Khettarama",371,211,348,0.6063218390804598,0.8,0.7777777777777778,240.2192,6.589,358,171,336,0.5089285714285714,0.0,0.3,227.3857,7.2886,0,0.5,1,0.0,72,46,21,0.6865671641791045,0.31343283582089554,1
1753,1109609,2017-09-03,7,Sri Lanka,2,India,104,"R.Premadasa Stadium, Khettarama",359,171,337,0.5074183976261127,0.0,0.2,227.3276,7.2963,372,212,349,0.6074498567335244,1.0,0.7777777777777778,240.5874,6.5847,2,0.0,1,1.0,73,21,47,0.3088235294117647,0.6911764705882353,0
1754,1119496,2017-09-17,2,India,3,Australia,146,"MA Chidambaram Stadium, Chepauk",373,213,350,0.6085714285714285,1.0,0.8888888888888888,240.5831,6.5777,355,231,332,0.6957831325301205,0.0,0.5,243.4527,6.5817,6,0.6666666666666666,0,0.5,54,16,31,0.3404255319148936,0.6595744680851063,1
1755,1031667,2017-09-19,44,West Indies,5,England,102,Old Trafford,259,97,243,0.3991769547325103,0.25,0.2222222222222222,211.1673,7.5642,317,152,299,0.5083612040133779,0.6,0.8,230.0191,7.1624,0,0.5,9,0.6666666666666666,27,9,17,0.34615384615384615,0.6538461538461539,0
1757,1119497,2017-09-21,2,India,3,Australia,1,Eden Gardens,374,214,351,0.6096866096866097,1.0,0.9,240.6929,6.5788,356,231,333,0.6936936936936937,0.0,0.375,243.1486,6.5886,6,0.6,0,0.5,55,17,31,0.3541666666666667,0.6458333333333334,1
1758,1031671,2017-09-24,5,England,44,West Indies,160,County Ground,319,153,300,0.51,0.75,0.7777777777777778,229.2943,7.1266,261,97,244,0.3975409836065574,0.25,0.25,211.1395,7.5698,6,0.4,1,0.0,29,18,9,0.6666666666666666,0.3333333333333333,1
1759,1119498,2017-09-24,3,Australia,2,India,191,Holkar Cricket Stadium,357,231,334,0.6916167664670658,0.0,0.375,243.0313,6.5983,375,215,352,0.6107954545454546,1.0,0.9,240.7236,6.5881,0,0.5,2,1.0,56,31,18,0.6326530612244898,0.3673469387755102,0
1760,1031673,2017-09-27,44,West Indies,5,England,80,Kennington Oval,262,97,245,0.39591836734693875,0.25,0.125,211.2703,7.5792,320,154,301,0.5116279069767442,0.75,0.7777777777777778,229.735,7.1325,5,0.6,22,0.5454545454545454,30,9,19,0.32142857142857145,0.6785714285714286,0
1761,1119499,2017-09-28,3,Australia,2,India,238,M.Chinnaswamy Stadium,358,231,335,0.6895522388059702,0.0,0.25,243.1733,6.5966,376,216,353,0.6118980169971672,1.0,0.9,240.8676,6.5838,0,0.5,0,0.5,57,31,19,0.62,0.38,1
1762,1031675,2017-09-29,44,West Indies,5,England,82,The Rose Bowl,263,97,246,0.3943089430894309,0.0,0.125,211.8269,7.5692,321,155,302,0.5132450331125827,0.75,0.7777777777777778,229.8239,7.1258,3,0.6666666666666666,15,0.5333333333333333,31,9,20,0.3103448275862069,0.6896551724137931,0
1763,1119500,2017-10-01,3,Australia,2,India,180,"Vidarbha Cricket Association Stadium, Jamtha",359,232,336,0.6904761904761905,0.2,0.25,243.4306,6.5921,377,216,354,0.6101694915254238,0.8,0.9,241.062,6.5876,3,0.3333333333333333,4,0.5,58,32,19,0.6274509803921569,0.37254901960784315,0
1764,1120286,2017-10-13,30,Pakistan,7,Sri Lanka,185,Dubai International Cricket Stadium,302,153,293,0.5221843003412969,0.8,0.6,231.6391,7.4437,360,171,338,0.5059171597633136,0.0,0.2,227.358,7.304,13,0.38461538461538464,4,0.5,47,24,21,0.5333333333333333,0.4666666666666667,1
1765,1075504,2017-10-15,12,Bangladesh,36,South Africa,227,Diamond Oval,215,76,209,0.36363636363636365,0.5,0.42857142857142855,204.1604,7.7877,277,168,264,0.6363636363636364,0.4,0.4,241.7044,6.427,0,0.5,0,0.5,10,3,7,0.3,0.7,0
1766,1120287,2017-10-16,30,Pakistan,7,Sri Lanka,127,Sheikh Zayed Stadium,303,154,294,0.5238095238095238,1.0,0.7,231.8383,7.4389,361,171,339,0.504424778761062,0.0,0.2,227.3059,7.3059,26,0.4230769230769231,3,0.3333333333333333,48,25,21,0.5434782608695652,0.45652173913043476,1
1767,1075505,2017-10-18,36,South Africa,12,Bangladesh,192,Boland Park,278,169,265,0.6377358490566037,0.6,0.5,241.8509,6.4036,216,76,210,0.3619047619047619,0.25,0.375,204.507,7.784,2,0.5,0,0.5,11,8,3,0.7272727272727273,0.2727272727272727,1
1768,1120288,2017-10-18,7,Sri Lanka,30,Pakistan,127,Sheikh Zayed Stadium,362,171,340,0.5029411764705882,0.0,0.1,227.1921,7.3136,304,155,295,0.5254237288135594,1.0,0.8,231.7961,7.4441,4,0.25,27,0.4444444444444444,49,21,26,0.44680851063829785,0.5531914893617021,0
1769,1120289,2017-10-20,7,Sri Lanka,30,Pakistan,190,Sharjah Cricket Stadium,363,171,341,0.501466275659824,0.0,0.0,227.138,7.3211,305,156,296,0.527027027027027,1.0,0.9,231.7213,7.4295,3,0.0,13,0.46153846153846156,50,21,27,0.4375,0.5625,0
1770,1075506,2017-10-22,36,South Africa,12,Bangladesh,91,Buffalo Park,279,170,266,0.6390977443609023,0.6,0.5,242.2536,6.4022,217,76,211,0.36018957345971564,0.25,0.375,204.715,7.7944,4,1.0,0,0.5,12,9,3,0.75,0.25,1
1772,1120090,2017-10-22,2,India,6,New Zealand,2,Wankhede Stadium,378,217,355,0.6112676056338028,0.8,0.9,241.0672,6.578,270,135,252,0.5357142857142857,0.25,0.4444444444444444,227.9046,7.2061,5,0.8,2,0.5,33,16,14,0.5333333333333333,0.4666666666666667,0
1773,1120290,2017-10-23,7,Sri Lanka,30,Pakistan,190,Sharjah Cricket Stadium,364,171,342,0.5,0.0,0.0,226.986,7.3287,306,157,297,0.5286195286195287,1.0,0.9,231.5425,7.415,4,0.0,14,0.5,51,21,28,0.42857142857142855,0.5714285714285714,0
1774,1120091,2017-10-25,6,New Zealand,2,India,210,Maharashtra Cricket Association Stadium,271,136,253,0.5375494071146245,0.25,0.5555555555555556,228.1179,7.1939,379,217,356,0.6095505617977528,0.6,0.8,241.1716,6.5818,0,0.5,2,0.5,34,15,16,0.4838709677419355,0.5161290322580645,0
1776,1120092,2017-10-29,2,India,6,New Zealand,95,Green Park,380,218,357,0.6106442577030813,0.6,0.8,241.1471,6.5749,272,136,254,0.5354330708661418,0.25,0.4444444444444444,228.125,7.2008,5,0.6,0,0.5,35,17,15,0.53125,0.46875,1
1780,1124089,2017-12-06,16,Hong Kong,32,Papua New Guinea,223,ICC Academy,11,4,10,0.4,0.6,0.4444444444444444,188.3636,7.5455,5,2,5,0.4,0.4,0.4,197.6,9.0,1,1.0,0,0.5,3,2,1,0.6666666666666666,0.3333333333333333,1
1781,1122726,2017-12-10,2,India,7,Sri Lanka,201,Himachal Pradesh Cricket Association Stadium,381,219,358,0.611731843575419,0.6,0.8,241.4027,6.5733,365,171,343,0.49854227405247814,0.0,0.0,226.6387,7.3361,3,0.6666666666666666,0,0.5,74,48,21,0.6956521739130435,0.30434782608695654,0
1782,1122727,2017-12-13,2,India,7,Sri Lanka,107,"Punjab Cricket Association IS Bindra Stadium, Mohali",382,219,359,0.6100278551532033,0.6,0.7,241.0585,6.5824,366,172,344,0.5,0.2,0.1,226.324,7.324,1,1.0,1,0.0,75,48,22,0.6857142857142857,0.3142857142857143,1
1783,1122728,2017-12-17,7,Sri Lanka,2,India,93,Dr. Y.S. Rajasekhara Reddy ACA-VDCA Cricket Stadium,367,172,345,0.4985507246376812,0.2,0.1,226.3928,7.3259,383,220,360,0.6111111111111112,0.6,0.7,241.4589,6.5756,0,0.5,5,0.8,76,22,49,0.30985915492957744,0.6901408450704225,0
1784,1115795,2017-12-20,44,West Indies,6,New Zealand,195,Cobham Oval (New),264,97,247,0.39271255060728744,0.0,0.125,212.1188,7.5632,273,136,255,0.5333333333333333,0.2,0.4444444444444444,228.5132,7.2,0,0.5,1,1.0,20,7,12,0.3684210526315789,0.631578947368421,0
1785,1115796,2017-12-23,6,New Zealand,44,West Indies,213,Hagley Oval,274,137,256,0.53515625,0.4,0.4444444444444444,228.5902,7.1917,265,97,248,0.3911290322580645,0.0,0.1111111111111111,212.2557,7.5687,6,1.0,1,1.0,21,13,7,0.65,0.35,1
1786,1115797,2017-12-26,6,New Zealand,44,West Indies,213,Hagley Oval,275,138,257,0.5369649805447471,0.6,0.4444444444444444,228.9513,7.1873,266,97,249,0.3895582329317269,0.0,0.1111111111111111,211.9087,7.5779,7,1.0,2,0.5,22,14,7,0.6666666666666666,0.3333333333333333,1
1787,1115802,2018-01-06,6,New Zealand,30,Pakistan,92,Basin Reserve,276,139,258,0.5387596899224806,0.6,0.4444444444444444,228.5858,7.1754,307,158,298,0.5302013422818792,1.0,0.9,231.1303,7.3941,2,0.5,1,0.0,27,17,9,0.6538461538461539,0.34615384615384615,1
1788,1115803,2018-01-09,30,Pakistan,6,New Zealand,212,Saxton Oval,308,158,299,0.5284280936454849,0.8,0.9,230.9188,7.3896,277,140,259,0.5405405405405406,0.8,0.5555555555555556,228.9071,7.1747,0,0.5,6,0.8,28,9,18,0.3333333333333333,0.6666666666666666,0
1789,1131274,2018-01-11,40,United Arab Emirates,20,Ireland,223,ICC Academy,18,4,18,0.2222222222222222,0.4,0.3,200.7778,8.8889,69,22,62,0.3548387096774194,0.0,0.2222222222222222,194.0147,8.0,1,0.0,0,0.5,3,0,3,0.0,1.0,0
1790,1115804,2018-01-13,6,New Zealand,30,Pakistan,182,University Oval,278,141,260,0.5423076923076923,1.0,0.6,228.6185,7.1556,309,158,300,0.5266666666666666,0.6,0.8,230.9676,7.3948,5,1.0,0,0.5,29,19,9,0.6785714285714286,0.32142857142857145,1
1791,1131275,2018-01-13,20,Ireland,40,United Arab Emirates,223,ICC Academy,70,23,63,0.36507936507936506,0.25,0.3333333333333333,194.4783,7.971,19,4,19,0.21052631578947367,0.2,0.3,201.8947,8.8947,1,1.0,2,0.0,4,4,0,1.0,0.0,1
1792,1072310,2018-01-14,3,Australia,5,England,14,Melbourne Cricket Ground,360,232,337,0.6884272997032641,0.2,0.125,243.4266,6.5989,322,156,303,0.5148514851485149,1.0,0.7777777777777778,230.0251,7.1066,30,0.7241379310344828,6,0.16666666666666666,62,40,19,0.6779661016949152,0.3220338983050847,0
1793,1130737,2018-01-15,46,Zimbabwe,12,Bangladesh,240,"Shere Bangla National Stadium, Mirpur",199,40,191,0.2094240837696335,0.6,0.5555555555555556,199.6888,8.3112,218,76,212,0.3584905660377358,0.2,0.3333333333333333,204.5488,7.8047,0,0.5,0,0.5,41,11,30,0.2682926829268293,0.7317073170731707,0
1794,1115805,2018-01-16,30,Pakistan,6,New Zealand,151,Seddon Park,310,158,301,0.5249169435215947,0.4,0.7,230.4613,7.4032,279,142,261,0.5440613026819924,1.0,0.7,228.7232,7.1661,1,1.0,16,0.6,30,9,20,0.3103448275862069,0.6896551724137931,0
1795,1131276,2018-01-16,34,Scotland,20,Ireland,223,ICC Academy,34,10,31,0.3225806451612903,0.4,0.4444444444444444,192.7941,7.7941,71,24,64,0.375,0.4,0.4444444444444444,196.0,7.9286,0,0.5,2,1.0,7,1,6,0.14285714285714285,0.8571428571428571,0
1796,1130738,2018-01-17,46,Zimbabwe,7,Sri Lanka,240,"Shere Bangla National Stadium, Mirpur",200,40,192,0.20833333333333334,0.4,0.5,199.5381,8.3198,368,172,346,0.49710982658959535,0.2,0.1,226.3611,7.3333,1,0.0,0,0.5,23,5,17,0.22727272727272727,0.7727272727272727,1
1797,1131277,2018-01-18,20,Ireland,34,Scotland,223,ICC Academy,72,25,65,0.38461538461538464,0.6,0.4444444444444444,196.3803,7.8732,35,10,32,0.3125,0.2,0.4444444444444444,193.5429,7.8571,3,1.0,1,0.0,8,7,1,0.875,0.125,1
1798,1072311,2018-01-19,3,Australia,5,England,87,"Brisbane Cricket Ground, Woolloongabba",361,232,338,0.6863905325443787,0.2,0.125,243.5972,6.6028,323,157,304,0.5164473684210527,1.0,0.8888888888888888,230.2688,7.1,17,0.7857142857142857,5,0.4,63,40,20,0.6666666666666666,0.3333333333333333,0
1799,1115806,2018-01-19,6,New Zealand,30,Pakistan,92,Basin Reserve,280,143,262,0.5458015267175572,1.0,0.8,228.8493,7.1581,311,158,302,0.5231788079470199,0.2,0.6,230.5627,7.4051,3,0.6666666666666666,2,0.0,31,21,9,0.7,0.3,1
1800,1130739,2018-01-19,12,Bangladesh,7,Sri Lanka,240,"Shere Bangla National Stadium, Mirpur",219,77,213,0.3615023474178404,0.2,0.4444444444444444,204.3935,7.7778,369,172,347,0.4956772334293948,0.2,0.1,226.5042,7.3407,1,1.0,1,0.0,28,5,21,0.19230769230769232,0.8076923076923077,1
1801,1072312,2018-01-21,5,England,3,Australia,9,Sydney Cricket Ground,324,158,305,0.5180327868852459,1.0,0.8888888888888888,230.405,7.0966,362,232,339,0.6843657817109144,0.2,0.125,243.6713,6.6096,8,0.25,37,0.7272727272727273,64,21,40,0.3442622950819672,0.6557377049180327,1
1802,1130740,2018-01-21,46,Zimbabwe,7,Sri Lanka,240,"Shere Bangla National Stadium, Mirpur",201,41,193,0.21243523316062177,0.6,0.5,199.9949,8.3081,370,172,348,0.4942528735632184,0.2,0.1,226.3122,7.3481,2,0.5,2,0.0,24,6,17,0.2608695652173913,0.7391304347826086,0
1803,1131278,2018-01-21,34,Scotland,40,United Arab Emirates,223,ICC Academy,36,10,33,0.30303030303030304,0.2,0.4444444444444444,196.6944,7.8889,20,4,20,0.2,0.2,0.3,203.5,8.95,2,0.0,3,0.0,3,2,1,0.6666666666666666,0.3333333333333333,1
1804,1130741,2018-01-23,12,Bangladesh,46,Zimbabwe,240,"Shere Bangla National Stadium, Mirpur",220,78,214,0.3644859813084112,0.4,0.4444444444444444,204.9263,7.7742,202,41,194,0.211340206185567,0.6,0.5,199.9849,8.3166,2,1.0,3,0.3333333333333333,42,31,11,0.7380952380952381,0.2619047619047619,1
1805,1131279,2018-01-23,34,Scotland,40,United Arab Emirates,223,ICC Academy,37,11,34,0.3235294117647059,0.4,0.4444444444444444,198.1081,7.8919,21,4,21,0.19047619047619047,0.2,0.3,204.1905,9.0,3,0.3333333333333333,4,0.0,4,3,1,0.75,0.25,0
1806,1130742,2018-01-25,12,Bangladesh,7,Sri Lanka,240,"Shere Bangla National Stadium, Mirpur",221,79,215,0.3674418604651163,0.6,0.4444444444444444,204.9771,7.7798,371,173,349,0.49570200573065903,0.2,0.2,226.2452,7.3416,3,1.0,3,0.3333333333333333,29,6,21,0.2222222222222222,0.7777777777777778,0
1807,1072313,2018-01-26,5,England,3,Australia,13,Adelaide Oval,325,159,306,0.5196078431372549,1.0,0.8888888888888888,230.6273,7.0932,363,232,340,0.6823529411764706,0.2,0.1111111111111111,243.7899,6.6078,7,0.2857142857142857,19,0.6842105263157895,65,22,40,0.3548387096774194,0.6451612903225806,0
1808,1130743,2018-01-27,7,Sri Lanka,12,Bangladesh,240,"Shere Bangla National Stadium, Mirpur",372,174,350,0.49714285714285716,0.4,0.3,225.8516,7.3214,222,79,216,0.36574074074074076,0.6,0.4444444444444444,204.4155,7.79,4,0.5,4,0.75,30,22,6,0.7857142857142857,0.21428571428571427,1
1809,1072314,2018-01-28,5,England,3,Australia,241,Perth Stadium,326,159,307,0.5179153094462541,0.8,0.7777777777777778,230.5201,7.1022,364,233,341,0.6832844574780058,0.2,0.2,243.6592,6.6089,0,0.5,0,0.5,66,22,41,0.3492063492063492,0.6507936507936508,1
1810,1122279,2018-02-01,36,South Africa,2,India,62,Kingsmead,280,171,267,0.6404494382022472,0.6,0.6,242.7112,6.4007,384,221,361,0.6121883656509696,0.8,0.7,241.3995,6.5635,18,0.6666666666666666,3,0.0,30,16,12,0.5714285714285714,0.42857142857142855,0
1811,1122280,2018-02-04,36,South Africa,2,India,63,SuperSport Park,281,171,268,0.6380597014925373,0.6,0.5,242.8058,6.4065,385,222,362,0.6132596685082873,0.8,0.7,241.4749,6.5567,23,0.7272727272727273,5,0.0,31,16,13,0.5517241379310345,0.4482758620689655,0
1812,1122281,2018-02-07,2,India,36,South Africa,61,Newlands,386,223,363,0.6143250688705234,0.8,0.7,241.1526,6.5421,282,171,269,0.6356877323420075,0.6,0.5,242.3584,6.4194,2,0.5,15,0.8666666666666667,32,14,16,0.4666666666666667,0.5333333333333333,1
1814,1122282,2018-02-10,2,India,36,South Africa,88,The Wanderers Stadium,387,224,364,0.6153846153846154,1.0,0.8,241.315,6.5407,283,171,270,0.6333333333333333,0.4,0.5,242.1321,6.4321,0,0.5,2,0.5,33,15,16,0.4838709677419355,0.5161290322580645,0
1816,1122283,2018-02-13,2,India,36,South Africa,90,St George's Park,388,224,365,0.6136986301369863,0.8,0.7,241.4398,6.5419,284,172,271,0.6346863468634686,0.4,0.5,242.0071,6.427,2,0.0,17,0.625,34,15,17,0.46875,0.53125,1
1817,1122284,2018-02-16,36,South Africa,2,India,63,SuperSport Park,285,172,272,0.6323529411764706,0.2,0.4,241.8617,6.4397,389,225,366,0.6147540983606558,0.8,0.8,241.5248,6.5431,24,0.6956521739130435,6,0.25,35,17,16,0.5151515151515151,0.48484848484848486,0
1818,1115775,2018-02-25,5,England,6,New Zealand,151,Seddon Park,327,160,308,0.5194805194805194,0.8,0.8888888888888888,230.608,7.1111,281,144,263,0.5475285171102662,1.0,0.8,229.0037,7.1575,2,0.0,17,0.625,31,12,17,0.41379310344827586,0.5862068965517241,0
1819,1115776,2018-02-28,6,New Zealand,5,England,215,Bay Oval,282,145,264,0.5492424242424242,1.0,0.9,229.2153,7.1569,328,160,309,0.517799352750809,0.6,0.7777777777777778,230.7723,7.1138,3,0.3333333333333333,0,0.5,32,18,12,0.6,0.4,0
1820,1115777,2018-03-03,5,England,6,New Zealand,114,Westpac Stadium,329,161,310,0.5193548387096775,0.6,0.8,230.7546,7.1043,283,145,265,0.5471698113207547,0.8,0.9,229.1927,7.1673,3,0.0,16,0.7333333333333333,33,13,18,0.41935483870967744,0.5806451612903226,1
1821,1134540,2018-03-04,40,United Arab Emirates,32,Papua New Guinea,16,Harare Sports Club,22,5,22,0.22727272727272727,0.4,0.4,208.5455,8.8636,6,2,6,0.3333333333333333,0.4,0.3333333333333333,199.1667,9.1667,0,0.5,0,0.5,2,1,1,0.5,0.5,1
1823,1133002,2018-03-06,32,Papua New Guinea,20,Ireland,16,Harare Sports Club,7,2,7,0.2857142857142857,0.2,0.2857142857142857,186.8571,9.2857,73,26,66,0.3939393939393939,0.8,0.4444444444444444,198.25,7.8472,1,0.0,3,0.3333333333333333,0,0,0,0.5,0.5,0
1824,1133003,2018-03-06,44,West Indies,40,United Arab Emirates,242,Old Hararians,267,97,250,0.388,0.0,0.1111111111111111,211.4811,7.5833,23,6,23,0.2608695652173913,0.4,0.4,209.087,8.913,0,0.5,0,0.5,1,1,0,1.0,0.0,1
1825,1133005,2018-03-06,16,Hong Kong,34,Scotland,243,Bulawayo Athletic Club,12,5,11,0.45454545454545453,0.6,0.5555555555555556,191.8333,7.5833,38,11,35,0.3142857142857143,0.2,0.3333333333333333,200.7632,7.9211,0,0.5,0,0.5,3,1,1,0.5,0.5,0
1826,1115778,2018-03-07,5,England,6,New Zealand,182,University Oval,330,162,311,0.5209003215434084,0.6,0.8,230.7645,7.1131,284,145,266,0.5451127819548872,0.6,0.8,229.1957,7.1703,0,0.5,6,1.0,34,14,18,0.4375,0.5625,0
1827,1133007,2018-03-08,32,Papua New Guinea,44,West Indies,242,Old Hararians,8,2,8,0.25,0.2,0.25,192.875,9.375,268,98,251,0.3904382470119522,0.2,0.1111111111111111,212.0302,7.5698,0,0.5,1,1.0,0,0,0,0.5,0.5,0
1829,1115779,2018-03-10,6,New Zealand,5,England,213,Hagley Oval,285,146,267,0.5468164794007491,0.6,0.8,229.5921,7.1625,331,162,312,0.5192307692307693,0.6,0.7,231.0823,7.1189,8,1.0,1,1.0,35,19,14,0.5757575757575758,0.42424242424242425,0
1830,1133010,2018-03-10,44,West Indies,20,Ireland,16,Harare Sports Club,269,99,252,0.39285714285714285,0.4,0.2222222222222222,211.9887,7.5564,74,27,67,0.40298507462686567,1.0,0.5555555555555556,198.7808,7.8219,6,0.6666666666666666,4,0.5,5,3,1,0.75,0.25,1
1831,1133012,2018-03-10,46,Zimbabwe,16,Hong Kong,69,Queens Sports Club,203,41,195,0.21025641025641026,0.4,0.5,199.61,8.325,13,5,12,0.4166666666666667,0.6,0.5555555555555556,184.0769,7.7692,27,0.24,0,0.5,0,0,0,0.5,0.5,1
1834,1133015,2018-03-12,20,Ireland,40,United Arab Emirates,242,Old Hararians,75,27,68,0.39705882352941174,0.8,0.5555555555555556,198.8649,7.8514,24,6,24,0.25,0.4,0.3,212.75,8.7917,0,0.5,1,0.0,5,5,0,1.0,0.0,1
1837,1133019,2018-03-15,34,Scotland,40,United Arab Emirates,69,Queens Sports Club,40,12,36,0.3333333333333333,0.5,0.3333333333333333,198.275,7.925,25,6,25,0.24,0.4,0.3,207.88,8.84,1,0.5,0,0.5,5,3,2,0.6,0.4,1
1838,1133022,2018-03-16,46,Zimbabwe,20,Ireland,16,Harare Sports Club,205,42,196,0.21428571428571427,0.5,0.4444444444444444,199.9752,8.3366,76,28,69,0.4057971014492754,0.8,0.6,200.3867,7.8267,60,0.25,5,0.4,6,3,2,0.6,0.4,1
1839,1133023,2018-03-17,32,Papua New Guinea,16,Hong Kong,242,Old Hararians,9,2,9,0.2222222222222222,0.0,0.2222222222222222,193.6667,9.4444,14,5,13,0.38461538461538464,0.4,0.4444444444444444,183.3571,7.9286,1,0.0,0,0.5,4,1,3,0.25,0.75,1
1840,1133025,2018-03-18,20,Ireland,34,Scotland,16,Harare Sports Club,77,28,70,0.4,0.6,0.6,199.1184,7.8553,41,13,37,0.35135135135135137,0.75,0.4444444444444444,201.2927,7.878,6,0.3333333333333333,0,0.5,9,8,1,0.8888888888888888,0.1111111111111111,1
1841,1133026,2018-03-19,46,Zimbabwe,44,West Indies,16,Harare Sports Club,206,43,197,0.2182741116751269,0.5,0.5555555555555556,200.0296,8.3399,270,100,253,0.3952569169960474,0.6,0.3333333333333333,212.1573,7.5581,61,0.26229508196721313,7,0.7142857142857143,24,5,17,0.22727272727272727,0.7727272727272727,0
1842,1133028,2018-03-21,44,West Indies,34,Scotland,16,Harare Sports Club,271,101,254,0.39763779527559057,0.8,0.4,212.4478,7.5522,42,13,38,0.34210526315789475,0.5,0.4444444444444444,202.3571,7.9286,8,0.75,1,0.0,0,0,0,0.5,0.5,1
1843,1133029,2018-03-22,40,United Arab Emirates,46,Zimbabwe,16,Harare Sports Club,26,6,26,0.23076923076923078,0.4,0.3,209.4615,8.8846,207,43,198,0.21717171717171718,0.5,0.5555555555555556,200.4657,8.348,1,1.0,62,0.25806451612903225,1,0,1,0.0,1.0,1
1856,1119537,2018-06-13,3,Australia,5,England,80,Kennington Oval,365,233,342,0.6812865497076024,0.2,0.2,243.6685,6.6184,332,163,313,0.5207667731629393,0.6,0.7,231.076,7.1064,7,0.6666666666666666,23,0.5652173913043478,67,41,23,0.640625,0.359375,0
1858,1119538,2018-06-16,5,England,3,Australia,101,Sophia Gardens,333,164,314,0.5222929936305732,0.8,0.7,231.0364,7.1061,366,233,343,0.6793002915451894,0.2,0.2,243.5861,6.6278,12,0.6666666666666666,3,0.0,68,24,41,0.36923076923076925,0.6307692307692307,1
1859,1119539,2018-06-19,5,England,3,Australia,74,Trent Bridge,334,165,315,0.5238095238095238,0.8,0.7,231.3716,7.1088,367,233,344,0.6773255813953488,0.2,0.2,243.7535,6.6371,16,0.5714285714285714,2,1.0,69,25,41,0.3787878787878788,0.6212121212121212,1
1860,1119540,2018-06-21,3,Australia,5,England,75,Riverside Ground,368,233,345,0.6753623188405797,0.2,0.2,243.7403,6.6464,335,166,316,0.5253164556962026,0.8,0.7,232.1235,7.1054,3,0.3333333333333333,10,0.5555555555555556,70,41,26,0.6119402985074627,0.3880597014925373,0
1861,1119541,2018-06-24,3,Australia,5,England,102,Old Trafford,369,233,346,0.6734104046242775,0.0,0.1,243.9229,6.6501,336,167,317,0.526813880126183,1.0,0.8,232.3694,7.0961,6,0.5,10,0.7,71,41,27,0.6029411764705882,0.39705882352941174,0
1864,1119546,2018-07-12,5,England,2,India,74,Trent Bridge,337,168,318,0.5283018867924528,1.0,0.8,232.2964,7.1018,390,226,367,0.6158038147138964,0.8,0.8,241.4323,6.5312,17,0.6,2,0.5,49,16,30,0.34782608695652173,0.6521739130434783,0
1866,1142920,2018-07-13,30,Pakistan,46,Zimbabwe,69,Queens Sports Club,312,158,303,0.5214521452145214,0.0,0.5,230.6442,7.4135,208,43,199,0.21608040201005024,0.5,0.4444444444444444,200.5902,8.3415,1,1.0,29,0.2692307692307692,25,21,2,0.9130434782608695,0.08695652173913043,1
1867,1119547,2018-07-14,5,England,2,India,77,Lord's,338,168,319,0.5266457680250783,0.8,0.8,232.403,7.1104,391,227,368,0.6168478260869565,0.8,0.8,241.5039,6.5195,23,0.3333333333333333,3,0.5,50,16,31,0.3404255319148936,0.6595744680851063,1
1868,1142921,2018-07-16,46,Zimbabwe,30,Pakistan,69,Queens Sports Club,209,43,200,0.215,0.25,0.3333333333333333,200.1359,8.3495,313,159,304,0.5230263157894737,0.2,0.5,230.8914,7.4121,30,0.25925925925925924,2,1.0,26,2,22,0.08333333333333333,0.9166666666666666,0
1869,1119548,2018-07-17,2,India,5,England,76,Headingley,392,227,369,0.6151761517615176,0.6,0.8,241.4896,6.5285,339,169,320,0.528125,0.8,0.8,232.6696,7.1101,2,0.5,11,0.7272727272727273,51,31,17,0.6458333333333334,0.3541666666666667,0
1870,1142922,2018-07-18,46,Zimbabwe,30,Pakistan,69,Queens Sports Club,210,43,201,0.21393034825870647,0.2,0.3333333333333333,200.1063,8.3575,314,160,305,0.5245901639344263,0.4,0.5,230.7771,7.3917,31,0.25,3,1.0,27,2,23,0.08,0.92,0
1871,1142923,2018-07-20,30,Pakistan,46,Zimbabwe,69,Queens Sports Club,315,161,306,0.5261437908496732,0.6,0.5,230.2635,7.3714,211,43,202,0.21287128712871287,0.0,0.2222222222222222,199.4663,8.3654,4,1.0,32,0.2413793103448276,28,24,2,0.9230769230769231,0.07692307692307693,1
1872,1142924,2018-07-22,30,Pakistan,46,Zimbabwe,69,Queens Sports Club,316,162,307,0.5276872964169381,0.8,0.5,230.7975,7.3513,212,43,203,0.21182266009852216,0.0,0.2222222222222222,199.2536,8.3732,5,1.0,33,0.23333333333333334,29,25,2,0.9259259259259259,0.07407407407407407,1
1873,1146720,2018-07-22,12,Bangladesh,44,West Indies,153,Providence Stadium,223,79,217,0.3640552995391705,0.6,0.4,204.1318,7.7955,272,102,255,0.4,1.0,0.5,212.3941,7.5613,1,1.0,13,0.46153846153846156,22,7,14,0.3333333333333333,0.6666666666666666,1
1874,1146721,2018-07-25,44,West Indies,12,Bangladesh,153,Providence Stadium,273,102,256,0.3984375,0.8,0.5,212.463,7.5667,224,80,218,0.3669724770642202,0.6,0.4,204.4706,7.7783,14,0.42857142857142855,2,1.0,23,14,8,0.6363636363636364,0.36363636363636365,1
1875,1146722,2018-07-28,12,Bangladesh,44,West Indies,131,"Warner Park, Basseterre",225,80,219,0.365296803652968,0.4,0.4,204.7568,7.7703,274,103,257,0.40077821011673154,0.8,0.6,212.679,7.5756,2,0.5,10,0.5,24,8,15,0.34782608695652173,0.6521739130434783,1
1876,1142584,2018-07-29,7,Sri Lanka,36,South Africa,32,Rangiri Dambulla International Stadium,373,175,351,0.4985754985754986,0.6,0.4,225.8384,7.3288,286,172,273,0.63003663003663,0.2,0.4,241.7279,6.4523,32,0.5666666666666667,1,0.0,30,12,17,0.41379310344827586,0.5862068965517241,0
1877,1142585,2018-08-01,7,Sri Lanka,36,South Africa,32,Rangiri Dambulla International Stadium,374,175,352,0.4971590909090909,0.6,0.4,225.7486,7.3361,287,173,274,0.6313868613138686,0.4,0.5,241.5669,6.4472,33,0.5483870967741935,2,0.5,31,12,18,0.4,0.6,0
1878,1142586,2018-08-05,36,South Africa,7,Sri Lanka,188,Pallekele International Cricket Stadium,288,174,275,0.6327272727272727,0.6,0.5,241.5825,6.4456,375,175,353,0.49575070821529743,0.6,0.4,225.7984,7.3379,3,0.3333333333333333,18,0.5,32,19,12,0.6129032258064516,0.3870967741935484,1
1879,1142587,2018-08-08,7,Sri Lanka,36,South Africa,188,Pallekele International Cricket Stadium,376,175,354,0.4943502824858757,0.4,0.3,225.9592,7.3451,289,175,276,0.6340579710144928,0.6,0.5,242.007,6.4476,19,0.47368421052631576,4,0.5,33,12,20,0.375,0.625,1
1880,1142588,2018-08-12,7,Sri Lanka,36,South Africa,104,"R.Premadasa Stadium, Khettarama",377,176,355,0.49577464788732395,0.4,0.4,226.1762,7.3442,290,175,277,0.631768953068592,0.6,0.4,241.8153,6.4564,3,0.0,0,0.5,34,13,20,0.3939393939393939,0.6060606060606061,1
1881,1154649,2018-08-30,40,United Arab Emirates,24,Nepal,134,Kinrara Academy Oval,27,7,27,0.25925925925925924,0.4,0.4,210.4074,8.8148,0,0,0,0.5,0.5,0.5,0.0,0.0,1,1.0,0,0.5,0,0,0,0.5,0.5,1
1884,1153243,2018-09-15,12,Bangladesh,7,Sri Lanka,185,Dubai International Cricket Stadium,226,81,220,0.36818181818181817,0.4,0.5,205.1883,7.7623,378,177,356,0.49719101123595505,0.4,0.5,226.373,7.3459,0,0.5,5,0.4,31,6,23,0.20689655172413793,0.7931034482758621,1
1885,1153244,2018-09-16,16,Hong Kong,30,Pakistan,185,Dubai International Cricket Stadium,15,5,14,0.35714285714285715,0.2,0.4,180.6,8.0667,317,163,308,0.5292207792207793,1.0,0.5,231.2177,7.3407,1,0.0,14,0.42857142857142855,1,0,1,0.0,1.0,0
1888,1153246,2018-09-18,2,India,16,Hong Kong,185,Dubai International Cricket Stadium,393,227,370,0.6135135135135135,0.6,0.7,241.5271,6.5323,16,5,15,0.3333333333333333,0.2,0.4,176.5625,8.1875,0,0.5,2,0.0,1,1,0,1.0,0.0,1
1889,1153247,2018-09-19,30,Pakistan,2,India,185,Dubai International Cricket Stadium,318,164,309,0.5307443365695793,1.0,0.6,230.8679,7.3239,394,228,371,0.6145552560646901,0.6,0.7,241.6392,6.5335,15,0.4666666666666667,1,1.0,39,18,21,0.46153846153846156,0.5384615384615384,0
1890,1153249,2018-09-21,12,Bangladesh,2,India,185,Dubai International Cricket Stadium,227,82,221,0.37104072398190047,0.6,0.6,205.4375,7.7723,395,229,372,0.6155913978494624,0.6,0.7,241.4396,6.5219,1,1.0,2,1.0,21,4,16,0.2,0.8,0
1892,1153251,2018-09-23,30,Pakistan,2,India,185,Dubai International Cricket Stadium,319,164,310,0.5290322580645161,0.8,0.6,230.652,7.3323,396,230,373,0.6166219839142091,0.6,0.7,241.2667,6.5128,16,0.4375,3,1.0,40,18,22,0.45,0.55,0
1893,1153254,2018-09-26,12,Bangladesh,30,Pakistan,127,Sheikh Zayed Stadium,228,82,222,0.36936936936936937,0.6,0.6,205.2933,7.7822,320,164,311,0.5273311897106109,0.6,0.6,230.6719,7.3312,0,0.5,28,0.4642857142857143,21,3,18,0.14285714285714285,0.8571428571428571,1
1894,1153255,2018-09-28,12,Bangladesh,2,India,185,Dubai International Cricket Stadium,229,83,223,0.3721973094170404,0.6,0.6,205.4425,7.792,397,231,374,0.6176470588235294,0.8,0.7,241.2583,6.4987,2,0.5,4,1.0,22,4,17,0.19047619047619047,0.8095238095238095,0
1895,1144146,2018-09-30,46,Zimbabwe,36,South Africa,227,Diamond Oval,213,43,204,0.2107843137254902,0.0,0.2222222222222222,199.4143,8.3524,291,175,278,0.6294964028776978,0.6,0.4,241.3958,6.4688,0,0.5,1,1.0,22,0,22,0.0,1.0,0
1896,1144147,2018-10-03,36,South Africa,46,Zimbabwe,89,Mangaung Oval,292,176,279,0.6308243727598566,0.6,0.5,240.9723,6.4637,214,43,205,0.2097560975609756,0.0,0.1111111111111111,199.0237,8.3602,2,0.0,0,0.5,23,23,0,1.0,0.0,1
1897,1144148,2018-10-06,46,Zimbabwe,36,South Africa,192,Boland Park,215,43,206,0.2087378640776699,0.0,0.1,198.4528,8.3679,293,177,280,0.6321428571428571,0.6,0.6,240.8241,6.4759,0,0.5,3,0.6666666666666666,24,0,24,0.0,1.0,0
1899,1140380,2018-10-13,5,England,7,Sri Lanka,32,Rangiri Dambulla International Stadium,341,170,321,0.5295950155763239,0.75,0.8888888888888888,232.3343,7.0799,380,177,357,0.4957983193277311,0.5,0.5555555555555556,226.097,7.3531,4,0.3333333333333333,35,0.53125,42,16,23,0.41025641025641024,0.5897435897435898,1
1900,1140381,2018-10-17,7,Sri Lanka,5,England,188,Pallekele International Cricket Stadium,381,177,358,0.49441340782122906,0.5,0.4444444444444444,225.8656,7.3468,342,171,322,0.531055900621118,0.75,0.8888888888888888,232.469,7.0855,20,0.5,2,0.5,43,23,17,0.575,0.425,0
1902,1140382,2018-10-20,7,Sri Lanka,5,England,188,Pallekele International Cricket Stadium,382,177,359,0.49303621169916434,0.25,0.3333333333333333,225.6622,7.3512,343,172,323,0.5325077399380805,1.0,0.8888888888888888,232.2353,7.0735,21,0.47619047619047616,3,0.6666666666666666,44,23,18,0.5609756097560976,0.43902439024390244,0
1904,1153635,2018-10-21,12,Bangladesh,46,Zimbabwe,240,"Shere Bangla National Stadium, Mirpur",230,83,224,0.3705357142857143,0.6,0.5,205.5154,7.8018,216,43,207,0.20772946859903382,0.0,0.0,198.5915,8.3756,5,0.6,4,0.25,43,32,11,0.7441860465116279,0.2558139534883721,1
1905,1157754,2018-10-21,44,West Indies,2,India,246,Barsapara Cricket Stadium,275,103,258,0.3992248062015504,0.6,0.6,212.9375,7.5699,398,232,375,0.6186666666666667,1.0,0.8,241.2117,6.5,0,0.5,0,0.5,41,15,24,0.38461538461538464,0.6153846153846154,0
1907,1140383,2018-10-23,7,Sri Lanka,5,England,104,"R.Premadasa Stadium, Khettarama",383,177,360,0.49166666666666664,0.0,0.2222222222222222,225.7888,7.3503,344,173,324,0.5339506172839507,1.0,0.8888888888888888,231.9413,7.0587,4,0.25,0,0.5,45,23,19,0.5476190476190477,0.4523809523809524,1
1908,1153636,2018-10-24,46,Zimbabwe,12,Bangladesh,186,Zahur Ahmed Chowdhury Stadium,217,43,208,0.20673076923076922,0.0,0.0,198.7991,8.3785,231,84,225,0.37333333333333335,0.6,0.5,205.8026,7.8026,3,0.0,9,0.7777777777777778,44,11,33,0.25,0.75,0
1910,1153637,2018-10-26,46,Zimbabwe,12,Bangladesh,186,Zahur Ahmed Chowdhury Stadium,218,43,209,0.20574162679425836,0.0,0.0,199.0186,8.3721,232,85,226,0.37610619469026546,0.6,0.6,205.9956,7.7817,4,0.0,10,0.8,45,11,34,0.24444444444444444,0.7555555555555555,0
1911,1157756,2018-10-27,44,West Indies,2,India,210,Maharashtra Cricket Association Stadium,277,103,259,0.39768339768339767,0.25,0.6666666666666666,213.7299,7.5693,400,233,376,0.6196808510638298,1.0,0.7777777777777778,241.6294,6.4873,0,0.5,3,0.6666666666666666,43,15,25,0.375,0.625,1
1912,1157757,2018-10-29,2,India,44,West Indies,140,Brabourne Stadium,401,233,377,0.6180371352785146,0.75,0.6666666666666666,241.6253,6.4962,278,104,260,0.4,0.5,0.6666666666666666,213.9818,7.5745,0,0.5,3,0.3333333333333333,44,25,16,0.6097560975609756,0.3902439024390244,1
1913,1157758,2018-11-01,44,West Indies,2,India,247,Greenfield International Stadium,279,104,261,0.39846743295019155,0.25,0.5555555555555556,213.7609,7.5833,402,234,378,0.6190476190476191,0.75,0.7777777777777778,241.9672,6.4924,0,0.5,0,0.5,45,16,26,0.38095238095238093,0.6190476190476191,0
1914,1144986,2018-11-04,3,Australia,36,South Africa,241,Perth Stadium,370,233,347,0.6714697406340058,0.0,0.1,243.8159,6.6593,294,178,281,0.6334519572953736,0.6,0.6,240.7904,6.4742,1,0.0,0,0.5,40,18,21,0.46153846153846156,0.5384615384615384,0
1915,1157378,2018-11-07,6,New Zealand,30,Pakistan,127,Sheikh Zayed Stadium,286,146,268,0.5447761194029851,0.4,0.7,229.5683,7.1727,321,164,312,0.5256410256410257,0.4,0.6,230.5826,7.3364,5,0.8,29,0.4482758620689655,32,22,9,0.7096774193548387,0.2903225806451613,1
1916,1144987,2018-11-09,3,Australia,36,South Africa,13,Adelaide Oval,371,233,348,0.6695402298850575,0.0,0.1,243.5644,6.6685,295,179,282,0.6347517730496454,0.8,0.7,240.4897,6.4658,20,0.7,2,1.0,41,18,22,0.45,0.55,1
1917,1157379,2018-11-09,6,New Zealand,30,Pakistan,127,Sheikh Zayed Stadium,287,147,269,0.5464684014869888,0.4,0.7,229.6989,7.1792,322,164,313,0.5239616613418531,0.2,0.6,230.5466,7.3447,6,0.8333333333333334,30,0.43333333333333335,33,23,9,0.71875,0.28125,0
1918,1144988,2018-11-11,36,South Africa,3,Australia,59,Bellerive Oval,296,179,283,0.6325088339222615,0.8,0.7,240.4334,6.4744,372,234,349,0.670487106017192,0.2,0.2,243.5301,6.6776,2,0.0,9,0.8888888888888888,42,22,19,0.5365853658536586,0.4634146341463415,1
1920,1153314,2018-12-09,12,Bangladesh,44,West Indies,240,"Shere Bangla National Stadium, Mirpur",233,86,227,0.3788546255506608,0.8,0.7,206.3522,7.7609,280,104,262,0.3969465648854962,0.25,0.4444444444444444,213.3646,7.5921,6,0.6666666666666666,0,0.5,25,9,15,0.375,0.625,1
1921,1153315,2018-12-11,12,Bangladesh,44,West Indies,240,"Shere Bangla National Stadium, Mirpur",234,87,228,0.3815789473684211,0.8,0.7,206.3074,7.7489,281,104,263,0.39543726235741444,0.25,0.3333333333333333,213.2986,7.5971,7,0.7142857142857143,1,0.0,26,10,15,0.4,0.6,0
1922,1153316,2018-12-14,12,Bangladesh,44,West Indies,248,Sylhet International Cricket Stadium,235,87,229,0.3799126637554585,0.8,0.7,206.5172,7.7457,282,105,264,0.3977272727272727,0.4,0.3333333333333333,213.4516,7.5914,0,0.5,0,0.5,27,10,16,0.38461538461538464,0.6153846153846154,1
1923,1153840,2019-01-03,6,New Zealand,7,Sri Lanka,215,Bay Oval,289,147,270,0.5444444444444444,0.5,0.5555555555555556,228.9324,7.1637,384,178,361,0.4930747922437673,0.25,0.3333333333333333,226.1627,7.3467,4,0.25,1,0.0,38,16,17,0.48484848484848486,0.5151515151515151,1
1924,1153841,2019-01-05,6,New Zealand,7,Sri Lanka,215,Bay Oval,290,148,271,0.5461254612546126,0.5,0.5555555555555556,229.4362,7.1631,385,178,362,0.49171270718232046,0.2,0.3333333333333333,226.4282,7.3537,5,0.4,2,0.0,39,17,17,0.5,0.5,1
1925,1153842,2019-01-08,6,New Zealand,7,Sri Lanka,212,Saxton Oval,291,149,272,0.5477941176470589,0.75,0.5555555555555556,229.7527,7.1625,386,178,363,0.4903581267217631,0.2,0.3333333333333333,226.618,7.3607,7,0.8333333333333334,3,0.5,40,18,17,0.5142857142857142,0.4857142857142857,1
1926,1144997,2019-01-12,3,Australia,2,India,9,Sydney Cricket Ground,373,234,350,0.6685714285714286,0.2,0.2,243.6294,6.6839,403,235,379,0.6200527704485488,0.75,0.8888888888888888,241.6222,6.4786,38,0.7058823529411765,8,0.2857142857142857,59,32,20,0.6153846153846154,0.38461538461538464,1
1927,1144998,2019-01-15,3,Australia,2,India,13,Adelaide Oval,374,235,351,0.6695156695156695,0.4,0.2,243.75,6.6793,404,235,380,0.618421052631579,0.5,0.7777777777777778,241.6533,6.4849,21,0.7142857142857143,5,0.75,60,33,20,0.6226415094339622,0.37735849056603776,0
1928,1144999,2019-01-18,3,Australia,2,India,14,Melbourne Cricket Ground,375,235,352,0.6676136363636364,0.4,0.2,243.897,6.6856,405,236,381,0.6194225721784777,0.6,0.7777777777777778,241.797,6.4787,31,0.7,8,0.375,61,33,21,0.6111111111111112,0.3888888888888889,0
1929,1144156,2019-01-19,36,South Africa,30,Pakistan,90,St George's Park,297,180,284,0.6338028169014085,0.8,0.7,240.7041,6.4694,324,165,314,0.5254777070063694,0.25,0.5555555555555556,230.6389,7.3364,18,0.5882352941176471,2,1.0,37,22,14,0.6111111111111112,0.3888888888888889,0
1930,1144157,2019-01-22,36,South Africa,30,Pakistan,62,Kingsmead,298,180,285,0.631578947368421,0.6,0.6,240.7898,6.4542,325,166,315,0.526984126984127,0.5,0.5555555555555556,230.7508,7.3292,19,0.625,2,1.0,38,22,15,0.5945945945945946,0.40540540540540543,1
1931,1153691,2019-01-23,6,New Zealand,2,India,119,McLean Park,292,150,273,0.5494505494505495,0.75,0.5555555555555556,230.2254,7.1514,406,237,382,0.6204188481675392,0.8,0.7777777777777778,241.7775,6.47,13,0.5833333333333334,2,0.5,36,15,18,0.45454545454545453,0.5454545454545454,0
1933,1144158,2019-01-25,36,South Africa,30,Pakistan,63,SuperSport Park,299,181,286,0.6328671328671329,0.6,0.6,240.6757,6.4493,326,166,316,0.5253164556962026,0.5,0.4444444444444444,230.6656,7.3374,25,0.6666666666666666,5,0.4,39,23,15,0.6052631578947368,0.39473684210526316,1
1934,1170454,2019-01-25,40,United Arab Emirates,24,Nepal,223,ICC Academy,28,8,28,0.2857142857142857,0.4,0.4,211.9643,8.8214,1,0,1,0.0,0.0,0.0,176.0,10.0,5,0.2,0,0.5,1,1,0,1.0,0.0,1
1935,1153692,2019-01-26,6,New Zealand,2,India,215,Bay Oval,293,150,274,0.5474452554744526,0.75,0.5555555555555556,229.9684,7.1614,407,238,383,0.6214099216710183,0.8,0.7777777777777778,241.5636,6.4589,6,0.5,0,0.5,37,15,19,0.4411764705882353,0.5588235294117647,0
1936,1170455,2019-01-26,40,United Arab Emirates,24,Nepal,223,ICC Academy,29,9,29,0.3103448275862069,0.6,0.5,208.6552,8.7586,2,0,2,0.0,0.0,0.0,144.5,10.0,6,0.3333333333333333,1,0.0,2,2,0,1.0,0.0,0
1937,1144159,2019-01-27,36,South Africa,30,Pakistan,88,The Wanderers Stadium,300,182,287,0.6341463414634146,0.6,0.7,240.4949,6.4343,327,166,317,0.5236593059936908,0.5,0.3333333333333333,230.9297,7.3333,3,0.6666666666666666,0,0.5,40,24,15,0.6153846153846154,0.38461538461538464,0
1938,1153693,2019-01-28,6,New Zealand,2,India,215,Bay Oval,294,150,275,0.5454545454545454,0.6,0.5555555555555556,229.9825,7.1713,408,239,384,0.6223958333333334,0.8,0.7777777777777778,241.7687,6.4527,7,0.42857142857142855,1,1.0,38,15,20,0.42857142857142855,0.5714285714285714,0
1939,1170456,2019-01-28,40,United Arab Emirates,24,Nepal,223,ICC Academy,30,9,30,0.3,0.6,0.5,204.9333,8.8,3,1,3,0.3333333333333333,0.3333333333333333,0.3333333333333333,177.0,9.6667,7,0.2857142857142857,2,0.5,3,2,1,0.6666666666666666,0.3333333333333333,0
1941,1144160,2019-01-30,36,South Africa,30,Pakistan,61,Newlands,301,182,288,0.6319444444444444,0.6,0.7,240.2383,6.4463,328,167,318,0.5251572327044025,0.5,0.3333333333333333,230.7378,7.3171,16,0.8125,2,0.5,41,24,16,0.6,0.4,1
1942,1153694,2019-01-31,6,New Zealand,2,India,151,Seddon Park,295,150,276,0.5434782608695652,0.4,0.4444444444444444,230.0279,7.1812,409,240,385,0.6233766233766234,1.0,0.7777777777777778,241.7767,6.4442,18,0.6470588235294118,4,0.5,39,15,21,0.4166666666666667,0.5833333333333334,1
1944,1153695,2019-02-03,6,New Zealand,2,India,114,Westpac Stadium,296,151,277,0.5451263537906137,0.4,0.5555555555555556,229.5521,7.1632,410,240,386,0.6217616580310881,0.8,0.7,241.4059,6.453,17,0.6875,2,0.0,40,16,21,0.43243243243243246,0.5675675675675675,0
1948,1153844,2019-02-13,6,New Zealand,12,Bangladesh,119,McLean Park,297,151,278,0.5431654676258992,0.2,0.4444444444444444,229.5087,7.173,236,88,230,0.3826086956521739,0.8,0.7,206.4979,7.721,14,0.5384615384615384,2,0.0,23,14,9,0.6086956521739131,0.391304347826087,1
1950,1153845,2019-02-16,6,New Zealand,12,Bangladesh,213,Hagley Oval,298,152,279,0.5448028673835126,0.4,0.5555555555555556,229.5207,7.1552,237,88,231,0.38095238095238093,0.6,0.6,206.6068,7.7308,9,0.8888888888888888,1,0.0,24,15,9,0.625,0.375,1
1952,1153846,2019-02-20,6,New Zealand,12,Bangladesh,182,University Oval,299,153,280,0.5464285714285714,0.6,0.6,229.5189,7.1375,238,88,232,0.3793103448275862,0.4,0.6,206.6894,7.7404,7,1.0,1,0.0,25,16,9,0.64,0.36,1
1953,1158066,2019-02-20,44,West Indies,5,England,249,"Kensington Oval, Barbados",283,105,265,0.39622641509433965,0.2,0.3333333333333333,213.3964,7.5964,345,173,325,0.5323076923076923,0.75,0.7777777777777778,231.6491,7.0643,0,0.5,0,0.5,32,9,21,0.3,0.7,0
1955,1158067,2019-02-22,44,West Indies,5,England,249,"Kensington Oval, Barbados",284,105,266,0.39473684210526316,0.2,0.2222222222222222,213.9181,7.5979,346,174,326,0.5337423312883436,0.8,0.7777777777777778,232.035,7.0554,1,0.0,1,1.0,33,9,22,0.2903225806451613,0.7096774193548387,1
1959,1158069,2019-02-27,44,West Indies,5,England,251,"National Cricket Stadium, Grenada",285,106,267,0.3970037453183521,0.4,0.3333333333333333,214.1844,7.5922,347,174,327,0.5321100917431193,0.6,0.6666666666666666,232.125,7.064,0,0.5,0,0.5,34,10,22,0.3125,0.6875,0
1961,1158070,2019-03-02,44,West Indies,5,England,252,"Darren Sammy National Cricket Stadium, St Lucia",286,106,268,0.39552238805970147,0.4,0.3333333333333333,214.8021,7.6007,348,175,328,0.5335365853658537,0.6,0.7777777777777778,232.6638,7.0609,0,0.5,0,0.5,35,10,23,0.30303030303030304,0.696969696969697,1
1962,1168242,2019-03-02,2,India,3,Australia,111,"Rajiv Gandhi International Stadium, Uppal",411,241,387,0.6227390180878553,0.8,0.8,241.4321,6.4617,376,235,353,0.6657223796033994,0.4,0.2,243.8595,6.6946,5,0.4,2,1.0,62,22,33,0.4,0.6,1
1963,1144167,2019-03-03,36,South Africa,7,Sri Lanka,88,The Wanderers Stadium,302,183,289,0.6332179930795848,0.6,0.7,240.2408,6.4348,387,178,364,0.489010989010989,0.2,0.2222222222222222,226.6772,7.3677,4,0.5,0,0.5,35,20,14,0.5882352941176471,0.4117647058823529,1
1965,1168243,2019-03-05,2,India,3,Australia,180,"Vidarbha Cricket Association Stadium, Jamtha",412,242,388,0.6237113402061856,0.8,0.8,241.4286,6.4557,377,235,354,0.6638418079096046,0.2,0.2,243.8383,6.6954,5,0.6,4,0.25,63,23,33,0.4107142857142857,0.5892857142857143,1
1966,1144168,2019-03-06,36,South Africa,7,Sri Lanka,63,SuperSport Park,303,184,290,0.6344827586206897,0.8,0.7,240.2133,6.42,388,178,365,0.4876712328767123,0.2,0.1111111111111111,226.6887,7.3747,26,0.68,2,0.5,36,21,14,0.6,0.4,1
1967,1168244,2019-03-08,2,India,3,Australia,200,JSCA International Stadium Complex,413,243,389,0.6246786632390745,0.8,0.8,241.4496,6.4644,378,235,355,0.6619718309859155,0.2,0.2,243.8333,6.7043,4,0.6666666666666666,1,0.5,64,24,33,0.42105263157894735,0.5789473684210527,0
1968,1144169,2019-03-10,36,South Africa,7,Sri Lanka,62,Kingsmead,304,185,291,0.6357388316151202,0.8,0.7,240.2492,6.4319,389,178,366,0.48633879781420764,0.0,0.1111111111111111,226.4553,7.3816,20,0.6470588235294118,1,0.0,37,22,14,0.6111111111111112,0.3888888888888889,1
1969,1168245,2019-03-10,2,India,3,Australia,107,"Punjab Cricket Association IS Bindra Stadium, Mohali",414,243,390,0.6230769230769231,0.6,0.8,241.5466,6.473,379,236,356,0.6629213483146067,0.2,0.3,244.0188,6.6997,2,1.0,0,0.5,65,24,34,0.41379310344827586,0.5862068965517241,0
1970,1144170,2019-03-13,36,South Africa,7,Sri Lanka,90,St George's Park,305,186,292,0.636986301369863,0.8,0.7,240.5497,6.4272,390,178,367,0.48501362397820164,0.0,0.1,226.1785,7.3753,19,0.5555555555555556,1,0.0,38,23,14,0.6216216216216216,0.3783783783783784,1
1971,1168246,2019-03-13,2,India,3,Australia,96,Arun Jaitley Stadium,415,243,391,0.6214833759590793,0.6,0.7,241.8313,6.4792,380,237,357,0.6638655462184874,0.4,0.4,244.3262,6.6979,1,0.0,0,0.5,66,24,35,0.4067796610169492,0.5932203389830508,0
1972,1144171,2019-03-16,36,South Africa,7,Sri Lanka,61,Newlands,306,187,293,0.6382252559726962,1.0,0.8,240.3828,6.4191,391,178,368,0.483695652173913,0.0,0.1,226.0812,7.3822,17,0.8235294117647058,1,0.0,39,24,14,0.631578947368421,0.3684210526315789,1
1976,1174238,2019-03-22,3,Australia,30,Pakistan,190,Sharjah Cricket Stadium,381,238,358,0.664804469273743,0.6,0.5,244.4,6.704,329,167,319,0.5235109717868338,0.4,0.3333333333333333,230.766,7.3191,3,1.0,15,0.5333333333333333,29,23,6,0.7931034482758621,0.20689655172413793,1
1977,1174239,2019-03-24,3,Australia,30,Pakistan,190,Sharjah Cricket Stadium,382,239,359,0.6657381615598886,0.8,0.5,244.4973,6.6915,330,167,320,0.521875,0.2,0.3333333333333333,230.9152,7.3121,4,1.0,16,0.5,30,24,6,0.8,0.2,1
1978,1174240,2019-03-27,3,Australia,30,Pakistan,127,Sheikh Zayed Stadium,383,240,360,0.6666666666666666,1.0,0.6,244.6048,6.679,331,167,321,0.5202492211838006,0.2,0.3333333333333333,231.0755,7.3112,5,0.6,31,0.45161290322580644,31,25,6,0.8064516129032258,0.1935483870967742,1
1979,1174241,2019-03-29,3,Australia,30,Pakistan,185,Dubai International Cricket Stadium,384,241,361,0.667590027700831,1.0,0.6,244.6614,6.6772,332,167,322,0.5186335403726708,0.2,0.3333333333333333,230.9398,7.3193,1,1.0,18,0.4117647058823529,32,26,6,0.8125,0.1875,1
1980,1174242,2019-03-31,3,Australia,30,Pakistan,185,Dubai International Cricket Stadium,385,242,362,0.6685082872928176,1.0,0.7,244.7467,6.6781,333,167,323,0.5170278637770898,0.0,0.2222222222222222,231.0601,7.3213,2,1.0,19,0.3888888888888889,33,27,6,0.8181818181818182,0.18181818181818182,1
1981,1179272,2019-04-10,46,Zimbabwe,40,United Arab Emirates,16,Harare Sports Club,219,43,210,0.20476190476190476,0.0,0.0,199.4213,8.3565,31,9,31,0.2903225806451613,0.6,0.5,206.5161,8.7097,63,0.25396825396825395,2,1.0,2,1,1,0.5,0.5,1
1982,1179273,2019-04-12,46,Zimbabwe,40,United Arab Emirates,16,Harare Sports Club,220,44,211,0.20853080568720378,0.2,0.1,199.0138,8.3318,32,9,32,0.28125,0.4,0.4,203.5,8.75,64,0.265625,3,0.6666666666666666,3,2,1,0.6666666666666666,0.3333333333333333,1
1983,1179275,2019-04-16,46,Zimbabwe,40,United Arab Emirates,16,Harare Sports Club,221,45,212,0.21226415094339623,0.4,0.2,198.9495,8.3119,33,9,33,0.2727272727272727,0.2,0.3,202.4545,8.7576,65,0.27692307692307694,4,0.5,4,3,1,0.75,0.25,1
1984,1174844,2019-04-27,32,Papua New Guinea,42,United States of America,255,Affies Park,10,3,10,0.3,0.2,0.3,194.3,9.5,2,0,2,0.0,0.0,0.0,101.0,10.0,0,0.5,0,0.5,0,0,0,0.5,0.5,1
1985,1174845,2019-04-27,23,Namibia,28,Oman,256,Wanderers Cricket Ground,6,0,6,0.0,0.0,0.0,138.3333,9.0,0,0,0,0.5,0.5,0.5,0.0,0.0,0,0.5,0,0.5,0,0,0,0.5,0.5,1
1986,1161014,2019-05-03,20,Ireland,5,England,209,"The Village, Malahide",78,29,71,0.4084507042253521,0.6,0.7,200.0519,7.8701,349,175,329,0.5319148936170213,0.4,0.6666666666666666,232.3179,7.0694,7,0.3333333333333333,2,1.0,9,1,7,0.125,0.875,0
1987,1168508,2019-05-05,20,Ireland,44,West Indies,257,Castle Avenue,79,29,72,0.4027777777777778,0.4,0.7,200.0256,7.8974,287,107,269,0.39776951672862454,0.4,0.4,214.4507,7.5845,0,0.5,0,0.5,6,1,4,0.2,0.8,0
1989,1168509,2019-05-07,12,Bangladesh,44,West Indies,257,Castle Avenue,239,88,233,0.3776824034334764,0.2,0.5,206.839,7.75,288,108,270,0.4,0.6,0.4,215.0351,7.5684,0,0.5,1,1.0,28,11,16,0.4074074074074074,0.5925925925925926,1
1992,1152842,2019-05-11,5,England,30,Pakistan,82,The Rose Bowl,351,176,330,0.5333333333333333,0.5,0.6666666666666666,232.2219,7.0663,335,167,324,0.5154320987654321,0.0,0.1111111111111111,230.8358,7.3045,16,0.5625,4,0.25,32,21,9,0.7,0.3,1
1993,1168511,2019-05-11,20,Ireland,44,West Indies,209,"The Village, Malahide",80,29,73,0.3972602739726027,0.4,0.6,199.8354,7.9241,289,108,271,0.3985239852398524,0.6,0.4,215.1958,7.5734,8,0.2857142857142857,0,0.5,7,1,5,0.16666666666666666,0.8333333333333334,0
1995,1168512,2019-05-13,12,Bangladesh,44,West Indies,209,"The Village, Malahide",240,89,234,0.3803418803418803,0.4,0.6,207.0802,7.7257,290,109,272,0.4007352941176471,0.6,0.5,215.5993,7.5645,0,0.5,1,1.0,29,12,16,0.42857142857142855,0.5714285714285714,1
1996,1152843,2019-05-14,5,England,30,Pakistan,160,County Ground,352,177,331,0.5347432024169184,0.75,0.6666666666666666,232.6264,7.0546,336,167,325,0.5138461538461538,0.0,0.1111111111111111,231.2232,7.3036,7,0.5,0,0.5,33,22,9,0.7096774193548387,0.2903225806451613,1
1997,1168513,2019-05-15,20,Ireland,12,Bangladesh,257,Castle Avenue,81,29,74,0.3918918918918919,0.2,0.5,201.425,7.8875,241,90,235,0.3829787234042553,0.4,0.6,207.2521,7.7143,1,0.0,1,1.0,5,1,3,0.25,0.75,0
1998,1152844,2019-05-17,5,England,30,Pakistan,74,Trent Bridge,353,178,332,0.536144578313253,0.75,0.6666666666666666,232.9885,7.0458,337,167,326,0.5122699386503068,0.0,0.1111111111111111,231.5994,7.3086,18,0.5625,2,0.0,34,23,9,0.71875,0.28125,1
1999,1168514,2019-05-17,12,Bangladesh,44,West Indies,209,"The Village, Malahide",242,91,236,0.3855932203389831,0.6,0.6,207.6151,7.6987,291,109,273,0.3992673992673993,0.6,0.5,215.7083,7.5694,1,1.0,2,0.5,30,13,16,0.4482758620689655,0.5517241379310345,1
2000,1152845,2019-05-19,5,England,30,Pakistan,76,Headingley,354,179,333,0.5375375375375375,1.0,0.6666666666666666,233.2971,7.0457,338,167,327,0.5107033639143731,0.0,0.0,231.9201,7.3077,12,0.75,2,0.0,35,24,9,0.7272727272727273,0.2727272727272727,1
2001,1169332,2019-05-21,34,Scotland,7,Sri Lanka,258,"Grange Cricket Club, Raeburn Place",43,13,39,0.3333333333333333,0.5,0.3333333333333333,200.5581,7.8605,392,178,369,0.4823848238482385,0.0,0.1,226.0783,7.389,0,0.5,0,0.5,1,0,1,0.0,1.0,0
2002,1144483,2019-05-30,5,England,36,South Africa,80,Kennington Oval,355,180,334,0.5389221556886228,1.0,0.7777777777777778,233.6325,7.0513,307,188,294,0.6394557823129252,1.0,0.8,240.0362,6.4046,25,0.5833333333333334,6,0.16666666666666666,35,18,13,0.5806451612903226,0.41935483870967744,1
2003,1144484,2019-05-31,30,Pakistan,44,West Indies,74,Trent Bridge,339,167,328,0.5091463414634146,0.0,0.0,232.1121,7.3156,292,109,274,0.3978102189781022,0.4,0.4,215.4879,7.5467,3,0.0,3,1.0,32,22,9,0.7096774193548387,0.2903225806451613,0
2004,1144485,2019-06-01,6,New Zealand,7,Sri Lanka,101,Sophia Gardens,300,154,281,0.5480427046263345,0.8,0.6,229.863,7.1336,393,179,370,0.4837837837837838,0.2,0.2,226.3281,7.3906,4,0.25,4,0.0,41,19,17,0.5277777777777778,0.4722222222222222,1
2005,1144487,2019-06-02,12,Bangladesh,36,South Africa,80,Kennington Oval,243,92,237,0.3881856540084388,0.8,0.6,207.6375,7.6875,308,188,295,0.6372881355932203,0.8,0.8,239.9279,6.4164,3,0.0,7,0.14285714285714285,13,3,10,0.23076923076923078,0.7692307692307693,1
2006,1144488,2019-06-03,5,England,30,Pakistan,74,Trent Bridge,356,181,335,0.5402985074626866,1.0,0.7777777777777778,233.8523,7.054,340,167,329,0.5075987841945289,0.0,0.0,231.7382,7.3235,19,0.5882352941176471,4,0.0,36,25,9,0.7352941176470589,0.2647058823529412,0
2007,1144490,2019-06-05,2,India,36,South Africa,82,The Rose Bowl,416,243,392,0.6198979591836735,0.4,0.6,241.8195,6.4878,309,188,296,0.6351351351351351,0.6,0.7,240.1536,6.4216,3,0.3333333333333333,2,0.5,36,17,17,0.5,0.5,1
2008,1144491,2019-06-05,12,Bangladesh,6,New Zealand,80,Kennington Oval,244,93,238,0.3907563025210084,1.0,0.6,208.1452,7.6805,301,155,282,0.549645390070922,0.8,0.6,229.5461,7.1092,4,0.3333333333333333,4,0.75,26,9,17,0.34615384615384615,0.6538461538461539,0
2009,1144492,2019-06-06,3,Australia,44,West Indies,74,Trent Bridge,386,243,363,0.6694214876033058,1.0,0.8,244.9632,6.6789,293,110,275,0.4,0.4,0.5,215.1172,7.531,3,0.6666666666666666,4,1.0,35,25,7,0.78125,0.21875,1
2011,1144494,2019-06-08,5,England,12,Bangladesh,101,Sophia Gardens,357,181,336,0.5386904761904762,0.8,0.7777777777777778,234.136,7.0595,245,93,239,0.3891213389121339,0.8,0.6,208.2934,7.6901,13,0.7,2,1.0,18,14,4,0.7777777777777778,0.2222222222222222,1
2012,1144496,2019-06-09,3,Australia,2,India,80,Kennington Oval,387,244,364,0.6703296703296703,1.0,0.9,245.0761,6.6877,417,244,393,0.6208651399491094,0.4,0.6,241.7908,6.4818,8,0.5714285714285714,7,0.42857142857142855,67,36,24,0.6,0.4,0
2015,1144499,2019-06-12,3,Australia,30,Pakistan,259,The Cooper Associates County Ground,388,244,365,0.6684931506849315,0.8,0.9,245.2618,6.6963,341,168,330,0.509090909090909,0.2,0.1111111111111111,232.0792,7.3255,0,0.5,0,0.5,34,28,6,0.8235294117647058,0.17647058823529413,1
2017,1144501,2019-06-14,5,England,44,West Indies,82,The Rose Bowl,358,182,337,0.5400593471810089,0.8,0.7777777777777778,234.565,7.0565,295,110,276,0.39855072463768115,0.25,0.4444444444444444,215.3162,7.5361,17,0.5882352941176471,5,0.5,36,23,11,0.6764705882352942,0.3235294117647059,1
2018,1144502,2019-06-15,3,Australia,7,Sri Lanka,80,Kennington Oval,389,245,366,0.6693989071038251,0.8,0.9,245.423,6.705,394,179,371,0.48247978436657685,0.2,0.1,226.0935,7.3974,9,0.5,9,0.5555555555555556,48,29,17,0.6304347826086957,0.3695652173913043,1
2019,1144504,2019-06-16,2,India,30,Pakistan,102,Old Trafford,418,245,394,0.6218274111675127,0.4,0.6,242.0583,6.4782,342,168,331,0.5075528700906344,0.2,0.1111111111111111,232.1784,7.3333,1,0.0,0,0.5,41,23,18,0.5609756097560976,0.43902439024390244,1
2020,1144505,2019-06-17,12,Bangladesh,44,West Indies,259,The Cooper Associates County Ground,246,93,240,0.3875,0.6,0.5,208.5885,7.6996,296,110,277,0.3971119133574007,0.25,0.4444444444444444,215.3048,7.5445,0,0.5,0,0.5,31,14,16,0.4666666666666667,0.5333333333333333,1
2021,1144507,2019-06-19,6,New Zealand,36,South Africa,81,Edgbaston,302,156,283,0.5512367491166078,1.0,0.6,229.6088,7.1122,311,188,297,0.632996632996633,0.25,0.6666666666666666,239.4253,6.4156,4,0.0,2,0.5,31,12,17,0.41379310344827586,0.5862068965517241,1
2022,1188377,2019-06-19,26,Netherlands,46,Zimbabwe,260,Sportpark Het Schootsveld,26,6,24,0.25,0.5,0.2222222222222222,171.48,7.88,222,46,213,0.215962441314554,0.6,0.3,198.6301,8.3059,0,0.5,0,0.5,1,0,1,0.0,1.0,1
2023,1144508,2019-06-20,3,Australia,12,Bangladesh,74,Trent Bridge,390,246,367,0.670299727520436,0.8,0.9,245.6536,6.7057,247,94,241,0.3900414937759336,0.6,0.6,209.0533,7.6803,4,0.75,1,0.0,17,15,1,0.9375,0.0625,1
2024,1144509,2019-06-21,5,England,7,Sri Lanka,76,Headingley,359,183,338,0.5414201183431953,0.8,0.8888888888888888,234.5042,7.0423,395,179,372,0.48118279569892475,0.2,0.1,226.1477,7.4041,13,0.7692307692307693,2,1.0,46,19,24,0.4418604651162791,0.5581395348837209,0
2025,1188378,2019-06-21,26,Netherlands,46,Zimbabwe,260,Sportpark Het Schootsveld,27,7,25,0.28,0.75,0.3333333333333333,172.8846,7.6923,223,46,214,0.21495327102803738,0.6,0.3,198.6591,8.3045,1,1.0,1,0.0,2,1,1,0.5,0.5,1
2026,1144511,2019-06-22,6,New Zealand,44,West Indies,102,Old Trafford,303,157,284,0.5528169014084507,1.0,0.7,229.661,7.1085,297,110,278,0.39568345323741005,0.25,0.3333333333333333,215.6655,7.5461,0,0.5,1,0.0,23,15,7,0.6818181818181818,0.3181818181818182,1
2027,1144512,2019-06-23,30,Pakistan,36,South Africa,77,Lord's,343,168,332,0.5060240963855421,0.2,0.1111111111111111,232.1195,7.3294,312,188,298,0.6308724832214765,0.0,0.5555555555555556,239.4304,6.4142,4,0.5,3,0.3333333333333333,42,16,25,0.3902439024390244,0.6097560975609756,1
2028,1144514,2019-06-25,5,England,3,Australia,77,Lord's,360,183,339,0.5398230088495575,0.6,0.7777777777777778,234.441,7.0506,391,247,368,0.6711956521739131,0.8,0.9,246.0052,6.7013,24,0.36363636363636365,7,0.8333333333333334,72,28,41,0.4057971014492754,0.5942028985507246,0
2029,1144515,2019-06-26,6,New Zealand,30,Pakistan,81,Edgbaston,304,158,285,0.5543859649122806,1.0,0.8,229.8682,7.1115,344,169,333,0.5075075075075075,0.4,0.2222222222222222,232.3401,7.3285,5,0.5,7,0.42857142857142855,35,23,10,0.696969696969697,0.30303030303030304,0
2030,1144516,2019-06-27,2,India,44,West Indies,102,Old Trafford,419,246,395,0.6227848101265823,0.6,0.6,242.2857,6.4746,298,110,279,0.3942652329749104,0.0,0.2222222222222222,215.9048,7.5544,2,0.5,2,0.0,46,27,16,0.627906976744186,0.37209302325581395,1
2031,1144517,2019-06-28,36,South Africa,7,Sri Lanka,75,Riverside Ground,313,188,299,0.6287625418060201,0.0,0.4444444444444444,239.4935,6.4226,396,180,373,0.48257372654155495,0.4,0.2,226.1628,7.4083,0,0.5,2,1.0,40,25,14,0.6410256410256411,0.358974358974359,1
2032,1144519,2019-06-29,3,Australia,6,New Zealand,77,Lord's,392,248,369,0.6720867208672087,0.8,0.9,246.1062,6.7021,305,158,286,0.5524475524475524,0.8,0.8,229.8923,7.1077,8,0.8571428571428571,3,1.0,45,28,13,0.6829268292682927,0.3170731707317073,1
2033,1144520,2019-06-30,5,England,2,India,81,Edgbaston,361,183,340,0.538235294117647,0.4,0.7,234.4034,7.0588,420,247,396,0.6237373737373737,0.8,0.7,242.3478,6.4758,17,0.7142857142857143,7,0.7142857142857143,52,18,31,0.3673469387755102,0.6326530612244898,1
2034,1144521,2019-07-01,7,Sri Lanka,44,West Indies,75,Riverside Ground,397,180,374,0.48128342245989303,0.4,0.2,226.1031,7.4149,299,110,280,0.39285714285714285,0.0,0.2222222222222222,215.6576,7.5627,3,0.6666666666666666,0,0.5,20,12,6,0.6666666666666666,0.3333333333333333,1
2035,1168517,2019-07-01,20,Ireland,46,Zimbabwe,261,"Bready Cricket Club, Magheramason",82,29,75,0.38666666666666666,0.2,0.4,202.5432,7.8889,224,46,215,0.21395348837209302,0.6,0.3,199.0724,8.2941,0,0.5,0,0.5,7,2,4,0.3333333333333333,0.6666666666666666,1
2036,1144522,2019-07-02,12,Bangladesh,2,India,81,Edgbaston,248,94,242,0.3884297520661157,0.4,0.6,209.5592,7.6816,421,247,397,0.6221662468513854,0.8,0.6,242.5012,6.4723,2,0.0,8,0.625,23,4,18,0.18181818181818182,0.8181818181818182,0
2038,1144523,2019-07-03,5,England,6,New Zealand,75,Riverside Ground,362,184,341,0.5395894428152492,0.6,0.7,234.6899,7.0587,306,158,287,0.5505226480836237,0.6,0.7,229.6477,7.1174,11,0.6,3,0.3333333333333333,36,15,19,0.4411764705882353,0.5588235294117647,1
2040,1168518,2019-07-04,20,Ireland,46,Zimbabwe,132,"Civil Service Cricket Club, Stormont",83,30,76,0.39473684210526316,0.2,0.4,203.2195,7.8659,225,46,216,0.21296296296296297,0.4,0.3,199.3198,8.2973,9,0.14285714285714285,0,0.5,8,3,4,0.42857142857142855,0.5714285714285714,1
2041,1144525,2019-07-05,12,Bangladesh,30,Pakistan,77,Lord's,249,94,243,0.3868312757201646,0.2,0.6,209.8699,7.6911,345,170,334,0.5089820359281437,0.6,0.3,232.3652,7.3188,0,0.5,5,0.6,22,4,18,0.18181818181818182,0.8181818181818182,0
2042,1144526,2019-07-06,2,India,7,Sri Lanka,76,Headingley,422,248,398,0.6231155778894473,0.8,0.6,242.6731,6.4784,398,181,375,0.4826666666666667,0.4,0.3,226.3907,7.4113,3,0.3333333333333333,3,1.0,77,50,22,0.6944444444444444,0.3055555555555556,1
2043,1144527,2019-07-06,3,Australia,36,South Africa,102,Old Trafford,393,249,370,0.672972972972973,1.0,0.9,246.0982,6.708,314,189,300,0.63,0.25,0.4444444444444444,239.3859,6.4051,7,0.42857142857142855,0,0.5,43,19,23,0.4523809523809524,0.5476190476190477,0
2045,1168519,2019-07-07,20,Ireland,46,Zimbabwe,132,"Civil Service Cricket Club, Stormont",84,31,77,0.4025974025974026,0.4,0.4,203.6867,7.8795,226,46,217,0.2119815668202765,0.2,0.3,199.4888,8.3004,10,0.25,1,0.0,9,4,4,0.5,0.5,1
2046,1144528,2019-07-09,2,India,6,New Zealand,102,Old Trafford,423,249,399,0.6240601503759399,0.8,0.6,242.7266,6.47,307,158,288,0.5486111111111112,0.4,0.7,229.5017,7.1271,3,0.6666666666666666,1,1.0,41,22,16,0.5789473684210527,0.42105263157894735,0
2047,1144529,2019-07-11,3,Australia,5,England,81,Edgbaston,394,249,371,0.6711590296495957,0.8,0.8,246.2758,6.7165,363,185,342,0.5409356725146199,0.6,0.7,234.8858,7.0613,7,0.0,18,0.7333333333333333,73,42,28,0.6,0.4,0
2049,1193504,2019-07-26,7,Sri Lanka,12,Bangladesh,104,"R.Premadasa Stadium, Khettarama",399,181,376,0.48138297872340424,0.4,0.3,226.4872,7.4103,250,94,244,0.38524590163934425,0.2,0.5,209.915,7.7004,5,0.4,0,0.5,32,23,7,0.7666666666666667,0.23333333333333334,1
2050,1193505,2019-07-28,7,Sri Lanka,12,Bangladesh,104,"R.Premadasa Stadium, Khettarama",400,182,377,0.4827586206896552,0.6,0.4,226.711,7.4118,251,94,245,0.3836734693877551,0.2,0.4,209.9677,7.7097,6,0.5,1,0.0,33,24,7,0.7741935483870968,0.22580645161290322,1
2051,1193506,2019-07-31,7,Sri Lanka,12,Bangladesh,104,"R.Premadasa Stadium, Khettarama",401,183,378,0.48412698412698413,0.6,0.5,226.75,7.4005,252,94,246,0.3821138211382114,0.0,0.3,210.0803,7.7108,7,0.5714285714285714,2,0.0,34,25,7,0.78125,0.21875,1
2053,1188625,2019-08-11,44,West Indies,2,India,263,"Queen's Park Oval, Trinidad",301,110,281,0.3914590747330961,0.0,0.125,215.4478,7.5455,425,249,400,0.6225,0.5,0.6666666666666666,242.6746,6.4785,0,0.5,0,0.5,48,16,28,0.36363636363636365,0.6363636363636364,0
2054,1188626,2019-08-14,44,West Indies,2,India,263,"Queen's Park Oval, Trinidad",302,110,282,0.3900709219858156,0.0,0.125,215.4295,7.5537,426,250,401,0.6234413965087282,0.75,0.7777777777777778,242.7613,6.4797,1,0.0,1,1.0,49,16,29,0.35555555555555557,0.6444444444444445,0
2055,1196670,2019-08-14,28,Oman,32,Papua New Guinea,189,Mannofield Park,1,0,1,0.0,0.0,0.0,81.0,10.0,11,4,11,0.36363636363636365,0.4,0.4,191.6364,9.0909,0,0.5,0,0.5,0,0,0,0.5,0.5,1
2056,1196671,2019-08-15,34,Scotland,28,Oman,189,Mannofield Park,44,13,40,0.325,0.25,0.3333333333333333,200.5227,7.9091,2,1,2,0.5,0.5,0.5,157.5,8.0,2,0.5,1,1.0,0,0,0,0.5,0.5,0
2057,1196672,2019-08-17,34,Scotland,32,Papua New Guinea,189,Mannofield Park,45,13,41,0.3170731707317073,0.2,0.3333333333333333,199.8,7.9556,12,4,12,0.3333333333333333,0.4,0.3,194.75,9.0,3,0.3333333333333333,1,0.0,0,0,0,0.5,0.5,1
2058,1196673,2019-08-18,34,Scotland,28,Oman,189,Mannofield Park,46,14,42,0.3333333333333333,0.2,0.4444444444444444,199.9565,7.9348,3,2,3,0.6666666666666666,0.6666666666666666,0.6666666666666666,161.3333,6.0,4,0.5,2,1.0,1,0,1,0.0,1.0,1
2059,1196674,2019-08-20,34,Scotland,32,Papua New Guinea,189,Mannofield Park,47,15,43,0.3488372093023256,0.4,0.4444444444444444,200.4468,7.9149,13,4,13,0.3076923076923077,0.4,0.3,195.5385,9.0,5,0.6,2,0.0,1,1,0,1.0,0.0,1
2060,1196675,2019-08-21,28,Oman,32,Papua New Guinea,189,Mannofield Park,4,2,4,0.5,0.5,0.5,155.5,7.0,14,4,14,0.2857142857142857,0.4,0.2,196.1429,9.0,3,0.6666666666666666,3,0.0,1,1,0,1.0,0.0,1
2063,1199225,2019-09-13,42,United States of America,32,Papua New Guinea,266,Central Broward Regional Park Stadium Turf Ground,3,0,3,0.0,0.0,0.0,122.0,10.0,15,4,15,0.26666666666666666,0.2,0.2,196.8,9.0,0,0.5,0,0.5,1,0,1,0.0,1.0,1
2064,1199226,2019-09-17,42,United States of America,23,Namibia,266,Central Broward Regional Park Stadium Turf Ground,4,1,4,0.25,0.25,0.25,154.25,9.75,7,1,7,0.14285714285714285,0.2,0.14285714285714285,150.8571,8.7143,1,1.0,0,0.5,0,0,0,0.5,0.5,1
2065,1199227,2019-09-19,42,United States of America,32,Papua New Guinea,266,Central Broward Regional Park Stadium Turf Ground,5,2,5,0.4,0.4,0.4,147.8,8.8,16,4,16,0.25,0.0,0.2,194.4375,8.8125,2,1.0,1,0.0,2,1,1,0.5,0.5,1
2066,1199229,2019-09-22,23,Namibia,32,Papua New Guinea,266,Central Broward Regional Park Stadium Turf Ground,8,1,8,0.125,0.2,0.125,147.125,8.875,17,4,17,0.23529411764705882,0.0,0.2,189.7647,8.8824,1,0.0,2,0.0,0,0,0,0.5,0.5,1
2067,1199230,2019-09-23,23,Namibia,32,Papua New Guinea,266,Central Broward Regional Park Stadium Turf Ground,9,2,9,0.2222222222222222,0.4,0.2222222222222222,155.4444,8.5556,18,4,18,0.2222222222222222,0.0,0.2,191.3889,8.8333,2,0.5,3,0.0,1,1,0,1.0,0.0,1
2068,1198487,2019-09-30,30,Pakistan,7,Sri Lanka,83,National Stadium,346,171,335,0.5104477611940299,0.6,0.4,232.604,7.3237,402,184,379,0.48548812664907653,0.8,0.6,226.9211,7.402,13,0.6923076923076923,7,0.5714285714285714,52,29,21,0.58,0.42,1
2069,1198488,2019-10-02,30,Pakistan,7,Sri Lanka,83,National Stadium,347,172,336,0.5119047619047619,0.8,0.5,232.8127,7.3228,403,184,380,0.4842105263157895,0.6,0.5,226.9492,7.4086,14,0.7142857142857143,8,0.5,53,30,21,0.5882352941176471,0.4117647058823529,1
2079,1206059,2019-12-08,40,United Arab Emirates,42,United States of America,190,Sharjah Cricket Stadium,34,9,34,0.2647058823529412,0.0,0.3,201.6471,8.7941,6,3,6,0.5,0.6,0.5,152.6667,9.0,0,0.5,0,0.5,0,0,0,0.5,0.5,0
2080,1206060,2019-12-09,34,Scotland,42,United States of America,190,Sharjah Cricket Stadium,48,16,44,0.36363636363636365,0.6,0.5555555555555556,201.3125,7.8958,7,4,7,0.5714285714285714,0.8,0.5714285714285714,160.2857,8.7143,0,0.5,1,1.0,0,0,0,0.5,0.5,0
2082,1206062,2019-12-12,40,United Arab Emirates,42,United States of America,223,ICC Academy,35,9,35,0.2571428571428571,0.0,0.3,201.6571,8.8286,8,5,8,0.625,1.0,0.625,175.5,8.625,8,0.25,0,0.5,1,0,1,0.0,1.0,0
2084,1206063,2019-12-14,34,Scotland,42,United States of America,223,ICC Academy,49,16,45,0.35555555555555557,0.6,0.4444444444444444,202.2449,7.9388,9,6,9,0.6666666666666666,1.0,0.6666666666666666,179.6667,8.7778,4,0.25,1,1.0,1,0,1,0.0,1.0,1
2086,1187021,2019-12-15,2,India,44,West Indies,146,"MA Chidambaram Stadium, Chepauk",427,251,402,0.6243781094527363,0.75,0.7777777777777778,242.7929,6.4738,303,110,283,0.38869257950530034,0.0,0.0,215.5117,7.5518,7,0.7142857142857143,4,0.25,50,30,16,0.6521739130434783,0.34782608695652173,0
2087,1206064,2019-12-15,40,United Arab Emirates,34,Scotland,223,ICC Academy,36,9,36,0.25,0.0,0.3,199.25,8.8611,50,17,46,0.3695652173913043,0.8,0.5,203.12,7.9,9,0.2222222222222222,5,0.4,6,2,4,0.3333333333333333,0.6666666666666666,1
2088,1187022,2019-12-18,2,India,44,West Indies,93,Dr. Y.S. Rajasekhara Reddy ACA-VDCA Cricket Stadium,428,251,403,0.6228287841191067,0.5,0.6666666666666666,242.8979,6.4774,304,111,284,0.3908450704225352,0.25,0.125,215.7633,7.5333,7,0.8333333333333334,3,0.5,51,30,17,0.6382978723404256,0.3617021276595745,1
2089,1187023,2019-12-22,2,India,44,West Indies,175,Barabati Stadium,429,252,404,0.6237623762376238,0.75,0.6666666666666666,243.2393,6.4739,305,111,285,0.3894736842105263,0.25,0.1111111111111111,215.9767,7.5415,5,1.0,1,0.0,52,31,17,0.6458333333333334,0.3541666666666667,1
2090,1211169,2020-01-05,28,Oman,40,United Arab Emirates,267,Al Amerat Cricket Ground Oman Cricket (Ministry Turf 1),5,3,5,0.6,0.6,0.6,165.8,6.8,37,10,37,0.2702702702702703,0.2,0.3,199.9189,8.7027,0,0.5,0,0.5,0,0,0,0.5,0.5,1
2091,1211170,2020-01-06,23,Namibia,40,United Arab Emirates,267,Al Amerat Cricket Ground Oman Cricket (Ministry Turf 1),10,3,10,0.3,0.6,0.3,165.9,8.6,38,10,38,0.2631578947368421,0.2,0.2,199.1316,8.7368,0,0.5,1,0.0,0,0,0,0.5,0.5,0
2092,1203673,2020-01-07,44,West Indies,20,Ireland,249,"Kensington Oval, Barbados",306,111,286,0.3881118881118881,0.2,0.1111111111111111,216.3046,7.5331,85,32,78,0.41025641025641024,0.6,0.5,203.5357,7.8333,2,0.5,0,0.5,8,6,1,0.8571428571428571,0.14285714285714285,1
2093,1211171,2020-01-08,28,Oman,23,Namibia,267,Al Amerat Cricket Ground Oman Cricket (Ministry Turf 1),6,4,6,0.6666666666666666,0.8,0.6666666666666666,166.6667,6.5,11,3,11,0.2727272727272727,0.6,0.3,170.2727,8.5455,1,1.0,1,0.0,1,0,1,0.0,1.0,0
2094,1203674,2020-01-09,44,West Indies,20,Ireland,249,"Kensington Oval, Barbados",307,112,287,0.3902439024390244,0.4,0.2222222222222222,216.198,7.5248,86,32,79,0.4050632911392405,0.6,0.4,203.2588,7.8588,3,0.6666666666666666,1,0.0,9,7,1,0.875,0.125,1
2095,1211173,2020-01-09,23,Namibia,40,United Arab Emirates,267,Al Amerat Cricket Ground Oman Cricket (Ministry Turf 1),12,4,12,0.3333333333333333,0.6,0.4,183.0833,8.4167,39,11,39,0.28205128205128205,0.4,0.2,199.7179,8.7436,2,0.5,2,0.5,1,0,1,0.0,1.0,0
2096,1203675,2020-01-12,44,West Indies,20,Ireland,251,"National Cricket Stadium, Grenada",308,113,288,0.3923611111111111,0.6,0.3333333333333333,216.2829,7.5296,87,32,80,0.4,0.6,0.4,203.6512,7.8721,1,0.0,0,0.5,10,8,1,0.8888888888888888,0.1111111111111111,1
2097,1187027,2020-01-14,2,India,3,Australia,2,Wankhede Stadium,430,253,405,0.6246913580246913,0.8,0.6666666666666666,243.4113,6.4728,395,249,372,0.6693548387096774,0.6,0.7,246.2159,6.7249,6,0.6666666666666666,1,0.0,68,25,36,0.4098360655737705,0.5901639344262295,0
2098,1187028,2020-01-17,2,India,3,Australia,199,Saurashtra Cricket Association Stadium,431,253,406,0.6231527093596059,0.6,0.6666666666666666,243.4387,6.4811,396,250,373,0.6702412868632708,0.6,0.7,246.2462,6.7077,2,0.0,0,0.5,69,25,37,0.4032258064516129,0.5967741935483871,1
2099,1187029,2020-01-19,2,India,3,Australia,238,M.Chinnaswamy Stadium,432,254,407,0.6240786240786241,0.6,0.6666666666666666,243.6659,6.48,397,250,374,0.6684491978609626,0.4,0.6,246.3939,6.7161,1,0.0,1,1.0,70,26,37,0.4126984126984127,0.5873015873015873,1
2103,1185310,2020-02-04,36,South Africa,5,England,61,Newlands,315,190,301,0.6312292358803987,0.5,0.4444444444444444,239.6603,6.4038,365,186,343,0.5422740524781341,0.75,0.6666666666666666,234.8781,7.0554,18,0.8333333333333334,3,0.0,36,13,19,0.40625,0.59375,1
2104,1187682,2020-02-05,6,New Zealand,2,India,151,Seddon Park,309,159,289,0.5501730103806228,0.25,0.6666666666666666,229.5714,7.1329,433,255,408,0.625,0.8,0.6666666666666666,243.7723,6.4718,19,0.6666666666666666,5,0.4,42,17,22,0.4358974358974359,0.5641025641025641,1
2105,1215122,2020-02-05,24,Nepal,28,Oman,269,Tribhuvan University International Cricket Ground,4,2,4,0.5,0.5,0.5,196.5,8.75,7,4,7,0.5714285714285714,0.6,0.5714285714285714,181.7143,7.0,0,0.5,0,0.5,0,0,0,0.5,0.5,0
2106,1215123,2020-02-06,28,Oman,42,United States of America,269,Tribhuvan University International Cricket Ground,8,5,8,0.625,0.6,0.625,183.625,7.25,10,6,10,0.6,0.8,0.6,186.2,8.8,1,1.0,0,0.5,0,0,0,0.5,0.5,1
2108,1187683,2020-02-08,6,New Zealand,2,India,58,Eden Park,310,160,290,0.5517241379310345,0.5,0.6666666666666666,229.9636,7.1291,434,255,409,0.6234718826405868,0.6,0.6666666666666666,244.0141,6.466,23,0.47619047619047616,3,0.5,43,18,22,0.45,0.55,1
2109,1215124,2020-02-08,24,Nepal,42,United States of America,269,Tribhuvan University International Cricket Ground,5,2,5,0.4,0.4,0.4,193.0,9.0,11,6,11,0.5454545454545454,0.6,0.6,188.6364,8.9091,1,0.0,1,0.0,0,0,0,0.5,0.5,1
2110,1185312,2020-02-09,36,South Africa,5,England,88,The Wanderers Stadium,317,191,302,0.6324503311258278,0.75,0.375,239.1847,6.379,367,186,344,0.5406976744186046,0.6666666666666666,0.625,234.942,7.058,5,0.6,1,1.0,38,14,19,0.42424242424242425,0.5757575757575758,0
2111,1215125,2020-02-09,24,Nepal,28,Oman,269,Tribhuvan University International Cricket Ground,6,3,6,0.5,0.6,0.5,192.5,9.1667,9,6,9,0.6666666666666666,0.8,0.6666666666666666,187.0,6.8889,2,0.5,2,1.0,1,0,1,0.0,1.0,0
2112,1187684,2020-02-11,6,New Zealand,2,India,215,Bay Oval,311,161,291,0.5532646048109966,0.75,0.6666666666666666,230.1056,7.132,435,255,410,0.6219512195121951,0.4,0.6,244.0304,6.4743,8,0.375,2,1.0,44,19,22,0.4634146341463415,0.5365853658536586,1
2113,1215126,2020-02-11,28,Oman,42,United States of America,269,Tribhuvan University International Cricket Ground,10,7,10,0.7,0.8,0.7,193.3,6.4,12,6,12,0.5,0.4,0.6,185.8333,9.0,3,1.0,2,0.0,1,1,0,1.0,0.0,1
2114,1215127,2020-02-12,24,Nepal,42,United States of America,269,Tribhuvan University International Cricket Ground,7,3,7,0.42857142857142855,0.6,0.42857142857142855,200.5714,9.0,13,6,13,0.46153846153846156,0.2,0.6,185.6923,9.0769,3,0.3333333333333333,3,0.0,1,1,0,1.0,0.0,1
2115,1213871,2020-02-22,7,Sri Lanka,44,West Indies,105,Sinhalese Sports Club Ground,404,184,381,0.48293963254593175,0.6,0.5,227.1266,7.4127,309,114,289,0.3944636678200692,0.6,0.4444444444444444,216.2262,7.5213,7,0.8,3,0.0,21,13,6,0.6842105263157895,0.3157894736842105,1
2116,1213872,2020-02-26,7,Sri Lanka,44,West Indies,187,"Mahinda Rajapaksa International Cricket Stadium, Sooriyawewa",405,185,382,0.48429319371727747,0.6,0.6,227.2854,7.4167,310,114,290,0.3931034482758621,0.6,0.4444444444444444,216.4641,7.5196,19,0.5,0,0.5,22,14,6,0.7,0.3,1
2117,1185319,2020-02-29,36,South Africa,3,Australia,192,Boland Park,318,191,303,0.6303630363036303,0.75,0.375,239.2381,6.381,398,250,375,0.6666666666666666,0.2,0.6,246.4949,6.7219,4,0.75,0,0.5,44,24,19,0.5581395348837209,0.4418604651162791,1
2118,1213873,2020-03-01,7,Sri Lanka,44,West Indies,188,Pallekele International Cricket Stadium,406,186,383,0.4856396866840731,0.6,0.6,227.5819,7.4181,311,114,291,0.3917525773195876,0.6,0.4,216.3583,7.5277,22,0.45454545454545453,1,0.0,23,15,6,0.7142857142857143,0.2857142857142857,1
2119,1214667,2020-03-01,12,Bangladesh,46,Zimbabwe,248,Sylhet International Cricket Stadium,253,94,247,0.3805668016194332,0.0,0.2,209.928,7.72,227,46,218,0.21100917431192662,0.0,0.3,199.4464,8.308,1,1.0,0,0.5,46,35,11,0.7608695652173914,0.2391304347826087,1
2120,1214668,2020-03-03,12,Bangladesh,46,Zimbabwe,248,Sylhet International Cricket Stadium,254,95,248,0.38306451612903225,0.2,0.2,210.3705,7.7131,228,46,219,0.2100456621004566,0.0,0.3,199.2356,8.3156,2,1.0,1,0.0,47,36,11,0.7659574468085106,0.23404255319148937,1
2121,1185320,2020-03-04,36,South Africa,3,Australia,89,Mangaung Oval,319,192,304,0.631578947368421,0.75,0.5,239.4019,6.3829,399,250,376,0.6648936170212766,0.2,0.5,246.4198,6.7303,3,0.5,0,0.5,45,25,19,0.5681818181818182,0.4318181818181818,1
2122,1214669,2020-03-06,12,Bangladesh,46,Zimbabwe,248,Sylhet International Cricket Stadium,255,96,249,0.3855421686746988,0.4,0.3,210.8135,7.7143,229,46,220,0.20909090909090908,0.0,0.3,199.7611,8.3142,3,1.0,2,0.0,48,37,11,0.7708333333333334,0.22916666666666666,1
2123,1185321,2020-03-07,36,South Africa,3,Australia,174,Senwes Park,320,193,305,0.6327868852459017,0.75,0.625,239.511,6.3754,400,250,377,0.6631299734748011,0.2,0.4,246.4822,6.7386,4,0.75,0,0.5,46,26,19,0.5777777777777777,0.4222222222222222,1
2124,1183537,2020-03-13,3,Australia,6,New Zealand,9,Sydney Cricket Ground,401,250,378,0.6613756613756614,0.0,0.3,246.5013,6.7392,312,162,292,0.5547945205479452,1.0,0.6666666666666666,230.3355,7.125,39,0.7142857142857143,5,0.0,46,29,13,0.6904761904761905,0.30952380952380953,1
2125,1198247,2020-07-30,20,Ireland,5,England,82,The Rose Bowl,88,32,81,0.3950617283950617,0.4,0.3,203.6437,7.8966,368,187,345,0.5420289855072464,0.6666666666666666,0.625,235.0028,7.0606,0,0.5,18,0.6111111111111112,10,1,8,0.1111111111111111,0.8888888888888888,0
2126,1198248,2020-08-01,20,Ireland,5,England,82,The Rose Bowl,89,32,82,0.3902439024390244,0.2,0.3,203.2841,7.9205,369,188,346,0.5433526011560693,0.6666666666666666,0.625,234.8352,7.0522,1,0.0,19,0.631578947368421,11,1,9,0.1,0.9,0
2127,1198249,2020-08-04,5,England,20,Ireland,82,The Rose Bowl,370,189,347,0.5446685878962536,0.75,0.75,234.7836,7.0493,90,32,83,0.3855421686746988,0.0,0.3,203.382,7.9326,20,0.65,2,0.0,12,10,1,0.9090909090909091,0.09090909090909091,0
2128,1198238,2020-09-11,3,Australia,5,England,102,Old Trafford,402,251,379,0.662269129287599,0.2,0.3,246.5303,6.7399,371,189,348,0.5431034482758621,0.75,0.75,235.0383,7.0574,8,0.375,11,0.7272727272727273,74,42,29,0.5915492957746479,0.4084507042253521,1
2129,1198239,2020-09-13,5,England,3,Australia,102,Old Trafford,372,189,349,0.5415472779369628,0.6,0.625,235.1471,7.0627,403,252,380,0.6631578947368421,0.4,0.3,246.6499,6.7456,12,0.6666666666666666,9,0.4444444444444444,75,29,43,0.4027777777777778,0.5972222222222222,1
2130,1198240,2020-09-16,5,England,3,Australia,102,Old Trafford,373,190,350,0.5428571428571428,0.6,0.625,235.1359,7.0679,404,252,381,0.6614173228346457,0.4,0.3,246.5503,6.7538,13,0.6923076923076923,10,0.4,76,30,43,0.410958904109589,0.589041095890411,0
2134,1233461,2020-10-30,30,Pakistan,46,Zimbabwe,46,Rawalpindi Cricket Stadium,348,173,337,0.5133531157270029,1.0,0.6,233.0029,7.3161,230,46,221,0.2081447963800905,0.0,0.2,199.8414,8.3216,7,0.42857142857142855,1,0.0,30,26,2,0.9285714285714286,0.07142857142857142,1
2135,1233462,2020-11-01,46,Zimbabwe,30,Pakistan,46,Rawalpindi Cricket Stadium,231,46,222,0.2072072072072072,0.0,0.1,200.0833,8.3289,349,174,338,0.514792899408284,1.0,0.7,233.1404,7.3181,2,0.0,8,0.5,31,2,27,0.06896551724137931,0.9310344827586207,0
2137,1223955,2020-11-27,3,Australia,2,India,9,Sydney Cricket Ground,405,253,382,0.662303664921466,0.6,0.4,246.6967,6.7544,436,255,411,0.6204379562043796,0.4,0.5,244.1515,6.4755,40,0.7222222222222222,9,0.25,71,37,27,0.578125,0.421875,1
2138,1223956,2020-11-29,3,Australia,2,India,9,Sydney Cricket Ground,406,254,383,0.6631853785900783,0.8,0.4,247.015,6.7525,437,255,412,0.6189320388349514,0.2,0.4,244.3,6.4791,41,0.7297297297297297,10,0.2222222222222222,72,38,27,0.5846153846153846,0.4153846153846154,1
2139,1223957,2020-12-02,2,India,3,Australia,202,Manuka Oval,438,255,413,0.6174334140435835,0.0,0.4,244.5174,6.4849,407,255,384,0.6640625,0.8,0.5,247.3691,6.7456,1,0.0,4,1.0,73,27,39,0.4090909090909091,0.5909090909090909,1
2140,1244524,2021-01-08,20,Ireland,40,United Arab Emirates,127,Sheikh Zayed Stadium,91,33,84,0.39285714285714285,0.2,0.4,204.7778,7.8778,40,12,40,0.3,0.6,0.3,197.1,8.575,0,0.5,2,0.5,6,6,0,1.0,0.0,0
2141,1244525,2021-01-18,20,Ireland,40,United Arab Emirates,127,Sheikh Zayed Stadium,92,33,85,0.38823529411764707,0.2,0.4,205.4835,7.8462,41,13,41,0.3170731707317073,0.8,0.4,198.878,8.4634,1,0.0,3,0.6666666666666666,7,6,1,0.8571428571428571,0.14285714285714285,1
2142,1244022,2021-01-20,44,West Indies,12,Bangladesh,143,Shere Bangla National Stadium,312,114,292,0.3904109589041096,0.4,0.4,216.6331,7.5325,256,97,250,0.388,0.6,0.4,211.253,7.6957,7,0.7142857142857143,71,0.44285714285714284,32,16,15,0.5161290322580645,0.4838709677419355,0
2144,1244023,2021-01-22,44,West Indies,12,Bangladesh,143,Shere Bangla National Stadium,313,114,293,0.3890784982935154,0.2,0.4,216.3269,7.5405,257,98,251,0.3904382470119522,0.8,0.4,210.9134,7.6811,8,0.625,72,0.4507042253521127,33,16,16,0.5,0.5,0
2146,1244024,2021-01-25,12,Bangladesh,44,West Indies,186,Zahur Ahmed Chowdhury Stadium,258,99,252,0.39285714285714285,1.0,0.5,210.6706,7.6627,314,114,294,0.3877551020408163,0.0,0.3,216.1065,7.5484,11,0.8181818181818182,1,0.0,34,17,16,0.5151515151515151,0.48484848484848486,1
2153,1252069,2021-03-10,44,West Indies,7,Sri Lanka,271,Sir Vivian Richards Stadium,315,114,295,0.3864406779661017,0.0,0.3,215.9807,7.5563,407,187,384,0.4869791666666667,0.6,0.7,227.7814,7.4246,0,0.5,0,0.5,24,6,16,0.2727272727272727,0.7272727272727273,1
2154,1252070,2021-03-12,44,West Indies,7,Sri Lanka,271,Sir Vivian Richards Stadium,316,115,296,0.3885135135135135,0.2,0.4,216.0449,7.5385,408,187,385,0.4857142857142857,0.6,0.6,227.792,7.4311,1,1.0,1,0.0,25,7,16,0.30434782608695654,0.6956521739130435,1
2156,1252071,2021-03-14,44,West Indies,7,Sri Lanka,271,Sir Vivian Richards Stadium,317,116,297,0.39057239057239057,0.4,0.4,216.23,7.5304,409,187,386,0.4844559585492228,0.6,0.6,227.905,7.4325,2,1.0,2,0.0,26,8,16,0.3333333333333333,0.6666666666666666,1
2159,1233976,2021-03-20,12,Bangladesh,6,New Zealand,182,University Oval,259,100,253,0.3952569169960474,1.0,0.6,211.0078,7.6562,313,162,293,0.552901023890785,0.75,0.5555555555555556,230.1934,7.1344,2,0.0,8,1.0,27,9,18,0.3333333333333333,0.6666666666666666,0
2160,1233977,2021-03-23,12,Bangladesh,6,New Zealand,213,Hagley Oval,260,100,254,0.3937007874015748,0.8,0.6,210.6965,7.6654,314,163,294,0.5544217687074829,0.8,0.5555555555555556,229.8725,7.1176,2,0.0,10,0.9,28,9,19,0.32142857142857145,0.6785714285714286,0
2161,1243393,2021-03-23,2,India,5,England,210,Maharashtra Cricket Association Stadium,439,256,414,0.6183574879227053,0.2,0.4,244.6505,6.4815,374,190,351,0.5413105413105413,0.4,0.5,235.3171,7.0678,4,0.5,1,0.0,53,31,19,0.62,0.38,1
2162,1233978,2021-03-26,6,New Zealand,12,Bangladesh,92,Basin Reserve,315,164,295,0.5559322033898305,0.8,0.6666666666666666,230.0195,7.1107,261,100,255,0.39215686274509803,0.6,0.6,210.9302,7.6589,4,0.75,0,0.5,29,20,9,0.6896551724137931,0.3103448275862069,1
2163,1243394,2021-03-26,2,India,5,England,210,Maharashtra Cricket Association Stadium,440,257,415,0.619277108433735,0.4,0.4,244.8176,6.4781,375,190,352,0.5397727272727273,0.2,0.4444444444444444,235.3595,7.0757,5,0.6,2,0.0,54,32,19,0.6274509803921569,0.37254901960784315,0
2164,1243395,2021-03-28,2,India,5,England,210,Maharashtra Cricket Association Stadium,441,257,416,0.6177884615384616,0.4,0.4,245.0276,6.477,376,191,353,0.5410764872521246,0.4,0.5555555555555556,235.6334,7.0674,6,0.5,3,0.3333333333333333,55,32,20,0.6153846153846154,0.38461538461538464,1
2165,1251572,2021-04-02,36,South Africa,30,Pakistan,23,"SuperSport Park, Centurion",321,194,306,0.6339869281045751,0.75,0.6666666666666666,239.5692,6.3679,351,175,339,0.5162241887905604,1.0,0.7777777777777778,233.1966,7.3134,0,0.5,1,0.0,43,25,17,0.5952380952380952,0.40476190476190477,0
2167,1251573,2021-04-04,36,South Africa,30,Pakistan,88,The Wanderers Stadium,322,194,307,0.6319218241042345,0.6,0.6666666666666666,239.674,6.3668,352,176,340,0.5176470588235295,1.0,0.8888888888888888,233.3125,7.3125,6,0.5,1,1.0,44,25,18,0.5813953488372093,0.4186046511627907,1
2169,1251574,2021-04-07,30,Pakistan,36,South Africa,23,"SuperSport Park, Centurion",353,176,341,0.5161290322580645,0.75,0.8888888888888888,233.5694,7.3173,323,195,308,0.6331168831168831,0.8,0.7777777777777778,239.9906,6.3656,2,0.5,1,0.0,45,18,26,0.4090909090909091,0.5909090909090909,1
2171,1260084,2021-05-19,26,Netherlands,34,Scotland,274,"Hazelaarweg, Rotterdam",28,8,26,0.3076923076923077,0.8,0.4444444444444444,177.2593,7.6667,51,17,47,0.3617021276595745,0.6,0.4,203.451,7.9412,0,0.5,0,0.5,4,1,2,0.3333333333333333,0.6666666666666666,1
2172,1260085,2021-05-20,26,Netherlands,34,Scotland,274,"Hazelaarweg, Rotterdam",29,9,27,0.3333333333333333,0.8,0.5555555555555556,176.75,7.6786,52,17,48,0.3541666666666667,0.4,0.4,202.4038,7.9423,1,1.0,1,0.0,5,2,2,0.5,0.5,0
2173,1262344,2021-05-23,12,Bangladesh,7,Sri Lanka,240,"Shere Bangla National Stadium, Mirpur",262,100,256,0.390625,0.4,0.6,210.7104,7.668,410,187,387,0.48320413436692505,0.4,0.5,228.02,7.4289,8,0.625,5,0.6,35,7,26,0.21212121212121213,0.7878787878787878,1
2174,1262346,2021-05-25,12,Bangladesh,7,Sri Lanka,275,Sher-e-Bangla National Cricket Stadium,263,101,257,0.39299610894941633,0.4,0.7,210.8885,7.6615,411,187,388,0.48195876288659795,0.2,0.4,228.01,7.4353,0,0.5,0,0.5,36,8,26,0.23529411764705882,0.7647058823529411,1
2175,1262347,2021-05-28,7,Sri Lanka,12,Bangladesh,240,"Shere Bangla National Stadium, Mirpur",412,187,389,0.480719794344473,0.0,0.3,227.794,7.4392,264,102,258,0.3953488372093023,0.4,0.7,211.023,7.6705,6,0.5,9,0.6666666666666666,37,26,9,0.7428571428571429,0.2571428571428571,1
2176,1251962,2021-06-02,26,Netherlands,20,Ireland,276,"Sportpark Maarschalkerweerd, Utrecht",30,9,28,0.32142857142857145,0.8,0.5555555555555556,176.5517,7.7586,93,34,86,0.3953488372093023,0.4,0.4,205.7283,7.8261,0,0.5,0,0.5,3,0,3,0.0,1.0,1
2177,1251963,2021-06-04,26,Netherlands,20,Ireland,276,"Sportpark Maarschalkerweerd, Utrecht",31,10,29,0.3448275862068966,0.8,0.6666666666666666,177.1667,7.8333,94,34,87,0.39080459770114945,0.4,0.3,205.6022,7.8387,1,1.0,1,0.0,4,1,3,0.25,0.75,0
2178,1251964,2021-06-07,20,Ireland,26,Netherlands,276,"Sportpark Maarschalkerweerd, Utrecht",95,35,88,0.3977272727272727,0.6,0.3,205.0957,7.7766,32,10,30,0.3333333333333333,0.6,0.6666666666666666,176.5161,7.9032,2,0.5,2,0.5,5,4,1,0.8,0.2,0
2180,1239534,2021-06-29,7,Sri Lanka,5,England,278,"Riverside Ground, Chester-le-Street",413,188,390,0.48205128205128206,0.2,0.4,227.9381,7.4356,377,191,354,0.53954802259887,0.4,0.5,235.8656,7.0726,0,0.5,0,0.5,47,25,19,0.5681818181818182,0.4318181818181818,0
2182,1239535,2021-07-01,7,Sri Lanka,5,England,38,"Kennington Oval, London",414,188,391,0.48081841432225064,0.2,0.4,227.8321,7.442,378,192,355,0.5408450704225352,0.4,0.5,235.7399,7.067,0,0.5,2,1.0,48,25,20,0.5555555555555556,0.4444444444444444,0
2186,1239537,2021-07-08,30,Pakistan,5,England,281,"Sophia Gardens, Cardiff",354,177,342,0.5175438596491229,0.75,0.8888888888888888,233.8136,7.3164,380,193,356,0.5421348314606742,0.75,0.4444444444444444,235.762,7.0535,0,0.5,0,0.5,37,10,25,0.2857142857142857,0.7142857142857143,0
2188,1239538,2021-07-10,5,England,30,Pakistan,4,"Lord's, London",381,194,357,0.5434173669467787,0.75,0.5555555555555556,235.512,7.0373,355,177,343,0.5160349854227405,0.5,0.7777777777777778,233.5521,7.3239,3,0.6666666666666666,1,0.0,38,26,10,0.7222222222222222,0.2777777777777778,1
2191,1239539,2021-07-13,30,Pakistan,5,England,284,"Edgbaston, Birmingham",356,177,344,0.5145348837209303,0.4,0.6666666666666666,233.4438,7.3315,382,195,358,0.5446927374301676,1.0,0.6666666666666666,235.5426,7.0452,0,0.5,0,0.5,39,10,27,0.2702702702702703,0.7297297297297297,0
2192,1251951,2021-07-13,20,Ireland,36,South Africa,282,"The Village, Malahide, Dublin",97,35,89,0.39325842696629215,0.5,0.3333333333333333,204.5521,7.7604,325,195,309,0.6310679611650486,0.5,0.625,240.1526,6.3769,1,0.5,1,0.5,6,0,5,0.0,1.0,1
2194,1251952,2021-07-16,36,South Africa,20,Ireland,282,"The Village, Malahide, Dublin",326,195,310,0.6290322580645161,0.25,0.5,240.1739,6.3882,98,36,90,0.4,0.5,0.4444444444444444,205.433,7.732,2,0.0,2,1.0,7,5,1,0.8333333333333334,0.16666666666666666,1
2195,1267677,2021-07-16,12,Bangladesh,46,Zimbabwe,16,Harare Sports Club,265,102,259,0.3938223938223938,0.4,0.6,210.9389,7.6794,233,46,223,0.2062780269058296,0.0,0.0,200.4478,8.3261,5,0.2,66,0.2878787878787879,49,38,11,0.7755102040816326,0.22448979591836735,1
2196,1262755,2021-07-18,7,Sri Lanka,2,India,285,"R Premadasa Stadium, Colombo",416,188,392,0.47959183673469385,0.25,0.2222222222222222,227.7125,7.4521,442,258,417,0.6187050359712231,0.6,0.4,245.2207,6.4851,0,0.5,0,0.5,78,22,51,0.3013698630136986,0.6986301369863014,0
2198,1267678,2021-07-18,46,Zimbabwe,12,Bangladesh,16,Harare Sports Club,234,46,224,0.20535714285714285,0.0,0.0,200.1039,8.329,266,103,260,0.39615384615384613,0.6,0.6,211.1863,7.6844,67,0.2835820895522388,6,0.3333333333333333,50,11,39,0.22,0.78,0
2199,1262756,2021-07-20,7,Sri Lanka,2,India,285,"R Premadasa Stadium, Colombo",417,188,393,0.47837150127226463,0.25,0.1111111111111111,227.7966,7.4559,443,259,418,0.6196172248803827,0.8,0.4,245.2615,6.4771,1,0.0,1,1.0,79,22,52,0.2972972972972973,0.7027027027027027,0
2200,1263161,2021-07-20,3,Australia,44,West Indies,35,"Kensington Oval, Bridgetown, Barbados",408,255,385,0.6623376623376623,0.6,0.5,247.4726,6.7537,318,117,298,0.3926174496644295,0.6,0.4,216.4204,7.5223,0,0.5,1,0.0,36,26,7,0.7878787878787878,0.21212121212121213,1
2201,1267679,2021-07-20,46,Zimbabwe,12,Bangladesh,16,Harare Sports Club,235,46,225,0.20444444444444446,0.0,0.0,200.2759,8.3319,267,104,261,0.39846743295019155,0.8,0.6,211.303,7.6818,68,0.27941176470588236,7,0.42857142857142855,51,11,40,0.21568627450980393,0.7843137254901961,0
2202,1263162,2021-07-22,3,Australia,44,West Indies,35,"Kensington Oval, Bridgetown, Barbados",409,256,386,0.6632124352331606,0.8,0.6,247.4839,6.7593,319,117,299,0.391304347826087,0.6,0.3,216.1238,7.5302,1,1.0,2,0.0,37,27,7,0.7941176470588235,0.20588235294117646,0
2203,1262757,2021-07-23,2,India,7,Sri Lanka,285,"R Premadasa Stadium, Colombo",444,260,419,0.6205250596658711,0.8,0.5,245.3341,6.4783,418,188,394,0.47715736040609136,0.0,0.1111111111111111,227.912,7.4597,2,1.0,2,0.0,80,53,22,0.7066666666666667,0.29333333333333333,0
2204,1263163,2021-07-26,44,West Indies,3,Australia,35,"Kensington Oval, Bridgetown, Barbados",320,118,300,0.3933333333333333,0.8,0.4,216.0443,7.5253,410,256,387,0.661498708010336,0.6,0.6,247.3342,6.7673,3,0.3333333333333333,2,0.5,38,8,27,0.22857142857142856,0.7714285714285715,0
2205,1271627,2021-09-02,7,Sri Lanka,36,South Africa,285,"R Premadasa Stadium, Colombo",419,189,395,0.47848101265822784,0.25,0.2222222222222222,227.9098,7.4585,327,196,311,0.6302250803858521,0.5,0.5555555555555556,240.5015,6.3808,3,0.3333333333333333,0,0.5,41,14,26,0.35,0.65,1
2206,1271628,2021-09-04,36,South Africa,7,Sri Lanka,285,"R Premadasa Stadium, Colombo",328,196,312,0.6282051282051282,0.25,0.5555555555555556,240.642,6.3796,420,190,396,0.4797979797979798,0.5,0.3333333333333333,228.0852,7.4623,1,0.0,4,0.5,42,26,15,0.6341463414634146,0.36585365853658536,1
2207,1276293,2021-09-06,32,Papua New Guinea,42,United States of America,286,Al Amerat Cricket Ground Oman Cricket (Ministry Turf 2),19,4,19,0.21052631578947367,0.0,0.2,193.5789,8.8947,14,6,14,0.42857142857142855,0.0,0.5,174.9286,9.1429,0,0.5,0,0.5,3,1,2,0.3333333333333333,0.6666666666666666,0
2208,1271629,2021-09-07,7,Sri Lanka,36,South Africa,285,"R Premadasa Stadium, Colombo",421,190,397,0.47858942065491183,0.4,0.3333333333333333,228.0097,7.4684,329,197,313,0.6293929712460063,0.5,0.5555555555555556,240.7723,6.3785,5,0.4,2,0.5,43,15,27,0.35714285714285715,0.6428571428571429,1
2210,1276295,2021-09-07,32,Papua New Guinea,24,Nepal,267,Al Amerat Cricket Ground Oman Cricket (Ministry Turf 1),20,4,20,0.2,0.0,0.1,191.8,8.95,8,4,8,0.5,0.6,0.5,180.0,8.125,0,0.5,0,0.5,0,0,0,0.5,0.5,0
2211,1272379,2021-09-08,46,Zimbabwe,20,Ireland,287,"Civil Service Cricket Club, Stormont, Belfast",236,46,226,0.20353982300884957,0.0,0.0,200.6953,8.3391,99,36,91,0.3956043956043956,0.5,0.4444444444444444,206.1531,7.7551,0,0.5,0,0.5,10,4,5,0.4444444444444444,0.5555555555555556,1
2212,1276294,2021-09-09,42,United States of America,32,Papua New Guinea,286,Al Amerat Cricket Ground Oman Cricket (Ministry Turf 2),15,7,15,0.4666666666666667,0.2,0.5,173.8667,8.7333,21,4,21,0.19047619047619047,0.0,0.0,189.0476,9.0,1,1.0,1,0.0,4,3,1,0.75,0.25,1
2215,1276296,2021-09-10,24,Nepal,32,Papua New Guinea,267,Al Amerat Cricket Ground Oman Cricket (Ministry Turf 1),9,5,9,0.5555555555555556,0.6,0.5555555555555556,175.0,8.1111,22,4,22,0.18181818181818182,0.0,0.0,186.6818,9.0455,1,1.0,1,0.0,1,1,0,1.0,0.0,1
2216,1272381,2021-09-13,46,Zimbabwe,20,Ireland,287,"Civil Service Cricket Club, Stormont, Belfast",238,47,227,0.20704845814977973,0.25,0.125,200.9744,8.3333,101,36,92,0.391304347826087,0.3333333333333333,0.375,207.13,7.78,2,1.0,2,0.0,12,5,5,0.5,0.5,0
2218,1275249,2021-09-13,42,United States of America,24,Nepal,267,Al Amerat Cricket Ground Oman Cricket (Ministry Turf 1),16,8,16,0.5,0.4,0.5,179.9375,8.75,10,6,10,0.6,0.8,0.6,180.8,8.3,0,0.5,2,1.0,2,0,2,0.0,1.0,0
2219,1275250,2021-09-14,24,Nepal,28,Oman,267,Al Amerat Cricket Ground Oman Cricket (Ministry Turf 1),11,7,11,0.6363636363636364,0.8,0.7,185.3636,8.0,11,8,11,0.7272727272727273,0.8,0.8,200.8182,6.3636,3,1.0,2,0.5,2,0,2,0.0,1.0,0
2222,1275251,2021-09-16,42,United States of America,28,Oman,267,Al Amerat Cricket Ground Oman Cricket (Ministry Turf 1),17,8,17,0.47058823529411764,0.4,0.4,182.8824,8.7647,12,9,12,0.75,1.0,0.8,200.75,6.25,1,0.0,3,0.6666666666666666,2,0,2,0.0,1.0,0
2225,1275253,2021-09-19,28,Oman,24,Nepal,267,Al Amerat Cricket Ground Oman Cricket (Ministry Turf 1),13,10,13,0.7692307692307693,1.0,0.8,199.0769,6.2308,12,7,12,0.5833333333333334,0.8,0.7,186.25,8.1667,4,0.75,4,0.75,3,3,0,1.0,0.0,0
2230,1275255,2021-09-25,32,Papua New Guinea,34,Scotland,286,Al Amerat Cricket Ground Oman Cricket (Ministry Turf 2),23,4,23,0.17391304347826086,0.0,0.0,182.1304,9.087,53,18,49,0.3673469387755102,0.4,0.5,201.8302,7.8679,2,0.0,0,0.5,2,0,2,0.0,1.0,0
2233,1275256,2021-09-26,28,Oman,32,Papua New Guinea,286,Al Amerat Cricket Ground Oman Cricket (Ministry Turf 2),14,10,14,0.7142857142857143,0.8,0.8,193.5,6.5,24,4,24,0.16666666666666666,0.0,0.0,182.75,9.125,0,0.5,3,0.0,2,2,0,1.0,0.0,1
2234,1275257,2021-09-28,34,Scotland,28,Oman,286,Al Amerat Cricket Ground Oman Cricket (Ministry Turf 2),54,19,50,0.38,0.6,0.6,201.7593,7.7963,15,11,15,0.7333333333333333,0.8,0.8,197.2667,6.5333,1,1.0,1,1.0,2,1,1,0.5,0.5,1
2235,1275258,2021-09-29,32,Papua New Guinea,34,Scotland,267,Al Amerat Cricket Ground Oman Cricket (Ministry Turf 1),25,4,25,0.16,0.0,0.0,181.04,9.16,55,20,51,0.39215686274509803,0.6,0.7,203.0545,7.7636,2,0.0,0,0.5,3,0,3,0.0,1.0,0
2236,1275259,2021-10-01,32,Papua New Guinea,28,Oman,267,Al Amerat Cricket Ground Oman Cricket (Ministry Turf 1),26,4,26,0.15384615384615385,0.0,0.0,182.7692,9.1154,16,11,16,0.6875,0.6,0.7,200.875,6.6875,3,0.0,5,0.6,3,0,3,0.0,1.0,0
2248,1290881,2021-11-26,23,Namibia,28,Oman,292,"Wanderers Cricket Ground, Windhoek",13,4,13,0.3076923076923077,0.6,0.4,176.2308,8.5385,18,12,17,0.7058823529411765,0.5,0.7777777777777778,197.9412,6.7059,0,0.5,0,0.5,2,2,0,1.0,0.0,1
2250,1277085,2022-01-08,44,West Indies,20,Ireland,33,"Sabina Park, Kingston, Jamaica",321,118,301,0.3920265780730897,0.6,0.4,215.8423,7.5331,102,37,93,0.3978494623655914,0.5,0.5,206.2475,7.7327,1,0.0,0,0.5,11,9,1,0.9,0.1,1
2251,1277086,2022-01-13,44,West Indies,20,Ireland,33,"Sabina Park, Kingston, Jamaica",322,119,302,0.39403973509933776,0.6,0.5,216.0094,7.5409,103,37,94,0.39361702127659576,0.25,0.375,206.6275,7.7549,2,0.5,1,0.0,12,10,1,0.9090909090909091,0.09090909090909091,0
2252,1277087,2022-01-16,44,West Indies,20,Ireland,33,"Sabina Park, Kingston, Jamaica",323,119,303,0.3927392739273927,0.4,0.5,216.0502,7.5486,104,38,95,0.4,0.5,0.5,206.2524,7.7282,3,0.3333333333333333,2,0.5,13,10,2,0.8333333333333334,0.16666666666666666,0
2253,1294969,2022-01-16,46,Zimbabwe,7,Sri Lanka,188,Pallekele International Cricket Stadium,239,47,228,0.20614035087719298,0.25,0.125,200.6766,8.3404,422,191,398,0.4798994974874372,0.6,0.4444444444444444,227.9492,7.4722,2,0.0,23,0.4782608695652174,25,6,18,0.25,0.75,0
2254,1294970,2022-01-18,46,Zimbabwe,7,Sri Lanka,188,Pallekele International Cricket Stadium,240,47,229,0.2052401746724891,0.25,0.125,201.0805,8.3432,423,192,399,0.48120300751879697,0.8,0.4444444444444444,228.1232,7.4662,3,0.0,24,0.5,26,6,19,0.24,0.76,1
2255,1277082,2022-01-19,36,South Africa,2,India,294,"Boland Park, Paarl",331,197,314,0.6273885350318471,0.5,0.375,240.5291,6.3945,445,260,420,0.6190476190476191,0.6,0.5,245.2877,6.4863,0,0.5,0,0.5,37,17,18,0.4857142857142857,0.5142857142857142,1
2256,1277083,2022-01-21,2,India,36,South Africa,294,"Boland Park, Paarl",446,260,421,0.6175771971496437,0.6,0.5,245.3326,6.4897,332,198,315,0.6285714285714286,0.5,0.5,240.6982,6.3872,1,0.0,1,1.0,38,18,18,0.5,0.5,0
2257,1294971,2022-01-21,7,Sri Lanka,46,Zimbabwe,188,Pallekele International Cricket Stadium,424,192,400,0.48,0.6,0.4444444444444444,228.2482,7.4699,241,48,230,0.20869565217391303,0.5,0.25,201.5063,8.3418,25,0.48,4,0.25,27,19,7,0.7307692307692307,0.2692307692307692,1
2258,1277084,2022-01-23,36,South Africa,2,India,15,"Newlands, Cape Town",333,199,316,0.629746835443038,0.75,0.5,240.8419,6.3769,447,260,422,0.6161137440758294,0.4,0.5,245.4273,6.4886,1,0.0,1,1.0,39,19,18,0.5135135135135135,0.4864864864864865,1
2263,1299586,2022-02-05,28,Oman,40,United Arab Emirates,267,Al Amerat Cricket Ground Oman Cricket (Ministry Turf 1),19,12,18,0.6666666666666666,0.5,0.6666666666666666,197.3889,6.8889,42,13,42,0.30952380952380953,0.6,0.4,196.9048,8.5,7,0.6666666666666666,3,0.6666666666666666,1,1,0,1.0,0.0,0
2266,1278676,2022-02-06,44,West Indies,2,India,298,"Narendra Modi Stadium, Ahmedabad",324,119,304,0.39144736842105265,0.4,0.5,216.0375,7.5563,448,260,423,0.6146572104018913,0.2,0.5,245.5125,6.4966,0,0.5,0,0.5,53,17,32,0.3469387755102041,0.6530612244897959,0
2267,1299587,2022-02-06,28,Oman,40,United Arab Emirates,267,Al Amerat Cricket Ground Oman Cricket (Ministry Turf 1),20,12,19,0.631578947368421,0.25,0.5555555555555556,203.1579,7.0,43,14,43,0.32558139534883723,0.8,0.5,199.4884,8.4419,8,0.5714285714285714,4,0.75,2,1,1,0.5,0.5,0
2270,1278677,2022-02-09,2,India,44,West Indies,298,"Narendra Modi Stadium, Ahmedabad",449,261,424,0.6155660377358491,0.2,0.5,245.3597,6.491,325,119,305,0.3901639344262295,0.2,0.5,215.9128,7.5639,1,1.0,1,0.0,54,33,17,0.66,0.34,1
2271,1278678,2022-02-11,2,India,44,West Indies,298,"Narendra Modi Stadium, Ahmedabad",450,262,425,0.6164705882352941,0.4,0.5,245.3409,6.4966,326,119,306,0.3888888888888889,0.2,0.4,215.8416,7.5714,2,1.0,2,0.0,55,34,17,0.6666666666666666,0.3333333333333333,1
2280,1302616,2022-03-05,28,Oman,40,United Arab Emirates,302,"ICC Academy, Dubai",22,12,20,0.6,0.0,0.375,203.2857,7.2857,45,15,44,0.3409090909090909,0.75,0.6666666666666666,199.7333,8.4222,0,0.5,0,0.5,4,1,2,0.3333333333333333,0.6666666666666666,1
2282,1302617,2022-03-06,23,Namibia,28,Oman,302,"ICC Academy, Dubai",14,5,14,0.35714285714285715,0.6,0.5,179.9286,8.6429,23,13,21,0.6190476190476191,0.25,0.375,204.2727,7.2727,0,0.5,1,1.0,3,3,0,1.0,0.0,1
2285,1302618,2022-03-08,23,Namibia,40,United Arab Emirates,302,"ICC Academy, Dubai",15,6,15,0.4,0.6,0.6,183.0,8.7333,46,15,45,0.3333333333333333,0.5,0.6666666666666666,200.0217,8.4565,1,1.0,1,0.0,2,0,2,0.0,1.0,0
2287,1302619,2022-03-09,28,Oman,40,United Arab Emirates,302,"ICC Academy, Dubai",24,13,22,0.5909090909090909,0.25,0.375,200.4348,7.3913,47,16,46,0.34782608695652173,0.75,0.6666666666666666,200.1702,8.4255,2,0.5,2,0.5,5,2,2,0.5,0.5,1
2290,1302620,2022-03-11,23,Namibia,28,Oman,190,Sharjah Cricket Stadium,16,6,16,0.375,0.6,0.6,184.4375,8.6875,25,14,23,0.6086956521739131,0.5,0.375,201.2917,7.375,0,0.5,0,0.5,4,4,0,1.0,0.0,0
2292,1302621,2022-03-12,40,United Arab Emirates,23,Namibia,190,Sharjah Cricket Stadium,48,16,47,0.3404255319148936,0.5,0.6666666666666666,200.4375,8.4583,17,6,17,0.35294117647058826,0.4,0.5,189.7647,8.6471,1,0.0,1,0.0,3,3,0,1.0,0.0,1
2296,1302622,2022-03-14,28,Oman,23,Namibia,185,Dubai International Cricket Stadium,26,15,24,0.625,0.75,0.5,204.28,7.2,18,6,18,0.3333333333333333,0.4,0.5,196.1667,8.6667,0,0.5,0,0.5,5,1,4,0.2,0.8,0
2298,1302623,2022-03-15,32,Papua New Guinea,40,United Arab Emirates,190,Sharjah Cricket Stadium,27,4,27,0.14814814814814814,0.0,0.0,181.5556,9.1481,49,17,48,0.3541666666666667,0.5,0.6666666666666666,203.449,8.3469,0,0.5,2,0.5,3,1,2,0.3333333333333333,0.6666666666666666,0
2300,1302624,2022-03-16,32,Papua New Guinea,24,Nepal,190,Sharjah Cricket Stadium,28,4,28,0.14285714285714285,0.0,0.0,181.3571,9.1071,13,8,13,0.6153846153846154,0.8,0.7,181.3077,7.7692,1,0.0,0,0.5,2,0,2,0.0,1.0,0
2303,1277097,2022-03-18,12,Bangladesh,36,South Africa,23,"SuperSport Park, Centurion",268,105,262,0.40076335877862596,0.8,0.6,211.6453,7.6717,334,200,317,0.6309148264984227,0.75,0.625,240.9818,6.3879,0,0.5,3,0.0,14,4,10,0.2857142857142857,0.7142857142857143,1
2304,1302625,2022-03-18,40,United Arab Emirates,24,Nepal,185,Dubai International Cricket Stadium,50,18,49,0.3673469387755102,0.6,0.6666666666666666,202.96,8.24,14,9,14,0.6428571428571429,0.8,0.7,183.2143,7.7857,2,1.0,0,0.5,4,2,2,0.5,0.5,1
2306,1302626,2022-03-19,40,United Arab Emirates,32,Papua New Guinea,185,Dubai International Cricket Stadium,51,19,50,0.38,0.8,0.6666666666666666,202.2745,8.2745,29,4,29,0.13793103448275862,0.0,0.0,182.1379,9.069,3,1.0,0,0.5,4,3,1,0.75,0.25,0
2308,1277098,2022-03-20,12,Bangladesh,36,South Africa,295,"The Wanderers Stadium, Johannesburg",269,106,263,0.40304182509505704,0.8,0.6,212.0301,7.6692,335,200,318,0.6289308176100629,0.75,0.5555555555555556,241.0876,6.3988,0,0.5,0,0.5,15,5,10,0.3333333333333333,0.6666666666666666,0
2310,1302627,2022-03-21,40,United Arab Emirates,24,Nepal,185,Dubai International Cricket Stadium,52,19,51,0.37254901960784315,0.6,0.6666666666666666,201.2115,8.3077,15,9,15,0.6,0.6,0.7,179.0,7.9333,4,0.75,1,0.0,5,3,2,0.6,0.4,1
2313,1302628,2022-03-22,32,Papua New Guinea,24,Nepal,185,Dubai International Cricket Stadium,30,5,30,0.16666666666666666,0.2,0.1,181.0667,8.9,16,9,16,0.5625,0.4,0.6,174.25,8.0625,1,1.0,2,0.0,3,0,3,0.0,1.0,0
2314,1277099,2022-03-23,36,South Africa,12,Bangladesh,23,"SuperSport Park, Centurion",336,201,319,0.6300940438871473,0.8,0.6666666666666666,240.9488,6.3886,270,106,264,0.4015151515151515,0.8,0.6,211.9625,7.6742,4,0.0,1,1.0,16,11,5,0.6875,0.3125,0
2318,1305496,2022-03-25,32,Papua New Guinea,24,Nepal,306,"Tribhuvan University International Cricket Ground, Kirtipur",31,5,31,0.16129032258064516,0.2,0.1,180.8065,8.871,17,10,17,0.5882352941176471,0.6,0.7,174.2353,7.7647,0,0.5,0,0.5,4,0,4,0.0,1.0,1
2320,1305497,2022-03-26,24,Nepal,32,Papua New Guinea,306,"Tribhuvan University International Cricket Ground, Kirtipur",18,10,18,0.5555555555555556,0.4,0.6,180.4444,7.7778,32,6,32,0.1875,0.4,0.2,184.2812,8.8438,1,0.0,1,1.0,5,4,1,0.8,0.2,0
2323,1288313,2022-03-29,3,Australia,30,Pakistan,48,"Gaddafi Stadium, Lahore",411,257,388,0.6623711340206185,0.6,0.7,247.1012,6.7605,357,177,345,0.5130434782608696,0.2,0.5555555555555556,233.7171,7.3361,0,0.5,4,1.0,35,29,6,0.8285714285714286,0.17142857142857143,1
2324,1288987,2022-03-29,26,Netherlands,6,New Zealand,273,"Bay Oval, Mount Maunganui",34,11,31,0.3548387096774194,0.5,0.6666666666666666,171.1818,7.6061,316,165,296,0.5574324324324325,0.8,0.7777777777777778,230.3052,7.1071,0,0.5,0,0.5,0,0,0,0.5,0.5,0
2327,1288314,2022-03-31,3,Australia,30,Pakistan,48,"Gaddafi Stadium, Lahore",412,258,389,0.6632390745501285,0.6,0.7,247.2635,6.7611,358,177,346,0.5115606936416185,0.2,0.4444444444444444,233.6927,7.3436,1,1.0,5,0.8,36,30,6,0.8333333333333334,0.16666666666666666,0
2328,1288315,2022-04-02,3,Australia,30,Pakistan,48,"Gaddafi Stadium, Lahore",413,258,390,0.6615384615384615,0.6,0.6,247.5111,6.7641,359,178,347,0.5129682997118156,0.2,0.4444444444444444,234.0139,7.3343,2,0.5,6,0.8333333333333334,37,30,7,0.8108108108108109,0.1891891891891892,0
2329,1288988,2022-04-02,6,New Zealand,26,Netherlands,301,"Seddon Park, Hamilton",317,166,297,0.5589225589225589,0.8,0.8888888888888888,230.2201,7.0939,35,11,32,0.34375,0.5,0.6666666666666666,172.0882,7.6765,0,0.5,0,0.5,1,1,0,1.0,0.0,1
2331,1288989,2022-04-04,6,New Zealand,26,Netherlands,301,"Seddon Park, Hamilton",318,167,298,0.5604026845637584,1.0,0.8888888888888888,230.329,7.1,36,11,33,0.3333333333333333,0.25,0.5555555555555556,171.3429,7.7429,1,1.0,1,0.0,2,2,0,1.0,0.0,1
2332,1308244,2022-04-09,34,Scotland,32,Papua New Guinea,185,Dubai International Cricket Stadium,57,21,52,0.40384615384615385,1.0,0.6666666666666666,201.6842,7.6491,33,7,33,0.21212121212121213,0.6,0.3,187.2727,8.7879,2,0.0,2,0.5,4,4,0,1.0,0.0,1
2333,1308245,2022-04-10,34,Scotland,28,Oman,185,Dubai International Cricket Stadium,58,22,53,0.41509433962264153,1.0,0.6666666666666666,203.1034,7.569,27,15,25,0.6,0.6,0.375,206.6154,7.1154,3,0.3333333333333333,1,0.0,4,2,1,0.6666666666666666,0.3333333333333333,1
2334,1308246,2022-04-12,32,Papua New Guinea,28,Oman,185,Dubai International Cricket Stadium,34,7,34,0.20588235294117646,0.6,0.3,185.3529,8.8235,28,15,26,0.5769230769230769,0.4,0.3333333333333333,206.7778,7.2222,3,0.3333333333333333,2,0.0,4,0,4,0.0,1.0,0
2335,1308247,2022-04-13,34,Scotland,32,Papua New Guinea,185,Dubai International Cricket Stadium,59,23,54,0.42592592592592593,1.0,0.7777777777777778,203.3051,7.6102,35,7,35,0.2,0.4,0.3,186.4571,8.8286,4,0.5,4,0.25,5,5,0,1.0,0.0,1
2336,1308248,2022-04-15,28,Oman,34,Scotland,185,Dubai International Cricket Stadium,29,16,27,0.5925925925925926,0.6,0.4444444444444444,207.5,7.0714,60,24,55,0.43636363636363634,1.0,0.7777777777777778,204.7,7.5667,3,0.3333333333333333,5,0.6,5,1,3,0.25,0.75,0
2337,1308249,2022-04-16,28,Oman,32,Papua New Guinea,185,Dubai International Cricket Stadium,30,16,28,0.5714285714285714,0.4,0.4444444444444444,208.1034,7.069,36,7,36,0.19444444444444445,0.4,0.3,185.8333,8.8611,4,0.25,5,0.2,5,5,0,1.0,0.0,1
2338,1312798,2022-05-28,42,United States of America,34,Scotland,307,"Choice Moosa Stadium, Pearland",18,8,18,0.4444444444444444,0.4,0.3,182.6111,8.8333,61,25,56,0.44642857142857145,1.0,0.8888888888888888,205.0492,7.5738,0,0.5,0,0.5,2,1,1,0.5,0.5,1
2339,1312799,2022-05-29,34,Scotland,42,United States of America,307,"Choice Moosa Stadium, Pearland",62,25,57,0.43859649122807015,0.8,0.8888888888888888,205.0645,7.6129,19,9,19,0.47368421052631576,0.6,0.3,189.3158,8.6316,1,0.0,1,1.0,3,1,2,0.3333333333333333,0.6666666666666666,1
2340,1302349,2022-05-31,26,Netherlands,44,West Indies,308,"VRA Ground, Amstelveen",37,11,34,0.3235294117647059,0.25,0.4444444444444444,172.6389,7.8056,327,119,307,0.38762214983713356,0.0,0.3,215.6966,7.5789,0,0.5,0,0.5,1,0,1,0.0,1.0,0
2341,1312800,2022-05-31,40,United Arab Emirates,34,Scotland,309,"Moosa Cricket Stadium, Pearland",53,20,52,0.38461538461538464,0.8,0.6666666666666666,201.2264,8.3208,63,26,58,0.4482758620689655,0.8,0.8888888888888888,206.5714,7.6032,0,0.5,0,0.5,7,3,4,0.42857142857142855,0.5714285714285714,0
2343,1312801,2022-06-01,40,United Arab Emirates,42,United States of America,309,"Moosa Cricket Stadium, Pearland",54,20,53,0.37735849056603776,0.6,0.5555555555555556,201.4815,8.3333,20,9,20,0.45,0.4,0.3,189.3,8.7,1,0.0,0,0.5,2,0,2,0.0,1.0,0
2344,1302350,2022-06-02,26,Netherlands,44,West Indies,308,"VRA Ground, Amstelveen",38,11,35,0.3142857142857143,0.0,0.3333333333333333,174.4595,7.7838,328,120,308,0.38961038961038963,0.2,0.3,215.7994,7.5648,1,0.0,1,1.0,2,0,2,0.0,1.0,0
2346,1312802,2022-06-03,34,Scotland,40,United Arab Emirates,309,"Moosa Cricket Stadium, Pearland",64,27,59,0.4576271186440678,0.8,0.8888888888888888,206.7344,7.5781,55,20,54,0.37037037037037035,0.4,0.5,201.5091,8.3091,1,1.0,2,0.0,8,5,3,0.625,0.375,0
2347,1302351,2022-06-04,44,West Indies,26,Netherlands,308,"VRA Ground, Amstelveen",329,121,309,0.39158576051779936,0.4,0.4,215.8031,7.5569,39,11,36,0.3055555555555556,0.0,0.2222222222222222,175.5,7.8421,2,1.0,2,0.0,3,3,0,1.0,0.0,1
2348,1312803,2022-06-04,42,United States of America,40,United Arab Emirates,309,"Moosa Cricket Stadium, Pearland",21,10,21,0.47619047619047616,0.4,0.4,190.0,8.5714,56,21,55,0.38181818181818183,0.4,0.6,200.9821,8.25,1,1.0,3,0.3333333333333333,3,3,0,1.0,0.0,0
2350,1312804,2022-06-08,42,United States of America,28,Oman,309,"Moosa Cricket Stadium, Pearland",22,10,22,0.45454545454545453,0.4,0.4,190.3636,8.6364,31,17,29,0.5862068965517241,0.4,0.5555555555555556,210.4,7.1,2,0.5,0,0.5,3,0,3,0.0,1.0,1
2351,1315038,2022-06-08,44,West Indies,30,Pakistan,45,Multan Cricket Stadium,330,122,310,0.3935483870967742,0.6,0.4,216.0859,7.5491,360,179,348,0.514367816091954,0.4,0.4444444444444444,233.9583,7.3167,1,1.0,7,0.5714285714285714,33,10,22,0.3125,0.6875,0
2352,1312805,2022-06-09,28,Oman,24,Nepal,309,"Moosa Cricket Stadium, Pearland",32,17,30,0.5666666666666667,0.4,0.5,210.3548,7.1935,19,10,19,0.5263157894736842,0.2,0.5,185.5789,7.7895,1,0.0,0,0.5,4,3,1,0.75,0.25,1
2353,1315039,2022-06-10,30,Pakistan,44,West Indies,45,Multan Cricket Stadium,361,180,349,0.5157593123209169,0.6,0.5,234.1579,7.3102,331,122,311,0.39228295819935693,0.6,0.4,216.3578,7.5505,8,0.625,2,0.5,34,23,10,0.696969696969697,0.30303030303030304,1
2356,1312807,2022-06-12,28,Oman,42,United States of America,309,"Moosa Cricket Stadium, Pearland",33,18,31,0.5806451612903226,0.6,0.5,210.375,7.2188,24,11,23,0.4782608695652174,0.5,0.5555555555555556,199.375,8.5,2,0.5,4,0.6666666666666666,4,3,1,0.75,0.25,1
2357,1315040,2022-06-12,30,Pakistan,44,West Indies,45,Multan Cricket Stadium,362,181,350,0.5171428571428571,0.8,0.5,234.2707,7.3122,332,122,312,0.391025641025641,0.6,0.3,216.1707,7.5579,9,0.6666666666666666,3,0.3333333333333333,35,24,10,0.7058823529411765,0.29411764705882354,1
2358,1307296,2022-06-14,7,Sri Lanka,3,Australia,188,Pallekele International Cricket Stadium,425,193,401,0.48129675810473815,0.6,0.5555555555555556,228.3101,7.4736,414,258,391,0.659846547314578,0.4,0.6,247.4191,6.7721,26,0.5,2,1.0,49,17,30,0.3617021276595745,0.6382978723404256,0
2359,1312808,2022-06-14,28,Oman,24,Nepal,309,"Moosa Cricket Stadium, Pearland",34,19,32,0.59375,0.6,0.6,212.4848,7.1212,21,10,20,0.5,0.25,0.3333333333333333,190.381,8.0,3,0.6666666666666666,2,0.0,5,4,1,0.8,0.2,0
2361,1312809,2022-06-15,42,United States of America,24,Nepal,309,"Moosa Cricket Stadium, Pearland",25,11,24,0.4583333333333333,0.5,0.4444444444444444,202.08,8.52,22,11,21,0.5238095238095238,0.25,0.4444444444444444,189.3182,7.7727,5,0.5,3,0.5,4,0,3,0.0,1.0,1
2362,1307297,2022-06-16,7,Sri Lanka,3,Australia,188,Pallekele International Cricket Stadium,426,193,402,0.48009950248756217,0.6,0.5,228.482,7.4724,415,259,392,0.6607142857142857,0.6,0.6,247.5037,6.7751,27,0.48148148148148145,3,1.0,50,17,31,0.3541666666666667,0.6458333333333334,1
2363,1281444,2022-06-17,5,England,26,Netherlands,308,"VRA Ground, Amstelveen",383,196,359,0.5459610027855153,1.0,0.6666666666666666,235.7984,7.0451,40,11,37,0.2972972972972973,0.0,0.2222222222222222,178.3846,7.8974,0,0.5,3,0.0,2,2,0,1.0,0.0,1
2365,1281445,2022-06-19,26,Netherlands,5,England,308,"VRA Ground, Amstelveen",41,11,38,0.2894736842105263,0.0,0.1111111111111111,180.575,7.95,384,197,360,0.5472222222222223,1.0,0.7777777777777778,236.4921,7.037,4,0.0,1,1.0,3,0,3,0.0,1.0,0
2366,1307298,2022-06-19,3,Australia,7,Sri Lanka,285,"R Premadasa Stadium, Colombo",416,259,393,0.6590330788804071,0.4,0.5,247.361,6.7829,427,194,403,0.4813895781637717,0.6,0.6,228.4617,7.4761,0,0.5,6,0.5,51,31,18,0.6326530612244898,0.3673469387755102,0
2367,1307299,2022-06-21,7,Sri Lanka,3,Australia,285,"R Premadasa Stadium, Colombo",428,195,404,0.48267326732673266,0.6,0.7,228.6134,7.4678,417,259,394,0.6573604060913706,0.2,0.4,247.4672,6.781,7,0.5714285714285714,1,0.0,52,19,31,0.38,0.62,1
2368,1281446,2022-06-22,26,Netherlands,5,England,308,"VRA Ground, Amstelveen",42,11,39,0.28205128205128205,0.0,0.1111111111111111,181.9024,7.9268,385,198,361,0.5484764542936288,1.0,0.8888888888888888,236.4987,7.029,5,0.0,2,1.0,4,0,4,0.0,1.0,0
2369,1307300,2022-06-24,7,Sri Lanka,3,Australia,285,"R Premadasa Stadium, Colombo",429,196,405,0.4839506172839506,0.8,0.7,228.6833,7.4738,418,259,395,0.6556962025316456,0.2,0.4,247.483,6.7888,8,0.625,2,0.0,53,20,31,0.39215686274509803,0.6078431372549019,0
2373,1303309,2022-07-10,20,Ireland,6,New Zealand,282,"The Village, Malahide, Dublin",105,39,96,0.40625,0.75,0.5,206.3269,7.7308,319,168,299,0.5618729096989966,1.0,0.9,230.6592,7.1029,3,0.5,0,0.5,3,0,3,0.0,1.0,0
2374,1317152,2022-07-10,44,West Indies,12,Bangladesh,262,"Providence Stadium, Guyana",333,122,313,0.38977635782747605,0.4,0.3,216.1702,7.5653,271,107,265,0.4037735849056604,0.8,0.7,211.7537,7.6493,1,0.5,0,0.5,35,16,18,0.47058823529411764,0.5294117647058824,0
2376,1322031,2022-07-11,23,Namibia,24,Nepal,313,"Cambusdoon New Ground, Ayr",19,7,19,0.3684210526315789,0.4,0.5,199.8421,8.4737,23,11,22,0.5,0.25,0.3333333333333333,190.0435,7.8696,0,0.5,0,0.5,0,0,0,0.5,0.5,1
2377,1276907,2022-07-12,5,England,2,India,38,"Kennington Oval, London",386,199,362,0.5497237569060773,1.0,0.8888888888888888,236.5289,7.0158,451,263,426,0.6173708920187794,0.6,0.6,245.3851,6.5045,3,1.0,0,0.5,56,20,33,0.37735849056603776,0.6226415094339622,0
2378,1303310,2022-07-12,20,Ireland,6,New Zealand,282,"The Village, Malahide, Dublin",106,39,97,0.4020618556701031,0.6,0.5,207.219,7.7429,320,169,300,0.5633333333333334,1.0,0.9,230.8974,7.109,4,0.3333333333333333,1,1.0,4,0,4,0.0,1.0,0
2379,1317153,2022-07-13,44,West Indies,12,Bangladesh,262,"Providence Stadium, Guyana",334,122,314,0.3885350318471338,0.2,0.3,215.9667,7.5697,272,108,266,0.40601503759398494,0.8,0.8,211.5279,7.6357,2,0.0,1,1.0,36,16,19,0.45714285714285713,0.5428571428571428,0
2380,1322032,2022-07-13,34,Scotland,24,Nepal,314,"Titwood, Glasgow",65,27,60,0.45,0.6,0.7777777777777778,206.1846,7.6154,24,11,23,0.4782608695652174,0.25,0.2222222222222222,189.625,7.9583,0,0.5,0,0.5,0,0,0,0.5,0.5,0
2381,1276908,2022-07-14,5,England,2,India,4,"Lord's, London",387,199,363,0.5482093663911846,0.8,0.8888888888888888,236.1969,7.0236,452,264,427,0.6182669789227166,0.8,0.6,245.0899,6.4899,4,0.75,1,1.0,57,20,34,0.37037037037037035,0.6296296296296297,1
2382,1322033,2022-07-14,23,Namibia,34,Scotland,314,"Titwood, Glasgow",20,8,20,0.4,0.4,0.5,200.85,8.55,66,27,61,0.4426229508196721,0.4,0.6666666666666666,205.2424,7.6515,0,0.5,1,0.0,0,0,0,0.5,0.5,0
2384,1303311,2022-07-15,6,New Zealand,20,Ireland,282,"The Village, Malahide, Dublin",321,170,301,0.5647840531561462,1.0,0.9,230.8594,7.1086,107,39,98,0.3979591836734694,0.4,0.4444444444444444,207.3019,7.7642,2,1.0,5,0.25,5,5,0,1.0,0.0,1
2385,1317154,2022-07-16,44,West Indies,12,Bangladesh,262,"Providence Stadium, Guyana",335,122,315,0.3873015873015873,0.0,0.3,215.6405,7.577,273,109,267,0.40823970037453183,0.8,0.8,211.1593,7.6111,3,0.0,2,1.0,37,16,20,0.4444444444444444,0.5555555555555556,0
2386,1322034,2022-07-16,23,Namibia,24,Nepal,313,"Cambusdoon New Ground, Ayr",21,8,21,0.38095238095238093,0.4,0.5,201.5238,8.4762,25,12,24,0.5,0.5,0.3333333333333333,187.88,7.84,1,1.0,1,0.0,1,1,0,1.0,0.0,1
2387,1276909,2022-07-17,5,England,2,India,37,"Old Trafford, Manchester",388,200,364,0.5494505494505495,0.8,0.8888888888888888,236.2225,7.0314,453,264,428,0.616822429906542,0.8,0.5,244.8677,6.4978,2,0.0,0,0.5,58,21,34,0.38181818181818183,0.6181818181818182,0
2388,1322035,2022-07-17,24,Nepal,34,Scotland,314,"Titwood, Glasgow",26,12,25,0.48,0.4,0.3333333333333333,185.8846,7.9231,67,28,62,0.45161290322580644,0.6,0.7,205.4478,7.6418,1,1.0,2,0.5,1,1,0,1.0,0.0,0
2390,1276910,2022-07-19,36,South Africa,5,England,278,"Riverside Ground, Chester-le-Street",337,201,320,0.628125,0.6,0.5555555555555556,240.6877,6.3994,389,200,365,0.547945205479452,0.6,0.7777777777777778,236.282,7.0392,0,0.5,1,1.0,39,14,20,0.4117647058823529,0.5882352941176471,1
2391,1276911,2022-07-22,5,England,36,South Africa,37,"Old Trafford, Manchester",390,200,366,0.546448087431694,0.4,0.7,236.3724,7.0469,338,202,321,0.6292834890965732,0.6,0.6666666666666666,240.9641,6.3952,3,0.0,1,1.0,40,20,15,0.5714285714285714,0.42857142857142855,1
2392,1317900,2022-07-22,2,India,44,West Indies,315,"Queen's Park Oval, Port of Spain, Trinidad",454,265,429,0.6177156177156177,0.8,0.5,244.9038,6.4944,336,122,316,0.3860759493670886,0.0,0.3,215.5271,7.5843,0,0.5,0,0.5,56,35,17,0.6730769230769231,0.3269230769230769,1
2394,1317901,2022-07-24,44,West Indies,2,India,315,"Queen's Park Oval, Port of Spain, Trinidad",337,122,317,0.38485804416403785,0.0,0.3,215.7958,7.5796,455,266,430,0.6186046511627907,0.8,0.6,245.0446,6.4955,1,0.0,1,1.0,57,17,36,0.32075471698113206,0.6792452830188679,0
2395,1317902,2022-07-27,2,India,44,West Indies,315,"Queen's Park Oval, Port of Spain, Trinidad",456,267,431,0.6194895591647331,0.8,0.7,245.1938,6.4989,338,122,318,0.3836477987421384,0.0,0.2,216.0808,7.5749,2,1.0,2,0.0,58,37,17,0.6851851851851852,0.3148148148148148,1
2396,1307479,2022-07-31,34,Scotland,6,New Zealand,316,"Grange Cricket Club Ground, Raeburn Place, Edinburgh",68,29,63,0.4603174603174603,0.6,0.7,204.3382,7.5588,322,171,302,0.5662251655629139,1.0,0.9,231.2707,7.1051,0,0.5,0,0.5,1,0,1,0.0,1.0,0
2397,1323292,2022-08-05,12,Bangladesh,46,Zimbabwe,16,Harare Sports Club,274,110,268,0.41044776119402987,0.8,0.8,211.0406,7.6052,242,48,231,0.2077922077922078,0.25,0.25,200.9538,8.3487,8,0.5,69,0.2753623188405797,52,41,11,0.7884615384615384,0.21153846153846154,0
2398,1323293,2022-08-07,12,Bangladesh,46,Zimbabwe,16,Harare Sports Club,275,110,269,0.40892193308550184,0.8,0.8,211.3787,7.5846,243,49,232,0.21120689655172414,0.4,0.3333333333333333,201.3975,8.3347,9,0.4444444444444444,70,0.2857142857142857,53,41,12,0.7735849056603774,0.22641509433962265,0
2399,1322036,2022-08-10,34,Scotland,40,United Arab Emirates,317,"Mannofield Park, Aberdeen",69,29,64,0.453125,0.4,0.6,205.8116,7.5942,57,22,56,0.39285714285714285,0.6,0.6,200.9649,8.1404,0,0.5,0,0.5,9,5,4,0.5555555555555556,0.4444444444444444,1
2400,1323294,2022-08-10,12,Bangladesh,46,Zimbabwe,16,Harare Sports Club,276,110,270,0.4074074074074074,0.6,0.7,211.6667,7.5897,244,50,233,0.2145922746781116,0.6,0.4444444444444444,201.7708,8.3208,10,0.4,71,0.29577464788732394,54,41,13,0.7592592592592593,0.24074074074074073,1
2401,1322037,2022-08-11,40,United Arab Emirates,42,United States of America,317,"Mannofield Park, Aberdeen",58,22,57,0.38596491228070173,0.4,0.6,200.9138,8.1724,26,12,25,0.48,0.5,0.4444444444444444,203.7308,8.4615,1,0.0,0,0.5,4,1,3,0.25,0.75,0
2402,1322038,2022-08-13,42,United States of America,34,Scotland,317,"Mannofield Park, Aberdeen",27,13,26,0.5,0.75,0.5555555555555556,205.6667,8.4815,70,30,65,0.46153846153846156,0.6,0.6,206.6143,7.6286,1,1.0,1,1.0,4,2,2,0.5,0.5,0
2403,1322039,2022-08-14,34,Scotland,40,United Arab Emirates,317,"Mannofield Park, Aberdeen",71,31,66,0.4696969696969697,0.8,0.6,207.9437,7.5915,59,22,58,0.3793103448275862,0.4,0.5,201.7966,8.1695,2,1.0,2,0.0,10,6,4,0.6,0.4,1
2404,1311737,2022-08-16,30,Pakistan,26,Netherlands,274,"Hazelaarweg, Rotterdam",363,182,351,0.5185185185185185,1.0,0.6,234.3664,7.3168,43,11,40,0.275,0.0,0.0,183.381,7.9762,0,0.5,2,0.5,1,1,0,1.0,0.0,1
2405,1317911,2022-08-17,6,New Zealand,44,West Indies,35,"Kensington Oval, Bridgetown, Barbados",323,172,303,0.5676567656765676,1.0,1.0,231.5111,7.0921,339,122,319,0.3824451410658307,0.0,0.1,215.8448,7.5821,0,0.5,4,0.25,24,16,7,0.6956521739130435,0.30434782608695654,0
2406,1322041,2022-08-17,34,Scotland,42,United States of America,317,"Mannofield Park, Aberdeen",72,32,67,0.47761194029850745,0.8,0.7,208.5833,7.6111,28,13,27,0.48148148148148145,0.5,0.5555555555555556,208.8571,8.4643,3,1.0,2,0.5,5,3,2,0.6,0.4,0
2407,1311738,2022-08-18,26,Netherlands,30,Pakistan,274,"Hazelaarweg, Rotterdam",44,11,41,0.2682926829268293,0.0,0.0,186.0465,7.9767,364,183,352,0.5198863636363636,1.0,0.6,234.5852,7.3132,3,0.3333333333333333,1,1.0,2,0,2,0.0,1.0,0
2408,1325549,2022-08-18,46,Zimbabwe,2,India,16,Harare Sports Club,245,50,234,0.21367521367521367,0.6,0.4444444444444444,201.5602,8.3278,457,268,432,0.6203703703703703,0.8,0.8,245.1489,6.4911,72,0.2916666666666667,15,0.8,19,2,17,0.10526315789473684,0.8947368421052632,0
2409,1317912,2022-08-19,6,New Zealand,44,West Indies,35,"Kensington Oval, Bridgetown, Barbados",324,172,304,0.5657894736842105,0.8,0.9,231.3797,7.1013,340,123,320,0.384375,0.2,0.1,215.7768,7.5744,1,0.0,5,0.4,25,16,8,0.6666666666666666,0.3333333333333333,1
2410,1325550,2022-08-20,46,Zimbabwe,2,India,16,Harare Sports Club,246,50,235,0.2127659574468085,0.4,0.4444444444444444,201.5083,8.3347,458,269,433,0.6212471131639723,1.0,0.9,245.031,6.4767,73,0.2876712328767123,16,0.8125,20,2,18,0.1,0.9,0
2411,1311739,2022-08-21,30,Pakistan,26,Netherlands,274,"Hazelaarweg, Rotterdam",365,184,353,0.5212464589235127,1.0,0.7,234.4658,7.3014,45,11,42,0.2619047619047619,0.0,0.0,186.0455,8.0227,2,1.0,4,0.25,3,3,0,1.0,0.0,1
2412,1317913,2022-08-21,44,West Indies,6,New Zealand,35,"Kensington Oval, Bridgetown, Barbados",341,123,321,0.38317757009345793,0.2,0.1,215.6142,7.5816,325,173,305,0.5672131147540984,0.8,0.9,231.3186,7.1104,6,0.3333333333333333,2,0.5,26,8,17,0.32,0.68,0
2413,1325551,2022-08-22,2,India,46,Zimbabwe,16,Harare Sports Club,459,270,434,0.6221198156682027,1.0,0.9,244.8584,6.4735,247,50,236,0.211864406779661,0.4,0.3333333333333333,201.3416,8.3416,17,0.8235294117647058,74,0.28378378378378377,21,19,2,0.9047619047619048,0.09523809523809523,1
2417,1317476,2022-08-28,46,Zimbabwe,3,Australia,319,"Tony Ireland Stadium, Townsville",248,50,237,0.2109704641350211,0.2,0.3,201.6475,8.3484,419,260,396,0.6565656565656566,0.4,0.4,247.2809,6.7869,0,0.5,0,0.5,10,1,8,0.1111111111111111,0.8888888888888888,0
2418,1317477,2022-08-31,46,Zimbabwe,3,Australia,319,"Tony Ireland Stadium, Townsville",249,50,238,0.21008403361344538,0.0,0.3,201.6408,8.3551,420,261,397,0.6574307304785895,0.4,0.5,247.1691,6.7826,1,0.0,1,1.0,11,1,9,0.1,0.9,0
2419,1317478,2022-09-03,3,Australia,46,Zimbabwe,320,"Riverway Stadium, Townsville",421,262,398,0.6582914572864321,0.6,0.5,246.8145,6.7711,250,50,239,0.20920502092050208,0.0,0.3,201.2114,8.3618,0,0.5,0,0.5,12,10,1,0.9090909090909091,0.09090909090909091,0
2420,1317479,2022-09-06,6,New Zealand,3,Australia,321,"Cazaly's Stadium, Cairns",326,174,306,0.5686274509803921,0.8,0.9,231.5566,7.1038,422,262,399,0.656641604010025,0.6,0.4,246.5601,6.7788,0,0.5,0,0.5,47,13,30,0.3023255813953488,0.6976744186046512,0
2421,1317480,2022-09-08,3,Australia,6,New Zealand,321,"Cazaly's Stadium, Cairns",423,263,400,0.6575,0.8,0.5,246.5276,6.7818,327,174,307,0.5667752442996743,0.6,0.8,231.558,7.1097,1,1.0,1,0.0,48,31,13,0.7045454545454546,0.29545454545454547,1
2422,1317481,2022-09-11,3,Australia,6,New Zealand,321,"Cazaly's Stadium, Cairns",424,264,401,0.6583541147132169,0.8,0.6,246.4043,6.7871,328,174,308,0.564935064935065,0.4,0.7,231.0906,7.1188,2,1.0,2,0.0,49,32,13,0.7111111111111111,0.28888888888888886,1
2424,1331366,2022-09-13,32,Papua New Guinea,42,United States of America,322,"Amini Park, Port Moresby",38,7,37,0.1891891891891892,0.0,0.3333333333333333,186.5,8.9211,30,14,28,0.5,0.75,0.625,210.1,8.5,1,0.5,1,0.5,6,1,4,0.2,0.8,1
2425,1331367,2022-09-15,23,Namibia,42,United States of America,322,"Amini Park, Port Moresby",22,9,22,0.4090909090909091,0.6,0.5,201.4091,8.5455,31,14,29,0.4827586206896552,0.5,0.5,209.2903,8.5484,0,0.5,2,0.0,1,0,1,0.0,1.0,1
2426,1331368,2022-09-17,23,Namibia,42,United States of America,322,"Amini Park, Port Moresby",23,10,23,0.43478260869565216,0.8,0.6,200.3043,8.6087,32,14,30,0.4666666666666667,0.25,0.5,205.7812,8.5938,1,1.0,3,0.0,2,1,1,0.5,0.5,1
2429,1331369,2022-09-20,23,Namibia,32,Papua New Guinea,322,"Amini Park, Port Moresby",24,11,24,0.4583333333333333,0.8,0.6,202.5417,8.4583,39,8,38,0.21052631578947367,0.25,0.4444444444444444,187.1282,8.9231,2,1.0,2,1.0,2,2,0,1.0,0.0,1
2431,1331370,2022-09-21,23,Namibia,32,Papua New Guinea,322,"Amini Park, Port Moresby",25,12,25,0.48,0.8,0.6,205.8,8.28,40,8,39,0.20512820512820512,0.25,0.3333333333333333,185.375,8.95,3,1.0,3,0.5,3,3,0,1.0,0.0,1
2435,1327509,2022-10-06,36,South Africa,2,India,324,"Bharat Ratna Shri Atal Bihari Vajpayee Ekana Cricket Stadium, Lucknow",340,202,322,0.6273291925465838,0.5,0.625,240.25,6.3929,460,271,435,0.6229885057471264,1.0,0.9,244.9558,6.4768,0,0.5,0,0.5,40,20,18,0.5263157894736842,0.47368421052631576,1
2436,1327510,2022-10-09,36,South Africa,2,India,325,"JSCA International Stadium Complex, Ranchi",341,203,323,0.628482972136223,0.5,0.6666666666666666,240.276,6.3858,461,271,436,0.6215596330275229,0.8,0.8,244.9449,6.4802,0,0.5,0,0.5,41,21,18,0.5384615384615384,0.46153846153846156,0
2437,1327511,2022-10-11,36,South Africa,2,India,326,"Arun Jaitley Stadium, Delhi",342,203,324,0.6265432098765432,0.5,0.5555555555555556,240.3876,6.3876,462,272,437,0.6224256292906178,0.8,0.8,245.0264,6.4725,0,0.5,0,0.5,42,21,19,0.525,0.475,0
2441,1343683,2022-11-14,40,United Arab Emirates,24,Nepal,306,"Tribhuvan University International Cricket Ground, Kirtipur",60,22,59,0.3728813559322034,0.4,0.4,201.2333,8.2,27,12,26,0.46153846153846156,0.2,0.2222222222222222,183.7407,8.0,0,0.5,2,0.0,6,4,2,0.6666666666666666,0.3333333333333333,1
2442,1343684,2022-11-16,40,United Arab Emirates,24,Nepal,306,"Tribhuvan University International Cricket Ground, Kirtipur",61,23,60,0.38333333333333336,0.4,0.4,202.2459,8.1803,28,12,27,0.4444444444444444,0.2,0.2222222222222222,183.5714,8.0357,1,1.0,3,0.0,7,5,2,0.7142857142857143,0.2857142857142857,0
2443,1317489,2022-11-17,5,England,3,Australia,13,Adelaide Oval,392,201,367,0.547683923705722,0.5,0.6666666666666666,236.2805,7.0545,425,265,402,0.6592039800995025,0.8,0.6,246.4535,6.7828,8,0.25,22,0.6818181818181818,77,30,44,0.40540540540540543,0.5945945945945946,0
2444,1343685,2022-11-18,40,United Arab Emirates,24,Nepal,306,"Tribhuvan University International Cricket Ground, Kirtipur",62,23,61,0.3770491803278688,0.2,0.4,202.0645,8.2097,29,13,28,0.4642857142857143,0.4,0.3333333333333333,183.8966,8.0,2,0.5,4,0.25,8,5,3,0.625,0.375,0
2445,1317490,2022-11-19,3,Australia,5,England,9,Sydney Cricket Ground,426,266,403,0.6600496277915633,0.8,0.7,246.5595,6.7762,393,201,368,0.5461956521739131,0.25,0.5555555555555556,236.4119,7.0596,42,0.7368421052631579,9,0.3333333333333333,78,45,30,0.6,0.4,1
2446,1341969,2022-11-19,32,Papua New Guinea,23,Namibia,292,"Wanderers Cricket Ground, Windhoek",41,8,40,0.2,0.25,0.3333333333333333,184.5854,8.9756,26,13,26,0.5,1.0,0.7,206.1154,8.2692,0,0.5,1,1.0,4,0,4,0.0,1.0,0
2447,1341970,2022-11-20,42,United States of America,23,Namibia,292,"Wanderers Cricket Ground, Windhoek",33,14,31,0.45161290322580644,0.25,0.375,205.1818,8.5455,27,14,27,0.5185185185185185,1.0,0.8,202.4815,8.037,0,0.5,2,1.0,3,1,2,0.3333333333333333,0.6666666666666666,1
2449,1317491,2022-11-22,3,Australia,5,England,14,Melbourne Cricket Ground,427,267,404,0.6608910891089109,1.0,0.8,246.639,6.7791,394,201,369,0.5447154471544715,0.25,0.4444444444444444,236.3385,7.0672,32,0.6774193548387096,7,0.2857142857142857,79,46,30,0.6052631578947368,0.39473684210526316,1
2450,1341971,2022-11-22,32,Papua New Guinea,42,United States of America,292,"Wanderers Cricket Ground, Windhoek",42,8,41,0.1951219512195122,0.25,0.2222222222222222,182.7381,9.0,34,15,32,0.46875,0.25,0.4444444444444444,206.3235,8.5294,1,0.0,1,1.0,7,2,4,0.3333333333333333,0.6666666666666666,0
2452,1341972,2022-11-23,32,Papua New Guinea,23,Namibia,292,"Wanderers Cricket Ground, Windhoek",43,8,42,0.19047619047619047,0.2,0.1111111111111111,181.9535,9.0233,28,14,28,0.5,0.8,0.8,201.4286,8.1071,2,0.0,3,0.6666666666666666,5,0,5,0.0,1.0,0
2454,1322278,2022-11-25,2,India,6,New Zealand,304,"Eden Park, Auckland",463,273,438,0.6232876712328768,0.8,0.9,244.7193,6.4649,329,174,309,0.5631067961165048,0.4,0.6,231.1246,7.1277,0,0.5,0,0.5,45,22,20,0.5238095238095238,0.47619047619047616,0
2455,1341973,2022-11-25,42,United States of America,32,Papua New Guinea,292,"Wanderers Cricket Ground, Windhoek",35,16,33,0.48484848484848486,0.4,0.5555555555555556,204.7714,8.4,44,8,43,0.18604651162790697,0.0,0.1111111111111111,183.1818,9.0455,2,1.0,3,0.0,8,5,2,0.7142857142857143,0.2857142857142857,1
2456,1341974,2022-11-26,42,United States of America,23,Namibia,292,"Wanderers Cricket Ground, Windhoek",36,17,34,0.5,0.6,0.5555555555555556,206.4722,8.3611,29,15,29,0.5172413793103449,0.8,0.8,202.7931,8.069,3,1.0,4,0.75,4,2,2,0.5,0.5,0
2460,1341975,2022-12-01,23,Namibia,34,Scotland,328,"United Cricket Club Ground, Windhoek",30,16,30,0.5333333333333333,0.8,0.8,203.1,7.9333,73,32,68,0.47058823529411764,0.6,0.6,209.137,7.6164,0,0.5,0,0.5,1,0,1,0.0,1.0,0
2462,1340845,2022-12-04,2,India,12,Bangladesh,240,"Shere Bangla National Stadium, Mirpur",466,273,439,0.621867881548975,0.6666666666666666,0.75,244.4575,6.4619,277,111,271,0.4095940959409594,0.6,0.7,211.8285,7.5949,0,0.5,10,0.6,24,19,4,0.8260869565217391,0.17391304347826086,0
2463,1341977,2022-12-04,24,Nepal,34,Scotland,328,"United Cricket Club Ground, Windhoek",31,14,29,0.4827586206896552,0.5,0.4444444444444444,184.1935,7.9355,74,33,69,0.4782608695652174,0.8,0.6,209.1892,7.5946,1,0.5,1,1.0,2,1,1,0.5,0.5,0
2465,1341978,2022-12-05,34,Scotland,23,Namibia,328,"United Cricket Club Ground, Windhoek",75,34,70,0.4857142857142857,0.8,0.7,208.3067,7.5867,32,16,31,0.5161290322580645,0.5,0.7777777777777778,197.125,7.7188,2,1.0,2,0.0,2,2,0,1.0,0.0,0
2467,1340846,2022-12-07,12,Bangladesh,2,India,240,"Shere Bangla National Stadium, Mirpur",278,112,272,0.4117647058823529,0.6,0.7,211.7382,7.6,467,273,440,0.6204545454545455,0.3333333333333333,0.625,244.3304,6.4696,11,0.6363636363636364,1,0.0,25,5,19,0.20833333333333334,0.7916666666666666,1
2468,1341979,2022-12-07,23,Namibia,24,Nepal,328,"United Cricket Club Ground, Windhoek",33,17,32,0.53125,0.75,0.7777777777777778,197.5152,7.697,32,14,30,0.4666666666666667,0.5,0.3333333333333333,182.7188,8.0,3,0.5,2,0.0,3,2,0,1.0,0.0,1
2469,1341980,2022-12-08,24,Nepal,34,Scotland,328,"United Cricket Club Ground, Windhoek",33,14,31,0.45161290322580644,0.5,0.3333333333333333,182.9091,8.0606,76,34,71,0.4788732394366197,0.6,0.7,208.3026,7.6184,3,0.0,3,0.6666666666666666,3,1,2,0.3333333333333333,0.6666666666666666,0
2471,1340847,2022-12-10,2,India,12,Bangladesh,329,"Zahur Ahmed Chowdhury Stadium, Chattogram",468,273,441,0.6190476190476191,0.0,0.5,244.3774,6.4751,279,113,273,0.4139194139194139,0.6,0.7,211.9529,7.5978,0,0.5,0,0.5,26,19,6,0.76,0.24,1
2475,1339611,2023-01-09,6,New Zealand,30,Pakistan,47,"National Stadium, Karachi",332,175,310,0.5645161290322581,0.3333333333333333,0.5,230.9721,7.096,366,185,354,0.5225988700564972,1.0,0.8,234.388,7.3087,0,0.5,1,1.0,36,23,11,0.6764705882352942,0.3235294117647059,0
2476,1348643,2023-01-10,2,India,7,Sri Lanka,330,"Barsapara Cricket Stadium, Guwahati",469,274,442,0.6199095022624435,0.3333333333333333,0.5,244.7338,6.4784,430,196,406,0.4827586206896552,0.6,0.6,228.5202,7.4798,0,0.5,0,0.5,81,53,23,0.6973684210526315,0.3026315789473684,1
2477,1339612,2023-01-11,6,New Zealand,30,Pakistan,47,"National Stadium, Karachi",333,175,311,0.5627009646302251,0.3333333333333333,0.375,231.0463,7.1019,367,186,355,0.523943661971831,1.0,0.9,234.4523,7.2997,1,0.0,2,1.0,37,23,12,0.6571428571428571,0.34285714285714286,1
2478,1348644,2023-01-12,7,Sri Lanka,2,India,331,"Eden Gardens, Kolkata",431,196,407,0.48157248157248156,0.6,0.6,228.7038,7.481,470,275,443,0.6207674943566591,0.5,0.5,245.0108,6.4795,0,0.5,0,0.5,82,23,54,0.2987012987012987,0.7012987012987013,0
2479,1339613,2023-01-13,30,Pakistan,6,New Zealand,47,"National Stadium, Karachi",368,186,356,0.5224719101123596,0.8,0.9,234.3098,7.3071,334,176,312,0.5641025641025641,0.6666666666666666,0.5,231.1385,7.1108,3,0.6666666666666666,2,0.5,38,12,24,0.3333333333333333,0.6666666666666666,0
2480,1348645,2023-01-15,2,India,7,Sri Lanka,332,"Greenfield International Stadium, Thiruvananthapuram",471,276,444,0.6216216216216216,0.6,0.625,244.9547,6.4784,432,196,408,0.4803921568627451,0.4,0.5,228.6714,7.487,0,0.5,0,0.5,83,55,23,0.7051282051282052,0.2948717948717949,1
2483,1348326,2023-01-18,20,Ireland,46,Zimbabwe,16,Harare Sports Club,108,39,99,0.3939393939393939,0.4,0.3333333333333333,208.7196,7.7757,251,51,240,0.2125,0.2,0.3,200.9717,8.3563,7,0.42857142857142855,75,0.28,13,6,5,0.5454545454545454,0.45454545454545453,0
2484,1348646,2023-01-18,2,India,6,New Zealand,334,"Rajiv Gandhi International Stadium, Uppal, Hyderabad",472,277,445,0.6224719101123596,0.8,0.625,245.2667,6.4753,335,177,313,0.5654952076677316,0.6666666666666666,0.5,231.2914,7.1135,0,0.5,0,0.5,48,22,21,0.5116279069767442,0.4883720930232558,1
2486,1348327,2023-01-21,20,Ireland,46,Zimbabwe,16,Harare Sports Club,109,39,100,0.39,0.2,0.3333333333333333,209.4537,7.7407,252,52,241,0.2157676348547718,0.4,0.4,201.0242,8.3508,8,0.375,76,0.2894736842105263,14,6,6,0.5,0.5,1
2487,1348647,2023-01-21,6,New Zealand,2,India,336,"Shaheed Veer Narayan Singh International Stadium, Raipur",336,177,314,0.5636942675159236,0.5,0.375,231.6147,7.1223,473,278,446,0.6233183856502242,1.0,0.625,245.4893,6.4785,0,0.5,0,0.5,49,21,23,0.4772727272727273,0.5227272727272727,0
2489,1348648,2023-01-24,2,India,6,New Zealand,337,"Holkar Cricket Stadium, Indore",474,279,447,0.6241610738255033,1.0,0.75,245.2013,6.469,337,177,315,0.5619047619047619,0.4,0.375,231.2378,7.1311,0,0.5,0,0.5,50,24,21,0.5333333333333333,0.4666666666666667,1
2490,1339595,2023-01-27,36,South Africa,5,England,338,"Mangaung Oval, Bloemfontein",343,203,325,0.6246153846153846,0.25,0.4444444444444444,239.9705,6.3982,395,201,370,0.5432432432432432,0.25,0.3333333333333333,236.0954,7.0747,0,0.5,0,0.5,42,15,21,0.4166666666666667,0.5833333333333334,1
2491,1339596,2023-01-29,5,England,36,South Africa,338,"Mangaung Oval, Bloemfontein",396,201,371,0.5417789757412399,0.0,0.2222222222222222,236.1851,7.0823,344,204,326,0.6257668711656442,0.5,0.4444444444444444,240.1412,6.4,1,0.0,1,1.0,43,21,16,0.5675675675675675,0.43243243243243246,0
2492,1339597,2023-02-01,5,England,36,South Africa,339,"Diamond Oval, Kimberley",397,201,372,0.5403225806451613,0.0,0.2222222222222222,236.4564,7.0821,345,205,327,0.6269113149847095,0.6,0.5555555555555556,240.4545,6.3959,0,0.5,0,0.5,44,21,17,0.5526315789473685,0.4473684210526316,1
2493,1358073,2023-02-14,23,Namibia,24,Nepal,306,"Tribhuvan University International Cricket Ground, Kirtipur",34,18,33,0.5454545454545454,0.75,0.7777777777777778,199.7941,7.6765,34,14,32,0.4375,0.25,0.3333333333333333,181.0294,8.1176,0,0.5,5,0.4,4,3,0,1.0,0.0,0
2494,1358074,2023-02-15,23,Namibia,34,Scotland,306,"Tribhuvan University International Cricket Ground, Kirtipur",35,18,34,0.5294117647058824,0.5,0.6666666666666666,202.2286,7.7429,77,35,72,0.4861111111111111,0.6,0.7,207.1688,7.5455,1,0.0,0,0.5,3,1,2,0.3333333333333333,0.6666666666666666,0
2495,1358075,2023-02-17,34,Scotland,24,Nepal,306,"Tribhuvan University International Cricket Ground, Kirtipur",78,36,73,0.4931506849315068,0.8,0.7,206.5256,7.4487,35,15,33,0.45454545454545453,0.25,0.3333333333333333,184.0571,8.1143,1,1.0,6,0.5,4,3,1,0.75,0.25,0
2496,1358076,2023-02-18,23,Namibia,24,Nepal,306,"Tribhuvan University International Cricket Ground, Kirtipur",36,18,35,0.5142857142857142,0.5,0.5555555555555556,200.8611,7.8056,36,16,34,0.47058823529411764,0.4,0.4444444444444444,186.5833,8.0833,2,0.0,7,0.5714285714285714,5,3,1,0.75,0.25,0
2497,1358077,2023-02-20,34,Scotland,23,Namibia,306,"Tribhuvan University International Cricket Ground, Kirtipur",79,36,74,0.4864864864864865,0.6,0.7,207.3797,7.4684,37,18,36,0.5,0.4,0.4444444444444444,202.8378,7.7568,2,0.5,3,0.0,4,3,1,0.75,0.25,1
2498,1358078,2023-02-21,34,Scotland,24,Nepal,306,"Tribhuvan University International Cricket Ground, Kirtipur",80,37,75,0.49333333333333335,0.6,0.7,207.55,7.5,37,17,35,0.4857142857142857,0.6,0.5555555555555556,189.0541,8.0541,3,0.6666666666666666,8,0.625,5,3,2,0.6,0.4,0
2499,1358079,2023-02-23,23,Namibia,40,United Arab Emirates,185,Dubai International Cricket Stadium,38,18,37,0.4864864864864865,0.2,0.4444444444444444,202.1842,7.8158,63,23,62,0.3709677419354839,0.2,0.3,201.6508,8.2222,1,1.0,5,0.8,4,0,4,0.0,1.0,0
2500,1358080,2023-02-25,40,United Arab Emirates,23,Namibia,185,Dubai International Cricket Stadium,64,24,63,0.38095238095238093,0.4,0.4,199.9844,8.2344,39,18,38,0.47368421052631576,0.0,0.3333333333333333,199.3333,7.8718,6,0.8333333333333334,2,0.5,5,5,0,1.0,0.0,0
2501,1358082,2023-02-28,32,Papua New Guinea,40,United Arab Emirates,185,Dubai International Cricket Stadium,45,8,44,0.18181818181818182,0.0,0.1111111111111111,184.2444,9.0667,65,24,64,0.375,0.4,0.4,199.4615,8.2462,6,0.16666666666666666,7,0.7142857142857143,5,2,3,0.4,0.6,1
2502,1351397,2023-03-01,12,Bangladesh,5,England,240,"Shere Bangla National Stadium, Mirpur",280,113,274,0.4124087591240876,0.6,0.7,211.8448,7.6065,398,202,373,0.5415549597855228,0.2,0.2222222222222222,236.7366,7.0818,12,0.6666666666666666,0,0.5,19,4,15,0.21052631578947367,0.7894736842105263,0
2503,1358083,2023-03-02,40,United Arab Emirates,24,Nepal,185,Dubai International Cricket Stadium,66,24,65,0.36923076923076925,0.2,0.3,198.4242,8.2727,38,18,36,0.5,0.8,0.6666666666666666,189.6842,8.0526,8,0.625,3,0.3333333333333333,9,5,4,0.5555555555555556,0.4444444444444444,1
2504,1351398,2023-03-03,5,England,12,Bangladesh,240,"Shere Bangla National Stadium, Mirpur",399,203,374,0.5427807486631016,0.4,0.3333333333333333,236.6735,7.0816,281,113,275,0.4109090909090909,0.6,0.6,211.8345,7.6151,1,1.0,13,0.6153846153846154,20,16,4,0.8,0.2,1
2505,1358084,2023-03-03,32,Papua New Guinea,24,Nepal,185,Dubai International Cricket Stadium,46,9,45,0.2,0.2,0.2222222222222222,185.9348,9.087,39,18,37,0.4864864864864865,0.8,0.5555555555555556,188.3846,8.1026,7,0.2857142857142857,4,0.25,6,2,4,0.3333333333333333,0.6666666666666666,0
2506,1358085,2023-03-05,40,United Arab Emirates,32,Papua New Guinea,185,Dubai International Cricket Stadium,67,25,66,0.3787878787878788,0.4,0.3,198.5522,8.2687,47,9,46,0.1956521739130435,0.2,0.2222222222222222,185.7872,9.1064,9,0.6666666666666666,8,0.25,6,3,3,0.5,0.5,0
2507,1351399,2023-03-06,12,Bangladesh,5,England,329,"Zahur Ahmed Chowdhury Stadium, Chattogram",282,113,276,0.40942028985507245,0.4,0.5,211.7706,7.6237,400,204,375,0.544,0.6,0.4444444444444444,236.9008,7.0814,1,0.0,0,0.5,21,4,17,0.19047619047619047,0.8095238095238095,1
2508,1358086,2023-03-06,24,Nepal,40,United Arab Emirates,185,Dubai International Cricket Stadium,40,19,38,0.5,0.8,0.5555555555555556,188.225,8.075,68,25,67,0.373134328358209,0.4,0.3,197.0588,8.2941,5,0.4,10,0.6,10,4,6,0.4,0.6,1
2509,1358087,2023-03-09,24,Nepal,32,Papua New Guinea,306,"Tribhuvan University International Cricket Ground, Kirtipur",41,20,39,0.5128205128205128,0.8,0.6,189.2195,8.0732,48,10,47,0.2127659574468085,0.4,0.3,183.9583,9.0208,9,0.6666666666666666,2,1.0,7,5,2,0.7142857142857143,0.2857142857142857,1
2510,1358088,2023-03-10,32,Papua New Guinea,40,United Arab Emirates,306,"Tribhuvan University International Cricket Ground, Kirtipur",49,10,48,0.20833333333333334,0.4,0.2,185.2041,9.0408,69,25,68,0.36764705882352944,0.2,0.3,196.913,8.3188,3,0.6666666666666666,3,0.3333333333333333,7,4,3,0.5714285714285714,0.42857142857142855,1
2511,1358089,2023-03-12,24,Nepal,40,United Arab Emirates,306,"Tribhuvan University International Cricket Ground, Kirtipur",42,21,40,0.525,0.8,0.7,191.7857,8.119,70,25,69,0.36231884057971014,0.2,0.3,196.8143,8.3429,10,0.7,4,0.25,11,5,6,0.45454545454545453,0.5454545454545454,1
2512,1358090,2023-03-13,32,Papua New Guinea,24,Nepal,306,"Tribhuvan University International Cricket Ground, Kirtipur",50,11,49,0.22448979591836735,0.6,0.3,186.42,9.04,43,22,41,0.5365853658536586,0.8,0.8,193.093,8.1628,4,0.75,11,0.7272727272727273,8,2,6,0.25,0.75,0
2513,1358091,2023-03-15,32,Papua New Guinea,40,United Arab Emirates,306,"Tribhuvan University International Cricket Ground, Kirtipur",51,11,50,0.22,0.4,0.3,184.6275,9.0588,71,25,70,0.35714285714285715,0.2,0.2,195.0423,8.3662,5,0.6,5,0.2,8,5,3,0.625,0.375,0
2514,1358092,2023-03-16,40,United Arab Emirates,24,Nepal,306,"Tribhuvan University International Cricket Ground, Kirtipur",72,26,71,0.36619718309859156,0.2,0.3,195.6111,8.3056,44,23,42,0.5476190476190477,1.0,0.9,190.9773,8.0,6,0.3333333333333333,12,0.75,12,6,6,0.5,0.5,0
2515,1348656,2023-03-17,3,Australia,2,India,53,"Wankhede Stadium, Mumbai",428,268,405,0.6617283950617284,1.0,0.9,246.8957,6.7749,475,280,448,0.625,1.0,0.7777777777777778,245.5,6.4744,1,1.0,1,0.0,74,39,28,0.582089552238806,0.417910447761194,0
2516,1339602,2023-03-18,44,West Indies,36,South Africa,24,"Buffalo Park, East London",342,123,322,0.38198757763975155,0.2,0.1,215.8669,7.5828,346,205,328,0.625,0.4,0.4444444444444444,240.5906,6.4064,0,0.5,1,1.0,31,7,21,0.25,0.75,1
2517,1355717,2023-03-18,12,Bangladesh,20,Ireland,248,Sylhet International Cricket Stadium,283,114,277,0.41155234657039713,0.4,0.5,211.8929,7.6321,111,40,101,0.39603960396039606,0.25,0.4444444444444444,210.2294,7.7339,4,1.0,0,0.5,6,4,1,0.8,0.2,1
2518,1348657,2023-03-19,2,India,3,Australia,340,"Dr. Y.S. Rajasekhara Reddy ACA-VDCA Cricket Stadium, Visakhapatnam",476,281,449,0.6258351893095768,1.0,0.8,245.3838,6.4712,429,268,406,0.6600985221674877,0.8,0.8,246.7565,6.7825,0,0.5,0,0.5,75,29,39,0.4264705882352941,0.5735294117647058,0
2520,1339603,2023-03-21,44,West Indies,36,South Africa,341,"Senwes Park, Potchefstroom",343,124,323,0.38390092879256965,0.4,0.2,216.2183,7.5841,347,205,329,0.6231003039513677,0.4,0.4444444444444444,240.7259,6.4169,0,0.5,0,0.5,32,8,21,0.27586206896551724,0.7241379310344828,0
2521,1362379,2023-03-21,46,Zimbabwe,26,Netherlands,16,Harare Sports Club,254,52,242,0.21487603305785125,0.5,0.2222222222222222,200.628,8.328,46,11,43,0.2558139534883721,0.0,0.0,186.2889,8.0667,78,0.2857142857142857,0,0.5,3,1,2,0.3333333333333333,0.6666666666666666,0
2522,1348658,2023-03-22,3,Australia,2,India,50,"MA Chidambaram Stadium, Chepauk, Chennai",430,269,407,0.6609336609336609,0.8,0.8,246.4599,6.7665,477,281,450,0.6244444444444445,0.8,0.8,245.1106,6.4787,0,0.5,1,0.5,76,40,29,0.5797101449275363,0.42028985507246375,1
2523,1355719,2023-03-23,20,Ireland,12,Bangladesh,248,Sylhet International Cricket Stadium,113,40,102,0.39215686274509803,0.3333333333333333,0.375,209.7273,7.7545,285,115,278,0.4136690647482014,0.5,0.5555555555555556,212.8262,7.6277,2,0.0,6,1.0,8,1,5,0.16666666666666666,0.8333333333333334,0
2524,1362380,2023-03-23,46,Zimbabwe,26,Netherlands,16,Harare Sports Club,255,52,243,0.2139917695473251,0.5,0.2222222222222222,200.8207,8.3347,47,12,44,0.2727272727272727,0.2,0.1,187.7826,8.0435,79,0.28205128205128205,1,1.0,4,1,3,0.25,0.75,1
2525,1322359,2023-03-25,6,New Zealand,7,Sri Lanka,304,"Eden Park, Auckland",338,177,316,0.560126582278481,0.4,0.375,231.4316,7.1398,433,196,409,0.4792176039119804,0.2,0.4,228.3042,7.4906,1,1.0,0,0.5,42,20,17,0.5405405405405406,0.4594594594594595,1
2526,1362381,2023-03-25,26,Netherlands,46,Zimbabwe,16,Harare Sports Club,48,12,45,0.26666666666666666,0.2,0.1,189.5319,8.0851,256,53,244,0.21721311475409835,0.5,0.3333333333333333,201.0992,8.3413,2,0.5,80,0.2911392405063291,5,3,2,0.6,0.4,0
2527,1365092,2023-03-26,42,United States of America,23,Namibia,292,"Wanderers Cricket Ground, Windhoek",37,17,35,0.4857142857142857,0.6,0.4444444444444444,206.5946,8.3243,40,19,39,0.48717948717948717,0.2,0.3333333333333333,198.525,7.75,4,0.75,5,0.8,5,2,3,0.4,0.6,1
2528,1365093,2023-03-27,40,United Arab Emirates,32,Papua New Guinea,292,"Wanderers Cricket Ground, Windhoek",73,26,72,0.3611111111111111,0.2,0.3,197.1781,8.274,52,11,51,0.21568627450980393,0.4,0.3,185.5769,9.0192,0,0.5,4,0.0,9,4,5,0.4444444444444444,0.5555555555555556,1
2529,1365095,2023-03-29,14,Canada,42,United States of America,292,"Wanderers Cricket Ground, Windhoek",33,8,32,0.25,0.0,0.1111111111111111,175.3636,8.2727,38,18,36,0.5,0.8,0.5555555555555556,207.2368,8.3421,0,0.5,5,0.8,0,0,0,0.5,0.5,1
2530,1365097,2023-03-30,21,Jersey,23,Namibia,292,"Wanderers Cricket Ground, Windhoek",0,0,0,0.5,0.5,0.5,0.0,0.0,41,19,40,0.475,0.2,0.3333333333333333,197.3659,7.8049,0,0.5,6,0.6666666666666666,0,0,0,0.5,0.5,0
2531,1365098,2023-03-30,40,United Arab Emirates,42,United States of America,328,"United Cricket Club Ground, Windhoek",74,27,73,0.3698630136986301,0.4,0.3,198.027,8.2568,39,18,37,0.4864864864864865,0.6,0.4444444444444444,206.3333,8.3846,0,0.5,0,0.5,5,1,4,0.2,0.8,0
2532,1322361,2023-03-31,7,Sri Lanka,6,New Zealand,301,"Seddon Park, Hamilton",434,196,410,0.47804878048780486,0.0,0.4,227.9459,7.4965,339,178,317,0.5615141955835962,0.4,0.5,231.5606,7.1485,0,0.5,3,1.0,43,17,21,0.4473684210526316,0.5526315789473685,0
2533,1339607,2023-03-31,26,Netherlands,36,South Africa,26,"Willowmoore Park, Benoni",49,12,46,0.2608695652173913,0.2,0.1,190.3958,8.1042,348,206,330,0.6242424242424243,0.6,0.4444444444444444,240.7936,6.4157,0,0.5,0,0.5,3,0,2,0.0,1.0,0
2534,1365099,2023-04-01,14,Canada,40,United Arab Emirates,292,"Wanderers Cricket Ground, Windhoek",34,9,33,0.2727272727272727,0.25,0.1111111111111111,176.0294,8.3235,75,27,74,0.36486486486486486,0.4,0.3,199.1067,8.2667,1,1.0,1,1.0,0,0,0,0.5,0.5,0
2535,1365100,2023-04-01,21,Jersey,32,Papua New Guinea,328,"United Cricket Club Ground, Windhoek",1,0,1,0.0,0.0,0.0,213.0,9.0,53,11,52,0.21153846153846154,0.2,0.3,186.5849,9.0377,0,0.5,0,0.5,0,0,0,0.5,0.5,1
2536,1339608,2023-04-02,36,South Africa,26,Netherlands,295,"The Wanderers Stadium, Johannesburg",349,207,331,0.6253776435045317,0.6,0.5555555555555556,240.6464,6.4029,50,12,47,0.2553191489361702,0.2,0.1,190.3673,8.1429,1,1.0,0,0.5,4,3,0,1.0,0.0,1
2537,1365101,2023-04-02,42,United States of America,32,Papua New Guinea,292,"Wanderers Cricket Ground, Windhoek",40,19,38,0.5,0.6,0.5,208.2,8.3,54,11,53,0.20754716981132076,0.2,0.3,188.3148,9.037,6,0.6666666666666666,5,0.0,9,6,2,0.75,0.25,1
2538,1365102,2023-04-02,40,United Arab Emirates,23,Namibia,328,"United Cricket Club Ground, Windhoek",76,28,75,0.37333333333333335,0.6,0.4,199.8421,8.2105,42,20,41,0.4878048780487805,0.4,0.4,197.8095,7.6667,1,0.0,4,0.6666666666666666,6,5,1,0.8333333333333334,0.16666666666666666,1
2539,1365103,2023-04-04,23,Namibia,14,Canada,292,"Wanderers Cricket Ground, Windhoek",43,20,42,0.47619047619047616,0.4,0.3,198.7674,7.7209,35,9,34,0.2647058823529412,0.2,0.1111111111111111,178.2571,8.3714,7,0.7142857142857143,2,0.5,0,0,0,0.5,0.5,1
2540,1365104,2023-04-04,42,United States of America,21,Jersey,328,"United Cricket Club Ground, Windhoek",41,20,39,0.5128205128205128,0.6,0.6,208.8537,8.2683,2,1,2,0.5,0.5,0.5,252.0,6.5,1,1.0,1,1.0,0,0,0,0.5,0.5,1
2541,1365105,2023-04-05,40,United Arab Emirates,21,Jersey,292,"Wanderers Cricket Ground, Windhoek",77,29,76,0.3815789473684211,0.6,0.4,200.7143,8.1688,3,1,3,0.3333333333333333,0.3333333333333333,0.3333333333333333,236.6667,7.6667,2,1.0,1,0.0,0,0,0,0.5,0.5,1
2542,1365106,2023-04-05,14,Canada,32,Papua New Guinea,328,"United Cricket Club Ground, Windhoek",36,9,35,0.2571428571428571,0.2,0.1111111111111111,177.6389,8.4167,55,11,54,0.2037037037037037,0.0,0.3,187.0364,9.0545,0,0.5,1,0.0,0,0,0,0.5,0.5,1
2544,1367985,2023-04-21,24,Nepal,28,Oman,306,"Tribhuvan University International Cricket Ground, Kirtipur",45,24,43,0.5581395348837209,1.0,0.9,192.7111,7.9556,35,19,33,0.5757575757575758,0.6,0.5,211.0294,7.2059,13,0.7692307692307693,0,0.5,6,2,4,0.3333333333333333,0.6666666666666666,1
2547,1339619,2023-04-27,6,New Zealand,30,Pakistan,46,Rawalpindi Cricket Stadium,340,179,318,0.5628930817610063,0.4,0.5,231.3414,7.139,369,186,357,0.5210084033613446,0.6,0.8,234.4336,7.3117,1,0.0,10,0.5555555555555556,39,25,12,0.6756756756756757,0.32432432432432434,0
2548,1339620,2023-04-29,6,New Zealand,30,Pakistan,46,Rawalpindi Cricket Stadium,341,179,319,0.5611285266457681,0.4,0.4444444444444444,231.512,7.1386,370,187,358,0.5223463687150838,0.6,0.8,234.5865,7.3054,2,0.0,11,0.6,40,25,13,0.6578947368421053,0.34210526315789475,0
2549,1368000,2023-04-29,40,United Arab Emirates,28,Oman,343,Mulpani Cricket Ground,78,30,77,0.38961038961038963,0.8,0.5,201.7821,8.1538,36,19,34,0.5588235294117647,0.4,0.4,211.4571,7.2571,0,0.5,0,0.5,6,2,3,0.4,0.6,1
2551,1368002,2023-05-01,40,United Arab Emirates,24,Nepal,306,"Tribhuvan University International Cricket Ground, Kirtipur",79,31,78,0.3974358974358974,0.8,0.6,202.2152,8.1772,46,25,44,0.5681818181818182,1.0,0.9,195.2609,7.9565,7,0.2857142857142857,14,0.7857142857142857,13,6,7,0.46153846153846156,0.5384615384615384,0
2552,1339621,2023-05-03,30,Pakistan,6,New Zealand,47,"National Stadium, Karachi",371,188,359,0.5236768802228412,0.6,0.8,234.8625,7.2938,342,179,320,0.559375,0.4,0.4,231.8258,7.1321,4,0.5,3,0.6666666666666666,41,14,25,0.358974358974359,0.6410256410256411,1
2554,1339622,2023-05-05,30,Pakistan,6,New Zealand,47,"National Stadium, Karachi",372,189,360,0.525,0.6,0.8,235.0027,7.2903,343,179,321,0.557632398753894,0.4,0.4,231.9132,7.1407,5,0.6,4,0.5,42,15,25,0.375,0.625,1
2555,1339623,2023-05-07,6,New Zealand,30,Pakistan,47,"National Stadium, Karachi",344,179,322,0.5559006211180124,0.2,0.3,231.9134,7.1493,373,190,361,0.5263157894736842,0.8,0.8,235.2681,7.2869,5,0.4,6,0.6666666666666666,43,25,16,0.6097560975609756,0.3902439024390244,1
2557,1364125,2023-05-12,20,Ireland,12,Bangladesh,346,"County Ground, Chelmsford",115,40,103,0.3883495145631068,0.0,0.14285714285714285,207.4643,7.7321,287,116,279,0.4157706093189964,1.0,0.625,212.5528,7.6056,1,0.5,1,0.5,10,1,6,0.14285714285714285,0.8571428571428571,0
2558,1365552,2023-05-14,12,Bangladesh,20,Ireland,346,"County Ground, Chelmsford",288,117,280,0.41785714285714287,1.0,0.625,212.9298,7.6035,116,40,104,0.38461538461538464,0.0,0.14285714285714285,208.4513,7.7168,2,1.0,2,0.0,11,7,1,0.875,0.125,1
2559,1377005,2023-06-04,40,United Arab Emirates,44,West Indies,190,Sharjah Cricket Stadium,80,31,79,0.3924050632911392,0.8,0.6,201.15,8.2,344,124,324,0.38271604938271603,0.4,0.2,216.3471,7.5912,3,0.6666666666666666,2,0.0,2,0,2,0.0,1.0,0
2560,1377006,2023-06-06,44,West Indies,40,United Arab Emirates,190,Sharjah Cricket Stadium,345,125,325,0.38461538461538464,0.4,0.3,216.3167,7.5777,81,31,80,0.3875,0.6,0.6,201.1605,8.2222,3,0.3333333333333333,4,0.5,3,3,0,1.0,0.0,1
2561,1377007,2023-06-09,40,United Arab Emirates,44,West Indies,190,Sharjah Cricket Stadium,82,31,81,0.38271604938271603,0.4,0.5,201.4878,8.2073,346,126,326,0.38650306748466257,0.6,0.4,216.5789,7.5848,5,0.4,4,0.5,4,0,4,0.0,1.0,0
2562,1377746,2023-06-18,24,Nepal,46,Zimbabwe,16,Harare Sports Club,47,26,45,0.5777777777777777,1.0,0.9,193.617,7.8511,257,54,245,0.22040816326530613,0.5,0.4444444444444444,201.2332,8.3202,0,0.5,81,0.3,0,0,0,0.5,0.5,0
2563,1377747,2023-06-18,44,West Indies,42,United States of America,347,"Takashinga Sports Club, Highfield, Harare",347,127,327,0.38837920489296635,0.8,0.5,216.4869,7.5802,42,21,40,0.525,0.8,0.7,209.381,8.3095,0,0.5,0,0.5,0,0,0,0.5,0.5,1
2564,1377748,2023-06-19,7,Sri Lanka,40,United Arab Emirates,29,"Queens Sports Club, Bulawayo",435,196,411,0.4768856447688564,0.0,0.3,227.7793,7.5023,83,31,82,0.3780487804878049,0.2,0.5,201.2771,8.2289,0,0.5,0,0.5,1,1,0,1.0,0.0,1
2565,1377749,2023-06-19,20,Ireland,28,Oman,243,Bulawayo Athletic Club,117,40,105,0.38095238095238093,0.0,0.14285714285714285,208.9825,7.7281,37,19,35,0.5428571428571428,0.4,0.4,210.8611,7.2222,0,0.5,0,0.5,0,0,0,0.5,0.5,0
2566,1377750,2023-06-20,26,Netherlands,46,Zimbabwe,16,Harare Sports Club,51,12,48,0.25,0.2,0.1,191.04,8.18,258,55,246,0.22357723577235772,0.75,0.5555555555555556,201.5866,8.2953,3,0.3333333333333333,82,0.30864197530864196,6,3,3,0.5,0.5,0
2567,1377751,2023-06-20,42,United States of America,24,Nepal,347,"Takashinga Sports Club, Highfield, Harare",43,21,41,0.5121951219512195,0.6,0.7,210.5116,8.2791,48,26,46,0.5652173913043478,0.8,0.8,195.625,7.8542,1,0.0,0,0.5,5,1,3,0.25,0.75,0
2568,1377752,2023-06-21,20,Ireland,34,Scotland,29,"Queens Sports Club, Bulawayo",118,40,106,0.37735849056603776,0.0,0.14285714285714285,209.6087,7.7217,81,37,76,0.4868421052631579,0.6,0.6,207.6049,7.5309,0,0.5,0,0.5,10,9,1,0.9,0.1,0
2569,1377753,2023-06-21,40,United Arab Emirates,28,Oman,243,Bulawayo Athletic Club,84,31,83,0.37349397590361444,0.0,0.4,201.0238,8.25,38,20,36,0.5555555555555556,0.4,0.5,212.8649,7.1622,0,0.5,1,1.0,7,3,3,0.5,0.5,0
2570,1377754,2023-06-22,44,West Indies,24,Nepal,16,Harare Sports Club,348,128,328,0.3902439024390244,0.8,0.6,216.7209,7.5872,49,27,47,0.574468085106383,0.8,0.9,195.9388,7.7755,9,0.7777777777777778,1,0.0,0,0,0,0.5,0.5,1
2571,1377755,2023-06-22,42,United States of America,26,Netherlands,347,"Takashinga Sports Club, Highfield, Harare",44,21,42,0.5,0.6,0.6,210.4318,8.3182,52,12,49,0.24489795918367346,0.0,0.1,193.4706,8.1373,2,0.0,0,0.5,0,0,0,0.5,0.5,0
2572,1377756,2023-06-23,28,Oman,7,Sri Lanka,29,"Queens Sports Club, Bulawayo",39,21,37,0.5675675675675675,0.4,0.5,213.2632,7.1053,436,197,412,0.47815533980582525,0.2,0.4,228.0773,7.4988,0,0.5,1,1.0,0,0,0,0.5,0.5,0
2573,1377757,2023-06-23,34,Scotland,40,United Arab Emirates,243,Bulawayo Athletic Club,82,38,77,0.4935064935064935,0.6,0.6,208.5976,7.5488,85,31,84,0.36904761904761907,0.0,0.4,201.3294,8.2471,1,1.0,1,0.0,11,7,4,0.6363636363636364,0.36363636363636365,1
2574,1377758,2023-06-24,46,Zimbabwe,44,West Indies,16,Harare Sports Club,259,56,247,0.22672064777327935,0.8,0.6666666666666666,202.0471,8.2784,349,129,329,0.39209726443769,1.0,0.7,217.0754,7.5855,83,0.3170731707317073,10,0.8,25,5,18,0.21739130434782608,0.782608695652174,1
2575,1377759,2023-06-24,24,Nepal,26,Netherlands,347,"Takashinga Sports Club, Highfield, Harare",50,27,48,0.5625,0.6,0.8,196.78,7.82,53,13,50,0.26,0.2,0.2,193.8654,8.0769,1,1.0,1,1.0,0,0,0,0.5,0.5,0
2576,1377760,2023-06-25,7,Sri Lanka,20,Ireland,29,"Queens Sports Club, Bulawayo",437,198,413,0.4794188861985472,0.4,0.4,227.778,7.4813,119,40,107,0.37383177570093457,0.0,0.14285714285714285,210.2672,7.7241,2,1.0,1,0.0,3,3,0,1.0,0.0,1
2577,1377761,2023-06-25,34,Scotland,28,Oman,243,Bulawayo Athletic Club,83,39,78,0.5,0.6,0.7,209.4819,7.5542,40,21,38,0.5526315789473685,0.4,0.5,210.3077,7.1795,2,1.0,2,1.0,6,4,1,0.8,0.2,1
2578,1377762,2023-06-26,46,Zimbabwe,42,United States of America,16,Harare Sports Club,260,57,248,0.22983870967741934,1.0,0.7777777777777778,202.3047,8.2852,45,21,43,0.4883720930232558,0.4,0.5,210.4444,8.3111,84,0.3253012048192771,0,0.5,0,0,0,0.5,0.5,1
2581,1377764,2023-06-27,7,Sri Lanka,34,Scotland,29,"Queens Sports Club, Bulawayo",438,199,414,0.4806763285024155,0.6,0.4,228.0047,7.4872,84,40,79,0.5063291139240507,0.8,0.7,210.7976,7.5833,3,1.0,1,1.0,2,2,0,1.0,0.0,1
2582,1377765,2023-06-27,20,Ireland,40,United Arab Emirates,243,Bulawayo Athletic Club,120,40,108,0.37037037037037035,0.0,0.0,210.1111,7.7436,86,31,85,0.36470588235294116,0.0,0.3,200.9767,8.2674,1,0.0,2,0.0,8,7,1,0.875,0.125,1
2585,1377766,2023-06-29,46,Zimbabwe,28,Oman,29,"Queens Sports Club, Bulawayo",261,58,249,0.23293172690763053,1.0,0.7777777777777778,203.1051,8.2763,41,21,39,0.5384615384615384,0.4,0.4,211.15,7.225,4,0.6666666666666666,1,0.0,0,0,0,0.5,0.5,1
2586,1377767,2023-06-30,7,Sri Lanka,26,Netherlands,29,"Queens Sports Club, Bulawayo",439,200,415,0.4819277108433735,0.8,0.4,228.0442,7.493,55,14,51,0.27450980392156865,0.5,0.3333333333333333,196.7222,8.0,4,1.0,1,0.0,0,0,0,0.5,0.5,1
2587,1377768,2023-06-30,42,United States of America,20,Ireland,347,"Takashinga Sports Club, Highfield, Harare",46,21,44,0.4772727272727273,0.2,0.4,208.1304,8.3478,121,41,109,0.3761467889908257,0.2,0.125,211.2881,7.7119,3,0.0,0,0.5,0,0,0,0.5,0.5,0
2589,1377769,2023-07-01,44,West Indies,34,Scotland,16,Harare Sports Club,351,129,330,0.39090909090909093,0.75,0.6666666666666666,217.5735,7.5879,85,40,80,0.5,0.6,0.6,210.2353,7.6118,11,0.7272727272727273,2,0.0,1,1,0,1.0,0.0,0
2591,1377770,2023-07-02,46,Zimbabwe,7,Sri Lanka,29,"Queens Sports Club, Bulawayo",262,59,250,0.236,1.0,0.7777777777777778,203.6047,8.2713,440,201,416,0.4831730769230769,1.0,0.5,228.0093,7.4988,5,0.75,5,1.0,28,7,20,0.25925925925925924,0.7407407407407407,0
2592,1377771,2023-07-02,40,United Arab Emirates,24,Nepal,347,"Takashinga Sports Club, Highfield, Harare",87,31,86,0.36046511627906974,0.0,0.2,201.092,8.2874,51,27,49,0.5510204081632653,0.4,0.7,196.1961,7.8627,0,0.5,2,0.5,14,6,8,0.42857142857142855,0.5714285714285714,0
2593,1377772,2023-07-03,26,Netherlands,28,Oman,16,Harare Sports Club,56,14,52,0.2692307692307692,0.5,0.3333333333333333,196.6364,8.0364,42,21,40,0.525,0.4,0.4,213.7561,7.2683,4,0.25,0,0.5,0,0,0,0.5,0.5,1
2596,1377773,2023-07-04,34,Scotland,46,Zimbabwe,29,"Queens Sports Club, Bulawayo",86,41,81,0.5061728395061729,0.8,0.7,209.9419,7.5581,263,59,251,0.2350597609561753,0.8,0.7777777777777778,203.4556,8.278,2,0.5,6,0.6,3,1,1,0.5,0.5,1
2597,1377774,2023-07-04,24,Nepal,20,Ireland,347,"Takashinga Sports Club, Highfield, Harare",52,28,50,0.56,0.4,0.7,195.9808,7.8462,122,42,110,0.38181818181818183,0.4,0.25,211.1681,7.6807,3,0.6666666666666666,1,1.0,0,0,0,0.5,0.5,0
2598,1377775,2023-07-05,28,Oman,44,West Indies,16,Harare Sports Club,43,21,41,0.5121951219512195,0.2,0.3,214.5238,7.2381,352,129,331,0.38972809667673713,0.5,0.6666666666666666,217.4684,7.5948,1,0.0,12,0.6666666666666666,0,0,0,0.5,0.5,0
2599,1377776,2023-07-06,34,Scotland,26,Netherlands,29,"Queens Sports Club, Bulawayo",87,42,82,0.5121951219512195,0.8,0.7,210.2184,7.5632,57,15,53,0.2830188679245283,0.75,0.3333333333333333,199.5893,8.0179,3,0.6666666666666666,2,0.0,6,3,2,0.6,0.4,0
2600,1377777,2023-07-06,40,United Arab Emirates,42,United States of America,347,"Takashinga Sports Club, Highfield, Harare",88,31,87,0.3563218390804598,0.0,0.1,200.8636,8.3068,47,21,45,0.4666666666666667,0.0,0.4,207.8723,8.383,1,0.0,4,0.0,6,1,5,0.16666666666666666,0.8333333333333334,1
2601,1377778,2023-07-07,44,West Indies,7,Sri Lanka,16,Harare Sports Club,353,130,332,0.39156626506024095,0.5,0.6666666666666666,217.4814,7.5817,441,202,417,0.4844124700239808,1.0,0.6,227.8727,7.4838,13,0.6923076923076923,10,0.8,27,9,16,0.36,0.64,0
2603,1377779,2023-07-09,7,Sri Lanka,26,Netherlands,16,Harare Sports Club,442,203,418,0.48564593301435405,1.0,0.7,227.9099,7.4711,58,16,54,0.2962962962962963,0.75,0.4444444444444444,200.9649,7.9825,11,0.8181818181818182,5,0.4,1,1,0,1.0,0.0,1
2611,1381214,2023-07-27,44,West Indies,2,India,35,"Kensington Oval, Bridgetown, Barbados",354,130,333,0.39039039039039036,0.25,0.6666666666666666,217.5543,7.5886,478,281,451,0.623059866962306,0.6,0.8,245.1168,6.4862,7,0.2857142857142857,0,0.5,59,17,38,0.3090909090909091,0.6909090909090909,0
2613,1381215,2023-07-29,2,India,44,West Indies,35,"Kensington Oval, Bridgetown, Barbados",479,282,452,0.6238938053097345,0.6,0.8,244.8475,6.4831,355,130,334,0.38922155688622756,0.25,0.5555555555555556,217.2593,7.5954,1,1.0,8,0.25,60,39,17,0.6964285714285714,0.30357142857142855,0
2614,1381216,2023-08-01,2,India,44,West Indies,349,"Brian Lara Stadium, Tarouba, Trinidad",480,282,453,0.6225165562913907,0.4,0.7,244.7125,6.4905,356,131,335,0.39104477611940297,0.4,0.5555555555555556,217.1591,7.5852,0,0.5,0,0.5,61,39,18,0.6842105263157895,0.3157894736842105,1
2615,1388392,2023-08-30,30,Pakistan,24,Nepal,45,Multan Cricket Stadium,374,190,362,0.5248618784530387,0.8,0.7,235.3128,7.2941,53,28,51,0.5490196078431373,0.4,0.6,197.3396,7.8679,10,0.7,0,0.5,0,0,0,0.5,0.5,1
2616,1388393,2023-08-31,12,Bangladesh,7,Sri Lanka,188,Pallekele International Cricket Stadium,289,118,281,0.4199288256227758,1.0,0.625,213.1434,7.6119,443,204,419,0.48687350835322196,1.0,0.8,227.9217,7.477,1,1.0,28,0.5,38,9,27,0.25,0.75,0
2618,1388398,2023-09-04,24,Nepal,2,India,188,Pallekele International Cricket Stadium,54,28,52,0.5384615384615384,0.2,0.5,195.6111,7.9074,482,283,454,0.6233480176211453,0.5,0.6666666666666666,244.9811,6.4947,0,0.5,4,1.0,0,0,0,0.5,0.5,0
2619,1388401,2023-09-06,12,Bangladesh,30,Pakistan,48,"Gaddafi Stadium, Lahore",290,118,282,0.41843971631205673,0.75,0.625,212.9721,7.6202,376,191,363,0.5261707988980716,0.75,0.6666666666666666,235.5973,7.2907,0,0.5,7,0.8571428571428571,23,4,19,0.17391304347826086,0.8260869565217391,0
2620,1373571,2023-09-07,36,South Africa,3,Australia,338,"Mangaung Oval, Bloemfontein",350,208,332,0.6265060240963856,0.6,0.6,241.0202,6.4075,431,270,408,0.6617647058823529,0.8,0.8,246.5129,6.7741,2,1.0,0,0.5,47,27,19,0.5869565217391305,0.41304347826086957,0
2621,1336052,2023-09-08,5,England,6,New Zealand,281,"Sophia Gardens, Cardiff",401,204,376,0.5425531914893617,0.6,0.3333333333333333,236.797,7.0888,345,180,323,0.5572755417956656,0.2,0.3,232.1131,7.1577,1,1.0,0,0.5,38,16,19,0.45714285714285713,0.5428571428571428,0
2624,1373572,2023-09-09,3,Australia,36,South Africa,338,"Mangaung Oval, Bloemfontein",432,271,409,0.6625916870415648,0.8,0.9,246.4624,6.7746,351,208,333,0.6246246246246246,0.6,0.5,240.9654,6.4179,1,1.0,3,0.6666666666666666,48,20,27,0.425531914893617,0.574468085106383,1
2625,1388403,2023-09-09,7,Sri Lanka,12,Bangladesh,285,"R Premadasa Stadium, Colombo",444,205,420,0.4880952380952381,1.0,0.9,227.777,7.4713,291,118,283,0.4169611307420495,0.5,0.625,212.9028,7.6285,9,0.5555555555555556,0,0.5,39,28,9,0.7567567567567568,0.24324324324324326,1
2626,1336053,2023-09-10,5,England,6,New Zealand,42,"The Rose Bowl, Southampton",402,204,377,0.5411140583554377,0.6,0.3,236.9342,7.0861,346,181,324,0.558641975308642,0.4,0.4,232.3056,7.1424,0,0.5,0,0.5,39,16,20,0.4444444444444444,0.5555555555555556,1
2627,1388406,2023-09-10,2,India,30,Pakistan,285,"R Premadasa Stadium, Colombo",483,284,455,0.6241758241758242,0.75,0.6666666666666666,244.7752,6.4811,377,192,364,0.5274725274725275,0.75,0.6666666666666666,235.4867,7.2793,3,0.6666666666666666,0,0.5,43,24,18,0.5714285714285714,0.42857142857142855,1
2630,1373573,2023-09-12,36,South Africa,3,Australia,350,"Sedgars Park, Potchefstroom",352,208,334,0.6227544910179641,0.6,0.5,241.046,6.4282,433,272,410,0.6634146341463415,0.8,0.9,246.8033,6.7775,0,0.5,0,0.5,49,27,21,0.5625,0.4375,1
2631,1388407,2023-09-12,2,India,7,Sri Lanka,285,"R Premadasa Stadium, Colombo",484,285,456,0.625,0.75,0.6666666666666666,245.0084,6.4717,445,206,421,0.48931116389548696,1.0,1.0,227.844,7.4748,4,0.75,10,0.6,84,56,23,0.7088607594936709,0.2911392405063291,1
2632,1336054,2023-09-13,5,England,6,New Zealand,38,"Kennington Oval, London",403,205,378,0.5423280423280423,0.6,0.4,236.9066,7.0859,347,181,325,0.556923076923077,0.4,0.4,232.0533,7.1509,4,0.75,0,0.5,40,17,20,0.4594594594594595,0.5405405405405406,1
2635,1388410,2023-09-14,30,Pakistan,7,Sri Lanka,285,"R Premadasa Stadium, Colombo",378,192,365,0.5260273972602739,0.5,0.6666666666666666,235.2016,7.2812,446,206,422,0.4881516587677725,0.8,0.9,227.7162,7.4805,1,0.0,11,0.5454545454545454,54,31,21,0.5961538461538461,0.40384615384615385,0
2636,1336055,2023-09-15,5,England,6,New Zealand,4,"Lord's, London",404,206,379,0.5435356200527705,0.6,0.5,237.2368,7.0932,348,181,326,0.5552147239263804,0.4,0.4,231.9204,7.1593,5,0.8,0,0.5,41,18,20,0.47368421052631576,0.5263157894736842,1
2637,1373574,2023-09-15,36,South Africa,3,Australia,23,"SuperSport Park, Centurion",353,209,335,0.6238805970149254,0.6,0.6,241.3238,6.4269,434,272,411,0.6618004866180048,0.8,0.8,246.757,6.785,5,0.0,2,1.0,50,28,21,0.5714285714285714,0.42857142857142855,1
2638,1388412,2023-09-15,12,Bangladesh,2,India,285,"R Premadasa Stadium, Colombo",292,118,284,0.4154929577464789,0.4,0.625,212.9827,7.6367,485,286,457,0.6258205689277899,1.0,0.6666666666666666,244.9414,6.4791,1,0.0,5,0.8,27,6,20,0.23076923076923078,0.7692307692307693,1
2639,1373575,2023-09-17,36,South Africa,3,Australia,295,"The Wanderers Stadium, Johannesburg",354,210,336,0.625,0.6,0.6,241.8229,6.4229,435,272,412,0.6601941747572816,0.6,0.7,246.7692,6.7902,2,1.0,0,0.5,51,29,21,0.58,0.42,1
2640,1388414,2023-09-17,7,Sri Lanka,2,India,285,"R Premadasa Stadium, Colombo",447,207,423,0.48936170212765956,0.8,0.9,227.7717,7.4817,486,286,458,0.6244541484716157,0.75,0.5555555555555556,244.9708,6.4864,12,0.5833333333333334,6,0.6666666666666666,85,23,57,0.2875,0.7125,0
2642,1389388,2023-09-22,3,Australia,2,India,351,"Punjab Cricket Association IS Bindra Stadium, Mohali, Chandigarh",436,272,413,0.6585956416464891,0.4,0.6,246.6442,6.7977,487,287,459,0.6252723311546841,0.8,0.6666666666666666,244.5667,6.4729,0,0.5,0,0.5,77,41,29,0.5857142857142857,0.4142857142857143,0
2643,1336129,2023-09-23,5,England,20,Ireland,3,"Trent Bridge, Nottingham",405,207,380,0.5447368421052632,0.6,0.6,237.4221,7.098,123,43,111,0.38738738738738737,0.6,0.3333333333333333,211.65,7.6833,2,0.5,0,0.5,13,10,2,0.8333333333333334,0.16666666666666666,1
2644,1395701,2023-09-23,6,New Zealand,12,Bangladesh,240,"Shere Bangla National Stadium, Mirpur",350,181,327,0.5535168195718655,0.25,0.2222222222222222,231.5777,7.1584,294,119,285,0.41754385964912283,0.25,0.5714285714285714,213.1621,7.6379,1,0.5,15,0.5714285714285714,31,21,9,0.7,0.3,1
2645,1389389,2023-09-24,2,India,3,Australia,337,"Holkar Cricket Stadium, Indore",488,288,460,0.6260869565217392,0.8,0.7777777777777778,244.6424,6.4699,437,272,414,0.6570048309178744,0.2,0.5,246.7123,6.8051,1,1.0,0,0.5,78,30,41,0.4225352112676056,0.5774647887323944,1
2648,1395702,2023-09-26,12,Bangladesh,6,New Zealand,240,"Shere Bangla National Stadium, Mirpur",295,119,286,0.4160839160839161,0.25,0.5,213.0069,7.646,351,182,328,0.5548780487804879,0.25,0.3333333333333333,231.6433,7.1667,16,0.5333333333333333,2,1.0,32,9,22,0.2903225806451613,0.7096774193548387,0
2649,1389390,2023-09-27,3,Australia,2,India,352,"Saurashtra Cricket Association Stadium, Rajkot",438,272,415,0.655421686746988,0.0,0.4,246.6435,6.8125,489,289,461,0.6268980477223427,0.8,0.7777777777777778,244.9627,6.4668,0,0.5,0,0.5,79,41,31,0.5694444444444444,0.4305555555555556,1
2652,1384392,2023-10-05,5,England,6,New Zealand,298,"Narendra Modi Stadium, Ahmedabad",407,208,381,0.5459317585301837,1.0,0.7777777777777778,237.77,7.0925,352,183,329,0.5562310030395137,0.5,0.4444444444444444,231.4781,7.1545,0,0.5,0,0.5,42,19,20,0.48717948717948717,0.5128205128205128,0
2653,1384393,2023-10-06,30,Pakistan,26,Netherlands,334,"Rajiv Gandhi International Stadium, Uppal, Hyderabad",379,192,366,0.5245901639344263,0.5,0.6666666666666666,235.246,7.2804,59,16,55,0.2909090909090909,0.5,0.4444444444444444,199.3103,8.0172,0,0.5,0,0.5,4,4,0,1.0,0.0,1
2654,1384395,2023-10-07,36,South Africa,7,Sri Lanka,326,"Arun Jaitley Stadium, Delhi",355,211,337,0.6261127596439169,0.6,0.6,242.0313,6.4302,448,207,424,0.4882075471698113,0.6,0.8,227.3667,7.4875,1,0.0,0,0.5,44,27,16,0.627906976744186,0.37209302325581395,1
2656,1384396,2023-10-08,3,Australia,2,India,50,"MA Chidambaram Stadium, Chepauk, Chennai",439,273,416,0.65625,0.2,0.5,246.8868,6.8129,490,289,462,0.6255411255411255,0.6,0.7777777777777778,245.0476,6.4741,1,1.0,2,0.0,80,42,31,0.5753424657534246,0.4246575342465753,0
2657,1384397,2023-10-09,6,New Zealand,26,Netherlands,334,"Rajiv Gandhi International Stadium, Uppal, Hyderabad",353,184,330,0.5575757575757576,0.75,0.5555555555555556,231.6279,7.1366,60,16,56,0.2857142857142857,0.4,0.4444444444444444,199.4068,8.0508,1,0.0,1,0.0,3,3,0,1.0,0.0,1
2658,1384398,2023-10-10,5,England,12,Bangladesh,353,"Himachal Pradesh Cricket Association Stadium, Dharamsala",408,208,382,0.5445026178010471,0.75,0.6666666666666666,237.8803,7.0973,296,119,287,0.4146341463414634,0.25,0.375,212.863,7.6541,0,0.5,0,0.5,22,17,5,0.7727272727272727,0.22727272727272727,1
2659,1384399,2023-10-10,7,Sri Lanka,30,Pakistan,334,"Rajiv Gandhi International Stadium, Uppal, Hyderabad",449,207,425,0.48705882352941177,0.4,0.7,227.5909,7.4932,380,193,367,0.5258855585831063,0.5,0.6666666666666666,235.3799,7.2876,0,0.5,1,1.0,55,22,31,0.41509433962264153,0.5849056603773585,0
2661,1384401,2023-10-12,36,South Africa,3,Australia,324,"Bharat Ratna Shri Atal Bihari Vajpayee Ekana Cricket Stadium, Lucknow",356,212,338,0.6272189349112426,0.8,0.7,242.5597,6.4261,440,273,417,0.6546762589928058,0.2,0.4,246.7765,6.8203,1,1.0,0,0.5,52,30,21,0.5882352941176471,0.4117647058823529,1
2662,1384402,2023-10-13,12,Bangladesh,6,New Zealand,50,"MA Chidambaram Stadium, Chepauk, Chennai",297,119,288,0.4131944444444444,0.25,0.3333333333333333,212.9113,7.6621,354,185,331,0.5589123867069486,1.0,0.6666666666666666,231.8899,7.1362,0,0.5,1,0.5,33,9,23,0.28125,0.71875,0
2664,1384403,2023-10-14,30,Pakistan,2,India,298,"Narendra Modi Stadium, Ahmedabad",381,194,368,0.5271739130434783,0.6,0.6666666666666666,235.6684,7.2789,491,290,463,0.6263498920086393,0.8,0.7777777777777778,244.9566,6.469,0,0.5,3,1.0,44,18,25,0.4186046511627907,0.5813953488372093,0
2665,1384405,2023-10-16,7,Sri Lanka,3,Australia,324,"Bharat Ratna Shri Atal Bihari Vajpayee Ekana Cricket Stadium, Lucknow",450,207,426,0.4859154929577465,0.2,0.6,227.8549,7.4966,441,273,418,0.65311004784689,0.2,0.3,246.6161,6.8276,0,0.5,1,0.0,54,20,32,0.38461538461538464,0.6153846153846154,0
2666,1384406,2023-10-17,26,Netherlands,36,South Africa,353,"Himachal Pradesh Cricket Association Stadium, Dharamsala",61,16,57,0.2807017543859649,0.4,0.4444444444444444,199.8,8.0833,357,213,339,0.6283185840707964,1.0,0.8,242.7535,6.4278,0,0.5,0,0.5,5,0,4,0.0,1.0,1
2668,1384408,2023-10-19,12,Bangladesh,2,India,355,"Maharashtra Cricket Association Stadium, Pune",298,119,289,0.4117647058823529,0.0,0.2222222222222222,213.0204,7.6667,492,291,464,0.6271551724137931,0.8,0.8,244.8474,6.4619,0,0.5,0,0.5,28,7,20,0.25925925925925924,0.7407407407407407,0
2670,1384409,2023-10-20,3,Australia,30,Pakistan,356,"M Chinnaswamy Stadium, Bengaluru",442,274,419,0.6539379474940334,0.4,0.3,246.5436,6.8234,382,194,369,0.5257452574525745,0.4,0.5555555555555556,235.5512,7.2861,0,0.5,0,0.5,38,30,8,0.7894736842105263,0.21052631578947367,1
2671,1384410,2023-10-21,26,Netherlands,7,Sri Lanka,324,"Bharat Ratna Shri Atal Bihari Vajpayee Ekana Cricket Stadium, Lucknow",62,17,58,0.29310344827586204,0.4,0.5555555555555556,200.541,8.082,451,207,427,0.4847775175644028,0.2,0.5,227.8122,7.5023,0,0.5,1,0.0,2,0,2,0.0,1.0,0
2672,1384411,2023-10-21,36,South Africa,5,England,53,"Wankhede Stadium, Mumbai",358,213,340,0.6264705882352941,0.8,0.7,242.6525,6.4379,409,209,383,0.5456919060052219,0.75,0.6666666666666666,238.194,7.102,0,0.5,0,0.5,45,17,22,0.4358974358974359,0.5641025641025641,1
2674,1384412,2023-10-22,6,New Zealand,2,India,353,"Himachal Pradesh Cricket Association Stadium, Dharamsala",355,186,332,0.5602409638554217,1.0,0.6666666666666666,231.9364,7.1214,493,292,465,0.6279569892473118,0.8,0.8,244.8807,6.4547,0,0.5,0,0.5,51,21,25,0.45652173913043476,0.5434782608695652,0
2675,1384414,2023-10-24,36,South Africa,12,Bangladesh,53,"Wankhede Stadium, Mumbai",359,214,341,0.6275659824046921,0.8,0.7,243.093,6.4394,299,119,290,0.4103448275862069,0.0,0.1111111111111111,213.1661,7.6678,1,1.0,0,0.5,17,11,6,0.6470588235294118,0.35294117647058826,1
2676,1384415,2023-10-25,3,Australia,26,Netherlands,326,"Arun Jaitley Stadium, Delhi",443,275,420,0.6547619047619048,0.6,0.3,246.8192,6.8284,63,17,59,0.288135593220339,0.2,0.4444444444444444,201.5323,8.1129,0,0.5,0,0.5,1,1,0,1.0,0.0,1
2677,1384416,2023-10-26,5,England,7,Sri Lanka,356,"M Chinnaswamy Stadium, Bengaluru",410,209,384,0.5442708333333334,0.5,0.5555555555555556,238.0248,7.1067,452,208,428,0.48598130841121495,0.2,0.5,227.8916,7.4966,0,0.5,0,0.5,50,21,25,0.45652173913043476,0.5434782608695652,0
2678,1384417,2023-10-27,30,Pakistan,36,South Africa,50,"MA Chidambaram Stadium, Chepauk, Chennai",383,194,370,0.5243243243243243,0.4,0.4444444444444444,235.733,7.2932,360,215,342,0.6286549707602339,0.8,0.7,243.4831,6.4354,0,0.5,0,0.5,46,19,26,0.4222222222222222,0.5777777777777777,0
2679,1384418,2023-10-28,3,Australia,6,New Zealand,353,"Himachal Pradesh Cricket Association Stadium, Dharamsala",444,276,421,0.6555819477434679,0.6,0.4,247.1667,6.8311,356,186,333,0.5585585585585585,0.8,0.5555555555555556,232.0548,7.1297,0,0.5,1,0.0,50,33,13,0.717391304347826,0.2826086956521739,1
2680,1384419,2023-10-28,26,Netherlands,12,Bangladesh,331,"Eden Gardens, Kolkata",64,17,60,0.2833333333333333,0.2,0.3333333333333333,199.7619,8.1429,300,119,291,0.40893470790378006,0.0,0.1111111111111111,213.2331,7.6757,0,0.5,0,0.5,1,0,1,0.0,1.0,1
2681,1384420,2023-10-29,2,India,5,England,324,"Bharat Ratna Shri Atal Bihari Vajpayee Ekana Cricket Stadium, Lucknow",494,293,466,0.628755364806867,0.8,0.8,244.9405,6.4538,411,209,385,0.5428571428571428,0.25,0.5555555555555556,237.8218,7.1139,1,0.0,0,0.5,59,35,21,0.625,0.375,1
2682,1384422,2023-10-31,12,Bangladesh,30,Pakistan,331,"Eden Gardens, Kolkata",301,119,292,0.4075342465753425,0.0,0.1111111111111111,212.9933,7.6835,384,194,371,0.522911051212938,0.4,0.4444444444444444,235.8225,7.3003,1,0.0,0,0.5,24,4,20,0.16666666666666666,0.8333333333333334,0
2683,1384423,2023-11-01,36,South Africa,6,New Zealand,355,"Maharashtra Cricket Association Stadium, Pune",361,216,343,0.6297376093294461,0.8,0.8,243.5602,6.4426,357,186,334,0.5568862275449101,0.6,0.5555555555555556,232.4885,7.1351,0,0.5,0,0.5,32,17,13,0.5666666666666667,0.43333333333333335,1
2684,1384424,2023-11-02,2,India,7,Sri Lanka,53,"Wankhede Stadium, Mumbai",495,294,467,0.6295503211991434,1.0,0.8,244.9078,6.459,453,209,429,0.48717948717948717,0.4,0.5,227.7387,7.4842,2,0.5,0,0.5,86,58,23,0.7160493827160493,0.2839506172839506,1
2685,1384426,2023-11-04,6,New Zealand,30,Pakistan,356,"M Chinnaswamy Stadium, Bengaluru",358,186,335,0.5552238805970149,0.4,0.5555555555555556,232.3009,7.1433,385,195,372,0.5241935483870968,0.4,0.4444444444444444,235.7422,7.2891,0,0.5,1,0.0,44,26,16,0.6190476190476191,0.38095238095238093,0
2686,1384427,2023-11-04,3,Australia,5,England,298,"Narendra Modi Stadium, Ahmedabad",445,277,422,0.6563981042654028,0.8,0.5,247.4875,6.8383,412,209,386,0.5414507772020726,0.2,0.5555555555555556,237.5531,7.121,0,0.5,1,0.0,80,47,30,0.6103896103896104,0.38961038961038963,1
2688,1384428,2023-11-05,2,India,36,South Africa,331,"Eden Gardens, Kolkata",496,295,468,0.6303418803418803,1.0,0.9,245.137,6.4622,362,217,344,0.6308139534883721,0.8,0.9,243.8771,6.4358,1,1.0,0,0.5,43,20,21,0.4878048780487805,0.5121951219512195,1
2689,1384429,2023-11-06,7,Sri Lanka,12,Bangladesh,326,"Arun Jaitley Stadium, Delhi",454,209,430,0.48604651162790696,0.4,0.4,227.3506,7.4899,302,119,293,0.4061433447098976,0.0,0.1111111111111111,212.9631,7.6913,1,0.0,0,0.5,40,29,9,0.7631578947368421,0.23684210526315788,0
2691,1384431,2023-11-08,5,England,26,Netherlands,355,"Maharashtra Cricket Association Stadium, Pune",413,209,387,0.5400516795865633,0.2,0.4444444444444444,237.5911,7.1281,65,18,61,0.29508196721311475,0.4,0.4,200.2188,8.1719,0,0.5,0,0.5,5,5,0,1.0,0.0,1
2692,1384432,2023-11-09,7,Sri Lanka,6,New Zealand,356,"M Chinnaswamy Stadium, Bengaluru",455,209,431,0.48491879350348027,0.4,0.3,227.4664,7.4955,359,186,336,0.5535714285714286,0.2,0.5555555555555556,232.7829,7.14,1,1.0,1,0.0,44,17,22,0.4358974358974359,0.5641025641025641,0
2694,1384434,2023-11-11,12,Bangladesh,3,Australia,355,"Maharashtra Cricket Association Stadium, Pune",303,120,294,0.40816326530612246,0.2,0.1111111111111111,213.194,7.689,446,278,423,0.6572104018912529,1.0,0.6,247.575,6.8455,1,0.0,0,0.5,18,1,16,0.058823529411764705,0.9411764705882353,0
2695,1384435,2023-11-11,5,England,30,Pakistan,331,"Eden Gardens, Kolkata",414,210,388,0.5412371134020618,0.2,0.4444444444444444,237.8403,7.1327,386,196,373,0.5254691689008043,0.4,0.5,235.6494,7.2727,0,0.5,1,1.0,40,28,10,0.7368421052631579,0.2631578947368421,1
2696,1384436,2023-11-12,2,India,26,Netherlands,356,"M Chinnaswamy Stadium, Bengaluru",497,296,469,0.6311300639658849,1.0,0.9,245.302,6.4592,66,18,62,0.2903225806451613,0.4,0.4,199.8923,8.2,0,0.5,0,0.5,2,2,0,1.0,0.0,1
2697,1384437,2023-11-15,2,India,6,New Zealand,53,"Wankhede Stadium, Mumbai",498,297,470,0.6319148936170212,1.0,0.9,245.6375,6.4542,360,187,337,0.5548961424332344,0.2,0.6,232.6097,7.1339,3,0.6666666666666666,0,0.5,52,26,21,0.5531914893617021,0.44680851063829785,1
2698,1384438,2023-11-16,36,South Africa,3,Australia,331,"Eden Gardens, Kolkata",363,217,345,0.6289855072463768,0.8,0.8,243.429,6.4457,447,279,424,0.6580188679245284,1.0,0.7,247.7098,6.8345,1,0.0,0,0.5,53,31,21,0.5961538461538461,0.40384615384615385,0
2699,1384439,2023-11-19,2,India,3,Australia,298,"Narendra Modi Stadium, Ahmedabad",499,298,471,0.6326963906581741,1.0,0.9,245.9451,6.4492,448,280,425,0.6588235294117647,1.0,0.8,247.6357,6.8348,4,1.0,1,1.0,81,32,42,0.43243243243243246,0.5675675675675675,0
2700,1373576,2023-12-03,5,England,44,West Indies,283,"Sir Vivian Richards Stadium, North Sound, Antigua",415,211,389,0.5424164524421594,0.4,0.4444444444444444,238.0833,7.1373,357,131,336,0.3898809523809524,0.4,0.4444444444444444,216.9717,7.5921,0,0.5,0,0.5,37,24,11,0.6857142857142857,0.3142857142857143,0
2701,1373577,2023-12-06,44,West Indies,5,England,283,"Sir Vivian Richards Stadium, North Sound, Antigua",358,132,337,0.3916913946587537,0.4,0.4444444444444444,217.2797,7.5876,416,211,390,0.541025641025641,0.4,0.3333333333333333,238.2958,7.1443,1,1.0,1,0.0,38,12,24,0.3333333333333333,0.6666666666666666,0
2702,1373578,2023-12-09,5,England,44,West Indies,35,"Kensington Oval, Bridgetown, Barbados",417,212,391,0.5421994884910486,0.6,0.4,238.2171,7.1366,359,132,338,0.3905325443786982,0.4,0.3333333333333333,217.2366,7.5944,0,0.5,9,0.3333333333333333,39,25,12,0.6756756756756757,0.32432432432432434,0
2706,1408107,2023-12-15,46,Zimbabwe,20,Ireland,16,Harare Sports Club,265,59,252,0.23412698412698413,0.5,0.7777777777777778,203.1379,8.2759,126,43,112,0.38392857142857145,0.6666666666666666,0.375,212.2645,7.7025,86,0.3333333333333333,11,0.4444444444444444,17,6,7,0.46153846153846156,0.5384615384615384,0
2708,1387600,2023-12-17,36,South Africa,2,India,295,"The Wanderers Stadium, Johannesburg",364,217,346,0.6271676300578035,0.6,0.7,243.3417,6.4556,500,298,472,0.6313559322033898,0.8,0.9,245.9331,6.4564,3,1.0,0,0.5,44,21,21,0.5,0.5,0
2709,1408102,2023-12-17,6,New Zealand,12,Bangladesh,300,"University Oval, Dunedin",361,187,338,0.5532544378698225,0.2,0.5,232.8778,7.142,304,120,295,0.4067796610169492,0.2,0.1,213.5033,7.69,0,0.5,0,0.5,34,24,9,0.7272727272727273,0.2727272727272727,1
2710,1408108,2023-12-17,46,Zimbabwe,20,Ireland,16,Harare Sports Club,266,59,253,0.233201581027668,0.25,0.6666666666666666,202.9962,8.2824,127,44,113,0.3893805309734513,0.6666666666666666,0.5,211.918,7.6885,87,0.32941176470588235,12,0.5,18,6,8,0.42857142857142855,0.5714285714285714,0
2712,1387601,2023-12-19,2,India,36,South Africa,357,"St George's Park, Gqeberha",501,299,473,0.6321353065539113,0.8,0.9,245.6721,6.4474,365,217,347,0.6253602305475504,0.4,0.6,242.9889,6.4654,0,0.5,0,0.5,45,22,21,0.5116279069767442,0.4883720930232558,0
2713,1388211,2023-12-20,12,Bangladesh,6,New Zealand,358,"Saxton Oval, Nelson",305,120,296,0.40540540540540543,0.2,0.1,213.4585,7.6944,362,188,339,0.5545722713864307,0.4,0.5,232.8952,7.1416,0,0.5,0,0.5,35,9,25,0.2647058823529412,0.7352941176470589,0
2715,1387602,2023-12-21,2,India,36,South Africa,294,"Boland Park, Paarl",502,299,474,0.630801687763713,0.6,0.8,245.602,6.4545,366,218,348,0.6264367816091954,0.4,0.6,242.9116,6.453,2,0.0,2,1.0,46,22,22,0.5,0.5,1
2716,1388212,2023-12-23,6,New Zealand,12,Bangladesh,5,"McLean Park, Napier",363,189,340,0.5558823529411765,0.6,0.5,233.0734,7.1299,306,120,297,0.40404040404040403,0.2,0.1,213.7152,7.702,1,1.0,0,0.5,36,26,9,0.7428571428571429,0.2571428571428571,0
2722,1412540,2024-01-08,46,Zimbabwe,7,Sri Lanka,285,"R Premadasa Stadium, Colombo",268,59,254,0.23228346456692914,0.0,0.5,202.25,8.2652,457,209,432,0.4837962962962963,0.25,0.2222222222222222,227.442,7.5045,1,0.5,14,0.5384615384615384,30,7,21,0.25,0.75,0
2723,1412541,2024-01-11,46,Zimbabwe,7,Sri Lanka,285,"R Premadasa Stadium, Colombo",269,59,255,0.23137254901960785,0.0,0.375,202.2717,8.2717,458,210,433,0.48498845265588914,0.25,0.3333333333333333,227.4053,7.5056,2,0.0,15,0.5714285714285714,31,7,22,0.2413793103448276,0.7586206896551724,0
2727,1375847,2024-02-02,44,West Indies,3,Australia,14,Melbourne Cricket Ground,360,133,339,0.39233038348082594,0.6,0.4444444444444444,217.1629,7.5899,449,281,426,0.6596244131455399,1.0,0.8,247.6208,6.8284,3,0.0,33,0.6875,39,8,28,0.2222222222222222,0.7777777777777778,0
2729,1375848,2024-02-04,3,Australia,44,West Indies,9,Sydney Cricket Ground,450,282,427,0.6604215456674473,1.0,0.9,247.5856,6.8176,361,133,340,0.3911764705882353,0.4,0.4,217.2017,7.5966,43,0.7435897435897436,3,0.0,40,29,8,0.7837837837837838,0.21621621621621623,1
2730,1375849,2024-02-06,44,West Indies,3,Australia,296,"Manuka Oval, Canberra",362,133,341,0.39002932551319647,0.4,0.4,217.0838,7.6034,451,283,428,0.6612149532710281,1.0,1.0,247.609,6.8225,0,0.5,0,0.5,41,8,30,0.21052631578947367,0.7894736842105263,0
2732,1420220,2024-02-08,24,Nepal,14,Canada,306,"Tribhuvan University International Cricket Ground, Kirtipur",55,28,53,0.5283018867924528,0.2,0.4,196.2364,7.9455,37,10,36,0.2777777777777778,0.4,0.2222222222222222,178.7297,8.4054,15,0.8,0,0.5,0,0,0,0.5,0.5,1
2734,1420221,2024-02-10,14,Canada,24,Nepal,306,"Tribhuvan University International Cricket Ground, Kirtipur",38,10,37,0.2702702702702703,0.4,0.2222222222222222,179.7368,8.4474,56,29,54,0.5370370370370371,0.4,0.4,196.7321,7.9821,1,0.0,16,0.8125,1,0,1,0.0,1.0,0
2735,1420222,2024-02-12,14,Canada,24,Nepal,306,"Tribhuvan University International Cricket Ground, Kirtipur",39,10,38,0.2631578947368421,0.2,0.2222222222222222,182.4359,8.4615,57,30,55,0.5454545454545454,0.4,0.4,198.3158,7.9474,2,0.0,17,0.8235294117647058,2,0,2,0.0,1.0,0
2736,1420529,2024-02-15,24,Nepal,23,Namibia,306,"Tribhuvan University International Cricket Ground, Kirtipur",58,31,56,0.5535714285714286,0.6,0.5,198.8448,7.8276,44,21,43,0.4883720930232558,0.6,0.3,200.3182,7.75,18,0.8333333333333334,4,0.0,6,2,3,0.4,0.6,0
2737,1420530,2024-02-17,26,Netherlands,24,Nepal,306,"Tribhuvan University International Cricket Ground, Kirtipur",67,18,63,0.2857142857142857,0.2,0.3,200.6515,8.2273,59,31,57,0.543859649122807,0.6,0.4,197.7119,7.8644,0,0.5,19,0.7894736842105263,1,1,0,1.0,0.0,0
2738,1420531,2024-02-19,23,Namibia,26,Netherlands,306,"Tribhuvan University International Cricket Ground, Kirtipur",45,22,44,0.5,0.6,0.4,198.8444,7.7111,68,18,64,0.28125,0.2,0.2,199.7015,8.2537,5,0.2,1,0.0,1,0,1,0.0,1.0,0
2739,1420532,2024-02-21,24,Nepal,23,Namibia,306,"Tribhuvan University International Cricket Ground, Kirtipur",60,32,58,0.5517241379310345,0.8,0.5,196.7667,7.75,46,22,45,0.4888888888888889,0.6,0.4,197.1957,7.7609,20,0.8,6,0.16666666666666666,7,2,4,0.3333333333333333,0.6666666666666666,0
2740,1420533,2024-02-23,23,Namibia,26,Netherlands,306,"Tribhuvan University International Cricket Ground, Kirtipur",47,23,46,0.5,0.6,0.5,196.6596,7.766,69,19,65,0.2923076923076923,0.4,0.3,198.5882,8.1765,7,0.2857142857142857,2,0.5,2,0,2,0.0,1.0,1
2741,1420534,2024-02-25,24,Nepal,26,Netherlands,306,"Tribhuvan University International Cricket Ground, Kirtipur",61,32,59,0.5423728813559322,0.6,0.5,196.2951,7.7869,70,19,66,0.2878787878787879,0.2,0.3,198.3043,8.2029,21,0.7619047619047619,3,0.3333333333333333,2,1,1,0.5,0.5,0
2742,1421069,2024-02-28,40,United Arab Emirates,14,Canada,185,Dubai International Cricket Stadium,89,32,88,0.36363636363636365,0.2,0.1,202.0674,8.2584,40,10,39,0.2564102564102564,0.2,0.2,183.675,8.45,11,0.5454545454545454,0,0.5,1,1,0,1.0,0.0,0
2743,1421070,2024-03-01,34,Scotland,14,Canada,185,Dubai International Cricket Stadium,88,42,83,0.5060240963855421,0.6,0.6,210.9773,7.5795,41,11,40,0.275,0.4,0.3,184.0244,8.4146,6,0.6666666666666666,1,1.0,2,1,1,0.5,0.5,0
2744,1421071,2024-03-03,40,United Arab Emirates,34,Scotland,185,Dubai International Cricket Stadium,90,32,89,0.3595505617977528,0.2,0.1,201.9778,8.2778,89,42,84,0.5,0.4,0.6,211.0225,7.5843,12,0.5,7,0.5714285714285714,12,4,8,0.3333333333333333,0.6666666666666666,0
2745,1421072,2024-03-05,14,Canada,40,United Arab Emirates,185,Dubai International Cricket Stadium,42,12,41,0.2926829268292683,0.4,0.4,184.881,8.2857,91,32,90,0.35555555555555557,0.2,0.1,201.2088,8.2967,2,1.0,13,0.46153846153846156,2,1,1,0.5,0.5,1
2746,1421073,2024-03-07,34,Scotland,14,Canada,185,Dubai International Cricket Stadium,90,43,85,0.5058823529411764,0.6,0.6,210.2,7.5222,43,13,42,0.30952380952380953,0.6,0.5,186.186,8.2326,8,0.625,3,1.0,3,1,2,0.3333333333333333,0.6666666666666666,0
2747,1419827,2024-03-13,7,Sri Lanka,12,Bangladesh,329,"Zahur Ahmed Chowdhury Stadium, Chattogram",459,211,434,0.4861751152073733,0.5,0.4444444444444444,227.1156,7.4933,307,121,298,0.40604026845637586,0.4,0.2,213.3366,7.6799,0,0.5,2,0.5,41,29,10,0.7435897435897436,0.2564102564102564,0
2748,1419828,2024-03-15,12,Bangladesh,7,Sri Lanka,329,"Zahur Ahmed Chowdhury Stadium, Chattogram",308,122,299,0.4080267558528428,0.4,0.3,213.4803,7.6678,460,211,435,0.4850574712643678,0.5,0.4444444444444444,227.1774,7.4989,3,0.6666666666666666,1,0.0,42,11,29,0.275,0.725,0
2749,1419829,2024-03-18,7,Sri Lanka,12,Bangladesh,329,"Zahur Ahmed Chowdhury Stadium, Chattogram",461,212,436,0.48623853211009177,0.75,0.5555555555555556,227.3097,7.4978,309,122,300,0.4066666666666667,0.4,0.3,213.718,7.6656,2,0.5,4,0.5,43,30,11,0.7317073170731707,0.2682926829268293,0
2780,1428957,2024-07-18,28,Oman,23,Namibia,360,"Forthill, Dundee",45,21,42,0.5,0.0,0.2222222222222222,212.5909,7.3409,48,24,47,0.5106382978723404,0.8,0.6,196.7917,7.8125,1,0.5,0,0.5,6,1,5,0.16666666666666666,0.8333333333333334,0
2781,1428958,2024-07-20,34,Scotland,23,Namibia,360,"Forthill, Dundee",92,43,86,0.5,0.25,0.5555555555555556,208.8478,7.4891,49,25,48,0.5208333333333334,0.8,0.7,197.551,7.7347,1,0.5,1,1.0,5,4,1,0.8,0.2,1
2782,1428959,2024-07-22,28,Oman,34,Scotland,360,"Forthill, Dundee",46,21,43,0.4883720930232558,0.0,0.2222222222222222,213.0444,7.3556,93,44,87,0.5057471264367817,0.5,0.5555555555555556,209.7204,7.5054,2,0.0,2,1.0,8,1,5,0.16666666666666666,0.8333333333333334,0
2783,1428960,2024-07-24,23,Namibia,28,Oman,360,"Forthill, Dundee",50,25,49,0.5102040816326531,0.6,0.6,198.3,7.76,47,21,44,0.4772727272727273,0.0,0.2222222222222222,210.3913,7.413,2,0.5,3,0.0,7,6,1,0.8571428571428571,0.14285714285714285,0
2784,1428961,2024-07-26,34,Scotland,23,Namibia,360,"Forthill, Dundee",94,45,88,0.5113636363636364,0.75,0.5555555555555556,208.5,7.4468,51,25,50,0.5,0.6,0.6,198.2549,7.7843,3,1.0,3,0.3333333333333333,6,5,1,0.8333333333333334,0.16666666666666666,1
2786,1442991,2024-08-04,7,Sri Lanka,2,India,285,"R Premadasa Stadium, Colombo",463,212,437,0.4851258581235698,0.5,0.375,227.3326,7.5044,504,300,475,0.631578947368421,0.5,0.7777777777777778,245.672,6.4648,17,0.6,8,0.7142857142857143,88,23,59,0.2804878048780488,0.7195121951219512,1
2789,1442992,2024-08-07,7,Sri Lanka,2,India,285,"R Premadasa Stadium, Colombo",464,213,438,0.4863013698630137,0.5,0.5,227.3604,7.5077,505,300,476,0.6302521008403361,0.5,0.6666666666666666,245.5964,6.4719,18,0.625,9,0.625,89,24,59,0.2891566265060241,0.7108433734939759,1
2793,1445034,2024-08-11,14,Canada,26,Netherlands,318,"Sportpark Westvliet, The Hague",44,14,43,0.32558139534883723,0.8,0.5,186.5,8.1591,71,20,67,0.29850746268656714,0.4,0.4,197.9429,8.1143,0,0.5,0,0.5,4,0,3,0.0,1.0,0
2795,1445035,2024-08-13,42,United States of America,14,Canada,318,"Sportpark Westvliet, The Hague",48,21,46,0.45652173913043476,0.0,0.3,209.9375,8.3958,45,14,44,0.3181818181818182,0.8,0.5,186.6667,8.2,0,0.5,1,0.0,1,0,1,0.0,1.0,1
2796,1445036,2024-08-15,26,Netherlands,42,United States of America,318,"Sportpark Westvliet, The Hague",72,21,68,0.3088235294117647,0.6,0.4,197.9014,8.0704,49,22,47,0.46808510638297873,0.2,0.4,211.8571,8.3061,1,1.0,1,1.0,1,1,0,1.0,0.0,1
2798,1445037,2024-08-17,26,Netherlands,14,Canada,274,"Hazelaarweg, Rotterdam",73,22,69,0.3188405797101449,0.8,0.5,198.4444,8.0556,46,14,45,0.3111111111111111,0.6,0.5,188.913,8.2174,5,0.2,0,0.5,5,4,0,1.0,0.0,1
2800,1445038,2024-08-19,42,United States of America,14,Canada,274,"Hazelaarweg, Rotterdam",50,22,48,0.4583333333333333,0.2,0.3,211.98,8.34,47,14,46,0.30434782608695654,0.4,0.4,188.234,8.2553,0,0.5,1,0.0,2,1,1,0.5,0.5,1
2802,1445039,2024-08-21,26,Netherlands,42,United States of America,274,"Hazelaarweg, Rotterdam",74,23,70,0.32857142857142857,0.8,0.6,198.7397,8.0822,51,23,49,0.46938775510204084,0.4,0.3,213.2157,8.3333,6,0.3333333333333333,1,1.0,2,2,0,1.0,0.0,1
2806,1450690,2024-09-16,23,Namibia,42,United States of America,328,"United Cricket Club Ground, Windhoek",52,25,51,0.49019607843137253,0.4,0.5,197.5769,7.8269,52,23,50,0.46,0.4,0.2,212.5577,8.3654,5,0.5,2,1.0,6,3,3,0.5,0.5,0
2807,1450696,2024-09-16,14,Canada,24,Nepal,361,"Maple Leaf North-West Ground, King City",48,14,47,0.2978723404255319,0.2,0.4,189.0,8.2917,62,32,60,0.5333333333333333,0.4,0.4,195.9032,7.8226,0,0.5,0,0.5,3,0,3,0.0,1.0,1
2808,1450691,2024-09-18,40,United Arab Emirates,42,United States of America,328,"United Cricket Club Ground, Windhoek",92,32,91,0.3516483516483517,0.2,0.1,201.5,8.2935,53,24,51,0.47058823529411764,0.6,0.3,212.3208,8.283,2,0.5,3,1.0,7,2,5,0.2857142857142857,0.7142857142857143,0
2809,1450697,2024-09-18,24,Nepal,28,Oman,361,"Maple Leaf North-West Ground, King City",63,32,61,0.5245901639344263,0.2,0.4,195.1746,7.8571,48,22,45,0.4888888888888889,0.25,0.2222222222222222,210.1064,7.383,1,0.0,0,0.5,7,3,4,0.42857142857142855,0.5714285714285714,0
2810,1385700,2024-09-19,5,England,3,Australia,3,"Trent Bridge, Nottingham",418,212,392,0.5408163265306123,0.6,0.4,238.1387,7.1411,452,284,429,0.662004662004662,1.0,1.0,247.2489,6.8117,3,0.6666666666666666,0,0.5,81,30,48,0.38461538461538464,0.6153846153846154,0
2811,1450692,2024-09-20,23,Namibia,40,United Arab Emirates,328,"United Cricket Club Ground, Windhoek",53,25,52,0.4807692307692308,0.2,0.5,197.6038,7.8491,93,32,92,0.34782608695652173,0.2,0.1,200.4731,8.3118,6,0.4,3,0.3333333333333333,7,1,6,0.14285714285714285,0.8571428571428571,0
2812,1450698,2024-09-20,14,Canada,28,Oman,361,"Maple Leaf North-West Ground, King City",49,15,48,0.3125,0.2,0.5,190.3061,8.2857,49,23,46,0.5,0.5,0.2222222222222222,210.375,7.4167,1,1.0,1,1.0,0,0,0,0.5,0.5,1
2813,1385701,2024-09-21,3,Australia,5,England,40,"Headingley, Leeds",453,285,430,0.6627906976744186,1.0,1.0,247.4049,6.8031,419,212,393,0.539440203562341,0.4,0.3,238.3252,7.1481,0,0.5,2,0.5,82,49,30,0.620253164556962,0.379746835443038,1
2814,1450693,2024-09-22,23,Namibia,42,United States of America,328,"United Cricket Club Ground, Windhoek",54,25,53,0.4716981132075472,0.0,0.4,199.7407,7.8889,54,25,52,0.4807692307692308,0.6,0.4,210.3704,8.1296,7,0.3333333333333333,4,1.0,7,3,4,0.42857142857142855,0.5714285714285714,0
2815,1450699,2024-09-22,24,Nepal,14,Canada,361,"Maple Leaf North-West Ground, King City",64,32,62,0.5161290322580645,0.2,0.4,195.5625,7.875,50,16,49,0.32653061224489793,0.4,0.6,192.02,8.28,2,0.0,2,1.0,4,3,1,0.75,0.25,0
2816,1385702,2024-09-24,3,Australia,5,England,278,"Riverside Ground, Chester-le-Street",454,286,431,0.6635730858468677,1.0,1.0,247.4554,6.8103,420,212,394,0.5380710659898477,0.2,0.3,238.2373,7.155,0,0.5,2,0.5,83,50,30,0.625,0.375,0
2817,1450694,2024-09-24,42,United States of America,40,United Arab Emirates,328,"United Cricket Club Ground, Windhoek",55,26,53,0.49056603773584906,0.8,0.5,211.7636,8.0364,94,33,93,0.3548387096774194,0.2,0.2,201.7021,8.3191,5,1.0,4,0.5,8,6,2,0.75,0.25,1
2818,1450695,2024-09-26,40,United Arab Emirates,23,Namibia,292,"Wanderers Cricket Ground, Windhoek",95,33,94,0.35106382978723405,0.2,0.2,201.7158,8.3368,55,25,54,0.46296296296296297,0.0,0.3,201.3091,7.9091,3,1.0,8,0.75,8,7,1,0.875,0.125,0
2819,1450701,2024-09-26,28,Oman,14,Canada,361,"Maple Leaf North-West Ground, King City",50,23,47,0.48936170212765956,0.4,0.2222222222222222,210.5102,7.4694,51,17,50,0.34,0.6,0.6,191.902,8.2157,2,0.5,3,1.0,1,0,1,0.0,1.0,0
2820,1385703,2024-09-27,5,England,3,Australia,4,"Lord's, London",421,213,395,0.5392405063291139,0.4,0.4,238.2754,7.1473,455,286,432,0.6620370370370371,0.8,0.9,247.5813,6.8107,6,0.8333333333333334,0,0.5,84,31,50,0.38271604938271603,0.6172839506172839,1
2821,1385704,2024-09-29,5,England,3,Australia,277,"County Ground, Bristol",422,214,396,0.5404040404040404,0.4,0.5,238.453,7.1422,456,286,433,0.6605080831408776,0.6,0.8,247.3111,6.8178,2,0.5,0,0.5,85,32,50,0.3902439024390244,0.6097560975609756,0
2822,1431088,2024-10-02,36,South Africa,20,Ireland,362,"Zayed Cricket Stadium, Abu Dhabi",367,218,349,0.6246418338108882,0.2,0.5,242.843,6.4628,128,45,114,0.39473684210526316,0.6666666666666666,0.625,211.8537,7.6504,0,0.5,0,0.5,8,6,1,0.8571428571428571,0.14285714285714285,1
2823,1431089,2024-10-04,36,South Africa,20,Ireland,362,"Zayed Cricket Stadium, Abu Dhabi",368,219,350,0.6257142857142857,0.4,0.6,242.9203,6.4698,129,45,115,0.391304347826087,0.6666666666666666,0.625,211.2097,7.6694,1,1.0,1,0.0,9,7,1,0.875,0.125,1
2824,1431090,2024-10-07,20,Ireland,36,South Africa,362,"Zayed Cricket Stadium, Abu Dhabi",130,45,116,0.3879310344827586,0.5,0.625,210.872,7.688,369,220,351,0.6267806267806267,0.6,0.6,243.1945,6.463,2,0.0,2,1.0,10,1,8,0.1111111111111111,0.8888888888888888,1
2826,1451817,2024-10-20,44,West Indies,7,Sri Lanka,188,Pallekele International Cricket Stadium,363,133,342,0.3888888888888889,0.2,0.3,216.7187,7.61,465,214,439,0.4874715261958998,0.75,0.625,227.4057,7.5066,2,0.0,29,0.5172413793103449,28,9,17,0.34615384615384615,0.6538461538461539,0
2828,1451818,2024-10-23,44,West Indies,7,Sri Lanka,188,Pallekele International Cricket Stadium,364,133,343,0.3877551020408163,0.2,0.3,216.6306,7.6,466,215,440,0.48863636363636365,0.75,0.75,227.4201,7.5011,3,0.0,30,0.5333333333333333,29,9,18,0.3333333333333333,0.6666666666666666,0
2831,1450702,2024-10-25,42,United States of America,34,Scotland,363,"Grand Prairie Stadium, Dallas",56,27,54,0.5,0.8,0.6,214.0357,7.9643,95,46,89,0.5168539325842697,0.75,0.6666666666666666,209.4737,7.4316,0,0.5,0,0.5,6,3,3,0.5,0.5,0
2832,1451819,2024-10-26,7,Sri Lanka,44,West Indies,188,Pallekele International Cricket Stadium,467,216,441,0.4897959183673469,1.0,0.7777777777777778,227.3384,7.4956,365,133,344,0.3866279069767442,0.0,0.3,216.554,7.6066,31,0.5483870967741935,4,0.0,30,19,9,0.6785714285714286,0.32142857142857145,0
2836,1450704,2024-10-29,34,Scotland,24,Nepal,363,"Grand Prairie Stadium, Dallas",96,47,90,0.5222222222222223,1.0,0.6666666666666666,208.8021,7.3542,65,32,63,0.5079365079365079,0.0,0.4,195.3385,7.9077,1,1.0,0,0.5,6,3,3,0.5,0.5,0
2838,1433370,2024-10-31,5,England,44,West Indies,283,"Sir Vivian Richards Stadium, North Sound, Antigua",423,214,397,0.5390428211586902,0.4,0.5,238.6226,7.149,366,134,345,0.3884057971014493,0.2,0.3,216.4972,7.5912,2,0.5,2,0.5,40,25,13,0.6578947368421053,0.34210526315789475,0
2839,1450705,2024-10-31,34,Scotland,42,United States of America,363,"Grand Prairie Stadium, Dallas",97,47,91,0.5164835164835165,0.8,0.5555555555555556,208.2371,7.3814,57,27,55,0.4909090909090909,0.8,0.6,212.807,8.0,2,0.5,1,0.0,7,4,3,0.5714285714285714,0.42857142857142855,1
2840,1457464,2024-11-01,40,United Arab Emirates,28,Oman,267,Al Amerat Cricket Ground Oman Cricket (Ministry Turf 1),96,33,95,0.3473684210526316,0.2,0.2,201.5938,8.3542,51,23,48,0.4791666666666667,0.4,0.2222222222222222,210.26,7.48,6,0.8,10,0.5,8,3,4,0.42857142857142855,0.5714285714285714,0
2841,1433371,2024-11-02,44,West Indies,5,England,283,"Sir Vivian Richards Stadium, North Sound, Antigua",367,135,346,0.3901734104046243,0.4,0.4,216.3333,7.5758,424,214,398,0.5376884422110553,0.4,0.4,238.5516,7.1559,3,0.6666666666666666,3,0.3333333333333333,41,14,25,0.358974358974359,0.6410256410256411,0
2842,1450706,2024-11-02,42,United States of America,24,Nepal,363,"Grand Prairie Stadium, Dallas",58,27,56,0.48214285714285715,0.6,0.6,213.3793,8.0345,66,33,64,0.515625,0.2,0.4,194.7576,7.8636,2,0.0,1,1.0,6,1,4,0.2,0.8,1
2843,1457465,2024-11-03,40,United Arab Emirates,26,Netherlands,267,Al Amerat Cricket Ground Oman Cricket (Ministry Turf 1),97,33,96,0.34375,0.2,0.2,200.8351,8.3711,75,24,71,0.3380281690140845,1.0,0.6,198.8378,8.1081,7,0.6666666666666666,0,0.5,0,0,0,0.5,0.5,1
2844,1426549,2024-11-04,30,Pakistan,3,Australia,14,Melbourne Cricket Ground,387,196,374,0.5240641711229946,0.4,0.4,235.671,7.2798,457,287,434,0.6612903225806451,0.6,0.8,247.1286,6.8071,2,0.5,34,0.696969696969697,39,8,31,0.20512820512820512,0.7948717948717948,0
2846,1457466,2024-11-05,26,Netherlands,28,Oman,267,Al Amerat Cricket Ground Oman Cricket (Ministry Turf 1),76,24,72,0.3333333333333333,0.8,0.6,199.04,8.1333,52,24,49,0.4897959183673469,0.6,0.3333333333333333,208.6667,7.4118,1,0.0,11,0.5555555555555556,1,1,0,1.0,0.0,0
2847,1433372,2024-11-06,5,England,44,West Indies,35,"Kensington Oval, Bridgetown, Barbados",425,215,399,0.5388471177944862,0.6,0.4,238.7679,7.1507,368,135,347,0.38904899135446686,0.4,0.3,216.6401,7.5714,1,0.0,10,0.4,42,26,14,0.65,0.35,0
2848,1457467,2024-11-07,40,United Arab Emirates,28,Oman,267,Al Amerat Cricket Ground Oman Cricket (Ministry Turf 1),98,34,97,0.35051546391752575,0.4,0.3,201.2347,8.3673,53,25,50,0.5,0.6,0.4444444444444444,207.2115,7.3077,8,0.7142857142857143,12,0.6,9,3,5,0.375,0.625,0
2849,1426550,2024-11-08,3,Australia,30,Pakistan,13,Adelaide Oval,458,288,435,0.6620689655172414,0.6,0.8,247.0332,6.8097,388,196,375,0.5226666666666666,0.4,0.4,235.5866,7.2868,23,0.6956521739130435,5,0.2,40,32,8,0.8,0.2,0
2850,1457468,2024-11-09,26,Netherlands,40,United Arab Emirates,267,Al Amerat Cricket Ground Oman Cricket (Ministry Turf 1),77,24,73,0.3287671232876712,0.6,0.6,198.1579,8.1579,99,34,98,0.3469387755102041,0.2,0.2,199.9899,8.3838,2,0.0,9,0.625,1,0,1,0.0,1.0,1
2851,1426551,2024-11-10,3,Australia,30,Pakistan,241,Perth Stadium,459,288,436,0.6605504587155964,0.4,0.7,246.8477,6.8168,389,197,376,0.523936170212766,0.6,0.5,235.4149,7.2706,2,0.0,0,0.5,41,32,9,0.7804878048780488,0.21951219512195122,0
2852,1457469,2024-11-11,28,Oman,26,Netherlands,267,Al Amerat Cricket Ground Oman Cricket (Ministry Turf 1),54,26,51,0.5098039215686274,0.6,0.5555555555555556,204.7925,7.283,78,25,74,0.33783783783783783,0.6,0.7,198.7143,8.1558,13,0.6363636363636364,3,0.3333333333333333,2,1,1,0.5,0.5,1
2853,1456443,2024-11-13,7,Sri Lanka,6,New Zealand,32,Rangiri Dambulla International Stadium,468,216,442,0.48868778280542985,0.8,0.6666666666666666,227.183,7.4858,364,189,341,0.5542521994134897,0.6,0.4,232.693,7.138,36,0.5151515151515151,8,0.5714285714285714,45,17,23,0.425,0.575,1
2854,1456444,2024-11-17,6,New Zealand,7,Sri Lanka,188,Pallekele International Cricket Stadium,365,189,342,0.5526315789473685,0.4,0.3,232.5309,7.1433,469,217,443,0.4898419864559819,0.8,0.6666666666666666,227.3935,7.4804,3,0.3333333333333333,32,0.53125,46,23,18,0.5609756097560976,0.43902439024390244,0
2856,1444649,2024-11-24,46,Zimbabwe,30,Pakistan,29,"Queens Sports Club, Bulawayo",270,59,256,0.23046875,0.0,0.25,201.8722,8.2782,390,198,377,0.5251989389920424,0.6,0.5,235.1774,7.2571,7,0.5,1,0.5,33,2,28,0.06666666666666667,0.9333333333333333,1
2857,1444650,2024-11-26,46,Zimbabwe,30,Pakistan,29,"Queens Sports Club, Bulawayo",271,60,257,0.23346303501945526,0.25,0.25,201.8839,8.2846,391,198,378,0.5238095238095238,0.4,0.4,234.7282,7.2538,8,0.5714285714285714,2,0.0,34,3,28,0.0967741935483871,0.9032258064516129,0
2859,1444651,2024-11-28,30,Pakistan,46,Zimbabwe,29,"Queens Sports Club, Bulawayo",392,199,379,0.525065963060686,0.6,0.5,234.5064,7.2353,272,60,258,0.23255813953488372,0.25,0.125,201.6716,8.291,3,0.5,9,0.5,35,29,3,0.90625,0.09375,1
2866,1433380,2024-12-08,12,Bangladesh,44,West Indies,364,"Warner Park, Basseterre, St Kitts",310,123,301,0.40863787375415284,0.6,0.4,213.7941,7.6601,369,136,348,0.39080459770114945,0.6,0.4,216.7781,7.5562,0,0.5,0,0.5,38,21,16,0.5675675675675675,0.43243243243243246,0
2867,1433381,2024-12-10,12,Bangladesh,44,West Indies,364,"Warner Park, Basseterre, St Kitts",311,123,302,0.40728476821192056,0.6,0.4,214.0554,7.6547,370,137,349,0.39255014326647564,0.8,0.4,216.9918,7.5492,1,0.0,1,1.0,39,21,17,0.5526315789473685,0.4473684210526316,0
2870,1433382,2024-12-12,12,Bangladesh,44,West Indies,364,"Warner Park, Basseterre, St Kitts",312,123,303,0.40594059405940597,0.4,0.4,214.0974,7.6623,371,138,350,0.3942857142857143,0.8,0.5,217.0272,7.5368,2,0.0,2,1.0,40,21,18,0.5384615384615384,0.46153846153846156,0
2871,1432214,2024-12-17,36,South Africa,30,Pakistan,294,"Boland Park, Paarl",370,220,352,0.625,0.6,0.5,243.1175,6.4727,393,200,380,0.5263157894736842,0.8,0.6,234.6811,7.2321,3,0.6666666666666666,0,0.5,47,27,19,0.5869565217391305,0.41304347826086957,0
2872,1432215,2024-12-19,30,Pakistan,36,South Africa,15,"Newlands, Cape Town",394,201,381,0.5275590551181102,0.8,0.7,234.6997,7.2316,371,220,353,0.623229461756374,0.4,0.4,243.1063,6.4796,1,0.0,2,0.5,48,20,27,0.425531914893617,0.574468085106383,1
2874,1432216,2024-12-22,30,Pakistan,36,South Africa,295,"The Wanderers Stadium, Johannesburg",395,202,382,0.5287958115183246,0.8,0.7,234.9391,7.2386,372,220,354,0.6214689265536724,0.4,0.3,243.1196,6.4891,0,0.5,4,0.75,49,21,27,0.4375,0.5625,1
2879,1443546,2025-01-05,7,Sri Lanka,6,New Zealand,303,"Basin Reserve, Wellington",471,218,444,0.49099099099099097,0.75,0.75,227.3557,7.4794,367,189,343,0.5510204081632653,0.25,0.3333333333333333,232.1285,7.1341,0,0.5,0,0.5,48,19,23,0.4523809523809524,0.5476190476190477,0
2880,1443547,2025-01-08,6,New Zealand,7,Sri Lanka,301,"Seddon Park, Hamilton",368,190,344,0.5523255813953488,0.25,0.4444444444444444,231.9833,7.117,472,218,445,0.4898876404494382,0.5,0.75,227.2489,7.4848,4,1.0,1,0.0,49,24,19,0.5581395348837209,0.4418604651162791,1
2882,1443548,2025-01-11,7,Sri Lanka,6,New Zealand,304,"Eden Park, Auckland",473,218,446,0.48878923766816146,0.5,0.6666666666666666,227.0648,7.4903,369,191,345,0.553623188405797,0.5,0.5555555555555556,232.0472,7.1222,1,0.0,2,1.0,50,19,25,0.4318181818181818,0.5681818181818182,1
2891,1439904,2025-02-06,5,England,2,India,367,"Vidarbha Cricket Association Stadium, Jamtha, Nagpur",426,215,400,0.5375,0.4,0.4,238.8258,7.1527,506,300,477,0.6289308176100629,0.25,0.5555555555555556,245.3808,6.479,0,0.5,0,0.5,60,21,36,0.3684210526315789,0.631578947368421,0
2892,1442220,2025-02-08,6,New Zealand,30,Pakistan,48,"Gaddafi Stadium, Lahore",370,191,346,0.5520231213872833,0.5,0.4444444444444444,231.8199,7.1302,396,203,383,0.5300261096605744,1.0,0.7,235.1241,7.243,2,0.0,8,0.875,45,26,17,0.6046511627906976,0.3953488372093023,1
2893,1468879,2025-02-08,42,United States of America,23,Namibia,267,Al Amerat Cricket Ground Oman Cricket (Ministry Turf 1),59,28,57,0.49122807017543857,0.6,0.6,214.5254,8.0339,56,26,55,0.4727272727272727,0.2,0.4,201.1786,7.8036,2,0.0,3,0.3333333333333333,8,5,3,0.625,0.375,1
2894,1439905,2025-02-09,5,England,2,India,55,"Barabati Stadium, Cuttack",427,215,401,0.5361596009975063,0.2,0.3,238.8476,7.1595,507,301,478,0.6297071129707112,0.5,0.5555555555555556,245.392,6.478,0,0.5,1,0.0,61,21,37,0.3620689655172414,0.6379310344827587,0
2895,1442221,2025-02-10,36,South Africa,6,New Zealand,48,"Gaddafi Stadium, Lahore",373,220,355,0.6197183098591549,0.2,0.3,243.1951,6.4986,371,192,347,0.553314121037464,0.75,0.5555555555555556,232.0912,7.1271,2,0.0,3,0.3333333333333333,33,18,13,0.5806451612903226,0.41935483870967744,0
2896,1468880,2025-02-10,23,Namibia,28,Oman,267,Al Amerat Cricket Ground Oman Cricket (Ministry Turf 1),57,26,56,0.4642857142857143,0.2,0.3,200.7895,7.8421,55,27,52,0.5192307692307693,0.8,0.6,203.8704,7.3333,4,0.25,14,0.6666666666666666,8,6,2,0.75,0.25,1
2897,1439906,2025-02-12,2,India,5,England,298,"Narendra Modi Stadium, Ahmedabad",508,302,479,0.6304801670146137,0.5,0.5555555555555556,245.517,6.477,428,215,402,0.5348258706467661,0.2,0.3,239.0024,7.1663,5,0.8,2,0.0,62,38,21,0.6440677966101694,0.3559322033898305,1
2898,1442222,2025-02-12,36,South Africa,30,Pakistan,47,"National Stadium, Karachi",374,220,356,0.6179775280898876,0.0,0.3,243.3595,6.4973,397,203,384,0.5286458333333334,0.8,0.7,235.1667,7.2475,0,0.5,7,0.5714285714285714,50,27,22,0.5510204081632653,0.4489795918367347,0
2899,1459908,2025-02-12,7,Sri Lanka,3,Australia,285,"R Premadasa Stadium, Colombo",474,219,447,0.4899328859060403,0.5,0.6666666666666666,227.2004,7.4914,460,288,437,0.6590389016018307,0.4,0.6,246.6123,6.8216,19,0.6470588235294118,3,0.3333333333333333,55,20,33,0.37735849056603776,0.6226415094339622,1
2900,1468881,2025-02-12,42,United States of America,28,Oman,267,Al Amerat Cricket Ground Oman Cricket (Ministry Turf 1),60,29,58,0.5,0.6,0.7,215.8333,8.0333,56,27,53,0.5094339622641509,0.8,0.6,202.8182,7.3818,3,0.3333333333333333,15,0.6153846153846154,5,1,4,0.2,0.8,0
2901,1442223,2025-02-14,30,Pakistan,6,New Zealand,47,"National Stadium, Karachi",398,204,385,0.5298701298701298,0.8,0.8,235.4685,7.2393,372,193,348,0.5545977011494253,0.8,0.5555555555555556,232.3003,7.1185,8,0.625,6,0.5,46,17,27,0.38636363636363635,0.6136363636363636,0
2902,1467701,2025-02-14,46,Zimbabwe,20,Ireland,16,Harare Sports Club,273,60,259,0.23166023166023167,0.2,0.125,201.6803,8.2974,131,46,117,0.39316239316239315,0.6,0.625,211.4524,7.6984,88,0.32558139534883723,13,0.5454545454545454,19,6,9,0.4,0.6,1
2903,1468882,2025-02-14,42,United States of America,23,Namibia,267,Al Amerat Cricket Ground Oman Cricket (Ministry Turf 1),61,29,59,0.4915254237288136,0.4,0.6,214.7705,8.0656,58,27,57,0.47368421052631576,0.4,0.3,200.2414,7.8793,4,0.25,5,0.4,9,6,3,0.6666666666666666,0.3333333333333333,1
2904,1469168,2025-02-14,7,Sri Lanka,3,Australia,285,"R Premadasa Stadium, Colombo",475,220,448,0.49107142857142855,0.5,0.6666666666666666,227.172,7.4968,461,288,438,0.6575342465753424,0.4,0.5,246.433,6.8286,20,0.6666666666666666,4,0.25,56,21,33,0.3888888888888889,0.6111111111111112,1
2905,1467702,2025-02-16,46,Zimbabwe,20,Ireland,16,Harare Sports Club,274,61,260,0.23461538461538461,0.4,0.25,202.0407,8.2852,132,46,118,0.3898305084745763,0.4,0.5,211.7559,7.7165,89,0.3333333333333333,14,0.5,20,7,9,0.4375,0.5625,0
2906,1468883,2025-02-16,23,Namibia,28,Oman,267,Al Amerat Cricket Ground Oman Cricket (Ministry Turf 1),59,27,58,0.46551724137931033,0.4,0.2,200.2034,7.9153,57,28,54,0.5185185185185185,0.8,0.7,201.9107,7.3036,6,0.3333333333333333,16,0.6428571428571429,9,7,2,0.7777777777777778,0.2222222222222222,0
2907,1467703,2025-02-18,20,Ireland,46,Zimbabwe,16,Harare Sports Club,133,47,119,0.3949579831932773,0.4,0.5,212.0469,7.6875,275,61,261,0.23371647509578544,0.4,0.2222222222222222,202.1993,8.2915,15,0.5384615384615384,90,0.32954545454545453,21,10,7,0.5882352941176471,0.4117647058823529,0
2908,1468884,2025-02-18,42,United States of America,28,Oman,267,Al Amerat Cricket Ground Oman Cricket (Ministry Turf 1),62,30,60,0.5,0.6,0.7,215.629,8.0806,58,29,55,0.5272727272727272,0.8,0.7,200.1228,7.3158,5,0.4,17,0.6666666666666666,6,1,5,0.16666666666666666,0.8333333333333334,1
2909,1466414,2025-02-19,6,New Zealand,30,Pakistan,47,"National Stadium, Karachi",373,194,349,0.5558739255014327,0.8,0.5555555555555556,232.3297,7.1126,399,204,386,0.5284974093264249,0.6,0.7,235.4849,7.2462,7,0.5714285714285714,9,0.5555555555555556,47,28,17,0.6222222222222222,0.37777777777777777,1
2910,1466415,2025-02-20,12,Bangladesh,2,India,185,Dubai International Cricket Stadium,313,123,304,0.40460526315789475,0.2,0.3,214.4434,7.6537,509,303,480,0.63125,0.6,0.5555555555555556,245.7371,6.4841,3,0.3333333333333333,5,1.0,29,7,21,0.25,0.75,0
2911,1466417,2025-02-22,5,England,3,Australia,48,"Gaddafi Stadium, Lahore",429,215,403,0.533498759305211,0.2,0.3,238.9431,7.173,462,288,439,0.6560364464692483,0.2,0.4,246.1272,6.8355,0,0.5,3,0.3333333333333333,86,32,51,0.3855421686746988,0.6144578313253012,0
2912,1466418,2025-02-23,30,Pakistan,2,India,185,Dubai International Cricket Stadium,400,204,387,0.5271317829457365,0.4,0.6,235.5464,7.2531,510,304,481,0.632016632016632,0.8,0.6666666666666666,245.7078,6.4791,20,0.3684210526315789,6,1.0,45,18,26,0.4090909090909091,0.5909090909090909,0
2913,1466419,2025-02-24,12,Bangladesh,6,New Zealand,46,Rawalpindi Cricket Stadium,314,123,305,0.40327868852459015,0.2,0.3,214.4871,7.6613,374,195,350,0.5571428571428572,0.8,0.6666666666666666,232.5699,7.1068,1,0.0,3,0.0,37,10,26,0.2777777777777778,0.7222222222222222,0
2914,1466424,2025-03-01,5,England,36,South Africa,47,"National Stadium, Karachi",430,215,404,0.5321782178217822,0.0,0.3,239.208,7.1749,375,220,357,0.6162464985994398,0.0,0.3,243.6523,6.4933,0,0.5,1,0.0,46,22,18,0.55,0.45,0
2915,1466425,2025-03-02,2,India,6,New Zealand,185,Dubai International Cricket Stadium,511,305,482,0.6327800829875518,1.0,0.6666666666666666,245.7044,6.4742,375,196,351,0.5584045584045584,1.0,0.7777777777777778,232.5902,7.1011,7,1.0,2,0.0,53,27,21,0.5625,0.4375,1
2917,1466426,2025-03-04,3,Australia,2,India,185,Dubai International Cricket Stadium,463,289,440,0.6568181818181819,0.2,0.4,246.3676,6.8315,512,306,483,0.6335403726708074,1.0,0.7777777777777778,245.7109,6.4792,3,1.0,8,1.0,82,43,32,0.5733333333333334,0.4266666666666667,0
2918,1466427,2025-03-05,6,New Zealand,36,South Africa,48,"Gaddafi Stadium, Lahore",376,196,352,0.5568181818181818,0.8,0.7777777777777778,232.515,7.109,376,221,358,0.61731843575419,0.2,0.3,243.4839,6.4839,4,0.5,3,0.0,34,14,18,0.4375,0.5625,1
2920,1474410,2025-03-07,26,Netherlands,23,Namibia,292,"Wanderers Cricket Ground, Windhoek",79,25,75,0.3333333333333333,0.4,0.6,198.141,8.1795,60,27,59,0.4576271186440678,0.4,0.2,198.4667,7.95,0,0.5,9,0.7777777777777778,3,2,1,0.6666666666666666,0.3333333333333333,1
2922,1466428,2025-03-09,6,New Zealand,2,India,185,Dubai International Cricket Stadium,377,197,353,0.5580736543909348,0.8,0.8,232.8668,7.106,513,307,484,0.6342975206611571,1.0,0.7777777777777778,245.753,6.4783,3,0.0,9,1.0,54,21,28,0.42857142857142855,0.5714285714285714,0
2924,1474413,2025-03-13,23,Namibia,26,Netherlands,292,"Wanderers Cricket Ground, Windhoek",62,27,60,0.45,0.25,0.2222222222222222,196.5806,8.0161,80,26,76,0.34210526315789475,0.4,0.7,197.6456,8.2025,11,0.7,1,1.0,4,1,3,0.25,0.75,0
2925,1474414,2025-03-15,23,Namibia,14,Canada,292,"Wanderers Cricket Ground, Windhoek",63,27,61,0.4426229508196721,0.0,0.2222222222222222,195.8095,8.0476,53,18,51,0.35294117647058826,1.0,0.5555555555555556,191.566,8.1509,12,0.6363636363636364,4,0.3333333333333333,2,1,0,1.0,0.0,1
2926,1443554,2025-03-29,6,New Zealand,30,Pakistan,5,"McLean Park, Napier",378,197,354,0.556497175141243,0.6,0.7,232.916,7.1057,401,204,388,0.5257731958762887,0.2,0.6,235.56,7.26,2,0.5,0,0.5,48,29,17,0.6304347826086957,0.3695652173913043,1
2927,1443555,2025-04-02,6,New Zealand,30,Pakistan,301,"Seddon Park, Hamilton",379,198,355,0.5577464788732395,0.6,0.7,233.2162,7.1108,402,204,389,0.5244215938303342,0.2,0.5,235.6484,7.2668,5,1.0,0,0.5,49,30,17,0.6382978723404256,0.3617021276595745,1
2928,1443556,2025-04-05,6,New Zealand,30,Pakistan,273,"Bay Oval, Mount Maunganui",380,199,356,0.5589887640449438,0.6,0.8,233.3747,7.1132,403,204,390,0.5230769230769231,0.0,0.4,235.5796,7.2736,1,1.0,0,0.5,50,31,17,0.6458333333333334,0.3541666666666667,1
2949,1421074,2025-05-04,40,United Arab Emirates,34,Scotland,308,"VRA Ground, Amstelveen",100,34,99,0.3434343434343434,0.2,0.2,199.73,8.4,99,48,92,0.5217391304347826,0.75,0.75,209.3469,7.3571,0,0.5,0,0.5,13,4,9,0.3076923076923077,0.6923076923076923,0
2951,1481530,2025-05-06,26,Netherlands,40,United Arab Emirates,308,"VRA Ground, Amstelveen",81,27,77,0.35064935064935066,0.6,0.7,197.0375,8.1375,101,34,100,0.34,0.2,0.2,199.9802,8.4059,6,0.0,1,0.0,2,1,1,0.5,0.5,1
2953,1481531,2025-05-08,40,United Arab Emirates,34,Scotland,308,"VRA Ground, Amstelveen",102,34,101,0.33663366336633666,0.2,0.2,199.5784,8.4216,100,49,93,0.5268817204301075,0.75,0.75,209.5152,7.3535,2,0.0,1,1.0,14,4,10,0.2857142857142857,0.7142857142857143,1
2955,1481532,2025-05-10,26,Netherlands,34,Scotland,308,"VRA Ground, Amstelveen",82,28,78,0.358974358974359,0.8,0.7,197.963,8.1235,101,49,94,0.5212765957446809,0.5,0.75,209.41,7.38,7,0.14285714285714285,2,0.5,7,3,3,0.5,0.5,1
2957,1481533,2025-05-12,40,United Arab Emirates,26,Netherlands,276,"Sportpark Maarschalkerweerd, Utrecht",103,35,102,0.3431372549019608,0.2,0.3,200.5146,8.3981,83,29,79,0.3670886075949367,0.8,0.7,198.9878,8.1098,0,0.5,3,0.6666666666666666,3,1,2,0.3333333333333333,0.6666666666666666,0
2958,1481534,2025-05-14,40,United Arab Emirates,34,Scotland,276,"Sportpark Maarschalkerweerd, Utrecht",104,35,103,0.33980582524271846,0.2,0.2,200.5481,8.4038,102,49,95,0.5157894736842106,0.5,0.6666666666666666,209.9406,7.396,1,0.0,0,0.5,15,5,10,0.3333333333333333,0.6666666666666666,0
2959,1481535,2025-05-16,34,Scotland,26,Netherlands,276,"Sportpark Maarschalkerweerd, Utrecht",103,50,96,0.5208333333333334,0.5,0.6666666666666666,209.4706,7.3431,84,30,80,0.375,1.0,0.7,199.0602,8.0723,1,1.0,4,0.75,8,3,4,0.42857142857142855,0.5714285714285714,1
2960,1482564,2025-05-17,42,United States of America,14,Canada,369,"Central Broward Regional Park Stadium Turf Ground, Lauderhill",63,31,61,0.5081967213114754,0.8,0.7,214.1429,8.1111,54,18,52,0.34615384615384615,0.75,0.4444444444444444,190.8704,8.1852,0,0.5,0,0.5,3,2,1,0.6666666666666666,0.3333333333333333,1
2961,1482565,2025-05-19,28,Oman,14,Canada,369,"Central Broward Regional Park Stadium Turf Ground, Lauderhill",59,29,56,0.5178571428571429,0.6,0.6,197.7931,7.3621,55,18,53,0.33962264150943394,0.5,0.4444444444444444,190.8909,8.2182,0,0.5,1,0.0,2,0,2,0.0,1.0,1
2962,1472511,2025-05-21,20,Ireland,44,West Indies,311,"Castle Avenue, Dublin",134,47,120,0.39166666666666666,0.4,0.5,212.2636,7.6744,372,139,351,0.396011396011396,0.8,0.6,217.3207,7.5326,0,0.5,0,0.5,14,3,10,0.23076923076923078,0.7692307692307693,1
2965,1482567,2025-05-23,14,Canada,28,Oman,369,"Central Broward Regional Park Stadium Turf Ground, Lauderhill",56,18,54,0.3333333333333333,0.25,0.4444444444444444,191.0893,8.25,61,30,57,0.5263157894736842,0.75,0.7777777777777778,199.25,7.3833,2,0.0,2,1.0,3,2,1,0.6666666666666666,0.3333333333333333,0
2966,1472513,2025-05-25,44,West Indies,20,Ireland,311,"Castle Avenue, Dublin",374,139,352,0.39488636363636365,0.75,0.6666666666666666,217.5811,7.5405,136,48,121,0.39669421487603307,0.5,0.5555555555555556,212.9615,7.6615,2,0.0,2,1.0,16,10,4,0.7142857142857143,0.2857142857142857,1
2967,1482568,2025-05-25,42,United States of America,14,Canada,369,"Central Broward Regional Park Stadium Turf Ground, Lauderhill",65,32,62,0.5161290322580645,0.75,0.6666666666666666,217.2,8.0462,57,18,55,0.32727272727272727,0.0,0.4444444444444444,191.4561,8.2807,2,1.0,3,0.0,4,3,1,0.75,0.25,1
2968,1482569,2025-05-27,42,United States of America,28,Oman,369,"Central Broward Regional Park Stadium Turf Ground, Lauderhill",66,33,63,0.5238095238095238,1.0,0.6666666666666666,218.2424,8.0606,62,31,58,0.5344827586206896,0.75,0.7777777777777778,197.7541,7.3115,3,1.0,3,1.0,8,2,5,0.2857142857142857,0.7142857142857143,1
2969,1448343,2025-05-29,5,England,44,West Indies,284,"Edgbaston, Birmingham",431,215,405,0.5308641975308642,0.0,0.2,239.066,7.1816,375,140,353,0.39660056657223797,0.75,0.7777777777777778,218.0323,7.5391,1,1.0,0,0.5,43,26,15,0.6341463414634146,0.36585365853658536,1
2971,1448344,2025-06-01,44,West Indies,5,England,281,"Sophia Gardens, Cardiff",376,140,354,0.3954802259887006,0.5,0.6666666666666666,217.8817,7.5457,432,216,406,0.5320197044334976,0.2,0.2,239.4447,7.1835,0,0.5,2,0.5,44,15,27,0.35714285714285715,0.6428571428571429,0
2972,1486772,2025-06-02,34,Scotland,24,Nepal,360,"Forthill, Dundee",104,51,97,0.5257731958762887,0.6,0.6666666666666666,211.1262,7.3592,68,33,65,0.5076923076923077,0.25,0.2222222222222222,193.0,7.7941,4,1.0,0,0.5,8,3,4,0.42857142857142855,0.5714285714285714,0
2973,1448345,2025-06-03,44,West Indies,5,England,38,"Kennington Oval, London",377,140,355,0.39436619718309857,0.25,0.5555555555555556,218.1233,7.5523,433,217,407,0.5331695331695332,0.4,0.3,239.615,7.1831,0,0.5,5,0.8,45,15,28,0.3488372093023256,0.6511627906976745,0
2975,1486773,2025-06-04,26,Netherlands,24,Nepal,360,"Forthill, Dundee",85,30,81,0.37037037037037035,0.8,0.6,199.4881,8.0952,69,34,66,0.5151515151515151,0.5,0.3333333333333333,194.5072,7.8116,0,0.5,1,1.0,3,2,1,0.6666666666666666,0.3333333333333333,0
2976,1486774,2025-06-06,34,Scotland,26,Netherlands,360,"Forthill, Dundee",105,51,98,0.5204081632653061,0.4,0.5555555555555556,211.9423,7.3558,86,30,82,0.36585365853658536,0.6,0.6,199.7882,8.1176,5,0.75,1,0.0,9,4,4,0.5,0.5,1
2978,1486775,2025-06-08,34,Scotland,24,Nepal,360,"Forthill, Dundee",106,52,99,0.5252525252525253,0.6,0.5555555555555556,212.419,7.3714,70,35,67,0.5223880597014925,0.75,0.3333333333333333,194.9571,7.7714,6,0.8,2,1.0,9,3,5,0.375,0.625,1
2979,1486776,2025-06-10,24,Nepal,26,Netherlands,360,"Forthill, Dundee",71,35,68,0.5147058823529411,0.5,0.3333333333333333,196.7324,7.8028,87,30,83,0.3614457831325301,0.4,0.6,200.0,8.1395,3,0.6666666666666666,2,0.0,4,2,2,0.5,0.5,1
2981,1486777,2025-06-12,34,Scotland,26,Netherlands,360,"Forthill, Dundee",107,53,100,0.53,0.8,0.6666666666666666,213.4623,7.3585,88,30,84,0.35714285714285715,0.2,0.5,200.1149,8.1609,7,0.8333333333333334,3,0.0,10,5,4,0.5555555555555556,0.4444444444444444,0
2984,1485505,2025-07-02,7,Sri Lanka,12,Bangladesh,285,"R Premadasa Stadium, Colombo",476,221,449,0.4922048997772829,0.6,0.6666666666666666,227.2876,7.4893,315,123,306,0.4019607843137255,0.0,0.3,214.5563,7.6656,21,0.6842105263157895,2,0.5,44,30,12,0.7142857142857143,0.2857142857142857,1
2985,1485506,2025-07-05,12,Bangladesh,7,Sri Lanka,285,"R Premadasa Stadium, Colombo",316,123,307,0.4006514657980456,0.0,0.3,214.4038,7.6731,477,222,450,0.49333333333333335,0.8,0.6666666666666666,227.3233,7.4946,3,0.3333333333333333,22,0.7,45,12,31,0.27906976744186046,0.7209302325581395,1
2986,1485507,2025-07-08,7,Sri Lanka,12,Bangladesh,188,Pallekele International Cricket Stadium,478,222,451,0.49223946784922396,0.8,0.6666666666666666,227.3333,7.5,317,124,308,0.4025974025974026,0.2,0.3,214.5112,7.6805,34,0.5454545454545454,2,0.5,46,31,13,0.7045454545454546,0.29545454545454547,1
2992,1472528,2025-08-08,44,West Indies,30,Pakistan,349,"Brian Lara Stadium, Tarouba, Trinidad",378,140,356,0.39325842696629215,0.25,0.5555555555555556,218.2112,7.5561,404,204,391,0.5217391304347826,0.0,0.3,235.5434,7.2804,1,0.0,0,0.5,36,10,25,0.2857142857142857,0.7142857142857143,0
2993,1472529,2025-08-10,30,Pakistan,44,West Indies,349,"Brian Lara Stadium, Tarouba, Trinidad",405,205,392,0.5229591836734694,0.2,0.3,235.6634,7.2748,379,140,357,0.39215686274509803,0.2,0.4444444444444444,218.376,7.5627,1,1.0,2,0.0,37,26,10,0.7222222222222222,0.2777777777777778,0
2994,1472530,2025-08-12,44,West Indies,30,Pakistan,349,"Brian Lara Stadium, Tarouba, Trinidad",380,141,358,0.39385474860335196,0.2,0.4444444444444444,218.2846,7.5559,406,205,393,0.5216284987277354,0.2,0.2,235.5037,7.2741,3,0.3333333333333333,2,0.5,38,11,26,0.2972972972972973,0.7027027027027027,1
2995,1478901,2025-08-19,36,South Africa,3,Australia,321,"Cazaly's Stadium, Cairns",377,221,359,0.6155988857938719,0.2,0.3,243.6676,6.4906,464,289,441,0.655328798185941,0.2,0.3,246.4061,6.8384,0,0.5,3,1.0,54,31,22,0.5849056603773585,0.41509433962264153,1
2996,1478902,2025-08-22,36,South Africa,3,Australia,371,"Great Barrier Reef Arena, Mackay",378,222,360,0.6166666666666667,0.4,0.3,243.8075,6.4947,465,289,442,0.6538461538461539,0.2,0.3,246.3007,6.8453,0,0.5,0,0.5,55,32,22,0.5925925925925926,0.4074074074074074,1
2997,1478903,2025-08-24,3,Australia,36,South Africa,371,"Great Barrier Reef Arena, Mackay",466,289,443,0.6523702031602708,0.2,0.3,246.1848,6.8522,379,223,361,0.6177285318559557,0.6,0.3,243.896,6.504,1,0.0,1,1.0,56,22,33,0.4,0.6,1
2998,1498181,2025-08-27,14,Canada,23,Namibia,361,"Maple Leaf North-West Ground, King City",58,18,56,0.32142857142857145,0.0,0.4444444444444444,191.569,8.3103,64,28,62,0.45161290322580644,0.25,0.3333333333333333,195.6562,8.0781,4,1.0,0,0.5,3,0,2,0.0,1.0,0
2999,1492821,2025-08-29,7,Sri Lanka,46,Zimbabwe,16,Harare Sports Club,479,223,452,0.49336283185840707,0.8,0.6666666666666666,227.4563,7.4989,276,62,262,0.2366412213740458,0.4,0.3333333333333333,202.3603,8.2647,12,0.8333333333333334,91,0.33707865168539325,32,23,7,0.7666666666666667,0.23333333333333334,1
3000,1492822,2025-08-31,46,Zimbabwe,7,Sri Lanka,16,Harare Sports Club,277,62,263,0.23574144486692014,0.4,0.3333333333333333,202.685,8.2637,480,224,453,0.49448123620309054,0.8,0.6666666666666666,227.6064,7.4957,92,0.3333333333333333,13,0.8461538461538461,33,7,24,0.22580645161290322,0.7741935483870968,0
3001,1498183,2025-08-31,14,Canada,34,Scotland,361,"Maple Leaf North-West Ground, King City",59,18,57,0.3157894736842105,0.0,0.3333333333333333,192.0339,8.339,108,53,101,0.5247524752475248,0.6,0.5555555555555556,214.9159,7.3458,5,0.8,0,0.5,4,3,1,0.75,0.25,0
3002,1448354,2025-09-02,5,England,36,South Africa,40,"Headingley, Leeds",434,218,408,0.5343137254901961,0.6,0.4,239.63,7.1733,380,223,362,0.6160220994475138,0.6,0.3,243.6596,6.5133,3,0.0,1,0.5,47,22,19,0.5365853658536586,0.4634146341463415,0
3003,1498184,2025-09-02,23,Namibia,14,Canada,361,"Maple Leaf North-West Ground, King City",65,29,63,0.4603174603174603,0.5,0.4444444444444444,196.0308,8.0308,60,18,58,0.3103448275862069,0.0,0.2222222222222222,191.9,8.3667,1,1.0,6,0.6666666666666666,4,3,0,1.0,0.0,1
3004,1448355,2025-09-04,36,South Africa,5,England,4,"Lord's, London",381,224,363,0.6170798898071626,0.6,0.4,243.3767,6.504,435,218,409,0.5330073349633252,0.6,0.3,239.3762,7.1799,1,0.0,7,0.8571428571428571,48,20,22,0.47619047619047616,0.5238095238095238,1
3005,1498185,2025-09-04,34,Scotland,23,Namibia,361,"Maple Leaf North-West Ground, King City",109,54,102,0.5294117647058824,0.6,0.6,214.6574,7.3056,66,30,64,0.46875,0.75,0.4444444444444444,197.0152,8.0303,1,1.0,2,1.0,7,6,1,0.8571428571428571,0.14285714285714285,1
3006,1448356,2025-09-07,5,England,36,South Africa,42,"The Rose Bowl, Southampton",436,218,410,0.5317073170731708,0.6,0.3,239.5758,7.1841,382,225,364,0.6181318681318682,0.8,0.5,243.6058,6.5079,1,1.0,1,1.0,49,22,21,0.5116279069767442,0.4883720930232558,1
3038,1505122,2025-10-18,12,Bangladesh,44,West Indies,240,"Shere Bangla National Stadium, Mirpur",318,124,309,0.40129449838187703,0.2,0.2,214.4204,7.6879,381,142,359,0.3955431754874652,0.4,0.4444444444444444,218.4854,7.5517,17,0.5,2,0.5,41,21,19,0.525,0.475,1
3039,1478904,2025-10-19,2,India,3,Australia,241,Perth Stadium,514,308,485,0.6350515463917525,1.0,0.8,245.7692,6.4773,467,290,444,0.6531531531531531,0.4,0.3,246.5857,6.8416,0,0.5,3,0.0,83,33,43,0.4342105263157895,0.5657894736842105,0
3046,1478905,2025-10-23,2,India,3,Australia,13,Adelaide Oval,515,308,486,0.6337448559670782,0.8,0.8,245.5531,6.4823,468,291,445,0.6539325842696629,0.4,0.3,246.3355,6.8333,6,0.8,24,0.6666666666666666,84,33,44,0.42857142857142855,0.5714285714285714,0
3048,1505124,2025-10-23,12,Bangladesh,44,West Indies,240,"Shere Bangla National Stadium, Mirpur",320,125,310,0.4032258064516129,0.5,0.2222222222222222,214.3924,7.693,383,142,360,0.39444444444444443,0.5,0.375,218.2454,7.562,19,0.5294117647058824,4,0.3333333333333333,43,22,19,0.5365853658536586,0.4634146341463415,1
3050,1478906,2025-10-25,3,Australia,2,India,9,Sydney Cricket Ground,469,292,446,0.6547085201793722,0.6,0.4,246.3758,6.8359,516,308,487,0.6324435318275154,0.6,0.8,245.5894,6.4872,44,0.75,11,0.2,85,45,33,0.5769230769230769,0.4230769230769231,0
3054,1491720,2025-10-26,5,England,6,New Zealand,273,"Bay Oval, Mount Maunganui",437,219,411,0.5328467153284672,0.6,0.4,239.9814,7.1791,381,200,357,0.5602240896358543,0.8,0.8,233.457,7.1156,0,0.5,2,1.0,43,19,21,0.475,0.525,0
3055,1507884,2025-10-26,42,United States of America,24,Nepal,185,Dubai International Cricket Stadium,67,34,64,0.53125,1.0,0.7777777777777778,219.3582,8.0597,72,36,69,0.5217391304347826,0.75,0.4444444444444444,197.2778,7.8194,0,0.5,6,0.5,7,2,4,0.3333333333333333,0.6666666666666666,1
3056,1507885,2025-10-28,40,United Arab Emirates,42,United States of America,185,Dubai International Cricket Stadium,105,35,104,0.33653846153846156,0.2,0.2,200.1714,8.419,68,35,65,0.5384615384615384,1.0,0.8888888888888888,219.9853,8.0294,14,0.42857142857142855,1,1.0,9,2,7,0.2222222222222222,0.7777777777777778,0
3058,1491721,2025-10-29,5,England,6,New Zealand,301,"Seddon Park, Hamilton",438,219,412,0.5315533980582524,0.4,0.4,239.942,7.1856,382,201,358,0.5614525139664804,0.8,0.8,233.4316,7.1126,0,0.5,6,1.0,44,19,22,0.4634146341463415,0.5365853658536586,0
3060,1507886,2025-10-30,24,Nepal,40,United Arab Emirates,302,"ICC Academy, Dubai",73,36,70,0.5142857142857142,0.6,0.4444444444444444,196.7123,7.8493,106,35,105,0.3333333333333333,0.2,0.2,200.2736,8.4245,0,0.5,3,0.3333333333333333,15,9,6,0.6,0.4,0
3061,1491722,2025-11-01,5,England,6,New Zealand,374,"Sky Stadium, Wellington",439,219,413,0.5302663438256658,0.2,0.4,239.7917,7.1921,383,202,359,0.5626740947075209,1.0,0.8,233.2807,7.107,0,0.5,0,0.5,45,19,23,0.4523809523809524,0.5476190476190477,0
3062,1507887,2025-11-01,24,Nepal,42,United States of America,302,"ICC Academy, Dubai",74,36,71,0.5070422535211268,0.4,0.4444444444444444,197.2027,7.8784,69,36,66,0.5454545454545454,1.0,0.8888888888888888,219.8841,8.0,1,0.0,0,0.5,8,4,3,0.5714285714285714,0.42857142857142855,0
3064,1507888,2025-11-03,42,United States of America,40,United Arab Emirates,185,Dubai International Cricket Stadium,70,37,67,0.5522388059701493,1.0,0.8888888888888888,220.6429,7.9714,107,36,106,0.33962264150943394,0.4,0.3,200.6168,8.3925,2,1.0,15,0.4,10,8,2,0.8,0.2,1
3065,1501898,2025-11-04,36,South Africa,30,Pakistan,49,"Iqbal Stadium, Faisalabad",383,225,365,0.6164383561643836,0.6,0.5,243.153,6.5145,407,205,394,0.5203045685279187,0.2,0.2,235.1502,7.2808,1,1.0,1,0.0,51,27,23,0.54,0.46,0
3066,1507889,2025-11-05,24,Nepal,40,United Arab Emirates,302,"ICC Academy, Dubai",75,36,72,0.5,0.2,0.4444444444444444,198.1867,7.9067,108,36,107,0.3364485981308411,0.2,0.2,199.213,8.4074,2,0.0,4,0.5,16,9,7,0.5625,0.4375,0
3067,1501899,2025-11-06,30,Pakistan,36,South Africa,49,"Iqbal Stadium, Faisalabad",408,206,395,0.5215189873417722,0.4,0.2,235.2211,7.2826,384,225,366,0.6147540983606558,0.4,0.5,243.2053,6.5237,2,0.5,2,0.5,52,24,27,0.47058823529411764,0.5294117647058824,0
3068,1501900,2025-11-08,36,South Africa,30,Pakistan,49,"Iqbal Stadium, Faisalabad",385,226,367,0.6158038147138964,0.6,0.6,243.2756,6.5118,409,206,396,0.5202020202020202,0.4,0.2,235.3039,7.2868,3,0.6666666666666666,3,0.3333333333333333,53,28,24,0.5384615384615384,0.46153846153846156,0
3069,1502167,2025-11-11,30,Pakistan,7,Sri Lanka,46,Rawalpindi Cricket Stadium,410,207,397,0.5214105793450882,0.4,0.3,235.0807,7.2763,481,225,454,0.4955947136563877,0.8,0.7,227.7134,7.4904,12,0.6363636363636364,1,1.0,56,32,22,0.5925925925925926,0.4074074074074074,1
3070,1502168,2025-11-14,7,Sri Lanka,30,Pakistan,46,Rawalpindi Cricket Stadium,482,225,455,0.4945054945054945,0.6,0.7,227.8517,7.4936,411,208,398,0.5226130653266332,0.6,0.4,235.2366,7.2707,2,0.5,13,0.6666666666666666,57,22,33,0.4,0.6,0
3071,1491728,2025-11-16,6,New Zealand,44,West Indies,305,"Hagley Oval, Christchurch",384,203,360,0.5638888888888889,1.0,0.8,233.2613,7.1093,384,142,361,0.39335180055401664,0.5,0.3333333333333333,217.9789,7.5684,1,0.5,0,0.5,27,18,8,0.6923076923076923,0.3076923076923077,1
3072,1502169,2025-11-16,7,Sri Lanka,30,Pakistan,46,Rawalpindi Cricket Stadium,483,225,456,0.4934210526315789,0.6,0.7,227.9789,7.4947,412,209,399,0.5238095238095238,0.8,0.5,235.3674,7.2579,3,0.3333333333333333,14,0.6923076923076923,58,22,34,0.39285714285714285,0.6071428571428571,0
3073,1491729,2025-11-19,44,West Indies,6,New Zealand,5,"McLean Park, Napier",385,142,362,0.39226519337016574,0.25,0.2222222222222222,218.0945,7.5643,385,204,361,0.5650969529085873,1.0,0.8,233.3564,7.109,0,0.5,3,0.6666666666666666,28,8,19,0.2962962962962963,0.7037037037037037,0
3074,1491730,2025-11-22,44,West Indies,6,New Zealand,301,"Seddon Park, Hamilton",386,142,363,0.39118457300275483,0.0,0.2222222222222222,218.1702,7.5681,386,205,362,0.5662983425414365,1.0,0.9,233.3952,7.1034,0,0.5,7,1.0,29,8,20,0.2857142857142857,0.7142857142857143,0
3075,1479573,2025-11-30,2,India,36,South Africa,325,"JSCA International Stadium Complex, Ranchi",517,309,488,0.6331967213114754,0.6,0.8,245.5725,6.4765,386,226,368,0.6141304347826086,0.4,0.5,243.0131,6.5209,1,1.0,1,0.0,47,23,22,0.5111111111111111,0.4888888888888889,1
3076,1479574,2025-12-03,2,India,36,South Africa,336,"Shaheed Veer Narayan Singh International Stadium, Raipur",518,310,489,0.6339468302658486,0.6,0.8,245.775,6.4795,387,226,369,0.6124661246612466,0.2,0.5,243.2454,6.53,1,1.0,0,0.5,48,24,22,0.5217391304347826,0.4782608695652174,0
3077,1479575,2025-12-06,36,South Africa,2,India,340,"Dr. Y.S. Rajasekhara Reddy ACA-VDCA Cricket Stadium, Visakhapatnam",388,227,370,0.6135135135135135,0.4,0.5,243.5547,6.5286,519,310,490,0.6326530612244898,0.4,0.7,245.9941,6.4766,0,0.5,1,0.0,49,23,24,0.48936170212765956,0.5106382978723404,0
3081,1490231,2026-01-11,6,New Zealand,2,India,366,"Kotambi Stadium, Vadodara",387,206,363,0.5674931129476584,1.0,0.9,233.2063,7.1005,520,311,491,0.6334012219959266,0.6,0.7,246.0429,6.4659,0,0.5,0,0.5,55,21,29,0.42,0.58,0
3082,1490232,2026-01-14,2,India,6,New Zealand,375,"Niranjan Shah Stadium, Rajkot",521,312,492,0.6341463414634146,0.8,0.7,246.1595,6.465,388,206,364,0.5659340659340659,0.8,0.9,233.3826,7.1029,0,0.5,0,0.5,56,30,21,0.5882352941176471,0.4117647058823529,0
3083,1490233,2026-01-18,6,New Zealand,2,India,337,"Holkar Cricket Stadium, Indore",389,207,365,0.5671232876712329,0.8,0.9,233.5211,7.0921,522,312,493,0.6328600405679513,0.6,0.6,246.233,6.466,1,0.0,2,1.0,57,22,30,0.4230769230769231,0.5769230769230769,1
3084,1507716,2026-01-22,7,Sri Lanka,5,England,285,"R Premadasa Stadium, Colombo",484,225,457,0.4923413566739606,0.4,0.6,227.943,7.5,440,219,414,0.5289855072463768,0.2,0.4,239.7506,7.1986,23,0.6666666666666666,0,0.5,51,26,21,0.5531914893617021,0.44680851063829785,1
3085,1507717,2026-01-24,7,Sri Lanka,5,England,285,"R Premadasa Stadium, Colombo",485,226,458,0.49344978165938863,0.4,0.6,228.0337,7.4968,441,219,415,0.5277108433734939,0.2,0.4,239.7788,7.2051,24,0.6818181818181818,1,0.0,52,27,21,0.5625,0.4375,0
3086,1507718,2026-01-27,5,England,7,Sri Lanka,285,"R Premadasa Stadium, Colombo",442,220,416,0.5288461538461539,0.2,0.4,239.7402,7.2,486,226,459,0.4923747276688453,0.2,0.5,228.0147,7.5021,2,0.5,25,0.6521739130434783,53,22,27,0.4489795918367347,0.5510204081632653,1
3099,1525652,2026-03-11,30,Pakistan,12,Bangladesh,240,"Shere Bangla National Stadium, Mirpur",413,210,400,0.525,0.8,0.6,235.318,7.25,321,126,311,0.40514469453376206,0.75,0.3333333333333333,214.6498,7.694,0,0.5,20,0.5555555555555556,25,21,4,0.84,0.16,0
3100,1525653,2026-03-13,30,Pakistan,12,Bangladesh,240,"Shere Bangla National Stadium, Mirpur",414,210,401,0.5236907730673317,0.8,0.6,235.0242,7.2567,322,127,312,0.40705128205128205,0.75,0.4444444444444444,214.3365,7.6761,1,0.0,21,0.5789473684210527,26,21,5,0.8076923076923077,0.19230769230769232,1
3101,1525654,2026-03-15,12,Bangladesh,30,Pakistan,240,"Shere Bangla National Stadium, Mirpur",323,127,313,0.4057507987220447,0.75,0.4444444444444444,214.0219,7.6834,415,211,402,0.5248756218905473,0.8,0.6,235.1184,7.2633,22,0.55,2,0.5,27,5,22,0.18518518518518517,0.8148148148148148,1
3108,1529140,2026-04-04,23,Namibia,28,Oman,377,"Namibia Cricket Ground, Windhoek",67,30,65,0.46153846153846156,0.6,0.4444444444444444,195.7015,8.0597,63,31,59,0.5254237288135594,0.5,0.6666666666666666,199.1452,7.3387,0,0.5,0,0.5,10,7,3,0.7,0.3,0
3110,1529142,2026-04-08,28,Oman,34,Scotland,377,"Namibia Cricket Ground, Windhoek",64,32,60,0.5333333333333333,0.75,0.6666666666666666,200.3333,7.3333,111,55,103,0.5339805825242718,0.75,0.6666666666666666,214.1927,7.3303,1,1.0,1,0.5,9,1,6,0.14285714285714285,0.8571428571428571,1
3111,1529143,2026-04-10,28,Oman,23,Namibia,377,"Namibia Cricket Ground, Windhoek",65,33,61,0.5409836065573771,0.75,0.6666666666666666,199.75,7.3281,69,30,66,0.45454545454545453,0.5,0.375,196.6522,8.0435,2,1.0,2,0.0,11,4,7,0.36363636363636365,0.6363636363636364,0
3112,1529144,2026-04-12,23,Namibia,34,Scotland,377,"Namibia Cricket Ground, Windhoek",70,31,67,0.4626865671641791,0.5,0.5,197.0286,8.0571,112,55,104,0.5288461538461539,0.5,0.6666666666666666,213.6182,7.3455,3,0.5,2,0.0,9,1,7,0.125,0.875,0
3113,1528272,2026-04-17,6,New Zealand,12,Bangladesh,240,"Shere Bangla National Stadium, Mirpur",390,208,366,0.5683060109289617,0.8,0.9,233.7927,7.0945,324,128,314,0.40764331210191085,0.75,0.5555555555555556,214.2594,7.675,3,1.0,23,0.5714285714285714,38,27,10,0.7297297297297297,0.2702702702702703,1
3114,1528273,2026-04-20,6,New Zealand,12,Bangladesh,240,"Shere Bangla National Stadium, Mirpur",391,209,367,0.5694822888283378,0.8,0.9,233.8272,7.0969,325,128,315,0.40634920634920635,0.6,0.5555555555555556,214.2804,7.6822,4,1.0,24,0.5454545454545454,39,28,10,0.7368421052631579,0.2631578947368421,0
3117,1528274,2026-04-23,12,Bangladesh,6,New Zealand,379,"Bir Sreshtho Flight Lieutenant Matiur Rahman Stadium, Chattogram",326,129,316,0.40822784810126583,0.6,0.6666666666666666,214.2329,7.6708,392,209,368,0.5679347826086957,0.6,0.8,233.7337,7.1044,0,0.5,0,0.5,40,11,28,0.28205128205128205,0.717948717948718,1
3119,1531696,2026-04-25,24,Nepal,40,United Arab Emirates,306,"Tribhuvan University International Cricket Ground, Kirtipur",76,36,73,0.4931506849315068,0.2,0.3333333333333333,198.7237,7.9211,109,37,108,0.3425925925925926,0.4,0.3,199.6147,8.3853,22,0.7272727272727273,8,0.25,17,9,8,0.5294117647058824,0.47058823529411764,1
3120,1531697,2026-04-27,40,United Arab Emirates,28,Oman,306,"Tribhuvan University International Cricket Ground, Kirtipur",110,37,109,0.3394495412844037,0.4,0.3,199.2818,8.4,66,33,62,0.532258064516129,0.6,0.6666666666666666,200.0308,7.3538,9,0.2222222222222222,1,0.0,10,3,6,0.3333333333333333,0.6666666666666666,1
3121,1531698,2026-04-29,28,Oman,24,Nepal,306,"Tribhuvan University International Cricket Ground, Kirtipur",67,33,63,0.5238095238095238,0.4,0.5555555555555556,200.6818,7.3939,77,37,74,0.5,0.2,0.4444444444444444,198.7403,7.9481,2,0.0,23,0.7391304347826086,8,5,3,0.625,0.375,1
3122,1531699,2026-05-01,24,Nepal,40,United Arab Emirates,306,"Tribhuvan University International Cricket Ground, Kirtipur",78,37,75,0.49333333333333335,0.2,0.4,198.1795,7.9359,111,38,110,0.34545454545454546,0.6,0.4,199.9009,8.3874,24,0.7083333333333334,10,0.3,18,10,8,0.5555555555555556,0.4444444444444444,1
3123,1531700,2026-05-03,40,United Arab Emirates,28,Oman,306,"Tribhuvan University International Cricket Ground, Kirtipur",112,38,111,0.34234234234234234,0.4,0.4,200.3304,8.3839,68,34,64,0.53125,0.6,0.5555555555555556,202.2388,7.403,11,0.2727272727272727,3,0.3333333333333333,11,4,6,0.4,0.6,1
3125,1531701,2026-05-05,24,Nepal,28,Oman,306,"Tribhuvan University International Cricket Ground, Kirtipur",79,38,76,0.5,0.4,0.4,199.3291,7.9241,69,34,65,0.5230769230769231,0.4,0.5555555555555556,203.0,7.4412,25,0.72,4,0.25,9,3,6,0.3333333333333333,0.6666666666666666,1
3129,1531702,2026-05-12,34,Scotland,24,Nepal,306,"Tribhuvan University International Cricket Ground, Kirtipur",113,56,105,0.5333333333333333,0.75,0.6666666666666666,213.4865,7.3063,80,39,77,0.5064935064935064,0.6,0.4,200.0375,7.95,4,0.5,26,0.7307692307692307,10,4,5,0.4444444444444444,0.5555555555555556,1
3130,1531703,2026-05-14,34,Scotland,42,United States of America,306,"Tribhuvan University International Cricket Ground, Kirtipur",114,57,106,0.5377358490566038,0.75,0.6666666666666666,213.75,7.3125,71,38,68,0.5588235294117647,1.0,1.0,221.6479,7.9014,5,0.6,0,0.5,8,5,3,0.625,0.375,1
3132,1531704,2026-05-16,42,United States of America,24,Nepal,306,"Tribhuvan University International Cricket Ground, Kirtipur",72,38,69,0.5507246376811594,0.8,0.8888888888888888,221.9861,7.9028,81,39,78,0.5,0.6,0.4,200.2593,7.9383,1,0.0,27,0.7037037037037037,9,4,4,0.5,0.5,0
3133,1531705,2026-05-18,34,Scotland,24,Nepal,306,"Tribhuvan University International Cricket Ground, Kirtipur",115,58,107,0.5420560747663551,0.75,0.7777777777777778,214.6991,7.3009,82,40,79,0.5063291139240507,0.6,0.4,200.2439,7.8537,6,0.6666666666666666,28,0.7142857142857143,11,5,5,0.5,0.5,0
3134,1531706,2026-05-20,34,Scotland,42,United States of America,306,"Tribhuvan University International Cricket Ground, Kirtipur",116,58,108,0.5370370370370371,0.6,0.6666666666666666,214.5175,7.3246,73,38,70,0.5428571428571428,0.6,0.7777777777777778,221.6164,7.9315,7,0.5714285714285714,2,0.0,9,6,3,0.6666666666666666,0.3333333333333333,0
3135,1531707,2026-05-22,24,Nepal,42,United States of America,306,"Tribhuvan University International Cricket Ground, Kirtipur",83,41,80,0.5125,0.8,0.5,200.2289,7.8072,74,39,71,0.5492957746478874,0.6,0.7777777777777778,220.9189,7.8784,29,0.7241379310344828,3,0.3333333333333333,10,5,4,0.5555555555555556,0.4444444444444444,1
3136,1535645,2026-05-30,3,Australia,30,Pakistan,46,Rawalpindi Cricket Stadium,470,292,447,0.6532438478747203,0.6,0.4,246.3534,6.8427,416,211,403,0.5235732009925558,0.6,0.6,235.2241,7.2699,0,0.5,15,0.7142857142857143,42,32,10,0.7619047619047619,0.23809523809523808,0
3137,1535646,2026-06-02,3,Australia,30,Pakistan,48,"Gaddafi Stadium, Lahore",471,292,448,0.6517857142857143,0.6,0.4,246.2538,6.8495,417,212,404,0.5247524752475248,0.6,0.7,235.1442,7.2644,4,0.5,9,0.7777777777777778,43,32,11,0.7441860465116279,0.2558139534883721,1
3138,1538304,2026-06-03,7,Sri Lanka,44,West Indies,33,"Sabina Park, Kingston, Jamaica",487,226,460,0.49130434782608695,0.2,0.4,228.174,7.5073,387,142,364,0.3901098901098901,0.0,0.2222222222222222,218.0209,7.5744,0,0.5,4,0.25,31,19,10,0.6551724137931034,0.3448275862068966,1
3139,1535647,2026-06-04,3,Australia,30,Pakistan,48,"Gaddafi Stadium, Lahore",472,293,449,0.6525612472160356,0.6,0.5,246.221,6.8541,418,212,405,0.5234567901234568,0.4,0.6,235.036,7.271,5,0.6,10,0.7,44,33,11,0.75,0.25,0
3140,1538425,2026-06-06,14,Canada,42,United States of America,361,"Maple Leaf North-West Ground, King City",61,18,59,0.3050847457627119,0.0,0.1111111111111111,192.6393,8.3934,75,39,72,0.5416666666666666,0.4,0.7,220.5733,7.9067,7,0.5714285714285714,0,0.5,5,1,4,0.2,0.8,0
3141,1538426,2026-06-08,26,Netherlands,42,United States of America,361,"Maple Leaf North-West Ground, King City",89,31,85,0.36470588235294116,0.2,0.6,202.0909,8.1364,76,40,73,0.547945205479452,0.4,0.7,220.7632,7.8289,0,0.5,1,1.0,3,3,0,1.0,0.0,1
3142,1532480,2026-06-09,12,Bangladesh,3,Australia,240,"Shere Bangla National Stadium, Mirpur",327,130,317,0.41009463722397477,0.6,0.6666666666666666,214.3901,7.6718,473,293,450,0.6511111111111111,0.4,0.4,246.03,6.8608,25,0.5652173913043478,0,0.5,19,1,17,0.05555555555555555,0.9444444444444444,1
3143,1538427,2026-06-10,26,Netherlands,14,Canada,361,"Maple Leaf North-West Ground, King City",90,32,86,0.37209302325581395,0.4,0.6,202.0225,8.1348,62,18,60,0.3,0.0,0.0,193.2581,8.3871,1,1.0,8,0.5,6,5,0,1.0,0.0,0
3144,1532481,2026-06-11,3,Australia,12,Bangladesh,240,"Shere Bangla National Stadium, Mirpur",474,293,451,0.6496674057649667,0.2,0.4,245.9124,6.8654,328,131,318,0.4119496855345912,0.8,0.7777777777777778,214.6049,7.6728,1,0.0,26,0.5833333333333334,20,17,2,0.8947368421052632,0.10526315789473684,0
3145,1538428,2026-06-12,14,Canada,42,United States of America,361,"Maple Leaf North-West Ground, King City",63,19,61,0.3114754098360656,0.2,0.1,193.6508,8.381,77,40,74,0.5405405405405406,0.4,0.6,220.1688,7.8571,9,0.5555555555555556,2,0.5,6,1,5,0.16666666666666666,0.8333333333333334,0
3146,1532482,2026-06-14,12,Bangladesh,3,Australia,240,"Shere Bangla National Stadium, Mirpur",329,132,319,0.41379310344827586,0.8,0.7777777777777778,214.5446,7.6646,475,293,452,0.6482300884955752,0.2,0.4,245.7868,6.8678,27,0.6,2,0.0,21,3,17,0.15,0.85,0
3148,1538298,2026-07-06,46,Zimbabwe,12,Bangladesh,16,Harare Sports Club,278,62,264,0.23484848484848486,0.4,0.3,202.9562,8.2591,330,132,320,0.4125,0.8,0.7,214.727,7.6564,93,0.32967032967032966,11,0.45454545454545453,55,13,42,0.23636363636363636,0.7636363636363637,1
3149,1538299,2026-07-09,46,Zimbabwe,12,Bangladesh,16,Harare Sports Club,279,63,265,0.23773584905660378,0.4,0.4,202.7309,8.2655,331,132,321,0.411214953271028,0.6,0.6,214.4251,7.6636,94,0.33695652173913043,12,0.4166666666666667,56,14,42,0.25,0.75,1
3151,1538300,2026-07-11,46,Zimbabwe,12,Bangladesh,16,Harare Sports Club,280,64,266,0.24060150375939848,0.6,0.5,202.8913,8.2572,332,132,322,0.40993788819875776,0.4,0.5,214.4848,7.6707,95,0.34408602150537637,13,0.38461538461538464,57,15,42,0.2631578947368421,0.7368421052631579,0
3152,1538624,2026-07-11,6,New Zealand,44,West Indies,262,"Providence Stadium, Guyana",393,209,369,0.5663956639566395,0.6,0.7,233.6719,7.112,388,142,365,0.38904109589041097,0.0,0.2222222222222222,218.1354,7.5807,0,0.5,4,0.0,30,21,8,0.7241379310344828,0.27586206896551724,0
3154,1538625,2026-07-13,44,West Indies,6,New Zealand,262,"Providence Stadium, Guyana",389,143,366,0.3907103825136612,0.2,0.3333333333333333,218.2649,7.5688,394,209,370,0.5648648648648649,0.4,0.6,233.7584,7.1195,5,0.25,1,0.0,31,9,21,0.3,0.7,0
3155,1496579,2026-07-14,5,England,2,India,284,"Edgbaston, Birmingham",443,221,417,0.5299760191846523,0.4,0.4,240.0092,7.1904,523,312,494,0.631578947368421,0.4,0.5,246.3295,6.4729,2,1.0,0,0.5,63,21,39,0.35,0.65,0
3157,1496580,2026-07-16,2,India,5,England,281,"Sophia Gardens, Cardiff",524,313,495,0.6323232323232323,0.6,0.5,246.3598,6.4681,444,221,418,0.5287081339712919,0.4,0.3,240.0503,7.1968,0,0.5,3,0.6666666666666666,64,40,21,0.6557377049180327,0.3442622950819672,0
3158,1538626,2026-07-16,44,West Indies,6,New Zealand,262,"Providence Stadium, Guyana",390,143,367,0.3896457765667575,0.2,0.2222222222222222,218.057,7.5751,395,210,371,0.5660377358490566,0.4,0.6,233.5181,7.114,6,0.2,2,0.5,32,9,22,0.2903225806451613,0.7096774193548387,0
3159,1496581,2026-07-19,5,England,2,India,4,"Lord's, London",445,222,419,0.5298329355608592,0.6,0.4,240.0388,7.1941,525,313,496,0.6310483870967742,0.4,0.5,246.334,6.4749,8,0.75,2,0.5,65,22,40,0.3548387096774194,0.6451612903225806,1
3160,1538627,2026-07-19,44,West Indies,6,New Zealand,35,"Kensington Oval, Bridgetown, Barbados",391,143,368,0.38858695652173914,0.2,0.1111111111111111,217.8553,7.5788,396,211,372,0.5672043010752689,0.4,0.6,233.2791,7.1059,11,0.45454545454545453,3,0.6666666666666666,33,9,23,0.28125,0.71875,0
3161,1538628,2026-07-21,6,New Zealand,44,West Indies,35,"Kensington Oval, Bridgetown, Barbados",397,212,373,0.5683646112600537,0.6,0.6,233.1649,7.1108,392,143,369,0.3875338753387534,0.2,0.1111111111111111,217.7784,7.5851,4,0.75,12,0.4166666666666667,34,24,9,0.7272727272727273,0.2727272727272727,0
3162,1544124,2026-07-21,24,Nepal,23,Namibia,276,"Sportpark Maarschalkerweerd, Utrecht",84,42,81,0.5185185185185185,0.8,0.6,201.619,7.8095,71,31,68,0.45588235294117646,0.25,0.5,197.0423,8.0845,0,0.5,0,0.5,8,2,5,0.2857142857142857,0.7142857142857143,0
3164,1544125,2026-07-23,24,Nepal,26,Netherlands,276,"Sportpark Maarschalkerweerd, Utrecht",85,42,82,0.5121951219512195,0.6,0.6,201.0941,7.8353,92,32,87,0.367816091954023,0.5,0.4444444444444444,200.0989,8.0769,1,0.0,5,0.6,5,3,2,0.6,0.4,0
3166,1544126,2026-07-25,26,Netherlands,23,Namibia,276,"Sportpark Maarschalkerweerd, Utrecht",93,33,88,0.375,0.75,0.4444444444444444,199.6413,8.0326,72,32,69,0.463768115942029,0.5,0.5555555555555556,196.5139,8.0,6,0.6666666666666666,1,1.0,5,4,1,0.8,0.2,1
3167,1544127,2026-07-27,23,Namibia,24,Nepal,276,"Sportpark Maarschalkerweerd, Utrecht",73,32,70,0.45714285714285713,0.5,0.5555555555555556,196.4658,8.0274,86,42,83,0.5060240963855421,0.6,0.6,200.5814,7.8605,2,0.5,2,0.0,9,6,2,0.75,0.25,1
3169,1544128,2026-07-29,26,Netherlands,24,Nepal,276,"Sportpark Maarschalkerweerd, Utrecht",94,34,89,0.38202247191011235,0.75,0.4444444444444444,200.1935,8.0108,87,42,84,0.5,0.4,0.5,200.6667,7.8391,7,0.7142857142857143,3,0.0,6,3,3,0.5,0.5,1
3170,1544129,2026-07-31,26,Netherlands,23,Namibia,276,"Sportpark Maarschalkerweerd, Utrecht",95,35,90,0.3888888888888889,0.75,0.5555555555555556,200.4574,8.0213,74,33,71,0.4647887323943662,0.6,0.5555555555555556,196.6622,8.0135,8,0.75,3,0.6666666666666666,6,5,1,0.8333333333333334,0.16666666666666666,0
3171,1546000,2026-08-07,34,Scotland,14,Canada,360,"Forthill, Dundee",117,58,109,0.5321100917431193,0.6,0.5555555555555556,214.1217,7.3478,65,19,62,0.3064516129032258,0.25,0.1111111111111111,194.9219,8.375,8,0.7142857142857143,0,0.5,5,2,3,0.4,0.6,1
3172,1546001,2026-08-09,40,United Arab Emirates,34,Scotland,360,"Forthill, Dundee",113,39,112,0.3482142857142857,0.6,0.4,201.2832,8.3805,118,59,110,0.5363636363636364,0.6,0.6666666666666666,214.6983,7.3448,0,0.5,9,0.75,16,5,11,0.3125,0.6875,0
3173,1546002,2026-08-11,40,United Arab Emirates,14,Canada,360,"Forthill, Dundee",114,39,113,0.34513274336283184,0.4,0.4,201.5439,8.3772,66,19,63,0.30158730158730157,0.25,0.1111111111111111,196.1077,8.4,1,0.0,1,0.0,3,1,2,0.3333333333333333,0.6666666666666666,1
3174,1546003,2026-08-13,34,Scotland,14,Canada,360,"Forthill, Dundee",119,60,111,0.5405405405405406,0.6,0.6666666666666666,214.8718,7.359,67,19,64,0.296875,0.25,0.1111111111111111,195.9394,8.4091,10,0.7777777777777778,2,0.0,6,3,3,0.5,0.5,1
