match_id,team_id,team_name,gender,runs,wickets,total_balls,allocated_balls,fours,sixes,extras,run_rate
1001349,92,Australia,male,168,6,120,120,9,4,7,8.4
1001349,181,Sri Lanka,male,172,5,120,120,20,1,13,8.6
1001351,92,Australia,male,173,10,120,120,10,6,8,8.65
1001351,181,Sri Lanka,male,176,8,120,120,18,6,7,8.8
1001353,92,Australia,male,187,6,120,120,14,8,8,9.35
1001353,181,Sri Lanka,male,146,10,108,108,12,5,9,8.11
1004729,128,Hong Kong,male,169,5,120,120,13,5,10,8.45
1004729,134,Ireland,male,129,10,117,117,12,2,13,6.62
1007655,131,India,male,168,6,120,120,13,6,13,8.4
1007655,199,Zimbabwe,male,170,6,120,120,11,10,9,8.5
1007657,131,India,male,103,0,79,79,8,3,4,7.82
1007657,199,Zimbabwe,male,99,9,120,120,8,2,9,4.95
1007659,131,India,male,138,6,120,120,12,3,4,6.9
1007659,199,Zimbabwe,male,135,6,120,120,11,5,12,6.75
1019979,96,Bangladesh,male,141,8,120,120,6,6,18,7.05
1019979,157,New Zealand,male,143,4,108,108,10,5,3,7.94
1019981,96,Bangladesh,male,148,10,109,109,8,6,15,8.15
1019981,157,New Zealand,male,195,7,120,120,15,8,8,9.75
1019983,96,Bangladesh,male,167,6,120,120,21,1,4,8.35
1019983,157,New Zealand,male,194,4,120,120,12,11,16,9.7
1020029,157,New Zealand,male,107,10,89,89,7,7,3,7.21
1020029,178,South Africa,male,185,6,120,120,16,9,11,9.25
1031431,116,England,male,143,1,87,87,12,6,8,9.86
1031431,178,South Africa,male,142,3,120,120,8,5,1,7.1
1031433,116,England,male,171,6,120,120,21,2,15,8.55
1031433,178,South Africa,male,174,8,120,120,13,9,5,8.7
1031435,116,England,male,181,8,120,120,16,7,14,9.05
1031435,178,South Africa,male,162,7,120,120,11,7,12,8.1
1031665,116,England,male,155,10,117,117,15,2,9,7.95
1031665,197,West Indies,male,176,9,120,120,12,11,8,8.8
1034825,116,England,male,148,3,109,109,8,7,8,8.15
1034825,131,India,male,147,7,120,120,13,1,11,7.35
1034827,116,England,male,139,6,120,120,6,5,8,6.95
1034827,131,India,male,144,8,120,120,8,4,4,7.2
1034829,116,England,male,127,10,99,99,11,6,5,7.7
1034829,131,India,male,202,6,120,120,11,12,16,10.1
1041615,131,India,male,244,4,120,120,22,11,6,12.2
1041615,197,West Indies,male,245,6,120,120,13,21,6,12.25
1041617,131,India,male,15,0,12,12,0,1,1,7.5
1041617,197,West Indies,male,143,10,118,118,12,6,9,7.27
1043989,2,Australia,female,151,4,120,120,13,1,9,7.55
1043989,58,New Zealand,female,111,8,120,120,8,0,12,5.55
1043991,2,Australia,female,61,9,78,78,7,0,2,4.69
1043991,58,New Zealand,female,101,9,120,120,8,2,2,5.05
1043993,2,Australia,female,66,10,96,96,4,0,4,4.12
1043993,58,New Zealand,female,113,8,120,120,9,1,6,5.65
1044211,2,Australia,female,63,0,49,49,8,1,0,7.71
1044211,78,Sri Lanka,female,59,8,120,120,5,0,2,2.95
1050217,161,Pakistan,male,116,1,86,86,13,4,5,8.09
1050217,197,West Indies,male,115,10,119,119,9,3,9,5.8
1050219,161,Pakistan,male,160,4,120,120,13,2,15,8.0
1050219,197,West Indies,male,144,9,120,120,13,3,13,7.2
1050221,161,Pakistan,male,108,2,91,91,10,1,6,7.12
1050221,197,West Indies,male,103,5,120,120,6,1,4,5.15
1050615,58,New Zealand,female,118,9,120,120,11,0,9,5.9
1050615,62,Pakistan,female,104,10,120,120,10,0,12,5.2
1065348,35,India,female,121,5,120,120,7,3,9,6.05
1065348,62,Pakistan,female,104,6,120,120,8,0,5,5.2
1072316,92,Australia,male,96,3,69,69,13,2,2,8.35
1072316,157,New Zealand,male,117,9,120,120,3,4,12,5.85
1072317,92,Australia,male,161,5,111,111,14,6,7,8.7
1072317,116,England,male,155,9,120,120,13,5,6,7.75
1072318,92,Australia,male,138,3,87,87,12,7,10,9.52
1072318,116,England,male,137,7,120,120,13,1,9,6.85
1072319,116,England,male,184,9,120,120,18,8,6,9.2
1072319,157,New Zealand,male,196,5,120,120,12,11,13,9.8
1072320,92,Australia,male,245,5,113,113,19,14,20,13.01
1072320,157,New Zealand,male,243,6,120,120,14,18,12,12.15
1072321,116,England,male,194,7,120,120,12,14,5,9.7
1072321,157,New Zealand,male,192,4,120,120,10,13,13,9.6
1072322,92,Australia,male,121,3,88,88,8,5,6,8.25
1072322,157,New Zealand,male,150,9,120,120,11,5,8,7.5
1074957,128,Hong Kong,male,165,6,120,120,12,5,9,8.25
1074957,172,Scotland,male,189,3,120,120,11,6,16,9.45
1074959,156,Netherlands,male,148,5,116,116,15,2,7,7.66
1074959,160,Oman,male,146,7,120,120,11,3,17,7.3
1074961,128,Hong Kong,male,87,10,111,111,8,0,3,4.7
1074961,160,Oman,male,89,3,66,66,16,1,0,8.09
1074964,156,Netherlands,male,141,10,116,116,12,1,14,7.29
1074964,172,Scotland,male,148,7,120,120,11,4,6,7.4
1074965,134,Ireland,male,160,6,120,120,11,8,12,8.0
1074965,193,United Arab Emirates,male,136,7,120,120,11,6,9,6.8
1074966,128,Hong Kong,male,183,4,120,120,16,5,18,9.15
1074966,156,Netherlands,male,92,10,93,93,4,4,3,5.94
1074968,160,Oman,male,133,10,120,120,13,2,18,6.65
1074968,172,Scotland,male,134,3,114,114,9,3,7,7.05
1074970,134,Ireland,male,211,6,120,120,20,9,6,10.55
1074970,172,Scotland,male,113,10,91,91,9,6,3,7.45
1075507,96,Bangladesh,male,175,9,120,120,14,7,14,8.75
1075507,178,South Africa,male,195,4,120,120,16,4,10,9.75
1075508,96,Bangladesh,male,141,10,111,111,12,4,8,7.62
1075508,178,South Africa,male,224,4,120,120,20,11,3,11.2
1077947,161,Pakistan,male,115,4,103,103,11,2,4,6.7
1077947,197,West Indies,male,111,8,120,120,8,4,7,5.55
1077948,161,Pakistan,male,132,10,120,120,13,3,1,6.6
1077948,197,West Indies,male,129,8,120,120,12,3,7,6.45
1083449,96,Bangladesh,male,155,6,120,120,13,1,17,7.75
1083449,181,Sri Lanka,male,158,4,113,113,17,3,6,8.39
1083450,96,Bangladesh,male,176,9,120,120,15,6,7,8.8
1083450,181,Sri Lanka,male,131,10,108,108,14,1,4,7.28
1085495,161,Pakistan,male,137,8,120,120,8,4,10,6.85
1085495,197,West Indies,male,138,3,89,89,11,9,7,9.3
1085496,161,Pakistan,male,127,3,114,114,11,3,4,6.68
1085496,197,West Indies,male,124,8,120,120,5,9,3,6.2
1086067,2,Australia,female,134,4,95,95,15,4,3,8.46
1086067,23,England,female,132,9,120,120,12,1,12,6.6
1086068,2,Australia,female,112,10,108,108,10,2,10,6.22
1086068,23,England,female,152,6,120,120,14,2,9,7.6
1086069,2,Australia,female,178,2,120,120,25,2,4,8.9
1086069,23,England,female,181,6,114,114,19,3,7,9.53
1089202,163,Papua New Guinea,male,102,10,110,110,7,1,6,5.56
1089202,193,United Arab Emirates,male,108,5,91,91,11,3,3,7.12
1089203,163,Papua New Guinea,male,150,10,120,120,11,2,15,7.5
1089203,193,United Arab Emirates,male,180,3,120,120,14,6,13,9.0
1089243,163,Papua New Guinea,male,128,5,120,120,9,0,7,6.4
1089243,193,United Arab Emirates,male,130,5,115,115,9,1,4,6.78
1098211,131,India,male,190,6,120,120,20,6,12,9.5
1098211,197,West Indies,male,194,1,111,111,12,14,15,10.49
1109610,131,India,male,174,3,116,116,15,2,7,9.0
1109610,181,Sri Lanka,male,170,7,120,120,14,8,7,8.5
1115798,157,New Zealand,male,187,7,120,120,17,6,6,9.35
1115798,197,West Indies,male,140,10,114,114,12,5,4,7.37
1115799,157,New Zealand,male,102,4,54,54,12,4,3,11.33
1115799,197,West Indies,male,0,0,0,0,0,0,0,0.0
1115800,157,New Zealand,male,243,5,120,120,12,17,12,12.15
1115800,197,West Indies,male,124,9,99,99,10,7,6,7.52
1115807,157,New Zealand,male,106,3,95,95,9,3,4,6.69
1115807,161,Pakistan,male,105,10,118,118,4,4,3,5.34
1115808,157,New Zealand,male,153,10,111,111,10,6,17,8.27
1115808,161,Pakistan,male,201,4,120,120,19,8,10,10.05
1115809,157,New Zealand,male,163,6,120,120,10,9,4,8.15
1115809,161,Pakistan,male,181,6,120,120,17,5,5,9.05
1117821,130,ICC World XI,male,177,7,120,120,19,7,10,8.85
1117821,161,Pakistan,male,197,5,120,120,19,6,7,9.85
1117822,130,ICC World XI,male,175,3,119,119,8,10,3,8.82
1117822,161,Pakistan,male,174,6,120,120,17,4,10,8.7
1117824,130,ICC World XI,male,150,8,120,120,15,5,5,7.5
1117824,161,Pakistan,male,183,4,120,120,15,6,2,9.15
1119501,92,Australia,male,118,8,112,112,11,2,3,6.32
1119501,131,India,male,49,1,33,33,7,1,1,8.91
1119502,92,Australia,male,122,2,93,93,10,5,2,7.87
1119502,131,India,male,118,10,120,120,9,2,10,5.9
1119542,92,Australia,male,193,10,118,118,15,10,6,9.81
1119542,116,England,male,221,5,120,120,22,11,3,11.05
1119543,116,England,male,159,8,120,120,16,4,7,7.95
1119543,131,India,male,163,2,110,110,14,7,6,8.89
1119544,116,England,male,149,5,118,118,11,6,5,7.58
1119544,131,India,male,148,5,120,120,10,4,9,7.4
1119545,116,England,male,198,9,120,120,19,12,5,9.9
1119545,131,India,male,201,3,112,112,19,11,1,10.77
1120093,131,India,male,202,3,120,120,16,10,9,10.1
1120093,157,New Zealand,male,149,8,120,120,13,4,9,7.45
1120094,131,India,male,156,7,120,120,16,4,4,7.8
1120094,157,New Zealand,male,196,2,120,120,14,10,12,9.8
1120095,131,India,male,67,5,48,48,4,3,3,8.38
1120095,157,New Zealand,male,61,6,48,48,3,3,8,7.62
1120291,161,Pakistan,male,103,3,104,104,8,0,7,5.94
1120291,181,Sri Lanka,male,102,10,111,111,7,2,4,5.51
1120292,161,Pakistan,male,125,8,119,119,5,1,10,6.3
1120292,181,Sri Lanka,male,124,9,120,120,11,1,4,6.2
1120293,161,Pakistan,male,180,3,120,120,13,5,6,9.0
1120293,181,Sri Lanka,male,144,9,120,120,11,5,3,7.2
1122285,131,India,male,203,5,120,120,20,7,11,10.15
1122285,178,South Africa,male,175,9,120,120,17,5,8,8.75
1122286,131,India,male,188,4,120,120,18,8,1,9.4
1122286,178,South Africa,male,189,4,112,112,12,11,7,10.12
1122287,131,India,male,172,7,120,120,14,3,8,8.6
1122287,178,South Africa,male,165,6,120,120,14,6,4,8.25
1122729,131,India,male,180,3,120,120,18,4,7,9.0
1122729,181,Sri Lanka,male,87,10,96,96,4,2,2,5.44
1122730,131,India,male,260,5,120,120,21,21,9,13.0
1122730,181,Sri Lanka,male,172,9,104,104,11,10,9,9.92
1122731,131,India,male,139,5,116,116,11,3,8,7.19
1122731,181,Sri Lanka,male,135,7,120,120,13,2,8,6.75
1122902,78,Sri Lanka,female,107,10,118,118,7,0,8,5.44
1122902,88,West Indies,female,154,6,120,120,17,2,8,7.7
1122908,58,New Zealand,female,150,8,120,120,10,6,2,7.5
1122908,62,Pakistan,female,111,7,120,120,4,1,11,5.55
1122909,58,New Zealand,female,126,4,120,120,10,2,3,6.3
1122909,62,Pakistan,female,84,10,114,114,6,2,3,4.42
1122910,58,New Zealand,female,93,3,66,66,14,1,2,8.45
1122910,62,Pakistan,female,89,8,120,120,5,0,6,4.45
1123206,35,India,female,168,3,113,113,16,7,12,8.92
1123206,75,South Africa,female,164,4,120,120,16,8,3,8.2
1123207,35,India,female,144,1,115,115,12,3,4,7.51
1123207,75,South Africa,female,142,7,120,120,13,1,8,7.1
1123208,35,India,female,133,10,107,107,17,3,2,7.46
1123208,75,South Africa,female,134,5,114,114,15,2,1,7.05
1123209,35,India,female,0,0,0,0,0,0,0,0.0
1123209,75,South Africa,female,130,3,93,93,9,7,8,8.39
1123210,35,India,female,166,4,120,120,16,7,12,8.3
1123210,75,South Africa,female,112,10,108,108,8,4,3,6.22
1126720,58,New Zealand,female,216,1,120,120,21,7,8,10.8
1126720,75,South Africa,female,150,6,120,120,21,1,4,7.5
1126721,23,England,female,250,3,120,120,33,9,2,12.5
1126721,75,South Africa,female,129,6,120,120,14,4,2,6.45
1126722,23,England,female,160,5,120,120,21,0,5,8.0
1126722,75,South Africa,female,166,4,117,117,15,8,1,8.51
1126723,23,England,female,172,8,120,120,22,1,3,8.6
1126723,58,New Zealand,female,118,10,111,111,14,2,7,6.38
1126724,58,New Zealand,female,151,2,92,92,20,2,11,9.85
1126724,75,South Africa,female,148,6,120,120,14,1,14,7.4
1126725,23,England,female,130,3,95,95,19,0,3,8.21
1126725,58,New Zealand,female,129,10,109,109,18,0,3,7.1
1126726,23,England,female,141,3,103,103,20,1,6,8.21
1126726,58,New Zealand,female,137,9,120,120,16,2,8,6.85
1127300,161,Pakistan,male,204,4,120,120,16,9,8,10.2
1127300,172,Scotland,male,156,6,120,120,12,6,7,7.8
1127301,161,Pakistan,male,166,6,120,120,11,7,12,8.3
1127301,172,Scotland,male,82,10,88,88,5,3,3,5.59
1130746,96,Bangladesh,male,193,5,120,120,16,5,21,9.65
1130746,181,Sri Lanka,male,194,4,100,100,23,8,15,11.64
1130747,96,Bangladesh,male,135,10,112,112,10,5,10,7.23
1130747,181,Sri Lanka,male,210,4,120,120,21,8,10,10.5
1131235,2,Australia,female,156,4,109,109,21,1,6,8.59
1131235,35,India,female,152,5,120,120,22,4,2,7.6
1131236,2,Australia,female,149,8,120,120,13,5,5,7.45
1131236,23,England,female,150,2,102,102,20,3,5,8.82
1131237,23,England,female,199,3,112,112,22,6,5,10.66
1131237,35,India,female,198,4,120,120,26,3,12,9.9
1131238,2,Australia,female,186,5,120,120,26,0,6,9.3
1131238,35,India,female,150,5,120,120,17,1,5,7.5
1131239,2,Australia,female,97,2,69,69,18,0,2,8.43
1131239,23,England,female,96,10,106,106,11,0,4,5.43
1131240,23,England,female,107,10,113,113,11,1,3,5.68
1131240,35,India,female,108,2,94,94,12,1,13,6.89
1131241,2,Australia,female,209,4,120,120,32,5,3,10.45
1131241,23,England,female,152,9,120,120,15,0,11,7.6
1133817,131,India,male,174,5,120,120,12,8,10,8.7
1133817,181,Sri Lanka,male,175,5,111,111,13,8,11,9.46
1133818,96,Bangladesh,male,139,8,120,120,12,3,15,6.95
1133818,131,India,male,140,4,112,112,13,3,4,7.5
1133819,96,Bangladesh,male,215,5,118,118,16,12,9,10.93
1133819,181,Sri Lanka,male,214,6,120,120,17,10,17,10.7
1133820,131,India,male,153,4,105,105,13,4,8,8.74
1133820,181,Sri Lanka,male,152,9,114,114,6,8,10,8.0
1133821,96,Bangladesh,male,159,6,120,120,18,3,7,7.95
1133821,131,India,male,176,3,120,120,15,8,3,8.8
1133822,96,Bangladesh,male,160,8,119,119,12,4,9,8.07
1133822,181,Sri Lanka,male,159,7,120,120,13,4,9,7.95
1133823,96,Bangladesh,male,166,8,120,120,13,6,6,8.3
1133823,131,India,male,168,6,120,120,14,8,4,8.4
1138194,58,New Zealand,female,167,6,120,120,22,1,4,8.35
1138194,88,West Indies,female,159,6,120,120,17,4,5,7.95
1138195,58,New Zealand,female,185,3,120,120,25,3,6,9.25
1138195,88,West Indies,female,79,8,120,120,4,2,7,3.95
1138196,58,New Zealand,female,134,7,120,120,8,5,4,6.7
1138196,88,West Indies,female,133,7,120,120,12,0,7,6.65
1138198,58,New Zealand,female,143,3,98,98,18,1,20,8.76
1138198,88,West Indies,female,139,5,120,120,18,2,2,6.95
1138202,62,Pakistan,female,133,9,119,119,16,0,7,6.71
1138202,78,Sri Lanka,female,124,6,120,120,12,0,11,6.2
1138203,62,Pakistan,female,72,10,112,112,3,0,8,3.86
1138203,78,Sri Lanka,female,73,3,86,86,7,0,4,5.09
1140069,161,Pakistan,male,203,5,120,120,20,6,14,10.15
1140069,197,West Indies,male,60,9,82,82,5,3,3,4.39
1140070,161,Pakistan,male,205,3,120,120,25,4,8,10.25
1140070,197,West Indies,male,123,10,116,116,13,4,4,6.36
1140071,161,Pakistan,male,154,2,101,101,17,3,7,9.15
1140071,197,West Indies,male,153,6,120,120,12,8,7,7.65
1140384,116,England,male,187,8,120,120,17,10,3,9.35
1140384,181,Sri Lanka,male,157,10,120,120,11,8,11,7.85
1140992,131,India,male,208,5,120,120,16,12,10,10.4
1140992,134,Ireland,male,132,9,120,120,8,6,3,6.6
1140993,131,India,male,213,4,120,120,11,13,12,10.65
1140993,134,Ireland,male,70,10,75,75,6,2,3,5.6
1141232,130,ICC World XI,male,127,9,100,100,10,5,14,7.62
1141232,197,West Indies,male,199,4,120,120,12,15,8,9.95
1141835,155,Nepal,male,0,0,0,0,0,0,0,0.0
1141835,156,Netherlands,male,174,4,100,100,15,7,4,10.44
1142501,134,Ireland,male,140,8,120,120,7,6,6,7.0
1142501,156,Netherlands,male,144,10,119,119,14,1,11,7.26
1142502,134,Ireland,male,158,6,120,120,15,3,4,7.9
1142502,156,Netherlands,male,159,6,114,114,17,2,6,8.37
1142503,134,Ireland,male,205,5,120,120,26,3,9,10.25
1142503,172,Scotland,male,159,5,120,120,14,4,9,7.95
1142504,134,Ireland,male,185,6,120,120,11,9,12,9.25
1142504,172,Scotland,male,185,4,120,120,20,2,13,9.25
1142505,156,Netherlands,male,160,6,120,120,16,1,16,8.0
1142505,172,Scotland,male,161,3,106,106,23,3,1,9.11
1142506,156,Netherlands,male,106,9,84,84,6,2,12,7.57
1142506,172,Scotland,male,221,3,120,120,22,6,8,11.05
1142589,178,South Africa,male,98,10,100,100,10,2,8,5.88
1142589,181,Sri Lanka,male,99,7,96,96,11,3,5,6.19
1142913,161,Pakistan,male,182,4,120,120,9,9,10,9.1
1142913,199,Zimbabwe,male,108,9,107,107,4,4,4,6.06
1142914,92,Australia,male,117,1,65,65,8,6,14,10.8
1142914,161,Pakistan,male,116,10,119,119,7,4,5,5.85
1142915,92,Australia,male,229,2,120,120,19,12,10,11.45
1142915,199,Zimbabwe,male,129,9,120,120,12,5,9,6.45
1142916,161,Pakistan,male,163,3,115,115,13,2,6,8.5
1142916,199,Zimbabwe,male,162,4,120,120,13,7,4,8.1
1142917,92,Australia,male,149,7,120,120,11,4,7,7.45
1142917,161,Pakistan,male,194,7,120,120,19,9,6,9.7
1142918,92,Australia,male,154,5,119,119,7,5,12,7.76
1142918,199,Zimbabwe,male,151,9,120,120,11,6,9,7.55
1142919,92,Australia,male,183,8,120,120,13,9,8,9.15
1142919,161,Pakistan,male,187,4,116,116,20,6,8,9.67
1144149,178,South Africa,male,160,6,120,120,12,6,12,8.0
1144149,199,Zimbabwe,male,126,10,104,104,8,7,8,7.27
1144150,178,South Africa,male,135,4,94,94,14,5,10,8.62
1144150,199,Zimbabwe,male,132,7,120,120,8,8,4,6.6
1144161,161,Pakistan,male,186,9,120,120,17,5,10,9.3
1144161,178,South Africa,male,192,6,120,120,17,6,6,9.6
1144162,161,Pakistan,male,181,7,120,120,24,2,6,9.05
1144162,178,South Africa,male,188,3,120,120,11,11,12,9.4
1144163,161,Pakistan,male,168,9,120,120,15,6,11,8.4
1144163,178,South Africa,male,141,9,120,120,12,5,5,7.05
1144172,178,South Africa,male,134,8,120,120,13,3,2,6.7
1144172,181,Sri Lanka,male,134,7,120,120,7,5,8,6.7
1144173,178,South Africa,male,180,3,120,120,16,5,6,9.0
1144173,181,Sri Lanka,male,164,9,120,120,16,8,4,8.2
1144174,178,South Africa,male,198,2,120,120,18,9,6,9.9
1144174,181,Sri Lanka,male,137,10,94,94,11,5,21,8.74
1144441,5,Bangladesh,female,137,5,120,120,13,1,16,6.85
1144441,75,South Africa,female,169,4,120,120,24,2,0,8.45
1144442,5,Bangladesh,female,41,6,54,54,0,0,2,4.56
1144442,75,South Africa,female,64,4,54,54,5,1,1,7.11
1144978,2,Australia,female,164,4,106,106,26,1,8,9.28
1144978,58,New Zealand,female,162,5,120,120,17,6,14,8.1
1144979,2,Australia,female,149,4,113,113,20,0,6,7.91
1144979,58,New Zealand,female,145,8,120,120,13,4,12,7.25
1144980,2,Australia,female,105,1,75,75,17,1,4,8.4
1144980,58,New Zealand,female,103,10,114,114,7,0,13,5.42
1144989,92,Australia,male,87,7,60,60,7,2,9,8.7
1144989,178,South Africa,male,108,6,60,60,10,3,12,10.8
1144990,92,Australia,male,158,4,102,102,8,9,6,9.29
1144990,131,India,male,169,7,102,102,17,4,12,9.94
1144991,92,Australia,male,132,7,114,114,10,4,16,6.95
1144991,131,India,male,0,0,0,0,0,0,0,0.0
1144992,92,Australia,male,164,6,120,120,21,0,12,8.2
1144992,131,India,male,168,4,118,118,12,8,7,8.54
1145890,37,Ireland,female,136,8,120,120,16,1,10,6.8
1145890,58,New Zealand,female,142,0,66,66,21,5,2,12.91
1145894,5,Bangladesh,female,135,6,120,120,17,0,10,6.75
1145894,37,Ireland,female,134,8,120,120,15,1,4,6.7
1145895,5,Bangladesh,female,125,6,115,115,12,3,10,6.52
1145895,37,Ireland,female,124,8,120,120,12,2,9,6.2
1145896,5,Bangladesh,female,151,4,120,120,15,3,8,7.55
1145896,37,Ireland,female,152,4,120,120,18,1,6,7.6
1146723,96,Bangladesh,male,143,9,120,120,15,2,12,7.15
1146723,197,West Indies,male,93,3,55,55,5,8,8,10.15
1146724,96,Bangladesh,male,171,5,120,120,17,6,4,8.55
1146724,197,West Indies,male,159,9,120,120,10,9,10,7.95
1146725,96,Bangladesh,male,184,5,120,120,18,5,11,9.2
1146725,197,West Indies,male,135,7,103,103,7,7,12,7.86
1147717,37,Ireland,female,93,3,98,98,8,1,8,5.69
1147717,82,Thailand,female,92,7,119,119,7,0,11,4.64
1147718,71,Scotland,female,47,1,41,41,7,0,3,6.88
1147718,84,Uganda,female,43,10,93,93,1,0,6,2.77
1147719,57,Netherlands,female,137,3,120,120,14,0,6,6.85
1147719,85,United Arab Emirates,female,138,4,118,118,16,0,8,7.02
1147720,5,Bangladesh,female,86,2,89,89,10,0,8,5.8
1147720,63,Papua New Guinea,female,84,6,120,120,5,0,8,4.2
1147722,37,Ireland,female,99,1,94,94,8,0,9,6.32
1147722,71,Scotland,female,98,2,120,120,4,0,14,4.9
1147723,5,Bangladesh,female,44,3,47,47,7,0,5,5.62
1147723,57,Netherlands,female,42,10,108,108,3,0,6,2.33
1147724,63,Papua New Guinea,female,84,8,119,119,3,0,5,4.24
1147724,85,United Arab Emirates,female,83,10,120,120,6,0,7,4.15
1147725,71,Scotland,female,97,7,120,120,9,0,6,4.85
1147725,82,Thailand,female,70,10,104,104,2,1,1,4.04
1147726,37,Ireland,female,79,2,73,73,7,0,6,6.49
1147726,84,Uganda,female,78,8,120,120,3,0,9,3.9
1147727,5,Bangladesh,female,40,2,41,41,6,0,2,5.85
1147727,85,United Arab Emirates,female,39,10,98,98,1,0,0,2.39
1147728,57,Netherlands,female,85,10,100,100,4,0,4,5.1
1147728,63,Papua New Guinea,female,129,5,120,120,8,0,21,6.45
1147729,37,Ireland,female,113,6,120,120,11,0,6,5.65
1147729,63,Papua New Guinea,female,86,10,116,116,2,0,10,4.45
1147730,57,Netherlands,female,118,3,120,120,10,0,3,5.9
1147730,84,Uganda,female,119,4,111,111,11,1,10,6.43
1147731,5,Bangladesh,female,125,6,120,120,8,0,15,6.25
1147731,71,Scotland,female,76,7,120,120,6,0,2,3.8
1147732,82,Thailand,female,51,3,93,93,0,0,6,3.29
1147732,85,United Arab Emirates,female,50,10,109,109,0,0,3,2.75
1147733,57,Netherlands,female,146,3,120,120,12,0,5,7.3
1147733,85,United Arab Emirates,female,146,9,120,120,11,0,10,7.3
1147734,63,Papua New Guinea,female,101,6,120,120,6,0,21,5.05
1147734,71,Scotland,female,102,0,102,102,8,0,10,6.0
1147735,82,Thailand,female,113,7,120,120,9,0,2,5.65
1147735,84,Uganda,female,79,8,120,120,4,0,5,3.95
1147736,5,Bangladesh,female,122,9,120,120,9,2,12,6.1
1147736,37,Ireland,female,97,10,112,112,11,0,7,5.2
1148048,35,India,female,169,3,120,120,22,1,4,8.45
1148048,47,Malaysia,female,27,10,82,82,3,0,6,1.98
1148050,62,Pakistan,female,70,2,79,79,7,0,2,5.32
1148050,82,Thailand,female,67,8,120,120,3,0,8,3.35
1148051,5,Bangladesh,female,96,3,107,107,7,0,4,5.38
1148051,62,Pakistan,female,95,5,120,120,8,0,5,4.75
1148052,35,India,female,132,4,120,120,10,2,5,6.6
1148052,82,Thailand,female,66,8,120,120,1,0,5,3.3
1148053,47,Malaysia,female,46,7,120,120,1,0,8,2.3
1148053,78,Sri Lanka,female,136,3,120,120,13,1,17,6.8
1148054,62,Pakistan,female,136,4,120,120,10,1,10,6.8
1148054,78,Sri Lanka,female,113,9,120,120,11,0,4,5.65
1148055,47,Malaysia,female,36,8,120,120,1,0,2,1.8
1148055,82,Thailand,female,37,1,54,54,1,0,3,4.11
1148056,5,Bangladesh,female,142,3,118,118,19,2,2,7.22
1148056,35,India,female,141,7,120,120,20,0,10,7.05
1148057,5,Bangladesh,female,62,1,67,67,6,1,4,5.55
1148057,82,Thailand,female,60,8,120,120,5,0,2,3.0
1148058,47,Malaysia,female,30,10,112,112,1,0,0,1.61
1148058,62,Pakistan,female,177,5,120,120,16,1,6,8.85
1148059,35,India,female,110,3,113,113,8,0,3,5.84
1148059,78,Sri Lanka,female,107,7,120,120,6,0,8,5.35
1148060,35,India,female,75,3,97,97,7,0,3,4.64
1148060,62,Pakistan,female,72,7,120,120,4,0,4,3.6
1148061,78,Sri Lanka,female,104,10,120,120,7,0,3,5.2
1148061,82,Thailand,female,105,6,120,120,6,0,7,5.25
1148062,5,Bangladesh,female,130,4,120,120,11,1,6,6.5
1148062,47,Malaysia,female,60,9,120,120,8,0,6,3.0
1148063,5,Bangladesh,female,113,7,120,120,12,0,3,5.65
1148063,35,India,female,112,9,120,120,10,0,5,5.6
1150533,35,India,female,194,5,120,120,18,8,4,9.7
1150533,58,New Zealand,female,160,9,120,120,22,1,6,8.0
1150534,2,Australia,female,165,5,120,120,19,3,1,8.25
1150534,62,Pakistan,female,113,8,120,120,7,0,9,5.65
1150535,5,Bangladesh,female,46,10,88,88,3,0,7,3.14
1150535,88,West Indies,female,106,8,120,120,4,3,7,5.3
1150537,35,India,female,127,3,114,114,15,0,7,6.68
1150537,62,Pakistan,female,133,7,120,120,13,2,4,6.65
1150538,2,Australia,female,89,1,55,55,11,2,10,9.71
1150538,37,Ireland,female,93,6,120,120,8,0,10,4.65
1150539,5,Bangladesh,female,76,9,120,120,4,4,3,3.8
1150539,23,England,female,64,3,57,57,8,0,0,6.74
1150540,75,South Africa,female,102,3,111,111,10,1,10,5.51
1150540,78,Sri Lanka,female,99,8,120,120,8,1,24,4.95
1150541,37,Ireland,female,101,9,120,120,10,0,11,5.05
1150541,62,Pakistan,female,139,6,120,120,16,0,6,6.95
1150542,2,Australia,female,153,7,120,120,20,0,11,7.65
1150542,58,New Zealand,female,120,10,105,105,10,1,17,6.86
1150543,5,Bangladesh,female,72,10,120,120,3,0,11,3.6
1150543,78,Sri Lanka,female,97,7,120,120,7,2,7,4.85
1150544,75,South Africa,female,76,10,112,112,5,1,1,4.07
1150544,88,West Indies,female,107,7,120,120,8,3,9,5.35
1150545,35,India,female,145,6,120,120,13,3,11,7.25
1150545,37,Ireland,female,93,8,120,120,8,0,7,4.65
1150546,58,New Zealand,female,144,6,120,120,12,2,12,7.2
1150546,62,Pakistan,female,90,10,108,108,10,0,8,5.0
1150547,23,England,female,87,3,85,85,11,0,6,6.14
1150547,75,South Africa,female,85,10,117,117,4,4,7,4.36
1150548,78,Sri Lanka,female,104,10,106,106,12,0,4,5.89
1150548,88,West Indies,female,187,5,120,120,21,6,9,9.35
1150549,2,Australia,female,119,9,118,118,10,2,3,6.05
1150549,35,India,female,167,8,120,120,13,6,14,8.35
1150550,37,Ireland,female,79,9,120,120,7,0,5,3.95
1150550,58,New Zealand,female,81,2,45,45,9,3,8,10.8
1150551,23,England,female,115,8,120,120,8,2,6,5.75
1150551,88,West Indies,female,117,6,117,117,8,5,6,6.0
1150552,5,Bangladesh,female,79,5,120,120,5,0,4,3.95
1150552,75,South Africa,female,109,9,120,120,9,0,3,5.45
1150553,2,Australia,female,142,5,120,120,13,2,11,7.1
1150553,88,West Indies,female,71,10,105,105,5,0,8,4.06
1150554,23,England,female,116,2,103,103,8,1,2,6.76
1150554,35,India,female,112,10,117,117,9,2,5,5.74
1150555,2,Australia,female,106,2,91,91,9,3,9,6.99
1150555,23,England,female,105,10,118,118,7,2,6,5.34
1152840,116,England,male,175,3,116,116,16,5,6,9.05
1152840,161,Pakistan,male,173,6,120,120,15,5,6,8.65
1153317,96,Bangladesh,male,129,10,114,114,15,2,8,6.79
1153317,197,West Indies,male,130,2,65,65,8,10,6,12.0
1153318,96,Bangladesh,male,211,4,120,120,22,6,18,10.55
1153318,197,West Indies,male,175,10,116,116,15,6,14,9.05
1153319,96,Bangladesh,male,140,10,102,102,10,8,15,8.24
1153319,197,West Indies,male,190,10,116,116,14,12,8,9.83
1153696,131,India,male,139,10,116,116,11,7,7,7.19
1153696,157,New Zealand,male,219,6,120,120,14,14,6,10.95
1153697,131,India,male,162,3,113,113,11,6,8,8.6
1153697,157,New Zealand,male,158,8,120,120,8,6,9,7.9
1153698,131,India,male,208,6,120,120,13,13,12,10.4
1153698,157,New Zealand,male,212,4,120,120,18,10,7,10.6
1153843,157,New Zealand,male,179,7,120,120,7,12,18,8.95
1153843,181,Sri Lanka,male,144,10,101,101,11,5,10,8.55
1153858,35,India,female,136,10,115,115,14,4,4,7.1
1153858,58,New Zealand,female,159,4,120,120,16,4,5,7.95
1153859,35,India,female,135,6,120,120,10,2,1,6.75
1153859,58,New Zealand,female,136,6,120,120,13,0,7,6.8
1153860,35,India,female,159,4,120,120,19,2,4,7.95
1153860,58,New Zealand,female,161,7,120,120,19,2,2,8.05
1156216,75,South Africa,female,101,8,120,120,10,1,3,5.05
1156216,88,West Indies,female,102,1,93,93,6,3,8,6.58
1156218,75,South Africa,female,136,2,112,112,12,4,6,7.29
1156218,88,West Indies,female,135,3,120,120,11,4,7,6.75
1156219,75,South Africa,female,156,7,119,119,17,6,1,7.87
1156219,88,West Indies,female,155,5,120,120,16,4,9,7.75
1157372,92,Australia,male,89,10,101,101,12,0,4,5.29
1157372,161,Pakistan,male,155,8,120,120,12,4,5,7.75
1157373,92,Australia,male,136,8,120,120,5,6,18,6.8
1157373,161,Pakistan,male,147,6,120,120,9,4,10,7.35
1157374,92,Australia,male,117,10,115,115,8,4,7,6.1
1157374,161,Pakistan,male,150,5,120,120,13,5,4,7.5
1157375,157,New Zealand,male,146,6,120,120,12,3,3,7.3
1157375,161,Pakistan,male,148,6,120,120,12,6,5,7.4
1157376,157,New Zealand,male,153,7,120,120,11,5,5,7.65
1157376,161,Pakistan,male,154,4,118,118,9,6,8,7.83
1157377,157,New Zealand,male,119,10,101,101,11,3,3,7.07
1157377,161,Pakistan,male,166,3,120,120,15,4,2,8.3
1157710,35,India,female,0,0,0,0,0,0,0,0.0
1157710,78,Sri Lanka,female,49,3,47,47,3,1,8,6.26
1157711,35,India,female,132,5,110,110,12,3,8,7.2
1157711,78,Sri Lanka,female,131,8,120,120,9,3,7,6.55
1157712,35,India,female,137,3,94,94,16,2,10,8.74
1157712,78,Sri Lanka,female,134,5,102,102,13,2,8,7.88
1157713,35,India,female,156,10,111,111,13,6,15,8.43
1157713,78,Sri Lanka,female,105,10,106,106,8,1,11,5.94
1157759,131,India,male,110,5,107,107,11,1,13,6.17
1157759,197,West Indies,male,109,8,120,120,13,1,5,5.45
1157760,131,India,male,195,2,120,120,15,8,10,9.75
1157760,197,West Indies,male,124,9,120,120,11,4,16,6.2
1157761,131,India,male,182,4,120,120,20,5,7,9.1
1157761,197,West Indies,male,181,3,120,120,13,9,20,9.05
1158071,116,England,male,161,6,113,113,16,3,23,8.55
1158071,197,West Indies,male,160,8,120,120,9,10,11,8.0
1158072,116,England,male,182,6,120,120,19,5,4,9.1
1158072,197,West Indies,male,45,10,71,71,4,1,0,3.8
1158073,116,England,male,72,2,63,63,8,4,1,6.86
1158073,197,West Indies,male,71,10,78,78,6,3,2,5.46
1158344,9,Botswana,female,164,4,120,120,15,0,45,8.2
1158344,44,Lesotho,female,40,10,87,87,0,0,25,2.76
1158345,46,Malawi,female,53,8,120,120,1,0,19,2.65
1158345,55,Namibia,female,54,1,31,31,7,0,8,10.45
1158348,55,Namibia,female,84,3,67,67,9,0,14,7.52
1158348,73,Sierra Leone,female,83,7,120,120,3,0,22,4.15
1158349,44,Lesotho,female,87,10,115,115,7,0,34,4.54
1158349,53,Mozambique,female,157,3,120,120,21,0,30,7.85
1158350,9,Botswana,female,82,0,70,70,8,0,15,7.03
1158350,53,Mozambique,female,80,7,120,120,7,0,27,4.0
1158352,9,Botswana,female,116,3,120,120,16,0,11,5.8
1158352,73,Sierra Leone,female,117,4,119,119,7,0,32,5.9
1158353,53,Mozambique,female,25,10,66,66,3,0,5,2.27
1158353,55,Namibia,female,26,0,13,13,5,0,5,12.0
1158354,44,Lesotho,female,31,7,120,120,3,0,9,1.55
1158354,55,Namibia,female,210,5,120,120,26,0,39,10.5
1158355,46,Malawi,female,92,6,120,120,7,0,27,4.6
1158355,73,Sierra Leone,female,148,3,121,121,12,0,29,7.34
1158356,44,Lesotho,female,77,6,120,120,3,0,23,3.85
1158356,73,Sierra Leone,female,157,3,120,120,8,0,36,7.85
1158358,9,Botswana,female,93,4,120,120,8,0,15,4.65
1158358,55,Namibia,female,94,4,97,97,11,0,13,5.81
1158359,44,Lesotho,female,49,10,105,105,3,0,14,2.8
1158359,46,Malawi,female,50,1,36,36,4,0,15,8.33
1158361,55,Namibia,female,81,1,67,67,9,0,18,7.25
1158361,73,Sierra Leone,female,80,4,120,120,5,0,19,4.0
1161231,2,Australia,female,195,3,120,120,24,4,11,9.75
1161231,62,Pakistan,female,131,7,120,120,13,2,17,6.55
1161232,2,Australia,female,104,4,102,102,9,2,6,6.12
1161232,62,Pakistan,female,101,10,119,119,9,1,11,5.09
1161233,2,Australia,female,98,1,62,62,13,2,6,9.48
1161233,62,Pakistan,female,97,8,121,121,5,0,15,4.81
1162727,92,Australia,male,119,3,97,97,14,0,2,7.36
1162727,193,United Arab Emirates,male,117,6,120,120,7,5,6,5.85
1168020,23,England,female,180,6,120,120,20,1,3,9.0
1168020,88,West Indies,female,138,9,120,120,18,2,3,6.9
1168026,2,Australia,female,226,3,120,120,31,9,1,11.3
1168026,23,England,female,133,9,120,120,11,2,5,6.65
1168027,2,Australia,female,122,3,107,107,14,1,2,6.84
1168027,23,England,female,121,8,120,120,8,2,3,6.05
1168028,2,Australia,female,122,8,120,120,9,3,5,6.1
1168028,23,England,female,139,5,120,120,7,3,16,6.95
1168160,75,South Africa,female,94,3,86,86,16,0,1,6.56
1168160,78,Sri Lanka,female,90,8,120,120,7,0,4,4.5
1168162,75,South Africa,female,163,5,120,120,13,5,3,8.15
1168162,78,Sri Lanka,female,124,8,120,120,14,2,9,6.2
1168247,92,Australia,male,127,7,120,120,13,2,2,6.35
1168247,131,India,male,126,7,120,120,9,2,11,6.3
1168248,92,Australia,male,194,3,118,118,16,9,6,9.86
1168248,131,India,male,190,4,120,120,11,13,8,9.5
1168521,134,Ireland,male,134,1,65,65,14,7,4,12.37
1168521,199,Zimbabwe,male,132,8,78,78,16,6,3,10.15
1168522,134,Ireland,male,171,9,120,120,16,8,7,8.55
1168522,199,Zimbabwe,male,172,2,100,100,18,8,7,10.32
1170457,155,Nepal,male,132,7,120,120,10,2,6,6.6
1170457,193,United Arab Emirates,male,153,6,120,120,12,5,5,7.65
1170458,155,Nepal,male,111,6,117,117,9,2,10,5.69
1170458,193,United Arab Emirates,male,107,10,116,116,8,2,8,5.53
1170459,155,Nepal,male,104,8,60,60,8,6,3,10.4
1170459,193,United Arab Emirates,male,90,8,60,60,8,3,7,9.0
1172163,23,England,female,160,4,120,120,21,0,13,8.0
1172163,35,India,female,119,6,120,120,10,0,22,5.95
1172164,23,England,female,114,5,115,115,11,0,3,5.95
1172164,35,India,female,111,8,120,120,6,2,18,5.55
1172165,23,England,female,119,6,120,120,9,2,3,5.95
1172165,35,India,female,118,6,120,120,12,1,8,5.9
1172469,62,Pakistan,female,89,10,108,108,8,0,6,4.94
1172469,88,West Indies,female,160,2,120,120,13,6,8,8.0
1172470,62,Pakistan,female,132,4,120,120,11,1,9,6.6
1172470,88,West Indies,female,132,6,120,120,12,3,5,6.6
1172471,62,Pakistan,female,150,6,120,120,13,4,9,7.5
1172471,88,West Indies,female,138,8,120,120,12,5,1,6.9
1172505,156,Netherlands,male,154,3,119,119,17,4,11,7.76
1172505,172,Scotland,male,153,7,120,120,18,3,5,7.65
1172506,134,Ireland,male,159,5,120,120,21,3,2,7.95
1172506,160,Oman,male,144,9,120,120,11,3,11,7.2
1172507,156,Netherlands,male,167,2,113,113,13,7,7,8.87
1172507,160,Oman,male,166,4,120,120,15,6,6,8.3
1172508,134,Ireland,male,180,7,120,120,14,8,3,9.0
1172508,172,Scotland,male,181,4,111,111,20,8,3,9.78
1172509,134,Ireland,male,183,9,120,120,20,6,3,9.15
1172509,156,Netherlands,male,182,9,120,120,23,3,13,9.1
1172510,160,Oman,male,111,10,117,117,5,4,10,5.69
1172510,172,Scotland,male,115,3,93,93,14,3,10,7.42
1172910,16,China,female,32,7,48,48,0,0,1,4.0
1172910,82,Thailand,female,35,4,47,47,3,0,3,4.47
1172911,43,Kuwait,female,76,9,111,111,5,0,22,4.11
1172911,47,Malaysia,female,139,3,120,120,9,0,18,6.95
1172912,34,Hong Kong,female,85,8,120,120,4,0,12,4.25
1172912,85,United Arab Emirates,female,106,8,120,120,9,0,15,5.3
1172913,47,Malaysia,female,92,7,120,120,2,0,14,4.6
1172913,56,Nepal,female,126,5,120,120,9,0,15,6.3
1172914,16,China,female,87,9,119,119,4,0,16,4.39
1172914,34,Hong Kong,female,86,8,120,120,2,0,7,4.3
1172915,43,Kuwait,female,59,10,98,98,3,0,16,3.61
1172915,85,United Arab Emirates,female,145,5,120,120,6,0,10,7.25
1172916,47,Malaysia,female,39,10,78,78,3,0,4,3.0
1172916,85,United Arab Emirates,female,125,6,120,120,4,0,11,6.25
1172917,56,Nepal,female,67,8,120,120,2,0,4,3.35
1172917,82,Thailand,female,124,7,120,120,7,0,7,6.2
1172918,16,China,female,60,1,69,69,8,0,2,5.22
1172918,43,Kuwait,female,59,9,120,120,1,0,11,2.95
1172919,56,Nepal,female,45,3,62,62,4,1,6,4.35
1172919,85,United Arab Emirates,female,41,10,105,105,1,0,5,2.34
1172920,34,Hong Kong,female,23,10,103,103,1,0,3,1.34
1172920,82,Thailand,female,105,3,120,120,11,0,5,5.25
1172921,16,China,female,64,2,73,73,4,0,11,5.26
1172921,47,Malaysia,female,63,9,120,120,1,0,4,3.15
1172922,16,China,female,68,10,119,119,4,0,7,3.43
1172922,85,United Arab Emirates,female,95,9,120,120,8,0,6,4.75
1172923,43,Kuwait,female,38,10,99,99,1,0,10,2.3
1172923,82,Thailand,female,41,1,44,44,3,0,8,5.59
1172924,34,Hong Kong,female,62,8,120,120,4,0,2,3.1
1172924,56,Nepal,female,63,6,111,111,4,0,6,3.41
1172925,47,Malaysia,female,27,10,96,96,0,0,8,1.69
1172925,82,Thailand,female,114,5,120,120,8,0,8,5.7
1172926,16,China,female,72,6,120,120,3,0,7,3.6
1172926,56,Nepal,female,77,9,120,120,4,0,6,3.85
1172927,34,Hong Kong,female,26,1,37,37,1,0,4,4.22
1172927,43,Kuwait,female,25,10,60,60,2,0,8,2.5
1172929,43,Kuwait,female,86,9,120,120,6,0,14,4.3
1172929,56,Nepal,female,116,7,120,120,10,0,15,5.8
1172930,82,Thailand,female,107,8,120,120,9,1,1,5.35
1172930,85,United Arab Emirates,female,57,10,116,116,3,1,7,2.95
1173048,2,Australia,female,115,10,119,119,9,2,2,5.8
1173048,35,India,female,132,4,120,120,10,1,7,6.6
1173049,82,Thailand,female,78,9,120,120,4,0,4,3.9
1173049,88,West Indies,female,80,3,100,100,10,0,8,4.8
1173050,58,New Zealand,female,131,3,106,106,10,3,4,7.42
1173050,78,Sri Lanka,female,127,7,120,120,8,3,16,6.35
1173051,23,England,female,123,8,120,120,12,1,5,6.15
1173051,75,South Africa,female,124,4,118,118,9,4,8,6.31
1173052,2,Australia,female,123,5,117,117,10,2,4,6.31
1173052,78,Sri Lanka,female,122,6,120,120,15,2,2,6.1
1173053,5,Bangladesh,female,124,8,120,120,14,0,2,6.2
1173053,35,India,female,142,6,120,120,11,5,7,7.1
1173054,23,England,female,176,2,120,120,21,4,9,8.8
1173054,82,Thailand,female,78,7,120,120,7,0,10,3.9
1173055,62,Pakistan,female,127,2,110,110,14,0,11,6.93
1173055,88,West Indies,female,124,7,120,120,8,4,4,6.2
1173056,35,India,female,133,8,120,120,11,4,4,6.65
1173056,58,New Zealand,female,130,6,120,120,16,1,4,6.5
1173057,2,Australia,female,189,1,120,120,22,4,3,9.45
1173057,5,Bangladesh,female,103,9,120,120,11,0,5,5.15
1173058,75,South Africa,female,195,3,120,120,22,7,4,9.75
1173058,82,Thailand,female,82,10,115,115,5,1,9,4.28
1173059,23,England,female,158,7,120,120,19,1,8,7.9
1173059,62,Pakistan,female,116,10,118,118,12,1,19,5.9
1173060,5,Bangladesh,female,74,10,119,119,7,0,7,3.73
1173060,58,New Zealand,female,91,10,110,110,8,0,3,4.96
1173061,35,India,female,116,3,88,88,15,2,7,7.91
1173061,78,Sri Lanka,female,113,9,120,120,11,1,3,5.65
1173062,62,Pakistan,female,119,5,120,120,10,2,9,5.95
1173062,75,South Africa,female,136,6,120,120,15,1,6,6.8
1173063,23,England,female,143,5,120,120,14,0,4,7.15
1173063,88,West Indies,female,97,9,103,103,10,2,12,5.65
1173064,5,Bangladesh,female,91,8,120,120,8,0,6,4.55
1173064,78,Sri Lanka,female,92,1,93,93,9,2,7,5.94
1173065,2,Australia,female,155,5,120,120,17,3,4,7.75
1173065,58,New Zealand,female,151,7,120,120,14,4,10,7.55
1173066,62,Pakistan,female,0,0,0,0,0,0,0,0.0
1173066,82,Thailand,female,150,3,120,120,23,0,8,7.5
1173069,2,Australia,female,134,5,120,120,12,1,14,6.7
1173069,75,South Africa,female,92,5,78,78,8,3,1,7.08
1173070,2,Australia,female,184,4,120,120,20,5,4,9.2
1173070,35,India,female,99,10,115,115,8,0,5,5.17
1176435,23,England,female,95,2,86,86,8,2,1,6.63
1176435,78,Sri Lanka,female,94,10,114,114,8,0,13,4.95
1176436,23,England,female,109,2,83,83,9,1,10,7.88
1176436,78,Sri Lanka,female,108,6,120,120,8,0,21,5.4
1176437,23,England,female,204,2,120,120,26,3,5,10.2
1176437,78,Sri Lanka,female,108,6,120,120,9,0,12,5.4
1176792,163,Papua New Guinea,male,216,4,120,120,15,8,8,10.8
1176792,165,Philippines,male,83,8,120,120,2,0,18,4.15
1176793,163,Papua New Guinea,male,125,2,92,92,6,7,5,8.15
1176793,196,Vanuatu,male,124,6,120,120,10,2,4,6.2
1176794,165,Philippines,male,93,7,120,120,4,2,8,4.65
1176794,196,Vanuatu,male,156,6,120,120,7,5,15,7.8
1176795,163,Papua New Guinea,male,205,2,120,120,10,8,12,10.25
1176795,165,Philippines,male,11,2,12,12,1,0,0,5.5
1176796,165,Philippines,male,46,3,30,30,5,0,2,9.2
1176796,196,Vanuatu,male,36,2,30,30,1,0,3,7.2
1176797,163,Papua New Guinea,male,60,0,18,18,2,5,7,20.0
1176797,196,Vanuatu,male,56,8,78,78,3,0,5,4.31
1177018,62,Pakistan,female,120,3,108,108,11,3,3,6.67
1177018,75,South Africa,female,119,7,120,120,8,2,6,5.95
1177019,62,Pakistan,female,128,5,120,120,12,1,8,6.4
1177019,75,South Africa,female,129,2,119,119,14,1,0,6.5
1177020,62,Pakistan,female,139,6,118,118,17,3,6,7.07
1177020,75,South Africa,female,138,3,120,120,18,1,2,6.9
1177021,62,Pakistan,female,172,5,120,120,20,4,10,8.6
1177021,75,South Africa,female,174,6,115,115,23,2,5,9.08
1177022,62,Pakistan,female,125,5,120,120,12,2,3,6.25
1177022,75,South Africa,female,127,1,91,91,18,2,6,8.37
1177484,193,United Arab Emirates,male,29,2,21,21,3,1,4,8.29
1177484,194,United States of America,male,152,7,90,90,16,6,11,10.13
1177485,193,United Arab Emirates,male,182,7,120,120,16,9,6,9.1
1177485,194,United States of America,male,158,6,120,120,14,2,15,7.9
1178996,123,Germany,male,130,6,120,120,1,6,6,6.5
1178996,137,Italy,male,135,4,93,93,11,4,14,8.71
1179016,9,Botswana,female,50,10,100,100,1,0,17,3.0
1179016,55,Namibia,female,51,3,39,39,2,0,11,7.85
1179017,9,Botswana,female,76,10,110,110,2,0,26,4.15
1179017,55,Namibia,female,162,1,120,120,6,1,26,8.1
1179018,9,Botswana,female,75,5,120,120,2,0,9,3.75
1179018,55,Namibia,female,163,8,120,120,6,3,31,8.15
1179610,9,Botswana,female,73,10,116,116,2,0,21,3.78
1179610,55,Namibia,female,161,4,120,120,9,1,36,8.05
1179611,9,Botswana,female,58,7,120,120,1,0,15,2.9
1179611,55,Namibia,female,59,1,43,43,0,1,17,8.23
1182642,53,Mozambique,female,35,9,116,116,1,0,8,1.81
1182642,90,Zimbabwe,female,198,3,120,120,8,2,39,9.9
1182644,73,Sierra Leone,female,53,10,101,101,4,0,9,3.15
1182644,84,Uganda,female,143,2,120,120,9,0,16,7.15
1182646,53,Mozambique,female,93,7,119,119,7,0,19,4.69
1182646,59,Nigeria,female,94,2,111,111,3,0,20,5.08
1182648,55,Namibia,female,115,6,120,120,5,0,7,5.75
1182648,84,Uganda,female,101,9,120,120,10,0,8,5.05
1182649,81,Tanzania,female,51,8,120,120,4,0,7,2.55
1182649,90,Zimbabwe,female,143,4,120,120,12,3,5,7.15
1182650,53,Mozambique,female,137,6,120,120,9,2,15,6.85
1182650,68,Rwanda,female,138,9,117,117,5,0,23,7.08
1182652,42,Kenya,female,96,7,120,120,4,1,5,4.8
1182652,84,Uganda,female,100,5,120,120,7,1,5,5.0
1182653,55,Namibia,female,75,0,74,74,4,0,14,6.08
1182653,73,Sierra Leone,female,74,8,120,120,6,0,17,3.7
1182654,68,Rwanda,female,63,8,120,120,5,0,5,3.15
1182654,90,Zimbabwe,female,145,2,120,120,12,1,8,7.25
1182656,59,Nigeria,female,35,10,73,73,1,0,8,2.88
1182656,90,Zimbabwe,female,36,0,22,22,4,0,6,9.82
1182657,68,Rwanda,female,76,6,120,120,6,0,4,3.8
1182657,81,Tanzania,female,114,6,120,120,15,0,12,5.7
1182658,55,Namibia,female,64,9,120,120,6,0,10,3.2
1182658,90,Zimbabwe,female,114,5,120,120,10,0,7,5.7
1182904,63,Papua New Guinea,female,144,4,120,120,11,2,21,7.2
1182904,87,Vanuatu,female,87,10,120,120,6,0,12,4.35
1182905,36,Indonesia,female,102,3,104,104,10,0,9,5.88
1182905,40,Japan,female,101,6,120,120,5,0,13,5.05
1182906,36,Indonesia,female,69,7,120,120,3,0,5,3.45
1182906,63,Papua New Guinea,female,70,3,89,89,6,0,7,4.72
1182909,26,Fiji,female,23,10,67,67,0,0,2,2.06
1182909,63,Papua New Guinea,female,27,0,19,19,2,0,4,8.53
1182912,69,Samoa,female,59,2,90,90,3,0,9,3.93
1182912,87,Vanuatu,female,58,10,105,105,3,0,11,3.31
1182913,26,Fiji,female,87,8,120,120,7,0,15,4.35
1182913,40,Japan,female,118,9,120,120,4,0,28,5.9
1182914,40,Japan,female,37,10,117,117,2,0,3,1.9
1182914,63,Papua New Guinea,female,38,0,38,38,2,1,1,6.0
1182916,26,Fiji,female,69,10,118,118,5,0,4,3.51
1182916,36,Indonesia,female,73,2,69,69,7,0,12,6.35
1182917,40,Japan,female,94,9,120,120,5,0,15,4.7
1182917,87,Vanuatu,female,95,1,87,87,8,0,6,6.55
1182918,63,Papua New Guinea,female,83,3,100,100,6,0,12,4.98
1182918,69,Samoa,female,82,6,120,120,6,0,9,4.1
1183510,2,Australia,female,217,4,120,120,27,5,5,10.85
1183510,78,Sri Lanka,female,176,7,120,120,17,6,14,8.8
1183511,2,Australia,female,87,1,58,58,10,1,8,9.0
1183511,78,Sri Lanka,female,84,8,120,120,9,0,4,4.2
1183512,2,Australia,female,226,2,120,120,26,7,13,11.3
1183512,78,Sri Lanka,female,94,7,120,120,11,0,8,4.7
1183524,92,Australia,male,233,2,120,120,25,10,6,11.65
1183524,181,Sri Lanka,male,99,9,120,120,8,1,8,4.95
1183525,92,Australia,male,118,1,78,78,15,0,5,9.08
1183525,181,Sri Lanka,male,117,10,114,114,9,2,4,6.16
1183526,92,Australia,male,145,3,106,106,7,6,11,8.21
1183526,181,Sri Lanka,male,142,6,120,120,6,4,9,7.1
1183527,92,Australia,male,41,0,19,19,5,2,2,12.95
1183527,161,Pakistan,male,107,5,90,90,7,4,1,7.13
1183528,92,Australia,male,151,3,111,111,19,1,5,8.16
1183528,161,Pakistan,male,150,6,120,120,13,3,1,7.5
1183529,92,Australia,male,109,0,71,71,8,5,9,9.21
1183529,161,Pakistan,male,106,8,120,120,10,1,5,5.3
1183543,23,England,female,147,7,120,120,16,3,0,7.35
1183543,35,India,female,150,5,117,117,17,1,7,7.69
1183544,2,Australia,female,156,8,120,120,20,3,2,7.8
1183544,23,England,female,156,4,120,120,17,4,8,7.8
1183545,2,Australia,female,104,6,113,113,14,1,1,5.52
1183545,35,India,female,103,9,120,120,11,2,1,5.15
1183546,23,England,female,124,6,113,113,11,1,8,6.58
1183546,35,India,female,123,6,120,120,13,1,7,6.15
1183547,2,Australia,female,173,5,120,120,21,4,2,8.65
1183547,35,India,female,177,3,118,118,22,2,12,9.0
1183548,2,Australia,female,132,7,120,120,12,2,6,6.6
1183548,23,England,female,116,7,120,120,12,0,12,5.8
1183549,2,Australia,female,155,6,120,120,20,2,2,7.75
1183549,35,India,female,144,10,120,120,20,1,7,7.2
1183856,14,Canada,female,76,10,110,110,6,0,9,4.15
1183856,86,United States of America,female,113,6,120,120,10,0,11,5.65
1183857,14,Canada,female,81,6,120,120,4,0,13,4.05
1183857,86,United States of America,female,116,6,120,120,11,2,4,5.8
1184258,124,Ghana,male,91,7,120,120,6,1,6,4.55
1184258,154,Namibia,male,92,1,65,65,9,5,0,8.49
1184260,101,Botswana,male,90,10,108,108,7,3,7,5.0
1184260,192,Uganda,male,142,7,120,120,8,5,10,7.1
1184261,124,Ghana,male,88,10,105,105,5,2,2,5.03
1184261,141,Kenya,male,141,5,120,120,10,5,6,7.05
1184262,154,Namibia,male,167,7,120,120,19,5,4,8.35
1184262,192,Uganda,male,125,8,120,120,4,6,10,6.25
1184263,101,Botswana,male,108,7,120,120,9,2,5,5.4
1184263,158,Nigeria,male,119,10,119,119,7,5,10,6.0
1184266,124,Ghana,male,113,6,120,120,9,1,3,5.65
1184266,192,Uganda,male,117,3,91,91,13,3,1,7.71
1184900,124,Ghana,male,107,8,120,120,7,1,8,5.35
1184900,158,Nigeria,male,135,8,120,120,7,6,13,6.75
1184901,101,Botswana,male,46,10,73,73,6,0,6,3.78
1184901,154,Namibia,male,50,0,23,23,8,1,6,13.04
1184902,141,Kenya,male,145,6,120,120,7,8,9,7.25
1184902,192,Uganda,male,144,9,120,120,8,7,9,7.2
1185154,37,Ireland,female,75,9,112,112,7,0,4,4.02
1185154,88,West Indies,female,139,4,120,120,17,1,15,6.95
1185155,37,Ireland,female,112,6,120,120,11,1,4,5.6
1185155,88,West Indies,female,157,6,120,120,15,2,18,7.85
1185156,37,Ireland,female,116,3,120,120,11,0,4,5.8
1185156,88,West Indies,female,188,1,120,120,14,11,8,9.4
1185181,123,Germany,male,119,5,102,102,3,6,8,7.0
1185181,127,Guernsey,male,117,10,119,119,8,3,6,5.9
1185182,115,Denmark,male,141,7,120,120,8,4,9,7.05
1185182,159,Norway,male,95,9,120,120,5,3,6,4.75
1185184,115,Denmark,male,113,8,120,120,9,1,4,5.65
1185184,140,Jersey,male,131,9,120,120,12,2,10,6.55
1185185,127,Guernsey,male,110,8,120,120,7,4,5,5.5
1185185,137,Italy,male,121,10,116,116,11,4,7,6.26
1185186,140,Jersey,male,160,5,120,120,12,4,19,8.0
1185186,159,Norway,male,80,10,116,116,4,0,6,4.14
1185187,115,Denmark,male,100,9,96,96,9,0,4,6.25
1185187,127,Guernsey,male,0,0,0,0,0,0,0,0.0
1185188,123,Germany,male,101,3,67,67,13,0,7,9.04
1185188,159,Norway,male,99,10,120,120,10,0,4,4.95
1185190,123,Germany,male,136,7,86,86,10,8,4,9.49
1185190,140,Jersey,male,134,5,120,120,9,4,6,6.7
1185191,127,Guernsey,male,96,6,95,95,5,1,14,6.06
1185191,159,Norway,male,95,6,96,96,4,4,3,5.94
1185192,137,Italy,male,76,10,101,101,6,1,4,4.51
1185192,140,Jersey,male,149,6,120,120,13,5,4,7.45
1185193,115,Denmark,male,109,8,120,120,3,2,8,5.45
1185193,123,Germany,male,110,3,87,87,4,8,5,7.59
1185313,116,England,male,176,9,120,120,20,4,1,8.8
1185313,178,South Africa,male,177,8,120,120,15,5,12,8.85
1185314,116,England,male,204,7,120,120,14,13,6,10.2
1185314,178,South Africa,male,202,7,120,120,9,15,4,10.1
1185315,116,England,male,226,5,115,115,19,15,3,11.79
1185315,178,South Africa,male,222,6,120,120,15,13,14,11.1
1185316,92,Australia,male,196,6,120,120,20,6,14,9.8
1185316,178,South Africa,male,89,10,87,87,8,2,7,6.14
1185317,92,Australia,male,146,6,120,120,8,3,12,7.3
1185317,178,South Africa,male,158,4,120,120,10,6,4,7.9
1185318,92,Australia,male,193,5,120,120,12,7,14,9.65
1185318,178,South Africa,male,96,10,93,93,6,2,4,6.19
1186488,146,Malaysia,male,114,5,102,102,12,2,6,6.71
1186488,188,Thailand,male,113,8,120,120,12,1,3,5.65
1186490,147,Maldives,male,131,8,120,120,7,4,15,6.55
1186490,188,Thailand,male,130,7,120,120,9,5,6,6.5
1186491,146,Malaysia,male,129,2,90,90,13,4,13,8.6
1186491,188,Thailand,male,127,7,120,120,9,2,12,6.35
1186492,146,Malaysia,male,123,5,102,102,12,2,3,7.24
1186492,147,Maldives,male,0,0,0,0,0,0,0,0.0
1186493,147,Maldives,male,153,6,120,120,19,4,7,7.65
1186493,188,Thailand,male,154,5,115,115,10,9,3,8.03
1187005,131,India,male,151,3,114,114,10,6,7,7.95
1187005,178,South Africa,male,149,5,120,120,12,4,5,7.45
1187006,131,India,male,134,9,120,120,10,4,15,6.7
1187006,178,South Africa,male,140,1,101,101,12,6,6,8.32
1187013,96,Bangladesh,male,154,3,117,117,13,5,7,7.9
1187013,131,India,male,148,6,120,120,12,6,4,7.4
1187014,96,Bangladesh,male,153,6,120,120,16,1,6,7.65
1187014,131,India,male,154,2,94,94,13,7,6,9.83
1187015,96,Bangladesh,male,144,10,116,116,15,3,5,7.45
1187015,131,India,male,174,5,120,120,17,5,2,8.7
1187018,131,India,male,209,4,112,112,12,12,23,11.2
1187018,197,West Indies,male,207,5,120,120,11,15,6,10.35
1187019,131,India,male,170,7,120,120,12,5,18,8.5
1187019,197,West Indies,male,173,2,111,111,11,12,5,9.35
1187020,131,India,male,240,3,120,120,19,16,8,12.0
1187020,197,West Indies,male,173,8,120,120,12,12,10,8.65
1187665,116,England,male,154,3,111,111,20,4,1,8.32
1187665,157,New Zealand,male,153,5,120,120,7,7,4,7.65
1187666,116,England,male,155,10,119,119,10,9,3,7.82
1187666,157,New Zealand,male,176,8,120,120,9,12,5,8.8
1187667,116,England,male,166,7,120,120,14,6,6,8.3
1187667,157,New Zealand,male,180,7,120,120,19,5,16,9.0
1187668,116,England,male,241,3,120,120,21,14,8,12.05
1187668,157,New Zealand,male,165,10,101,101,8,10,11,9.8
1187669,116,England,male,146,7,66,66,7,13,9,13.27
1187669,157,New Zealand,male,146,5,66,66,7,14,1,13.27
1187677,131,India,male,204,4,114,114,13,10,11,10.74
1187677,157,New Zealand,male,203,5,120,120,18,10,6,10.15
1187678,131,India,male,135,3,105,105,7,6,7,7.71
1187678,157,New Zealand,male,132,5,120,120,7,5,5,6.6
1187679,131,India,male,179,5,120,120,11,8,5,8.95
1187679,157,New Zealand,male,179,6,120,120,14,10,8,8.95
1187680,131,India,male,165,8,120,120,14,3,12,8.25
1187680,157,New Zealand,male,165,7,120,120,13,6,10,8.25
1187681,131,India,male,163,3,120,120,10,8,7,8.15
1187681,157,New Zealand,male,156,9,120,120,13,8,5,7.8
1187717,58,New Zealand,female,117,1,74,74,4,8,8,9.49
1187717,75,South Africa,female,116,7,120,120,11,1,6,5.8
1187718,58,New Zealand,female,120,5,110,110,8,6,7,6.55
1187718,75,South Africa,female,119,10,118,118,9,4,6,6.05
1187719,58,New Zealand,female,153,5,120,120,15,4,10,7.65
1187719,75,South Africa,female,154,5,119,119,13,5,11,7.76
1187720,58,New Zealand,female,171,2,120,120,16,3,8,8.55
1187720,75,South Africa,female,102,9,102,102,11,0,2,6.0
1188379,156,Netherlands,male,199,6,120,120,18,6,13,9.95
1188379,199,Zimbabwe,male,150,10,119,119,13,5,8,7.56
1188380,156,Netherlands,male,152,8,120,120,14,2,3,7.6
1188380,199,Zimbabwe,male,152,10,120,120,12,6,6,7.6
1188621,131,India,male,98,6,104,104,6,3,5,5.65
1188621,197,West Indies,male,95,9,120,120,4,6,8,4.75
1188622,131,India,male,167,5,120,120,10,7,10,8.35
1188622,197,West Indies,male,98,4,93,93,9,3,7,6.32
1188623,131,India,male,150,3,115,115,12,5,1,7.83
1188623,197,West Indies,male,146,6,120,120,4,11,8,7.3
1188784,68,Rwanda,female,61,10,111,111,4,0,10,3.3
1188784,84,Uganda,female,91,6,120,120,5,1,6,4.55
1188785,49,Mali,female,6,10,54,54,0,0,5,0.67
1188785,68,Rwanda,female,8,0,4,4,1,0,1,12.0
1188786,81,Tanzania,female,113,9,120,120,10,0,21,5.65
1188786,84,Uganda,female,108,9,120,120,8,0,8,5.4
1189743,115,Denmark,male,112,9,120,120,4,4,7,5.6
1189743,127,Guernsey,male,118,7,120,120,6,1,13,5.9
1189744,115,Denmark,male,158,9,120,120,10,4,5,7.9
1189744,137,Italy,male,128,10,117,117,3,4,8,6.56
1190605,57,Netherlands,female,123,8,121,121,4,1,10,6.1
1190605,71,Scotland,female,116,8,120,120,6,0,22,5.8
1190606,29,Germany,female,65,7,120,120,2,0,16,3.25
1190606,57,Netherlands,female,196,3,120,120,14,5,16,9.8
1190607,57,Netherlands,female,96,7,120,120,2,1,10,4.8
1190607,71,Scotland,female,96,10,113,113,4,2,13,5.1
1190608,29,Germany,female,61,7,120,120,4,0,7,3.05
1190608,71,Scotland,female,168,8,120,120,11,4,22,8.4
1190744,37,Ireland,female,169,5,120,120,20,1,28,8.45
1190744,57,Netherlands,female,90,7,121,121,7,0,7,4.46
1190746,57,Netherlands,female,86,6,96,96,7,0,8,5.38
1190746,71,Scotland,female,41,0,42,42,4,0,5,5.86
1190747,37,Ireland,female,50,7,60,60,4,0,6,5.0
1190747,82,Thailand,female,54,4,60,60,2,0,5,5.4
1190749,37,Ireland,female,94,7,120,120,5,0,7,4.7
1190749,71,Scotland,female,105,6,120,120,7,0,14,5.25
1190750,71,Scotland,female,126,5,120,120,14,1,6,6.3
1190750,82,Thailand,female,123,7,120,120,13,0,9,6.15
1190751,37,Ireland,female,213,4,120,120,22,4,15,10.65
1190751,57,Netherlands,female,18,1,16,16,2,0,5,6.75
1190752,37,Ireland,female,87,8,101,101,9,0,5,5.17
1190752,82,Thailand,female,67,3,62,62,7,1,1,6.48
1190753,57,Netherlands,female,60,8,81,81,4,0,11,4.44
1190753,71,Scotland,female,148,4,120,120,14,0,9,7.4
1190754,37,Ireland,female,130,1,79,79,19,0,8,9.87
1190754,71,Scotland,female,126,7,120,120,12,0,6,6.3
1190755,57,Netherlands,female,40,9,72,72,3,0,3,3.33
1190755,82,Thailand,female,133,8,120,120,15,0,12,6.65
1190767,167,Qatar,male,153,9,120,120,14,7,6,7.65
1190767,176,Singapore,male,186,7,120,120,14,8,15,9.3
1190768,142,Kuwait,male,120,10,108,108,10,3,5,6.67
1190768,146,Malaysia,male,162,10,120,120,14,7,6,8.1
1190769,155,Nepal,male,122,10,120,120,9,3,2,6.1
1190769,167,Qatar,male,124,6,116,116,12,4,4,6.41
1190771,146,Malaysia,male,83,7,54,54,9,2,6,9.22
1190771,155,Nepal,male,86,3,48,48,6,4,5,10.75
1190772,142,Kuwait,male,197,7,120,120,21,9,3,9.85
1190772,167,Qatar,male,187,5,120,120,20,6,18,9.35
1190773,146,Malaysia,male,92,10,112,112,4,3,4,4.93
1190773,176,Singapore,male,96,2,80,80,9,3,6,7.2
1190774,142,Kuwait,male,141,9,120,120,13,5,4,7.05
1190774,155,Nepal,male,143,3,95,95,18,3,11,9.03
1190775,146,Malaysia,male,144,10,115,115,16,3,5,7.51
1190775,167,Qatar,male,147,6,118,118,12,6,9,7.47
1190776,155,Nepal,male,109,10,90,90,10,5,2,7.27
1190776,176,Singapore,male,191,6,120,120,17,9,5,9.55
1191006,156,Netherlands,male,136,9,120,120,7,1,10,6.8
1191006,193,United Arab Emirates,male,140,5,117,117,14,2,5,7.18
1191008,156,Netherlands,male,150,6,120,120,14,1,8,7.5
1191008,193,United Arab Emirates,male,153,3,118,118,19,2,9,7.78
1192223,146,Malaysia,male,128,9,120,120,8,4,3,6.4
1192223,155,Nepal,male,129,3,111,111,9,7,7,6.97
1192224,146,Malaysia,male,167,7,120,120,13,9,6,8.35
1192224,155,Nepal,male,173,6,120,120,13,11,6,8.65
1192875,157,New Zealand,male,175,5,117,117,9,7,18,8.97
1192875,181,Sri Lanka,male,174,4,120,120,12,5,9,8.7
1192876,157,New Zealand,male,165,6,118,118,12,5,6,8.39
1192876,181,Sri Lanka,male,161,9,120,120,12,5,4,8.05
1192877,157,New Zealand,male,88,10,96,96,3,4,7,5.5
1192877,181,Sri Lanka,male,125,8,120,120,10,0,13,6.25
1196033,59,Nigeria,female,110,4,120,120,10,0,14,5.5
1196033,68,Rwanda,female,111,6,115,115,5,0,13,5.79
1197047,5,Bangladesh,female,103,8,99,99,10,0,11,6.24
1197047,63,Papua New Guinea,female,52,5,48,48,5,1,3,6.5
1197049,71,Scotland,female,60,3,42,42,7,0,6,8.57
1197049,86,United States of America,female,30,5,42,42,0,0,1,4.29
1197051,55,Namibia,female,61,10,116,116,3,0,7,3.16
1197051,82,Thailand,female,99,6,120,120,9,0,11,4.95
1197052,63,Papua New Guinea,female,102,4,117,117,9,1,6,5.23
1197052,71,Scotland,female,101,5,120,120,8,0,12,5.05
1197053,37,Ireland,female,120,6,120,120,7,1,7,6.0
1197053,57,Netherlands,female,101,5,120,120,10,1,3,5.05
1197054,5,Bangladesh,female,48,2,50,50,4,2,4,5.76
1197054,86,United States of America,female,46,10,119,119,3,0,4,2.32
1197055,37,Ireland,female,90,9,102,102,7,0,8,5.29
1197055,82,Thailand,female,92,7,102,102,4,0,19,5.41
1197056,55,Namibia,female,91,8,120,120,8,0,7,4.55
1197056,57,Netherlands,female,95,4,103,103,13,0,8,5.53
1197057,5,Bangladesh,female,104,4,102,102,6,0,10,6.12
1197057,71,Scotland,female,49,6,48,48,4,0,3,6.12
1197058,63,Papua New Guinea,female,133,3,120,120,12,0,14,6.65
1197058,86,United States of America,female,94,7,102,102,5,2,10,5.53
1197059,5,Bangladesh,female,86,6,111,111,7,0,10,4.65
1197059,37,Ireland,female,85,10,120,120,7,1,1,4.25
1197061,63,Papua New Guinea,female,67,7,120,120,3,0,7,3.35
1197061,82,Thailand,female,68,2,105,105,5,0,0,3.89
1197062,55,Namibia,female,67,10,106,106,3,0,10,3.79
1197062,71,Scotland,female,68,0,52,52,8,1,6,7.85
1197063,37,Ireland,female,86,2,67,67,6,1,18,7.7
1197063,63,Papua New Guinea,female,85,8,120,120,5,3,10,4.25
1197064,55,Namibia,female,84,7,120,120,8,0,12,4.2
1197064,86,United States of America,female,85,4,113,113,9,0,15,4.51
1197065,5,Bangladesh,female,130,5,120,120,11,3,10,6.5
1197065,82,Thailand,female,60,7,120,120,3,1,8,3.0
1197066,57,Netherlands,female,97,10,118,118,7,1,2,4.93
1197066,71,Scotland,female,167,4,120,120,19,0,10,8.35
1197140,96,Bangladesh,male,148,7,106,106,13,4,7,8.38
1197140,199,Zimbabwe,male,144,5,108,108,13,6,6,8.0
1197143,96,Bangladesh,male,175,7,120,120,11,8,7,8.75
1197143,199,Zimbabwe,male,136,10,120,120,8,6,5,6.8
1197246,40,Japan,female,97,7,120,120,4,0,20,4.85
1197246,76,South Korea,female,85,7,120,120,5,0,22,4.25
1197247,16,China,female,79,10,117,117,2,0,9,4.05
1197247,34,Hong Kong,female,84,5,120,120,3,0,6,4.2
1197248,34,Hong Kong,female,91,10,119,119,4,0,21,4.59
1197248,40,Japan,female,92,8,113,113,5,0,18,4.88
1197249,16,China,female,132,6,120,120,8,0,30,6.6
1197249,76,South Korea,female,51,10,119,119,1,0,9,2.57
1197253,16,China,female,104,4,120,120,9,0,12,5.2
1197253,34,Hong Kong,female,90,9,120,120,6,0,4,4.5
1197396,99,Bermuda,male,141,7,120,120,14,4,9,7.05
1197396,194,United States of America,male,135,7,120,120,6,6,13,6.75
1197397,106,Canada,male,196,6,120,120,13,13,5,9.8
1197397,107,Cayman Islands,male,112,7,120,120,7,4,11,5.6
1197398,99,Bermuda,male,82,9,97,97,5,4,8,5.07
1197398,106,Canada,male,40,0,24,24,3,3,2,10.0
1197399,107,Cayman Islands,male,68,8,120,120,1,1,13,3.4
1197399,194,United States of America,male,60,5,90,90,2,0,4,4.0
1197400,99,Bermuda,male,117,4,92,92,7,7,7,7.63
1197400,107,Cayman Islands,male,116,9,120,120,7,3,14,5.8
1197401,106,Canada,male,145,6,115,115,7,9,2,7.57
1197401,194,United States of America,male,144,6,120,120,8,7,10,7.2
1197402,106,Canada,male,95,2,73,73,5,7,5,7.81
1197402,107,Cayman Islands,male,91,7,120,120,3,2,11,4.55
1197403,99,Bermuda,male,142,6,113,113,4,12,4,7.54
1197403,194,United States of America,male,141,9,120,120,7,2,21,7.05
1197404,107,Cayman Islands,male,66,9,120,120,4,1,6,3.3
1197404,194,United States of America,male,70,1,58,58,10,2,3,7.24
1197406,106,Canada,male,173,8,120,120,11,13,3,8.65
1197406,194,United States of America,male,158,8,120,120,6,10,11,7.9
1197407,99,Bermuda,male,115,4,99,99,11,5,2,6.97
1197407,107,Cayman Islands,male,114,10,116,116,7,5,2,5.9
1197507,101,Botswana,male,100,7,120,120,6,1,9,5.0
1197507,154,Namibia,male,193,4,120,120,11,10,1,9.65
1197508,101,Botswana,male,116,2,120,120,7,1,5,5.8
1197508,154,Namibia,male,240,3,120,120,17,17,5,12.0
1197509,101,Botswana,male,96,10,109,109,10,0,7,5.28
1197509,154,Namibia,male,174,8,120,120,10,7,9,8.7
1197510,101,Botswana,male,85,8,120,120,7,1,2,4.25
1197510,154,Namibia,male,86,2,67,67,8,4,3,7.7
1197521,134,Ireland,male,169,4,110,110,15,6,5,9.22
1197521,156,Netherlands,male,167,7,120,120,18,3,3,8.35
1197522,134,Ireland,male,130,10,98,98,10,4,3,7.96
1197522,160,Oman,male,173,9,120,120,9,9,17,8.65
1197523,128,Hong Kong,male,125,6,120,120,10,2,8,6.25
1197523,155,Nepal,male,126,6,114,114,10,3,12,6.63
1197524,155,Nepal,male,134,6,119,119,4,6,17,6.76
1197524,156,Netherlands,male,133,10,117,117,7,5,5,6.82
1197525,128,Hong Kong,male,142,9,120,120,8,5,11,7.1
1197525,134,Ireland,male,208,5,120,120,20,9,5,10.4
1197526,134,Ireland,male,145,8,120,120,12,5,5,7.25
1197526,155,Nepal,male,132,10,119,119,9,4,10,6.66
1197527,156,Netherlands,male,94,10,93,93,9,2,2,6.06
1197527,160,Oman,male,95,3,91,91,7,3,6,6.26
1197528,128,Hong Kong,male,148,7,120,120,8,4,12,7.4
1197528,156,Netherlands,male,185,4,120,120,19,7,4,9.25
1197529,155,Nepal,male,64,10,66,66,7,1,2,5.82
1197529,160,Oman,male,65,4,71,71,3,3,2,5.49
1198217,47,Malaysia,female,126,6,120,120,12,0,19,6.3
1198217,74,Singapore,female,104,7,120,120,5,0,20,5.2
1198218,47,Malaysia,female,92,1,83,83,11,0,13,6.65
1198218,74,Singapore,female,91,3,120,120,7,0,13,4.55
1198219,47,Malaysia,female,140,2,120,120,12,0,17,7.0
1198219,74,Singapore,female,110,10,119,119,9,1,19,5.55
1198235,92,Australia,male,160,6,120,120,13,3,9,8.0
1198235,116,England,male,162,7,120,120,14,5,8,8.1
1198236,92,Australia,male,157,7,120,120,11,7,6,7.85
1198236,116,England,male,158,4,113,113,19,3,8,8.39
1198237,92,Australia,male,146,5,117,117,13,3,3,7.49
1198237,116,England,male,145,6,120,120,12,4,5,7.25
1198244,116,England,male,131,6,97,97,8,6,6,8.1
1198244,161,Pakistan,male,0,0,0,0,0,0,0,0.0
1198245,116,England,male,199,5,115,115,18,8,4,10.38
1198245,161,Pakistan,male,195,4,120,120,18,5,12,9.75
1198246,116,England,male,185,8,120,120,17,7,11,9.25
1198246,161,Pakistan,male,190,4,120,120,14,8,7,9.5
1198475,2,Australia,female,108,4,113,113,12,0,4,5.73
1198475,88,West Indies,female,106,8,120,120,10,3,6,5.3
1198476,2,Australia,female,98,1,87,87,12,0,10,6.76
1198476,88,West Indies,female,97,9,120,120,9,1,5,4.85
1198477,2,Australia,female,83,1,45,45,11,3,4,11.07
1198477,88,West Indies,female,81,10,120,120,7,2,5,4.05
1198478,35,India,female,130,8,120,120,15,2,5,6.5
1198478,75,South Africa,female,119,10,119,119,12,3,10,6.0
1198481,35,India,female,140,4,102,102,16,3,7,8.24
1198481,75,South Africa,female,89,7,102,102,11,0,7,5.24
1198482,35,India,female,70,10,105,105,8,0,4,4.0
1198482,75,South Africa,female,175,3,120,120,25,1,3,8.75
1198489,161,Pakistan,male,101,10,106,106,8,0,7,5.72
1198489,181,Sri Lanka,male,165,5,120,120,14,5,12,8.25
1198490,161,Pakistan,male,147,10,114,114,17,2,10,7.74
1198490,181,Sri Lanka,male,182,6,120,120,16,7,11,9.1
1198491,161,Pakistan,male,134,6,120,120,7,3,5,6.7
1198491,181,Sri Lanka,male,147,7,120,120,12,3,14,7.35
1199499,172,Scotland,male,166,9,120,120,16,3,4,8.3
1199499,176,Singapore,male,168,6,120,120,10,6,19,8.4
1199500,128,Hong Kong,male,153,5,120,120,10,2,12,7.65
1199500,134,Ireland,male,155,2,104,104,18,2,2,8.94
1199501,141,Kenya,male,136,8,120,120,11,3,7,6.8
1199501,156,Netherlands,male,166,4,120,120,12,4,9,8.3
1199502,160,Oman,male,109,3,110,110,8,1,6,5.95
1199502,193,United Arab Emirates,male,108,9,120,120,10,1,4,5.4
1199503,99,Bermuda,male,89,10,104,104,9,1,2,5.13
1199503,163,Papua New Guinea,male,90,0,62,62,11,1,4,8.71
1199504,140,Jersey,male,184,4,120,120,15,5,8,9.2
1199504,158,Nigeria,male,115,7,120,120,7,0,5,5.75
1199505,154,Namibia,male,96,10,114,114,6,0,4,5.05
1199505,156,Netherlands,male,140,6,120,120,9,1,15,7.0
1199506,141,Kenya,male,139,8,120,120,12,3,10,6.95
1199506,172,Scotland,male,170,6,120,120,14,8,2,8.5
1199507,134,Ireland,male,125,10,120,120,12,0,4,6.25
1199507,193,United Arab Emirates,male,129,5,102,102,16,1,9,7.59
1199508,154,Namibia,male,116,10,103,103,6,4,20,6.76
1199508,163,Papua New Guinea,male,197,7,120,120,14,9,14,9.85
1199509,106,Canada,male,176,5,120,120,11,8,7,8.8
1199509,140,Jersey,male,123,10,102,102,8,4,13,7.24
1199510,99,Bermuda,male,149,7,120,120,14,4,15,7.45
1199510,176,Singapore,male,152,5,117,117,15,4,12,7.79
1199511,128,Hong Kong,male,102,10,120,120,3,1,3,5.1
1199511,160,Oman,male,106,3,105,105,13,1,7,6.06
1199512,163,Papua New Guinea,male,142,9,120,120,12,4,6,7.1
1199512,172,Scotland,male,146,6,120,120,10,4,9,7.3
1199513,128,Hong Kong,male,116,7,120,120,9,0,4,5.8
1199513,193,United Arab Emirates,male,118,2,91,91,11,4,10,7.78
1199514,134,Ireland,male,183,3,120,120,16,6,3,9.15
1199514,160,Oman,male,148,9,120,120,10,4,14,7.4
1199515,99,Bermuda,male,93,10,113,113,7,2,5,4.94
1199515,141,Kenya,male,138,4,120,120,11,1,8,6.9
1199516,106,Canada,male,159,7,120,120,13,4,0,7.95
1199516,158,Nigeria,male,109,8,120,120,5,1,11,5.45
1199517,154,Namibia,male,159,6,120,120,8,7,3,7.95
1199517,172,Scotland,male,135,8,120,120,7,4,11,6.75
1199518,156,Netherlands,male,104,5,99,99,12,0,4,6.3
1199518,176,Singapore,male,101,10,113,113,7,2,7,5.36
1199519,140,Jersey,male,147,10,120,120,7,7,4,7.35
1199519,193,United Arab Emirates,male,112,10,116,116,6,4,7,5.79
1199520,99,Bermuda,male,106,9,120,120,9,3,5,5.3
1199520,154,Namibia,male,111,4,79,79,8,7,3,8.43
1199521,158,Nigeria,male,71,10,119,119,3,0,4,3.58
1199521,160,Oman,male,72,3,42,42,10,2,3,10.29
1199522,141,Kenya,male,159,3,113,113,13,4,3,8.44
1199522,176,Singapore,male,157,9,120,120,15,4,4,7.85
1199523,106,Canada,male,156,5,120,120,8,4,3,7.8
1199523,134,Ireland,male,146,7,120,120,9,3,12,7.3
1199524,128,Hong Kong,male,144,7,120,120,10,2,10,7.2
1199524,140,Jersey,male,136,6,120,120,9,2,6,6.8
1199525,156,Netherlands,male,126,7,120,120,6,5,7,6.3
1199525,163,Papua New Guinea,male,127,5,114,114,12,2,11,6.68
1199526,158,Nigeria,male,111,3,120,120,6,5,8,5.55
1199526,193,United Arab Emirates,male,112,5,75,75,6,6,3,8.96
1199527,106,Canada,male,118,9,120,120,11,1,6,5.9
1199527,128,Hong Kong,male,150,7,120,120,9,4,11,7.5
1199528,99,Bermuda,male,158,8,120,120,12,7,14,7.9
1199528,172,Scotland,male,204,4,120,120,16,10,10,10.2
1199529,163,Papua New Guinea,male,180,4,120,120,10,5,18,9.0
1199529,176,Singapore,male,137,9,120,120,8,4,8,6.85
1199530,134,Ireland,male,110,2,84,84,10,2,0,7.86
1199530,140,Jersey,male,105,10,120,120,8,0,9,5.25
1199531,141,Kenya,male,94,10,113,113,6,1,6,4.99
1199531,154,Namibia,male,181,5,120,120,18,6,11,9.05
1199532,106,Canada,male,144,9,120,120,12,0,6,7.2
1199532,160,Oman,male,145,2,89,89,18,2,7,9.78
1199533,134,Ireland,male,67,2,37,37,12,0,3,10.86
1199533,158,Nigeria,male,66,9,120,120,4,0,2,3.3
1199534,99,Bermuda,male,114,9,120,120,12,4,1,5.7
1199534,156,Netherlands,male,206,3,120,120,19,5,10,10.3
1199535,154,Namibia,male,191,8,120,120,15,8,8,9.55
1199535,176,Singapore,male,104,10,103,103,5,2,5,6.06
1199536,141,Kenya,male,73,10,112,112,4,0,6,3.91
1199536,163,Papua New Guinea,male,118,10,117,117,5,4,13,6.05
1199537,128,Hong Kong,male,82,5,43,43,8,3,1,11.44
1199537,158,Nigeria,male,81,8,120,120,5,1,2,4.05
1199538,140,Jersey,male,141,7,120,120,8,1,7,7.05
1199538,160,Oman,male,127,9,120,120,11,1,1,6.35
1199539,156,Netherlands,male,131,6,102,102,6,4,8,7.71
1199539,172,Scotland,male,130,8,120,120,12,2,5,6.5
1199540,106,Canada,male,140,5,120,120,8,1,9,7.0
1199540,193,United Arab Emirates,male,154,5,120,120,11,3,6,7.7
1199541,156,Netherlands,male,81,2,91,91,5,0,6,5.34
1199541,193,United Arab Emirates,male,80,9,120,120,5,2,5,4.0
1199542,154,Namibia,male,161,7,120,120,11,10,1,8.05
1199542,160,Oman,male,107,10,115,115,7,2,6,5.58
1199543,172,Scotland,male,198,6,120,120,14,9,6,9.9
1199543,193,United Arab Emirates,male,108,10,111,111,6,2,7,5.84
1199544,128,Hong Kong,male,122,9,120,120,11,1,11,6.1
1199544,160,Oman,male,134,7,120,120,11,3,9,6.7
1199545,160,Oman,male,167,7,120,120,16,4,14,8.35
1199545,172,Scotland,male,168,5,114,114,17,4,10,8.84
1199546,134,Ireland,male,137,9,120,120,9,3,7,6.85
1199546,156,Netherlands,male,158,4,120,120,12,3,11,7.9
1199547,154,Namibia,male,112,5,120,120,4,4,5,5.6
1199547,163,Papua New Guinea,male,130,5,120,120,5,4,4,6.5
1199548,134,Ireland,male,135,10,115,115,9,3,1,7.04
1199548,154,Namibia,male,108,10,110,110,9,1,3,5.89
1199549,156,Netherlands,male,134,3,114,114,8,5,6,7.05
1199549,163,Papua New Guinea,male,128,8,120,120,10,4,12,6.4
1200425,156,Netherlands,male,194,7,120,120,17,9,5,9.7
1200425,172,Scotland,male,252,3,120,120,17,20,14,12.6
1200426,134,Ireland,male,194,6,106,106,23,5,14,10.98
1200426,172,Scotland,male,193,7,120,120,22,5,9,9.65
1200427,134,Ireland,male,181,7,120,120,13,8,12,9.05
1200427,156,Netherlands,male,183,4,115,115,12,12,6,9.55
1200428,156,Netherlands,male,123,10,120,120,8,3,9,6.15
1200428,172,Scotland,male,126,4,80,80,10,4,24,9.45
1201668,166,Portugal,male,87,7,120,120,5,2,5,4.35
1201668,180,Spain,male,89,2,86,86,4,3,8,6.21
1201669,125,Gibraltar,male,113,6,120,120,4,1,9,5.65
1201669,166,Portugal,male,116,4,111,111,1,8,10,6.27
1201670,125,Gibraltar,male,98,6,120,120,2,2,12,4.9
1201670,180,Spain,male,99,2,90,90,5,4,6,6.6
1201671,166,Portugal,male,114,10,106,106,7,7,14,6.45
1201671,180,Spain,male,143,6,120,120,7,4,26,7.15
1201673,125,Gibraltar,male,95,10,119,119,3,2,20,4.79
1201673,180,Spain,male,96,4,95,95,3,3,10,6.06
1201680,155,Nepal,male,132,6,120,120,13,3,7,6.6
1201680,199,Zimbabwe,male,133,5,109,109,8,7,21,7.32
1201681,155,Nepal,male,154,1,96,96,13,9,4,9.62
1201681,176,Singapore,male,151,3,120,120,11,6,6,7.55
1201682,176,Singapore,male,181,9,108,108,20,5,8,10.06
1201682,199,Zimbabwe,male,177,7,108,108,16,8,13,9.83
1201683,155,Nepal,male,120,9,120,120,12,2,8,6.0
1201683,199,Zimbabwe,male,160,6,120,120,10,6,15,8.0
1201685,176,Singapore,male,167,7,120,120,11,8,12,8.35
1201685,199,Zimbabwe,male,168,2,112,112,13,7,15,9.0
1202007,146,Malaysia,male,134,9,120,120,13,2,16,6.7
1202007,196,Vanuatu,male,151,5,120,120,8,6,7,7.55
1202008,146,Malaysia,male,137,7,120,120,10,3,11,6.85
1202008,196,Vanuatu,male,188,6,120,120,13,12,4,9.4
1202009,146,Malaysia,male,134,8,120,120,9,5,9,6.7
1202009,196,Vanuatu,male,108,10,103,103,4,5,12,6.29
1202010,146,Malaysia,male,144,7,120,120,12,2,14,7.2
1202010,196,Vanuatu,male,145,4,115,115,9,3,6,7.57
1202011,146,Malaysia,male,206,5,120,120,16,8,16,10.3
1202011,196,Vanuatu,male,184,9,120,120,16,8,5,9.2
1202243,131,India,male,144,3,105,105,12,3,2,8.23
1202243,181,Sri Lanka,male,142,9,120,120,15,3,6,7.1
1202244,131,India,male,201,6,120,120,20,6,6,10.05
1202244,181,Sri Lanka,male,123,10,95,95,10,6,5,7.77
1202252,35,India,female,185,4,120,120,22,4,6,9.25
1202252,88,West Indies,female,101,9,120,120,8,2,6,5.05
1202253,35,India,female,104,0,63,63,14,2,5,9.9
1202253,88,West Indies,female,103,7,120,120,8,1,7,5.15
1202254,35,India,female,60,3,100,100,5,0,3,3.6
1202254,88,West Indies,female,59,9,120,120,2,1,4,2.95
1202255,35,India,female,50,7,54,54,3,1,2,5.56
1202255,88,West Indies,female,45,5,54,54,3,0,2,5.0
1202256,35,India,female,134,3,120,120,8,1,11,6.7
1202256,88,West Indies,female,73,7,120,120,3,1,6,3.65
1202366,35,India,female,99,5,103,103,12,0,12,5.77
1202366,75,South Africa,female,98,8,120,120,11,0,9,4.9
1203676,134,Ireland,male,208,7,120,120,13,12,15,10.4
1203676,197,West Indies,male,204,7,120,120,13,15,9,10.2
1203677,134,Ireland,male,147,9,114,114,8,8,4,7.74
1203677,197,West Indies,male,16,1,13,13,1,1,0,7.38
1203678,134,Ireland,male,138,10,115,115,12,3,7,7.2
1203678,197,West Indies,male,140,1,66,66,9,13,2,12.73
1204726,5,Bangladesh,female,112,7,120,120,10,2,12,5.6
1204726,62,Pakistan,female,126,7,120,120,16,2,2,6.3
1207081,123,Germany,male,139,7,120,120,7,0,19,6.95
1207081,180,Spain,male,142,1,109,109,10,5,10,7.82
1207082,123,Germany,male,180,3,120,120,13,7,12,9.0
1207082,180,Spain,male,122,6,120,120,8,4,5,6.1
1208347,23,England,female,154,4,120,120,20,2,0,7.7
1208347,62,Pakistan,female,125,10,112,112,11,1,16,6.7
1208348,23,England,female,185,5,120,120,21,5,9,9.25
1208348,62,Pakistan,female,101,9,120,120,6,7,4,5.05
1208349,23,England,female,170,3,120,120,12,7,13,8.5
1208349,62,Pakistan,female,144,5,120,120,16,1,18,7.2
1208606,100,Bhutan,male,95,6,120,120,5,4,9,4.75
1208606,155,Nepal,male,236,3,120,120,18,12,17,11.8
1208609,147,Maldives,male,79,6,120,120,6,1,8,3.95
1208609,155,Nepal,male,163,7,120,120,10,7,7,8.15
1208612,100,Bhutan,male,117,7,120,120,5,1,18,5.85
1208612,147,Maldives,male,118,2,91,91,8,1,27,7.78
1208613,147,Maldives,male,94,9,120,120,8,2,5,4.7
1208613,155,Nepal,male,98,5,97,97,10,1,2,6.06
1208804,48,Maldives,female,16,10,61,61,3,0,3,1.57
1208804,56,Nepal,female,17,0,5,5,3,0,4,20.4
1208806,5,Bangladesh,female,51,0,46,46,7,1,2,6.65
1208806,56,Nepal,female,50,10,116,116,4,0,6,2.59
1208808,5,Bangladesh,female,255,2,120,120,36,3,20,12.75
1208808,48,Maldives,female,6,10,73,73,0,0,2,0.49
1208810,48,Maldives,female,8,10,69,69,0,0,7,0.7
1208810,56,Nepal,female,9,0,7,7,0,0,2,7.71
1213058,96,Bangladesh,male,141,5,120,120,13,3,7,7.05
1213058,161,Pakistan,male,142,5,117,117,15,0,4,7.28
1213059,96,Bangladesh,male,136,6,120,120,12,3,8,6.8
1213059,161,Pakistan,male,137,1,100,100,16,2,4,8.22
1213874,181,Sri Lanka,male,171,10,115,115,13,5,19,8.92
1213874,197,West Indies,male,196,4,120,120,19,9,10,9.8
1213875,181,Sri Lanka,male,155,6,120,120,14,2,21,7.75
1213875,197,West Indies,male,158,3,102,102,11,8,6,9.29
1214670,96,Bangladesh,male,200,3,120,120,13,12,7,10.0
1214670,199,Zimbabwe,male,152,10,114,114,11,9,12,8.0
1214671,96,Bangladesh,male,120,1,95,95,13,2,7,7.58
1214671,199,Zimbabwe,male,119,7,120,120,13,1,1,5.95
1214763,29,Germany,female,172,1,120,120,16,0,26,8.6
1214763,61,Oman,female,57,10,82,82,5,0,10,4.17
1214764,29,Germany,female,102,4,105,105,8,0,22,5.83
1214764,61,Oman,female,99,8,120,120,4,0,25,4.95
1214765,29,Germany,female,124,5,120,120,8,0,19,6.2
1214765,61,Oman,female,105,9,120,120,5,0,29,5.25
1214766,29,Germany,female,128,6,120,120,4,1,26,6.4
1214766,61,Oman,female,105,7,120,120,4,0,23,5.25
1215136,128,Hong Kong,male,61,8,54,54,6,0,4,6.78
1215136,146,Malaysia,male,123,3,99,99,13,4,8,7.45
1215137,128,Hong Kong,male,103,8,114,114,6,0,5,5.42
1215137,146,Malaysia,male,138,6,114,114,12,5,9,7.26
1215138,128,Hong Kong,male,144,7,120,120,7,4,8,7.2
1215138,146,Malaysia,male,152,9,120,120,10,4,10,7.6
1215139,128,Hong Kong,male,154,7,120,120,13,3,4,7.7
1215139,146,Malaysia,male,167,7,120,120,20,2,10,8.35
1215140,128,Hong Kong,male,171,7,120,120,15,5,1,8.55
1215140,146,Malaysia,male,176,4,111,111,17,7,4,9.51
1215159,147,Maldives,male,129,7,120,120,7,5,9,6.45
1215159,160,Oman,male,132,0,86,86,11,3,12,9.21
1215160,171,Saudi Arabia,male,138,7,120,120,11,3,21,6.9
1215160,193,United Arab Emirates,male,150,10,114,114,12,6,4,7.89
1215161,95,Bahrain,male,109,4,71,71,10,7,1,9.21
1215161,167,Qatar,male,106,9,120,120,6,3,14,5.3
1215162,133,Iran,male,108,8,120,120,10,0,19,5.4
1215162,142,Kuwait,male,109,2,77,77,17,1,5,8.49
1215163,95,Bahrain,male,123,10,102,102,8,7,6,7.24
1215163,142,Kuwait,male,210,4,120,120,20,10,7,10.5
1215164,167,Qatar,male,94,10,120,120,8,1,3,4.7
1215164,193,United Arab Emirates,male,122,10,112,112,8,3,13,6.54
1215165,142,Kuwait,male,97,7,120,120,8,1,7,4.85
1215165,193,United Arab Emirates,male,199,5,120,120,14,10,10,9.95
1217738,176,Singapore,male,139,7,120,120,9,3,11,6.95
1217738,188,Thailand,male,96,10,114,114,5,4,11,5.05
1217740,128,Hong Kong,male,154,6,120,120,13,5,6,7.7
1217740,155,Nepal,male,111,10,109,109,10,3,2,6.11
1217741,146,Malaysia,male,86,2,71,71,5,5,3,7.27
1217741,188,Thailand,male,85,9,120,120,4,3,7,4.25
1217742,146,Malaysia,male,111,10,91,91,10,3,5,7.32
1217742,176,Singapore,male,239,3,120,120,22,13,7,11.95
1217743,128,Hong Kong,male,78,2,46,46,9,3,9,10.17
1217743,188,Thailand,male,77,8,120,120,4,1,16,3.85
1217744,155,Nepal,male,72,1,33,33,9,5,0,13.09
1217744,188,Thailand,male,66,10,120,120,2,2,17,3.3
1217745,128,Hong Kong,male,152,8,120,120,13,4,9,7.6
1217745,176,Singapore,male,168,5,120,120,18,3,11,8.4
1217747,128,Hong Kong,male,133,4,113,113,11,4,6,7.06
1217747,146,Malaysia,male,132,6,120,120,9,4,14,6.6
1223941,2,Australia,female,138,6,120,120,14,3,6,6.9
1223941,58,New Zealand,female,121,7,120,120,11,1,9,6.05
1223942,2,Australia,female,129,2,100,100,14,2,6,7.74
1223942,58,New Zealand,female,128,10,116,116,13,0,8,6.62
1223943,2,Australia,female,123,7,120,120,16,1,6,6.15
1223943,58,New Zealand,female,125,5,117,117,10,2,6,6.41
1223952,92,Australia,male,150,7,120,120,10,5,5,7.5
1223952,131,India,male,161,7,120,120,13,4,8,8.05
1223953,92,Australia,male,194,5,120,120,15,7,9,9.7
1223953,131,India,male,195,4,118,118,13,9,4,9.92
1223954,92,Australia,male,186,5,120,120,14,5,12,9.3
1223954,131,India,male,174,7,120,120,9,7,7,8.7
1229204,3,Austria,female,83,10,114,114,3,0,27,4.37
1229204,29,Germany,female,165,2,120,120,14,0,21,8.25
1229205,3,Austria,female,53,10,78,78,2,0,26,4.08
1229205,29,Germany,female,191,0,120,120,23,1,20,9.55
1229206,3,Austria,female,54,10,107,107,2,0,27,3.03
1229206,29,Germany,female,55,0,49,49,2,0,10,6.73
1229207,3,Austria,female,61,9,120,120,4,0,20,3.05
1229207,29,Germany,female,198,0,120,120,19,0,29,9.9
1229208,3,Austria,female,50,8,120,120,1,0,15,2.5
1229208,29,Germany,female,129,3,120,120,5,0,29,6.45
1229820,97,Belgium,male,165,8,120,120,8,11,6,8.25
1229820,144,Luxembourg,male,128,8,120,120,15,1,9,6.4
1229822,97,Belgium,male,161,6,120,120,19,3,16,8.05
1229822,114,Czech Republic,male,74,7,120,120,4,0,7,3.7
1229823,97,Belgium,male,184,8,120,120,17,7,9,9.2
1229823,144,Luxembourg,male,135,3,120,120,11,3,11,6.75
1229824,127,Guernsey,male,101,2,69,69,12,3,4,8.78
1229824,135,Isle of Man,male,100,9,120,120,9,0,5,5.0
1230855,23,England,female,163,8,120,120,23,1,9,8.15
1230855,88,West Indies,female,116,6,120,120,8,2,17,5.8
1230856,23,England,female,151,8,120,120,17,2,9,7.55
1230856,88,West Indies,female,104,8,120,120,8,1,7,5.2
1230857,23,England,female,154,6,120,120,16,1,6,7.7
1230857,88,West Indies,female,134,5,119,119,14,2,13,6.76
1230858,23,England,female,166,6,120,120,19,4,7,8.3
1230858,88,West Indies,female,122,9,120,120,11,1,24,6.1
1230859,23,England,female,42,7,27,27,4,0,7,9.33
1230859,88,West Indies,female,41,3,30,30,3,2,1,8.2
1233464,161,Pakistan,male,157,4,113,113,16,3,8,8.34
1233464,199,Zimbabwe,male,156,6,120,120,19,2,5,7.8
1233465,161,Pakistan,male,137,2,91,91,16,4,4,9.03
1233465,199,Zimbabwe,male,134,7,120,120,12,3,4,6.7
1233466,161,Pakistan,male,130,2,92,92,9,7,5,8.48
1233466,199,Zimbabwe,male,129,9,120,120,12,2,17,6.45
1233954,157,New Zealand,male,179,5,92,92,13,11,15,11.67
1233954,197,West Indies,male,180,7,96,96,13,12,26,11.25
1233955,157,New Zealand,male,238,3,120,120,22,14,13,11.9
1233955,197,West Indies,male,166,9,120,120,3,14,15,8.3
1233956,157,New Zealand,male,0,0,0,0,0,0,0,0.0
1233956,197,West Indies,male,25,1,14,14,3,1,5,10.71
1233959,157,New Zealand,male,156,5,113,113,14,6,4,8.28
1233959,161,Pakistan,male,153,9,120,120,11,8,6,7.65
1233960,157,New Zealand,male,164,1,116,116,17,6,2,8.48
1233960,161,Pakistan,male,163,6,120,120,18,6,2,8.15
1233961,157,New Zealand,male,173,7,120,120,16,6,2,8.65
1233961,161,Pakistan,male,177,6,118,118,16,7,7,9.0
1233971,92,Australia,male,131,10,105,105,10,5,9,7.49
1233971,157,New Zealand,male,184,5,120,120,16,6,9,9.2
1233972,92,Australia,male,215,8,120,120,16,13,8,10.75
1233972,157,New Zealand,male,219,7,120,120,10,18,5,10.95
1233973,92,Australia,male,208,4,120,120,21,8,6,10.4
1233973,157,New Zealand,male,144,10,103,103,11,7,2,8.39
1233974,92,Australia,male,156,6,120,120,12,7,3,7.8
1233974,157,New Zealand,male,106,10,113,113,11,1,6,5.63
1233975,92,Australia,male,142,8,120,120,10,5,11,7.1
1233975,157,New Zealand,male,143,3,93,93,15,7,1,9.23
1233979,96,Bangladesh,male,144,8,120,120,17,2,9,7.2
1233979,157,New Zealand,male,210,3,120,120,19,10,6,10.5
1233980,96,Bangladesh,male,142,7,96,96,14,4,8,8.88
1233980,157,New Zealand,male,173,5,107,107,18,5,7,9.7
1233981,96,Bangladesh,male,76,10,57,57,5,5,1,8.0
1233981,157,New Zealand,male,141,4,60,60,12,10,1,14.1
1235829,103,Bulgaria,male,128,5,120,120,9,1,14,6.4
1235829,168,Romania,male,95,10,106,106,5,2,11,5.38
1235830,103,Bulgaria,male,96,6,90,90,3,2,18,6.4
1235830,168,Romania,male,148,2,90,90,7,3,12,9.87
1235832,103,Bulgaria,male,60,10,87,87,5,0,8,4.14
1235832,168,Romania,male,61,4,58,58,7,0,6,6.31
1237122,116,England,male,183,5,116,116,14,9,15,9.47
1237122,178,South Africa,male,179,6,120,120,10,7,10,8.95
1237123,116,England,male,147,6,119,119,17,3,7,7.41
1237123,178,South Africa,male,146,6,120,120,11,2,10,7.3
1237124,116,England,male,192,1,106,106,15,11,10,10.87
1237124,178,South Africa,male,191,3,120,120,14,11,3,9.55
1239540,116,England,male,201,10,116,116,11,15,10,10.4
1239540,161,Pakistan,male,232,6,120,120,20,12,7,11.6
1239541,116,England,male,200,10,119,119,21,8,10,10.08
1239541,161,Pakistan,male,155,9,120,120,11,6,4,7.75
1239542,116,England,male,155,7,118,118,18,4,2,7.88
1239542,161,Pakistan,male,154,6,120,120,10,5,9,7.7
1243019,161,Pakistan,male,169,6,120,120,8,11,6,8.45
1243019,178,South Africa,male,166,6,120,120,23,3,2,8.3
1243020,161,Pakistan,male,144,7,120,120,15,3,6,7.2
1243020,178,South Africa,male,145,4,98,98,13,6,8,8.88
1243021,161,Pakistan,male,169,6,112,112,14,8,8,9.05
1243021,178,South Africa,male,164,8,120,120,14,9,6,8.2
1243388,116,England,male,130,2,93,93,9,7,3,8.39
1243388,131,India,male,124,7,120,120,12,3,2,6.2
1243389,116,England,male,164,6,120,120,15,3,16,8.2
1243389,131,India,male,166,3,107,107,12,9,3,9.31
1243390,116,England,male,158,2,110,110,12,5,8,8.62
1243390,131,India,male,156,6,120,120,14,6,9,7.8
1243391,116,England,male,177,8,120,120,15,8,6,8.85
1243391,131,India,male,185,8,120,120,21,6,9,9.25
1243392,116,England,male,188,8,120,120,14,9,20,9.4
1243392,131,India,male,224,2,120,120,18,11,9,11.2
1244846,62,Pakistan,female,124,8,120,120,9,0,4,6.2
1244846,75,South Africa,female,125,2,114,114,8,0,8,6.58
1244847,62,Pakistan,female,115,7,120,120,7,2,9,5.75
1244847,75,South Africa,female,133,5,120,120,12,2,5,6.65
1244848,62,Pakistan,female,127,6,120,120,11,1,3,6.35
1244848,75,South Africa,female,68,4,75,75,5,0,8,5.44
1249206,116,England,male,130,2,103,103,13,3,6,7.57
1249206,181,Sri Lanka,male,129,7,120,120,7,3,7,6.45
1249207,116,England,male,108,5,97,97,8,2,7,6.68
1249207,181,Sri Lanka,male,111,7,120,120,4,2,7,5.55
1249208,116,England,male,180,6,120,120,16,5,12,9.0
1249208,181,Sri Lanka,male,91,10,113,113,4,3,16,4.83
1249235,23,England,female,99,3,96,96,11,0,3,6.19
1249235,58,New Zealand,female,96,10,118,118,9,0,8,4.88
1249236,23,England,female,124,4,104,104,11,2,6,7.15
1249236,58,New Zealand,female,123,9,120,120,14,0,4,6.15
1249237,23,England,female,128,9,120,120,9,1,9,6.4
1249237,58,New Zealand,female,96,10,108,108,8,0,7,5.33
1249238,2,Australia,female,133,4,108,108,11,4,4,7.39
1249238,58,New Zealand,female,130,6,120,120,12,2,9,6.5
1249239,2,Australia,female,129,4,120,120,11,1,3,6.45
1249239,58,New Zealand,female,131,6,120,120,13,2,4,6.55
1249240,2,Australia,female,14,1,17,17,2,0,2,4.94
1249240,58,New Zealand,female,0,0,0,0,0,0,0,0.0
1251575,161,Pakistan,male,189,6,119,119,25,4,8,9.53
1251575,178,South Africa,male,188,6,120,120,14,10,1,9.4
1251576,161,Pakistan,male,140,9,120,120,14,3,8,7.0
1251576,178,South Africa,male,141,4,84,84,14,8,2,10.07
1251577,161,Pakistan,male,205,1,108,108,22,6,2,11.39
1251577,178,South Africa,male,203,5,120,120,16,10,3,10.15
1251578,161,Pakistan,male,149,7,119,119,10,6,13,7.51
1251578,178,South Africa,male,144,10,117,117,11,5,12,7.38
1251953,134,Ireland,male,132,9,120,120,11,2,10,6.6
1251953,178,South Africa,male,165,7,120,120,17,4,5,8.25
1251954,134,Ireland,male,117,10,117,117,8,4,8,6.0
1251954,178,South Africa,male,159,7,120,120,13,7,2,7.95
1251955,134,Ireland,male,140,9,120,120,13,3,8,7.0
1251955,178,South Africa,male,189,2,120,120,18,4,5,9.45
1252066,181,Sri Lanka,male,131,9,120,120,8,3,5,6.55
1252066,197,West Indies,male,134,6,79,79,6,13,9,10.18
1252067,181,Sri Lanka,male,160,6,120,120,11,4,9,8.0
1252067,197,West Indies,male,117,10,112,112,7,7,3,6.27
1252068,181,Sri Lanka,male,131,4,120,120,8,2,4,6.55
1252068,197,West Indies,male,134,7,114,114,7,9,9,7.05
1253272,35,India,female,130,6,120,120,13,1,6,6.5
1253272,75,South Africa,female,133,2,115,115,17,2,7,6.94
1253273,35,India,female,158,4,120,120,22,2,6,7.9
1253273,75,South Africa,female,159,4,120,120,22,1,1,7.95
1253274,35,India,female,114,1,66,66,16,5,2,10.36
1253274,75,South Africa,female,112,7,120,120,11,0,2,5.6
1256720,116,England,male,103,10,118,118,6,6,3,5.24
1256720,197,West Indies,male,104,1,103,103,8,1,5,6.06
1256721,116,England,male,171,8,120,120,20,5,8,8.55
1256721,197,West Indies,male,170,8,120,120,8,13,12,8.5
1256722,116,England,male,204,9,120,120,7,15,12,10.2
1256722,197,West Indies,male,224,5,120,120,12,16,13,11.2
1256723,116,England,male,193,6,120,120,9,15,11,9.65
1256723,197,West Indies,male,159,5,120,120,10,9,9,7.95
1256724,116,England,male,162,10,119,119,14,4,12,8.17
1256724,197,West Indies,male,179,4,120,120,7,12,11,8.95
1257183,161,Pakistan,male,149,7,120,120,12,2,15,7.45
1257183,199,Zimbabwe,male,138,7,120,120,13,3,3,6.9
1257184,161,Pakistan,male,99,10,119,119,7,1,7,4.99
1257184,199,Zimbabwe,male,118,9,120,120,7,2,7,5.9
1257185,161,Pakistan,male,165,3,120,120,13,3,4,8.25
1257185,199,Zimbabwe,male,141,7,120,120,16,0,3,7.05
1257404,154,Namibia,male,135,3,89,89,11,4,20,9.1
1257404,192,Uganda,male,134,5,120,120,11,3,14,6.7
1257405,154,Namibia,male,134,6,120,120,11,3,6,6.7
1257405,192,Uganda,male,65,5,76,76,5,2,3,5.13
1257406,154,Namibia,male,189,3,120,120,18,5,9,9.45
1257406,192,Uganda,male,124,10,120,120,8,5,3,6.2
1257945,155,Nepal,male,141,1,90,90,9,10,12,9.4
1257945,156,Netherlands,male,136,4,120,120,11,5,12,6.8
1257946,146,Malaysia,male,176,8,120,120,13,11,13,8.8
1257946,156,Netherlands,male,191,2,120,120,20,7,6,9.55
1257947,146,Malaysia,male,109,10,101,101,9,4,12,6.48
1257947,155,Nepal,male,113,1,73,73,8,6,4,9.29
1257948,155,Nepal,male,206,6,120,120,15,11,17,10.3
1257948,156,Netherlands,male,209,7,117,117,23,8,16,10.72
1257949,146,Malaysia,male,91,4,60,60,7,4,12,9.1
1257949,156,Netherlands,male,107,4,78,78,12,3,5,8.23
1257950,146,Malaysia,male,148,10,115,115,10,9,9,7.72
1257950,155,Nepal,male,217,7,120,120,9,19,11,10.85
1257951,155,Nepal,male,238,3,120,120,19,15,14,11.9
1257951,156,Netherlands,male,96,10,104,104,10,2,6,5.54
1260097,23,England,female,177,7,120,120,17,4,12,8.85
1260097,35,India,female,54,3,52,52,7,0,3,6.23
1260098,23,England,female,140,8,120,120,11,1,19,7.0
1260098,35,India,female,148,4,120,120,13,5,9,7.4
1260099,23,England,female,154,2,112,112,19,1,6,8.25
1260099,35,India,female,153,6,120,120,18,3,7,7.65
1260100,23,England,female,184,4,120,120,24,2,5,9.2
1260100,58,New Zealand,female,138,10,113,113,18,2,11,7.33
1260101,23,England,female,127,7,120,120,15,0,7,6.35
1260101,58,New Zealand,female,128,6,110,110,9,4,21,6.98
1260102,23,England,female,145,6,119,119,17,1,7,7.31
1260102,58,New Zealand,female,144,4,120,120,17,0,8,7.2
1262758,131,India,male,164,5,120,120,12,5,8,8.2
1262758,181,Sri Lanka,male,126,10,111,111,9,4,6,6.81
1262759,131,India,male,132,5,120,120,7,1,12,6.6
1262759,181,Sri Lanka,male,133,6,118,118,10,2,6,6.76
1262760,131,India,male,81,8,120,120,4,0,3,4.05
1262760,181,Sri Lanka,male,82,3,87,87,5,0,9,5.66
1262917,37,Ireland,female,137,4,120,120,11,1,9,6.85
1262917,71,Scotland,female,76,10,99,99,6,1,5,4.61
1262918,37,Ireland,female,76,10,117,117,3,0,9,3.9
1262918,71,Scotland,female,87,9,120,120,7,0,5,4.35
1262919,37,Ireland,female,134,8,120,120,11,3,5,6.7
1262919,71,Scotland,female,93,9,114,114,10,0,5,4.89
1262920,37,Ireland,female,101,4,83,83,16,0,6,7.3
1262920,71,Scotland,female,99,7,120,120,7,2,13,4.95
1263151,178,South Africa,male,160,6,120,120,12,5,6,8.0
1263151,197,West Indies,male,161,2,90,90,9,15,5,10.73
1263152,178,South Africa,male,166,7,120,120,13,4,19,8.3
1263152,197,West Indies,male,150,9,120,120,10,8,6,7.5
1263153,178,South Africa,male,167,8,120,120,11,4,16,8.35
1263153,197,West Indies,male,166,7,120,120,6,10,18,8.3
1263154,178,South Africa,male,146,9,120,120,11,4,13,7.3
1263154,197,West Indies,male,167,6,120,120,12,11,6,8.35
1263155,178,South Africa,male,168,4,120,120,9,6,10,8.4
1263155,197,West Indies,male,143,9,120,120,6,9,7,7.15
1263156,92,Australia,male,127,10,96,96,6,7,5,7.94
1263156,197,West Indies,male,145,6,120,120,10,8,11,7.25
1263157,92,Australia,male,140,10,116,116,9,2,16,7.24
1263157,197,West Indies,male,196,4,120,120,8,13,12,9.8
1263158,92,Australia,male,141,6,120,120,11,2,8,7.05
1263158,197,West Indies,male,142,4,89,89,13,9,10,9.57
1263159,92,Australia,male,189,6,120,120,14,10,14,9.45
1263159,197,West Indies,male,185,6,120,120,18,11,6,9.25
1263160,92,Australia,male,183,9,120,120,20,5,16,9.15
1263160,197,West Indies,male,199,8,120,120,9,17,15,9.95
1263164,161,Pakistan,male,0,0,0,0,0,0,0,0.0
1263164,197,West Indies,male,85,5,54,54,5,6,14,9.44
1263165,161,Pakistan,male,157,8,120,120,11,5,8,7.85
1263165,197,West Indies,male,150,4,120,120,7,9,7,7.5
1263166,161,Pakistan,male,0,0,0,0,0,0,0,0.0
1263166,197,West Indies,male,15,0,8,8,0,2,0,11.25
1263167,161,Pakistan,male,0,0,0,0,0,0,0,0.0
1263167,197,West Indies,male,30,0,18,18,3,2,1,10.0
1263471,92,Australia,male,149,9,120,120,9,5,8,7.45
1263471,181,Sri Lanka,male,122,8,114,114,11,3,11,6.42
1263472,92,Australia,male,164,6,120,120,18,1,6,8.2
1263472,181,Sri Lanka,male,164,8,120,120,14,7,10,8.2
1263473,92,Australia,male,124,4,101,101,11,3,4,7.37
1263473,181,Sri Lanka,male,121,6,120,120,11,1,9,6.05
1263474,92,Australia,male,143,4,109,109,10,2,10,7.87
1263474,181,Sri Lanka,male,139,8,120,120,10,4,1,6.95
1263475,92,Australia,male,154,6,120,120,11,4,9,7.7
1263475,181,Sri Lanka,male,155,5,119,119,8,4,8,7.82
1263572,2,Australia,female,170,1,102,102,22,1,8,10.0
1263572,23,England,female,169,4,120,120,16,3,13,8.45
1263573,2,Australia,female,0,0,0,0,0,0,0,0.0
1263573,23,England,female,25,0,25,25,3,0,5,6.0
1263621,2,Australia,female,0,0,0,0,0,0,0,0.0
1263621,35,India,female,131,4,92,92,17,4,3,8.54
1263622,2,Australia,female,119,6,115,115,15,0,4,6.21
1263622,35,India,female,118,9,120,120,10,2,14,5.9
1263623,2,Australia,female,149,5,120,120,20,1,4,7.45
1263623,35,India,female,135,6,120,120,14,2,7,6.75
1263708,114,Czech Republic,male,127,1,110,110,8,3,10,6.93
1263708,144,Luxembourg,male,126,5,120,120,10,0,11,6.3
1263710,93,Austria,male,162,6,120,120,8,4,19,8.1
1263710,114,Czech Republic,male,84,10,109,109,3,1,12,4.62
1263711,114,Czech Republic,male,161,7,120,120,16,2,13,8.05
1263711,144,Luxembourg,male,165,4,112,112,13,4,16,8.84
1263712,93,Austria,male,179,5,120,120,12,6,7,8.95
1263712,144,Luxembourg,male,180,5,118,118,17,2,13,9.15
1263713,93,Austria,male,161,6,98,98,10,5,9,9.86
1263713,114,Czech Republic,male,156,4,102,102,13,2,12,9.18
1265214,55,Namibia,female,56,2,56,56,8,0,4,6.0
1265214,59,Nigeria,female,52,8,120,120,1,0,19,2.6
1265215,9,Botswana,female,68,9,120,120,5,0,7,3.4
1265215,42,Kenya,female,71,1,45,45,12,0,0,9.47
1265216,55,Namibia,female,101,6,120,120,11,0,8,5.05
1265216,68,Rwanda,female,58,8,120,120,1,0,10,2.9
1265218,9,Botswana,female,90,7,120,120,9,0,16,4.5
1265218,55,Namibia,female,155,1,120,120,13,3,14,7.75
1265220,59,Nigeria,female,102,8,120,120,5,0,18,5.1
1265220,68,Rwanda,female,108,7,120,120,4,0,13,5.4
1265221,42,Kenya,female,129,3,120,120,10,0,21,6.45
1265221,68,Rwanda,female,104,7,120,120,5,0,1,5.2
1265222,9,Botswana,female,106,8,120,120,11,1,17,5.3
1265222,59,Nigeria,female,107,7,119,119,9,0,21,5.39
1265223,55,Namibia,female,156,2,120,120,10,2,15,7.8
1265223,59,Nigeria,female,65,8,120,120,6,0,5,3.25
1265224,42,Kenya,female,117,6,120,120,13,0,16,5.85
1265224,68,Rwanda,female,65,10,101,101,3,0,7,3.86
1265225,59,Nigeria,female,104,6,120,120,9,0,15,5.2
1265225,68,Rwanda,female,112,5,120,120,9,0,11,5.6
1265226,42,Kenya,female,72,3,66,66,11,1,7,6.55
1265226,55,Namibia,female,69,10,95,95,8,0,4,4.36
1267304,126,Greece,male,157,8,120,120,10,9,22,7.85
1267304,168,Romania,male,159,7,77,77,17,10,7,12.39
1267306,126,Greece,male,147,5,87,87,16,7,17,10.14
1267306,173,Serbia,male,144,10,120,120,12,4,32,7.2
1267307,103,Bulgaria,male,157,8,120,120,12,6,16,7.85
1267307,168,Romania,male,161,3,84,84,20,7,10,11.5
1267308,168,Romania,male,191,10,116,116,23,5,15,9.88
1267308,173,Serbia,male,100,10,101,101,11,2,16,5.94
1267310,168,Romania,male,116,0,34,34,11,10,3,20.47
1267310,173,Serbia,male,115,7,120,120,9,4,16,5.75
1267311,103,Bulgaria,male,140,10,119,119,15,5,25,7.06
1267311,126,Greece,male,33,2,23,23,4,1,4,8.61
1267322,62,Pakistan,female,126,6,120,120,12,1,8,6.3
1267322,88,West Indies,female,136,6,120,120,11,2,6,6.8
1267323,62,Pakistan,female,103,6,108,108,8,2,12,5.72
1267323,88,West Indies,female,125,6,120,120,9,3,18,6.25
1267324,62,Pakistan,female,102,10,118,118,9,0,10,5.19
1267324,88,West Indies,female,106,4,115,115,9,1,4,5.53
1267680,96,Bangladesh,male,153,2,113,113,12,3,9,8.12
1267680,199,Zimbabwe,male,152,10,114,114,12,4,4,8.0
1267681,96,Bangladesh,male,143,10,119,119,12,4,13,7.21
1267681,199,Zimbabwe,male,166,6,120,120,10,7,10,8.3
1267682,96,Bangladesh,male,194,5,116,116,18,6,18,10.03
1267682,199,Zimbabwe,male,193,5,120,120,14,10,9,9.65
1268188,97,Belgium,male,99,10,120,120,3,0,18,4.95
1268188,149,Malta,male,103,4,98,98,9,2,8,6.31
1268189,97,Belgium,male,52,0,33,33,6,3,1,9.45
1268189,149,Malta,male,50,10,78,78,3,0,4,3.85
1268190,97,Belgium,male,115,6,111,111,9,3,15,6.22
1268190,149,Malta,male,114,9,120,120,7,4,12,5.7
1268191,97,Belgium,male,128,10,117,117,11,2,21,6.56
1268191,149,Malta,male,125,10,116,116,10,4,10,6.47
1268192,97,Belgium,male,172,6,120,120,9,13,12,8.6
1268192,149,Malta,male,133,10,112,112,11,3,10,7.12
1268747,28,France,female,65,6,120,120,1,0,18,3.25
1268747,29,Germany,female,66,1,68,68,6,0,14,5.82
1268748,28,France,female,55,10,116,116,2,0,9,2.84
1268748,29,Germany,female,56,2,66,66,2,0,15,5.09
1268749,28,France,female,67,10,114,114,2,0,25,3.53
1268749,29,Germany,female,132,4,120,120,7,1,23,6.6
1268757,37,Ireland,female,160,6,120,120,20,1,7,8.0
1268757,57,Netherlands,female,132,7,120,120,14,2,11,6.6
1268759,37,Ireland,female,110,4,69,69,20,0,17,9.57
1268759,57,Netherlands,female,109,5,120,120,10,2,1,5.45
1268760,37,Ireland,female,101,2,90,90,11,1,8,6.73
1268760,57,Netherlands,female,119,3,81,81,13,2,10,8.81
1270834,92,Australia,male,108,10,120,120,6,2,9,5.4
1270834,96,Bangladesh,male,131,7,120,120,8,3,6,6.55
1270835,92,Australia,male,121,7,120,120,12,1,2,6.05
1270835,96,Bangladesh,male,123,5,112,112,12,2,6,6.59
1270836,92,Australia,male,117,4,120,120,8,4,1,5.85
1270836,96,Bangladesh,male,127,9,120,120,9,2,7,6.35
1270837,92,Australia,male,105,7,114,114,4,6,3,5.53
1270837,96,Bangladesh,male,104,9,120,120,4,3,5,5.2
1270838,92,Australia,male,62,10,82,82,0,3,1,4.54
1270838,96,Bangladesh,male,122,8,120,120,5,4,18,6.1
1271445,123,Germany,male,80,5,103,103,8,0,3,4.66
1271445,159,Norway,male,76,10,112,112,3,3,4,4.07
1271446,121,France,male,113,6,117,117,7,4,7,5.79
1271446,159,Norway,male,112,7,120,120,9,0,20,5.6
1271447,121,France,male,94,9,108,108,7,0,4,5.22
1271447,123,Germany,male,97,8,74,74,13,1,5,7.86
1271448,121,France,male,116,8,120,120,6,3,12,5.8
1271448,123,Germany,male,164,3,120,120,12,3,19,8.2
1271449,121,France,male,128,8,120,120,6,5,3,6.4
1271449,159,Norway,male,131,8,120,120,10,2,7,6.55
1271450,123,Germany,male,134,6,120,120,8,3,4,6.7
1271450,159,Norway,male,185,7,120,120,13,12,14,9.25
1271451,123,Germany,male,96,4,82,82,6,2,5,7.02
1271451,159,Norway,male,127,8,120,120,11,4,4,6.35
1271630,178,South Africa,male,163,5,120,120,10,5,3,8.15
1271630,181,Sri Lanka,male,135,6,120,120,7,4,13,6.75
1271631,178,South Africa,male,105,1,85,85,12,0,8,7.41
1271631,181,Sri Lanka,male,103,10,109,109,5,3,7,5.67
1271632,178,South Africa,male,121,0,88,88,12,1,6,8.25
1271632,181,Sri Lanka,male,120,8,120,120,8,2,4,6.0
1272093,96,Bangladesh,male,62,3,90,90,5,0,5,4.13
1272093,157,New Zealand,male,60,10,101,101,3,0,2,3.56
1272094,96,Bangladesh,male,141,6,120,120,14,1,4,7.05
1272094,157,New Zealand,male,137,5,120,120,11,2,5,6.85
1272095,96,Bangladesh,male,76,10,118,118,6,0,4,3.86
1272095,157,New Zealand,male,128,5,120,120,14,0,2,6.4
1272096,96,Bangladesh,male,96,4,115,115,4,3,4,5.01
1272096,157,New Zealand,male,93,10,117,117,6,2,3,4.77
1272097,96,Bangladesh,male,134,8,120,120,10,4,4,6.7
1272097,157,New Zealand,male,161,5,120,120,15,6,1,8.05
1272373,134,Ireland,male,114,9,120,120,12,1,7,5.7
1272373,199,Zimbabwe,male,117,7,120,120,7,2,1,5.85
1272374,134,Ireland,male,153,3,111,111,15,3,13,8.27
1272374,199,Zimbabwe,male,152,5,120,120,13,4,11,7.6
1272375,134,Ireland,male,178,2,120,120,14,10,4,8.9
1272375,199,Zimbabwe,male,138,10,110,110,12,3,10,7.53
1272376,134,Ireland,male,174,4,120,120,16,4,11,8.7
1272376,199,Zimbabwe,male,110,9,120,120,10,0,5,5.5
1272377,134,Ireland,male,119,10,120,120,7,3,13,5.95
1272377,199,Zimbabwe,male,124,4,120,120,11,2,8,6.2
1272900,82,Thailand,female,104,4,120,120,12,0,1,5.2
1272900,90,Zimbabwe,female,107,9,117,117,10,0,9,5.49
1272901,82,Thailand,female,154,3,120,120,18,2,6,7.7
1272901,90,Zimbabwe,female,101,10,117,117,12,0,5,5.18
1272902,82,Thailand,female,134,5,120,120,16,1,3,6.7
1272902,90,Zimbabwe,female,107,7,120,120,12,0,4,5.35
1273133,115,Denmark,male,135,4,120,120,12,1,8,6.75
1273133,185,Sweden,male,137,7,120,120,8,1,25,6.85
1273134,115,Denmark,male,126,4,115,115,9,2,4,6.57
1273134,185,Sweden,male,122,9,120,120,10,3,11,6.1
1273136,125,Gibraltar,male,148,5,120,120,13,0,12,7.4
1273136,149,Malta,male,149,2,105,105,13,3,18,8.51
1273138,125,Gibraltar,male,193,2,120,120,19,2,25,9.65
1273138,149,Malta,male,197,3,120,120,18,7,18,9.85
1273139,125,Gibraltar,male,108,10,111,111,10,1,17,5.84
1273139,166,Portugal,male,218,6,120,120,25,2,20,10.9
1273141,124,Ghana,male,164,5,120,120,18,1,23,8.2
1273141,169,Rwanda,male,165,9,118,118,15,9,8,8.39
1273143,124,Ghana,male,79,10,91,91,6,2,8,5.21
1273143,169,Rwanda,male,136,8,120,120,12,2,19,6.8
1273144,124,Ghana,male,166,6,120,120,13,6,24,8.3
1273144,169,Rwanda,male,30,1,30,30,0,1,6,6.0
1273145,124,Ghana,male,148,3,109,109,14,5,14,8.15
1273145,169,Rwanda,male,147,8,120,120,9,7,6,7.35
1273146,120,Finland,male,139,6,107,107,12,3,13,7.79
1273146,185,Sweden,male,135,6,114,114,9,1,13,7.11
1273147,120,Finland,male,142,6,113,113,8,7,7,7.54
1273147,185,Sweden,male,141,8,120,120,11,3,10,7.05
1273148,120,Finland,male,141,7,120,120,13,0,14,7.05
1273148,185,Sweden,male,113,7,84,84,7,4,8,8.07
1273149,120,Finland,male,145,7,120,120,10,4,9,7.25
1273149,185,Sweden,male,146,4,103,103,12,4,9,8.5
1273271,172,Scotland,male,141,6,120,120,11,3,11,7.05
1273271,199,Zimbabwe,male,134,9,120,120,11,3,11,6.7
1273272,172,Scotland,male,126,10,118,118,7,5,3,6.41
1273272,199,Zimbabwe,male,136,5,120,120,10,2,17,6.8
1273273,172,Scotland,male,177,4,120,120,16,7,9,8.85
1273273,199,Zimbabwe,male,180,4,115,115,11,9,14,9.39
1273415,75,South Africa,female,135,3,120,120,12,2,5,6.75
1273415,88,West Indies,female,21,1,17,17,2,0,6,7.41
1273416,75,South Africa,female,165,3,120,120,18,5,5,8.25
1273416,88,West Indies,female,115,8,120,120,10,1,4,5.75
1273417,75,South Africa,female,80,9,120,120,6,1,0,4.0
1273417,88,West Indies,female,81,5,71,71,7,1,8,6.85
1273712,160,Oman,male,131,0,82,82,12,5,8,9.59
1273712,163,Papua New Guinea,male,129,9,120,120,10,4,7,6.45
1273713,96,Bangladesh,male,134,7,120,120,8,4,5,6.7
1273713,172,Scotland,male,140,9,120,120,9,6,9,7.0
1273714,134,Ireland,male,107,3,91,91,11,3,9,7.05
1273714,156,Netherlands,male,106,10,120,120,11,0,5,5.3
1273715,154,Namibia,male,96,10,117,117,3,2,7,4.92
1273715,181,Sri Lanka,male,100,3,81,81,6,4,7,7.41
1273716,163,Papua New Guinea,male,148,10,117,117,10,6,4,7.59
1273716,172,Scotland,male,165,9,120,120,13,6,8,8.25
1273717,96,Bangladesh,male,153,10,120,120,11,5,11,7.65
1273717,160,Oman,male,127,9,120,120,8,5,12,6.35
1273718,154,Namibia,male,166,4,114,114,17,6,9,8.74
1273718,156,Netherlands,male,164,4,120,120,12,3,13,8.2
1273719,134,Ireland,male,101,10,111,111,6,2,9,5.46
1273719,181,Sri Lanka,male,171,7,120,120,19,3,8,8.55
1273720,96,Bangladesh,male,181,7,120,120,8,9,9,9.05
1273720,163,Papua New Guinea,male,97,10,117,117,4,3,5,4.97
1273721,160,Oman,male,122,10,120,120,7,5,4,6.1
1273721,172,Scotland,male,123,2,102,102,7,6,5,7.24
1273722,134,Ireland,male,125,8,120,120,10,1,4,6.25
1273722,154,Namibia,male,126,2,111,111,8,3,6,6.81
1273723,156,Netherlands,male,44,10,60,60,5,1,6,4.4
1273723,181,Sri Lanka,male,45,2,43,43,7,0,4,6.28
1273724,92,Australia,male,121,5,118,118,13,0,4,6.15
1273724,178,South Africa,male,118,9,120,120,9,2,6,5.9
1273725,116,England,male,56,4,50,50,6,1,1,6.72
1273725,197,West Indies,male,55,10,86,86,6,1,3,3.84
1273726,96,Bangladesh,male,171,4,120,120,18,2,9,8.55
1273726,181,Sri Lanka,male,172,5,113,113,10,9,7,9.13
1273727,131,India,male,151,7,120,120,11,4,12,7.55
1273727,161,Pakistan,male,152,0,107,107,12,5,5,8.52
1273729,178,South Africa,male,144,2,110,110,9,5,9,7.85
1273729,197,West Indies,male,143,8,120,120,9,8,7,7.15
1273730,157,New Zealand,male,134,8,120,120,12,3,8,6.7
1273730,161,Pakistan,male,135,5,112,112,10,6,7,7.23
1273731,96,Bangladesh,male,124,9,120,120,10,2,7,6.2
1273731,116,England,male,126,2,85,85,10,4,11,8.89
1273732,154,Namibia,male,115,6,115,115,5,4,11,6.0
1273732,172,Scotland,male,109,8,120,120,7,2,9,5.45
1273733,92,Australia,male,155,3,102,102,19,3,4,9.12
1273733,181,Sri Lanka,male,154,6,120,120,16,3,15,7.7
1273734,96,Bangladesh,male,139,5,120,120,12,1,11,6.95
1273734,197,West Indies,male,142,7,120,120,5,7,14,7.1
1273736,178,South Africa,male,146,6,119,119,7,4,6,7.36
1273736,181,Sri Lanka,male,142,10,120,120,12,4,9,7.1
1273737,92,Australia,male,125,10,120,120,7,5,9,6.25
1273737,116,England,male,126,2,70,70,7,8,9,10.8
1273739,131,India,male,110,7,120,120,8,2,4,5.5
1273739,157,New Zealand,male,111,2,87,87,10,3,7,7.66
1273740,116,England,male,163,4,120,120,9,9,6,8.15
1273740,181,Sri Lanka,male,137,10,114,114,12,5,2,7.21
1273741,96,Bangladesh,male,84,10,110,110,4,1,7,4.58
1273741,178,South Africa,male,86,4,81,81,10,1,8,6.37
1273742,154,Namibia,male,144,5,120,120,11,5,4,7.2
1273742,161,Pakistan,male,189,2,120,120,20,4,3,9.45
1273743,157,New Zealand,male,172,5,120,120,8,8,20,8.6
1273743,172,Scotland,male,156,5,120,120,14,6,8,7.8
1273745,92,Australia,male,78,2,38,38,7,5,4,12.32
1273745,96,Bangladesh,male,73,10,90,90,7,1,5,4.87
1273746,181,Sri Lanka,male,189,3,120,120,17,3,13,9.45
1273746,197,West Indies,male,169,8,120,120,18,6,11,8.45
1273747,154,Namibia,male,111,7,120,120,8,3,8,5.55
1273747,157,New Zealand,male,163,4,120,120,8,7,7,8.15
1273748,131,India,male,89,2,39,39,11,5,1,13.69
1273748,172,Scotland,male,85,10,106,106,8,2,4,4.81
1273749,92,Australia,male,161,2,98,98,15,6,10,9.86
1273749,197,West Indies,male,157,7,120,120,13,6,9,7.85
1273750,116,England,male,179,8,120,120,17,8,7,8.95
1273750,178,South Africa,male,189,2,120,120,11,10,7,9.45
1273752,161,Pakistan,male,189,4,120,120,10,11,10,9.45
1273752,172,Scotland,male,117,6,120,120,9,1,12,5.85
1273753,131,India,male,136,1,92,92,15,4,1,8.87
1273753,154,Namibia,male,132,8,120,120,8,2,17,6.6
1273754,116,England,male,166,4,120,120,14,4,11,8.3
1273754,157,New Zealand,male,167,5,114,114,11,8,10,8.79
1273755,92,Australia,male,177,5,114,114,11,10,7,9.32
1273755,161,Pakistan,male,176,4,120,120,11,8,13,8.8
1273756,92,Australia,male,173,2,113,113,15,8,10,9.19
1273756,157,New Zealand,male,172,4,120,120,15,6,9,8.6
1274595,57,Netherlands,female,98,5,120,120,7,2,3,4.9
1274595,71,Scotland,female,99,4,99,99,6,1,8,6.0
1274596,29,Germany,female,32,3,120,120,1,0,7,1.6
1274596,37,Ireland,female,196,2,120,120,16,4,19,9.8
1274597,28,France,female,33,10,105,105,0,0,14,1.89
1274597,57,Netherlands,female,34,1,21,21,4,0,3,9.71
1274600,28,France,female,45,10,90,90,0,0,19,3.0
1274600,29,Germany,female,46,1,57,57,2,0,8,4.84
1274601,37,Ireland,female,89,9,120,120,3,0,7,4.45
1274601,71,Scotland,female,92,5,114,114,4,3,8,4.84
1274602,29,Germany,female,71,6,120,120,3,0,13,3.55
1274602,57,Netherlands,female,72,3,90,90,4,0,13,4.8
1274604,28,France,female,24,10,97,97,0,0,13,1.48
1274604,37,Ireland,female,25,0,16,16,1,0,6,9.38
1274606,28,France,female,24,10,106,106,1,0,6,1.36
1274606,71,Scotland,female,25,3,14,14,2,1,2,10.71
1274608,29,Germany,female,36,10,120,120,0,0,14,1.8
1274608,71,Scotland,female,37,0,29,29,2,0,3,7.66
1274609,37,Ireland,female,111,9,120,120,9,2,8,5.55
1274609,57,Netherlands,female,87,9,120,120,6,1,7,4.35
1275039,141,Kenya,male,108,2,71,71,12,4,6,9.13
1275039,158,Nigeria,male,107,8,120,120,11,0,4,5.35
1275040,158,Nigeria,male,96,6,120,120,4,2,1,4.8
1275040,192,Uganda,male,152,4,120,120,11,4,11,7.6
1275042,141,Kenya,male,162,5,120,120,17,1,11,8.1
1275042,158,Nigeria,male,101,7,120,120,8,1,11,5.05
1275043,158,Nigeria,male,123,8,120,120,7,3,7,6.15
1275043,192,Uganda,male,124,2,102,102,12,5,3,7.29
1275044,141,Kenya,male,151,9,120,120,13,1,13,7.55
1275044,192,Uganda,male,129,10,114,114,10,2,6,6.79
1275045,141,Kenya,male,107,5,90,90,14,1,5,7.13
1275045,158,Nigeria,male,133,5,108,108,12,6,6,7.39
1275047,158,Nigeria,male,117,7,120,120,11,1,11,5.85
1275047,192,Uganda,male,172,6,120,120,14,7,13,8.6
1275051,141,Kenya,male,114,8,120,120,15,1,4,5.7
1275051,192,Uganda,male,120,9,120,120,6,3,11,6.0
1275052,123,Germany,male,132,3,109,109,11,4,8,7.27
1275052,180,Spain,male,128,7,120,120,7,6,11,6.4
1275053,123,Germany,male,115,9,120,120,7,1,10,5.75
1275053,180,Spain,male,116,5,109,109,7,5,13,6.39
1275054,123,Germany,male,119,9,120,120,11,1,6,5.95
1275054,180,Spain,male,120,9,118,118,8,3,12,6.1
1275074,60,Norway,female,52,10,72,72,0,0,28,4.33
1275074,79,Sweden,female,53,8,73,73,2,0,13,4.36
1275104,53,Mozambique,female,17,10,45,45,0,0,10,2.27
1275104,68,Rwanda,female,18,0,13,13,2,0,5,8.31
1275106,9,Botswana,female,224,2,120,120,21,0,59,11.2
1275106,25,Eswatini,female,29,10,90,90,2,0,13,1.93
1275107,59,Nigeria,female,103,5,96,96,8,0,13,6.44
1275107,73,Sierra Leone,female,102,9,120,120,4,0,23,5.1
1275108,81,Tanzania,female,103,10,118,118,5,0,15,5.24
1275108,90,Zimbabwe,female,104,4,114,114,8,0,4,5.47
1275110,9,Botswana,female,151,6,119,119,12,3,25,7.61
1275110,53,Mozambique,female,41,10,83,83,4,0,12,2.96
1275111,55,Namibia,female,125,7,120,120,11,0,13,6.25
1275111,59,Nigeria,female,66,7,120,120,3,0,14,3.3
1275112,25,Eswatini,female,17,10,56,56,1,0,7,1.82
1275112,90,Zimbabwe,female,18,0,12,12,2,0,3,9.0
1275113,13,Cameroon,female,76,9,120,120,5,0,11,3.8
1275113,73,Sierra Leone,female,77,4,87,87,4,0,23,5.31
1275114,53,Mozambique,female,28,9,77,77,2,0,5,2.18
1275114,81,Tanzania,female,228,4,120,120,24,0,35,11.4
1275115,59,Nigeria,female,61,10,89,89,6,0,11,4.11
1275115,84,Uganda,female,104,8,120,120,11,0,6,5.2
1275116,25,Eswatini,female,19,10,54,54,0,0,10,2.11
1275116,68,Rwanda,female,204,5,120,120,13,0,38,10.2
1275118,68,Rwanda,female,61,10,101,101,6,0,3,3.62
1275118,81,Tanzania,female,104,8,120,120,8,0,10,5.2
1275122,25,Eswatini,female,23,9,71,71,1,0,10,1.94
1275122,81,Tanzania,female,279,2,120,120,34,0,42,13.95
1275125,73,Sierra Leone,female,86,8,120,120,5,0,20,4.3
1275125,84,Uganda,female,87,1,77,77,8,0,5,6.78
1275126,25,Eswatini,female,55,10,91,91,4,0,9,3.63
1275126,53,Mozambique,female,138,6,119,119,6,0,39,6.96
1275127,68,Rwanda,female,90,9,120,120,8,0,12,4.5
1275127,90,Zimbabwe,female,142,4,120,120,14,0,9,7.1
1275128,9,Botswana,female,82,10,117,117,6,0,6,4.21
1275128,81,Tanzania,female,83,3,65,65,14,0,3,7.66
1275129,84,Uganda,female,94,10,120,120,4,0,24,4.7
1275129,90,Zimbabwe,female,108,6,120,120,8,3,8,5.4
1275131,81,Tanzania,female,82,1,80,80,9,0,12,6.15
1275131,84,Uganda,female,79,10,112,112,1,0,8,4.23
1275132,55,Namibia,female,120,9,120,120,12,0,14,6.0
1275132,90,Zimbabwe,female,133,4,120,120,16,0,18,6.65
1275268,114,Czech Republic,male,176,9,117,117,12,6,30,9.03
1275268,168,Romania,male,211,8,120,120,25,4,26,10.55
1275269,103,Bulgaria,male,125,10,112,112,12,3,15,6.7
1275269,144,Luxembourg,male,187,4,120,120,14,5,22,9.35
1275270,114,Czech Republic,male,160,7,120,120,16,5,14,8.0
1275270,129,Hungary,male,165,6,120,120,19,5,16,8.25
1275271,103,Bulgaria,male,112,9,120,120,6,2,20,5.6
1275271,149,Malta,male,113,3,70,70,11,3,20,9.69
1275272,129,Hungary,male,187,10,119,119,20,4,26,9.43
1275272,168,Romania,male,195,6,120,120,26,3,18,9.75
1275274,129,Hungary,male,177,9,120,120,16,9,4,8.85
1275274,144,Luxembourg,male,179,6,120,120,16,6,20,8.95
1275275,149,Malta,male,166,8,120,120,11,2,35,8.3
1275275,168,Romania,male,202,8,120,120,25,3,12,10.1
1275276,129,Hungary,male,171,2,110,110,17,6,17,9.33
1275276,149,Malta,male,170,5,120,120,15,2,19,8.5
1275277,144,Luxembourg,male,123,9,120,120,7,3,20,6.15
1275277,168,Romania,male,156,9,119,119,12,7,12,7.87
1276904,116,England,male,148,10,117,117,13,5,13,7.59
1276904,131,India,male,198,8,120,120,23,5,9,9.9
1276905,116,England,male,121,10,102,102,13,4,2,7.12
1276905,131,India,male,170,8,120,120,17,4,12,8.5
1276906,116,England,male,215,7,120,120,14,13,13,10.75
1276906,131,India,male,198,9,120,120,19,10,9,9.9
1276913,116,England,male,234,6,120,120,9,20,13,11.7
1276913,178,South Africa,male,193,8,120,120,18,9,3,9.65
1276914,116,England,male,149,10,100,100,16,3,8,8.94
1276914,178,South Africa,male,207,3,120,120,16,9,9,10.35
1276915,116,England,male,101,10,100,100,6,1,7,6.06
1276915,178,South Africa,male,191,5,120,120,25,1,9,9.55
1277974,96,Bangladesh,male,127,7,120,120,3,7,8,6.35
1277974,161,Pakistan,male,132,6,116,116,11,5,7,6.83
1277975,96,Bangladesh,male,108,7,120,120,8,1,10,5.4
1277975,161,Pakistan,male,109,2,109,109,7,3,6,6.0
1277976,96,Bangladesh,male,124,7,120,120,10,4,5,6.2
1277976,161,Pakistan,male,127,5,120,120,8,4,7,6.35
1278671,131,India,male,166,5,118,118,15,6,14,8.44
1278671,157,New Zealand,male,164,6,120,120,12,6,8,8.2
1278672,131,India,male,155,3,104,104,9,9,10,8.94
1278672,157,New Zealand,male,153,6,120,120,11,5,7,7.65
1278673,131,India,male,184,7,120,120,18,6,9,9.2
1278673,157,New Zealand,male,111,10,104,104,8,7,1,6.4
1278679,131,India,male,162,4,113,113,16,5,4,8.6
1278679,197,West Indies,male,157,7,120,120,14,7,17,7.85
1278680,131,India,male,186,5,120,120,21,4,19,9.3
1278680,197,West Indies,male,178,3,120,120,12,8,14,8.9
1278681,131,India,male,184,5,120,120,15,9,14,9.2
1278681,197,West Indies,male,167,9,120,120,19,6,10,8.35
1278684,131,India,male,199,2,120,120,17,6,6,9.95
1278684,181,Sri Lanka,male,137,6,120,120,9,4,2,6.85
1278685,131,India,male,186,3,103,103,17,8,11,10.83
1278685,181,Sri Lanka,male,183,5,120,120,18,7,11,9.15
1278686,131,India,male,148,4,101,101,18,2,4,8.79
1278686,181,Sri Lanka,male,146,5,120,120,12,2,24,7.3
1278687,131,India,male,211,4,120,120,16,14,15,10.55
1278687,178,South Africa,male,212,3,115,115,17,14,12,11.06
1278688,131,India,male,148,6,120,120,10,7,7,7.4
1278688,178,South Africa,male,149,6,110,110,14,7,3,8.13
1278689,131,India,male,179,5,120,120,17,6,6,8.95
1278689,178,South Africa,male,131,10,115,115,10,4,5,6.83
1278690,131,India,male,169,6,120,120,20,6,6,8.45
1278690,178,South Africa,male,87,9,101,101,7,2,7,5.17
1278691,131,India,male,28,2,21,21,1,2,2,8.0
1278691,178,South Africa,male,0,0,0,0,0,0,0,0.0
1279379,113,Cyprus,male,105,6,109,109,3,3,16,5.78
1279379,117,Estonia,male,102,8,120,120,7,3,14,5.1
1279380,113,Cyprus,male,131,2,85,85,8,7,13,9.25
1279380,117,Estonia,male,130,6,120,120,7,5,7,6.5
1279381,113,Cyprus,male,92,10,116,116,6,2,8,4.76
1279381,135,Isle of Man,male,93,2,71,71,9,4,4,7.86
1279382,117,Estonia,male,118,7,120,120,7,3,6,5.9
1279382,135,Isle of Man,male,122,4,94,94,3,5,15,7.79
1279383,113,Cyprus,male,149,7,121,121,7,9,10,7.39
1279383,135,Isle of Man,male,151,7,117,117,8,7,8,7.74
1279385,113,Cyprus,male,160,9,120,120,6,9,15,8.0
1279385,117,Estonia,male,121,6,120,120,13,2,3,6.05
1279386,117,Estonia,male,71,10,103,103,2,3,4,4.14
1279386,135,Isle of Man,male,72,2,50,50,4,4,7,8.64
1280058,154,Namibia,male,138,5,106,106,11,5,15,7.81
1280058,172,Scotland,male,137,8,120,120,11,3,4,6.85
1280059,154,Namibia,male,174,6,120,120,14,5,7,8.7
1280059,163,Papua New Guinea,male,160,6,120,120,8,5,12,8.0
1280060,134,Ireland,male,124,3,113,113,11,3,6,6.58
1280060,193,United Arab Emirates,male,123,7,120,120,7,4,5,6.15
1280061,134,Ireland,male,109,10,112,112,6,2,9,5.84
1280061,193,United Arab Emirates,male,163,4,120,120,12,5,6,8.15
1280062,134,Ireland,male,134,5,120,120,6,2,5,6.7
1280062,193,United Arab Emirates,male,139,3,97,97,16,5,6,8.6
1280063,163,Papua New Guinea,male,154,5,120,120,16,2,8,7.7
1280063,172,Scotland,male,156,2,107,107,15,4,9,8.75
1282272,125,Gibraltar,male,152,2,120,120,8,4,18,7.6
1282272,149,Malta,male,213,5,120,120,13,14,19,10.65
1282273,125,Gibraltar,male,133,9,120,120,6,3,17,6.65
1282273,186,Switzerland,male,134,1,88,88,5,8,21,9.14
1282275,103,Bulgaria,male,81,10,117,117,6,1,12,4.15
1282275,186,Switzerland,male,82,2,36,36,7,5,12,13.67
1282276,149,Malta,male,142,9,120,120,5,8,20,7.1
1282276,186,Switzerland,male,150,9,120,120,9,7,17,7.5
1282278,103,Bulgaria,male,178,4,120,120,10,7,13,8.9
1282278,125,Gibraltar,male,177,9,120,120,9,6,10,8.85
1282279,149,Malta,male,176,7,120,120,11,8,17,8.8
1282279,186,Switzerland,male,170,8,120,120,15,5,14,8.5
1282738,123,Germany,male,133,5,120,120,6,4,14,6.65
1282738,140,Jersey,male,137,7,120,120,11,2,6,6.85
1282739,115,Denmark,male,100,9,120,120,5,1,9,5.0
1282739,137,Italy,male,101,4,107,107,6,4,1,5.66
1282740,115,Denmark,male,110,6,120,120,7,2,8,5.5
1282740,123,Germany,male,112,4,110,110,12,2,12,6.11
1282741,137,Italy,male,98,10,110,110,3,4,12,5.35
1282741,140,Jersey,male,139,5,120,120,7,5,8,6.95
1282742,115,Denmark,male,89,9,119,119,6,1,1,4.49
1282742,140,Jersey,male,94,10,117,117,6,3,3,4.82
1282743,123,Germany,male,104,6,112,112,6,0,10,5.57
1282743,137,Italy,male,103,5,120,120,6,3,8,5.15
1282744,115,Denmark,male,132,9,120,120,6,5,6,6.6
1282744,137,Italy,male,141,4,120,120,10,3,12,7.05
1282745,123,Germany,male,85,10,119,119,2,1,6,4.29
1282745,140,Jersey,male,86,6,103,103,10,0,6,5.01
1282746,137,Italy,male,100,8,120,120,5,1,5,5.0
1282746,140,Jersey,male,104,2,110,110,12,0,3,5.67
1282747,115,Denmark,male,107,10,118,118,8,2,8,5.44
1282747,123,Germany,male,119,5,120,120,10,0,9,5.95
1282748,123,Germany,male,116,6,120,120,8,4,14,5.8
1282748,137,Italy,male,117,10,120,120,9,2,5,5.85
1282749,115,Denmark,male,130,6,120,120,7,6,14,6.5
1282749,140,Jersey,male,131,6,113,113,14,2,2,6.96
1282929,1,Argentina,female,12,10,68,68,0,0,3,1.06
1282929,10,Brazil,female,13,2,21,21,0,0,7,3.71
1282930,14,Canada,female,70,9,120,120,5,0,14,3.5
1282930,86,United States of America,female,71,0,65,65,7,0,11,6.55
1282935,14,Canada,female,85,4,120,120,8,0,3,4.25
1282935,86,United States of America,female,78,7,120,120,5,0,10,3.9
1283021,124,Ghana,male,157,5,120,120,13,6,15,7.85
1283021,169,Rwanda,male,153,9,120,120,15,3,9,7.65
1283023,124,Ghana,male,96,1,61,61,11,4,1,9.44
1283023,174,Seychelles,male,95,10,120,120,12,1,4,4.75
1283024,145,Malawi,male,98,7,120,120,8,1,11,4.9
1283024,192,Uganda,male,101,0,66,66,13,0,8,9.18
1283025,143,Lesotho,male,131,8,120,120,9,4,11,6.55
1283025,174,Seychelles,male,132,4,98,98,15,2,10,8.08
1283026,145,Malawi,male,99,2,76,76,11,0,11,7.82
1283026,184,Swaziland,male,97,10,110,110,13,0,5,5.29
1283028,169,Rwanda,male,63,10,91,91,3,1,12,4.15
1283028,192,Uganda,male,169,4,119,119,18,3,9,8.52
1283029,124,Ghana,male,96,3,72,72,9,3,5,8.0
1283029,145,Malawi,male,95,8,120,120,5,2,6,4.75
1283030,143,Lesotho,male,26,10,76,76,2,0,1,2.05
1283030,192,Uganda,male,27,0,22,22,3,0,3,7.36
1283032,184,Swaziland,male,72,10,89,89,5,2,18,4.85
1283032,192,Uganda,male,76,4,73,73,8,0,18,6.25
1283033,145,Malawi,male,142,2,120,120,10,1,8,7.1
1283033,174,Seychelles,male,121,10,117,117,11,3,9,6.21
1283034,124,Ghana,male,75,3,64,64,7,0,16,7.03
1283034,184,Swaziland,male,74,9,120,120,7,0,8,3.7
1283035,174,Seychelles,male,130,3,92,92,13,2,17,8.48
1283035,184,Swaziland,male,128,7,96,96,11,4,5,8.0
1283036,143,Lesotho,male,80,7,66,66,4,4,8,7.27
1283036,169,Rwanda,male,102,8,66,66,8,4,1,9.27
1283037,124,Ghana,male,97,10,115,115,6,4,5,5.06
1283037,192,Uganda,male,176,6,120,120,11,9,17,8.8
1283038,169,Rwanda,male,79,3,48,48,13,0,5,9.88
1283038,184,Swaziland,male,77,10,99,99,7,1,13,4.67
1283040,145,Malawi,male,139,2,120,120,4,3,25,6.95
1283040,169,Rwanda,male,115,10,110,110,2,6,16,6.27
1283041,174,Seychelles,male,69,9,120,120,5,0,9,3.45
1283041,192,Uganda,male,164,5,120,120,12,6,3,8.2
1283042,101,Botswana,male,157,5,120,120,15,4,10,7.85
1283042,175,Sierra Leone,male,85,10,107,107,7,1,10,4.77
1283043,152,Mozambique,male,155,9,120,120,16,5,11,7.75
1283043,187,Tanzania,male,242,6,120,120,21,12,21,12.1
1283044,105,Cameroon,male,38,10,61,61,3,0,6,3.74
1283044,152,Mozambique,male,209,5,120,120,18,9,20,10.45
1283045,175,Sierra Leone,male,99,8,120,120,5,1,15,4.95
1283045,187,Tanzania,male,104,2,65,65,7,7,4,9.6
1283046,101,Botswana,male,54,1,29,29,8,1,2,11.17
1283046,105,Cameroon,male,51,10,96,96,6,1,6,3.19
1283047,152,Mozambique,male,96,9,120,120,9,1,4,4.8
1283047,175,Sierra Leone,male,97,5,104,104,9,0,13,5.6
1283048,101,Botswana,male,152,5,120,120,12,3,11,7.6
1283048,152,Mozambique,male,100,10,119,119,8,3,7,5.04
1283049,105,Cameroon,male,62,10,98,98,6,1,5,3.8
1283049,187,Tanzania,male,240,5,120,120,25,6,28,12.0
1283050,105,Cameroon,male,89,9,120,120,8,1,9,4.45
1283050,175,Sierra Leone,male,90,4,73,73,6,2,20,7.4
1283051,101,Botswana,male,140,7,120,120,10,4,13,7.0
1283051,187,Tanzania,male,143,10,119,119,10,7,6,7.21
1283089,158,Nigeria,male,99,10,120,120,5,3,6,4.95
1283089,175,Sierra Leone,male,100,4,120,120,5,2,11,5.0
1283091,158,Nigeria,male,124,8,120,120,7,3,9,6.2
1283091,175,Sierra Leone,male,55,10,96,96,1,1,5,3.44
1283092,158,Nigeria,male,85,1,95,95,6,2,5,5.37
1283092,175,Sierra Leone,male,84,5,120,120,1,2,15,4.2
1283093,158,Nigeria,male,90,10,106,106,4,1,5,5.09
1283093,175,Sierra Leone,male,71,10,106,106,2,0,5,4.02
1283094,158,Nigeria,male,134,8,120,120,10,3,18,6.7
1283094,175,Sierra Leone,male,98,9,120,120,6,3,13,4.9
1284489,147,Maldives,male,98,9,120,120,3,4,18,4.9
1284489,171,Saudi Arabia,male,101,3,91,91,6,6,5,6.66
1284490,95,Bahrain,male,124,8,120,120,9,6,6,6.2
1284490,142,Kuwait,male,129,4,69,69,16,4,8,11.22
1284491,147,Maldives,male,56,10,113,113,2,0,2,2.97
1284491,167,Qatar,male,154,6,120,120,9,7,11,7.7
1284493,95,Bahrain,male,93,3,42,42,13,5,1,13.29
1284493,147,Maldives,male,88,9,120,120,2,2,5,4.4
1284495,142,Kuwait,male,107,5,72,72,9,6,8,8.92
1284495,147,Maldives,male,103,10,120,120,7,3,6,5.15
1284496,95,Bahrain,male,179,9,120,120,8,13,12,8.95
1284496,171,Saudi Arabia,male,161,6,120,120,14,7,8,8.05
1284497,142,Kuwait,male,126,9,120,120,9,4,10,6.3
1284497,167,Qatar,male,127,8,71,71,13,7,6,10.73
1286667,98,Belize,male,64,9,120,120,7,2,2,3.2
1286667,194,United States of America,male,68,0,26,26,5,5,8,15.69
1286670,98,Belize,male,89,6,120,120,8,2,11,4.45
1286670,106,Canada,male,234,3,120,120,24,8,19,11.7
1286671,91,Argentina,male,109,5,120,120,9,0,1,5.45
1286671,94,Bahamas,male,121,10,110,110,5,6,17,6.6
1286672,98,Belize,male,143,8,120,120,10,4,19,7.15
1286672,162,Panama,male,131,8,120,120,14,1,14,6.55
1286673,99,Bermuda,male,149,8,120,120,11,5,9,7.45
1286673,194,United States of America,male,172,10,118,118,15,6,7,8.75
1286674,106,Canada,male,142,5,120,120,16,1,9,7.1
1286674,194,United States of America,male,142,8,120,120,13,4,6,7.1
1286675,91,Argentina,male,171,4,121,121,17,3,10,8.48
1286675,98,Belize,male,112,10,113,113,9,2,8,5.95
1286677,94,Bahamas,male,99,8,120,120,8,3,4,4.95
1286677,99,Bermuda,male,239,6,120,120,20,14,17,11.95
1286681,91,Argentina,male,90,7,120,120,6,0,12,4.5
1286681,194,United States of America,male,94,2,81,81,6,4,4,6.96
1286682,94,Bahamas,male,90,7,120,120,5,3,12,4.5
1286682,194,United States of America,male,91,0,73,73,8,1,9,7.48
1286683,98,Belize,male,85,10,113,113,9,1,3,4.51
1286683,99,Bermuda,male,89,3,48,48,8,5,4,11.12
1286684,94,Bahamas,male,113,10,111,111,6,3,13,6.11
1286684,162,Panama,male,139,8,120,120,10,3,21,6.95
1286685,91,Argentina,male,109,10,108,108,10,1,17,6.06
1286685,106,Canada,male,115,1,55,55,10,8,4,12.55
1286686,106,Canada,male,245,1,120,120,22,12,18,12.25
1286686,162,Panama,male,37,10,104,104,3,0,0,2.13
1286968,47,Malaysia,female,101,2,120,120,8,0,11,5.05
1286968,85,United Arab Emirates,female,131,4,120,120,8,0,12,6.55
1286970,8,Bhutan,female,114,6,120,120,10,0,12,5.7
1286970,43,Kuwait,female,74,10,117,117,5,0,8,3.79
1286971,34,Hong Kong,female,117,10,120,120,8,0,8,5.85
1286971,85,United Arab Emirates,female,128,7,120,120,13,0,17,6.4
1286972,43,Kuwait,female,80,10,120,120,6,0,3,4.0
1286972,47,Malaysia,female,161,3,120,120,15,0,17,8.05
1286973,8,Bhutan,female,61,6,120,120,3,0,11,3.05
1286973,56,Nepal,female,64,2,51,51,5,0,11,7.53
1286974,34,Hong Kong,female,102,6,106,106,8,0,12,5.77
1286974,47,Malaysia,female,101,5,120,120,7,0,11,5.05
1286975,43,Kuwait,female,27,10,94,94,4,0,3,1.72
1286975,56,Nepal,female,28,1,21,21,2,0,3,8.0
1286976,8,Bhutan,female,102,9,120,120,9,0,12,5.1
1286976,85,United Arab Emirates,female,149,2,120,120,13,0,8,7.45
1286978,8,Bhutan,female,89,7,120,120,4,0,7,4.45
1286978,34,Hong Kong,female,109,8,120,120,3,0,16,5.45
1286979,43,Kuwait,female,76,5,120,120,6,0,11,3.8
1286979,85,United Arab Emirates,female,77,3,36,36,14,1,2,12.83
1286980,56,Nepal,female,79,10,118,118,5,0,17,4.02
1286980,85,United Arab Emirates,female,127,5,120,120,12,0,0,6.35
1286981,8,Bhutan,female,76,10,114,114,4,0,7,4.0
1286981,47,Malaysia,female,87,8,120,120,2,0,15,4.35
1286982,34,Hong Kong,female,155,3,120,120,16,0,16,7.75
1286982,43,Kuwait,female,120,4,120,120,10,0,12,6.0
1287773,161,Pakistan,male,200,6,120,120,21,6,6,10.0
1287773,197,West Indies,male,137,10,114,114,11,7,5,7.21
1287774,161,Pakistan,male,172,8,120,120,13,7,11,8.6
1287774,197,West Indies,male,163,10,120,120,11,8,6,8.15
1287775,161,Pakistan,male,208,3,113,113,23,7,8,11.04
1287775,197,West Indies,male,207,3,120,120,14,12,11,10.35
1288316,92,Australia,male,163,7,115,115,19,2,9,8.5
1288316,161,Pakistan,male,162,8,120,120,14,5,3,8.1
1289031,35,India,female,137,8,120,120,15,1,7,6.85
1289031,58,New Zealand,female,155,5,120,120,14,3,2,7.75
1289042,158,Nigeria,male,114,9,120,120,6,2,8,5.7
1289042,187,Tanzania,male,117,4,79,79,9,6,16,8.89
1289043,141,Kenya,male,161,5,120,120,13,7,15,8.05
1289043,192,Uganda,male,160,7,120,120,11,12,7,8.0
1289044,158,Nigeria,male,50,2,56,56,7,1,4,5.36
1289044,192,Uganda,male,147,9,120,120,12,6,8,7.35
1289045,141,Kenya,male,138,10,112,112,14,4,11,7.39
1289045,187,Tanzania,male,187,5,120,120,17,7,4,9.35
1289046,187,Tanzania,male,140,8,120,120,14,3,5,7.0
1289046,192,Uganda,male,141,2,110,110,14,4,6,7.69
1289047,141,Kenya,male,136,2,82,82,12,8,9,9.95
1289047,158,Nigeria,male,130,6,120,120,6,4,10,6.5
1289048,141,Kenya,male,104,3,75,75,8,5,5,8.32
1289048,187,Tanzania,male,101,10,102,102,9,2,3,5.94
1289049,158,Nigeria,male,112,9,120,120,9,2,9,5.6
1289049,192,Uganda,male,114,2,98,98,13,1,15,6.98
1289050,187,Tanzania,male,68,10,94,94,6,1,8,4.34
1289050,192,Uganda,male,74,4,83,83,7,4,3,5.35
1289051,141,Kenya,male,168,6,120,120,20,4,9,8.4
1289051,158,Nigeria,male,108,10,98,98,7,5,5,6.61
1289052,141,Kenya,male,123,3,120,120,10,6,5,6.15
1289052,192,Uganda,male,118,4,106,106,9,5,8,6.68
1289053,158,Nigeria,male,67,10,84,84,9,0,6,4.79
1289053,187,Tanzania,male,136,7,120,120,12,3,6,6.8
1289259,2,Australia,female,157,7,114,114,22,2,6,8.26
1289259,35,India,female,154,8,120,120,25,1,1,7.7
1289260,6,Barbados,female,144,4,120,120,16,1,14,7.2
1289260,62,Pakistan,female,129,6,120,120,13,2,19,6.45
1289261,58,New Zealand,female,167,2,120,120,15,5,8,8.35
1289261,75,South Africa,female,154,7,120,120,13,5,9,7.7
1289262,23,England,female,109,5,103,103,12,0,2,6.35
1289262,78,Sri Lanka,female,106,9,120,120,10,0,17,5.3
1289263,35,India,female,102,2,70,70,12,4,7,8.74
1289263,62,Pakistan,female,99,10,108,108,7,1,1,5.5
1289264,2,Australia,female,68,1,49,49,9,2,7,8.33
1289264,6,Barbados,female,64,10,120,120,5,0,5,3.2
1289265,23,England,female,167,5,120,120,21,3,2,8.35
1289265,75,South Africa,female,141,4,120,120,16,0,4,7.05
1289266,58,New Zealand,female,147,7,120,120,14,2,8,7.35
1289266,78,Sri Lanka,female,102,8,120,120,9,1,13,5.1
1289267,2,Australia,female,160,2,120,120,20,2,4,8.0
1289267,62,Pakistan,female,116,8,120,120,8,2,16,5.8
1289268,6,Barbados,female,62,8,120,120,6,0,3,3.1
1289268,35,India,female,162,4,120,120,16,3,18,8.1
1289269,75,South Africa,female,49,0,37,37,5,0,8,7.95
1289269,78,Sri Lanka,female,46,10,103,103,5,0,5,2.68
1289270,23,England,female,72,3,70,70,13,0,4,6.17
1289270,58,New Zealand,female,71,9,120,120,6,0,9,3.55
1289271,23,England,female,160,6,120,120,17,2,10,8.0
1289271,35,India,female,164,5,120,120,21,4,2,8.2
1289272,2,Australia,female,145,5,117,117,19,1,8,7.44
1289272,58,New Zealand,female,144,7,120,120,15,1,12,7.2
1289273,23,England,female,110,9,120,120,11,1,5,5.5
1289273,58,New Zealand,female,111,2,71,71,14,1,15,9.38
1289274,2,Australia,female,161,8,120,120,17,3,7,8.05
1289274,35,India,female,152,10,117,117,16,2,11,7.79
1289284,56,Nepal,female,146,4,120,120,12,0,20,7.3
1289284,66,Qatar,female,27,10,71,71,2,0,1,2.28
1289285,56,Nepal,female,129,6,120,120,6,3,12,6.45
1289285,66,Qatar,female,68,10,117,117,7,0,6,3.49
1289286,56,Nepal,female,164,3,120,120,10,0,22,8.2
1289286,66,Qatar,female,55,7,120,120,4,1,7,2.75
1291187,134,Ireland,male,162,6,120,120,12,5,9,8.1
1291187,194,United States of America,male,188,6,120,120,10,9,20,9.4
1291188,134,Ireland,male,150,10,113,113,15,4,6,7.96
1291188,194,United States of America,male,141,7,120,120,10,4,13,7.05
1296027,5,Bangladesh,female,53,2,48,48,6,1,1,6.62
1296027,47,Malaysia,female,49,9,120,120,2,0,3,2.45
1296028,71,Scotland,female,73,8,73,73,8,1,6,6.0
1296028,78,Sri Lanka,female,182,4,120,120,23,2,14,9.1
1296029,5,Bangladesh,female,125,6,120,120,10,0,14,6.25
1296029,42,Kenya,female,45,10,76,76,7,0,3,3.55
1296030,47,Malaysia,female,117,8,120,120,13,0,18,5.85
1296030,71,Scotland,female,148,5,120,120,17,0,3,7.4
1296031,42,Kenya,female,87,6,120,120,8,1,14,4.35
1296031,78,Sri Lanka,female,89,1,57,57,11,3,6,9.37
1296032,42,Kenya,female,54,3,48,48,4,2,6,6.75
1296032,71,Scotland,female,70,3,48,48,7,2,3,8.75
1296033,47,Malaysia,female,82,7,120,120,6,0,10,4.1
1296033,78,Sri Lanka,female,175,3,120,120,26,0,10,8.75
1296034,5,Bangladesh,female,78,1,92,92,7,1,8,5.09
1296034,71,Scotland,female,77,10,105,105,7,0,2,4.4
1296035,42,Kenya,female,88,6,120,120,6,0,9,4.4
1296035,47,Malaysia,female,89,5,110,110,8,0,5,4.85
1296036,5,Bangladesh,female,114,5,120,120,7,0,6,5.7
1296036,78,Sri Lanka,female,136,6,120,120,10,4,6,6.8
1298135,154,Namibia,male,163,7,120,120,10,4,10,8.15
1298135,181,Sri Lanka,male,108,10,114,114,6,2,4,5.68
1298136,156,Netherlands,male,112,7,119,119,7,1,5,5.65
1298136,193,United Arab Emirates,male,111,8,120,120,3,3,13,5.55
1298137,172,Scotland,male,160,5,120,120,18,1,12,8.0
1298137,197,West Indies,male,118,10,111,111,11,3,7,6.38
1298138,134,Ireland,male,143,9,120,120,9,4,15,7.15
1298138,199,Zimbabwe,male,174,7,120,120,14,6,12,8.7
1298139,154,Namibia,male,121,6,120,120,6,1,7,6.05
1298139,156,Netherlands,male,122,5,117,117,7,3,3,6.26
1298140,181,Sri Lanka,male,152,8,120,120,12,3,10,7.6
1298140,193,United Arab Emirates,male,73,10,103,103,6,1,2,4.25
1298141,134,Ireland,male,180,4,114,114,17,3,13,9.47
1298141,172,Scotland,male,176,5,120,120,16,5,7,8.8
1298142,197,West Indies,male,153,7,120,120,9,4,17,7.65
1298142,199,Zimbabwe,male,122,10,110,110,13,3,11,6.65
1298143,156,Netherlands,male,146,9,120,120,12,4,12,7.3
1298143,181,Sri Lanka,male,162,6,120,120,10,7,4,8.1
1298144,154,Namibia,male,141,8,120,120,9,4,10,7.05
1298144,193,United Arab Emirates,male,148,3,120,120,8,6,5,7.4
1298145,134,Ireland,male,150,1,105,105,11,7,2,8.57
1298145,197,West Indies,male,146,5,120,120,11,5,8,7.3
1298146,172,Scotland,male,132,6,120,120,11,0,16,6.6
1298146,199,Zimbabwe,male,133,5,111,111,11,2,4,7.19
1298147,92,Australia,male,111,10,103,103,9,5,3,6.47
1298147,157,New Zealand,male,200,3,120,120,15,8,5,10.0
1298149,134,Ireland,male,128,8,120,120,9,2,4,6.4
1298149,181,Sri Lanka,male,133,1,90,90,9,4,3,8.87
1298150,131,India,male,160,6,120,120,9,6,11,8.0
1298150,161,Pakistan,male,159,8,120,120,12,6,12,7.95
1298151,96,Bangladesh,male,144,8,120,120,10,3,15,7.2
1298151,156,Netherlands,male,135,10,120,120,11,4,6,6.75
1298152,178,South Africa,male,51,0,18,18,8,1,2,17.0
1298152,199,Zimbabwe,male,79,5,55,55,6,2,15,8.62
1298153,92,Australia,male,158,3,99,99,7,10,17,9.58
1298153,181,Sri Lanka,male,157,6,120,120,12,2,23,7.85
1298154,116,England,male,105,5,87,87,7,1,14,7.24
1298154,134,Ireland,male,157,10,116,116,13,4,9,8.12
1298156,96,Bangladesh,male,101,10,99,99,3,4,9,6.12
1298156,178,South Africa,male,205,5,120,120,16,11,12,10.25
1298157,131,India,male,179,2,120,120,15,6,4,8.95
1298157,156,Netherlands,male,123,9,120,120,10,1,6,6.15
1298158,161,Pakistan,male,129,8,120,120,9,3,10,6.45
1298158,199,Zimbabwe,male,130,8,120,120,10,1,14,6.5
1298161,157,New Zealand,male,167,7,120,120,12,5,10,8.35
1298161,181,Sri Lanka,male,102,10,116,116,10,3,6,5.28
1298162,96,Bangladesh,male,150,7,120,120,12,2,4,7.5
1298162,199,Zimbabwe,male,147,8,120,120,14,2,13,7.35
1298163,156,Netherlands,male,91,9,120,120,5,0,5,4.55
1298163,161,Pakistan,male,95,4,83,83,11,0,0,6.87
1298164,131,India,male,133,9,120,120,9,5,8,6.65
1298164,178,South Africa,male,137,5,118,118,11,5,7,6.97
1298165,92,Australia,male,179,5,120,120,13,7,15,8.95
1298165,134,Ireland,male,137,10,109,109,15,3,8,7.54
1298167,116,England,male,179,6,120,120,15,6,5,8.95
1298167,157,New Zealand,male,159,6,120,120,8,5,7,7.95
1298168,156,Netherlands,male,120,5,108,108,13,3,10,6.67
1298168,199,Zimbabwe,male,117,10,116,116,7,4,14,6.05
1298169,96,Bangladesh,male,145,6,96,96,13,7,4,9.06
1298169,131,India,male,184,6,120,120,18,6,6,9.2
1298170,161,Pakistan,male,185,9,120,120,13,10,6,9.25
1298170,178,South Africa,male,108,9,84,84,12,3,2,7.71
1298171,134,Ireland,male,150,9,120,120,10,5,5,7.5
1298171,157,New Zealand,male,185,6,120,120,16,5,15,9.25
1298173,116,England,male,144,6,118,118,12,2,7,7.32
1298173,181,Sri Lanka,male,141,8,120,120,7,6,5,7.05
1298174,156,Netherlands,male,158,4,120,120,15,5,3,7.9
1298174,178,South Africa,male,145,8,120,120,9,3,6,7.25
1298175,96,Bangladesh,male,127,8,120,120,12,2,6,6.35
1298175,161,Pakistan,male,128,5,109,109,7,3,11,7.05
1298176,131,India,male,186,5,120,120,15,7,12,9.3
1298176,199,Zimbabwe,male,115,10,104,104,12,2,11,6.63
1298177,157,New Zealand,male,152,4,120,120,10,2,6,7.6
1298177,161,Pakistan,male,153,3,115,115,14,1,10,7.98
1298178,116,England,male,170,0,96,96,14,10,4,10.62
1298178,131,India,male,168,6,120,120,15,7,3,8.4
1298179,116,England,male,138,5,114,114,14,2,9,7.26
1298179,161,Pakistan,male,137,8,120,120,8,2,9,6.85
1299566,155,Nepal,male,117,8,120,120,8,2,4,5.85
1299566,160,Oman,male,78,10,102,102,2,2,12,4.59
1299567,106,Canada,male,216,1,120,120,23,8,9,10.8
1299567,165,Philippines,male,98,5,120,120,4,1,15,4.9
1299568,134,Ireland,male,139,9,120,120,11,5,0,6.95
1299568,193,United Arab Emirates,male,157,5,120,120,16,2,16,7.85
1299569,95,Bahrain,male,107,4,94,94,7,6,4,6.83
1299569,123,Germany,male,106,10,100,100,11,1,5,6.36
1299570,106,Canada,male,155,6,120,120,13,6,3,7.75
1299570,160,Oman,male,159,1,108,108,11,9,2,8.83
1299571,155,Nepal,male,218,3,120,120,21,6,13,10.9
1299571,165,Philippines,male,82,8,120,120,7,0,4,4.1
1299572,123,Germany,male,167,9,120,120,13,3,24,8.35
1299572,193,United Arab Emirates,male,191,5,120,120,15,9,7,9.55
1299573,95,Bahrain,male,137,5,120,120,12,4,5,6.85
1299573,134,Ireland,male,158,5,120,120,8,7,6,7.9
1299574,123,Germany,male,107,7,120,120,6,3,6,5.35
1299574,134,Ireland,male,111,3,79,79,9,6,1,8.43
1299575,95,Bahrain,male,172,5,120,120,12,9,15,8.6
1299575,193,United Arab Emirates,male,170,6,120,120,11,7,10,8.5
1299576,106,Canada,male,80,10,90,90,5,4,5,5.33
1299576,155,Nepal,male,81,2,85,85,7,1,3,5.72
1299577,160,Oman,male,40,1,17,17,6,2,0,14.12
1299577,165,Philippines,male,36,10,92,92,2,0,4,2.35
1299578,106,Canada,male,132,4,117,117,12,3,2,6.77
1299578,123,Germany,male,131,6,120,120,7,2,13,6.55
1299579,95,Bahrain,male,191,5,120,120,14,5,11,9.55
1299579,165,Philippines,male,100,9,120,120,8,0,11,5.0
1299580,155,Nepal,male,107,10,112,112,7,1,9,5.73
1299580,193,United Arab Emirates,male,175,7,120,120,12,9,6,8.75
1299581,134,Ireland,male,165,7,120,120,13,8,2,8.25
1299581,160,Oman,male,109,10,111,111,10,2,5,5.89
1299582,95,Bahrain,male,131,8,120,120,11,4,7,6.55
1299582,106,Canada,male,132,3,87,87,9,7,4,9.1
1299583,123,Germany,male,115,1,77,77,10,3,6,8.96
1299583,165,Philippines,male,109,8,120,120,8,2,8,5.45
1299584,155,Nepal,male,90,1,98,98,5,2,1,5.51
1299584,160,Oman,male,87,9,120,120,3,2,2,4.35
1299585,134,Ireland,male,159,10,120,120,11,8,4,7.95
1299585,193,United Arab Emirates,male,160,3,112,112,9,8,8,8.57
1299592,134,Ireland,male,165,7,120,120,9,7,5,8.25
1299592,193,United Arab Emirates,male,178,5,120,120,18,5,12,8.9
1299593,155,Nepal,male,137,4,117,117,13,1,4,7.03
1299593,160,Oman,male,135,6,120,120,14,1,9,6.75
1299594,134,Ireland,male,140,1,103,103,10,6,2,8.16
1299594,160,Oman,male,137,10,116,116,14,3,6,7.09
1299595,160,Oman,male,165,3,117,117,16,3,12,8.46
1299595,193,United Arab Emirates,male,164,8,120,120,5,11,6,8.2
1299596,134,Ireland,male,127,10,120,120,8,3,0,6.35
1299596,155,Nepal,male,111,9,120,120,5,5,6,5.55
1299638,155,Nepal,male,167,5,120,120,14,4,16,8.35
1299638,193,United Arab Emirates,male,192,3,120,120,14,10,6,9.6
1301331,23,England,female,114,4,90,90,12,3,5,7.6
1301331,75,South Africa,female,111,9,120,120,10,1,8,5.55
1301332,23,England,female,151,4,114,114,19,1,3,7.95
1301332,75,South Africa,female,148,6,120,120,18,0,11,7.4
1301333,23,England,female,176,6,120,120,23,3,10,8.8
1301333,75,South Africa,female,138,6,120,120,14,0,11,6.9
1301334,23,England,female,134,1,78,78,14,3,17,10.31
1301334,35,India,female,132,7,120,120,14,1,8,6.6
1301335,23,England,female,142,6,120,120,14,3,2,7.1
1301335,35,India,female,146,2,100,100,22,0,9,8.76
1301336,23,England,female,126,3,110,110,14,0,1,6.87
1301336,35,India,female,122,8,120,120,10,0,14,6.1
1303307,131,India,male,111,3,56,56,11,7,9,11.89
1303307,134,Ireland,male,108,4,72,72,8,5,10,9.0
1303308,131,India,male,225,7,120,120,22,11,12,11.25
1303308,134,Ireland,male,221,5,120,120,19,14,20,11.05
1303312,134,Ireland,male,142,10,110,110,15,2,12,7.75
1303312,157,New Zealand,male,173,8,120,120,17,3,16,8.65
1303313,134,Ireland,male,91,10,83,83,12,2,4,6.58
1303313,157,New Zealand,male,179,4,120,120,14,7,17,8.95
1303314,134,Ireland,male,174,6,120,120,18,8,5,8.7
1303314,157,New Zealand,male,180,4,114,114,11,7,9,9.47
1303315,134,Ireland,male,190,9,120,120,14,11,9,9.5
1303315,178,South Africa,male,211,5,120,120,20,8,13,10.55
1303316,134,Ireland,male,138,10,113,113,10,5,11,7.33
1303316,178,South Africa,male,182,6,120,120,16,9,12,9.1
1305498,155,Nepal,male,183,9,120,120,15,8,19,9.15
1305498,163,Papua New Guinea,male,168,10,116,116,16,7,15,8.69
1305499,146,Malaysia,male,180,3,120,120,13,7,14,9.0
1305499,163,Papua New Guinea,male,172,10,117,117,15,9,13,8.82
1305500,146,Malaysia,male,114,8,120,120,11,2,6,5.7
1305500,155,Nepal,male,117,4,82,82,13,2,9,8.56
1305501,155,Nepal,male,203,7,120,120,14,10,7,10.15
1305501,163,Papua New Guinea,male,166,10,118,118,14,6,9,8.44
1305502,146,Malaysia,male,196,6,120,120,18,11,5,9.8
1305502,163,Papua New Guinea,male,199,2,107,107,15,11,11,11.16
1305503,146,Malaysia,male,138,10,119,119,13,3,8,6.96
1305503,155,Nepal,male,223,5,120,120,20,7,16,11.15
1305504,155,Nepal,male,168,6,120,120,16,3,10,8.4
1305504,163,Papua New Guinea,male,118,10,97,97,8,6,9,7.3
1306384,66,Qatar,female,75,8,120,120,10,0,9,3.75
1306384,85,United Arab Emirates,female,76,2,48,48,12,0,5,9.5
1306385,43,Kuwait,female,32,0,13,13,4,0,10,14.77
1306385,70,Saudi Arabia,female,31,10,87,87,1,0,8,2.14
1306386,4,Bahrain,female,120,3,120,120,10,0,12,6.0
1306386,66,Qatar,female,124,6,120,120,5,0,28,6.2
1306387,61,Oman,female,234,3,120,120,25,0,50,11.7
1306387,70,Saudi Arabia,female,52,10,95,95,3,0,20,3.28
1306388,43,Kuwait,female,85,8,120,120,10,0,5,4.25
1306388,85,United Arab Emirates,female,158,2,120,120,18,2,10,7.9
1306389,4,Bahrain,female,318,1,120,120,50,0,50,15.9
1306389,70,Saudi Arabia,female,49,8,120,120,7,0,11,2.45
1306390,43,Kuwait,female,74,1,83,83,8,0,7,5.35
1306390,66,Qatar,female,73,10,110,110,9,0,9,3.98
1306391,61,Oman,female,95,7,120,120,9,0,18,4.75
1306391,85,United Arab Emirates,female,204,4,120,120,17,6,26,10.2
1306392,43,Kuwait,female,81,10,103,103,7,0,14,4.72
1306392,61,Oman,female,128,4,120,120,9,2,15,6.4
1306393,70,Saudi Arabia,female,25,10,75,75,2,0,10,2.0
1306393,85,United Arab Emirates,female,26,0,11,11,3,0,7,14.18
1306394,66,Qatar,female,282,2,120,120,37,0,57,14.1
1306394,70,Saudi Arabia,female,26,10,109,109,2,0,6,1.43
1306395,4,Bahrain,female,127,4,112,112,13,0,13,6.8
1306395,43,Kuwait,female,125,4,120,120,12,0,13,6.25
1306396,61,Oman,female,97,8,120,120,6,0,6,4.85
1306396,66,Qatar,female,95,8,120,120,5,0,15,4.75
1306397,4,Bahrain,female,43,9,96,96,3,0,14,2.69
1306397,85,United Arab Emirates,female,253,1,120,120,32,6,24,12.65
1307293,92,Australia,male,134,0,84,84,13,4,3,9.57
1307293,181,Sri Lanka,male,128,10,117,117,10,3,7,6.56
1307294,92,Australia,male,126,7,107,107,12,2,2,7.07
1307294,181,Sri Lanka,male,124,9,120,120,10,3,0,6.2
1307295,92,Australia,male,176,5,120,120,18,5,4,8.8
1307295,181,Sri Lanka,male,177,6,119,119,16,7,10,8.92
1307477,157,New Zealand,male,225,5,120,120,15,14,8,11.25
1307477,172,Scotland,male,157,8,120,120,15,4,8,7.85
1307478,157,New Zealand,male,254,5,120,120,18,18,17,12.7
1307478,172,Scotland,male,152,9,120,120,17,4,8,7.6
1308236,37,Ireland,female,139,4,112,112,14,1,2,7.45
1308236,62,Pakistan,female,135,5,120,120,14,2,10,6.75
1308237,37,Ireland,female,118,7,102,102,11,0,15,6.94
1308237,62,Pakistan,female,121,4,96,96,9,3,8,7.56
1308238,37,Ireland,female,167,4,120,120,18,2,1,8.35
1308238,62,Pakistan,female,133,10,113,113,12,1,11,7.06
1309701,154,Namibia,male,128,2,112,112,9,4,3,6.86
1309701,192,Uganda,male,127,5,120,120,9,4,12,6.35
1309702,154,Namibia,male,177,4,120,120,16,10,7,8.85
1309702,192,Uganda,male,178,3,119,119,17,7,4,8.97
1309703,154,Namibia,male,185,7,120,120,14,11,9,9.25
1309703,192,Uganda,male,133,10,116,116,8,4,16,6.88
1310161,127,Guernsey,male,100,7,120,120,2,0,10,5.0
1310161,159,Norway,male,137,7,120,120,9,6,6,6.85
1310162,159,Norway,male,78,9,120,120,5,0,6,3.9
1310162,180,Spain,male,129,5,120,120,7,3,15,6.45
1310163,127,Guernsey,male,126,2,108,108,9,3,10,7.0
1310163,159,Norway,male,120,7,120,120,9,3,6,6.0
1310164,127,Guernsey,male,78,10,108,108,5,0,11,4.33
1310164,180,Spain,male,80,2,74,74,9,2,3,6.49
1310165,127,Guernsey,male,111,2,108,108,15,0,4,6.17
1310165,180,Spain,male,107,10,120,120,7,1,4,5.35
1310166,159,Norway,male,84,10,113,113,4,1,13,4.46
1310166,180,Spain,male,125,8,120,120,6,3,10,6.25
1310167,115,Denmark,male,137,8,120,120,9,3,12,6.85
1310167,120,Finland,male,142,7,119,119,8,3,7,7.16
1310168,115,Denmark,male,171,5,120,120,14,1,11,8.55
1310168,120,Finland,male,33,10,78,78,2,0,0,2.54
1310169,115,Denmark,male,164,4,120,120,10,5,7,8.2
1310169,120,Finland,male,109,8,120,120,6,2,6,5.45
1310170,125,Gibraltar,male,132,6,120,120,7,3,28,6.6
1310170,149,Malta,male,135,5,101,101,8,5,19,8.02
1310171,129,Hungary,male,161,6,120,120,10,6,17,8.05
1310171,149,Malta,male,206,7,120,120,16,6,29,10.3
1310172,125,Gibraltar,male,137,8,120,120,14,2,16,6.85
1310172,129,Hungary,male,138,6,112,112,12,3,10,7.39
1310173,149,Malta,male,166,5,117,117,10,7,19,8.51
1310173,168,Romania,male,165,4,120,120,16,5,8,8.25
1310174,114,Czech Republic,male,184,5,120,120,16,7,20,9.2
1310174,125,Gibraltar,male,144,8,120,120,12,3,15,7.2
1310175,103,Bulgaria,male,153,9,120,120,15,1,19,7.65
1310175,129,Hungary,male,158,8,120,120,12,4,23,7.9
1310176,114,Czech Republic,male,162,9,120,120,12,4,25,8.1
1310176,149,Malta,male,164,8,120,120,14,5,9,8.2
1310177,103,Bulgaria,male,170,7,120,120,10,3,21,8.5
1310177,114,Czech Republic,male,258,2,120,120,26,12,17,12.9
1310178,129,Hungary,male,162,4,105,105,13,8,11,9.26
1310178,168,Romania,male,158,7,120,120,13,4,17,7.9
1310179,103,Bulgaria,male,192,6,120,120,14,4,9,9.6
1310179,125,Gibraltar,male,213,0,120,120,22,3,28,10.65
1310180,114,Czech Republic,male,167,9,120,120,16,1,20,8.35
1310180,168,Romania,male,193,4,120,120,18,8,3,9.65
1310181,103,Bulgaria,male,131,7,120,120,8,5,13,6.55
1310181,168,Romania,male,132,2,76,76,15,5,15,10.42
1310182,114,Czech Republic,male,175,3,109,109,10,9,16,9.63
1310182,129,Hungary,male,169,7,120,120,10,9,8,8.45
1310183,125,Gibraltar,male,141,10,119,119,10,4,15,7.11
1310183,168,Romania,male,142,2,68,68,12,8,4,12.53
1310184,103,Bulgaria,male,204,4,120,120,16,9,22,10.2
1310184,149,Malta,male,205,4,111,111,17,7,22,11.08
1310185,103,Bulgaria,male,171,5,119,119,9,10,16,8.62
1310185,125,Gibraltar,male,170,6,120,120,7,5,27,8.5
1310186,114,Czech Republic,male,221,5,120,120,20,8,14,11.05
1310186,129,Hungary,male,151,6,120,120,9,5,6,7.55
1310187,149,Malta,male,162,7,120,120,13,3,12,8.1
1310187,168,Romania,male,171,6,120,120,23,2,6,8.55
1310188,127,Guernsey,male,141,7,120,120,14,4,5,7.05
1310188,140,Jersey,male,178,4,120,120,16,5,10,8.9
1310887,84,Uganda,female,92,8,120,120,9,0,7,4.6
1310887,90,Zimbabwe,female,100,10,119,119,9,0,7,5.04
1310888,55,Namibia,female,131,3,118,118,9,4,8,6.66
1310888,90,Zimbabwe,female,130,3,120,120,10,2,13,6.5
1310889,55,Namibia,female,90,9,120,120,7,0,8,4.5
1310889,84,Uganda,female,78,8,120,120,5,0,8,3.9
1310890,84,Uganda,female,105,6,120,120,14,0,10,5.25
1310890,90,Zimbabwe,female,127,5,120,120,12,3,6,6.35
1310891,55,Namibia,female,41,10,103,103,1,0,5,2.39
1310891,90,Zimbabwe,female,45,1,39,39,7,1,1,6.92
1310892,55,Namibia,female,68,10,92,92,8,0,4,4.43
1310892,84,Uganda,female,40,10,73,73,4,0,8,3.29
1310893,84,Uganda,female,75,7,120,120,6,0,9,3.75
1310893,90,Zimbabwe,female,86,10,116,116,8,1,7,4.45
1310894,55,Namibia,female,89,6,120,120,8,1,10,4.45
1310894,90,Zimbabwe,female,156,0,120,120,12,2,30,7.8
1310895,55,Namibia,female,99,5,119,119,8,2,7,4.99
1310895,84,Uganda,female,93,3,120,120,9,0,11,4.65
1310896,55,Namibia,female,70,10,81,81,7,3,6,5.19
1310896,90,Zimbabwe,female,76,3,55,55,6,3,8,8.29
1310901,156,Netherlands,male,132,10,117,117,12,3,8,6.77
1310901,157,New Zealand,male,148,7,120,120,8,6,6,7.4
1310902,156,Netherlands,male,147,4,120,120,11,4,9,7.35
1310902,157,New Zealand,male,149,2,84,84,14,7,6,10.64
1310938,154,Namibia,male,146,5,120,120,8,5,9,7.3
1310938,199,Zimbabwe,male,153,4,120,120,11,4,12,7.65
1310939,154,Namibia,male,124,2,108,108,9,2,4,6.89
1310939,199,Zimbabwe,male,122,8,120,120,6,3,8,6.1
1310940,154,Namibia,male,128,8,120,120,9,1,11,6.4
1310940,199,Zimbabwe,male,129,2,103,103,13,1,7,7.51
1310941,154,Namibia,male,161,4,120,120,13,2,16,8.05
1310941,199,Zimbabwe,male,157,8,120,120,11,4,8,7.85
1310942,154,Namibia,male,127,8,120,120,11,1,6,6.35
1310942,199,Zimbabwe,male,95,10,115,115,6,1,8,4.96
1310981,62,Pakistan,female,107,4,110,110,9,1,6,5.84
1310981,78,Sri Lanka,female,106,8,120,120,7,1,5,5.3
1310982,62,Pakistan,female,104,3,103,103,9,1,6,6.06
1310982,78,Sri Lanka,female,102,6,120,120,7,0,7,5.1
1310983,62,Pakistan,female,108,6,120,120,8,1,9,5.4
1310983,78,Sri Lanka,female,107,8,120,120,8,2,8,5.35
1311744,34,Hong Kong,female,118,6,120,120,11,0,24,5.9
1311744,85,United Arab Emirates,female,120,3,93,93,10,0,15,7.74
1311745,34,Hong Kong,female,103,8,120,120,5,0,18,5.15
1311745,85,United Arab Emirates,female,131,5,120,120,12,0,8,6.55
1311746,34,Hong Kong,female,95,9,120,120,5,0,19,4.75
1311746,85,United Arab Emirates,female,121,3,120,120,12,0,12,6.05
1311747,34,Hong Kong,female,62,10,112,112,2,0,9,3.32
1311747,85,United Arab Emirates,female,64,1,51,51,8,0,8,7.53
1314897,56,Nepal,female,90,9,120,120,8,0,13,4.5
1314897,84,Uganda,female,102,5,120,120,5,1,10,5.1
1314898,56,Nepal,female,101,7,120,120,6,1,13,5.05
1314898,84,Uganda,female,102,9,119,119,8,0,12,5.14
1314899,56,Nepal,female,99,8,120,120,9,0,10,4.95
1314899,84,Uganda,female,101,4,110,110,8,1,13,5.51
1314900,56,Nepal,female,97,10,107,107,8,0,27,5.44
1314900,84,Uganda,female,82,8,108,108,4,0,10,4.56
1314901,56,Nepal,female,123,6,120,120,10,1,20,6.15
1314901,84,Uganda,female,90,6,120,120,6,1,6,4.5
1316642,37,Ireland,female,143,7,120,120,18,0,6,7.15
1316642,75,South Africa,female,133,7,120,120,10,3,10,6.65
1316643,37,Ireland,female,106,7,120,120,8,1,7,5.3
1316643,75,South Africa,female,107,2,90,90,13,1,7,7.13
1316644,37,Ireland,female,104,10,111,111,10,0,16,5.62
1316644,75,South Africa,female,108,2,83,83,15,1,4,7.81
1317136,103,Bulgaria,male,229,4,117,117,19,15,25,11.74
1317136,173,Serbia,male,225,6,120,120,22,15,9,11.25
1317137,103,Bulgaria,male,199,5,114,114,19,13,17,10.47
1317137,173,Serbia,male,194,8,120,120,21,9,25,9.7
1317138,103,Bulgaria,male,122,1,71,71,11,5,15,10.31
1317138,173,Serbia,male,185,4,120,120,21,7,12,9.25
1317139,103,Bulgaria,male,246,4,118,118,17,15,27,12.51
1317139,173,Serbia,male,242,4,120,120,19,18,19,12.1
1317149,96,Bangladesh,male,105,8,78,78,9,4,8,8.08
1317149,197,West Indies,male,0,0,0,0,0,0,0,0.0
1317150,96,Bangladesh,male,158,6,120,120,11,6,10,7.9
1317150,197,West Indies,male,193,5,120,120,14,10,10,9.65
1317151,96,Bangladesh,male,163,5,120,120,11,5,15,8.15
1317151,197,West Indies,male,169,5,110,110,9,11,11,9.22
1317482,92,Australia,male,146,7,119,119,15,1,8,7.36
1317482,197,West Indies,male,145,9,120,120,9,6,15,7.25
1317483,92,Australia,male,178,7,120,120,19,6,10,8.9
1317483,197,West Indies,male,147,8,120,120,11,5,11,7.35
1317486,92,Australia,male,200,9,120,120,15,9,14,10.0
1317486,116,England,male,208,6,120,120,24,9,8,10.4
1317487,92,Australia,male,170,6,120,120,12,5,10,8.5
1317487,116,England,male,178,7,120,120,15,8,8,8.9
1317488,92,Australia,male,30,3,23,23,1,2,7,7.83
1317488,116,England,male,112,2,72,72,11,2,7,9.33
1317635,2,Australia,female,0,0,0,0,0,0,0,0.0
1317635,62,Pakistan,female,56,6,48,48,4,0,28,7.0
1317636,2,Australia,female,103,1,77,77,10,1,9,8.03
1317636,37,Ireland,female,99,8,120,120,4,0,23,4.95
1317637,37,Ireland,female,83,6,84,84,8,0,4,5.93
1317637,62,Pakistan,female,92,5,84,84,7,2,7,6.57
1317638,2,Australia,female,182,4,120,120,24,2,12,9.1
1317638,37,Ireland,female,119,7,120,120,7,0,20,5.95
1317639,2,Australia,female,28,0,26,26,2,0,5,6.46
1317639,62,Pakistan,female,94,8,120,120,6,0,6,4.7
1317903,131,India,male,190,6,120,120,18,6,17,9.5
1317903,197,West Indies,male,122,8,120,120,8,6,6,6.1
1317904,131,India,male,138,10,118,118,4,8,8,7.02
1317904,197,West Indies,male,141,5,116,116,12,5,5,7.29
1317905,131,India,male,165,3,114,114,15,6,7,8.68
1317905,197,West Indies,male,164,5,120,120,15,8,5,8.2
1317906,131,India,male,191,5,120,120,14,8,13,9.55
1317906,197,West Indies,male,132,10,115,115,11,7,8,6.89
1317907,131,India,male,188,7,120,120,18,7,10,9.4
1317907,197,West Indies,male,100,10,94,94,10,4,8,6.38
1317908,157,New Zealand,male,185,5,120,120,13,9,9,9.25
1317908,197,West Indies,male,172,7,120,120,12,10,10,8.6
1317909,157,New Zealand,male,215,5,120,120,14,13,12,10.75
1317909,197,West Indies,male,125,9,120,120,8,7,6,6.25
1317910,157,New Zealand,male,145,7,120,120,11,4,2,7.25
1317910,197,West Indies,male,150,2,114,114,10,7,9,7.89
1318357,93,Austria,male,81,10,94,94,1,5,3,5.17
1318357,123,Germany,male,135,7,114,114,5,6,13,7.11
1318358,123,Germany,male,95,6,106,106,7,2,7,5.38
1318358,185,Sweden,male,93,10,120,120,4,4,2,4.65
1318359,93,Austria,male,141,9,120,120,6,6,9,7.05
1318359,123,Germany,male,103,10,112,112,7,2,4,5.52
1318360,93,Austria,male,124,9,120,120,5,1,5,6.2
1318360,185,Sweden,male,121,10,116,116,8,3,8,6.26
1318361,93,Austria,male,133,7,120,120,10,6,7,6.65
1318361,185,Sweden,male,132,6,120,120,5,4,8,6.6
1318362,123,Germany,male,151,8,120,120,8,5,12,7.55
1318362,185,Sweden,male,122,8,120,120,9,2,7,6.1
1318373,68,Rwanda,female,68,10,115,115,3,0,9,3.55
1318373,84,Uganda,female,69,4,84,84,4,0,10,4.93
1318375,10,Brazil,female,53,10,92,92,3,0,15,3.46
1318375,59,Nigeria,female,56,2,65,65,5,0,11,5.17
1318376,42,Kenya,female,97,7,118,118,6,1,14,4.93
1318376,84,Uganda,female,96,8,120,120,2,0,8,4.8
1318377,9,Botswana,female,62,10,96,96,5,0,12,3.88
1318377,81,Tanzania,female,119,4,120,120,11,0,7,5.95
1318378,10,Brazil,female,89,8,120,120,7,0,19,4.45
1318378,68,Rwanda,female,124,6,120,120,10,0,12,6.2
1318379,29,Germany,female,78,6,120,120,3,0,12,3.9
1318379,59,Nigeria,female,79,5,82,82,7,0,25,5.78
1318380,10,Brazil,female,117,8,120,120,7,0,30,5.85
1318380,29,Germany,female,109,9,120,120,7,0,31,5.45
1318381,81,Tanzania,female,108,5,106,106,9,0,4,6.11
1318381,84,Uganda,female,106,6,120,120,7,1,11,5.3
1318382,42,Kenya,female,114,6,118,118,9,2,12,5.8
1318382,68,Rwanda,female,113,4,120,120,9,0,2,5.65
1318383,9,Botswana,female,88,5,120,120,9,0,11,4.4
1318383,59,Nigeria,female,88,3,92,92,6,0,17,5.74
1318393,9,Botswana,female,91,7,120,120,7,0,11,4.55
1318393,68,Rwanda,female,94,4,99,99,8,1,6,5.7
1318394,29,Germany,female,46,10,113,113,4,0,7,2.44
1318394,84,Uganda,female,213,1,120,120,24,0,32,10.65
1318395,59,Nigeria,female,63,10,119,119,2,0,10,3.18
1318395,81,Tanzania,female,63,3,74,74,4,0,2,5.11
1318396,10,Brazil,female,81,9,111,111,9,0,9,4.38
1318396,42,Kenya,female,184,3,120,120,22,4,11,9.2
1318404,42,Kenya,female,70,10,120,120,3,0,8,3.5
1318404,81,Tanzania,female,114,10,120,120,9,0,5,5.7
1319709,35,India,female,138,6,120,120,16,1,6,6.9
1319709,78,Sri Lanka,female,104,5,120,120,12,0,1,5.2
1319710,35,India,female,127,5,115,115,16,1,2,6.63
1319710,78,Sri Lanka,female,125,7,120,120,14,1,11,6.25
1319711,35,India,female,138,5,120,120,15,1,4,6.9
1319711,78,Sri Lanka,female,141,3,102,102,21,1,6,8.29
1320190,47,Malaysia,female,171,4,120,120,17,1,25,8.55
1320190,74,Singapore,female,54,10,106,106,1,0,22,3.06
1320191,8,Bhutan,female,44,10,107,107,1,0,4,2.47
1320191,56,Nepal,female,94,9,120,120,3,0,13,4.7
1320192,61,Oman,female,26,3,52,52,1,0,7,3.0
1320192,85,United Arab Emirates,female,0,0,0,0,0,0,0,0.0
1320193,4,Bahrain,female,40,1,38,38,5,0,13,6.32
1320193,43,Kuwait,female,0,0,0,0,0,0,0,0.0
1320194,74,Singapore,female,29,10,104,104,4,0,3,1.67
1320194,85,United Arab Emirates,female,33,0,16,16,5,1,1,12.38
1320195,8,Bhutan,female,88,7,120,120,4,0,12,4.4
1320195,34,Hong Kong,female,102,8,120,120,5,0,6,5.1
1320196,47,Malaysia,female,71,0,75,75,4,0,11,5.68
1320196,66,Qatar,female,69,10,118,118,3,0,9,3.51
1320197,43,Kuwait,female,82,7,120,120,5,1,3,4.1
1320197,56,Nepal,female,107,4,120,120,9,0,9,5.35
1320198,4,Bahrain,female,79,9,120,120,9,0,5,3.95
1320198,34,Hong Kong,female,81,2,68,68,10,0,12,7.15
1320199,61,Oman,female,48,10,78,78,4,0,9,3.69
1320199,66,Qatar,female,49,3,53,53,1,0,19,5.55
1320200,47,Malaysia,female,103,8,120,120,10,0,9,5.15
1320200,85,United Arab Emirates,female,134,1,120,120,10,2,11,6.7
1320201,4,Bahrain,female,14,6,42,42,0,0,1,2.0
1320201,56,Nepal,female,15,2,22,22,1,0,8,4.09
1320202,61,Oman,female,109,6,120,120,11,0,16,5.45
1320202,74,Singapore,female,110,5,119,119,8,0,25,5.55
1320203,66,Qatar,female,47,5,63,63,2,0,8,4.48
1320203,74,Singapore,female,46,10,87,87,2,0,7,3.17
1320204,8,Bhutan,female,112,10,117,117,8,0,16,5.74
1320204,43,Kuwait,female,116,7,114,114,8,1,14,6.11
1320205,34,Hong Kong,female,112,3,95,95,16,0,9,7.07
1320205,56,Nepal,female,109,6,120,120,12,0,11,5.45
1320206,47,Malaysia,female,135,4,120,120,16,0,10,6.75
1320206,61,Oman,female,82,6,120,120,7,0,8,4.1
1320207,34,Hong Kong,female,90,8,120,120,4,0,9,4.5
1320207,43,Kuwait,female,60,10,106,106,1,0,10,3.4
1320208,66,Qatar,female,61,7,120,120,3,0,12,3.05
1320208,85,United Arab Emirates,female,214,1,120,120,28,3,16,10.7
1320209,4,Bahrain,female,63,6,120,120,5,0,10,3.15
1320209,8,Bhutan,female,126,2,120,120,4,1,11,6.3
1320210,56,Nepal,female,0,0,0,0,0,0,0,0.0
1320210,85,United Arab Emirates,female,81,10,119,119,5,0,4,4.08
1320211,34,Hong Kong,female,74,8,66,66,4,0,9,6.73
1320211,47,Malaysia,female,86,4,66,66,7,1,5,7.82
1320212,47,Malaysia,female,100,4,120,120,10,0,9,5.0
1320212,85,United Arab Emirates,female,101,5,112,112,10,0,13,5.41
1320969,97,Belgium,male,142,3,72,72,11,10,3,11.83
1320969,125,Gibraltar,male,139,5,120,120,8,5,7,6.95
1320973,149,Malta,male,143,8,120,120,9,6,8,7.15
1320973,166,Portugal,male,154,8,120,120,12,4,9,7.7
1320974,115,Denmark,male,256,5,120,120,19,17,19,12.8
1320974,125,Gibraltar,male,124,8,120,120,9,7,1,6.2
1320975,136,Israel,male,114,9,120,120,12,0,10,5.7
1320975,180,Spain,male,115,3,81,81,10,3,12,8.52
1320976,97,Belgium,male,123,8,118,118,10,4,15,6.25
1320976,129,Hungary,male,120,9,120,120,11,4,6,6.0
1320977,166,Portugal,male,77,10,104,104,4,2,8,4.44
1320977,180,Spain,male,78,2,54,54,5,6,4,8.67
1320978,125,Gibraltar,male,135,6,118,118,12,2,14,6.86
1320978,129,Hungary,male,134,8,120,120,10,5,13,6.7
1320979,136,Israel,male,120,7,120,120,11,0,8,6.0
1320979,149,Malta,male,136,10,118,118,9,4,17,6.92
1320980,97,Belgium,male,161,9,120,120,13,8,16,8.05
1320980,115,Denmark,male,149,9,120,120,18,3,5,7.45
1320982,97,Belgium,male,113,10,112,112,7,4,14,6.05
1320982,166,Portugal,male,114,2,97,97,11,1,5,7.05
1320984,115,Denmark,male,154,7,120,120,12,7,14,7.7
1320984,180,Spain,male,113,10,97,97,9,5,8,6.99
1320985,129,Hungary,male,154,9,120,120,12,8,6,7.7
1320985,136,Israel,male,166,6,120,120,16,4,9,8.3
1320986,97,Belgium,male,149,5,120,120,6,10,8,7.45
1320986,180,Spain,male,145,9,120,120,16,3,10,7.25
1320987,125,Gibraltar,male,190,8,120,120,11,11,13,9.5
1320987,149,Malta,male,196,3,99,99,10,15,10,11.88
1320988,115,Denmark,male,111,1,79,79,11,3,9,8.43
1320988,166,Portugal,male,110,9,120,120,9,3,6,5.5
1320997,33,Guernsey,female,67,7,120,120,1,0,15,3.35
1320997,41,Jersey,female,136,4,120,120,11,0,34,6.8
1321258,113,Cyprus,male,120,10,116,116,9,4,13,6.21
1321258,135,Isle of Man,male,122,2,87,87,5,4,12,8.41
1321259,120,Finland,male,115,10,117,117,10,4,3,5.9
1321259,185,Sweden,male,103,7,120,120,7,1,11,5.15
1321260,168,Romania,male,147,5,120,120,13,0,23,7.35
1321260,190,Turkey,male,96,8,120,120,5,2,16,4.8
1321261,113,Cyprus,male,154,8,120,120,12,7,13,7.7
1321261,168,Romania,male,134,9,120,120,8,3,13,6.7
1321262,112,Croatia,male,69,10,119,119,3,0,6,3.48
1321262,185,Sweden,male,70,2,55,55,8,1,7,7.64
1321263,135,Isle of Man,male,165,7,121,121,16,3,14,8.18
1321263,173,Serbia,male,97,7,120,120,5,1,16,4.85
1321264,120,Finland,male,141,6,120,120,4,9,6,7.05
1321264,137,Italy,male,144,5,104,104,16,3,4,8.31
1321265,137,Italy,male,169,7,120,120,9,10,3,8.45
1321265,185,Sweden,male,78,10,93,93,5,2,8,5.03
1321266,173,Serbia,male,68,3,89,89,3,1,9,4.58
1321266,190,Turkey,male,67,10,109,109,2,1,8,3.69
1321267,112,Croatia,male,104,6,120,120,5,2,10,5.2
1321267,126,Greece,male,101,10,120,120,9,0,11,5.05
1321268,135,Isle of Man,male,121,2,74,74,10,5,6,9.81
1321268,168,Romania,male,120,10,116,116,8,3,9,6.21
1321269,168,Romania,male,133,6,120,120,11,3,6,6.65
1321269,173,Serbia,male,102,7,120,120,4,0,14,5.1
1321270,120,Finland,male,183,7,120,120,9,9,11,9.15
1321270,126,Greece,male,146,10,114,114,6,7,11,7.68
1321271,113,Cyprus,male,183,8,120,120,15,5,15,9.15
1321271,190,Turkey,male,48,10,81,81,0,1,10,3.56
1321272,112,Croatia,male,44,7,120,120,1,0,6,2.2
1321272,137,Italy,male,210,5,120,120,14,10,4,10.5
1321273,126,Greece,male,43,10,71,71,3,2,3,3.63
1321273,185,Sweden,male,150,6,120,120,11,4,10,7.5
1321274,113,Cyprus,male,125,10,115,115,7,4,9,6.52
1321274,173,Serbia,male,126,6,116,116,6,3,10,6.52
1321275,112,Croatia,male,85,8,120,120,3,3,9,4.25
1321275,120,Finland,male,87,5,79,79,7,3,12,6.61
1321276,135,Isle of Man,male,171,9,120,120,13,4,7,8.55
1321276,190,Turkey,male,97,8,120,120,4,4,4,4.85
1321277,112,Croatia,male,94,7,112,112,11,0,13,5.04
1321277,173,Serbia,male,90,10,120,120,7,0,9,4.5
1321278,113,Cyprus,male,148,7,120,120,15,2,7,7.4
1321278,120,Finland,male,159,10,117,117,8,8,17,8.15
1321279,168,Romania,male,104,10,119,119,8,3,4,5.24
1321279,185,Sweden,male,106,2,86,86,13,1,6,7.4
1321280,135,Isle of Man,male,101,8,120,120,7,0,9,5.05
1321280,137,Italy,male,102,3,65,65,10,3,4,9.42
1321281,93,Austria,male,139,10,112,112,11,4,3,7.45
1321281,144,Luxembourg,male,103,10,108,108,8,1,9,5.72
1321282,117,Estonia,male,101,10,112,112,9,1,8,5.41
1321282,159,Norway,male,102,0,60,60,11,2,8,10.2
1321283,103,Bulgaria,male,78,10,108,108,3,1,5,4.33
1321283,127,Guernsey,male,130,8,114,114,7,5,9,6.84
1321284,114,Czech Republic,male,102,9,120,120,4,2,6,5.1
1321284,121,France,male,153,6,120,120,13,1,8,7.65
1321286,93,Austria,male,214,4,120,120,14,9,14,10.7
1321286,177,Slovenia,male,73,10,103,103,3,2,7,4.25
1321287,121,France,male,157,5,120,120,8,9,8,7.85
1321287,186,Switzerland,male,158,9,120,120,13,5,7,7.9
1321288,127,Guernsey,male,131,5,120,120,5,0,4,6.55
1321288,144,Luxembourg,male,114,6,120,120,10,1,6,5.7
1321289,93,Austria,male,141,8,118,118,15,5,3,7.17
1321289,127,Guernsey,male,139,6,120,120,10,4,7,6.95
1321290,117,Estonia,male,142,3,120,120,14,3,4,7.1
1321290,186,Switzerland,male,173,4,120,120,15,5,15,8.65
1321291,103,Bulgaria,male,143,7,119,119,9,5,12,7.21
1321291,177,Slovenia,male,140,9,120,120,7,5,20,7.0
1321292,121,France,male,158,8,120,120,6,8,6,7.9
1321292,159,Norway,male,147,10,116,116,14,5,3,7.6
1321293,159,Norway,male,174,7,120,120,9,13,13,8.7
1321293,186,Switzerland,male,25,1,30,30,2,1,3,5.0
1321294,103,Bulgaria,male,73,5,54,54,5,2,5,8.11
1321294,144,Luxembourg,male,164,6,120,120,13,4,12,8.2
1321295,114,Czech Republic,male,135,9,120,120,9,2,19,6.75
1321295,117,Estonia,male,93,9,120,120,9,1,6,4.65
1321296,127,Guernsey,male,60,1,33,33,7,3,0,10.91
1321296,177,Slovenia,male,55,10,89,89,6,0,7,3.71
1321298,114,Czech Republic,male,184,3,106,106,12,10,10,10.42
1321298,186,Switzerland,male,183,8,120,120,15,5,10,9.15
1321299,144,Luxembourg,male,129,10,117,117,10,2,12,6.62
1321299,177,Slovenia,male,124,8,120,120,11,2,9,6.2
1321301,103,Bulgaria,male,117,10,115,115,5,4,10,6.1
1321301,114,Czech Republic,male,118,6,112,112,9,1,11,6.32
1321302,121,France,male,97,10,114,114,3,3,9,5.11
1321302,127,Guernsey,male,153,6,120,120,17,2,5,7.65
1321303,144,Luxembourg,male,115,9,120,120,12,2,13,5.75
1321303,186,Switzerland,male,108,10,120,120,9,2,1,5.4
1321304,93,Austria,male,77,1,49,49,3,8,3,9.43
1321304,159,Norway,male,77,10,76,76,2,3,3,6.08
1321305,93,Austria,male,123,5,98,98,9,2,13,7.53
1321305,144,Luxembourg,male,119,5,120,120,9,0,17,5.95
1321306,114,Czech Republic,male,115,5,99,99,12,3,6,6.97
1321306,144,Luxembourg,male,112,7,120,120,4,1,13,5.6
1321307,93,Austria,male,183,6,118,118,14,6,11,9.31
1321307,114,Czech Republic,male,182,6,120,120,18,5,25,9.1
1321308,93,Austria,male,115,3,73,73,13,3,4,9.45
1321308,144,Luxembourg,male,84,4,60,60,8,1,6,8.4
1321309,114,Czech Republic,male,209,6,120,120,11,10,15,10.45
1321309,144,Luxembourg,male,173,9,120,120,10,6,18,8.65
1321310,93,Austria,male,146,8,120,120,11,3,16,7.3
1321310,114,Czech Republic,male,150,4,112,112,12,4,13,8.04
1321311,146,Malaysia,male,137,7,120,120,5,7,12,6.85
1321311,176,Singapore,male,138,6,119,119,6,5,16,6.96
1321312,146,Malaysia,male,177,5,120,120,12,7,12,8.85
1321312,176,Singapore,male,154,6,120,120,7,7,10,7.7
1321313,146,Malaysia,male,125,5,73,73,5,9,7,10.27
1321313,176,Singapore,male,122,7,78,78,4,7,19,9.38
1321335,55,Namibia,female,29,10,66,66,1,0,2,2.64
1321335,57,Netherlands,female,99,7,120,120,6,1,11,4.95
1321336,55,Namibia,female,130,8,120,120,17,0,5,6.5
1321336,57,Netherlands,female,71,2,66,66,8,0,8,6.45
1321337,55,Namibia,female,95,7,120,120,8,0,8,4.75
1321337,57,Netherlands,female,97,7,120,120,10,0,5,4.85
1321465,176,Singapore,male,125,7,121,121,5,3,13,6.2
1321465,199,Zimbabwe,male,236,5,120,120,24,8,13,11.8
1321466,140,Jersey,male,154,5,120,120,6,10,8,7.7
1321466,194,United States of America,male,159,2,109,109,15,6,3,8.75
1321467,156,Netherlands,male,163,7,120,120,13,2,14,8.15
1321467,163,Papua New Guinea,male,111,10,118,118,9,1,14,5.64
1321468,128,Hong Kong,male,87,9,120,120,3,0,5,4.35
1321468,192,Uganda,male,88,8,117,117,9,1,8,4.51
1321469,140,Jersey,male,123,5,120,120,11,2,6,6.15
1321469,199,Zimbabwe,male,146,8,120,120,10,3,8,7.3
1321470,176,Singapore,male,69,10,92,92,9,0,1,4.5
1321470,194,United States of America,male,201,6,120,120,15,8,10,10.05
1321471,128,Hong Kong,male,116,10,109,109,10,3,6,6.39
1321471,156,Netherlands,male,117,3,80,80,12,4,4,8.78
1321472,163,Papua New Guinea,male,161,2,100,100,10,9,9,9.66
1321472,192,Uganda,male,160,4,120,120,13,7,4,8.0
1321473,156,Netherlands,male,187,3,120,120,23,2,18,9.35
1321473,192,Uganda,male,90,9,120,120,4,2,7,4.5
1321474,128,Hong Kong,male,186,8,120,120,16,8,12,9.3
1321474,163,Papua New Guinea,male,185,7,120,120,14,9,7,9.25
1321475,194,United States of America,male,139,8,120,120,11,2,6,6.95
1321475,199,Zimbabwe,male,185,6,120,120,17,7,6,9.25
1321477,140,Jersey,male,105,9,120,120,10,0,13,5.25
1321477,192,Uganda,male,110,10,120,120,4,6,2,5.5
1321478,128,Hong Kong,male,147,3,113,113,10,3,2,7.81
1321478,176,Singapore,male,146,10,120,120,11,3,15,7.3
1321479,163,Papua New Guinea,male,172,8,120,120,12,6,16,8.6
1321479,199,Zimbabwe,male,199,5,120,120,18,7,6,9.95
1321480,156,Netherlands,male,139,3,114,114,12,3,3,7.32
1321480,194,United States of America,male,138,10,118,118,14,3,12,7.02
1321481,128,Hong Kong,male,98,8,120,120,5,0,17,4.9
1321481,192,Uganda,male,102,7,120,120,7,0,13,5.1
1321482,140,Jersey,male,141,4,94,94,18,5,1,9.0
1321482,176,Singapore,male,140,7,120,120,7,5,10,7.0
1321483,163,Papua New Guinea,male,97,10,99,99,6,5,2,5.88
1321483,194,United States of America,male,92,10,115,115,5,1,6,4.8
1321484,156,Netherlands,male,95,10,110,110,2,5,8,5.18
1321484,199,Zimbabwe,male,132,10,118,118,11,3,5,6.71
1321998,100,Bhutan,male,58,8,120,120,2,0,5,2.9
1321998,146,Malaysia,male,213,4,120,120,17,13,9,10.65
1322001,146,Malaysia,male,34,1,23,23,4,2,1,8.87
1322001,188,Thailand,male,30,10,79,79,1,0,3,2.28
1322002,100,Bhutan,male,110,9,120,120,7,2,12,5.5
1322002,147,Maldives,male,104,8,120,120,7,1,10,5.2
1322003,100,Bhutan,male,50,4,58,58,2,0,6,5.17
1322003,188,Thailand,male,49,8,66,66,1,1,4,4.45
1322004,146,Malaysia,male,59,2,26,26,2,7,2,13.62
1322004,147,Maldives,male,57,8,60,60,4,2,3,5.7
1322005,100,Bhutan,male,110,7,120,120,4,4,18,5.5
1322005,147,Maldives,male,108,10,120,120,8,2,4,5.4
1322006,146,Malaysia,male,74,1,53,53,9,2,3,8.38
1322006,188,Thailand,male,73,10,113,113,4,0,2,3.88
1322007,147,Maldives,male,97,10,117,117,6,1,4,4.97
1322007,188,Thailand,male,56,10,101,101,3,0,6,3.33
1322009,100,Bhutan,male,135,6,120,120,11,3,8,6.75
1322009,188,Thailand,male,107,7,120,120,6,3,5,5.35
1322010,100,Bhutan,male,82,10,115,115,4,3,7,4.28
1322010,146,Malaysia,male,84,1,39,39,6,6,5,12.92
1322011,163,Papua New Guinea,male,150,9,108,108,7,10,6,8.33
1322011,176,Singapore,male,168,5,108,108,5,12,9,9.33
1322012,163,Papua New Guinea,male,206,7,118,118,8,16,16,10.47
1322012,176,Singapore,male,203,7,120,120,14,9,14,10.15
1322018,47,Malaysia,female,79,4,87,87,2,0,22,5.45
1322018,74,Singapore,female,78,9,120,120,2,0,15,3.9
1322019,47,Malaysia,female,145,3,120,120,7,0,17,7.25
1322019,74,Singapore,female,70,10,108,108,3,0,17,3.89
1322020,47,Malaysia,female,156,3,120,120,11,0,31,7.8
1322020,74,Singapore,female,77,10,113,113,3,2,12,4.09
1322176,55,Namibia,female,84,7,117,117,6,1,9,4.31
1322176,57,Netherlands,female,83,9,120,120,5,0,7,4.15
1322276,131,India,male,191,6,120,120,18,9,11,9.55
1322276,157,New Zealand,male,126,10,113,113,8,4,8,6.69
1322277,131,India,male,75,4,54,54,7,3,2,8.33
1322277,157,New Zealand,male,160,10,118,118,15,5,10,8.14
1322334,96,Bangladesh,male,146,8,120,120,12,5,9,7.3
1322334,161,Pakistan,male,167,5,120,120,18,4,5,8.35
1322335,157,New Zealand,male,147,8,120,120,11,4,7,7.35
1322335,161,Pakistan,male,149,4,110,110,16,3,6,8.13
1322336,96,Bangladesh,male,137,8,120,120,10,2,6,6.85
1322336,157,New Zealand,male,142,2,107,107,11,4,3,7.96
1322337,157,New Zealand,male,131,1,97,97,6,6,11,8.1
1322337,161,Pakistan,male,130,7,120,120,15,0,10,6.5
1322338,96,Bangladesh,male,160,7,120,120,17,2,9,8.0
1322338,157,New Zealand,male,208,5,120,120,13,11,10,10.4
1322339,96,Bangladesh,male,173,6,120,120,16,5,5,8.65
1322339,161,Pakistan,male,177,3,119,119,18,1,6,8.92
1322340,157,New Zealand,male,163,7,120,120,13,5,4,8.15
1322340,161,Pakistan,male,168,5,117,117,15,6,5,8.62
1322362,157,New Zealand,male,196,8,120,120,16,9,9,9.8
1322362,181,Sri Lanka,male,196,5,120,120,10,12,14,9.8
1322363,157,New Zealand,male,146,1,88,88,11,6,16,9.95
1322363,181,Sri Lanka,male,141,10,114,114,9,7,8,7.42
1322364,157,New Zealand,male,183,6,119,119,14,5,14,9.23
1322364,181,Sri Lanka,male,182,6,120,120,15,9,13,9.1
1323295,96,Bangladesh,male,188,6,120,120,12,7,24,9.4
1323295,199,Zimbabwe,male,205,3,120,120,23,5,11,10.25
1323296,96,Bangladesh,male,136,3,105,105,12,3,8,7.77
1323296,199,Zimbabwe,male,135,8,120,120,11,3,8,6.75
1323297,96,Bangladesh,male,146,8,120,120,10,1,8,7.3
1323297,199,Zimbabwe,male,156,8,120,120,11,10,9,7.8
1323550,103,Bulgaria,male,152,9,120,120,5,9,15,7.6
1323550,173,Serbia,male,155,3,110,110,12,5,29,8.45
1323551,103,Bulgaria,male,154,9,120,120,6,10,18,7.7
1323551,173,Serbia,male,157,2,117,117,11,9,11,8.05
1323552,103,Bulgaria,male,206,5,120,120,19,12,15,10.3
1323552,173,Serbia,male,111,10,112,112,9,4,23,5.95
1327228,116,England,male,160,4,116,116,21,1,7,8.28
1327228,161,Pakistan,male,158,7,120,120,10,5,4,7.9
1327229,116,England,male,199,5,120,120,17,9,4,9.95
1327229,161,Pakistan,male,203,0,117,117,16,9,5,10.41
1327230,116,England,male,221,3,120,120,27,6,8,11.05
1327230,161,Pakistan,male,158,8,120,120,11,6,10,7.9
1327231,116,England,male,163,10,116,116,20,3,6,8.43
1327231,161,Pakistan,male,166,4,120,120,13,3,5,8.3
1327232,116,England,male,139,7,120,120,12,4,7,6.95
1327232,161,Pakistan,male,145,10,114,114,8,5,11,7.63
1327233,116,England,male,170,2,87,87,26,4,3,11.72
1327233,161,Pakistan,male,169,6,120,120,11,8,5,8.45
1327234,116,England,male,209,3,120,120,18,8,17,10.45
1327234,161,Pakistan,male,142,8,120,120,12,2,8,7.1
1327270,131,India,male,148,5,118,118,10,5,14,7.53
1327270,161,Pakistan,male,147,10,119,119,13,4,5,7.41
1327272,128,Hong Kong,male,152,5,120,120,14,5,6,7.6
1327272,131,India,male,192,2,120,120,9,12,8,9.6
1327273,96,Bangladesh,male,183,7,120,120,15,6,10,9.15
1327273,181,Sri Lanka,male,184,8,116,116,14,6,17,9.52
1327274,128,Hong Kong,male,38,10,64,64,2,0,10,3.56
1327274,161,Pakistan,male,193,2,120,120,10,8,18,9.65
1327276,131,India,male,181,7,120,120,16,5,14,9.05
1327276,161,Pakistan,male,182,5,119,119,19,5,8,9.18
1327277,131,India,male,173,8,120,120,10,7,8,8.65
1327277,181,Sri Lanka,male,174,4,119,119,12,8,6,8.77
1327280,161,Pakistan,male,121,10,115,115,4,3,17,6.31
1327280,181,Sri Lanka,male,124,5,102,102,9,5,5,7.29
1327281,161,Pakistan,male,147,10,120,120,9,4,14,7.35
1327281,181,Sri Lanka,male,170,6,120,120,16,5,10,8.5
1327503,92,Australia,male,211,6,116,116,25,9,8,10.91
1327503,131,India,male,208,6,120,120,16,13,4,10.4
1327504,92,Australia,male,90,5,48,48,10,4,1,11.25
1327504,131,India,male,92,4,44,44,8,6,6,12.55
1327505,92,Australia,male,186,7,120,120,16,10,5,9.3
1327505,131,India,male,187,4,119,119,12,11,11,9.43
1327506,131,India,male,110,2,100,100,7,7,6,6.6
1327506,178,South Africa,male,106,8,120,120,9,4,6,5.3
1327507,131,India,male,237,3,120,120,25,13,10,11.85
1327507,178,South Africa,male,221,3,120,120,15,12,13,11.05
1327508,131,India,male,178,10,111,111,15,11,12,9.62
1327508,178,South Africa,male,227,3,120,120,15,16,14,11.35
1328470,95,Bahrain,male,189,8,120,120,15,11,9,9.45
1328470,142,Kuwait,male,209,9,120,120,15,12,9,10.45
1328471,95,Bahrain,male,153,6,120,120,4,10,10,7.65
1328471,142,Kuwait,male,154,5,106,106,13,7,2,8.72
1328473,95,Bahrain,male,84,10,112,112,5,5,2,4.5
1328473,142,Kuwait,male,186,7,120,120,14,12,6,9.3
1328474,141,Kenya,male,130,8,120,120,12,5,2,6.5
1328474,155,Nepal,male,133,5,116,116,11,3,18,6.88
1328476,141,Kenya,male,156,2,120,120,11,8,6,7.8
1328476,155,Nepal,male,160,6,117,117,16,7,4,8.21
1328477,141,Kenya,male,101,10,120,120,5,4,6,5.05
1328477,155,Nepal,male,94,9,120,120,3,2,10,4.7
1328478,141,Kenya,male,144,7,120,120,12,4,1,7.2
1328478,155,Nepal,male,175,7,120,120,20,3,9,8.75
1328849,128,Hong Kong,male,148,9,120,120,10,1,15,7.4
1328849,176,Singapore,male,140,7,120,120,14,3,7,7.0
1328850,142,Kuwait,male,177,9,119,119,17,7,14,8.92
1328850,193,United Arab Emirates,male,173,5,120,120,15,4,9,8.65
1328851,176,Singapore,male,113,10,111,111,6,6,3,6.11
1328851,193,United Arab Emirates,male,160,8,120,120,8,8,6,8.0
1328852,128,Hong Kong,male,153,2,106,106,13,7,4,8.66
1328852,142,Kuwait,male,151,9,120,120,8,9,13,7.55
1328853,142,Kuwait,male,105,4,47,47,6,10,1,13.4
1328853,176,Singapore,male,104,10,119,119,7,1,4,5.24
1328854,128,Hong Kong,male,149,2,114,114,13,4,8,7.84
1328854,193,United Arab Emirates,male,147,10,117,117,9,6,5,7.54
1329247,85,United Arab Emirates,female,105,9,120,120,8,0,20,5.25
1329247,90,Zimbabwe,female,152,2,120,120,19,1,7,7.6
1329250,85,United Arab Emirates,female,79,10,118,118,8,0,8,4.02
1329250,86,United States of America,female,104,8,120,120,11,0,10,5.2
1330807,37,Ireland,female,137,2,98,98,16,2,9,8.39
1330807,71,Scotland,female,133,6,120,120,16,1,6,6.65
1330808,37,Ireland,female,44,1,30,30,7,1,1,8.8
1330808,71,Scotland,female,126,8,120,120,12,3,5,6.3
1331384,82,Thailand,female,96,3,98,98,11,0,2,5.88
1331384,85,United Arab Emirates,female,92,5,120,120,10,0,10,4.6
1331385,5,Bangladesh,female,143,4,120,120,20,1,5,7.15
1331385,37,Ireland,female,129,10,118,118,12,1,2,6.56
1331386,63,Papua New Guinea,female,83,10,108,108,6,2,7,4.61
1331386,90,Zimbabwe,female,87,2,88,88,12,0,5,5.93
1331387,71,Scotland,female,130,5,120,120,12,1,4,6.5
1331387,86,United States of America,female,51,10,115,115,1,0,11,2.66
1331388,82,Thailand,female,86,6,120,120,9,0,4,4.3
1331388,90,Zimbabwe,female,87,4,100,100,11,1,3,5.22
1331389,5,Bangladesh,female,78,4,78,78,10,1,3,6.0
1331389,71,Scotland,female,77,10,117,117,8,0,2,3.95
1331390,63,Papua New Guinea,female,148,6,120,120,12,7,12,7.4
1331390,85,United Arab Emirates,female,119,8,120,120,12,1,5,5.95
1331391,37,Ireland,female,92,1,79,79,6,1,5,6.99
1331391,86,United States of America,female,91,10,120,120,8,0,10,4.55
1331392,5,Bangladesh,female,158,1,120,120,17,1,15,7.9
1331392,86,United States of America,female,103,3,120,120,9,0,2,5.15
1331394,37,Ireland,female,164,3,120,120,21,1,8,8.2
1331394,71,Scotland,female,145,8,120,120,19,1,3,7.25
1331395,85,United Arab Emirates,female,121,6,120,120,11,2,9,6.05
1331395,90,Zimbabwe,female,120,7,120,120,9,0,12,6.0
1331396,37,Ireland,female,137,6,120,120,12,4,6,6.85
1331396,90,Zimbabwe,female,133,6,120,120,13,0,5,6.65
1331397,71,Scotland,female,172,4,120,120,22,1,8,8.6
1331397,85,United Arab Emirates,female,87,10,113,113,7,0,5,4.62
1331398,5,Bangladesh,female,113,5,120,120,10,1,8,5.65
1331398,82,Thailand,female,102,6,120,120,6,3,1,5.1
1331399,63,Papua New Guinea,female,77,3,66,66,9,0,10,7.0
1331399,86,United States of America,female,76,9,120,120,6,0,8,3.8
1331400,82,Thailand,female,111,6,120,120,12,0,1,5.55
1331400,90,Zimbabwe,female,118,6,120,120,16,0,9,5.9
1331401,5,Bangladesh,female,120,8,120,120,10,0,4,6.0
1331401,37,Ireland,female,113,9,120,120,9,0,2,5.65
1331402,85,United Arab Emirates,female,118,5,121,121,8,0,6,5.85
1331402,86,United States of America,female,117,3,120,120,12,0,10,5.85
1331403,63,Papua New Guinea,female,169,2,112,112,20,2,17,9.05
1331403,71,Scotland,female,168,6,120,120,24,0,9,8.4
1332496,101,Botswana,male,103,8,120,120,10,1,4,5.15
1332496,192,Uganda,male,107,3,110,110,12,1,3,5.84
1332497,141,Kenya,male,155,3,120,120,17,1,3,7.75
1332497,187,Tanzania,male,159,6,114,114,15,6,6,8.37
1332498,124,Ghana,male,154,7,120,120,12,5,10,7.7
1332498,152,Mozambique,male,126,4,120,120,12,1,11,6.3
1332501,124,Ghana,male,133,9,120,120,10,4,9,6.65
1332501,192,Uganda,male,135,2,106,106,11,1,20,7.64
1332503,152,Mozambique,male,124,9,120,120,11,5,22,6.2
1332503,192,Uganda,male,162,7,120,120,14,2,11,8.1
1332504,101,Botswana,male,185,6,120,120,11,9,4,9.25
1332504,152,Mozambique,male,93,10,120,120,5,1,18,4.65
1332505,145,Malawi,male,126,4,120,120,13,0,7,6.3
1332505,187,Tanzania,male,170,8,120,120,19,4,9,8.5
1332506,105,Cameroon,male,48,10,86,86,6,0,12,3.35
1332506,141,Kenya,male,50,1,20,20,8,1,3,15.0
1332507,101,Botswana,male,146,9,120,120,11,1,6,7.3
1332507,124,Ghana,male,135,10,120,120,6,3,9,6.75
1332508,141,Kenya,male,105,8,108,108,10,3,8,5.83
1332508,192,Uganda,male,107,7,105,105,9,4,5,6.11
1332509,101,Botswana,male,146,7,120,120,13,2,6,7.3
1332509,187,Tanzania,male,149,6,111,111,17,2,11,8.05
1332510,187,Tanzania,male,174,5,120,120,19,3,20,8.7
1332510,192,Uganda,male,175,2,118,118,12,7,9,8.9
1333920,110,Cook Islands,male,142,10,120,120,7,6,5,7.1
1333920,119,Fiji,male,143,7,101,101,11,5,30,8.5
1333921,170,Samoa,male,122,9,120,120,11,1,12,6.1
1333921,196,Vanuatu,male,123,1,93,93,7,6,2,7.94
1333922,110,Cook Islands,male,128,5,98,98,12,4,14,7.84
1333922,196,Vanuatu,male,127,9,114,114,6,6,7,6.68
1333923,119,Fiji,male,145,7,118,118,8,6,21,7.37
1333923,170,Samoa,male,142,6,120,120,6,7,9,7.1
1333924,110,Cook Islands,male,158,6,120,120,9,7,5,7.9
1333924,170,Samoa,male,157,9,120,120,9,10,14,7.85
1333925,119,Fiji,male,149,9,120,120,12,7,7,7.45
1333925,196,Vanuatu,male,167,7,120,120,10,7,6,8.35
1333926,170,Samoa,male,120,7,120,120,9,5,6,6.0
1333926,196,Vanuatu,male,122,4,116,116,8,1,7,6.31
1333927,110,Cook Islands,male,150,2,111,111,13,6,6,8.11
1333927,119,Fiji,male,147,10,120,120,10,8,17,7.35
1333928,119,Fiji,male,147,10,119,119,9,7,11,7.41
1333928,170,Samoa,male,117,10,111,111,9,4,8,6.32
1333929,110,Cook Islands,male,123,10,87,87,13,3,6,8.48
1333929,196,Vanuatu,male,160,4,96,96,12,7,10,10.0
1333931,132,Indonesia,male,104,6,102,102,8,1,12,6.12
1333931,139,Japan,male,179,4,102,102,14,8,7,10.53
1333932,132,Indonesia,male,82,7,96,96,6,1,18,5.12
1333932,139,Japan,male,79,10,99,99,4,0,13,4.79
1334415,58,New Zealand,female,114,9,120,120,10,2,2,5.7
1334415,88,West Indies,female,115,10,120,120,11,0,10,5.75
1334416,58,New Zealand,female,108,4,119,119,7,0,9,5.45
1334416,88,West Indies,female,107,5,120,120,10,1,10,5.35
1334417,58,New Zealand,female,94,5,112,112,6,1,4,5.04
1334417,88,West Indies,female,93,9,120,120,6,1,6,4.65
1334418,58,New Zealand,female,111,4,120,120,5,1,9,5.55
1334418,88,West Indies,female,111,9,120,120,9,1,9,5.55
1334419,58,New Zealand,female,102,5,119,119,8,0,4,5.14
1334419,88,West Indies,female,101,8,120,120,3,2,10,5.05
1335785,5,Bangladesh,female,88,1,70,70,12,2,3,7.54
1335785,82,Thailand,female,82,10,118,118,5,0,3,4.17
1335786,35,India,female,150,6,120,120,16,3,1,7.5
1335786,78,Sri Lanka,female,109,10,110,110,11,0,13,5.95
1335787,47,Malaysia,female,57,9,120,120,3,0,7,2.85
1335787,62,Pakistan,female,61,1,54,54,9,0,1,6.78
1335788,78,Sri Lanka,female,109,9,120,120,8,0,7,5.45
1335788,85,United Arab Emirates,female,54,7,66,66,3,0,1,4.91
1335789,5,Bangladesh,female,70,8,120,120,6,0,1,3.5
1335789,62,Pakistan,female,72,1,74,74,6,0,10,5.84
1335790,35,India,female,181,4,120,120,20,6,15,9.05
1335790,47,Malaysia,female,16,2,32,32,3,0,0,3.0
1335791,78,Sri Lanka,female,156,5,120,120,14,2,16,7.8
1335791,82,Thailand,female,107,5,120,120,8,1,8,5.35
1335792,35,India,female,178,5,120,120,20,3,4,8.9
1335792,85,United Arab Emirates,female,74,4,120,120,8,0,4,3.7
1335793,47,Malaysia,female,88,4,120,120,7,0,16,4.4
1335793,85,United Arab Emirates,female,91,3,115,115,10,0,2,4.75
1335794,62,Pakistan,female,116,5,120,120,9,1,11,5.8
1335794,82,Thailand,female,117,6,119,119,8,2,9,5.9
1335795,5,Bangladesh,female,129,5,120,120,12,1,2,6.45
1335795,47,Malaysia,female,41,10,113,113,1,0,1,2.18
1335796,82,Thailand,female,108,4,120,120,3,3,6,5.4
1335796,85,United Arab Emirates,female,89,8,120,120,3,0,9,4.45
1335797,35,India,female,124,10,118,118,11,4,5,6.31
1335797,62,Pakistan,female,137,6,120,120,11,1,4,6.85
1335798,47,Malaysia,female,33,10,59,59,3,0,4,3.36
1335798,78,Sri Lanka,female,105,7,120,120,5,0,8,5.25
1335799,5,Bangladesh,female,100,7,120,120,10,0,2,5.0
1335799,35,India,female,159,5,120,120,15,3,7,7.95
1335800,47,Malaysia,female,65,8,120,120,5,0,7,3.25
1335800,82,Thailand,female,115,5,120,120,6,0,5,5.75
1335801,62,Pakistan,female,145,5,120,120,14,4,10,7.25
1335801,85,United Arab Emirates,female,74,5,120,120,3,0,10,3.7
1335802,5,Bangladesh,female,37,7,42,42,1,0,3,5.29
1335802,78,Sri Lanka,female,83,5,109,109,5,0,5,4.57
1335803,35,India,female,40,1,36,36,6,0,0,6.67
1335803,82,Thailand,female,37,10,91,91,3,0,1,2.44
1335805,62,Pakistan,female,113,5,113,113,9,2,8,6.0
1335805,78,Sri Lanka,female,112,10,113,113,15,0,10,5.95
1335806,35,India,female,148,6,120,120,15,2,8,7.4
1335806,82,Thailand,female,74,9,120,120,4,0,10,3.7
1335807,62,Pakistan,female,121,6,120,120,9,0,12,6.05
1335807,78,Sri Lanka,female,122,6,120,120,4,2,9,6.1
1335808,35,India,female,71,2,51,51,7,3,2,8.35
1335808,78,Sri Lanka,female,65,9,120,120,5,0,6,3.25
1336031,96,Bangladesh,male,158,5,120,120,14,5,14,7.9
1336031,193,United Arab Emirates,male,151,10,118,118,18,2,5,7.68
1336032,96,Bangladesh,male,169,5,120,120,16,5,1,8.45
1336032,193,United Arab Emirates,male,137,5,120,120,8,4,7,6.85
1336048,116,England,male,143,3,84,84,10,7,10,10.21
1336048,157,New Zealand,male,139,9,120,120,9,6,4,6.95
1336049,116,England,male,198,4,120,120,16,12,7,9.9
1336049,157,New Zealand,male,103,10,83,83,9,2,4,7.45
1336050,116,England,male,128,10,111,111,8,5,6,6.92
1336050,157,New Zealand,male,202,5,120,120,13,11,6,10.1
1336051,116,England,male,175,8,120,120,12,9,13,8.75
1336051,157,New Zealand,male,179,4,104,104,18,7,2,10.33
1336074,2,Australia,female,154,6,119,119,18,3,0,7.76
1336074,23,England,female,153,7,120,120,15,3,5,7.65
1336075,2,Australia,female,183,8,120,120,20,6,6,9.15
1336075,23,England,female,186,9,120,120,25,1,21,9.3
1336076,2,Australia,female,155,7,120,120,19,2,2,7.75
1336076,23,England,female,121,5,80,80,15,2,5,9.07
1336080,23,England,female,186,4,102,102,18,6,20,10.94
1336080,78,Sri Lanka,female,55,3,36,36,7,1,5,9.17
1336081,23,England,female,104,10,108,108,12,0,3,5.78
1336081,78,Sri Lanka,female,110,2,80,80,15,3,6,8.25
1336082,23,England,female,116,10,114,114,16,0,1,6.11
1336082,78,Sri Lanka,female,117,3,102,102,9,2,10,6.88
1336951,132,Indonesia,male,130,7,114,114,11,2,10,6.84
1336951,179,South Korea,male,66,10,88,88,9,1,2,4.5
1336952,139,Japan,male,218,8,120,120,16,16,5,10.9
1336952,179,South Korea,male,170,6,120,120,8,12,3,8.5
1336953,132,Indonesia,male,83,10,113,113,7,2,5,4.41
1336953,139,Japan,male,84,6,59,59,9,2,1,8.54
1336955,132,Indonesia,male,104,4,102,102,9,2,10,6.12
1336955,139,Japan,male,103,10,112,112,7,2,3,5.52
1336956,132,Indonesia,male,99,7,64,64,11,2,9,9.28
1336956,179,South Korea,male,98,6,120,120,3,4,2,4.9
1336979,34,Hong Kong,female,91,2,84,84,8,1,7,6.5
1336979,40,Japan,female,90,7,120,120,4,0,15,4.5
1336980,34,Hong Kong,female,93,2,80,80,6,3,8,6.97
1336980,40,Japan,female,91,10,116,116,5,0,14,4.71
1336981,34,Hong Kong,female,142,2,120,120,13,2,10,7.1
1336981,40,Japan,female,139,4,120,120,9,1,18,6.95
1336982,34,Hong Kong,female,101,7,120,120,6,0,6,5.05
1336982,40,Japan,female,101,7,120,120,9,0,12,5.05
1338040,75,South Africa,female,126,9,120,120,10,1,12,6.3
1338040,78,Sri Lanka,female,129,4,120,120,17,0,5,6.45
1338041,23,England,female,138,3,87,87,19,3,8,9.52
1338041,88,West Indies,female,135,7,120,120,15,0,18,6.75
1338042,2,Australia,female,173,9,120,120,24,2,4,8.65
1338042,58,New Zealand,female,76,10,84,84,7,1,7,5.43
1338043,35,India,female,151,3,115,115,21,0,1,7.88
1338043,62,Pakistan,female,149,4,120,120,11,2,7,7.45
1338044,5,Bangladesh,female,126,8,120,120,10,0,13,6.3
1338044,78,Sri Lanka,female,129,3,110,110,13,1,3,7.04
1338045,23,England,female,107,6,86,86,15,2,0,7.47
1338045,37,Ireland,female,105,10,110,110,11,1,7,5.73
1338046,58,New Zealand,female,67,10,109,109,5,0,3,3.69
1338046,75,South Africa,female,132,6,120,120,16,0,9,6.6
1338047,2,Australia,female,111,2,110,110,10,1,5,6.05
1338047,5,Bangladesh,female,107,7,120,120,11,1,9,5.35
1338048,35,India,female,119,4,109,109,15,0,3,6.55
1338048,88,West Indies,female,118,6,120,120,12,0,4,5.9
1338049,37,Ireland,female,95,10,99,99,10,1,1,5.76
1338049,62,Pakistan,female,165,5,120,120,16,2,11,8.25
1338050,2,Australia,female,113,0,95,95,13,1,3,7.14
1338050,78,Sri Lanka,female,112,8,120,120,10,1,7,5.6
1338051,5,Bangladesh,female,118,8,120,120,9,1,17,5.9
1338051,58,New Zealand,female,189,3,120,120,20,1,4,9.45
1338052,37,Ireland,female,137,9,120,120,14,1,15,6.85
1338052,88,West Indies,female,140,4,119,119,18,1,2,7.06
1338053,23,England,female,151,7,120,120,13,3,9,7.55
1338053,35,India,female,140,5,120,120,12,3,7,7.0
1338054,2,Australia,female,125,4,99,99,19,0,4,7.58
1338054,75,South Africa,female,124,6,120,120,10,2,17,6.2
1338055,62,Pakistan,female,113,5,120,120,8,0,9,5.65
1338055,88,West Indies,female,116,6,120,120,9,0,6,5.8
1338056,58,New Zealand,female,162,3,120,120,17,0,5,8.1
1338056,78,Sri Lanka,female,60,9,95,95,4,0,9,3.79
1338057,35,India,female,155,6,120,120,15,3,10,7.75
1338057,37,Ireland,female,54,2,50,50,8,0,4,6.48
1338058,23,England,female,213,5,121,121,25,4,14,10.56
1338058,62,Pakistan,female,99,9,120,120,8,1,11,4.95
1338059,5,Bangladesh,female,113,6,120,120,7,0,7,5.65
1338059,75,South Africa,female,117,0,107,107,11,1,1,6.56
1338060,2,Australia,female,172,4,120,120,20,3,4,8.6
1338060,35,India,female,167,8,120,120,18,1,11,8.35
1338061,23,England,female,158,8,120,120,17,2,13,7.9
1338061,75,South Africa,female,164,4,120,120,15,3,10,8.2
1338062,2,Australia,female,156,6,120,120,17,3,7,7.8
1338062,75,South Africa,female,137,6,120,120,11,4,10,6.85
1339205,123,Germany,male,109,0,83,83,9,1,13,7.88
1339205,137,Italy,male,107,10,120,120,5,6,4,5.35
1339206,123,Germany,male,149,2,105,105,10,2,12,8.51
1339206,137,Italy,male,146,6,120,120,4,9,7,7.3
1339207,137,Italy,male,161,4,120,120,12,5,15,8.05
1339207,180,Spain,male,165,6,114,114,12,7,12,8.68
1339208,123,Germany,male,131,7,120,120,8,1,11,6.55
1339208,180,Spain,male,95,10,114,114,6,0,12,5.0
1339209,123,Germany,male,127,6,120,120,6,2,9,6.35
1339209,180,Spain,male,132,7,120,120,8,4,10,6.6
1339210,137,Italy,male,160,3,120,120,11,5,11,8.0
1339210,180,Spain,male,127,10,102,102,10,2,13,7.47
1339555,60,Norway,female,80,8,120,120,4,0,25,4.0
1339555,77,Spain,female,115,7,120,120,7,0,25,5.75
1339558,77,Spain,female,124,6,120,120,5,0,36,6.2
1339558,79,Sweden,female,81,10,101,101,5,0,20,4.81
1339604,178,South Africa,male,131,8,66,66,11,7,11,11.91
1339604,197,West Indies,male,132,7,63,63,9,11,4,12.57
1339605,178,South Africa,male,259,4,113,113,29,13,11,13.75
1339605,197,West Indies,male,258,5,120,120,17,22,6,12.9
1339606,178,South Africa,male,213,6,120,120,24,6,13,10.65
1339606,197,West Indies,male,220,8,120,120,13,16,11,11.0
1339614,157,New Zealand,male,94,10,93,93,9,2,3,6.06
1339614,161,Pakistan,male,182,10,119,119,20,6,16,9.18
1339615,157,New Zealand,male,154,7,120,120,13,4,7,7.7
1339615,161,Pakistan,male,192,4,120,120,18,7,6,9.6
1339616,157,New Zealand,male,163,5,120,120,16,5,8,8.15
1339616,161,Pakistan,male,159,10,120,120,8,9,13,7.95
1339617,157,New Zealand,male,164,5,113,113,21,2,9,8.71
1339617,161,Pakistan,male,0,0,0,0,0,0,0,0.0
1339618,157,New Zealand,male,194,4,116,116,20,6,7,10.03
1339618,161,Pakistan,male,193,5,120,120,18,7,8,9.65
1343740,101,Botswana,male,106,10,120,120,8,1,18,5.3
1343740,169,Rwanda,male,108,5,104,104,9,4,6,6.23
1343741,143,Lesotho,male,138,6,120,120,10,0,31,6.9
1343741,148,Mali,male,107,10,107,107,6,2,23,6.0
1343742,141,Kenya,male,48,0,24,24,7,1,1,12.0
1343742,182,St Helena,male,0,0,0,0,0,0,0,0.0
1343743,101,Botswana,male,115,2,90,90,12,2,9,7.67
1343743,174,Seychelles,male,0,0,0,0,0,0,0,0.0
1343744,169,Rwanda,male,130,8,120,120,8,2,3,6.5
1343744,182,St Helena,male,76,8,120,120,2,0,14,3.8
1343745,101,Botswana,male,97,0,47,47,14,1,15,12.38
1343745,143,Lesotho,male,91,10,76,76,6,4,1,7.18
1343746,141,Kenya,male,209,6,120,120,10,17,14,10.45
1343746,145,Malawi,male,11,0,19,19,1,0,0,3.47
1343747,148,Mali,male,14,2,25,25,1,0,2,3.36
1343747,174,Seychelles,male,162,3,120,120,14,0,18,8.1
1343749,141,Kenya,male,34,0,15,15,4,2,2,13.6
1343749,148,Mali,male,30,10,64,64,4,0,3,2.81
1343750,141,Kenya,male,90,1,64,64,4,5,7,8.44
1343750,169,Rwanda,male,87,9,120,120,1,3,10,4.35
1343753,141,Kenya,male,237,5,120,120,26,7,7,11.85
1343753,143,Lesotho,male,70,10,92,92,9,1,4,4.57
1343756,101,Botswana,male,38,5,32,32,3,1,6,7.12
1343756,148,Mali,male,37,10,66,66,3,0,8,3.36
1343757,143,Lesotho,male,81,10,81,81,5,2,7,6.0
1343757,182,St Helena,male,126,6,90,90,11,2,15,8.4
1343758,145,Malawi,male,0,0,0,0,0,0,0,0.0
1343758,174,Seychelles,male,42,1,30,30,4,0,9,8.4
1343760,145,Malawi,male,39,0,22,22,3,1,0,10.64
1343760,182,St Helena,male,37,6,30,30,3,1,1,7.4
1343761,169,Rwanda,male,122,4,78,78,11,3,6,9.38
1343761,174,Seychelles,male,47,8,78,78,3,0,10,3.62
1343762,101,Botswana,male,116,6,120,120,7,5,2,5.8
1343762,141,Kenya,male,122,2,69,69,8,10,2,10.61
1343763,148,Mali,male,30,10,75,75,4,0,6,2.4
1343763,169,Rwanda,male,34,0,15,15,4,1,3,13.6
1343764,141,Kenya,male,82,3,83,83,9,1,0,5.93
1343764,174,Seychelles,male,94,8,120,120,8,0,5,4.7
1343767,143,Lesotho,male,0,0,0,0,0,0,0,0.0
1343767,169,Rwanda,male,192,6,120,120,12,5,12,9.6
1343768,175,Sierra Leone,male,57,10,69,69,8,1,6,4.96
1343768,187,Tanzania,male,47,1,45,45,4,1,4,6.27
1343770,152,Mozambique,male,86,8,120,120,6,1,10,4.3
1343770,158,Nigeria,male,87,2,83,83,4,1,12,6.29
1343771,118,Eswatini,male,123,5,104,104,12,0,26,7.1
1343771,122,Gambia,male,122,10,120,120,11,2,26,6.1
1343772,158,Nigeria,male,63,4,75,75,6,0,9,5.04
1343772,175,Sierra Leone,male,62,10,115,115,3,1,7,3.23
1343773,124,Ghana,male,111,10,110,110,9,0,12,6.05
1343773,152,Mozambique,male,115,3,114,114,11,1,7,6.05
1343774,105,Cameroon,male,146,8,120,120,9,4,13,7.3
1343774,175,Sierra Leone,male,150,9,116,116,21,2,16,7.76
1343775,118,Eswatini,male,150,5,120,120,17,4,7,7.5
1343775,152,Mozambique,male,151,1,105,105,16,0,13,8.63
1343776,105,Cameroon,male,95,10,101,101,7,2,16,5.64
1343776,152,Mozambique,male,98,1,66,66,12,3,9,8.91
1343777,118,Eswatini,male,103,9,120,120,13,0,11,5.15
1343777,158,Nigeria,male,221,7,120,120,21,5,29,11.05
1343778,124,Ghana,male,121,7,120,120,9,3,7,6.05
1343778,187,Tanzania,male,122,6,87,87,16,5,3,8.41
1343780,152,Mozambique,male,81,3,78,78,6,2,2,6.23
1343780,187,Tanzania,male,82,4,69,69,8,2,1,7.13
1343781,118,Eswatini,male,48,4,30,30,5,2,2,9.6
1343781,175,Sierra Leone,male,52,4,30,30,3,1,9,10.4
1343782,105,Cameroon,male,72,10,119,119,6,0,7,3.63
1343782,158,Nigeria,male,31,0,30,30,2,0,6,6.2
1343783,124,Ghana,male,135,7,120,120,4,6,16,6.75
1343783,175,Sierra Leone,male,61,1,44,44,9,0,5,8.32
1343784,118,Eswatini,male,120,8,120,120,10,3,5,6.0
1343784,187,Tanzania,male,186,8,120,120,21,4,24,9.3
1343785,122,Gambia,male,81,9,120,120,3,1,9,4.05
1343785,175,Sierra Leone,male,84,2,60,60,5,4,11,8.4
1343786,122,Gambia,male,59,10,104,104,4,1,9,3.4
1343786,187,Tanzania,male,61,0,28,28,7,2,11,13.07
1343788,122,Gambia,male,69,10,85,85,5,1,5,4.87
1343788,124,Ghana,male,215,3,120,120,12,10,26,10.75
1343790,158,Nigeria,male,101,10,118,118,8,1,5,5.14
1343790,187,Tanzania,male,19,3,27,27,2,0,5,4.22
1343791,122,Gambia,male,70,10,66,66,3,1,18,6.36
1343791,152,Mozambique,male,127,5,120,120,11,2,7,6.35
1343793,105,Cameroon,male,104,10,107,107,5,3,25,5.83
1343793,122,Gambia,male,115,8,120,120,5,3,11,5.75
1343794,124,Ghana,male,127,7,120,120,10,3,15,6.35
1343794,158,Nigeria,male,131,4,100,100,11,6,4,7.86
1343795,105,Cameroon,male,34,10,75,75,2,1,5,2.72
1343795,187,Tanzania,male,218,6,120,120,26,4,11,10.9
1343934,23,England,female,106,2,76,76,13,2,4,8.37
1343934,88,West Indies,female,105,7,120,120,10,0,13,5.25
1343935,23,England,female,141,6,120,120,10,1,8,7.05
1343935,88,West Indies,female,125,8,120,120,10,2,16,6.25
1343936,23,England,female,157,6,120,120,19,1,9,7.85
1343936,88,West Indies,female,140,8,120,120,14,0,18,7.0
1343937,23,England,female,131,8,120,120,14,1,10,6.55
1343937,88,West Indies,female,82,9,96,96,10,0,8,5.12
1343938,23,England,female,44,2,33,33,5,0,6,8.0
1343938,88,West Indies,female,43,10,98,98,2,0,7,2.63
1344507,57,Netherlands,female,89,8,120,120,3,1,9,4.45
1344507,82,Thailand,female,90,0,112,112,7,1,5,4.82
1344508,57,Netherlands,female,116,5,120,120,12,0,6,5.8
1344508,82,Thailand,female,113,5,120,120,9,0,12,5.65
1344509,57,Netherlands,female,73,7,114,114,5,0,8,3.84
1344509,82,Thailand,female,74,5,109,109,8,0,3,4.07
1344510,57,Netherlands,female,95,6,120,120,7,1,5,4.75
1344510,82,Thailand,female,126,8,120,120,17,0,9,6.3
1344511,35,India,female,147,6,120,120,13,2,12,7.35
1344511,75,South Africa,female,120,9,120,120,12,1,5,6.0
1344512,75,South Africa,female,141,5,120,120,13,0,12,7.05
1344512,88,West Indies,female,97,8,120,120,7,1,10,4.85
1344513,35,India,female,167,2,120,120,23,1,7,8.35
1344513,88,West Indies,female,111,4,120,120,13,1,9,5.55
1344514,75,South Africa,female,98,0,82,82,13,1,6,7.17
1344514,88,West Indies,female,97,6,120,120,11,0,7,4.85
1344515,35,India,female,4,0,12,12,1,0,0,2.0
1344515,75,South Africa,female,0,0,0,0,0,0,0,0.0
1344516,35,India,female,95,2,83,83,11,0,3,6.87
1344516,88,West Indies,female,94,6,120,120,8,2,7,4.7
1344517,35,India,female,109,4,120,120,9,0,14,5.45
1344517,75,South Africa,female,113,5,108,108,10,3,4,6.28
1344619,5,Bangladesh,female,32,10,89,89,1,0,6,2.16
1344619,58,New Zealand,female,164,3,120,120,20,0,2,8.2
1344620,5,Bangladesh,female,111,8,120,120,9,0,13,5.55
1344620,58,New Zealand,female,148,4,120,120,16,0,3,7.4
1344621,5,Bangladesh,female,89,7,120,120,4,1,6,4.45
1344621,58,New Zealand,female,152,7,120,120,16,2,4,7.6
1344782,160,Oman,male,90,1,61,61,11,1,6,8.85
1344782,171,Saudi Arabia,male,86,8,120,120,3,1,3,4.3
1344783,95,Bahrain,male,195,7,120,120,13,12,12,9.75
1344783,106,Canada,male,199,6,116,116,22,7,10,10.29
1344784,106,Canada,male,194,5,120,120,17,10,8,9.7
1344784,171,Saudi Arabia,male,128,8,120,120,13,2,6,6.4
1344785,95,Bahrain,male,139,4,117,117,10,6,4,7.13
1344785,160,Oman,male,134,8,120,120,8,3,5,6.7
1344786,95,Bahrain,male,170,4,120,120,15,7,9,8.5
1344786,171,Saudi Arabia,male,117,8,120,120,7,4,5,5.85
1344787,106,Canada,male,191,2,120,120,17,10,9,9.55
1344787,160,Oman,male,190,6,120,120,14,10,9,9.5
1344788,160,Oman,male,118,3,76,76,9,8,6,9.32
1344788,171,Saudi Arabia,male,114,8,120,120,8,2,6,5.7
1344789,95,Bahrain,male,164,2,115,115,14,9,2,8.56
1344789,106,Canada,male,160,6,120,120,14,7,8,8.0
1344790,106,Canada,male,171,6,120,120,14,7,12,8.55
1344790,171,Saudi Arabia,male,126,8,120,120,8,4,4,6.3
1344791,95,Bahrain,male,114,10,96,96,8,6,8,7.12
1344791,160,Oman,male,220,5,120,120,16,15,4,11.0
1344792,106,Canada,male,170,7,119,119,16,7,7,8.57
1344792,160,Oman,male,169,7,120,120,10,11,11,8.45
1344793,95,Bahrain,male,112,9,120,120,6,3,12,5.6
1344793,171,Saudi Arabia,male,115,1,65,65,14,6,3,10.62
1344794,95,Bahrain,male,123,5,121,121,11,2,13,6.1
1344794,171,Saudi Arabia,male,155,8,120,120,11,7,14,7.75
1344795,106,Canada,male,139,2,84,84,16,4,17,9.93
1344795,160,Oman,male,137,10,120,120,6,9,13,6.85
1345095,2,Australia,female,119,2,82,82,15,2,4,8.71
1345095,62,Pakistan,female,118,10,120,120,7,4,13,5.9
1345096,2,Australia,female,100,2,76,76,12,1,4,7.89
1345096,62,Pakistan,female,96,7,120,120,8,0,5,4.8
1345424,2,Australia,female,173,1,109,109,24,3,7,9.52
1345424,35,India,female,172,5,120,120,23,5,5,8.6
1345425,2,Australia,female,187,1,120,120,28,1,10,9.35
1345425,35,India,female,187,5,120,120,18,9,10,9.35
1345426,2,Australia,female,172,8,120,120,19,6,2,8.6
1345426,35,India,female,151,7,120,120,18,3,12,7.55
1345427,2,Australia,female,188,3,120,120,21,8,6,9.4
1345427,35,India,female,181,5,120,120,23,3,7,9.05
1345428,2,Australia,female,196,4,120,120,23,8,9,9.8
1345428,35,India,female,142,10,120,120,19,2,8,7.1
1346539,42,Kenya,female,42,1,35,35,5,0,3,7.2
1346539,66,Qatar,female,39,10,104,104,4,0,3,2.25
1346543,42,Kenya,female,107,4,120,120,12,0,10,5.35
1346543,84,Uganda,female,112,4,98,98,10,4,1,6.86
1346545,42,Kenya,female,132,8,112,112,16,0,8,7.07
1346545,81,Tanzania,female,131,7,120,120,13,0,16,6.55
1348323,134,Ireland,male,114,10,116,116,12,1,3,5.9
1348323,199,Zimbabwe,male,118,5,108,108,12,1,4,6.56
1348324,134,Ireland,male,150,4,118,118,9,7,3,7.63
1348324,199,Zimbabwe,male,144,10,120,120,10,2,15,7.2
1348325,134,Ireland,male,141,9,120,120,8,1,9,7.05
1348325,199,Zimbabwe,male,144,6,114,114,15,2,8,7.58
1348640,131,India,male,162,5,120,120,13,7,5,8.1
1348640,181,Sri Lanka,male,160,10,120,120,13,8,6,8.0
1348641,131,India,male,190,8,120,120,11,12,14,9.5
1348641,181,Sri Lanka,male,206,6,120,120,10,14,12,10.3
1348642,131,India,male,228,5,120,120,19,14,5,11.4
1348642,181,Sri Lanka,male,137,10,100,100,12,6,13,8.22
1348649,131,India,male,155,9,120,120,15,7,10,7.75
1348649,157,New Zealand,male,176,6,120,120,16,8,5,8.8
1348650,131,India,male,101,4,119,119,8,0,7,5.09
1348650,157,New Zealand,male,99,8,120,120,6,0,10,4.95
1348651,131,India,male,234,4,120,120,21,13,7,11.7
1348651,157,New Zealand,male,66,10,73,73,2,4,3,5.42
1349124,169,Rwanda,male,81,4,78,78,1,4,13,6.23
1349124,187,Tanzania,male,147,4,78,78,15,6,10,11.31
1349126,169,Rwanda,male,100,10,97,97,10,3,10,6.19
1349126,192,Uganda,male,185,9,120,120,22,4,15,9.25
1349127,187,Tanzania,male,48,9,92,92,4,0,5,3.13
1349127,192,Uganda,male,0,0,0,0,0,0,0,0.0
1349128,169,Rwanda,male,35,9,68,68,0,2,1,3.09
1349128,192,Uganda,male,168,9,120,120,17,4,12,8.4
1349129,187,Tanzania,male,156,9,120,120,8,8,10,7.8
1349129,192,Uganda,male,169,8,120,120,16,6,7,8.45
1349131,169,Rwanda,male,128,7,90,90,8,6,7,8.53
1349131,187,Tanzania,male,131,8,90,90,14,2,13,8.73
1349132,187,Tanzania,male,105,9,90,90,7,5,13,7.0
1349132,192,Uganda,male,107,9,90,90,13,1,2,7.13
1349133,169,Rwanda,male,118,9,120,120,8,2,9,5.9
1349133,187,Tanzania,male,123,4,89,89,13,4,10,8.29
1349134,187,Tanzania,male,137,5,115,115,10,7,11,7.15
1349134,192,Uganda,male,132,10,106,106,7,9,10,7.47
1349136,169,Rwanda,male,103,10,114,114,9,2,7,5.42
1349136,187,Tanzania,male,134,9,120,120,6,8,11,6.7
1349137,169,Rwanda,male,67,10,105,105,6,0,7,3.83
1349137,192,Uganda,male,68,3,53,53,11,0,1,7.7
1349138,169,Rwanda,male,108,9,120,120,7,4,7,5.4
1349138,187,Tanzania,male,136,9,120,120,8,4,13,6.8
1349139,187,Tanzania,male,176,10,118,118,17,6,21,8.95
1349139,192,Uganda,male,183,5,120,120,20,5,9,9.15
1349140,169,Rwanda,male,105,10,118,118,8,1,18,5.34
1349140,192,Uganda,male,108,10,117,117,7,2,8,5.54
1349150,66,Qatar,female,105,8,120,120,11,0,14,5.25
1349150,81,Tanzania,female,201,2,120,120,22,2,14,10.05
1349151,66,Qatar,female,101,10,119,119,11,0,12,5.09
1349151,81,Tanzania,female,129,8,120,120,12,0,12,6.45
1349152,42,Kenya,female,80,10,110,110,7,0,7,4.36
1349152,84,Uganda,female,81,4,69,69,9,2,5,7.04
1349379,167,Qatar,male,134,5,88,88,11,8,6,9.14
1349379,176,Singapore,male,130,7,120,120,6,3,8,6.5
1349380,146,Malaysia,male,127,2,88,88,16,2,3,8.66
1349380,167,Qatar,male,126,9,120,120,5,6,14,6.3
1349382,95,Bahrain,male,164,9,120,120,11,6,14,8.2
1349382,167,Qatar,male,151,9,120,120,8,11,8,7.55
1349383,146,Malaysia,male,207,3,120,120,17,12,5,10.35
1349383,176,Singapore,male,87,10,113,113,5,1,18,4.62
1349384,167,Qatar,male,141,2,90,90,9,10,5,9.4
1349384,176,Singapore,male,140,6,120,120,6,7,5,7.0
1349385,95,Bahrain,male,179,5,120,120,6,11,9,8.95
1349385,146,Malaysia,male,182,3,107,107,14,10,3,10.21
1349386,95,Bahrain,male,172,4,108,108,10,10,14,9.56
1349386,176,Singapore,male,168,10,119,119,8,8,10,8.47
1349387,146,Malaysia,male,61,1,46,46,6,2,2,7.96
1349387,167,Qatar,male,0,0,0,0,0,0,0,0.0
1349388,146,Malaysia,male,223,4,120,120,9,19,12,11.15
1349388,176,Singapore,male,80,10,96,96,8,1,7,5.0
1349389,95,Bahrain,male,97,4,82,82,8,3,4,7.1
1349389,167,Qatar,male,0,0,0,0,0,0,0,0.0
1349390,167,Qatar,male,165,1,84,84,16,10,7,11.79
1349390,176,Singapore,male,164,6,108,108,12,8,9,9.11
1349391,95,Bahrain,male,156,4,118,118,9,7,7,7.93
1349391,146,Malaysia,male,153,9,120,120,8,4,14,7.65
1351400,96,Bangladesh,male,158,4,108,108,24,1,1,8.78
1351400,116,England,male,156,6,120,120,12,5,7,7.8
1351401,96,Bangladesh,male,120,6,113,113,9,2,9,6.37
1351401,116,England,male,117,10,120,120,10,2,13,5.85
1351402,96,Bangladesh,male,158,2,120,120,14,3,10,7.9
1351402,116,England,male,142,6,120,120,14,4,10,7.1
1354799,135,Isle of Man,male,0,0,0,0,0,0,0,0.0
1354799,180,Spain,male,151,3,100,100,9,7,16,9.06
1354800,135,Isle of Man,male,66,10,91,91,6,0,8,4.35
1354800,180,Spain,male,70,2,43,43,8,2,14,9.77
1354801,135,Isle of Man,male,116,8,120,120,12,2,12,5.8
1354801,180,Spain,male,120,4,91,91,5,7,6,7.91
1354802,135,Isle of Man,male,132,8,120,120,6,6,11,6.6
1354802,180,Spain,male,135,3,75,75,12,7,14,10.8
1354803,135,Isle of Man,male,10,10,52,52,0,0,0,1.15
1354803,180,Spain,male,13,0,2,2,0,2,1,39.0
1355720,96,Bangladesh,male,207,5,116,116,17,9,12,10.71
1355720,134,Ireland,male,81,5,48,48,13,0,9,10.12
1355721,96,Bangladesh,male,202,3,102,102,19,8,11,11.88
1355721,134,Ireland,male,125,9,102,102,5,9,4,7.35
1355722,96,Bangladesh,male,124,10,116,116,12,4,4,6.41
1355722,134,Ireland,male,126,3,84,84,14,5,8,9.0
1355838,12,Cambodia,female,32,10,114,114,1,0,23,1.68
1355838,74,Singapore,female,81,7,120,120,4,1,31,4.05
1355839,12,Cambodia,female,47,10,118,118,5,0,7,2.39
1355839,74,Singapore,female,48,2,58,58,3,1,12,4.97
1355840,12,Cambodia,female,26,10,68,68,1,0,13,2.29
1355840,74,Singapore,female,28,1,37,37,1,1,14,4.54
1355841,12,Cambodia,female,50,9,120,120,5,0,13,2.5
1355841,74,Singapore,female,51,2,72,72,5,0,15,4.25
1359786,91,Argentina,male,77,10,104,104,4,2,9,4.44
1359786,99,Bermuda,male,78,4,95,95,4,1,10,4.93
1359787,91,Argentina,male,119,5,120,120,14,0,15,5.95
1359787,99,Bermuda,male,226,4,120,120,18,14,9,11.3
1359788,94,Bahamas,male,94,8,120,120,5,1,14,4.7
1359788,107,Cayman Islands,male,125,10,119,119,10,5,3,6.3
1359789,99,Bermuda,male,196,1,120,120,14,10,19,9.8
1359789,162,Panama,male,136,6,120,120,9,6,11,6.8
1359792,94,Bahamas,male,105,6,111,111,11,4,10,5.68
1359792,162,Panama,male,101,9,120,120,10,0,4,5.05
1359793,91,Argentina,male,110,9,120,120,12,0,16,5.5
1359793,99,Bermuda,male,220,2,120,120,19,12,14,11.0
1359794,91,Argentina,male,86,10,103,103,3,0,7,5.01
1359794,162,Panama,male,139,8,120,120,10,4,10,6.95
1359795,99,Bermuda,male,173,3,120,120,11,7,17,8.65
1359795,107,Cayman Islands,male,77,9,120,120,4,1,6,3.85
1359798,91,Argentina,male,117,7,120,120,5,1,15,5.85
1359798,94,Bahamas,male,74,10,117,117,3,1,13,3.79
1359799,107,Cayman Islands,male,138,7,120,120,9,1,15,6.9
1359799,162,Panama,male,126,10,119,119,8,5,10,6.35
1359800,94,Bahamas,male,73,9,120,120,3,1,7,3.65
1359800,99,Bermuda,male,74,1,44,44,11,2,4,10.09
1359802,91,Argentina,male,125,7,120,120,12,1,6,6.25
1359802,107,Cayman Islands,male,126,7,119,119,10,3,14,6.35
1361770,142,Kuwait,male,158,9,120,120,14,7,11,7.9
1361770,146,Malaysia,male,163,7,114,114,17,6,17,8.58
1361771,95,Bahrain,male,138,10,115,115,11,4,10,7.2
1361771,128,Hong Kong,male,153,4,120,120,11,3,9,7.65
1361772,95,Bahrain,male,147,9,120,120,9,6,8,7.35
1361772,146,Malaysia,male,200,6,120,120,15,9,16,10.0
1361773,128,Hong Kong,male,161,7,120,120,17,4,10,8.05
1361773,142,Kuwait,male,150,9,120,120,8,8,21,7.5
1361774,95,Bahrain,male,159,6,114,114,10,9,13,8.37
1361774,142,Kuwait,male,156,8,120,120,12,10,3,7.8
1361775,128,Hong Kong,male,98,6,115,115,5,5,4,5.11
1361775,146,Malaysia,male,95,10,112,112,5,1,11,5.09
1361776,95,Bahrain,male,135,9,120,120,14,6,5,6.75
1361776,142,Kuwait,male,136,4,109,109,11,5,6,7.49
1362242,128,Hong Kong,male,182,8,120,120,12,10,10,9.1
1362242,146,Malaysia,male,143,10,107,107,13,5,13,8.02
1365310,30,Ghana,female,41,10,99,99,1,0,7,2.48
1365310,68,Rwanda,female,158,3,120,120,11,0,21,7.9
1365321,82,Thailand,female,119,9,120,120,13,0,11,5.95
1365321,90,Zimbabwe,female,143,4,120,120,14,2,15,7.15
1365322,82,Thailand,female,106,5,117,117,12,0,7,5.44
1365322,90,Zimbabwe,female,103,9,120,120,11,1,10,5.15
1365323,82,Thailand,female,112,2,100,100,15,0,13,6.72
1365323,90,Zimbabwe,female,111,6,120,120,12,2,6,5.55
1367722,125,Gibraltar,male,84,10,93,93,4,0,15,5.42
1367722,166,Portugal,male,208,6,120,120,20,11,9,10.4
1367723,125,Gibraltar,male,166,4,120,120,15,4,11,8.3
1367723,166,Portugal,male,167,5,109,109,15,5,8,9.19
1367724,125,Gibraltar,male,128,7,120,120,9,2,12,6.4
1367724,166,Portugal,male,129,5,96,96,13,2,16,8.06
1367725,125,Gibraltar,male,171,9,120,120,12,11,15,8.55
1367725,166,Portugal,male,174,3,110,110,13,6,20,9.49
1367726,149,Malta,male,76,10,81,81,5,1,15,5.63
1367726,166,Portugal,male,160,6,120,120,10,4,22,8.0
1367727,125,Gibraltar,male,176,5,120,120,12,8,13,8.8
1367727,149,Malta,male,133,8,120,120,9,3,20,6.65
1367728,125,Gibraltar,male,90,8,120,120,6,0,14,4.5
1367728,166,Portugal,male,93,1,59,59,4,6,14,9.46
1367729,149,Malta,male,145,10,115,115,11,4,19,7.57
1367729,166,Portugal,male,162,10,119,119,12,5,26,8.17
1367730,125,Gibraltar,male,143,8,120,120,13,0,11,7.15
1367730,149,Malta,male,63,10,90,90,2,2,5,4.2
1367731,125,Gibraltar,male,164,9,120,120,12,7,11,8.2
1367731,149,Malta,male,165,7,120,120,10,8,18,8.25
1367732,125,Gibraltar,male,124,5,120,120,11,3,14,6.2
1367732,166,Portugal,male,129,9,101,101,12,4,8,7.66
1367733,149,Malta,male,156,4,120,120,10,7,21,7.8
1367733,166,Portugal,male,157,3,90,90,14,10,10,10.47
1370782,115,Denmark,male,100,1,59,59,9,5,2,10.17
1370782,159,Norway,male,99,9,120,120,8,1,5,4.95
1370783,115,Denmark,male,175,5,120,120,12,4,9,8.75
1370783,120,Finland,male,103,8,120,120,4,2,6,5.15
1370785,115,Denmark,male,109,10,116,116,6,2,13,5.64
1370785,185,Sweden,male,110,0,88,88,8,4,2,7.5
1370787,115,Denmark,male,94,2,89,89,3,5,0,6.34
1370787,120,Finland,male,92,10,119,119,5,1,7,4.64
1370790,120,Finland,male,102,10,99,99,5,3,12,6.18
1370790,159,Norway,male,106,3,71,71,13,1,9,8.96
1370791,120,Finland,male,96,9,120,120,7,0,14,4.8
1370791,185,Sweden,male,96,10,106,106,10,2,2,5.43
1370902,84,Uganda,female,70,10,111,111,4,1,3,3.78
1370902,85,United Arab Emirates,female,120,6,120,120,12,0,6,6.0
1370903,34,Hong Kong,female,56,10,112,112,3,1,10,3.0
1370903,55,Namibia,female,116,6,120,120,9,3,8,5.8
1370904,34,Hong Kong,female,140,9,120,120,11,3,8,7.0
1370904,85,United Arab Emirates,female,139,5,120,120,13,2,7,6.95
1370905,34,Hong Kong,female,68,10,120,120,1,0,8,3.4
1370905,84,Uganda,female,72,7,84,84,6,0,19,5.14
1370906,55,Namibia,female,94,6,104,104,11,0,3,5.42
1370906,85,United Arab Emirates,female,93,8,120,120,10,0,10,4.65
1370908,55,Namibia,female,94,10,117,117,5,3,5,4.82
1370908,84,Uganda,female,86,10,113,113,7,1,9,4.57
1370910,55,Namibia,female,78,8,120,120,4,1,4,3.9
1370910,85,United Arab Emirates,female,50,6,84,84,2,0,14,3.57
1370911,34,Hong Kong,female,110,6,120,120,9,0,6,5.5
1370911,85,United Arab Emirates,female,182,4,120,120,21,2,15,9.1
1370912,55,Namibia,female,77,7,120,120,3,1,2,3.85
1370912,84,Uganda,female,79,6,112,112,10,0,6,4.23
1370914,55,Namibia,female,90,4,120,120,6,0,9,4.5
1370914,84,Uganda,female,93,5,120,120,6,3,5,4.65
1371604,5,Bangladesh,female,146,4,119,119,13,2,7,7.36
1371604,78,Sri Lanka,female,145,6,120,120,11,3,13,7.25
1371605,5,Bangladesh,female,100,10,111,111,9,1,11,5.41
1371605,78,Sri Lanka,female,101,3,111,111,10,1,3,5.46
1371606,5,Bangladesh,female,114,7,120,120,6,2,9,5.7
1371606,78,Sri Lanka,female,158,3,120,120,13,6,6,7.9
1373568,92,Australia,male,226,6,120,120,25,10,11,11.3
1373568,178,South Africa,male,115,10,93,93,10,4,2,7.42
1373569,92,Australia,male,168,2,89,89,19,10,3,11.33
1373569,178,South Africa,male,164,8,120,120,16,5,11,8.2
1373570,92,Australia,male,191,5,107,107,14,13,3,10.71
1373570,178,South Africa,male,190,8,120,120,9,13,5,9.5
1373579,116,England,male,171,10,117,117,14,6,16,8.77
1373579,197,West Indies,male,172,6,109,109,9,14,5,9.47
1373580,116,England,male,166,7,120,120,15,8,6,8.3
1373580,197,West Indies,male,176,7,120,120,14,13,5,8.8
1373581,116,England,male,226,3,119,119,10,18,4,11.39
1373581,197,West Indies,male,222,6,120,120,14,16,12,11.1
1373582,116,England,male,267,3,120,120,19,19,9,13.35
1373582,197,West Indies,male,192,10,93,93,15,14,16,12.39
1373583,116,England,male,132,10,117,117,9,5,3,6.77
1373583,197,West Indies,male,133,6,116,116,4,7,5,6.88
1375850,92,Australia,male,213,7,120,120,24,7,7,10.65
1375850,197,West Indies,male,202,8,120,120,20,9,8,10.1
1375851,92,Australia,male,241,4,120,120,23,13,19,12.05
1375851,197,West Indies,male,207,9,120,120,16,14,18,10.35
1375852,92,Australia,male,183,5,120,120,17,8,8,9.15
1375852,197,West Indies,male,220,6,120,120,19,14,6,11.0
1375863,2,Australia,female,149,2,80,80,18,7,9,11.17
1375863,88,West Indies,female,147,3,120,120,14,5,18,7.35
1375864,2,Australia,female,212,6,120,120,22,9,10,10.6
1375864,88,West Indies,female,213,3,119,119,31,5,13,10.74
1375865,2,Australia,female,190,9,120,120,25,5,4,9.5
1375865,88,West Indies,female,143,10,119,119,19,4,5,7.21
1375869,2,Australia,female,149,2,115,115,21,3,5,7.77
1375869,75,South Africa,female,147,6,120,120,13,5,16,7.35
1375870,2,Australia,female,142,6,120,120,15,1,8,7.1
1375870,75,South Africa,female,144,4,114,114,18,1,9,7.58
1375871,2,Australia,female,163,5,116,116,18,3,4,8.43
1375871,75,South Africa,female,162,7,120,120,21,2,4,8.1
1376121,47,Malaysia,female,51,5,80,80,4,0,9,3.82
1376121,56,Nepal,female,50,10,101,101,4,0,11,2.97
1376122,47,Malaysia,female,97,5,120,120,5,0,8,4.85
1376122,56,Nepal,female,103,3,105,105,9,2,6,5.89
1376123,47,Malaysia,female,83,4,120,120,8,0,2,4.15
1376123,56,Nepal,female,110,5,120,120,6,1,13,5.5
1376124,47,Malaysia,female,97,6,120,120,5,0,19,4.85
1376124,56,Nepal,female,96,7,120,120,5,0,8,4.8
1376125,47,Malaysia,female,109,5,120,120,8,0,12,5.45
1376125,56,Nepal,female,110,7,116,116,14,0,8,5.69
1377727,157,New Zealand,male,155,6,120,120,6,4,2,7.75
1377727,193,United Arab Emirates,male,136,10,118,118,14,3,8,6.92
1377728,157,New Zealand,male,142,8,120,120,7,5,6,7.1
1377728,193,United Arab Emirates,male,144,3,94,94,12,6,4,9.19
1377729,157,New Zealand,male,166,5,120,120,17,4,7,8.3
1377729,193,United Arab Emirates,male,134,7,120,120,12,3,18,6.7
1378006,39,Italy,female,42,10,70,70,4,0,5,3.6
1378006,41,Jersey,female,46,3,44,44,5,0,4,6.27
1378007,79,Sweden,female,52,0,42,42,4,0,9,7.43
1378007,83,Turkey,female,51,8,120,120,0,0,10,2.55
1378008,28,France,female,104,8,120,120,5,0,32,5.2
1378008,39,Italy,female,105,4,94,94,13,1,16,6.7
1378010,29,Germany,female,122,1,112,112,14,1,10,6.54
1378010,41,Jersey,female,121,6,120,120,16,1,5,6.05
1378011,28,France,female,149,5,120,120,16,3,11,7.45
1378011,79,Sweden,female,101,8,120,120,4,0,16,5.05
1378012,41,Jersey,female,54,1,36,36,8,0,10,9.0
1378012,83,Turkey,female,52,10,113,113,1,0,7,2.76
1378014,29,Germany,female,142,3,120,120,11,4,19,7.1
1378014,39,Italy,female,143,3,118,118,16,3,13,7.27
1378015,28,France,female,169,4,120,120,17,0,28,8.45
1378015,83,Turkey,female,41,10,70,70,2,0,10,3.51
1378016,29,Germany,female,140,3,110,110,16,0,14,7.64
1378016,79,Sweden,female,139,6,120,120,15,0,11,6.95
1378017,28,France,female,110,8,120,120,9,0,7,5.5
1378017,41,Jersey,female,104,10,117,117,4,1,30,5.33
1378018,39,Italy,female,163,5,120,120,22,0,24,8.15
1378018,83,Turkey,female,75,9,120,120,9,0,10,3.75
1378019,41,Jersey,female,129,7,120,120,8,0,17,6.45
1378019,79,Sweden,female,21,10,57,57,1,0,8,2.21
1378020,28,France,female,112,9,120,120,11,1,13,5.6
1378020,29,Germany,female,99,6,120,120,8,0,19,4.95
1378194,37,Ireland,female,112,7,120,120,10,1,2,5.6
1378194,88,West Indies,female,113,8,120,120,6,0,16,5.65
1378195,37,Ireland,female,113,7,120,120,9,0,12,5.65
1378195,88,West Indies,female,114,2,100,100,14,1,9,6.84
1378196,37,Ireland,female,116,9,120,120,7,2,11,5.8
1378196,88,West Indies,female,120,2,109,109,13,0,8,6.61
1378200,37,Ireland,female,96,0,79,79,13,2,4,7.29
1378200,57,Netherlands,female,92,9,120,120,6,0,9,4.6
1378201,37,Ireland,female,148,6,120,120,19,3,4,7.4
1378201,57,Netherlands,female,82,10,95,95,9,1,7,5.18
1378202,37,Ireland,female,119,4,115,115,9,0,4,6.21
1378202,57,Netherlands,female,116,6,120,120,7,2,10,5.8
1379575,101,Botswana,male,64,10,109,109,4,1,4,3.52
1379575,192,Uganda,male,65,3,44,44,5,4,2,8.86
1379576,141,Kenya,male,100,3,104,104,7,2,3,5.77
1379576,169,Rwanda,male,99,10,120,120,5,2,5,4.95
1379577,141,Kenya,male,185,3,120,120,14,13,5,9.25
1379577,192,Uganda,male,97,10,85,85,12,2,3,6.85
1379578,169,Rwanda,male,81,10,109,109,7,2,3,4.46
1379578,192,Uganda,male,82,2,55,55,8,1,10,8.95
1379579,101,Botswana,male,98,8,120,120,6,1,6,4.9
1379579,169,Rwanda,male,99,3,112,112,7,1,2,5.3
1379580,101,Botswana,male,92,8,120,120,4,3,3,4.6
1379580,141,Kenya,male,98,2,61,61,9,4,6,9.64
1379581,141,Kenya,male,117,8,120,120,3,5,3,5.85
1379581,192,Uganda,male,120,5,112,112,9,4,7,6.43
1379582,141,Kenya,male,98,3,85,85,7,2,13,6.92
1379582,169,Rwanda,male,92,10,110,110,5,3,6,5.02
1379583,101,Botswana,male,89,9,120,120,1,1,5,4.45
1379583,192,Uganda,male,153,7,120,120,8,8,7,7.65
1379584,169,Rwanda,male,85,10,120,120,3,2,3,4.25
1379584,192,Uganda,male,87,3,57,57,9,5,2,9.16
1379585,101,Botswana,male,131,5,120,120,12,2,2,6.55
1379585,141,Kenya,male,133,4,105,105,9,3,10,7.6
1379586,101,Botswana,male,131,10,112,112,8,3,6,7.02
1379586,169,Rwanda,male,158,9,120,120,12,2,6,7.9
1379587,169,Rwanda,male,59,10,94,94,2,2,4,3.77
1379587,192,Uganda,male,153,5,120,120,13,4,11,7.65
1379589,141,Kenya,male,128,7,120,120,10,5,9,6.4
1379589,192,Uganda,male,175,7,120,120,12,9,4,8.75
1379590,101,Botswana,male,145,8,120,120,11,5,9,7.25
1379590,141,Kenya,male,115,10,113,113,7,4,6,6.11
1379592,141,Kenya,male,124,7,120,120,7,3,7,6.2
1379592,192,Uganda,male,125,10,120,120,6,7,5,6.25
1379695,47,Malaysia,female,34,6,30,30,2,0,7,6.8
1379695,85,United Arab Emirates,female,35,5,29,29,3,0,6,7.24
1379760,58,New Zealand,female,107,5,113,113,9,0,3,5.68
1379760,78,Sri Lanka,female,106,9,120,120,13,0,3,5.3
1379761,58,New Zealand,female,119,2,112,112,12,0,5,6.38
1379761,78,Sri Lanka,female,118,6,120,120,9,1,13,5.9
1379762,58,New Zealand,female,140,9,120,120,11,3,11,7.0
1379762,78,Sri Lanka,female,143,0,87,87,20,2,14,9.86
1380583,97,Belgium,male,164,10,118,118,13,11,3,8.34
1380583,123,Germany,male,167,6,117,117,11,8,7,8.56
1380584,97,Belgium,male,148,9,120,120,8,11,9,7.4
1380584,123,Germany,male,150,2,78,78,16,6,8,11.54
1380586,114,Czech Republic,male,169,4,120,120,18,3,12,8.45
1380586,129,Hungary,male,169,10,117,117,15,8,13,8.67
1380587,114,Czech Republic,male,139,7,109,109,10,4,19,7.65
1380587,129,Hungary,male,138,10,119,119,14,2,19,6.96
1381217,131,India,male,145,9,120,120,11,6,15,7.25
1381217,197,West Indies,male,149,6,120,120,10,6,8,7.45
1381218,131,India,male,152,7,120,120,10,7,7,7.6
1381218,197,West Indies,male,155,8,113,113,12,8,2,8.23
1381219,131,India,male,164,3,107,107,16,6,5,9.2
1381219,197,West Indies,male,159,5,120,120,13,7,9,7.95
1381220,131,India,male,179,1,102,102,15,8,11,10.53
1381220,197,West Indies,male,178,8,120,120,9,11,3,8.9
1381221,131,India,male,165,9,120,120,12,8,11,8.25
1381221,197,West Indies,male,171,2,108,108,8,12,7,9.5
1381451,93,Austria,male,114,10,119,119,5,4,18,5.75
1381451,123,Germany,male,115,4,103,103,8,1,7,6.7
1381452,93,Austria,male,121,8,120,120,8,2,6,6.05
1381452,123,Germany,male,123,2,91,91,14,0,8,8.11
1381453,173,Serbia,male,181,8,120,120,7,6,37,9.05
1381453,190,Turkey,male,111,10,110,110,7,6,10,6.05
1381454,103,Bulgaria,male,76,1,39,39,8,4,7,11.69
1381454,112,Croatia,male,75,10,76,76,7,2,15,5.92
1381455,103,Bulgaria,male,166,8,120,120,17,6,19,8.3
1381455,173,Serbia,male,168,5,115,115,19,4,22,8.77
1381456,112,Croatia,male,83,8,120,120,5,2,24,4.15
1381456,190,Turkey,male,88,2,36,36,9,4,16,14.67
1381457,112,Croatia,male,76,10,118,118,8,1,16,3.86
1381457,173,Serbia,male,77,1,51,51,10,0,15,9.06
1381458,103,Bulgaria,male,149,2,95,95,12,6,22,9.41
1381458,190,Turkey,male,147,10,118,118,13,7,28,7.47
1382160,62,Pakistan,female,151,5,120,120,14,0,19,7.55
1382160,75,South Africa,female,150,3,120,120,18,1,3,7.5
1382161,62,Pakistan,female,156,3,115,115,11,4,7,8.14
1382161,75,South Africa,female,150,3,120,120,15,1,10,7.5
1382162,62,Pakistan,female,150,5,120,120,16,1,7,7.5
1382162,75,South Africa,female,144,5,120,120,12,0,9,7.2
1382163,5,Bangladesh,female,114,5,120,120,8,3,11,5.7
1382163,35,India,female,118,3,98,98,14,2,6,7.22
1382164,5,Bangladesh,female,87,10,120,120,5,0,18,4.35
1382164,35,India,female,95,8,120,120,12,0,2,4.75
1382165,5,Bangladesh,female,103,6,110,110,7,0,5,5.62
1382165,35,India,female,102,9,120,120,9,1,0,5.1
1383068,93,Austria,male,104,9,120,120,12,1,5,5.2
1383068,140,Jersey,male,106,2,56,56,13,5,3,11.36
1383069,134,Ireland,male,158,8,120,120,15,5,5,7.9
1383069,137,Italy,male,151,9,120,120,15,0,15,7.55
1383070,123,Germany,male,65,7,66,66,8,0,6,5.91
1383070,172,Scotland,male,234,5,120,120,23,12,16,11.7
1383071,115,Denmark,male,122,9,120,120,11,2,8,6.1
1383071,134,Ireland,male,123,1,87,87,15,3,3,8.48
1383072,93,Austria,male,83,10,112,112,6,1,9,4.45
1383072,123,Germany,male,86,1,61,61,11,1,5,8.46
1383073,140,Jersey,male,135,9,120,120,12,4,2,6.75
1383073,172,Scotland,male,149,6,120,120,19,1,2,7.45
1383074,93,Austria,male,98,10,112,112,9,2,8,5.25
1383074,134,Ireland,male,226,4,120,120,18,9,14,11.3
1383075,137,Italy,male,183,8,120,120,16,8,1,9.15
1383075,140,Jersey,male,158,10,120,120,14,5,12,7.9
1383076,115,Denmark,male,124,9,120,120,8,2,7,6.2
1383076,123,Germany,male,126,4,101,101,14,4,2,7.49
1383077,137,Italy,male,90,10,76,76,10,3,5,7.11
1383077,172,Scotland,male,245,2,120,120,26,14,6,12.25
1383078,93,Austria,male,97,9,120,120,8,1,3,4.85
1383078,115,Denmark,male,98,2,76,76,14,1,5,7.74
1383079,134,Ireland,male,80,1,62,62,8,3,6,7.74
1383079,140,Jersey,male,78,9,120,120,5,1,7,3.9
1383080,115,Denmark,male,124,10,117,117,8,3,11,6.36
1383080,137,Italy,male,150,8,120,120,13,2,9,7.5
1383081,93,Austria,male,66,10,99,99,4,1,12,4.0
1383081,172,Scotland,male,232,2,120,120,23,9,9,11.6
1383082,123,Germany,male,139,8,120,120,13,1,15,6.95
1383082,140,Jersey,male,190,5,120,120,19,5,13,9.5
1383083,115,Denmark,male,126,7,108,108,6,6,14,7.0
1383083,172,Scotland,male,159,7,108,108,12,7,8,8.83
1383086,123,Germany,male,141,10,120,120,18,1,17,7.05
1383086,137,Italy,male,147,6,113,113,11,4,7,7.81
1383087,115,Denmark,male,131,7,120,120,10,1,6,6.55
1383087,140,Jersey,male,159,10,120,120,8,6,9,7.95
1383088,134,Ireland,male,205,9,120,120,13,14,8,10.25
1383088,172,Scotland,male,213,6,120,120,17,11,10,10.65
1383089,139,Japan,male,166,7,120,120,8,7,9,8.3
1383089,165,Philippines,male,113,5,120,120,7,3,3,5.65
1383090,163,Papua New Guinea,male,75,1,39,39,13,1,5,11.54
1383090,196,Vanuatu,male,71,8,120,120,4,0,6,3.55
1383091,139,Japan,male,131,10,118,118,6,5,13,6.66
1383091,196,Vanuatu,male,110,8,120,120,4,2,11,5.5
1383093,165,Philippines,male,98,4,106,106,5,3,1,5.55
1383093,196,Vanuatu,male,97,10,117,117,6,0,8,4.97
1383094,139,Japan,male,87,8,120,120,5,0,14,4.35
1383094,163,Papua New Guinea,male,92,4,91,91,5,2,3,6.07
1383095,163,Papua New Guinea,male,148,7,120,120,6,6,11,7.4
1383095,196,Vanuatu,male,109,9,116,116,6,3,9,5.64
1383096,139,Japan,male,127,9,120,120,9,2,10,6.35
1383096,165,Philippines,male,94,5,120,120,10,0,2,4.7
1383097,139,Japan,male,136,10,119,119,10,2,5,6.86
1383097,196,Vanuatu,male,137,5,117,117,5,5,5,7.03
1383098,163,Papua New Guinea,male,229,6,120,120,16,13,10,11.45
1383098,165,Philippines,male,129,7,120,120,7,3,18,6.45
1383099,165,Philippines,male,94,10,110,110,7,1,6,5.13
1383099,196,Vanuatu,male,98,7,97,97,8,1,12,6.06
1383100,139,Japan,male,106,8,120,120,5,2,12,5.3
1383100,163,Papua New Guinea,male,109,4,69,69,9,5,4,9.48
1383101,109,China,male,23,10,68,68,0,0,5,2.03
1383101,146,Malaysia,male,24,2,29,29,2,1,1,4.97
1383102,100,Bhutan,male,105,10,120,120,2,0,15,5.25
1383102,153,Myanmar,male,74,9,120,120,4,1,11,3.7
1383103,109,China,male,26,10,65,65,1,0,9,2.4
1383103,188,Thailand,male,27,1,25,25,3,0,3,6.48
1383104,100,Bhutan,male,105,8,120,120,5,2,10,5.25
1383104,146,Malaysia,male,180,7,120,120,13,7,15,9.0
1383105,153,Myanmar,male,39,10,96,96,0,1,10,2.44
1383105,188,Thailand,male,140,6,120,120,11,1,12,7.0
1383106,100,Bhutan,male,161,4,120,120,17,2,14,8.05
1383106,109,China,male,48,10,70,70,4,0,7,4.11
1383107,146,Malaysia,male,219,6,120,120,20,10,10,10.95
1383107,153,Myanmar,male,35,10,95,95,4,0,6,2.21
1383108,100,Bhutan,male,83,10,110,110,4,0,15,4.53
1383108,188,Thailand,male,84,2,61,61,9,1,11,8.26
1383109,109,China,male,78,5,104,104,4,1,10,4.5
1383109,153,Myanmar,male,77,8,120,120,1,1,10,3.85
1383110,146,Malaysia,male,96,3,70,70,11,2,11,8.23
1383110,188,Thailand,male,93,10,110,110,4,0,2,5.07
1384545,71,Scotland,female,65,10,115,115,5,0,4,3.39
1384545,82,Thailand,female,66,2,62,62,9,0,10,6.39
1384546,57,Netherlands,female,95,4,109,109,9,0,3,5.23
1384546,82,Thailand,female,92,10,119,119,5,0,8,4.64
1384547,57,Netherlands,female,104,8,120,120,9,0,12,5.2
1384547,71,Scotland,female,110,8,120,120,7,0,13,5.5
1384548,71,Scotland,female,106,4,106,106,7,0,6,6.0
1384548,82,Thailand,female,102,6,120,120,4,0,7,5.1
1384549,57,Netherlands,female,75,10,107,107,4,0,5,4.21
1384549,82,Thailand,female,76,2,81,81,6,0,12,5.63
1384550,57,Netherlands,female,80,3,102,102,5,1,10,4.71
1384550,71,Scotland,female,79,10,113,113,2,0,6,4.19
1384582,121,France,male,115,10,118,118,11,2,5,5.85
1384582,149,Malta,male,106,10,103,103,12,3,9,6.17
1384583,121,France,male,121,10,119,119,11,2,8,6.1
1384583,149,Malta,male,125,9,120,120,9,7,13,6.25
1384584,144,Luxembourg,male,137,9,120,120,13,2,8,6.85
1384584,149,Malta,male,179,8,120,120,11,8,8,8.95
1384585,121,France,male,177,5,120,120,13,7,7,8.85
1384585,144,Luxembourg,male,126,10,120,120,6,5,23,6.3
1384586,144,Luxembourg,male,164,6,120,120,11,4,17,8.2
1384586,149,Malta,male,163,5,120,120,6,11,11,8.15
1384587,121,France,male,113,1,68,68,13,5,3,9.97
1384587,144,Luxembourg,male,110,10,112,112,9,2,10,5.89
1384588,121,France,male,153,7,120,120,13,4,5,7.65
1384588,149,Malta,male,123,10,110,110,9,5,10,6.71
1384589,144,Luxembourg,male,174,6,120,120,13,7,12,8.7
1384589,149,Malta,male,175,4,110,110,13,9,14,9.55
1384590,168,Romania,male,134,5,120,120,7,6,9,6.7
1384590,186,Switzerland,male,139,4,106,106,12,5,1,7.87
1384591,121,France,male,191,3,120,120,17,7,20,9.55
1384591,168,Romania,male,103,10,109,109,5,5,9,5.67
1384592,144,Luxembourg,male,118,8,120,120,9,1,14,5.9
1384592,186,Switzerland,male,119,2,94,94,10,3,13,7.6
1384593,149,Malta,male,187,7,120,120,17,9,5,9.35
1384593,168,Romania,male,146,9,121,121,10,3,10,7.24
1384594,121,France,male,148,4,120,120,12,5,10,7.4
1384594,186,Switzerland,male,151,4,120,120,12,5,7,7.55
1384595,144,Luxembourg,male,163,3,105,105,17,3,10,9.31
1384595,168,Romania,male,162,7,120,120,15,3,9,8.1
1384596,149,Malta,male,156,9,120,120,7,10,14,7.8
1384596,186,Switzerland,male,157,4,98,98,14,9,11,9.61
1384597,121,France,male,187,5,120,120,16,7,6,9.35
1384597,144,Luxembourg,male,191,6,113,113,14,11,9,10.14
1384598,121,France,male,78,10,99,99,3,2,10,4.73
1384598,149,Malta,male,82,3,61,61,6,4,10,8.07
1384599,144,Luxembourg,male,149,9,120,120,12,5,13,7.45
1384599,168,Romania,male,151,3,99,99,11,8,4,9.15
1384600,149,Malta,male,164,6,120,120,18,5,12,8.2
1384600,186,Switzerland,male,166,4,109,109,20,4,5,9.14
1384634,131,India,male,47,2,41,41,4,2,3,6.88
1384634,134,Ireland,male,139,7,120,120,12,5,7,6.95
1384637,131,India,male,185,5,120,120,15,8,8,9.25
1384637,134,Ireland,male,152,8,120,120,6,9,16,7.6
1385688,116,England,male,183,7,120,120,16,8,6,9.15
1385688,161,Pakistan,male,160,10,116,116,15,6,5,8.28
1385690,116,England,male,158,3,93,93,16,8,9,10.19
1385690,161,Pakistan,male,157,10,119,119,15,5,6,7.92
1385697,92,Australia,male,179,10,117,117,15,8,6,9.18
1385697,116,England,male,151,10,116,116,16,2,12,7.81
1385698,92,Australia,male,193,6,120,120,18,8,6,9.65
1385698,116,England,male,194,7,114,114,13,11,6,10.21
1387243,123,Germany,male,100,1,66,66,11,3,8,9.09
1387243,127,Guernsey,male,98,10,120,120,5,0,9,4.9
1387244,123,Germany,male,164,5,120,120,15,4,8,8.2
1387244,127,Guernsey,male,165,5,120,120,11,7,4,8.25
1387245,123,Germany,male,162,9,120,120,11,5,12,8.1
1387245,127,Guernsey,male,172,4,120,120,8,7,19,8.6
1387598,131,India,male,180,7,117,117,19,7,7,9.23
1387598,178,South Africa,male,154,5,83,83,16,6,11,11.13
1387599,131,India,male,201,7,120,120,17,12,9,10.05
1387599,178,South Africa,male,95,10,83,83,8,5,3,6.87
1387944,32,Greece,female,89,8,120,120,4,0,25,4.45
1387944,38,Isle of Man,female,93,0,60,60,9,0,15,9.3
1387945,32,Greece,female,91,1,66,66,9,0,22,8.27
1387945,50,Malta,female,90,8,120,120,10,0,23,4.5
1387946,38,Isle of Man,female,42,0,10,10,6,0,15,25.2
1387946,67,Romania,female,41,10,65,65,4,0,12,3.78
1387947,32,Greece,female,151,4,120,120,8,0,49,7.55
1387947,67,Romania,female,69,10,83,83,8,0,15,4.99
1387948,38,Isle of Man,female,97,3,52,52,15,1,9,11.19
1387948,50,Malta,female,95,5,120,120,3,0,45,4.75
1387949,50,Malta,female,162,1,120,120,12,0,49,8.1
1387949,67,Romania,female,197,4,120,120,25,0,50,9.85
1387951,32,Greece,female,65,9,119,119,2,0,18,3.28
1387951,38,Isle of Man,female,68,1,36,36,13,0,4,11.33
1388196,58,New Zealand,female,127,6,120,120,12,0,6,6.35
1388196,62,Pakistan,female,132,3,110,110,15,2,7,7.2
1388197,58,New Zealand,female,127,7,120,120,11,2,7,6.35
1388197,62,Pakistan,female,137,6,120,120,14,1,18,6.85
1388198,58,New Zealand,female,101,2,90,90,8,0,8,6.73
1388198,62,Pakistan,female,137,5,120,120,11,1,12,6.85
1388202,23,England,female,160,4,120,120,20,1,4,8.0
1388202,58,New Zealand,female,133,5,120,120,13,0,4,6.65
1388203,23,England,female,149,7,120,120,14,2,6,7.45
1388203,58,New Zealand,female,134,8,120,120,13,0,9,6.7
1388204,23,England,female,152,8,120,120,16,1,13,7.6
1388204,58,New Zealand,female,155,3,120,120,14,2,2,7.75
1388205,23,England,female,177,3,120,120,23,2,2,8.85
1388205,58,New Zealand,female,130,7,120,120,11,0,9,6.5
1388206,23,England,female,138,5,113,113,15,0,8,7.33
1388206,58,New Zealand,female,136,6,120,120,12,1,7,6.8
1388213,96,Bangladesh,male,137,5,112,112,9,5,5,7.34
1388213,157,New Zealand,male,134,9,120,120,11,6,2,6.7
1388214,96,Bangladesh,male,0,0,0,0,0,0,0,0.0
1388214,157,New Zealand,male,72,2,66,66,7,1,0,6.55
1388215,96,Bangladesh,male,110,10,116,116,12,0,11,5.69
1388215,157,New Zealand,male,95,5,88,88,6,4,7,6.48
1388216,157,New Zealand,male,226,8,120,120,21,11,13,11.3
1388216,161,Pakistan,male,180,10,108,108,14,11,6,10.0
1388217,157,New Zealand,male,194,8,120,120,19,9,9,9.7
1388217,161,Pakistan,male,173,10,117,117,11,12,3,8.87
1388218,157,New Zealand,male,224,7,120,120,12,18,13,11.2
1388218,161,Pakistan,male,179,7,120,120,15,8,12,8.95
1388219,157,New Zealand,male,159,3,109,109,14,5,5,8.75
1388219,161,Pakistan,male,158,5,120,120,8,6,7,7.9
1388220,157,New Zealand,male,92,10,104,104,6,2,1,5.31
1388220,161,Pakistan,male,134,8,120,120,7,7,8,6.7
1388223,92,Australia,male,216,4,120,120,11,17,12,10.8
1388223,157,New Zealand,male,215,3,120,120,10,13,15,10.75
1388224,92,Australia,male,174,10,119,119,13,9,23,8.77
1388224,157,New Zealand,male,102,9,102,102,6,4,8,6.0
1388225,92,Australia,male,118,4,64,64,10,7,12,11.06
1388225,157,New Zealand,male,98,3,60,60,9,4,12,9.8
1389391,92,Australia,male,208,3,120,120,24,9,7,10.4
1389391,131,India,male,209,8,119,119,19,11,14,10.54
1389392,92,Australia,male,191,9,120,120,12,12,10,9.55
1389392,131,India,male,235,4,120,120,19,13,15,11.75
1389393,92,Australia,male,225,5,120,120,26,9,15,11.25
1389393,131,India,male,222,3,120,120,23,9,23,11.1
1389394,92,Australia,male,154,7,120,120,13,5,8,7.7
1389394,131,India,male,174,9,120,120,14,7,10,8.7
1389395,92,Australia,male,154,8,120,120,13,7,1,7.7
1389395,131,India,male,160,8,120,120,14,6,6,8.0
1390167,112,Croatia,male,64,10,88,88,5,2,6,4.36
1390167,129,Hungary,male,209,8,120,120,12,14,8,10.45
1390169,112,Croatia,male,63,10,99,99,6,2,4,3.82
1390169,129,Hungary,male,68,3,44,44,4,4,8,9.27
1391332,149,Malta,male,163,2,111,111,20,3,22,8.81
1391332,168,Romania,male,162,10,120,120,13,7,10,8.1
1391333,149,Malta,male,151,6,110,110,13,2,15,8.24
1391333,168,Romania,male,147,9,120,120,10,5,10,7.35
1391335,149,Malta,male,115,10,96,96,8,4,11,7.19
1391335,168,Romania,male,116,7,103,103,11,3,4,6.76
1391336,149,Malta,male,156,7,120,120,18,4,10,7.8
1391336,168,Romania,male,159,1,111,111,17,6,8,8.59
1391337,149,Malta,male,184,9,120,120,15,8,11,9.2
1391337,168,Romania,male,190,8,120,120,20,8,14,9.5
1391338,117,Estonia,male,149,6,120,120,8,6,10,7.45
1391338,125,Gibraltar,male,151,8,119,119,17,2,9,7.61
1391339,117,Estonia,male,160,2,98,98,9,8,12,9.8
1391339,125,Gibraltar,male,159,10,115,115,14,8,11,8.3
1391650,54,Myanmar,female,78,6,109,109,3,0,23,4.29
1391650,74,Singapore,female,77,10,120,120,2,0,25,3.85
1391651,54,Myanmar,female,64,8,117,117,1,0,15,3.28
1391651,74,Singapore,female,63,10,119,119,1,0,15,3.18
1391652,54,Myanmar,female,52,1,66,66,7,0,5,4.73
1391652,74,Singapore,female,51,9,120,120,2,0,13,2.55
1391655,22,Denmark,female,35,10,66,66,0,0,13,3.18
1391655,79,Sweden,female,39,1,28,28,4,0,10,8.36
1391658,22,Denmark,female,76,8,120,120,0,0,14,3.8
1391658,79,Sweden,female,78,0,60,60,5,0,21,7.8
1391707,41,Jersey,female,75,10,120,120,2,0,2,3.75
1391707,57,Netherlands,female,144,5,120,120,10,0,9,7.2
1391708,41,Jersey,female,92,7,120,120,1,0,21,4.6
1391708,57,Netherlands,female,142,4,120,120,6,0,14,7.1
1391709,41,Jersey,female,0,0,0,0,0,0,0,0.0
1391709,57,Netherlands,female,167,6,120,120,18,0,6,8.35
1392352,58,New Zealand,female,111,9,120,120,8,2,5,5.55
1392352,75,South Africa,female,0,0,0,0,0,0,0,0.0
1392354,58,New Zealand,female,174,2,113,113,20,3,9,9.24
1392354,75,South Africa,female,172,4,120,120,22,1,9,8.6
1392355,58,New Zealand,female,144,8,120,120,17,0,9,7.2
1392355,75,South Africa,female,155,5,120,120,17,1,9,7.75
1392802,142,Kuwait,male,143,5,111,111,9,5,8,7.73
1392802,171,Saudi Arabia,male,142,9,120,120,12,4,6,7.1
1392803,95,Bahrain,male,104,7,102,102,6,2,10,6.12
1392803,167,Qatar,male,138,8,120,120,9,5,8,6.9
1392805,95,Bahrain,male,123,9,120,120,2,8,11,6.15
1392805,142,Kuwait,male,127,2,83,83,9,6,8,9.18
1392808,142,Kuwait,male,155,10,120,120,9,9,4,7.75
1392808,167,Qatar,male,156,3,120,120,16,3,5,7.8
1392809,95,Bahrain,male,114,4,113,113,9,4,7,6.05
1392809,171,Saudi Arabia,male,110,10,112,112,9,2,4,5.89
1392811,95,Bahrain,male,123,7,120,120,8,3,12,6.15
1392811,160,Oman,male,122,9,120,120,6,3,5,6.1
1392812,167,Qatar,male,106,10,109,109,8,2,8,5.83
1392812,193,United Arab Emirates,male,166,7,120,120,18,2,11,8.3
1393309,169,Rwanda,male,106,9,94,94,6,5,6,6.77
1393309,192,Uganda,male,146,6,120,120,9,4,13,7.3
1393310,187,Tanzania,male,143,8,120,120,16,1,10,7.15
1393310,192,Uganda,male,146,4,110,110,15,5,13,7.96
1393311,187,Tanzania,male,180,7,120,120,11,10,9,9.0
1393311,192,Uganda,male,176,6,120,120,19,5,6,8.8
1393312,169,Rwanda,male,125,10,93,93,11,6,5,8.06
1393312,192,Uganda,male,186,10,120,120,16,8,7,9.3
1393313,169,Rwanda,male,106,10,85,85,12,4,14,7.48
1393313,192,Uganda,male,192,6,120,120,21,6,6,9.6
1393314,187,Tanzania,male,111,10,101,101,14,1,2,6.59
1393314,192,Uganda,male,171,5,120,120,21,4,4,8.55
1393315,169,Rwanda,male,133,9,120,120,10,3,6,6.65
1393315,187,Tanzania,male,134,9,118,118,9,6,12,6.81
1393316,169,Rwanda,male,126,7,120,120,7,4,15,6.3
1393316,192,Uganda,male,127,4,101,101,14,3,10,7.54
1393317,187,Tanzania,male,121,10,110,110,6,7,5,6.6
1393317,192,Uganda,male,180,6,120,120,21,5,8,9.0
1393318,169,Rwanda,male,110,6,120,120,8,3,11,5.5
1393318,192,Uganda,male,114,2,53,53,17,3,2,12.91
1393319,187,Tanzania,male,122,10,115,115,11,4,10,6.37
1393319,192,Uganda,male,141,10,114,114,12,4,16,7.42
1393320,169,Rwanda,male,131,10,112,112,10,6,8,7.02
1393320,192,Uganda,male,133,2,80,80,15,5,8,9.97
1393328,169,Rwanda,male,154,6,120,120,6,9,11,7.7
1393328,187,Tanzania,male,155,3,96,96,15,8,7,9.69
1393329,187,Tanzania,male,142,6,120,120,18,2,15,7.1
1393329,192,Uganda,male,161,9,120,120,17,3,15,8.05
1393330,169,Rwanda,male,143,8,120,120,11,1,19,7.15
1393330,187,Tanzania,male,152,7,120,120,16,5,12,7.6
1393331,169,Rwanda,male,98,10,82,82,10,4,8,7.17
1393331,187,Tanzania,male,159,7,120,120,16,6,10,7.95
1393332,169,Rwanda,male,130,10,94,94,10,5,10,8.3
1393332,187,Tanzania,male,179,6,120,120,17,8,16,8.95
1393590,43,Kuwait,female,22,7,30,30,1,0,3,4.4
1393590,47,Malaysia,female,23,2,23,23,2,0,3,6.0
1393591,34,Hong Kong,female,84,10,115,115,3,1,4,4.38
1393591,56,Nepal,female,87,4,95,95,6,0,13,5.49
1393592,34,Hong Kong,female,42,0,54,54,4,0,3,4.67
1393592,47,Malaysia,female,68,10,119,119,3,0,9,3.43
1393593,43,Kuwait,female,55,8,120,120,1,0,7,2.75
1393593,56,Nepal,female,89,8,120,120,3,0,11,4.45
1393594,34,Hong Kong,female,75,10,110,110,8,0,9,4.09
1393594,43,Kuwait,female,59,10,99,99,3,0,12,3.58
1393595,47,Malaysia,female,85,4,98,98,4,0,8,5.2
1393595,56,Nepal,female,83,7,108,108,3,1,4,4.61
1393597,34,Hong Kong,female,101,6,120,120,5,0,11,5.05
1393597,56,Nepal,female,37,1,33,33,3,0,5,6.73
1393876,40,Japan,female,65,10,115,115,3,0,16,3.39
1393876,87,Vanuatu,female,70,2,69,69,7,1,2,6.09
1393877,40,Japan,female,46,8,60,60,2,0,8,4.6
1393877,87,Vanuatu,female,61,5,60,60,2,1,7,6.1
1394751,47,Malaysia,female,79,9,120,120,3,0,7,3.95
1394751,56,Nepal,female,84,6,120,120,4,0,7,4.2
1394752,4,Bahrain,female,119,5,110,110,14,0,14,6.49
1394752,66,Qatar,female,116,7,120,120,7,0,16,5.8
1394753,8,Bhutan,female,32,10,94,94,1,0,6,2.04
1394753,85,United Arab Emirates,female,33,1,22,22,4,0,12,9.0
1394754,16,China,female,53,10,96,96,2,0,10,3.31
1394754,43,Kuwait,female,83,10,120,120,3,0,15,4.15
1394755,34,Hong Kong,female,70,0,70,70,6,2,9,6.0
1394755,54,Myanmar,female,69,6,120,120,4,0,13,3.45
1394757,16,China,female,73,7,120,120,2,0,7,3.65
1394757,34,Hong Kong,female,74,5,101,101,5,0,1,4.4
1394758,8,Bhutan,female,65,2,106,106,1,0,12,3.68
1394758,66,Qatar,female,64,9,120,120,0,0,7,3.2
1394759,47,Malaysia,female,64,6,96,96,3,0,1,4.0
1394759,85,United Arab Emirates,female,67,3,77,77,5,0,7,5.22
1394760,4,Bahrain,female,31,10,94,94,2,0,5,1.98
1394760,56,Nepal,female,32,0,17,17,3,0,13,11.29
1394761,4,Bahrain,female,62,10,100,100,5,0,15,3.72
1394761,47,Malaysia,female,108,4,120,120,3,0,7,5.4
1394762,8,Bhutan,female,39,8,120,120,1,0,7,1.95
1394762,56,Nepal,female,41,7,80,80,3,0,9,3.07
1394763,66,Qatar,female,63,8,120,120,3,0,16,3.15
1394763,85,United Arab Emirates,female,114,5,120,120,9,0,12,5.7
1394764,34,Hong Kong,female,27,2,33,33,1,0,1,4.91
1394764,43,Kuwait,female,26,10,74,74,0,0,1,2.11
1394765,16,China,female,35,10,75,75,5,0,2,2.8
1394765,82,Thailand,female,36,1,48,48,3,0,2,4.5
1394766,4,Bahrain,female,48,4,103,103,1,0,5,2.8
1394766,85,United Arab Emirates,female,142,3,120,120,8,1,14,7.1
1394767,56,Nepal,female,75,1,63,63,7,0,6,7.14
1394767,66,Qatar,female,74,7,120,120,5,0,5,3.7
1394768,8,Bhutan,female,59,8,120,120,3,0,16,2.95
1394768,47,Malaysia,female,63,2,94,94,6,0,6,4.02
1394769,16,China,female,52,1,41,41,4,0,12,7.61
1394769,54,Myanmar,female,49,6,66,66,0,0,13,4.45
1394770,43,Kuwait,female,22,4,59,59,2,0,0,2.24
1394770,82,Thailand,female,0,0,0,0,0,0,0,0.0
1394774,43,Kuwait,female,85,5,120,120,0,0,20,4.25
1394774,54,Myanmar,female,78,8,120,120,2,0,9,3.9
1394775,34,Hong Kong,female,78,9,120,120,4,0,8,3.9
1394775,82,Thailand,female,121,4,120,120,16,0,0,6.05
1394776,34,Hong Kong,female,84,10,101,101,6,0,6,4.99
1394776,85,United Arab Emirates,female,141,4,120,120,17,0,4,7.05
1394777,56,Nepal,female,59,10,117,117,5,0,7,3.03
1394777,82,Thailand,female,105,2,120,120,7,0,2,5.25
1394778,82,Thailand,female,64,9,107,107,5,0,1,3.59
1394778,85,United Arab Emirates,female,70,9,120,120,5,0,8,3.5
1394792,17,Cook Islands,female,95,8,120,120,12,0,8,4.75
1394792,40,Japan,female,125,6,120,120,11,0,17,6.25
1394794,63,Papua New Guinea,female,89,7,120,120,8,0,9,4.45
1394794,87,Vanuatu,female,93,5,105,105,9,2,9,5.31
1394795,26,Fiji,female,98,7,120,120,7,0,20,4.9
1394795,69,Samoa,female,80,10,105,105,4,0,26,4.57
1394796,17,Cook Islands,female,67,10,117,117,5,1,1,3.44
1394796,63,Papua New Guinea,female,167,2,120,120,15,2,16,8.35
1394797,36,Indonesia,female,65,10,115,115,6,0,14,3.39
1394797,87,Vanuatu,female,85,8,121,121,7,0,7,4.21
1394798,40,Japan,female,152,3,120,120,12,0,26,7.6
1394798,69,Samoa,female,104,8,120,120,6,1,16,5.2
1394799,63,Papua New Guinea,female,64,1,47,47,6,1,8,8.17
1394799,69,Samoa,female,61,10,78,78,4,1,6,4.69
1394800,17,Cook Islands,female,55,10,92,92,4,0,13,3.59
1394800,87,Vanuatu,female,56,2,62,62,3,0,3,5.42
1394801,17,Cook Islands,female,78,9,120,120,5,0,15,3.9
1394801,36,Indonesia,female,144,3,120,120,16,0,13,7.2
1394802,26,Fiji,female,75,7,120,120,4,1,12,3.75
1394802,40,Japan,female,76,2,81,81,4,1,13,5.63
1394805,36,Indonesia,female,53,0,31,31,9,0,2,10.26
1394805,69,Samoa,female,52,10,120,120,3,0,9,2.6
1394806,36,Indonesia,female,70,1,84,84,7,2,5,5.0
1394806,40,Japan,female,66,7,120,120,4,0,11,3.3
1394807,26,Fiji,female,49,10,96,96,5,0,4,3.06
1394807,63,Papua New Guinea,female,55,1,41,41,5,1,7,8.05
1394809,69,Samoa,female,78,8,120,120,8,0,11,3.9
1394809,87,Vanuatu,female,79,3,78,78,8,1,5,6.08
1394810,17,Cook Islands,female,89,2,73,73,11,0,20,7.32
1394810,26,Fiji,female,88,6,120,120,6,0,18,4.4
1394811,36,Indonesia,female,64,10,99,99,6,0,8,3.88
1394811,63,Papua New Guinea,female,141,4,120,120,16,1,10,7.05
1394917,9,Botswana,female,53,10,120,120,6,0,8,2.65
1394917,42,Kenya,female,164,1,120,120,18,0,18,8.2
1394918,44,Lesotho,female,53,10,105,105,2,0,16,3.03
1394918,46,Malawi,female,189,5,120,120,17,0,43,9.45
1394919,25,Eswatini,female,48,10,45,45,5,0,12,6.4
1394919,53,Mozambique,female,150,4,119,119,11,0,49,7.56
1394920,13,Cameroon,female,40,10,83,83,3,0,11,2.89
1394920,73,Sierra Leone,female,42,3,35,35,5,0,11,7.2
1394921,42,Kenya,female,63,3,65,65,5,0,7,5.82
1394921,46,Malawi,female,62,8,120,120,3,1,4,3.1
1394922,9,Botswana,female,204,4,120,120,22,1,43,10.2
1394922,44,Lesotho,female,31,10,54,54,4,0,4,3.44
1394923,53,Mozambique,female,55,10,99,99,1,0,22,3.33
1394923,73,Sierra Leone,female,56,0,43,43,6,0,11,7.81
1394924,13,Cameroon,female,125,4,120,120,11,0,31,6.25
1394924,25,Eswatini,female,63,10,75,75,5,0,21,5.04
1394925,13,Cameroon,female,115,6,120,120,8,0,30,5.75
1394925,53,Mozambique,female,82,10,101,101,5,1,24,4.87
1394926,25,Eswatini,female,26,10,88,88,2,0,10,1.77
1394926,73,Sierra Leone,female,173,6,120,120,22,0,37,8.65
1394927,9,Botswana,female,124,5,120,120,11,0,33,6.2
1394927,46,Malawi,female,119,8,120,120,8,0,13,5.95
1394928,42,Kenya,female,234,1,120,120,27,1,32,11.7
1394928,44,Lesotho,female,26,10,78,78,4,0,1,2.0
1394929,9,Botswana,female,131,7,120,120,6,0,51,6.55
1394929,73,Sierra Leone,female,114,5,120,120,13,0,12,5.7
1394930,13,Cameroon,female,38,10,88,88,2,0,6,2.59
1394930,42,Kenya,female,156,5,120,120,19,0,22,7.8
1394931,13,Cameroon,female,68,6,121,121,5,0,8,3.37
1394931,73,Sierra Leone,female,72,3,59,59,11,0,10,7.32
1394932,9,Botswana,female,52,10,86,86,8,0,4,3.63
1394932,42,Kenya,female,53,1,49,49,6,0,11,6.49
1395007,1,Argentina,female,53,10,105,105,1,0,7,3.03
1395007,86,United States of America,female,132,1,120,120,5,0,11,6.6
1395008,10,Brazil,female,45,10,96,96,1,0,11,2.81
1395008,14,Canada,female,98,4,120,120,6,0,10,4.9
1395009,10,Brazil,female,67,10,113,113,4,0,7,3.56
1395009,86,United States of America,female,106,6,120,120,6,0,8,5.3
1395010,1,Argentina,female,45,10,94,94,2,0,7,2.87
1395010,14,Canada,female,131,6,120,120,14,0,12,6.55
1395011,14,Canada,female,108,6,120,120,10,0,11,5.4
1395011,86,United States of America,female,133,6,120,120,10,3,7,6.65
1395012,1,Argentina,female,27,10,75,75,1,0,5,2.16
1395012,10,Brazil,female,105,4,121,121,4,0,16,5.21
1395013,10,Brazil,female,62,10,92,92,5,0,6,4.04
1395013,14,Canada,female,122,9,120,120,13,1,8,6.1
1395014,1,Argentina,female,60,10,112,112,7,0,7,3.21
1395014,86,United States of America,female,132,7,120,120,8,0,14,6.6
1395015,1,Argentina,female,76,10,118,118,6,0,7,3.86
1395015,14,Canada,female,113,10,120,120,9,0,10,5.65
1395016,10,Brazil,female,42,10,114,114,2,0,6,2.21
1395016,86,United States of America,female,43,0,48,48,6,0,3,5.38
1395017,1,Argentina,female,61,8,120,120,4,0,12,3.05
1395017,10,Brazil,female,64,1,94,94,5,0,5,4.09
1395018,14,Canada,female,98,7,120,120,5,0,6,4.9
1395018,86,United States of America,female,128,5,120,120,11,1,11,6.4
1395026,28,France,female,83,9,120,120,7,0,15,4.15
1395026,57,Netherlands,female,84,2,49,49,11,1,8,10.29
1395028,57,Netherlands,female,134,7,120,120,10,2,17,6.7
1395028,71,Scotland,female,99,10,114,114,8,1,1,5.21
1395029,28,France,female,75,10,105,105,5,0,14,4.29
1395029,39,Italy,female,137,5,120,120,11,0,25,6.85
1395030,39,Italy,female,74,8,120,120,6,0,3,3.7
1395030,57,Netherlands,female,75,1,61,61,4,0,9,7.38
1395031,28,France,female,106,7,120,120,8,3,11,5.3
1395031,71,Scotland,female,109,3,76,76,16,0,8,8.61
1395032,39,Italy,female,83,10,118,118,10,0,6,4.22
1395032,71,Scotland,female,200,6,120,120,20,4,17,10.0
1395033,28,France,female,73,10,119,119,4,0,11,3.68
1395033,57,Netherlands,female,75,1,38,38,7,3,9,11.84
1395035,57,Netherlands,female,63,10,93,93,7,1,5,4.06
1395035,71,Scotland,female,122,7,120,120,8,1,9,6.1
1395036,28,France,female,49,9,86,86,3,0,8,3.42
1395036,71,Scotland,female,204,4,120,120,21,4,14,10.2
1395037,39,Italy,female,78,7,120,120,8,0,8,3.9
1395037,57,Netherlands,female,79,4,63,63,7,1,8,7.52
1397437,95,Bahrain,male,150,5,120,120,12,4,13,7.5
1397437,193,United Arab Emirates,male,147,7,120,120,6,4,17,7.35
1397438,142,Kuwait,male,103,9,120,120,6,3,2,5.15
1397438,160,Oman,male,171,6,120,120,9,6,15,8.55
1397439,160,Oman,male,164,5,116,116,13,5,3,8.48
1397439,193,United Arab Emirates,male,163,5,120,120,7,12,6,8.15
1398254,5,Bangladesh,female,149,2,120,120,19,2,13,7.45
1398254,75,South Africa,female,136,8,120,120,17,2,2,6.8
1398255,5,Bangladesh,female,7,1,8,8,0,0,2,5.25
1398255,75,South Africa,female,0,0,0,0,0,0,0,0.0
1398256,5,Bangladesh,female,94,6,120,120,5,0,7,4.7
1398256,75,South Africa,female,95,2,92,92,9,0,5,6.2
1398261,75,South Africa,female,198,5,120,120,19,7,5,9.9
1398261,78,Sri Lanka,female,119,10,110,110,15,0,7,6.49
1398262,75,South Africa,female,137,8,120,120,12,4,3,6.85
1398262,78,Sri Lanka,female,138,3,113,113,18,1,9,7.33
1398263,75,South Africa,female,155,6,120,120,19,4,4,7.75
1398263,78,Sri Lanka,female,156,6,115,115,16,6,5,8.14
1398268,23,England,female,163,6,120,120,25,0,7,8.15
1398268,62,Pakistan,female,110,10,110,110,17,0,4,6.0
1398269,23,England,female,144,6,120,120,21,1,2,7.2
1398269,62,Pakistan,female,79,10,95,95,9,0,13,4.99
1398270,23,England,female,176,10,120,120,21,1,9,8.8
1398270,62,Pakistan,female,142,4,120,120,18,1,13,7.1
1398277,23,England,female,197,3,120,120,28,2,12,9.85
1398277,58,New Zealand,female,138,9,120,120,17,1,4,6.9
1398278,23,England,female,89,6,54,54,8,5,2,9.89
1398278,58,New Zealand,female,42,5,40,40,4,1,1,6.3
1398279,23,England,female,142,4,116,116,13,3,5,7.34
1398279,58,New Zealand,female,141,8,120,120,21,2,4,7.05
1398280,23,England,female,104,3,69,69,16,0,12,9.04
1398280,58,New Zealand,female,103,8,120,120,7,1,3,5.15
1398281,23,England,female,155,7,120,120,17,1,10,7.75
1398281,58,New Zealand,female,135,8,120,120,16,2,4,6.75
1398295,128,Hong Kong,male,79,10,114,114,5,0,2,4.16
1398295,146,Malaysia,male,181,8,120,120,8,10,23,9.05
1398296,146,Malaysia,male,152,9,120,120,12,6,11,7.6
1398296,163,Papua New Guinea,male,108,1,58,58,12,4,8,11.17
1398298,128,Hong Kong,male,126,7,120,120,5,5,1,6.3
1398298,146,Malaysia,male,149,6,120,120,9,5,10,7.45
1398299,146,Malaysia,male,81,10,107,107,6,1,3,4.54
1398299,163,Papua New Guinea,male,82,6,98,98,6,1,7,5.02
1398300,128,Hong Kong,male,89,9,120,120,2,2,5,4.45
1398300,163,Papua New Guinea,male,90,9,112,112,8,2,6,4.82
1399055,35,India,female,173,2,90,90,18,6,11,11.53
1399055,47,Malaysia,female,1,0,2,2,0,0,0,3.0
1399057,78,Sri Lanka,female,84,2,65,65,10,1,3,7.75
1399057,82,Thailand,female,78,7,90,90,6,0,11,5.2
1399059,5,Bangladesh,female,51,10,107,107,4,0,8,2.86
1399059,35,India,female,52,2,50,50,6,0,7,6.24
1399060,62,Pakistan,female,75,9,120,120,2,2,1,3.75
1399060,78,Sri Lanka,female,77,4,99,99,5,1,6,4.67
1399061,5,Bangladesh,female,65,5,110,110,5,0,9,3.55
1399061,62,Pakistan,female,64,9,120,120,4,0,3,3.2
1399062,35,India,female,116,7,120,120,10,2,4,5.8
1399062,78,Sri Lanka,female,97,8,120,120,8,3,5,4.85
1399104,151,Mongolia,male,41,10,79,79,2,0,23,3.11
1399104,155,Nepal,male,314,3,120,120,14,26,29,15.7
1399113,131,India,male,202,4,120,120,17,12,8,10.1
1399113,155,Nepal,male,179,9,120,120,11,14,12,8.95
1399114,128,Hong Kong,male,92,10,114,114,9,3,7,4.84
1399114,161,Pakistan,male,160,10,120,120,11,11,5,8.0
1399116,96,Bangladesh,male,116,5,120,120,8,5,7,5.8
1399116,146,Malaysia,male,114,8,120,120,6,7,11,5.7
1399117,96,Bangladesh,male,96,9,120,120,2,4,13,4.8
1399117,131,India,male,97,1,56,56,6,9,2,10.39
1399119,96,Bangladesh,male,65,4,30,30,7,3,7,13.0
1399119,161,Pakistan,male,48,1,30,30,5,3,1,9.6
1399138,142,Kuwait,male,124,3,94,94,6,6,6,7.91
1399138,167,Qatar,male,123,6,120,120,9,3,10,6.15
1399140,142,Kuwait,male,103,3,74,74,7,1,5,8.35
1399140,147,Maldives,male,100,7,120,120,3,3,8,5.0
1399142,147,Maldives,male,121,9,120,120,12,1,12,6.05
1399142,167,Qatar,male,125,1,62,62,10,9,6,12.1
1399143,142,Kuwait,male,174,9,120,120,12,9,11,8.7
1399143,171,Saudi Arabia,male,175,7,118,118,16,4,11,8.9
1399144,142,Kuwait,male,130,5,97,97,4,8,6,8.04
1399144,167,Qatar,male,129,6,120,120,11,5,7,6.45
1399145,147,Maldives,male,76,10,110,110,5,1,7,4.15
1399145,171,Saudi Arabia,male,78,1,47,47,8,3,2,9.96
1399146,142,Kuwait,male,84,2,47,47,5,6,5,10.72
1399146,147,Maldives,male,83,6,120,120,3,2,3,4.15
1399148,147,Maldives,male,159,10,104,104,7,9,16,9.17
1399148,167,Qatar,male,201,7,120,120,14,10,8,10.05
1399149,142,Kuwait,male,175,6,110,110,12,9,8,9.55
1399149,171,Saudi Arabia,male,173,4,120,120,13,6,12,8.65
1399150,99,Bermuda,male,181,9,120,120,15,11,10,9.05
1399150,106,Canada,male,95,10,102,102,7,3,3,5.59
1399151,107,Cayman Islands,male,88,3,87,87,7,3,6,6.07
1399151,162,Panama,male,85,8,120,120,4,2,12,4.25
1399152,99,Bermuda,male,91,3,83,83,5,4,4,6.58
1399152,162,Panama,male,90,8,120,120,3,3,8,4.5
1399153,106,Canada,male,194,6,120,120,15,9,5,9.7
1399153,107,Cayman Islands,male,86,10,103,103,7,4,5,5.01
1399154,106,Canada,male,230,4,120,120,10,17,12,11.5
1399154,162,Panama,male,67,10,107,107,3,2,5,3.76
1399155,99,Bermuda,male,176,6,120,120,8,10,10,8.8
1399155,107,Cayman Islands,male,123,8,120,120,7,5,7,6.15
1399156,106,Canada,male,196,5,119,119,11,10,9,9.88
1399156,107,Cayman Islands,male,30,10,69,69,2,0,12,2.61
1399157,99,Bermuda,male,89,5,55,55,9,6,0,9.71
1399157,162,Panama,male,86,9,120,120,3,1,6,4.3
1399161,99,Bermuda,male,93,10,101,101,4,5,8,5.52
1399161,106,Canada,male,132,4,108,108,9,5,6,7.33
1400036,55,Namibia,female,81,7,120,120,4,0,6,4.05
1400036,85,United Arab Emirates,female,100,7,120,120,3,0,19,5.0
1400037,55,Namibia,female,114,1,108,108,10,2,2,6.33
1400037,85,United Arab Emirates,female,110,5,120,120,7,1,8,5.5
1400038,55,Namibia,female,72,2,52,52,9,2,2,8.31
1400038,85,United Arab Emirates,female,71,8,120,120,2,0,6,3.55
1400039,55,Namibia,female,98,5,120,120,6,1,5,4.9
1400039,85,United Arab Emirates,female,91,9,120,120,5,0,14,4.55
1400040,55,Namibia,female,70,2,76,76,6,1,2,5.53
1400040,85,United Arab Emirates,female,66,10,111,111,2,1,11,3.57
1400041,55,Namibia,female,97,8,120,120,5,1,4,4.85
1400041,85,United Arab Emirates,female,99,1,112,112,5,2,5,5.3
1400053,125,Gibraltar,male,108,3,85,85,10,2,11,7.62
1400053,173,Serbia,male,107,5,120,120,5,3,11,5.35
1400054,125,Gibraltar,male,83,3,84,84,10,0,12,5.93
1400054,173,Serbia,male,82,10,113,113,5,0,18,4.35
1400055,125,Gibraltar,male,172,8,120,120,10,9,11,8.6
1400055,144,Luxembourg,male,148,8,120,120,5,6,9,7.4
1400056,125,Gibraltar,male,154,8,120,120,6,6,16,7.7
1400056,144,Luxembourg,male,165,10,120,120,17,3,10,8.25
1400972,158,Nigeria,male,127,8,120,120,12,3,15,6.35
1400972,169,Rwanda,male,73,10,109,109,3,1,6,4.02
1400973,124,Ghana,male,96,7,104,104,5,1,6,5.54
1400973,175,Sierra Leone,male,95,9,120,120,5,1,9,4.75
1400974,158,Nigeria,male,155,6,120,120,11,4,4,7.75
1400974,175,Sierra Leone,male,92,10,113,113,5,0,10,4.88
1400975,124,Ghana,male,121,10,120,120,3,4,7,6.05
1400975,169,Rwanda,male,121,7,120,120,5,4,17,6.05
1400976,124,Ghana,male,94,10,108,108,5,0,6,5.22
1400976,158,Nigeria,male,129,10,117,117,12,0,5,6.62
1400977,169,Rwanda,male,154,8,120,120,10,5,15,7.7
1400977,175,Sierra Leone,male,121,5,120,120,8,2,9,6.05
1400978,158,Nigeria,male,101,4,98,98,6,3,10,6.18
1400978,169,Rwanda,male,95,9,108,108,5,2,8,5.28
1400980,158,Nigeria,male,50,1,43,43,2,0,6,6.98
1400980,175,Sierra Leone,male,49,10,89,89,2,1,10,3.3
1400981,124,Ghana,male,60,10,93,93,3,1,13,3.87
1400981,169,Rwanda,male,107,5,120,120,2,3,12,5.35
1400982,124,Ghana,male,60,10,86,86,4,0,9,4.19
1400982,158,Nigeria,male,142,6,120,120,6,4,9,7.1
1400983,169,Rwanda,male,107,8,120,120,4,5,7,5.35
1400983,175,Sierra Leone,male,109,10,115,115,4,2,9,5.69
1400984,124,Ghana,male,109,9,120,120,5,0,17,5.45
1400984,158,Nigeria,male,110,5,109,109,3,4,4,6.06
1400985,169,Rwanda,male,78,5,92,92,3,0,0,5.09
1400985,175,Sierra Leone,male,77,10,118,118,4,0,13,3.92
1400986,124,Ghana,male,54,10,86,86,1,1,5,3.77
1400986,169,Rwanda,male,58,1,38,38,3,3,8,9.16
1400987,158,Nigeria,male,106,10,116,116,2,2,14,5.48
1400987,175,Sierra Leone,male,53,10,94,94,2,2,1,3.38
1400988,158,Nigeria,male,27,2,37,37,3,0,2,4.38
1400988,169,Rwanda,male,24,10,37,37,0,2,2,3.89
1400989,124,Ghana,male,112,9,120,120,6,2,6,5.6
1400989,175,Sierra Leone,male,107,6,120,120,4,3,10,5.35
1400990,124,Ghana,male,72,10,109,109,2,2,7,3.96
1400990,175,Sierra Leone,male,73,4,108,108,2,1,6,4.06
1400991,158,Nigeria,male,103,7,120,120,7,2,5,5.15
1400991,169,Rwanda,male,86,8,120,120,3,1,12,4.3
1402765,1,Argentina,female,300,6,120,120,30,2,57,15.0
1402765,15,Chile,female,19,10,56,56,0,0,15,2.04
1402766,1,Argentina,female,333,1,120,120,39,0,56,16.65
1402766,15,Chile,female,22,9,64,64,0,0,21,2.06
1403288,155,Nepal,male,144,3,113,113,13,2,11,7.65
1403288,193,United Arab Emirates,male,140,7,120,120,8,6,13,7.0
1403289,128,Hong Kong,male,94,10,117,117,6,1,4,4.82
1403289,155,Nepal,male,99,4,83,83,8,4,6,7.16
1403290,128,Hong Kong,male,134,8,120,120,14,1,13,6.7
1403290,155,Nepal,male,213,6,120,120,15,11,21,10.65
1403291,128,Hong Kong,male,149,5,120,120,9,6,11,7.45
1403291,193,United Arab Emirates,male,153,4,108,108,8,11,4,8.5
1403292,155,Nepal,male,165,5,116,116,16,4,12,8.53
1403292,193,United Arab Emirates,male,164,7,120,120,15,6,5,8.2
1403293,128,Hong Kong,male,212,3,120,120,18,10,13,10.6
1403293,193,United Arab Emirates,male,143,5,120,120,13,3,9,7.15
1403294,155,Nepal,male,162,8,120,120,14,5,15,8.1
1403294,193,United Arab Emirates,male,167,6,119,119,16,5,13,8.42
1403297,108,Chile,male,72,7,120,120,5,0,8,3.6
1403297,150,Mexico,male,74,5,80,80,5,0,11,5.55
1403301,91,Argentina,male,125,6,114,114,11,4,5,6.58
1403301,150,Mexico,male,124,6,120,120,15,1,20,6.2
1403305,91,Argentina,male,53,0,36,36,6,3,1,8.83
1403305,108,Chile,male,52,10,118,118,1,0,22,2.64
1403686,37,Ireland,female,92,3,99,99,11,0,3,5.58
1403686,71,Scotland,female,91,10,112,112,5,1,7,4.88
1403687,37,Ireland,female,117,7,120,120,14,0,4,5.85
1403687,71,Scotland,female,121,2,115,115,12,1,8,6.31
1404390,154,Namibia,male,122,3,82,82,10,6,7,8.93
1404390,199,Zimbabwe,male,121,9,120,120,10,2,5,6.05
1404391,154,Namibia,male,198,3,120,120,22,7,8,9.9
1404391,199,Zimbabwe,male,200,5,120,120,15,11,11,10.0
1404392,154,Namibia,male,138,6,120,120,14,3,11,6.9
1404392,199,Zimbabwe,male,144,4,112,112,11,7,3,7.71
1404393,154,Namibia,male,154,3,112,112,15,6,7,8.25
1404393,199,Zimbabwe,male,153,6,120,120,10,5,12,7.65
1404394,154,Namibia,male,101,10,112,112,10,3,2,5.41
1404394,199,Zimbabwe,male,93,10,116,116,7,0,1,4.81
1405121,5,Bangladesh,female,86,5,117,117,7,0,4,4.41
1405121,62,Pakistan,female,82,10,118,118,6,0,2,4.17
1405122,5,Bangladesh,female,120,6,120,120,9,2,5,6.0
1405122,62,Pakistan,female,100,7,120,120,5,1,9,5.0
1405123,5,Bangladesh,female,101,9,120,120,10,0,10,5.05
1405123,62,Pakistan,female,132,4,120,120,11,0,3,6.6
1405313,95,Bahrain,male,135,6,120,120,12,3,11,6.75
1405313,193,United Arab Emirates,male,137,5,110,110,14,5,7,7.47
1405314,155,Nepal,male,147,2,99,99,12,6,5,8.91
1405314,176,Singapore,male,145,9,120,120,19,2,10,7.25
1405315,146,Malaysia,male,121,8,120,120,9,2,7,6.05
1405315,160,Oman,male,153,6,120,120,13,6,6,7.65
1405316,128,Hong Kong,male,166,6,120,120,18,3,7,8.3
1405316,142,Kuwait,male,150,8,120,120,12,5,8,7.5
1405317,160,Oman,male,174,6,120,120,18,5,11,8.7
1405317,176,Singapore,male,152,8,120,120,11,6,20,7.6
1405318,95,Bahrain,male,146,10,117,117,14,4,21,7.49
1405318,128,Hong Kong,male,126,10,115,115,10,2,10,6.57
1405319,146,Malaysia,male,165,9,120,120,15,4,16,8.25
1405319,155,Nepal,male,166,4,108,108,9,13,4,9.22
1405320,142,Kuwait,male,88,8,120,120,8,1,7,4.4
1405320,193,United Arab Emirates,male,94,5,86,86,11,2,4,6.56
1405321,155,Nepal,male,140,10,120,120,4,11,3,7.0
1405321,160,Oman,male,145,9,120,120,11,7,9,7.25
1405322,128,Hong Kong,male,154,8,120,120,16,1,10,7.7
1405322,193,United Arab Emirates,male,176,6,120,120,15,8,13,8.8
1405323,146,Malaysia,male,198,4,120,120,14,9,13,9.9
1405323,176,Singapore,male,138,10,107,107,13,4,6,7.74
1405324,95,Bahrain,male,158,9,120,120,12,8,8,7.9
1405324,142,Kuwait,male,160,6,99,99,15,9,4,9.7
1405325,95,Bahrain,male,106,9,120,120,14,0,2,5.3
1405325,160,Oman,male,109,0,86,86,12,2,2,7.6
1405326,155,Nepal,male,135,2,103,103,14,3,4,7.86
1405326,193,United Arab Emirates,male,134,9,120,120,15,4,3,6.7
1405327,155,Nepal,male,184,6,120,120,15,11,7,9.2
1405327,160,Oman,male,184,9,120,120,15,10,9,9.2
1406073,23,England,female,197,6,120,120,26,3,10,9.85
1406073,35,India,female,159,6,120,120,17,2,21,7.95
1406074,23,England,female,82,6,68,68,10,1,11,7.24
1406074,35,India,female,80,10,98,98,8,0,5,4.9
1406075,23,England,female,126,10,120,120,9,4,12,6.3
1406075,35,India,female,130,5,114,114,15,2,14,6.84
1406081,2,Australia,female,141,10,116,116,9,7,11,7.29
1406081,35,India,female,145,1,106,106,14,4,21,8.21
1406082,2,Australia,female,133,4,114,114,16,2,9,7.0
1406082,35,India,female,130,8,120,120,14,2,14,6.5
1406083,2,Australia,female,149,3,112,112,21,1,5,7.98
1406083,35,India,female,147,6,120,120,14,5,15,7.35
1407089,141,Kenya,male,154,2,120,120,13,4,11,7.7
1407089,169,Rwanda,male,137,4,120,120,7,8,3,6.85
1407090,187,Tanzania,male,99,7,120,120,6,3,1,4.95
1407090,192,Uganda,male,105,2,92,92,7,3,3,6.85
1407091,154,Namibia,male,134,3,88,88,15,5,4,9.14
1407091,199,Zimbabwe,male,132,8,120,120,5,5,14,6.6
1407092,141,Kenya,male,124,6,119,119,7,4,10,6.25
1407092,158,Nigeria,male,121,7,120,120,8,5,5,6.05
1407093,187,Tanzania,male,96,9,120,120,7,2,14,4.8
1407093,199,Zimbabwe,male,98,1,64,64,11,2,2,9.19
1407094,158,Nigeria,male,33,2,36,36,2,0,9,5.5
1407094,169,Rwanda,male,0,0,0,0,0,0,0,0.0
1407095,154,Namibia,male,116,4,102,102,8,3,4,6.82
1407095,192,Uganda,male,114,10,118,118,4,4,8,5.8
1407096,141,Kenya,male,182,3,120,120,12,8,8,9.1
1407096,187,Tanzania,male,132,10,120,120,8,3,9,6.6
1407097,154,Namibia,male,207,3,120,120,17,8,12,10.35
1407097,169,Rwanda,male,46,5,60,60,2,1,4,4.6
1407098,158,Nigeria,male,140,7,112,112,9,4,14,7.5
1407098,187,Tanzania,male,139,7,120,120,11,4,7,6.95
1407099,192,Uganda,male,138,5,115,115,13,5,9,7.2
1407099,199,Zimbabwe,male,136,7,120,120,10,6,6,6.8
1407100,158,Nigeria,male,99,10,115,115,6,2,6,5.17
1407100,192,Uganda,male,100,1,105,105,12,1,6,5.71
1407101,169,Rwanda,male,71,10,112,112,5,2,7,3.8
1407101,199,Zimbabwe,male,215,4,120,120,23,12,6,10.75
1407102,141,Kenya,male,104,6,120,120,7,1,8,5.2
1407102,154,Namibia,male,106,4,92,92,10,1,6,6.91
1407103,154,Namibia,male,157,6,120,120,9,7,4,7.85
1407103,187,Tanzania,male,99,6,120,120,6,0,4,4.95
1407104,158,Nigeria,male,110,8,120,120,6,4,15,5.5
1407104,199,Zimbabwe,male,111,4,84,84,8,7,2,7.93
1407105,169,Rwanda,male,102,7,120,120,8,2,2,5.1
1407105,187,Tanzania,male,153,8,120,120,13,4,17,7.65
1407106,141,Kenya,male,129,10,114,114,7,5,17,6.79
1407106,192,Uganda,male,162,5,120,120,15,3,9,8.1
1407107,141,Kenya,male,107,8,120,120,12,0,11,5.35
1407107,199,Zimbabwe,male,217,4,120,120,8,19,6,10.85
1407108,169,Rwanda,male,65,10,113,113,3,1,7,3.45
1407108,192,Uganda,male,66,1,49,49,11,0,9,8.08
1407109,154,Namibia,male,96,2,80,80,9,2,8,7.2
1407109,158,Nigeria,male,93,10,116,116,6,3,6,4.81
1407714,104,Cambodia,male,134,7,120,120,13,6,2,6.7
1407714,132,Indonesia,male,136,3,106,106,17,2,9,7.7
1407715,104,Cambodia,male,138,8,120,120,12,5,20,6.9
1407715,132,Indonesia,male,139,2,77,77,15,6,11,10.83
1407716,104,Cambodia,male,157,2,110,110,11,8,9,8.56
1407716,132,Indonesia,male,156,5,120,120,12,7,9,7.8
1407717,104,Cambodia,male,88,8,120,120,8,0,7,4.4
1407717,132,Indonesia,male,192,7,120,120,18,8,11,9.6
1407718,104,Cambodia,male,148,3,117,117,9,7,7,7.59
1407718,132,Indonesia,male,144,8,120,120,12,4,5,7.2
1407719,104,Cambodia,male,77,3,69,69,4,3,8,6.7
1407719,132,Indonesia,male,0,0,0,0,0,0,0,0.0
1407864,40,Japan,female,46,10,120,120,3,0,5,2.3
1407864,56,Nepal,female,113,4,120,120,12,0,10,5.65
1407865,34,Hong Kong,female,107,0,86,86,14,1,7,7.47
1407865,81,Tanzania,female,106,9,120,120,9,1,6,5.3
1407866,40,Japan,female,28,10,95,95,2,0,4,1.77
1407866,81,Tanzania,female,139,9,120,120,12,0,16,6.95
1407867,34,Hong Kong,female,57,1,54,54,8,0,2,6.33
1407867,56,Nepal,female,56,10,108,108,6,0,6,3.11
1407868,56,Nepal,female,88,10,101,101,3,4,9,5.23
1407868,81,Tanzania,female,115,7,120,120,8,0,10,5.75
1407869,34,Hong Kong,female,79,1,64,64,6,1,16,7.41
1407869,40,Japan,female,78,10,119,119,6,1,13,3.93
1407870,40,Japan,female,70,6,120,120,3,0,4,3.5
1407870,56,Nepal,female,115,5,120,120,10,0,7,5.75
1407871,34,Hong Kong,female,86,5,115,115,6,0,6,4.49
1407871,81,Tanzania,female,84,10,112,112,9,0,8,4.5
1408103,134,Ireland,male,147,8,120,120,16,3,5,7.35
1408103,199,Zimbabwe,male,148,9,120,120,13,3,6,7.4
1408104,134,Ireland,male,166,6,118,118,15,1,15,8.44
1408104,199,Zimbabwe,male,165,5,120,120,7,8,18,8.25
1408105,134,Ireland,male,141,4,112,112,8,6,6,7.55
1408105,199,Zimbabwe,male,140,6,120,120,11,2,8,7.0
1411261,42,Kenya,female,49,10,94,94,2,0,11,3.13
1411261,90,Zimbabwe,female,111,9,120,120,8,2,5,5.55
1411262,9,Botswana,female,75,10,116,116,5,0,20,3.88
1411262,81,Tanzania,female,76,0,62,62,5,0,13,7.35
1411263,55,Namibia,female,122,2,120,120,10,2,4,6.1
1411263,59,Nigeria,female,113,7,120,120,9,2,6,5.65
1411264,68,Rwanda,female,87,5,120,120,6,0,4,4.35
1411264,84,Uganda,female,89,4,96,96,10,0,9,5.56
1411265,42,Kenya,female,35,3,48,48,4,0,3,4.38
1411265,81,Tanzania,female,42,3,39,39,2,0,1,6.46
1411266,9,Botswana,female,47,10,107,107,2,0,14,2.64
1411266,90,Zimbabwe,female,162,5,119,119,22,0,17,8.17
1411267,59,Nigeria,female,49,4,63,63,5,0,7,4.67
1411267,68,Rwanda,female,88,9,120,120,4,0,11,4.4
1411268,55,Namibia,female,92,10,119,119,9,0,6,4.64
1411268,84,Uganda,female,93,6,112,112,6,0,12,4.98
1411269,9,Botswana,female,52,8,120,120,4,0,10,2.6
1411269,42,Kenya,female,34,1,36,36,3,0,5,5.67
1411270,81,Tanzania,female,82,10,119,119,5,0,13,4.13
1411270,90,Zimbabwe,female,84,1,90,90,10,0,4,5.6
1411271,55,Namibia,female,102,7,120,120,9,1,10,5.1
1411271,68,Rwanda,female,91,8,120,120,5,0,8,4.55
1411272,59,Nigeria,female,63,9,120,120,4,0,9,3.15
1411272,84,Uganda,female,66,4,90,90,9,0,9,4.4
1411273,55,Namibia,female,64,10,97,97,5,2,11,3.96
1411273,90,Zimbabwe,female,150,6,121,121,12,0,23,7.44
1411274,81,Tanzania,female,89,10,116,116,7,0,5,4.6
1411274,84,Uganda,female,99,4,120,120,10,0,4,4.95
1411276,84,Uganda,female,79,10,120,120,4,0,10,3.95
1411276,90,Zimbabwe,female,85,4,88,88,8,1,5,5.8
1412530,132,Indonesia,male,156,8,120,120,9,4,45,7.8
1412530,165,Philippines,male,158,6,120,120,15,4,13,7.9
1412531,132,Indonesia,male,107,0,73,73,11,4,18,8.79
1412531,165,Philippines,male,106,9,120,120,3,7,5,5.3
1412532,132,Indonesia,male,140,8,120,120,14,1,14,7.0
1412532,165,Philippines,male,120,9,120,120,8,3,2,6.0
1412533,132,Indonesia,male,119,10,120,120,6,6,6,5.95
1412533,165,Philippines,male,123,2,47,47,10,12,2,15.7
1412534,132,Indonesia,male,137,9,119,119,8,6,10,6.91
1412534,165,Philippines,male,137,9,120,120,7,6,2,6.85
1412535,132,Indonesia,male,123,8,120,120,9,3,11,6.15
1412535,165,Philippines,male,124,3,73,73,10,10,3,10.19
1412542,181,Sri Lanka,male,144,7,120,120,17,1,5,7.2
1412542,199,Zimbabwe,male,143,5,120,120,11,4,3,7.15
1412543,181,Sri Lanka,male,173,6,120,120,17,5,8,8.65
1412543,199,Zimbabwe,male,178,6,119,119,15,7,9,8.97
1412544,181,Sri Lanka,male,88,1,65,65,11,2,1,8.12
1412544,199,Zimbabwe,male,82,10,85,85,10,0,2,5.79
1415701,106,Canada,male,194,5,120,120,17,8,10,9.7
1415701,194,United States of America,male,197,3,106,106,13,13,19,11.15
1415702,163,Papua New Guinea,male,136,8,120,120,12,2,9,6.8
1415702,197,West Indies,male,137,5,114,114,14,5,2,7.21
1415703,154,Namibia,male,109,6,120,120,10,2,9,5.45
1415703,160,Oman,male,109,10,118,118,9,2,5,5.54
1415704,178,South Africa,male,80,4,98,98,3,3,6,4.9
1415704,181,Sri Lanka,male,77,10,115,115,3,3,6,4.02
1415706,116,England,male,0,0,0,0,0,0,0,0.0
1415706,172,Scotland,male,90,0,60,60,8,4,4,9.0
1415707,155,Nepal,male,106,10,116,116,10,3,8,5.48
1415707,156,Netherlands,male,109,4,112,112,10,1,2,5.84
1415708,131,India,male,97,2,74,74,7,5,6,7.86
1415708,134,Ireland,male,96,10,96,96,8,3,15,6.0
1415709,163,Papua New Guinea,male,77,10,115,115,4,1,13,4.02
1415709,192,Uganda,male,78,7,110,110,2,0,15,4.25
1415710,92,Australia,male,164,5,120,120,14,7,6,8.2
1415710,160,Oman,male,125,9,120,120,8,5,10,6.25
1415711,161,Pakistan,male,159,7,120,120,8,9,8,7.95
1415711,194,United States of America,male,159,3,120,120,16,4,12,7.95
1415712,154,Namibia,male,155,9,120,120,12,5,9,7.75
1415712,172,Scotland,male,157,5,111,111,7,7,16,8.49
1415713,106,Canada,male,137,7,120,120,13,2,5,6.85
1415713,134,Ireland,male,125,7,120,120,7,2,9,6.25
1415715,96,Bangladesh,male,125,8,114,114,3,6,13,6.58
1415715,181,Sri Lanka,male,124,9,120,120,13,2,4,6.2
1415716,156,Netherlands,male,103,9,120,120,6,2,9,5.15
1415716,178,South Africa,male,106,6,113,113,4,5,4,5.63
1415717,92,Australia,male,201,7,120,120,14,13,7,10.05
1415717,116,England,male,165,6,120,120,12,8,8,8.25
1415718,192,Uganda,male,39,10,72,72,3,0,5,3.25
1415718,197,West Indies,male,173,5,120,120,15,7,14,8.65
1415719,131,India,male,119,10,114,114,13,2,7,6.26
1415719,161,Pakistan,male,113,7,120,120,8,2,9,5.65
1415720,160,Oman,male,150,7,120,120,13,4,5,7.5
1415720,172,Scotland,male,153,3,79,79,13,11,7,11.62
1415721,96,Bangladesh,male,109,7,120,120,7,3,8,5.45
1415721,178,South Africa,male,113,6,120,120,5,6,7,5.65
1415722,106,Canada,male,106,7,120,120,7,5,13,5.3
1415722,161,Pakistan,male,107,3,105,105,3,2,9,6.11
1415724,92,Australia,male,74,1,34,34,11,4,2,13.06
1415724,154,Namibia,male,72,10,102,102,6,2,9,4.24
1415725,131,India,male,111,3,110,110,4,4,9,6.05
1415725,194,United States of America,male,110,8,120,120,4,6,8,5.5
1415726,157,New Zealand,male,136,9,120,120,7,8,4,6.8
1415726,197,West Indies,male,149,9,120,120,8,10,6,7.45
1415727,96,Bangladesh,male,159,5,120,120,19,3,10,7.95
1415727,156,Netherlands,male,134,8,120,120,12,6,2,6.7
1415728,116,England,male,50,2,19,19,7,3,1,15.79
1415728,160,Oman,male,47,10,80,80,4,1,4,3.52
1415731,155,Nepal,male,114,7,120,120,9,4,11,5.7
1415731,178,South Africa,male,115,7,120,120,10,2,9,5.75
1415732,157,New Zealand,male,41,1,32,32,5,0,9,7.69
1415732,192,Uganda,male,40,10,112,112,3,0,8,2.14
1415734,116,England,male,122,5,60,60,9,8,4,12.2
1415734,154,Namibia,male,84,3,60,60,4,6,5,8.4
1415735,92,Australia,male,186,5,118,118,17,8,11,9.46
1415735,172,Scotland,male,180,5,120,120,6,12,9,9.0
1415736,134,Ireland,male,106,9,120,120,8,4,10,5.3
1415736,161,Pakistan,male,111,7,113,113,9,4,4,5.89
1415737,96,Bangladesh,male,106,10,117,117,10,1,10,5.44
1415737,155,Nepal,male,85,10,116,116,8,2,10,4.4
1415738,156,Netherlands,male,118,10,100,100,5,6,8,7.08
1415738,181,Sri Lanka,male,201,6,120,120,12,11,8,10.05
1415739,157,New Zealand,male,79,3,74,74,7,3,1,6.41
1415739,163,Papua New Guinea,male,78,10,118,118,7,1,11,3.97
1415741,178,South Africa,male,194,4,120,120,13,10,7,9.7
1415741,194,United States of America,male,176,6,120,120,11,11,9,8.8
1415742,116,England,male,181,2,105,105,16,7,8,10.34
1415742,197,West Indies,male,180,4,120,120,13,10,13,9.0
1415744,92,Australia,male,100,2,68,68,9,6,1,8.82
1415744,96,Bangladesh,male,140,8,120,120,10,3,14,7.0
1415745,116,England,male,156,6,120,120,14,3,6,7.8
1415745,178,South Africa,male,163,6,120,120,12,6,10,8.15
1415746,194,United States of America,male,128,10,119,119,10,3,7,6.45
1415746,197,West Indies,male,130,1,65,65,7,11,6,12.0
1415747,96,Bangladesh,male,146,8,120,120,10,8,5,7.3
1415747,131,India,male,196,5,120,120,12,13,7,9.8
1415749,116,England,male,117,0,58,58,8,7,9,12.1
1415749,194,United States of America,male,115,10,113,113,7,5,1,6.11
1415750,178,South Africa,male,124,7,97,97,14,2,11,7.67
1415750,197,West Indies,male,135,8,120,120,8,7,10,6.75
1415751,92,Australia,male,181,7,120,120,16,9,9,9.05
1415751,131,India,male,205,5,120,120,14,15,3,10.25
1415754,116,England,male,103,10,100,100,8,2,2,6.18
1415754,131,India,male,171,7,120,120,13,8,3,8.55
1415755,131,India,male,176,7,120,120,13,7,7,8.8
1415755,178,South Africa,male,169,8,120,120,13,8,9,8.45
1415983,37,Ireland,female,191,3,120,120,24,1,14,9.55
1415983,90,Zimbabwe,female,134,5,120,120,11,3,12,6.7
1415984,37,Ireland,female,172,3,120,120,19,3,10,8.6
1415984,90,Zimbabwe,female,130,8,120,120,10,3,18,6.5
1415985,37,Ireland,female,169,3,120,120,22,3,2,8.45
1415985,90,Zimbabwe,female,109,7,120,120,9,0,10,5.45
1415986,37,Ireland,female,70,1,47,47,6,1,4,8.94
1415986,90,Zimbabwe,female,65,5,48,48,5,1,4,8.12
1415987,37,Ireland,female,138,7,120,120,12,3,9,6.9
1415987,90,Zimbabwe,female,124,8,120,120,10,0,8,6.2
1418176,104,Cambodia,male,74,3,55,55,9,2,5,8.07
1418176,153,Myanmar,male,72,8,120,120,3,2,16,3.6
1418177,104,Cambodia,male,130,5,120,120,5,10,12,6.5
1418177,109,China,male,37,10,92,92,1,1,10,2.41
1418181,100,Bhutan,male,116,10,118,118,8,2,4,5.9
1418181,132,Indonesia,male,132,7,120,120,10,4,9,6.6
1418182,147,Maldives,male,158,8,120,120,15,5,15,7.9
1418182,176,Singapore,male,199,4,120,120,25,6,17,9.95
1418183,139,Japan,male,166,6,120,120,22,3,5,8.3
1418183,188,Thailand,male,120,10,101,101,16,1,10,7.13
1418184,100,Bhutan,male,89,10,113,113,4,2,12,4.73
1418184,171,Saudi Arabia,male,93,2,66,66,7,6,3,8.45
1418185,104,Cambodia,male,132,4,116,116,10,6,4,6.83
1418185,132,Indonesia,male,127,6,120,120,11,4,8,6.35
1418186,176,Singapore,male,115,9,120,120,8,1,17,5.75
1418186,188,Thailand,male,116,3,109,109,10,2,6,6.39
1418187,139,Japan,male,150,8,120,120,9,5,7,7.5
1418187,147,Maldives,male,108,10,112,112,6,4,8,5.79
1418188,132,Indonesia,male,103,9,120,120,10,0,17,5.15
1418188,171,Saudi Arabia,male,185,4,120,120,12,12,14,9.25
1418190,139,Japan,male,142,8,120,120,16,1,6,7.1
1418190,176,Singapore,male,176,5,120,120,8,12,12,8.8
1418191,147,Maldives,male,127,7,120,120,10,2,11,6.35
1418191,188,Thailand,male,128,2,58,58,11,7,10,13.24
1418192,132,Indonesia,male,131,8,120,120,8,5,7,6.55
1418192,188,Thailand,male,132,3,104,104,12,3,7,7.62
1418193,100,Bhutan,male,105,10,110,110,10,1,7,5.73
1418193,147,Maldives,male,137,8,120,120,10,3,12,6.85
1418194,139,Japan,male,97,8,120,120,10,0,4,4.85
1418194,171,Saudi Arabia,male,98,0,54,54,13,5,3,10.89
1418195,104,Cambodia,male,113,4,89,89,11,5,4,7.62
1418195,176,Singapore,male,109,10,120,120,10,1,16,5.45
1418196,139,Japan,male,215,3,120,120,25,6,6,10.75
1418196,176,Singapore,male,216,2,116,116,24,10,20,11.17
1418197,104,Cambodia,male,147,5,120,120,14,5,16,7.35
1418197,171,Saudi Arabia,male,151,5,105,105,17,3,6,8.63
1418539,109,China,male,48,8,120,120,1,0,9,2.4
1418539,128,Hong Kong,male,171,5,120,120,14,7,11,8.55
1418540,128,Hong Kong,male,184,3,97,97,19,9,8,11.38
1418540,139,Japan,male,179,5,120,120,12,10,12,8.95
1418541,109,China,male,78,10,101,101,6,1,18,4.63
1418541,139,Japan,male,258,0,120,120,11,23,15,12.9
1418542,128,Hong Kong,male,155,10,118,118,14,5,8,7.88
1418542,139,Japan,male,128,10,113,113,7,5,17,6.8
1418543,109,China,male,41,10,76,76,3,2,4,3.24
1418543,128,Hong Kong,male,42,0,30,30,6,0,9,8.4
1418544,109,China,male,99,8,120,120,6,2,6,4.95
1418544,139,Japan,male,143,10,117,117,17,3,11,7.33
1418545,128,Hong Kong,male,219,7,120,120,14,14,9,10.95
1418545,139,Japan,male,185,8,120,120,13,9,23,9.25
1419510,43,Kuwait,female,82,7,120,120,5,1,12,4.1
1419510,47,Malaysia,female,108,6,120,120,6,0,11,5.4
1419511,43,Kuwait,female,98,7,120,120,11,0,4,4.9
1419511,47,Malaysia,female,99,5,94,94,8,0,9,6.32
1419824,96,Bangladesh,male,203,8,120,120,14,11,19,10.15
1419824,181,Sri Lanka,male,206,3,120,120,16,12,19,10.3
1419825,96,Bangladesh,male,170,2,109,109,16,4,23,9.36
1419825,181,Sri Lanka,male,165,5,120,120,11,9,5,8.25
1419826,96,Bangladesh,male,146,10,118,118,9,10,9,7.42
1419826,181,Sri Lanka,male,174,7,120,120,13,9,14,8.7
1419906,54,Myanmar,female,32,10,100,100,0,0,6,1.92
1419906,82,Thailand,female,34,0,28,28,3,0,5,7.29
1419907,16,China,female,34,10,107,107,1,0,3,1.91
1419907,85,United Arab Emirates,female,155,1,120,120,16,1,13,7.75
1419908,36,Indonesia,female,80,7,120,120,7,0,8,4.0
1419908,47,Malaysia,female,81,4,107,107,5,0,7,4.54
1419909,34,Hong Kong,female,93,8,120,120,5,0,8,4.65
1419909,56,Nepal,female,95,2,85,85,4,2,15,6.71
1419910,43,Kuwait,female,92,0,82,82,7,1,14,6.73
1419910,74,Singapore,female,89,6,120,120,8,0,11,4.45
1419911,40,Japan,female,130,4,120,120,8,1,16,6.5
1419911,61,Oman,female,116,5,120,120,7,0,23,5.8
1419912,4,Bahrain,female,61,10,103,103,4,0,17,3.55
1419912,66,Qatar,female,62,3,59,59,7,0,5,6.31
1419913,8,Bhutan,female,124,8,120,120,4,0,32,6.2
1419913,48,Maldives,female,30,10,109,109,2,0,10,1.65
1419914,43,Kuwait,female,81,9,120,120,6,0,5,4.05
1419914,82,Thailand,female,177,2,120,120,19,1,11,8.85
1419915,61,Oman,female,28,10,78,78,0,1,7,2.15
1419915,85,United Arab Emirates,female,176,1,120,120,20,2,4,8.8
1419916,4,Bahrain,female,41,10,99,99,3,0,11,2.48
1419916,36,Indonesia,female,129,5,120,120,7,1,20,6.45
1419917,8,Bhutan,female,65,4,120,120,5,0,4,3.25
1419917,56,Nepal,female,66,2,71,71,3,2,11,5.58
1419918,54,Myanmar,female,88,5,87,87,8,0,18,6.07
1419918,74,Singapore,female,87,8,120,120,3,0,28,4.35
1419919,16,China,female,75,10,119,119,7,0,12,3.78
1419919,40,Japan,female,76,6,111,111,9,0,4,4.11
1419920,47,Malaysia,female,115,9,120,120,8,0,17,5.75
1419920,66,Qatar,female,76,10,118,118,4,0,14,3.86
1419921,34,Hong Kong,female,222,1,120,120,26,1,22,11.1
1419921,48,Maldives,female,50,10,94,94,7,0,9,3.19
1419922,43,Kuwait,female,125,8,120,120,10,1,21,6.25
1419922,54,Myanmar,female,98,8,120,120,6,0,14,4.9
1419923,16,China,female,59,2,80,80,2,0,9,4.42
1419923,61,Oman,female,56,10,118,118,4,0,17,2.85
1419924,4,Bahrain,female,62,10,102,102,9,0,5,3.65
1419924,47,Malaysia,female,188,3,120,120,23,0,22,9.4
1419925,8,Bhutan,female,88,6,120,120,8,0,15,4.4
1419925,34,Hong Kong,female,160,3,120,120,19,0,16,8.0
1419926,74,Singapore,female,76,10,113,113,6,1,13,4.04
1419926,82,Thailand,female,162,5,120,120,22,1,5,8.1
1419927,40,Japan,female,67,7,120,120,7,0,9,3.35
1419927,85,United Arab Emirates,female,68,0,63,63,8,0,10,6.48
1419928,36,Indonesia,female,70,1,73,73,7,1,9,5.75
1419928,66,Qatar,female,67,9,120,120,2,1,19,3.35
1419929,48,Maldives,female,13,10,83,83,1,0,2,0.94
1419929,56,Nepal,female,227,4,120,120,20,6,16,11.35
1419930,34,Hong Kong,female,92,8,120,120,6,1,13,4.6
1419930,82,Thailand,female,93,7,115,115,8,0,14,4.85
1419931,36,Indonesia,female,66,6,120,120,4,0,17,3.3
1419931,85,United Arab Emirates,female,122,6,120,120,14,0,15,6.1
1419932,40,Japan,female,85,7,120,120,8,0,8,4.25
1419932,47,Malaysia,female,101,3,120,120,7,0,6,5.05
1419933,43,Kuwait,female,73,9,120,120,4,1,4,3.65
1419933,56,Nepal,female,50,2,41,41,4,0,6,7.32
1419934,82,Thailand,female,66,10,116,116,3,0,4,3.41
1419934,85,United Arab Emirates,female,70,7,120,120,4,0,3,3.5
1419935,47,Malaysia,female,116,6,119,119,7,0,5,5.85
1419935,56,Nepal,female,115,6,120,120,7,2,10,5.75
1419936,47,Malaysia,female,68,9,120,120,2,0,5,3.4
1419936,85,United Arab Emirates,female,105,3,120,120,7,3,5,5.25
1420223,131,India,male,102,10,119,119,13,1,4,5.14
1420223,199,Zimbabwe,male,115,9,120,120,15,1,2,5.75
1420224,131,India,male,234,2,120,120,20,14,7,11.7
1420224,199,Zimbabwe,male,134,10,112,112,10,4,11,7.18
1420225,131,India,male,182,4,120,120,18,8,8,9.1
1420225,199,Zimbabwe,male,159,6,120,120,17,4,5,7.95
1420226,131,India,male,156,0,92,92,19,4,5,10.17
1420226,199,Zimbabwe,male,152,7,120,120,10,3,14,7.6
1420227,131,India,male,167,6,120,120,6,11,10,8.35
1420227,199,Zimbabwe,male,125,10,111,111,13,3,9,6.76
1420801,100,Bhutan,male,70,10,108,108,6,1,4,3.89
1420801,188,Thailand,male,72,0,41,41,12,0,4,10.54
1420802,147,Maldives,male,88,8,120,120,8,1,9,4.4
1420802,171,Saudi Arabia,male,186,6,120,120,22,3,17,9.3
1420803,171,Saudi Arabia,male,115,5,97,97,17,1,5,7.11
1420803,188,Thailand,male,112,7,120,120,10,3,12,5.6
1420804,100,Bhutan,male,115,6,120,120,9,1,12,5.75
1420804,147,Maldives,male,119,1,87,87,10,4,10,8.21
1420805,147,Maldives,male,105,10,111,111,7,5,13,5.68
1420805,188,Thailand,male,109,2,78,78,13,3,4,8.38
1420806,100,Bhutan,male,55,10,86,86,5,1,4,3.84
1420806,171,Saudi Arabia,male,221,3,120,120,26,9,8,11.05
1420807,171,Saudi Arabia,male,108,2,68,68,15,1,13,9.53
1420807,188,Thailand,male,104,9,120,120,9,2,14,5.2
1420808,100,Bhutan,male,141,6,116,116,12,4,16,7.29
1420808,147,Maldives,male,138,6,120,120,7,4,9,6.9
1421078,172,Scotland,male,147,8,120,120,12,4,9,7.35
1421078,193,United Arab Emirates,male,149,2,106,106,11,5,11,8.43
1421079,172,Scotland,male,121,8,120,120,11,1,3,6.05
1421079,193,United Arab Emirates,male,112,9,120,120,8,1,3,5.6
1421080,172,Scotland,male,94,10,118,118,4,2,8,4.78
1421080,193,United Arab Emirates,male,62,10,92,92,5,0,10,4.04
1422037,154,Namibia,male,206,4,120,120,19,12,9,10.3
1422037,155,Nepal,male,186,10,113,113,12,10,7,9.88
1422038,155,Nepal,male,182,8,120,120,17,8,5,9.1
1422038,156,Netherlands,male,184,4,120,120,18,4,13,9.2
1422039,154,Namibia,male,188,7,120,120,13,12,12,9.4
1422039,156,Netherlands,male,247,5,120,120,20,18,4,12.35
1422040,154,Namibia,male,177,7,120,120,17,5,11,8.85
1422040,155,Nepal,male,180,8,120,120,10,11,8,9.0
1422041,155,Nepal,male,121,4,92,92,7,3,11,7.89
1422041,156,Netherlands,male,120,10,117,117,8,3,8,6.15
1422042,154,Namibia,male,98,4,90,90,10,4,0,6.53
1422042,156,Netherlands,male,0,0,0,0,0,0,0,0.0
1422043,155,Nepal,male,184,8,120,120,6,13,10,9.2
1422043,156,Netherlands,male,189,6,117,117,14,12,9,9.69
1422802,128,Hong Kong,male,172,8,120,120,14,5,5,8.6
1422802,167,Qatar,male,162,7,120,120,15,6,12,8.1
1422803,128,Hong Kong,male,197,5,120,120,19,8,6,9.85
1422803,167,Qatar,male,200,6,115,115,18,11,10,10.43
1422804,128,Hong Kong,male,125,8,120,120,13,1,7,6.25
1422804,167,Qatar,male,125,10,120,120,12,4,7,6.25
1422807,187,Tanzania,male,119,10,108,108,6,6,9,6.61
1422807,196,Vanuatu,male,128,5,120,120,6,4,3,6.4
1422808,95,Bahrain,male,99,2,76,76,8,4,5,7.82
1422808,142,Kuwait,male,123,10,118,118,8,2,14,6.25
1422809,142,Kuwait,male,103,5,103,103,10,2,4,6.0
1422809,187,Tanzania,male,97,7,120,120,5,3,8,4.85
1422810,146,Malaysia,male,148,7,120,120,12,3,10,7.4
1422810,196,Vanuatu,male,96,9,120,120,4,1,7,4.8
1422811,95,Bahrain,male,112,1,101,101,4,6,5,6.65
1422811,146,Malaysia,male,110,6,120,120,10,0,1,5.5
1422812,142,Kuwait,male,105,2,79,79,9,2,5,7.97
1422812,196,Vanuatu,male,102,7,120,120,4,5,5,5.1
1422813,142,Kuwait,male,87,10,112,112,3,1,6,4.66
1422813,146,Malaysia,male,88,3,82,82,3,5,2,6.44
1422814,95,Bahrain,male,135,8,120,120,7,6,4,6.75
1422814,187,Tanzania,male,83,10,120,120,2,3,1,4.15
1422815,95,Bahrain,male,166,4,120,120,8,6,6,8.3
1422815,196,Vanuatu,male,110,10,112,112,4,2,14,5.89
1422816,146,Malaysia,male,86,4,88,88,7,2,7,5.86
1422816,187,Tanzania,male,83,10,110,110,8,0,6,4.53
1422817,142,Kuwait,male,109,3,69,69,8,5,11,9.48
1422817,196,Vanuatu,male,106,7,120,120,7,3,8,5.3
1422818,95,Bahrain,male,82,2,94,94,5,5,1,5.23
1422818,146,Malaysia,male,77,9,120,120,3,1,4,3.85
1423372,160,Oman,male,137,7,117,117,9,4,9,7.03
1423372,163,Papua New Guinea,male,136,6,120,120,9,2,9,6.8
1423373,160,Oman,male,145,7,120,120,13,5,2,7.25
1423373,163,Papua New Guinea,male,148,2,116,116,13,5,8,7.66
1423374,160,Oman,male,128,6,114,114,6,6,8,6.74
1423374,163,Papua New Guinea,male,127,6,120,120,11,0,14,6.35
1423439,128,Hong Kong,male,212,6,120,120,13,17,11,10.6
1423439,155,Nepal,male,139,10,100,100,11,6,11,8.34
1423440,128,Hong Kong,male,65,2,48,48,7,2,1,8.12
1423440,155,Nepal,male,0,0,0,0,0,0,0,0.0
1423441,155,Nepal,male,198,6,120,120,10,15,3,9.9
1423441,163,Papua New Guinea,male,113,10,96,96,7,5,6,7.06
1423442,128,Hong Kong,male,121,10,111,111,4,9,8,6.54
1423442,163,Papua New Guinea,male,124,0,76,76,11,4,12,9.79
1423444,155,Nepal,male,85,10,99,99,10,0,16,5.15
1423444,163,Papua New Guinea,male,171,8,120,120,11,9,13,8.55
1423459,55,Namibia,female,89,7,120,120,6,2,6,4.45
1423459,75,South Africa,female,29,4,36,36,2,0,7,4.83
1423460,59,Nigeria,female,0,0,0,0,0,0,0,0.0
1423460,81,Tanzania,female,58,3,60,60,4,0,9,5.8
1423463,75,South Africa,female,67,2,62,62,7,0,5,6.48
1423463,81,Tanzania,female,66,10,111,111,0,0,7,3.57
1423464,55,Namibia,female,56,10,112,112,3,0,4,3.0
1423464,59,Nigeria,female,111,6,120,120,9,0,24,5.55
1423465,84,Uganda,female,72,10,120,120,3,0,12,3.6
1423465,90,Zimbabwe,female,75,6,118,118,4,0,9,3.81
1423467,55,Namibia,female,103,8,120,120,6,2,9,5.15
1423467,81,Tanzania,female,107,9,112,112,6,2,14,5.73
1423470,68,Rwanda,female,76,8,120,120,4,1,5,3.8
1423470,84,Uganda,female,106,2,120,120,11,0,12,5.3
1423471,75,South Africa,female,122,4,120,120,5,1,4,6.1
1423471,84,Uganda,female,72,10,112,112,3,0,12,3.86
1423472,59,Nigeria,female,74,9,120,120,5,0,14,3.7
1423472,90,Zimbabwe,female,75,5,96,96,6,0,10,4.69
1423473,59,Nigeria,female,78,7,116,116,8,0,3,4.03
1423473,84,Uganda,female,76,8,120,120,2,0,10,3.8
1423474,75,South Africa,female,112,8,120,120,10,0,13,5.6
1423474,90,Zimbabwe,female,112,5,120,120,8,1,6,5.6
1424752,154,Namibia,male,162,8,120,120,18,2,10,8.1
1424752,199,Zimbabwe,male,197,6,120,120,15,8,10,9.85
1424753,158,Nigeria,male,84,10,111,111,5,1,9,4.54
1424753,187,Tanzania,male,131,6,120,120,14,2,14,6.55
1424754,124,Ghana,male,103,7,120,120,10,1,7,5.15
1424754,178,South Africa,male,237,2,120,120,18,13,14,11.85
1424755,141,Kenya,male,97,10,100,100,6,4,12,5.82
1424755,192,Uganda,male,169,7,120,120,16,7,3,8.45
1424756,187,Tanzania,male,86,10,119,119,6,0,12,4.34
1424756,199,Zimbabwe,male,90,6,99,99,4,2,8,5.45
1424757,154,Namibia,male,121,7,120,120,5,3,16,6.05
1424757,158,Nigeria,male,126,7,120,120,8,4,4,6.3
1424759,124,Ghana,male,73,10,96,96,5,2,8,4.56
1424759,192,Uganda,male,194,5,120,120,17,9,5,9.7
1424761,124,Ghana,male,111,10,111,111,8,2,15,6.0
1424761,141,Kenya,male,115,3,67,67,13,5,7,10.3
1424762,158,Nigeria,male,88,9,106,106,5,1,12,4.98
1424762,199,Zimbabwe,male,91,0,96,96,9,0,5,5.69
1424763,154,Namibia,male,72,3,75,75,7,2,4,5.76
1424763,187,Tanzania,male,71,9,120,120,3,0,14,3.55
1424764,154,Namibia,male,111,7,120,120,8,0,7,5.55
1424764,192,Uganda,male,87,9,120,120,3,2,5,4.35
1424765,141,Kenya,male,126,10,117,117,10,5,9,6.46
1424765,199,Zimbabwe,male,196,5,120,120,12,12,15,9.8
1424766,141,Kenya,male,100,9,120,120,6,1,15,5.0
1424766,192,Uganda,male,206,6,120,120,8,16,16,10.3
1424767,154,Namibia,male,113,7,120,120,8,3,10,5.65
1424767,199,Zimbabwe,male,114,2,89,89,8,4,8,7.69
1424829,157,New Zealand,male,2,1,2,2,0,0,2,6.0
1424829,161,Pakistan,male,0,0,0,0,0,0,0,0.0
1424830,157,New Zealand,male,90,10,109,109,8,2,2,4.95
1424830,161,Pakistan,male,92,3,73,73,10,2,4,7.56
1424831,157,New Zealand,male,179,3,110,110,17,6,6,9.76
1424831,161,Pakistan,male,178,4,120,120,17,5,9,8.9
1424832,157,New Zealand,male,178,7,120,120,13,5,14,8.9
1424832,161,Pakistan,male,174,8,120,120,16,5,13,8.7
1424833,157,New Zealand,male,169,10,116,116,18,5,13,8.74
1424833,161,Pakistan,male,178,5,120,120,14,5,9,8.9
1425064,2,Australia,female,127,0,78,78,18,1,7,9.77
1425064,5,Bangladesh,female,126,4,120,120,10,1,15,6.3
1425065,2,Australia,female,161,8,120,120,22,1,0,8.05
1425065,5,Bangladesh,female,103,9,120,120,10,1,3,5.15
1425066,2,Australia,female,155,6,120,120,12,5,10,7.75
1425066,5,Bangladesh,female,78,10,109,109,9,0,8,4.29
1425110,146,Malaysia,male,129,9,120,120,13,2,10,6.45
1425110,163,Papua New Guinea,male,206,3,120,120,21,6,12,10.3
1425111,146,Malaysia,male,161,4,120,120,15,5,8,8.05
1425111,163,Papua New Guinea,male,98,10,102,102,4,5,5,5.76
1425121,106,Canada,male,132,10,120,120,14,2,7,6.6
1425121,194,United States of America,male,133,4,105,105,13,6,3,7.6
1425122,106,Canada,male,199,10,118,118,16,11,14,10.12
1425122,194,United States of America,male,230,3,120,120,21,14,4,11.5
1425124,106,Canada,male,145,6,120,120,11,4,12,7.25
1425124,194,United States of America,male,159,6,120,120,13,5,9,7.95
1425125,106,Canada,male,168,5,120,120,17,6,6,8.4
1425125,194,United States of America,male,169,6,118,118,14,7,9,8.59
1425126,96,Bangladesh,male,126,2,92,92,14,3,4,8.22
1425126,199,Zimbabwe,male,124,10,120,120,15,2,9,6.2
1425127,96,Bangladesh,male,142,4,111,111,8,7,9,7.68
1425127,199,Zimbabwe,male,138,7,120,120,9,6,7,6.9
1425128,96,Bangladesh,male,165,5,120,120,13,5,10,8.25
1425128,199,Zimbabwe,male,156,9,120,120,12,5,13,7.8
1425129,96,Bangladesh,male,143,10,119,119,12,3,15,7.21
1425129,199,Zimbabwe,male,138,10,118,118,12,6,6,7.02
1425130,96,Bangladesh,male,157,6,120,120,12,6,6,7.85
1425130,199,Zimbabwe,male,158,2,111,111,12,9,7,8.54
1425131,96,Bangladesh,male,153,6,120,120,12,4,12,7.65
1425131,194,United States of America,male,156,5,117,117,7,8,12,8.0
1425132,96,Bangladesh,male,138,10,117,117,9,4,10,7.08
1425132,194,United States of America,male,144,6,120,120,12,5,11,7.2
1425133,96,Bangladesh,male,108,0,70,70,9,5,7,9.26
1425133,194,United States of America,male,104,9,120,120,10,3,8,5.2
1425638,78,Sri Lanka,female,122,5,120,120,14,0,6,6.1
1425638,82,Thailand,female,55,10,98,98,5,0,7,3.37
1425639,37,Ireland,female,106,4,97,97,13,0,7,6.56
1425639,85,United Arab Emirates,female,105,9,120,120,7,0,5,5.25
1425640,71,Scotland,female,161,3,120,120,16,3,5,8.05
1425640,84,Uganda,female,52,10,74,74,5,0,7,4.22
1425641,87,Vanuatu,female,62,4,99,99,8,0,1,3.76
1425641,90,Zimbabwe,female,61,10,81,81,7,0,13,4.52
1425642,57,Netherlands,female,154,6,120,120,16,0,22,7.7
1425642,87,Vanuatu,female,54,9,118,118,3,0,5,2.75
1425643,84,Uganda,female,111,2,110,110,11,1,8,6.05
1425643,86,United States of America,female,110,5,120,120,7,0,9,5.5
1425644,85,United Arab Emirates,female,105,9,120,120,10,0,10,5.25
1425644,90,Zimbabwe,female,106,2,93,93,9,0,9,6.84
1425645,71,Scotland,female,94,10,109,109,13,0,9,5.17
1425645,78,Sri Lanka,female,95,0,61,61,13,1,12,9.34
1425646,71,Scotland,female,149,6,120,120,16,1,16,7.45
1425646,86,United States of America,female,105,8,120,120,7,0,13,5.25
1425647,37,Ireland,female,176,3,120,120,20,3,6,8.8
1425647,90,Zimbabwe,female,120,8,120,120,9,0,8,6.0
1425648,82,Thailand,female,64,1,69,69,9,0,3,5.57
1425648,84,Uganda,female,62,10,106,106,3,0,3,3.51
1425649,57,Netherlands,female,101,9,121,121,8,1,9,5.01
1425649,85,United Arab Emirates,female,104,0,71,71,14,2,2,8.79
1425650,57,Netherlands,female,135,6,120,120,14,1,7,6.75
1425650,90,Zimbabwe,female,121,4,120,120,11,0,18,6.05
1425651,78,Sri Lanka,female,154,4,120,120,14,4,10,7.7
1425651,84,Uganda,female,87,10,116,116,10,1,4,4.5
1425652,37,Ireland,female,89,1,75,75,10,0,6,7.12
1425652,87,Vanuatu,female,88,9,120,120,9,0,8,4.4
1425653,82,Thailand,female,56,1,57,57,7,0,6,5.89
1425653,86,United States of America,female,54,10,107,107,5,0,5,3.03
1425654,71,Scotland,female,100,4,107,107,12,0,4,5.61
1425654,82,Thailand,female,99,5,120,120,6,0,12,4.95
1425655,85,United Arab Emirates,female,133,7,120,120,12,0,13,6.65
1425655,87,Vanuatu,female,63,8,120,120,4,0,9,3.15
1425656,78,Sri Lanka,female,123,4,120,120,13,0,10,6.15
1425656,86,United States of America,female,105,6,120,120,10,0,8,5.25
1425657,37,Ireland,female,144,4,120,120,15,2,8,7.2
1425657,57,Netherlands,female,90,10,105,105,6,1,4,5.14
1425658,37,Ireland,female,110,9,120,120,10,0,5,5.5
1425658,71,Scotland,female,112,2,98,98,9,1,12,6.86
1425659,78,Sri Lanka,female,149,6,120,120,15,2,9,7.45
1425659,85,United Arab Emirates,female,134,7,120,120,7,4,3,6.7
1425660,71,Scotland,female,101,7,120,120,9,1,12,5.05
1425660,78,Sri Lanka,female,169,5,120,120,19,5,9,8.45
1426048,63,Papua New Guinea,female,110,4,120,120,11,0,12,5.5
1426048,90,Zimbabwe,female,111,2,106,106,12,1,4,6.28
1426049,63,Papua New Guinea,female,119,6,120,120,8,0,19,5.95
1426049,90,Zimbabwe,female,119,6,120,120,13,0,8,5.95
1426050,63,Papua New Guinea,female,104,4,120,120,11,1,16,5.2
1426050,90,Zimbabwe,female,136,6,120,120,17,0,4,6.8
1426084,62,Pakistan,female,121,8,120,120,11,0,8,6.05
1426084,88,West Indies,female,122,9,120,120,14,0,10,6.1
1426085,62,Pakistan,female,121,7,120,120,11,0,9,6.05
1426085,88,West Indies,female,124,3,110,110,12,0,13,6.76
1426086,62,Pakistan,female,130,8,120,120,13,0,9,6.5
1426086,88,West Indies,female,132,5,120,120,11,0,10,6.6
1426087,62,Pakistan,female,87,2,99,99,8,0,1,5.27
1426087,88,West Indies,female,84,9,120,120,4,1,6,4.2
1426088,62,Pakistan,female,134,8,120,120,14,0,9,6.7
1426088,88,West Indies,female,136,2,110,110,17,0,2,7.42
1426450,154,Namibia,male,114,6,112,112,11,1,16,6.11
1426450,160,Oman,male,109,9,120,120,5,3,4,5.45
1426451,154,Namibia,male,131,9,120,120,12,2,7,6.55
1426451,160,Oman,male,137,7,120,120,10,5,5,6.85
1426452,154,Namibia,male,101,8,120,120,11,0,3,5.05
1426452,160,Oman,male,104,2,67,67,7,7,3,9.31
1426453,154,Namibia,male,164,4,120,120,11,8,6,8.2
1426453,160,Oman,male,140,9,120,120,16,3,11,7.0
1426454,154,Namibia,male,212,3,120,120,12,16,12,10.6
1426454,160,Oman,male,150,10,111,111,11,6,12,8.11
1426455,95,Bahrain,male,174,8,120,120,14,7,10,8.7
1426455,160,Oman,male,177,3,120,120,10,9,5,8.85
1426456,142,Kuwait,male,178,8,120,120,11,10,13,8.9
1426456,193,United Arab Emirates,male,179,3,105,105,13,12,4,10.23
1426457,146,Malaysia,male,143,3,120,120,11,6,5,7.15
1426457,155,Nepal,male,144,5,116,116,11,4,2,7.45
1426458,128,Hong Kong,male,201,7,120,120,12,12,5,10.05
1426458,167,Qatar,male,175,8,120,120,16,8,6,8.75
1426459,104,Cambodia,male,141,5,120,120,14,5,9,7.05
1426459,142,Kuwait,male,144,2,68,68,13,8,17,12.71
1426460,95,Bahrain,male,199,8,120,120,11,14,8,9.95
1426460,193,United Arab Emirates,male,236,6,120,120,16,17,7,11.8
1426461,155,Nepal,male,210,7,120,120,17,10,12,10.5
1426461,167,Qatar,male,178,9,120,120,18,5,10,8.9
1426462,146,Malaysia,male,146,7,120,120,14,2,7,7.3
1426462,171,Saudi Arabia,male,134,10,115,115,9,5,10,6.99
1426463,104,Cambodia,male,91,7,66,66,3,6,8,8.27
1426463,160,Oman,male,154,6,66,66,12,13,2,14.0
1426464,128,Hong Kong,male,147,10,113,113,12,3,12,7.81
1426464,171,Saudi Arabia,male,202,8,120,120,18,8,11,10.1
1426465,128,Hong Kong,male,114,10,107,107,9,1,8,6.39
1426465,155,Nepal,male,117,2,74,74,10,6,1,9.49
1426466,146,Malaysia,male,151,5,108,108,10,2,9,8.39
1426466,167,Qatar,male,153,6,104,104,12,7,6,8.83
1426467,160,Oman,male,147,1,76,76,9,11,5,11.61
1426467,193,United Arab Emirates,male,142,5,90,90,12,4,12,9.47
1426468,95,Bahrain,male,135,6,90,90,13,4,15,9.0
1426468,142,Kuwait,male,161,7,90,90,14,8,5,10.73
1426469,167,Qatar,male,153,9,120,120,10,6,9,7.65
1426469,171,Saudi Arabia,male,138,8,120,120,8,7,8,6.9
1426470,95,Bahrain,male,87,3,79,79,8,4,4,6.61
1426470,104,Cambodia,male,83,10,104,104,6,2,4,4.79
1426471,128,Hong Kong,male,144,3,73,73,7,11,2,11.84
1426471,146,Malaysia,male,140,9,120,120,8,4,5,7.0
1426472,155,Nepal,male,75,4,44,44,6,3,6,10.23
1426472,171,Saudi Arabia,male,73,7,48,48,3,5,5,9.12
1426473,104,Cambodia,male,76,10,114,114,3,4,4,4.0
1426473,193,United Arab Emirates,male,79,1,31,31,11,3,5,15.29
1426474,142,Kuwait,male,154,9,120,120,12,6,9,7.7
1426474,160,Oman,male,200,9,120,120,15,11,10,10.0
1426475,155,Nepal,male,119,9,120,120,5,6,6,5.95
1426475,193,United Arab Emirates,male,123,4,104,104,9,5,2,7.1
1426476,128,Hong Kong,male,130,9,120,120,13,2,5,6.5
1426476,160,Oman,male,132,5,116,116,10,3,6,6.83
1426477,128,Hong Kong,male,140,6,117,117,8,5,5,7.18
1426477,155,Nepal,male,139,8,120,120,9,4,11,6.95
1426478,160,Oman,male,149,9,120,120,14,5,8,7.45
1426478,193,United Arab Emirates,male,204,4,120,120,14,12,11,10.2
1426479,140,Jersey,male,195,5,120,120,11,12,9,9.75
1426479,180,Spain,male,197,5,118,118,10,13,14,10.02
1426480,140,Jersey,male,141,10,119,119,9,7,1,7.11
1426480,180,Spain,male,145,9,119,119,13,4,11,7.31
1426552,92,Australia,male,93,4,42,42,9,6,3,13.29
1426552,161,Pakistan,male,64,9,42,42,7,3,2,9.14
1426553,92,Australia,male,147,9,120,120,12,4,8,7.35
1426553,161,Pakistan,male,134,10,118,118,10,2,15,6.81
1426554,92,Australia,male,118,3,68,68,13,6,3,10.41
1426554,161,Pakistan,male,117,10,109,109,11,1,6,6.44
1426617,2,Australia,female,145,5,112,112,20,0,7,7.77
1426617,58,New Zealand,female,143,7,120,120,11,0,14,7.15
1426618,2,Australia,female,142,10,117,117,16,0,6,7.28
1426618,58,New Zealand,female,113,7,120,120,7,1,7,5.65
1426619,2,Australia,female,148,5,115,115,20,0,9,7.72
1426619,58,New Zealand,female,146,6,120,120,15,2,11,7.3
1426626,2,Australia,female,198,7,120,120,24,3,15,9.9
1426626,23,England,female,141,10,96,96,16,5,6,8.81
1426627,2,Australia,female,185,5,120,120,22,4,16,9.25
1426627,23,England,female,168,4,115,115,22,2,6,8.77
1426628,2,Australia,female,162,5,120,120,14,1,6,8.1
1426628,23,England,female,90,10,105,105,9,1,5,5.14
1426756,56,Nepal,female,118,4,97,97,14,0,14,7.3
1426756,85,United Arab Emirates,female,115,8,120,120,10,0,2,5.75
1426757,35,India,female,112,3,85,85,19,1,2,7.91
1426757,62,Pakistan,female,108,10,116,116,11,2,7,5.59
1426758,47,Malaysia,female,111,8,120,120,11,0,11,5.55
1426758,82,Thailand,female,133,6,120,120,15,0,10,6.65
1426759,5,Bangladesh,female,111,8,120,120,13,0,10,5.55
1426759,78,Sri Lanka,female,114,3,103,103,14,2,5,6.64
1426760,35,India,female,201,5,120,120,25,4,5,10.05
1426760,85,United Arab Emirates,female,123,7,120,120,12,2,5,6.15
1426761,56,Nepal,female,108,6,120,120,15,1,1,5.4
1426761,62,Pakistan,female,110,1,71,71,18,0,6,9.3
1426762,47,Malaysia,female,40,10,119,119,2,0,6,2.02
1426762,78,Sri Lanka,female,184,4,120,120,23,7,7,9.2
1426763,5,Bangladesh,female,100,3,105,105,12,0,3,5.71
1426763,82,Thailand,female,96,9,120,120,9,0,3,4.8
1426764,62,Pakistan,female,107,0,85,85,12,0,8,7.55
1426764,85,United Arab Emirates,female,103,8,120,120,8,0,2,5.15
1426765,35,India,female,178,3,120,120,24,2,6,8.9
1426765,56,Nepal,female,96,9,120,120,12,1,8,4.8
1426766,5,Bangladesh,female,191,2,120,120,20,4,10,9.55
1426766,47,Malaysia,female,77,8,120,120,8,0,8,3.85
1426767,78,Sri Lanka,female,94,0,69,69,6,5,6,8.17
1426767,82,Thailand,female,93,7,120,120,11,0,5,4.65
1426768,5,Bangladesh,female,80,8,120,120,6,1,4,4.0
1426768,35,India,female,83,0,66,66,11,1,2,7.55
1426769,62,Pakistan,female,140,4,120,120,13,2,6,7.0
1426769,78,Sri Lanka,female,141,7,119,119,16,2,11,7.11
1426770,35,India,female,165,6,120,120,21,2,4,8.25
1426770,78,Sri Lanka,female,167,2,112,112,16,6,6,8.95
1426830,134,Ireland,male,183,5,119,119,20,6,9,9.23
1426830,161,Pakistan,male,182,6,120,120,17,10,8,9.1
1426831,134,Ireland,male,193,7,120,120,23,6,7,9.65
1426831,161,Pakistan,male,195,3,101,101,13,15,6,11.58
1426832,134,Ireland,male,178,7,120,120,18,7,11,8.9
1426832,161,Pakistan,male,181,4,102,102,15,10,12,10.65
1427420,24,Estonia,female,47,10,75,75,1,0,27,3.76
1427420,31,Gibraltar,female,147,6,120,120,10,0,52,7.35
1427421,24,Estonia,female,30,10,75,75,0,0,17,2.4
1427421,31,Gibraltar,female,158,3,120,120,9,0,35,7.9
1427422,24,Estonia,female,48,10,102,102,0,0,31,2.82
1427422,31,Gibraltar,female,136,5,120,120,4,0,50,6.8
1428151,156,Netherlands,male,167,8,120,120,10,7,6,8.35
1428151,172,Scotland,male,126,10,109,109,9,4,5,6.94
1428152,134,Ireland,male,150,8,120,120,17,5,3,7.5
1428152,156,Netherlands,male,149,8,120,120,10,4,11,7.45
1428154,156,Netherlands,male,87,10,89,89,6,1,7,5.87
1428154,172,Scotland,male,158,7,120,120,10,8,13,7.9
1428155,134,Ireland,male,158,5,117,117,13,2,7,8.1
1428155,172,Scotland,male,157,8,120,120,9,7,12,7.85
1428156,134,Ireland,male,161,6,120,120,13,7,4,8.05
1428156,156,Netherlands,male,158,5,120,120,13,4,3,7.9
1428743,111,Costa Rica,male,82,10,103,103,9,0,5,4.78
1428743,150,Mexico,male,104,6,120,120,10,0,11,5.2
1428744,111,Costa Rica,male,64,10,109,109,4,0,13,3.52
1428744,150,Mexico,male,106,5,120,120,9,0,8,5.3
1428745,111,Costa Rica,male,120,9,120,120,7,3,12,6.0
1428745,150,Mexico,male,78,10,108,108,3,1,12,4.33
1428746,111,Costa Rica,male,35,10,67,67,1,1,9,3.13
1428746,150,Mexico,male,93,9,120,120,6,1,5,4.65
1429008,37,Ireland,female,83,2,80,80,8,0,5,6.22
1429008,82,Thailand,female,79,10,115,115,5,0,2,4.12
1429009,36,Indonesia,female,165,1,120,120,13,1,15,8.25
1429009,52,Mongolia,female,43,10,117,117,0,0,11,2.21
1429010,36,Indonesia,female,138,3,120,120,4,0,20,6.9
1429010,52,Mongolia,female,34,10,85,85,0,0,14,2.4
1429011,36,Indonesia,female,29,0,21,21,1,1,7,8.29
1429011,52,Mongolia,female,28,6,90,90,1,0,6,1.87
1429012,36,Indonesia,female,148,4,119,119,4,0,33,7.46
1429012,52,Mongolia,female,28,10,119,119,0,0,11,1.41
1429013,36,Indonesia,female,151,5,120,120,8,1,37,7.55
1429013,52,Mongolia,female,24,10,98,98,0,0,10,1.47
1429014,36,Indonesia,female,52,0,57,57,0,0,16,5.47
1429014,52,Mongolia,female,51,6,120,120,1,0,26,2.55
1429393,5,Bangladesh,female,101,8,120,120,9,1,3,5.05
1429393,35,India,female,145,7,119,119,19,2,0,7.31
1429394,5,Bangladesh,female,119,10,120,120,14,0,8,5.95
1429394,35,India,female,47,1,32,32,5,2,1,8.81
1429395,5,Bangladesh,female,117,8,120,120,8,0,9,5.85
1429395,35,India,female,121,3,111,111,14,1,0,6.54
1429396,5,Bangladesh,female,68,7,84,84,7,0,5,4.86
1429396,35,India,female,122,6,84,84,14,3,4,8.71
1429397,5,Bangladesh,female,135,6,120,120,13,0,11,6.75
1429397,35,India,female,156,5,120,120,15,4,8,7.8
1429622,9,Botswana,female,143,9,120,120,10,0,45,7.15
1429622,44,Lesotho,female,30,10,63,63,2,0,7,2.86
1429623,53,Mozambique,female,85,9,120,120,9,0,11,4.25
1429623,68,Rwanda,female,86,0,61,61,11,0,21,8.46
1429624,44,Lesotho,female,18,10,70,70,1,0,6,1.54
1429624,68,Rwanda,female,19,0,14,14,0,0,8,8.14
1429625,9,Botswana,female,105,1,81,81,9,0,21,7.78
1429625,53,Mozambique,female,101,6,120,120,6,0,28,5.05
1429626,9,Botswana,female,69,9,120,120,1,0,15,3.45
1429626,68,Rwanda,female,72,3,86,86,8,0,16,5.02
1429627,44,Lesotho,female,54,9,120,120,2,0,20,2.7
1429627,53,Mozambique,female,178,7,120,120,13,1,56,8.9
1429628,9,Botswana,female,64,1,71,71,2,0,8,5.41
1429628,53,Mozambique,female,63,10,116,116,3,0,27,3.26
1429630,53,Mozambique,female,32,10,101,101,3,0,5,1.9
1429630,68,Rwanda,female,34,3,37,37,3,0,5,5.51
1429631,9,Botswana,female,152,3,120,120,10,0,26,7.6
1429631,44,Lesotho,female,52,8,120,120,2,0,20,2.6
1429632,9,Botswana,female,40,10,98,98,3,0,2,2.45
1429632,68,Rwanda,female,41,2,61,61,5,0,3,4.03
1429634,44,Lesotho,female,84,9,120,120,1,0,29,4.2
1429634,53,Mozambique,female,128,8,120,120,6,0,43,6.4
1429635,9,Botswana,female,70,5,120,120,3,1,8,3.5
1429635,68,Rwanda,female,72,2,90,90,8,0,12,4.8
1430812,37,Ireland,female,145,6,120,120,13,0,5,7.25
1430812,78,Sri Lanka,female,149,3,100,100,21,2,11,8.94
1430813,37,Ireland,female,173,3,120,120,22,2,3,8.65
1430813,78,Sri Lanka,female,166,7,120,120,17,5,10,8.3
1430820,23,England,female,176,10,120,120,26,1,4,8.8
1430820,37,Ireland,female,109,10,111,111,11,0,12,5.89
1430821,23,England,female,169,8,120,120,19,1,16,8.45
1430821,37,Ireland,female,170,5,119,119,22,0,18,8.57
1431086,134,Ireland,male,171,8,120,120,18,4,20,8.55
1431086,178,South Africa,male,174,2,106,106,13,10,11,9.85
1431087,134,Ireland,male,195,6,120,120,13,10,10,9.75
1431087,178,South Africa,male,185,9,120,120,13,8,10,9.25
1431120,139,Japan,male,199,5,120,120,17,5,27,9.95
1431120,151,Mongolia,male,33,10,76,76,2,0,8,2.61
1431121,139,Japan,male,217,7,120,120,19,6,31,10.85
1431121,151,Mongolia,male,12,10,50,50,0,0,3,1.44
1431122,139,Japan,male,253,4,120,120,23,10,23,12.65
1431122,151,Mongolia,male,4,1,10,10,0,0,0,2.4
1431123,139,Japan,male,27,0,8,8,4,0,4,20.25
1431123,151,Mongolia,male,26,10,92,92,1,0,8,1.7
1431124,139,Japan,male,223,7,120,120,22,5,19,11.15
1431124,151,Mongolia,male,43,10,108,108,3,0,9,2.39
1431125,139,Japan,male,216,3,120,120,18,4,20,10.8
1431125,151,Mongolia,male,58,9,120,120,4,0,14,2.9
1431126,139,Japan,male,232,5,120,120,20,7,18,11.6
1431126,151,Mongolia,male,75,10,99,99,5,1,16,4.55
1431607,132,Indonesia,male,129,7,120,120,5,6,12,6.45
1431607,188,Thailand,male,137,8,120,120,3,9,5,6.85
1431608,132,Indonesia,male,91,4,86,86,7,3,10,6.35
1431608,188,Thailand,male,90,10,109,109,3,2,12,4.95
1431609,132,Indonesia,male,126,9,120,120,5,4,15,6.3
1431609,188,Thailand,male,93,9,120,120,3,3,6,4.65
1431610,132,Indonesia,male,128,5,120,120,9,1,13,6.4
1431610,188,Thailand,male,145,9,120,120,10,4,11,7.25
1431611,132,Indonesia,male,117,8,120,120,8,5,6,5.85
1431611,188,Thailand,male,122,4,104,104,11,2,12,7.04
1432194,121,France,male,136,10,116,116,12,5,11,7.03
1432194,149,Malta,male,127,7,120,120,4,7,12,6.35
1432195,121,France,male,170,5,120,120,14,6,8,8.5
1432195,149,Malta,male,84,10,89,89,6,1,13,5.66
1432196,97,Belgium,male,142,8,120,120,16,4,11,7.1
1432196,121,France,male,142,10,118,118,10,5,8,7.22
1432197,97,Belgium,male,142,9,120,120,9,5,18,7.1
1432197,149,Malta,male,126,9,120,120,10,2,15,6.3
1432198,97,Belgium,male,167,3,103,103,18,4,10,9.73
1432198,149,Malta,male,163,8,120,120,10,7,16,8.15
1432199,97,Belgium,male,112,10,117,117,9,3,9,5.74
1432199,121,France,male,114,3,74,74,10,5,9,9.24
1432200,97,Belgium,male,112,5,86,86,10,4,11,7.81
1432200,121,France,male,139,10,120,120,14,2,7,6.95
1432211,161,Pakistan,male,172,8,120,120,15,4,23,8.6
1432211,178,South Africa,male,183,9,120,120,10,14,2,9.15
1432212,161,Pakistan,male,206,5,120,120,19,9,16,10.3
1432212,178,South Africa,male,210,3,117,117,12,16,5,10.77
1432225,23,England,female,143,6,116,116,16,1,12,7.4
1432225,75,South Africa,female,142,5,120,120,16,1,16,7.1
1432226,23,England,female,204,4,120,120,31,2,9,10.2
1432226,75,South Africa,female,168,6,120,120,18,5,18,8.4
1432227,23,England,female,128,1,69,69,18,3,16,11.13
1432227,75,South Africa,female,124,10,120,120,16,1,5,6.2
1432422,5,Bangladesh,female,119,7,120,120,10,0,3,5.95
1432422,71,Scotland,female,103,7,120,120,5,0,4,5.15
1432423,62,Pakistan,female,116,10,120,120,5,3,5,5.8
1432423,78,Sri Lanka,female,85,9,120,120,3,0,8,4.25
1432424,75,South Africa,female,119,0,107,107,13,0,3,6.67
1432424,88,West Indies,female,118,6,120,120,11,1,8,5.9
1432425,35,India,female,102,10,114,114,7,0,13,5.37
1432425,58,New Zealand,female,160,4,120,120,15,1,8,8.0
1432426,2,Australia,female,94,4,86,86,10,0,6,6.56
1432426,78,Sri Lanka,female,93,7,120,120,4,0,13,4.65
1432427,5,Bangladesh,female,97,7,120,120,4,1,7,4.85
1432427,23,England,female,118,7,120,120,10,1,6,5.9
1432428,35,India,female,108,4,113,113,5,0,6,5.73
1432428,62,Pakistan,female,105,8,120,120,8,0,12,5.25
1432429,71,Scotland,female,99,8,120,120,6,0,4,4.95
1432429,88,West Indies,female,101,4,70,70,8,4,10,8.66
1432430,23,England,female,125,3,116,116,14,0,7,6.47
1432430,75,South Africa,female,124,6,120,120,10,1,1,6.2
1432431,2,Australia,female,148,8,120,120,13,1,6,7.4
1432431,58,New Zealand,female,88,10,116,116,6,0,4,4.55
1432432,71,Scotland,female,86,10,107,107,10,0,11,4.82
1432432,75,South Africa,female,166,5,120,120,19,2,8,8.3
1432433,35,India,female,172,3,120,120,18,2,5,8.6
1432433,78,Sri Lanka,female,90,10,119,119,6,0,5,4.54
1432434,5,Bangladesh,female,103,8,120,120,9,0,4,5.15
1432434,88,West Indies,female,104,2,77,77,12,2,1,8.1
1432435,2,Australia,female,83,1,66,66,11,0,2,7.55
1432435,62,Pakistan,female,82,10,119,119,4,0,5,4.13
1432436,58,New Zealand,female,118,2,105,105,8,1,1,6.74
1432436,78,Sri Lanka,female,115,5,120,120,9,0,15,5.75
1432437,5,Bangladesh,female,106,3,120,120,7,1,13,5.3
1432437,75,South Africa,female,107,3,104,104,9,0,6,6.17
1432438,23,England,female,113,0,60,60,19,0,0,11.3
1432438,71,Scotland,female,109,6,120,120,7,1,6,5.45
1432439,2,Australia,female,151,8,120,120,15,2,14,7.55
1432439,35,India,female,142,9,120,120,15,1,6,7.1
1432440,58,New Zealand,female,110,6,120,120,7,0,1,5.5
1432440,62,Pakistan,female,56,10,70,70,5,0,4,4.8
1432441,23,England,female,141,7,120,120,12,1,5,7.05
1432441,88,West Indies,female,144,4,108,108,17,5,2,8.0
1432442,2,Australia,female,134,5,120,120,11,0,8,6.7
1432442,75,South Africa,female,135,2,104,104,12,3,3,7.79
1432443,58,New Zealand,female,128,9,120,120,9,1,1,6.4
1432443,88,West Indies,female,120,8,120,120,8,3,8,6.0
1432444,58,New Zealand,female,158,5,120,120,12,1,15,7.9
1432444,75,South Africa,female,126,9,120,120,10,0,7,6.3
1433362,178,South Africa,male,147,10,119,119,13,6,5,7.41
1433362,197,West Indies,male,175,8,120,120,9,10,19,8.75
1433363,178,South Africa,male,191,7,120,120,11,9,24,9.55
1433363,197,West Indies,male,207,7,120,120,13,14,8,10.35
1433364,178,South Africa,male,163,7,120,120,12,7,10,8.15
1433364,197,West Indies,male,165,2,83,83,11,13,10,11.93
1433367,178,South Africa,male,174,7,120,120,17,6,7,8.7
1433367,197,West Indies,male,176,3,107,107,7,13,9,9.87
1433368,178,South Africa,male,149,10,118,118,9,6,5,7.58
1433368,197,West Indies,male,179,6,120,120,8,13,8,8.95
1433369,178,South Africa,male,108,4,78,78,8,8,5,8.31
1433369,197,West Indies,male,116,2,56,56,7,9,7,12.43
1433373,116,England,male,183,2,101,101,14,10,5,10.87
1433373,197,West Indies,male,182,9,120,120,12,13,8,9.1
1433374,116,England,male,161,3,89,89,16,8,14,10.85
1433374,197,West Indies,male,158,8,120,120,18,2,29,7.9
1433375,116,England,male,149,7,116,116,10,4,8,7.71
1433375,197,West Indies,male,145,8,120,120,9,7,9,7.25
1433376,116,England,male,218,5,120,120,12,16,10,10.9
1433376,197,West Indies,male,221,5,114,114,13,16,16,11.63
1433377,116,England,male,0,0,0,0,0,0,0,0.0
1433377,197,West Indies,male,44,0,30,30,6,2,1,8.8
1433383,96,Bangladesh,male,147,6,120,120,9,9,8,7.35
1433383,197,West Indies,male,140,10,119,119,10,7,12,7.06
1433384,96,Bangladesh,male,129,7,120,120,10,4,6,6.45
1433384,197,West Indies,male,102,10,111,111,6,5,5,5.51
1433385,96,Bangladesh,male,189,7,120,120,14,10,7,9.45
1433385,197,West Indies,male,109,10,100,100,9,5,9,6.54
1433772,39,Italy,female,84,9,120,120,6,1,15,4.2
1433772,57,Netherlands,female,178,4,120,120,14,2,10,8.9
1433775,39,Italy,female,72,8,120,120,3,0,12,3.6
1433775,57,Netherlands,female,73,2,56,56,8,0,6,7.82
1434155,103,Bulgaria,male,174,7,120,120,16,6,15,8.7
1434155,125,Gibraltar,male,175,5,120,120,13,6,24,8.75
1434157,103,Bulgaria,male,79,10,104,104,9,2,8,4.56
1434157,168,Romania,male,80,3,64,64,7,2,10,7.5
1434160,125,Gibraltar,male,169,4,120,120,14,4,22,8.45
1434160,168,Romania,male,168,8,120,120,12,7,21,8.4
1434161,103,Bulgaria,male,118,10,119,119,7,4,21,5.95
1434161,168,Romania,male,192,6,120,120,24,4,11,9.6
1434291,35,India,female,177,4,120,120,23,3,11,8.85
1434291,75,South Africa,female,189,4,120,120,21,7,5,9.45
1434292,35,India,female,0,0,0,0,0,0,0,0.0
1434292,75,South Africa,female,177,6,120,120,25,1,4,8.85
1434293,35,India,female,88,0,65,65,11,2,7,8.12
1434293,75,South Africa,female,84,10,103,103,10,0,2,4.89
1435618,13,Cameroon,female,39,10,79,79,5,0,4,2.96
1435618,68,Rwanda,female,141,4,120,120,13,1,7,7.05
1435620,9,Botswana,female,69,5,120,120,7,0,14,3.45
1435620,84,Uganda,female,140,6,120,120,18,1,11,7.0
1435621,42,Kenya,female,115,6,120,120,11,1,8,5.75
1435621,59,Nigeria,female,92,10,91,91,11,0,12,6.07
1435623,59,Nigeria,female,86,8,121,121,10,1,5,4.26
1435623,84,Uganda,female,97,10,120,120,11,1,9,4.85
1435624,9,Botswana,female,106,7,120,120,8,0,17,5.3
1435624,13,Cameroon,female,62,9,120,120,4,0,14,3.1
1435625,46,Malawi,female,45,10,97,97,6,0,7,2.78
1435625,68,Rwanda,female,46,1,35,35,4,1,9,7.89
1435626,9,Botswana,female,58,10,118,118,2,0,13,2.95
1435626,68,Rwanda,female,132,7,120,120,18,1,12,6.6
1435627,42,Kenya,female,106,8,120,120,6,0,20,5.3
1435627,46,Malawi,female,74,7,120,120,5,0,14,3.7
1435628,13,Cameroon,female,26,10,110,110,1,0,7,1.42
1435628,59,Nigeria,female,27,1,23,23,5,0,1,7.04
1435630,46,Malawi,female,32,10,74,74,3,0,5,2.59
1435630,84,Uganda,female,118,8,120,120,12,0,11,5.9
1435632,9,Botswana,female,56,10,120,120,5,0,7,2.8
1435632,59,Nigeria,female,59,1,52,52,9,0,8,6.81
1435633,42,Kenya,female,43,10,93,93,3,0,8,2.77
1435633,68,Rwanda,female,95,5,120,120,7,0,12,4.75
1435634,59,Nigeria,female,104,5,120,120,9,3,5,5.2
1435634,68,Rwanda,female,72,10,114,114,6,0,12,3.79
1435635,42,Kenya,female,65,8,120,120,4,0,17,3.25
1435635,84,Uganda,female,70,2,69,69,7,1,3,6.09
1435637,13,Cameroon,female,88,10,112,112,6,0,20,4.71
1435637,46,Malawi,female,92,2,110,110,7,0,21,5.02
1435638,13,Cameroon,female,37,10,93,93,4,0,4,2.39
1435638,42,Kenya,female,41,2,41,41,5,0,6,6.0
1435639,9,Botswana,female,129,4,120,120,11,0,20,6.45
1435639,46,Malawi,female,36,9,66,66,4,0,9,3.27
1435640,68,Rwanda,female,88,8,120,120,9,2,11,4.4
1435640,84,Uganda,female,100,10,120,120,9,2,7,5.0
1435643,13,Cameroon,female,63,9,120,120,5,0,11,3.15
1435643,84,Uganda,female,158,4,120,120,13,5,10,7.9
1435644,46,Malawi,female,90,6,120,120,13,0,5,4.5
1435644,59,Nigeria,female,180,6,120,120,20,6,13,9.0
1435645,9,Botswana,female,107,4,120,120,13,0,16,5.35
1435645,42,Kenya,female,151,6,120,120,20,1,21,7.55
1435646,13,Cameroon,female,90,8,120,120,10,1,15,4.5
1435646,46,Malawi,female,93,1,91,91,7,0,12,6.13
1435647,9,Botswana,female,89,5,120,120,10,0,6,4.45
1435647,42,Kenya,female,171,6,120,120,20,2,26,8.55
1435648,59,Nigeria,female,80,9,120,120,7,0,9,4.0
1435648,68,Rwanda,female,81,4,99,99,9,1,6,4.91
1436471,137,Italy,male,166,7,120,120,12,8,6,8.3
1436471,144,Luxembourg,male,89,9,120,120,8,2,13,4.45
1436472,129,Hungary,male,132,5,120,120,14,1,5,6.6
1436472,166,Portugal,male,147,9,120,120,16,3,12,7.35
1436473,121,France,male,149,8,120,120,10,6,6,7.45
1436473,135,Isle of Man,male,133,6,120,120,8,2,32,6.65
1436474,93,Austria,male,169,10,118,118,18,8,8,8.59
1436474,168,Romania,male,170,7,116,116,12,7,9,8.79
1436475,93,Austria,male,110,3,79,79,12,5,1,8.35
1436475,136,Israel,male,107,9,120,120,5,3,18,5.35
1436476,135,Isle of Man,male,182,7,120,120,13,4,13,9.1
1436476,190,Turkey,male,101,9,120,120,10,1,3,5.05
1436477,166,Portugal,male,142,10,119,119,12,3,24,7.16
1436477,168,Romania,male,146,4,111,111,19,4,9,7.89
1436478,121,France,male,116,10,120,120,9,3,3,5.8
1436478,137,Italy,male,118,5,110,110,15,1,3,6.44
1436479,135,Isle of Man,male,85,10,107,107,8,3,6,4.77
1436479,137,Italy,male,87,3,87,87,6,1,7,6.0
1436480,93,Austria,male,128,3,90,90,11,6,4,8.53
1436480,166,Portugal,male,125,9,120,120,9,2,5,6.25
1436481,144,Luxembourg,male,147,9,120,120,14,1,18,7.35
1436481,190,Turkey,male,74,10,95,95,5,0,6,4.67
1436482,129,Hungary,male,123,9,116,116,4,7,7,6.36
1436482,136,Israel,male,122,8,120,120,8,0,14,6.1
1436483,129,Hungary,male,110,10,110,110,7,2,11,6.0
1436483,168,Romania,male,111,2,73,73,15,2,11,9.12
1436484,121,France,male,145,6,120,120,10,4,5,7.25
1436484,144,Luxembourg,male,132,6,120,120,15,2,10,6.6
1436485,136,Israel,male,119,8,120,120,10,0,17,5.95
1436485,166,Portugal,male,118,6,120,120,10,1,1,5.9
1436486,137,Italy,male,90,1,71,71,7,1,3,7.61
1436486,190,Turkey,male,86,10,117,117,9,0,6,4.41
1436487,135,Isle of Man,male,154,8,120,120,13,4,14,7.7
1436487,144,Luxembourg,male,91,9,87,87,5,4,8,6.28
1436488,93,Austria,male,187,7,120,120,14,9,16,9.35
1436488,129,Hungary,male,173,9,120,120,14,6,10,8.65
1436489,121,France,male,167,6,120,120,15,3,11,8.35
1436489,190,Turkey,male,127,10,117,117,11,3,19,6.51
1436490,136,Israel,male,125,7,120,120,9,1,13,6.25
1436490,168,Romania,male,149,7,120,120,12,7,9,7.45
1436491,136,Israel,male,175,8,119,119,19,1,11,8.82
1436491,144,Luxembourg,male,172,6,120,120,18,4,19,8.6
1436492,93,Austria,male,123,4,108,108,14,4,3,6.83
1436492,121,France,male,122,8,120,120,12,1,5,6.1
1436493,135,Isle of Man,male,86,10,83,83,6,2,3,6.22
1436493,166,Portugal,male,174,4,120,120,24,2,11,8.7
1436494,137,Italy,male,244,4,120,120,26,11,4,12.2
1436494,168,Romania,male,84,10,106,106,10,2,11,4.75
1436889,78,Sri Lanka,female,137,6,112,112,16,0,13,7.34
1436889,88,West Indies,female,134,8,120,120,14,2,11,6.7
1436890,78,Sri Lanka,female,89,4,92,92,12,1,2,5.8
1436890,88,West Indies,female,99,4,85,85,13,0,4,6.99
1436891,78,Sri Lanka,female,141,7,120,120,15,3,8,7.05
1436891,88,West Indies,female,142,4,119,119,12,3,2,7.16
1438073,115,Denmark,male,119,10,120,120,2,3,8,5.95
1438073,140,Jersey,male,122,4,82,82,9,3,5,8.93
1438074,115,Denmark,male,102,10,111,111,5,2,9,5.51
1438074,140,Jersey,male,198,7,120,120,14,7,8,9.9
1438075,113,Cyprus,male,195,7,120,120,13,13,12,9.75
1438075,117,Estonia,male,196,5,117,117,10,11,26,10.05
1438076,113,Cyprus,male,191,7,120,120,11,12,13,9.55
1438076,117,Estonia,male,194,4,78,78,8,20,13,14.92
1438077,113,Cyprus,male,166,6,120,120,14,6,11,8.3
1438077,117,Estonia,male,154,9,120,120,8,8,13,7.7
1438078,113,Cyprus,male,118,10,103,103,6,7,11,6.87
1438078,117,Estonia,male,144,10,118,118,7,3,19,7.32
1438079,113,Cyprus,male,147,6,119,119,10,3,30,7.41
1438079,117,Estonia,male,145,6,120,120,5,7,18,7.25
1438080,113,Cyprus,male,155,10,118,118,9,6,18,7.88
1438080,117,Estonia,male,186,5,120,120,11,11,4,9.3
1438090,21,Czech Republic,female,87,7,120,120,4,0,27,4.35
1438090,31,Gibraltar,female,141,4,120,120,10,0,34,7.05
1438091,19,Croatia,female,191,1,120,120,15,0,42,9.55
1438091,21,Czech Republic,female,120,6,120,120,5,0,56,6.0
1438092,19,Croatia,female,127,6,120,120,11,0,36,6.35
1438092,31,Gibraltar,female,98,7,120,120,2,0,31,4.9
1438093,19,Croatia,female,113,1,76,76,7,0,31,8.92
1438093,21,Czech Republic,female,110,5,120,120,6,0,21,5.5
1438094,19,Croatia,female,62,10,102,102,2,0,30,3.65
1438094,31,Gibraltar,female,63,0,70,70,2,0,18,5.4
1438095,21,Czech Republic,female,96,10,85,85,6,0,39,6.78
1438095,31,Gibraltar,female,200,5,120,120,16,0,40,10.0
1438097,20,Cyprus,female,76,4,72,72,1,0,29,6.33
1438097,24,Estonia,female,75,10,120,120,0,0,36,3.75
1438099,20,Cyprus,female,108,5,120,120,3,0,38,5.4
1438099,24,Estonia,female,103,6,120,120,1,0,43,5.15
1438101,20,Cyprus,female,125,4,120,120,5,0,36,6.25
1438101,24,Estonia,female,98,10,121,121,0,0,25,4.86
1438102,34,Hong Kong,female,86,9,120,120,5,0,10,4.3
1438102,57,Netherlands,female,170,3,120,120,15,2,14,8.5
1438103,34,Hong Kong,female,106,5,84,84,12,0,12,7.57
1438103,57,Netherlands,female,108,5,79,79,12,0,4,8.2
1438104,34,Hong Kong,female,114,7,120,120,9,0,16,5.7
1438104,57,Netherlands,female,115,4,101,101,10,1,8,6.83
1438105,34,Hong Kong,female,86,8,120,120,4,1,2,4.3
1438105,57,Netherlands,female,169,5,120,120,18,1,10,8.45
1438257,120,Finland,male,74,10,106,106,5,0,10,4.19
1438257,159,Norway,male,171,5,120,120,15,3,13,8.55
1438259,120,Finland,male,118,10,113,113,9,2,8,6.27
1438259,159,Norway,male,119,3,112,112,6,2,12,6.38
1438262,120,Finland,male,115,10,119,119,8,1,12,5.8
1438262,159,Norway,male,117,1,87,87,18,0,1,8.07
1439813,140,Jersey,male,233,3,120,120,9,16,21,11.65
1439813,173,Serbia,male,68,10,111,111,5,2,6,3.68
1439814,123,Germany,male,183,10,118,118,10,15,0,9.31
1439814,125,Gibraltar,male,139,6,120,120,9,4,4,6.95
1439815,97,Belgium,male,177,8,115,115,15,9,9,9.23
1439815,186,Switzerland,male,172,5,120,120,16,8,11,8.6
1439816,159,Norway,male,185,8,120,120,12,9,11,9.25
1439816,185,Sweden,male,132,10,102,102,8,9,3,7.76
1439817,159,Norway,male,51,2,36,36,6,1,8,8.5
1439817,177,Slovenia,male,49,10,95,95,3,1,3,3.09
1439818,97,Belgium,male,100,6,91,91,7,4,5,6.59
1439818,112,Croatia,male,140,6,120,120,8,5,9,7.0
1439819,123,Germany,male,220,4,120,120,26,8,10,11.0
1439819,185,Sweden,male,218,9,120,120,13,17,14,10.9
1439820,140,Jersey,male,219,9,120,120,16,12,9,10.95
1439820,186,Switzerland,male,52,10,73,73,7,0,6,4.27
1439821,97,Belgium,male,90,9,120,120,4,5,7,4.5
1439821,140,Jersey,male,198,7,120,120,12,12,4,9.9
1439822,123,Germany,male,151,10,117,117,9,11,4,7.74
1439822,159,Norway,male,162,10,118,118,14,7,6,8.24
1439823,112,Croatia,male,103,9,108,108,4,2,10,5.72
1439823,173,Serbia,male,75,8,108,108,5,2,7,4.17
1439824,125,Gibraltar,male,136,9,120,120,12,1,5,6.8
1439824,177,Slovenia,male,137,9,117,117,10,3,15,7.03
1439825,125,Gibraltar,male,99,9,120,120,6,1,5,4.95
1439825,185,Sweden,male,103,2,56,56,10,6,4,11.04
1439826,173,Serbia,male,106,10,114,114,11,2,1,5.58
1439826,186,Switzerland,male,146,9,120,120,11,5,8,7.3
1439829,97,Belgium,male,179,5,90,90,11,14,4,11.93
1439829,173,Serbia,male,102,3,90,90,6,2,9,6.8
1439830,125,Gibraltar,male,126,6,78,78,5,10,9,9.69
1439830,159,Norway,male,175,5,117,117,13,7,3,8.97
1439831,112,Croatia,male,104,7,120,120,8,1,7,5.2
1439831,186,Switzerland,male,106,3,75,75,9,3,6,8.48
1439832,177,Slovenia,male,101,10,112,112,6,4,15,5.41
1439832,185,Sweden,male,105,4,58,58,9,7,2,10.86
1439833,112,Croatia,male,98,7,120,120,6,2,6,4.9
1439833,123,Germany,male,100,2,44,44,5,10,6,13.64
1439836,140,Jersey,male,71,4,43,43,9,2,1,9.91
1439836,159,Norway,male,69,10,94,94,5,2,5,4.4
1439893,96,Bangladesh,male,127,10,119,119,9,4,8,6.4
1439893,131,India,male,132,3,71,71,15,7,3,11.15
1439894,96,Bangladesh,male,135,9,120,120,9,4,11,6.75
1439894,131,India,male,221,9,120,120,17,15,7,11.05
1439895,96,Bangladesh,male,164,7,120,120,19,4,11,8.2
1439895,131,India,male,297,6,120,120,25,22,17,14.85
1439899,116,England,male,132,10,120,120,13,3,11,6.6
1439899,131,India,male,133,3,77,77,12,9,6,10.36
1439900,116,England,male,165,9,120,120,10,9,2,8.25
1439900,131,India,male,166,8,116,116,17,6,11,8.59
1439901,116,England,male,171,9,120,120,11,9,11,8.55
1439901,131,India,male,145,9,120,120,11,5,11,7.25
1439902,116,England,male,166,10,118,118,17,5,6,8.44
1439902,131,India,male,181,9,120,120,19,8,10,9.05
1439903,116,England,male,97,10,63,63,11,4,3,9.24
1439903,131,India,male,247,9,120,120,17,19,7,12.35
1440129,127,Guernsey,male,156,6,120,120,17,1,13,7.8
1440129,140,Jersey,male,157,3,109,109,16,3,1,8.64
1440130,127,Guernsey,male,134,10,118,118,13,2,14,6.81
1440130,140,Jersey,male,137,2,69,69,17,5,2,11.91
1440131,127,Guernsey,male,149,6,115,115,14,5,4,7.77
1440131,140,Jersey,male,148,8,120,120,11,3,4,7.4
1440443,8,Bhutan,female,38,10,83,83,1,0,7,2.75
1440443,36,Indonesia,female,116,6,120,120,5,0,13,5.8
1440444,36,Indonesia,female,51,1,59,59,4,0,6,5.19
1440444,74,Singapore,female,50,10,120,120,2,1,15,2.5
1440446,8,Bhutan,female,45,10,113,113,0,0,13,2.39
1440446,36,Indonesia,female,22,0,33,33,2,0,3,4.0
1440447,36,Indonesia,female,142,1,120,120,10,0,20,7.1
1440447,74,Singapore,female,56,10,116,116,1,0,8,2.9
1440448,8,Bhutan,female,87,4,120,120,4,0,7,4.35
1440448,74,Singapore,female,88,6,116,116,9,0,6,4.55
1440449,8,Bhutan,female,60,4,112,112,2,0,5,3.21
1440449,36,Indonesia,female,59,10,113,113,3,0,11,3.13
1440450,36,Indonesia,female,166,1,120,120,17,0,24,8.3
1440450,74,Singapore,female,44,10,117,117,1,0,6,2.26
1440451,8,Bhutan,female,116,4,120,120,5,0,11,5.8
1440451,74,Singapore,female,73,8,120,120,2,0,14,3.65
1440463,92,Australia,male,156,3,58,58,20,10,2,16.14
1440463,172,Scotland,male,154,9,120,120,12,6,6,7.7
1440464,92,Australia,male,196,4,120,120,13,12,4,9.8
1440464,172,Scotland,male,126,10,100,100,8,6,14,7.56
1440465,92,Australia,male,153,4,97,97,11,8,12,9.46
1440465,172,Scotland,male,149,9,120,120,9,8,3,7.45
1441133,145,Malawi,male,176,2,120,120,18,5,5,8.8
1441133,169,Rwanda,male,118,10,116,116,12,1,8,6.1
1441135,141,Kenya,male,129,4,71,71,16,4,13,10.9
1441135,169,Rwanda,male,125,4,120,120,11,1,8,6.25
1441136,141,Kenya,male,106,1,73,73,15,1,4,8.71
1441136,145,Malawi,male,103,7,120,120,7,0,10,5.15
1441140,141,Kenya,male,172,6,106,106,16,6,10,9.74
1441140,169,Rwanda,male,168,1,120,120,18,4,10,8.4
1441145,141,Kenya,male,182,6,120,120,15,6,11,9.1
1441145,169,Rwanda,male,133,9,115,115,13,3,10,6.94
1442735,141,Kenya,male,159,6,120,120,16,4,5,7.95
1442735,158,Nigeria,male,130,9,120,120,11,5,5,6.5
1442736,141,Kenya,male,137,6,110,110,9,4,4,7.47
1442736,158,Nigeria,male,136,8,120,120,11,3,10,6.8
1442737,141,Kenya,male,149,7,120,120,14,4,7,7.45
1442737,158,Nigeria,male,150,7,116,116,14,4,11,7.76
1442738,141,Kenya,male,144,8,120,120,11,3,15,7.2
1442738,158,Nigeria,male,158,5,120,120,11,4,13,7.9
1442739,141,Kenya,male,156,6,115,115,14,4,11,8.14
1442739,158,Nigeria,male,155,8,120,120,18,3,4,7.75
1442987,131,India,male,213,7,120,120,27,7,4,10.65
1442987,181,Sri Lanka,male,170,10,116,116,20,5,4,8.79
1442988,131,India,male,81,3,39,39,10,4,1,12.46
1442988,181,Sri Lanka,male,161,9,120,120,17,4,11,8.05
1442989,131,India,male,137,9,120,120,10,3,7,6.85
1442989,181,Sri Lanka,male,137,8,120,120,13,0,10,6.85
1442996,33,Guernsey,female,53,10,117,117,1,0,7,2.72
1442996,41,Jersey,female,157,10,114,114,14,0,15,8.26
1443543,157,New Zealand,male,172,8,120,120,11,6,7,8.6
1443543,181,Sri Lanka,male,164,8,120,120,16,4,7,8.2
1443544,157,New Zealand,male,186,5,120,120,13,7,15,9.3
1443544,181,Sri Lanka,male,141,10,115,115,12,4,10,7.36
1443545,157,New Zealand,male,211,7,120,120,10,13,11,10.55
1443545,181,Sri Lanka,male,218,5,120,120,20,12,6,10.9
1443549,157,New Zealand,male,92,1,61,61,9,4,1,9.05
1443549,161,Pakistan,male,91,10,112,112,2,4,9,4.88
1443550,157,New Zealand,male,137,5,79,79,8,11,8,10.41
1443550,161,Pakistan,male,135,9,90,90,11,8,5,9.0
1443551,157,New Zealand,male,204,10,119,119,18,10,12,10.29
1443551,161,Pakistan,male,207,1,96,96,20,12,10,12.94
1443552,157,New Zealand,male,220,6,120,120,17,12,18,11.0
1443552,161,Pakistan,male,105,10,98,98,10,4,12,6.43
1443553,157,New Zealand,male,131,2,60,60,11,11,2,13.1
1443553,161,Pakistan,male,128,9,120,120,14,1,13,6.4
1443571,58,New Zealand,female,101,10,113,113,8,0,3,5.36
1443571,78,Sri Lanka,female,102,3,85,85,13,2,5,7.2
1443572,58,New Zealand,female,117,3,111,111,12,0,1,6.32
1443572,78,Sri Lanka,female,113,7,120,120,10,0,8,5.65
1443573,58,New Zealand,female,101,3,85,85,7,2,3,7.13
1443573,78,Sri Lanka,female,0,0,0,0,0,0,0,0.0
1443574,2,Australia,female,138,2,81,81,19,1,8,10.22
1443574,58,New Zealand,female,137,2,120,120,17,0,6,6.85
1443575,2,Australia,female,204,3,120,120,29,1,14,10.2
1443575,58,New Zealand,female,122,10,97,97,14,0,7,7.55
1443576,2,Australia,female,180,4,120,120,24,1,1,9.0
1443576,58,New Zealand,female,172,8,120,120,14,5,6,8.6
1443766,113,Cyprus,male,137,9,120,120,12,2,11,6.85
1443766,180,Spain,male,152,6,120,120,11,2,15,7.6
1443767,103,Bulgaria,male,97,10,119,119,3,3,11,4.89
1443767,127,Guernsey,male,99,2,58,58,12,2,6,10.24
1443768,114,Czech Republic,male,107,8,120,120,10,0,10,5.35
1443768,115,Denmark,male,225,6,120,120,19,7,26,11.25
1443769,120,Finland,male,118,1,88,88,9,3,14,8.05
1443769,149,Malta,male,117,9,120,120,10,2,8,5.85
1443770,117,Estonia,male,143,2,107,107,15,3,1,8.02
1443770,120,Finland,male,142,9,120,120,14,1,17,7.1
1443771,115,Denmark,male,166,8,120,120,15,4,12,8.3
1443771,126,Greece,male,134,8,120,120,10,4,14,6.7
1443772,127,Guernsey,male,140,2,83,83,12,4,3,10.12
1443772,149,Malta,male,139,10,120,120,12,4,12,6.95
1443773,114,Czech Republic,male,178,6,120,120,24,1,20,8.9
1443773,180,Spain,male,179,9,120,120,12,8,15,8.95
1443775,120,Finland,male,90,10,76,76,5,4,5,7.11
1443775,127,Guernsey,male,86,10,77,77,3,3,2,6.7
1443776,113,Cyprus,male,102,2,74,74,11,1,18,8.27
1443776,126,Greece,male,100,10,118,118,2,1,15,5.08
1443777,103,Bulgaria,male,129,8,120,120,10,0,16,6.45
1443777,117,Estonia,male,131,3,102,102,13,1,14,7.71
1443778,103,Bulgaria,male,150,8,120,120,12,4,12,7.5
1443778,149,Malta,male,211,2,120,120,19,7,18,10.55
1443779,113,Cyprus,male,67,10,94,94,4,0,14,4.28
1443779,114,Czech Republic,male,68,6,108,108,7,1,3,3.78
1443780,117,Estonia,male,99,8,120,120,6,3,9,4.95
1443780,127,Guernsey,male,102,5,73,73,13,2,3,8.38
1443781,126,Greece,male,96,9,120,120,4,3,9,4.8
1443781,180,Spain,male,99,3,78,78,13,1,9,7.62
1443782,113,Cyprus,male,63,9,120,120,4,0,3,3.15
1443782,115,Denmark,male,205,4,120,120,15,9,16,10.25
1443783,103,Bulgaria,male,74,9,120,120,6,0,10,3.7
1443783,120,Finland,male,199,8,120,120,17,5,17,9.95
1443784,114,Czech Republic,male,159,6,120,120,16,2,20,7.95
1443784,126,Greece,male,84,9,100,100,8,0,7,5.04
1443785,117,Estonia,male,135,5,113,113,15,0,11,7.17
1443785,149,Malta,male,132,8,120,120,9,0,22,6.6
1443786,120,Finland,male,126,7,120,120,10,3,7,6.3
1443786,180,Spain,male,172,6,120,120,21,3,8,8.6
1443787,113,Cyprus,male,134,10,117,117,9,1,10,6.87
1443787,149,Malta,male,128,7,120,120,12,1,13,6.4
1443788,114,Czech Republic,male,110,10,120,120,9,1,5,5.5
1443788,117,Estonia,male,112,3,105,105,8,3,3,6.4
1443789,115,Denmark,male,158,7,120,120,10,8,12,7.9
1443789,127,Guernsey,male,159,4,112,112,15,4,4,8.52
1444531,29,Germany,female,54,8,60,60,3,0,9,5.4
1444531,39,Italy,female,57,1,37,37,5,2,5,9.24
1444532,29,Germany,female,82,5,120,120,2,0,12,4.1
1444532,41,Jersey,female,54,10,84,84,2,0,4,3.86
1444534,29,Germany,female,113,5,120,120,4,1,25,5.65
1444534,39,Italy,female,119,5,120,120,8,0,9,5.95
1444535,29,Germany,female,87,9,120,120,1,0,14,4.35
1444535,41,Jersey,female,88,7,106,106,6,0,11,4.98
1444536,39,Italy,female,160,4,120,120,13,2,20,8.0
1444536,41,Jersey,female,129,7,120,120,7,0,11,6.45
1444537,29,Germany,female,100,9,120,120,4,0,21,5.0
1444537,39,Italy,female,102,3,106,106,8,0,14,5.77
1444549,57,Netherlands,female,66,1,50,50,11,0,0,7.92
1444549,63,Papua New Guinea,female,0,0,0,0,0,0,0,0.0
1444550,63,Papua New Guinea,female,101,10,117,117,9,0,16,5.18
1444550,71,Scotland,female,117,7,120,120,9,1,9,5.85
1444551,57,Netherlands,female,118,9,120,120,12,0,7,5.9
1444551,71,Scotland,female,145,4,120,120,14,3,6,7.25
1444652,161,Pakistan,male,165,4,120,120,12,5,7,8.25
1444652,199,Zimbabwe,male,108,10,93,93,11,2,2,6.97
1444653,161,Pakistan,male,61,0,33,33,8,2,3,11.09
1444653,199,Zimbabwe,male,57,10,76,76,6,1,0,4.5
1444654,161,Pakistan,male,132,7,120,120,15,2,7,6.6
1444654,199,Zimbabwe,male,133,8,119,119,14,2,4,6.71
1444669,29,Germany,female,68,9,120,120,2,0,9,3.4
1444669,39,Italy,female,116,8,120,120,10,0,18,5.8
1444947,112,Croatia,male,125,9,120,120,10,4,23,6.25
1444947,180,Spain,male,128,6,95,95,16,3,11,8.08
1444948,112,Croatia,male,52,10,100,100,4,0,9,3.12
1444948,180,Spain,male,53,4,36,36,5,2,11,8.83
1444949,112,Croatia,male,47,10,71,71,3,1,20,3.97
1444949,180,Spain,male,51,2,49,49,3,2,1,6.24
1444950,112,Croatia,male,65,10,80,80,3,3,16,4.88
1444950,180,Spain,male,205,5,120,120,10,13,27,10.25
1444951,112,Croatia,male,69,10,106,106,5,2,6,3.91
1444951,180,Spain,male,230,4,120,120,18,13,14,11.5
1444952,110,Cook Islands,male,186,1,109,109,13,12,6,10.24
1444952,196,Vanuatu,male,180,5,120,120,18,7,6,9.0
1444953,119,Fiji,male,62,10,84,84,5,1,7,4.43
1444953,170,Samoa,male,63,1,31,31,5,5,6,12.19
1444954,110,Cook Islands,male,105,3,89,89,9,4,5,7.08
1444954,170,Samoa,male,104,10,111,111,7,4,6,5.62
1444955,119,Fiji,male,121,9,120,120,5,7,7,6.05
1444955,196,Vanuatu,male,157,4,121,121,13,4,10,7.79
1444956,170,Samoa,male,174,10,120,120,6,14,10,8.7
1444956,196,Vanuatu,male,164,9,120,120,10,8,10,8.2
1444957,110,Cook Islands,male,69,9,120,120,2,0,11,3.45
1444957,119,Fiji,male,173,7,120,120,12,10,8,8.65
1444958,119,Fiji,male,110,10,93,93,5,6,8,7.1
1444958,170,Samoa,male,183,5,120,120,13,10,14,9.15
1444959,110,Cook Islands,male,127,3,98,98,9,6,4,7.78
1444959,196,Vanuatu,male,125,9,120,120,5,5,11,6.25
1444960,119,Fiji,male,169,5,119,119,13,6,22,8.52
1444960,196,Vanuatu,male,168,6,120,120,12,6,13,8.4
1444961,110,Cook Islands,male,170,2,101,101,16,7,14,10.1
1444961,170,Samoa,male,169,4,120,120,18,5,10,8.45
1444962,110,Cook Islands,male,126,9,120,120,11,3,6,6.3
1444962,119,Fiji,male,135,9,120,120,6,8,14,6.75
1444963,170,Samoa,male,145,8,120,120,8,5,7,7.25
1444963,196,Vanuatu,male,137,9,120,120,9,1,8,6.85
1445485,22,Denmark,female,148,5,120,120,11,0,37,7.4
1445485,60,Norway,female,110,8,120,120,3,0,34,5.5
1445489,33,Guernsey,female,142,3,104,104,13,0,32,8.19
1445489,60,Norway,female,141,8,119,119,8,0,33,7.11
1445491,24,Estonia,female,74,9,120,120,2,0,30,3.7
1445491,60,Norway,female,109,10,105,105,2,0,66,6.23
1445493,22,Denmark,female,67,1,57,57,4,0,14,7.05
1445493,24,Estonia,female,64,9,120,120,2,0,21,3.2
1446761,106,Canada,male,152,5,120,120,11,4,24,7.6
1446761,156,Netherlands,male,153,5,97,97,13,8,9,9.46
1446762,106,Canada,male,169,5,120,120,9,7,18,8.45
1446762,194,United States of America,male,0,0,0,0,0,0,0,0.0
1446763,156,Netherlands,male,217,5,120,120,16,10,8,10.85
1446763,194,United States of America,male,115,10,94,94,8,7,2,7.34
1446764,106,Canada,male,132,9,120,120,10,4,9,6.6
1446764,156,Netherlands,male,124,8,120,120,9,1,14,6.2
1446765,106,Canada,male,148,7,120,120,11,4,5,7.4
1446765,194,United States of America,male,168,6,120,120,16,6,6,8.4
1446766,156,Netherlands,male,132,8,120,120,12,1,8,6.6
1446766,194,United States of America,male,128,10,115,115,8,6,3,6.68
1446771,128,Hong Kong,male,168,8,120,120,13,6,2,8.4
1446771,142,Kuwait,male,169,6,113,113,8,11,13,8.97
1446772,142,Kuwait,male,70,10,95,95,3,2,5,4.42
1446772,146,Malaysia,male,71,5,92,92,3,1,3,4.63
1446773,128,Hong Kong,male,102,4,101,101,5,4,2,6.06
1446773,146,Malaysia,male,101,7,120,120,5,2,6,5.05
1446774,128,Hong Kong,male,144,6,120,120,6,7,2,7.2
1446774,142,Kuwait,male,145,8,117,117,4,10,3,7.44
1446775,142,Kuwait,male,163,7,120,120,7,10,9,8.15
1446775,146,Malaysia,male,145,8,120,120,6,7,16,7.25
1446776,128,Hong Kong,male,153,6,120,120,11,5,4,7.65
1446776,146,Malaysia,male,146,7,120,120,7,6,9,7.3
1446777,128,Hong Kong,male,146,5,120,120,10,6,5,7.3
1446777,142,Kuwait,male,147,2,83,83,10,10,3,10.63
1447477,146,Malaysia,male,203,3,120,120,13,8,14,10.15
1447477,147,Maldives,male,109,6,120,120,6,5,5,5.45
1447478,128,Hong Kong,male,51,1,27,27,5,3,2,11.33
1447478,153,Myanmar,male,50,7,120,120,2,0,2,2.5
1447479,142,Kuwait,male,210,8,120,120,14,12,11,10.5
1447479,151,Mongolia,male,50,10,111,111,3,0,13,2.7
1447480,147,Maldives,male,106,8,120,120,6,2,7,5.3
1447480,176,Singapore,male,153,7,120,120,6,7,14,7.65
1447481,146,Malaysia,male,78,4,58,58,7,3,7,8.07
1447481,153,Myanmar,male,75,7,120,120,2,3,5,3.75
1447482,128,Hong Kong,male,18,1,10,10,3,0,0,10.8
1447482,151,Mongolia,male,17,10,86,86,0,0,3,1.19
1447483,128,Hong Kong,male,201,8,120,120,18,10,9,10.05
1447483,176,Singapore,male,73,4,48,48,1,7,3,9.12
1447484,142,Kuwait,male,226,4,120,120,18,11,5,11.3
1447484,147,Maldives,male,84,7,120,120,4,3,9,4.2
1447485,151,Mongolia,male,61,9,120,120,1,0,10,3.05
1447485,153,Myanmar,male,132,6,120,120,5,0,18,6.6
1447486,128,Hong Kong,male,107,1,54,54,5,9,3,11.89
1447486,147,Maldives,male,102,9,120,120,4,3,13,5.1
1447487,142,Kuwait,male,48,2,21,21,3,4,1,13.71
1447487,153,Myanmar,male,47,7,120,120,3,0,3,2.35
1447488,146,Malaysia,male,182,6,120,120,11,11,5,9.1
1447488,176,Singapore,male,181,7,120,120,10,8,12,9.05
1447489,142,Kuwait,male,150,2,92,92,14,4,2,9.78
1447489,146,Malaysia,male,149,7,120,120,13,3,9,7.45
1447490,151,Mongolia,male,10,10,60,60,0,0,2,1.0
1447490,176,Singapore,male,13,1,5,5,1,1,0,15.6
1447491,147,Maldives,male,52,1,33,33,3,3,1,9.45
1447491,153,Myanmar,male,51,10,102,102,1,0,7,3.0
1447492,147,Maldives,male,178,6,120,120,12,5,16,8.9
1447492,151,Mongolia,male,61,10,115,115,3,2,5,3.18
1447493,142,Kuwait,male,152,9,120,120,9,6,6,7.6
1447493,176,Singapore,male,156,5,113,113,12,7,10,8.28
1447494,128,Hong Kong,male,121,9,120,120,5,4,13,6.05
1447494,146,Malaysia,male,124,10,112,112,6,5,10,6.64
1447495,153,Myanmar,male,45,10,107,107,2,0,4,2.52
1447495,176,Singapore,male,47,2,28,28,6,2,0,10.07
1447496,146,Malaysia,male,35,0,13,13,4,2,1,16.15
1447496,151,Mongolia,male,31,10,97,97,1,0,13,1.92
1447497,128,Hong Kong,male,139,9,120,120,7,7,9,6.95
1447497,142,Kuwait,male,11,2,24,24,0,0,0,2.75
1447543,38,Isle of Man,female,52,1,46,46,5,0,2,6.78
1447543,50,Malta,female,51,10,117,117,3,0,24,2.62
1447550,32,Greece,female,102,10,112,112,10,0,24,5.46
1447550,38,Isle of Man,female,171,4,120,120,17,5,16,8.55
1447551,32,Greece,female,123,7,120,120,0,0,51,6.15
1447551,72,Serbia,female,44,10,89,89,0,0,26,2.97
1447553,32,Greece,female,90,3,120,120,3,0,25,4.5
1447553,38,Isle of Man,female,91,3,53,53,11,0,11,10.3
1448346,116,England,male,188,6,120,120,12,7,12,9.4
1448346,197,West Indies,male,167,9,120,120,13,6,18,8.35
1448347,116,England,male,199,6,111,111,15,10,15,10.76
1448347,197,West Indies,male,196,6,120,120,11,15,6,9.8
1448348,116,England,male,248,3,120,120,18,15,11,12.4
1448348,197,West Indies,male,211,8,120,120,15,14,15,10.55
1448357,116,England,male,54,5,30,30,1,5,6,10.8
1448357,178,South Africa,male,97,5,47,47,3,9,5,12.38
1448358,116,England,male,304,2,120,120,30,18,13,15.2
1448358,178,South Africa,male,158,10,97,97,13,10,4,9.77
1448360,116,England,male,197,6,106,106,21,10,5,11.15
1448360,134,Ireland,male,196,3,120,120,13,12,14,9.8
1448362,116,England,male,155,4,103,103,16,5,10,9.03
1448362,134,Ireland,male,154,8,120,120,14,6,6,7.7
1448391,23,England,female,150,2,99,99,20,0,9,9.09
1448391,88,West Indies,female,146,7,120,120,21,1,6,7.3
1448392,23,England,female,82,1,56,56,13,0,3,8.79
1448392,88,West Indies,female,81,9,120,120,8,0,6,4.05
1448393,23,England,female,144,5,120,120,16,1,10,7.2
1448393,88,West Indies,female,127,8,120,120,15,2,3,6.35
1448397,23,England,female,113,10,89,89,12,1,7,7.62
1448397,35,India,female,210,5,120,120,29,3,13,10.5
1448398,23,England,female,157,7,120,120,20,2,4,7.85
1448398,35,India,female,181,4,120,120,26,1,6,9.05
1448399,23,England,female,171,9,120,120,15,5,5,8.55
1448399,35,India,female,166,5,120,120,23,2,6,8.3
1448400,23,England,female,126,7,120,120,8,3,5,6.3
1448400,35,India,female,127,4,102,102,16,0,5,7.47
1448401,23,England,female,168,5,120,120,18,1,4,8.4
1448401,35,India,female,167,7,120,120,23,1,10,8.35
1449011,62,Pakistan,female,122,5,120,120,14,1,5,6.1
1449011,75,South Africa,female,132,4,121,121,13,2,9,6.55
1449012,62,Pakistan,female,181,4,120,120,20,6,15,9.05
1449012,75,South Africa,female,168,4,120,120,21,3,4,8.4
1449013,62,Pakistan,female,153,5,120,120,13,2,12,7.65
1449013,75,South Africa,female,154,2,111,111,16,5,5,8.32
1449019,55,Namibia,female,102,6,120,120,10,1,8,5.1
1449019,85,United Arab Emirates,female,103,3,71,71,13,2,8,8.7
1449020,85,United Arab Emirates,female,93,10,102,102,10,1,11,5.47
1449020,90,Zimbabwe,female,94,7,116,116,6,1,3,4.86
1449021,55,Namibia,female,104,7,115,115,8,0,19,5.43
1449021,90,Zimbabwe,female,101,8,120,120,10,0,10,5.05
1449022,55,Namibia,female,126,7,121,121,14,0,6,6.25
1449022,85,United Arab Emirates,female,141,10,120,120,16,1,24,7.05
1449023,85,United Arab Emirates,female,148,5,120,120,14,3,11,7.4
1449023,90,Zimbabwe,female,145,5,120,120,15,0,11,7.25
1449024,55,Namibia,female,134,5,117,117,13,3,5,6.87
1449024,90,Zimbabwe,female,133,7,120,120,11,0,16,6.65
1449025,55,Namibia,female,126,7,120,120,10,1,9,6.3
1449025,85,United Arab Emirates,female,129,6,117,117,10,1,16,6.62
1449026,85,United Arab Emirates,female,130,1,98,98,12,1,6,7.96
1449026,90,Zimbabwe,female,128,7,120,120,9,0,5,6.4
1449027,55,Namibia,female,127,5,120,120,12,0,13,6.35
1449027,90,Zimbabwe,female,103,10,118,118,10,1,12,5.24
1449301,131,India,male,202,8,120,120,17,13,8,10.1
1449301,178,South Africa,male,141,10,107,107,10,9,6,7.91
1449302,131,India,male,124,6,120,120,10,3,14,6.2
1449302,178,South Africa,male,128,7,114,114,15,2,6,6.74
1449303,131,India,male,219,6,120,120,15,13,19,10.95
1449303,178,South Africa,male,208,7,120,120,15,13,6,10.4
1449304,131,India,male,283,1,120,120,17,23,18,14.15
1449304,178,South Africa,male,148,10,110,110,9,9,8,8.07
1450198,22,Denmark,female,98,6,120,120,3,0,27,4.9
1450198,60,Norway,female,58,10,95,95,0,0,26,3.66
1450199,3,Austria,female,179,4,120,120,14,0,28,8.95
1450199,45,Luxembourg,female,64,10,111,111,1,0,22,3.46
1450200,3,Austria,female,110,6,120,120,13,0,18,5.5
1450200,22,Denmark,female,113,5,116,116,8,1,32,5.84
1450202,22,Denmark,female,93,8,120,120,0,0,29,4.65
1450202,45,Luxembourg,female,50,8,120,120,0,0,18,2.5
1450204,45,Luxembourg,female,94,6,120,120,7,0,16,4.7
1450204,60,Norway,female,116,8,120,120,2,0,33,5.8
1450462,42,Kenya,female,97,9,120,120,12,0,8,4.85
1450462,68,Rwanda,female,71,10,108,108,7,0,10,3.94
1450463,42,Kenya,female,88,9,120,120,5,1,10,4.4
1450463,68,Rwanda,female,114,6,120,120,14,0,17,5.7
1450464,42,Kenya,female,107,9,120,120,11,0,9,5.35
1450464,68,Rwanda,female,108,3,111,111,7,1,4,5.84
1450465,42,Kenya,female,126,3,120,120,13,1,11,6.3
1450465,68,Rwanda,female,129,7,111,111,16,1,14,6.97
1450466,42,Kenya,female,92,10,104,104,12,0,9,5.31
1450466,68,Rwanda,female,110,10,120,120,12,0,3,5.5
1450467,20,Cyprus,female,84,3,103,103,2,0,34,4.89
1450467,72,Serbia,female,83,6,120,120,1,0,30,4.15
1450468,20,Cyprus,female,90,10,104,104,6,0,26,5.19
1450468,72,Serbia,female,68,6,120,120,4,0,23,3.4
1450751,143,Lesotho,male,52,10,89,89,1,1,9,3.51
1450751,145,Malawi,male,145,4,120,120,7,2,13,7.25
1450752,105,Cameroon,male,40,10,86,86,2,0,4,2.79
1450752,124,Ghana,male,41,2,49,49,2,0,4,5.02
1450753,148,Mali,male,18,10,77,77,0,0,5,1.4
1450753,187,Tanzania,male,19,0,5,5,3,0,5,22.8
1450754,105,Cameroon,male,58,4,53,53,6,0,12,6.57
1450754,148,Mali,male,57,10,100,100,5,0,18,3.42
1450755,124,Ghana,male,88,10,114,114,5,0,16,4.63
1450755,145,Malawi,male,113,5,120,120,3,3,10,5.65
1450757,124,Ghana,male,133,3,120,120,5,1,21,6.65
1450757,143,Lesotho,male,83,10,120,120,8,0,11,4.15
1450758,105,Cameroon,male,37,10,73,73,1,0,6,3.04
1450758,187,Tanzania,male,38,1,18,18,6,1,1,12.67
1450759,145,Malawi,male,44,1,19,19,5,1,1,13.89
1450759,148,Mali,male,43,10,102,102,4,0,7,2.53
1450760,124,Ghana,male,84,9,120,120,4,1,10,4.2
1450760,187,Tanzania,male,88,3,82,82,13,0,9,6.44
1450761,143,Lesotho,male,148,10,119,119,8,5,23,7.46
1450761,148,Mali,male,36,10,58,58,4,0,2,3.72
1450762,105,Cameroon,male,30,10,53,53,3,0,5,3.4
1450762,145,Malawi,male,31,1,17,17,3,1,5,10.94
1450763,124,Ghana,male,27,0,14,14,2,1,0,11.57
1450763,148,Mali,male,24,10,63,63,0,0,9,2.29
1450764,105,Cameroon,male,48,1,48,48,7,0,1,6.0
1450764,143,Lesotho,male,47,10,60,60,1,1,16,4.7
1450765,145,Malawi,male,100,10,120,120,7,1,6,5.0
1450765,187,Tanzania,male,119,10,118,118,10,3,5,6.05
1450766,132,Indonesia,male,100,6,120,120,5,2,14,5.0
1450766,139,Japan,male,104,9,120,120,3,1,6,5.2
1450767,139,Japan,male,109,6,84,84,7,3,5,7.79
1450767,165,Philippines,male,62,8,84,84,5,1,2,4.43
1450768,139,Japan,male,97,8,119,119,6,0,2,4.89
1450768,165,Philippines,male,96,9,120,120,8,1,2,4.8
1450769,132,Indonesia,male,100,8,119,119,6,0,14,5.04
1450769,179,South Korea,male,99,6,120,120,7,0,12,4.95
1450770,132,Indonesia,male,71,10,108,108,2,2,8,3.94
1450770,165,Philippines,male,113,6,120,120,6,2,3,5.65
1450771,139,Japan,male,79,3,67,67,9,0,2,7.07
1450771,179,South Korea,male,78,10,120,120,6,1,2,3.9
1450772,132,Indonesia,male,68,5,78,78,7,1,0,5.23
1450772,139,Japan,male,121,4,78,78,9,4,6,9.31
1450773,165,Philippines,male,178,5,120,120,17,3,12,8.9
1450773,179,South Korea,male,141,9,120,120,6,5,4,7.05
1450774,139,Japan,male,121,7,120,120,7,1,11,6.05
1450774,165,Philippines,male,94,9,120,120,6,2,4,4.7
1450775,132,Indonesia,male,141,3,120,120,9,3,11,7.05
1450775,179,South Korea,male,114,6,120,120,7,0,8,5.7
1450776,132,Indonesia,male,101,8,120,120,2,0,19,5.05
1450776,165,Philippines,male,98,9,120,120,4,0,9,4.9
1450777,139,Japan,male,155,7,120,120,10,2,3,7.75
1450777,179,South Korea,male,47,10,114,114,4,0,3,2.47
1450778,165,Philippines,male,158,5,120,120,10,4,6,7.9
1450778,179,South Korea,male,57,10,97,97,1,0,10,3.53
1450779,132,Indonesia,male,29,10,65,65,2,0,6,2.68
1450779,139,Japan,male,173,2,120,120,13,3,7,8.65
1450817,154,Namibia,male,205,8,120,120,18,10,12,10.25
1450817,193,United Arab Emirates,male,245,2,120,120,21,15,7,12.25
1450818,193,United Arab Emirates,male,160,8,120,120,19,3,6,8.0
1450818,194,United States of America,male,175,9,120,120,12,6,16,8.75
1450819,154,Namibia,male,168,8,120,120,19,5,5,8.4
1450819,194,United States of America,male,181,4,120,120,9,9,7,9.05
1450820,154,Namibia,male,110,6,120,120,9,2,8,5.5
1450820,193,United Arab Emirates,male,111,4,85,85,13,3,0,7.84
1450821,193,United Arab Emirates,male,170,5,120,120,12,8,8,8.5
1450821,194,United States of America,male,164,10,118,118,19,3,7,8.34
1450822,154,Namibia,male,120,9,121,121,14,1,7,5.95
1450822,194,United States of America,male,124,4,91,91,9,4,8,8.18
1450823,106,Canada,male,123,8,120,120,7,6,3,6.15
1450823,155,Nepal,male,109,10,114,114,5,7,2,5.74
1450824,155,Nepal,male,176,6,120,120,11,11,10,8.8
1450824,160,Oman,male,139,10,115,115,10,8,7,7.25
1450825,106,Canada,male,106,10,119,119,7,1,18,5.34
1450825,160,Oman,male,107,2,90,90,10,4,9,7.13
1450826,106,Canada,male,140,6,117,117,12,4,5,7.18
1450826,155,Nepal,male,139,6,120,120,8,7,4,6.95
1450827,155,Nepal,male,157,7,120,120,8,8,20,7.85
1450827,160,Oman,male,101,10,107,107,3,4,4,5.66
1450828,106,Canada,male,83,5,85,85,4,3,7,5.86
1450828,160,Oman,male,82,10,118,118,7,2,6,4.17
1451291,32,Greece,female,53,4,90,90,2,0,15,3.53
1451291,77,Spain,female,118,3,90,90,4,0,21,7.87
1451292,32,Greece,female,75,6,120,120,1,0,25,3.75
1451292,77,Spain,female,76,3,66,66,3,0,13,6.91
1451293,32,Greece,female,87,8,120,120,1,0,23,4.35
1451293,77,Spain,female,88,1,87,87,3,0,13,6.07
1451294,32,Greece,female,85,5,120,120,5,0,22,4.25
1451294,77,Spain,female,87,2,81,81,4,0,8,6.44
1451303,40,Japan,female,54,1,53,53,6,0,4,6.11
1451303,74,Singapore,female,53,10,115,115,2,0,10,2.77
1451304,40,Japan,female,77,1,55,55,10,0,5,8.4
1451304,74,Singapore,female,76,9,120,120,5,0,13,3.8
1451305,40,Japan,female,111,6,120,120,8,0,12,5.55
1451305,74,Singapore,female,94,5,120,120,5,0,12,4.7
1451306,40,Japan,female,98,8,120,120,5,0,18,4.9
1451306,74,Singapore,female,56,10,118,118,3,0,10,2.85
1451307,40,Japan,female,118,6,120,120,7,0,19,5.9
1451307,74,Singapore,female,89,10,99,99,6,0,24,5.39
1451308,34,Hong Kong,female,119,4,120,120,13,1,12,5.95
1451308,40,Japan,female,75,5,120,120,3,0,11,3.75
1451311,16,China,female,71,3,120,120,3,0,22,3.55
1451311,34,Hong Kong,female,124,5,120,120,13,0,20,6.2
1451317,34,Hong Kong,female,146,2,120,120,8,2,24,7.3
1451317,76,South Korea,female,76,7,120,120,8,0,12,3.8
1451318,16,China,female,43,0,55,55,1,0,21,4.69
1451318,76,South Korea,female,40,10,94,94,1,0,15,2.55
1451814,181,Sri Lanka,male,179,7,120,120,21,4,7,8.95
1451814,197,West Indies,male,180,5,115,115,20,5,13,9.39
1451815,181,Sri Lanka,male,162,5,120,120,18,4,20,8.1
1451815,197,West Indies,male,89,10,97,97,8,2,6,5.51
1451816,181,Sri Lanka,male,166,1,108,108,19,4,4,9.22
1451816,197,West Indies,male,162,8,120,120,10,8,14,8.1
1452624,125,Gibraltar,male,107,3,83,83,11,3,8,7.73
1452624,173,Serbia,male,105,9,114,114,6,3,14,5.53
1452625,125,Gibraltar,male,111,2,77,77,9,6,5,8.65
1452625,173,Serbia,male,106,9,110,110,8,4,3,5.78
1453518,155,Nepal,male,164,9,120,120,13,4,10,8.2
1453518,194,United States of America,male,147,7,120,120,10,5,11,7.35
1453519,155,Nepal,male,170,6,120,120,13,9,6,8.5
1453519,194,United States of America,male,170,8,120,120,8,8,14,8.5
1453520,155,Nepal,male,157,2,112,112,13,4,10,8.41
1453520,194,United States of America,male,156,5,120,120,10,3,9,7.8
1453903,102,Brazil,male,132,10,114,114,11,6,9,6.95
1453903,150,Mexico,male,125,10,120,120,11,3,14,6.25
1453909,91,Argentina,male,103,2,46,46,10,7,4,13.43
1453909,150,Mexico,male,101,7,120,120,5,0,14,5.05
1453911,100,Bhutan,male,94,10,118,118,8,0,7,4.78
1453911,188,Thailand,male,171,6,120,120,9,10,13,8.55
1453912,132,Indonesia,male,95,10,117,117,9,1,7,4.87
1453912,147,Maldives,male,75,2,72,72,9,0,5,6.25
1453913,100,Bhutan,male,113,6,108,108,10,4,8,6.28
1453913,147,Maldives,male,112,6,120,120,5,3,7,5.6
1453914,132,Indonesia,male,86,10,120,120,3,3,11,4.3
1453914,188,Thailand,male,87,4,81,81,8,2,12,6.44
1453915,147,Maldives,male,110,3,120,120,6,3,9,5.5
1453915,188,Thailand,male,154,6,120,120,10,7,8,7.7
1453916,100,Bhutan,male,144,3,120,120,8,7,10,7.2
1453916,132,Indonesia,male,88,9,120,120,5,3,6,4.4
1453917,132,Indonesia,male,80,10,119,119,5,0,18,4.03
1453917,188,Thailand,male,146,5,120,120,10,4,18,7.3
1453918,100,Bhutan,male,122,8,120,120,12,3,2,6.1
1453918,147,Maldives,male,123,3,109,109,6,5,4,6.77
1453919,100,Bhutan,male,106,9,117,117,4,5,11,5.44
1453919,132,Indonesia,male,105,6,120,120,8,4,10,5.25
1453922,174,Seychelles,male,18,2,37,37,2,0,2,2.92
1453922,199,Zimbabwe,male,286,5,120,120,28,18,6,14.3
1453923,141,Kenya,male,224,4,120,120,20,12,14,11.2
1453923,152,Mozambique,male,76,8,96,96,9,2,3,4.75
1453924,169,Rwanda,male,146,9,120,120,15,1,12,7.3
1453924,174,Seychelles,male,73,9,120,120,7,0,7,3.65
1453925,141,Kenya,male,102,10,115,115,8,1,9,5.32
1453925,199,Zimbabwe,male,163,7,120,120,14,3,17,8.15
1453926,122,Gambia,male,142,5,120,120,15,4,16,7.1
1453926,152,Mozambique,male,143,4,113,113,14,3,7,7.59
1453927,152,Mozambique,male,56,10,79,79,3,1,16,4.25
1453927,199,Zimbabwe,male,57,1,30,30,8,1,8,11.4
1453929,141,Kenya,male,101,5,90,90,12,1,11,6.73
1453929,169,Rwanda,male,100,7,120,120,9,2,16,5.0
1453930,141,Kenya,male,78,1,63,63,6,3,2,7.43
1453930,174,Seychelles,male,74,10,120,120,7,1,4,3.7
1453931,152,Mozambique,male,87,3,91,91,9,2,3,5.74
1453931,169,Rwanda,male,86,8,120,120,4,1,12,4.3
1453932,122,Gambia,male,54,9,88,88,6,0,14,3.68
1453932,199,Zimbabwe,male,344,4,120,120,30,27,9,17.2
1453933,152,Mozambique,male,158,5,120,120,7,8,17,7.9
1453933,174,Seychelles,male,98,10,113,113,8,2,5,5.2
1453934,122,Gambia,male,46,10,76,76,5,0,6,3.63
1453934,141,Kenya,male,175,9,120,120,14,5,18,8.75
1453935,169,Rwanda,male,91,10,108,108,8,2,19,5.06
1453935,199,Zimbabwe,male,240,8,120,120,22,13,15,12.0
1454384,145,Malawi,male,88,10,118,118,5,3,9,4.47
1454384,169,Rwanda,male,89,2,96,96,9,1,7,5.56
1454385,145,Malawi,male,109,10,111,111,12,1,17,5.89
1454385,169,Rwanda,male,113,1,90,90,12,3,17,7.53
1454388,145,Malawi,male,101,10,120,120,9,2,12,5.05
1454388,169,Rwanda,male,102,4,119,119,8,1,7,5.14
1454819,156,Netherlands,male,138,7,120,120,9,2,5,6.9
1454819,160,Oman,male,139,7,115,115,9,7,3,7.25
1454820,156,Netherlands,male,185,6,120,120,15,6,9,9.25
1454820,160,Oman,male,135,7,120,120,9,6,6,6.75
1454821,156,Netherlands,male,147,9,120,120,11,4,7,7.35
1454821,160,Oman,male,118,9,120,120,6,5,6,5.9
1454935,11,Bulgaria,female,68,10,82,82,2,0,38,4.98
1454935,72,Serbia,female,206,2,120,120,17,1,53,10.3
1454936,11,Bulgaria,female,77,8,120,120,3,0,26,3.85
1454936,72,Serbia,female,78,5,67,67,4,0,33,6.99
1454937,11,Bulgaria,female,61,10,97,97,3,0,25,3.77
1454937,72,Serbia,female,62,1,46,46,6,0,18,8.09
1456013,141,Kenya,male,177,6,120,120,17,5,12,8.85
1456013,174,Seychelles,male,86,10,102,102,10,1,15,5.06
1456121,54,Myanmar,female,91,3,86,86,13,0,13,6.35
1456121,74,Singapore,female,90,7,120,120,6,0,10,4.5
1456122,43,Kuwait,female,136,9,120,120,8,3,22,6.8
1456122,54,Myanmar,female,109,9,120,120,4,2,8,5.45
1456123,43,Kuwait,female,86,5,87,87,8,1,9,5.93
1456123,74,Singapore,female,84,5,120,120,5,0,15,4.2
1456124,54,Myanmar,female,110,5,115,115,8,0,11,5.74
1456124,74,Singapore,female,108,6,120,120,7,0,16,5.4
1456125,43,Kuwait,female,110,7,120,120,9,1,10,5.5
1456125,54,Myanmar,female,121,4,120,120,9,1,4,6.05
1456126,43,Kuwait,female,86,9,100,100,6,2,21,5.16
1456126,74,Singapore,female,85,10,114,114,10,0,6,4.47
1456127,54,Myanmar,female,122,8,120,120,14,0,14,6.1
1456127,74,Singapore,female,57,10,105,105,3,0,15,3.26
1456128,43,Kuwait,female,130,9,120,120,18,1,15,6.5
1456128,54,Myanmar,female,110,7,120,120,8,0,10,5.5
1456129,43,Kuwait,female,66,4,72,72,10,1,3,5.5
1456129,74,Singapore,female,65,10,106,106,4,0,7,3.68
1456130,43,Kuwait,female,104,10,120,120,10,0,6,5.2
1456130,54,Myanmar,female,105,5,112,112,12,0,5,5.62
1456441,157,New Zealand,male,135,10,117,117,8,3,16,6.92
1456441,181,Sri Lanka,male,140,6,114,114,14,5,3,7.37
1456442,157,New Zealand,male,108,10,117,117,5,2,19,5.54
1456442,181,Sri Lanka,male,103,10,119,119,8,0,11,5.19
1456854,11,Bulgaria,female,55,10,92,92,2,0,27,3.59
1456854,32,Greece,female,56,0,23,23,6,0,15,14.61
1456858,16,China,female,87,9,120,120,5,0,24,4.35
1456858,34,Hong Kong,female,88,7,118,118,5,0,9,4.47
1456859,52,Mongolia,female,68,10,120,120,3,0,11,3.4
1456859,54,Myanmar,female,146,7,120,120,10,0,34,7.3
1456860,16,China,female,53,2,37,37,2,0,17,8.59
1456860,52,Mongolia,female,52,6,120,120,2,0,16,2.6
1456861,34,Hong Kong,female,83,9,120,120,3,0,19,4.15
1456861,54,Myanmar,female,85,7,120,120,10,0,12,4.25
1456862,16,China,female,63,8,102,102,3,0,19,3.71
1456862,54,Myanmar,female,62,10,101,101,2,0,12,3.68
1456863,34,Hong Kong,female,20,1,8,8,3,0,7,15.0
1456863,52,Mongolia,female,19,10,77,77,2,0,1,1.48
1456864,52,Mongolia,female,42,9,120,120,1,0,14,2.1
1456864,54,Myanmar,female,43,3,48,48,1,0,13,5.38
1456865,16,China,female,77,10,120,120,7,0,13,3.85
1456865,34,Hong Kong,female,81,2,80,80,9,1,10,6.07
1456867,132,Indonesia,male,192,1,120,120,17,8,4,9.6
1456867,153,Myanmar,male,56,10,105,105,4,1,4,3.2
1456868,132,Indonesia,male,94,1,61,61,10,2,10,9.25
1456868,153,Myanmar,male,93,4,120,120,7,1,6,4.65
1456869,132,Indonesia,male,117,5,107,107,7,4,19,6.56
1456869,153,Myanmar,male,113,7,120,120,6,2,5,5.65
1456870,132,Indonesia,male,128,6,115,115,14,2,15,6.68
1456870,153,Myanmar,male,127,2,120,120,8,7,10,6.35
1456871,132,Indonesia,male,185,7,120,120,16,8,9,9.25
1456871,153,Myanmar,male,71,10,104,104,6,1,4,4.1
1456872,132,Indonesia,male,102,6,81,81,13,2,10,7.56
1456872,153,Myanmar,male,101,9,120,120,5,5,11,5.05
1457217,167,Qatar,male,123,5,104,104,13,3,10,7.1
1457217,188,Thailand,male,122,7,120,120,6,2,13,6.1
1457218,100,Bhutan,male,103,8,120,120,8,2,8,5.15
1457218,193,United Arab Emirates,male,166,6,120,120,10,9,9,8.3
1457219,95,Bahrain,male,188,5,120,120,12,7,14,9.4
1457219,171,Saudi Arabia,male,185,9,120,120,15,10,3,9.25
1457220,104,Cambodia,male,162,7,120,120,15,6,6,8.1
1457220,188,Thailand,male,178,5,120,120,14,7,14,8.9
1457221,100,Bhutan,male,111,10,120,120,9,1,13,5.55
1457221,167,Qatar,male,112,4,100,100,10,3,10,6.72
1457222,171,Saudi Arabia,male,145,6,120,120,9,7,5,7.25
1457222,193,United Arab Emirates,male,162,5,120,120,13,7,12,8.1
1457223,104,Cambodia,male,132,5,120,120,10,4,10,6.6
1457223,193,United Arab Emirates,male,134,5,98,98,13,5,8,8.2
1457224,95,Bahrain,male,102,7,120,120,5,1,9,5.1
1457224,188,Thailand,male,103,8,116,116,4,4,0,5.33
1457225,100,Bhutan,male,85,8,120,120,6,3,3,4.25
1457225,171,Saudi Arabia,male,170,7,120,120,7,11,7,8.5
1457226,95,Bahrain,male,175,7,120,120,15,7,12,8.75
1457226,100,Bhutan,male,85,7,120,120,5,2,3,4.25
1457227,188,Thailand,male,37,10,74,74,2,0,8,3.0
1457227,193,United Arab Emirates,male,192,7,120,120,13,12,5,9.6
1457228,104,Cambodia,male,122,8,120,120,8,4,4,6.1
1457228,167,Qatar,male,170,7,120,120,12,9,9,8.5
1457229,95,Bahrain,male,172,9,120,120,8,9,5,8.6
1457229,167,Qatar,male,185,2,120,120,14,8,7,9.25
1457230,104,Cambodia,male,161,6,120,120,16,3,8,8.05
1457230,171,Saudi Arabia,male,164,5,92,92,8,13,3,10.7
1457231,100,Bhutan,male,110,6,120,120,5,3,10,5.5
1457231,188,Thailand,male,117,5,120,120,8,0,1,5.85
1457232,171,Saudi Arabia,male,136,5,112,112,11,4,6,7.29
1457232,188,Thailand,male,133,7,120,120,14,2,8,6.65
1457233,95,Bahrain,male,174,6,120,120,7,12,3,8.7
1457233,104,Cambodia,male,125,10,95,95,10,8,2,7.89
1457234,167,Qatar,male,177,10,120,120,12,12,9,8.85
1457234,193,United Arab Emirates,male,206,3,120,120,19,10,4,10.3
1457235,100,Bhutan,male,123,7,120,120,8,1,4,6.15
1457235,104,Cambodia,male,126,5,112,112,7,5,2,6.75
1457236,167,Qatar,male,166,4,107,107,10,11,11,9.31
1457236,171,Saudi Arabia,male,165,6,120,120,10,7,12,8.25
1457350,95,Bahrain,male,97,5,66,66,4,6,11,8.82
1457350,192,Uganda,male,80,8,66,66,8,1,4,7.27
1457351,95,Bahrain,male,89,10,109,109,5,3,6,4.9
1457351,192,Uganda,male,93,2,94,94,7,2,2,5.94
1457354,42,Kenya,female,75,9,120,120,7,0,7,3.75
1457354,68,Rwanda,female,115,8,120,120,13,0,5,5.75
1457355,42,Kenya,female,95,7,120,120,9,0,17,4.75
1457355,68,Rwanda,female,73,10,106,106,4,0,4,4.13
1457356,42,Kenya,female,98,5,120,120,8,1,5,4.9
1457356,68,Rwanda,female,126,6,120,120,13,0,12,6.3
1457357,42,Kenya,female,71,7,120,120,3,0,9,3.55
1457357,68,Rwanda,female,67,10,118,118,9,0,3,3.41
1457358,42,Kenya,female,50,10,96,96,1,0,10,3.12
1457358,68,Rwanda,female,51,5,83,83,7,0,2,3.69
1458414,5,Bangladesh,female,157,7,120,120,10,4,11,7.85
1458414,37,Ireland,female,169,5,120,120,20,4,7,8.45
1458415,5,Bangladesh,female,87,10,103,103,4,0,2,5.07
1458415,37,Ireland,female,134,5,120,120,16,1,1,6.7
1458416,5,Bangladesh,female,123,7,120,120,12,0,15,6.15
1458416,37,Ireland,female,124,6,119,119,12,0,7,6.25
1459278,95,Bahrain,male,135,7,120,120,7,5,5,6.75
1459278,193,United Arab Emirates,male,138,2,117,117,10,5,6,7.08
1459374,101,Botswana,male,175,4,120,120,13,5,20,8.75
1459374,118,Eswatini,male,127,9,112,112,8,5,8,6.8
1459375,138,Ivory Coast,male,21,10,64,64,1,0,4,1.97
1459375,175,Sierra Leone,male,189,2,120,120,17,1,20,9.45
1459376,158,Nigeria,male,185,2,120,120,14,4,21,9.25
1459376,182,St Helena,male,67,10,115,115,5,1,7,3.5
1459377,138,Ivory Coast,male,26,10,112,112,1,0,8,1.39
1459377,182,St Helena,male,27,0,12,12,3,0,10,13.5
1459378,118,Eswatini,male,46,10,75,75,5,0,5,3.68
1459378,175,Sierra Leone,male,155,8,120,120,11,5,10,7.75
1459379,101,Botswana,male,104,10,110,110,7,5,7,5.67
1459379,158,Nigeria,male,181,5,120,120,17,4,11,9.05
1459380,175,Sierra Leone,male,141,6,114,114,12,2,7,7.42
1459380,182,St Helena,male,135,5,120,120,7,5,4,6.75
1459381,118,Eswatini,male,137,7,120,120,9,7,14,6.85
1459381,158,Nigeria,male,138,5,90,90,11,7,5,9.2
1459382,101,Botswana,male,35,0,13,13,5,1,1,16.15
1459382,138,Ivory Coast,male,31,10,66,66,4,0,9,2.82
1459383,158,Nigeria,male,141,6,120,120,13,1,8,7.05
1459383,175,Sierra Leone,male,112,5,120,120,8,1,13,5.6
1459384,101,Botswana,male,79,1,72,72,5,1,1,6.58
1459384,182,St Helena,male,78,10,112,112,6,1,9,4.18
1459385,118,Eswatini,male,44,2,19,19,4,2,8,13.89
1459385,138,Ivory Coast,male,41,10,114,114,2,0,17,2.16
1459386,101,Botswana,male,117,5,105,105,10,1,11,6.69
1459386,175,Sierra Leone,male,115,10,94,94,8,5,15,7.34
1459387,138,Ivory Coast,male,7,10,45,45,0,0,0,0.93
1459387,158,Nigeria,male,271,4,120,120,27,8,23,13.55
1459388,118,Eswatini,male,173,9,120,120,17,5,13,8.65
1459388,182,St Helena,male,125,5,120,120,7,3,15,6.25
1459718,18,Costa Rica,female,54,10,89,89,1,0,41,3.64
1459718,51,Mexico,female,55,4,77,77,0,0,34,4.29
1459719,18,Costa Rica,female,108,8,120,120,8,0,32,5.4
1459719,51,Mexico,female,109,8,99,99,5,0,59,6.61
1459720,18,Costa Rica,female,110,8,120,120,11,0,42,5.5
1459720,51,Mexico,female,110,10,114,114,8,0,52,5.79
1459891,35,India,female,195,4,120,120,23,5,10,9.75
1459891,88,West Indies,female,146,7,120,120,11,6,2,7.3
1459892,35,India,female,159,9,120,120,21,1,6,7.95
1459892,88,West Indies,female,160,1,94,94,27,2,8,10.21
1459893,35,India,female,217,4,120,120,23,7,12,10.85
1459893,88,West Indies,female,157,9,120,120,13,7,6,7.85
1462850,55,Namibia,female,94,7,120,120,10,0,9,4.7
1462850,82,Thailand,female,95,4,108,108,11,0,10,5.28
1462851,16,China,female,69,10,105,105,7,0,15,3.94
1462851,34,Hong Kong,female,177,3,120,120,19,5,10,8.85
1462852,16,China,female,55,9,120,120,5,0,12,2.75
1462852,55,Namibia,female,56,0,25,25,11,0,0,13.44
1462853,34,Hong Kong,female,68,10,103,103,4,1,5,3.96
1462853,82,Thailand,female,137,5,120,120,12,0,15,6.85
1462854,16,China,female,8,10,55,55,0,0,2,0.87
1462854,82,Thailand,female,117,9,120,120,12,0,19,5.85
1462855,34,Hong Kong,female,81,8,120,120,6,0,10,4.05
1462855,55,Namibia,female,82,6,118,118,8,0,11,4.17
1462856,16,China,female,68,10,116,116,7,0,6,3.52
1462856,34,Hong Kong,female,100,7,120,120,7,0,21,5.0
1462857,55,Namibia,female,42,10,98,98,3,0,4,2.57
1462857,82,Thailand,female,72,10,113,113,5,0,14,3.82
1462858,47,Malaysia,female,68,7,114,114,4,0,14,3.58
1462858,55,Namibia,female,71,4,89,89,6,1,5,4.79
1462860,47,Malaysia,female,71,7,120,120,4,0,13,3.55
1462860,55,Namibia,female,76,4,89,89,4,2,3,5.12
1462877,162,Panama,male,93,6,90,90,5,2,5,6.2
1462877,183,Suriname,male,83,8,90,90,5,1,11,5.53
1462878,94,Bahamas,male,89,4,96,96,3,2,12,5.56
1462878,102,Brazil,male,63,9,95,95,3,0,9,3.98
1462880,102,Brazil,male,55,10,88,88,5,0,7,3.75
1462880,150,Mexico,male,102,10,120,120,3,1,4,5.1
1462881,91,Argentina,male,101,10,117,117,6,1,10,5.18
1462881,98,Belize,male,96,10,115,115,2,4,10,5.01
1462882,99,Bermuda,male,161,7,121,121,11,4,12,7.98
1462882,183,Suriname,male,69,9,120,120,4,1,6,3.45
1462883,107,Cayman Islands,male,124,6,120,120,7,4,5,6.2
1462883,162,Panama,male,41,10,90,90,2,0,4,2.73
1462884,99,Bermuda,male,61,1,28,28,8,1,6,13.07
1462884,162,Panama,male,60,7,120,120,2,1,2,3.0
1462885,91,Argentina,male,101,5,120,120,4,1,5,5.05
1462885,94,Bahamas,male,119,8,120,120,5,3,13,5.95
1462886,102,Brazil,male,102,4,114,114,8,0,7,5.37
1462886,183,Suriname,male,101,8,119,119,3,0,12,5.09
1462887,98,Belize,male,107,9,121,121,10,1,1,5.31
1462887,107,Cayman Islands,male,151,9,120,120,11,4,10,7.55
1462888,107,Cayman Islands,male,142,8,120,120,12,3,14,7.1
1462888,183,Suriname,male,143,4,114,114,10,4,10,7.53
1462889,94,Bahamas,male,117,5,120,120,6,4,8,5.85
1462889,98,Belize,male,114,6,120,120,4,3,7,5.7
1462890,99,Bermuda,male,97,4,75,75,10,1,3,7.76
1462890,150,Mexico,male,96,9,120,120,3,4,8,4.8
1462891,91,Argentina,male,95,4,104,104,5,0,2,5.48
1462891,162,Panama,male,92,10,115,115,7,0,10,4.8
1462892,107,Cayman Islands,male,86,3,100,100,8,1,2,5.16
1462892,150,Mexico,male,85,10,120,120,2,0,15,4.25
1462893,94,Bahamas,male,109,10,120,120,8,2,12,5.45
1462893,162,Panama,male,88,10,115,115,6,1,7,4.59
1462894,99,Bermuda,male,149,4,120,120,10,5,16,7.45
1462894,102,Brazil,male,62,10,105,105,5,0,3,3.54
1462895,91,Argentina,male,124,4,99,99,15,1,7,7.52
1462895,183,Suriname,male,123,8,120,120,10,3,6,6.15
1462896,102,Brazil,male,123,4,112,112,11,3,2,6.59
1462896,162,Panama,male,122,9,120,120,9,1,18,6.1
1462897,150,Mexico,male,52,2,55,55,5,2,5,5.67
1462897,183,Suriname,male,48,10,106,106,4,0,6,2.72
1462898,94,Bahamas,male,108,5,120,120,13,2,7,5.4
1462898,107,Cayman Islands,male,109,0,103,103,9,5,4,6.35
1462899,98,Belize,male,52,10,86,86,4,0,4,3.63
1462899,99,Bermuda,male,123,9,120,120,8,2,21,6.15
1462900,102,Brazil,male,65,9,80,80,7,0,7,4.88
1462900,107,Cayman Islands,male,224,1,120,120,12,14,6,11.2
1462901,94,Bahamas,male,97,10,116,116,8,2,10,5.02
1462901,183,Suriname,male,71,10,105,105,4,2,6,4.06
1462902,98,Belize,male,104,3,83,83,8,2,11,7.52
1462902,162,Panama,male,103,10,117,117,7,0,13,5.28
1462903,91,Argentina,male,121,8,120,120,11,1,12,6.05
1462903,150,Mexico,male,98,10,119,119,9,0,14,4.94
1462904,98,Belize,male,121,4,96,96,8,6,14,7.56
1462904,102,Brazil,male,120,10,119,119,9,4,9,6.05
1462905,91,Argentina,male,94,10,101,101,5,2,9,5.58
1462905,107,Cayman Islands,male,116,10,120,120,6,5,3,5.8
1462906,94,Bahamas,male,117,9,120,120,11,5,3,5.85
1462906,99,Bermuda,male,179,4,120,120,12,10,7,8.95
1462907,150,Mexico,male,63,10,88,88,2,1,4,4.3
1462907,162,Panama,male,111,9,120,120,10,0,6,5.55
1462908,99,Bermuda,male,139,6,120,120,6,4,7,6.95
1462908,107,Cayman Islands,male,126,9,120,120,9,3,5,6.3
1462909,94,Bahamas,male,95,9,120,120,6,2,9,4.75
1462909,150,Mexico,male,71,10,110,110,5,0,7,3.87
1462910,98,Belize,male,98,10,103,103,6,3,10,5.71
1462910,183,Suriname,male,99,6,96,96,8,0,15,6.19
1462911,91,Argentina,male,107,7,120,120,6,2,9,5.35
1462911,102,Brazil,male,96,10,115,115,5,3,10,5.01
1462912,101,Botswana,male,86,10,120,120,6,2,5,4.3
1462912,192,Uganda,male,164,8,120,120,16,6,7,8.2
1462913,158,Nigeria,male,151,8,120,120,16,4,12,7.55
1462913,169,Rwanda,male,114,7,120,120,8,4,7,5.7
1462914,101,Botswana,male,115,4,98,98,11,4,9,7.04
1462914,169,Rwanda,male,111,8,120,120,11,1,5,5.55
1462915,158,Nigeria,male,133,9,120,120,8,2,9,6.65
1462915,192,Uganda,male,87,5,58,58,9,4,8,9.0
1462916,158,Nigeria,male,92,4,70,70,7,3,6,7.89
1462916,169,Rwanda,male,138,10,117,117,7,4,18,7.08
1462917,158,Nigeria,male,128,7,120,120,8,7,2,6.4
1462917,192,Uganda,male,151,8,120,120,10,8,16,7.55
1462918,101,Botswana,male,143,9,120,120,14,4,13,7.15
1462918,169,Rwanda,male,168,8,120,120,16,5,6,8.4
1462919,101,Botswana,male,156,7,120,120,12,5,8,7.8
1462919,158,Nigeria,male,185,5,120,120,15,6,9,9.25
1462920,101,Botswana,male,49,3,30,30,4,1,4,9.8
1462920,158,Nigeria,male,51,0,17,17,3,5,1,18.0
1462921,169,Rwanda,male,83,10,97,97,7,1,12,5.13
1462921,192,Uganda,male,192,7,107,107,15,10,11,10.77
1462922,158,Nigeria,male,149,8,120,120,15,4,13,7.45
1462922,169,Rwanda,male,152,4,114,114,8,5,19,8.0
1462923,169,Rwanda,male,98,9,120,120,7,1,8,4.9
1462923,192,Uganda,male,148,6,120,120,12,3,13,7.4
1462924,101,Botswana,male,137,9,120,120,12,3,8,6.85
1462924,169,Rwanda,male,138,0,98,98,11,5,6,8.45
1462925,158,Nigeria,male,103,10,114,114,10,3,4,5.42
1462925,192,Uganda,male,107,3,78,78,5,8,1,8.23
1462926,91,Argentina,male,112,8,120,120,4,0,20,5.6
1462926,99,Bermuda,male,154,6,120,120,7,7,6,7.7
1462927,101,Botswana,male,142,7,119,119,15,1,19,7.16
1462927,158,Nigeria,male,141,9,120,120,15,3,10,7.05
1462928,101,Botswana,male,121,7,120,120,10,5,4,6.05
1462928,192,Uganda,male,229,3,120,120,17,13,15,11.45
1462930,101,Botswana,male,109,7,120,120,7,2,11,5.45
1462930,192,Uganda,male,141,6,120,120,9,3,14,7.05
1462931,169,Rwanda,male,65,10,102,102,2,2,5,3.82
1462931,192,Uganda,male,151,8,120,120,14,8,6,7.55
1462932,158,Nigeria,male,89,10,105,105,6,0,7,5.09
1462932,192,Uganda,male,90,4,104,104,4,3,6,5.19
1463008,4,Bahrain,female,98,10,120,120,9,0,7,4.9
1463008,66,Qatar,female,104,2,78,78,10,1,17,8.0
1463009,4,Bahrain,female,174,6,120,120,25,1,20,8.7
1463009,66,Qatar,female,155,5,120,120,15,3,16,7.75
1463010,4,Bahrain,female,128,8,120,120,10,0,35,6.4
1463010,66,Qatar,female,129,1,90,90,15,0,30,8.6
1463011,4,Bahrain,female,128,4,120,120,13,0,14,6.4
1463011,66,Qatar,female,131,6,112,112,10,0,27,7.02
1463652,95,Bahrain,male,113,8,120,120,8,3,11,5.65
1463652,193,United Arab Emirates,male,117,2,101,101,6,6,2,6.95
1463653,142,Kuwait,male,140,4,101,101,13,4,9,8.32
1463653,171,Saudi Arabia,male,136,10,114,114,5,9,9,7.16
1463654,95,Bahrain,male,125,8,120,120,7,2,5,6.25
1463654,142,Kuwait,male,121,10,117,117,7,5,8,6.21
1463655,160,Oman,male,204,5,120,120,21,5,14,10.2
1463655,167,Qatar,male,169,8,120,120,17,4,7,8.45
1463656,160,Oman,male,133,8,120,120,13,1,9,6.65
1463656,193,United Arab Emirates,male,157,7,120,120,11,4,6,7.85
1463657,167,Qatar,male,123,9,120,120,15,0,11,6.15
1463657,171,Saudi Arabia,male,126,1,96,96,11,5,1,7.88
1463658,95,Bahrain,male,119,2,92,92,8,8,7,7.76
1463658,171,Saudi Arabia,male,113,9,120,120,4,4,12,5.65
1463659,142,Kuwait,male,157,8,120,120,15,5,6,7.85
1463659,193,United Arab Emirates,male,168,8,120,120,16,6,2,8.4
1463660,142,Kuwait,male,142,4,96,96,11,6,11,8.88
1463660,167,Qatar,male,138,7,120,120,11,4,3,6.9
1463661,95,Bahrain,male,128,8,120,120,5,7,1,6.4
1463661,160,Oman,male,130,8,120,120,11,1,1,6.5
1463662,160,Oman,male,165,6,120,120,12,5,8,8.25
1463662,171,Saudi Arabia,male,166,2,113,113,12,6,11,8.81
1463663,167,Qatar,male,139,7,120,120,15,0,10,6.95
1463663,193,United Arab Emirates,male,162,6,120,120,8,7,7,8.1
1463664,171,Saudi Arabia,male,182,8,120,120,12,9,9,9.1
1463664,193,United Arab Emirates,male,171,5,120,120,6,10,13,8.55
1463665,95,Bahrain,male,98,10,99,99,8,1,14,5.94
1463665,167,Qatar,male,102,4,102,102,13,1,0,6.0
1463666,142,Kuwait,male,144,7,117,117,12,5,7,7.38
1463666,160,Oman,male,143,8,120,120,10,4,5,7.15
1463667,142,Kuwait,male,151,10,117,117,11,7,8,7.74
1463667,193,United Arab Emirates,male,153,9,120,120,11,6,6,7.65
1464722,31,Gibraltar,female,60,7,120,120,0,0,14,3.0
1464722,41,Jersey,female,61,2,51,51,2,0,14,7.18
1464723,31,Gibraltar,female,72,10,107,107,3,0,17,4.04
1464723,41,Jersey,female,76,1,39,39,4,1,29,11.69
1464725,8,Bhutan,female,97,7,120,120,8,0,16,4.85
1464725,54,Myanmar,female,101,7,114,114,4,1,15,5.32
1464726,8,Bhutan,female,78,10,112,112,7,0,13,4.18
1464726,54,Myanmar,female,103,8,120,120,10,0,9,5.15
1464727,8,Bhutan,female,81,6,120,120,5,0,8,4.05
1464727,54,Myanmar,female,82,4,102,102,9,0,3,4.82
1464728,8,Bhutan,female,102,2,120,120,7,0,17,5.1
1464728,54,Myanmar,female,104,5,113,113,10,0,8,5.52
1464730,64,Philippines,female,118,7,120,120,6,0,18,5.9
1464730,74,Singapore,female,126,5,120,120,3,0,28,6.3
1464731,64,Philippines,female,98,7,120,120,3,0,11,4.9
1464731,74,Singapore,female,99,6,108,108,3,0,20,5.5
1464732,64,Philippines,female,111,3,99,99,9,0,12,6.73
1464732,74,Singapore,female,110,6,120,120,7,0,16,5.5
1467704,134,Ireland,male,0,0,0,0,0,0,0,0.0
1467704,199,Zimbabwe,male,77,5,54,54,6,3,2,8.56
1467705,134,Ireland,male,137,8,120,120,11,1,4,6.85
1467705,199,Zimbabwe,male,141,7,116,116,16,0,6,7.29
1467706,134,Ireland,male,0,0,0,0,0,0,0,0.0
1467706,199,Zimbabwe,male,142,6,108,108,6,5,10,7.89
1468402,5,Bangladesh,female,144,3,120,120,13,2,13,7.2
1468402,88,West Indies,female,145,2,101,101,11,8,2,8.61
1468403,5,Bangladesh,female,95,9,120,120,8,0,20,4.75
1468403,88,West Indies,female,201,6,120,120,25,7,5,10.05
1468404,5,Bangladesh,female,104,8,120,120,10,0,5,5.2
1468404,88,West Indies,female,105,5,111,111,5,0,13,5.68
1468724,56,Nepal,female,137,7,120,120,11,4,16,6.85
1468724,57,Netherlands,female,157,4,120,120,19,1,9,7.85
1468725,56,Nepal,female,101,9,120,120,8,1,11,5.05
1468725,82,Thailand,female,102,6,114,114,8,1,4,5.37
1468726,57,Netherlands,female,122,6,120,120,13,0,13,6.1
1468726,82,Thailand,female,125,2,108,108,13,1,8,6.94
1468727,56,Nepal,female,125,8,120,120,8,2,16,6.25
1468727,57,Netherlands,female,140,9,120,120,17,2,7,7.0
1468728,56,Nepal,female,101,8,120,120,10,2,4,5.05
1468728,82,Thailand,female,106,6,120,120,6,0,7,5.3
1468729,57,Netherlands,female,69,10,95,95,10,0,5,4.36
1468729,82,Thailand,female,86,10,119,119,6,0,6,4.34
1468730,56,Nepal,female,145,4,120,120,14,1,10,7.25
1468730,57,Netherlands,female,151,0,118,118,15,2,5,7.68
1468731,56,Nepal,female,81,7,120,120,5,1,8,4.05
1468731,82,Thailand,female,82,3,102,102,6,0,7,4.82
1468732,57,Netherlands,female,110,9,120,120,9,0,8,5.5
1468732,82,Thailand,female,109,5,120,120,10,2,7,5.45
1470186,129,Hungary,male,180,8,120,120,10,9,16,9.0
1470186,149,Malta,male,30,1,30,30,1,1,5,6.0
1470187,93,Austria,male,151,4,111,111,11,4,9,8.16
1470187,149,Malta,male,150,7,120,120,6,7,9,7.5
1470188,93,Austria,male,187,4,108,108,14,10,17,10.39
1470188,129,Hungary,male,186,5,120,120,5,13,6,9.3
1470189,129,Hungary,male,180,2,78,78,10,16,5,13.85
1470189,149,Malta,male,177,7,120,120,11,8,18,8.85
1470190,93,Austria,male,170,4,85,85,11,10,6,12.0
1470190,149,Malta,male,168,6,120,120,13,8,11,8.4
1470191,93,Austria,male,98,10,97,97,6,3,7,6.06
1470191,129,Hungary,male,100,8,111,111,8,5,7,5.41
1471822,95,Bahrain,male,156,6,120,120,9,6,4,7.8
1471822,132,Indonesia,male,93,10,116,116,5,3,3,4.81
1471823,95,Bahrain,male,28,0,17,17,3,0,4,9.88
1471823,132,Indonesia,male,27,6,30,30,1,1,2,5.4
1471824,95,Bahrain,male,128,10,116,116,7,6,11,6.62
1471824,132,Indonesia,male,129,2,118,118,7,7,4,6.56
1471825,95,Bahrain,male,216,4,120,120,11,17,3,10.8
1471825,132,Indonesia,male,104,7,120,120,8,1,9,5.2
1471826,95,Bahrain,male,124,5,114,114,8,3,5,6.53
1471826,132,Indonesia,male,120,8,120,120,3,7,9,6.0
1472516,134,Ireland,male,194,7,120,120,14,11,23,9.7
1472516,197,West Indies,male,256,5,120,120,20,20,11,12.8
1472520,92,Australia,male,190,7,113,113,6,17,11,10.09
1472520,197,West Indies,male,189,8,120,120,19,9,6,9.45
1472521,92,Australia,male,173,2,92,92,12,12,6,11.28
1472521,197,West Indies,male,172,8,120,120,7,12,13,8.6
1472522,92,Australia,male,215,4,97,97,19,16,9,13.3
1472522,197,West Indies,male,214,4,120,120,17,13,11,10.7
1472523,92,Australia,male,206,7,116,116,17,11,18,10.66
1472523,197,West Indies,male,205,9,120,120,21,12,14,10.25
1472524,92,Australia,male,173,7,102,102,17,8,8,10.18
1472524,197,West Indies,male,170,10,119,119,18,7,4,8.57
1472525,161,Pakistan,male,178,6,120,120,10,8,14,8.9
1472525,197,West Indies,male,164,7,120,120,6,12,13,8.2
1472526,161,Pakistan,male,133,9,120,120,7,5,8,6.65
1472526,197,West Indies,male,135,8,120,120,8,5,11,6.75
1472527,161,Pakistan,male,189,4,120,120,7,11,11,9.45
1472527,197,West Indies,male,176,6,120,120,18,5,5,8.8
1472537,75,South Africa,female,183,6,120,120,15,5,18,9.15
1472537,88,West Indies,female,133,6,120,120,13,1,9,6.65
1472538,75,South Africa,female,113,6,120,120,6,1,11,5.65
1472538,88,West Indies,female,116,4,116,116,10,1,8,6.0
1472539,75,South Africa,female,147,6,120,120,15,1,7,7.35
1472539,88,West Indies,female,148,4,111,111,14,4,10,8.0
1473145,160,Oman,male,190,5,120,120,22,5,10,9.5
1473145,194,United States of America,male,194,3,114,114,15,11,8,10.21
1473146,160,Oman,male,141,9,120,120,13,2,5,7.05
1473146,194,United States of America,male,142,6,117,117,11,5,5,7.28
1473147,160,Oman,male,123,10,120,120,11,4,2,6.15
1473147,194,United States of America,male,127,2,91,91,11,6,1,8.37
1474260,95,Bahrain,male,167,4,120,120,18,3,4,8.35
1474260,176,Singapore,male,136,8,120,120,10,4,16,6.8
1474261,95,Bahrain,male,108,3,84,84,7,4,8,7.71
1474261,176,Singapore,male,107,6,90,90,7,2,8,7.13
1474262,95,Bahrain,male,146,2,114,114,18,3,5,7.68
1474262,176,Singapore,male,142,10,120,120,4,8,14,7.1
1474263,95,Bahrain,male,12,2,24,24,1,0,0,3.0
1474263,176,Singapore,male,144,8,120,120,14,4,11,7.2
1474422,26,Fiji,female,115,9,120,120,4,0,32,5.75
1474422,28,France,female,59,10,100,100,2,0,17,3.54
1474423,69,Samoa,female,78,8,120,120,1,0,21,3.9
1474423,87,Vanuatu,female,86,8,120,120,5,0,17,4.3
1474424,28,France,female,45,10,73,73,0,0,14,3.7
1474424,87,Vanuatu,female,123,3,120,120,7,0,14,6.15
1474426,28,France,female,32,10,72,72,0,0,7,2.67
1474426,69,Samoa,female,33,2,25,25,4,0,3,7.92
1474427,26,Fiji,female,83,6,120,120,4,1,17,4.15
1474427,87,Vanuatu,female,121,3,120,120,4,0,20,6.05
1474429,69,Samoa,female,79,1,92,92,5,0,7,5.15
1474429,87,Vanuatu,female,78,10,101,101,5,0,16,4.63
1474981,14,Canada,female,51,0,42,42,2,0,11,7.29
1474981,86,United States of America,female,42,3,42,42,1,0,4,6.0
1474982,1,Argentina,female,44,10,91,91,0,0,8,2.9
1474982,10,Brazil,female,69,8,120,120,0,0,18,3.45
1474983,10,Brazil,female,29,10,115,115,0,0,4,1.51
1474983,86,United States of America,female,105,9,120,120,3,0,9,5.25
1474984,1,Argentina,female,95,4,120,120,1,0,10,4.75
1474984,14,Canada,female,94,10,120,120,2,1,20,4.7
1474985,1,Argentina,female,53,9,120,120,0,0,9,2.65
1474985,86,United States of America,female,124,4,120,120,4,0,18,6.2
1474986,10,Brazil,female,56,10,103,103,0,0,4,3.26
1474986,14,Canada,female,58,3,81,81,2,0,9,4.3
1474987,1,Argentina,female,74,10,116,116,2,0,9,3.83
1474987,14,Canada,female,110,3,120,120,3,0,13,5.5
1474988,10,Brazil,female,75,7,120,120,4,0,9,3.75
1474988,86,United States of America,female,141,3,120,120,5,1,9,7.05
1474990,1,Argentina,female,63,9,120,120,2,0,9,3.15
1474990,86,United States of America,female,64,2,54,54,4,0,9,7.11
1474991,1,Argentina,female,54,10,102,102,0,0,9,3.18
1474991,10,Brazil,female,55,4,87,87,1,0,3,3.79
1474992,14,Canada,female,53,10,97,97,4,0,7,3.28
1474992,86,United States of America,female,131,6,120,120,11,0,6,6.55
1475525,95,Bahrain,male,130,4,112,112,9,5,5,6.96
1475525,146,Malaysia,male,125,8,120,120,12,1,1,6.25
1475526,95,Bahrain,male,121,2,86,86,11,7,4,8.44
1475526,128,Hong Kong,male,118,8,120,120,11,1,0,5.9
1475527,128,Hong Kong,male,185,3,120,120,10,9,7,9.25
1475527,146,Malaysia,male,143,9,120,120,10,5,7,7.15
1475528,95,Bahrain,male,126,9,120,120,4,5,8,6.3
1475528,146,Malaysia,male,91,9,112,112,6,3,9,4.88
1475529,95,Bahrain,male,129,8,120,120,6,2,11,6.45
1475529,128,Hong Kong,male,129,7,120,120,13,1,2,6.45
1475530,128,Hong Kong,male,95,2,77,77,3,4,15,7.4
1475530,146,Malaysia,male,94,10,112,112,5,4,7,5.04
1475531,95,Bahrain,male,129,2,100,100,7,6,10,7.74
1475531,128,Hong Kong,male,126,5,120,120,12,2,4,6.3
1476152,34,Hong Kong,female,75,4,120,120,4,0,5,3.75
1476152,84,Uganda,female,78,2,104,104,6,0,8,4.5
1476153,55,Namibia,female,71,4,89,89,6,0,6,4.79
1476153,56,Nepal,female,92,10,120,120,8,0,15,4.6
1476154,56,Nepal,female,76,9,119,119,3,0,9,3.83
1476154,84,Uganda,female,75,7,121,121,5,0,9,3.72
1476155,34,Hong Kong,female,115,6,116,116,6,3,10,5.95
1476155,55,Namibia,female,112,6,120,120,6,2,16,5.6
1476156,55,Namibia,female,70,9,96,96,2,1,7,4.38
1476156,84,Uganda,female,71,6,96,96,5,0,3,4.44
1476157,34,Hong Kong,female,100,7,120,120,7,0,6,5.0
1476157,56,Nepal,female,98,7,120,120,4,0,7,4.9
1476158,55,Namibia,female,125,8,120,120,12,1,11,6.25
1476158,56,Nepal,female,102,5,120,120,5,0,7,5.1
1476159,34,Hong Kong,female,124,6,119,119,8,1,14,6.25
1476159,84,Uganda,female,123,5,120,120,9,2,16,6.15
1476160,34,Hong Kong,female,80,9,120,120,4,0,11,4.0
1476160,55,Namibia,female,81,3,83,83,8,0,6,5.86
1476161,56,Nepal,female,51,10,103,103,5,0,4,2.97
1476161,84,Uganda,female,91,5,120,120,6,0,7,4.55
1476162,34,Hong Kong,female,104,8,120,120,6,1,12,5.2
1476162,56,Nepal,female,105,4,117,117,4,0,7,5.38
1476163,55,Namibia,female,45,10,86,86,3,0,10,3.14
1476163,84,Uganda,female,119,7,120,120,10,0,13,5.95
1476165,55,Namibia,female,71,9,120,120,4,1,10,3.55
1476165,84,Uganda,female,72,2,90,90,3,0,12,4.8
1476795,106,Canada,male,145,8,90,90,10,8,11,9.67
1476795,154,Namibia,male,146,7,90,90,14,6,8,9.73
1476797,106,Canada,male,42,7,78,78,1,1,3,3.23
1476797,154,Namibia,male,42,0,16,16,4,2,6,15.75
1476798,106,Canada,male,142,7,120,120,11,2,12,7.1
1476798,154,Namibia,male,143,2,92,92,12,5,4,9.33
1476987,37,Ireland,female,118,4,101,101,17,1,12,7.01
1476987,90,Zimbabwe,female,117,9,120,120,12,0,14,5.85
1476988,37,Ireland,female,176,4,120,120,23,1,5,8.8
1476988,90,Zimbabwe,female,111,10,120,120,10,0,9,5.55
1476989,37,Ireland,female,180,4,120,120,24,2,10,9.0
1476989,90,Zimbabwe,female,129,7,120,120,11,1,17,6.45
1476992,37,Ireland,female,142,10,118,118,15,1,7,7.22
1476992,62,Pakistan,female,131,9,120,120,16,1,11,6.55
1476993,37,Ireland,female,171,6,120,120,17,3,7,8.55
1476993,62,Pakistan,female,168,6,120,120,20,3,6,8.4
1476994,37,Ireland,female,155,4,120,120,21,1,5,7.75
1476994,62,Pakistan,female,156,2,106,106,21,1,5,8.83
1477591,37,Ireland,female,115,10,108,108,15,0,8,6.39
1477591,75,South Africa,female,220,2,120,120,30,5,2,11.0
1477592,37,Ireland,female,136,3,120,120,14,1,7,6.8
1477592,75,South Africa,female,201,5,120,120,24,5,11,10.05
1477597,62,Pakistan,female,180,9,120,120,20,7,9,9.0
1477597,75,South Africa,female,185,5,120,120,21,4,11,9.25
1477598,62,Pakistan,female,100,9,84,84,12,0,15,7.14
1477598,75,South Africa,female,104,4,80,80,11,1,6,7.8
1477599,62,Pakistan,female,144,7,120,120,9,3,19,7.2
1477599,75,South Africa,female,91,9,101,101,10,1,6,5.41
1477609,178,South Africa,male,176,1,107,107,16,6,6,9.87
1477609,197,West Indies,male,173,7,120,120,15,8,10,8.65
1477610,178,South Africa,male,225,3,105,105,17,14,8,12.86
1477610,197,West Indies,male,221,4,120,120,20,11,17,11.05
1477611,178,South Africa,male,118,6,60,60,9,8,1,11.8
1477611,197,West Indies,male,114,3,60,60,4,12,2,11.4
1477662,9,Botswana,female,152,1,120,120,9,0,24,7.6
1477662,25,Eswatini,female,30,10,120,120,0,0,16,1.5
1477663,53,Mozambique,female,37,10,91,91,1,0,6,2.44
1477663,73,Sierra Leone,female,39,3,64,64,2,0,6,3.66
1477664,9,Botswana,female,46,1,41,41,1,0,12,6.73
1477664,25,Eswatini,female,45,10,97,97,1,0,18,2.78
1477665,9,Botswana,female,129,3,120,120,4,2,22,6.45
1477665,53,Mozambique,female,54,10,100,100,2,0,19,3.24
1477666,53,Mozambique,female,44,8,120,120,1,0,7,2.2
1477666,73,Sierra Leone,female,45,4,58,58,0,0,9,4.66
1477667,25,Eswatini,female,58,9,120,120,0,0,19,2.9
1477667,53,Mozambique,female,74,6,120,120,0,0,27,3.7
1477668,9,Botswana,female,74,10,111,111,1,0,7,4.0
1477668,73,Sierra Leone,female,80,5,120,120,1,0,13,4.0
1477669,25,Eswatini,female,29,9,66,66,2,0,4,2.64
1477669,73,Sierra Leone,female,179,3,120,120,9,0,28,8.95
1477670,9,Botswana,female,126,3,120,120,8,0,27,6.3
1477670,53,Mozambique,female,68,4,120,120,1,0,22,3.4
1477671,25,Eswatini,female,27,6,120,120,0,0,4,1.35
1477671,73,Sierra Leone,female,28,0,22,22,1,0,8,7.64
1477672,25,Eswatini,female,65,5,120,120,2,0,20,3.25
1477672,53,Mozambique,female,117,6,120,120,5,0,34,5.85
1477673,9,Botswana,female,68,9,117,117,3,0,6,3.49
1477673,73,Sierra Leone,female,107,5,120,120,8,0,9,5.35
1477674,9,Botswana,female,66,7,120,120,2,0,9,3.3
1477674,73,Sierra Leone,female,67,5,108,108,1,0,9,3.72
1477675,25,Eswatini,female,48,8,120,120,0,0,15,2.4
1477675,53,Mozambique,female,106,6,120,120,5,0,40,5.3
1477676,11,Bulgaria,female,87,10,115,115,2,0,49,4.54
1477676,24,Estonia,female,88,2,66,66,6,0,31,8.0
1477677,11,Bulgaria,female,75,10,108,108,3,0,33,4.17
1477677,24,Estonia,female,76,4,54,54,4,0,38,8.44
1477679,17,Cook Islands,female,65,8,120,120,1,0,14,3.25
1477679,36,Indonesia,female,66,2,59,59,7,0,4,6.71
1477680,36,Indonesia,female,132,8,120,120,7,0,22,6.6
1477680,64,Philippines,female,56,10,100,100,0,1,12,3.36
1477681,17,Cook Islands,female,125,6,120,120,5,2,18,6.25
1477681,64,Philippines,female,87,9,115,115,3,1,13,4.54
1477682,17,Cook Islands,female,57,9,120,120,3,0,6,2.85
1477682,36,Indonesia,female,58,7,106,106,3,0,13,3.28
1478228,159,Norway,male,154,6,120,120,14,4,12,7.7
1478228,166,Portugal,male,115,9,109,109,8,1,13,6.33
1478229,159,Norway,male,137,7,120,120,10,5,6,6.85
1478229,166,Portugal,male,138,6,107,107,13,3,13,7.74
1478230,159,Norway,male,135,9,120,120,11,4,12,6.75
1478230,166,Portugal,male,189,8,120,120,11,11,8,9.45
1478411,60,Norway,female,93,10,100,100,2,0,43,5.58
1478411,65,Portugal,female,109,9,120,120,7,0,26,5.45
1478412,60,Norway,female,137,5,112,112,4,0,57,7.34
1478412,65,Portugal,female,136,1,120,120,15,0,17,6.8
1478413,60,Norway,female,124,7,120,120,11,0,25,6.2
1478413,65,Portugal,female,127,1,110,110,14,1,12,6.93
1478865,178,South Africa,male,142,5,95,95,12,8,3,8.97
1478865,199,Zimbabwe,male,141,6,120,120,11,3,9,7.05
1478866,157,New Zealand,male,173,5,120,120,13,6,16,8.65
1478866,178,South Africa,male,152,10,110,110,13,6,5,8.29
1478867,157,New Zealand,male,122,2,83,83,9,4,4,8.82
1478867,199,Zimbabwe,male,120,7,120,120,11,1,5,6.0
1478868,178,South Africa,male,145,3,104,104,12,5,7,8.37
1478868,199,Zimbabwe,male,144,6,120,120,12,5,8,7.2
1478869,157,New Zealand,male,135,3,95,95,12,2,17,8.53
1478869,178,South Africa,male,134,8,120,120,14,3,6,6.7
1478870,157,New Zealand,male,190,6,120,120,18,5,8,9.5
1478870,199,Zimbabwe,male,130,10,113,113,9,4,12,6.9
1478871,157,New Zealand,male,180,5,120,120,15,4,19,9.0
1478871,178,South Africa,male,177,6,120,120,10,9,16,8.85
1478898,92,Australia,male,178,10,120,120,12,13,12,8.9
1478898,178,South Africa,male,161,9,120,120,17,2,10,8.05
1478899,92,Australia,male,165,10,106,106,13,7,16,9.34
1478899,178,South Africa,male,218,7,120,120,20,11,10,10.9
1478900,92,Australia,male,173,8,119,119,16,8,10,8.72
1478900,178,South Africa,male,172,7,120,120,15,6,4,8.6
1478907,92,Australia,male,0,0,0,0,0,0,0,0.0
1478907,131,India,male,97,1,58,58,11,3,2,10.03
1478908,92,Australia,male,126,6,80,80,6,6,11,9.45
1478908,131,India,male,125,10,112,112,12,3,3,6.7
1478909,92,Australia,male,186,6,120,120,20,8,1,9.3
1478909,131,India,male,188,5,111,111,12,9,7,10.16
1478910,92,Australia,male,119,10,110,110,12,3,2,6.49
1478910,131,India,male,167,8,120,120,11,6,9,8.35
1478911,92,Australia,male,0,0,0,0,0,0,0,0.0
1478911,131,India,male,52,0,29,29,7,1,0,10.76
1478912,2,Australia,female,133,10,108,108,18,0,6,7.39
1478912,35,India,female,50,1,31,31,5,2,4,9.68
1478913,2,Australia,female,163,5,120,120,17,1,6,8.15
1478913,35,India,female,144,9,120,120,18,1,7,7.2
1478914,2,Australia,female,159,9,120,120,15,2,11,7.95
1478914,35,India,female,176,6,120,120,15,4,6,8.8
1479320,155,Nepal,male,154,2,102,102,8,8,16,9.06
1479320,167,Qatar,male,151,5,120,120,10,9,5,7.55
1479321,128,Hong Kong,male,175,5,120,120,16,6,10,8.75
1479321,142,Kuwait,male,180,6,114,114,16,10,3,9.47
1479322,142,Kuwait,male,185,8,120,120,11,12,11,9.25
1479322,155,Nepal,male,186,4,113,113,12,13,4,9.88
1479323,128,Hong Kong,male,197,7,120,120,18,7,16,9.85
1479323,167,Qatar,male,129,10,115,115,8,7,10,6.73
1479324,142,Kuwait,male,127,4,60,60,6,11,10,12.7
1479324,167,Qatar,male,124,10,117,117,14,4,6,6.36
1479325,128,Hong Kong,male,68,3,54,54,5,3,6,7.56
1479325,155,Nepal,male,0,0,0,0,0,0,0,0.0
1479326,128,Hong Kong,male,188,6,120,120,15,6,17,9.4
1479326,167,Qatar,male,187,5,120,120,8,11,25,9.35
1479327,142,Kuwait,male,174,7,120,120,15,8,7,8.7
1479327,155,Nepal,male,171,10,117,117,13,10,6,8.77
1479576,131,India,male,175,6,120,120,14,9,13,8.75
1479576,178,South Africa,male,74,10,75,75,7,4,1,5.92
1479577,131,India,male,162,10,115,115,7,11,5,8.45
1479577,178,South Africa,male,213,4,120,120,10,15,22,10.65
1479578,131,India,male,120,3,95,95,14,4,9,7.58
1479578,178,South Africa,male,117,10,120,120,7,4,3,5.85
1479580,131,India,male,231,5,120,120,26,10,9,11.55
1479580,178,South Africa,male,201,8,120,120,18,10,14,10.05
1479929,55,Namibia,female,96,6,120,120,9,0,6,4.8
1479929,84,Uganda,female,98,5,120,120,10,0,7,4.9
1479930,55,Namibia,female,90,7,118,118,4,0,7,4.58
1479930,84,Uganda,female,95,5,120,120,9,0,9,4.75
1479931,55,Namibia,female,124,5,120,120,12,3,4,6.2
1479931,84,Uganda,female,101,4,120,120,6,0,20,5.05
1479932,55,Namibia,female,114,8,120,120,9,3,6,5.7
1479932,84,Uganda,female,93,6,120,120,8,0,11,4.65
1479933,55,Namibia,female,126,6,120,120,13,2,7,6.3
1479933,84,Uganda,female,125,10,119,119,14,0,4,6.3
1479934,55,Namibia,female,139,4,120,120,16,4,7,6.95
1479934,84,Uganda,female,140,5,120,120,15,0,9,7.0
1481295,111,Costa Rica,male,50,9,68,68,7,0,8,4.41
1481295,150,Mexico,male,174,4,120,120,14,3,18,8.7
1481296,162,Panama,male,145,10,114,114,11,4,24,7.63
1481296,191,Turks and Caicos Island,male,96,10,110,110,7,2,12,5.24
1481297,111,Costa Rica,male,91,6,120,120,7,1,12,4.55
1481297,162,Panama,male,92,1,65,65,4,4,13,8.49
1481298,150,Mexico,male,100,2,84,84,13,1,5,7.14
1481298,191,Turks and Caicos Island,male,99,10,120,120,8,2,4,4.95
1481299,111,Costa Rica,male,71,8,120,120,7,0,2,3.55
1481299,191,Turks and Caicos Island,male,74,0,49,49,7,1,11,9.06
1481300,150,Mexico,male,109,10,118,118,6,3,11,5.54
1481300,162,Panama,male,115,10,119,119,9,2,9,5.8
1481301,111,Costa Rica,male,68,0,54,54,9,1,1,7.56
1481301,191,Turks and Caicos Island,male,127,7,120,120,5,2,19,6.35
1481303,107,Cayman Islands,male,107,7,120,120,7,2,6,5.35
1481303,194,United States of America,male,186,6,120,120,11,7,11,9.3
1481304,99,Bermuda,male,105,8,120,120,5,2,5,5.25
1481304,106,Canada,male,108,5,109,109,4,2,4,5.94
1481305,94,Bahamas,male,68,9,120,120,3,2,10,3.4
1481305,194,United States of America,male,217,4,120,120,16,9,9,10.85
1481306,99,Bermuda,male,137,5,120,120,13,0,5,6.85
1481306,107,Cayman Islands,male,107,8,120,120,4,3,3,5.35
1481307,94,Bahamas,male,41,10,101,101,1,1,11,2.44
1481307,106,Canada,male,46,0,24,24,4,2,2,11.5
1481308,99,Bermuda,male,70,10,99,99,4,0,11,4.24
1481308,194,United States of America,male,71,0,34,34,11,2,5,12.53
1481309,106,Canada,male,165,6,120,120,8,7,5,8.25
1481309,107,Cayman Islands,male,71,10,103,103,4,1,4,4.14
1481310,94,Bahamas,male,51,10,81,81,4,1,2,3.78
1481310,99,Bermuda,male,55,0,53,53,5,0,6,6.23
1481311,94,Bahamas,male,96,5,120,120,8,0,14,4.8
1481311,107,Cayman Islands,male,175,2,120,120,10,4,21,8.75
1481312,106,Canada,male,184,7,120,120,11,10,5,9.2
1481312,194,United States of America,male,167,8,120,120,13,4,12,8.35
1481313,106,Canada,male,125,0,81,81,16,4,0,9.26
1481313,107,Cayman Islands,male,122,8,120,120,11,2,3,6.1
1481314,99,Bermuda,male,114,7,120,120,5,1,10,5.7
1481314,194,United States of America,male,115,0,86,86,10,2,8,8.02
1481315,106,Canada,male,168,9,120,120,9,8,8,8.4
1481315,194,United States of America,male,169,4,115,115,13,4,13,8.82
1481709,86,United States of America,female,96,6,120,120,9,0,10,4.8
1481709,90,Zimbabwe,female,124,7,120,120,12,1,7,6.2
1481710,86,United States of America,female,135,6,120,120,14,0,10,6.75
1481710,90,Zimbabwe,female,136,5,120,120,13,2,5,6.8
1481711,86,United States of America,female,111,7,120,120,8,2,2,5.55
1481711,90,Zimbabwe,female,110,8,120,120,12,0,5,5.5
1482088,171,Saudi Arabia,male,156,10,119,119,8,8,10,7.87
1482088,188,Thailand,male,90,10,97,97,6,0,9,5.57
1482089,146,Malaysia,male,170,6,120,120,11,6,6,8.5
1482089,176,Singapore,male,142,6,120,120,5,4,14,7.1
1482090,146,Malaysia,male,93,3,69,69,6,5,6,8.09
1482090,188,Thailand,male,92,10,120,120,6,1,9,4.6
1482091,171,Saudi Arabia,male,178,8,120,120,16,8,5,8.9
1482091,176,Singapore,male,82,9,120,120,5,0,14,4.1
1482092,146,Malaysia,male,183,5,119,119,16,8,5,9.23
1482092,171,Saudi Arabia,male,182,7,120,120,14,7,9,9.1
1482093,176,Singapore,male,125,10,95,95,8,6,4,7.89
1482093,188,Thailand,male,115,7,96,96,16,0,4,7.19
1482094,171,Saudi Arabia,male,170,4,120,120,5,11,7,8.5
1482094,188,Thailand,male,131,9,120,120,7,6,1,6.55
1482095,146,Malaysia,male,0,0,0,0,0,0,0,0.0
1482095,176,Singapore,male,39,2,44,44,3,0,4,5.32
1482096,146,Malaysia,male,160,9,120,120,10,9,3,8.0
1482096,188,Thailand,male,90,8,120,120,7,1,12,4.5
1482097,171,Saudi Arabia,male,115,3,85,85,9,4,7,8.12
1482097,176,Singapore,male,112,8,120,120,8,1,11,5.6
1482098,146,Malaysia,male,160,6,120,120,8,9,3,8.0
1482098,171,Saudi Arabia,male,161,3,107,107,9,8,4,9.03
1482100,176,Singapore,male,110,10,117,117,5,0,12,5.64
1482100,188,Thailand,male,80,10,115,115,3,1,7,4.17
1482101,146,Malaysia,male,135,7,120,120,9,5,5,6.75
1482101,171,Saudi Arabia,male,117,10,116,116,7,4,6,6.05
1482819,110,Cook Islands,male,125,7,113,113,12,3,8,6.64
1482819,188,Thailand,male,124,7,120,120,4,3,8,6.2
1482820,139,Japan,male,110,9,120,120,5,2,8,5.5
1482820,188,Thailand,male,49,10,90,90,3,0,2,3.27
1482821,110,Cook Islands,male,72,10,117,117,5,0,10,3.69
1482821,188,Thailand,male,76,2,82,82,6,0,13,5.56
1482822,110,Cook Islands,male,71,10,112,112,5,1,6,3.8
1482822,139,Japan,male,105,10,117,117,4,1,5,5.38
1482825,139,Japan,male,106,8,120,120,4,2,13,5.3
1482825,188,Thailand,male,109,4,119,119,5,4,3,5.5
1482826,110,Cook Islands,male,104,8,120,120,6,3,13,5.2
1482826,139,Japan,male,107,8,107,107,11,1,15,6.0
1482827,110,Cook Islands,male,97,10,104,104,8,2,2,5.6
1482827,139,Japan,male,139,8,120,120,12,1,15,6.95
1482828,117,Estonia,male,173,5,120,120,15,7,12,8.65
1482828,149,Malta,male,199,9,120,120,13,13,8,9.95
1482829,117,Estonia,male,203,6,120,120,16,12,5,10.15
1482829,149,Malta,male,202,9,120,120,19,7,20,10.1
1482830,117,Estonia,male,128,10,94,94,9,7,6,8.17
1482830,149,Malta,male,229,8,120,120,17,11,19,11.45
1483063,20,Cyprus,female,151,1,120,120,17,0,36,7.55
1483063,21,Czech Republic,female,37,10,47,47,1,0,18,4.72
1483064,20,Cyprus,female,201,0,120,120,20,0,71,10.05
1483064,21,Czech Republic,female,134,7,120,120,11,0,43,6.7
1483065,20,Cyprus,female,45,1,56,56,4,0,11,4.82
1483065,21,Czech Republic,female,44,10,86,86,2,0,18,3.07
1483066,20,Cyprus,female,83,1,60,60,7,0,24,8.3
1483066,21,Czech Republic,female,81,9,120,120,6,0,28,4.05
1483067,20,Cyprus,female,67,0,69,69,2,0,24,5.83
1483067,21,Czech Republic,female,66,10,87,87,2,0,25,4.55
1483068,19,Croatia,female,105,6,120,120,2,0,22,5.25
1483068,50,Malta,female,106,6,116,116,5,0,24,5.48
1483069,19,Croatia,female,102,10,104,104,4,0,30,5.88
1483069,50,Malta,female,103,2,107,107,5,0,34,5.78
1483070,29,Germany,female,166,8,120,120,7,0,32,8.3
1483070,32,Greece,female,61,10,101,101,2,0,22,3.62
1483071,29,Germany,female,153,4,120,120,13,0,18,7.65
1483071,32,Greece,female,87,8,120,120,5,0,24,4.35
1483072,29,Germany,female,177,5,120,120,14,0,21,8.85
1483072,32,Greece,female,88,4,120,120,4,0,36,4.4
1483073,29,Germany,female,78,0,59,59,4,0,6,7.93
1483073,32,Greece,female,77,8,120,120,3,0,25,3.85
1483731,93,Austria,male,117,0,70,70,7,9,7,10.03
1483731,114,Czech Republic,male,113,10,112,112,6,2,14,6.05
1483732,114,Czech Republic,male,102,9,78,78,10,0,17,7.85
1483732,159,Norway,male,139,4,78,78,9,8,9,10.69
1483733,93,Austria,male,137,10,117,117,7,8,12,7.03
1483733,159,Norway,male,159,6,120,120,11,3,15,7.95
1483734,93,Austria,male,224,5,120,120,15,17,12,11.2
1483734,114,Czech Republic,male,63,10,80,80,3,3,7,4.72
1483735,114,Czech Republic,male,133,5,120,120,14,3,11,6.65
1483735,159,Norway,male,174,6,120,120,15,3,18,8.7
1483736,93,Austria,male,155,1,83,83,19,8,7,11.2
1483736,159,Norway,male,149,8,120,120,10,7,14,7.45
1483754,34,Hong Kong,female,88,6,120,120,7,0,3,4.4
1483754,85,United Arab Emirates,female,94,5,120,120,4,0,11,4.7
1483755,43,Kuwait,female,57,10,105,105,5,0,8,3.26
1483755,82,Thailand,female,60,4,80,80,5,0,11,4.5
1483756,34,Hong Kong,female,95,8,120,120,5,0,18,4.75
1483756,82,Thailand,female,127,5,120,120,12,2,9,6.35
1483757,43,Kuwait,female,73,6,120,120,6,0,4,3.65
1483757,85,United Arab Emirates,female,154,5,120,120,19,0,9,7.7
1483758,34,Hong Kong,female,135,6,120,120,12,1,9,6.75
1483758,43,Kuwait,female,110,8,120,120,14,0,7,5.5
1483759,82,Thailand,female,117,5,120,120,11,1,3,5.85
1483759,85,United Arab Emirates,female,101,10,115,115,12,1,4,5.27
1483760,43,Kuwait,female,56,8,120,120,4,0,4,2.8
1483760,82,Thailand,female,57,2,54,54,4,0,3,6.33
1483762,47,Malaysia,female,30,8,42,42,0,1,1,4.29
1483762,85,United Arab Emirates,female,33,1,27,27,4,1,2,7.33
1483763,4,Bahrain,female,41,1,30,30,6,1,2,8.2
1483763,56,Nepal,female,42,1,26,26,5,0,4,9.69
1483765,66,Qatar,female,29,10,67,67,2,0,2,2.6
1483765,85,United Arab Emirates,female,192,10,96,96,25,5,5,12.0
1483766,8,Bhutan,female,50,6,78,78,1,0,2,3.85
1483766,43,Kuwait,female,85,3,78,78,7,0,8,6.54
1483767,4,Bahrain,female,15,0,24,24,1,0,1,3.75
1483767,34,Hong Kong,female,0,0,0,0,0,0,0,0.0
1483770,34,Hong Kong,female,30,3,27,27,0,1,1,6.67
1483770,56,Nepal,female,29,3,30,30,1,0,1,5.8
1483772,8,Bhutan,female,43,5,54,54,5,0,4,4.78
1483772,82,Thailand,female,88,3,54,54,12,0,9,9.78
1483773,4,Bahrain,female,76,3,76,76,7,0,12,6.0
1483773,56,Nepal,female,56,4,34,34,7,1,9,9.88
1483775,8,Bhutan,female,96,6,118,118,6,1,11,4.88
1483775,43,Kuwait,female,92,3,120,120,5,1,9,4.6
1483777,47,Malaysia,female,41,0,24,24,5,0,9,10.25
1483777,66,Qatar,female,39,10,99,99,2,0,10,2.36
1483778,82,Thailand,female,144,5,120,120,11,2,4,7.2
1483778,85,United Arab Emirates,female,90,5,120,120,11,0,4,4.5
1483779,56,Nepal,female,115,5,117,117,10,0,9,5.9
1483779,85,United Arab Emirates,female,114,7,120,120,11,1,8,5.7
1483785,96,Bangladesh,male,164,10,116,116,8,10,3,8.48
1483785,161,Pakistan,male,201,7,120,120,19,9,4,10.05
1483786,96,Bangladesh,male,144,9,114,114,10,6,3,7.58
1483786,161,Pakistan,male,201,6,120,120,13,11,4,10.05
1483787,96,Bangladesh,male,196,6,120,120,16,11,9,9.8
1483787,161,Pakistan,male,197,3,104,104,14,13,3,11.37
1483788,93,Austria,male,163,7,120,120,21,5,5,8.15
1483788,186,Switzerland,male,134,10,111,111,10,3,25,7.24
1483789,93,Austria,male,161,8,120,120,13,9,9,8.05
1483789,186,Switzerland,male,144,7,120,120,9,6,10,7.2
1483808,7,Belgium,female,99,6,120,120,4,0,39,4.95
1483808,80,Switzerland,female,100,3,73,73,6,0,27,8.22
1483809,7,Belgium,female,131,4,120,120,10,0,43,6.55
1483809,80,Switzerland,female,132,3,102,102,7,0,29,7.76
1483810,7,Belgium,female,56,10,99,99,3,0,23,3.39
1483810,80,Switzerland,female,57,2,64,64,5,0,10,5.34
1483811,7,Belgium,female,88,10,118,118,2,0,42,4.47
1483811,80,Switzerland,female,168,4,121,121,11,0,48,8.33
1483941,4,Bahrain,female,87,10,115,115,12,0,11,4.54
1483941,61,Oman,female,90,5,82,82,10,1,19,6.59
1483942,4,Bahrain,female,105,5,120,120,11,1,9,5.25
1483942,61,Oman,female,162,5,120,120,18,0,32,8.1
1483943,4,Bahrain,female,92,9,120,120,10,0,8,4.6
1483943,61,Oman,female,95,5,89,89,11,0,14,6.4
1484051,96,Bangladesh,male,191,7,120,120,9,13,21,9.55
1484051,193,United Arab Emirates,male,164,10,120,120,18,7,10,8.2
1484052,96,Bangladesh,male,205,5,120,120,18,9,8,10.25
1484052,193,United Arab Emirates,male,206,8,119,119,15,13,10,10.39
1485343,97,Belgium,male,162,10,116,116,8,13,15,8.38
1485343,166,Portugal,male,164,5,112,112,9,10,8,8.79
1485344,97,Belgium,male,102,10,112,112,4,6,7,5.46
1485344,166,Portugal,male,105,5,68,68,6,7,7,9.26
1485345,149,Malta,male,120,10,104,104,8,7,10,6.92
1485345,166,Portugal,male,121,2,85,85,10,3,5,8.54
1485346,97,Belgium,male,111,4,79,79,10,3,10,8.43
1485346,149,Malta,male,107,10,88,88,8,5,5,7.3
1485347,149,Malta,male,133,7,120,120,7,7,12,6.65
1485347,166,Portugal,male,136,2,90,90,10,7,8,9.07
1485348,97,Belgium,male,177,5,120,120,13,11,4,8.85
1485348,149,Malta,male,74,10,92,92,4,3,14,4.83
1485406,34,Hong Kong,female,86,3,54,54,6,3,10,9.56
1485406,40,Japan,female,67,3,54,54,2,1,7,7.44
1485407,16,China,female,51,5,86,86,1,0,18,3.56
1485407,64,Philippines,female,50,10,85,85,2,0,10,3.53
1485409,16,China,female,33,3,49,49,1,0,16,4.04
1485409,52,Mongolia,female,32,9,120,120,1,0,9,1.6
1485410,16,China,female,70,10,117,117,1,0,12,3.59
1485410,40,Japan,female,94,7,120,120,5,0,11,4.7
1485411,52,Mongolia,female,49,6,120,120,2,0,14,2.45
1485411,64,Philippines,female,167,6,120,120,10,1,48,8.35
1485412,40,Japan,female,83,8,120,120,1,0,25,4.15
1485412,64,Philippines,female,24,10,77,77,0,0,7,1.87
1485413,34,Hong Kong,female,75,3,71,71,4,0,11,6.34
1485413,52,Mongolia,female,74,10,110,110,5,0,32,4.04
1485414,16,China,female,85,3,92,92,2,0,24,5.54
1485414,64,Philippines,female,84,7,120,120,5,0,13,4.2
1485415,34,Hong Kong,female,77,10,108,108,6,0,5,4.28
1485415,40,Japan,female,99,7,120,120,3,0,10,4.95
1485508,96,Bangladesh,male,154,5,120,120,12,4,9,7.7
1485508,181,Sri Lanka,male,159,3,114,114,12,8,1,8.37
1485509,96,Bangladesh,male,177,7,120,120,9,8,7,8.85
1485509,181,Sri Lanka,male,94,10,92,92,8,2,7,6.13
1485510,96,Bangladesh,male,133,2,99,99,4,8,1,8.06
1485510,181,Sri Lanka,male,132,7,120,120,10,3,4,6.6
1485778,56,Nepal,female,80,9,120,120,7,0,4,4.0
1485778,82,Thailand,female,158,2,120,120,16,0,14,7.9
1485938,156,Netherlands,male,121,10,109,109,7,3,7,6.66
1485938,172,Scotland,male,160,8,120,120,12,5,7,8.0
1485939,155,Nepal,male,152,8,120,120,11,4,8,7.6
1485939,156,Netherlands,male,152,7,120,120,4,8,8,7.6
1485940,155,Nepal,male,98,8,119,119,7,0,5,4.94
1485940,172,Scotland,male,97,10,118,118,6,2,4,4.93
1485941,155,Nepal,male,180,4,118,118,12,5,9,9.15
1485941,156,Netherlands,male,174,7,120,120,15,7,7,8.7
1485942,156,Netherlands,male,198,7,120,120,13,10,12,9.9
1485942,172,Scotland,male,181,9,120,120,15,9,5,9.05
1485943,155,Nepal,male,159,10,113,113,12,5,9,8.44
1485943,172,Scotland,male,193,5,120,120,14,9,11,9.65
1486088,39,Italy,female,163,3,114,114,20,0,14,8.58
1486088,41,Jersey,female,162,9,120,120,13,5,23,8.1
1486089,77,Spain,female,91,8,120,120,2,0,23,4.55
1486089,79,Sweden,female,104,7,120,120,8,0,16,5.2
1486090,38,Isle of Man,female,88,10,88,88,9,0,16,6.0
1486090,39,Italy,female,89,2,58,58,11,2,8,9.21
1486091,29,Germany,female,139,4,120,120,14,0,21,6.95
1486091,77,Spain,female,111,3,120,120,10,0,13,5.55
1486092,29,Germany,female,106,6,120,120,5,0,17,5.3
1486092,41,Jersey,female,99,8,120,120,3,1,15,4.95
1486093,38,Isle of Man,female,124,3,69,69,13,2,24,10.78
1486093,79,Sweden,female,123,3,120,120,8,0,19,6.15
1486094,41,Jersey,female,95,3,66,66,14,0,7,8.64
1486094,77,Spain,female,94,7,120,120,8,0,5,4.7
1486095,39,Italy,female,120,0,68,68,15,0,18,10.59
1486095,79,Sweden,female,118,5,120,120,10,1,13,5.9
1486096,29,Germany,female,114,6,120,120,6,0,16,5.7
1486096,39,Italy,female,148,6,120,120,11,1,12,7.4
1486097,38,Isle of Man,female,86,10,116,116,3,0,15,4.45
1486097,77,Spain,female,87,2,95,95,9,0,3,5.49
1486098,29,Germany,female,138,7,120,120,8,0,36,6.9
1486098,79,Sweden,female,99,9,120,120,4,0,13,4.95
1486099,38,Isle of Man,female,91,10,103,103,8,0,7,5.3
1486099,41,Jersey,female,140,6,120,120,11,0,23,7.0
1486100,39,Italy,female,121,9,120,120,5,1,17,6.05
1486100,77,Spain,female,92,6,120,120,2,1,19,4.6
1486101,41,Jersey,female,110,10,108,108,9,0,28,6.11
1486101,79,Sweden,female,128,8,120,120,10,0,17,6.4
1486102,29,Germany,female,140,2,108,108,14,0,10,7.78
1486102,38,Isle of Man,female,139,5,120,120,16,1,10,6.95
1486224,97,Belgium,male,176,10,118,118,10,14,10,8.95
1486224,166,Portugal,male,132,10,107,107,12,5,13,7.4
1486225,93,Austria,male,155,10,121,121,15,3,21,7.69
1486225,177,Slovenia,male,80,10,118,118,5,1,13,4.07
1486227,93,Austria,male,93,5,51,51,7,8,8,10.94
1486227,177,Slovenia,male,91,8,120,120,6,2,6,4.55
1486228,93,Austria,male,244,5,120,120,21,12,24,12.2
1486228,177,Slovenia,male,76,9,90,90,9,1,3,5.07
1486582,96,Bangladesh,male,162,9,120,120,8,12,8,8.1
1486582,193,United Arab Emirates,male,166,3,115,115,10,11,6,8.66
1486784,93,Austria,male,148,8,120,120,10,7,10,7.4
1486784,186,Switzerland,male,154,7,110,110,17,3,11,8.4
1486785,93,Austria,male,190,3,120,120,14,12,10,9.5
1486785,186,Switzerland,male,173,10,119,119,12,8,10,8.72
1486786,129,Hungary,male,214,7,120,120,14,12,21,10.7
1486786,177,Slovenia,male,92,9,120,120,5,2,17,4.6
1486787,129,Hungary,male,222,6,120,120,12,15,35,11.1
1486787,177,Slovenia,male,160,8,120,120,13,3,16,8.0
1486788,129,Hungary,male,151,1,78,78,14,7,10,11.62
1486788,177,Slovenia,male,149,10,115,115,12,5,10,7.77
1486790,173,Serbia,male,200,1,85,85,14,16,17,14.12
1486790,177,Slovenia,male,199,7,120,120,16,10,23,9.95
1486791,173,Serbia,male,226,3,120,120,17,14,25,11.3
1486791,177,Slovenia,male,202,8,120,120,17,12,16,10.1
1487631,144,Luxembourg,male,106,10,103,103,6,2,16,6.17
1487631,186,Switzerland,male,163,6,120,120,12,4,14,8.15
1487632,144,Luxembourg,male,157,5,120,120,19,1,12,7.85
1487632,186,Switzerland,male,168,8,119,119,11,7,15,8.47
1487633,144,Luxembourg,male,140,3,105,105,14,2,4,8.0
1487633,186,Switzerland,male,139,10,120,120,16,2,3,6.95
1487652,57,Netherlands,female,87,2,60,60,9,0,3,8.7
1487652,86,United States of America,female,71,5,60,60,5,0,6,7.1
1487653,57,Netherlands,female,128,4,120,120,11,0,6,6.4
1487653,86,United States of America,female,75,10,99,99,7,0,9,4.55
1487654,57,Netherlands,female,164,5,120,120,20,0,10,8.2
1487654,86,United States of America,female,112,5,120,120,10,0,6,5.6
1487655,57,Netherlands,female,149,7,120,120,16,1,5,7.45
1487655,86,United States of America,female,74,10,108,108,6,0,11,4.11
1487658,3,Austria,female,134,7,120,120,12,0,24,6.7
1487658,31,Gibraltar,female,117,6,120,120,11,0,15,5.85
1487660,21,Czech Republic,female,84,9,103,103,2,0,44,4.89
1487660,31,Gibraltar,female,161,3,120,120,5,0,44,8.05
1487661,3,Austria,female,51,2,34,34,4,0,16,9.0
1487661,21,Czech Republic,female,50,10,94,94,2,0,25,3.19
1487693,13,Cameroon,female,54,10,120,120,3,0,13,2.7
1487693,68,Rwanda,female,145,4,120,120,11,0,26,7.25
1487695,73,Sierra Leone,female,47,10,107,107,2,0,6,2.64
1487695,81,Tanzania,female,152,4,120,120,15,1,17,7.6
1487696,10,Brazil,female,102,3,101,101,9,1,15,6.06
1487696,46,Malawi,female,101,6,120,120,9,0,10,5.05
1487697,68,Rwanda,female,135,3,120,120,11,1,15,6.75
1487697,73,Sierra Leone,female,80,8,120,120,9,0,12,4.0
1487698,13,Cameroon,female,42,10,118,118,3,0,5,2.14
1487698,84,Uganda,female,43,0,29,29,5,0,6,8.9
1487699,10,Brazil,female,59,4,72,72,4,0,7,4.92
1487699,59,Nigeria,female,92,10,120,120,5,0,11,4.6
1487700,46,Malawi,female,57,5,54,54,4,1,3,6.33
1487700,81,Tanzania,female,121,6,120,120,15,1,16,6.05
1487702,13,Cameroon,female,107,5,120,120,11,0,11,5.35
1487702,73,Sierra Leone,female,84,10,110,110,6,0,14,4.58
1487703,46,Malawi,female,60,10,106,106,2,0,14,3.4
1487703,68,Rwanda,female,109,4,121,121,6,0,17,5.4
1487704,59,Nigeria,female,83,8,120,120,3,0,4,4.15
1487704,81,Tanzania,female,82,9,120,120,9,0,9,4.1
1487706,73,Sierra Leone,female,32,10,67,67,2,0,9,2.87
1487706,84,Uganda,female,33,0,29,29,3,0,2,6.83
1487707,13,Cameroon,female,72,10,114,114,5,1,7,3.79
1487707,46,Malawi,female,73,4,78,78,9,0,9,5.62
1487708,59,Nigeria,female,74,10,105,105,7,0,7,4.23
1487708,68,Rwanda,female,114,7,120,120,12,1,5,5.7
1487709,10,Brazil,female,80,9,120,120,3,0,10,4.0
1487709,84,Uganda,female,81,3,73,73,9,0,18,6.66
1487710,46,Malawi,female,74,10,115,115,5,0,9,3.86
1487710,73,Sierra Leone,female,77,6,92,92,10,0,17,5.02
1487712,13,Cameroon,female,36,6,54,54,3,0,6,4.0
1487712,59,Nigeria,female,140,4,120,120,14,1,14,7.0
1487713,46,Malawi,female,53,10,108,108,5,0,5,2.94
1487713,84,Uganda,female,103,6,120,120,3,1,9,5.15
1487714,10,Brazil,female,75,10,105,105,6,0,14,4.29
1487714,81,Tanzania,female,76,1,55,55,10,0,10,8.29
1487715,59,Nigeria,female,104,10,118,118,8,0,15,5.29
1487715,73,Sierra Leone,female,68,10,119,119,5,0,6,3.43
1487717,81,Tanzania,female,79,10,108,108,6,0,9,4.39
1487717,84,Uganda,female,99,6,120,120,6,0,7,4.95
1487720,10,Brazil,female,88,6,120,120,8,0,5,4.4
1487720,68,Rwanda,female,96,10,120,120,6,1,16,4.8
1487721,59,Nigeria,female,73,9,120,120,6,0,6,3.65
1487721,84,Uganda,female,69,10,120,120,3,0,6,3.45
1487722,68,Rwanda,female,74,10,120,120,5,0,8,3.7
1487722,81,Tanzania,female,78,3,68,68,10,0,11,6.88
1487723,10,Brazil,female,156,7,120,120,20,0,11,7.8
1487723,13,Cameroon,female,44,9,82,82,4,0,11,3.22
1487725,13,Cameroon,female,53,10,110,110,3,0,6,2.89
1487725,81,Tanzania,female,172,3,120,120,17,0,31,8.6
1487726,68,Rwanda,female,120,5,112,112,13,1,5,6.43
1487726,84,Uganda,female,119,6,120,120,12,1,6,5.95
1487728,10,Brazil,female,87,2,82,82,8,1,5,6.37
1487728,73,Sierra Leone,female,85,8,120,120,7,0,3,4.25
1487729,68,Rwanda,female,43,10,104,104,4,0,7,2.48
1487729,81,Tanzania,female,59,10,90,90,6,0,7,3.93
1487731,68,Rwanda,female,87,7,120,120,7,2,8,4.35
1487731,84,Uganda,female,107,5,120,120,8,0,3,5.35
1487813,127,Guernsey,male,65,2,60,60,7,1,5,6.5
1487813,140,Jersey,male,116,8,119,119,7,0,6,5.85
1487814,127,Guernsey,male,107,7,78,78,7,6,1,8.23
1487814,140,Jersey,male,116,3,73,73,12,4,5,9.53
1487815,127,Guernsey,male,127,8,120,120,11,1,14,6.35
1487815,140,Jersey,male,130,8,120,120,11,3,4,6.5
1487824,154,Namibia,male,138,6,120,120,10,2,18,6.9
1487824,178,South Africa,male,134,8,120,120,12,1,4,6.7
1488319,104,Cambodia,male,127,2,97,97,13,6,8,7.86
1488319,132,Indonesia,male,124,10,120,120,12,0,21,6.2
1488320,104,Cambodia,male,157,5,110,110,17,7,8,8.56
1488320,132,Indonesia,male,156,5,120,120,10,6,21,7.8
1488321,104,Cambodia,male,126,4,103,103,6,9,8,7.34
1488321,132,Indonesia,male,120,8,120,120,10,2,13,6.0
1488322,104,Cambodia,male,61,10,81,81,6,1,0,4.52
1488322,132,Indonesia,male,65,1,57,57,12,0,3,6.84
1488323,104,Cambodia,male,210,4,120,120,17,13,11,10.5
1488323,132,Indonesia,male,26,0,24,24,5,0,1,6.5
1488324,104,Cambodia,male,134,1,96,96,12,6,3,8.38
1488324,132,Indonesia,male,133,8,120,120,9,4,15,6.65
1488325,104,Cambodia,male,99,0,45,45,5,10,6,13.2
1488325,132,Indonesia,male,98,10,117,117,10,2,6,5.03
1488326,99,Bermuda,male,95,10,115,115,4,3,6,4.96
1488326,106,Canada,male,205,5,120,120,14,13,16,10.25
1488327,94,Bahamas,male,145,7,120,120,13,6,4,7.25
1488327,107,Cayman Islands,male,183,7,120,120,13,13,4,9.15
1488328,106,Canada,male,162,5,120,120,10,5,13,8.1
1488328,107,Cayman Islands,male,103,9,120,120,9,2,14,5.15
1488329,94,Bahamas,male,90,8,120,120,6,0,14,4.5
1488329,99,Bermuda,male,91,3,59,59,7,5,5,9.25
1488330,99,Bermuda,male,126,3,77,77,9,7,11,9.82
1488330,107,Cayman Islands,male,121,9,120,120,9,6,15,6.05
1488331,94,Bahamas,male,52,7,67,67,5,0,10,4.66
1488331,106,Canada,male,54,0,27,27,3,5,0,12.0
1488332,94,Bahamas,male,88,2,54,54,8,6,5,9.78
1488332,99,Bermuda,male,114,6,54,54,6,8,14,12.67
1488333,106,Canada,male,81,0,30,30,4,7,1,16.2
1488333,107,Cayman Islands,male,39,5,30,30,2,3,2,7.8
1488334,94,Bahamas,male,57,10,119,119,4,0,12,2.87
1488334,106,Canada,male,61,3,33,33,7,2,2,11.09
1488335,99,Bermuda,male,139,2,84,84,13,7,5,9.93
1488335,107,Cayman Islands,male,142,1,79,79,6,12,11,10.78
1488336,94,Bahamas,male,118,7,120,120,9,3,10,5.9
1488336,107,Cayman Islands,male,167,5,120,120,15,7,3,8.35
1488338,115,Denmark,male,198,3,120,120,17,6,11,9.9
1488338,120,Finland,male,77,9,96,96,3,2,12,4.81
1488339,120,Finland,male,100,10,105,105,11,0,6,5.71
1488339,159,Norway,male,89,10,104,104,6,2,4,5.13
1488340,115,Denmark,male,166,10,120,120,12,7,13,8.3
1488340,185,Sweden,male,148,9,120,120,9,11,2,7.4
1488341,115,Denmark,male,180,7,120,120,12,8,13,9.0
1488341,159,Norway,male,181,1,105,105,15,12,6,10.34
1488342,120,Finland,male,90,10,111,111,6,0,12,4.86
1488342,185,Sweden,male,161,6,120,120,10,7,7,8.05
1488343,159,Norway,male,152,8,120,120,12,2,15,7.6
1488343,185,Sweden,male,149,10,119,119,8,5,23,7.51
1488344,120,Finland,male,168,8,120,120,14,4,28,8.4
1488344,159,Norway,male,146,10,118,118,10,5,9,7.42
1489041,52,Mongolia,female,90,7,120,120,2,0,36,4.5
1489041,64,Philippines,female,91,1,79,79,5,0,30,6.91
1489042,69,Samoa,female,12,2,9,9,2,0,1,8.0
1489042,87,Vanuatu,female,116,9,120,120,10,0,20,5.8
1489043,63,Papua New Guinea,female,98,10,120,120,6,1,15,4.9
1489043,87,Vanuatu,female,63,10,110,110,3,0,11,3.44
1489044,63,Papua New Guinea,female,65,6,74,74,4,0,19,5.27
1489044,69,Samoa,female,64,10,102,102,7,0,10,3.76
1489045,69,Samoa,female,93,10,111,111,7,0,17,5.03
1489045,87,Vanuatu,female,102,6,120,120,8,0,12,5.1
1489046,63,Papua New Guinea,female,98,8,120,120,7,0,26,4.9
1489046,87,Vanuatu,female,67,10,100,100,5,0,7,4.02
1489047,63,Papua New Guinea,female,138,6,120,120,17,0,18,6.9
1489047,69,Samoa,female,44,10,66,66,2,0,12,4.0
1489581,94,Bahamas,male,112,7,120,120,11,4,2,5.6
1489581,106,Canada,male,219,10,119,119,11,18,12,11.04
1489582,99,Bermuda,male,172,7,120,120,14,8,3,8.6
1489582,107,Cayman Islands,male,142,10,115,115,12,6,9,7.41
1489584,94,Bahamas,male,145,5,120,120,14,4,9,7.25
1489584,99,Bermuda,male,163,6,120,120,11,10,7,8.15
1489585,106,Canada,male,236,6,120,120,15,16,15,11.8
1489585,107,Cayman Islands,male,110,6,120,120,10,1,10,5.5
1489968,155,Nepal,male,148,8,120,120,6,8,10,7.4
1489968,197,West Indies,male,129,9,120,120,9,6,5,6.45
1489969,155,Nepal,male,173,6,120,120,13,9,13,8.65
1489969,197,West Indies,male,83,10,103,103,3,4,7,4.83
1489970,155,Nepal,male,122,10,119,119,6,6,8,6.15
1489970,197,West Indies,male,123,0,74,74,9,8,8,9.97
1490225,36,Indonesia,female,0,0,0,0,0,0,0,0.0
1490225,74,Singapore,female,31,4,60,60,2,0,8,3.1
1490226,36,Indonesia,female,49,1,37,37,6,0,2,7.95
1490226,74,Singapore,female,48,8,120,120,1,0,13,2.4
1490227,36,Indonesia,female,70,4,60,60,5,0,14,7.0
1490227,74,Singapore,female,25,4,30,30,0,0,4,5.0
1490234,131,India,male,238,7,120,120,21,14,15,11.9
1490234,157,New Zealand,male,190,7,120,120,16,9,2,9.5
1490235,131,India,male,209,3,92,92,21,12,9,13.63
1490235,157,New Zealand,male,208,6,120,120,23,8,12,10.4
1490236,131,India,male,155,2,60,60,16,10,2,15.5
1490236,157,New Zealand,male,153,9,120,120,14,5,5,7.65
1490237,131,India,male,165,10,112,112,14,10,3,8.84
1490237,157,New Zealand,male,215,7,120,120,20,12,5,10.75
1490238,131,India,male,271,5,120,120,17,23,12,13.55
1490238,157,New Zealand,male,225,10,118,118,19,13,16,11.44
1490239,104,Cambodia,male,152,7,120,120,8,10,16,7.6
1490239,132,Indonesia,male,154,6,115,115,7,8,13,8.03
1490471,140,Jersey,male,160,7,120,120,15,3,5,8.0
1490471,156,Netherlands,male,161,3,117,117,13,4,7,8.26
1490472,127,Guernsey,male,122,9,120,120,9,1,11,6.1
1490472,137,Italy,male,127,3,84,84,15,3,0,9.07
1490475,127,Guernsey,male,138,5,120,120,10,2,6,6.9
1490475,140,Jersey,male,160,4,120,120,9,5,6,8.0
1490476,156,Netherlands,male,142,7,120,120,4,3,4,7.1
1490476,172,Scotland,male,148,9,120,120,13,4,6,7.4
1490477,137,Italy,male,167,6,120,120,12,6,2,8.35
1490477,172,Scotland,male,155,5,120,120,6,7,13,7.75
1490478,127,Guernsey,male,99,9,120,120,7,0,7,4.95
1490478,156,Netherlands,male,172,1,120,120,16,2,7,8.6
1490479,140,Jersey,male,134,9,120,120,11,2,6,6.7
1490479,172,Scotland,male,133,7,120,120,7,4,5,6.65
1490480,137,Italy,male,134,7,120,120,6,7,9,6.7
1490480,156,Netherlands,male,135,1,98,98,9,2,17,8.27
1490677,23,England,female,219,1,120,120,23,3,15,10.95
1490677,78,Sri Lanka,female,132,10,120,120,9,2,11,6.6
1490678,37,Ireland,female,121,10,115,115,14,1,3,6.31
1490678,71,Scotland,female,161,5,120,120,12,2,11,8.05
1490679,2,Australia,female,172,8,120,120,22,2,3,8.6
1490679,75,South Africa,female,107,10,100,100,6,3,7,6.42
1490680,58,New Zealand,female,162,6,120,120,22,1,6,8.1
1490680,88,West Indies,female,163,3,119,119,13,4,11,8.22
1490681,5,Bangladesh,female,141,4,115,115,13,2,6,7.36
1490681,57,Netherlands,female,139,8,120,120,13,0,11,6.95
1490682,35,India,female,170,6,120,120,19,4,11,8.5
1490682,62,Pakistan,female,106,10,102,102,10,0,5,6.24
1490683,58,New Zealand,female,150,6,120,120,15,1,7,7.5
1490683,78,Sri Lanka,female,153,5,118,118,17,2,7,7.78
1490684,23,England,female,119,6,105,105,12,0,5,6.8
1490684,37,Ireland,female,118,9,120,120,15,0,8,5.9
1490685,2,Australia,female,78,1,57,57,10,1,4,8.21
1490685,5,Bangladesh,female,77,8,120,120,6,0,7,3.85
1490686,35,India,female,209,5,120,120,27,4,16,10.45
1490686,57,Netherlands,female,114,10,105,105,15,0,6,6.51
1490687,62,Pakistan,female,126,9,120,120,14,2,7,6.3
1490687,75,South Africa,female,127,8,101,101,18,2,3,7.54
1490688,71,Scotland,female,146,10,120,120,16,1,11,7.3
1490688,88,West Indies,female,153,6,120,120,13,4,5,7.65
1490689,37,Ireland,female,136,4,120,120,11,1,4,6.8
1490689,58,New Zealand,female,140,6,120,120,12,1,9,7.0
1490690,2,Australia,female,219,6,120,120,31,2,2,10.95
1490690,57,Netherlands,female,121,3,120,120,11,1,10,6.05
1490691,5,Bangladesh,female,123,6,120,120,14,0,3,6.15
1490691,62,Pakistan,female,100,8,120,120,6,1,5,5.0
1490692,23,England,female,200,5,120,120,27,4,2,10.0
1490692,71,Scotland,female,162,7,120,120,17,3,5,8.1
1490693,78,Sri Lanka,female,98,10,118,118,10,0,4,4.98
1490693,88,West Indies,female,99,5,97,97,7,1,23,6.12
1490694,35,India,female,158,7,120,120,18,1,6,7.9
1490694,75,South Africa,female,161,4,115,115,14,6,5,8.4
1490695,58,New Zealand,female,132,4,110,110,14,1,6,7.2
1490695,71,Scotland,female,131,7,120,120,13,1,6,6.55
1490696,37,Ireland,female,130,5,120,120,15,0,9,6.5
1490696,78,Sri Lanka,female,134,1,93,93,20,2,4,8.65
1490697,2,Australia,female,199,7,120,120,27,1,21,9.95
1490697,62,Pakistan,female,86,10,82,82,12,1,9,6.29
1490698,23,England,female,186,7,120,120,26,0,9,9.3
1490698,88,West Indies,female,148,5,120,120,12,4,15,7.4
1490699,5,Bangladesh,female,136,8,120,120,14,0,10,6.8
1490699,35,India,female,139,5,101,101,19,2,1,8.26
1490700,57,Netherlands,female,120,8,120,120,15,0,2,6.0
1490700,75,South Africa,female,208,1,120,120,24,5,12,10.4
1490701,71,Scotland,female,151,6,120,120,20,1,8,7.55
1490701,78,Sri Lanka,female,154,7,119,119,18,1,8,7.76
1490702,57,Netherlands,female,89,10,108,108,10,0,2,4.94
1490702,62,Pakistan,female,126,6,120,120,15,1,2,6.3
1490703,37,Ireland,female,129,4,109,109,12,3,5,7.1
1490703,88,West Indies,female,128,7,120,120,14,0,14,6.4
1490704,23,England,female,164,1,104,104,27,1,9,9.46
1490704,58,New Zealand,female,163,6,120,120,17,3,7,8.15
1490705,5,Bangladesh,female,117,5,120,120,8,2,15,5.85
1490705,75,South Africa,female,118,6,116,116,7,2,10,6.1
1490706,2,Australia,female,172,4,114,114,18,4,9,9.05
1490706,35,India,female,170,4,120,120,17,6,3,8.5
1490707,2,Australia,female,127,2,78,78,14,2,9,9.77
1490707,88,West Indies,female,125,7,120,120,14,1,6,6.25
1490708,23,England,female,169,5,120,120,19,2,14,8.45
1490708,75,South Africa,female,129,8,120,120,14,0,9,6.45
1490709,2,Australia,female,153,3,103,103,20,2,16,8.91
1490709,23,England,female,150,4,120,120,13,2,9,7.5
1490854,32,Greece,female,116,9,120,120,6,0,29,5.8
1490854,83,Turkey,female,118,7,120,120,17,0,14,5.9
1490855,11,Bulgaria,female,113,8,120,120,7,0,21,5.65
1490855,72,Serbia,female,114,2,93,93,10,0,37,7.35
1490856,72,Serbia,female,117,10,111,111,9,0,37,6.32
1490856,83,Turkey,female,180,5,120,120,19,0,37,9.0
1490857,11,Bulgaria,female,132,4,120,120,15,1,13,6.6
1490857,32,Greece,female,176,2,120,120,19,0,33,8.8
1490858,32,Greece,female,123,9,117,117,7,0,31,6.31
1490858,72,Serbia,female,122,10,111,111,15,0,21,6.59
1490859,11,Bulgaria,female,55,8,60,60,6,0,16,5.5
1490859,83,Turkey,female,221,4,120,120,23,1,39,11.05
1490860,11,Bulgaria,female,73,5,72,72,5,0,18,6.08
1490860,72,Serbia,female,74,2,59,59,2,0,34,7.53
1490861,32,Greece,female,119,8,120,120,6,0,45,5.95
1490861,83,Turkey,female,129,9,120,120,19,0,26,6.45
1490870,132,Indonesia,male,130,8,120,120,13,4,10,6.5
1490870,165,Philippines,male,183,6,120,120,13,9,3,9.15
1490871,165,Philippines,male,81,3,61,61,5,4,6,7.97
1490871,179,South Korea,male,80,10,118,118,4,3,6,4.07
1490872,132,Indonesia,male,160,5,120,120,10,7,9,8.0
1490872,165,Philippines,male,115,10,114,114,7,4,0,6.05
1490873,132,Indonesia,male,168,10,120,120,12,6,22,8.4
1490873,179,South Korea,male,116,10,103,103,6,8,8,6.76
1490874,165,Philippines,male,146,10,115,115,5,8,8,7.62
1490874,179,South Korea,male,185,5,120,120,20,6,11,9.25
1490875,132,Indonesia,male,53,0,29,29,6,1,4,10.97
1490875,179,South Korea,male,52,10,106,106,3,2,6,2.94
1490876,132,Indonesia,male,172,5,120,120,12,10,7,8.6
1490876,165,Philippines,male,176,1,95,95,11,12,14,11.12
1490877,165,Philippines,male,246,7,120,120,19,17,10,12.3
1490877,179,South Korea,male,134,9,120,120,13,2,29,6.7
1490878,132,Indonesia,male,162,7,120,120,16,5,7,8.1
1490878,179,South Korea,male,165,7,116,116,14,5,25,8.53
1490879,165,Philippines,male,184,9,120,120,14,8,10,9.2
1490879,179,South Korea,male,99,10,104,104,10,2,9,5.71
1490880,132,Indonesia,male,141,10,117,117,10,6,13,7.23
1490880,165,Philippines,male,142,4,85,85,12,8,10,10.02
1490881,132,Indonesia,male,116,3,82,82,10,7,5,8.49
1490881,179,South Korea,male,115,9,120,120,8,3,12,5.75
1490882,121,France,male,105,10,119,119,7,1,23,5.29
1490882,149,Malta,male,106,4,82,82,11,4,6,7.76
1490884,97,Belgium,male,199,6,120,120,20,6,18,9.95
1490884,149,Malta,male,134,9,120,120,15,3,11,6.7
1490885,93,Austria,male,190,2,68,68,17,13,24,16.76
1490885,129,Hungary,male,186,6,120,120,17,10,11,9.3
1490886,97,Belgium,male,178,8,120,120,18,9,10,8.9
1490886,121,France,male,162,10,115,115,22,1,19,8.45
1490887,129,Hungary,male,147,8,120,120,12,5,6,7.35
1490887,168,Romania,male,153,3,72,72,21,6,12,12.75
1490888,93,Austria,male,144,6,89,89,12,7,12,9.71
1490888,97,Belgium,male,143,5,90,90,15,6,16,9.53
1490889,149,Malta,male,138,10,107,107,13,5,9,7.74
1490889,168,Romania,male,78,6,72,72,7,2,17,6.5
1490890,121,France,male,97,10,93,93,8,1,18,6.26
1490890,129,Hungary,male,149,10,116,116,12,6,11,7.71
1491604,103,Bulgaria,male,217,6,120,120,17,15,9,10.85
1491604,125,Gibraltar,male,222,4,112,112,23,11,18,11.89
1491605,103,Bulgaria,male,200,2,89,89,15,13,15,13.48
1491605,190,Turkey,male,195,8,120,120,19,9,8,9.75
1491606,125,Gibraltar,male,153,3,95,95,19,5,5,9.66
1491606,190,Turkey,male,149,10,113,113,13,8,19,7.91
1491607,103,Bulgaria,male,244,4,86,86,19,23,8,17.02
1491607,125,Gibraltar,male,243,7,120,120,20,18,14,12.15
1491608,103,Bulgaria,male,178,10,101,101,15,10,6,10.57
1491608,190,Turkey,male,237,10,117,117,18,20,11,12.15
1491609,125,Gibraltar,male,198,5,117,117,23,8,7,10.15
1491609,190,Turkey,male,193,4,120,120,19,11,11,9.65
1491610,103,Bulgaria,male,200,2,99,99,15,17,4,12.12
1491610,125,Gibraltar,male,194,9,120,120,14,12,6,9.7
1491699,58,New Zealand,female,202,1,120,120,31,0,3,10.1
1491699,90,Zimbabwe,female,110,4,120,120,11,0,9,5.5
1491700,58,New Zealand,female,196,1,120,120,29,1,7,9.8
1491700,90,Zimbabwe,female,86,10,111,111,9,0,14,4.65
1491701,58,New Zealand,female,65,0,34,34,11,0,9,11.47
1491701,90,Zimbabwe,female,64,9,120,120,7,0,10,3.2
1491705,58,New Zealand,female,190,7,120,120,19,5,9,9.5
1491705,75,South Africa,female,110,7,120,120,12,0,6,5.5
1491706,58,New Zealand,female,159,10,115,115,19,1,9,8.3
1491706,75,South Africa,female,177,5,120,120,16,7,16,8.85
1491707,58,New Zealand,female,152,4,112,112,16,2,10,8.14
1491707,75,South Africa,female,149,7,120,120,10,5,18,7.45
1491708,58,New Zealand,female,160,4,111,111,18,4,5,8.65
1491708,75,South Africa,female,159,6,120,120,18,2,9,7.95
1491709,58,New Zealand,female,194,6,120,120,28,2,15,9.7
1491709,75,South Africa,female,102,9,120,120,11,0,10,5.1
1491714,92,Australia,male,185,4,99,99,20,9,8,11.21
1491714,157,New Zealand,male,181,6,120,120,11,6,9,9.05
1491715,92,Australia,male,16,1,13,13,1,1,0,7.38
1491715,157,New Zealand,male,0,0,0,0,0,0,0,0.0
1491716,92,Australia,male,160,7,108,108,11,9,8,8.89
1491716,157,New Zealand,male,156,9,120,120,12,8,15,7.8
1491717,116,England,male,153,6,120,120,10,6,9,7.65
1491717,157,New Zealand,male,0,0,0,0,0,0,0,0.0
1491718,116,England,male,236,4,120,120,24,10,8,11.8
1491718,157,New Zealand,male,171,10,108,108,15,7,16,9.5
1491719,116,England,male,0,0,0,0,0,0,0,0.0
1491719,157,New Zealand,male,38,1,22,22,2,3,3,10.36
1491723,157,New Zealand,male,157,9,120,120,16,5,5,7.85
1491723,197,West Indies,male,164,6,120,120,12,7,15,8.2
1491724,157,New Zealand,male,207,5,120,120,14,12,12,10.35
1491724,197,West Indies,male,204,8,120,120,10,18,9,10.2
1491725,157,New Zealand,male,177,9,120,120,16,5,5,8.85
1491725,197,West Indies,male,168,10,119,119,16,8,7,8.47
1491726,157,New Zealand,male,0,0,0,0,0,0,0,0.0
1491726,197,West Indies,male,38,1,39,39,3,2,2,5.85
1491727,157,New Zealand,male,141,2,94,94,11,7,7,9.0
1491727,197,West Indies,male,140,10,112,112,11,7,6,7.5
1491735,157,New Zealand,male,91,10,87,87,7,2,6,6.28
1491735,178,South Africa,male,93,3,100,100,4,3,13,5.58
1491736,157,New Zealand,male,175,6,120,120,15,7,10,8.75
1491736,178,South Africa,male,107,10,93,93,8,6,6,6.9
1491737,157,New Zealand,male,137,2,98,98,13,4,17,8.39
1491737,178,South Africa,male,136,9,120,120,12,7,3,6.8
1491738,157,New Zealand,male,145,10,113,113,12,4,8,7.7
1491738,178,South Africa,male,164,5,120,120,16,8,4,8.2
1491739,157,New Zealand,male,154,8,120,120,12,3,9,7.7
1491739,178,South Africa,male,187,4,120,120,15,10,8,9.35
1491903,96,Bangladesh,male,112,3,93,93,8,7,3,7.23
1491903,161,Pakistan,male,110,10,117,117,9,5,6,5.64
1491904,96,Bangladesh,male,133,10,120,120,6,9,4,6.65
1491904,161,Pakistan,male,125,10,116,116,11,5,7,6.47
1491905,96,Bangladesh,male,104,10,100,100,9,3,8,6.24
1491905,161,Pakistan,male,178,7,120,120,12,12,11,8.9
1492823,181,Sri Lanka,male,177,6,115,115,11,6,11,9.23
1492823,199,Zimbabwe,male,175,7,120,120,20,1,15,8.75
1492824,181,Sri Lanka,male,80,10,106,106,6,0,6,4.53
1492824,199,Zimbabwe,male,84,5,86,86,9,0,2,5.86
1492825,181,Sri Lanka,male,193,2,106,106,17,7,11,10.92
1492825,199,Zimbabwe,male,191,8,120,120,21,5,12,9.55
1492879,95,Bahrain,male,209,5,120,120,16,16,6,10.45
1492879,187,Tanzania,male,215,4,116,116,20,14,4,11.12
1492880,123,Germany,male,145,5,100,100,12,7,8,8.7
1492880,145,Malawi,male,144,8,120,120,13,4,11,7.2
1492881,95,Bahrain,male,207,2,120,120,20,11,4,10.35
1492881,123,Germany,male,161,8,120,120,14,9,3,8.05
1492883,123,Germany,male,137,6,108,108,11,5,7,7.61
1492883,187,Tanzania,male,135,9,120,120,11,5,13,6.75
1492884,95,Bahrain,male,111,3,88,88,15,1,7,7.57
1492884,145,Malawi,male,109,9,120,120,9,3,7,5.45
1492887,95,Bahrain,male,157,4,98,98,7,13,9,9.61
1492887,187,Tanzania,male,154,7,120,120,16,5,4,7.7
1492888,123,Germany,male,158,10,119,119,12,10,6,7.97
1492888,145,Malawi,male,166,8,120,120,17,6,9,8.3
1492889,95,Bahrain,male,76,0,41,41,9,4,2,11.12
1492889,145,Malawi,male,72,10,89,89,6,2,6,4.85
1492890,123,Germany,male,140,10,112,112,11,9,9,7.5
1492890,187,Tanzania,male,146,5,101,101,14,6,14,8.67
1492891,123,Germany,male,219,7,120,120,16,14,18,10.95
1492891,145,Malawi,male,182,7,120,120,14,9,9,9.1
1492892,95,Bahrain,male,89,10,114,114,7,1,9,4.68
1492892,187,Tanzania,male,90,0,61,61,11,3,6,8.85
1494090,128,Hong Kong,male,151,9,120,120,15,5,2,7.55
1494090,146,Malaysia,male,152,5,111,111,14,5,15,8.22
1494091,170,Samoa,male,84,10,105,105,11,0,10,4.8
1494091,176,Singapore,male,136,8,120,120,7,2,14,6.8
1494092,146,Malaysia,male,107,4,58,58,10,6,10,11.07
1494092,176,Singapore,male,105,9,120,120,8,2,11,5.25
1494093,128,Hong Kong,male,172,5,120,120,12,5,15,8.6
1494093,170,Samoa,male,118,10,118,118,11,3,17,6.0
1494094,128,Hong Kong,male,213,4,120,120,21,7,19,10.65
1494094,176,Singapore,male,161,5,120,120,10,6,8,8.05
1494095,146,Malaysia,male,113,4,56,56,15,3,11,12.11
1494095,170,Samoa,male,109,8,120,120,8,4,8,5.45
1494096,128,Hong Kong,male,140,10,117,117,12,3,6,7.18
1494096,146,Malaysia,male,144,3,87,87,13,6,11,9.93
1494097,170,Samoa,male,132,6,120,120,8,6,11,6.6
1494097,176,Singapore,male,133,7,112,112,9,0,22,7.12
1494098,128,Hong Kong,male,162,7,118,118,13,7,5,8.24
1494098,170,Samoa,male,159,4,120,120,20,3,4,7.95
1494099,146,Malaysia,male,209,7,120,120,21,9,14,10.45
1494099,176,Singapore,male,144,7,120,120,16,2,2,7.2
1494100,146,Malaysia,male,190,4,109,109,17,9,8,10.46
1494100,170,Samoa,male,188,2,120,120,21,8,6,9.4
1494101,128,Hong Kong,male,193,4,120,120,21,4,15,9.65
1494101,176,Singapore,male,141,10,113,113,17,1,3,7.49
1494102,128,Hong Kong,male,52,4,30,30,6,2,0,10.4
1494102,146,Malaysia,male,55,0,14,14,4,6,1,23.57
1494103,141,Kenya,male,129,7,120,120,13,2,7,6.45
1494103,192,Uganda,male,157,5,120,120,4,7,14,7.85
1494108,192,Uganda,male,126,9,121,121,7,2,6,6.25
1494108,193,United Arab Emirates,male,120,8,120,120,8,3,8,6.0
1494110,141,Kenya,male,98,10,120,120,7,1,6,4.9
1494110,193,United Arab Emirates,male,101,3,83,83,8,4,3,7.3
1494111,192,Uganda,male,170,7,120,120,15,3,7,8.5
1494111,193,United Arab Emirates,male,162,9,120,120,15,5,6,8.1
1494113,158,Nigeria,male,88,10,113,113,6,2,1,4.67
1494113,193,United Arab Emirates,male,141,4,120,120,13,1,5,7.05
1494114,141,Kenya,male,124,8,120,120,10,0,11,6.2
1494114,192,Uganda,male,125,4,109,109,12,2,4,6.88
1494115,141,Kenya,male,108,8,96,96,7,1,7,6.75
1494115,158,Nigeria,male,88,9,96,96,6,2,4,5.5
1494116,158,Nigeria,male,85,5,108,108,2,0,6,4.72
1494116,192,Uganda,male,180,4,120,120,9,5,8,9.0
1494118,158,Nigeria,male,58,10,81,81,4,1,8,4.3
1494118,193,United Arab Emirates,male,59,3,29,29,8,2,3,12.21
1494124,44,Lesotho,female,23,10,61,61,0,0,7,2.26
1494124,68,Rwanda,female,24,0,19,19,1,0,1,7.58
1494125,9,Botswana,female,170,4,120,120,15,0,25,8.5
1494125,25,Eswatini,female,59,8,120,120,4,0,19,2.95
1494126,13,Cameroon,female,73,10,107,107,3,0,14,4.09
1494126,46,Malawi,female,111,5,120,120,5,0,21,5.55
1494127,53,Mozambique,female,64,10,107,107,7,0,3,3.59
1494127,73,Sierra Leone,female,141,5,119,119,13,0,9,7.11
1494128,9,Botswana,female,54,2,45,45,4,0,13,7.2
1494128,53,Mozambique,female,53,9,120,120,2,0,16,2.65
1494129,46,Malawi,female,71,9,120,120,3,0,14,3.55
1494129,68,Rwanda,female,138,6,121,121,14,0,25,6.84
1494130,25,Eswatini,female,41,8,120,120,3,0,5,2.05
1494130,73,Sierra Leone,female,190,6,120,120,16,0,34,9.5
1494131,13,Cameroon,female,105,9,120,120,9,0,22,5.25
1494131,44,Lesotho,female,50,10,102,102,1,0,15,2.94
1494132,44,Lesotho,female,56,10,88,88,2,0,17,3.82
1494132,46,Malawi,female,162,5,120,120,17,0,17,8.1
1494133,25,Eswatini,female,77,9,120,120,6,0,22,3.85
1494133,53,Mozambique,female,165,3,120,120,10,3,43,8.25
1494134,9,Botswana,female,89,4,120,120,6,0,5,4.45
1494134,73,Sierra Leone,female,90,5,83,83,10,0,8,6.51
1494135,13,Cameroon,female,20,10,79,79,0,0,5,1.52
1494135,68,Rwanda,female,22,0,23,23,2,0,5,5.74
1494136,13,Cameroon,female,177,5,120,120,19,0,36,8.85
1494136,25,Eswatini,female,37,10,103,103,3,0,7,2.16
1494137,9,Botswana,female,64,9,120,120,2,0,8,3.2
1494137,68,Rwanda,female,99,9,120,120,5,0,15,4.95
1494138,44,Lesotho,female,100,8,120,120,1,0,37,5.0
1494138,53,Mozambique,female,101,7,100,100,9,0,24,6.06
1494139,46,Malawi,female,100,6,120,120,9,0,4,5.0
1494139,73,Sierra Leone,female,101,4,93,93,6,0,8,6.52
1494140,9,Botswana,female,143,6,120,120,11,0,29,7.15
1494140,46,Malawi,female,78,10,94,94,5,0,21,4.98
1494141,25,Eswatini,female,40,10,86,86,0,0,15,2.79
1494141,44,Lesotho,female,88,9,120,120,1,0,29,4.4
1494142,13,Cameroon,female,88,8,108,108,6,0,18,4.89
1494142,53,Mozambique,female,87,8,120,120,6,0,16,4.35
1494143,68,Rwanda,female,135,7,120,120,13,0,12,6.75
1494143,73,Sierra Leone,female,84,10,109,109,6,0,9,4.62
1494577,24,Estonia,female,117,10,118,118,4,0,47,5.95
1494577,27,Finland,female,119,3,91,91,12,0,26,7.85
1494578,27,Finland,female,95,9,120,120,6,0,29,4.75
1494578,80,Switzerland,female,96,1,83,83,9,0,16,6.94
1494579,24,Estonia,female,76,10,89,89,1,0,29,5.12
1494579,80,Switzerland,female,152,4,120,120,17,0,18,7.6
1494580,24,Estonia,female,104,9,120,120,5,0,24,5.2
1494580,27,Finland,female,71,10,90,90,4,0,36,4.73
1494581,27,Finland,female,54,10,101,101,1,0,20,3.21
1494581,80,Switzerland,female,55,0,62,62,5,0,11,5.32
1494583,158,Nigeria,male,109,9,107,107,3,4,10,6.11
1494583,192,Uganda,male,147,6,120,120,11,0,16,7.35
1494584,141,Kenya,male,116,4,115,115,9,2,6,6.05
1494584,158,Nigeria,male,113,9,120,120,9,1,15,5.65
1494766,167,Qatar,male,189,4,120,120,22,6,16,9.45
1494766,171,Saudi Arabia,male,193,6,116,116,14,11,10,9.98
1494767,167,Qatar,male,173,6,116,116,15,8,16,8.95
1494767,171,Saudi Arabia,male,169,7,120,120,11,9,12,8.45
1494768,167,Qatar,male,177,5,120,120,13,8,7,8.85
1494768,171,Saudi Arabia,male,145,10,112,112,5,13,6,7.77
1494769,167,Qatar,male,123,9,120,120,4,6,11,6.15
1494769,171,Saudi Arabia,male,123,10,117,117,8,5,7,6.31
1494771,117,Estonia,male,86,6,102,102,6,1,8,5.06
1494771,120,Finland,male,85,10,95,95,4,2,10,5.37
1494772,117,Estonia,male,141,10,118,118,8,4,19,7.17
1494772,120,Finland,male,142,5,109,109,13,1,16,7.82
1494773,117,Estonia,male,90,10,97,97,9,1,12,5.57
1494773,186,Switzerland,male,162,8,120,120,15,3,15,8.1
1494774,117,Estonia,male,142,10,112,112,6,10,3,7.61
1494774,186,Switzerland,male,157,6,120,120,14,5,11,7.85
1494775,117,Estonia,male,194,9,120,120,11,14,11,9.7
1494775,186,Switzerland,male,235,6,120,120,13,16,15,11.75
1495453,95,Bahrain,male,105,2,104,104,7,4,11,6.06
1495453,169,Rwanda,male,102,10,119,119,7,3,12,5.14
1495454,95,Bahrain,male,116,1,96,96,4,4,10,7.25
1495454,145,Malawi,male,112,6,120,120,10,2,11,5.6
1495455,145,Malawi,male,113,7,120,120,4,2,14,5.65
1495455,169,Rwanda,male,114,4,101,101,9,4,4,6.77
1495456,95,Bahrain,male,140,1,91,91,10,7,12,9.23
1495456,145,Malawi,male,139,7,120,120,10,3,14,6.95
1495457,95,Bahrain,male,126,3,109,109,7,6,3,6.94
1495457,169,Rwanda,male,125,5,120,120,8,5,5,6.25
1495458,145,Malawi,male,134,5,120,120,11,4,10,6.7
1495458,169,Rwanda,male,139,6,114,114,10,6,10,7.32
1495459,95,Bahrain,male,211,4,120,120,10,16,11,10.55
1495459,169,Rwanda,male,99,10,118,118,8,2,7,5.03
1495460,145,Malawi,male,115,4,102,102,10,1,7,6.76
1495460,169,Rwanda,male,111,10,118,118,11,4,4,5.64
1495461,95,Bahrain,male,176,4,120,120,19,5,4,8.8
1495461,145,Malawi,male,131,10,117,117,8,4,14,6.72
1495462,95,Bahrain,male,163,6,120,120,13,6,18,8.15
1495462,169,Rwanda,male,49,10,87,87,6,1,2,3.38
1495463,95,Bahrain,male,114,2,99,99,12,3,2,6.91
1495463,145,Malawi,male,113,9,120,120,10,2,17,5.65
1495464,145,Malawi,male,158,1,119,119,7,8,14,7.97
1495464,169,Rwanda,male,157,5,120,120,13,5,16,7.85
1495465,95,Bahrain,male,189,3,120,120,10,11,12,9.45
1495465,145,Malawi,male,95,10,105,105,7,2,6,5.43
1495654,93,Austria,male,129,3,83,83,12,5,7,9.33
1495654,168,Romania,male,128,9,120,120,8,5,9,6.4
1495655,129,Hungary,male,93,10,89,89,3,6,6,6.27
1495655,168,Romania,male,94,0,48,48,8,6,7,11.75
1495656,129,Hungary,male,148,8,120,120,11,6,14,7.4
1495656,144,Luxembourg,male,78,10,91,91,6,1,8,5.14
1495657,144,Luxembourg,male,133,10,119,119,6,5,16,6.71
1495657,168,Romania,male,178,6,120,120,19,5,12,8.9
1495658,93,Austria,male,169,6,108,108,13,9,17,9.39
1495658,129,Hungary,male,168,9,120,120,8,9,17,8.4
1495659,93,Austria,male,245,7,120,120,17,18,10,12.25
1495659,144,Luxembourg,male,179,5,120,120,14,5,14,8.95
1495660,129,Hungary,male,182,7,120,120,13,6,11,9.1
1495660,144,Luxembourg,male,145,9,120,120,10,4,10,7.25
1495661,93,Austria,male,182,3,96,96,15,11,16,11.38
1495661,168,Romania,male,0,0,0,0,0,0,0,0.0
1496545,23,England,female,140,3,104,104,13,3,3,8.08
1496545,58,New Zealand,female,136,7,120,120,12,5,3,6.8
1496546,23,England,female,156,6,120,120,15,2,10,7.8
1496546,58,New Zealand,female,170,5,120,120,10,8,20,8.5
1496547,23,England,female,81,3,83,83,8,0,12,5.86
1496547,58,New Zealand,female,80,10,115,115,6,1,10,4.17
1496548,23,England,female,150,8,120,120,18,1,3,7.5
1496548,35,India,female,188,7,120,120,24,2,20,9.4
1496549,23,England,female,168,5,120,120,16,3,5,8.4
1496549,35,India,female,142,9,120,120,18,2,5,7.1
1496550,23,England,female,184,4,111,111,23,3,7,9.95
1496550,35,India,female,180,5,120,120,24,0,6,9.0
1496574,116,England,male,0,0,0,0,0,0,0,0.0
1496574,131,India,male,189,7,120,120,15,8,3,9.45
1496575,116,England,male,191,6,114,114,18,8,11,10.05
1496575,131,India,male,190,7,120,120,18,7,10,9.5
1496576,116,England,male,201,7,120,120,19,7,6,10.05
1496576,131,India,male,76,10,70,70,5,5,0,6.51
1496577,116,England,male,159,1,83,83,17,6,13,11.49
1496577,131,India,male,158,7,120,120,9,7,4,7.9
1496578,116,England,male,257,3,120,120,17,17,18,12.85
1496578,131,India,male,201,8,120,120,20,8,5,10.05
1496821,93,Austria,male,139,6,109,109,8,6,19,7.65
1496821,185,Sweden,male,136,10,118,118,12,4,12,6.92
1496822,121,France,male,116,7,120,120,6,5,9,5.8
1496822,159,Norway,male,138,5,120,120,5,9,10,6.9
1496823,159,Norway,male,179,4,120,120,14,9,8,8.95
1496823,185,Sweden,male,156,9,118,118,9,8,21,7.93
1496824,93,Austria,male,168,4,118,118,11,12,9,8.54
1496824,121,France,male,162,6,120,120,12,7,11,8.1
1496825,121,France,male,153,8,115,115,17,2,13,7.98
1496825,185,Sweden,male,152,7,120,120,13,6,4,7.6
1496826,93,Austria,male,106,2,71,71,8,7,7,8.96
1496826,159,Norway,male,105,10,115,115,9,3,11,5.48
1496827,159,Norway,male,137,7,111,111,10,3,9,7.41
1496827,185,Sweden,male,136,9,120,120,13,4,4,6.8
1496828,112,Croatia,male,155,6,120,120,15,5,27,7.75
1496828,113,Cyprus,male,213,3,120,120,17,8,28,10.65
1496829,112,Croatia,male,132,10,116,116,9,5,19,6.83
1496829,113,Cyprus,male,136,3,95,95,12,6,18,8.59
1496830,112,Croatia,male,135,6,120,120,8,5,11,6.75
1496830,113,Cyprus,male,136,7,114,114,12,2,24,7.16
1496831,112,Croatia,male,141,10,119,119,15,2,18,7.11
1496831,113,Cyprus,male,193,6,120,120,16,9,9,9.65
1496921,131,India,male,60,1,27,27,4,5,3,13.33
1496921,193,United Arab Emirates,male,57,10,79,79,6,1,2,4.33
1496922,96,Bangladesh,male,144,3,106,106,10,2,17,8.15
1496922,128,Hong Kong,male,143,7,120,120,8,5,14,7.15
1496923,160,Oman,male,67,10,100,100,5,3,3,4.02
1496923,161,Pakistan,male,160,7,120,120,15,3,4,8.0
1496924,96,Bangladesh,male,139,5,120,120,10,1,11,6.95
1496924,181,Sri Lanka,male,140,4,88,88,11,4,21,9.55
1496925,131,India,male,131,3,95,95,13,5,2,8.27
1496925,161,Pakistan,male,127,9,120,120,7,7,5,6.35
1496926,160,Oman,male,130,10,112,112,12,2,16,6.96
1496926,193,United Arab Emirates,male,172,5,120,120,16,7,9,8.6
1496927,128,Hong Kong,male,149,4,120,120,11,2,13,7.45
1496927,181,Sri Lanka,male,153,6,113,113,13,5,2,8.12
1496929,161,Pakistan,male,146,9,120,120,10,5,13,7.3
1496929,193,United Arab Emirates,male,105,10,106,106,6,2,11,5.94
1496931,131,India,male,188,8,120,120,13,9,13,9.4
1496931,160,Oman,male,167,4,120,120,20,4,7,8.35
1496932,96,Bangladesh,male,169,6,119,119,13,6,3,8.52
1496932,181,Sri Lanka,male,168,7,120,120,9,11,3,8.4
1496933,131,India,male,174,4,113,113,18,7,3,9.24
1496933,161,Pakistan,male,171,5,120,120,11,8,9,8.55
1496934,161,Pakistan,male,138,5,108,108,11,5,7,7.67
1496934,181,Sri Lanka,male,133,8,120,120,10,5,7,6.65
1496935,96,Bangladesh,male,127,10,117,117,6,6,9,6.51
1496935,131,India,male,168,6,120,120,12,7,4,8.4
1496936,96,Bangladesh,male,124,9,120,120,6,7,3,6.2
1496936,161,Pakistan,male,135,8,120,120,9,5,4,6.75
1496937,131,India,male,202,5,120,120,16,7,14,10.1
1496937,181,Sri Lanka,male,202,5,120,120,17,8,5,10.1
1496938,131,India,male,150,5,118,118,10,7,2,7.63
1496938,161,Pakistan,male,146,10,115,115,10,5,7,7.62
1497874,161,Pakistan,male,207,10,120,120,15,13,9,10.35
1497874,193,United Arab Emirates,male,176,8,120,120,13,10,9,8.8
1497877,161,Pakistan,male,171,5,120,120,17,7,5,8.55
1497877,193,United Arab Emirates,male,140,7,120,120,7,6,4,7.0
1498191,129,Hungary,male,125,8,120,120,12,1,9,6.25
1498191,185,Sweden,male,204,5,120,120,22,7,6,10.2
1498192,129,Hungary,male,140,8,120,120,11,3,13,7.0
1498192,159,Norway,male,172,8,120,120,11,9,8,8.6
1498203,12,Cambodia,female,26,10,66,66,1,0,4,2.36
1498203,74,Singapore,female,151,3,120,120,8,0,36,7.55
1498204,12,Cambodia,female,34,10,80,80,2,0,7,2.55
1498204,74,Singapore,female,148,7,120,120,9,0,29,7.4
1498205,12,Cambodia,female,69,7,120,120,6,0,12,3.45
1498205,74,Singapore,female,171,4,120,120,13,0,43,8.55
1498206,39,Italy,female,114,8,120,120,8,0,12,5.7
1498206,57,Netherlands,female,157,7,120,120,14,0,14,7.85
1498207,29,Germany,female,62,10,110,110,4,0,8,3.38
1498207,37,Ireland,female,63,0,45,45,7,0,3,8.4
1498208,37,Ireland,female,141,2,116,116,18,1,9,7.29
1498208,57,Netherlands,female,137,6,120,120,12,0,20,6.85
1498209,29,Germany,female,113,6,120,120,9,1,15,5.65
1498209,39,Italy,female,117,6,94,94,15,0,16,7.47
1498210,37,Ireland,female,166,4,120,120,18,1,14,8.3
1498210,39,Italy,female,103,7,120,120,10,0,11,5.15
1498211,29,Germany,female,53,10,104,104,1,0,20,3.06
1498211,57,Netherlands,female,255,3,120,120,35,0,32,12.75
1498212,29,Germany,female,44,8,120,120,2,0,12,2.2
1498212,37,Ireland,female,223,1,120,120,26,0,26,11.15
1498213,39,Italy,female,86,9,120,120,6,0,8,4.3
1498213,57,Netherlands,female,90,3,91,91,10,0,7,5.93
1498214,29,Germany,female,108,4,120,120,9,0,16,5.4
1498214,39,Italy,female,109,2,84,84,11,0,5,7.79
1498215,37,Ireland,female,111,3,115,115,12,1,1,5.79
1498215,57,Netherlands,female,110,10,113,113,8,1,20,5.84
1498216,29,Germany,female,110,1,120,120,13,0,15,5.5
1498216,57,Netherlands,female,175,4,120,120,21,0,16,8.75
1498217,37,Ireland,female,175,6,120,120,21,1,10,8.75
1498217,39,Italy,female,142,9,111,111,16,0,18,7.68
1498662,96,Bangladesh,male,138,2,81,81,11,6,4,10.22
1498662,156,Netherlands,male,136,8,120,120,12,3,7,6.8
1498663,96,Bangladesh,male,104,1,79,79,9,3,9,7.9
1498663,156,Netherlands,male,103,10,105,105,9,1,7,5.89
1498664,96,Bangladesh,male,164,4,110,110,10,7,7,8.95
1498664,156,Netherlands,male,0,0,0,0,0,0,0,0.0
1498689,127,Guernsey,male,165,6,120,120,20,2,12,8.25
1498689,163,Papua New Guinea,male,168,4,116,116,21,4,7,8.69
1498690,127,Guernsey,male,154,4,120,120,16,1,9,7.7
1498690,186,Switzerland,male,16,1,12,12,1,0,10,8.0
1498691,127,Guernsey,male,0,0,0,0,0,0,0,0.0
1498691,186,Switzerland,male,83,3,78,78,8,2,10,6.38
1498696,93,Austria,male,216,4,109,109,13,17,17,11.89
1498696,97,Belgium,male,215,4,120,120,23,7,19,10.75
1498697,93,Austria,male,211,4,102,102,16,16,13,12.41
1498697,97,Belgium,male,182,8,102,102,16,10,10,10.71
1498698,93,Austria,male,155,6,110,110,12,6,9,8.45
1498698,97,Belgium,male,154,10,117,117,22,1,22,7.9
1498699,93,Austria,male,146,6,116,116,13,6,9,7.55
1498699,97,Belgium,male,144,9,120,120,10,4,13,7.2
1498707,59,Nigeria,female,182,3,120,120,24,3,12,9.1
1498707,73,Sierra Leone,female,86,8,120,120,4,0,14,4.3
1498708,42,Kenya,female,103,6,120,120,9,0,8,5.15
1498708,68,Rwanda,female,106,4,114,114,12,0,8,5.58
1498709,55,Namibia,female,101,8,120,120,12,1,5,5.05
1498709,90,Zimbabwe,female,133,5,120,120,17,0,17,6.65
1498710,81,Tanzania,female,121,7,120,120,13,1,19,6.05
1498710,84,Uganda,female,120,5,120,120,9,0,4,6.0
1498711,73,Sierra Leone,female,93,9,122,122,7,0,18,4.57
1498711,90,Zimbabwe,female,94,0,72,72,12,0,4,7.83
1498712,42,Kenya,female,95,10,119,119,8,0,11,4.79
1498712,81,Tanzania,female,125,8,120,120,19,0,8,6.25
1498713,55,Namibia,female,71,2,59,59,11,2,1,7.22
1498713,59,Nigeria,female,70,10,112,112,6,0,4,3.75
1498714,68,Rwanda,female,114,10,119,119,15,1,0,5.75
1498714,84,Uganda,female,116,2,99,99,14,0,5,7.03
1498715,68,Rwanda,female,105,8,120,120,8,1,12,5.25
1498715,81,Tanzania,female,123,4,120,120,10,2,13,6.15
1498716,55,Namibia,female,228,1,120,120,31,4,8,11.4
1498716,73,Sierra Leone,female,76,10,119,119,6,0,9,3.83
1498717,42,Kenya,female,107,8,120,120,12,1,7,5.35
1498717,84,Uganda,female,108,2,112,112,13,0,5,5.79
1498718,59,Nigeria,female,90,10,119,119,11,1,9,4.54
1498718,90,Zimbabwe,female,93,0,86,86,13,0,13,6.49
1498719,84,Uganda,female,119,7,120,120,12,0,9,5.95
1498719,90,Zimbabwe,female,120,5,106,106,9,5,9,6.79
1498720,42,Kenya,female,105,7,120,120,12,1,3,5.25
1498720,59,Nigeria,female,98,10,113,113,10,2,4,5.2
1498721,55,Namibia,female,77,2,83,83,11,0,2,5.57
1498721,81,Tanzania,female,75,8,120,120,7,1,5,3.75
1498722,68,Rwanda,female,162,5,120,120,22,0,13,8.1
1498722,73,Sierra Leone,female,112,6,120,120,12,0,14,5.6
1498723,81,Tanzania,female,109,5,120,120,11,1,4,5.45
1498723,84,Uganda,female,103,10,118,118,11,0,5,5.24
1498724,59,Nigeria,female,159,4,120,120,19,4,10,7.95
1498724,73,Sierra Leone,female,74,9,120,120,4,0,9,3.7
1498725,42,Kenya,female,116,6,120,120,10,1,6,5.8
1498725,68,Rwanda,female,122,5,120,120,13,1,5,6.1
1498726,55,Namibia,female,115,7,120,120,10,3,2,5.75
1498726,90,Zimbabwe,female,116,1,99,99,17,1,5,7.03
1499011,114,Czech Republic,male,149,9,120,120,11,2,28,7.45
1499011,168,Romania,male,131,8,120,120,8,4,8,6.55
1499012,114,Czech Republic,male,158,10,110,110,17,4,10,8.62
1499012,168,Romania,male,176,4,120,120,14,7,25,8.8
1499013,114,Czech Republic,male,170,7,120,120,16,5,23,8.5
1499013,168,Romania,male,195,4,120,120,22,4,17,9.75
1499014,114,Czech Republic,male,159,6,114,114,18,4,17,8.37
1499014,168,Romania,male,157,8,120,120,17,1,16,7.85
1499021,27,Finland,female,102,3,120,120,4,0,16,5.1
1499021,29,Germany,female,103,2,74,74,6,0,20,8.35
1499022,60,Norway,female,81,9,120,120,0,0,35,4.05
1499022,79,Sweden,female,175,4,120,120,15,0,32,8.75
1499023,27,Finland,female,66,10,89,89,5,0,14,4.45
1499023,60,Norway,female,67,9,112,112,3,0,27,3.59
1499024,22,Denmark,female,87,9,120,120,3,0,25,4.35
1499024,79,Sweden,female,94,9,120,120,6,0,23,4.7
1499025,22,Denmark,female,99,3,88,88,6,0,26,6.75
1499025,27,Finland,female,95,4,120,120,8,0,19,4.75
1499026,29,Germany,female,161,3,120,120,11,0,27,8.05
1499026,60,Norway,female,83,10,109,109,4,0,30,4.57
1499027,22,Denmark,female,82,3,89,89,8,0,14,5.53
1499027,60,Norway,female,80,8,120,120,4,0,21,4.0
1499028,29,Germany,female,164,4,120,120,8,0,32,8.2
1499028,79,Sweden,female,90,10,109,109,7,0,11,4.95
1499029,22,Denmark,female,67,10,109,109,1,0,19,3.69
1499029,29,Germany,female,131,7,120,120,11,0,19,6.55
1499030,27,Finland,female,88,7,120,120,4,0,28,4.4
1499030,79,Sweden,female,161,5,120,120,11,0,40,8.05
1499779,26,Fiji,female,97,7,120,120,14,0,9,4.85
1499779,40,Japan,female,120,10,120,120,11,1,24,6.0
1499780,26,Fiji,female,51,10,75,75,5,0,11,4.08
1499780,40,Japan,female,155,5,120,120,14,0,26,7.75
1499781,21,Czech Republic,female,107,6,120,120,4,0,34,5.35
1499781,24,Estonia,female,108,9,118,118,2,0,47,5.49
1499782,21,Czech Republic,female,38,10,73,73,1,0,19,3.12
1499782,24,Estonia,female,153,5,120,120,4,0,73,7.65
1499783,21,Czech Republic,female,57,10,119,119,2,0,24,2.87
1499783,24,Estonia,female,58,3,60,60,3,0,17,5.8
1499784,17,Cook Islands,female,114,6,120,120,10,0,13,5.7
1499784,26,Fiji,female,115,1,104,104,16,0,13,6.63
1499785,40,Japan,female,93,10,119,119,8,1,7,4.69
1499785,63,Papua New Guinea,female,139,4,120,120,13,3,9,6.95
1499786,36,Indonesia,female,121,8,120,120,12,0,16,6.05
1499786,87,Vanuatu,female,131,2,120,120,17,1,14,6.55
1499787,64,Philippines,female,42,10,105,105,3,0,13,2.4
1499787,69,Samoa,female,43,1,38,38,5,0,8,6.79
1499788,40,Japan,female,133,5,120,120,17,0,16,6.65
1499788,69,Samoa,female,62,10,83,83,4,1,5,4.48
1499789,26,Fiji,female,101,10,117,117,6,1,17,5.18
1499789,36,Indonesia,female,143,6,120,120,11,2,19,7.15
1499790,63,Papua New Guinea,female,224,1,120,120,37,2,14,11.2
1499790,64,Philippines,female,56,10,118,118,6,0,6,2.85
1499791,17,Cook Islands,female,118,1,120,120,15,0,12,5.9
1499791,87,Vanuatu,female,122,3,91,91,19,0,9,8.04
1499792,17,Cook Islands,female,50,10,80,80,3,0,17,3.75
1499792,36,Indonesia,female,170,4,120,120,23,0,24,8.5
1499794,26,Fiji,female,60,10,107,107,5,0,17,3.36
1499794,87,Vanuatu,female,149,3,120,120,14,0,17,7.45
1499795,63,Papua New Guinea,female,107,10,117,117,10,1,14,5.49
1499795,69,Samoa,female,120,9,120,120,16,0,11,6.0
1499796,17,Cook Islands,female,112,6,120,120,9,0,13,5.6
1499796,69,Samoa,female,174,4,120,120,21,0,26,8.7
1499797,26,Fiji,female,69,2,84,84,6,0,14,4.93
1499797,64,Philippines,female,68,9,120,120,2,0,32,3.4
1499798,36,Indonesia,female,134,3,120,120,15,0,8,6.7
1499798,63,Papua New Guinea,female,136,5,117,117,20,0,5,6.97
1499799,40,Japan,female,134,6,120,120,10,0,15,6.7
1499799,87,Vanuatu,female,156,1,120,120,15,1,6,7.8
1499800,26,Fiji,female,75,5,83,83,8,1,14,5.42
1499800,69,Samoa,female,74,10,75,75,9,0,12,5.92
1499801,17,Cook Islands,female,115,6,120,120,12,0,18,5.75
1499801,64,Philippines,female,116,6,118,118,10,0,24,5.9
1499802,36,Indonesia,female,128,2,100,100,20,0,11,7.68
1499802,40,Japan,female,125,7,120,120,14,0,9,6.25
1499803,63,Papua New Guinea,female,114,1,91,91,15,0,11,7.52
1499803,87,Vanuatu,female,113,9,120,120,10,1,7,5.65
1500635,10,Brazil,female,40,0,22,22,5,0,6,10.91
1500635,38,Isle of Man,female,37,10,76,76,2,0,13,2.92
1500636,10,Brazil,female,145,6,120,120,9,2,19,7.25
1500636,38,Isle of Man,female,40,10,76,76,2,0,16,3.16
1500638,38,Isle of Man,female,116,3,85,85,13,3,16,8.19
1500638,41,Jersey,female,115,7,120,120,10,0,21,5.75
1500864,45,Luxembourg,female,83,9,85,85,0,0,36,5.86
1500864,80,Switzerland,female,157,3,120,120,4,1,32,7.85
1500866,3,Austria,female,145,6,120,120,10,0,34,7.25
1500866,80,Switzerland,female,146,4,119,119,1,0,43,7.36
1500867,3,Austria,female,63,6,60,60,2,0,14,6.3
1500867,45,Luxembourg,female,64,2,59,59,1,0,24,6.51
1500868,45,Luxembourg,female,81,8,120,120,1,0,33,4.05
1500868,80,Switzerland,female,82,2,63,63,2,0,22,7.81
1501502,118,Eswatini,male,160,8,120,120,18,6,11,8.0
1501502,152,Mozambique,male,129,9,120,120,16,3,10,6.45
1501503,118,Eswatini,male,165,10,116,116,17,8,15,8.53
1501503,152,Mozambique,male,160,7,120,120,17,4,14,8.0
1501504,118,Eswatini,male,182,6,120,120,12,12,12,9.1
1501504,152,Mozambique,male,108,10,101,101,12,2,8,6.42
1501505,118,Eswatini,male,222,4,120,120,20,15,9,11.1
1501505,152,Mozambique,male,222,4,120,120,21,10,13,11.1
1501506,118,Eswatini,male,27,3,27,27,3,1,7,6.0
1501506,152,Mozambique,male,0,0,0,0,0,0,0,0.0
1501895,161,Pakistan,male,139,10,109,109,13,6,11,7.65
1501895,178,South Africa,male,194,9,120,120,21,4,12,9.7
1501896,161,Pakistan,male,112,1,79,79,7,8,2,8.51
1501896,178,South Africa,male,110,10,116,116,7,4,3,5.69
1501897,161,Pakistan,male,140,6,114,114,14,1,5,7.37
1501897,178,South Africa,male,139,9,120,120,5,6,6,6.95
1502048,161,Pakistan,male,151,5,116,116,11,4,10,7.81
1502048,199,Zimbabwe,male,147,8,120,120,17,2,3,7.35
1502049,181,Sri Lanka,male,95,10,120,120,5,2,12,4.75
1502049,199,Zimbabwe,male,162,8,120,120,11,6,4,8.1
1502050,161,Pakistan,male,131,3,93,93,10,6,10,8.45
1502050,181,Sri Lanka,male,128,7,120,120,9,4,6,6.4
1502051,161,Pakistan,male,195,5,120,120,12,10,10,9.75
1502051,199,Zimbabwe,male,126,10,114,114,16,3,4,6.63
1502052,181,Sri Lanka,male,148,1,98,98,14,5,13,9.06
1502052,199,Zimbabwe,male,146,5,120,120,18,3,8,7.3
1502053,161,Pakistan,male,178,7,120,120,14,8,11,8.9
1502053,181,Sri Lanka,male,184,5,120,120,17,5,13,9.2
1502054,161,Pakistan,male,118,4,112,112,12,2,2,6.32
1502054,181,Sri Lanka,male,114,10,115,115,3,5,13,5.95
1502164,154,Namibia,male,178,7,120,120,21,3,10,8.9
1502164,199,Zimbabwe,male,211,3,120,120,18,9,9,10.55
1502165,154,Namibia,male,169,6,120,120,9,8,11,8.45
1502165,199,Zimbabwe,male,170,5,109,109,15,5,5,9.36
1502166,154,Namibia,male,204,7,120,120,13,12,13,10.2
1502166,199,Zimbabwe,male,176,10,119,119,19,4,5,8.87
1502743,141,Kenya,male,105,7,120,120,9,2,7,5.25
1502743,154,Namibia,male,241,5,120,120,27,10,9,12.05
1502744,145,Malawi,male,88,10,117,117,4,1,7,4.51
1502744,158,Nigeria,male,92,1,68,68,13,0,3,8.12
1502745,192,Uganda,male,152,9,120,120,11,5,10,7.6
1502745,199,Zimbabwe,male,157,5,105,105,16,5,3,8.97
1502746,101,Botswana,male,122,6,120,120,8,5,4,6.1
1502746,187,Tanzania,male,124,3,83,83,15,2,10,8.96
1502747,154,Namibia,male,235,6,120,120,22,9,11,11.75
1502747,158,Nigeria,male,118,9,120,120,13,1,4,5.9
1502748,187,Tanzania,male,128,6,120,120,9,5,5,6.4
1502748,192,Uganda,male,119,9,120,120,9,2,8,5.95
1502749,101,Botswana,male,89,8,120,120,8,0,8,4.45
1502749,199,Zimbabwe,male,259,5,120,120,30,12,8,12.95
1502750,141,Kenya,male,127,10,119,119,6,6,3,6.4
1502750,145,Malawi,male,130,4,120,120,9,1,10,6.5
1502751,187,Tanzania,male,108,10,112,112,17,0,4,5.79
1502751,199,Zimbabwe,male,221,5,120,120,24,8,6,11.05
1502752,101,Botswana,male,81,6,120,120,5,0,4,4.05
1502752,192,Uganda,male,85,2,76,76,9,2,2,6.71
1502753,145,Malawi,male,71,10,98,98,6,0,5,4.35
1502753,154,Namibia,male,72,2,47,47,8,2,1,9.19
1502754,141,Kenya,male,148,3,82,82,12,7,10,10.83
1502754,158,Nigeria,male,147,7,120,120,10,4,17,7.35
1502755,154,Namibia,male,174,6,120,120,13,6,9,8.7
1502755,187,Tanzania,male,111,8,120,120,7,3,5,5.55
1502756,101,Botswana,male,122,7,120,120,8,4,13,6.1
1502756,158,Nigeria,male,166,8,120,120,11,6,8,8.3
1502757,141,Kenya,male,122,6,120,120,10,1,5,6.1
1502757,199,Zimbabwe,male,123,3,90,90,14,3,4,8.2
1502758,145,Malawi,male,75,6,120,120,1,2,7,3.75
1502758,192,Uganda,male,192,3,120,120,7,11,15,9.6
1502759,141,Kenya,male,142,7,120,120,15,0,9,7.1
1502759,187,Tanzania,male,91,10,104,104,5,1,9,5.25
1502760,101,Botswana,male,95,9,120,120,7,0,7,4.75
1502760,145,Malawi,male,151,5,120,120,11,2,5,7.55
1502761,158,Nigeria,male,130,7,120,120,7,4,11,6.5
1502761,192,Uganda,male,196,7,120,120,15,9,14,9.8
1502762,154,Namibia,male,167,6,120,120,12,5,18,8.35
1502762,199,Zimbabwe,male,171,3,116,116,11,3,12,8.84
1503450,160,Oman,male,96,5,102,102,8,0,10,5.65
1503450,170,Samoa,male,92,9,120,120,4,1,15,4.6
1503451,167,Qatar,male,118,8,120,120,8,4,7,5.9
1503451,193,United Arab Emirates,male,119,3,111,111,7,5,4,6.43
1503452,142,Kuwait,male,83,10,109,109,1,4,8,4.57
1503452,155,Nepal,male,141,7,120,120,6,7,5,7.05
1503453,146,Malaysia,male,123,9,120,120,9,5,5,6.15
1503453,167,Qatar,male,124,2,103,103,7,8,1,7.22
1503454,139,Japan,male,178,5,117,117,17,6,12,9.13
1503454,142,Kuwait,male,177,6,120,120,14,6,16,8.85
1503455,163,Papua New Guinea,male,117,10,120,120,6,3,3,5.85
1503455,170,Samoa,male,118,4,111,111,7,6,3,6.38
1503456,146,Malaysia,male,161,5,120,120,9,8,7,8.05
1503456,193,United Arab Emirates,male,167,4,116,116,14,7,5,8.64
1503457,139,Japan,male,131,8,120,120,7,6,13,6.55
1503457,155,Nepal,male,132,5,108,108,7,6,4,7.33
1503458,160,Oman,male,138,7,120,120,10,5,7,6.9
1503458,163,Papua New Guinea,male,86,10,100,100,7,0,6,5.16
1503459,160,Oman,male,172,6,120,120,13,6,13,8.6
1503459,167,Qatar,male,138,9,120,120,10,4,7,6.9
1503460,155,Nepal,male,140,6,120,120,9,4,6,7.0
1503460,193,United Arab Emirates,male,139,9,120,120,5,9,8,6.95
1503461,139,Japan,male,162,6,120,120,11,9,9,8.1
1503461,170,Samoa,male,158,7,120,120,9,9,5,7.9
1503462,160,Oman,male,113,5,118,118,8,3,4,5.75
1503462,193,United Arab Emirates,male,112,7,120,120,6,3,4,5.6
1503463,155,Nepal,male,147,9,120,120,10,5,4,7.35
1503463,167,Qatar,male,142,10,119,119,8,5,7,7.16
1503464,139,Japan,male,139,4,120,120,6,5,9,6.95
1503464,167,Qatar,male,140,7,118,118,7,7,11,7.12
1503465,170,Samoa,male,148,8,120,120,12,8,3,7.4
1503465,193,United Arab Emirates,male,225,4,120,120,12,17,8,11.25
1503466,155,Nepal,male,151,9,120,120,12,5,4,7.55
1503466,160,Oman,male,113,9,120,120,4,6,5,5.65
1503467,139,Japan,male,116,9,120,120,9,2,7,5.8
1503467,193,United Arab Emirates,male,118,2,73,73,12,6,3,9.7
1503468,167,Qatar,male,128,2,91,91,12,4,11,8.44
1503468,170,Samoa,male,126,9,120,120,4,7,9,6.3
1503469,139,Japan,male,103,10,110,110,6,6,4,5.62
1503469,160,Oman,male,107,1,102,102,8,3,4,6.29
1503470,155,Nepal,male,211,4,120,120,16,14,3,10.55
1503470,170,Samoa,male,87,7,120,120,6,2,2,4.35
1503565,85,United Arab Emirates,female,183,3,121,121,20,1,19,9.07
1503565,90,Zimbabwe,female,148,6,120,120,15,0,7,7.4
1503566,85,United Arab Emirates,female,130,7,120,120,15,0,9,6.5
1503566,90,Zimbabwe,female,122,8,120,120,14,0,3,6.1
1504941,142,Kuwait,male,142,8,120,120,10,5,9,7.1
1504941,160,Oman,male,143,5,116,116,10,4,11,7.4
1505114,47,Malaysia,female,104,5,120,120,7,0,11,5.2
1505114,56,Nepal,female,101,7,120,120,10,0,10,5.05
1505115,47,Malaysia,female,91,4,120,120,6,0,17,4.55
1505115,56,Nepal,female,93,4,98,98,8,0,4,5.69
1505116,47,Malaysia,female,120,4,120,120,9,0,9,6.0
1505116,56,Nepal,female,107,8,120,120,4,0,3,5.35
1505117,47,Malaysia,female,111,5,120,120,7,0,17,5.55
1505117,56,Nepal,female,115,4,105,105,12,1,5,6.57
1505118,47,Malaysia,female,103,7,120,120,8,0,6,5.15
1505118,56,Nepal,female,104,5,108,108,6,0,4,5.78
1505125,96,Bangladesh,male,149,10,118,118,13,5,7,7.58
1505125,197,West Indies,male,165,3,120,120,7,11,8,8.25
1505126,96,Bangladesh,male,135,8,120,120,10,3,6,6.75
1505126,197,West Indies,male,149,9,120,120,11,6,3,7.45
1505127,96,Bangladesh,male,151,10,120,120,11,8,5,7.55
1505127,197,West Indies,male,152,5,101,101,13,7,1,9.03
1506014,96,Bangladesh,male,142,9,120,120,9,5,10,7.1
1506014,134,Ireland,male,181,4,120,120,18,7,5,9.05
1506015,96,Bangladesh,male,174,6,118,118,13,7,11,8.85
1506015,134,Ireland,male,170,6,120,120,13,5,16,8.5
1506016,96,Bangladesh,male,119,2,82,82,8,7,5,8.71
1506016,134,Ireland,male,117,10,119,119,12,2,2,5.9
1506181,3,Austria,female,103,0,60,60,7,0,32,10.3
1506181,67,Romania,female,108,2,60,60,10,0,16,10.8
1506182,11,Bulgaria,female,87,7,120,120,3,0,29,4.35
1506182,83,Turkey,female,143,10,119,119,9,0,46,7.21
1506183,3,Austria,female,144,6,120,120,6,0,51,7.2
1506183,83,Turkey,female,135,7,120,120,10,0,23,6.75
1506184,67,Romania,female,71,10,82,82,4,0,22,5.2
1506184,83,Turkey,female,73,4,59,59,2,0,24,7.42
1506185,11,Bulgaria,female,83,10,90,90,1,0,46,5.53
1506185,67,Romania,female,198,1,120,120,18,0,37,9.9
1506186,60,Norway,female,123,9,120,120,4,0,51,6.15
1506186,83,Turkey,female,116,9,120,120,8,0,24,5.8
1506187,3,Austria,female,85,6,94,94,9,0,27,5.43
1506187,11,Bulgaria,female,84,8,120,120,4,1,28,4.2
1506188,60,Norway,female,124,6,120,120,3,0,42,6.2
1506188,67,Romania,female,125,2,104,104,14,0,16,7.21
1506189,3,Austria,female,91,10,119,119,6,0,27,4.59
1506189,60,Norway,female,92,9,120,120,3,0,32,4.6
1506190,11,Bulgaria,female,62,10,74,74,2,0,21,5.03
1506190,60,Norway,female,160,4,120,120,6,0,69,8.0
1506436,93,Austria,male,177,6,114,114,16,6,23,9.32
1506436,168,Romania,male,173,9,120,120,12,7,21,8.65
1506437,93,Austria,male,171,10,116,116,7,14,18,8.84
1506437,168,Romania,male,172,7,116,116,9,10,25,8.9
1506438,93,Austria,male,163,3,96,96,10,14,6,10.19
1506438,168,Romania,male,157,10,120,120,17,4,14,7.85
1506439,93,Austria,male,207,6,120,120,20,12,7,10.35
1506439,168,Romania,male,165,10,113,113,13,7,15,8.76
1506440,113,Cyprus,male,198,6,120,120,12,12,18,9.9
1506440,173,Serbia,male,110,10,120,120,4,3,21,5.5
1506441,113,Cyprus,male,162,7,120,120,18,2,16,8.1
1506441,173,Serbia,male,121,9,120,120,4,5,11,6.05
1506442,103,Bulgaria,male,97,2,71,71,8,3,5,8.2
1506442,173,Serbia,male,93,10,120,120,3,1,21,4.65
1506443,103,Bulgaria,male,211,6,120,120,14,12,19,10.55
1506443,173,Serbia,male,142,5,120,120,12,3,9,7.1
1506444,103,Bulgaria,male,123,10,118,118,6,4,11,6.25
1506444,113,Cyprus,male,124,7,111,111,11,3,16,6.7
1506445,103,Bulgaria,male,115,7,120,120,11,1,9,5.75
1506445,113,Cyprus,male,179,3,120,120,12,4,21,8.95
1506446,103,Bulgaria,male,119,7,120,120,7,0,11,5.95
1506446,113,Cyprus,male,120,6,105,105,7,0,19,6.86
1506447,103,Bulgaria,male,125,10,120,120,9,1,16,6.25
1506447,113,Cyprus,male,127,4,113,113,10,1,6,6.74
1506664,14,Canada,female,67,10,115,115,4,0,7,3.5
1506664,84,Uganda,female,68,3,72,72,6,0,3,5.67
1506665,14,Canada,female,82,6,120,120,3,1,4,4.1
1506665,84,Uganda,female,84,6,114,114,7,0,9,4.42
1506666,14,Canada,female,82,10,112,112,7,0,10,4.39
1506666,84,Uganda,female,100,6,120,120,6,1,5,5.0
1506667,14,Canada,female,70,9,120,120,5,0,6,3.5
1506667,84,Uganda,female,113,4,120,120,9,1,10,5.65
1506668,14,Canada,female,90,10,120,120,6,0,4,4.5
1506668,84,Uganda,female,101,4,120,120,8,1,1,5.05
1506669,14,Canada,female,75,7,120,120,2,0,15,3.75
1506669,81,Tanzania,female,0,0,0,0,0,0,0,0.0
1506670,14,Canada,female,70,8,120,120,1,0,12,3.5
1506670,81,Tanzania,female,96,7,120,120,4,0,8,4.8
1506671,14,Canada,female,108,4,120,120,8,1,6,5.4
1506671,81,Tanzania,female,80,10,98,98,5,0,9,4.9
1507418,150,Mexico,male,0,0,0,0,0,0,0,0.0
1507418,162,Panama,male,40,6,48,48,1,0,9,5.0
1507719,116,England,male,125,4,90,90,13,4,7,8.33
1507719,181,Sri Lanka,male,133,10,98,98,12,6,9,8.14
1507720,116,England,male,173,4,100,100,15,8,10,10.38
1507720,181,Sri Lanka,male,189,5,120,120,18,6,17,9.45
1507721,116,England,male,128,9,120,120,12,2,4,6.4
1507721,181,Sri Lanka,male,116,10,117,117,7,4,6,5.95
1508269,132,Indonesia,male,53,1,43,43,1,2,13,7.4
1508269,153,Myanmar,male,52,7,60,60,1,3,7,5.2
1508270,132,Indonesia,male,62,0,24,24,6,2,8,15.5
1508270,189,Timor-Leste,male,61,10,115,115,2,1,9,3.18
1508271,153,Myanmar,male,34,0,22,22,3,0,5,9.27
1508271,189,Timor-Leste,male,32,10,70,70,1,1,9,2.74
1508272,132,Indonesia,male,65,0,42,42,4,4,4,9.29
1508272,189,Timor-Leste,male,59,9,120,120,2,0,23,2.95
1508273,132,Indonesia,male,86,5,66,66,9,3,7,7.82
1508273,153,Myanmar,male,60,6,66,66,5,2,6,5.45
1508274,153,Myanmar,male,48,2,18,18,4,3,7,16.0
1508274,189,Timor-Leste,male,47,7,48,48,0,0,17,5.88
1508275,132,Indonesia,male,76,5,58,58,7,2,11,7.86
1508275,153,Myanmar,male,102,7,120,120,2,4,11,5.1
1508276,132,Indonesia,male,16,0,8,8,0,0,7,12.0
1508276,189,Timor-Leste,male,18,9,60,60,1,0,5,1.8
1508277,153,Myanmar,male,148,7,120,120,14,0,17,7.4
1508277,189,Timor-Leste,male,55,8,120,120,3,0,16,2.75
1508278,132,Indonesia,male,71,1,35,35,8,2,9,12.17
1508278,189,Timor-Leste,male,70,9,120,120,6,0,16,3.5
1508279,132,Indonesia,male,79,0,56,56,7,3,5,8.46
1508279,153,Myanmar,male,78,9,120,120,6,0,8,3.9
1508280,153,Myanmar,male,180,5,120,120,14,2,23,9.0
1508280,189,Timor-Leste,male,93,7,120,120,7,1,19,4.65
1509859,160,Oman,male,155,8,120,120,11,6,15,7.75
1509859,193,United Arab Emirates,male,154,6,120,120,10,8,5,7.7
1510178,95,Bahrain,male,174,7,120,120,14,10,4,8.7
1510178,132,Indonesia,male,47,4,72,72,4,1,2,3.92
1510179,95,Bahrain,male,231,2,120,120,17,17,7,11.55
1510179,132,Indonesia,male,84,7,120,120,8,1,3,4.2
1510180,95,Bahrain,male,99,3,67,67,4,7,6,8.87
1510180,132,Indonesia,male,97,6,120,120,4,4,14,4.85
1510279,63,Papua New Guinea,female,91,8,120,120,5,1,11,4.55
1510279,71,Scotland,female,146,4,120,120,20,0,8,7.3
1510280,55,Namibia,female,85,10,111,111,7,2,4,4.59
1510280,82,Thailand,female,124,5,120,120,14,0,13,6.2
1510281,55,Namibia,female,74,10,118,118,9,0,4,3.76
1510281,63,Papua New Guinea,female,75,4,115,115,7,0,9,3.91
1510282,71,Scotland,female,137,8,120,120,17,0,4,6.85
1510282,82,Thailand,female,136,5,120,120,18,0,13,6.8
1510283,55,Namibia,female,81,9,120,120,4,3,8,4.05
1510283,71,Scotland,female,82,3,86,86,10,0,4,5.72
1510284,63,Papua New Guinea,female,109,4,120,120,15,1,5,5.45
1510284,82,Thailand,female,110,3,114,114,11,0,5,5.79
1510285,57,Netherlands,female,94,10,113,113,7,1,3,4.99
1510285,82,Thailand,female,117,7,121,121,14,0,3,5.8
1510286,63,Papua New Guinea,female,94,5,120,120,8,0,6,4.7
1510286,85,United Arab Emirates,female,95,2,92,92,11,0,7,6.2
1510287,55,Namibia,female,118,5,120,120,13,3,7,5.9
1510287,81,Tanzania,female,119,2,102,102,12,2,10,7.0
1510288,71,Scotland,female,115,9,120,120,12,2,7,5.75
1510288,84,Uganda,female,100,6,120,120,7,0,11,5.0
1510289,57,Netherlands,female,94,6,113,113,9,1,13,4.99
1510289,85,United Arab Emirates,female,93,10,106,106,8,0,12,5.26
1510290,63,Papua New Guinea,female,92,9,120,120,6,0,16,4.6
1510290,82,Thailand,female,84,8,121,121,10,0,5,4.17
1510291,55,Namibia,female,83,8,120,120,8,0,3,4.15
1510291,84,Uganda,female,71,7,120,120,4,0,16,3.55
1510292,71,Scotland,female,153,5,120,120,17,2,9,7.65
1510292,81,Tanzania,female,148,8,120,120,18,0,14,7.4
1510293,57,Netherlands,female,63,3,74,74,8,0,1,5.11
1510293,81,Tanzania,female,62,10,118,118,3,0,8,3.15
1510294,63,Papua New Guinea,female,113,7,120,120,13,4,5,5.65
1510294,84,Uganda,female,117,4,120,120,10,1,12,5.85
1510295,71,Scotland,female,94,0,89,89,9,2,3,6.34
1510295,85,United Arab Emirates,female,93,8,120,120,4,1,12,4.65
1510296,55,Namibia,female,88,8,120,120,8,0,1,4.4
1510296,82,Thailand,female,115,6,120,120,9,2,12,5.75
1510297,81,Tanzania,female,59,10,114,114,3,0,11,3.11
1510297,82,Thailand,female,110,6,120,120,11,0,6,5.5
1510298,84,Uganda,female,75,8,120,120,6,0,8,3.75
1510298,85,United Arab Emirates,female,76,0,50,50,9,2,6,9.12
1510299,55,Namibia,female,74,10,98,98,7,0,14,4.53
1510299,71,Scotland,female,76,3,52,52,10,1,5,8.77
1510300,57,Netherlands,female,118,9,120,120,13,1,4,5.9
1510300,63,Papua New Guinea,female,126,2,120,120,22,0,4,6.3
1510301,81,Tanzania,female,46,10,101,101,3,0,6,2.73
1510301,85,United Arab Emirates,female,50,3,43,43,8,0,0,6.98
1510302,82,Thailand,female,58,2,54,54,7,0,2,6.44
1510302,84,Uganda,female,55,10,117,117,3,0,2,2.82
1510303,55,Namibia,female,113,10,98,98,16,2,7,6.92
1510303,57,Netherlands,female,164,6,120,120,25,0,9,8.2
1510304,63,Papua New Guinea,female,118,8,120,120,10,0,15,5.9
1510304,71,Scotland,female,121,4,119,119,13,0,4,6.1
1510305,82,Thailand,female,73,10,117,117,3,1,3,3.74
1510305,85,United Arab Emirates,female,80,10,120,120,10,0,8,4.0
1510306,81,Tanzania,female,54,10,119,119,3,0,8,2.72
1510306,84,Uganda,female,55,3,75,75,5,0,8,4.4
1510307,55,Namibia,female,93,7,120,120,9,0,5,4.65
1510307,63,Papua New Guinea,female,94,7,120,120,9,0,10,4.7
1510308,57,Netherlands,female,148,7,120,120,21,0,15,7.4
1510308,71,Scotland,female,121,8,120,120,17,0,3,6.05
1510309,57,Netherlands,female,112,4,89,89,16,1,12,7.55
1510309,84,Uganda,female,111,6,120,120,10,1,13,5.55
1510310,55,Namibia,female,125,7,120,120,13,1,8,6.25
1510310,85,United Arab Emirates,female,153,3,120,120,19,1,9,7.65
1510311,71,Scotland,female,63,10,91,91,7,0,12,4.15
1510311,82,Thailand,female,65,7,70,70,6,2,1,5.57
1510312,63,Papua New Guinea,female,100,10,120,120,10,0,4,5.0
1510312,81,Tanzania,female,80,8,120,120,9,0,4,4.0
1510313,54,Myanmar,female,57,0,41,41,5,1,10,8.34
1510313,74,Singapore,female,84,4,108,108,3,0,9,4.67
1510314,54,Myanmar,female,93,2,85,85,8,0,18,6.56
1510314,74,Singapore,female,92,9,120,120,7,0,14,4.6
1510315,54,Myanmar,female,114,6,120,120,7,0,15,5.7
1510315,74,Singapore,female,103,3,120,120,6,1,3,5.15
1510724,128,Hong Kong,male,103,9,120,120,7,1,11,5.15
1510724,167,Qatar,male,109,10,117,117,11,1,7,5.59
1510725,128,Hong Kong,male,131,9,120,120,8,4,6,6.55
1510725,167,Qatar,male,122,7,120,120,8,1,5,6.1
1511993,91,Argentina,male,110,2,89,89,11,1,9,7.42
1511993,102,Brazil,male,109,8,120,120,6,1,15,5.45
1511994,91,Argentina,male,9,0,7,7,2,0,0,7.71
1511994,102,Brazil,male,108,10,116,116,10,2,14,5.59
1511996,91,Argentina,male,143,4,120,120,9,4,6,7.15
1511996,102,Brazil,male,99,7,120,120,5,0,8,4.95
1511997,91,Argentina,male,150,6,120,120,9,4,7,7.5
1511997,102,Brazil,male,0,0,0,0,0,0,0,0.0
1511998,146,Malaysia,male,0,0,0,0,0,0,0,0.0
1511998,188,Thailand,male,23,2,36,36,1,0,1,3.83
1511999,95,Bahrain,male,107,9,120,120,3,3,3,5.35
1511999,146,Malaysia,male,108,6,119,119,5,1,7,5.45
1512000,95,Bahrain,male,0,0,0,0,0,0,0,0.0
1512000,188,Thailand,male,76,7,102,102,3,1,8,4.47
1512002,95,Bahrain,male,70,3,66,66,5,5,1,6.36
1512002,188,Thailand,male,69,8,120,120,3,0,4,3.45
1512719,156,Netherlands,male,147,10,119,119,18,2,3,7.41
1512719,161,Pakistan,male,148,7,117,117,14,6,2,7.59
1512720,172,Scotland,male,147,10,113,113,11,5,8,7.81
1512720,197,West Indies,male,182,5,120,120,13,11,7,9.1
1512721,131,India,male,161,9,120,120,18,7,3,8.05
1512721,194,United States of America,male,132,8,120,120,7,7,6,6.6
1512723,116,England,male,184,7,120,120,14,11,5,9.2
1512723,155,Nepal,male,180,6,120,120,17,7,10,9.0
1512724,134,Ireland,male,143,10,119,119,12,1,6,7.21
1512724,181,Sri Lanka,male,163,6,120,120,12,3,9,8.15
1512725,137,Italy,male,134,9,100,100,9,7,3,8.04
1512725,172,Scotland,male,207,4,120,120,18,10,7,10.35
1512726,160,Oman,male,103,10,119,119,10,1,7,5.19
1512726,199,Zimbabwe,male,106,2,81,81,16,0,1,7.85
1512727,106,Canada,male,156,8,120,120,17,3,14,7.8
1512727,178,South Africa,male,213,4,120,120,19,7,17,10.65
1512728,154,Namibia,male,156,8,120,120,9,7,10,7.8
1512728,156,Netherlands,male,159,3,108,108,8,9,2,8.83
1512729,157,New Zealand,male,175,0,92,92,17,8,2,11.41
1512729,193,United Arab Emirates,male,173,6,120,120,13,7,14,8.65
1512730,161,Pakistan,male,190,9,120,120,15,10,6,9.5
1512730,194,United States of America,male,158,8,120,120,13,6,5,7.9
1512732,92,Australia,male,182,6,120,120,15,5,5,9.1
1512732,134,Ireland,male,115,9,101,101,9,5,3,6.83
1512733,116,England,male,166,10,114,114,15,6,6,8.74
1512733,197,West Indies,male,196,6,120,120,13,13,14,9.8
1512734,160,Oman,male,120,9,120,120,5,4,15,6.0
1512734,181,Sri Lanka,male,225,5,120,120,23,8,8,11.25
1512735,137,Italy,male,124,0,76,76,8,9,2,9.79
1512735,155,Nepal,male,123,10,117,117,7,3,2,6.31
1512736,131,India,male,209,9,120,120,15,14,10,10.45
1512736,154,Namibia,male,116,10,110,110,9,4,8,6.33
1512737,92,Australia,male,146,10,117,117,11,3,4,7.49
1512737,199,Zimbabwe,male,169,2,120,120,20,1,10,8.45
1512738,106,Canada,male,150,7,120,120,11,4,10,7.5
1512738,193,United Arab Emirates,male,151,5,118,118,11,7,7,7.68
1512739,156,Netherlands,male,103,10,95,95,5,2,8,6.51
1512739,194,United States of America,male,196,6,120,120,12,9,7,9.8
1512740,134,Ireland,male,235,5,120,120,21,13,5,11.75
1512740,160,Oman,male,139,10,108,108,15,3,8,7.72
1512741,116,England,male,155,5,110,110,8,7,7,8.45
1512741,172,Scotland,male,152,10,118,118,15,5,7,7.73
1512742,157,New Zealand,male,175,7,120,120,18,7,1,8.75
1512742,178,South Africa,male,178,3,103,103,15,8,6,10.37
1512743,155,Nepal,male,133,8,120,120,12,4,5,6.65
1512743,197,West Indies,male,134,1,92,92,13,5,5,8.74
1512744,154,Namibia,male,168,6,120,120,13,5,5,8.4
1512744,194,United States of America,male,199,4,120,120,13,11,7,9.95
1512745,131,India,male,175,7,120,120,19,6,3,8.75
1512745,161,Pakistan,male,114,10,108,108,12,3,4,6.33
1512747,116,England,male,202,7,120,120,12,12,10,10.1
1512747,137,Italy,male,178,10,120,120,14,13,4,8.9
1512748,92,Australia,male,181,10,120,120,20,6,5,9.05
1512748,181,Sri Lanka,male,184,2,108,108,22,6,4,10.22
1512749,106,Canada,male,173,4,120,120,15,8,4,8.65
1512749,157,New Zealand,male,176,2,91,91,11,10,14,11.6
1512751,155,Nepal,male,171,3,116,116,7,11,5,8.84
1512751,172,Scotland,male,170,7,120,120,14,6,13,8.5
1512752,178,South Africa,male,123,4,80,80,12,6,6,9.22
1512752,193,United Arab Emirates,male,122,6,120,120,10,2,13,6.1
1512753,154,Namibia,male,97,10,105,105,7,2,7,5.54
1512753,161,Pakistan,male,199,3,120,120,18,9,6,9.95
1512754,131,India,male,193,6,120,120,11,13,8,9.65
1512754,156,Netherlands,male,176,7,120,120,19,5,6,8.8
1512755,137,Italy,male,123,10,108,108,7,5,15,6.83
1512755,197,West Indies,male,165,6,120,120,13,7,3,8.25
1512756,181,Sri Lanka,male,178,7,120,120,19,2,8,8.9
1512756,199,Zimbabwe,male,182,4,117,117,17,7,8,9.33
1512758,92,Australia,male,108,1,58,58,15,4,0,11.17
1512758,160,Oman,male,104,10,98,98,12,1,8,6.37
1512760,116,England,male,146,9,120,120,11,5,5,7.3
1512760,181,Sri Lanka,male,95,10,100,100,9,3,2,5.7
1512761,131,India,male,111,10,113,113,5,6,5,5.89
1512761,178,South Africa,male,187,7,120,120,13,10,11,9.35
1512762,197,West Indies,male,254,6,120,120,16,19,21,12.7
1512762,199,Zimbabwe,male,147,10,106,106,10,12,9,8.32
1512763,116,England,male,166,8,115,115,14,6,4,8.66
1512763,161,Pakistan,male,164,9,120,120,17,5,4,8.2
1512764,157,New Zealand,male,168,7,120,120,13,8,6,8.4
1512764,181,Sri Lanka,male,107,8,120,120,8,1,7,5.35
1512765,178,South Africa,male,177,1,97,97,15,10,3,10.95
1512765,197,West Indies,male,176,8,120,120,15,11,2,8.8
1512766,131,India,male,256,4,120,120,17,17,12,12.8
1512766,199,Zimbabwe,male,184,6,120,120,12,11,11,9.2
1512767,116,England,male,161,6,117,117,17,6,4,8.26
1512767,157,New Zealand,male,159,7,120,120,12,7,3,7.95
1512768,161,Pakistan,male,212,8,120,120,21,9,6,10.6
1512768,181,Sri Lanka,male,207,6,120,120,12,14,9,10.35
1512769,178,South Africa,male,154,5,107,107,6,11,4,8.64
1512769,199,Zimbabwe,male,153,7,120,120,14,6,5,7.65
1512770,131,India,male,199,5,116,116,25,6,12,10.29
1512770,197,West Indies,male,195,4,120,120,14,10,11,9.75
1512771,157,New Zealand,male,173,1,77,77,19,10,2,13.48
1512771,178,South Africa,male,169,8,120,120,9,10,14,8.45
1512772,116,England,male,246,7,120,120,21,15,13,12.3
1512772,131,India,male,253,7,120,120,18,19,12,12.65
1512773,131,India,male,255,5,120,120,19,18,8,12.75
1512773,157,New Zealand,male,159,10,114,114,8,9,12,8.37
1513086,158,Nigeria,male,138,8,120,120,12,2,5,6.9
1513086,198,Zambia,male,119,10,114,114,10,3,6,6.26
1513087,169,Rwanda,male,48,3,63,63,4,0,3,4.57
1513087,175,Sierra Leone,male,47,10,71,71,5,0,3,3.97
1513088,169,Rwanda,male,115,3,113,113,11,0,10,6.11
1513088,198,Zambia,male,114,7,120,120,7,5,15,5.7
1513089,158,Nigeria,male,119,8,120,120,6,6,5,5.95
1513089,169,Rwanda,male,110,7,120,120,6,5,6,5.5
1513090,175,Sierra Leone,male,162,5,120,120,11,4,21,8.1
1513090,198,Zambia,male,177,4,120,120,14,9,8,8.85
1513091,158,Nigeria,male,98,1,68,68,8,2,12,8.65
1513091,175,Sierra Leone,male,95,10,113,113,5,2,9,5.04
1513092,169,Rwanda,male,84,2,71,71,12,1,5,7.1
1513092,198,Zambia,male,83,10,107,107,8,1,8,4.65
1513093,169,Rwanda,male,126,10,118,118,12,3,5,6.41
1513093,175,Sierra Leone,male,68,10,97,97,5,1,6,4.21
1513094,158,Nigeria,male,158,8,120,120,14,3,12,7.9
1513094,198,Zambia,male,135,10,114,114,13,6,8,7.11
1513095,158,Nigeria,male,105,9,120,120,6,3,15,5.25
1513095,169,Rwanda,male,128,8,120,120,15,2,3,6.4
1513096,175,Sierra Leone,male,129,7,120,120,3,3,17,6.45
1513096,198,Zambia,male,133,5,114,114,13,2,20,7.0
1513097,169,Rwanda,male,116,9,120,120,6,4,6,5.8
1513097,198,Zambia,male,140,8,120,120,10,6,7,7.0
1513099,95,Bahrain,male,152,9,120,120,10,6,7,7.6
1513099,100,Bhutan,male,89,10,104,104,6,1,2,5.13
1513100,95,Bahrain,male,160,4,120,120,12,7,10,8.0
1513100,100,Bhutan,male,125,9,120,120,11,3,5,6.25
1513101,95,Bahrain,male,175,3,120,120,11,10,4,8.75
1513101,100,Bhutan,male,133,7,120,120,9,4,6,6.65
1513102,95,Bahrain,male,105,6,116,116,11,1,2,5.43
1513102,100,Bhutan,male,102,10,120,120,8,2,12,5.1
1513297,158,Nigeria,male,177,6,120,120,12,9,6,8.85
1513297,175,Sierra Leone,male,141,5,120,120,12,3,9,7.05
1513298,158,Nigeria,male,171,7,120,120,17,4,1,8.55
1513298,175,Sierra Leone,male,103,10,117,117,4,4,11,5.28
1513299,158,Nigeria,male,152,7,120,120,10,2,8,7.6
1513299,198,Zambia,male,126,10,112,112,9,4,10,6.75
1513300,169,Rwanda,male,179,1,120,120,13,6,4,8.95
1513300,175,Sierra Leone,male,132,8,120,120,7,7,6,6.6
1513301,158,Nigeria,male,156,4,120,120,9,6,3,7.8
1513301,169,Rwanda,male,75,10,91,91,3,1,6,4.95
1513302,175,Sierra Leone,male,121,7,116,116,5,3,12,6.26
1513302,198,Zambia,male,116,8,120,120,7,3,9,5.8
1513303,175,Sierra Leone,male,125,10,120,120,7,2,6,6.25
1513303,198,Zambia,male,145,6,120,120,9,8,6,7.25
1513304,158,Nigeria,male,157,5,120,120,7,7,13,7.85
1513304,169,Rwanda,male,117,9,120,120,7,5,5,5.85
1513735,35,India,female,122,2,88,88,16,0,4,8.32
1513735,78,Sri Lanka,female,121,6,120,120,9,1,3,6.05
1513736,35,India,female,129,3,71,71,16,3,9,10.9
1513736,78,Sri Lanka,female,128,9,120,120,11,2,12,6.4
1513737,35,India,female,115,2,80,80,14,3,5,8.62
1513737,78,Sri Lanka,female,112,7,120,120,13,1,6,5.6
1513738,35,India,female,221,2,120,120,28,8,6,11.05
1513738,78,Sri Lanka,female,191,6,120,120,21,4,11,9.55
1513739,35,India,female,175,7,120,120,21,3,9,8.75
1513739,78,Sri Lanka,female,160,7,120,120,19,1,7,8.0
1513755,54,Myanmar,female,75,9,120,120,6,2,11,3.75
1513755,82,Thailand,female,76,1,31,31,16,0,2,14.71
1513756,36,Indonesia,female,110,9,120,120,9,1,2,5.5
1513756,47,Malaysia,female,128,7,120,120,13,0,13,6.4
1513757,36,Indonesia,female,196,5,120,120,24,2,15,9.8
1513757,64,Philippines,female,56,8,120,120,5,0,9,2.8
1513758,74,Singapore,female,33,10,100,100,1,0,9,1.98
1513758,82,Thailand,female,259,4,120,120,43,5,6,12.95
1513759,47,Malaysia,female,63,2,50,50,7,0,7,7.56
1513759,64,Philippines,female,62,9,120,120,4,0,10,3.1
1513760,54,Myanmar,female,123,7,120,120,14,0,21,6.15
1513760,74,Singapore,female,51,10,95,95,1,0,13,3.22
1513761,36,Indonesia,female,70,10,98,98,5,0,13,4.29
1513761,82,Thailand,female,144,8,120,120,17,0,15,7.2
1513762,47,Malaysia,female,154,4,120,120,18,0,15,7.7
1513762,54,Myanmar,female,65,10,92,92,7,0,4,4.24
1513763,36,Indonesia,female,63,5,88,88,4,0,8,4.3
1513763,54,Myanmar,female,61,10,116,116,8,0,1,3.16
1513764,47,Malaysia,female,58,8,120,120,3,0,9,2.9
1513764,82,Thailand,female,59,3,59,59,6,1,8,6.0
1513824,132,Indonesia,male,81,5,98,98,9,2,6,4.96
1513824,188,Thailand,male,80,9,120,120,6,0,6,4.0
1513825,146,Malaysia,male,201,9,120,120,18,12,7,10.05
1513825,165,Philippines,male,87,9,120,120,6,1,6,4.35
1513826,132,Indonesia,male,75,9,120,120,3,1,19,3.75
1513826,146,Malaysia,male,78,3,54,54,6,5,3,8.67
1513827,165,Philippines,male,145,9,120,120,12,5,9,7.25
1513827,176,Singapore,male,131,6,120,120,11,3,11,6.55
1513828,176,Singapore,male,156,8,120,120,10,9,9,7.8
1513828,188,Thailand,male,152,9,120,120,12,8,4,7.6
1513829,132,Indonesia,male,104,10,113,113,12,0,10,5.52
1513829,165,Philippines,male,182,5,120,120,18,10,9,9.1
1513830,132,Indonesia,male,151,9,120,120,14,5,7,7.55
1513830,176,Singapore,male,155,7,115,115,11,5,14,8.09
1513831,146,Malaysia,male,67,2,34,34,7,4,2,11.82
1513831,188,Thailand,male,62,10,81,81,4,3,7,4.59
1513832,165,Philippines,male,156,9,118,118,18,6,8,7.93
1513832,188,Thailand,male,153,7,120,120,11,9,3,7.65
1513833,146,Malaysia,male,111,4,70,70,9,6,10,9.51
1513833,176,Singapore,male,110,10,117,117,10,2,8,5.64
1514473,112,Croatia,male,76,10,120,120,5,1,9,3.8
1514473,180,Spain,male,77,2,49,49,5,4,4,9.43
1514474,112,Croatia,male,42,10,86,86,1,1,7,2.93
1514474,180,Spain,male,224,3,120,120,8,18,10,11.2
1514475,112,Croatia,male,55,10,110,110,1,1,5,3.0
1514475,180,Spain,male,58,1,28,28,1,4,5,12.43
1514476,112,Croatia,male,75,8,120,120,2,0,20,3.75
1514476,180,Spain,male,290,3,120,120,7,29,12,14.5
1514477,112,Croatia,male,90,7,120,120,3,3,10,4.5
1514477,180,Spain,male,93,2,67,67,7,0,15,8.33
1514480,161,Pakistan,male,129,4,100,100,12,3,8,7.74
1514480,181,Sri Lanka,male,128,10,116,116,11,2,3,6.62
1514482,161,Pakistan,male,146,8,72,72,13,8,8,12.17
1514482,181,Sri Lanka,male,160,6,72,72,13,10,10,13.33
1514510,4,Bahrain,female,65,10,117,117,6,0,6,3.33
1514510,61,Oman,female,66,0,35,35,7,0,24,11.31
1514511,61,Oman,female,129,5,120,120,12,0,19,6.45
1514511,66,Qatar,female,111,8,120,120,6,1,5,5.55
1514513,61,Oman,female,127,6,120,120,6,0,17,6.35
1514513,66,Qatar,female,114,4,120,120,6,1,11,5.7
1514514,43,Kuwait,female,160,5,120,120,12,4,14,8.0
1514514,66,Qatar,female,92,10,98,98,7,0,14,5.63
1514515,61,Oman,female,63,10,115,115,3,0,15,3.29
1514515,85,United Arab Emirates,female,65,0,34,34,10,1,2,11.47
1514516,4,Bahrain,female,196,3,120,120,22,0,36,9.8
1514516,70,Saudi Arabia,female,89,9,120,120,3,0,24,4.45
1514517,66,Qatar,female,47,10,112,112,3,0,19,2.52
1514517,85,United Arab Emirates,female,183,5,120,120,19,3,15,9.15
1514518,61,Oman,female,203,3,120,120,17,0,26,10.15
1514518,70,Saudi Arabia,female,36,10,112,112,0,0,11,1.93
1514519,4,Bahrain,female,108,3,120,120,9,0,13,5.4
1514519,43,Kuwait,female,109,3,77,77,10,1,16,8.49
1514520,4,Bahrain,female,96,7,120,120,9,0,5,4.8
1514520,61,Oman,female,97,1,74,74,7,1,7,7.86
1514521,66,Qatar,female,66,1,48,48,8,0,12,8.25
1514521,70,Saudi Arabia,female,64,8,120,120,1,0,29,3.2
1514522,43,Kuwait,female,26,10,77,77,0,0,6,2.03
1514522,85,United Arab Emirates,female,27,1,23,23,3,1,1,7.04
1514523,4,Bahrain,female,90,10,114,114,9,0,17,4.74
1514523,66,Qatar,female,138,6,120,120,11,0,20,6.9
1514524,70,Saudi Arabia,female,13,10,58,58,1,0,5,1.34
1514524,85,United Arab Emirates,female,251,2,120,120,26,3,44,12.55
1514525,43,Kuwait,female,85,9,120,120,7,0,6,4.25
1514525,61,Oman,female,86,1,76,76,5,0,8,6.79
1514526,43,Kuwait,female,21,0,9,9,2,0,6,14.0
1514526,70,Saudi Arabia,female,20,10,72,72,0,0,14,1.67
1514527,4,Bahrain,female,41,10,96,96,4,0,2,2.56
1514527,85,United Arab Emirates,female,198,1,120,120,23,1,19,9.9
1514528,61,Oman,female,98,4,94,94,5,0,21,6.26
1514528,66,Qatar,female,97,9,120,120,8,0,6,4.85
1514529,61,Oman,female,84,7,120,120,7,0,15,4.2
1514529,85,United Arab Emirates,female,85,1,75,75,10,1,3,6.8
1515010,100,Bhutan,male,70,2,47,47,6,2,12,8.94
1515010,153,Myanmar,male,69,10,98,98,2,2,9,4.22
1515011,100,Bhutan,male,216,8,120,120,16,14,14,10.8
1515011,153,Myanmar,male,96,8,120,120,5,2,16,4.8
1515012,100,Bhutan,male,127,9,120,120,8,5,5,6.35
1515012,153,Myanmar,male,45,10,56,56,3,1,8,4.82
1515013,100,Bhutan,male,223,5,120,120,11,17,16,11.15
1515013,153,Myanmar,male,102,7,120,120,12,0,10,5.1
1515014,100,Bhutan,male,139,8,120,120,15,4,7,6.95
1515014,153,Myanmar,male,55,8,120,120,3,0,3,2.75
1515208,57,Netherlands,female,122,10,114,114,14,0,17,6.42
1515208,90,Zimbabwe,female,100,8,120,120,8,2,3,5.0
1515209,5,Bangladesh,female,159,5,120,120,18,2,6,7.95
1515209,86,United States of America,female,137,9,120,120,15,2,3,6.85
1515210,37,Ireland,female,146,6,120,120,13,3,3,7.3
1515210,63,Papua New Guinea,female,105,6,120,120,12,2,9,5.25
1515211,56,Nepal,female,122,10,120,120,16,2,6,6.1
1515211,82,Thailand,female,125,2,101,101,17,1,5,7.43
1515212,5,Bangladesh,female,168,5,120,120,11,8,6,8.4
1515212,63,Papua New Guinea,female,138,9,120,120,14,4,3,6.9
1515213,82,Thailand,female,115,7,120,120,9,2,5,5.75
1515213,90,Zimbabwe,female,114,6,120,120,9,3,3,5.7
1515214,57,Netherlands,female,157,6,120,120,20,2,16,7.85
1515214,71,Scotland,female,150,5,120,120,18,1,11,7.5
1515215,55,Namibia,female,144,6,120,120,17,4,2,7.2
1515215,86,United States of America,female,145,6,116,116,16,3,10,7.5
1515216,37,Ireland,female,154,7,120,120,15,3,2,7.7
1515216,86,United States of America,female,138,8,120,120,15,2,17,6.9
1515217,56,Nepal,female,138,7,120,120,21,1,10,6.9
1515217,57,Netherlands,female,140,5,120,120,17,0,10,7.0
1515218,5,Bangladesh,female,144,7,120,120,13,4,17,7.2
1515218,55,Namibia,female,64,10,107,107,3,1,5,3.59
1515219,71,Scotland,female,105,5,82,82,16,1,2,7.68
1515219,90,Zimbabwe,female,101,10,112,112,10,0,9,5.41
1515220,71,Scotland,female,124,5,88,88,21,1,2,8.45
1515220,82,Thailand,female,118,6,120,120,9,2,10,5.9
1515221,55,Namibia,female,122,5,120,120,11,1,5,6.1
1515221,63,Papua New Guinea,female,124,7,118,118,10,4,14,6.31
1515222,56,Nepal,female,133,4,117,117,10,3,21,6.82
1515222,90,Zimbabwe,female,129,6,120,120,14,0,10,6.45
1515223,5,Bangladesh,female,153,7,120,120,14,4,8,7.65
1515223,37,Ireland,female,144,4,120,120,16,3,3,7.2
1515224,56,Nepal,female,68,9,83,83,8,1,5,4.92
1515224,71,Scotland,female,140,10,120,120,19,0,13,7.0
1515225,63,Papua New Guinea,female,110,5,120,120,8,3,10,5.5
1515225,86,United States of America,female,111,5,108,108,11,2,9,6.17
1515226,37,Ireland,female,110,2,86,86,17,1,8,7.67
1515226,55,Namibia,female,107,8,120,120,12,1,6,5.35
1515227,57,Netherlands,female,107,8,120,120,13,0,3,5.35
1515227,82,Thailand,female,90,10,120,120,8,0,1,4.5
1515228,37,Ireland,female,121,10,116,116,10,3,8,6.26
1515228,71,Scotland,female,160,5,120,120,20,3,4,8.0
1515229,5,Bangladesh,female,165,8,120,120,17,5,8,8.25
1515229,82,Thailand,female,126,8,120,120,13,0,4,6.3
1515230,57,Netherlands,female,90,2,72,72,9,3,3,7.5
1515230,86,United States of America,female,129,7,120,120,12,2,10,6.45
1515231,5,Bangladesh,female,191,5,120,120,22,7,7,9.55
1515231,71,Scotland,female,101,9,120,120,13,0,4,5.05
1515232,37,Ireland,female,143,9,120,120,18,1,5,7.15
1515232,57,Netherlands,female,45,10,89,89,4,0,7,3.03
1515233,82,Thailand,female,100,10,114,114,12,0,4,5.26
1515233,86,United States of America,female,128,10,119,119,12,2,4,6.45
1515234,37,Ireland,female,121,8,120,120,12,1,8,6.05
1515234,82,Thailand,female,59,10,97,97,8,0,2,3.65
1515235,5,Bangladesh,female,105,3,100,100,13,1,5,6.3
1515235,57,Netherlands,female,102,6,120,120,13,0,4,5.1
1515236,71,Scotland,female,178,8,120,120,22,5,9,8.9
1515236,86,United States of America,female,137,10,114,114,8,2,5,7.21
1515542,104,Cambodia,male,107,10,96,96,5,8,6,6.69
1515542,132,Indonesia,male,167,5,120,120,9,8,13,8.35
1515543,104,Cambodia,male,138,7,120,120,6,7,8,6.9
1515543,132,Indonesia,male,141,5,120,120,9,0,23,7.05
1515544,104,Cambodia,male,112,5,120,120,9,2,10,5.6
1515544,132,Indonesia,male,116,2,95,95,6,3,12,7.33
1515545,104,Cambodia,male,125,8,120,120,8,7,10,6.25
1515545,132,Indonesia,male,152,6,120,120,12,5,8,7.6
1515546,104,Cambodia,male,157,5,120,120,12,7,9,7.85
1515546,132,Indonesia,male,14,0,6,6,2,0,3,14.0
1515547,104,Cambodia,male,72,10,67,67,6,3,6,6.45
1515547,132,Indonesia,male,78,1,62,62,3,3,12,7.55
1515548,104,Cambodia,male,150,4,120,120,8,7,12,7.5
1515548,132,Indonesia,male,151,4,110,110,10,5,15,8.24
1515549,104,Cambodia,male,80,8,120,120,4,3,5,4.0
1515549,132,Indonesia,male,84,4,67,67,9,2,7,7.52
1517208,104,Cambodia,male,102,1,66,66,7,5,9,9.27
1517208,132,Indonesia,male,103,7,64,64,8,4,13,9.66
1519136,134,Ireland,male,119,7,117,117,8,1,8,6.1
1519136,137,Italy,male,118,10,109,109,11,3,4,6.5
1519137,134,Ireland,male,190,5,120,120,17,6,6,9.5
1519137,137,Italy,male,166,4,120,120,14,6,7,8.3
1519138,134,Ireland,male,154,10,118,118,9,6,10,7.83
1519138,137,Italy,male,157,6,117,117,12,6,12,8.05
1519139,134,Ireland,male,178,6,120,120,19,5,8,8.9
1519139,193,United Arab Emirates,male,121,10,119,119,7,5,6,6.1
1519140,134,Ireland,male,170,7,120,120,12,7,10,8.5
1519140,193,United Arab Emirates,male,140,8,120,120,13,2,7,7.0
1519145,8,Bhutan,female,100,7,116,116,9,1,10,5.17
1519145,47,Malaysia,female,98,8,120,120,9,0,17,4.9
1519146,34,Hong Kong,female,163,3,120,120,19,3,10,8.15
1519146,47,Malaysia,female,112,9,120,120,14,0,11,5.6
1519147,8,Bhutan,female,110,7,120,120,11,0,12,5.5
1519147,34,Hong Kong,female,174,5,120,120,21,5,11,8.7
1519148,8,Bhutan,female,114,2,111,111,13,3,11,6.16
1519148,47,Malaysia,female,113,6,120,120,9,3,8,5.65
1519149,8,Bhutan,female,94,9,120,120,7,0,17,4.7
1519149,34,Hong Kong,female,106,9,120,120,7,2,10,5.3
1519150,34,Hong Kong,female,112,1,101,101,15,1,4,6.65
1519150,47,Malaysia,female,111,7,120,120,11,0,12,5.55
1519151,8,Bhutan,female,82,2,76,76,9,0,9,6.47
1519151,47,Malaysia,female,81,7,120,120,6,1,10,4.05
1519152,8,Bhutan,female,85,7,120,120,4,1,15,4.25
1519152,34,Hong Kong,female,182,2,120,120,22,3,17,9.1
1519636,92,Australia,male,146,8,120,120,11,6,3,7.3
1519636,161,Pakistan,male,168,8,120,120,9,8,17,8.4
1519637,92,Australia,male,108,10,94,94,7,5,1,6.89
1519637,161,Pakistan,male,198,5,120,120,20,8,2,9.9
1519638,92,Australia,male,96,9,101,101,7,0,13,5.7
1519638,161,Pakistan,male,207,6,120,120,18,10,4,10.35
1520970,22,Denmark,female,82,7,120,120,6,1,7,4.1
1520970,61,Oman,female,191,4,120,120,21,1,25,9.55
1520971,22,Denmark,female,82,7,120,120,7,0,13,4.1
1520971,61,Oman,female,152,8,120,120,13,0,23,7.6
1520972,22,Denmark,female,81,9,120,120,5,0,9,4.05
1520972,61,Oman,female,219,1,120,120,25,1,30,10.95
1520973,22,Denmark,female,100,9,120,120,14,0,5,5.0
1520973,61,Oman,female,185,3,120,120,17,0,30,9.25
1522068,47,Malaysia,female,70,8,120,120,4,0,7,3.5
1522068,82,Thailand,female,169,7,120,120,22,2,5,8.45
1522984,61,Oman,female,150,6,120,120,12,0,25,7.5
1522984,66,Qatar,female,143,6,120,120,13,2,6,7.15
1522985,61,Oman,female,140,4,120,120,8,0,14,7.0
1522985,66,Qatar,female,138,7,120,120,12,0,14,6.9
1522986,61,Oman,female,155,6,120,120,13,0,17,7.75
1522986,66,Qatar,female,114,5,120,120,6,0,3,5.7
1522987,61,Oman,female,95,2,74,74,7,0,11,7.7
1522987,66,Qatar,female,94,8,120,120,4,0,11,4.7
1522988,61,Oman,female,95,10,115,115,3,0,20,4.96
1522988,66,Qatar,female,102,6,120,120,4,1,11,5.1
1522994,95,Bahrain,male,164,7,120,120,14,7,7,8.2
1522994,167,Qatar,male,215,5,120,120,19,10,4,10.75
1522995,95,Bahrain,male,170,5,120,120,14,9,4,8.5
1522995,167,Qatar,male,201,4,120,120,15,10,18,10.05
1522996,95,Bahrain,male,191,5,120,120,15,11,4,9.55
1522996,167,Qatar,male,187,5,120,120,14,7,7,9.35
1522997,95,Bahrain,male,154,8,120,120,13,6,5,7.7
1522997,167,Qatar,male,205,6,120,120,16,8,18,10.25
1522998,139,Japan,male,157,6,120,120,9,10,6,7.85
1522998,188,Thailand,male,120,9,120,120,8,4,13,6.0
1522999,95,Bahrain,male,95,6,106,106,10,2,3,5.38
1522999,100,Bhutan,male,91,10,101,101,7,5,2,5.41
1523000,100,Bhutan,male,80,10,103,103,5,3,6,4.66
1523000,188,Thailand,male,140,6,120,120,14,5,10,7.0
1523001,95,Bahrain,male,87,10,116,116,5,3,11,4.5
1523001,139,Japan,male,88,2,42,42,10,6,4,12.57
1523002,100,Bhutan,male,93,10,110,110,7,3,8,5.07
1523002,139,Japan,male,170,5,120,120,16,6,12,8.5
1523003,95,Bahrain,male,126,7,120,120,9,3,5,6.3
1523003,188,Thailand,male,114,10,117,117,9,2,8,5.85
1523004,100,Bhutan,male,86,8,78,78,6,4,7,6.62
1523004,188,Thailand,male,79,9,78,78,4,2,3,6.08
1523005,95,Bahrain,male,108,9,120,120,9,5,8,5.4
1523005,139,Japan,male,108,9,120,120,11,3,7,5.4
1523981,78,Sri Lanka,female,7,0,17,17,1,0,0,2.47
1523981,88,West Indies,female,49,10,81,81,3,1,2,3.63
1523982,78,Sri Lanka,female,102,6,109,109,12,1,7,5.61
1523982,88,West Indies,female,101,10,120,120,6,1,6,5.05
1523983,78,Sri Lanka,female,121,1,106,106,14,1,3,6.85
1523983,88,West Indies,female,119,5,120,120,10,3,6,5.95
1525159,128,Hong Kong,male,186,7,113,113,23,4,13,9.88
1525159,142,Kuwait,male,182,6,120,120,14,12,7,9.1
1525160,128,Hong Kong,male,171,9,120,120,13,8,15,8.55
1525160,142,Kuwait,male,147,8,120,120,12,7,11,7.35
1525162,128,Hong Kong,male,125,9,120,120,12,4,4,6.25
1525162,142,Kuwait,male,127,7,113,113,9,6,5,6.74
1525166,91,Argentina,male,98,10,103,103,9,0,9,5.71
1525166,107,Cayman Islands,male,102,0,54,54,8,7,5,11.33
1525167,150,Mexico,male,97,10,119,119,4,0,11,4.89
1525167,183,Suriname,male,88,8,120,120,4,1,6,4.4
1525168,91,Argentina,male,129,9,120,120,11,1,3,6.45
1525168,183,Suriname,male,114,8,120,120,6,3,6,5.7
1525169,107,Cayman Islands,male,95,1,81,81,9,1,4,7.04
1525169,150,Mexico,male,94,9,120,120,7,0,9,4.7
1525170,107,Cayman Islands,male,96,1,77,77,7,5,0,7.48
1525170,183,Suriname,male,92,7,120,120,2,2,11,4.6
1525171,91,Argentina,male,153,4,120,120,10,4,6,7.65
1525171,150,Mexico,male,91,7,120,120,2,1,4,4.55
1525172,107,Cayman Islands,male,187,3,120,120,14,7,12,9.35
1525172,150,Mexico,male,94,10,119,119,4,1,7,4.74
1525173,91,Argentina,male,109,3,102,102,11,2,3,6.41
1525173,183,Suriname,male,107,7,120,120,5,1,9,5.35
1525174,91,Argentina,male,215,3,120,120,20,9,6,10.75
1525174,150,Mexico,male,123,10,117,117,8,3,12,6.31
1525175,107,Cayman Islands,male,86,1,55,55,6,3,7,9.38
1525175,183,Suriname,male,85,5,120,120,3,2,5,4.25
1525176,150,Mexico,male,126,9,120,120,3,4,5,6.3
1525176,183,Suriname,male,127,6,120,120,10,1,12,6.35
1525177,91,Argentina,male,114,8,120,120,6,2,7,5.7
1525177,107,Cayman Islands,male,116,4,102,102,5,4,2,6.82
1526564,2,Australia,female,164,6,120,120,12,3,15,8.2
1526564,88,West Indies,female,121,6,120,120,12,4,10,6.05
1526565,2,Australia,female,164,5,120,120,20,1,6,8.2
1526565,88,West Indies,female,147,4,120,120,13,5,8,7.35
1526566,2,Australia,female,211,7,120,120,18,9,14,10.55
1526566,88,West Indies,female,61,3,60,60,4,3,1,6.1
1526693,30,Ghana,female,88,8,120,120,6,0,12,4.4
1526693,68,Rwanda,female,210,3,120,120,26,1,28,10.5
1526697,30,Ghana,female,23,10,64,64,1,0,7,2.16
1526697,59,Nigeria,female,159,4,120,120,15,2,27,7.95
1526699,59,Nigeria,female,90,10,115,115,6,0,14,4.7
1526699,68,Rwanda,female,93,4,94,94,12,0,14,5.94
1526840,145,Malawi,male,77,9,115,115,2,2,15,4.02
1526840,187,Tanzania,male,78,2,80,80,7,0,8,5.85
1526841,118,Eswatini,male,115,8,120,120,10,2,10,5.75
1526841,182,St Helena,male,88,10,112,112,9,0,13,4.71
1526842,124,Ghana,male,76,4,61,61,9,0,10,7.48
1526842,174,Seychelles,male,72,10,118,118,8,2,0,3.66
1526843,174,Seychelles,male,96,3,108,108,7,1,8,5.33
1526843,182,St Helena,male,95,7,120,120,6,2,9,4.75
1526844,118,Eswatini,male,20,10,78,78,0,0,3,1.54
1526844,187,Tanzania,male,178,4,120,120,18,6,6,8.9
1526845,124,Ghana,male,99,8,120,120,6,0,10,4.95
1526845,145,Malawi,male,98,8,120,120,5,1,4,4.9
1526846,124,Ghana,male,78,1,40,40,11,2,5,11.7
1526846,182,St Helena,male,77,10,120,120,3,0,10,3.85
1526847,118,Eswatini,male,75,10,92,92,9,2,7,4.89
1526847,145,Malawi,male,77,2,41,41,12,2,4,11.27
1526848,174,Seychelles,male,52,9,120,120,4,0,8,2.6
1526848,187,Tanzania,male,205,3,120,120,18,6,8,10.25
1526849,182,St Helena,male,75,10,111,111,6,3,4,4.05
1526849,187,Tanzania,male,236,4,120,120,21,7,21,11.8
1526850,145,Malawi,male,111,4,102,102,9,1,8,6.53
1526850,174,Seychelles,male,108,7,120,120,14,0,4,5.4
1526851,118,Eswatini,male,95,10,107,107,12,1,6,5.33
1526851,124,Ghana,male,178,5,120,120,15,3,22,8.9
1527157,95,Bahrain,male,106,10,113,113,8,3,13,5.63
1527157,146,Malaysia,male,140,7,120,120,7,7,11,7.0
1527158,95,Bahrain,male,130,7,120,120,10,4,11,6.5
1527158,146,Malaysia,male,128,10,119,119,10,2,17,6.45
1527159,95,Bahrain,male,135,3,103,103,17,1,2,7.86
1527159,146,Malaysia,male,131,7,114,114,13,3,11,6.89
1527253,35,India,female,157,7,120,120,13,5,7,7.85
1527253,75,South Africa,female,158,4,115,115,16,3,14,8.24
1527254,35,India,female,147,10,120,120,16,3,7,7.35
1527254,75,South Africa,female,148,2,103,103,18,2,5,8.62
1527255,35,India,female,192,4,120,120,21,7,7,9.6
1527255,75,South Africa,female,193,1,99,99,20,7,12,11.7
1527256,35,India,female,185,5,120,120,20,5,12,9.25
1527256,75,South Africa,female,171,9,120,120,20,7,3,8.55
1527257,35,India,female,132,8,120,120,11,3,13,6.6
1527257,75,South Africa,female,155,6,120,120,16,3,1,7.75
1527277,101,Botswana,male,61,4,66,66,2,0,3,5.55
1527277,143,Lesotho,male,60,10,117,117,1,1,10,3.08
1527278,101,Botswana,male,83,4,75,75,7,1,4,6.64
1527278,143,Lesotho,male,81,8,120,120,8,2,4,4.05
1527279,101,Botswana,male,102,9,120,120,4,1,9,5.1
1527279,143,Lesotho,male,96,8,120,120,6,3,5,4.8
1527280,101,Botswana,male,164,7,120,120,7,6,12,8.2
1527280,143,Lesotho,male,60,10,85,85,5,0,5,4.24
1527281,101,Botswana,male,114,7,120,120,4,1,7,5.7
1527281,143,Lesotho,male,30,10,63,63,4,0,4,2.86
1527770,93,Austria,male,127,10,117,117,13,3,3,6.51
1527770,113,Cyprus,male,174,9,120,120,13,7,20,8.7
1527773,93,Austria,male,140,3,99,99,10,8,10,8.48
1527773,113,Cyprus,male,136,8,120,120,5,7,8,6.8
1528275,96,Bangladesh,male,183,4,108,108,11,9,15,10.17
1528275,157,New Zealand,male,182,6,120,120,21,4,8,9.1
1528277,96,Bangladesh,male,102,10,86,86,9,3,4,7.12
1528277,157,New Zealand,male,104,4,70,70,8,4,1,8.91
1528282,5,Bangladesh,female,136,7,120,120,13,3,8,6.8
1528282,78,Sri Lanka,female,161,4,120,120,17,3,4,8.05
1528283,5,Bangladesh,female,133,5,120,120,13,1,9,6.65
1528283,78,Sri Lanka,female,154,4,120,120,17,2,5,7.7
1528284,5,Bangladesh,female,84,6,54,54,6,2,9,9.33
1528284,78,Sri Lanka,female,87,6,54,54,11,2,6,9.67
1528293,59,Nigeria,female,80,10,120,120,8,0,13,4.0
1528293,68,Rwanda,female,71,9,120,120,5,0,9,3.55
1528299,121,France,male,138,10,113,113,12,2,9,7.33
1528299,159,Norway,male,148,9,120,120,8,8,5,7.4
1528300,121,France,male,128,10,115,115,10,4,6,6.68
1528300,166,Portugal,male,129,4,90,90,10,6,3,8.6
1528301,159,Norway,male,178,8,120,120,17,9,7,8.9
1528301,166,Portugal,male,190,3,120,120,14,10,11,9.5
1528302,121,France,male,67,4,48,48,10,0,2,8.38
1528302,166,Portugal,male,207,4,120,120,20,9,5,10.35
1528303,121,France,male,133,10,114,114,11,3,10,7.0
1528303,159,Norway,male,126,9,120,120,7,5,7,6.3
1528305,159,Norway,male,46,10,90,90,1,0,2,3.07
1528305,166,Portugal,male,129,9,120,120,6,6,6,6.45
1528306,121,France,male,165,8,120,120,6,8,12,8.25
1528306,166,Portugal,male,161,9,120,120,11,5,13,8.05
1528307,121,France,male,112,6,103,103,10,1,12,6.52
1528307,159,Norway,male,111,10,113,113,9,2,1,5.89
1528308,121,France,male,153,10,114,114,6,8,12,8.05
1528308,166,Portugal,male,183,6,120,120,16,5,11,9.15
1528317,9,Botswana,female,64,9,96,96,3,1,6,4.0
1528317,10,Brazil,female,147,2,120,120,11,0,22,7.35
1528318,44,Lesotho,female,46,10,90,90,0,0,15,3.07
1528318,46,Malawi,female,47,1,30,30,6,0,12,9.4
1528319,53,Mozambique,female,174,2,120,120,12,0,40,8.7
1528319,89,Zambia,female,30,9,120,120,1,0,18,1.5
1528320,9,Botswana,female,190,6,120,120,19,1,29,9.5
1528320,44,Lesotho,female,29,10,58,58,2,0,11,3.0
1528321,10,Brazil,female,167,4,120,120,12,2,26,8.35
1528321,46,Malawi,female,31,10,73,73,3,0,8,2.55
1528322,9,Botswana,female,83,9,104,104,4,0,27,4.79
1528322,53,Mozambique,female,106,7,120,120,5,0,28,5.3
1528323,44,Lesotho,female,54,2,46,46,2,0,12,7.04
1528323,89,Zambia,female,53,6,120,120,2,0,18,2.65
1528324,10,Brazil,female,81,1,45,45,7,1,11,10.8
1528324,53,Mozambique,female,80,10,104,104,7,0,8,4.62
1528325,9,Botswana,female,87,4,120,120,5,0,9,4.35
1528325,46,Malawi,female,64,10,98,98,7,0,6,3.92
1528326,10,Brazil,female,200,5,120,120,16,1,31,10.0
1528326,89,Zambia,female,26,10,91,91,3,0,6,1.71
1528327,44,Lesotho,female,72,10,116,116,3,0,25,3.72
1528327,53,Mozambique,female,104,10,111,111,10,0,26,5.62
1528328,9,Botswana,female,191,6,120,120,11,0,30,9.55
1528328,89,Zambia,female,33,8,120,120,2,0,13,1.65
1528329,46,Malawi,female,61,3,75,75,3,0,16,4.88
1528329,53,Mozambique,female,60,10,89,89,3,0,17,4.04
1528330,10,Brazil,female,202,8,120,120,15,0,32,10.1
1528330,44,Lesotho,female,13,10,38,38,1,0,6,2.05
1528331,46,Malawi,female,55,5,62,62,1,0,17,5.32
1528331,89,Zambia,female,54,6,120,120,2,0,13,2.7
1528332,9,Botswana,female,85,7,120,120,5,0,12,4.25
1528332,10,Brazil,female,86,2,72,72,7,0,16,7.17
1528333,44,Lesotho,female,40,10,106,106,0,0,25,2.26
1528333,46,Malawi,female,41,1,45,45,2,0,12,5.47
1528334,10,Brazil,female,20,1,13,13,2,0,3,9.23
1528334,53,Mozambique,female,19,10,45,45,1,0,7,2.53
1528335,46,Malawi,female,86,10,120,120,1,0,24,4.3
1528335,89,Zambia,female,33,10,84,84,1,0,14,2.36
1528336,9,Botswana,female,139,4,120,120,12,0,23,6.95
1528336,53,Mozambique,female,58,10,100,100,3,0,7,3.48
1528337,44,Lesotho,female,96,7,120,120,1,0,27,4.8
1528337,89,Zambia,female,48,3,120,120,0,0,19,2.4
1528338,46,Malawi,female,92,9,108,108,3,0,24,5.11
1528338,53,Mozambique,female,91,8,120,120,6,0,21,4.55
1528538,37,Ireland,female,103,10,102,102,8,1,8,6.06
1528538,88,West Indies,female,104,2,69,69,12,4,3,9.04
1528539,62,Pakistan,female,174,8,120,120,21,3,17,8.7
1528539,88,West Indies,female,199,6,120,120,29,3,7,9.95
1528540,37,Ireland,female,177,3,115,115,21,1,16,9.23
1528540,62,Pakistan,female,176,6,120,120,21,3,11,8.8
1528541,37,Ireland,female,99,5,85,85,13,1,2,6.99
1528541,88,West Indies,female,141,8,120,120,18,1,7,7.05
1528542,62,Pakistan,female,111,7,101,101,14,0,3,6.59
1528542,88,West Indies,female,0,0,0,0,0,0,0,0.0
1528548,131,India,male,148,10,113,113,13,5,11,7.86
1528548,134,Ireland,male,182,9,120,120,15,9,9,9.1
1528549,131,India,male,153,9,120,120,10,3,10,7.65
1528549,134,Ireland,male,154,8,120,120,13,6,6,7.7
1529145,154,Namibia,male,159,7,120,120,13,5,3,7.95
1529145,172,Scotland,male,160,3,113,113,9,6,15,8.5
1529146,154,Namibia,male,138,7,120,120,12,4,5,6.9
1529146,172,Scotland,male,157,8,120,120,8,9,6,7.85
1529147,154,Namibia,male,187,6,120,120,14,8,8,9.35
1529147,172,Scotland,male,186,4,120,120,14,9,7,9.3
1529377,111,Costa Rica,male,80,7,120,120,3,2,18,4.0
1529377,150,Mexico,male,204,5,120,120,13,11,15,10.2
1529378,102,Brazil,male,66,0,37,37,11,1,3,10.7
1529378,111,Costa Rica,male,64,10,116,116,2,0,13,3.31
1529379,102,Brazil,male,144,8,120,120,11,3,15,7.2
1529379,150,Mexico,male,160,9,120,120,9,9,21,8.0
1529380,102,Brazil,male,157,7,120,120,12,5,28,7.85
1529380,111,Costa Rica,male,88,7,120,120,2,2,20,4.4
1529381,111,Costa Rica,male,45,10,77,77,2,2,5,3.51
1529381,150,Mexico,male,47,2,33,33,2,2,8,8.55
1529382,102,Brazil,male,113,3,68,68,13,4,10,9.97
1529382,150,Mexico,male,112,9,108,108,6,4,8,6.22
1529780,20,Cyprus,female,84,8,120,120,3,0,20,4.2
1529780,32,Greece,female,76,9,120,120,1,0,25,3.8
1529781,20,Cyprus,female,83,8,120,120,1,0,31,4.15
1529781,32,Greece,female,68,10,103,103,0,0,41,3.96
1529782,20,Cyprus,female,108,6,120,120,2,0,41,5.4
1529782,32,Greece,female,74,10,115,115,0,0,38,3.86
1529783,20,Cyprus,female,47,5,47,47,2,0,13,6.0
1529783,32,Greece,female,0,0,0,0,0,0,0,0.0
1529784,20,Cyprus,female,55,5,78,78,0,0,11,4.23
1529784,32,Greece,female,55,9,78,78,2,0,20,4.23
1529785,20,Cyprus,female,96,6,120,120,3,0,22,4.8
1529785,32,Greece,female,97,2,98,98,3,0,26,5.94
1529786,9,Botswana,female,37,10,67,67,3,0,9,3.31
1529786,10,Brazil,female,38,7,59,59,1,0,12,3.86
1529787,132,Indonesia,male,119,10,107,107,14,2,6,6.67
1529787,185,Sweden,male,125,6,117,117,11,2,4,6.41
1529788,132,Indonesia,male,125,9,120,120,5,6,22,6.25
1529788,185,Sweden,male,127,6,96,96,12,5,8,7.94
1529789,132,Indonesia,male,135,7,120,120,5,8,4,6.75
1529789,185,Sweden,male,136,5,112,112,9,5,11,7.29
1529790,132,Indonesia,male,154,9,120,120,9,5,10,7.7
1529790,185,Sweden,male,164,7,120,120,5,11,11,8.2
1529791,132,Indonesia,male,165,5,120,120,11,8,13,8.25
1529791,185,Sweden,male,166,5,114,114,15,6,2,8.74
1529792,132,Indonesia,male,83,10,92,92,8,2,7,5.41
1529792,185,Sweden,male,170,6,120,120,7,11,9,8.5
1529793,132,Indonesia,male,148,6,106,106,16,4,9,8.38
1529793,185,Sweden,male,145,9,120,120,8,7,6,7.25
1529794,132,Indonesia,male,148,10,110,110,11,9,8,8.07
1529794,185,Sweden,male,166,8,120,120,11,10,6,8.3
1530060,131,India,male,126,3,80,80,11,6,6,9.45
1530060,199,Zimbabwe,male,125,7,120,120,10,3,12,6.25
1530061,131,India,male,219,5,120,120,24,7,7,10.95
1530061,199,Zimbabwe,male,129,10,107,107,10,6,8,7.23
1530062,131,India,male,192,5,120,120,17,5,17,9.6
1530062,199,Zimbabwe,male,157,7,120,120,9,4,20,7.85
1531150,39,Italy,female,72,1,66,66,5,1,7,6.55
1531150,68,Rwanda,female,50,4,42,42,4,0,6,7.14
1531151,56,Nepal,female,79,9,120,120,4,0,13,3.95
1531151,86,United States of America,female,123,6,120,120,8,0,10,6.15
1531152,68,Rwanda,female,109,8,120,120,8,1,5,5.45
1531152,87,Vanuatu,female,68,10,117,117,0,1,9,3.49
1531153,39,Italy,female,62,9,112,112,4,0,10,3.32
1531153,56,Nepal,female,112,8,120,120,8,1,10,5.6
1531154,68,Rwanda,female,127,4,120,120,11,2,8,6.35
1531154,86,United States of America,female,126,5,120,120,10,4,7,6.3
1531155,39,Italy,female,115,6,117,117,11,2,10,5.9
1531155,87,Vanuatu,female,114,6,120,120,8,1,12,5.7
1531156,56,Nepal,female,89,8,118,118,8,0,10,4.53
1531156,68,Rwanda,female,88,10,118,118,4,0,18,4.47
1531157,86,United States of America,female,153,6,120,120,15,2,21,7.65
1531157,87,Vanuatu,female,100,10,120,120,11,1,9,5.0
1531158,56,Nepal,female,75,10,93,93,8,0,12,4.84
1531158,87,Vanuatu,female,97,5,120,120,7,2,7,4.85
1531159,39,Italy,female,74,10,96,96,7,2,5,4.62
1531159,86,United States of America,female,146,6,120,120,14,2,14,7.3
1531160,68,Rwanda,female,133,5,120,120,14,0,6,6.65
1531160,87,Vanuatu,female,130,3,120,120,8,2,17,6.5
1531161,56,Nepal,female,86,6,120,120,8,1,4,4.3
1531161,86,United States of America,female,89,3,71,71,18,1,0,7.52
1531162,39,Italy,female,123,7,120,120,13,2,12,6.15
1531162,68,Rwanda,female,126,4,117,117,11,1,12,6.46
1531163,86,United States of America,female,162,4,120,120,18,4,10,8.1
1531163,87,Vanuatu,female,90,8,120,120,12,1,3,4.5
1531164,56,Nepal,female,103,7,120,120,13,0,15,5.15
1531164,68,Rwanda,female,65,10,106,106,4,1,9,3.68
1531165,39,Italy,female,96,4,71,71,15,1,6,8.11
1531165,87,Vanuatu,female,153,2,120,120,13,2,21,7.65
1531166,39,Italy,female,99,8,120,120,4,3,7,4.95
1531166,86,United States of America,female,101,1,97,97,11,0,6,6.25
1531167,56,Nepal,female,132,3,120,120,16,1,4,6.6
1531167,87,Vanuatu,female,49,10,100,100,4,0,8,2.94
1531168,68,Rwanda,female,0,0,0,0,0,0,0,0.0
1531168,86,United States of America,female,62,4,93,93,4,0,4,4.0
1531169,39,Italy,female,36,6,42,42,3,0,6,5.14
1531169,56,Nepal,female,40,2,21,21,6,0,5,11.43
1531171,15,Chile,female,81,8,120,120,6,0,36,4.05
1531171,18,Costa Rica,female,83,2,41,41,7,0,29,12.15
1531172,15,Chile,female,46,10,82,82,2,0,30,3.37
1531172,18,Costa Rica,female,47,1,38,38,4,0,14,7.42
1531681,125,Gibraltar,male,181,7,120,120,14,8,20,9.05
1531681,149,Malta,male,231,4,120,120,14,13,26,11.55
1531682,125,Gibraltar,male,162,6,120,120,10,7,5,8.1
1531682,149,Malta,male,227,8,120,120,15,14,7,11.35
1531683,125,Gibraltar,male,144,5,120,120,14,4,2,7.2
1531683,149,Malta,male,145,3,78,78,14,9,10,11.15
1531684,125,Gibraltar,male,148,7,120,120,9,6,6,7.4
1531684,149,Malta,male,198,6,120,120,10,14,20,9.9
1531685,125,Gibraltar,male,143,7,120,120,7,5,12,7.15
1531685,149,Malta,male,146,3,104,104,15,5,6,8.42
1531694,155,Nepal,male,122,8,113,113,9,3,8,6.48
1531694,193,United Arab Emirates,male,78,4,53,53,4,6,5,8.83
1531695,155,Nepal,male,129,2,95,95,16,4,2,8.15
1531695,193,United Arab Emirates,male,128,8,120,120,8,7,3,6.4
1531873,125,Gibraltar,male,165,4,120,120,14,6,9,8.25
1531873,149,Malta,male,165,9,120,120,9,7,11,8.25
1532483,92,Australia,male,133,6,110,110,11,5,1,7.25
1532483,96,Bangladesh,male,131,10,114,114,10,4,9,6.89
1532484,92,Australia,male,196,5,120,120,10,11,9,9.8
1532484,96,Bangladesh,male,189,6,120,120,18,8,11,9.45
1532485,92,Australia,male,112,3,66,66,11,6,2,10.18
1532485,96,Bangladesh,male,109,8,120,120,6,4,10,5.45
1532637,132,Indonesia,male,132,9,120,120,11,3,19,6.6
1532637,165,Philippines,male,121,6,120,120,8,2,2,6.05
1532638,119,Fiji,male,48,10,88,88,2,2,4,3.27
1532638,196,Vanuatu,male,169,4,120,120,11,6,7,8.45
1532639,110,Cook Islands,male,49,1,28,28,6,2,3,10.5
1532639,179,South Korea,male,47,10,98,98,2,0,9,2.88
1532640,132,Indonesia,male,92,8,120,120,5,3,2,4.6
1532640,170,Samoa,male,93,1,56,56,10,4,1,9.96
1532641,139,Japan,male,123,10,118,118,5,2,13,6.25
1532641,196,Vanuatu,male,93,6,120,120,2,1,15,4.65
1532642,163,Papua New Guinea,male,197,3,120,120,14,6,10,9.85
1532642,179,South Korea,male,61,10,118,118,5,0,5,3.1
1532643,165,Philippines,male,70,10,88,88,6,1,5,4.77
1532643,170,Samoa,male,166,7,120,120,14,3,16,8.3
1532644,119,Fiji,male,74,10,118,118,6,0,6,3.76
1532644,139,Japan,male,75,2,43,43,8,1,14,10.47
1532645,110,Cook Islands,male,155,6,120,120,10,9,5,7.75
1532645,163,Papua New Guinea,male,204,5,120,120,12,11,9,10.2
1532646,170,Samoa,male,132,1,93,93,14,3,10,8.52
1532646,196,Vanuatu,male,129,8,120,120,6,5,11,6.45
1532647,165,Philippines,male,163,4,120,120,8,9,12,8.15
1532647,179,South Korea,male,140,8,120,120,11,5,7,7.0
1532648,132,Indonesia,male,101,10,115,115,9,1,4,5.27
1532648,139,Japan,male,142,7,120,120,9,4,5,7.1
1532649,119,Fiji,male,140,10,119,119,4,10,14,7.06
1532649,179,South Korea,male,141,4,108,108,14,4,10,7.83
1532650,163,Papua New Guinea,male,115,8,120,120,7,0,10,5.75
1532650,170,Samoa,male,112,10,120,120,6,3,5,5.6
1532651,110,Cook Islands,male,163,7,120,120,13,8,3,8.15
1532651,196,Vanuatu,male,69,5,48,48,2,4,11,8.62
1532652,119,Fiji,male,116,10,112,112,10,3,20,6.21
1532652,165,Philippines,male,117,6,110,110,11,1,9,6.38
1532653,132,Indonesia,male,92,9,114,114,6,1,4,4.84
1532653,163,Papua New Guinea,male,130,7,120,120,8,4,9,6.5
1532654,110,Cook Islands,male,94,7,120,120,9,2,7,4.7
1532654,139,Japan,male,90,10,113,113,6,0,7,4.78
1532655,132,Indonesia,male,101,9,120,120,5,4,10,5.05
1532655,196,Vanuatu,male,102,9,120,120,4,3,4,5.1
1532656,139,Japan,male,82,1,67,67,8,1,5,7.34
1532656,170,Samoa,male,81,10,113,113,5,2,5,4.3
1532657,165,Philippines,male,94,8,120,120,10,0,7,4.7
1532657,179,South Korea,male,95,2,80,80,8,4,11,7.12
1532658,119,Fiji,male,107,7,120,120,8,3,10,5.35
1532658,179,South Korea,male,109,3,86,86,8,5,13,7.6
1532659,110,Cook Islands,male,128,6,96,96,8,6,5,8.0
1532659,132,Indonesia,male,78,6,96,96,5,0,4,4.88
1532660,163,Papua New Guinea,male,207,5,120,120,11,14,0,10.35
1532660,196,Vanuatu,male,60,10,86,86,6,2,1,4.19
1532662,110,Cook Islands,male,75,10,115,115,2,3,7,3.91
1532662,170,Samoa,male,79,1,68,68,8,3,7,6.97
1532663,139,Japan,male,121,7,120,120,7,4,1,6.05
1532663,163,Papua New Guinea,male,95,8,120,120,6,2,5,4.75
1533385,93,Austria,male,146,10,91,91,12,10,8,9.63
1533385,123,Germany,male,308,1,120,120,28,20,19,15.4
1533386,93,Austria,male,163,7,120,120,9,12,11,8.15
1533386,123,Germany,male,165,6,99,99,7,15,13,10.0
1533387,93,Austria,male,212,3,95,95,13,18,12,13.39
1533387,123,Germany,male,211,9,120,120,18,12,10,10.55
1533389,93,Austria,male,213,9,120,120,16,12,15,10.65
1533389,123,Germany,male,216,5,114,114,20,10,9,11.37
1533390,132,Indonesia,male,87,6,120,120,5,0,18,4.35
1533390,146,Malaysia,male,88,4,64,64,7,4,4,8.25
1533391,132,Indonesia,male,125,7,120,120,8,5,17,6.25
1533391,146,Malaysia,male,137,9,120,120,10,1,13,6.85
1533392,132,Indonesia,male,82,6,120,120,2,0,20,4.1
1533392,146,Malaysia,male,186,5,120,120,10,11,7,9.3
1533393,132,Indonesia,male,73,9,120,120,3,0,10,3.65
1533393,146,Malaysia,male,74,5,91,91,3,2,5,4.88
1533394,127,Guernsey,male,112,3,98,98,12,0,6,6.86
1533394,135,Isle of Man,male,110,8,120,120,7,2,3,5.5
1533395,127,Guernsey,male,198,6,120,120,22,4,9,9.9
1533395,135,Isle of Man,male,158,4,120,120,15,3,4,7.9
1533396,127,Guernsey,male,27,0,9,9,6,0,0,18.0
1533396,135,Isle of Man,male,0,0,0,0,0,0,0,0.0
1533397,113,Cyprus,male,165,3,120,120,11,6,10,8.25
1533397,120,Finland,male,139,10,111,111,9,5,17,7.51
1533398,113,Cyprus,male,112,7,120,120,7,2,18,5.6
1533398,120,Finland,male,113,3,90,90,8,3,11,7.53
1533399,113,Cyprus,male,25,10,58,58,1,0,6,2.59
1533399,120,Finland,male,163,10,120,120,13,5,18,8.15
1533400,113,Cyprus,male,129,9,120,120,9,4,10,6.45
1533400,120,Finland,male,167,7,120,120,13,6,16,8.35
1534038,113,Cyprus,male,115,9,120,120,3,2,8,5.75
1534038,121,France,male,119,2,77,77,7,7,7,9.27
1534039,127,Guernsey,male,151,8,120,120,12,3,9,7.55
1534039,185,Sweden,male,139,10,118,118,13,5,5,7.07
1534040,140,Jersey,male,75,1,43,43,8,3,4,10.47
1534040,186,Switzerland,male,73,10,101,101,5,3,12,4.34
1534041,93,Austria,male,141,3,77,77,10,11,2,10.99
1534041,149,Malta,male,140,10,120,120,6,8,8,7.0
1534042,127,Guernsey,male,78,4,68,68,8,1,5,6.88
1534042,149,Malta,male,74,10,110,110,4,2,9,4.04
1534043,112,Croatia,male,126,10,100,100,9,6,8,7.56
1534043,121,France,male,208,4,120,120,12,14,9,10.4
1534044,93,Austria,male,165,8,112,112,15,7,5,8.84
1534044,177,Slovenia,male,164,6,120,120,12,9,7,8.2
1534045,113,Cyprus,male,120,9,120,120,8,3,6,6.0
1534045,140,Jersey,male,172,9,120,120,12,8,9,8.6
1534046,121,France,male,145,10,116,116,12,8,3,7.5
1534046,140,Jersey,male,148,2,95,95,13,7,3,9.35
1534047,177,Slovenia,male,133,6,120,120,6,3,13,6.65
1534047,185,Sweden,male,136,3,86,86,14,5,2,9.49
1534048,112,Croatia,male,199,2,120,120,16,10,8,9.95
1534048,186,Switzerland,male,183,8,120,120,16,8,14,9.15
1534049,93,Austria,male,150,10,106,106,10,10,7,8.49
1534049,127,Guernsey,male,196,7,120,120,16,10,4,9.8
1534050,127,Guernsey,male,103,6,85,85,11,2,4,7.27
1534050,177,Slovenia,male,99,10,118,118,5,5,8,5.03
1534051,113,Cyprus,male,130,10,115,115,9,5,16,6.78
1534051,186,Switzerland,male,155,9,120,120,10,7,11,7.75
1534052,149,Malta,male,182,4,114,114,14,6,29,9.58
1534052,185,Sweden,male,181,8,120,120,15,7,19,9.05
1534053,112,Croatia,male,171,10,117,117,12,11,18,8.77
1534053,140,Jersey,male,280,3,120,120,14,24,5,14.0
1534054,121,France,male,149,7,120,120,11,4,2,7.45
1534054,186,Switzerland,male,141,9,120,120,16,5,10,7.05
1534055,93,Austria,male,148,10,118,118,7,10,10,7.53
1534055,185,Sweden,male,149,7,117,117,10,6,15,7.64
1534056,112,Croatia,male,147,9,120,120,12,5,14,7.35
1534056,113,Cyprus,male,140,6,120,120,12,1,19,7.0
1534057,149,Malta,male,69,1,33,33,5,6,6,12.55
1534057,177,Slovenia,male,68,10,102,102,4,1,7,4.0
1534058,121,France,male,134,10,118,118,10,3,7,6.81
1534058,185,Sweden,male,139,4,109,109,9,6,8,7.65
1534059,149,Malta,male,139,10,120,120,10,6,13,6.95
1534059,186,Switzerland,male,145,7,117,117,9,8,4,7.44
1534060,93,Austria,male,164,5,101,101,9,14,8,9.74
1534060,112,Croatia,male,160,6,120,120,8,5,23,8.0
1534061,127,Guernsey,male,139,5,120,120,8,6,9,6.95
1534061,140,Jersey,male,140,6,108,108,5,11,3,7.78
1534065,22,Denmark,female,119,7,120,120,5,0,22,5.95
1534065,32,Greece,female,122,6,120,120,5,2,30,6.1
1534066,22,Denmark,female,138,7,120,120,9,2,28,6.9
1534066,32,Greece,female,67,10,90,90,0,0,25,4.47
1534067,22,Denmark,female,102,3,99,99,7,0,15,6.18
1534067,32,Greece,female,98,9,122,122,6,0,20,4.82
1534068,22,Denmark,female,87,3,77,77,2,1,17,6.78
1534068,32,Greece,female,86,10,120,120,3,1,16,4.3
1534074,62,Pakistan,female,237,5,120,120,31,6,13,11.85
1534074,90,Zimbabwe,female,84,10,110,110,8,0,17,4.58
1534075,62,Pakistan,female,170,4,120,120,19,4,13,8.5
1534075,90,Zimbabwe,female,103,8,120,120,13,1,8,5.15
1534076,62,Pakistan,female,223,4,120,120,32,3,14,11.15
1534076,90,Zimbabwe,female,90,10,103,103,14,1,4,5.24
1534321,16,China,female,65,10,103,103,2,0,11,3.79
1534321,47,Malaysia,female,91,8,120,120,4,0,18,4.55
1534322,34,Hong Kong,female,136,4,120,120,11,1,12,6.8
1534322,47,Malaysia,female,105,5,120,120,10,1,9,5.25
1534323,16,China,female,85,10,110,110,6,0,9,4.64
1534323,47,Malaysia,female,85,8,119,119,2,0,10,4.29
1534324,16,China,female,110,8,120,120,6,1,8,5.5
1534324,34,Hong Kong,female,119,3,120,120,12,0,7,5.95
1534325,34,Hong Kong,female,134,2,120,120,11,1,8,6.7
1534325,47,Malaysia,female,46,10,102,102,0,0,10,2.71
1534326,16,China,female,80,7,120,120,3,0,17,4.0
1534326,34,Hong Kong,female,141,4,120,120,11,2,12,7.05
1534327,34,Hong Kong,female,114,4,120,120,9,0,6,5.7
1534327,47,Malaysia,female,86,10,113,113,4,0,5,4.57
1534590,103,Bulgaria,male,133,6,120,120,4,7,13,6.65
1534590,168,Romania,male,164,10,116,116,17,2,17,8.48
1534591,103,Bulgaria,male,153,4,90,90,16,4,7,10.2
1534591,168,Romania,male,191,3,90,90,11,14,16,12.73
1534592,103,Bulgaria,male,58,3,30,30,2,4,7,11.6
1534592,168,Romania,male,198,3,102,102,21,8,25,11.65
1534594,103,Bulgaria,male,124,9,120,120,9,3,10,6.2
1534594,168,Romania,male,154,9,120,120,11,3,12,7.7
1535413,105,Cameroon,male,107,7,120,120,5,3,12,5.35
1535413,169,Rwanda,male,108,3,112,112,6,1,13,5.79
1535414,101,Botswana,male,166,5,120,120,12,6,7,8.3
1535414,175,Sierra Leone,male,96,7,120,120,6,2,9,4.8
1535415,141,Kenya,male,247,5,122,122,16,13,20,12.15
1535415,148,Mali,male,75,10,115,115,5,2,22,3.91
1535416,138,Ivory Coast,male,17,10,92,92,0,0,1,1.11
1535416,169,Rwanda,male,288,2,120,120,19,19,29,14.4
1535417,101,Botswana,male,25,0,14,14,3,0,2,10.71
1535417,148,Mali,male,24,10,58,58,3,0,1,2.48
1535418,105,Cameroon,male,67,9,94,94,9,0,3,4.28
1535418,175,Sierra Leone,male,64,10,73,73,1,3,15,5.26
1535419,141,Kenya,male,101,9,120,120,8,3,7,5.05
1535419,169,Rwanda,male,102,8,105,105,9,5,6,5.83
1535420,101,Botswana,male,149,5,120,120,9,4,23,7.45
1535420,105,Cameroon,male,78,8,120,120,4,3,8,3.9
1535421,138,Ivory Coast,male,78,5,120,120,3,0,19,3.9
1535421,148,Mali,male,79,4,81,81,5,1,13,5.85
1535422,148,Mali,male,49,10,109,109,3,2,3,2.7
1535422,169,Rwanda,male,53,2,32,32,5,2,6,9.94
1535423,141,Kenya,male,135,5,120,120,10,2,10,6.75
1535423,175,Sierra Leone,male,97,9,120,120,4,2,8,4.85
1535424,105,Cameroon,male,183,8,120,120,11,3,33,9.15
1535424,138,Ivory Coast,male,31,10,104,104,1,0,10,1.79
1535425,101,Botswana,male,255,3,120,120,23,6,27,12.75
1535425,138,Ivory Coast,male,24,10,51,51,2,0,6,2.82
1535426,169,Rwanda,male,89,2,90,90,7,1,7,5.93
1535426,175,Sierra Leone,male,88,10,117,117,6,2,13,4.51
1535427,105,Cameroon,male,42,10,66,66,3,1,7,3.82
1535427,141,Kenya,male,43,0,14,14,1,3,14,18.43
1535428,105,Cameroon,male,159,6,120,120,7,3,35,7.95
1535428,148,Mali,male,69,10,97,97,7,0,14,4.27
1535429,138,Ivory Coast,male,53,8,120,120,1,0,12,2.65
1535429,175,Sierra Leone,male,54,1,32,32,5,1,10,10.12
1535430,101,Botswana,male,131,8,120,120,9,4,9,6.55
1535430,141,Kenya,male,193,3,120,120,16,10,6,9.65
1535431,148,Mali,male,97,9,120,120,3,2,10,4.85
1535431,175,Sierra Leone,male,99,4,73,73,11,0,9,8.14
1535432,138,Ivory Coast,male,18,10,75,75,2,0,4,1.44
1535432,141,Kenya,male,19,1,10,10,3,0,3,11.4
1535433,101,Botswana,male,115,8,120,120,8,4,6,5.75
1535433,169,Rwanda,male,117,8,120,120,8,4,3,5.85
1535591,57,Netherlands,female,141,8,120,120,19,0,9,7.05
1535591,71,Scotland,female,144,1,89,89,21,1,10,9.71
1535592,5,Bangladesh,female,133,5,120,120,12,2,8,6.65
1535592,71,Scotland,female,134,2,94,94,14,3,6,8.55
1535593,5,Bangladesh,female,154,8,120,120,14,1,6,7.7
1535593,57,Netherlands,female,162,5,120,120,21,0,11,8.1
1535594,5,Bangladesh,female,152,6,120,120,16,3,9,7.6
1535594,71,Scotland,female,118,10,114,114,12,1,4,6.21
1535595,57,Netherlands,female,80,6,60,60,7,2,3,8.0
1535595,71,Scotland,female,124,3,72,72,16,2,1,10.33
1535596,5,Bangladesh,female,98,3,48,48,13,2,11,12.25
1535596,57,Netherlands,female,85,5,48,48,11,1,2,10.62
1536399,34,Hong Kong,female,81,7,120,120,3,0,8,4.05
1536399,82,Thailand,female,170,1,120,120,14,0,18,8.5
1536400,16,China,female,83,7,119,119,4,0,14,4.18
1536400,36,Indonesia,female,82,9,120,120,6,0,6,4.1
1536401,47,Malaysia,female,82,7,120,120,8,0,2,4.1
1536401,82,Thailand,female,85,3,75,75,10,0,4,6.8
1536402,16,China,female,106,5,120,120,6,0,17,5.3
1536402,56,Nepal,female,125,5,120,120,11,0,9,6.25
1536403,34,Hong Kong,female,69,10,110,110,3,0,6,3.76
1536403,47,Malaysia,female,103,6,120,120,6,0,10,5.15
1536404,36,Indonesia,female,113,4,120,120,7,0,17,5.65
1536404,56,Nepal,female,114,6,117,117,14,0,6,5.85
1536405,16,China,female,53,10,119,119,1,0,7,2.67
1536405,82,Thailand,female,137,3,120,120,9,0,10,6.85
1536406,47,Malaysia,female,127,8,112,112,17,1,10,6.8
1536406,56,Nepal,female,126,6,120,120,11,1,2,6.3
1536407,16,China,female,45,5,42,42,4,0,7,6.43
1536407,56,Nepal,female,50,5,42,42,2,1,3,7.14
1536408,47,Malaysia,female,54,10,100,100,2,0,7,3.24
1536408,82,Thailand,female,56,1,64,64,4,1,2,5.25
1536409,47,Malaysia,female,67,10,101,101,6,1,15,3.98
1536409,56,Nepal,female,71,8,105,105,7,0,4,4.06
1536410,47,Malaysia,female,82,9,120,120,6,0,10,4.1
1536410,56,Nepal,female,83,3,96,96,6,0,5,5.19
1536612,43,Kuwait,female,93,7,120,120,7,0,6,4.65
1536612,47,Malaysia,female,102,7,120,120,4,0,13,5.1
1536613,70,Saudi Arabia,female,27,10,93,93,2,0,5,1.74
1536613,85,United Arab Emirates,female,30,0,5,5,3,1,11,36.0
1536614,52,Mongolia,female,19,10,56,56,1,0,7,2.04
1536614,82,Thailand,female,21,0,14,14,4,0,0,9.0
1536615,56,Nepal,female,78,2,65,65,9,0,8,7.2
1536615,66,Qatar,female,76,10,101,101,5,1,14,4.51
1536616,4,Bahrain,female,64,10,119,119,2,0,12,3.23
1536616,54,Myanmar,female,65,2,76,76,3,0,10,5.13
1536617,16,China,female,89,10,112,112,6,1,2,4.77
1536617,61,Oman,female,105,7,120,120,9,0,8,5.25
1536618,36,Indonesia,female,83,2,65,65,10,1,11,7.66
1536618,74,Singapore,female,82,7,120,120,7,0,11,4.1
1536619,8,Bhutan,female,119,6,120,120,13,0,8,5.95
1536619,34,Hong Kong,female,133,3,120,120,16,1,17,6.65
1536620,47,Malaysia,female,120,6,120,120,7,0,8,6.0
1536620,74,Singapore,female,80,6,120,120,3,0,5,4.0
1536621,4,Bahrain,female,40,10,82,82,5,0,9,2.93
1536621,82,Thailand,female,41,0,21,21,5,1,2,11.71
1536622,61,Oman,female,64,9,120,120,1,0,8,3.2
1536622,85,United Arab Emirates,female,66,1,40,40,6,4,2,9.9
1536623,8,Bhutan,female,62,8,120,120,7,0,3,3.1
1536623,56,Nepal,female,113,10,120,120,14,0,12,5.65
1536624,40,Japan,female,188,4,120,120,17,1,27,9.4
1536624,52,Mongolia,female,72,8,120,120,5,0,16,3.6
1536625,64,Philippines,female,203,5,120,120,28,1,25,10.15
1536625,70,Saudi Arabia,female,70,9,120,120,4,0,26,3.5
1536626,36,Indonesia,female,61,0,53,53,9,0,0,6.91
1536626,43,Kuwait,female,60,9,120,120,4,0,8,3.0
1536627,34,Hong Kong,female,164,3,120,120,16,2,14,8.2
1536627,66,Qatar,female,81,10,104,104,6,0,15,4.67
1536628,36,Indonesia,female,88,4,109,109,2,0,11,4.84
1536628,47,Malaysia,female,87,6,120,120,6,0,10,4.35
1536629,16,China,female,104,2,81,81,13,0,9,7.7
1536629,64,Philippines,female,103,6,120,120,10,0,7,5.15
1536630,40,Japan,female,106,4,120,120,8,0,8,5.3
1536630,54,Myanmar,female,94,7,120,120,6,0,13,4.7
1536631,8,Bhutan,female,100,5,111,111,9,0,14,5.41
1536631,66,Qatar,female,99,7,120,120,7,0,10,4.95
1536632,4,Bahrain,female,97,10,110,110,12,0,11,5.29
1536632,52,Mongolia,female,98,7,87,87,5,0,24,6.76
1536633,61,Oman,female,39,0,20,20,2,2,2,11.7
1536633,70,Saudi Arabia,female,38,10,82,82,3,0,10,2.78
1536634,43,Kuwait,female,97,0,92,92,10,0,11,6.33
1536634,74,Singapore,female,94,6,120,120,8,1,4,4.7
1536635,34,Hong Kong,female,109,3,120,120,8,1,3,5.45
1536635,56,Nepal,female,40,10,81,81,5,0,3,2.96
1536636,54,Myanmar,female,32,9,102,102,0,0,4,1.88
1536636,82,Thailand,female,33,0,19,19,5,0,3,10.42
1536637,16,China,female,29,5,30,30,2,0,2,5.8
1536637,85,United Arab Emirates,female,47,3,30,30,3,1,5,9.4
1536638,4,Bahrain,female,94,3,120,120,3,1,18,4.7
1536638,40,Japan,female,142,5,120,120,7,0,18,7.1
1536639,61,Oman,female,141,6,120,120,13,0,20,7.05
1536639,64,Philippines,female,97,8,120,120,7,2,3,4.85
1536640,40,Japan,female,84,10,120,120,4,1,7,4.2
1536640,82,Thailand,female,126,6,120,120,12,0,7,6.3
1536641,52,Mongolia,female,80,9,120,120,7,0,3,4.0
1536641,54,Myanmar,female,182,1,120,120,20,1,20,9.1
1536642,64,Philippines,female,51,10,73,73,7,0,3,4.19
1536642,85,United Arab Emirates,female,200,5,120,120,25,1,13,10.0
1536643,16,China,female,24,2,16,16,2,0,2,9.0
1536643,70,Saudi Arabia,female,39,7,120,120,1,0,15,1.95
1536644,56,Nepal,female,74,7,120,120,7,0,1,3.7
1536644,82,Thailand,female,130,4,120,120,9,0,13,6.5
1536645,34,Hong Kong,female,140,5,120,120,12,0,8,7.0
1536645,40,Japan,female,99,10,115,115,8,1,4,5.17
1536646,47,Malaysia,female,86,5,120,120,5,0,7,4.3
1536646,85,United Arab Emirates,female,138,2,120,120,11,1,8,6.9
1536647,36,Indonesia,female,137,7,120,120,13,1,8,6.85
1536647,61,Oman,female,24,10,71,71,0,0,14,2.03
1536648,36,Indonesia,female,66,10,112,112,4,0,2,3.54
1536648,82,Thailand,female,67,4,72,72,7,0,2,5.58
1536649,34,Hong Kong,female,56,10,87,87,5,0,3,3.86
1536649,85,United Arab Emirates,female,57,0,42,42,8,0,3,8.14
1536650,34,Hong Kong,female,107,7,120,120,11,0,10,5.35
1536650,36,Indonesia,female,108,4,111,111,8,0,13,5.84
1536651,82,Thailand,female,96,4,109,109,5,0,3,5.28
1536651,85,United Arab Emirates,female,95,9,120,120,7,0,6,4.75
1538211,143,Lesotho,male,107,10,93,93,16,0,10,6.9
1538211,152,Mozambique,male,217,6,120,120,20,12,15,10.85
1538213,118,Eswatini,male,131,5,120,120,9,5,9,6.55
1538213,152,Mozambique,male,133,5,87,87,15,7,6,9.17
1538214,143,Lesotho,male,178,3,120,120,19,9,8,8.9
1538214,152,Mozambique,male,200,5,120,120,22,8,15,10.0
1538215,118,Eswatini,male,93,3,49,49,15,2,6,11.39
1538215,143,Lesotho,male,91,10,84,84,10,0,22,6.5
1538216,118,Eswatini,male,191,7,117,117,18,11,10,9.79
1538216,152,Mozambique,male,190,7,120,120,26,6,13,9.5
1538217,143,Lesotho,male,160,8,120,120,19,5,12,8.0
1538217,152,Mozambique,male,209,2,120,120,23,8,16,10.45
1538218,118,Eswatini,male,203,5,120,120,24,7,11,10.15
1538218,143,Lesotho,male,221,6,120,120,22,11,23,11.05
1538219,118,Eswatini,male,195,4,103,103,17,14,11,11.36
1538219,152,Mozambique,male,191,8,120,120,18,9,19,9.55
1538301,96,Bangladesh,male,138,10,114,114,13,3,8,7.26
1538301,199,Zimbabwe,male,170,6,120,120,16,5,12,8.5
1538302,96,Bangladesh,male,186,5,120,120,19,8,9,9.3
1538302,199,Zimbabwe,male,152,10,118,118,13,5,5,7.73
1538303,96,Bangladesh,male,144,6,118,118,6,7,11,7.32
1538303,199,Zimbabwe,male,143,7,120,120,16,2,4,7.15
1538307,181,Sri Lanka,male,147,9,120,120,11,6,8,7.35
1538307,197,West Indies,male,149,3,116,116,9,8,4,7.71
1538308,181,Sri Lanka,male,194,6,120,120,12,11,11,9.7
1538308,197,West Indies,male,157,10,109,109,11,10,5,8.64
1538309,181,Sri Lanka,male,169,10,120,120,15,8,5,8.45
1538309,197,West Indies,male,170,5,118,118,7,13,13,8.64
1538440,109,China,male,92,10,116,116,5,4,16,4.76
1538440,155,Nepal,male,313,2,120,120,19,29,19,15.65
1538442,160,Oman,male,149,7,90,90,13,6,23,9.93
1538442,176,Singapore,male,143,6,90,90,11,6,10,9.53
1538443,95,Bahrain,male,173,9,120,120,14,8,12,8.65
1538443,128,Hong Kong,male,175,2,96,96,14,8,14,10.94
1538445,109,China,male,84,9,120,120,3,1,20,4.2
1538445,146,Malaysia,male,85,1,47,47,11,3,13,10.85
1538446,95,Bahrain,male,164,5,120,120,13,7,12,8.2
1538446,160,Oman,male,184,4,120,120,15,9,16,9.2
1538447,128,Hong Kong,male,64,1,39,39,7,2,11,9.85
1538447,176,Singapore,male,61,10,75,75,6,1,11,4.88
1538449,146,Malaysia,male,108,9,120,120,11,3,3,5.4
1538449,155,Nepal,male,275,7,120,120,22,22,8,13.75
1538450,95,Bahrain,male,212,8,120,120,13,17,15,10.6
1538450,176,Singapore,male,210,6,120,120,12,11,15,10.5
1538451,128,Hong Kong,male,287,1,120,120,26,19,8,14.35
1538451,160,Oman,male,133,8,120,120,15,6,3,6.65
1538452,155,Nepal,male,95,2,56,56,12,2,9,10.18
1538452,160,Oman,male,94,10,118,118,12,3,3,4.78
1538453,128,Hong Kong,male,120,4,110,110,9,7,4,6.55
1538453,146,Malaysia,male,114,9,120,120,8,5,7,5.7
1538454,146,Malaysia,male,91,2,60,60,8,5,1,9.1
1538454,160,Oman,male,90,10,116,116,6,2,17,4.66
1538455,128,Hong Kong,male,188,7,120,120,16,11,6,9.4
1538455,155,Nepal,male,114,2,69,69,12,4,5,9.91
1538634,43,Kuwait,female,93,3,116,116,8,0,12,4.81
1538634,54,Myanmar,female,92,6,120,120,6,1,18,4.6
1538635,43,Kuwait,female,92,7,120,120,8,0,13,4.6
1538635,54,Myanmar,female,112,5,120,120,7,0,17,5.6
1538636,4,Bahrain,female,86,8,120,120,10,0,6,4.3
1538636,61,Oman,female,87,1,57,57,8,0,15,9.16
1538637,4,Bahrain,female,29,7,120,120,0,0,12,1.45
1538637,61,Oman,female,147,5,120,120,5,0,29,7.35
1539464,159,Norway,male,137,9,120,120,4,8,11,6.85
1539464,185,Sweden,male,138,5,107,107,14,3,12,7.74
1539465,93,Austria,male,86,10,105,105,4,4,7,4.91
1539465,120,Finland,male,89,4,91,91,8,3,7,5.87
1539466,120,Finland,male,108,9,111,111,7,4,12,5.84
1539466,185,Sweden,male,107,10,117,117,4,5,11,5.49
1539467,93,Austria,male,72,9,94,94,5,1,9,4.6
1539467,159,Norway,male,150,8,120,120,17,5,8,7.5
1539468,120,Finland,male,177,7,120,120,16,6,14,8.85
1539468,159,Norway,male,142,9,120,120,8,4,11,7.1
1539469,93,Austria,male,90,10,90,90,10,3,6,6.0
1539469,185,Sweden,male,165,6,120,120,15,3,10,8.25
1539470,93,Austria,male,79,2,70,70,2,6,8,6.77
1539470,159,Norway,male,119,8,108,108,8,2,11,6.61
1539471,120,Finland,male,116,10,89,89,12,1,6,7.82
1539471,185,Sweden,male,117,1,67,67,10,3,10,10.48
1539472,115,Denmark,male,116,9,120,120,8,3,8,5.8
1539472,123,Germany,male,117,8,120,120,6,7,2,5.85
1539473,115,Denmark,male,192,3,115,115,15,11,6,10.02
1539473,123,Germany,male,187,7,120,120,15,10,4,9.35
1539474,115,Denmark,male,148,5,116,116,13,5,5,7.66
1539474,123,Germany,male,146,9,120,120,10,4,13,7.3
1539475,115,Denmark,male,144,5,113,113,11,4,6,7.65
1539475,123,Germany,male,141,9,120,120,8,4,3,7.05
1539476,144,Luxembourg,male,197,4,94,94,23,7,18,12.57
1539476,173,Serbia,male,196,6,120,120,17,12,15,9.8
1539477,114,Czech Republic,male,164,8,120,120,11,8,13,8.2
1539477,144,Luxembourg,male,168,8,114,114,19,4,9,8.84
1539479,144,Luxembourg,male,163,2,79,79,15,4,28,12.38
1539479,173,Serbia,male,162,7,120,120,20,2,15,8.1
1539480,114,Czech Republic,male,224,8,120,120,21,11,15,11.2
1539480,144,Luxembourg,male,187,8,120,120,17,6,13,9.35
1539491,46,Malawi,female,46,10,63,63,5,0,7,4.38
1539491,59,Nigeria,female,98,8,120,120,6,0,19,4.9
1539493,10,Brazil,female,112,3,110,110,11,0,11,6.11
1539493,59,Nigeria,female,111,6,120,120,10,2,10,5.55
1539494,46,Malawi,female,108,5,120,120,14,1,12,5.4
1539494,68,Rwanda,female,174,6,120,120,19,2,17,8.7
1539496,59,Nigeria,female,104,6,120,120,6,1,5,5.2
1539496,68,Rwanda,female,106,10,119,119,13,3,4,5.34
1539497,10,Brazil,female,124,8,120,120,11,2,15,6.2
1539497,46,Malawi,female,82,9,120,120,6,0,12,4.1
1539500,10,Brazil,female,121,10,117,117,12,1,16,6.21
1539500,68,Rwanda,female,179,6,120,120,24,2,18,8.95
1539501,46,Malawi,female,48,10,90,90,7,0,6,3.2
1539501,59,Nigeria,female,49,5,54,54,4,0,10,5.44
1539503,10,Brazil,female,120,3,112,112,11,2,2,6.43
1539503,59,Nigeria,female,117,5,120,120,8,0,6,5.85
1539504,46,Malawi,female,87,7,120,120,10,0,12,4.35
1539504,68,Rwanda,female,155,5,120,120,12,3,12,7.75
1539506,10,Brazil,female,87,7,120,120,5,0,10,4.35
1539506,46,Malawi,female,76,8,120,120,9,0,7,3.8
1539507,10,Brazil,female,128,8,120,120,11,1,10,6.4
1539507,68,Rwanda,female,128,5,120,120,14,0,11,6.4
1539509,59,Nigeria,female,120,9,120,120,15,0,4,6.0
1539509,68,Rwanda,female,131,8,120,120,16,1,10,6.55
1539510,10,Brazil,female,85,10,120,120,7,0,11,4.25
1539510,59,Nigeria,female,86,8,116,116,4,0,8,4.45
1539512,45,Luxembourg,female,118,3,120,120,11,0,29,5.9
1539512,60,Norway,female,131,6,120,120,5,0,37,6.55
1539513,21,Czech Republic,female,69,0,39,39,9,0,17,10.62
1539513,45,Luxembourg,female,68,10,113,113,0,0,33,3.61
1539514,21,Czech Republic,female,150,4,120,120,16,0,27,7.5
1539514,60,Norway,female,117,10,105,105,9,0,28,6.69
1539515,45,Luxembourg,female,132,5,120,120,12,0,24,6.6
1539515,60,Norway,female,177,4,121,121,17,0,30,8.78
1539516,21,Czech Republic,female,91,2,65,65,4,1,9,8.4
1539516,45,Luxembourg,female,90,7,120,120,3,0,26,4.5
1539517,21,Czech Republic,female,127,4,114,114,8,0,28,6.68
1539517,60,Norway,female,126,10,117,117,5,0,32,6.46
1539583,33,Guernsey,female,60,10,107,107,3,0,12,3.36
1539583,41,Jersey,female,160,7,120,120,17,1,18,8.0
1539584,33,Guernsey,female,88,7,120,120,8,0,14,4.4
1539584,41,Jersey,female,188,5,120,120,24,1,21,9.4
1539730,94,Bahamas,male,15,1,15,15,1,0,6,6.0
1539730,99,Bermuda,male,0,0,0,0,0,0,0,0.0
1539731,98,Belize,male,45,7,72,72,0,1,10,3.75
1539731,99,Bermuda,male,48,0,32,32,6,1,0,9.0
1539732,102,Brazil,male,86,8,120,120,7,1,4,4.3
1539732,162,Panama,male,155,4,120,120,13,6,8,7.75
1539733,94,Bahamas,male,114,5,120,120,10,4,6,5.7
1539733,162,Panama,male,115,6,101,101,9,4,12,6.83
1539734,98,Belize,male,134,2,107,107,9,2,19,7.51
1539734,102,Brazil,male,133,9,120,120,9,3,16,6.65
1539735,99,Bermuda,male,73,0,27,27,3,9,0,16.22
1539735,162,Panama,male,69,10,113,113,5,0,9,3.66
1539736,94,Bahamas,male,113,4,109,109,12,0,12,6.22
1539736,102,Brazil,male,111,10,120,120,7,0,16,5.55
1539737,94,Bahamas,male,143,6,120,120,10,5,16,7.15
1539737,98,Belize,male,121,9,120,120,4,6,6,6.05
1539738,99,Bermuda,male,220,4,120,120,13,18,7,11.0
1539738,102,Brazil,male,74,10,96,96,4,2,15,4.62
1539739,128,Hong Kong,male,127,2,98,98,11,4,8,7.78
1539739,158,Nigeria,male,126,10,118,118,12,1,12,6.41
1539740,128,Hong Kong,male,126,10,115,115,10,4,5,6.57
1539740,154,Namibia,male,127,3,109,109,3,7,4,6.99
1539741,154,Namibia,male,194,3,120,120,10,11,10,9.7
1539741,158,Nigeria,male,104,10,96,96,11,2,7,6.5
1539742,128,Hong Kong,male,77,4,88,88,5,1,1,5.25
1539742,158,Nigeria,male,76,10,90,90,4,2,6,5.07
1539743,128,Hong Kong,male,200,6,120,120,14,11,15,10.0
1539743,154,Namibia,male,230,6,120,120,12,14,16,11.5
1539744,154,Namibia,male,220,5,120,120,12,14,11,11.0
1539744,158,Nigeria,male,127,9,120,120,6,6,1,6.35
1540308,97,Belgium,male,180,4,120,120,12,13,6,9.0
1540308,168,Romania,male,160,8,120,120,13,5,14,8.0
1540309,168,Romania,male,192,7,120,120,17,7,22,9.6
1540309,186,Switzerland,male,195,6,116,116,18,9,16,10.09
1540310,129,Hungary,male,141,10,109,109,15,2,10,7.76
1540310,186,Switzerland,male,145,7,115,115,18,1,18,7.57
1540311,129,Hungary,male,124,8,120,120,9,4,16,6.2
1540311,168,Romania,male,125,5,94,94,13,2,21,7.98
1540312,97,Belgium,male,232,4,120,120,24,9,23,11.6
1540312,129,Hungary,male,222,7,120,120,22,12,8,11.1
1540313,97,Belgium,male,184,8,120,120,19,8,16,9.2
1540313,186,Switzerland,male,168,7,120,120,11,8,10,8.4
1540314,97,Belgium,male,211,5,120,120,18,12,12,10.55
1540314,129,Hungary,male,124,10,99,99,11,2,17,7.52
1540315,168,Romania,male,229,3,120,120,17,15,13,11.45
1540315,186,Switzerland,male,178,6,120,120,14,11,8,8.9
1540316,97,Belgium,male,184,8,120,120,20,6,10,9.2
1540316,168,Romania,male,176,9,120,120,12,6,20,8.8
1540317,166,Portugal,male,169,8,120,120,20,5,5,8.45
1540317,185,Sweden,male,157,8,120,120,9,7,10,7.85
1540318,166,Portugal,male,144,3,106,106,15,1,12,8.15
1540318,185,Sweden,male,143,9,120,120,11,4,14,7.15
1540319,166,Portugal,male,156,7,120,120,20,1,8,7.8
1540319,185,Sweden,male,156,10,120,120,13,6,4,7.8
1540322,20,Cyprus,female,95,10,119,119,1,0,27,4.79
1540322,50,Malta,female,71,10,111,111,0,0,31,3.84
1540323,20,Cyprus,female,126,4,120,120,4,0,31,6.3
1540323,50,Malta,female,44,10,85,85,0,0,19,3.11
1540324,20,Cyprus,female,40,5,56,56,1,0,12,4.29
1540324,50,Malta,female,39,10,84,84,0,0,18,2.79
1540326,20,Cyprus,female,81,9,120,120,1,0,25,4.05
1540326,50,Malta,female,30,10,92,92,0,0,15,1.96
1540543,62,Pakistan,female,176,7,120,120,24,3,10,8.8
1540543,78,Sri Lanka,female,177,4,114,114,24,3,7,9.32
1540544,62,Pakistan,female,175,5,120,120,23,4,5,8.75
1540544,78,Sri Lanka,female,178,4,106,106,26,5,5,10.08
1540545,62,Pakistan,female,115,6,110,110,16,1,0,6.27
1540545,78,Sri Lanka,female,113,6,120,120,10,0,5,5.65
1540948,22,Denmark,female,114,6,120,120,8,0,29,5.7
1540948,80,Switzerland,female,70,10,87,87,3,0,17,4.83
1541615,11,Bulgaria,female,106,9,120,120,5,0,40,5.3
1541615,72,Serbia,female,107,5,106,106,7,0,39,6.06
1541616,11,Bulgaria,female,138,4,120,120,11,0,42,6.9
1541616,72,Serbia,female,131,7,120,120,10,0,51,6.55
1541617,11,Bulgaria,female,115,8,120,120,5,0,39,5.75
1541617,72,Serbia,female,199,3,120,120,18,4,48,9.95
1541618,11,Bulgaria,female,117,9,120,120,6,0,40,5.85
1541618,72,Serbia,female,119,5,98,98,10,0,39,7.29
1541804,176,Singapore,male,101,3,48,48,9,6,13,12.62
1541804,195,Uzbekistan,male,49,5,48,48,2,4,3,6.12
1541805,132,Indonesia,male,247,2,120,120,17,18,20,12.35
1541805,195,Uzbekistan,male,128,5,120,120,7,9,11,6.4
1541806,176,Singapore,male,187,7,120,120,11,10,12,9.35
1541806,188,Thailand,male,99,9,120,120,9,0,26,4.95
1541807,188,Thailand,male,38,2,22,22,5,0,6,10.36
1541807,195,Uzbekistan,male,37,10,75,75,4,1,4,2.96
1541808,132,Indonesia,male,135,6,120,120,17,2,12,6.75
1541808,176,Singapore,male,258,3,120,120,17,18,18,12.9
1541809,132,Indonesia,male,227,6,120,120,26,6,37,11.35
1541809,195,Uzbekistan,male,130,6,120,120,7,7,24,6.5
1541810,176,Singapore,male,76,4,72,72,9,2,10,6.33
1541810,188,Thailand,male,73,10,91,91,4,2,13,4.81
1542988,93,Austria,male,129,2,80,80,8,8,12,9.67
1542988,129,Hungary,male,125,9,120,120,9,3,11,6.25
1542989,93,Austria,male,160,1,71,71,9,13,17,13.52
1542989,129,Hungary,male,159,6,120,120,19,3,6,7.95
1542990,93,Austria,male,322,7,120,120,24,25,24,16.1
1542990,129,Hungary,male,165,10,120,120,16,5,11,8.25
1543356,120,Finland,male,110,10,104,104,6,3,10,6.35
1543356,166,Portugal,male,142,9,120,120,9,3,11,7.1
1543358,120,Finland,male,173,6,120,120,7,8,9,8.65
1543358,166,Portugal,male,181,4,120,120,11,5,12,9.05
1543361,115,Denmark,male,180,6,120,120,14,7,10,9.0
1543361,117,Estonia,male,72,8,120,120,4,2,6,3.6
1543362,97,Belgium,male,142,3,94,94,16,5,15,9.06
1543362,125,Gibraltar,male,139,8,120,120,9,5,8,6.95
1543364,168,Romania,male,140,2,75,75,9,12,3,11.2
1543364,173,Serbia,male,136,5,120,120,11,3,6,6.8
1543365,115,Denmark,male,201,4,120,120,11,14,8,10.05
1543365,190,Turkey,male,115,9,120,120,7,7,4,5.75
1543366,117,Estonia,male,105,9,120,120,7,3,15,5.25
1543366,159,Norway,male,109,8,59,59,9,7,4,11.08
1543367,125,Gibraltar,male,124,8,120,120,9,1,8,6.2
1543367,168,Romania,male,125,9,115,115,9,3,11,6.52
1543368,117,Estonia,male,126,8,120,120,8,5,10,6.3
1543368,129,Hungary,male,132,10,118,118,6,6,11,6.71
1543369,97,Belgium,male,171,8,120,120,12,6,25,8.55
1543369,173,Serbia,male,107,10,118,118,8,1,15,5.44
1543370,159,Norway,male,97,3,55,55,11,3,1,10.58
1543370,190,Turkey,male,95,10,107,107,9,4,7,5.33
1543371,115,Denmark,male,203,5,120,120,24,8,10,10.15
1543371,159,Norway,male,149,10,106,106,15,5,9,8.43
1543372,97,Belgium,male,107,10,111,111,11,3,8,5.78
1543372,168,Romania,male,108,8,111,111,12,2,5,5.84
1543373,129,Hungary,male,164,6,120,120,15,5,12,8.2
1543373,190,Turkey,male,30,5,30,30,5,0,4,6.0
1543374,125,Gibraltar,male,143,8,116,116,14,1,14,7.4
1543374,173,Serbia,male,139,8,120,120,14,2,5,6.95
1543375,115,Denmark,male,186,3,120,120,15,8,8,9.3
1543375,129,Hungary,male,120,10,99,99,10,5,6,7.27
1543376,117,Estonia,male,118,4,80,80,11,2,6,8.85
1543376,190,Turkey,male,117,10,120,120,7,3,14,5.85
1543377,117,Estonia,male,150,4,118,118,10,4,19,7.63
1543377,173,Serbia,male,148,6,120,120,18,2,9,7.4
1543378,125,Gibraltar,male,175,6,120,120,17,3,11,8.75
1543378,159,Norway,male,199,1,120,120,16,6,10,9.95
1544120,97,Belgium,male,78,0,36,36,10,2,12,13.0
1544120,129,Hungary,male,77,10,117,117,6,1,3,3.95
1544121,115,Denmark,male,162,7,120,120,15,4,10,8.1
1544121,168,Romania,male,156,8,120,120,11,7,8,7.8
1544137,29,Germany,female,118,9,120,120,7,0,15,5.9
1544137,80,Switzerland,female,116,4,120,120,6,0,20,5.8
1544138,29,Germany,female,107,0,76,76,10,0,4,8.45
1544138,80,Switzerland,female,106,7,120,120,4,0,17,5.3
1544139,29,Germany,female,98,10,115,115,4,1,15,5.11
1544139,80,Switzerland,female,85,10,105,105,4,0,20,4.86
1544140,29,Germany,female,116,4,120,120,2,0,17,5.8
1544140,80,Switzerland,female,112,4,120,120,5,0,14,5.6
1544141,29,Germany,female,105,9,120,120,4,1,15,5.25
1544141,80,Switzerland,female,130,6,120,120,5,1,13,6.5
1544142,1,Argentina,female,75,9,112,112,4,1,6,4.02
1544142,14,Canada,female,74,4,120,120,2,0,25,3.7
1544143,1,Argentina,female,91,4,116,116,3,0,8,4.71
1544143,14,Canada,female,88,8,120,120,7,0,11,4.4
1544144,1,Argentina,female,4,2,18,18,0,0,1,1.33
1544144,14,Canada,female,0,0,0,0,0,0,0,0.0
1544145,1,Argentina,female,96,9,120,120,5,0,5,4.8
1544145,14,Canada,female,78,10,112,112,0,0,31,4.18
1544146,1,Argentina,female,71,7,60,60,2,2,10,7.1
1544146,14,Canada,female,75,2,54,54,3,2,10,8.33
1544147,1,Argentina,female,99,4,90,90,4,2,10,6.6
1544147,14,Canada,female,78,7,90,90,2,0,7,5.2
1544148,1,Argentina,female,70,8,105,105,2,1,3,4.0
1544148,14,Canada,female,67,8,120,120,1,0,14,3.35
1544599,34,Hong Kong,female,108,4,120,120,13,0,1,5.4
1544599,84,Uganda,female,112,4,113,113,16,0,6,5.95
1544600,55,Namibia,female,96,1,83,83,15,1,1,6.94
1544600,81,Tanzania,female,95,10,114,114,12,1,11,5.0
1544601,55,Namibia,female,123,7,120,120,11,4,0,6.15
1544601,84,Uganda,female,123,7,120,120,15,1,11,6.15
1544602,34,Hong Kong,female,152,3,120,120,17,2,5,7.6
1544602,81,Tanzania,female,136,5,120,120,11,0,13,6.8
1544603,81,Tanzania,female,127,8,120,120,11,2,7,6.35
1544603,84,Uganda,female,132,6,120,120,12,2,10,6.6
1544604,34,Hong Kong,female,113,7,120,120,12,0,16,5.65
1544604,55,Namibia,female,116,5,110,110,12,0,13,6.33
1544605,55,Namibia,female,100,1,82,82,11,3,6,7.32
1544605,81,Tanzania,female,96,5,120,120,6,0,15,4.8
1544606,34,Hong Kong,female,114,7,120,120,6,1,12,5.7
1544606,84,Uganda,female,115,8,106,106,10,2,6,6.51
1544607,34,Hong Kong,female,138,1,111,111,12,2,7,7.46
1544607,81,Tanzania,female,135,5,120,120,18,0,0,6.75
1544608,55,Namibia,female,148,4,113,113,14,4,11,7.86
1544608,84,Uganda,female,147,4,120,120,13,3,12,7.35
1544609,34,Hong Kong,female,120,6,120,120,14,0,19,6.0
1544609,55,Namibia,female,124,2,82,82,17,3,6,9.07
1544610,81,Tanzania,female,0,0,0,0,0,0,0,0.0
1544610,84,Uganda,female,116,2,100,100,9,3,7,6.96
1544611,34,Hong Kong,female,116,4,120,120,9,1,5,5.8
1544611,81,Tanzania,female,117,3,101,101,12,2,4,6.95
1544612,55,Namibia,female,129,6,120,120,16,0,9,6.45
1544612,84,Uganda,female,146,3,120,120,20,0,5,7.3
1545655,150,Mexico,male,122,6,120,120,7,1,21,6.1
1545655,162,Panama,male,123,5,117,117,8,6,12,6.31
1545656,102,Brazil,male,94,3,81,81,8,2,7,6.96
1545656,162,Panama,male,93,9,120,120,9,1,7,4.65
1545657,102,Brazil,male,113,7,120,120,10,0,12,5.65
1545657,150,Mexico,male,69,10,95,95,3,4,8,4.36
1545658,162,Panama,male,96,7,100,100,9,0,17,5.76
1545658,164,Peru,male,95,6,120,120,7,0,13,4.75
1545659,150,Mexico,male,180,8,120,120,14,4,28,9.0
1545659,164,Peru,male,110,6,120,120,9,2,12,5.5
1545660,120,Finland,male,131,9,120,120,6,6,8,6.55
1545660,180,Spain,male,135,2,100,100,9,6,7,8.1
1545661,136,Israel,male,69,9,120,120,4,0,4,3.45
1545661,166,Portugal,male,163,4,120,120,8,8,11,8.15
1545662,135,Isle of Man,male,118,2,102,102,11,1,6,6.94
1545662,144,Luxembourg,male,116,10,110,110,5,3,9,6.33
1545663,114,Czech Republic,male,160,7,120,120,14,7,12,8.0
1545663,123,Germany,male,221,5,120,120,16,12,16,11.05
1545664,114,Czech Republic,male,148,4,110,110,10,4,9,8.07
1545664,126,Greece,male,147,9,120,120,12,2,12,7.35
1545665,135,Isle of Man,male,108,8,120,120,5,3,11,5.4
1545665,180,Spain,male,110,3,81,81,11,5,5,8.15
1545666,123,Germany,male,140,9,120,120,9,7,3,7.0
1545666,166,Portugal,male,141,6,116,116,13,6,1,7.29
1545667,103,Bulgaria,male,140,9,114,114,8,9,2,7.37
1545667,120,Finland,male,232,9,120,120,18,12,16,11.6
1545668,123,Germany,male,95,1,45,45,15,2,1,12.67
1545668,136,Israel,male,94,10,119,119,1,3,7,4.74
1545669,103,Bulgaria,male,88,8,120,120,7,1,5,4.4
1545669,135,Isle of Man,male,177,7,120,120,13,9,4,8.85
1545670,126,Greece,male,121,10,117,117,13,4,9,6.21
1545670,166,Portugal,male,124,3,96,96,8,5,5,7.75
1545671,144,Luxembourg,male,65,10,90,90,8,0,5,4.33
1545671,180,Spain,male,206,6,120,120,14,12,6,10.3
1545672,123,Germany,male,98,3,49,49,11,4,3,12.0
1545672,126,Greece,male,96,10,110,110,8,3,1,5.24
1545673,120,Finland,male,168,9,120,120,8,7,8,8.4
1545673,144,Luxembourg,male,95,10,104,104,9,1,3,5.48
1545674,114,Czech Republic,male,154,6,120,120,7,7,16,7.7
1545674,136,Israel,male,155,3,96,96,17,1,19,9.69
1545675,103,Bulgaria,male,59,10,88,88,2,3,3,4.02
1545675,180,Spain,male,61,1,29,29,5,4,2,12.62
1545676,103,Bulgaria,male,156,6,120,120,10,2,8,7.8
1545676,144,Luxembourg,male,97,4,84,84,8,1,5,6.93
1545677,114,Czech Republic,male,24,5,53,53,2,0,0,2.72
1545677,166,Portugal,male,211,6,120,120,15,12,11,10.55
1545679,126,Greece,male,43,3,30,30,4,2,1,8.6
1545679,136,Israel,male,69,5,48,48,6,0,8,8.62
1545680,120,Finland,male,76,10,94,94,4,2,2,4.85
1545680,123,Germany,male,144,7,120,120,10,6,9,7.2
1545681,103,Bulgaria,male,158,10,119,119,7,5,26,7.97
1545681,114,Czech Republic,male,164,5,116,116,15,4,11,8.48
1545682,135,Isle of Man,male,89,1,61,61,7,5,3,8.75
1545682,136,Israel,male,88,10,110,110,5,1,3,4.8
1545683,166,Portugal,male,160,6,120,120,12,4,10,8.0
1545683,180,Spain,male,103,10,103,103,5,3,3,6.0
1546377,121,France,male,144,9,120,120,10,4,12,7.2
1546377,168,Romania,male,149,3,101,101,13,9,5,8.85
1546378,93,Austria,male,221,7,120,120,16,14,19,11.05
1546378,190,Turkey,male,94,8,120,120,4,3,16,4.7
1546379,93,Austria,male,143,7,105,105,11,9,7,8.17
1546379,168,Romania,male,142,6,120,120,14,3,6,7.1
1546380,168,Romania,male,104,0,67,67,13,2,15,9.31
1546380,190,Turkey,male,103,9,120,120,7,2,12,5.15
1546381,121,France,male,235,2,120,120,16,14,21,11.75
1546381,190,Turkey,male,90,7,120,120,10,2,5,4.5
1546382,136,Israel,male,106,7,120,120,9,1,8,5.3
1546382,168,Romania,male,107,3,61,61,13,4,9,10.52
1546383,93,Austria,male,99,3,60,60,11,6,4,9.9
1546383,136,Israel,male,96,10,116,116,5,2,17,4.97
1546384,136,Israel,male,88,10,88,88,7,0,8,6.0
1546384,190,Turkey,male,123,7,120,120,9,3,14,6.15
1546385,93,Austria,male,85,10,84,84,6,5,2,6.07
1546385,121,France,male,166,7,120,120,15,7,1,8.3
1546386,121,France,male,131,4,87,87,11,2,20,9.03
1546386,136,Israel,male,130,6,120,120,11,2,23,6.5
1546387,121,France,male,79,3,50,50,12,0,8,9.48
1546387,190,Turkey,male,75,10,100,100,6,1,12,4.5
1546388,93,Austria,male,99,10,105,105,4,4,19,5.66
1546388,168,Romania,male,102,4,70,70,14,4,7,8.74
1546389,121,France,male,166,8,120,120,16,6,12,8.3
1546389,168,Romania,male,162,7,120,120,17,7,2,8.1
1547089,169,Rwanda,male,144,3,109,109,15,5,7,7.93
1547089,198,Zambia,male,142,9,120,120,15,5,11,7.1
1547090,145,Malawi,male,151,9,120,120,14,5,15,7.55
1547090,198,Zambia,male,101,10,101,101,8,6,4,6.0
1547091,145,Malawi,male,112,8,120,120,10,3,13,5.6
1547091,169,Rwanda,male,113,5,113,113,6,2,17,6.0
1547092,169,Rwanda,male,143,8,120,120,9,6,10,7.15
1547092,198,Zambia,male,151,8,120,120,12,9,13,7.55
1547094,145,Malawi,male,101,5,78,78,8,4,16,7.77
1547094,169,Rwanda,male,75,10,75,75,5,4,6,6.0
1547095,169,Rwanda,male,130,5,120,120,9,3,21,6.5
1547095,198,Zambia,male,131,6,114,114,13,6,9,6.89
1547096,145,Malawi,male,133,9,120,120,10,5,14,6.65
1547096,198,Zambia,male,180,9,120,120,14,10,18,9.0
1547097,145,Malawi,male,101,7,120,120,8,2,8,5.05
1547097,169,Rwanda,male,102,8,108,108,16,1,8,5.67
1547107,24,Estonia,female,77,10,117,117,0,0,45,3.95
1547107,27,Finland,female,78,2,69,69,5,0,19,6.78
1547108,24,Estonia,female,63,8,120,120,1,0,33,3.15
1547108,27,Finland,female,64,1,36,36,5,1,11,10.67
1548122,95,Bahrain,male,159,4,120,120,12,6,9,7.95
1548122,141,Kenya,male,144,8,120,120,11,5,5,7.2
1548123,95,Bahrain,male,148,5,120,120,16,3,7,7.4
1548123,141,Kenya,male,149,9,120,120,17,2,9,7.45
1548522,7,Belgium,female,198,6,120,120,14,0,71,9.9
1548522,45,Luxembourg,female,172,4,120,120,7,0,55,8.6
1548523,7,Belgium,female,122,5,90,90,9,0,34,8.13
1548523,45,Luxembourg,female,139,0,77,77,8,0,45,10.83
1548524,7,Belgium,female,121,7,120,120,8,0,36,6.05
1548524,45,Luxembourg,female,122,6,112,112,8,0,38,6.54
1548525,7,Belgium,female,147,8,120,120,4,0,86,7.35
1548525,45,Luxembourg,female,194,0,120,120,8,0,54,9.7
1548658,29,Germany,female,93,6,66,66,10,1,14,8.45
1548658,79,Sweden,female,71,1,43,43,6,1,18,9.91
1548659,22,Denmark,female,74,9,108,108,1,0,16,4.11
1548659,79,Sweden,female,145,4,108,108,18,1,9,8.06
1548660,22,Denmark,female,111,8,106,106,9,0,21,6.28
1548660,29,Germany,female,109,9,120,120,3,0,17,5.45
1548661,29,Germany,female,0,0,0,0,0,0,0,0.0
1548661,79,Sweden,female,148,5,120,120,15,0,23,7.4
1548663,22,Denmark,female,82,7,120,120,4,0,16,4.1
1548663,29,Germany,female,119,9,120,120,9,0,12,5.95
1548891,34,Hong Kong,female,114,7,120,120,12,0,0,5.7
1548891,82,Thailand,female,120,9,120,120,7,2,12,6.0
1548892,78,Sri Lanka,female,80,1,47,47,12,2,2,10.21
1548892,85,United Arab Emirates,female,79,10,119,119,7,0,2,3.98
1548893,35,India,female,159,9,120,120,19,5,3,7.95
1548893,82,Thailand,female,65,10,97,97,8,0,1,4.02
1548894,5,Bangladesh,female,129,8,120,120,12,2,6,6.45
1548894,36,Indonesia,female,58,10,105,105,3,0,5,3.31
1548895,62,Pakistan,female,119,9,120,120,11,1,1,5.95
1548895,82,Thailand,female,84,8,120,120,6,0,7,4.2
1548896,36,Indonesia,female,49,10,111,111,4,0,7,2.65
1548896,78,Sri Lanka,female,124,7,120,120,8,1,7,6.2
1548897,34,Hong Kong,female,56,10,98,98,6,0,4,3.43
1548897,35,India,female,193,5,120,120,19,9,7,9.65
1548898,36,Indonesia,female,73,10,118,118,6,1,6,3.71
1548898,85,United Arab Emirates,female,75,4,79,79,11,0,1,5.7
1548899,35,India,female,57,3,52,52,6,2,2,6.58
1548899,62,Pakistan,female,55,10,109,109,6,0,3,3.03
1548900,5,Bangladesh,female,114,8,120,120,13,0,9,5.7
1548900,78,Sri Lanka,female,115,6,116,116,8,2,4,5.95
1548901,34,Hong Kong,female,71,10,114,114,8,0,4,3.74
1548901,62,Pakistan,female,143,8,120,120,13,2,13,7.15
1548902,5,Bangladesh,female,103,7,120,120,9,0,4,5.15
1548902,85,United Arab Emirates,female,69,9,120,120,4,0,3,3.45
1549194,3,Austria,female,35,10,49,49,0,0,19,4.29
1549194,83,Turkey,female,40,2,33,33,3,1,7,7.27
1549195,38,Isle of Man,female,128,7,80,80,11,2,36,9.6
1549195,67,Romania,female,127,2,120,120,6,0,25,6.35
1549196,3,Austria,female,104,8,120,120,2,0,45,5.2
1549196,33,Guernsey,female,19,10,41,41,1,0,3,2.78
1549197,32,Greece,female,52,10,90,90,1,0,13,3.47
1549197,38,Isle of Man,female,56,1,36,36,7,0,9,9.33
1549198,21,Czech Republic,female,64,10,81,81,1,0,25,4.74
1549198,83,Turkey,female,65,2,35,35,6,0,14,11.14
1549200,32,Greece,female,58,3,60,60,1,0,20,5.8
1549200,67,Romania,female,88,0,60,60,8,0,11,8.8
1549201,33,Guernsey,female,109,5,120,120,7,0,28,5.45
1549201,83,Turkey,female,126,9,120,120,9,0,43,6.3
1549202,3,Austria,female,74,5,100,100,4,0,21,4.44
1549202,21,Czech Republic,female,73,10,116,116,2,0,22,3.78
1549203,32,Greece,female,109,5,120,120,4,0,24,5.45
1549203,60,Norway,female,110,4,108,108,4,0,23,6.11
1549204,21,Czech Republic,female,123,5,120,120,11,0,21,6.15
1549204,33,Guernsey,female,125,5,112,112,11,0,17,6.7
1549205,38,Isle of Man,female,161,6,120,120,17,4,14,8.05
1549205,60,Norway,female,134,7,120,120,5,0,41,6.7
1549206,3,Austria,female,82,3,100,100,7,1,8,4.92
1549206,60,Norway,female,81,10,105,105,5,0,20,4.63
1549207,38,Isle of Man,female,117,8,120,120,10,1,33,5.85
1549207,83,Turkey,female,118,5,90,90,10,0,10,7.87
1549208,63,Papua New Guinea,female,110,5,120,120,9,3,9,5.5
1549208,82,Thailand,female,109,5,120,120,6,1,4,5.45
1549209,63,Papua New Guinea,female,87,9,120,120,5,0,8,4.35
1549209,82,Thailand,female,89,4,110,110,7,0,2,4.85
1549355,102,Brazil,male,128,7,120,120,10,2,9,6.4
1549355,162,Panama,male,125,5,120,120,8,3,17,6.25
1549394,120,Finland,male,89,6,96,96,7,1,5,5.56
1549394,123,Germany,male,137,8,108,108,12,5,10,7.61
1549524,154,Namibia,male,163,9,120,120,13,5,7,8.15
1549524,178,South Africa,male,145,9,120,120,8,6,4,7.25
1549525,178,South Africa,male,146,3,82,82,17,7,3,10.68
1549525,199,Zimbabwe,male,144,8,120,120,12,5,7,7.2
1549526,154,Namibia,male,190,10,120,120,18,8,6,9.5
1549526,199,Zimbabwe,male,195,6,120,120,18,6,9,9.75
1549527,178,South Africa,male,185,7,120,120,15,8,11,9.25
1549527,199,Zimbabwe,male,142,10,106,106,11,6,10,8.04
1549528,154,Namibia,male,156,6,120,120,13,4,6,7.8
1549528,199,Zimbabwe,male,159,5,109,109,14,5,6,8.75
1549529,154,Namibia,male,217,3,120,120,13,11,24,10.85
1549529,178,South Africa,male,228,4,120,120,14,16,8,11.4
1549530,178,South Africa,male,205,5,120,120,23,6,14,10.25
1549530,199,Zimbabwe,male,157,10,108,108,9,8,14,8.72
1551066,19,Croatia,female,99,9,120,120,2,0,33,4.95
1551066,72,Serbia,female,91,4,120,120,3,0,35,4.55
1551067,11,Bulgaria,female,63,8,120,120,0,0,30,3.15
1551067,19,Croatia,female,153,5,120,120,11,0,45,7.65
1551069,11,Bulgaria,female,90,9,120,120,5,0,35,4.5
1551069,72,Serbia,female,94,3,76,76,7,1,25,7.42
1551070,19,Croatia,female,86,3,89,89,6,0,28,5.8
1551070,72,Serbia,female,85,10,117,117,2,0,34,4.36
1551071,11,Bulgaria,female,154,5,120,120,9,0,67,7.7
1551071,72,Serbia,female,155,5,120,120,13,0,42,7.75
1551072,7,Belgium,female,105,4,120,120,5,0,37,5.25
1551072,65,Portugal,female,157,4,120,120,15,0,30,7.85
1551073,21,Czech Republic,female,87,3,77,77,6,0,18,6.78
1551073,65,Portugal,female,86,10,80,80,9,0,20,6.45
1551074,7,Belgium,female,92,9,120,120,2,0,35,4.6
1551074,21,Czech Republic,female,140,7,120,120,8,0,51,7.0
1551075,7,Belgium,female,141,6,120,120,13,0,33,7.05
1551075,65,Portugal,female,145,3,114,114,13,0,9,7.63
1551076,7,Belgium,female,52,10,80,80,2,0,17,3.9
1551076,21,Czech Republic,female,56,0,33,33,6,1,10,10.18
1551077,21,Czech Republic,female,127,4,120,120,9,1,21,6.35
1551077,65,Portugal,female,126,10,116,116,6,0,27,6.52
1551078,7,Belgium,female,106,10,119,119,5,0,36,5.34
1551078,65,Portugal,female,108,2,62,62,9,0,17,10.45
1551079,21,Czech Republic,female,70,10,90,90,6,0,22,4.67
1551079,65,Portugal,female,71,6,77,77,5,0,10,5.53
1552906,101,Botswana,male,137,7,120,120,19,1,9,6.85
1552906,169,Rwanda,male,192,2,120,120,14,12,11,9.6
1552907,141,Kenya,male,204,7,120,120,19,10,13,10.2
1552907,175,Sierra Leone,male,110,7,120,120,11,3,15,5.5
1552908,175,Sierra Leone,male,136,4,120,120,14,6,12,6.8
1552908,192,Uganda,male,250,3,120,120,16,22,9,12.5
1552909,141,Kenya,male,144,8,120,120,10,7,6,7.2
1552909,169,Rwanda,male,139,8,120,120,14,4,9,6.95
211028,92,Australia,male,79,10,87,87,10,0,6,5.45
211028,116,England,male,179,8,120,120,19,3,6,8.95
211048,92,Australia,male,214,5,120,120,15,12,12,10.7
211048,157,New Zealand,male,170,10,120,120,17,5,2,8.5
222678,157,New Zealand,male,134,5,108,108,12,3,11,7.44
222678,178,South Africa,male,133,10,117,117,14,3,8,6.82
225263,116,England,male,144,7,120,120,17,1,11,7.2
225263,161,Pakistan,male,148,5,107,107,18,3,10,8.3
225271,116,England,male,161,5,120,120,17,1,13,8.05
225271,181,Sri Lanka,male,163,10,120,120,12,4,12,8.15
226374,92,Australia,male,209,3,120,120,17,9,15,10.45
226374,178,South Africa,male,114,10,111,111,12,2,1,6.16
237242,157,New Zealand,male,126,8,120,120,10,3,10,6.3
237242,197,West Indies,male,126,7,120,120,13,1,10,6.3
238195,92,Australia,male,199,7,120,120,16,9,8,9.95
238195,178,South Africa,male,201,4,120,120,19,7,17,10.05
249227,92,Australia,male,221,5,120,120,15,14,4,11.05
249227,116,England,male,144,9,120,120,13,1,12,7.2
251487,157,New Zealand,male,162,8,120,120,13,6,12,8.1
251487,181,Sri Lanka,male,62,1,35,35,10,1,3,10.63
251488,157,New Zealand,male,116,5,111,111,15,2,8,6.27
251488,181,Sri Lanka,male,115,10,110,110,10,3,12,6.27
255954,131,India,male,127,4,119,119,14,3,11,6.4
255954,178,South Africa,male,126,9,120,120,9,4,13,6.3
258463,116,England,male,193,7,120,120,14,6,16,9.65
258463,197,West Indies,male,208,8,120,120,20,8,16,10.4
258464,116,England,male,173,5,117,117,18,1,21,8.87
258464,197,West Indies,male,169,7,120,120,15,5,7,8.45
287853,178,South Africa,male,208,2,106,106,24,6,28,11.77
287853,197,West Indies,male,205,6,120,120,12,12,17,10.25
287854,141,Kenya,male,73,10,101,101,6,1,8,4.34
287854,157,New Zealand,male,74,1,46,46,6,4,10,9.65
287855,161,Pakistan,male,171,9,120,120,17,6,6,8.55
287855,172,Scotland,male,120,10,119,119,13,0,13,6.05
287856,92,Australia,male,138,9,120,120,11,3,7,6.9
287856,199,Zimbabwe,male,139,5,119,119,14,2,7,7.01
287857,96,Bangladesh,male,165,4,108,108,18,4,13,9.17
287857,197,West Indies,male,164,8,120,120,12,8,10,8.2
287858,116,England,male,188,9,120,120,13,9,4,9.4
287858,199,Zimbabwe,male,138,7,120,120,11,3,5,6.9
287860,141,Kenya,male,88,9,117,117,4,1,11,4.51
287860,181,Sri Lanka,male,260,6,120,120,30,11,12,13.0
287861,92,Australia,male,136,2,89,89,17,3,2,9.17
287861,116,England,male,135,10,120,120,12,4,3,6.75
287862,131,India,male,141,9,120,120,12,5,5,7.05
287862,161,Pakistan,male,141,7,120,120,16,2,8,7.05
287863,157,New Zealand,male,164,7,120,120,7,7,13,8.2
287863,181,Sri Lanka,male,168,3,113,113,14,6,12,8.92
287864,96,Bangladesh,male,144,10,117,117,12,7,14,7.38
287864,178,South Africa,male,146,3,113,113,15,4,2,7.75
287865,131,India,male,180,9,120,120,23,4,4,9.0
287865,157,New Zealand,male,190,10,120,120,17,9,10,9.5
287866,92,Australia,male,124,1,83,83,10,7,2,8.96
287866,96,Bangladesh,male,123,8,120,120,9,1,19,6.15
287867,116,England,male,135,7,120,120,10,3,7,6.75
287867,178,South Africa,male,154,8,120,120,15,5,9,7.7
287868,161,Pakistan,male,189,6,120,120,12,8,9,9.45
287868,181,Sri Lanka,male,156,9,120,120,9,7,16,7.8
287869,116,England,male,159,8,120,120,11,5,1,7.95
287869,157,New Zealand,male,164,9,120,120,9,9,7,8.2
287870,92,Australia,male,164,7,120,120,19,1,7,8.2
287870,161,Pakistan,male,165,4,115,115,17,5,7,8.61
287871,96,Bangladesh,male,83,10,96,96,7,1,1,5.19
287871,181,Sri Lanka,male,147,5,120,120,10,2,10,7.35
287872,157,New Zealand,male,153,8,120,120,11,6,8,7.65
287872,178,South Africa,male,158,4,115,115,12,7,8,8.24
287873,116,England,male,200,6,120,120,18,6,16,10.0
287873,131,India,male,218,4,120,120,15,11,18,10.9
287874,92,Australia,male,102,0,62,62,11,2,13,9.87
287874,181,Sri Lanka,male,101,10,117,117,8,1,4,5.18
287875,96,Bangladesh,male,140,10,118,118,7,3,14,7.12
287875,161,Pakistan,male,141,6,114,114,14,3,5,7.42
287876,131,India,male,153,5,120,120,16,4,13,7.65
287876,178,South Africa,male,116,9,120,120,9,1,24,5.8
287877,157,New Zealand,male,143,8,120,120,7,5,6,7.15
287877,161,Pakistan,male,147,4,113,113,8,9,4,7.81
287878,92,Australia,male,173,7,120,120,10,10,8,8.65
287878,131,India,male,188,5,120,120,15,10,7,9.4
287879,131,India,male,157,5,120,120,13,4,6,7.85
287879,161,Pakistan,male,152,10,117,117,11,8,12,7.79
291343,92,Australia,male,186,6,120,120,18,5,4,9.3
291343,157,New Zealand,male,132,10,111,111,11,7,16,7.14
291356,92,Australia,male,75,1,68,68,4,2,3,6.62
291356,131,India,male,74,10,105,105,3,0,3,4.23
296903,116,England,male,127,1,105,105,19,1,1,7.26
296903,157,New Zealand,male,123,9,120,120,10,4,2,6.15
297800,92,Australia,male,166,5,120,120,20,2,9,8.3
297800,131,India,male,167,3,109,109,14,5,24,9.19
298795,157,New Zealand,male,129,7,120,120,6,5,9,6.45
298795,178,South Africa,male,131,7,119,119,10,4,5,6.61
298804,178,South Africa,male,134,6,116,116,10,4,8,6.93
298804,197,West Indies,male,131,7,120,120,8,5,29,6.55
300435,116,England,male,184,8,120,120,18,8,2,9.2
300435,157,New Zealand,male,152,10,116,116,13,4,23,7.86
300436,116,England,male,193,8,120,120,18,10,4,9.65
300436,157,New Zealand,male,143,8,120,120,11,5,3,7.15
306987,96,Bangladesh,male,139,5,107,107,12,5,6,7.79
306987,141,Kenya,male,138,7,121,121,12,2,6,6.84
306989,96,Bangladesh,male,161,7,120,120,15,6,10,8.05
306989,161,Pakistan,male,191,7,120,120,8,12,3,9.55
306991,141,Kenya,male,92,10,119,119,4,2,10,4.64
306991,161,Pakistan,male,93,2,83,83,6,4,5,6.72
319112,178,South Africa,male,58,8,78,78,2,2,13,4.46
319112,197,West Indies,male,60,5,59,59,7,2,2,6.1
319142,92,Australia,male,97,3,66,66,9,4,5,8.82
319142,197,West Indies,male,102,3,55,55,7,6,15,11.13
343764,96,Bangladesh,male,101,10,96,96,5,3,12,6.31
343764,161,Pakistan,male,203,5,120,120,14,9,7,10.15
350050,92,Australia,male,145,4,120,120,6,3,9,7.25
350050,116,England,male,4,2,7,7,0,0,3,3.43
350347,96,Bangladesh,male,109,8,84,84,14,0,15,7.79
350347,178,South Africa,male,118,7,84,84,10,2,13,8.43
350475,92,Australia,male,166,7,120,120,11,8,6,8.3
350475,178,South Africa,male,168,6,116,116,18,3,12,8.69
350476,92,Australia,male,139,8,120,120,9,5,7,6.95
350476,178,South Africa,male,156,5,120,120,8,9,8,7.8
351694,92,Australia,male,182,9,120,120,12,8,4,9.1
351694,178,South Africa,male,130,10,108,108,11,1,12,7.22
351695,92,Australia,male,161,4,113,113,14,4,6,8.55
351695,178,South Africa,male,157,5,120,120,10,4,11,7.85
351696,92,Australia,male,150,7,120,120,11,2,3,7.5
351696,157,New Zealand,male,149,5,120,120,14,3,15,7.45
352674,116,England,male,121,10,115,115,11,0,19,6.31
352674,197,West Indies,male,123,4,108,108,11,2,11,6.83
354456,99,Bermuda,male,99,7,120,120,5,2,8,4.95
354456,172,Scotland,male,100,2,106,106,5,0,9,5.66
355988,35,India,female,93,9,120,120,6,1,3,4.65
355988,58,New Zealand,female,145,5,120,120,12,3,10,7.25
355989,2,Australia,female,163,5,120,120,20,1,7,8.15
355989,23,England,female,165,2,117,117,18,0,12,8.46
355991,116,England,male,162,5,120,120,14,0,10,8.1
355991,156,Netherlands,male,163,6,120,120,12,4,16,8.15
355992,157,New Zealand,male,90,3,36,36,9,5,4,15.0
355992,172,Scotland,male,89,4,42,42,11,3,2,12.71
355993,92,Australia,male,169,7,120,120,12,6,15,8.45
355993,197,West Indies,male,172,3,95,95,15,7,15,10.86
355994,96,Bangladesh,male,155,8,120,120,8,7,6,7.75
355994,131,India,male,180,5,120,120,12,8,5,9.0
355995,172,Scotland,male,81,10,94,94,4,3,3,5.17
355995,178,South Africa,male,211,5,120,120,20,9,4,10.55
355996,116,England,male,185,5,120,120,18,6,10,9.25
355996,161,Pakistan,male,137,7,120,120,12,1,6,6.85
355997,96,Bangladesh,male,137,8,120,120,8,3,7,6.85
355997,134,Ireland,male,138,4,110,110,12,5,7,7.53
355998,92,Australia,male,159,9,120,120,14,7,5,7.95
355998,181,Sri Lanka,male,160,4,114,114,16,4,9,8.42
355999,156,Netherlands,male,93,10,105,105,6,1,6,5.31
355999,161,Pakistan,male,175,5,120,120,10,7,3,8.75
356000,157,New Zealand,male,127,5,120,120,11,0,10,6.35
356000,178,South Africa,male,128,7,120,120,9,3,6,6.4
356001,131,India,male,113,2,93,93,8,2,7,7.29
356001,134,Ireland,male,112,8,108,108,9,1,8,6.22
356002,181,Sri Lanka,male,192,5,120,120,23,4,10,9.6
356002,197,West Indies,male,177,5,120,120,15,3,22,8.85
356003,134,Ireland,male,115,10,100,100,10,2,3,6.9
356003,157,New Zealand,male,198,5,120,120,15,9,11,9.9
356004,116,England,male,111,10,119,119,10,2,7,5.6
356004,178,South Africa,male,114,3,110,110,9,2,3,6.22
356005,161,Pakistan,male,131,9,120,120,10,1,3,6.55
356005,181,Sri Lanka,male,150,7,120,120,15,1,20,7.5
356006,131,India,male,153,7,120,120,15,3,5,7.65
356006,197,West Indies,male,156,3,112,112,16,3,6,8.36
356007,178,South Africa,male,183,7,120,120,24,3,3,9.15
356007,197,West Indies,male,163,9,120,120,19,1,17,8.15
356008,157,New Zealand,male,99,10,111,111,8,1,6,5.35
356008,161,Pakistan,male,100,4,79,79,9,3,2,7.59
356009,134,Ireland,male,135,7,120,120,14,2,8,6.75
356009,181,Sri Lanka,male,144,9,120,120,17,1,9,7.2
356010,116,England,male,153,7,120,120,12,2,16,7.65
356010,131,India,male,150,5,120,120,10,4,8,7.5
356011,116,England,male,161,6,120,120,13,2,7,8.05
356011,197,West Indies,male,82,5,50,50,8,2,4,9.84
356012,134,Ireland,male,120,9,120,120,6,0,13,6.0
356012,161,Pakistan,male,159,5,120,120,13,4,6,7.95
356013,157,New Zealand,male,110,10,102,102,11,2,4,6.47
356013,181,Sri Lanka,male,158,5,120,120,17,1,7,7.9
356014,131,India,male,118,8,120,120,8,2,8,5.9
356014,178,South Africa,male,130,5,120,120,13,0,3,6.5
356015,161,Pakistan,male,149,4,120,120,15,1,5,7.45
356015,178,South Africa,male,142,5,120,120,12,2,16,7.1
356016,181,Sri Lanka,male,158,5,120,120,19,3,6,7.9
356016,197,West Indies,male,101,10,106,106,10,2,11,5.72
356017,161,Pakistan,male,139,2,112,112,8,4,5,7.45
356017,181,Sri Lanka,male,138,6,120,120,14,2,6,6.9
361530,134,Ireland,male,72,6,115,115,3,1,11,3.76
361530,141,Kenya,male,67,10,104,104,4,0,12,3.87
361531,156,Netherlands,male,110,5,108,108,11,1,5,6.11
361531,172,Scotland,male,107,8,120,120,6,2,6,5.35
361656,161,Pakistan,male,141,7,119,119,9,5,5,7.11
361656,181,Sri Lanka,male,137,9,120,120,13,1,13,6.85
361660,161,Pakistan,male,132,7,120,120,9,2,16,6.6
361660,181,Sri Lanka,male,133,5,114,114,10,3,19,7.0
366622,131,India,male,149,6,120,120,11,7,3,7.45
366622,157,New Zealand,male,150,5,120,120,15,3,12,7.5
366707,157,New Zealand,male,155,7,120,120,11,7,8,7.75
366707,197,West Indies,male,155,8,120,120,13,7,5,7.75
366708,157,New Zealand,male,191,9,120,120,15,9,21,9.55
366708,197,West Indies,male,155,7,120,120,15,5,5,7.75
386494,131,India,male,162,8,120,120,6,13,6,8.1
386494,157,New Zealand,male,166,3,113,113,10,11,8,8.81
386535,131,India,male,174,7,116,116,15,7,16,9.0
386535,181,Sri Lanka,male,171,4,120,120,17,4,17,8.55
387563,116,England,male,202,6,120,120,16,9,11,10.1
387563,178,South Africa,male,127,3,78,78,10,9,3,9.77
387564,116,England,male,157,8,120,120,13,6,3,7.85
387564,178,South Africa,male,241,6,120,120,19,17,6,12.05
391794,2,Australia,female,151,3,120,120,15,1,1,7.55
391794,23,England,female,117,6,120,120,8,0,1,5.85
392615,92,Australia,male,108,10,119,119,9,0,6,5.45
392615,161,Pakistan,male,109,3,98,98,10,3,6,6.67
401076,96,Bangladesh,male,118,9,120,120,11,2,16,5.9
401076,197,West Indies,male,119,5,101,101,11,4,8,7.07
403375,161,Pakistan,male,172,5,120,120,19,3,8,8.6
403375,181,Sri Lanka,male,120,10,109,109,6,4,10,6.61
403385,157,New Zealand,male,141,8,120,120,10,3,9,7.05
403385,181,Sri Lanka,male,138,9,120,120,12,2,2,6.9
403386,157,New Zealand,male,170,4,120,120,11,6,4,8.5
403386,181,Sri Lanka,male,148,8,120,120,14,1,5,7.4
406197,92,Australia,male,179,8,120,120,13,8,3,8.95
406197,197,West Indies,male,141,8,120,120,16,0,6,7.05
406198,92,Australia,male,142,2,70,70,11,11,3,12.17
406198,197,West Indies,male,138,7,120,120,9,3,11,6.9
406207,92,Australia,male,127,10,112,112,6,3,2,6.8
406207,161,Pakistan,male,125,9,120,120,11,3,5,6.25
412677,134,Ireland,male,68,10,100,100,3,0,19,4.08
412677,197,West Indies,male,138,9,120,120,7,4,4,6.9
412678,157,New Zealand,male,139,8,119,119,7,6,3,7.01
412678,181,Sri Lanka,male,135,6,120,120,9,4,4,6.75
412680,96,Bangladesh,male,151,7,120,120,11,5,4,7.55
412680,161,Pakistan,male,172,3,120,120,16,3,3,8.6
412681,116,England,male,120,8,120,120,9,1,7,6.0
412681,134,Ireland,male,14,1,21,21,2,0,1,4.0
412682,131,India,male,186,5,120,120,15,9,5,9.3
412682,178,South Africa,male,172,5,120,120,6,9,4,8.6
412683,92,Australia,male,191,10,120,120,14,11,2,9.55
412683,161,Pakistan,male,157,10,120,120,11,5,10,7.85
412684,157,New Zealand,male,36,1,49,49,2,0,6,4.41
412684,199,Zimbabwe,male,84,10,91,91,6,0,11,5.54
412685,116,England,male,191,5,120,120,10,11,7,9.55
412685,197,West Indies,male,60,2,35,35,3,3,8,10.29
412686,181,Sri Lanka,male,173,7,120,120,11,9,14,8.65
412686,199,Zimbabwe,male,29,1,30,30,0,0,2,5.8
412688,92,Australia,male,141,7,120,120,7,5,6,7.05
412688,96,Bangladesh,male,114,10,112,112,5,5,9,6.11
412689,116,England,male,151,4,117,117,16,4,6,7.74
412689,161,Pakistan,male,147,9,120,120,10,6,10,7.35
412690,157,New Zealand,male,157,7,120,120,13,6,14,7.85
412690,178,South Africa,male,170,4,120,120,5,11,8,8.5
412691,92,Australia,male,184,5,120,120,6,16,1,9.2
412691,131,India,male,135,10,106,106,8,8,10,7.64
412692,181,Sri Lanka,male,195,3,120,120,17,7,13,9.75
412692,197,West Indies,male,138,8,120,120,14,1,17,6.9
412693,157,New Zealand,male,133,7,120,120,8,4,15,6.65
412693,161,Pakistan,male,132,7,120,120,12,4,7,6.6
412694,116,England,male,168,7,120,120,16,5,14,8.4
412694,178,South Africa,male,129,10,114,114,5,4,18,6.79
412695,131,India,male,155,9,120,120,12,6,19,7.75
412695,197,West Indies,male,169,6,120,120,10,10,7,8.45
412696,92,Australia,male,168,5,120,120,14,7,5,8.4
412696,181,Sri Lanka,male,87,10,98,98,6,2,6,5.33
412697,161,Pakistan,male,148,7,120,120,10,7,4,7.4
412697,178,South Africa,male,137,7,120,120,9,2,3,6.85
412698,116,England,male,153,7,115,115,16,3,6,7.98
412698,157,New Zealand,male,149,6,120,120,9,4,8,7.45
412699,131,India,male,163,5,120,120,14,2,9,8.15
412699,181,Sri Lanka,male,167,5,120,120,13,8,1,8.35
412700,92,Australia,male,109,4,98,98,10,1,11,6.67
412700,197,West Indies,male,105,10,114,114,8,2,9,5.53
412701,116,England,male,132,3,96,96,12,5,6,8.25
412701,181,Sri Lanka,male,128,6,120,120,10,1,9,6.4
412702,92,Australia,male,197,7,120,120,11,14,13,9.85
412702,161,Pakistan,male,191,6,121,121,13,8,20,9.47
412703,92,Australia,male,147,6,120,120,10,3,8,7.35
412703,116,England,male,148,3,102,102,12,5,9,8.71
412716,2,Australia,female,123,3,113,113,13,0,4,6.53
412716,35,India,female,119,5,120,120,8,1,4,5.95
412717,58,New Zealand,female,180,5,120,120,11,4,20,9.0
412717,88,West Indies,female,124,8,120,120,5,4,11,6.2
412718,2,Australia,female,106,8,120,120,4,0,13,5.3
412718,58,New Zealand,female,103,6,120,120,2,2,11,5.15
423391,75,South Africa,female,95,6,120,120,5,1,5,4.75
423391,88,West Indies,female,97,10,116,116,9,2,5,5.02
423782,96,Bangladesh,male,78,10,105,105,8,2,2,4.46
423782,157,New Zealand,male,79,0,50,50,10,2,3,9.48
423787,92,Australia,male,119,4,96,96,13,2,5,7.44
423787,157,New Zealand,male,118,10,120,120,9,3,5,5.9
423788,92,Australia,male,214,4,120,120,19,10,6,10.7
423788,157,New Zealand,male,214,6,120,120,21,11,18,10.7
426392,92,Australia,male,144,10,112,112,16,3,7,7.71
426392,161,Pakistan,male,167,8,120,120,13,5,18,8.35
426393,92,Australia,male,151,10,118,118,19,1,6,7.68
426393,161,Pakistan,male,162,9,120,120,18,4,13,8.1
426417,116,England,male,129,5,103,103,15,0,2,7.51
426417,161,Pakistan,male,126,4,120,120,8,0,2,6.3
426418,116,England,male,90,4,84,84,9,2,8,6.43
426418,161,Pakistan,male,89,10,112,112,6,3,7,4.77
426723,157,New Zealand,male,112,9,111,111,8,2,10,6.05
426723,161,Pakistan,male,161,8,120,120,13,7,2,8.05
426724,157,New Zealand,male,146,5,120,120,9,4,14,7.3
426724,161,Pakistan,male,153,5,120,120,14,5,6,7.65
430884,131,India,male,186,9,120,120,18,5,10,9.3
430884,181,Sri Lanka,male,215,5,120,120,29,5,6,10.75
430885,131,India,male,211,4,115,115,17,10,7,11.01
430885,181,Sri Lanka,male,206,7,120,120,18,7,24,10.3
439139,197,West Indies,male,79,7,120,120,3,1,10,3.95
439139,199,Zimbabwe,male,105,10,119,119,5,3,14,5.29
439146,178,South Africa,male,136,7,120,120,5,4,12,6.8
439146,197,West Indies,male,123,10,119,119,9,2,13,6.2
439497,106,Canada,male,142,7,120,120,11,1,5,7.1
439497,156,Netherlands,male,146,4,115,115,14,1,10,7.62
439499,106,Canada,male,138,9,120,120,8,4,6,6.9
439499,141,Kenya,male,141,1,89,89,17,2,6,9.51
439505,134,Ireland,male,136,7,120,120,10,1,18,6.8
439505,172,Scotland,male,99,10,111,111,8,1,5,5.35
439510,134,Ireland,male,151,6,120,120,11,3,7,7.55
439510,156,Netherlands,male,86,10,93,93,4,2,8,5.55
440945,116,England,male,130,3,111,111,10,2,15,7.03
440945,161,Pakistan,male,129,8,120,120,11,2,3,6.45
440946,116,England,male,148,6,120,120,7,6,8,7.4
440946,161,Pakistan,male,149,6,114,114,9,5,9,7.84
446956,92,Australia,male,133,8,120,120,10,3,6,6.65
446956,181,Sri Lanka,male,135,3,99,99,18,2,7,8.18
446960,92,Australia,male,157,4,120,120,14,4,4,7.85
446960,116,England,male,158,9,120,120,17,4,7,7.9
446961,92,Australia,male,147,7,120,120,9,5,3,7.35
446961,116,England,male,143,6,120,120,7,1,10,7.15
447539,178,South Africa,male,120,7,120,120,4,5,8,6.0
447539,197,West Indies,male,119,7,120,120,7,3,12,5.95
452153,131,India,male,112,4,90,90,10,5,4,7.47
452153,199,Zimbabwe,male,111,9,120,120,9,2,6,5.55
452154,131,India,male,144,3,108,108,10,5,12,8.0
452154,199,Zimbabwe,male,140,5,120,120,11,4,6,7.0
456991,157,New Zealand,male,120,7,120,120,8,1,5,6.0
456991,181,Sri Lanka,male,92,10,118,118,5,1,9,4.68
456992,157,New Zealand,male,81,10,105,105,5,0,3,4.63
456992,181,Sri Lanka,male,82,3,93,93,6,2,3,5.29
461565,161,Pakistan,male,120,9,120,120,8,3,7,6.0
461565,178,South Africa,male,125,4,112,112,11,3,8,6.7
463141,178,South Africa,male,169,3,95,95,18,8,4,10.67
463141,199,Zimbabwe,male,168,4,120,120,16,6,10,8.4
463142,178,South Africa,male,194,6,120,120,22,6,7,9.7
463142,199,Zimbabwe,male,186,7,120,120,15,8,9,9.3
463149,131,India,male,168,6,120,120,16,5,4,8.4
463149,178,South Africa,male,147,9,120,120,9,7,10,7.35
473918,157,New Zealand,male,146,5,103,103,11,9,11,8.5
473918,161,Pakistan,male,143,9,120,120,13,7,4,7.15
473919,157,New Zealand,male,185,7,120,120,12,11,10,9.25
473919,161,Pakistan,male,146,9,120,120,9,7,6,7.3
473920,157,New Zealand,male,80,10,95,95,9,1,7,5.05
473920,161,Pakistan,male,183,6,120,120,22,6,4,9.15
474466,116,England,male,136,9,120,120,8,5,7,6.8
474466,181,Sri Lanka,male,137,1,104,104,14,1,14,7.9
474476,116,England,male,169,4,117,117,19,2,13,8.67
474476,131,India,male,165,10,118,118,14,6,10,8.39
476947,2,Australia,female,123,6,118,118,8,1,7,6.25
476947,58,New Zealand,female,122,9,120,120,13,0,0,6.1
478279,161,Pakistan,male,119,10,119,119,8,4,9,6.0
478279,178,South Africa,male,120,4,110,110,15,2,5,6.55
489212,161,Pakistan,male,143,9,120,120,12,1,8,7.15
489212,197,West Indies,male,150,7,120,120,13,6,6,7.5
489220,131,India,male,159,6,120,120,10,6,13,7.95
489220,197,West Indies,male,143,5,120,120,12,5,7,7.15
492547,23,England,female,134,10,119,119,15,0,2,6.76
492547,35,India,female,88,8,120,120,6,0,5,4.4
514023,92,Australia,male,147,5,117,117,12,4,8,7.54
514023,178,South Africa,male,146,7,120,120,13,4,11,7.3
514024,92,Australia,male,147,8,120,120,8,8,7,7.35
514024,178,South Africa,male,148,7,115,115,13,5,8,7.72
516204,92,Australia,male,163,8,120,120,12,6,6,8.15
516204,181,Sri Lanka,male,198,3,120,120,24,5,13,9.9
516205,92,Australia,male,149,9,120,120,10,8,8,7.45
516205,181,Sri Lanka,male,157,9,120,120,17,2,10,7.85
518954,92,Australia,male,171,4,120,120,9,9,3,8.55
518954,131,India,male,140,6,120,120,8,4,10,7.0
518955,92,Australia,male,131,10,118,118,13,2,4,6.66
518955,131,India,male,135,2,118,118,11,1,4,6.86
520595,157,New Zealand,male,160,3,101,101,12,6,9,9.5
520595,199,Zimbabwe,male,159,8,120,120,11,7,3,7.95
520596,157,New Zealand,male,202,5,118,118,15,11,13,10.27
520596,199,Zimbabwe,male,200,2,120,120,16,10,2,10.0
520597,157,New Zealand,male,148,4,116,116,10,4,7,7.66
520597,178,South Africa,male,147,6,120,120,8,7,7,7.35
520598,157,New Zealand,male,173,4,120,120,15,9,9,8.65
520598,178,South Africa,male,174,2,96,96,10,13,12,10.88
520599,157,New Zealand,male,162,7,120,120,14,5,18,8.1
520599,178,South Africa,male,165,7,120,120,13,7,3,8.25
521217,116,England,male,121,4,112,112,9,4,8,6.48
521217,131,India,male,120,9,120,120,11,3,2,6.0
523735,161,Pakistan,male,198,4,120,120,18,6,20,9.9
523735,199,Zimbabwe,male,113,10,92,92,8,2,12,7.37
523736,161,Pakistan,male,141,7,120,120,11,1,7,7.05
523736,199,Zimbabwe,male,136,7,120,120,14,3,14,6.8
525816,116,England,male,128,0,92,92,11,3,8,8.35
525816,197,West Indies,male,125,10,118,118,9,5,3,6.36
525817,116,England,male,88,10,100,100,8,1,4,5.28
525817,197,West Indies,male,113,5,120,120,7,2,3,5.65
527012,157,New Zealand,male,127,0,81,81,7,8,6,9.41
527012,199,Zimbabwe,male,123,8,120,120,10,2,4,6.15
527013,157,New Zealand,male,187,3,108,108,13,8,18,10.39
527013,199,Zimbabwe,male,154,10,101,101,14,7,4,9.15
527683,23,England,female,15,0,14,14,3,0,3,6.43
527683,75,South Africa,female,110,8,120,120,11,0,6,5.5
527688,23,England,female,81,4,106,106,8,0,4,4.58
527688,58,New Zealand,female,80,9,120,120,2,1,2,4.0
527689,23,England,female,166,7,120,120,22,2,7,8.3
527689,58,New Zealand,female,118,10,116,116,8,2,7,6.1
527690,23,England,female,108,6,120,120,3,1,14,5.4
527690,58,New Zealand,female,90,7,113,113,6,1,6,4.78
530432,161,Pakistan,male,142,5,117,117,11,4,5,7.28
530432,181,Sri Lanka,male,141,10,117,117,12,0,16,7.23
531635,116,England,male,136,6,120,120,9,2,9,6.8
531635,161,Pakistan,male,144,6,120,120,12,3,12,7.2
531636,116,England,male,150,7,120,120,14,3,8,7.5
531636,161,Pakistan,male,112,10,110,110,9,5,5,6.11
531637,116,England,male,129,6,120,120,8,3,8,6.45
531637,161,Pakistan,male,124,6,120,120,7,1,12,6.2
531982,96,Bangladesh,male,135,7,119,119,10,3,6,6.81
531982,197,West Indies,male,132,8,120,120,7,6,10,6.6
533272,181,Sri Lanka,male,182,4,120,120,15,3,20,9.1
533272,199,Zimbabwe,male,100,10,105,105,7,2,15,5.71
533273,92,Australia,male,125,3,91,91,13,3,10,8.24
533273,134,Ireland,male,123,7,120,120,14,1,4,6.15
533275,178,South Africa,male,94,0,76,76,9,0,12,7.42
533275,199,Zimbabwe,male,93,8,120,120,6,0,8,4.65
533276,96,Bangladesh,male,132,8,120,120,13,3,7,6.6
533276,157,New Zealand,male,191,3,120,120,15,9,8,9.55
533278,178,South Africa,male,78,4,42,42,5,3,3,11.14
533278,181,Sri Lanka,male,46,5,42,42,4,0,3,6.57
533279,92,Australia,male,100,1,55,55,8,6,3,10.91
533279,197,West Indies,male,191,8,120,120,15,11,13,9.55
533280,157,New Zealand,male,164,9,120,120,17,4,10,8.2
533280,161,Pakistan,male,177,6,120,120,15,7,6,8.85
533281,116,England,male,80,10,88,88,8,3,1,5.45
533281,131,India,male,170,4,120,120,18,1,12,8.5
533282,134,Ireland,male,129,6,114,114,9,4,5,6.79
533282,197,West Indies,male,0,0,0,0,0,0,0,0.0
533283,96,Bangladesh,male,175,6,120,120,22,3,11,8.75
533283,161,Pakistan,male,178,2,112,112,21,5,10,9.54
533284,157,New Zealand,male,174,7,120,120,13,6,9,8.7
533284,181,Sri Lanka,male,174,6,120,120,15,6,3,8.7
533285,116,England,male,164,4,120,120,11,7,6,8.2
533285,197,West Indies,male,179,5,120,120,20,7,9,8.95
533286,161,Pakistan,male,136,8,118,118,13,5,12,6.92
533286,178,South Africa,male,133,6,120,120,9,4,4,6.65
533287,92,Australia,male,141,1,89,89,9,10,2,9.51
533287,131,India,male,140,7,120,120,15,2,10,7.0
533288,116,England,male,149,4,113,113,10,6,7,7.91
533288,157,New Zealand,male,148,6,120,120,11,4,15,7.4
533289,181,Sri Lanka,male,130,1,92,92,18,1,13,8.48
533289,197,West Indies,male,129,5,120,120,10,5,4,6.45
533290,92,Australia,male,147,2,106,106,13,5,6,8.32
533290,178,South Africa,male,146,5,120,120,14,2,9,7.3
533291,131,India,male,129,2,102,102,14,2,3,7.59
533291,161,Pakistan,male,128,10,118,118,10,2,12,6.51
533292,157,New Zealand,male,139,7,120,120,9,3,5,6.95
533292,197,West Indies,male,139,10,117,117,11,5,10,7.13
533293,116,England,male,150,9,120,120,14,4,9,7.5
533293,181,Sri Lanka,male,169,6,120,120,13,7,12,8.45
533294,92,Australia,male,117,7,120,120,8,3,2,5.85
533294,161,Pakistan,male,149,6,120,120,11,4,5,7.45
533295,131,India,male,152,6,120,120,13,3,11,7.6
533295,178,South Africa,male,151,10,119,119,11,5,4,7.61
533296,161,Pakistan,male,123,7,120,120,11,1,11,6.15
533296,181,Sri Lanka,male,139,4,120,120,17,0,8,6.95
533297,92,Australia,male,131,10,100,100,12,4,5,7.86
533297,197,West Indies,male,205,4,120,120,13,14,19,10.25
533298,181,Sri Lanka,male,101,10,112,112,7,1,3,5.41
533298,197,West Indies,male,137,6,120,120,6,7,5,6.85
533299,75,South Africa,female,80,4,104,104,6,0,4,4.62
533299,78,Sri Lanka,female,79,10,120,120,6,0,11,3.95
533300,58,New Zealand,female,117,9,120,120,11,0,13,5.85
533300,88,West Indies,female,118,3,108,108,10,2,15,6.56
533301,23,England,female,133,6,120,120,12,2,8,6.65
533301,62,Pakistan,female,90,10,118,118,9,1,6,4.58
533302,2,Australia,female,105,2,104,104,12,1,6,6.06
533302,35,India,female,104,8,120,120,14,0,5,5.2
533303,58,New Zealand,female,151,5,120,120,16,3,7,7.55
533303,75,South Africa,female,129,9,120,120,13,2,7,6.45
533304,78,Sri Lanka,female,50,3,63,63,7,0,1,4.76
533304,88,West Indies,female,42,8,48,48,2,1,4,5.25
533305,2,Australia,female,146,5,120,120,10,3,3,7.3
533305,62,Pakistan,female,38,3,54,54,3,1,5,4.22
533306,23,England,female,118,1,103,103,15,1,4,6.87
533306,35,India,female,116,6,120,120,8,1,9,5.8
533307,75,South Africa,female,70,8,120,120,3,1,11,3.5
533307,88,West Indies,female,71,0,58,58,10,1,8,7.34
533308,58,New Zealand,female,90,2,94,94,8,1,6,5.74
533308,78,Sri Lanka,female,89,10,106,106,8,0,19,5.04
533309,35,India,female,97,8,120,120,8,0,4,4.85
533309,62,Pakistan,female,98,9,120,120,4,2,14,4.9
533310,2,Australia,female,144,5,120,120,16,1,2,7.2
533310,23,England,female,146,3,109,109,18,0,9,8.04
533311,23,England,female,94,3,104,104,8,1,7,5.42
533311,58,New Zealand,female,93,8,120,120,6,0,5,4.65
533312,2,Australia,female,115,7,120,120,6,2,3,5.75
533312,88,West Indies,female,87,10,116,116,9,0,6,4.5
533313,2,Australia,female,142,4,120,120,14,1,10,7.1
533313,23,England,female,138,9,120,120,13,2,11,6.9
534208,116,England,male,173,3,118,118,10,5,10,8.8
534208,197,West Indies,male,172,4,120,120,9,10,13,8.6
534233,116,England,male,118,7,120,120,11,1,5,5.9
534233,178,South Africa,male,119,3,114,114,15,0,2,6.26
534234,116,England,male,29,2,25,25,1,1,3,6.96
534234,178,South Africa,male,77,5,54,54,9,0,7,8.56
534235,116,England,male,118,5,66,66,7,6,15,10.73
534235,178,South Africa,male,90,5,66,66,7,2,8,8.18
538068,96,Bangladesh,male,85,9,120,120,3,1,11,4.25
538068,161,Pakistan,male,135,7,120,120,11,2,14,6.75
540173,92,Australia,male,153,2,109,109,11,8,4,8.42
540173,197,West Indies,male,150,7,120,120,14,5,3,7.5
540174,92,Australia,male,146,9,120,120,9,8,2,7.3
540174,197,West Indies,male,160,10,118,118,14,5,11,8.14
542850,23,England,female,137,5,120,120,16,0,0,6.85
542850,35,India,female,104,8,120,120,5,1,7,5.2
542851,23,England,female,117,2,103,103,14,0,0,6.82
542851,35,India,female,114,10,120,120,8,1,2,5.7
543883,134,Ireland,male,109,4,93,93,13,0,12,7.03
543883,141,Kenya,male,107,10,120,120,8,3,2,5.35
543884,134,Ireland,male,132,2,105,105,15,2,13,7.54
543884,141,Kenya,male,131,7,120,120,10,3,14,6.55
543885,134,Ireland,male,107,9,120,120,10,0,10,5.35
543885,141,Kenya,male,105,7,120,120,7,0,3,5.25
546410,106,Canada,male,93,10,100,100,4,2,10,5.58
546410,156,Netherlands,male,135,6,120,120,8,1,8,6.75
546414,134,Ireland,male,72,0,44,44,10,2,1,9.82
546414,141,Kenya,male,71,10,114,114,4,0,18,3.74
546442,134,Ireland,male,159,5,120,120,12,5,11,7.95
546442,172,Scotland,male,142,7,120,120,9,5,3,7.1
546462,106,Canada,male,106,8,120,120,10,0,8,5.3
546462,134,Ireland,male,109,0,57,57,17,3,6,11.47
546470,134,Ireland,male,115,3,100,100,8,3,10,6.9
546470,156,Netherlands,male,114,7,120,120,6,2,7,5.7
546473,106,Canada,male,135,8,120,120,6,5,23,6.75
546473,172,Scotland,male,136,6,120,120,12,1,9,6.8
551593,23,England,female,72,2,58,58,9,0,5,7.45
551593,88,West Indies,female,71,8,120,120,3,0,6,3.55
551594,23,England,female,150,3,120,120,15,0,8,7.5
551594,88,West Indies,female,122,6,120,120,13,0,4,6.1
551595,23,England,female,103,7,120,120,6,0,7,5.15
551595,88,West Indies,female,93,10,116,116,4,1,11,4.81
551596,23,England,female,154,3,120,120,18,0,10,7.7
551596,88,West Indies,female,70,8,120,120,2,0,7,3.5
551597,23,England,female,139,7,120,120,11,1,3,6.95
551597,88,West Indies,female,140,7,120,120,9,5,3,7.0
556252,131,India,male,71,0,47,47,8,1,4,9.06
556252,178,South Africa,male,219,4,120,120,22,9,3,10.95
560921,157,New Zealand,male,153,8,111,111,12,5,14,8.27
560921,197,West Indies,male,209,2,120,120,16,12,20,10.45
560922,157,New Zealand,male,116,10,112,112,4,5,4,6.21
560922,197,West Indies,male,177,5,120,120,9,13,5,8.85
562437,161,Pakistan,male,95,10,106,106,6,1,19,5.38
562437,181,Sri Lanka,male,132,7,120,120,12,2,8,6.6
562438,161,Pakistan,male,122,6,120,120,12,1,5,6.1
562438,181,Sri Lanka,male,99,10,116,116,9,1,11,5.12
564786,131,India,male,155,3,120,120,17,3,10,7.75
564786,181,Sri Lanka,male,116,10,108,108,12,0,9,6.44
565810,116,England,male,157,6,120,120,11,7,3,7.85
565810,131,India,male,158,5,107,107,10,6,14,8.86
565811,116,England,male,181,4,120,120,17,6,11,9.05
565811,131,India,male,177,8,120,120,15,4,17,8.85
565820,131,India,male,166,4,120,120,15,4,6,8.3
565820,157,New Zealand,male,167,5,120,120,17,4,3,8.35
565844,23,England,female,91,3,95,95,9,0,8,5.75
565844,62,Pakistan,female,87,7,120,120,7,1,7,4.35
565845,23,England,female,162,7,120,120,18,2,13,8.1
565845,62,Pakistan,female,81,5,120,120,6,1,2,4.05
566926,116,England,male,196,5,120,120,17,7,13,9.8
566926,157,New Zealand,male,201,4,120,120,16,8,17,10.05
566927,116,England,male,2,1,2,2,0,0,0,6.0
566927,157,New Zealand,male,0,0,0,0,0,0,0,0.0
566937,92,Australia,male,248,6,120,120,19,18,4,12.4
566937,116,England,male,209,6,120,120,24,5,9,10.45
566938,92,Australia,male,168,9,120,120,11,8,12,8.4
566938,116,England,male,195,5,120,120,20,6,6,9.75
567071,96,Bangladesh,male,190,5,120,120,16,7,10,9.5
567071,134,Ireland,male,119,8,119,119,7,5,8,6.0
567205,96,Bangladesh,male,145,2,108,108,10,7,2,8.06
567205,156,Netherlands,male,144,7,120,120,11,3,9,7.2
567353,157,New Zealand,male,86,10,110,110,13,0,3,4.69
567353,178,South Africa,male,87,2,73,73,14,1,1,7.15
567354,157,New Zealand,male,169,2,114,114,15,6,18,8.89
567354,178,South Africa,male,165,5,114,114,18,4,4,8.68
567355,157,New Zealand,male,146,9,120,120,17,3,4,7.3
567355,178,South Africa,male,179,6,120,120,14,6,10,8.95
567367,161,Pakistan,male,195,7,120,120,22,6,11,9.75
567367,178,South Africa,male,100,10,74,74,7,5,5,8.11
569237,116,England,male,214,7,120,120,16,15,7,10.7
569237,157,New Zealand,male,174,9,120,120,11,8,16,8.7
569238,116,England,male,137,10,117,117,20,2,6,7.03
569238,157,New Zealand,male,192,6,120,120,13,10,10,9.6
569239,116,England,male,143,0,76,76,10,9,10,11.29
569239,157,New Zealand,male,139,8,120,120,10,3,5,6.95
571148,92,Australia,male,89,10,117,117,3,0,9,4.56
571148,161,Pakistan,male,90,3,89,89,11,1,1,6.07
571149,92,Australia,male,151,8,120,120,10,8,1,7.55
571149,161,Pakistan,male,151,4,120,120,17,1,3,7.55
571150,92,Australia,male,168,7,120,120,6,12,10,8.4
571150,161,Pakistan,male,74,10,115,115,5,1,8,3.86
573019,92,Australia,male,137,3,120,120,5,4,4,6.85
573019,181,Sri Lanka,male,139,5,113,113,8,5,3,7.38
573020,92,Australia,male,119,3,90,90,10,2,5,7.93
573020,181,Sri Lanka,male,161,4,120,120,15,4,14,8.05
573027,92,Australia,male,164,8,120,120,5,8,6,8.2
573027,197,West Indies,male,191,6,120,120,17,5,6,9.55
573672,96,Bangladesh,male,128,10,120,120,10,2,3,6.4
573672,156,Netherlands,male,131,9,120,120,9,5,3,6.55
582186,157,New Zealand,male,74,7,84,84,8,1,7,5.29
582186,181,Sri Lanka,male,6,0,12,12,0,0,0,3.0
584772,35,India,female,102,1,88,88,12,0,12,6.95
584772,78,Sri Lanka,female,100,8,120,120,9,0,8,5.0
584923,5,Bangladesh,female,62,10,108,108,2,0,10,3.44
584923,78,Sri Lanka,female,57,10,118,118,2,0,5,2.9
584924,35,India,female,94,2,111,111,6,0,10,5.08
584924,62,Pakistan,female,93,10,117,117,6,0,5,4.77
584928,5,Bangladesh,female,82,7,121,121,2,0,7,4.07
584928,62,Pakistan,female,83,4,106,106,6,0,5,4.7
584929,35,India,female,81,10,120,120,3,0,6,4.05
584929,62,Pakistan,female,63,10,115,115,4,0,2,3.29
587476,96,Bangladesh,male,179,1,120,120,16,7,5,8.95
587476,197,West Indies,male,197,4,120,120,14,14,8,9.85
588498,75,South Africa,female,113,7,120,120,8,1,5,5.65
588498,88,West Indies,female,114,2,110,110,9,3,6,6.22
588499,75,South Africa,female,94,6,120,120,9,0,6,4.7
588499,88,West Indies,female,97,4,104,104,7,1,10,5.6
589306,131,India,male,133,9,120,120,9,3,5,6.65
589306,161,Pakistan,male,134,5,118,118,10,5,5,6.81
589307,131,India,male,192,5,120,120,20,7,6,9.6
589307,161,Pakistan,male,181,7,120,120,17,7,6,9.05
592268,106,Canada,male,128,5,111,111,17,0,9,6.92
592268,141,Kenya,male,126,9,120,120,9,4,7,6.3
592269,106,Canada,male,118,10,113,113,12,0,7,6.27
592269,141,Kenya,male,139,7,120,120,11,2,14,6.95
592276,141,Kenya,male,114,3,74,74,11,6,5,9.24
592276,156,Netherlands,male,113,10,112,112,7,5,5,6.05
593726,2,Australia,female,131,5,120,120,8,1,7,6.55
593726,23,England,female,146,4,120,120,13,0,5,7.3
593727,2,Australia,female,127,7,120,120,9,1,9,6.35
593727,23,England,female,128,5,114,114,14,0,8,6.74
593728,2,Australia,female,91,7,120,120,5,0,3,4.55
593728,23,England,female,92,3,98,98,7,0,8,5.63
593986,197,West Indies,male,131,2,97,97,10,7,4,8.1
593986,199,Zimbabwe,male,130,8,120,120,14,3,8,6.5
593987,197,West Indies,male,158,7,120,120,9,7,11,7.9
593987,199,Zimbabwe,male,117,6,120,120,11,0,8,5.85
602477,96,Bangladesh,male,181,7,120,120,16,5,8,9.05
602477,181,Sri Lanka,male,198,5,120,120,11,9,26,9.9
603243,78,Sri Lanka,female,73,8,120,120,2,0,5,3.65
603243,88,West Indies,female,74,4,94,94,6,1,2,4.72
603244,78,Sri Lanka,female,111,10,116,116,10,0,18,5.74
603244,88,West Indies,female,145,6,120,120,9,5,8,7.25
603246,78,Sri Lanka,female,115,10,120,120,5,4,9,5.75
603246,88,West Indies,female,122,5,120,120,6,3,7,6.1
623571,96,Bangladesh,male,162,8,120,120,16,5,6,8.1
623571,199,Zimbabwe,male,168,5,120,120,15,3,11,8.4
623572,96,Bangladesh,male,168,7,119,119,19,2,15,8.47
623572,199,Zimbabwe,male,134,9,120,120,9,3,11,6.7
627008,23,England,female,145,7,120,120,12,1,6,7.25
627008,62,Pakistan,female,75,6,120,120,6,0,3,3.75
627009,23,England,female,115,10,120,120,6,3,7,5.75
627009,62,Pakistan,female,116,8,120,120,8,0,10,5.8
630951,141,Kenya,male,176,5,114,114,15,8,9,9.26
630951,156,Netherlands,male,172,5,120,120,13,7,5,8.6
635658,178,South Africa,male,115,6,120,120,7,2,7,5.75
635658,181,Sri Lanka,male,103,9,120,120,13,0,7,5.15
635659,178,South Africa,male,145,6,120,120,9,3,9,7.25
635659,181,Sri Lanka,male,123,7,120,120,11,1,3,6.15
635660,178,South Africa,male,163,3,120,120,16,5,10,8.15
635660,181,Sri Lanka,male,164,4,109,109,22,3,3,9.03
636164,92,Australia,male,213,4,120,120,16,11,13,10.65
636164,116,England,male,200,9,120,120,17,11,10,10.0
636165,92,Australia,male,131,2,89,89,18,3,1,8.83
636165,116,England,male,130,9,120,120,15,0,8,6.5
636166,92,Australia,male,195,6,120,120,12,13,6,9.75
636166,116,England,male,111,10,104,104,10,3,8,6.4
636536,116,England,male,143,9,120,120,17,2,3,7.15
636536,197,West Indies,male,170,3,120,120,22,5,4,8.5
636537,116,England,male,152,7,120,120,9,6,5,7.6
636537,197,West Indies,male,155,5,113,113,10,11,2,8.23
636538,116,England,male,165,6,120,120,14,8,7,8.25
636538,197,West Indies,male,160,7,120,120,19,4,8,8.0
640947,37,Ireland,female,65,10,119,119,3,0,3,3.28
640947,62,Pakistan,female,66,1,85,85,2,0,3,4.66
640955,62,Pakistan,female,112,5,120,120,7,0,12,5.6
640955,78,Sri Lanka,female,0,0,0,0,0,0,0,0.0
644941,37,Ireland,female,110,10,109,109,10,0,15,6.06
644941,62,Pakistan,female,148,7,120,120,15,0,7,7.4
645645,161,Pakistan,male,158,8,120,120,18,4,11,7.9
645645,197,West Indies,male,152,7,120,120,13,7,11,7.6
645647,161,Pakistan,male,135,7,120,120,10,3,9,6.75
645647,197,West Indies,male,124,9,120,120,9,6,4,6.2
647247,92,Australia,male,201,7,120,120,24,7,6,10.05
647247,131,India,male,202,4,118,118,19,8,13,10.27
648681,92,Australia,male,81,5,40,40,7,4,6,12.15
648681,178,South Africa,male,80,1,42,42,5,6,8,11.43
648683,92,Australia,male,129,4,90,90,12,4,1,8.6
648683,178,South Africa,male,128,7,120,120,6,6,7,6.4
649101,161,Pakistan,male,98,9,120,120,7,1,6,4.9
649101,178,South Africa,male,99,1,87,87,9,3,1,6.83
649103,161,Pakistan,male,144,9,120,120,11,2,12,7.2
649103,178,South Africa,male,150,5,120,120,11,5,5,7.5
657633,161,Pakistan,male,146,7,115,115,11,5,1,7.62
657633,181,Sri Lanka,male,145,5,120,120,11,3,5,7.25
657635,161,Pakistan,male,187,10,116,116,17,7,16,9.67
657635,181,Sri Lanka,male,211,3,120,120,19,8,14,10.55
659545,161,Pakistan,male,161,5,120,120,10,4,13,8.05
659545,199,Zimbabwe,male,136,5,120,120,13,1,16,6.8
659547,161,Pakistan,male,179,1,120,120,12,9,4,8.95
659547,199,Zimbabwe,male,160,6,120,120,13,5,13,8.0
660113,106,Canada,male,166,3,120,120,14,2,12,8.3
660113,134,Ireland,male,168,5,120,120,15,3,12,8.4
660149,141,Kenya,male,183,7,120,120,21,4,7,9.15
660149,172,Scotland,male,91,10,80,80,7,4,3,6.82
660173,156,Netherlands,male,150,6,120,120,11,1,8,7.5
660173,172,Scotland,male,165,4,120,120,14,4,5,8.25
660185,141,Kenya,male,101,9,120,120,3,2,12,5.05
660185,156,Netherlands,male,130,7,120,120,8,0,12,6.5
660209,106,Canada,male,125,10,116,116,10,3,4,6.47
660209,141,Kenya,male,146,7,120,120,14,4,10,7.3
660223,156,Netherlands,male,149,2,107,107,14,2,4,8.36
660223,172,Scotland,male,147,6,120,120,10,5,10,7.35
661695,157,New Zealand,male,189,5,120,120,12,11,7,9.45
661695,197,West Indies,male,108,8,120,120,7,2,9,5.4
661697,157,New Zealand,male,163,6,114,114,14,6,7,8.58
661697,197,West Indies,male,159,5,120,120,13,6,6,7.95
664293,5,Bangladesh,female,84,6,120,120,4,0,2,4.2
664293,75,South Africa,female,85,1,69,69,12,1,2,7.39
664295,5,Bangladesh,female,106,4,120,120,9,0,6,5.3
664295,75,South Africa,female,109,4,120,120,8,0,4,5.45
666047,2,Australia,female,99,3,91,91,9,1,3,6.53
666047,23,England,female,98,6,120,120,7,0,2,4.9
666049,2,Australia,female,102,3,111,111,9,0,5,5.51
666049,23,England,female,101,8,120,120,7,0,7,5.05
667731,116,England,male,180,7,120,120,12,11,4,9.0
667731,131,India,male,177,5,120,120,15,6,8,8.85
667887,116,England,male,174,7,120,120,18,3,17,8.7
667887,181,Sri Lanka,male,183,7,120,120,22,6,3,9.15
668515,75,South Africa,female,123,3,117,117,11,2,8,6.31
668515,78,Sri Lanka,female,119,4,120,120,11,1,6,5.95
668517,75,South Africa,female,118,8,120,120,9,0,9,5.9
668517,78,Sri Lanka,female,138,5,120,120,14,1,10,6.9
668519,75,South Africa,female,111,5,110,110,8,2,4,6.05
668519,78,Sri Lanka,female,109,6,120,120,12,1,6,5.45
668959,96,Bangladesh,male,189,9,120,120,18,8,4,9.45
668959,157,New Zealand,male,204,5,120,120,18,9,9,10.2
668969,157,New Zealand,male,142,7,120,120,13,2,2,7.1
668969,181,Sri Lanka,male,143,2,107,107,15,2,4,8.02
682899,128,Hong Kong,male,69,10,102,102,7,0,1,4.06
682899,155,Nepal,male,149,8,120,120,16,1,10,7.45
682901,134,Ireland,male,164,7,120,120,17,3,8,8.2
682901,199,Zimbabwe,male,163,5,120,120,13,6,6,8.15
682903,156,Netherlands,male,152,4,113,113,16,5,4,8.07
682903,193,United Arab Emirates,male,151,10,119,119,14,2,18,7.61
682907,96,Bangladesh,male,132,2,93,93,9,8,2,8.52
682907,155,Nepal,male,126,5,120,120,14,0,12,6.3
682909,156,Netherlands,male,140,5,120,120,15,1,11,7.0
682909,199,Zimbabwe,male,146,5,120,120,9,3,6,7.3
682911,134,Ireland,male,103,3,86,86,9,2,14,7.19
682911,193,United Arab Emirates,male,123,6,120,120,9,2,13,6.15
682915,96,Bangladesh,male,108,10,99,99,12,1,6,6.55
682915,128,Hong Kong,male,114,8,118,118,6,5,5,5.8
682917,193,United Arab Emirates,male,116,9,120,120,11,3,5,5.8
682917,199,Zimbabwe,male,118,5,82,82,12,5,1,8.63
682919,134,Ireland,male,189,4,120,120,13,11,8,9.45
682919,156,Netherlands,male,193,4,83,83,12,19,4,13.95
682921,131,India,male,131,3,111,111,14,4,5,7.08
682921,161,Pakistan,male,130,7,120,120,11,2,5,6.5
682923,178,South Africa,male,160,8,120,120,13,6,5,8.0
682923,181,Sri Lanka,male,165,7,120,120,14,4,10,8.25
682925,116,England,male,172,6,120,120,17,5,10,8.6
682925,157,New Zealand,male,52,1,32,32,7,2,1,9.75
682927,92,Australia,male,175,10,120,120,16,8,8,8.75
682927,161,Pakistan,male,191,5,120,120,19,5,17,9.55
682929,131,India,male,130,3,118,118,11,3,3,6.61
682929,197,West Indies,male,129,7,120,120,9,6,14,6.45
682931,157,New Zealand,male,168,8,120,120,16,5,6,8.4
682931,178,South Africa,male,170,6,120,120,16,4,1,8.5
682933,156,Netherlands,male,39,10,63,63,3,0,6,3.71
682933,181,Sri Lanka,male,40,1,30,30,5,1,3,8.0
682935,96,Bangladesh,male,98,10,115,115,10,1,4,5.11
682935,197,West Indies,male,171,7,120,120,17,5,19,8.55
682937,156,Netherlands,male,139,10,112,112,14,4,9,7.45
682937,178,South Africa,male,145,9,120,120,13,2,5,7.25
682939,116,England,male,190,4,116,116,20,8,4,9.83
682939,181,Sri Lanka,male,189,4,120,120,17,7,8,9.45
682941,92,Australia,male,178,8,120,120,15,7,15,8.9
682941,197,West Indies,male,179,4,118,118,18,7,10,9.1
682943,96,Bangladesh,male,138,7,120,120,16,4,8,6.9
682943,131,India,male,141,2,111,111,9,4,5,7.62
682945,156,Netherlands,male,151,4,120,120,15,4,15,7.55
682945,157,New Zealand,male,152,4,114,114,12,5,4,8.0
682947,116,England,male,193,7,120,120,17,7,14,9.65
682947,178,South Africa,male,196,5,120,120,19,6,15,9.8
682949,96,Bangladesh,male,140,7,120,120,12,4,5,7.0
682949,161,Pakistan,male,190,5,120,120,15,7,13,9.5
682951,92,Australia,male,86,10,98,98,3,5,4,5.27
682951,131,India,male,159,7,120,120,11,6,17,7.95
682953,116,England,male,88,10,106,106,4,0,5,4.98
682953,156,Netherlands,male,133,5,120,120,11,3,17,6.65
682955,157,New Zealand,male,60,9,93,93,7,0,2,3.87
682955,181,Sri Lanka,male,119,10,116,116,13,2,6,6.16
682957,92,Australia,male,158,3,105,105,16,8,5,9.03
682957,96,Bangladesh,male,153,5,120,120,12,4,15,7.65
682959,161,Pakistan,male,82,10,107,107,2,4,2,4.6
682959,197,West Indies,male,166,6,120,120,13,9,9,8.3
682961,181,Sri Lanka,male,160,6,120,120,10,7,4,8.0
682961,197,West Indies,male,80,4,83,83,5,2,8,5.78
682963,131,India,male,176,4,115,115,16,5,9,9.18
682963,178,South Africa,male,172,4,120,120,14,6,8,8.6
682965,131,India,male,130,4,120,120,8,4,6,6.5
682965,181,Sri Lanka,male,134,4,107,107,16,4,5,7.51
682967,2,Australia,female,121,10,117,117,10,1,4,6.21
682967,58,New Zealand,female,128,8,120,120,16,1,2,6.4
682971,23,England,female,124,9,120,120,15,0,10,6.2
682971,88,West Indies,female,133,7,120,120,10,4,6,6.65
682973,35,India,female,106,9,120,120,9,0,3,5.3
682973,78,Sri Lanka,female,128,8,120,120,14,0,8,6.4
682975,37,Ireland,female,129,6,120,120,17,0,6,6.45
682975,58,New Zealand,female,171,3,120,120,18,3,10,8.55
682979,5,Bangladesh,female,79,10,105,105,8,0,3,4.51
682979,88,West Indies,female,115,10,120,120,10,3,7,5.75
682981,23,England,female,98,5,109,109,10,0,10,5.39
682981,35,India,female,95,9,120,120,8,0,9,4.75
682985,58,New Zealand,female,167,3,120,120,16,2,7,8.35
682985,62,Pakistan,female,108,7,120,120,9,0,4,5.4
682989,78,Sri Lanka,female,84,10,101,101,8,0,10,4.99
682989,88,West Indies,female,87,2,90,90,9,0,0,5.8
682991,37,Ireland,female,79,9,91,91,9,0,1,5.21
682991,75,South Africa,female,165,5,120,120,20,5,1,8.25
682993,2,Australia,female,185,2,120,120,13,8,13,9.25
682993,62,Pakistan,female,91,9,120,120,8,0,10,4.55
682995,5,Bangladesh,female,72,8,120,120,3,1,3,3.6
682995,35,India,female,151,5,120,120,20,1,7,7.55
682997,23,England,female,86,3,96,96,8,0,3,5.38
682997,78,Sri Lanka,female,85,9,120,120,6,1,12,4.25
682999,37,Ireland,female,105,10,117,117,8,0,5,5.38
682999,62,Pakistan,female,119,6,120,120,8,0,10,5.95
683001,58,New Zealand,female,114,8,120,120,14,0,6,5.7
683001,75,South Africa,female,116,5,116,116,10,1,3,6.0
683003,5,Bangladesh,female,115,9,120,120,11,0,3,5.75
683003,78,Sri Lanka,female,112,9,120,120,12,0,3,5.6
683005,35,India,female,121,1,106,106,14,0,6,6.85
683005,88,West Indies,female,117,7,120,120,10,2,9,5.85
683007,58,New Zealand,female,135,4,114,114,15,1,0,7.11
683007,78,Sri Lanka,female,131,7,120,120,13,2,4,6.55
683009,35,India,female,106,7,120,120,9,0,6,5.3
683009,62,Pakistan,female,100,9,120,120,8,1,4,5.0
683011,2,Australia,female,140,5,120,120,17,0,15,7.0
683011,88,West Indies,female,132,4,120,120,14,2,4,6.6
683013,23,England,female,102,1,101,101,11,0,1,6.06
683013,75,South Africa,female,101,10,119,119,7,2,9,5.09
683015,2,Australia,female,106,4,91,91,10,4,4,6.99
683015,23,England,female,105,8,120,120,8,0,4,5.25
685727,161,Pakistan,male,60,2,55,55,7,0,13,6.55
685727,178,South Africa,male,153,7,120,120,20,1,9,7.65
685729,161,Pakistan,male,176,4,120,120,15,8,8,8.8
685729,178,South Africa,male,170,4,120,120,15,3,8,8.5
690351,96,Bangladesh,male,166,7,120,120,20,2,7,8.3
690351,181,Sri Lanka,male,168,7,120,120,11,4,10,8.4
690353,96,Bangladesh,male,120,10,119,119,13,2,7,6.05
690353,181,Sri Lanka,male,123,7,120,120,8,2,4,6.15
693433,23,England,female,91,1,81,81,12,0,4,6.74
693433,75,South Africa,female,89,4,120,120,7,0,4,4.45
693435,23,England,female,141,3,120,120,20,0,2,7.05
693435,75,South Africa,female,99,10,111,111,11,0,5,5.35
693437,23,England,female,126,6,120,120,13,1,6,6.3
693437,75,South Africa,female,118,6,120,120,11,0,6,5.9
698983,62,Pakistan,female,65,4,84,84,7,0,3,4.64
698983,75,South Africa,female,64,8,120,120,4,0,2,3.2
698985,37,Ireland,female,98,4,118,118,3,1,8,4.98
698985,62,Pakistan,female,97,4,120,120,4,0,18,4.85
698987,37,Ireland,female,73,8,120,120,2,0,4,3.65
698987,75,South Africa,female,119,2,120,120,5,2,9,5.95
698995,62,Pakistan,female,72,3,97,97,5,1,3,4.45
698995,75,South Africa,female,68,9,120,120,2,0,3,3.4
702141,134,Ireland,male,117,4,115,115,14,0,8,6.1
702141,197,West Indies,male,116,8,120,120,10,4,9,5.8
702143,134,Ireland,male,85,8,120,120,7,0,2,4.25
702143,197,West Indies,male,96,9,120,120,4,2,2,4.8
718465,62,Pakistan,female,122,5,120,120,9,2,4,6.1
718465,78,Sri Lanka,female,108,8,120,120,8,1,8,5.4
718467,5,Bangladesh,female,106,7,120,120,10,0,11,5.3
718467,37,Ireland,female,89,10,117,117,5,0,5,4.56
722335,178,South Africa,male,165,4,120,120,14,4,5,8.25
722335,197,West Indies,male,168,6,116,116,15,9,6,8.69
722337,178,South Africa,male,231,7,120,120,18,12,11,11.55
722337,197,West Indies,male,236,6,116,116,26,12,11,12.21
727917,92,Australia,male,97,4,84,84,9,3,6,6.93
727917,161,Pakistan,male,96,9,120,120,4,0,20,4.8
730283,157,New Zealand,male,117,4,90,90,8,5,4,7.8
730283,197,West Indies,male,132,8,108,108,3,8,13,7.33
730285,157,New Zealand,male,126,10,115,115,10,3,3,6.57
730285,197,West Indies,male,165,6,120,120,14,7,5,8.25
730293,96,Bangladesh,male,31,0,28,28,2,1,1,6.64
730293,197,West Indies,male,0,0,0,0,0,0,0,0.0
736063,178,South Africa,male,195,3,120,120,16,9,11,9.75
736063,197,West Indies,male,126,10,114,114,8,3,8,6.63
742617,157,New Zealand,male,135,7,120,120,8,5,8,6.75
742617,161,Pakistan,male,140,3,115,115,14,3,4,7.3
743953,116,England,male,191,7,120,120,18,6,10,9.55
743953,157,New Zealand,male,135,10,98,98,14,4,2,8.27
743975,92,Australia,male,177,8,120,120,17,5,6,8.85
743975,116,England,male,182,5,120,120,11,11,8,9.1
754039,157,New Zealand,male,144,8,120,120,12,3,10,7.2
754039,161,Pakistan,male,127,10,113,113,7,4,11,6.74
754717,92,Australia,male,144,6,120,120,6,4,6,7.2
754717,178,South Africa,male,145,3,114,114,12,4,6,7.63
754719,92,Australia,male,102,3,76,76,16,0,4,8.05
754719,178,South Africa,male,101,7,120,120,9,1,1,5.05
754721,92,Australia,male,146,8,119,119,9,6,8,7.36
754721,178,South Africa,male,145,6,120,120,13,2,3,7.25
754793,2,Australia,female,95,1,75,75,12,0,10,7.6
754793,62,Pakistan,female,92,10,120,120,6,0,5,4.6
754795,2,Australia,female,149,5,120,120,13,0,11,7.45
754795,62,Pakistan,female,86,8,120,120,4,0,13,4.3
754797,2,Australia,female,87,2,70,70,15,0,4,7.46
754797,62,Pakistan,female,84,9,120,120,5,0,9,4.2
754799,2,Australia,female,139,3,120,120,10,1,2,6.95
754799,62,Pakistan,female,119,6,120,120,8,1,5,5.95
754801,2,Australia,female,117,6,113,113,16,0,1,6.21
754801,88,West Indies,female,113,7,120,120,7,2,7,5.65
754805,2,Australia,female,150,6,119,119,17,1,9,7.56
754805,88,West Indies,female,149,6,120,120,14,4,3,7.45
757511,75,South Africa,female,94,6,78,78,6,2,1,7.23
757511,78,Sri Lanka,female,101,7,78,78,11,2,11,7.77
757513,75,South Africa,female,77,3,105,105,4,0,14,4.4
757513,78,Sri Lanka,female,76,10,84,84,9,0,3,5.43
757515,75,South Africa,female,136,1,119,119,11,2,5,6.86
757515,78,Sri Lanka,female,132,6,120,120,16,1,2,6.6
798377,2,Australia,female,122,8,120,120,8,1,3,6.1
798377,23,England,female,125,3,105,105,12,0,2,7.14
798379,2,Australia,female,107,7,120,120,8,1,2,5.35
798379,23,England,female,87,10,115,115,7,0,9,4.54
798381,2,Australia,female,111,10,120,120,4,3,9,5.55
798381,23,England,female,114,5,109,109,6,1,18,6.28
798615,2,Australia,female,140,5,120,120,12,1,7,7.0
798615,37,Ireland,female,115,8,120,120,7,0,19,5.75
798619,2,Australia,female,131,6,120,120,17,0,1,6.55
798619,37,Ireland,female,76,7,120,120,7,0,6,3.8
798621,2,Australia,female,186,1,120,120,22,3,12,9.3
798621,37,Ireland,female,87,7,120,120,11,0,5,4.35
800479,116,England,male,134,8,120,120,13,2,7,6.7
800479,178,South Africa,male,135,7,120,120,8,3,6,6.75
800481,116,England,male,171,10,118,118,9,11,9,8.69
800481,178,South Africa,male,172,1,88,88,16,9,10,11.73
802327,128,Hong Kong,male,73,8,119,119,4,1,7,3.68
802327,155,Nepal,male,72,10,120,120,6,2,6,3.6
808869,62,Pakistan,female,124,6,120,120,9,1,8,6.2
808869,78,Sri Lanka,female,69,10,93,93,1,0,9,4.45
808871,62,Pakistan,female,110,9,120,120,8,0,7,5.5
808871,78,Sri Lanka,female,112,5,107,107,7,3,11,6.28
817203,96,Bangladesh,male,96,10,113,113,6,2,4,5.1
817203,178,South Africa,male,148,4,120,120,11,3,5,7.4
817205,96,Bangladesh,male,138,10,116,116,9,5,7,7.14
817205,178,South Africa,male,169,4,120,120,15,5,14,8.45
828247,62,Pakistan,female,103,5,111,111,11,1,4,5.57
828247,75,South Africa,female,101,7,120,120,5,2,4,5.05
828249,62,Pakistan,female,84,4,107,107,9,0,4,4.71
828249,75,South Africa,female,83,6,120,120,6,1,2,4.15
828251,62,Pakistan,female,106,7,120,120,6,2,5,5.3
828251,75,South Africa,female,107,3,119,119,10,1,4,5.39
848839,157,New Zealand,male,151,8,120,120,18,2,6,7.55
848839,178,South Africa,male,152,4,107,107,16,4,8,8.52
848841,157,New Zealand,male,177,7,120,120,19,6,6,8.85
848841,178,South Africa,male,145,8,120,120,14,3,4,7.25
856117,78,Sri Lanka,female,88,6,92,92,10,1,7,5.74
856117,88,West Indies,female,109,6,120,120,11,0,4,5.45
856119,78,Sri Lanka,female,124,5,120,120,10,2,5,6.2
856119,88,West Indies,female,125,2,113,113,16,0,2,6.64
856121,78,Sri Lanka,female,74,9,120,120,7,0,5,3.7
856121,88,West Indies,female,75,1,68,68,11,0,5,6.62
858491,96,Bangladesh,male,143,3,98,98,22,2,2,8.76
858491,161,Pakistan,male,141,5,120,120,11,3,11,7.05
860279,161,Pakistan,male,175,5,120,120,13,4,10,8.75
860279,181,Sri Lanka,male,146,7,120,120,8,5,5,7.3
860281,161,Pakistan,male,174,9,116,116,9,9,6,9.0
860281,181,Sri Lanka,male,172,7,120,120,13,7,10,8.6
868723,161,Pakistan,male,173,5,117,117,21,5,5,8.87
868723,199,Zimbabwe,male,172,6,120,120,21,3,9,8.6
868725,161,Pakistan,male,176,8,118,118,14,6,9,8.95
868725,199,Zimbabwe,male,175,3,120,120,13,6,6,8.75
875457,172,Scotland,male,110,1,60,60,21,1,2,11.0
875457,193,United Arab Emirates,male,109,10,109,109,7,4,5,6.0
875471,156,Netherlands,male,191,6,120,120,13,10,5,9.55
875471,172,Scotland,male,159,10,119,119,17,3,9,8.02
875481,156,Netherlands,male,125,3,103,103,12,4,5,7.28
875481,193,United Arab Emirates,male,119,7,120,120,12,1,5,5.95
875491,134,Ireland,male,54,2,48,48,7,1,3,6.75
875491,155,Nepal,male,53,10,87,87,4,0,5,3.66
875501,134,Ireland,male,123,9,120,120,10,2,2,6.15
875501,163,Papua New Guinea,male,124,8,113,113,10,5,10,6.58
875507,128,Hong Kong,male,110,5,115,115,5,2,13,5.74
875507,155,Nepal,male,109,10,120,120,5,4,14,5.45
875513,155,Nepal,male,93,10,118,118,8,0,9,4.73
875513,163,Papua New Guinea,male,99,2,85,85,7,4,10,6.99
875521,128,Hong Kong,male,129,8,120,120,12,4,9,6.45
875521,134,Ireland,male,124,8,120,120,13,2,7,6.2
875549,128,Hong Kong,male,116,10,118,118,7,4,4,5.9
875549,172,Scotland,male,117,5,74,74,14,4,3,9.49
875553,134,Ireland,male,128,10,119,119,8,5,3,6.45
875553,156,Netherlands,male,129,5,109,109,15,3,2,7.1
881755,5,Bangladesh,female,105,3,120,120,4,0,11,5.25
881755,37,Ireland,female,106,8,120,120,4,1,3,5.3
883343,155,Nepal,male,69,10,106,106,4,1,7,3.91
883343,156,Netherlands,male,172,4,120,120,12,6,13,8.6
883345,155,Nepal,male,131,9,120,120,9,1,12,6.55
883345,156,Netherlands,male,149,6,120,120,9,5,3,7.45
884347,92,Australia,male,157,9,120,120,11,8,5,7.85
884347,178,South Africa,male,158,7,116,116,12,5,7,8.17
884349,92,Australia,male,205,5,120,120,17,9,14,10.25
884349,178,South Africa,male,204,7,120,120,17,11,5,10.2
884351,92,Australia,male,181,4,116,116,14,7,6,9.36
884351,178,South Africa,male,178,4,120,120,15,7,5,8.9
885969,131,India,male,178,5,120,120,12,3,25,8.9
885969,199,Zimbabwe,male,124,7,120,120,5,6,14,6.2
885971,131,India,male,135,9,120,120,14,1,2,6.75
885971,199,Zimbabwe,male,145,7,120,120,13,1,16,7.25
889463,134,Ireland,male,166,6,120,120,15,3,7,8.3
889463,172,Scotland,male,167,4,109,109,20,2,5,9.19
892043,62,Pakistan,female,74,9,120,120,1,1,10,3.7
892043,88,West Indies,female,78,2,98,98,4,1,8,4.78
894293,157,New Zealand,male,198,5,120,120,19,7,5,9.9
894293,199,Zimbabwe,male,118,8,120,120,10,1,12,5.9
895789,2,Australia,female,125,8,108,108,6,3,15,6.94
895789,35,India,female,69,0,55,55,9,0,10,7.53
895791,2,Australia,female,136,5,120,120,8,6,2,6.8
895791,35,India,female,121,8,120,120,9,4,3,6.05
895817,92,Australia,male,151,10,117,117,10,6,10,7.74
895817,131,India,male,188,3,120,120,17,5,10,9.4
895819,92,Australia,male,157,8,120,120,13,4,8,7.85
895819,131,India,male,184,3,120,120,17,5,9,9.2
895821,92,Australia,male,197,5,120,120,16,7,8,9.85
895821,131,India,male,200,3,120,120,18,5,8,10.0
902649,116,England,male,160,5,120,120,16,4,4,8.0
902649,161,Pakistan,male,146,10,120,120,11,5,7,7.3
902651,116,England,male,172,8,120,120,9,9,7,8.6
902651,161,Pakistan,male,169,8,120,120,12,8,10,8.45
902653,116,England,male,154,8,120,120,9,6,12,7.7
902653,161,Pakistan,male,154,7,120,120,13,6,7,7.7
903587,131,India,male,199,5,120,120,15,11,11,9.95
903587,178,South Africa,male,200,3,118,118,17,9,9,10.17
903589,131,India,male,92,10,104,104,8,0,11,5.31
903589,178,South Africa,male,96,4,103,103,7,2,8,5.59
907381,23,England,female,147,7,120,120,20,0,7,7.35
907381,75,South Africa,female,132,6,120,120,13,0,4,6.6
907385,23,England,female,133,6,93,93,18,3,2,8.58
907385,75,South Africa,female,131,4,120,120,15,3,2,6.55
907395,75,South Africa,female,125,6,120,120,9,4,8,6.25
907395,88,West Indies,female,114,6,120,120,10,4,5,5.7
907399,75,South Africa,female,119,3,120,120,8,2,7,5.95
907399,88,West Indies,female,115,8,120,120,8,2,4,5.75
913633,116,England,male,144,2,105,105,6,6,8,8.23
913633,181,Sri Lanka,male,140,10,120,120,8,3,13,7.0
913663,116,England,male,135,7,120,120,10,1,12,6.75
913663,161,Pakistan,male,139,1,89,89,17,5,6,9.37
914217,157,New Zealand,male,182,4,120,120,15,8,1,9.1
914217,181,Sri Lanka,male,179,9,120,120,13,6,12,8.95
914219,157,New Zealand,male,147,1,60,60,10,12,2,14.7
914219,181,Sri Lanka,male,142,8,120,120,13,4,5,7.1
914221,157,New Zealand,male,155,10,120,120,10,7,11,7.75
914221,161,Pakistan,male,171,8,120,120,15,8,4,8.55
914223,157,New Zealand,male,171,0,106,106,20,4,12,9.68
914223,161,Pakistan,male,168,7,120,120,13,8,11,8.4
914225,157,New Zealand,male,196,5,120,120,17,8,7,9.8
914225,161,Pakistan,male,101,10,97,97,11,1,6,6.25
915783,181,Sri Lanka,male,215,3,120,120,22,9,6,10.75
915783,197,West Indies,male,185,10,119,119,11,13,12,9.33
915785,181,Sri Lanka,male,139,10,120,120,11,2,10,6.95
915785,197,West Indies,male,162,6,120,120,7,7,13,8.1
919603,161,Pakistan,male,136,8,120,120,9,3,6,6.8
919603,199,Zimbabwe,male,123,9,120,120,11,1,5,6.15
919605,161,Pakistan,male,136,6,120,120,14,1,2,6.8
919605,199,Zimbabwe,male,121,7,120,120,6,3,4,6.05
923321,5,Bangladesh,female,95,7,120,120,8,0,9,4.75
923321,62,Pakistan,female,124,5,120,120,11,0,5,6.2
923323,5,Bangladesh,female,80,7,120,120,7,0,0,4.0
923323,62,Pakistan,female,114,6,120,120,7,1,4,5.7
930573,160,Oman,male,133,8,120,120,13,1,11,6.65
930573,193,United Arab Emirates,male,134,3,110,110,11,5,2,7.31
930575,128,Hong Kong,male,106,9,120,120,9,0,6,5.3
930575,160,Oman,male,107,4,111,111,10,0,4,5.78
930577,128,Hong Kong,male,127,10,119,119,13,1,4,6.4
930577,160,Oman,male,131,6,120,120,12,2,6,6.55
930579,128,Hong Kong,male,155,2,111,111,11,6,2,8.38
930579,160,Oman,male,149,4,120,120,17,2,9,7.45
931396,96,Bangladesh,male,136,6,106,106,13,2,14,7.7
931396,199,Zimbabwe,male,131,10,117,117,9,6,9,6.72
931398,96,Bangladesh,male,135,9,120,120,10,2,13,6.75
931398,199,Zimbabwe,male,136,7,119,119,7,6,10,6.86
936153,178,South Africa,male,126,5,60,60,11,7,7,12.6
936153,181,Sri Lanka,male,107,6,60,60,9,7,2,10.7
936155,178,South Africa,male,113,10,117,117,9,2,5,5.79
936155,181,Sri Lanka,male,119,7,118,118,7,3,7,6.05
936157,178,South Africa,male,169,5,120,120,10,6,4,8.45
936157,181,Sri Lanka,male,170,5,119,119,19,4,8,8.57
946551,23,England,female,187,5,120,120,21,3,8,9.35
946551,62,Pakistan,female,119,7,120,120,12,1,8,5.95
946553,23,England,female,138,7,120,120,13,1,3,6.9
946553,62,Pakistan,female,103,10,118,118,13,1,3,5.24
946555,23,England,female,170,5,120,120,15,4,5,8.5
946555,62,Pakistan,female,113,7,120,120,15,0,7,5.65
951305,128,Hong Kong,male,144,6,120,120,13,4,10,7.2
951305,199,Zimbabwe,male,158,8,120,120,11,6,6,7.9
951309,96,Bangladesh,male,153,7,120,120,10,6,7,7.65
951309,156,Netherlands,male,145,7,120,120,16,1,16,7.25
951311,134,Ireland,male,154,5,120,120,18,2,7,7.7
951311,160,Oman,male,157,8,118,118,17,3,16,7.98
951313,172,Scotland,male,136,10,118,118,10,3,6,6.92
951313,199,Zimbabwe,male,147,7,120,120,14,2,13,7.35
951319,96,Bangladesh,male,94,2,48,48,6,5,14,11.75
951319,134,Ireland,male,0,0,0,0,0,0,0,0.0
951323,128,Hong Kong,male,127,7,120,120,8,3,7,6.35
951323,172,Scotland,male,78,2,48,48,9,3,2,9.75
951325,134,Ireland,male,47,7,36,36,2,2,9,7.83
951325,156,Netherlands,male,59,5,36,36,8,1,8,9.83
951327,96,Bangladesh,male,180,2,120,120,19,7,4,9.0
951327,160,Oman,male,65,9,72,72,7,1,6,5.42
951329,131,India,male,79,10,109,109,4,1,4,4.35
951329,157,New Zealand,male,126,7,120,120,9,3,13,6.3
951331,116,England,male,182,6,120,120,12,9,12,9.1
951331,197,West Indies,male,183,4,109,109,16,11,16,10.07
951333,96,Bangladesh,male,146,6,120,120,15,4,8,7.3
951333,161,Pakistan,male,201,5,120,120,22,8,3,10.05
951337,92,Australia,male,134,9,120,120,10,4,4,6.7
951337,157,New Zealand,male,142,8,120,120,11,5,6,7.1
951339,116,England,male,230,8,118,118,19,9,26,11.69
951339,178,South Africa,male,229,4,120,120,20,13,4,11.45
951341,131,India,male,119,4,95,95,11,3,11,7.52
951341,161,Pakistan,male,118,5,108,108,11,2,7,6.56
951345,181,Sri Lanka,male,122,9,120,120,9,3,13,6.1
951345,197,West Indies,male,127,3,110,110,10,6,5,6.93
951347,92,Australia,male,157,7,111,111,14,6,6,8.49
951347,96,Bangladesh,male,156,5,120,120,16,4,10,7.8
951349,157,New Zealand,male,180,5,120,120,17,5,7,9.0
951349,161,Pakistan,male,158,5,120,120,14,2,9,7.9
951353,96,Bangladesh,male,145,9,120,120,12,5,5,7.25
951353,131,India,male,146,7,120,120,10,6,3,7.3
951355,92,Australia,male,193,4,120,120,21,5,13,9.65
951355,161,Pakistan,male,172,8,120,120,16,6,3,8.6
951357,178,South Africa,male,122,8,120,120,8,2,6,6.1
951357,197,West Indies,male,123,7,118,118,10,3,10,6.25
951359,96,Bangladesh,male,70,10,94,94,4,1,6,4.47
951359,157,New Zealand,male,145,8,120,120,11,5,6,7.25
951361,116,England,male,171,4,120,120,16,6,10,8.55
951361,181,Sri Lanka,male,161,8,120,120,8,10,9,8.05
951363,92,Australia,male,160,6,120,120,14,4,14,8.0
951363,131,India,male,161,4,115,115,16,4,5,8.4
951367,178,South Africa,male,122,2,106,106,10,3,6,6.91
951367,181,Sri Lanka,male,120,10,117,117,10,3,10,6.15
951369,116,England,male,159,3,103,103,17,6,2,9.26
951369,157,New Zealand,male,153,8,120,120,16,3,11,7.65
951371,131,India,male,192,2,120,120,17,4,5,9.6
951371,197,West Indies,male,196,3,118,118,20,11,6,9.97
951373,116,England,male,155,9,120,120,12,5,5,7.75
951373,197,West Indies,male,161,6,118,118,12,7,9,8.19
951375,5,Bangladesh,female,91,5,120,120,7,0,1,4.55
951375,35,India,female,163,5,120,120,15,4,3,8.15
951377,58,New Zealand,female,111,3,95,95,12,0,5,7.01
951377,78,Sri Lanka,female,110,8,120,120,8,1,4,5.5
951379,62,Pakistan,female,99,5,120,120,4,1,2,4.95
951379,88,West Indies,female,103,8,120,120,6,0,6,5.15
951381,5,Bangladesh,female,117,6,120,120,12,1,8,5.85
951381,23,England,female,153,7,120,120,15,1,6,7.65
951383,37,Ireland,female,84,5,120,120,6,0,3,4.2
951383,58,New Zealand,female,177,3,120,120,15,4,15,8.85
951385,2,Australia,female,105,4,111,111,11,0,8,5.68
951385,75,South Africa,female,102,6,120,120,6,1,5,5.1
951387,35,India,female,96,7,120,120,6,1,10,4.8
951387,62,Pakistan,female,77,6,96,96,9,0,5,4.81
951389,5,Bangladesh,female,99,10,111,111,8,0,14,5.35
951389,88,West Indies,female,148,4,120,120,12,1,9,7.4
951391,37,Ireland,female,115,8,120,120,9,0,5,5.75
951391,78,Sri Lanka,female,129,7,120,120,13,0,7,6.45
951393,2,Australia,female,103,8,120,120,8,1,6,5.15
951393,58,New Zealand,female,104,4,98,98,12,2,3,6.37
951395,23,England,female,92,8,114,114,12,0,4,4.84
951395,35,India,female,90,8,120,120,8,0,3,4.5
951397,37,Ireland,female,89,9,120,120,7,1,5,4.45
951397,75,South Africa,female,156,5,120,120,17,3,7,7.8
951399,23,England,female,109,9,120,120,12,1,4,5.45
951399,88,West Indies,female,108,4,120,120,8,0,8,5.4
951401,2,Australia,female,125,1,106,106,19,0,4,7.08
951401,78,Sri Lanka,female,123,8,120,120,11,0,6,6.15
951403,5,Bangladesh,female,113,9,120,120,9,0,12,5.65
951403,62,Pakistan,female,114,1,99,99,11,0,8,6.91
951405,2,Australia,female,92,3,80,80,11,0,5,6.9
951405,37,Ireland,female,91,7,120,120,7,1,3,4.55
951407,58,New Zealand,female,100,3,87,87,13,1,3,6.9
951407,75,South Africa,female,99,10,117,117,9,1,5,5.08
951409,35,India,female,111,9,120,120,8,2,4,5.55
951409,88,West Indies,female,114,8,120,120,12,0,4,5.7
951411,23,England,female,148,5,120,120,18,1,2,7.4
951411,62,Pakistan,female,80,10,107,107,6,1,10,4.49
951413,75,South Africa,female,104,7,120,120,7,2,3,5.2
951413,78,Sri Lanka,female,114,7,120,120,10,1,11,5.7
951415,2,Australia,female,132,6,120,120,15,0,7,6.6
951415,23,England,female,127,7,120,120,6,3,17,6.35
951417,58,New Zealand,female,137,8,120,120,11,0,8,6.85
951417,88,West Indies,female,143,6,120,120,12,2,2,7.15
951419,2,Australia,female,148,5,120,120,17,2,9,7.4
951419,88,West Indies,female,149,2,117,117,14,3,3,7.64
953103,128,Hong Kong,male,72,1,38,38,6,3,6,11.37
953103,172,Scotland,male,66,7,60,60,4,2,1,6.6
953105,128,Hong Kong,male,124,10,112,112,7,8,5,6.64
953105,172,Scotland,male,161,9,120,120,13,8,8,8.05
954735,134,Ireland,male,96,5,66,66,5,3,3,8.73
954735,163,Papua New Guinea,male,89,9,66,66,3,5,3,8.09
954737,134,Ireland,male,105,10,115,115,6,1,5,5.48
954737,163,Papua New Guinea,male,116,8,120,120,3,2,8,5.8
954741,134,Ireland,male,134,8,120,120,8,4,7,6.7
954741,193,United Arab Emirates,male,100,10,116,116,6,4,6,5.17
954743,134,Ireland,male,128,9,120,120,14,1,1,6.4
954743,193,United Arab Emirates,male,133,7,120,120,6,6,9,6.65
958415,96,Bangladesh,male,166,6,112,112,14,3,18,8.89
958415,199,Zimbabwe,male,163,7,120,120,15,5,6,8.15
958417,96,Bangladesh,male,167,3,120,120,11,8,6,8.35
958417,199,Zimbabwe,male,125,8,120,120,9,4,8,6.25
958419,96,Bangladesh,male,156,6,120,120,19,2,7,7.8
958419,199,Zimbabwe,male,187,6,120,120,17,9,5,9.35
958421,96,Bangladesh,male,162,10,114,114,14,7,11,8.53
958421,199,Zimbabwe,male,180,4,120,120,13,9,8,9.0
962023,5,Bangladesh,female,48,6,60,60,1,0,2,4.8
962023,37,Ireland,female,54,8,60,60,5,0,0,5.4
963697,131,India,male,101,10,113,113,7,3,11,5.36
963697,181,Sri Lanka,male,105,5,108,108,8,4,5,5.83
963699,131,India,male,196,6,120,120,19,5,10,9.8
963699,181,Sri Lanka,male,127,9,120,120,6,5,3,6.35
963701,131,India,male,84,1,83,83,7,2,3,6.07
963701,181,Sri Lanka,male,82,10,108,108,8,2,6,4.56
966373,172,Scotland,male,139,9,120,120,11,5,2,6.95
966373,193,United Arab Emirates,male,148,8,120,120,11,6,7,7.4
966735,128,Hong Kong,male,175,7,120,120,13,8,1,8.75
966735,160,Oman,male,180,5,120,120,13,8,5,9.0
966739,128,Hong Kong,male,146,7,120,120,14,3,8,7.3
966739,193,United Arab Emirates,male,147,4,111,111,14,4,9,7.95
966743,160,Oman,male,101,8,120,120,12,1,9,5.05
966743,193,United Arab Emirates,male,172,6,120,120,20,4,12,8.6
966745,96,Bangladesh,male,121,7,120,120,8,3,10,6.05
966745,131,India,male,166,6,120,120,15,5,7,8.3
966747,181,Sri Lanka,male,129,8,120,120,14,1,5,6.45
966747,193,United Arab Emirates,male,115,9,120,120,7,2,16,5.75
966749,96,Bangladesh,male,133,8,120,120,8,5,5,6.65
966749,193,United Arab Emirates,male,82,10,106,106,7,4,3,4.64
966751,131,India,male,85,5,93,93,10,0,14,5.48
966751,161,Pakistan,male,83,10,105,105,8,0,15,4.74
966753,96,Bangladesh,male,147,7,120,120,15,4,4,7.35
966753,181,Sri Lanka,male,124,8,120,120,7,4,3,6.2
966755,161,Pakistan,male,131,3,112,112,12,6,3,7.02
966755,193,United Arab Emirates,male,129,6,120,120,13,6,9,6.45
966757,131,India,male,142,5,116,116,15,4,1,7.34
966757,181,Sri Lanka,male,138,9,120,120,14,2,10,6.9
966759,96,Bangladesh,male,131,5,115,115,10,3,8,6.83
966759,161,Pakistan,male,129,7,120,120,12,4,0,6.45
966761,131,India,male,82,1,61,61,14,2,2,8.07
966761,193,United Arab Emirates,male,81,9,120,120,6,1,7,4.05
966763,161,Pakistan,male,151,4,116,116,18,3,7,7.81
966763,181,Sri Lanka,male,150,4,120,120,17,2,7,7.5
966765,96,Bangladesh,male,120,5,90,90,12,2,3,8.0
966765,131,India,male,122,2,83,83,15,3,0,8.82
967081,156,Netherlands,male,157,5,120,120,15,3,8,7.85
967081,193,United Arab Emirates,male,73,10,100,100,5,4,4,4.38
995467,92,Australia,male,263,3,120,120,25,14,9,13.15
995467,181,Sri Lanka,male,178,9,120,120,16,6,19,8.9
995469,92,Australia,male,130,6,107,107,10,5,5,7.29
995469,181,Sri Lanka,male,128,9,120,120,11,0,7,6.4
