match_id,match_date,gender,match_type,team1,team2,venue,city,country,toss_winner,toss_decision,winner,result_type,result_description,result_method,eliminator,overs
211048,2005-02-17,male,T20,New Zealand,Australia,Eden Park,Auckland,,Australia,bat,Australia,WINNER,Australia won,,,20
211028,2005-06-13,male,T20,England,Australia,The Rose Bowl,Southampton,,England,bat,England,WINNER,England won,,,20
222678,2005-10-21,male,T20,South Africa,New Zealand,New Wanderers Stadium,Johannesburg,,New Zealand,field,New Zealand,WINNER,New Zealand won,,,20
226374,2006-01-09,male,T20,Australia,South Africa,"Brisbane Cricket Ground, Woolloongabba",Brisbane,,Australia,bat,Australia,WINNER,Australia won,,,20
237242,2006-02-16,male,T20,New Zealand,West Indies,Eden Park,Auckland,,New Zealand,field,,TIED,Match tied,,,20
238195,2006-02-24,male,T20,South Africa,Australia,New Wanderers Stadium,Johannesburg,,South Africa,bat,South Africa,WINNER,South Africa won,,,20
225271,2006-06-15,male,T20,England,Sri Lanka,The Rose Bowl,Southampton,,Sri Lanka,bat,Sri Lanka,WINNER,Sri Lanka won,,,20
225263,2006-08-28,male,T20,England,Pakistan,County Ground,Bristol,,England,bat,Pakistan,WINNER,Pakistan won,,,20
255954,2006-12-01,male,T20,South Africa,India,New Wanderers Stadium,Johannesburg,,South Africa,bat,India,WINNER,India won,,,20
251487,2006-12-22,male,T20,New Zealand,Sri Lanka,Westpac Stadium,Wellington,,New Zealand,bat,Sri Lanka,WINNER,Sri Lanka won,D/L,,20
251488,2006-12-26,male,T20,New Zealand,Sri Lanka,Eden Park,Auckland,,New Zealand,field,New Zealand,WINNER,New Zealand won,,,20
249227,2007-01-09,male,T20,Australia,England,Sydney Cricket Ground,,,Australia,bat,Australia,WINNER,Australia won,,,20
258463,2007-06-28,male,T20,England,West Indies,Kennington Oval,London,,West Indies,bat,West Indies,WINNER,West Indies won,,,20
258464,2007-06-29,male,T20,England,West Indies,Kennington Oval,London,,West Indies,bat,England,WINNER,England won,,,20
306987,2007-09-01,male,T20,Kenya,Bangladesh,Gymkhana Club Ground,Nairobi,,Bangladesh,field,Bangladesh,WINNER,Bangladesh won,,,20
306989,2007-09-02,male,T20,Bangladesh,Pakistan,Gymkhana Club Ground,Nairobi,,Bangladesh,field,Pakistan,WINNER,Pakistan won,,,20
306991,2007-09-04,male,T20,Kenya,Pakistan,Gymkhana Club Ground,Nairobi,,Kenya,bat,Pakistan,WINNER,Pakistan won,,,20
287853,2007-09-11,male,T20,South Africa,West Indies,New Wanderers Stadium,Johannesburg,,South Africa,field,South Africa,WINNER,South Africa won,,,20
287854,2007-09-12,male,T20,Kenya,New Zealand,Kingsmead,Durban,,New Zealand,field,New Zealand,WINNER,New Zealand won,,,20
287855,2007-09-12,male,T20,Pakistan,Scotland,Kingsmead,Durban,,Scotland,field,Pakistan,WINNER,Pakistan won,,,20
287856,2007-09-12,male,T20,Australia,Zimbabwe,Newlands,Cape Town,,Australia,bat,Zimbabwe,WINNER,Zimbabwe won,,,20
287857,2007-09-13,male,T20,Bangladesh,West Indies,New Wanderers Stadium,Johannesburg,,Bangladesh,field,Bangladesh,WINNER,Bangladesh won,,,20
287858,2007-09-13,male,T20,England,Zimbabwe,Newlands,Cape Town,,England,bat,England,WINNER,England won,,,20
287860,2007-09-14,male,T20,Kenya,Sri Lanka,New Wanderers Stadium,Johannesburg,,Kenya,field,Sri Lanka,WINNER,Sri Lanka won,,,20
287861,2007-09-14,male,T20,Australia,England,Newlands,Cape Town,,England,bat,Australia,WINNER,Australia won,,,20
287862,2007-09-14,male,T20,India,Pakistan,Kingsmead,Durban,,Pakistan,field,,TIED,Match tied,,,20
287863,2007-09-15,male,T20,New Zealand,Sri Lanka,New Wanderers Stadium,Johannesburg,,New Zealand,bat,Sri Lanka,WINNER,Sri Lanka won,,,20
287864,2007-09-15,male,T20,South Africa,Bangladesh,Newlands,Cape Town,,South Africa,field,South Africa,WINNER,South Africa won,,,20
287865,2007-09-16,male,T20,India,New Zealand,New Wanderers Stadium,Johannesburg,,India,field,New Zealand,WINNER,New Zealand won,,,20
287866,2007-09-16,male,T20,Australia,Bangladesh,Newlands,Cape Town,,Australia,field,Australia,WINNER,Australia won,,,20
287867,2007-09-16,male,T20,South Africa,England,Newlands,Cape Town,,England,field,South Africa,WINNER,South Africa won,,,20
287868,2007-09-17,male,T20,Pakistan,Sri Lanka,New Wanderers Stadium,Johannesburg,,Sri Lanka,field,Pakistan,WINNER,Pakistan won,,,20
287869,2007-09-18,male,T20,England,New Zealand,Kingsmead,Durban,,England,field,New Zealand,WINNER,New Zealand won,,,20
287870,2007-09-18,male,T20,Australia,Pakistan,New Wanderers Stadium,Johannesburg,,Pakistan,field,Pakistan,WINNER,Pakistan won,,,20
287871,2007-09-18,male,T20,Bangladesh,Sri Lanka,New Wanderers Stadium,Johannesburg,,Bangladesh,field,Sri Lanka,WINNER,Sri Lanka won,,,20
287872,2007-09-19,male,T20,South Africa,New Zealand,Kingsmead,Durban,,South Africa,field,South Africa,WINNER,South Africa won,,,20
287873,2007-09-19,male,T20,England,India,Kingsmead,Durban,,India,bat,India,WINNER,India won,,,20
287874,2007-09-20,male,T20,Australia,Sri Lanka,Newlands,Cape Town,,Australia,field,Australia,WINNER,Australia won,,,20
287875,2007-09-20,male,T20,Bangladesh,Pakistan,Newlands,Cape Town,,Pakistan,field,Pakistan,WINNER,Pakistan won,,,20
287876,2007-09-20,male,T20,South Africa,India,Kingsmead,Durban,,India,bat,India,WINNER,India won,,,20
287877,2007-09-22,male,T20,New Zealand,Pakistan,Newlands,Cape Town,,New Zealand,bat,Pakistan,WINNER,Pakistan won,,,20
287878,2007-09-22,male,T20,Australia,India,Kingsmead,Durban,,India,bat,India,WINNER,India won,,,20
287879,2007-09-24,male,T20,India,Pakistan,New Wanderers Stadium,Johannesburg,,India,bat,India,WINNER,India won,,,20
297800,2007-10-20,male,T20,India,Australia,Brabourne Stadium,Mumbai,,Australia,bat,India,WINNER,India won,,,20
298795,2007-11-23,male,T20,South Africa,New Zealand,New Wanderers Stadium,Johannesburg,,South Africa,field,South Africa,WINNER,South Africa won,,,20
291343,2007-12-11,male,T20,Australia,New Zealand,Western Australia Cricket Association Ground,Perth,,Australia,bat,Australia,WINNER,Australia won,,,20
319112,2007-12-16,male,T20,South Africa,West Indies,St George's Park,Port Elizabeth,,West Indies,field,West Indies,WINNER,West Indies won,,,20
298804,2008-01-18,male,T20,South Africa,West Indies,New Wanderers Stadium,Johannesburg,,South Africa,field,South Africa,WINNER,South Africa won,,,20
291356,2008-02-01,male,T20,Australia,India,Melbourne Cricket Ground,,,India,bat,Australia,WINNER,Australia won,,,20
300435,2008-02-05,male,T20,New Zealand,England,Eden Park,Auckland,,New Zealand,field,England,WINNER,England won,,,20
300436,2008-02-07,male,T20,New Zealand,England,Jade Stadium,Christchurch,,England,bat,England,WINNER,England won,,,20
343764,2008-04-20,male,T20,Pakistan,Bangladesh,National Stadium,Karachi,,Pakistan,bat,Pakistan,WINNER,Pakistan won,,,20
296903,2008-06-13,male,T20,England,New Zealand,Old Trafford,Manchester,,England,field,England,WINNER,England won,,,20
319142,2008-06-20,male,T20,West Indies,Australia,"Kensington Oval, Bridgetown",Barbados,,West Indies,field,West Indies,WINNER,West Indies won,,,20
354456,2008-08-03,male,T20,Bermuda,Scotland,"Civil Service Cricket Club, Stormont",Belfast,,Scotland,field,Scotland,WINNER,Scotland won,,,20
361530,2008-08-04,male,T20,Ireland,Kenya,"Civil Service Cricket Club, Stormont",Belfast,,Ireland,field,Ireland,WINNER,Ireland won,,,20
361531,2008-08-04,male,T20,Netherlands,Scotland,"Civil Service Cricket Club, Stormont",Belfast,,Netherlands,field,Netherlands,WINNER,Netherlands won,,,20
361656,2008-10-11,male,T20,Pakistan,Sri Lanka,Maple Leaf North-West Ground,King City,,Pakistan,field,Pakistan,WINNER,Pakistan won,,,20
361660,2008-10-13,male,T20,Pakistan,Sri Lanka,Maple Leaf North-West Ground,King City,,Sri Lanka,field,Sri Lanka,WINNER,Sri Lanka won,,,20
350347,2008-11-05,male,T20,South Africa,Bangladesh,New Wanderers Stadium,Johannesburg,,Bangladesh,field,South Africa,WINNER,South Africa won,D/L,,20
366707,2008-12-26,male,T20,New Zealand,West Indies,"Eden Park, Auckland",Auckland,,New Zealand,bat,West Indies,TIED,Tied; West Indies won via Super Over,,West Indies,20
366708,2008-12-28,male,T20,New Zealand,West Indies,Seddon Park,Hamilton,,New Zealand,bat,New Zealand,WINNER,New Zealand won,,,20
351694,2009-01-11,male,T20,Australia,South Africa,Melbourne Cricket Ground,,,Australia,bat,Australia,WINNER,Australia won,,,20
351695,2009-01-13,male,T20,Australia,South Africa,"Brisbane Cricket Ground, Woolloongabba",Brisbane,,South Africa,bat,Australia,WINNER,Australia won,,,20
386535,2009-02-10,male,T20,Sri Lanka,India,R Premadasa Stadium,Colombo,,Sri Lanka,bat,India,WINNER,India won,,,20
351696,2009-02-15,male,T20,Australia,New Zealand,Sydney Cricket Ground,,,Australia,bat,Australia,WINNER,Australia won,,,20
386494,2009-02-25,male,T20,New Zealand,India,AMI Stadium,Christchurch,,New Zealand,field,New Zealand,WINNER,New Zealand won,,,20
366622,2009-02-27,male,T20,New Zealand,India,Westpac Stadium,Wellington,,New Zealand,field,New Zealand,WINNER,New Zealand won,,,20
352674,2009-03-15,male,T20,West Indies,England,"Queen's Park Oval, Port of Spain",Trinidad,,West Indies,field,West Indies,WINNER,West Indies won,,,20
350475,2009-03-27,male,T20,South Africa,Australia,New Wanderers Stadium,Johannesburg,,South Africa,field,South Africa,WINNER,South Africa won,,,20
350476,2009-03-29,male,T20,South Africa,Australia,SuperSport Park,Centurion,,Australia,field,South Africa,WINNER,South Africa won,,,20
392615,2009-05-07,male,T20,Australia,Pakistan,Dubai International Cricket Stadium,,,Pakistan,field,Pakistan,WINNER,Pakistan won,,,20
355991,2009-06-05,male,T20,England,Netherlands,Lord's,London,,Netherlands,field,Netherlands,WINNER,Netherlands won,,,20
355992,2009-06-06,male,T20,New Zealand,Scotland,Kennington Oval,London,,New Zealand,field,New Zealand,WINNER,New Zealand won,,,20
355993,2009-06-06,male,T20,Australia,West Indies,Kennington Oval,London,,Australia,bat,West Indies,WINNER,West Indies won,,,20
355994,2009-06-06,male,T20,Bangladesh,India,Trent Bridge,Nottingham,,India,bat,India,WINNER,India won,,,20
355995,2009-06-07,male,T20,Scotland,South Africa,Kennington Oval,London,,Scotland,field,South Africa,WINNER,South Africa won,,,20
355996,2009-06-07,male,T20,England,Pakistan,Kennington Oval,London,,Pakistan,field,England,WINNER,England won,,,20
355997,2009-06-08,male,T20,Bangladesh,Ireland,Trent Bridge,Nottingham,,Ireland,field,Ireland,WINNER,Ireland won,,,20
355998,2009-06-08,male,T20,Australia,Sri Lanka,Trent Bridge,Nottingham,,Sri Lanka,field,Sri Lanka,WINNER,Sri Lanka won,,,20
355999,2009-06-09,male,T20,Netherlands,Pakistan,Lord's,London,,Pakistan,bat,Pakistan,WINNER,Pakistan won,,,20
356000,2009-06-09,male,T20,New Zealand,South Africa,Lord's,London,,New Zealand,field,South Africa,WINNER,South Africa won,,,20
356001,2009-06-10,male,T20,India,Ireland,Trent Bridge,Nottingham,,India,field,India,WINNER,India won,,,20
356002,2009-06-10,male,T20,Sri Lanka,West Indies,Trent Bridge,Nottingham,,West Indies,field,Sri Lanka,WINNER,Sri Lanka won,,,20
356003,2009-06-11,male,T20,Ireland,New Zealand,Trent Bridge,Nottingham,,Ireland,field,New Zealand,WINNER,New Zealand won,,,20
356004,2009-06-11,male,T20,England,South Africa,Trent Bridge,Nottingham,,England,bat,South Africa,WINNER,South Africa won,,,20
356005,2009-06-12,male,T20,Pakistan,Sri Lanka,Lord's,London,,Sri Lanka,bat,Sri Lanka,WINNER,Sri Lanka won,,,20
356006,2009-06-12,male,T20,India,West Indies,Lord's,London,,India,bat,West Indies,WINNER,West Indies won,,,20
356007,2009-06-13,male,T20,South Africa,West Indies,Kennington Oval,London,,West Indies,field,South Africa,WINNER,South Africa won,,,20
356008,2009-06-13,male,T20,New Zealand,Pakistan,Kennington Oval,London,,New Zealand,bat,Pakistan,WINNER,Pakistan won,,,20
356009,2009-06-14,male,T20,Ireland,Sri Lanka,Lord's,London,,Sri Lanka,bat,Sri Lanka,WINNER,Sri Lanka won,,,20
356010,2009-06-14,male,T20,England,India,Lord's,London,,India,field,England,WINNER,England won,,,20
356011,2009-06-15,male,T20,England,West Indies,Kennington Oval,London,,England,bat,West Indies,WINNER,West Indies won,D/L,,20
356012,2009-06-15,male,T20,Ireland,Pakistan,Kennington Oval,London,,Pakistan,bat,Pakistan,WINNER,Pakistan won,,,20
356013,2009-06-16,male,T20,New Zealand,Sri Lanka,Trent Bridge,Nottingham,,Sri Lanka,bat,Sri Lanka,WINNER,Sri Lanka won,,,20
356014,2009-06-16,male,T20,India,South Africa,Trent Bridge,Nottingham,,South Africa,bat,South Africa,WINNER,South Africa won,,,20
355988,2009-06-18,female,T20,India,New Zealand,Trent Bridge,Nottingham,,New Zealand,bat,New Zealand,WINNER,New Zealand won,,,20
356015,2009-06-18,male,T20,Pakistan,South Africa,Trent Bridge,Nottingham,,Pakistan,bat,Pakistan,WINNER,Pakistan won,,,20
355989,2009-06-19,female,T20,England,Australia,Kennington Oval,London,,England,field,England,WINNER,England won,,,20
356016,2009-06-19,male,T20,Sri Lanka,West Indies,Kennington Oval,London,,West Indies,field,Sri Lanka,WINNER,Sri Lanka won,,,20
356017,2009-06-21,male,T20,Pakistan,Sri Lanka,Lord's,London,,Sri Lanka,bat,Pakistan,WINNER,Pakistan won,,,20
391794,2009-06-25,female,T20,England,Australia,County Ground,Derby,,Australia,bat,Australia,WINNER,Australia won,,,20
401076,2009-08-02,male,T20,West Indies,Bangladesh,"Warner Park, Basseterre",St Kitts,,Bangladesh,bat,West Indies,WINNER,West Indies won,,,20
403375,2009-08-12,male,T20,Sri Lanka,Pakistan,R Premadasa Stadium,Colombo,,Pakistan,bat,Pakistan,WINNER,Pakistan won,,,20
350050,2009-08-30,male,T20,England,Australia,Old Trafford,Manchester,,England,field,,NO_RESULT,No result,,,20
403385,2009-09-02,male,T20,Sri Lanka,New Zealand,R Premadasa Stadium,Colombo,,New Zealand,bat,New Zealand,WINNER,New Zealand won,,,20
403386,2009-09-04,male,T20,Sri Lanka,New Zealand,R Premadasa Stadium,Colombo,,New Zealand,bat,New Zealand,WINNER,New Zealand won,,,20
423391,2009-10-28,female,T20,South Africa,West Indies,Boland Bank Park,Paarl,,South Africa,field,West Indies,WINNER,West Indies won,,,20
426723,2009-11-12,male,T20,New Zealand,Pakistan,Dubai International Cricket Stadium,,,New Zealand,field,Pakistan,WINNER,Pakistan won,,,20
387563,2009-11-13,male,T20,South Africa,England,New Wanderers Stadium,Johannesburg,,South Africa,field,England,WINNER,England won,D/L,,20
426724,2009-11-13,male,T20,New Zealand,Pakistan,Dubai International Cricket Stadium,,,Pakistan,bat,Pakistan,WINNER,Pakistan won,,,20
387564,2009-11-15,male,T20,South Africa,England,SuperSport Park,Centurion,,South Africa,bat,South Africa,WINNER,South Africa won,,,20
430884,2009-12-09,male,T20,India,Sri Lanka,"Vidarbha Cricket Association Stadium, Jamtha",Nagpur,,India,field,Sri Lanka,WINNER,Sri Lanka won,,,20
430885,2009-12-12,male,T20,India,Sri Lanka,"Punjab Cricket Association Stadium, Mohali",Chandigarh,,Sri Lanka,bat,India,WINNER,India won,,,20
423782,2010-02-03,male,T20,New Zealand,Bangladesh,Seddon Park,Hamilton,,Bangladesh,bat,New Zealand,WINNER,New Zealand won,,,20
406207,2010-02-05,male,T20,Australia,Pakistan,Melbourne Cricket Ground,,,Australia,bat,Australia,WINNER,Australia won,,,20
439497,2010-02-09,male,T20,Canada,Netherlands,Dubai International Cricket Stadium,,,Canada,bat,Netherlands,WINNER,Netherlands won,,,20
439499,2010-02-10,male,T20,Canada,Kenya,Dubai International Cricket Stadium,,,Kenya,field,Kenya,WINNER,Kenya won,,,20
439505,2010-02-11,male,T20,Ireland,Scotland,Dubai International Cricket Stadium,,,Ireland,bat,Ireland,WINNER,Ireland won,,,20
439510,2010-02-13,male,T20,Ireland,Netherlands,Dubai International Cricket Stadium,,,Ireland,bat,Ireland,WINNER,Ireland won,,,20
440945,2010-02-19,male,T20,England,Pakistan,Dubai International Cricket Stadium,,,Pakistan,bat,England,WINNER,England won,,,20
440946,2010-02-20,male,T20,England,Pakistan,Dubai International Cricket Stadium,,,Pakistan,field,Pakistan,WINNER,Pakistan won,,,20
406197,2010-02-21,male,T20,Australia,West Indies,Bellerive Oval,Hobart,,Australia,bat,Australia,WINNER,Australia won,,,20
406198,2010-02-23,male,T20,Australia,West Indies,Sydney Cricket Ground,,,West Indies,bat,Australia,WINNER,Australia won,,,20
423787,2010-02-26,male,T20,New Zealand,Australia,Westpac Stadium,Wellington,,New Zealand,bat,Australia,WINNER,Australia won,,,20
423788,2010-02-28,male,T20,New Zealand,Australia,AMI Stadium,Christchurch,,New Zealand,bat,New Zealand,TIED,Tied; New Zealand won via Super Over,,New Zealand,20
439139,2010-02-28,male,T20,West Indies,Zimbabwe,"Queen's Park Oval, Port of Spain",Trinidad,,Zimbabwe,bat,Zimbabwe,WINNER,Zimbabwe won,,,20
412677,2010-04-30,male,T20,West Indies,Ireland,Providence Stadium,Guyana,,West Indies,bat,West Indies,WINNER,West Indies won,,,20
412678,2010-04-30,male,T20,New Zealand,Sri Lanka,Providence Stadium,Guyana,,Sri Lanka,bat,New Zealand,WINNER,New Zealand won,,,20
412680,2010-05-01,male,T20,Bangladesh,Pakistan,"Beausejour Stadium, Gros Islet",St Lucia,,Pakistan,bat,Pakistan,WINNER,Pakistan won,,,20
412682,2010-05-02,male,T20,India,South Africa,"Beausejour Stadium, Gros Islet",St Lucia,,South Africa,field,India,WINNER,India won,,,20
412683,2010-05-02,male,T20,Australia,Pakistan,"Beausejour Stadium, Gros Islet",St Lucia,,Australia,bat,Australia,WINNER,Australia won,,,20
412685,2010-05-03,male,T20,West Indies,England,Providence Stadium,Guyana,,West Indies,field,West Indies,WINNER,West Indies won,D/L,,20
412686,2010-05-03,male,T20,Sri Lanka,Zimbabwe,Providence Stadium,Guyana,,Sri Lanka,bat,Sri Lanka,WINNER,Sri Lanka won,D/L,,20
412681,2010-05-04,male,T20,England,Ireland,Providence Stadium,Guyana,,Ireland,field,,NO_RESULT,No result,,,20
412684,2010-05-04,male,T20,New Zealand,Zimbabwe,Providence Stadium,Guyana,,New Zealand,field,New Zealand,WINNER,New Zealand won,D/L,,20
412688,2010-05-05,male,T20,Australia,Bangladesh,"Kensington Oval, Bridgetown",Barbados,,Australia,bat,Australia,WINNER,Australia won,,,20
412689,2010-05-06,male,T20,England,Pakistan,"Kensington Oval, Bridgetown",Barbados,,England,field,England,WINNER,England won,,,20
412690,2010-05-06,male,T20,New Zealand,South Africa,"Kensington Oval, Bridgetown",Barbados,,South Africa,bat,South Africa,WINNER,South Africa won,,,20
412691,2010-05-07,male,T20,Australia,India,"Kensington Oval, Bridgetown",Barbados,,India,field,Australia,WINNER,Australia won,,,20
412692,2010-05-07,male,T20,West Indies,Sri Lanka,"Kensington Oval, Bridgetown",Barbados,,Sri Lanka,bat,Sri Lanka,WINNER,Sri Lanka won,,,20
412693,2010-05-08,male,T20,New Zealand,Pakistan,"Kensington Oval, Bridgetown",Barbados,,Pakistan,field,New Zealand,WINNER,New Zealand won,,,20
412694,2010-05-08,male,T20,England,South Africa,"Kensington Oval, Bridgetown",Barbados,,England,bat,England,WINNER,England won,,,20
412695,2010-05-09,male,T20,West Indies,India,"Kensington Oval, Bridgetown",Barbados,,India,field,West Indies,WINNER,West Indies won,,,20
412696,2010-05-09,male,T20,Australia,Sri Lanka,"Kensington Oval, Bridgetown",Barbados,,Australia,bat,Australia,WINNER,Australia won,,,20
412697,2010-05-10,male,T20,Pakistan,South Africa,"Beausejour Stadium, Gros Islet",St Lucia,,Pakistan,bat,Pakistan,WINNER,Pakistan won,,,20
412698,2010-05-10,male,T20,England,New Zealand,"Beausejour Stadium, Gros Islet",St Lucia,,New Zealand,bat,England,WINNER,England won,,,20
412699,2010-05-11,male,T20,India,Sri Lanka,"Beausejour Stadium, Gros Islet",St Lucia,,India,bat,Sri Lanka,WINNER,Sri Lanka won,,,20
412700,2010-05-11,male,T20,West Indies,Australia,"Beausejour Stadium, Gros Islet",St Lucia,,West Indies,bat,Australia,WINNER,Australia won,,,20
412701,2010-05-13,male,T20,England,Sri Lanka,"Beausejour Stadium, Gros Islet",St Lucia,,Sri Lanka,bat,England,WINNER,England won,,,20
412716,2010-05-13,female,T20,Australia,India,"Beausejour Stadium, Gros Islet",St Lucia,,India,bat,Australia,WINNER,Australia won,,,20
412702,2010-05-14,male,T20,Australia,Pakistan,"Beausejour Stadium, Gros Islet",St Lucia,,Australia,field,Australia,WINNER,Australia won,,,20
412717,2010-05-14,female,T20,West Indies,New Zealand,"Beausejour Stadium, Gros Islet",St Lucia,,West Indies,field,New Zealand,WINNER,New Zealand won,,,20
412703,2010-05-16,male,T20,Australia,England,"Kensington Oval, Bridgetown",Barbados,,England,field,England,WINNER,England won,,,20
412718,2010-05-16,female,T20,Australia,New Zealand,"Kensington Oval, Bridgetown",Barbados,,Australia,bat,Australia,WINNER,Australia won,,,20
439146,2010-05-19,male,T20,West Indies,South Africa,"Sir Vivian Richards Stadium, North Sound",Antigua,,West Indies,field,South Africa,WINNER,South Africa won,,,20
447539,2010-05-20,male,T20,West Indies,South Africa,"Sir Vivian Richards Stadium, North Sound",Antigua,,West Indies,field,South Africa,WINNER,South Africa won,,,20
456991,2010-05-22,male,T20,New Zealand,Sri Lanka,Central Broward Regional Park Stadium Turf Ground,Lauderhill,,New Zealand,bat,New Zealand,WINNER,New Zealand won,,,20
456992,2010-05-23,male,T20,New Zealand,Sri Lanka,Central Broward Regional Park Stadium Turf Ground,Lauderhill,,New Zealand,bat,Sri Lanka,WINNER,Sri Lanka won,,,20
452153,2010-06-12,male,T20,Zimbabwe,India,Harare Sports Club,,,India,field,India,WINNER,India won,,,20
452154,2010-06-13,male,T20,Zimbabwe,India,Harare Sports Club,,,India,field,India,WINNER,India won,,,20
426392,2010-07-05,male,T20,Australia,Pakistan,Edgbaston,Birmingham,,Pakistan,bat,Pakistan,WINNER,Pakistan won,,,20
426393,2010-07-06,male,T20,Australia,Pakistan,Edgbaston,Birmingham,,Pakistan,bat,Pakistan,WINNER,Pakistan won,,,20
426417,2010-09-05,male,T20,England,Pakistan,Sophia Gardens,Cardiff,,England,field,England,WINNER,England won,,,20
426418,2010-09-07,male,T20,England,Pakistan,Sophia Gardens,Cardiff,,Pakistan,bat,England,WINNER,England won,,,20
463141,2010-10-08,male,T20,South Africa,Zimbabwe,OUTsurance Oval,Bloemfontein,,Zimbabwe,bat,South Africa,WINNER,South Africa won,,,20
463142,2010-10-10,male,T20,South Africa,Zimbabwe,De Beers Diamond Oval,Kimberley,,South Africa,bat,South Africa,WINNER,South Africa won,,,20
478279,2010-10-26,male,T20,Pakistan,South Africa,Sheikh Zayed Stadium,Abu Dhabi,,Pakistan,bat,South Africa,WINNER,South Africa won,,,20
461565,2010-10-27,male,T20,Pakistan,South Africa,Sheikh Zayed Stadium,Abu Dhabi,,Pakistan,bat,South Africa,WINNER,South Africa won,,,20
446956,2010-10-31,male,T20,Australia,Sri Lanka,Western Australia Cricket Association Ground,Perth,,Australia,bat,Sri Lanka,WINNER,Sri Lanka won,,,20
473918,2010-12-26,male,T20,New Zealand,Pakistan,Eden Park,Auckland,,New Zealand,field,New Zealand,WINNER,New Zealand won,,,20
473919,2010-12-28,male,T20,New Zealand,Pakistan,Seddon Park,Hamilton,,Pakistan,field,New Zealand,WINNER,New Zealand won,,,20
473920,2010-12-30,male,T20,New Zealand,Pakistan,AMI Stadium,Christchurch,,Pakistan,bat,Pakistan,WINNER,Pakistan won,,,20
476947,2010-12-30,female,T20,New Zealand,Australia,Saxton Oval,Nelson,,New Zealand,bat,Australia,WINNER,Australia won,,,20
463149,2011-01-09,male,T20,South Africa,India,Moses Mabhida Stadium,Durban,,India,bat,India,WINNER,India won,,,20
446960,2011-01-12,male,T20,Australia,England,Adelaide Oval,,,Australia,bat,England,WINNER,England won,,,20
446961,2011-01-14,male,T20,Australia,England,Melbourne Cricket Ground,,,Australia,bat,Australia,WINNER,Australia won,,,20
489212,2011-04-21,male,T20,West Indies,Pakistan,"Beausejour Stadium, Gros Islet",St Lucia,,West Indies,bat,West Indies,WINNER,West Indies won,,,20
489220,2011-06-04,male,T20,West Indies,India,"Queen's Park Oval, Port of Spain",Trinidad,,West Indies,field,India,WINNER,India won,,,20
474466,2011-06-25,male,T20,England,Sri Lanka,County Ground,Bristol,,Sri Lanka,field,Sri Lanka,WINNER,Sri Lanka won,,,20
492547,2011-06-26,female,T20,England,India,County Ground,Taunton,,England,bat,England,WINNER,England won,,,20
516204,2011-08-06,male,T20,Sri Lanka,Australia,Pallekele International Cricket Stadium,,,Australia,field,Sri Lanka,WINNER,Sri Lanka won,,,20
516205,2011-08-08,male,T20,Sri Lanka,Australia,Pallekele International Cricket Stadium,,,Sri Lanka,bat,Sri Lanka,WINNER,Sri Lanka won,,,20
474476,2011-08-31,male,T20,England,India,Old Trafford,Manchester,,India,bat,England,WINNER,England won,,,20
523735,2011-09-16,male,T20,Zimbabwe,Pakistan,Harare Sports Club,,,Zimbabwe,field,Pakistan,WINNER,Pakistan won,,,20
523736,2011-09-18,male,T20,Zimbabwe,Pakistan,Harare Sports Club,,,Pakistan,bat,Pakistan,WINNER,Pakistan won,,,20
525816,2011-09-23,male,T20,England,West Indies,Kennington Oval,London,,England,field,England,WINNER,England won,,,20
525817,2011-09-25,male,T20,England,West Indies,Kennington Oval,London,,England,field,West Indies,WINNER,West Indies won,,,20
531982,2011-10-11,male,T20,Bangladesh,West Indies,Shere Bangla National Stadium,Mirpur,,Bangladesh,field,Bangladesh,WINNER,Bangladesh won,,,20
514023,2011-10-13,male,T20,South Africa,Australia,Newlands,Cape Town,,South Africa,bat,Australia,WINNER,Australia won,,,20
527012,2011-10-15,male,T20,Zimbabwe,New Zealand,Harare Sports Club,,,New Zealand,field,New Zealand,WINNER,New Zealand won,,,20
514024,2011-10-16,male,T20,South Africa,Australia,New Wanderers Stadium,Johannesburg,,Australia,bat,South Africa,WINNER,South Africa won,,,20
527013,2011-10-17,male,T20,Zimbabwe,New Zealand,Harare Sports Club,,,Zimbabwe,field,New Zealand,WINNER,New Zealand won,D/L,,20
521217,2011-10-29,male,T20,India,England,Eden Gardens,Kolkata,,India,bat,England,WINNER,England won,,,20
527683,2011-10-29,female,T20,South Africa,England,Senwes Park,Potchefstroom,,South Africa,bat,,NO_RESULT,No result,,,20
530432,2011-11-25,male,T20,Pakistan,Sri Lanka,Sheikh Zayed Stadium,Abu Dhabi,,Sri Lanka,bat,Pakistan,WINNER,Pakistan won,,,20
538068,2011-11-29,male,T20,Bangladesh,Pakistan,Shere Bangla National Stadium,Mirpur,,Pakistan,bat,Pakistan,WINNER,Pakistan won,,,20
518954,2012-02-01,male,T20,Australia,India,Stadium Australia,Sydney,,India,field,Australia,WINNER,Australia won,,,20
518955,2012-02-03,male,T20,Australia,India,Melbourne Cricket Ground,,,Australia,bat,India,WINNER,India won,,,20
520595,2012-02-11,male,T20,New Zealand,Zimbabwe,Eden Park,Auckland,,Zimbabwe,bat,New Zealand,WINNER,New Zealand won,,,20
520596,2012-02-14,male,T20,New Zealand,Zimbabwe,Seddon Park,Hamilton,,Zimbabwe,bat,New Zealand,WINNER,New Zealand won,,,20
520597,2012-02-17,male,T20,New Zealand,South Africa,Westpac Stadium,Wellington,,New Zealand,field,New Zealand,WINNER,New Zealand won,,,20
527688,2012-02-17,female,T20,New Zealand,England,Westpac Stadium,Wellington,,England,field,England,WINNER,England won,,,20
520598,2012-02-19,male,T20,New Zealand,South Africa,Seddon Park,Hamilton,,South Africa,field,South Africa,WINNER,South Africa won,,,20
527689,2012-02-19,female,T20,New Zealand,England,Seddon Park,Hamilton,,New Zealand,field,England,WINNER,England won,,,20
520599,2012-02-22,male,T20,New Zealand,South Africa,Eden Park,Auckland,,New Zealand,field,South Africa,WINNER,South Africa won,,,20
527690,2012-02-22,female,T20,New Zealand,England,Eden Park,Auckland,,New Zealand,field,England,WINNER,England won,D/L,,20
543883,2012-02-22,male,T20,Kenya,Ireland,Mombasa Sports Club Ground,,,Ireland,field,Ireland,WINNER,Ireland won,,,20
531635,2012-02-23,male,T20,England,Pakistan,Dubai International Cricket Stadium,,,England,field,Pakistan,WINNER,Pakistan won,,,20
543884,2012-02-23,male,T20,Kenya,Ireland,Mombasa Sports Club Ground,,,Kenya,bat,Ireland,WINNER,Ireland won,,,20
543885,2012-02-24,male,T20,Kenya,Ireland,Mombasa Sports Club Ground,,,Ireland,bat,Ireland,WINNER,Ireland won,,,20
531636,2012-02-25,male,T20,England,Pakistan,Dubai International Cricket Stadium,,,England,bat,England,WINNER,England won,,,20
531637,2012-02-27,male,T20,England,Pakistan,Sheikh Zayed Stadium,Abu Dhabi,,England,bat,England,WINNER,England won,,,20
546410,2012-03-13,male,T20,Canada,Netherlands,Dubai International Cricket Stadium,,,Netherlands,bat,Netherlands,WINNER,Netherlands won,,,20
546414,2012-03-14,male,T20,Ireland,Kenya,Dubai International Cricket Stadium,,,Kenya,bat,Ireland,WINNER,Ireland won,,,20
546442,2012-03-18,male,T20,Ireland,Scotland,Dubai International Cricket Stadium,,,Ireland,bat,Ireland,WINNER,Ireland won,,,20
546462,2012-03-22,male,T20,Canada,Ireland,Dubai International Cricket Stadium,,,Canada,bat,Ireland,WINNER,Ireland won,,,20
546470,2012-03-23,male,T20,Ireland,Netherlands,Dubai International Cricket Stadium,,,Ireland,field,Ireland,WINNER,Ireland won,,,20
546473,2012-03-23,male,T20,Canada,Scotland,Dubai International Cricket Stadium,,,Canada,bat,Scotland,WINNER,Scotland won,,,20
540173,2012-03-27,male,T20,West Indies,Australia,"Beausejour Stadium, Gros Islet",St Lucia,,West Indies,bat,Australia,WINNER,Australia won,,,20
540174,2012-03-30,male,T20,West Indies,Australia,"Kensington Oval, Bridgetown",Barbados,,West Indies,bat,West Indies,WINNER,West Indies won,,,20
556252,2012-03-30,male,T20,South Africa,India,New Wanderers Stadium,Johannesburg,,India,field,South Africa,WINNER,South Africa won,D/L,,20
562437,2012-06-01,male,T20,Sri Lanka,Pakistan,"Mahinda Rajapaksa International Cricket Stadium, Sooriyawewa",Hambantota,,Sri Lanka,bat,Sri Lanka,WINNER,Sri Lanka won,,,20
562438,2012-06-03,male,T20,Sri Lanka,Pakistan,"Mahinda Rajapaksa International Cricket Stadium, Sooriyawewa",Hambantota,,Pakistan,bat,Pakistan,WINNER,Pakistan won,,,20
534208,2012-06-24,male,T20,England,West Indies,Trent Bridge,Nottingham,,West Indies,bat,England,WINNER,England won,,,20
542850,2012-06-26,female,T20,England,India,St Lawrence Ground,Canterbury,,India,field,England,WINNER,England won,,,20
542851,2012-06-28,female,T20,England,India,County Ground,Chelmsford,,India,bat,England,WINNER,England won,,,20
560921,2012-06-30,male,T20,New Zealand,West Indies,Central Broward Regional Park Stadium Turf Ground,Lauderhill,,New Zealand,field,West Indies,WINNER,West Indies won,,,20
560922,2012-07-01,male,T20,New Zealand,West Indies,Central Broward Regional Park Stadium Turf Ground,Lauderhill,,West Indies,bat,West Indies,WINNER,West Indies won,,,20
567071,2012-07-18,male,T20,Ireland,Bangladesh,"Civil Service Cricket Club, Stormont",Belfast,,Ireland,field,Bangladesh,WINNER,Bangladesh won,,,20
567205,2012-07-25,male,T20,Netherlands,Bangladesh,Sportpark Westvliet,The Hague,,Netherlands,bat,Bangladesh,WINNER,Bangladesh won,,,20
573672,2012-07-26,male,T20,Netherlands,Bangladesh,Sportpark Westvliet,The Hague,,Bangladesh,bat,Netherlands,WINNER,Netherlands won,,,20
564786,2012-08-07,male,T20,Sri Lanka,India,Pallekele International Cricket Stadium,,,Sri Lanka,field,India,WINNER,India won,,,20
565844,2012-09-04,female,T20,England,Pakistan,Haslegrave Ground,Loughborough,,Pakistan,bat,England,WINNER,England won,,,20
565845,2012-09-05,female,T20,England,Pakistan,Haslegrave Ground,Loughborough,,England,bat,England,WINNER,England won,,,20
571148,2012-09-05,male,T20,Australia,Pakistan,Dubai International Cricket Stadium,,,Pakistan,field,Pakistan,WINNER,Pakistan won,,,20
571149,2012-09-07,male,T20,Australia,Pakistan,Dubai International Cricket Stadium,,,Pakistan,bat,Pakistan,TIED,Tied; Pakistan won via Super Over,,Pakistan,20
534233,2012-09-08,male,T20,England,South Africa,Riverside Ground,Chester-le-Street,,South Africa,field,South Africa,WINNER,South Africa won,,,20
551593,2012-09-08,female,T20,England,West Indies,Riverside Ground,Chester-le-Street,,West Indies,bat,England,WINNER,England won,,,20
534234,2012-09-10,male,T20,England,South Africa,Old Trafford,Manchester,,England,field,,NO_RESULT,No result,,,20
551594,2012-09-10,female,T20,England,West Indies,Old Trafford,Manchester,,West Indies,field,England,WINNER,England won,,,20
571150,2012-09-10,male,T20,Australia,Pakistan,Dubai International Cricket Stadium,,,Pakistan,field,Australia,WINNER,Australia won,,,20
565820,2012-09-11,male,T20,India,New Zealand,"MA Chidambaram Stadium, Chepauk",Chennai,,India,field,New Zealand,WINNER,New Zealand won,,,20
534235,2012-09-12,male,T20,England,South Africa,Edgbaston,Birmingham,,South Africa,field,England,WINNER,England won,,,20
551595,2012-09-13,female,T20,England,West Indies,County Ground,Northampton,,England,bat,England,WINNER,England won,,,20
551596,2012-09-15,female,T20,England,West Indies,County Ground,Hove,,England,bat,England,WINNER,England won,,,20
551597,2012-09-16,female,T20,England,West Indies,Arundel Castle Cricket Club Ground,,,West Indies,field,West Indies,WINNER,West Indies won,,,20
533272,2012-09-18,male,T20,Sri Lanka,Zimbabwe,"Mahinda Rajapaksa International Cricket Stadium, Sooriyawewa",Hambantota,,Zimbabwe,field,Sri Lanka,WINNER,Sri Lanka won,,,20
533273,2012-09-19,male,T20,Australia,Ireland,R Premadasa Stadium,Colombo,,Ireland,bat,Australia,WINNER,Australia won,,,20
533275,2012-09-20,male,T20,South Africa,Zimbabwe,"Mahinda Rajapaksa International Cricket Stadium, Sooriyawewa",Hambantota,,South Africa,field,South Africa,WINNER,South Africa won,,,20
533276,2012-09-21,male,T20,Bangladesh,New Zealand,Pallekele International Cricket Stadium,,,Bangladesh,field,New Zealand,WINNER,New Zealand won,,,20
533278,2012-09-22,male,T20,Sri Lanka,South Africa,"Mahinda Rajapaksa International Cricket Stadium, Sooriyawewa",Hambantota,,Sri Lanka,field,South Africa,WINNER,South Africa won,,,20
533279,2012-09-22,male,T20,Australia,West Indies,R Premadasa Stadium,Colombo,,West Indies,bat,Australia,WINNER,Australia won,D/L,,20
533280,2012-09-23,male,T20,New Zealand,Pakistan,Pallekele International Cricket Stadium,,,Pakistan,bat,Pakistan,WINNER,Pakistan won,,,20
533281,2012-09-23,male,T20,England,India,R Premadasa Stadium,Colombo,,England,field,India,WINNER,India won,,,20
533282,2012-09-24,male,T20,Ireland,West Indies,R Premadasa Stadium,Colombo,,West Indies,field,,NO_RESULT,No result,,,20
533283,2012-09-25,male,T20,Bangladesh,Pakistan,Pallekele International Cricket Stadium,,,Bangladesh,bat,Pakistan,WINNER,Pakistan won,,,20
533299,2012-09-26,female,T20,Sri Lanka,South Africa,Galle International Stadium,,,South Africa,field,South Africa,WINNER,South Africa won,,,20
533300,2012-09-26,female,T20,New Zealand,West Indies,Galle International Stadium,,,West Indies,field,West Indies,WINNER,West Indies won,,,20
533284,2012-09-27,male,T20,Sri Lanka,New Zealand,Pallekele International Cricket Stadium,,,New Zealand,bat,Sri Lanka,TIED,Tied; Sri Lanka won via Super Over,,Sri Lanka,20
533285,2012-09-27,male,T20,England,West Indies,Pallekele International Cricket Stadium,,,West Indies,bat,West Indies,WINNER,West Indies won,,,20
533301,2012-09-27,female,T20,England,Pakistan,Galle International Stadium,,,Pakistan,field,England,WINNER,England won,,,20
533302,2012-09-27,female,T20,Australia,India,Galle International Stadium,,,India,bat,Australia,WINNER,Australia won,,,20
533286,2012-09-28,male,T20,Pakistan,South Africa,R Premadasa Stadium,Colombo,,South Africa,bat,Pakistan,WINNER,Pakistan won,,,20
533287,2012-09-28,male,T20,Australia,India,R Premadasa Stadium,Colombo,,India,bat,Australia,WINNER,Australia won,,,20
533303,2012-09-28,female,T20,New Zealand,South Africa,Galle International Stadium,,,South Africa,field,New Zealand,WINNER,New Zealand won,,,20
533304,2012-09-28,female,T20,Sri Lanka,West Indies,Galle International Stadium,,,West Indies,field,Sri Lanka,WINNER,Sri Lanka won,D/L,,20
533288,2012-09-29,male,T20,England,New Zealand,Pallekele International Cricket Stadium,,,New Zealand,bat,England,WINNER,England won,,,20
533289,2012-09-29,male,T20,Sri Lanka,West Indies,Pallekele International Cricket Stadium,,,West Indies,bat,Sri Lanka,WINNER,Sri Lanka won,,,20
533305,2012-09-29,female,T20,Australia,Pakistan,Galle International Stadium,,,Australia,bat,Australia,WINNER,Australia won,D/L,,20
533306,2012-09-29,female,T20,England,India,Galle International Stadium,,,India,bat,England,WINNER,England won,,,20
533290,2012-09-30,male,T20,Australia,South Africa,R Premadasa Stadium,Colombo,,Australia,field,Australia,WINNER,Australia won,,,20
533291,2012-09-30,male,T20,India,Pakistan,R Premadasa Stadium,Colombo,,Pakistan,bat,India,WINNER,India won,,,20
533307,2012-09-30,female,T20,South Africa,West Indies,Galle International Stadium,,,West Indies,field,West Indies,WINNER,West Indies won,,,20
533308,2012-09-30,female,T20,Sri Lanka,New Zealand,Galle International Stadium,,,Sri Lanka,bat,New Zealand,WINNER,New Zealand won,,,20
533292,2012-10-01,male,T20,New Zealand,West Indies,Pallekele International Cricket Stadium,,,New Zealand,field,West Indies,TIED,Tied; West Indies won via Super Over,,West Indies,20
533293,2012-10-01,male,T20,Sri Lanka,England,Pallekele International Cricket Stadium,,,England,field,Sri Lanka,WINNER,Sri Lanka won,,,20
533309,2012-10-01,female,T20,India,Pakistan,Galle International Stadium,,,Pakistan,bat,Pakistan,WINNER,Pakistan won,,,20
533310,2012-10-01,female,T20,Australia,England,Galle International Stadium,,,Australia,bat,England,WINNER,England won,,,20
533294,2012-10-02,male,T20,Australia,Pakistan,R Premadasa Stadium,Colombo,,Australia,field,Pakistan,WINNER,Pakistan won,,,20
533295,2012-10-02,male,T20,India,South Africa,R Premadasa Stadium,Colombo,,South Africa,field,India,WINNER,India won,,,20
584772,2012-10-03,female,T20,Sri Lanka,India,Nondescripts Cricket Club Ground,Colombo,,Sri Lanka,bat,India,WINNER,India won,,,20
533296,2012-10-04,male,T20,Sri Lanka,Pakistan,R Premadasa Stadium,Colombo,,Sri Lanka,bat,Sri Lanka,WINNER,Sri Lanka won,,,20
533311,2012-10-04,female,T20,England,New Zealand,R Premadasa Stadium,Colombo,,England,field,England,WINNER,England won,,,20
533297,2012-10-05,male,T20,Australia,West Indies,R Premadasa Stadium,Colombo,,West Indies,bat,West Indies,WINNER,West Indies won,,,20
533312,2012-10-05,female,T20,Australia,West Indies,R Premadasa Stadium,Colombo,,Australia,bat,Australia,WINNER,Australia won,,,20
533298,2012-10-07,male,T20,Sri Lanka,West Indies,R Premadasa Stadium,Colombo,,West Indies,bat,West Indies,WINNER,West Indies won,,,20
533313,2012-10-07,female,T20,Australia,England,R Premadasa Stadium,Colombo,,England,field,Australia,WINNER,Australia won,,,20
584923,2012-10-28,female,T20,Bangladesh,Sri Lanka,Guanggong International Cricket Stadium,,,Sri Lanka,field,Bangladesh,WINNER,Bangladesh won,,,20
584924,2012-10-28,female,T20,India,Pakistan,Guanggong International Cricket Stadium,,,Pakistan,bat,India,WINNER,India won,,,20
582186,2012-10-30,male,T20,Sri Lanka,New Zealand,Pallekele International Cricket Stadium,,,Sri Lanka,field,,NO_RESULT,No result,,,20
584928,2012-10-30,female,T20,Bangladesh,Pakistan,Guanggong International Cricket Stadium,,,Pakistan,field,Pakistan,WINNER,Pakistan won,,,20
584929,2012-10-31,female,T20,India,Pakistan,Guanggong International Cricket Stadium,,,India,bat,India,WINNER,India won,,,20
587476,2012-12-10,male,T20,Bangladesh,West Indies,Shere Bangla National Stadium,Mirpur,,West Indies,bat,West Indies,WINNER,West Indies won,,,20
565810,2012-12-20,male,T20,India,England,Subrata Roy Sahara Stadium,Pune,,India,field,India,WINNER,India won,,,20
567353,2012-12-21,male,T20,South Africa,New Zealand,Kingsmead,Durban,,New Zealand,bat,South Africa,WINNER,South Africa won,,,20
565811,2012-12-22,male,T20,India,England,Wankhede Stadium,Mumbai,,England,field,England,WINNER,England won,,,20
567354,2012-12-23,male,T20,South Africa,New Zealand,Buffalo Park,East London,,New Zealand,field,New Zealand,WINNER,New Zealand won,D/L,,20
589306,2012-12-25,male,T20,India,Pakistan,M Chinnaswamy Stadium,Bangalore,,Pakistan,field,Pakistan,WINNER,Pakistan won,,,20
567355,2012-12-26,male,T20,South Africa,New Zealand,St George's Park,Port Elizabeth,,South Africa,bat,South Africa,WINNER,South Africa won,,,20
589307,2012-12-28,male,T20,India,Pakistan,"Sardar Patel Stadium, Motera",Ahmedabad,,Pakistan,field,India,WINNER,India won,,,20
588498,2013-01-19,female,T20,West Indies,South Africa,"Beausejour Stadium, Gros Islet",St Lucia,,South Africa,bat,West Indies,WINNER,West Indies won,,,20
588499,2013-01-20,female,T20,West Indies,South Africa,"Beausejour Stadium, Gros Islet",St Lucia,,West Indies,field,West Indies,WINNER,West Indies won,,,20
573019,2013-01-26,male,T20,Australia,Sri Lanka,Stadium Australia,Sydney,,Australia,bat,Sri Lanka,WINNER,Sri Lanka won,,,20
573020,2013-01-28,male,T20,Australia,Sri Lanka,Melbourne Cricket Ground,,,Australia,field,Sri Lanka,WINNER,Sri Lanka won,D/L,,20
569237,2013-02-09,male,T20,New Zealand,England,Eden Park,Auckland,,New Zealand,field,England,WINNER,England won,,,20
569238,2013-02-12,male,T20,New Zealand,England,Seddon Park,Hamilton,,England,field,New Zealand,WINNER,New Zealand won,,,20
573027,2013-02-13,male,T20,Australia,West Indies,"Brisbane Cricket Ground, Woolloongabba",Brisbane,,West Indies,bat,West Indies,WINNER,West Indies won,,,20
569239,2013-02-15,male,T20,New Zealand,England,Westpac Stadium,Wellington,,England,field,England,WINNER,England won,,,20
593986,2013-03-02,male,T20,West Indies,Zimbabwe,"Sir Vivian Richards Stadium, North Sound",Antigua,,Zimbabwe,bat,West Indies,WINNER,West Indies won,,,20
567367,2013-03-03,male,T20,South Africa,Pakistan,SuperSport Park,Centurion,,Pakistan,bat,Pakistan,WINNER,Pakistan won,,,20
593987,2013-03-03,male,T20,West Indies,Zimbabwe,"Sir Vivian Richards Stadium, North Sound",Antigua,,West Indies,bat,West Indies,WINNER,West Indies won,,,20
603243,2013-03-03,female,T20,Sri Lanka,West Indies,R Premadasa Stadium,Colombo,,Sri Lanka,bat,West Indies,WINNER,West Indies won,,,20
603244,2013-03-05,female,T20,Sri Lanka,West Indies,R Premadasa Stadium,Colombo,,Sri Lanka,field,West Indies,WINNER,West Indies won,,,20
603246,2013-03-08,female,T20,Sri Lanka,West Indies,R Premadasa Stadium,Colombo,,West Indies,bat,West Indies,WINNER,West Indies won,,,20
592268,2013-03-15,male,T20,Canada,Kenya,ICC Global Cricket Academy,Dubai,,Kenya,bat,Canada,WINNER,Canada won,,,20
592269,2013-03-16,male,T20,Canada,Kenya,ICC Global Cricket Academy,Dubai,,Kenya,bat,Kenya,WINNER,Kenya won,,,20
602477,2013-03-31,male,T20,Sri Lanka,Bangladesh,Pallekele International Cricket Stadium,,,Bangladesh,field,Sri Lanka,WINNER,Sri Lanka won,,,20
630951,2013-04-19,male,T20,Kenya,Netherlands,Wanderers Cricket Ground,Windhoek,,Netherlands,bat,Kenya,WINNER,Kenya won,,,20
592276,2013-04-20,male,T20,Kenya,Netherlands,Wanderers Cricket Ground,Windhoek,,Kenya,field,Kenya,WINNER,Kenya won,,,20
623571,2013-05-11,male,T20,Zimbabwe,Bangladesh,Queens Sports Club,Bulawayo,,Zimbabwe,bat,Zimbabwe,WINNER,Zimbabwe won,,,20
623572,2013-05-12,male,T20,Zimbabwe,Bangladesh,Queens Sports Club,Bulawayo,,Bangladesh,bat,Bangladesh,WINNER,Bangladesh won,,,20
566926,2013-06-25,male,T20,England,New Zealand,Kennington Oval,London,,England,field,New Zealand,WINNER,New Zealand won,,,20
566927,2013-06-27,male,T20,England,New Zealand,Kennington Oval,London,,New Zealand,field,,NO_RESULT,No result,,,20
627008,2013-07-05,female,T20,England,Pakistan,Haslegrave Ground,Loughborough,,England,bat,England,WINNER,England won,,,20
627009,2013-07-05,female,T20,England,Pakistan,Haslegrave Ground,Loughborough,,Pakistan,bat,Pakistan,WINNER,Pakistan won,,,20
644941,2013-07-16,female,T20,Ireland,Pakistan,YMCA Cricket Club,Dublin,,Pakistan,bat,Pakistan,WINNER,Pakistan won,,,20
645645,2013-07-27,male,T20,West Indies,Pakistan,"Arnos Vale Ground, Kingstown",St Vincent,,West Indies,bat,Pakistan,WINNER,Pakistan won,,,20
645647,2013-07-28,male,T20,West Indies,Pakistan,"Arnos Vale Ground, Kingstown",St Vincent,,Pakistan,bat,Pakistan,WINNER,Pakistan won,,,20
640947,2013-07-29,female,T20,Ireland,Pakistan,YMCA Cricket Club,Dublin,,Pakistan,field,Pakistan,WINNER,Pakistan won,,,20
640955,2013-07-31,female,T20,Pakistan,Sri Lanka,YMCA Cricket Club,Dublin,,Sri Lanka,field,,NO_RESULT,No result,,,20
635658,2013-08-02,male,T20,Sri Lanka,South Africa,R Premadasa Stadium,Colombo,,South Africa,bat,South Africa,WINNER,South Africa won,,,20
635659,2013-08-04,male,T20,Sri Lanka,South Africa,"Mahinda Rajapaksa International Cricket Stadium, Sooriyawewa",Hambantota,,South Africa,bat,South Africa,WINNER,South Africa won,,,20
635660,2013-08-06,male,T20,Sri Lanka,South Africa,"Mahinda Rajapaksa International Cricket Stadium, Sooriyawewa",Hambantota,,South Africa,bat,Sri Lanka,WINNER,Sri Lanka won,,,20
659545,2013-08-23,male,T20,Zimbabwe,Pakistan,Harare Sports Club,,,Zimbabwe,field,Pakistan,WINNER,Pakistan won,,,20
659547,2013-08-24,male,T20,Zimbabwe,Pakistan,Harare Sports Club,,,Zimbabwe,field,Pakistan,WINNER,Pakistan won,,,20
593726,2013-08-27,female,T20,England,Australia,County Ground,Chelmsford,,England,bat,England,WINNER,England won,,,20
566937,2013-08-29,male,T20,England,Australia,The Rose Bowl,Southampton,,England,field,Australia,WINNER,Australia won,,,20
593727,2013-08-29,female,T20,England,Australia,The Rose Bowl,Southampton,,Australia,bat,England,WINNER,England won,,,20
566938,2013-08-31,male,T20,England,Australia,Riverside Ground,Chester-le-Street,,Australia,field,England,WINNER,England won,,,20
593728,2013-08-31,female,T20,England,Australia,Riverside Ground,Chester-le-Street,,England,field,England,WINNER,England won,,,20
664293,2013-09-14,female,T20,South Africa,Bangladesh,Senwes Park,Potchefstroom,,Bangladesh,bat,South Africa,WINNER,South Africa won,,,20
664295,2013-09-15,female,T20,South Africa,Bangladesh,Senwes Park,Potchefstroom,,South Africa,bat,South Africa,WINNER,South Africa won,,,20
647247,2013-10-10,male,T20,India,Australia,Saurashtra Cricket Association Stadium,Rajkot,,India,field,India,WINNER,India won,,,20
668515,2013-10-31,female,T20,South Africa,Sri Lanka,Senwes Park,Potchefstroom,,South Africa,field,South Africa,WINNER,South Africa won,,,20
668517,2013-11-02,female,T20,South Africa,Sri Lanka,Senwes Park,Potchefstroom,,South Africa,field,Sri Lanka,WINNER,Sri Lanka won,,,20
668519,2013-11-04,female,T20,South Africa,Sri Lanka,Senwes Park,Potchefstroom,,South Africa,field,South Africa,WINNER,South Africa won,,,20
668959,2013-11-06,male,T20,Bangladesh,New Zealand,Shere Bangla National Stadium,Mirpur,,New Zealand,bat,New Zealand,WINNER,New Zealand won,,,20
649101,2013-11-13,male,T20,Pakistan,South Africa,Dubai International Cricket Stadium,,,Pakistan,bat,South Africa,WINNER,South Africa won,,,20
649103,2013-11-15,male,T20,Pakistan,South Africa,Dubai International Cricket Stadium,,,South Africa,bat,South Africa,WINNER,South Africa won,,,20
660113,2013-11-16,male,T20,Canada,Ireland,Sheikh Zayed Stadium,Abu Dhabi,,Canada,field,Ireland,WINNER,Ireland won,,,20
660149,2013-11-19,male,T20,Kenya,Scotland,ICC Academy,Dubai,,Kenya,bat,Kenya,WINNER,Kenya won,,,20
685727,2013-11-20,male,T20,South Africa,Pakistan,New Wanderers Stadium,Johannesburg,,Pakistan,field,South Africa,WINNER,South Africa won,D/L,,20
668969,2013-11-21,male,T20,Sri Lanka,New Zealand,Pallekele International Cricket Stadium,,,Sri Lanka,field,Sri Lanka,WINNER,Sri Lanka won,,,20
660173,2013-11-22,male,T20,Netherlands,Scotland,ICC Academy,Dubai,,Netherlands,field,Scotland,WINNER,Scotland won,,,20
685729,2013-11-22,male,T20,South Africa,Pakistan,Newlands,Cape Town,,Pakistan,bat,Pakistan,WINNER,Pakistan won,,,20
660185,2013-11-23,male,T20,Kenya,Netherlands,ICC Academy,Dubai,,Netherlands,bat,Netherlands,WINNER,Netherlands won,,,20
660209,2013-11-26,male,T20,Canada,Kenya,Sharjah Cricket Stadium,,,Kenya,bat,Kenya,WINNER,Kenya won,,,20
660223,2013-11-28,male,T20,Netherlands,Scotland,Sheikh Zayed Stadium,Abu Dhabi,,Scotland,bat,Netherlands,WINNER,Netherlands won,,,20
657633,2013-12-11,male,T20,Pakistan,Sri Lanka,Dubai International Cricket Stadium,,,Pakistan,field,Pakistan,WINNER,Pakistan won,,,20
657635,2013-12-13,male,T20,Pakistan,Sri Lanka,Dubai International Cricket Stadium,,,Pakistan,field,Sri Lanka,WINNER,Sri Lanka won,,,20
661695,2014-01-11,male,T20,New Zealand,West Indies,Eden Park,Auckland,,New Zealand,bat,New Zealand,WINNER,New Zealand won,,,20
661697,2014-01-15,male,T20,New Zealand,West Indies,Westpac Stadium,Wellington,,West Indies,bat,New Zealand,WINNER,New Zealand won,,,20
698983,2014-01-19,female,T20,Pakistan,South Africa,West End Park International Cricket Stadium,Doha,,Pakistan,field,Pakistan,WINNER,Pakistan won,,,20
698985,2014-01-19,female,T20,Ireland,Pakistan,West End Park International Cricket Stadium,Doha,,Ireland,field,Ireland,WINNER,Ireland won,,,20
698987,2014-01-20,female,T20,Ireland,South Africa,West End Park International Cricket Stadium,Doha,,Ireland,field,South Africa,WINNER,South Africa won,,,20
698995,2014-01-24,female,T20,Pakistan,South Africa,West End Park International Cricket Stadium,Doha,,Pakistan,field,Pakistan,WINNER,Pakistan won,,,20
636164,2014-01-29,male,T20,Australia,England,Bellerive Oval,Hobart,,Australia,bat,Australia,WINNER,Australia won,,,20
636165,2014-01-31,male,T20,Australia,England,Melbourne Cricket Ground,,,England,bat,Australia,WINNER,Australia won,,,20
666047,2014-01-31,female,T20,Australia,England,Melbourne Cricket Ground,,,Australia,field,Australia,WINNER,Australia won,,,20
636166,2014-02-02,male,T20,Australia,England,Stadium Australia,Sydney,,Australia,bat,Australia,WINNER,Australia won,,,20
666049,2014-02-02,female,T20,Australia,England,Stadium Australia,Sydney,,Australia,field,Australia,WINNER,Australia won,,,20
690351,2014-02-12,male,T20,Bangladesh,Sri Lanka,Zahur Ahmed Chowdhury Stadium,Chittagong,,Bangladesh,field,Sri Lanka,WINNER,Sri Lanka won,,,20
690353,2014-02-14,male,T20,Bangladesh,Sri Lanka,Zahur Ahmed Chowdhury Stadium,Chittagong,,Bangladesh,bat,Sri Lanka,WINNER,Sri Lanka won,,,20
702141,2014-02-19,male,T20,West Indies,Ireland,"Sabina Park, Kingston",Jamaica,,West Indies,bat,Ireland,WINNER,Ireland won,,,20
702143,2014-02-21,male,T20,West Indies,Ireland,"Sabina Park, Kingston",Jamaica,,Ireland,field,West Indies,WINNER,West Indies won,,,20
636536,2014-03-09,male,T20,West Indies,England,"Kensington Oval, Bridgetown",Barbados,,West Indies,bat,West Indies,WINNER,West Indies won,,,20
636537,2014-03-11,male,T20,West Indies,England,"Kensington Oval, Bridgetown",Barbados,,England,bat,West Indies,WINNER,West Indies won,,,20
648681,2014-03-12,male,T20,South Africa,Australia,Kingsmead,Durban,,Australia,field,Australia,WINNER,Australia won,,,20
636538,2014-03-13,male,T20,West Indies,England,"Kensington Oval, Bridgetown",Barbados,,England,bat,England,WINNER,England won,,,20
648683,2014-03-14,male,T20,South Africa,Australia,SuperSport Park,Centurion,,Australia,field,Australia,WINNER,Australia won,,,20
682899,2014-03-16,male,T20,Hong Kong,Nepal,Zahur Ahmed Chowdhury Stadium,Chittagong,,Hong Kong,field,Nepal,WINNER,Nepal won,,,20
682901,2014-03-17,male,T20,Ireland,Zimbabwe,Sylhet Stadium,,,Ireland,field,Ireland,WINNER,Ireland won,,,20
682903,2014-03-17,male,T20,Netherlands,United Arab Emirates,Sylhet Stadium,,,United Arab Emirates,bat,Netherlands,WINNER,Netherlands won,,,20
682907,2014-03-18,male,T20,Bangladesh,Nepal,Zahur Ahmed Chowdhury Stadium,Chittagong,,Bangladesh,field,Bangladesh,WINNER,Bangladesh won,,,20
682909,2014-03-19,male,T20,Netherlands,Zimbabwe,Sylhet Stadium,,,Netherlands,bat,Zimbabwe,WINNER,Zimbabwe won,,,20
682911,2014-03-19,male,T20,Ireland,United Arab Emirates,Sylhet Stadium,,,Ireland,field,Ireland,WINNER,Ireland won,D/L,,20
682915,2014-03-20,male,T20,Bangladesh,Hong Kong,Zahur Ahmed Chowdhury Stadium,Chittagong,,Hong Kong,field,Hong Kong,WINNER,Hong Kong won,,,20
682917,2014-03-21,male,T20,United Arab Emirates,Zimbabwe,Sylhet Stadium,,,Zimbabwe,field,Zimbabwe,WINNER,Zimbabwe won,,,20
682919,2014-03-21,male,T20,Ireland,Netherlands,Sylhet Stadium,,,Netherlands,field,Netherlands,WINNER,Netherlands won,,,20
682921,2014-03-21,male,T20,India,Pakistan,Shere Bangla National Stadium,Mirpur,,India,field,India,WINNER,India won,,,20
682923,2014-03-22,male,T20,South Africa,Sri Lanka,Zahur Ahmed Chowdhury Stadium,Chittagong,,Sri Lanka,bat,Sri Lanka,WINNER,Sri Lanka won,,,20
682925,2014-03-22,male,T20,England,New Zealand,Zahur Ahmed Chowdhury Stadium,Chattogram,,New Zealand,field,New Zealand,WINNER,New Zealand won,D/L,,20
682927,2014-03-23,male,T20,Australia,Pakistan,Shere Bangla National Stadium,Mirpur,,Australia,field,Pakistan,WINNER,Pakistan won,,,20
682929,2014-03-23,male,T20,India,West Indies,Shere Bangla National Stadium,Mirpur,,India,field,India,WINNER,India won,,,20
682967,2014-03-23,female,T20,Australia,New Zealand,Sylhet Stadium,,,Australia,field,New Zealand,WINNER,New Zealand won,,,20
682931,2014-03-24,male,T20,New Zealand,South Africa,Zahur Ahmed Chowdhury Stadium,Chittagong,,New Zealand,field,South Africa,WINNER,South Africa won,,,20
682933,2014-03-24,male,T20,Netherlands,Sri Lanka,Zahur Ahmed Chowdhury Stadium,Chittagong,,Sri Lanka,field,Sri Lanka,WINNER,Sri Lanka won,,,20
682971,2014-03-24,female,T20,England,West Indies,Sylhet Stadium,,,England,field,West Indies,WINNER,West Indies won,,,20
682973,2014-03-24,female,T20,India,Sri Lanka,Sylhet Stadium,,,Sri Lanka,bat,Sri Lanka,WINNER,Sri Lanka won,,,20
682935,2014-03-25,male,T20,Bangladesh,West Indies,Shere Bangla National Stadium,Mirpur,,Bangladesh,field,West Indies,WINNER,West Indies won,,,20
682975,2014-03-25,female,T20,Ireland,New Zealand,Sylhet Stadium,,,New Zealand,bat,New Zealand,WINNER,New Zealand won,,,20
682979,2014-03-26,female,T20,Bangladesh,West Indies,Sylhet Stadium,,,West Indies,bat,West Indies,WINNER,West Indies won,,,20
682981,2014-03-26,female,T20,England,India,Sylhet Stadium,,,India,bat,England,WINNER,England won,,,20
682937,2014-03-27,male,T20,Netherlands,South Africa,Zahur Ahmed Chowdhury Stadium,Chittagong,,Netherlands,field,South Africa,WINNER,South Africa won,,,20
682939,2014-03-27,male,T20,England,Sri Lanka,Zahur Ahmed Chowdhury Stadium,Chittagong,,England,field,England,WINNER,England won,,,20
682985,2014-03-27,female,T20,New Zealand,Pakistan,Sylhet Stadium,,,New Zealand,bat,New Zealand,WINNER,New Zealand won,,,20
682941,2014-03-28,male,T20,Australia,West Indies,Shere Bangla National Stadium,Mirpur,,Australia,bat,West Indies,WINNER,West Indies won,,,20
682943,2014-03-28,male,T20,Bangladesh,India,Shere Bangla National Stadium,Mirpur,,India,field,India,WINNER,India won,,,20
682989,2014-03-28,female,T20,Sri Lanka,West Indies,Sylhet Stadium,,,Sri Lanka,bat,West Indies,WINNER,West Indies won,,,20
682945,2014-03-29,male,T20,Netherlands,New Zealand,Zahur Ahmed Chowdhury Stadium,Chittagong,,New Zealand,field,New Zealand,WINNER,New Zealand won,,,20
682947,2014-03-29,male,T20,England,South Africa,Zahur Ahmed Chowdhury Stadium,Chittagong,,England,field,South Africa,WINNER,South Africa won,,,20
682991,2014-03-29,female,T20,Ireland,South Africa,Sylhet Stadium,,,South Africa,bat,South Africa,WINNER,South Africa won,,,20
682993,2014-03-29,female,T20,Australia,Pakistan,Sylhet Stadium,,,Australia,bat,Australia,WINNER,Australia won,,,20
682949,2014-03-30,male,T20,Bangladesh,Pakistan,Shere Bangla National Stadium,Mirpur,,Pakistan,bat,Pakistan,WINNER,Pakistan won,,,20
682951,2014-03-30,male,T20,Australia,India,Shere Bangla National Stadium,Mirpur,,Australia,field,India,WINNER,India won,,,20
682995,2014-03-30,female,T20,Bangladesh,India,Sylhet Stadium,,,India,bat,India,WINNER,India won,,,20
682997,2014-03-30,female,T20,England,Sri Lanka,Sylhet Stadium,,,Sri Lanka,bat,England,WINNER,England won,,,20
682953,2014-03-31,male,T20,England,Netherlands,Zahur Ahmed Chowdhury Stadium,Chittagong,,England,field,Netherlands,WINNER,Netherlands won,,,20
682955,2014-03-31,male,T20,New Zealand,Sri Lanka,Zahur Ahmed Chowdhury Stadium,Chittagong,,New Zealand,field,Sri Lanka,WINNER,Sri Lanka won,,,20
682999,2014-03-31,female,T20,Ireland,Pakistan,Sylhet Stadium,,,Pakistan,bat,Pakistan,WINNER,Pakistan won,,,20
683001,2014-03-31,female,T20,New Zealand,South Africa,Sylhet Stadium,,,New Zealand,bat,South Africa,WINNER,South Africa won,,,20
682957,2014-04-01,male,T20,Bangladesh,Australia,Shere Bangla National Stadium,Mirpur,,Bangladesh,bat,Australia,WINNER,Australia won,,,20
682959,2014-04-01,male,T20,Pakistan,West Indies,Shere Bangla National Stadium,Mirpur,,West Indies,bat,West Indies,WINNER,West Indies won,,,20
683003,2014-04-01,female,T20,Bangladesh,Sri Lanka,Sylhet Stadium,,,Bangladesh,bat,Bangladesh,WINNER,Bangladesh won,,,20
683005,2014-04-01,female,T20,India,West Indies,Sylhet Stadium,,,West Indies,bat,India,WINNER,India won,,,20
683007,2014-04-02,female,T20,New Zealand,Sri Lanka,Sylhet Stadium,,,Sri Lanka,bat,New Zealand,WINNER,New Zealand won,,,20
683009,2014-04-02,female,T20,India,Pakistan,Sylhet Stadium,,,India,bat,India,WINNER,India won,,,20
682961,2014-04-03,male,T20,Sri Lanka,West Indies,Shere Bangla National Stadium,Mirpur,,Sri Lanka,bat,Sri Lanka,WINNER,Sri Lanka won,D/L,,20
683011,2014-04-03,female,T20,Australia,West Indies,Shere Bangla National Stadium,Mirpur,,Australia,bat,Australia,WINNER,Australia won,,,20
718465,2014-04-03,female,T20,Pakistan,Sri Lanka,Sylhet Stadium,,,Pakistan,bat,Pakistan,WINNER,Pakistan won,,,20
718467,2014-04-03,female,T20,Bangladesh,Ireland,Sylhet Stadium,,,Bangladesh,bat,Bangladesh,WINNER,Bangladesh won,,,20
682963,2014-04-04,male,T20,India,South Africa,Shere Bangla National Stadium,Mirpur,,South Africa,bat,India,WINNER,India won,,,20
683013,2014-04-04,female,T20,England,South Africa,Shere Bangla National Stadium,Mirpur,,England,field,England,WINNER,England won,,,20
682965,2014-04-06,male,T20,India,Sri Lanka,Shere Bangla National Stadium,Mirpur,,Sri Lanka,field,Sri Lanka,WINNER,Sri Lanka won,,,20
683015,2014-04-06,female,T20,Australia,England,Shere Bangla National Stadium,Mirpur,,Australia,field,Australia,WINNER,Australia won,,,20
667887,2014-05-20,male,T20,England,Sri Lanka,Kennington Oval,London,,England,field,Sri Lanka,WINNER,Sri Lanka won,,,20
730283,2014-07-05,male,T20,West Indies,New Zealand,"Windsor Park, Roseau",Dominica,,New Zealand,field,New Zealand,WINNER,New Zealand won,D/L,,20
730285,2014-07-06,male,T20,West Indies,New Zealand,"Windsor Park, Roseau",Dominica,,New Zealand,field,West Indies,WINNER,West Indies won,,,20
730293,2014-08-27,male,T20,West Indies,Bangladesh,"Warner Park, Basseterre",St Kitts,,Bangladesh,bat,,NO_RESULT,No result,,,20
754793,2014-08-30,female,T20,Australia,Pakistan,Kerrydale Oval,Gold Coast,,Pakistan,bat,Australia,WINNER,Australia won,,,20
754795,2014-08-31,female,T20,Australia,Pakistan,Kerrydale Oval,Gold Coast,,Australia,bat,Australia,WINNER,Australia won,,,20
693433,2014-09-01,female,T20,England,South Africa,County Ground,Chelmsford,,England,field,England,WINNER,England won,,,20
693435,2014-09-03,female,T20,England,South Africa,County Ground,Northampton,,England,bat,England,WINNER,England won,,,20
754797,2014-09-03,female,T20,Australia,Pakistan,Kerrydale Oval,Gold Coast,,Pakistan,bat,Australia,WINNER,Australia won,,,20
754799,2014-09-05,female,T20,Australia,Pakistan,Kerrydale Oval,Gold Coast,,Australia,bat,Australia,WINNER,Australia won,,,20
667731,2014-09-07,male,T20,England,India,Edgbaston,Birmingham,,England,bat,England,WINNER,England won,,,20
693437,2014-09-07,female,T20,England,South Africa,Edgbaston,Birmingham,,South Africa,field,England,WINNER,England won,,,20
727917,2014-10-05,male,T20,Australia,Pakistan,Dubai International Cricket Stadium,,,Pakistan,bat,Australia,WINNER,Australia won,,,20
757511,2014-10-23,female,T20,Sri Lanka,South Africa,Colts Cricket Club Ground,Colombo,,Sri Lanka,bat,Sri Lanka,WINNER,Sri Lanka won,,,20
757513,2014-10-25,female,T20,Sri Lanka,South Africa,Colts Cricket Club Ground,Colombo,,Sri Lanka,bat,South Africa,WINNER,South Africa won,,,20
757515,2014-10-26,female,T20,Sri Lanka,South Africa,Mercantile Cricket Association Ground,Colombo,,Sri Lanka,bat,South Africa,WINNER,South Africa won,,,20
754801,2014-11-02,female,T20,Australia,West Indies,North Sydney Oval,Sydney,,Australia,field,Australia,WINNER,Australia won,,,20
754717,2014-11-05,male,T20,Australia,South Africa,Adelaide Oval,,,Australia,bat,South Africa,WINNER,South Africa won,,,20
754719,2014-11-07,male,T20,Australia,South Africa,Melbourne Cricket Ground,,,South Africa,bat,Australia,WINNER,Australia won,,,20
754805,2014-11-07,female,T20,Australia,West Indies,Melbourne Cricket Ground,,,West Indies,bat,Australia,WINNER,Australia won,,,20
754721,2014-11-09,male,T20,Australia,South Africa,Stadium Australia,Sydney,,Australia,field,Australia,WINNER,Australia won,,,20
802327,2014-11-24,male,T20,Hong Kong,Nepal,P Sara Oval,Colombo,,Hong Kong,field,Hong Kong,WINNER,Hong Kong won,,,20
742617,2014-12-04,male,T20,New Zealand,Pakistan,Dubai International Cricket Stadium,,,Pakistan,field,Pakistan,WINNER,Pakistan won,,,20
754039,2014-12-05,male,T20,New Zealand,Pakistan,Dubai International Cricket Stadium,,,Pakistan,field,New Zealand,WINNER,New Zealand won,,,20
722335,2015-01-09,male,T20,South Africa,West Indies,Newlands,Cape Town,,South Africa,bat,West Indies,WINNER,West Indies won,,,20
722337,2015-01-11,male,T20,South Africa,West Indies,New Wanderers Stadium,Johannesburg,,West Indies,field,West Indies,WINNER,West Indies won,,,20
736063,2015-01-14,male,T20,South Africa,West Indies,Kingsmead,Durban,,West Indies,field,South Africa,WINNER,South Africa won,,,20
808869,2015-01-16,female,T20,Pakistan,Sri Lanka,Sharjah Cricket Stadium,,,Pakistan,bat,Pakistan,WINNER,Pakistan won,,,20
808871,2015-01-17,female,T20,Pakistan,Sri Lanka,Sharjah Cricket Stadium,,,Pakistan,bat,Sri Lanka,WINNER,Sri Lanka won,,,20
828247,2015-03-19,female,T20,Pakistan,South Africa,Sharjah Cricket Stadium,,,Pakistan,field,Pakistan,WINNER,Pakistan won,,,20
828249,2015-03-20,female,T20,Pakistan,South Africa,Sharjah Cricket Stadium,,,South Africa,bat,Pakistan,WINNER,Pakistan won,,,20
828251,2015-03-22,female,T20,Pakistan,South Africa,Sharjah Cricket Stadium,,,South Africa,field,South Africa,WINNER,South Africa won,,,20
858491,2015-04-24,male,T20,Bangladesh,Pakistan,Shere Bangla National Stadium,Mirpur,,Pakistan,bat,Bangladesh,WINNER,Bangladesh won,,,20
868723,2015-05-22,male,T20,Pakistan,Zimbabwe,Gaddafi Stadium,Lahore,,Zimbabwe,bat,Pakistan,WINNER,Pakistan won,,,20
856117,2015-05-23,female,T20,Sri Lanka,West Indies,R Premadasa Stadium,Colombo,,Sri Lanka,field,Sri Lanka,WINNER,Sri Lanka won,D/L,,20
868725,2015-05-24,male,T20,Pakistan,Zimbabwe,Gaddafi Stadium,Lahore,,Zimbabwe,bat,Pakistan,WINNER,Pakistan won,,,20
856119,2015-05-25,female,T20,Sri Lanka,West Indies,R Premadasa Stadium,Colombo,,Sri Lanka,bat,West Indies,WINNER,West Indies won,,,20
856121,2015-05-26,female,T20,Sri Lanka,West Indies,R Premadasa Stadium,Colombo,,West Indies,field,West Indies,WINNER,West Indies won,,,20
889463,2015-06-20,male,T20,Ireland,Scotland,"Bready Cricket Club, Magheramason",Londonderry,,Scotland,field,Scotland,WINNER,Scotland won,,,20
743953,2015-06-23,male,T20,England,New Zealand,Old Trafford,Manchester,,England,bat,England,WINNER,England won,,,20
883343,2015-07-01,male,T20,Netherlands,Nepal,VRA Ground,Amstelveen,,Nepal,field,Netherlands,WINNER,Netherlands won,,,20
883345,2015-07-02,male,T20,Netherlands,Nepal,Hazelaarweg,Rotterdam,,Netherlands,bat,Netherlands,WINNER,Netherlands won,,,20
817203,2015-07-05,male,T20,Bangladesh,South Africa,Shere Bangla National Stadium,Mirpur,,South Africa,bat,South Africa,WINNER,South Africa won,,,20
817205,2015-07-07,male,T20,Bangladesh,South Africa,Shere Bangla National Stadium,Mirpur,,South Africa,bat,South Africa,WINNER,South Africa won,,,20
875457,2015-07-09,male,T20,Scotland,United Arab Emirates,"Grange Cricket Club Ground, Raeburn Place",Edinburgh,,Scotland,field,Scotland,WINNER,Scotland won,,,20
875471,2015-07-11,male,T20,Scotland,Netherlands,"Grange Cricket Club Ground, Raeburn Place",Edinburgh,,Netherlands,bat,Netherlands,WINNER,Netherlands won,,,20
875481,2015-07-12,male,T20,Netherlands,United Arab Emirates,"Grange Cricket Club Ground, Raeburn Place",Edinburgh,,Netherlands,field,Netherlands,WINNER,Netherlands won,,,20
875491,2015-07-13,male,T20,Nepal,Ireland,"Civil Service Cricket Club, Stormont",Belfast,,Ireland,field,Ireland,WINNER,Ireland won,,,20
875501,2015-07-15,male,T20,Ireland,Papua New Guinea,"Civil Service Cricket Club, Stormont",Belfast,,Ireland,bat,Papua New Guinea,WINNER,Papua New Guinea won,,,20
875507,2015-07-15,male,T20,Hong Kong,Nepal,"Civil Service Cricket Club, Stormont",Belfast,,Hong Kong,field,Hong Kong,WINNER,Hong Kong won,,,20
875513,2015-07-17,male,T20,Nepal,Papua New Guinea,"The Village, Malahide",Dublin,,Papua New Guinea,field,Papua New Guinea,WINNER,Papua New Guinea won,,,20
875521,2015-07-17,male,T20,Ireland,Hong Kong,"The Village, Malahide",Dublin,,Ireland,field,Hong Kong,WINNER,Hong Kong won,,,20
885969,2015-07-17,male,T20,Zimbabwe,India,Harare Sports Club,,,India,bat,India,WINNER,India won,,,20
885971,2015-07-19,male,T20,Zimbabwe,India,Harare Sports Club,,,Zimbabwe,bat,Zimbabwe,WINNER,Zimbabwe won,,,20
875549,2015-07-25,male,T20,Hong Kong,Scotland,"The Village, Malahide",Dublin,,Scotland,field,Scotland,WINNER,Scotland won,,,20
875553,2015-07-25,male,T20,Ireland,Netherlands,"The Village, Malahide",Dublin,,Netherlands,field,Netherlands,WINNER,Netherlands won,,,20
860279,2015-07-30,male,T20,Sri Lanka,Pakistan,R Premadasa Stadium,Colombo,,Pakistan,bat,Pakistan,WINNER,Pakistan won,,,20
860281,2015-08-01,male,T20,Sri Lanka,Pakistan,R Premadasa Stadium,Colombo,,Sri Lanka,bat,Pakistan,WINNER,Pakistan won,,,20
894293,2015-08-09,male,T20,Zimbabwe,New Zealand,Harare Sports Club,,,Zimbabwe,field,New Zealand,WINNER,New Zealand won,,,50
848839,2015-08-14,male,T20,South Africa,New Zealand,Kingsmead,Durban,,South Africa,field,South Africa,WINNER,South Africa won,,,20
848841,2015-08-16,male,T20,South Africa,New Zealand,SuperSport Park,Centurion,,New Zealand,bat,New Zealand,WINNER,New Zealand won,,,20
798615,2015-08-19,female,T20,Ireland,Australia,YMCA Cricket Club,Dublin,,Ireland,field,Australia,WINNER,Australia won,,,20
798619,2015-08-21,female,T20,Ireland,Australia,YMCA Cricket Club,Dublin,,Australia,bat,Australia,WINNER,Australia won,,,20
798621,2015-08-22,female,T20,Ireland,Australia,YMCA Cricket Club,Dublin,,Australia,bat,Australia,WINNER,Australia won,,,20
798377,2015-08-26,female,T20,England,Australia,County Ground,Chelmsford,,England,field,England,WINNER,England won,,,20
798379,2015-08-28,female,T20,England,Australia,County Ground,Hove,,England,field,Australia,WINNER,Australia won,,,20
743975,2015-08-31,male,T20,England,Australia,Sophia Gardens,Cardiff,,Australia,field,England,WINNER,England won,,,20
798381,2015-08-31,female,T20,England,Australia,Sophia Gardens,Cardiff,,England,field,England,WINNER,England won,,,20
919603,2015-09-27,male,T20,Zimbabwe,Pakistan,Harare Sports Club,,,Pakistan,bat,Pakistan,WINNER,Pakistan won,,,20
919605,2015-09-29,male,T20,Zimbabwe,Pakistan,Harare Sports Club,,,Pakistan,bat,Pakistan,WINNER,Pakistan won,,,20
923321,2015-09-30,female,T20,Pakistan,Bangladesh,Southend Club Cricket Stadium,Karachi,,Pakistan,bat,Pakistan,WINNER,Pakistan won,,,20
923323,2015-10-01,female,T20,Pakistan,Bangladesh,Southend Club Cricket Stadium,Karachi,,Pakistan,bat,Pakistan,WINNER,Pakistan won,,,20
903587,2015-10-02,male,T20,India,South Africa,Himachal Pradesh Cricket Association Stadium,Dharmasala,,South Africa,field,South Africa,WINNER,South Africa won,,,20
903589,2015-10-05,male,T20,India,South Africa,Barabati Stadium,Cuttack,,South Africa,field,South Africa,WINNER,South Africa won,,,20
892043,2015-10-29,female,T20,West Indies,Pakistan,"National Cricket Stadium, St George's",Grenada,,West Indies,field,West Indies,WINNER,West Indies won,,,20
915783,2015-11-09,male,T20,Sri Lanka,West Indies,Pallekele International Cricket Stadium,,,West Indies,field,Sri Lanka,WINNER,Sri Lanka won,,,20
915785,2015-11-11,male,T20,Sri Lanka,West Indies,R Premadasa Stadium,Colombo,,West Indies,bat,West Indies,WINNER,West Indies won,,,20
931396,2015-11-13,male,T20,Bangladesh,Zimbabwe,Shere Bangla National Stadium,Mirpur,,Bangladesh,field,Bangladesh,WINNER,Bangladesh won,,,20
931398,2015-11-15,male,T20,Bangladesh,Zimbabwe,Shere Bangla National Stadium,Mirpur,,Bangladesh,bat,Zimbabwe,WINNER,Zimbabwe won,,,20
930575,2015-11-21,male,T20,Hong Kong,Oman,Sheikh Zayed Stadium,Abu Dhabi,,Oman,field,Oman,WINNER,Oman won,,,20
930573,2015-11-22,male,T20,United Arab Emirates,Oman,Sheikh Zayed Stadium,Abu Dhabi,,United Arab Emirates,field,United Arab Emirates,WINNER,United Arab Emirates won,,,20
930577,2015-11-25,male,T20,Hong Kong,Oman,Sheikh Zayed Stadium,Abu Dhabi,,Hong Kong,field,Oman,WINNER,Oman won,,,20
902649,2015-11-26,male,T20,England,Pakistan,Dubai International Cricket Stadium,,,England,bat,England,WINNER,England won,,,20
930579,2015-11-26,male,T20,Hong Kong,Oman,Sheikh Zayed Stadium,Abu Dhabi,,Hong Kong,field,Hong Kong,WINNER,Hong Kong won,,,20
902651,2015-11-27,male,T20,England,Pakistan,Dubai International Cricket Stadium,,,England,bat,England,WINNER,England won,,,20
902653,2015-11-30,male,T20,England,Pakistan,Sharjah Cricket Stadium,,,England,bat,England,TIED,Tied; England won via Super Over,,England,20
881755,2015-12-05,female,T20,Bangladesh,Ireland,Terdthai Cricket Ground,Bangkok,,Bangladesh,bat,Ireland,WINNER,Ireland won,,,20
914217,2016-01-07,male,T20,New Zealand,Sri Lanka,Bay Oval,Mount Maunganui,,Sri Lanka,field,New Zealand,WINNER,New Zealand won,,,20
914219,2016-01-10,male,T20,New Zealand,Sri Lanka,Eden Park,Auckland,,New Zealand,field,New Zealand,WINNER,New Zealand won,,,20
914221,2016-01-15,male,T20,New Zealand,Pakistan,Eden Park,Auckland,,New Zealand,field,Pakistan,WINNER,Pakistan won,,,20
958415,2016-01-15,male,T20,Bangladesh,Zimbabwe,Sheikh Abu Naser Stadium,Khulna,,Zimbabwe,bat,Bangladesh,WINNER,Bangladesh won,,,20
914223,2016-01-17,male,T20,New Zealand,Pakistan,Seddon Park,Hamilton,,Pakistan,bat,New Zealand,WINNER,New Zealand won,,,20
958417,2016-01-17,male,T20,Bangladesh,Zimbabwe,Sheikh Abu Naser Stadium,Khulna,,Bangladesh,bat,Bangladesh,WINNER,Bangladesh won,,,20
958419,2016-01-20,male,T20,Bangladesh,Zimbabwe,Sheikh Abu Naser Stadium,Khulna,,Zimbabwe,bat,Zimbabwe,WINNER,Zimbabwe won,,,20
914225,2016-01-22,male,T20,New Zealand,Pakistan,Westpac Stadium,Wellington,,Pakistan,field,New Zealand,WINNER,New Zealand won,,,20
958421,2016-01-22,male,T20,Bangladesh,Zimbabwe,Sheikh Abu Naser Stadium,Khulna,,Zimbabwe,bat,Zimbabwe,WINNER,Zimbabwe won,,,20
895817,2016-01-26,male,T20,Australia,India,Adelaide Oval,,,Australia,field,India,WINNER,India won,,,20
895789,2016-01-29,female,T20,Australia,India,Melbourne Cricket Ground,,,India,field,India,WINNER,India won,D/L,,20
895819,2016-01-29,male,T20,Australia,India,Melbourne Cricket Ground,,,Australia,field,India,WINNER,India won,,,20
953103,2016-01-30,male,T20,Hong Kong,Scotland,"Mission Road Ground, Mong Kok",Hong Kong,,Hong Kong,field,Hong Kong,WINNER,Hong Kong won,,,20
895791,2016-01-31,female,T20,Australia,India,Sydney Cricket Ground,,,India,field,Australia,WINNER,Australia won,,,20
895821,2016-01-31,male,T20,Australia,India,Sydney Cricket Ground,,,Australia,bat,India,WINNER,India won,,,20
953105,2016-01-31,male,T20,Hong Kong,Scotland,"Mission Road Ground, Mong Kok",Hong Kong,,Hong Kong,field,Scotland,WINNER,Scotland won,,,20
967081,2016-02-03,male,T20,United Arab Emirates,Netherlands,ICC Academy,Dubai,,United Arab Emirates,field,Netherlands,WINNER,Netherlands won,,,20
966373,2016-02-04,male,T20,United Arab Emirates,Scotland,ICC Academy,Dubai,,United Arab Emirates,bat,United Arab Emirates,WINNER,United Arab Emirates won,,,20
954735,2016-02-07,male,T20,Ireland,Papua New Guinea,Tony Ireland Stadium,Townsville,,Papua New Guinea,field,Ireland,WINNER,Ireland won,D/L,,20
954737,2016-02-09,male,T20,Ireland,Papua New Guinea,Tony Ireland Stadium,Townsville,,Papua New Guinea,bat,Papua New Guinea,WINNER,Papua New Guinea won,,,20
963697,2016-02-09,male,T20,India,Sri Lanka,Maharashtra Cricket Association Stadium,Pune,,Sri Lanka,field,Sri Lanka,WINNER,Sri Lanka won,,,20
963699,2016-02-12,male,T20,India,Sri Lanka,JSCA International Stadium Complex,Ranchi,,Sri Lanka,field,India,WINNER,India won,,,20
954741,2016-02-14,male,T20,United Arab Emirates,Ireland,Sheikh Zayed Stadium,Abu Dhabi,,United Arab Emirates,field,Ireland,WINNER,Ireland won,,,20
963701,2016-02-14,male,T20,India,Sri Lanka,Dr. Y.S. Rajasekhara Reddy ACA-VDCA Cricket Stadium,Visakhapatnam,,India,field,India,WINNER,India won,,,20
954743,2016-02-16,male,T20,United Arab Emirates,Ireland,Sheikh Zayed Stadium,Abu Dhabi,,United Arab Emirates,bat,United Arab Emirates,WINNER,United Arab Emirates won,,,20
907381,2016-02-18,female,T20,South Africa,England,Boland Park,Paarl,,South Africa,field,England,WINNER,England won,,,20
800479,2016-02-19,male,T20,South Africa,England,Newlands,Cape Town,,South Africa,field,South Africa,WINNER,South Africa won,,,20
966735,2016-02-19,male,T20,Hong Kong,Oman,Khan Shaheb Osman Ali Stadium,Fatullah,,Oman,bat,Oman,WINNER,Oman won,,,20
800481,2016-02-21,male,T20,South Africa,England,New Wanderers Stadium,Johannesburg,,South Africa,field,South Africa,WINNER,South Africa won,,,20
907385,2016-02-21,female,T20,South Africa,England,New Wanderers Stadium,Johannesburg,,England,field,England,WINNER,England won,,,20
966739,2016-02-21,male,T20,Hong Kong,United Arab Emirates,Khan Shaheb Osman Ali Stadium,Fatullah,,Hong Kong,bat,United Arab Emirates,WINNER,United Arab Emirates won,,,20
966743,2016-02-22,male,T20,Oman,United Arab Emirates,Shere Bangla National Stadium,Mirpur,,Oman,field,United Arab Emirates,WINNER,United Arab Emirates won,,,20
966745,2016-02-24,male,T20,India,Bangladesh,Shere Bangla National Stadium,Dhaka,,Bangladesh,field,India,WINNER,India won,,,20
966747,2016-02-25,male,T20,Sri Lanka,United Arab Emirates,Shere Bangla National Stadium,Mirpur,,United Arab Emirates,field,Sri Lanka,WINNER,Sri Lanka won,,,20
966749,2016-02-26,male,T20,Bangladesh,United Arab Emirates,Shere Bangla National Stadium,Mirpur,,United Arab Emirates,field,Bangladesh,WINNER,Bangladesh won,,,20
966751,2016-02-27,male,T20,India,Pakistan,Shere Bangla National Stadium,Mirpur,,India,field,India,WINNER,India won,,,20
966753,2016-02-28,male,T20,Bangladesh,Sri Lanka,Shere Bangla National Stadium,Mirpur,,Bangladesh,bat,Bangladesh,WINNER,Bangladesh won,,,20
966755,2016-02-29,male,T20,Pakistan,United Arab Emirates,Shere Bangla National Stadium,Mirpur,,United Arab Emirates,bat,Pakistan,WINNER,Pakistan won,,,20
966757,2016-03-01,male,T20,India,Sri Lanka,Shere Bangla National Stadium,Mirpur,,India,field,India,WINNER,India won,,,20
966759,2016-03-02,male,T20,Bangladesh,Pakistan,Shere Bangla National Stadium,Mirpur,,Pakistan,bat,Bangladesh,WINNER,Bangladesh won,,,20
966761,2016-03-03,male,T20,India,United Arab Emirates,Shere Bangla National Stadium,Mirpur,,United Arab Emirates,bat,India,WINNER,India won,,,20
884347,2016-03-04,male,T20,South Africa,Australia,Kingsmead,Durban,,Australia,bat,South Africa,WINNER,South Africa won,,,20
907395,2016-03-04,female,T20,South Africa,West Indies,Kingsmead,Durban,,South Africa,bat,South Africa,WINNER,South Africa won,,,20
966763,2016-03-04,male,T20,Pakistan,Sri Lanka,Shere Bangla National Stadium,Mirpur,,Pakistan,field,Pakistan,WINNER,Pakistan won,,,20
884349,2016-03-06,male,T20,South Africa,Australia,New Wanderers Stadium,Johannesburg,,Australia,field,Australia,WINNER,Australia won,,,20
966765,2016-03-06,male,T20,Bangladesh,India,Shere Bangla National Stadium,Mirpur,,India,field,India,WINNER,India won,,,20
951305,2016-03-08,male,T20,Hong Kong,Zimbabwe,"Vidarbha Cricket Association Stadium, Jamtha",Nagpur,,Hong Kong,field,Zimbabwe,WINNER,Zimbabwe won,,,20
884351,2016-03-09,male,T20,South Africa,Australia,Newlands,Cape Town,,South Africa,bat,Australia,WINNER,Australia won,,,20
907399,2016-03-09,female,T20,South Africa,West Indies,Newlands,Cape Town,,South Africa,bat,South Africa,WINNER,South Africa won,,,20
951309,2016-03-09,male,T20,Bangladesh,Netherlands,Himachal Pradesh Cricket Association Stadium,Dharamsala,,Netherlands,field,Bangladesh,WINNER,Bangladesh won,,,20
951311,2016-03-09,male,T20,Ireland,Oman,Himachal Pradesh Cricket Association Stadium,Dharamsala,,Ireland,bat,Oman,WINNER,Oman won,,,20
951313,2016-03-10,male,T20,Scotland,Zimbabwe,"Vidarbha Cricket Association Stadium, Jamtha",Nagpur,,Zimbabwe,bat,Zimbabwe,WINNER,Zimbabwe won,,,20
951319,2016-03-11,male,T20,Bangladesh,Ireland,Himachal Pradesh Cricket Association Stadium,Dharamsala,,Ireland,field,,NO_RESULT,No result,,,20
951323,2016-03-12,male,T20,Hong Kong,Scotland,"Vidarbha Cricket Association Stadium, Jamtha",Nagpur,,Hong Kong,bat,Scotland,WINNER,Scotland won,D/L,,20
951325,2016-03-13,male,T20,Ireland,Netherlands,Himachal Pradesh Cricket Association Stadium,Dharamsala,,Ireland,field,Netherlands,WINNER,Netherlands won,,,20
951327,2016-03-13,male,T20,Bangladesh,Oman,Himachal Pradesh Cricket Association Stadium,Dharamsala,,Oman,field,Bangladesh,WINNER,Bangladesh won,D/L,,20
951329,2016-03-15,male,T20,India,New Zealand,"Vidarbha Cricket Association Stadium, Jamtha",Nagpur,,New Zealand,bat,New Zealand,WINNER,New Zealand won,,,20
951375,2016-03-15,female,T20,India,Bangladesh,M Chinnaswamy Stadium,Bangalore,,Bangladesh,field,India,WINNER,India won,,,20
951377,2016-03-15,female,T20,New Zealand,Sri Lanka,Feroz Shah Kotla,Delhi,,Sri Lanka,bat,New Zealand,WINNER,New Zealand won,,,20
951331,2016-03-16,male,T20,England,West Indies,Wankhede Stadium,Mumbai,,West Indies,field,West Indies,WINNER,West Indies won,,,20
951333,2016-03-16,male,T20,Bangladesh,Pakistan,Eden Gardens,Kolkata,,Pakistan,bat,Pakistan,WINNER,Pakistan won,,,20
951379,2016-03-16,female,T20,Pakistan,West Indies,"MA Chidambaram Stadium, Chepauk",Chennai,,Pakistan,field,West Indies,WINNER,West Indies won,,,20
951381,2016-03-17,female,T20,Bangladesh,England,M Chinnaswamy Stadium,Bangalore,,England,bat,England,WINNER,England won,,,20
951337,2016-03-18,male,T20,Australia,New Zealand,Himachal Pradesh Cricket Association Stadium,Dharamsala,,New Zealand,bat,New Zealand,WINNER,New Zealand won,,,20
951339,2016-03-18,male,T20,England,South Africa,Wankhede Stadium,Mumbai,,England,field,England,WINNER,England won,,,20
951383,2016-03-18,female,T20,Ireland,New Zealand,"Punjab Cricket Association IS Bindra Stadium, Mohali",Chandigarh,,New Zealand,bat,New Zealand,WINNER,New Zealand won,,,20
951385,2016-03-18,female,T20,Australia,South Africa,"Vidarbha Cricket Association Stadium, Jamtha",Nagpur,,South Africa,bat,Australia,WINNER,Australia won,,,20
951341,2016-03-19,male,T20,India,Pakistan,Eden Gardens,Kolkata,,India,field,India,WINNER,India won,,,20
951387,2016-03-19,female,T20,India,Pakistan,Feroz Shah Kotla,Delhi,,Pakistan,field,Pakistan,WINNER,Pakistan won,D/L,,20
951345,2016-03-20,male,T20,Sri Lanka,West Indies,M Chinnaswamy Stadium,Bangalore,,West Indies,field,West Indies,WINNER,West Indies won,,,20
951389,2016-03-20,female,T20,Bangladesh,West Indies,"MA Chidambaram Stadium, Chepauk",Chennai,,West Indies,bat,West Indies,WINNER,West Indies won,,,20
951391,2016-03-20,female,T20,Sri Lanka,Ireland,"Punjab Cricket Association IS Bindra Stadium, Mohali",Mohali,,Sri Lanka,bat,Sri Lanka,WINNER,Sri Lanka won,,,20
951347,2016-03-21,male,T20,Australia,Bangladesh,M Chinnaswamy Stadium,Bangalore,,Australia,field,Australia,WINNER,Australia won,,,20
951393,2016-03-21,female,T20,Australia,New Zealand,"Vidarbha Cricket Association Stadium, Jamtha",Nagpur,,Australia,bat,New Zealand,WINNER,New Zealand won,,,20
951349,2016-03-22,male,T20,New Zealand,Pakistan,"Punjab Cricket Association IS Bindra Stadium, Mohali",Chandigarh,,New Zealand,bat,New Zealand,WINNER,New Zealand won,,,20
951395,2016-03-22,female,T20,India,England,Himachal Pradesh Cricket Association Stadium,Dharamsala,,England,field,England,WINNER,England won,,,20
951353,2016-03-23,male,T20,India,Bangladesh,M Chinnaswamy Stadium,Bangalore,,Bangladesh,field,India,WINNER,India won,,,20
951397,2016-03-23,female,T20,Ireland,South Africa,"MA Chidambaram Stadium, Chepauk",Chennai,,South Africa,bat,South Africa,WINNER,South Africa won,,,20
951399,2016-03-24,female,T20,England,West Indies,Himachal Pradesh Cricket Association Stadium,Dharamsala,,West Indies,bat,England,WINNER,England won,,,20
951401,2016-03-24,female,T20,Australia,Sri Lanka,Feroz Shah Kotla,Delhi,,Sri Lanka,bat,Australia,WINNER,Australia won,,,20
951403,2016-03-24,female,T20,Bangladesh,Pakistan,Feroz Shah Kotla,Delhi,,Bangladesh,bat,Pakistan,WINNER,Pakistan won,,,20
951355,2016-03-25,male,T20,Australia,Pakistan,"Punjab Cricket Association IS Bindra Stadium, Mohali",Chandigarh,,Australia,bat,Australia,WINNER,Australia won,,,20
951357,2016-03-25,male,T20,South Africa,West Indies,"Vidarbha Cricket Association Stadium, Jamtha",Nagpur,,West Indies,field,West Indies,WINNER,West Indies won,,,20
951359,2016-03-26,male,T20,Bangladesh,New Zealand,Eden Gardens,Kolkata,,New Zealand,bat,New Zealand,WINNER,New Zealand won,,,20
951361,2016-03-26,male,T20,England,Sri Lanka,Feroz Shah Kotla,Delhi,,Sri Lanka,field,England,WINNER,England won,,,20
951405,2016-03-26,female,T20,Australia,Ireland,Feroz Shah Kotla,Delhi,,Australia,field,Australia,WINNER,Australia won,,,20
951407,2016-03-26,female,T20,New Zealand,South Africa,M Chinnaswamy Stadium,Bangalore,,New Zealand,field,New Zealand,WINNER,New Zealand won,,,20
951363,2016-03-27,male,T20,India,Australia,"Punjab Cricket Association IS Bindra Stadium, Mohali",Chandigarh,,Australia,bat,India,WINNER,India won,,,20
951409,2016-03-27,female,T20,India,West Indies,"Punjab Cricket Association IS Bindra Stadium, Mohali",Chandigarh,,India,field,West Indies,WINNER,West Indies won,,,20
951411,2016-03-27,female,T20,England,Pakistan,"MA Chidambaram Stadium, Chepauk",Chennai,,England,bat,England,WINNER,England won,,,20
951367,2016-03-28,male,T20,South Africa,Sri Lanka,Feroz Shah Kotla,Delhi,,South Africa,field,South Africa,WINNER,South Africa won,,,20
951413,2016-03-28,female,T20,South Africa,Sri Lanka,M Chinnaswamy Stadium,Bangalore,,Sri Lanka,bat,Sri Lanka,WINNER,Sri Lanka won,,,20
951369,2016-03-30,male,T20,England,New Zealand,Feroz Shah Kotla,Delhi,,England,field,England,WINNER,England won,,,20
951415,2016-03-30,female,T20,Australia,England,Feroz Shah Kotla,Delhi,,England,field,Australia,WINNER,Australia won,,,20
951371,2016-03-31,male,T20,India,West Indies,Wankhede Stadium,Mumbai,,West Indies,field,West Indies,WINNER,West Indies won,,,20
951417,2016-03-31,female,T20,New Zealand,West Indies,Wankhede Stadium,Mumbai,,New Zealand,field,West Indies,WINNER,West Indies won,,,20
951373,2016-04-03,male,T20,England,West Indies,Eden Gardens,Kolkata,,West Indies,field,West Indies,WINNER,West Indies won,,,20
951419,2016-04-03,female,T20,Australia,West Indies,Eden Gardens,Kolkata,,Australia,bat,West Indies,WINNER,West Indies won,,,20
1007655,2016-06-18,male,T20,Zimbabwe,India,Harare Sports Club,,,India,field,Zimbabwe,WINNER,Zimbabwe won,,,20
1007657,2016-06-20,male,T20,Zimbabwe,India,Harare Sports Club,,,Zimbabwe,bat,India,WINNER,India won,,,20
1007659,2016-06-22,male,T20,Zimbabwe,India,Harare Sports Club,,,Zimbabwe,field,India,WINNER,India won,,,20
946551,2016-07-03,female,T20,England,Pakistan,County Ground,Bristol,,England,bat,England,WINNER,England won,,,20
913633,2016-07-05,male,T20,England,Sri Lanka,The Rose Bowl,Southampton,,Sri Lanka,bat,England,WINNER,England won,,,20
946553,2016-07-05,female,T20,England,Pakistan,The Rose Bowl,Southampton,,England,bat,England,WINNER,England won,,,20
946555,2016-07-07,female,T20,England,Pakistan,County Ground,Chelmsford,,England,bat,England,WINNER,England won,,,20
1041615,2016-08-27,male,T20,India,West Indies,Central Broward Regional Park Stadium Turf Ground,Lauderhill,,India,field,West Indies,WINNER,West Indies won,,,20
1041617,2016-08-28,male,T20,India,West Indies,Central Broward Regional Park Stadium Turf Ground,Lauderhill,,India,field,,NO_RESULT,No result,,,20
1004729,2016-09-05,male,T20,Ireland,Hong Kong,"Bready Cricket Club, Magheramason",Londonderry,,Hong Kong,bat,Hong Kong,WINNER,Hong Kong won,,,20
962023,2016-09-05,female,T20,Ireland,Bangladesh,"Bready Cricket Club, Magheramason",Londonderry,,Bangladesh,field,Ireland,WINNER,Ireland won,,,20
995467,2016-09-06,male,T20,Sri Lanka,Australia,Pallekele International Cricket Stadium,,,Sri Lanka,field,Australia,WINNER,Australia won,,,20
913663,2016-09-07,male,T20,England,Pakistan,Old Trafford,Manchester,,England,bat,Pakistan,WINNER,Pakistan won,,,20
995469,2016-09-09,male,T20,Sri Lanka,Australia,R Premadasa Stadium,Colombo,,Sri Lanka,bat,Australia,WINNER,Australia won,,,20
1050217,2016-09-23,male,T20,Pakistan,West Indies,Dubai International Cricket Stadium,,,Pakistan,field,Pakistan,WINNER,Pakistan won,,,20
1050219,2016-09-24,male,T20,Pakistan,West Indies,Dubai International Cricket Stadium,,,West Indies,field,Pakistan,WINNER,Pakistan won,,,20
1044211,2016-09-27,female,T20,Sri Lanka,Australia,Sinhalese Sports Club Ground,Colombo,,Australia,field,Australia,WINNER,Australia won,,,20
1050221,2016-09-27,male,T20,Pakistan,West Indies,Sheikh Zayed Stadium,Abu Dhabi,,Pakistan,field,Pakistan,WINNER,Pakistan won,,,20
1050615,2016-11-21,female,T20,New Zealand,Pakistan,Saxton Oval,Nelson,,New Zealand,bat,New Zealand,WINNER,New Zealand won,,,20
1065348,2016-12-04,female,T20,India,Pakistan,Asian Institute of Technology Ground,Bangkok,,India,bat,India,WINNER,India won,,,20
1019979,2017-01-03,male,T20,New Zealand,Bangladesh,McLean Park,Napier,,Bangladesh,bat,New Zealand,WINNER,New Zealand won,,,20
1019981,2017-01-06,male,T20,New Zealand,Bangladesh,Bay Oval,Mount Maunganui,,Bangladesh,field,New Zealand,WINNER,New Zealand won,,,20
1019983,2017-01-08,male,T20,New Zealand,Bangladesh,Bay Oval,Mount Maunganui,,Bangladesh,field,New Zealand,WINNER,New Zealand won,,,20
1074957,2017-01-14,male,T20,Hong Kong,Scotland,Sheikh Zayed Stadium,Abu Dhabi,,Scotland,bat,Scotland,WINNER,Scotland won,,,20
1074959,2017-01-15,male,T20,Netherlands,Oman,Sheikh Zayed Stadium,Abu Dhabi,,Oman,bat,Netherlands,WINNER,Netherlands won,,,20
1074961,2017-01-16,male,T20,Hong Kong,Oman,Sheikh Zayed Stadium,Abu Dhabi,,Oman,field,Oman,WINNER,Oman won,,,20
1074964,2017-01-17,male,T20,Netherlands,Scotland,Sheikh Zayed Stadium,Abu Dhabi,,Netherlands,field,Scotland,WINNER,Scotland won,,,20
1074965,2017-01-18,male,T20,United Arab Emirates,Ireland,Dubai International Cricket Stadium,,,Ireland,bat,Ireland,WINNER,Ireland won,,,20
1074966,2017-01-18,male,T20,Hong Kong,Netherlands,Dubai International Cricket Stadium,,,Hong Kong,bat,Hong Kong,WINNER,Hong Kong won,,,20
1074968,2017-01-19,male,T20,Oman,Scotland,Dubai International Cricket Stadium,,,Oman,bat,Scotland,WINNER,Scotland won,,,20
1074970,2017-01-20,male,T20,Ireland,Scotland,Dubai International Cricket Stadium,,,Scotland,field,Ireland,WINNER,Ireland won,,,20
936153,2017-01-20,male,T20,South Africa,Sri Lanka,SuperSport Park,Centurion,,Sri Lanka,field,South Africa,WINNER,South Africa won,,,20
936155,2017-01-22,male,T20,South Africa,Sri Lanka,New Wanderers Stadium,Johannesburg,,South Africa,bat,Sri Lanka,WINNER,Sri Lanka won,,,20
936157,2017-01-25,male,T20,South Africa,Sri Lanka,Newlands,Cape Town,,South Africa,bat,Sri Lanka,WINNER,Sri Lanka won,,,20
1034825,2017-01-26,male,T20,India,England,Green Park,Kanpur,,England,field,England,WINNER,England won,,,20
1034827,2017-01-29,male,T20,India,England,"Vidarbha Cricket Association Stadium, Jamtha",Nagpur,,England,field,India,WINNER,India won,,,20
1034829,2017-02-01,male,T20,India,England,M Chinnaswamy Stadium,Bangalore,,England,field,India,WINNER,India won,,,20
1001349,2017-02-17,male,T20,Australia,Sri Lanka,Melbourne Cricket Ground,,,Sri Lanka,field,Sri Lanka,WINNER,Sri Lanka won,,,20
1020029,2017-02-17,male,T20,New Zealand,South Africa,Eden Park,Auckland,,New Zealand,field,South Africa,WINNER,South Africa won,,,20
1043989,2017-02-17,female,T20,Australia,New Zealand,Melbourne Cricket Ground,,,New Zealand,field,Australia,WINNER,Australia won,,,20
1001351,2017-02-19,male,T20,Australia,Sri Lanka,"Simonds Stadium, South Geelong",Victoria,,Sri Lanka,field,Sri Lanka,WINNER,Sri Lanka won,,,20
1043991,2017-02-19,female,T20,Australia,New Zealand,"Simonds Stadium, South Geelong",Victoria,,Australia,field,New Zealand,WINNER,New Zealand won,D/L,,20
1001353,2017-02-22,male,T20,Australia,Sri Lanka,Adelaide Oval,,,Sri Lanka,field,Australia,WINNER,Australia won,,,20
1043993,2017-02-22,female,T20,Australia,New Zealand,Adelaide Oval,,,New Zealand,bat,New Zealand,WINNER,New Zealand won,,,20
1077947,2017-03-26,male,T20,West Indies,Pakistan,"Kensington Oval, Bridgetown",Barbados,,Pakistan,field,Pakistan,WINNER,Pakistan won,,,20
1077948,2017-03-30,male,T20,West Indies,Pakistan,"Queen's Park Oval, Port of Spain",Trinidad,,West Indies,field,Pakistan,WINNER,Pakistan won,,,20
1085495,2017-04-01,male,T20,West Indies,Pakistan,"Queen's Park Oval, Port of Spain",Trinidad,,Pakistan,bat,West Indies,WINNER,West Indies won,,,20
1085496,2017-04-02,male,T20,West Indies,Pakistan,"Queen's Park Oval, Port of Spain",Trinidad,,Pakistan,field,Pakistan,WINNER,Pakistan won,,,20
1083449,2017-04-04,male,T20,Sri Lanka,Bangladesh,R Premadasa Stadium,Colombo,,Bangladesh,bat,Sri Lanka,WINNER,Sri Lanka won,,,20
1083450,2017-04-06,male,T20,Sri Lanka,Bangladesh,R Premadasa Stadium,Colombo,,Bangladesh,bat,Bangladesh,WINNER,Bangladesh won,,,20
1089202,2017-04-12,male,T20,United Arab Emirates,Papua New Guinea,Sheikh Zayed Stadium,Abu Dhabi,,United Arab Emirates,field,United Arab Emirates,WINNER,United Arab Emirates won,,,20
1089203,2017-04-14,male,T20,United Arab Emirates,Papua New Guinea,Sheikh Zayed Stadium,Abu Dhabi,,Papua New Guinea,field,United Arab Emirates,WINNER,United Arab Emirates won,,,20
1089243,2017-04-14,male,T20,United Arab Emirates,Papua New Guinea,Sheikh Zayed Stadium,Abu Dhabi,,Papua New Guinea,bat,United Arab Emirates,WINNER,United Arab Emirates won,,,20
1031431,2017-06-21,male,T20,England,South Africa,The Rose Bowl,Southampton,,South Africa,bat,England,WINNER,England won,,,20
1031433,2017-06-23,male,T20,England,South Africa,County Ground,Taunton,,England,field,South Africa,WINNER,South Africa won,,,20
1031435,2017-06-25,male,T20,England,South Africa,Sophia Gardens,Cardiff,,South Africa,field,England,WINNER,England won,,,20
1098211,2017-07-09,male,T20,West Indies,India,"Sabina Park, Kingston",Jamaica,,West Indies,field,West Indies,WINNER,West Indies won,,,20
1109610,2017-09-06,male,T20,Sri Lanka,India,"R.Premadasa Stadium, Khettarama",Colombo,,India,field,India,WINNER,India won,,,20
1117821,2017-09-12,male,T20,Pakistan,ICC World XI,Gaddafi Stadium,Lahore,,ICC World XI,field,Pakistan,WINNER,Pakistan won,,,20
1117822,2017-09-13,male,T20,Pakistan,ICC World XI,Gaddafi Stadium,Lahore,,Pakistan,bat,ICC World XI,WINNER,ICC World XI won,,,20
1117824,2017-09-15,male,T20,Pakistan,ICC World XI,Gaddafi Stadium,Lahore,,ICC World XI,field,Pakistan,WINNER,Pakistan won,,,20
1031665,2017-09-16,male,T20,West Indies,England,Riverside Ground,Chester-le-Street,,England,field,West Indies,WINNER,West Indies won,,,20
1119501,2017-10-07,male,T20,Australia,India,JSCA International Stadium Complex,Ranchi,,India,field,India,WINNER,India won,D/L,,20
1119502,2017-10-10,male,T20,India,Australia,Barsapara Cricket Stadium,Guwahati,,Australia,field,Australia,WINNER,Australia won,,,20
1122902,2017-10-21,female,T20,West Indies,Sri Lanka,Coolidge Cricket Ground,Antigua,,West Indies,bat,West Indies,WINNER,West Indies won,,,20
1075507,2017-10-26,male,T20,South Africa,Bangladesh,Mangaung Oval,Bloemfontein,,South Africa,bat,South Africa,WINNER,South Africa won,,,20
1120291,2017-10-26,male,T20,Sri Lanka,Pakistan,Sheikh Zayed Stadium,Abu Dhabi,,Pakistan,field,Pakistan,WINNER,Pakistan won,,,20
1120292,2017-10-27,male,T20,Sri Lanka,Pakistan,Sheikh Zayed Stadium,Abu Dhabi,,Pakistan,field,Pakistan,WINNER,Pakistan won,,,20
1075508,2017-10-29,male,T20,South Africa,Bangladesh,Senwes Park,Potchefstroom,,Bangladesh,field,South Africa,WINNER,South Africa won,,,20
1120293,2017-10-29,male,T20,Pakistan,Sri Lanka,Gaddafi Stadium,Lahore,,Sri Lanka,field,Pakistan,WINNER,Pakistan won,,,20
1120093,2017-11-01,male,T20,India,New Zealand,Arun Jaitley Stadium,Delhi,,New Zealand,field,India,WINNER,India won,,,20
1120094,2017-11-04,male,T20,New Zealand,India,Saurashtra Cricket Association Stadium,Rajkot,,New Zealand,bat,New Zealand,WINNER,New Zealand won,,,20
1120095,2017-11-07,male,T20,India,New Zealand,Greenfield International Stadium,Thiruvananthapuram,,New Zealand,field,India,WINNER,India won,,,20
1122908,2017-11-09,female,T20,New Zealand,Pakistan,Sharjah Cricket Stadium,,,New Zealand,bat,New Zealand,WINNER,New Zealand won,,,20
1122909,2017-11-12,female,T20,New Zealand,Pakistan,Sharjah Cricket Stadium,,,New Zealand,bat,New Zealand,WINNER,New Zealand won,,,20
1122910,2017-11-14,female,T20,Pakistan,New Zealand,Sharjah Cricket Stadium,,,Pakistan,bat,New Zealand,WINNER,New Zealand won,,,20
1086067,2017-11-17,female,T20,England,Australia,North Sydney Oval,Sydney,,Australia,field,Australia,WINNER,Australia won,,,20
1086068,2017-11-19,female,T20,England,Australia,Manuka Oval,Canberra,,England,bat,England,WINNER,England won,,,20
1086069,2017-11-21,female,T20,Australia,England,Manuka Oval,Canberra,,Australia,bat,England,WINNER,England won,,,20
1122729,2017-12-20,male,T20,India,Sri Lanka,Barabati Stadium,Cuttack,,Sri Lanka,field,India,WINNER,India won,,,20
1122730,2017-12-22,male,T20,India,Sri Lanka,Holkar Cricket Stadium,Indore,,Sri Lanka,field,India,WINNER,India won,,,20
1122731,2017-12-24,male,T20,Sri Lanka,India,Wankhede Stadium,Mumbai,,India,field,India,WINNER,India won,,,20
1115798,2017-12-29,male,T20,New Zealand,West Indies,Saxton Oval,Nelson,,West Indies,field,New Zealand,WINNER,New Zealand won,,,20
1115799,2018-01-01,male,T20,New Zealand,West Indies,Bay Oval,Mount Maunganui,,West Indies,field,,NO_RESULT,No result,,,20
1115800,2018-01-03,male,T20,New Zealand,West Indies,Bay Oval,Mount Maunganui,,New Zealand,bat,New Zealand,WINNER,New Zealand won,,,20
1115807,2018-01-22,male,T20,Pakistan,New Zealand,Westpac Stadium,Wellington,,New Zealand,field,New Zealand,WINNER,New Zealand won,,,20
1115808,2018-01-25,male,T20,Pakistan,New Zealand,Eden Park,Auckland,,Pakistan,bat,Pakistan,WINNER,Pakistan won,,,20
1115809,2018-01-28,male,T20,Pakistan,New Zealand,Bay Oval,Mount Maunganui,,Pakistan,bat,Pakistan,WINNER,Pakistan won,,,20
1072316,2018-02-03,male,T20,New Zealand,Australia,Sydney Cricket Ground,,,Australia,field,Australia,WINNER,Australia won,D/L,,20
1072317,2018-02-07,male,T20,England,Australia,Bellerive Oval,Hobart,,Australia,field,Australia,WINNER,Australia won,,,20
1072318,2018-02-10,male,T20,England,Australia,Melbourne Cricket Ground,,,Australia,field,Australia,WINNER,Australia won,,,20
1072319,2018-02-13,male,T20,New Zealand,England,Westpac Stadium,Wellington,,England,field,New Zealand,WINNER,New Zealand won,,,20
1123206,2018-02-13,female,T20,South Africa,India,Senwes Park,Potchefstroom,,India,field,India,WINNER,India won,,,20
1130746,2018-02-15,male,T20,Bangladesh,Sri Lanka,"Shere Bangla National Stadium, Mirpur",Dhaka,,Bangladesh,bat,Sri Lanka,WINNER,Sri Lanka won,,,20
1072320,2018-02-16,male,T20,New Zealand,Australia,Eden Park,Auckland,,New Zealand,bat,Australia,WINNER,Australia won,,,20
1123207,2018-02-16,female,T20,South Africa,India,Buffalo Park,East London,,India,field,India,WINNER,India won,,,20
1072321,2018-02-18,male,T20,England,New Zealand,Seddon Park,Hamilton,,New Zealand,field,England,WINNER,England won,,,20
1122285,2018-02-18,male,T20,India,South Africa,The Wanderers Stadium,Johannesburg,,South Africa,field,India,WINNER,India won,,,20
1123208,2018-02-18,female,T20,India,South Africa,The Wanderers Stadium,Johannesburg,,South Africa,field,South Africa,WINNER,South Africa won,,,20
1130747,2018-02-18,male,T20,Sri Lanka,Bangladesh,Sylhet International Cricket Stadium,,,Bangladesh,field,Sri Lanka,WINNER,Sri Lanka won,,,20
1072322,2018-02-21,male,T20,New Zealand,Australia,Eden Park,Auckland,,New Zealand,bat,Australia,WINNER,Australia won,D/L,,20
1122286,2018-02-21,male,T20,India,South Africa,SuperSport Park,Centurion,,South Africa,field,South Africa,WINNER,South Africa won,,,20
1123209,2018-02-21,female,T20,South Africa,India,SuperSport Park,Centurion,,India,field,,NO_RESULT,No result,,,20
1122287,2018-02-24,male,T20,India,South Africa,Newlands,Cape Town,,South Africa,field,India,WINNER,India won,,,20
1123210,2018-02-24,female,T20,India,South Africa,Newlands,Cape Town,,South Africa,field,India,WINNER,India won,,,20
1133817,2018-03-06,male,T20,India,Sri Lanka,"R.Premadasa Stadium, Khettarama",Colombo,,Sri Lanka,field,Sri Lanka,WINNER,Sri Lanka won,,,20
1133818,2018-03-08,male,T20,Bangladesh,India,"R.Premadasa Stadium, Khettarama",Colombo,,India,field,India,WINNER,India won,,,20
1133819,2018-03-10,male,T20,Sri Lanka,Bangladesh,"R.Premadasa Stadium, Khettarama",Colombo,,Bangladesh,field,Bangladesh,WINNER,Bangladesh won,,,20
1133820,2018-03-12,male,T20,Sri Lanka,India,"R.Premadasa Stadium, Khettarama",Colombo,,India,field,India,WINNER,India won,,,20
1133821,2018-03-14,male,T20,India,Bangladesh,"R.Premadasa Stadium, Khettarama",Colombo,,Bangladesh,field,India,WINNER,India won,,,20
1138194,2018-03-14,female,T20,New Zealand,West Indies,Bay Oval,Mount Maunganui,,West Indies,field,New Zealand,WINNER,New Zealand won,,,20
1133822,2018-03-16,male,T20,Sri Lanka,Bangladesh,"R.Premadasa Stadium, Khettarama",Colombo,,Bangladesh,field,Bangladesh,WINNER,Bangladesh won,,,20
1138195,2018-03-16,female,T20,New Zealand,West Indies,Bay Oval,Mount Maunganui,,West Indies,field,New Zealand,WINNER,New Zealand won,,,20
1133823,2018-03-18,male,T20,Bangladesh,India,"R.Premadasa Stadium, Khettarama",Colombo,,India,field,India,WINNER,India won,,,20
1138196,2018-03-20,female,T20,New Zealand,West Indies,Pukekura Park,New Plymouth,,West Indies,field,New Zealand,WINNER,New Zealand won,,,20
1131235,2018-03-22,female,T20,India,Australia,Brabourne Stadium,Mumbai,,Australia,field,Australia,WINNER,Australia won,,,20
1131236,2018-03-23,female,T20,Australia,England,Brabourne Stadium,Mumbai,,England,field,England,WINNER,England won,,,20
1131237,2018-03-25,female,T20,India,England,Brabourne Stadium,Mumbai,,England,field,England,WINNER,England won,,,20
1138198,2018-03-25,female,T20,West Indies,New Zealand,Seddon Park,Hamilton,,New Zealand,field,New Zealand,WINNER,New Zealand won,,,20
1131238,2018-03-26,female,T20,Australia,India,Brabourne Stadium,Mumbai,,India,field,Australia,WINNER,Australia won,,,20
1131239,2018-03-28,female,T20,England,Australia,Brabourne Stadium,Mumbai,,Australia,field,Australia,WINNER,Australia won,,,20
1138202,2018-03-28,female,T20,Sri Lanka,Pakistan,Sinhalese Sports Club Ground,Colombo,,Pakistan,field,Pakistan,WINNER,Pakistan won,,,20
1131240,2018-03-29,female,T20,England,India,Brabourne Stadium,Mumbai,,England,bat,India,WINNER,India won,,,20
1138203,2018-03-30,female,T20,Pakistan,Sri Lanka,Nondescripts Cricket Club Ground,Colombo,,Pakistan,bat,Sri Lanka,WINNER,Sri Lanka won,,,20
1131241,2018-03-31,female,T20,Australia,England,Brabourne Stadium,Mumbai,,England,field,Australia,WINNER,Australia won,,,20
1140069,2018-04-01,male,T20,Pakistan,West Indies,National Stadium,Karachi,,West Indies,field,Pakistan,WINNER,Pakistan won,,,20
1140070,2018-04-02,male,T20,Pakistan,West Indies,National Stadium,Karachi,,Pakistan,bat,Pakistan,WINNER,Pakistan won,,,20
1140071,2018-04-03,male,T20,West Indies,Pakistan,National Stadium,Karachi,,West Indies,bat,Pakistan,WINNER,Pakistan won,,,20
1144441,2018-05-19,female,T20,South Africa,Bangladesh,Mangaung Oval,Bloemfontein,,Bangladesh,field,South Africa,WINNER,South Africa won,,,20
1144442,2018-05-20,female,T20,South Africa,Bangladesh,Mangaung Oval,Bloemfontein,,Bangladesh,field,South Africa,WINNER,South Africa won,,,20
1141232,2018-05-31,male,T20,West Indies,ICC World XI,Lord's,London,,ICC World XI,field,West Indies,WINNER,West Indies won,,,20
1148048,2018-06-03,female,T20,India,Malaysia,Kinrara Academy Oval,Kuala Lumpur,,India,bat,India,WINNER,India won,,,20
1148050,2018-06-03,female,T20,Thailand,Pakistan,Kinrara Academy Oval,Kuala Lumpur,,Thailand,bat,Pakistan,WINNER,Pakistan won,,,20
1148051,2018-06-04,female,T20,Pakistan,Bangladesh,Kinrara Academy Oval,Kuala Lumpur,,Bangladesh,field,Bangladesh,WINNER,Bangladesh won,,,20
1148052,2018-06-04,female,T20,India,Thailand,Royal Selangor Club,Kuala Lumpur,,Thailand,field,India,WINNER,India won,,,20
1148053,2018-06-04,female,T20,Sri Lanka,Malaysia,Royal Selangor Club,Kuala Lumpur,,Malaysia,field,Sri Lanka,WINNER,Sri Lanka won,,,20
1145890,2018-06-06,female,T20,Ireland,New Zealand,YMCA Cricket Club,Dublin,,Ireland,bat,New Zealand,WINNER,New Zealand won,,,20
1148054,2018-06-06,female,T20,Pakistan,Sri Lanka,Kinrara Academy Oval,Kuala Lumpur,,Sri Lanka,field,Pakistan,WINNER,Pakistan won,,,20
1148055,2018-06-06,female,T20,Malaysia,Thailand,Royal Selangor Club,Kuala Lumpur,,Malaysia,bat,Thailand,WINNER,Thailand won,,,20
1148056,2018-06-06,female,T20,India,Bangladesh,Kinrara Academy Oval,Kuala Lumpur,,India,bat,Bangladesh,WINNER,Bangladesh won,,,20
1148057,2018-06-07,female,T20,Thailand,Bangladesh,Kinrara Academy Oval,Kuala Lumpur,,Bangladesh,field,Bangladesh,WINNER,Bangladesh won,,,20
1148058,2018-06-07,female,T20,Pakistan,Malaysia,Royal Selangor Club,Kuala Lumpur,,Malaysia,field,Pakistan,WINNER,Pakistan won,,,20
1148059,2018-06-07,female,T20,Sri Lanka,India,Royal Selangor Club,Kuala Lumpur,,Sri Lanka,bat,India,WINNER,India won,,,20
1148060,2018-06-09,female,T20,Pakistan,India,Kinrara Academy Oval,Kuala Lumpur,,Pakistan,bat,India,WINNER,India won,,,20
1148061,2018-06-09,female,T20,Sri Lanka,Thailand,Royal Selangor Club,Kuala Lumpur,,Thailand,field,Thailand,WINNER,Thailand won,,,20
1148062,2018-06-09,female,T20,Bangladesh,Malaysia,Kinrara Academy Oval,Kuala Lumpur,,Bangladesh,bat,Bangladesh,WINNER,Bangladesh won,,,20
1148063,2018-06-10,female,T20,India,Bangladesh,Kinrara Academy Oval,Kuala Lumpur,,Bangladesh,field,Bangladesh,WINNER,Bangladesh won,,,20
1127300,2018-06-12,male,T20,Pakistan,Scotland,"Grange Cricket Club, Raeburn Place",Edinburgh,,Pakistan,bat,Pakistan,WINNER,Pakistan won,,,20
1142501,2018-06-12,male,T20,Netherlands,Ireland,Hazelaarweg,Rotterdam,,Ireland,field,Netherlands,WINNER,Netherlands won,,,20
1127301,2018-06-13,male,T20,Pakistan,Scotland,"Grange Cricket Club, Raeburn Place",Edinburgh,,Pakistan,bat,Pakistan,WINNER,Pakistan won,,,20
1142502,2018-06-13,male,T20,Ireland,Netherlands,Hazelaarweg,Rotterdam,,Ireland,bat,Netherlands,WINNER,Netherlands won,,,20
1142503,2018-06-16,male,T20,Ireland,Scotland,Sportpark Het Schootsveld,Deventer,,Ireland,bat,Ireland,WINNER,Ireland won,,,20
1142504,2018-06-17,male,T20,Scotland,Ireland,Sportpark Het Schootsveld,Deventer,,Scotland,bat,,TIED,Match tied,,,20
1142505,2018-06-19,male,T20,Netherlands,Scotland,VRA Ground,Amstelveen,,Netherlands,bat,Scotland,WINNER,Scotland won,,,20
1126720,2018-06-20,female,T20,New Zealand,South Africa,The Cooper Associates County Ground,Taunton,,South Africa,field,New Zealand,WINNER,New Zealand won,,,20
1126721,2018-06-20,female,T20,England,South Africa,The Cooper Associates County Ground,Taunton,,England,bat,England,WINNER,England won,,,20
1142506,2018-06-20,male,T20,Scotland,Netherlands,VRA Ground,Amstelveen,,Scotland,bat,Scotland,WINNER,Scotland won,,,20
1126722,2018-06-23,female,T20,England,South Africa,The Cooper Associates County Ground,Taunton,,England,bat,South Africa,WINNER,South Africa won,,,20
1126723,2018-06-23,female,T20,England,New Zealand,The Cooper Associates County Ground,Taunton,,England,bat,England,WINNER,England won,,,20
1119542,2018-06-27,male,T20,England,Australia,Edgbaston,Birmingham,,Australia,field,England,WINNER,England won,,,20
1140992,2018-06-27,male,T20,India,Ireland,"The Village, Malahide",Dublin,,Ireland,field,India,WINNER,India won,,,20
1126724,2018-06-28,female,T20,South Africa,New Zealand,County Ground,Bristol,,South Africa,bat,New Zealand,WINNER,New Zealand won,,,20
1126725,2018-06-28,female,T20,New Zealand,England,County Ground,Bristol,,New Zealand,bat,England,WINNER,England won,,,20
1145894,2018-06-28,female,T20,Ireland,Bangladesh,YMCA Cricket Club,Dublin,,Bangladesh,field,Bangladesh,WINNER,Bangladesh won,,,20
1140993,2018-06-29,male,T20,India,Ireland,"The Village, Malahide",Dublin,,Ireland,field,India,WINNER,India won,,,20
1145895,2018-06-29,female,T20,Ireland,Bangladesh,"The Village, Malahide, Dublin",Dublin,,Ireland,bat,Bangladesh,WINNER,Bangladesh won,,,20
1126726,2018-07-01,female,T20,New Zealand,England,County Ground,Chelmsford,,New Zealand,bat,England,WINNER,England won,,,20
1142913,2018-07-01,male,T20,Pakistan,Zimbabwe,Harare Sports Club,,,Zimbabwe,field,Pakistan,WINNER,Pakistan won,,,20
1145896,2018-07-01,female,T20,Bangladesh,Ireland,"Pembroke Cricket Club, Sandymount",Dublin,,Ireland,field,Ireland,WINNER,Ireland won,,,20
1142914,2018-07-02,male,T20,Pakistan,Australia,Harare Sports Club,,,Australia,field,Australia,WINNER,Australia won,,,20
1119543,2018-07-03,male,T20,England,India,Old Trafford,Manchester,,India,field,India,WINNER,India won,,,20
1142915,2018-07-03,male,T20,Australia,Zimbabwe,Harare Sports Club,,,Zimbabwe,field,Australia,WINNER,Australia won,,,20
1142916,2018-07-04,male,T20,Zimbabwe,Pakistan,Harare Sports Club,,,Pakistan,field,Pakistan,WINNER,Pakistan won,,,20
1142917,2018-07-05,male,T20,Pakistan,Australia,Harare Sports Club,,,Australia,field,Pakistan,WINNER,Pakistan won,,,20
1119544,2018-07-06,male,T20,India,England,Sophia Gardens,Cardiff,,England,field,England,WINNER,England won,,,20
1142918,2018-07-06,male,T20,Zimbabwe,Australia,Harare Sports Club,,,Zimbabwe,bat,Australia,WINNER,Australia won,,,20
1147717,2018-07-07,female,T20,Thailand,Ireland,Sportpark Maarschalkerweerd,Utrecht,,Ireland,field,Ireland,WINNER,Ireland won,,,20
1147718,2018-07-07,female,T20,Uganda,Scotland,VRA Ground,Amstelveen,,Scotland,field,Scotland,WINNER,Scotland won,,,20
1147719,2018-07-07,female,T20,Netherlands,United Arab Emirates,Sportpark Maarschalkerweerd,Utrecht,,Netherlands,bat,United Arab Emirates,WINNER,United Arab Emirates won,,,20
1147720,2018-07-07,female,T20,Papua New Guinea,Bangladesh,VRA Ground,Amstelveen,,Bangladesh,field,Bangladesh,WINNER,Bangladesh won,,,20
1119545,2018-07-08,male,T20,England,India,County Ground,Bristol,,India,field,India,WINNER,India won,,,20
1142919,2018-07-08,male,T20,Australia,Pakistan,Harare Sports Club,,,Australia,bat,Pakistan,WINNER,Pakistan won,,,20
1147722,2018-07-08,female,T20,Scotland,Ireland,VRA Ground,Amstelveen,,Ireland,field,Ireland,WINNER,Ireland won,,,20
1147723,2018-07-08,female,T20,Netherlands,Bangladesh,Sportpark Maarschalkerweerd,Utrecht,,Bangladesh,field,Bangladesh,WINNER,Bangladesh won,,,20
1147724,2018-07-08,female,T20,United Arab Emirates,Papua New Guinea,VRA Ground,Amstelveen,,United Arab Emirates,bat,Papua New Guinea,WINNER,Papua New Guinea won,,,20
1147725,2018-07-10,female,T20,Scotland,Thailand,Sportpark Maarschalkerweerd,Utrecht,,Scotland,bat,Scotland,WINNER,Scotland won,,,20
1147726,2018-07-10,female,T20,Uganda,Ireland,VRA Ground,Amstelveen,,Ireland,field,Ireland,WINNER,Ireland won,,,20
1147727,2018-07-10,female,T20,United Arab Emirates,Bangladesh,Sportpark Maarschalkerweerd,Utrecht,,Bangladesh,field,Bangladesh,WINNER,Bangladesh won,,,20
1147728,2018-07-10,female,T20,Papua New Guinea,Netherlands,VRA Ground,Amstelveen,,Netherlands,field,Papua New Guinea,WINNER,Papua New Guinea won,,,20
1147729,2018-07-12,female,T20,Ireland,Papua New Guinea,VRA Ground,Amstelveen,,Papua New Guinea,field,Ireland,WINNER,Ireland won,,,20
1147730,2018-07-12,female,T20,Netherlands,Uganda,Sportpark Maarschalkerweerd,Utrecht,,Netherlands,bat,Uganda,WINNER,Uganda won,,,20
1147731,2018-07-12,female,T20,Bangladesh,Scotland,VRA Ground,Amstelveen,,Scotland,field,Bangladesh,WINNER,Bangladesh won,,,20
1147732,2018-07-12,female,T20,United Arab Emirates,Thailand,Sportpark Maarschalkerweerd,Utrecht,,United Arab Emirates,bat,Thailand,WINNER,Thailand won,,,20
1147733,2018-07-14,female,T20,Netherlands,United Arab Emirates,VRA Ground,Amstelveen,,United Arab Emirates,field,United Arab Emirates,TIED,Tied; United Arab Emirates won via Super Over,,United Arab Emirates,20
1147734,2018-07-14,female,T20,Papua New Guinea,Scotland,Sportpark Maarschalkerweerd,Utrecht,,Scotland,field,Scotland,WINNER,Scotland won,,,20
1147735,2018-07-14,female,T20,Thailand,Uganda,VRA Ground,Amstelveen,,Uganda,field,Thailand,WINNER,Thailand won,,,20
1147736,2018-07-14,female,T20,Bangladesh,Ireland,Sportpark Maarschalkerweerd,Utrecht,,Ireland,field,Bangladesh,WINNER,Bangladesh won,,,20
1141835,2018-07-29,male,T20,Netherlands,Nepal,Lord's,London,,Nepal,field,,NO_RESULT,No result,,,20
1146723,2018-07-31,male,T20,Bangladesh,West Indies,"Warner Park, Basseterre",St Kitts,,West Indies,field,West Indies,WINNER,West Indies won,D/L,,20
1146724,2018-08-04,male,T20,Bangladesh,West Indies,Central Broward Regional Park Stadium Turf Ground,Lauderhill,,West Indies,field,Bangladesh,WINNER,Bangladesh won,,,20
1146725,2018-08-05,male,T20,Bangladesh,West Indies,Central Broward Regional Park Stadium Turf Ground,Lauderhill,,Bangladesh,bat,Bangladesh,WINNER,Bangladesh won,D/L,,20
1142589,2018-08-14,male,T20,South Africa,Sri Lanka,"R.Premadasa Stadium, Khettarama",Colombo,,South Africa,bat,Sri Lanka,WINNER,Sri Lanka won,,,20
1158344,2018-08-20,female,T20,Botswana,Lesotho,Botswana Cricket Association Oval 1,Gaborone,,Lesotho,field,Botswana,WINNER,Botswana won,,,20
1158345,2018-08-20,female,T20,Malawi,Namibia,Botswana Cricket Association Oval 2,Gaborone,,Namibia,field,Namibia,WINNER,Namibia won,,,20
1158348,2018-08-21,female,T20,Sierra Leone,Namibia,Botswana Cricket Association Oval 1,Gaborone,,Namibia,field,Namibia,WINNER,Namibia won,,,20
1158349,2018-08-21,female,T20,Mozambique,Lesotho,Botswana Cricket Association Oval 2,Gaborone,,Lesotho,field,Mozambique,WINNER,Mozambique won,,,20
1158350,2018-08-21,female,T20,Mozambique,Botswana,Botswana Cricket Association Oval 1,Gaborone,,Mozambique,bat,Botswana,WINNER,Botswana won,,,20
1158352,2018-08-23,female,T20,Botswana,Sierra Leone,Botswana Cricket Association Oval 1,Gaborone,,Sierra Leone,field,Sierra Leone,WINNER,Sierra Leone won,,,20
1158353,2018-08-23,female,T20,Mozambique,Namibia,Botswana Cricket Association Oval 2,Gaborone,,Mozambique,bat,Namibia,WINNER,Namibia won,,,20
1158354,2018-08-23,female,T20,Namibia,Lesotho,"Botswana Cricket Association Oval 1, Gaborone",Gaborone,,Lesotho,field,Namibia,WINNER,Namibia won,,,20
1158355,2018-08-23,female,T20,Sierra Leone,Malawi,Botswana Cricket Association Oval 2,Gaborone,,Sierra Leone,bat,Sierra Leone,WINNER,Sierra Leone won,,,20
1158356,2018-08-24,female,T20,Sierra Leone,Lesotho,Botswana Cricket Association Oval 1,Gaborone,,Sierra Leone,bat,Sierra Leone,WINNER,Sierra Leone won,,,20
1158358,2018-08-24,female,T20,Botswana,Namibia,Botswana Cricket Association Oval 1,Gaborone,,Namibia,field,Namibia,WINNER,Namibia won,,,20
1158359,2018-08-25,female,T20,Lesotho,Malawi,Botswana Cricket Association Oval 1,Gaborone,,Malawi,field,Malawi,WINNER,Malawi won,,,20
1158361,2018-08-25,female,T20,Sierra Leone,Namibia,Botswana Cricket Association Oval 1,Gaborone,,Namibia,field,Namibia,WINNER,Namibia won,,,20
1157710,2018-09-21,female,T20,Sri Lanka,India,Colts Cricket Club Ground,Colombo,,India,field,,NO_RESULT,No result,,,20
1157711,2018-09-22,female,T20,Sri Lanka,India,Colombo Cricket Club Ground,,,India,field,India,WINNER,India won,,,20
1157712,2018-09-24,female,T20,Sri Lanka,India,Colombo Cricket Club Ground,,,India,field,India,WINNER,India won,,,20
1157713,2018-09-25,female,T20,India,Sri Lanka,Chilaw Marians Cricket Club Ground,FTZ Sports Complex,,Sri Lanka,field,India,WINNER,India won,,,20
1156216,2018-09-28,female,T20,South Africa,West Indies,"Brian Lara Stadium, Tarouba",Trinidad,,West Indies,field,West Indies,WINNER,West Indies won,,,20
1144978,2018-09-29,female,T20,New Zealand,Australia,North Sydney Oval,Sydney,,Australia,field,Australia,WINNER,Australia won,,,20
1144979,2018-10-01,female,T20,New Zealand,Australia,Allan Border Field,Brisbane,,Australia,field,Australia,WINNER,Australia won,,,20
1156218,2018-10-04,female,T20,West Indies,South Africa,"Brian Lara Stadium, Tarouba",Trinidad,,South Africa,field,South Africa,WINNER,South Africa won,,,20
1144980,2018-10-05,female,T20,New Zealand,Australia,Manuka Oval,Canberra,,Australia,field,Australia,WINNER,Australia won,,,20
1156219,2018-10-06,female,T20,West Indies,South Africa,"Brian Lara Stadium, Tarouba",Trinidad,,South Africa,field,South Africa,WINNER,South Africa won,,,20
1144149,2018-10-09,male,T20,South Africa,Zimbabwe,Buffalo Park,East London,,South Africa,bat,South Africa,WINNER,South Africa won,,,20
1144150,2018-10-12,male,T20,Zimbabwe,South Africa,Senwes Park,Potchefstroom,,Zimbabwe,bat,South Africa,WINNER,South Africa won,,,20
1162727,2018-10-22,male,T20,United Arab Emirates,Australia,Tolerance Oval,Abu Dhabi,,United Arab Emirates,bat,Australia,WINNER,Australia won,,,20
1157372,2018-10-24,male,T20,Pakistan,Australia,Sheikh Zayed Stadium,Abu Dhabi,,Australia,field,Pakistan,WINNER,Pakistan won,,,20
1161231,2018-10-25,female,T20,Australia,Pakistan,Kinrara Academy Oval,Kuala Lumpur,,Australia,bat,Australia,WINNER,Australia won,,,20
1157373,2018-10-26,male,T20,Pakistan,Australia,Dubai International Cricket Stadium,,,Pakistan,bat,Pakistan,WINNER,Pakistan won,,,20
1140384,2018-10-27,male,T20,England,Sri Lanka,"R.Premadasa Stadium, Khettarama",Colombo,,Sri Lanka,field,England,WINNER,England won,,,20
1161232,2018-10-27,female,T20,Pakistan,Australia,Kinrara Academy Oval,Kuala Lumpur,,Australia,field,Australia,WINNER,Australia won,,,20
1157374,2018-10-28,male,T20,Pakistan,Australia,Dubai International Cricket Stadium,,,Pakistan,bat,Pakistan,WINNER,Pakistan won,,,20
1161233,2018-10-29,female,T20,Pakistan,Australia,Kinrara Academy Oval,Kuala Lumpur,,Australia,field,Australia,WINNER,Australia won,,,20
1157375,2018-10-31,male,T20,Pakistan,New Zealand,Sheikh Zayed Stadium,Abu Dhabi,,Pakistan,bat,Pakistan,WINNER,Pakistan won,,,20
1157376,2018-11-02,male,T20,New Zealand,Pakistan,Dubai International Cricket Stadium,,,New Zealand,bat,Pakistan,WINNER,Pakistan won,,,20
1157377,2018-11-04,male,T20,Pakistan,New Zealand,Dubai International Cricket Stadium,,,Pakistan,bat,Pakistan,WINNER,Pakistan won,,,20
1157759,2018-11-04,male,T20,West Indies,India,Eden Gardens,Kolkata,,India,field,India,WINNER,India won,,,20
1157760,2018-11-06,male,T20,India,West Indies,Bharat Ratna Shri Atal Bihari Vajpayee Ekana Cricket Stadium,Lucknow,,West Indies,field,India,WINNER,India won,,,20
1150533,2018-11-09,female,T20,India,New Zealand,Providence Stadium,Guyana,,India,bat,India,WINNER,India won,,,20
1150534,2018-11-09,female,T20,Australia,Pakistan,Providence Stadium,Guyana,,Australia,bat,Australia,WINNER,Australia won,,,20
1150535,2018-11-09,female,T20,West Indies,Bangladesh,Providence Stadium,Guyana,,Bangladesh,field,West Indies,WINNER,West Indies won,,,20
1150537,2018-11-11,female,T20,Pakistan,India,Providence Stadium,Guyana,,India,field,India,WINNER,India won,,,20
1150538,2018-11-11,female,T20,Ireland,Australia,Providence Stadium,Guyana,,Ireland,bat,Australia,WINNER,Australia won,,,20
1157761,2018-11-11,male,T20,West Indies,India,"MA Chidambaram Stadium, Chepauk",Chennai,,West Indies,bat,India,WINNER,India won,,,20
1150539,2018-11-12,female,T20,Bangladesh,England,"Daren Sammy National Cricket Stadium, Gros Islet",St Lucia,,England,field,England,WINNER,England won,D/L,,20
1150540,2018-11-12,female,T20,Sri Lanka,South Africa,"Daren Sammy National Cricket Stadium, Gros Islet",St Lucia,,South Africa,field,South Africa,WINNER,South Africa won,,,20
1150541,2018-11-13,female,T20,Pakistan,Ireland,Providence Stadium,Guyana,,Pakistan,bat,Pakistan,WINNER,Pakistan won,,,20
1150542,2018-11-13,female,T20,Australia,New Zealand,Providence Stadium,Guyana,,Australia,bat,Australia,WINNER,Australia won,,,20
1150543,2018-11-14,female,T20,Sri Lanka,Bangladesh,"Daren Sammy National Cricket Stadium, Gros Islet",St Lucia,,Bangladesh,field,Sri Lanka,WINNER,Sri Lanka won,,,20
1150544,2018-11-14,female,T20,West Indies,South Africa,"Daren Sammy National Cricket Stadium, Gros Islet",St Lucia,,South Africa,field,West Indies,WINNER,West Indies won,,,20
1150545,2018-11-15,female,T20,India,Ireland,Providence Stadium,Guyana,,Ireland,field,India,WINNER,India won,,,20
1150546,2018-11-15,female,T20,New Zealand,Pakistan,Providence Stadium,Guyana,,Pakistan,field,New Zealand,WINNER,New Zealand won,,,20
1150547,2018-11-16,female,T20,South Africa,England,"Daren Sammy National Cricket Stadium, Gros Islet",St Lucia,,South Africa,bat,England,WINNER,England won,,,20
1150548,2018-11-16,female,T20,West Indies,Sri Lanka,"Daren Sammy National Cricket Stadium, Gros Islet",St Lucia,,West Indies,bat,West Indies,WINNER,West Indies won,,,20
1144989,2018-11-17,male,T20,South Africa,Australia,Carrara Oval,,,Australia,field,South Africa,WINNER,South Africa won,,,20
1150549,2018-11-17,female,T20,India,Australia,Providence Stadium,Guyana,,India,bat,India,WINNER,India won,,,20
1150550,2018-11-17,female,T20,Ireland,New Zealand,Providence Stadium,Guyana,,Ireland,bat,New Zealand,WINNER,New Zealand won,,,20
1150551,2018-11-18,female,T20,England,West Indies,"Daren Sammy National Cricket Stadium, Gros Islet",St Lucia,,West Indies,field,West Indies,WINNER,West Indies won,,,20
1150552,2018-11-18,female,T20,South Africa,Bangladesh,"Daren Sammy National Cricket Stadium, Gros Islet",St Lucia,,Bangladesh,field,South Africa,WINNER,South Africa won,,,20
1144990,2018-11-21,male,T20,Australia,India,"Brisbane Cricket Ground, Woolloongabba",Brisbane,,India,field,Australia,WINNER,Australia won,D/L,,20
1150553,2018-11-22,female,T20,Australia,West Indies,"Sir Vivian Richards Stadium, North Sound",Antigua,,West Indies,field,Australia,WINNER,Australia won,,,20
1150554,2018-11-22,female,T20,India,England,"Sir Vivian Richards Stadium, North Sound",Antigua,,India,bat,England,WINNER,England won,,,20
1144991,2018-11-23,male,T20,Australia,India,Melbourne Cricket Ground,,,India,field,,NO_RESULT,No result,,,20
1150555,2018-11-24,female,T20,England,Australia,"Sir Vivian Richards Stadium, North Sound",Antigua,,England,bat,Australia,WINNER,Australia won,,,20
1144992,2018-11-25,male,T20,Australia,India,Sydney Cricket Ground,,,Australia,bat,India,WINNER,India won,,,20
1153317,2018-12-17,male,T20,Bangladesh,West Indies,Sylhet International Cricket Stadium,Sylhet,,Bangladesh,bat,West Indies,WINNER,West Indies won,,,20
1153318,2018-12-20,male,T20,Bangladesh,West Indies,"Shere Bangla National Stadium, Mirpur",Dhaka,,West Indies,field,Bangladesh,WINNER,Bangladesh won,,,20
1153319,2018-12-22,male,T20,Bangladesh,West Indies,"Shere Bangla National Stadium, Mirpur",Dhaka,,Bangladesh,field,West Indies,WINNER,West Indies won,,,20
1153843,2019-01-11,male,T20,New Zealand,Sri Lanka,Eden Park,Auckland,,Sri Lanka,field,New Zealand,WINNER,New Zealand won,,,20
1170457,2019-01-31,male,T20,United Arab Emirates,Nepal,ICC Academy,Dubai,,Nepal,field,United Arab Emirates,WINNER,United Arab Emirates won,,,20
1172469,2019-01-31,female,T20,Pakistan,West Indies,Southend Club Cricket Stadium,Karachi,,West Indies,bat,West Indies,WINNER,West Indies won,,,20
1144161,2019-02-01,male,T20,South Africa,Pakistan,Newlands,Cape Town,,Pakistan,field,South Africa,WINNER,South Africa won,,,20
1168160,2019-02-01,female,T20,South Africa,Sri Lanka,Newlands,Cape Town,,Sri Lanka,bat,South Africa,WINNER,South Africa won,,,20
1170458,2019-02-01,male,T20,United Arab Emirates,Nepal,ICC Academy,Dubai,,United Arab Emirates,bat,Nepal,WINNER,Nepal won,,,20
1172470,2019-02-01,female,T20,Pakistan,West Indies,Southend Club Cricket Stadium,Karachi,,Pakistan,bat,West Indies,TIED,Tied; West Indies won via Super Over,,West Indies,20
1144162,2019-02-03,male,T20,South Africa,Pakistan,The Wanderers Stadium,Johannesburg,,Pakistan,field,South Africa,WINNER,South Africa won,,,20
1170459,2019-02-03,male,T20,United Arab Emirates,Nepal,ICC Academy,Dubai,,United Arab Emirates,field,Nepal,WINNER,Nepal won,,,20
1172471,2019-02-03,female,T20,Pakistan,West Indies,Southend Club Cricket Stadium,Karachi,,Pakistan,bat,Pakistan,WINNER,Pakistan won,,,20
1144163,2019-02-06,male,T20,South Africa,Pakistan,SuperSport Park,Centurion,,South Africa,field,Pakistan,WINNER,Pakistan won,,,20
1153696,2019-02-06,male,T20,New Zealand,India,Westpac Stadium,Wellington,,India,field,New Zealand,WINNER,New Zealand won,,,20
1153858,2019-02-06,female,T20,New Zealand,India,Westpac Stadium,Wellington,,India,field,New Zealand,WINNER,New Zealand won,,,20
1168162,2019-02-06,female,T20,South Africa,Sri Lanka,SuperSport Park,Centurion,,Sri Lanka,field,South Africa,WINNER,South Africa won,,,20
1153697,2019-02-08,male,T20,New Zealand,India,Eden Park,Auckland,,New Zealand,bat,India,WINNER,India won,,,20
1153859,2019-02-08,female,T20,New Zealand,India,Eden Park,Auckland,,New Zealand,field,New Zealand,WINNER,New Zealand won,,,20
1153698,2019-02-10,male,T20,New Zealand,India,Seddon Park,Hamilton,,India,field,New Zealand,WINNER,New Zealand won,,,20
1153860,2019-02-10,female,T20,New Zealand,India,Seddon Park,Hamilton,,New Zealand,bat,New Zealand,WINNER,New Zealand won,,,20
1172505,2019-02-13,male,T20,Netherlands,Scotland,Al Amerat Cricket Ground Oman Cricket (Ministry Turf 1),Al Amarat,,Netherlands,field,Netherlands,WINNER,Netherlands won,,,20
1172506,2019-02-13,male,T20,Oman,Ireland,Al Amerat Cricket Ground Oman Cricket (Ministry Turf 1),Al Amarat,,Oman,field,Ireland,WINNER,Ireland won,,,20
1172507,2019-02-15,male,T20,Oman,Netherlands,Al Amerat Cricket Ground Oman Cricket (Ministry Turf 1),Al Amarat,,Netherlands,field,Netherlands,WINNER,Netherlands won,,,20
1172508,2019-02-15,male,T20,Ireland,Scotland,Al Amerat Cricket Ground Oman Cricket (Ministry Turf 1),Al Amarat,,Scotland,field,Scotland,WINNER,Scotland won,,,20
1172509,2019-02-17,male,T20,Ireland,Netherlands,Al Amerat Cricket Ground Oman Cricket (Ministry Turf 1),Al Amarat,,Ireland,field,Ireland,WINNER,Ireland won,,,20
1172510,2019-02-17,male,T20,Oman,Scotland,Al Amerat Cricket Ground Oman Cricket (Ministry Turf 1),Al Amarat,,Scotland,field,Scotland,WINNER,Scotland won,,,20
1172910,2019-02-18,female,T20,Thailand,China,Terdthai Cricket Ground,Bangkok,,Thailand,field,Thailand,WINNER,Thailand won,,,20
1172911,2019-02-18,female,T20,Kuwait,Malaysia,Asian Institute of Technology Ground,Bangkok,,Kuwait,field,Malaysia,WINNER,Malaysia won,,,20
1172912,2019-02-18,female,T20,Hong Kong,United Arab Emirates,Asian Institute of Technology Ground,Bangkok,,United Arab Emirates,bat,United Arab Emirates,WINNER,United Arab Emirates won,,,20
1172913,2019-02-19,female,T20,Malaysia,Nepal,Terdthai Cricket Ground,Bangkok,,Nepal,bat,Nepal,WINNER,Nepal won,,,20
1172914,2019-02-19,female,T20,China,Hong Kong,Terdthai Cricket Ground,Bangkok,,China,field,China,WINNER,China won,,,20
1172915,2019-02-19,female,T20,Kuwait,United Arab Emirates,Asian Institute of Technology Ground,Bangkok,,United Arab Emirates,bat,United Arab Emirates,WINNER,United Arab Emirates won,,,20
1172916,2019-02-21,female,T20,Malaysia,United Arab Emirates,Terdthai Cricket Ground,Bangkok,,United Arab Emirates,bat,United Arab Emirates,WINNER,United Arab Emirates won,,,20
1172917,2019-02-21,female,T20,Thailand,Nepal,Asian Institute of Technology Ground,Bangkok,,Thailand,bat,Thailand,WINNER,Thailand won,,,20
1172918,2019-02-21,female,T20,China,Kuwait,Asian Institute of Technology Ground,Bangkok,,China,field,China,WINNER,China won,,,20
1172919,2019-02-22,female,T20,Nepal,United Arab Emirates,Terdthai Cricket Ground,Bangkok,,United Arab Emirates,bat,Nepal,WINNER,Nepal won,,,20
1172920,2019-02-22,female,T20,Thailand,Hong Kong,Asian Institute of Technology Ground,Bangkok,,Thailand,bat,Thailand,WINNER,Thailand won,,,20
1172921,2019-02-22,female,T20,China,Malaysia,Terdthai Cricket Ground,Bangkok,,Malaysia,bat,China,WINNER,China won,,,20
1168247,2019-02-24,male,T20,India,Australia,Dr. Y.S. Rajasekhara Reddy ACA-VDCA Cricket Stadium,Visakhapatnam,,Australia,field,Australia,WINNER,Australia won,,,20
1172922,2019-02-24,female,T20,China,United Arab Emirates,Terdthai Cricket Ground,Bangkok,,China,field,United Arab Emirates,WINNER,United Arab Emirates won,,,20
1172923,2019-02-24,female,T20,Thailand,Kuwait,Asian Institute of Technology Ground,Bangkok,,Kuwait,bat,Thailand,WINNER,Thailand won,,,20
1172924,2019-02-24,female,T20,Hong Kong,Nepal,Asian Institute of Technology Ground,Bangkok,,Hong Kong,bat,Nepal,WINNER,Nepal won,,,20
1172925,2019-02-25,female,T20,Thailand,Malaysia,Terdthai Cricket Ground,Bangkok,,Malaysia,field,Thailand,WINNER,Thailand won,,,20
1172926,2019-02-25,female,T20,China,Nepal,Terdthai Cricket Ground,Bangkok,,China,field,Nepal,WINNER,Nepal won,,,20
1172927,2019-02-25,female,T20,Hong Kong,Kuwait,Asian Institute of Technology Ground,Bangkok,,Hong Kong,field,Hong Kong,WINNER,Hong Kong won,,,20
1168248,2019-02-27,male,T20,India,Australia,M.Chinnaswamy Stadium,Bengaluru,,Australia,field,Australia,WINNER,Australia won,,,20
1172929,2019-02-27,female,T20,Kuwait,Nepal,Asian Institute of Technology Ground,Bangkok,,Kuwait,field,Nepal,WINNER,Nepal won,,,20
1172930,2019-02-27,female,T20,Thailand,United Arab Emirates,Asian Institute of Technology Ground,Bangkok,,Thailand,bat,Thailand,WINNER,Thailand won,,,20
1172163,2019-03-04,female,T20,India,England,Barsapara Cricket Stadium,Guwahati,,India,field,England,WINNER,England won,,,20
1158071,2019-03-05,male,T20,West Indies,England,"Darren Sammy National Cricket Stadium, St Lucia",Gros Islet,,England,field,England,WINNER,England won,,,20
1172164,2019-03-07,female,T20,India,England,Barsapara Cricket Stadium,Guwahati,,England,field,England,WINNER,England won,,,20
1158072,2019-03-08,male,T20,West Indies,England,"Warner Park, St Kitts",Basseterre,,West Indies,field,England,WINNER,England won,,,20
1172165,2019-03-09,female,T20,India,England,Barsapara Cricket Stadium,Guwahati,,England,bat,England,WINNER,England won,,,20
1158073,2019-03-10,male,T20,West Indies,England,"Warner Park, St Kitts",Basseterre,,West Indies,bat,England,WINNER,England won,,,20
1177484,2019-03-15,male,T20,United Arab Emirates,United States of America,ICC Academy,Dubai,,United Arab Emirates,field,,NO_RESULT,No result,,,20
1177485,2019-03-16,male,T20,United Arab Emirates,United States of America,ICC Academy,Dubai,,United Arab Emirates,bat,United Arab Emirates,WINNER,United Arab Emirates won,,,20
1144172,2019-03-19,male,T20,South Africa,Sri Lanka,Newlands,Cape Town,,South Africa,field,South Africa,TIED,Tied; South Africa won via Super Over,,South Africa,20
1144173,2019-03-22,male,T20,South Africa,Sri Lanka,SuperSport Park,Centurion,,Sri Lanka,field,South Africa,WINNER,South Africa won,,,20
1176792,2019-03-22,male,T20,Papua New Guinea,Philippines,Amini Park,Port Moresby,,Philippines,field,Papua New Guinea,WINNER,Papua New Guinea won,,,20
1176793,2019-03-22,male,T20,Papua New Guinea,Vanuatu,Amini Park,Port Moresby,,Vanuatu,bat,Papua New Guinea,WINNER,Papua New Guinea won,,,20
1176794,2019-03-23,male,T20,Philippines,Vanuatu,Amini Park,Port Moresby,,Vanuatu,bat,Vanuatu,WINNER,Vanuatu won,,,20
1176795,2019-03-23,male,T20,Papua New Guinea,Philippines,Amini Park,Port Moresby,,Papua New Guinea,bat,,NO_RESULT,No result,,,20
1144174,2019-03-24,male,T20,South Africa,Sri Lanka,The Wanderers Stadium,Johannesburg,,Sri Lanka,field,South Africa,WINNER,South Africa won,D/L,,20
1176435,2019-03-24,female,T20,Sri Lanka,England,P Sara Oval,Colombo,,Sri Lanka,bat,England,WINNER,England won,,,20
1176796,2019-03-24,male,T20,Philippines,Vanuatu,Amini Park,Port Moresby,,Vanuatu,field,Philippines,WINNER,Philippines won,,,20
1176797,2019-03-24,male,T20,Papua New Guinea,Vanuatu,Amini Park,Port Moresby,,Vanuatu,bat,Papua New Guinea,WINNER,Papua New Guinea won,,,20
1176436,2019-03-26,female,T20,Sri Lanka,England,P Sara Oval,Colombo,,Sri Lanka,bat,England,WINNER,England won,,,20
1176437,2019-03-28,female,T20,Sri Lanka,England,P Sara Oval,Colombo,,Sri Lanka,field,England,WINNER,England won,,,20
1179016,2019-04-01,female,T20,Namibia,Botswana,United Cricket Club Ground,Windhoek,,Namibia,field,Namibia,WINNER,Namibia won,,,20
1179610,2019-04-02,female,T20,Namibia,Botswana,United Cricket Club Ground,Windhoek,,Botswana,field,Namibia,WINNER,Namibia won,,,20
1179611,2019-04-02,female,T20,Namibia,Botswana,United Cricket Club Ground,Windhoek,,Botswana,bat,Namibia,WINNER,Namibia won,,,20
1179017,2019-04-03,female,T20,Namibia,Botswana,United Cricket Club Ground,Windhoek,,Namibia,bat,Namibia,WINNER,Namibia won,,,20
1179018,2019-04-03,female,T20,Namibia,Botswana,United Cricket Club Ground,Windhoek,,Namibia,bat,Namibia,WINNER,Namibia won,,,20
1152840,2019-05-05,male,T20,England,Pakistan,Sophia Gardens,Cardiff,,Pakistan,bat,England,WINNER,England won,,,20
1182642,2019-05-05,female,T20,Zimbabwe,Mozambique,Old Hararians,Harare,,Zimbabwe,bat,Zimbabwe,WINNER,Zimbabwe won,,,20
1182644,2019-05-05,female,T20,Sierra Leone,Uganda,Old Hararians,Harare,,Uganda,bat,Uganda,WINNER,Uganda won,,,20
1182646,2019-05-06,female,T20,Mozambique,Nigeria,Old Hararians,Harare,,Nigeria,field,Nigeria,WINNER,Nigeria won,,,20
1182648,2019-05-06,female,T20,Namibia,Uganda,Old Hararians,Harare,,Uganda,field,Namibia,WINNER,Namibia won,,,20
1182649,2019-05-06,female,T20,Zimbabwe,Tanzania,Takashinga Sports Club,Harare,,Zimbabwe,bat,Zimbabwe,WINNER,Zimbabwe won,,,20
1182904,2019-05-06,female,T20,Vanuatu,Papua New Guinea,"Ground 1, Independence Park",Port Vila,,Papua New Guinea,bat,Papua New Guinea,WINNER,Papua New Guinea won,,,20
1182905,2019-05-06,female,T20,Indonesia,Japan,"Ground 2, Independence Park",Port Vila,,Japan,bat,Indonesia,WINNER,Indonesia won,,,20
1182906,2019-05-06,female,T20,Indonesia,Papua New Guinea,"Ground 1, Independence Park",Port Vila,,Indonesia,bat,Papua New Guinea,WINNER,Papua New Guinea won,,,20
1182909,2019-05-07,female,T20,Fiji,Papua New Guinea,"Ground 2, Independence Park",Port Vila,,Fiji,bat,Papua New Guinea,WINNER,Papua New Guinea won,,,20
1182650,2019-05-08,female,T20,Mozambique,Rwanda,Old Hararians,Harare,,Mozambique,bat,Rwanda,WINNER,Rwanda won,,,20
1182652,2019-05-08,female,T20,Kenya,Uganda,Old Hararians,Harare,,Uganda,bat,Uganda,WINNER,Uganda won,,,20
1182653,2019-05-08,female,T20,Namibia,Sierra Leone,Takashinga Sports Club,Harare,,Sierra Leone,bat,Namibia,WINNER,Namibia won,,,20
1182654,2019-05-09,female,T20,Zimbabwe,Rwanda,Old Hararians,Harare,,Zimbabwe,bat,Zimbabwe,WINNER,Zimbabwe won,,,20
1182912,2019-05-09,female,T20,Vanuatu,Samoa,"Ground 1, Independence Park",Port Vila,,Vanuatu,bat,Samoa,WINNER,Samoa won,,,20
1182913,2019-05-09,female,T20,Fiji,Japan,"Ground 2, Independence Park",Port Vila,,Japan,bat,Japan,WINNER,Japan won,,,20
1182914,2019-05-09,female,T20,Japan,Papua New Guinea,"Ground 1, Independence Park",Port Vila,,Japan,bat,Papua New Guinea,WINNER,Papua New Guinea won,,,20
1182916,2019-05-10,female,T20,Fiji,Indonesia,"Ground 1, Independence Park",Port Vila,,Indonesia,field,Indonesia,WINNER,Indonesia won,,,20
1182917,2019-05-10,female,T20,Vanuatu,Japan,"Ground 2, Independence Park",Port Vila,,Japan,bat,Vanuatu,WINNER,Vanuatu won,,,20
1182918,2019-05-10,female,T20,Papua New Guinea,Samoa,"Ground 1, Independence Park",Port Vila,,Papua New Guinea,field,Papua New Guinea,WINNER,Papua New Guinea won,,,20
1182656,2019-05-11,female,T20,Zimbabwe,Nigeria,Old Hararians,Harare,,Nigeria,bat,Zimbabwe,WINNER,Zimbabwe won,,,20
1182657,2019-05-11,female,T20,Rwanda,Tanzania,Takashinga Sports Club,Harare,,Tanzania,bat,Tanzania,WINNER,Tanzania won,,,20
1182658,2019-05-12,female,T20,Zimbabwe,Namibia,Harare Sports Club,Harare,,Namibia,field,Zimbabwe,WINNER,Zimbabwe won,,,20
1177018,2019-05-15,female,T20,South Africa,Pakistan,LC de Villiers Oval,Pretoria,,Pakistan,field,Pakistan,WINNER,Pakistan won,,,20
1177019,2019-05-18,female,T20,South Africa,Pakistan,City Oval,Pietermaritzburg,,Pakistan,bat,South Africa,WINNER,South Africa won,,,20
1183856,2019-05-18,female,T20,United States of America,Canada,Central Broward Regional Park Stadium Turf Ground,Lauderhill,,Canada,field,United States of America,WINNER,United States of America won,,,20
1177020,2019-05-19,female,T20,South Africa,Pakistan,City Oval,Pietermaritzburg,,Pakistan,field,Pakistan,WINNER,Pakistan won,,,20
1183857,2019-05-19,female,T20,United States of America,Canada,Central Broward Regional Park Stadium Turf Ground,Lauderhill,,United States of America,bat,United States of America,WINNER,United States of America won,,,20
1184258,2019-05-20,male,T20,Ghana,Namibia,Kyambogo Cricket Oval,Kampala,,Namibia,field,Namibia,WINNER,Namibia won,,,20
1184260,2019-05-20,male,T20,Uganda,Botswana,Lugogo Cricket Oval,Kampala,,Botswana,field,Uganda,WINNER,Uganda won,,,20
1184261,2019-05-21,male,T20,Ghana,Kenya,Kyambogo Cricket Oval,Kampala,,Ghana,field,Kenya,WINNER,Kenya won,,,20
1184262,2019-05-21,male,T20,Uganda,Namibia,Kyambogo Cricket Oval,Kampala,,Namibia,bat,Namibia,WINNER,Namibia won,,,20
1184263,2019-05-21,male,T20,Botswana,Nigeria,Lugogo Cricket Oval,Kampala,,Nigeria,bat,Nigeria,WINNER,Nigeria won,,,20
1177021,2019-05-22,female,T20,South Africa,Pakistan,Willowmoore Park,Benoni,,South Africa,field,South Africa,WINNER,South Africa won,,,20
1184900,2019-05-22,male,T20,Ghana,Nigeria,Kyambogo Cricket Oval,Kampala,,Ghana,field,Nigeria,WINNER,Nigeria won,,,20
1184901,2019-05-22,male,T20,Botswana,Namibia,Kyambogo Cricket Oval,Kampala,,Botswana,bat,Namibia,WINNER,Namibia won,,,20
1184902,2019-05-22,male,T20,Uganda,Kenya,Lugogo Cricket Oval,Kampala,,Kenya,bat,Kenya,WINNER,Kenya won,,,20
1177022,2019-05-23,female,T20,South Africa,Pakistan,Willowmoore Park,Benoni,,South Africa,field,South Africa,WINNER,South Africa won,,,20
1184266,2019-05-23,male,T20,Uganda,Ghana,Kyambogo Cricket Oval,Kampala,,Ghana,bat,Uganda,WINNER,Uganda won,,,20
1178996,2019-05-25,male,T20,Germany,Italy,Sportpark Maarschalkerweerd,Utrecht,,Italy,field,Italy,WINNER,Italy won,,,20
1185154,2019-05-26,female,T20,Ireland,West Indies,YMCA Cricket Club,Dublin,,West Indies,bat,West Indies,WINNER,West Indies won,,,20
1185155,2019-05-28,female,T20,Ireland,West Indies,Sydney Parade,Dublin,,West Indies,bat,West Indies,WINNER,West Indies won,,,20
1185156,2019-05-29,female,T20,Ireland,West Indies,Sydney Parade,Dublin,,Ireland,field,West Indies,WINNER,West Indies won,,,20
1185181,2019-06-15,male,T20,Guernsey,Germany,King George V Sports Ground,Castel,,Germany,field,Germany,WINNER,Germany won,,,20
1185184,2019-06-16,male,T20,Denmark,Jersey,King George V Sports Ground,Castel,,Denmark,field,Jersey,WINNER,Jersey won,,,20
1185185,2019-06-16,male,T20,Guernsey,Italy,College Field,St Peter Port,,Guernsey,field,Italy,WINNER,Italy won,,,20
1185186,2019-06-16,male,T20,Jersey,Norway,King George V Sports Ground,Castel,,Jersey,bat,Jersey,WINNER,Jersey won,,,20
1185182,2019-06-17,male,T20,Denmark,Norway,King George V Sports Ground,Castel,,Denmark,bat,Denmark,WINNER,Denmark won,,,20
1185187,2019-06-18,male,T20,Guernsey,Denmark,King George V Sports Ground,Castel,,Guernsey,field,,NO_RESULT,No result,,,20
1188785,2019-06-18,female,T20,Rwanda,Mali,Gahanga International Cricket Stadium. Rwanda,Kigali City,,Mali,bat,Rwanda,WINNER,Rwanda won,,,20
1188786,2019-06-18,female,T20,Tanzania,Uganda,Gahanga International Cricket Stadium. Rwanda,Kigali City,,Tanzania,bat,Tanzania,WINNER,Tanzania won,,,20
1185191,2019-06-19,male,T20,Guernsey,Norway,King George V Sports Ground,Castel,,Guernsey,field,Guernsey,WINNER,Guernsey won,,,20
1185192,2019-06-19,male,T20,Italy,Jersey,College Field,St Peter Port,,Italy,field,Jersey,WINNER,Jersey won,,,20
1185193,2019-06-19,male,T20,Denmark,Germany,King George V Sports Ground,Castel,,Germany,field,Germany,WINNER,Germany won,,,20
1188784,2019-06-19,female,T20,Rwanda,Uganda,Gahanga International Cricket Stadium. Rwanda,Kigali City,,Uganda,bat,Uganda,WINNER,Uganda won,,,20
1185188,2019-06-20,male,T20,Germany,Norway,College Field,St Peter Port,,Germany,field,Germany,WINNER,Germany won,,,20
1185190,2019-06-20,male,T20,Germany,Jersey,College Field,St Peter Port,,Germany,field,Germany,WINNER,Germany won,,,20
1189743,2019-06-20,male,T20,Guernsey,Denmark,King George V Sports Ground,Castel,,Denmark,field,Guernsey,WINNER,Guernsey won,,,20
1189744,2019-06-20,male,T20,Denmark,Italy,King George V Sports Ground,Castel,,Denmark,bat,Denmark,WINNER,Denmark won,,,20
1168020,2019-06-21,female,T20,England,West Indies,County Ground,Northampton,,England,bat,England,WINNER,England won,,,20
1188379,2019-06-23,male,T20,Netherlands,Zimbabwe,Hazelaarweg,Rotterdam,,Zimbabwe,field,Netherlands,WINNER,Netherlands won,,,20
1186488,2019-06-24,male,T20,Malaysia,Thailand,Kinrara Academy Oval,Kuala Lumpur,,Malaysia,field,Malaysia,WINNER,Malaysia won,,,20
1188380,2019-06-25,male,T20,Netherlands,Zimbabwe,Hazelaarweg,Rotterdam,,Netherlands,bat,Zimbabwe,TIED,Tied; Zimbabwe won via Super Over,,Zimbabwe,20
1186490,2019-06-26,male,T20,Maldives,Thailand,Kinrara Academy Oval,Kuala Lumpur,,Thailand,bat,Maldives,WINNER,Maldives won,,,20
1190605,2019-06-26,female,T20,Netherlands,Scotland,La Manga Club Top Ground,Murcia,,Scotland,field,Netherlands,WINNER,Netherlands won,,,20
1186491,2019-06-27,male,T20,Malaysia,Thailand,Kinrara Academy Oval,Kuala Lumpur,,Thailand,bat,Malaysia,WINNER,Malaysia won,,,20
1190606,2019-06-27,female,T20,Germany,Netherlands,La Manga Club Top Ground,Murcia,,Germany,field,Netherlands,WINNER,Netherlands won,,,20
1190607,2019-06-27,female,T20,Netherlands,Scotland,La Manga Club Top Ground,Murcia,,Netherlands,field,Scotland,TIED,Tied; Scotland won via Super Over,,Scotland,20
1186492,2019-06-28,male,T20,Malaysia,Maldives,Kinrara Academy Oval,Kuala Lumpur,,Malaysia,bat,,NO_RESULT,No result,,,20
1186493,2019-06-29,male,T20,Maldives,Thailand,Kinrara Academy Oval,Kuala Lumpur,,Thailand,field,Thailand,WINNER,Thailand won,,,20
1190608,2019-06-29,female,T20,Germany,Scotland,La Manga Club Top Ground,Murcia,,Germany,field,Scotland,WINNER,Scotland won,,,20
1168521,2019-07-12,male,T20,Ireland,Zimbabwe,"Bready Cricket Club, Magheramason",Bready,,Ireland,field,Ireland,WINNER,Ireland won,D/L,,20
1192223,2019-07-13,male,T20,Malaysia,Nepal,Kinrara Academy Oval,Kuala Lumpur,,Malaysia,bat,Nepal,WINNER,Nepal won,,,20
1168522,2019-07-14,male,T20,Ireland,Zimbabwe,Bready,Derry,,Zimbabwe,field,Zimbabwe,WINNER,Zimbabwe won,,,20
1192224,2019-07-14,male,T20,Malaysia,Nepal,Kinrara Academy Oval,Kuala Lumpur,,Nepal,bat,Nepal,WINNER,Nepal won,,,20
1190767,2019-07-22,male,T20,Singapore,Qatar,Indian Association Ground,Singapore,,Singapore,bat,Singapore,WINNER,Singapore won,,,20
1190768,2019-07-22,male,T20,Kuwait,Malaysia,Indian Association Ground,Singapore,,Malaysia,bat,Malaysia,WINNER,Malaysia won,,,20
1190769,2019-07-23,male,T20,Nepal,Qatar,Indian Association Ground,Singapore,,Nepal,bat,Qatar,WINNER,Qatar won,,,20
1190771,2019-07-24,male,T20,Malaysia,Nepal,Indian Association Ground,Singapore,,Nepal,field,Nepal,WINNER,Nepal won,,,20
1168026,2019-07-26,female,T20,England,Australia,County Ground,Chelmsford,,England,field,Australia,WINNER,Australia won,,,20
1190772,2019-07-26,male,T20,Kuwait,Qatar,Indian Association Ground,Singapore,,Qatar,field,Kuwait,WINNER,Kuwait won,,,20
1190773,2019-07-26,male,T20,Singapore,Malaysia,Indian Association Ground,Singapore,,Malaysia,bat,Singapore,WINNER,Singapore won,,,20
1190774,2019-07-27,male,T20,Kuwait,Nepal,Indian Association Ground,Singapore,,Nepal,field,Nepal,WINNER,Nepal won,,,20
1190775,2019-07-27,male,T20,Malaysia,Qatar,Indian Association Ground,Singapore,,Malaysia,bat,Qatar,WINNER,Qatar won,,,20
1168027,2019-07-28,female,T20,England,Australia,"County Ground, Hove",Brighton,,England,bat,Australia,WINNER,Australia won,,,20
1190776,2019-07-28,male,T20,Singapore,Nepal,Indian Association Ground,Singapore,,Singapore,bat,Singapore,WINNER,Singapore won,,,20
1168028,2019-07-31,female,T20,England,Australia,County Ground,Bristol,,Australia,field,England,WINNER,England won,,,20
1188621,2019-08-03,male,T20,India,West Indies,Central Broward Regional Park Stadium Turf Ground,Lauderhill,,India,field,India,WINNER,India won,,,20
1188622,2019-08-04,male,T20,India,West Indies,Central Broward Regional Park Stadium Turf Ground,Lauderhill,,India,bat,India,WINNER,India won,D/L,,20
1191006,2019-08-05,male,T20,Netherlands,United Arab Emirates,VRA Ground,Amstelveen,,United Arab Emirates,field,United Arab Emirates,WINNER,United Arab Emirates won,,,20
1188623,2019-08-06,male,T20,West Indies,India,"Providence Stadium, Guyana",Providence,,India,field,India,WINNER,India won,,,20
1190744,2019-08-08,female,T20,Netherlands,Ireland,Sportpark Het Schootsveld,Deventer,,Netherlands,field,Ireland,WINNER,Ireland won,,,20
1191008,2019-08-08,male,T20,Netherlands,United Arab Emirates,Sportpark Westvliet,The Hague,,Netherlands,bat,United Arab Emirates,WINNER,United Arab Emirates won,,,20
1190746,2019-08-09,female,T20,Netherlands,Scotland,Sportpark Het Schootsveld,Deventer,,Netherlands,bat,Scotland,WINNER,Scotland won,D/L,,20
1190747,2019-08-09,female,T20,Ireland,Thailand,Sportpark Het Schootsveld,Deventer,,Ireland,field,Thailand,WINNER,Thailand won,D/L,,20
1190749,2019-08-10,female,T20,Ireland,Scotland,Sportpark Het Schootsveld,Deventer,,Scotland,bat,Scotland,WINNER,Scotland won,,,20
1190750,2019-08-12,female,T20,Scotland,Thailand,Sportpark Het Schootsveld,Deventer,,Scotland,field,Scotland,WINNER,Scotland won,,,20
1190751,2019-08-12,female,T20,Netherlands,Ireland,Sportpark Het Schootsveld,Deventer,,Ireland,bat,,NO_RESULT,No result,,,20
1190752,2019-08-13,female,T20,Ireland,Thailand,Sportpark Het Schootsveld,Deventer,,Ireland,bat,Thailand,WINNER,Thailand won,D/L,,20
1190753,2019-08-13,female,T20,Netherlands,Scotland,Sportpark Het Schootsveld,Deventer,,Netherlands,field,Scotland,WINNER,Scotland won,D/L,,20
1190754,2019-08-14,female,T20,Ireland,Scotland,Sportpark Het Schootsveld,Deventer,,Scotland,bat,Ireland,WINNER,Ireland won,,,20
1190755,2019-08-14,female,T20,Netherlands,Thailand,Sportpark Het Schootsveld,Deventer,,Netherlands,field,Thailand,WINNER,Thailand won,,,20
1197396,2019-08-18,male,T20,Bermuda,United States of America,"White Hill Field, Sandys Parish",Hamilton,,Bermuda,bat,Bermuda,WINNER,Bermuda won,,,20
1197397,2019-08-18,male,T20,Canada,Cayman Islands,"White Hill Field, Sandys Parish",Hamilton,,Canada,bat,Canada,WINNER,Canada won,,,20
1197398,2019-08-19,male,T20,Bermuda,Canada,National Stadium,Hamilton,,Bermuda,bat,,NO_RESULT,No result,,,20
1197399,2019-08-19,male,T20,Cayman Islands,United States of America,National Stadium,Hamilton,,United States of America,field,United States of America,WINNER,United States of America won,D/L,,20
1197507,2019-08-19,male,T20,Namibia,Botswana,United Cricket Club Ground,Windhoek,,Botswana,field,Namibia,WINNER,Namibia won,,,20
1197508,2019-08-20,male,T20,Namibia,Botswana,United Cricket Club Ground,Windhoek,,Botswana,field,Namibia,WINNER,Namibia won,,,20
1197400,2019-08-21,male,T20,Bermuda,Cayman Islands,"White Hill Field, Sandys Parish",Hamilton,,Cayman Islands,bat,Bermuda,WINNER,Bermuda won,,,20
1197401,2019-08-21,male,T20,Canada,United States of America,"White Hill Field, Sandys Parish",Hamilton,,United States of America,bat,Canada,WINNER,Canada won,,,20
1197402,2019-08-22,male,T20,Canada,Cayman Islands,"White Hill Field, Sandys Parish",Hamilton,,Canada,field,Canada,WINNER,Canada won,,,20
1197403,2019-08-22,male,T20,United States of America,Bermuda,Bermuda National Stadium,Hamilton,,Bermuda,field,Bermuda,WINNER,Bermuda won,,,20
1197509,2019-08-22,male,T20,Namibia,Botswana,United Cricket Club Ground,Windhoek,,Namibia,bat,Namibia,WINNER,Namibia won,,,20
1197510,2019-08-23,male,T20,Namibia,Botswana,United Cricket Club Ground,Windhoek,,Botswana,bat,Namibia,WINNER,Namibia won,,,20
1197404,2019-08-24,male,T20,Cayman Islands,United States of America,"White Hill Field, Sandys Parish",Hamilton,,Cayman Islands,bat,United States of America,WINNER,United States of America won,,,20
1197406,2019-08-25,male,T20,Canada,United States of America,"White Hill Field, Sandys Parish",Hamilton,,United States of America,field,Canada,WINNER,Canada won,,,20
1197407,2019-08-25,male,T20,Bermuda,Cayman Islands,"White Hill Field, Sandys Parish",Hamilton,,Cayman Islands,bat,Bermuda,WINNER,Bermuda won,,,20
1198217,2019-08-28,female,T20,Singapore,Malaysia,Indian Association Ground,Singapore,,Singapore,field,Malaysia,WINNER,Malaysia won,,,20
1198218,2019-08-29,female,T20,Singapore,Malaysia,Indian Association Ground,Singapore,,Singapore,bat,Malaysia,WINNER,Malaysia won,,,20
1198219,2019-08-30,female,T20,Singapore,Malaysia,Indian Association Ground,Singapore,,Malaysia,bat,Malaysia,WINNER,Malaysia won,,,20
1197049,2019-08-31,female,T20,Scotland,United States of America,Forthill,Dundee,,Scotland,bat,Scotland,WINNER,Scotland won,,,20
1192875,2019-09-01,male,T20,Sri Lanka,New Zealand,Pallekele International Cricket Stadium,Kandy,,Sri Lanka,bat,New Zealand,WINNER,New Zealand won,,,20
1197051,2019-09-01,female,T20,Namibia,Thailand,Forthill,Dundee,,Thailand,bat,Thailand,WINNER,Thailand won,,,20
1197052,2019-09-01,female,T20,Scotland,Papua New Guinea,Lochlands,Arbroath,,Papua New Guinea,field,Papua New Guinea,WINNER,Papua New Guinea won,,,20
1197053,2019-09-01,female,T20,Ireland,Netherlands,Forthill,Dundee,,Ireland,bat,Ireland,WINNER,Ireland won,,,20
1197054,2019-09-01,female,T20,Bangladesh,United States of America,Lochlands,Arbroath,,United States of America,bat,Bangladesh,WINNER,Bangladesh won,,,20
1197047,2019-09-02,female,T20,Bangladesh,Papua New Guinea,Forthill,Dundee,,Papua New Guinea,field,Bangladesh,WINNER,Bangladesh won,D/L,,20
1192876,2019-09-03,male,T20,Sri Lanka,New Zealand,Pallekele International Cricket Stadium,Kandy,,Sri Lanka,bat,New Zealand,WINNER,New Zealand won,,,20
1197055,2019-09-03,female,T20,Ireland,Thailand,Forthill,Dundee,,Ireland,field,Thailand,WINNER,Thailand won,D/L,,20
1197056,2019-09-03,female,T20,Namibia,Netherlands,Lochlands,Arbroath,,Namibia,bat,Netherlands,WINNER,Netherlands won,,,20
1197057,2019-09-03,female,T20,Scotland,Bangladesh,Forthill,Dundee,,Scotland,field,Bangladesh,WINNER,Bangladesh won,D/L,,20
1197058,2019-09-03,female,T20,Papua New Guinea,United States of America,Lochlands,Arbroath,,United States of America,field,Papua New Guinea,WINNER,Papua New Guinea won,D/L,,20
1197059,2019-09-05,female,T20,Bangladesh,Ireland,Forthill,Dundee,,Ireland,bat,Bangladesh,WINNER,Bangladesh won,,,20
1197061,2019-09-05,female,T20,Papua New Guinea,Thailand,Forthill,Dundee,,Papua New Guinea,bat,Thailand,WINNER,Thailand won,,,20
1197062,2019-09-05,female,T20,Scotland,Namibia,Lochlands,Arbroath,,Scotland,field,Scotland,WINNER,Scotland won,,,20
1192877,2019-09-06,male,T20,Sri Lanka,New Zealand,Pallekele International Cricket Stadium,Kandy,,Sri Lanka,bat,Sri Lanka,WINNER,Sri Lanka won,,,20
1196033,2019-09-07,female,T20,Rwanda,Nigeria,Gahanga International Cricket Stadium. Rwanda,Kigali City,,Nigeria,bat,Rwanda,WINNER,Rwanda won,,,20
1197063,2019-09-07,female,T20,Ireland,Papua New Guinea,Forthill,Dundee,,Ireland,field,Ireland,WINNER,Ireland won,,,20
1197064,2019-09-07,female,T20,Namibia,United States of America,Lochlands,Arbroath,,United States of America,field,United States of America,WINNER,United States of America won,,,20
1197065,2019-09-07,female,T20,Bangladesh,Thailand,Forthill,Dundee,,Bangladesh,bat,Bangladesh,WINNER,Bangladesh won,,,20
1197066,2019-09-07,female,T20,Scotland,Netherlands,Lochlands,Arbroath,,Netherlands,field,Scotland,WINNER,Scotland won,,,20
1197140,2019-09-13,male,T20,Bangladesh,Zimbabwe,"Shere Bangla National Stadium, Mirpur",Dhaka,,Bangladesh,field,Bangladesh,WINNER,Bangladesh won,,,20
1198475,2019-09-14,female,T20,West Indies,Australia,"Kensington Oval, Barbados",Bridgetown,,West Indies,bat,Australia,WINNER,Australia won,,,20
1198476,2019-09-16,female,T20,West Indies,Australia,"Kensington Oval, Barbados",Bridgetown,,Australia,field,Australia,WINNER,Australia won,,,20
1200425,2019-09-16,male,T20,Netherlands,Scotland,"The Village, Malahide",Dublin,,Netherlands,field,Scotland,WINNER,Scotland won,,,20
1200426,2019-09-17,male,T20,Ireland,Scotland,"The Village, Malahide",Dublin,,Scotland,bat,Ireland,WINNER,Ireland won,,,20
1187005,2019-09-18,male,T20,India,South Africa,"Punjab Cricket Association IS Bindra Stadium, Mohali",Chandigarh,,India,field,India,WINNER,India won,,,20
1197143,2019-09-18,male,T20,Bangladesh,Zimbabwe,Zahur Ahmed Chowdhury Stadium,Chattogram,,Zimbabwe,field,Bangladesh,WINNER,Bangladesh won,,,20
1198477,2019-09-18,female,T20,West Indies,Australia,"Kensington Oval, Barbados",Bridgetown,,West Indies,bat,Australia,WINNER,Australia won,,,20
1200427,2019-09-18,male,T20,Ireland,Netherlands,"The Village, Malahide",Dublin,,Ireland,bat,Netherlands,WINNER,Netherlands won,,,20
1197246,2019-09-19,female,T20,South Korea,Japan,Yeonhui Cricket Ground,Incheon,,South Korea,field,Japan,WINNER,Japan won,,,20
1197247,2019-09-19,female,T20,China,Hong Kong,Yeonhui Cricket Ground,Incheon,,Hong Kong,bat,Hong Kong,WINNER,Hong Kong won,,,20
1200428,2019-09-19,male,T20,Netherlands,Scotland,"The Village, Malahide",Dublin,,Netherlands,bat,Scotland,WINNER,Scotland won,,,20
1197248,2019-09-20,female,T20,Hong Kong,Japan,Yeonhui Cricket Ground,Incheon,,Hong Kong,bat,Japan,WINNER,Japan won,,,20
1197249,2019-09-20,female,T20,South Korea,China,Yeonhui Cricket Ground,Incheon,,South Korea,field,China,WINNER,China won,,,20
1187006,2019-09-22,male,T20,India,South Africa,M.Chinnaswamy Stadium,Bengaluru,,India,bat,South Africa,WINNER,South Africa won,,,20
1197253,2019-09-22,female,T20,China,Hong Kong,Yeonhui Cricket Ground,Incheon,,Hong Kong,field,China,WINNER,China won,,,20
1198478,2019-09-24,female,T20,India,South Africa,Lalabhai Contractor Stadium,Surat,,South Africa,field,India,WINNER,India won,,,20
1201680,2019-09-27,male,T20,Nepal,Zimbabwe,Indian Association Ground,Singapore,,Nepal,bat,Zimbabwe,WINNER,Zimbabwe won,,,20
1201681,2019-09-28,male,T20,Singapore,Nepal,Indian Association Ground,Singapore,,Singapore,bat,Nepal,WINNER,Nepal won,,,20
1183510,2019-09-29,female,T20,Australia,Sri Lanka,North Sydney Oval,Sydney,,Australia,bat,Australia,WINNER,Australia won,,,20
1201682,2019-09-29,male,T20,Singapore,Zimbabwe,Indian Association Ground,Singapore,,Singapore,bat,Singapore,WINNER,Singapore won,,,20
1202007,2019-09-29,male,T20,Malaysia,Vanuatu,Kinrara Academy Oval,Kuala Lumpur,,Vanuatu,bat,Vanuatu,WINNER,Vanuatu won,,,20
1183511,2019-09-30,female,T20,Australia,Sri Lanka,North Sydney Oval,Sydney,,Sri Lanka,bat,Australia,WINNER,Australia won,,,20
1198481,2019-10-01,female,T20,India,South Africa,Lalabhai Contractor Stadium,Surat,,South Africa,field,India,WINNER,India won,,,20
1201683,2019-10-01,male,T20,Nepal,Zimbabwe,Indian Association Ground,Singapore,,Nepal,field,Zimbabwe,WINNER,Zimbabwe won,,,20
1202008,2019-10-01,male,T20,Malaysia,Vanuatu,Kinrara Academy Oval,Kuala Lumpur,,Vanuatu,bat,Vanuatu,WINNER,Vanuatu won,,,20
1183512,2019-10-02,female,T20,Australia,Sri Lanka,North Sydney Oval,Sydney,,Australia,bat,Australia,WINNER,Australia won,,,20
1202009,2019-10-02,male,T20,Malaysia,Vanuatu,Kinrara Academy Oval,Kuala Lumpur,,Malaysia,bat,Malaysia,WINNER,Malaysia won,,,20
1201685,2019-10-03,male,T20,Singapore,Zimbabwe,Indian Association Ground,Singapore,,Zimbabwe,field,Zimbabwe,WINNER,Zimbabwe won,,,20
1202010,2019-10-03,male,T20,Malaysia,Vanuatu,Kinrara Academy Oval,Kuala Lumpur,,Malaysia,bat,Vanuatu,WINNER,Vanuatu won,,,20
1202366,2019-10-03,female,T20,India,South Africa,Lalabhai Contractor Stadium,Surat,,India,field,India,WINNER,India won,,,20
1198482,2019-10-04,female,T20,India,South Africa,Lalabhai Contractor Stadium,Surat,,South Africa,bat,South Africa,WINNER,South Africa won,,,20
1202011,2019-10-04,male,T20,Malaysia,Vanuatu,Kinrara Academy Oval,Kuala Lumpur,,Malaysia,bat,Malaysia,WINNER,Malaysia won,,,20
1197521,2019-10-05,male,T20,Ireland,Netherlands,Al Amerat Cricket Ground Oman Cricket (Ministry Turf 1),Al Amarat,,Ireland,field,Ireland,WINNER,Ireland won,,,20
1198489,2019-10-05,male,T20,Pakistan,Sri Lanka,Gaddafi Stadium,Lahore,,Pakistan,field,Sri Lanka,WINNER,Sri Lanka won,,,20
1197522,2019-10-06,male,T20,Oman,Ireland,Al Amerat Cricket Ground Oman Cricket (Ministry Turf 1),Al Amarat,,Ireland,field,Oman,WINNER,Oman won,,,20
1197523,2019-10-06,male,T20,Hong Kong,Nepal,Al Amerat Cricket Ground Oman Cricket (Ministry Turf 1),Al Amarat,,Nepal,field,Nepal,WINNER,Nepal won,,,20
1197524,2019-10-07,male,T20,Nepal,Netherlands,Al Amerat Cricket Ground Oman Cricket (Ministry Turf 1),Al Amarat,,Nepal,field,Nepal,WINNER,Nepal won,,,20
1197525,2019-10-07,male,T20,Hong Kong,Ireland,Al Amerat Cricket Ground Oman Cricket (Ministry Turf 1),Al Amarat,,Ireland,bat,Ireland,WINNER,Ireland won,,,20
1198490,2019-10-07,male,T20,Pakistan,Sri Lanka,Gaddafi Stadium,Lahore,,Sri Lanka,bat,Sri Lanka,WINNER,Sri Lanka won,,,20
1197526,2019-10-09,male,T20,Ireland,Nepal,Al Amerat Cricket Ground Oman Cricket (Ministry Turf 1),Al Amarat,,Ireland,bat,Ireland,WINNER,Ireland won,,,20
1197527,2019-10-09,male,T20,Oman,Netherlands,Al Amerat Cricket Ground Oman Cricket (Ministry Turf 1),Al Amarat,,Netherlands,bat,Oman,WINNER,Oman won,,,20
1198491,2019-10-09,male,T20,Pakistan,Sri Lanka,Gaddafi Stadium,Lahore,,Sri Lanka,bat,Sri Lanka,WINNER,Sri Lanka won,,,20
1197528,2019-10-10,male,T20,Hong Kong,Netherlands,Al Amerat Cricket Ground Oman Cricket (Ministry Turf 1),Al Amarat,,Hong Kong,field,Netherlands,WINNER,Netherlands won,,,20
1197529,2019-10-10,male,T20,Oman,Nepal,Al Amerat Cricket Ground Oman Cricket (Ministry Turf 1),Al Amarat,,Oman,field,Oman,WINNER,Oman won,,,20
1199499,2019-10-18,male,T20,Scotland,Singapore,ICC Academy,Dubai,,Scotland,field,Singapore,WINNER,Singapore won,,,20
1199500,2019-10-18,male,T20,Hong Kong,Ireland,Sheikh Zayed Stadium,Abu Dhabi,,Hong Kong,bat,Ireland,WINNER,Ireland won,,,20
1199501,2019-10-18,male,T20,Kenya,Netherlands,ICC Academy,Dubai,,Netherlands,bat,Netherlands,WINNER,Netherlands won,,,20
1199502,2019-10-18,male,T20,United Arab Emirates,Oman,Sheikh Zayed Stadium,Abu Dhabi,,Oman,field,Oman,WINNER,Oman won,,,20
1199503,2019-10-19,male,T20,Bermuda,Papua New Guinea,ICC Academy,Dubai,,Papua New Guinea,field,Papua New Guinea,WINNER,Papua New Guinea won,,,20
1199504,2019-10-19,male,T20,Jersey,Nigeria,Sheikh Zayed Stadium,Abu Dhabi,,Jersey,bat,Jersey,WINNER,Jersey won,,,20
1199505,2019-10-19,male,T20,Namibia,Netherlands,ICC Academy,Dubai,,Netherlands,bat,Netherlands,WINNER,Netherlands won,,,20
1199506,2019-10-19,male,T20,Kenya,Scotland,ICC Academy Ground No 2,Dubai,,Scotland,bat,Scotland,WINNER,Scotland won,,,20
1199507,2019-10-19,male,T20,United Arab Emirates,Ireland,Sheikh Zayed Stadium,Abu Dhabi,,United Arab Emirates,field,United Arab Emirates,WINNER,United Arab Emirates won,,,20
1199508,2019-10-20,male,T20,Namibia,Papua New Guinea,ICC Academy Ground No 2,Dubai,,Papua New Guinea,bat,Papua New Guinea,WINNER,Papua New Guinea won,,,20
1199509,2019-10-20,male,T20,Canada,Jersey,Tolerance Oval,Abu Dhabi,,Jersey,field,Canada,WINNER,Canada won,,,20
1199510,2019-10-20,male,T20,Bermuda,Singapore,ICC Academy Ground No 2,Dubai,,Bermuda,bat,Singapore,WINNER,Singapore won,,,20
1199511,2019-10-20,male,T20,Hong Kong,Oman,Sheikh Zayed Stadium,Abu Dhabi,,Oman,field,Oman,WINNER,Oman won,,,20
1199512,2019-10-21,male,T20,Papua New Guinea,Scotland,ICC Academy,Dubai,,Scotland,bat,Scotland,WINNER,Scotland won,,,20
1199513,2019-10-21,male,T20,United Arab Emirates,Hong Kong,Sheikh Zayed Stadium,Abu Dhabi,,Hong Kong,bat,United Arab Emirates,WINNER,United Arab Emirates won,,,20
1199514,2019-10-21,male,T20,Ireland,Oman,Tolerance Oval,Abu Dhabi,,Oman,field,Ireland,WINNER,Ireland won,,,20
1199515,2019-10-21,male,T20,Bermuda,Kenya,ICC Academy,Dubai,,Kenya,bat,Kenya,WINNER,Kenya won,,,20
1199516,2019-10-21,male,T20,Canada,Nigeria,Sheikh Zayed Stadium,Abu Dhabi,,Canada,bat,Canada,WINNER,Canada won,,,20
1199517,2019-10-22,male,T20,Namibia,Scotland,ICC Academy,Dubai,,Namibia,bat,Namibia,WINNER,Namibia won,,,20
1199518,2019-10-22,male,T20,Netherlands,Singapore,ICC Academy,Dubai,,Singapore,bat,Netherlands,WINNER,Netherlands won,,,20
1199519,2019-10-22,male,T20,United Arab Emirates,Jersey,Tolerance Oval,Abu Dhabi,,Jersey,bat,Jersey,WINNER,Jersey won,,,20
1199520,2019-10-23,male,T20,Bermuda,Namibia,ICC Academy Ground No 2,Dubai,,Namibia,field,Namibia,WINNER,Namibia won,,,20
1199521,2019-10-23,male,T20,Nigeria,Oman,Tolerance Oval,Abu Dhabi,,Nigeria,bat,Oman,WINNER,Oman won,,,20
1199522,2019-10-23,male,T20,Kenya,Singapore,ICC Academy Ground No 2,Dubai,,Singapore,bat,Kenya,WINNER,Kenya won,,,20
1199523,2019-10-23,male,T20,Canada,Ireland,Sheikh Zayed Stadium,Abu Dhabi,,Canada,bat,Canada,WINNER,Canada won,,,20
1199524,2019-10-23,male,T20,Hong Kong,Jersey,Sheikh Zayed Stadium,Abu Dhabi,,Hong Kong,bat,Hong Kong,WINNER,Hong Kong won,,,20
1199525,2019-10-24,male,T20,Netherlands,Papua New Guinea,ICC Academy,Dubai,,Netherlands,bat,Papua New Guinea,WINNER,Papua New Guinea won,,,20
1199526,2019-10-24,male,T20,United Arab Emirates,Nigeria,Tolerance Oval,Abu Dhabi,,United Arab Emirates,field,United Arab Emirates,WINNER,United Arab Emirates won,,,20
1199527,2019-10-24,male,T20,Canada,Hong Kong,Tolerance Oval,Abu Dhabi,,Hong Kong,bat,Hong Kong,WINNER,Hong Kong won,,,20
1199528,2019-10-24,male,T20,Bermuda,Scotland,Dubai International Cricket Stadium,Dubai,,Bermuda,field,Scotland,WINNER,Scotland won,,,20
1199529,2019-10-25,male,T20,Papua New Guinea,Singapore,Dubai International Cricket Stadium,Dubai,,Singapore,field,Papua New Guinea,WINNER,Papua New Guinea won,,,20
1199530,2019-10-25,male,T20,Ireland,Jersey,Tolerance Oval,Abu Dhabi,,Ireland,field,Ireland,WINNER,Ireland won,,,20
1199531,2019-10-25,male,T20,Kenya,Namibia,Dubai International Cricket Stadium,Dubai,,Namibia,bat,Namibia,WINNER,Namibia won,,,20
1199532,2019-10-25,male,T20,Canada,Oman,Sheikh Zayed Stadium,Abu Dhabi,,Canada,bat,Oman,WINNER,Oman won,,,20
1201668,2019-10-25,male,T20,Spain,Portugal,La Manga Club Bottom Ground,Murcia,,Spain,field,Spain,WINNER,Spain won,,,20
1199533,2019-10-26,male,T20,Ireland,Nigeria,Sheikh Zayed Stadium,Abu Dhabi,,Nigeria,bat,Ireland,WINNER,Ireland won,,,20
1199534,2019-10-26,male,T20,Bermuda,Netherlands,Dubai International Cricket Stadium,Dubai,,Netherlands,bat,Netherlands,WINNER,Netherlands won,,,20
1199535,2019-10-26,male,T20,Namibia,Singapore,Dubai International Cricket Stadium,Dubai,,Singapore,field,Namibia,WINNER,Namibia won,,,20
1201669,2019-10-26,male,T20,Gibraltar,Portugal,La Manga Club Bottom Ground,Murcia,,Gibraltar,bat,Portugal,WINNER,Portugal won,,,20
1201670,2019-10-26,male,T20,Spain,Gibraltar,La Manga Club Bottom Ground,Murcia,,Spain,field,Spain,WINNER,Spain won,,,20
1201671,2019-10-26,male,T20,Spain,Portugal,La Manga Club Bottom Ground,Murcia,,Portugal,field,Spain,WINNER,Spain won,,,20
1204726,2019-10-26,female,T20,Pakistan,Bangladesh,Gaddafi Stadium,Lahore,,Pakistan,bat,Pakistan,WINNER,Pakistan won,,,20
1183524,2019-10-27,male,T20,Australia,Sri Lanka,Adelaide Oval,Adelaide,,Sri Lanka,field,Australia,WINNER,Australia won,,,20
1199536,2019-10-27,male,T20,Kenya,Papua New Guinea,Dubai International Cricket Stadium,Dubai,,Kenya,field,Papua New Guinea,WINNER,Papua New Guinea won,,,20
1199537,2019-10-27,male,T20,Hong Kong,Nigeria,Tolerance Oval,Abu Dhabi,,Nigeria,bat,Hong Kong,WINNER,Hong Kong won,,,20
1199538,2019-10-27,male,T20,Jersey,Oman,Sheikh Zayed Stadium,Abu Dhabi,,Oman,field,Jersey,WINNER,Jersey won,,,20
1199539,2019-10-27,male,T20,Netherlands,Scotland,Dubai International Cricket Stadium,Dubai,,Netherlands,field,Netherlands,WINNER,Netherlands won,,,20
1199540,2019-10-27,male,T20,United Arab Emirates,Canada,Sheikh Zayed Stadium,Abu Dhabi,,Canada,field,United Arab Emirates,WINNER,United Arab Emirates won,,,20
1201673,2019-10-27,male,T20,Spain,Gibraltar,La Manga Club Bottom Ground,Murcia,,Spain,field,Spain,WINNER,Spain won,,,20
1199541,2019-10-29,male,T20,United Arab Emirates,Netherlands,Dubai International Cricket Stadium,Dubai,,United Arab Emirates,bat,Netherlands,WINNER,Netherlands won,,,20
1199542,2019-10-29,male,T20,Namibia,Oman,Dubai International Cricket Stadium,Dubai,,Namibia,bat,Namibia,WINNER,Namibia won,,,20
1183525,2019-10-30,male,T20,Australia,Sri Lanka,"Brisbane Cricket Ground, Woolloongabba",Brisbane,,Sri Lanka,bat,Australia,WINNER,Australia won,,,20
1199543,2019-10-30,male,T20,United Arab Emirates,Scotland,Dubai International Cricket Stadium,Dubai,,Scotland,bat,Scotland,WINNER,Scotland won,,,20
1199544,2019-10-30,male,T20,Hong Kong,Oman,Dubai International Cricket Stadium,Dubai,,Oman,bat,Oman,WINNER,Oman won,,,20
1199545,2019-10-31,male,T20,Oman,Scotland,ICC Academy,Dubai,,Oman,bat,Scotland,WINNER,Scotland won,,,20
1183526,2019-11-01,male,T20,Australia,Sri Lanka,Melbourne Cricket Ground,Melbourne,,Australia,field,Australia,WINNER,Australia won,,,20
1187665,2019-11-01,male,T20,New Zealand,England,Hagley Oval,Christchurch,,England,field,England,WINNER,England won,,,20
1199546,2019-11-01,male,T20,Ireland,Netherlands,Dubai International Cricket Stadium,Dubai,,Ireland,field,Netherlands,WINNER,Netherlands won,,,20
1199547,2019-11-01,male,T20,Namibia,Papua New Guinea,Dubai International Cricket Stadium,Dubai,,Papua New Guinea,bat,Papua New Guinea,WINNER,Papua New Guinea won,,,20
1199548,2019-11-02,male,T20,Ireland,Namibia,Dubai International Cricket Stadium,Dubai,,Ireland,bat,Ireland,WINNER,Ireland won,,,20
1199549,2019-11-02,male,T20,Netherlands,Papua New Guinea,Dubai International Cricket Stadium,Dubai,,Papua New Guinea,bat,Netherlands,WINNER,Netherlands won,,,20
1183527,2019-11-03,male,T20,Australia,Pakistan,Sydney Cricket Ground,Sydney,,Australia,field,,NO_RESULT,No result,,,20
1187013,2019-11-03,male,T20,India,Bangladesh,Arun Jaitley Stadium,Delhi,,Bangladesh,field,Bangladesh,WINNER,Bangladesh won,,,20
1187666,2019-11-03,male,T20,New Zealand,England,Westpac Stadium,Wellington,,England,field,New Zealand,WINNER,New Zealand won,,,20
1183528,2019-11-05,male,T20,Australia,Pakistan,Manuka Oval,Canberra,,Pakistan,bat,Australia,WINNER,Australia won,,,20
1187667,2019-11-05,male,T20,New Zealand,England,Saxton Oval,Nelson,,New Zealand,bat,New Zealand,WINNER,New Zealand won,,,20
1187014,2019-11-07,male,T20,India,Bangladesh,Saurashtra Cricket Association Stadium,Rajkot,,India,field,India,WINNER,India won,,,20
1183529,2019-11-08,male,T20,Australia,Pakistan,Perth Stadium,Perth,,Australia,field,Australia,WINNER,Australia won,,,20
1187668,2019-11-08,male,T20,New Zealand,England,McLean Park,Napier,,New Zealand,field,England,WINNER,England won,,,20
1202252,2019-11-09,female,T20,West Indies,India,"Darren Sammy National Cricket Stadium, St Lucia",Gros Islet,,West Indies,field,India,WINNER,India won,,,20
1187015,2019-11-10,male,T20,India,Bangladesh,"Vidarbha Cricket Association Stadium, Jamtha",Nagpur,,Bangladesh,field,India,WINNER,India won,,,20
1187669,2019-11-10,male,T20,New Zealand,England,Eden Park,Auckland,,England,field,England,TIED,Tied; England won via Super Over,,England,20
1202253,2019-11-10,female,T20,West Indies,India,"Darren Sammy National Cricket Stadium, St Lucia",Gros Islet,,West Indies,bat,India,WINNER,India won,,,20
1202254,2019-11-14,female,T20,West Indies,India,"Providence Stadium, Guyana",Providence,,West Indies,bat,India,WINNER,India won,,,20
1202255,2019-11-17,female,T20,West Indies,India,"Providence Stadium, Guyana",Providence,,West Indies,field,India,WINNER,India won,,,20
1202256,2019-11-20,female,T20,West Indies,India,"Providence Stadium, Guyana",Providence,,India,bat,India,WINNER,India won,,,20
1208804,2019-12-02,female,T20,Nepal,Maldives,Pokhara Rangasala,Pokhara,,Maldives,bat,Nepal,WINNER,Nepal won,,,20
1208806,2019-12-04,female,T20,Nepal,Bangladesh,Pokhara Rangasala,Pokhara,,Bangladesh,field,Bangladesh,WINNER,Bangladesh won,,,20
1208606,2019-12-05,male,T20,Nepal,Bhutan,Tribhuvan University International Cricket Ground,Kirtipur,,Bhutan,field,Nepal,WINNER,Nepal won,,,20
1208808,2019-12-05,female,T20,Bangladesh,Maldives,Pokhara Rangasala,Pokhara,,Bangladesh,bat,Bangladesh,WINNER,Bangladesh won,,,20
1187018,2019-12-06,male,T20,India,West Indies,"Rajiv Gandhi International Stadium, Uppal",Hyderabad,,India,field,India,WINNER,India won,,,20
1208609,2019-12-06,male,T20,Nepal,Maldives,Tribhuvan University International Cricket Ground,Kirtipur,,Nepal,bat,Nepal,WINNER,Nepal won,,,20
1208612,2019-12-07,male,T20,Bhutan,Maldives,Tribhuvan University International Cricket Ground,Kirtipur,,Maldives,field,Maldives,WINNER,Maldives won,,,20
1208810,2019-12-07,female,T20,Nepal,Maldives,Pokhara Rangasala,Pokhara,,Maldives,bat,Nepal,WINNER,Nepal won,,,20
1187019,2019-12-08,male,T20,India,West Indies,Greenfield International Stadium,Thiruvananthapuram,,West Indies,field,West Indies,WINNER,West Indies won,,,20
1208613,2019-12-09,male,T20,Nepal,Maldives,Tribhuvan University International Cricket Ground,Kirtipur,,Nepal,field,Nepal,WINNER,Nepal won,,,20
1187020,2019-12-11,male,T20,India,West Indies,Wankhede Stadium,Mumbai,,West Indies,field,India,WINNER,India won,,,20
1208347,2019-12-17,female,T20,England,Pakistan,Kinrara Academy Oval,Kuala Lumpur,,Pakistan,field,England,WINNER,England won,,,20
1208348,2019-12-19,female,T20,England,Pakistan,Kinrara Academy Oval,Kuala Lumpur,,England,bat,England,WINNER,England won,,,20
1208349,2019-12-20,female,T20,England,Pakistan,Kinrara Academy Oval,Kuala Lumpur,,England,bat,England,WINNER,England won,,,20
1202243,2020-01-07,male,T20,India,Sri Lanka,Holkar Cricket Stadium,Indore,,India,field,India,WINNER,India won,,,20
1202244,2020-01-10,male,T20,India,Sri Lanka,Maharashtra Cricket Association Stadium,Pune,,Sri Lanka,field,India,WINNER,India won,,,20
1203676,2020-01-15,male,T20,West Indies,Ireland,"National Cricket Stadium, Grenada",St George's,,Ireland,bat,Ireland,WINNER,Ireland won,,,20
1203677,2020-01-18,male,T20,West Indies,Ireland,"Warner Park, St Kitts",Basseterre,,West Indies,field,,NO_RESULT,No result,,,20
1203678,2020-01-19,male,T20,West Indies,Ireland,"Warner Park, St Kitts",Basseterre,,West Indies,field,West Indies,WINNER,West Indies won,,,20
1187677,2020-01-24,male,T20,New Zealand,India,Eden Park,Auckland,,India,field,India,WINNER,India won,,,20
1213058,2020-01-24,male,T20,Pakistan,Bangladesh,Gaddafi Stadium,Lahore,,Bangladesh,bat,Pakistan,WINNER,Pakistan won,,,20
1213059,2020-01-25,male,T20,Pakistan,Bangladesh,Gaddafi Stadium,Lahore,,Bangladesh,bat,Pakistan,WINNER,Pakistan won,,,20
1187678,2020-01-26,male,T20,New Zealand,India,Eden Park,Auckland,,New Zealand,bat,India,WINNER,India won,,,20
1187679,2020-01-29,male,T20,New Zealand,India,Seddon Park,Hamilton,,New Zealand,field,India,TIED,Tied; India won via Super Over,,India,20
1183543,2020-01-31,female,T20,England,India,Manuka Oval,Canberra,,India,field,India,WINNER,India won,,,20
1187680,2020-01-31,male,T20,New Zealand,India,Westpac Stadium,Wellington,,New Zealand,field,India,TIED,Tied; India won via Super Over,,India,20
1183544,2020-02-01,female,T20,Australia,England,Manuka Oval,Canberra,,Australia,field,England,TIED,Tied; England won via Super Over,,England,20
1183545,2020-02-02,female,T20,Australia,India,Manuka Oval,Canberra,,Australia,field,Australia,WINNER,Australia won,,,20
1187681,2020-02-02,male,T20,New Zealand,India,Bay Oval,Mount Maunganui,,India,bat,India,WINNER,India won,,,20
1187717,2020-02-02,female,T20,New Zealand,South Africa,Bay Oval,Mount Maunganui,,New Zealand,field,New Zealand,WINNER,New Zealand won,,,20
1214763,2020-02-04,female,T20,Oman,Germany,Al Amerat Cricket Ground Oman Cricket (Ministry Turf 1),Al Amarat,,Oman,field,Germany,WINNER,Germany won,,,20
1214764,2020-02-05,female,T20,Oman,Germany,Al Amerat Cricket Ground Oman Cricket (Ministry Turf 1),Al Amarat,,Oman,bat,Germany,WINNER,Germany won,,,20
1187718,2020-02-06,female,T20,New Zealand,South Africa,Seddon Park,Hamilton,,New Zealand,field,New Zealand,WINNER,New Zealand won,,,20
1183546,2020-02-07,female,T20,England,India,Junction Oval,Melbourne,,England,field,England,WINNER,England won,,,20
1214765,2020-02-07,female,T20,Oman,Germany,Al Amerat Cricket Ground Oman Cricket (Ministry Turf 1),Al Amarat,,Germany,bat,Germany,WINNER,Germany won,,,20
1183547,2020-02-08,female,T20,Australia,India,Junction Oval,Melbourne,,India,field,India,WINNER,India won,,,20
1214766,2020-02-08,female,T20,Oman,Germany,Al Amerat Cricket Ground Oman Cricket (Ministry Turf 1),Al Amarat,,Germany,bat,Germany,WINNER,Germany won,,,20
1183548,2020-02-09,female,T20,Australia,England,Junction Oval,Melbourne,,England,field,Australia,WINNER,Australia won,,,20
1187719,2020-02-09,female,T20,New Zealand,South Africa,Basin Reserve,Wellington,,New Zealand,bat,South Africa,WINNER,South Africa won,,,20
1187720,2020-02-10,female,T20,New Zealand,South Africa,Basin Reserve,Wellington,,South Africa,field,New Zealand,WINNER,New Zealand won,,,20
1183549,2020-02-12,female,T20,Australia,India,Junction Oval,Melbourne,,Australia,bat,Australia,WINNER,Australia won,,,20
1185313,2020-02-12,male,T20,South Africa,England,Buffalo Park,East London,,England,field,South Africa,WINNER,South Africa won,,,20
1185314,2020-02-14,male,T20,South Africa,England,Kingsmead,Durban,,South Africa,field,England,WINNER,England won,,,20
1185315,2020-02-16,male,T20,South Africa,England,SuperSport Park,Centurion,,South Africa,bat,England,WINNER,England won,,,20
1215136,2020-02-20,male,T20,Malaysia,Hong Kong,Kinrara Academy Oval,Kuala Lumpur,,Malaysia,bat,Malaysia,WINNER,Malaysia won,D/L,,20
1173048,2020-02-21,female,T20,Australia,India,Sydney Showground Stadium,Sydney,,Australia,field,India,WINNER,India won,,,20
1185316,2020-02-21,male,T20,South Africa,Australia,The Wanderers Stadium,Johannesburg,,South Africa,field,Australia,WINNER,Australia won,,,20
1215137,2020-02-21,male,T20,Malaysia,Hong Kong,Kinrara Academy Oval,Kuala Lumpur,,Malaysia,bat,Malaysia,WINNER,Malaysia won,,,20
1173049,2020-02-22,female,T20,Thailand,West Indies,W.A.C.A. Ground,Perth,,Thailand,bat,West Indies,WINNER,West Indies won,,,20
1173050,2020-02-22,female,T20,New Zealand,Sri Lanka,W.A.C.A. Ground,Perth,,New Zealand,field,New Zealand,WINNER,New Zealand won,,,20
1173051,2020-02-23,female,T20,England,South Africa,W.A.C.A. Ground,Perth,,South Africa,field,South Africa,WINNER,South Africa won,,,20
1185317,2020-02-23,male,T20,South Africa,Australia,St George's Park,Port Elizabeth,,South Africa,bat,South Africa,WINNER,South Africa won,,,20
1215138,2020-02-23,male,T20,Malaysia,Hong Kong,Kinrara Academy Oval,Kuala Lumpur,,Malaysia,bat,Malaysia,WINNER,Malaysia won,,,20
1173052,2020-02-24,female,T20,Australia,Sri Lanka,W.A.C.A. Ground,Perth,,Sri Lanka,bat,Australia,WINNER,Australia won,,,20
1173053,2020-02-24,female,T20,Bangladesh,India,W.A.C.A. Ground,Perth,,Bangladesh,field,India,WINNER,India won,,,20
1215139,2020-02-24,male,T20,Malaysia,Hong Kong,Kinrara Academy Oval,Kuala Lumpur,,Malaysia,bat,Malaysia,WINNER,Malaysia won,,,20
1215159,2020-02-25,male,T20,Oman,Maldives,Al Amerat Cricket Ground Oman Cricket (Ministry Turf 1),Al Amarat,,Oman,field,Oman,WINNER,Oman won,,,20
1215160,2020-02-25,male,T20,Saudi Arabia,United Arab Emirates,Al Amerat Cricket Ground Oman Cricket (Ministry Turf 2),Al Amarat,,United Arab Emirates,bat,United Arab Emirates,WINNER,United Arab Emirates won,,,20
1215161,2020-02-25,male,T20,Bahrain,Qatar,Al Amerat Cricket Ground Oman Cricket (Ministry Turf 1),Al Amarat,,Qatar,bat,Bahrain,WINNER,Bahrain won,,,20
1215162,2020-02-25,male,T20,Iran,Kuwait,Al Amerat Cricket Ground Oman Cricket (Ministry Turf 2),Al Amarat,,Kuwait,field,Kuwait,WINNER,Kuwait won,,,20
1173054,2020-02-26,female,T20,England,Thailand,Manuka Oval,Canberra,,Thailand,field,England,WINNER,England won,,,20
1173055,2020-02-26,female,T20,Pakistan,West Indies,Manuka Oval,Canberra,,West Indies,bat,Pakistan,WINNER,Pakistan won,,,20
1185318,2020-02-26,male,T20,South Africa,Australia,Newlands,Cape Town,,South Africa,field,Australia,WINNER,Australia won,,,20
1215140,2020-02-26,male,T20,Malaysia,Hong Kong,Kinrara Academy Oval,Kuala Lumpur,,Hong Kong,bat,Malaysia,WINNER,Malaysia won,,,20
1215163,2020-02-26,male,T20,Kuwait,Bahrain,Al Amerat Cricket Ground Oman Cricket (Ministry Turf 1),Al Amarat,,Bahrain,field,Kuwait,WINNER,Kuwait won,,,20
1215164,2020-02-26,male,T20,Qatar,United Arab Emirates,Al Amerat Cricket Ground Oman Cricket (Ministry Turf 2),Al Amarat,,United Arab Emirates,bat,United Arab Emirates,WINNER,United Arab Emirates won,,,20
1173056,2020-02-27,female,T20,India,New Zealand,Junction Oval,Melbourne,,New Zealand,field,India,WINNER,India won,,,20
1173057,2020-02-27,female,T20,Australia,Bangladesh,Manuka Oval,Canberra,,Australia,bat,Australia,WINNER,Australia won,,,20
1215165,2020-02-27,male,T20,Kuwait,United Arab Emirates,Al Amerat Cricket Ground Oman Cricket (Ministry Turf 1),Al Amarat,,Kuwait,field,United Arab Emirates,WINNER,United Arab Emirates won,,,20
1173058,2020-02-28,female,T20,South Africa,Thailand,Manuka Oval,Canberra,,South Africa,bat,South Africa,WINNER,South Africa won,,,20
1173059,2020-02-28,female,T20,England,Pakistan,Manuka Oval,Canberra,,Pakistan,field,England,WINNER,England won,,,20
1173060,2020-02-29,female,T20,Bangladesh,New Zealand,Junction Oval,Melbourne,,New Zealand,bat,New Zealand,WINNER,New Zealand won,,,20
1173061,2020-02-29,female,T20,India,Sri Lanka,Junction Oval,Melbourne,,Sri Lanka,bat,India,WINNER,India won,,,20
1217738,2020-02-29,male,T20,Thailand,Singapore,Terdthai Cricket Ground,Bangkok,,Thailand,field,Singapore,WINNER,Singapore won,,,20
1173062,2020-03-01,female,T20,Pakistan,South Africa,Sydney Showground Stadium,Sydney,,South Africa,bat,South Africa,WINNER,South Africa won,,,20
1173063,2020-03-01,female,T20,England,West Indies,Sydney Showground Stadium,Sydney,,England,bat,England,WINNER,England won,,,20
1217740,2020-03-01,male,T20,Hong Kong,Nepal,Terdthai Cricket Ground,Bangkok,,Nepal,field,Hong Kong,WINNER,Hong Kong won,,,20
1217741,2020-03-01,male,T20,Thailand,Malaysia,Terdthai Cricket Ground,Bangkok,,Thailand,bat,Malaysia,WINNER,Malaysia won,,,20
1173064,2020-03-02,female,T20,Bangladesh,Sri Lanka,Junction Oval,Melbourne,,Bangladesh,bat,Sri Lanka,WINNER,Sri Lanka won,,,20
1173065,2020-03-02,female,T20,Australia,New Zealand,Junction Oval,Melbourne,,New Zealand,field,Australia,WINNER,Australia won,,,20
1173066,2020-03-03,female,T20,Pakistan,Thailand,Sydney Showground Stadium,Sydney,,Thailand,bat,,NO_RESULT,No result,,,20
1217742,2020-03-03,male,T20,Malaysia,Singapore,Terdthai Cricket Ground,Bangkok,,Singapore,bat,Singapore,WINNER,Singapore won,,,20
1217743,2020-03-03,male,T20,Thailand,Hong Kong,Terdthai Cricket Ground,Bangkok,,Thailand,bat,Hong Kong,WINNER,Hong Kong won,,,20
1213874,2020-03-04,male,T20,Sri Lanka,West Indies,Pallekele International Cricket Stadium,Kandy,,West Indies,bat,West Indies,WINNER,West Indies won,,,50
1217744,2020-03-04,male,T20,Thailand,Nepal,Terdthai Cricket Ground,Bangkok,,Thailand,bat,Nepal,WINNER,Nepal won,,,20
1217745,2020-03-04,male,T20,Hong Kong,Singapore,Terdthai Cricket Ground,Bangkok,,Singapore,bat,Singapore,WINNER,Singapore won,,,20
1173069,2020-03-05,female,T20,Australia,South Africa,Sydney Cricket Ground,Sydney,,South Africa,field,Australia,WINNER,Australia won,D/L,,20
1213875,2020-03-06,male,T20,Sri Lanka,West Indies,Pallekele International Cricket Stadium,Kandy,,West Indies,field,West Indies,WINNER,West Indies won,,,50
1217747,2020-03-06,male,T20,Hong Kong,Malaysia,Terdthai Cricket Ground,Bangkok,,Malaysia,bat,Hong Kong,WINNER,Hong Kong won,,,20
1173070,2020-03-08,female,T20,Australia,India,Melbourne Cricket Ground,Melbourne,,Australia,bat,Australia,WINNER,Australia won,,,20
1207081,2020-03-08,male,T20,Spain,Germany,Desert Springs Cricket Ground,Almeria,,Spain,field,Spain,WINNER,Spain won,,,20
1207082,2020-03-08,male,T20,Spain,Germany,Desert Springs Cricket Ground,Almeria,,Spain,field,Germany,WINNER,Germany won,,,20
1214670,2020-03-09,male,T20,Bangladesh,Zimbabwe,"Shere Bangla National Stadium, Mirpur",Dhaka,,Zimbabwe,field,Bangladesh,WINNER,Bangladesh won,,,20
1214671,2020-03-11,male,T20,Bangladesh,Zimbabwe,"Shere Bangla National Stadium, Mirpur",Dhaka,,Bangladesh,field,Bangladesh,WINNER,Bangladesh won,,,20
1229204,2020-08-12,female,T20,Germany,Austria,"Seebarn Cricket Centre, Lower Austria",Lower Austria,,Austria,field,Germany,WINNER,Germany won,,,20
1229205,2020-08-13,female,T20,Germany,Austria,Seebarn Cricket Centre,Lower Austria,,Germany,bat,Germany,WINNER,Germany won,,,20
1229206,2020-08-13,female,T20,Austria,Germany,Seebarn Cricket Centre,Lower Austria,,Austria,bat,Germany,WINNER,Germany won,,,20
1229207,2020-08-14,female,T20,Germany,Austria,Seebarn Cricket Centre,Lower Austria,,Germany,bat,Germany,WINNER,Germany won,,,20
1229208,2020-08-15,female,T20,Germany,Austria,Seebarn Cricket Centre,Lower Austria,,Germany,bat,Germany,WINNER,Germany won,,,20
1229824,2020-08-21,male,T20,Isle of Man,Guernsey,College Field,St Peter Port,,Isle of Man,bat,Guernsey,WINNER,Guernsey won,,,20
1198244,2020-08-28,male,T20,England,Pakistan,Old Trafford,Manchester,,Pakistan,field,,NO_RESULT,No result,,,20
1229820,2020-08-29,male,T20,Belgium,Luxembourg,Pierre Werner Cricket Ground,Walferdange,,Belgium,bat,Belgium,WINNER,Belgium won,,,20
1198245,2020-08-30,male,T20,Pakistan,England,Old Trafford,Manchester,,England,field,England,WINNER,England won,,,20
1229822,2020-08-30,male,T20,Belgium,Czech Republic,Pierre Werner Cricket Ground,Walferdange,,Belgium,bat,Belgium,WINNER,Belgium won,,,20
1229823,2020-08-30,male,T20,Belgium,Luxembourg,Pierre Werner Cricket Ground,Walferdange,,Belgium,bat,Belgium,WINNER,Belgium won,,,20
1198246,2020-09-01,male,T20,Pakistan,England,Old Trafford,Manchester,,England,field,Pakistan,WINNER,Pakistan won,,,20
1198235,2020-09-04,male,T20,England,Australia,The Rose Bowl,Southampton,,Australia,field,England,WINNER,England won,,,20
1198236,2020-09-06,male,T20,Australia,England,The Rose Bowl,Southampton,,Australia,bat,England,WINNER,England won,,,20
1198237,2020-09-08,male,T20,England,Australia,The Rose Bowl,Southampton,,Australia,field,Australia,WINNER,Australia won,,,20
1230855,2020-09-21,female,T20,England,West Indies,County Ground,Derby,,England,bat,England,WINNER,England won,,,20
1230856,2020-09-23,female,T20,England,West Indies,County Ground,Derby,,West Indies,field,England,WINNER,England won,,,20
1223941,2020-09-26,female,T20,Australia,New Zealand,Allan Border Field,Brisbane,,New Zealand,field,Australia,WINNER,Australia won,,,20
1230857,2020-09-26,female,T20,England,West Indies,County Ground,Derby,,England,bat,England,WINNER,England won,,,20
1223942,2020-09-27,female,T20,New Zealand,Australia,Allan Border Field,Brisbane,,New Zealand,bat,Australia,WINNER,Australia won,,,20
1230858,2020-09-28,female,T20,England,West Indies,County Ground,Derby,,England,bat,England,WINNER,England won,,,20
1223943,2020-09-30,female,T20,Australia,New Zealand,Allan Border Field,Brisbane,,New Zealand,field,New Zealand,WINNER,New Zealand won,,,20
1230859,2020-09-30,female,T20,West Indies,England,County Ground,Derby,,England,field,England,WINNER,England won,,,20
1235829,2020-10-16,male,T20,Bulgaria,Romania,Moara Vlasiei Cricket Ground,,,Bulgaria,bat,Bulgaria,WINNER,Bulgaria won,,,20
1235830,2020-10-17,male,T20,Romania,Bulgaria,Moara Vlasiei Cricket Ground,,,Romania,bat,Romania,WINNER,Romania won,,,20
1235832,2020-10-18,male,T20,Bulgaria,Romania,Moara Vlasiei Cricket Ground,,,Bulgaria,bat,Romania,WINNER,Romania won,,,20
1233464,2020-11-07,male,T20,Zimbabwe,Pakistan,Rawalpindi Cricket Stadium,,,Zimbabwe,bat,Pakistan,WINNER,Pakistan won,,,20
1233465,2020-11-08,male,T20,Zimbabwe,Pakistan,Rawalpindi Cricket Stadium,,,Pakistan,field,Pakistan,WINNER,Pakistan won,,,20
1233466,2020-11-10,male,T20,Zimbabwe,Pakistan,Rawalpindi Cricket Stadium,,,Zimbabwe,bat,Pakistan,WINNER,Pakistan won,,,20
1233954,2020-11-27,male,T20,West Indies,New Zealand,Eden Park,Auckland,,New Zealand,field,New Zealand,WINNER,New Zealand won,D/L,,20
1237122,2020-11-27,male,T20,South Africa,England,Newlands,Cape Town,,England,field,England,WINNER,England won,,,20
1233955,2020-11-29,male,T20,New Zealand,West Indies,Bay Oval,Mount Maunganui,,West Indies,field,New Zealand,WINNER,New Zealand won,,,20
1237123,2020-11-29,male,T20,South Africa,England,Boland Park,Paarl,,England,field,England,WINNER,England won,,,20
1233956,2020-11-30,male,T20,West Indies,New Zealand,Bay Oval,Mount Maunganui,,New Zealand,field,,NO_RESULT,No result,,,20
1237124,2020-12-01,male,T20,South Africa,England,Newlands,Cape Town,,South Africa,bat,England,WINNER,England won,,,20
1223952,2020-12-04,male,T20,India,Australia,Manuka Oval,Canberra,,Australia,field,India,WINNER,India won,,,20
1223953,2020-12-06,male,T20,Australia,India,Sydney Cricket Ground,Sydney,,India,field,India,WINNER,India won,,,20
1223954,2020-12-08,male,T20,Australia,India,Sydney Cricket Ground,Sydney,,India,field,Australia,WINNER,Australia won,,,20
1233959,2020-12-18,male,T20,Pakistan,New Zealand,Eden Park,Auckland,,Pakistan,bat,New Zealand,WINNER,New Zealand won,,,20
1233960,2020-12-20,male,T20,Pakistan,New Zealand,Seddon Park,Hamilton,,Pakistan,bat,New Zealand,WINNER,New Zealand won,,,20
1233961,2020-12-22,male,T20,New Zealand,Pakistan,McLean Park,Napier,,Pakistan,field,Pakistan,WINNER,Pakistan won,,,20
1244846,2021-01-29,female,T20,Pakistan,South Africa,Kingsmead,Durban,,Pakistan,bat,South Africa,WINNER,South Africa won,,,20
1244847,2021-01-31,female,T20,South Africa,Pakistan,Kingsmead,Durban,,Pakistan,field,South Africa,WINNER,South Africa won,,,20
1244848,2021-02-03,female,T20,Pakistan,South Africa,Kingsmead,Durban,,South Africa,field,Pakistan,WINNER,Pakistan won,D/L,,20
1243019,2021-02-11,male,T20,Pakistan,South Africa,Gaddafi Stadium,Lahore,,South Africa,field,Pakistan,WINNER,Pakistan won,,,20
1243020,2021-02-13,male,T20,Pakistan,South Africa,Gaddafi Stadium,Lahore,,South Africa,field,South Africa,WINNER,South Africa won,,,20
1243021,2021-02-14,male,T20,South Africa,Pakistan,Gaddafi Stadium,Lahore,,Pakistan,field,Pakistan,WINNER,Pakistan won,,,20
1233971,2021-02-22,male,T20,New Zealand,Australia,Hagley Oval,Christchurch,,Australia,field,New Zealand,WINNER,New Zealand won,,,20
1233972,2021-02-25,male,T20,New Zealand,Australia,University Oval,Dunedin,,Australia,field,New Zealand,WINNER,New Zealand won,,,20
1233973,2021-03-03,male,T20,Australia,New Zealand,Westpac Stadium,Wellington,,New Zealand,field,Australia,WINNER,Australia won,,,20
1249235,2021-03-03,female,T20,New Zealand,England,Westpac Stadium,Wellington,,England,field,England,WINNER,England won,,,20
1252066,2021-03-03,male,T20,Sri Lanka,West Indies,"Coolidge Cricket Ground, Antigua",Coolidge,,West Indies,field,West Indies,WINNER,West Indies won,,,20
1233974,2021-03-05,male,T20,Australia,New Zealand,Westpac Stadium,Wellington,,Australia,bat,Australia,WINNER,Australia won,,,20
1249236,2021-03-05,female,T20,New Zealand,England,Westpac Stadium,Wellington,,England,field,England,WINNER,England won,,,20
1252067,2021-03-05,male,T20,Sri Lanka,West Indies,"Coolidge Cricket Ground, Antigua",Coolidge,,Sri Lanka,bat,Sri Lanka,WINNER,Sri Lanka won,,,20
1233975,2021-03-07,male,T20,Australia,New Zealand,Sky Stadium,Wellington,,Australia,bat,New Zealand,WINNER,New Zealand won,,,20
1249237,2021-03-07,female,T20,England,New Zealand,Sky Stadium,Wellington,,New Zealand,field,England,WINNER,England won,,,20
1252068,2021-03-07,male,T20,Sri Lanka,West Indies,"Coolidge Cricket Ground, Antigua",Coolidge,,Sri Lanka,bat,West Indies,WINNER,West Indies won,,,20
1243388,2021-03-12,male,T20,India,England,Narendra Modi Stadium,Ahmedabad,,England,field,England,WINNER,England won,,,20
1243389,2021-03-14,male,T20,England,India,Narendra Modi Stadium,Ahmedabad,,India,field,India,WINNER,India won,,,20
1243390,2021-03-16,male,T20,India,England,Narendra Modi Stadium,Ahmedabad,,England,field,England,WINNER,England won,,,20
1243391,2021-03-18,male,T20,India,England,Narendra Modi Stadium,Ahmedabad,,England,field,India,WINNER,India won,,,20
1243392,2021-03-20,male,T20,India,England,Narendra Modi Stadium,Ahmedabad,,England,field,India,WINNER,India won,,,20
1253272,2021-03-20,female,T20,India,South Africa,Bharat Ratna Shri Atal Bihari Vajpayee Ekana Cricket Stadium,Lucknow,,South Africa,field,South Africa,WINNER,South Africa won,,,20
1253273,2021-03-21,female,T20,India,South Africa,Bharat Ratna Shri Atal Bihari Vajpayee Ekana Cricket Stadium,Lucknow,,South Africa,field,South Africa,WINNER,South Africa won,,,20
1253274,2021-03-23,female,T20,South Africa,India,Bharat Ratna Shri Atal Bihari Vajpayee Ekana Cricket Stadium,Lucknow,,India,field,India,WINNER,India won,,,20
1233979,2021-03-28,male,T20,New Zealand,Bangladesh,Seddon Park,Hamilton,,New Zealand,bat,New Zealand,WINNER,New Zealand won,,,20
1249238,2021-03-28,female,T20,New Zealand,Australia,Seddon Park,Hamilton,,Australia,field,Australia,WINNER,Australia won,,,20
1233980,2021-03-30,male,T20,New Zealand,Bangladesh,McLean Park,Napier,,Bangladesh,field,New Zealand,WINNER,New Zealand won,D/L,,20
1249239,2021-03-30,female,T20,Australia,New Zealand,McLean Park,Napier,,New Zealand,field,New Zealand,WINNER,New Zealand won,,,20
1233981,2021-04-01,male,T20,New Zealand,Bangladesh,Eden Park,Auckland,,Bangladesh,field,New Zealand,WINNER,New Zealand won,,,20
1249240,2021-04-01,female,T20,Australia,New Zealand,Eden Park,Auckland,,New Zealand,field,,NO_RESULT,No result,,,20
1257404,2021-04-03,male,T20,Uganda,Namibia,Wanderers,Windhoek,,Uganda,bat,Namibia,WINNER,Namibia won,,,20
1257405,2021-04-05,male,T20,Namibia,Uganda,"Wanderers Cricket Ground, Windhoek",Windhoek,,Namibia,bat,Namibia,WINNER,Namibia won,D/L,,20
1257406,2021-04-05,male,T20,Namibia,Uganda,"Wanderers Cricket Ground, Windhoek",Windhoek,,Namibia,bat,Namibia,WINNER,Namibia won,,,20
1251575,2021-04-10,male,T20,South Africa,Pakistan,"The Wanderers Stadium, Johannesburg",Johannesburg,,South Africa,bat,Pakistan,WINNER,Pakistan won,,,20
1251576,2021-04-12,male,T20,Pakistan,South Africa,"The Wanderers Stadium, Johannesburg",Johannesburg,,Pakistan,bat,South Africa,WINNER,South Africa won,,,20
1251577,2021-04-14,male,T20,South Africa,Pakistan,"SuperSport Park, Centurion",Centurion,,Pakistan,field,Pakistan,WINNER,Pakistan won,,,20
1251578,2021-04-16,male,T20,South Africa,Pakistan,"SuperSport Park, Centurion",Centurion,,Pakistan,field,Pakistan,WINNER,Pakistan won,,,20
1257945,2021-04-17,male,T20,Netherlands,Nepal,"Tribhuvan University International Cricket Ground, Kirtipur",Kirtipur,,Nepal,field,Nepal,WINNER,Nepal won,,,20
1257946,2021-04-18,male,T20,Netherlands,Malaysia,"Tribhuvan University International Cricket Ground, Kirtipur",Kirtipur,,Netherlands,bat,Netherlands,WINNER,Netherlands won,,,20
1257947,2021-04-19,male,T20,Malaysia,Nepal,"Tribhuvan University International Cricket Ground, Kirtipur",Kirtipur,,Nepal,field,Nepal,WINNER,Nepal won,,,20
1257948,2021-04-20,male,T20,Nepal,Netherlands,"Tribhuvan University International Cricket Ground, Kirtipur",Kirtipur,,Nepal,bat,Netherlands,WINNER,Netherlands won,,,20
1257183,2021-04-21,male,T20,Pakistan,Zimbabwe,Harare Sports Club,Harare,,Zimbabwe,field,Pakistan,WINNER,Pakistan won,,,20
1257949,2021-04-21,male,T20,Netherlands,Malaysia,"Tribhuvan University International Cricket Ground, Kirtipur",Kirtipur,,Malaysia,field,,TIED,Match tied,D/L,,20
1257950,2021-04-22,male,T20,Nepal,Malaysia,"Tribhuvan University International Cricket Ground, Kirtipur",Kirtipur,,Malaysia,field,Nepal,WINNER,Nepal won,,,20
1257184,2021-04-23,male,T20,Zimbabwe,Pakistan,Harare Sports Club,Harare,,Pakistan,field,Zimbabwe,WINNER,Zimbabwe won,,,20
1257951,2021-04-24,male,T20,Nepal,Netherlands,"Tribhuvan University International Cricket Ground, Kirtipur",Kirtipur,,Netherlands,field,Nepal,WINNER,Nepal won,,,20
1257185,2021-04-25,male,T20,Pakistan,Zimbabwe,Harare Sports Club,Harare,,Pakistan,bat,Pakistan,WINNER,Pakistan won,,,20
1263708,2021-05-21,male,T20,Luxembourg,Czech Republic,"Scott Page Field, Vinor",Prague,,Czech Republic,field,Czech Republic,WINNER,Czech Republic won,,,20
1263710,2021-05-22,male,T20,Austria,Czech Republic,"Scott Page Field, Vinor",Prague,,Czech Republic,field,Austria,WINNER,Austria won,,,20
1263711,2021-05-22,male,T20,Czech Republic,Luxembourg,"Scott Page Field, Vinor",Prague,,Luxembourg,field,Luxembourg,WINNER,Luxembourg won,,,20
1263712,2021-05-23,male,T20,Austria,Luxembourg,"Scott Page Field, Vinor",Prague,,Austria,bat,Luxembourg,WINNER,Luxembourg won,,,20
1263713,2021-05-23,male,T20,Czech Republic,Austria,"Scott Page Field, Vinor",Prague,,Czech Republic,bat,Austria,WINNER,Austria won,D/L,,20
1262918,2021-05-24,female,T20,Scotland,Ireland,"Civil Service Cricket Club, Stormont, Belfast",Belfast,,Scotland,bat,Scotland,WINNER,Scotland won,,,20
1262917,2021-05-25,female,T20,Ireland,Scotland,"Civil Service Cricket Club, Stormont, Belfast",Belfast,,Ireland,bat,Ireland,WINNER,Ireland won,,,20
1262919,2021-05-26,female,T20,Ireland,Scotland,"Civil Service Cricket Club, Stormont, Belfast",Belfast,,Ireland,bat,Ireland,WINNER,Ireland won,,,20
1262920,2021-05-27,female,T20,Scotland,Ireland,"Civil Service Cricket Club, Stormont, Belfast",Belfast,,Scotland,bat,Ireland,WINNER,Ireland won,,,20
1265214,2021-06-06,female,T20,Nigeria,Namibia,Gahanga International Cricket Stadium. Rwanda,Kigali City,,Nigeria,bat,Namibia,WINNER,Namibia won,,,20
1265215,2021-06-07,female,T20,Botswana,Kenya,Gahanga International Cricket Stadium. Rwanda,Kigali City,,Kenya,field,Kenya,WINNER,Kenya won,,,20
1265216,2021-06-07,female,T20,Namibia,Rwanda,Gahanga International Cricket Stadium. Rwanda,Kigali City,,Rwanda,field,Namibia,WINNER,Namibia won,,,20
1265218,2021-06-08,female,T20,Namibia,Botswana,Gahanga International Cricket Stadium. Rwanda,Kigali City,,Namibia,bat,Namibia,WINNER,Namibia won,,,20
1265220,2021-06-09,female,T20,Rwanda,Nigeria,Gahanga International Cricket Stadium. Rwanda,Kigali City,,Nigeria,field,Rwanda,WINNER,Rwanda won,,,20
1265221,2021-06-10,female,T20,Kenya,Rwanda,Gahanga International Cricket Stadium. Rwanda,Kigali City,,Kenya,bat,Kenya,WINNER,Kenya won,,,20
1265222,2021-06-10,female,T20,Botswana,Nigeria,Gahanga International Cricket Stadium. Rwanda,Kigali City,,Nigeria,field,Nigeria,WINNER,Nigeria won,,,20
1265223,2021-06-11,female,T20,Namibia,Nigeria,Gahanga International Cricket Stadium. Rwanda,Kigali City,,Namibia,bat,Namibia,WINNER,Namibia won,,,20
1265224,2021-06-11,female,T20,Kenya,Rwanda,Gahanga International Cricket Stadium. Rwanda,Kigali City,,Kenya,bat,Kenya,WINNER,Kenya won,,,20
1265225,2021-06-12,female,T20,Rwanda,Nigeria,Gahanga International Cricket Stadium. Rwanda,Kigali City,,Rwanda,bat,Rwanda,WINNER,Rwanda won,,,20
1265226,2021-06-12,female,T20,Namibia,Kenya,Gahanga International Cricket Stadium. Rwanda,Kigali City,,Namibia,bat,Kenya,WINNER,Kenya won,,,20
1249206,2021-06-23,male,T20,Sri Lanka,England,"Sophia Gardens, Cardiff",Cardiff,,Sri Lanka,bat,England,WINNER,England won,,,20
1249207,2021-06-24,male,T20,Sri Lanka,England,"Sophia Gardens, Cardiff",Cardiff,,Sri Lanka,bat,England,WINNER,England won,D/L,,20
1267304,2021-06-24,male,T20,Greece,Romania,"National Sports Academy, Sofia",Sofia,,Greece,bat,Romania,WINNER,Romania won,,,20
1267306,2021-06-25,male,T20,Serbia,Greece,"National Sports Academy, Sofia",Sofia,,Greece,field,Greece,WINNER,Greece won,,,20
1267307,2021-06-25,male,T20,Bulgaria,Romania,"National Sports Academy, Sofia",Sofia,,Bulgaria,bat,Romania,WINNER,Romania won,,,20
1267308,2021-06-25,male,T20,Romania,Serbia,"National Sports Academy, Sofia",Sofia,,Romania,bat,Romania,WINNER,Romania won,,,20
1249208,2021-06-26,male,T20,England,Sri Lanka,"The Rose Bowl, Southampton",Southampton,,Sri Lanka,field,England,WINNER,England won,,,20
1263151,2021-06-26,male,T20,South Africa,West Indies,"National Cricket Stadium, St George's, Grenada",St George's,,West Indies,field,West Indies,WINNER,West Indies won,,,20
1267310,2021-06-26,male,T20,Serbia,Romania,"National Sports Academy, Sofia",Sofia,,Serbia,bat,Romania,WINNER,Romania won,,,20
1267311,2021-06-26,male,T20,Bulgaria,Greece,"National Sports Academy, Sofia",Sofia,,Greece,field,,NO_RESULT,No result,,,20
1263152,2021-06-27,male,T20,South Africa,West Indies,"National Cricket Stadium, St George's, Grenada",St George's,,West Indies,field,South Africa,WINNER,South Africa won,,,20
1263153,2021-06-29,male,T20,South Africa,West Indies,"National Cricket Stadium, St George's, Grenada",St George's,,West Indies,field,South Africa,WINNER,South Africa won,,,20
1267322,2021-06-30,female,T20,West Indies,Pakistan,"Sir Vivian Richards Stadium, North Sound, Antigua",North Sound,,Pakistan,field,West Indies,WINNER,West Indies won,,,20
1263154,2021-07-01,male,T20,West Indies,South Africa,"National Cricket Stadium, St George's, Grenada",St George's,,South Africa,field,West Indies,WINNER,West Indies won,,,20
1267323,2021-07-02,female,T20,West Indies,Pakistan,"Coolidge Cricket Ground, Antigua",Coolidge,,West Indies,bat,West Indies,WINNER,West Indies won,D/L,,20
1263155,2021-07-03,male,T20,South Africa,West Indies,"National Cricket Stadium, St George's, Grenada",St George's,,South Africa,bat,South Africa,WINNER,South Africa won,,,20
1267324,2021-07-04,female,T20,Pakistan,West Indies,"Sir Vivian Richards Stadium, North Sound, Antigua",North Sound,,Pakistan,bat,West Indies,WINNER,West Indies won,,,20
1268188,2021-07-08,male,T20,Belgium,Malta,Marsa Sports Club,Marsa,,Belgium,bat,Malta,WINNER,Malta won,,,20
1268189,2021-07-08,male,T20,Malta,Belgium,Marsa Sports Club,Marsa,,Malta,bat,Belgium,WINNER,Belgium won,,,20
1268747,2021-07-08,female,T20,France,Germany,Bayer Uerdingen Cricket Ground,Krefeld,,Germany,field,Germany,WINNER,Germany won,,,20
1268748,2021-07-08,female,T20,France,Germany,Bayer Uerdingen Cricket Ground,Krefeld,,Germany,field,Germany,WINNER,Germany won,,,20
1260097,2021-07-09,female,T20,England,India,"County Ground, Northampton",Northampton,,India,field,England,WINNER,England won,D/L,,20
1263156,2021-07-09,male,T20,West Indies,Australia,"Daren Sammy National Cricket Stadium, Gros Islet, St Lucia",Gros Islet,,Australia,field,West Indies,WINNER,West Indies won,,,20
1268190,2021-07-09,male,T20,Malta,Belgium,Marsa Sports Club,Marsa,,Belgium,field,Belgium,WINNER,Belgium won,,,20
1268749,2021-07-09,female,T20,Germany,France,Bayer Uerdingen Cricket Ground,Krefeld,,Germany,bat,Germany,WINNER,Germany won,,,20
1263157,2021-07-10,male,T20,West Indies,Australia,"Daren Sammy National Cricket Stadium, Gros Islet, St Lucia",Gros Islet,,Australia,field,West Indies,WINNER,West Indies won,,,20
1268191,2021-07-10,male,T20,Belgium,Malta,Marsa Sports Club,Marsa,,Belgium,bat,Malta,WINNER,Malta won,Awarded,,20
1268192,2021-07-10,male,T20,Belgium,Malta,Marsa Sports Club,Marsa,,Belgium,bat,Belgium,WINNER,Belgium won,,,20
1260098,2021-07-11,female,T20,India,England,"County Ground, Hove",Brighton,,England,field,India,WINNER,India won,,,20
1263158,2021-07-12,male,T20,Australia,West Indies,"Daren Sammy National Cricket Stadium, Gros Islet, St Lucia",Gros Islet,,Australia,bat,West Indies,WINNER,West Indies won,,,20
1260099,2021-07-14,female,T20,India,England,"County Ground, Chelmsford",Chelmsford,,India,bat,England,WINNER,England won,,,20
1263159,2021-07-14,male,T20,Australia,West Indies,"Daren Sammy National Cricket Stadium, Gros Islet, St Lucia",Gros Islet,,Australia,bat,Australia,WINNER,Australia won,,,20
1239540,2021-07-16,male,T20,Pakistan,England,"Trent Bridge, Nottingham",Nottingham,,England,field,Pakistan,WINNER,Pakistan won,,,20
1263160,2021-07-16,male,T20,West Indies,Australia,"Daren Sammy National Cricket Stadium, Gros Islet, St Lucia",Gros Islet,,West Indies,bat,West Indies,WINNER,West Indies won,,,20
1239541,2021-07-18,male,T20,England,Pakistan,"Headingley, Leeds",Leeds,,Pakistan,field,England,WINNER,England won,,,20
1251953,2021-07-19,male,T20,South Africa,Ireland,"The Village, Malahide, Dublin",Dublin,,Ireland,field,South Africa,WINNER,South Africa won,,,20
1239542,2021-07-20,male,T20,Pakistan,England,"Old Trafford, Manchester",Manchester,,Pakistan,bat,England,WINNER,England won,,,20
1251954,2021-07-22,male,T20,South Africa,Ireland,"Civil Service Cricket Club, Stormont, Belfast",Belfast,,South Africa,bat,South Africa,WINNER,South Africa won,,,20
1267680,2021-07-22,male,T20,Zimbabwe,Bangladesh,Harare Sports Club,Harare,,Zimbabwe,bat,Bangladesh,WINNER,Bangladesh won,,,20
1267681,2021-07-23,male,T20,Zimbabwe,Bangladesh,Harare Sports Club,Harare,,Zimbabwe,bat,Zimbabwe,WINNER,Zimbabwe won,,,20
1251955,2021-07-24,male,T20,South Africa,Ireland,"Civil Service Cricket Club, Stormont, Belfast",Belfast,,South Africa,bat,South Africa,WINNER,South Africa won,,,20
1262758,2021-07-25,male,T20,India,Sri Lanka,"R Premadasa Stadium, Colombo",Colombo,,Sri Lanka,field,India,WINNER,India won,,,20
1267682,2021-07-25,male,T20,Zimbabwe,Bangladesh,Harare Sports Club,Harare,,Zimbabwe,bat,Bangladesh,WINNER,Bangladesh won,,,20
1268757,2021-07-26,female,T20,Ireland,Netherlands,"The Village, Malahide, Dublin",Dublin,,Netherlands,field,Ireland,WINNER,Ireland won,,,20
1262759,2021-07-28,male,T20,India,Sri Lanka,"R Premadasa Stadium, Colombo",Colombo,,Sri Lanka,field,Sri Lanka,WINNER,Sri Lanka won,,,20
1263164,2021-07-28,male,T20,West Indies,Pakistan,"Kensington Oval, Bridgetown, Barbados",Bridgetown,,Pakistan,field,,NO_RESULT,No result,,,20
1262760,2021-07-29,male,T20,India,Sri Lanka,"R Premadasa Stadium, Colombo",Colombo,,India,bat,Sri Lanka,WINNER,Sri Lanka won,,,20
1268759,2021-07-29,female,T20,Netherlands,Ireland,"The Village, Malahide, Dublin",Dublin,,Netherlands,bat,Ireland,WINNER,Ireland won,,,20
1268760,2021-07-30,female,T20,Ireland,Netherlands,"The Village, Malahide, Dublin",Dublin,,Netherlands,field,Netherlands,WINNER,Netherlands won,D/L,,20
1263165,2021-07-31,male,T20,Pakistan,West Indies,"Providence Stadium, Guyana",Providence,,West Indies,field,Pakistan,WINNER,Pakistan won,,,20
1263166,2021-08-01,male,T20,West Indies,Pakistan,"Providence Stadium, Guyana",Providence,,West Indies,bat,,NO_RESULT,No result,,,20
1263167,2021-08-03,male,T20,West Indies,Pakistan,"Providence Stadium, Guyana",Providence,,Pakistan,field,,NO_RESULT,No result,,,20
1270834,2021-08-03,male,T20,Bangladesh,Australia,"Shere Bangla National Stadium, Mirpur",Dhaka,,Australia,field,Bangladesh,WINNER,Bangladesh won,,,20
1270835,2021-08-04,male,T20,Australia,Bangladesh,"Shere Bangla National Stadium, Mirpur",Dhaka,,Australia,bat,Bangladesh,WINNER,Bangladesh won,,,20
1271445,2021-08-05,male,T20,Norway,Germany,Bayer Uerdingen Cricket Ground,Krefeld,,Germany,field,Germany,WINNER,Germany won,,,20
1271446,2021-08-05,male,T20,Norway,France,Bayer Uerdingen Cricket Ground,Krefeld,,France,field,France,WINNER,France won,,,20
1270836,2021-08-06,male,T20,Bangladesh,Australia,"Shere Bangla National Stadium, Mirpur",Dhaka,,Bangladesh,bat,Bangladesh,WINNER,Bangladesh won,,,20
1271447,2021-08-06,male,T20,France,Germany,Bayer Uerdingen Cricket Ground,Krefeld,,Germany,field,Germany,WINNER,Germany won,D/L,,20
1270837,2021-08-07,male,T20,Bangladesh,Australia,"Shere Bangla National Stadium, Mirpur",Dhaka,,Bangladesh,bat,Australia,WINNER,Australia won,,,20
1271448,2021-08-07,male,T20,Germany,France,Bayer Uerdingen Cricket Ground,Krefeld,,France,field,Germany,WINNER,Germany won,,,20
1271449,2021-08-07,male,T20,Norway,France,Bayer Uerdingen Cricket Ground,Krefeld,,France,field,Norway,WINNER,Norway won,,,20
1271450,2021-08-08,male,T20,Norway,Germany,Bayer Uerdingen Cricket Ground,Krefeld,,Germany,field,Norway,WINNER,Norway won,,,20
1271451,2021-08-08,male,T20,Norway,Germany,Bayer Uerdingen Cricket Ground,Krefeld,,Norway,bat,Germany,WINNER,Germany won,D/L,,20
1270838,2021-08-09,male,T20,Bangladesh,Australia,"Shere Bangla National Stadium, Mirpur",Dhaka,,Bangladesh,bat,Bangladesh,WINNER,Bangladesh won,,,20
1273133,2021-08-14,male,T20,Denmark,Sweden,"Svanholm Park, Brondby",Brondby,,Sweden,field,Sweden,WINNER,Sweden won,,,20
1273134,2021-08-15,male,T20,Sweden,Denmark,"Svanholm Park, Brondby",Brondby,,Denmark,field,Denmark,WINNER,Denmark won,,,20
1273141,2021-08-18,male,T20,Ghana,Rwanda,Gahanga International Cricket Stadium. Rwanda,Kigali City,,Ghana,bat,Rwanda,WINNER,Rwanda won,,,20
1273136,2021-08-20,male,T20,Gibraltar,Malta,Gucherre Cricket Ground,Albergaria,,Malta,field,Malta,WINNER,Malta won,,,20
1273143,2021-08-20,male,T20,Rwanda,Ghana,Gahanga International Cricket Stadium. Rwanda,Kigali City,,Ghana,field,Rwanda,WINNER,Rwanda won,,,20
1273144,2021-08-20,male,T20,Ghana,Rwanda,Gahanga International Cricket Stadium. Rwanda,Kigali City,,Ghana,bat,Ghana,WINNER,Ghana won,Awarded,,20
1273138,2021-08-21,male,T20,Malta,Gibraltar,Gucherre Cricket Ground,Albergaria,,Gibraltar,field,Malta,WINNER,Malta won,,,20
1273145,2021-08-21,male,T20,Rwanda,Ghana,Gahanga International Cricket Stadium. Rwanda,Kigali City,,Rwanda,bat,Ghana,WINNER,Ghana won,,,20
1273146,2021-08-21,male,T20,Sweden,Finland,Kerava National Cricket Ground,Kerava,,Sweden,bat,Finland,WINNER,Finland won,,,20
1273147,2021-08-21,male,T20,Sweden,Finland,Kerava National Cricket Ground,Kerava,,Sweden,bat,Finland,WINNER,Finland won,,,20
1273139,2021-08-22,male,T20,Portugal,Gibraltar,Gucherre Cricket Ground,Albergaria,,Gibraltar,field,Portugal,WINNER,Portugal won,,,20
1273148,2021-08-22,male,T20,Finland,Sweden,Kerava National Cricket Ground,Kerava,,Sweden,field,Sweden,WINNER,Sweden won,D/L,,20
1273149,2021-08-22,male,T20,Finland,Sweden,Kerava National Cricket Ground,Kerava,,Sweden,field,Sweden,WINNER,Sweden won,,,20
1274595,2021-08-26,female,T20,Netherlands,Scotland,La Manga Club Top Ground,Murcia,,Scotland,field,Scotland,WINNER,Scotland won,,,20
1274596,2021-08-26,female,T20,Ireland,Germany,La Manga Club Bottom Ground,Murcia,,Germany,field,Ireland,WINNER,Ireland won,,,20
1274597,2021-08-26,female,T20,France,Netherlands,La Manga Club Top Ground,Murcia,,France,bat,Netherlands,WINNER,Netherlands won,,,20
1272373,2021-08-27,male,T20,Zimbabwe,Ireland,"Castle Avenue, Dublin",Dublin,,Ireland,field,Zimbabwe,WINNER,Zimbabwe won,,,20
1272900,2021-08-27,female,T20,Thailand,Zimbabwe,"Takashinga Sports Club, Highfield, Harare",Harare,,Zimbabwe,field,Zimbabwe,WINNER,Zimbabwe won,,,20
1274600,2021-08-27,female,T20,France,Germany,La Manga Club Bottom Ground,Murcia,,France,bat,Germany,WINNER,Germany won,,,20
1274601,2021-08-27,female,T20,Ireland,Scotland,La Manga Club Top Ground,Murcia,,Ireland,bat,Scotland,WINNER,Scotland won,,,20
1274602,2021-08-27,female,T20,Germany,Netherlands,La Manga Club Bottom Ground,Murcia,,Netherlands,field,Netherlands,WINNER,Netherlands won,,,20
1272901,2021-08-28,female,T20,Thailand,Zimbabwe,"Takashinga Sports Club, Highfield, Harare",Harare,,Thailand,bat,Thailand,WINNER,Thailand won,,,20
1272374,2021-08-29,male,T20,Zimbabwe,Ireland,"Castle Avenue, Dublin",Dublin,,Zimbabwe,bat,Ireland,WINNER,Ireland won,,,20
1274604,2021-08-29,female,T20,France,Ireland,La Manga Club Bottom Ground,Murcia,,Ireland,field,Ireland,WINNER,Ireland won,,,20
1274608,2021-08-29,female,T20,Germany,Scotland,La Manga Club Top Ground,Murcia,,Scotland,field,Scotland,WINNER,Scotland won,,,20
1275074,2021-08-29,female,T20,Norway,Sweden,Guttsta Wicked Cricket Club,Kolsva,,Sweden,field,Sweden,WINNER,Sweden won,,,20
1272902,2021-08-30,female,T20,Thailand,Zimbabwe,"Takashinga Sports Club, Highfield, Harare",Harare,,Thailand,bat,Thailand,WINNER,Thailand won,,,20
1274606,2021-08-30,female,T20,France,Scotland,La Manga Club Bottom Ground,Murcia,,Scotland,field,Scotland,WINNER,Scotland won,,,20
1274609,2021-08-30,female,T20,Ireland,Netherlands,La Manga Club Top Ground,Murcia,,Netherlands,field,Ireland,WINNER,Ireland won,,,20
1273415,2021-08-31,female,T20,South Africa,West Indies,"Sir Vivian Richards Stadium, North Sound, Antigua",North Sound,,South Africa,bat,,NO_RESULT,No result,,,20
1260100,2021-09-01,female,T20,England,New Zealand,"County Ground, Chelmsford",Chelmsford,,New Zealand,field,England,WINNER,England won,,,20
1272093,2021-09-01,male,T20,New Zealand,Bangladesh,"Shere Bangla National Stadium, Mirpur",Dhaka,,New Zealand,bat,Bangladesh,WINNER,Bangladesh won,,,20
1272375,2021-09-01,male,T20,Ireland,Zimbabwe,"Bready Cricket Club, Magheramason, Bready",Bready,,Zimbabwe,field,Ireland,WINNER,Ireland won,,,20
1272376,2021-09-02,male,T20,Ireland,Zimbabwe,"Bready Cricket Club, Magheramason, Bready",Bready,,Zimbabwe,field,Ireland,WINNER,Ireland won,,,20
1273416,2021-09-02,female,T20,South Africa,West Indies,"Sir Vivian Richards Stadium, North Sound, Antigua",North Sound,,West Indies,field,South Africa,WINNER,South Africa won,,,20
1275269,2021-09-02,male,T20,Luxembourg,Bulgaria,"Moara Vlasiei Cricket Ground, Ilfov County",Ilfov County,,Bulgaria,field,Luxembourg,WINNER,Luxembourg won,,,20
1275270,2021-09-02,male,T20,Hungary,Czech Republic,"Moara Vlasiei Cricket Ground, Ilfov County",Ilfov County,,Czech Republic,field,Hungary,WINNER,Hungary won,,,20
1272094,2021-09-03,male,T20,Bangladesh,New Zealand,"Shere Bangla National Stadium, Mirpur",Dhaka,,Bangladesh,bat,Bangladesh,WINNER,Bangladesh won,,,20
1275268,2021-09-03,male,T20,Romania,Czech Republic,"Moara Vlasiei Cricket Ground, Ilfov County",Ilfov County,,Romania,bat,Romania,WINNER,Romania won,,,20
1275271,2021-09-03,male,T20,Bulgaria,Malta,"Moara Vlasiei Cricket Ground, Ilfov County",Ilfov County,,Bulgaria,bat,Malta,WINNER,Malta won,,,20
1275272,2021-09-03,male,T20,Romania,Hungary,"Moara Vlasiei Cricket Ground, Ilfov County",Ilfov County,,Romania,bat,Romania,WINNER,Romania won,,,20
1260101,2021-09-04,female,T20,England,New Zealand,"County Ground, Hove",Brighton,,New Zealand,field,New Zealand,WINNER,New Zealand won,,,20
1272377,2021-09-04,male,T20,Zimbabwe,Ireland,"Bready Cricket Club, Magheramason, Bready",Bready,,Zimbabwe,bat,Zimbabwe,WINNER,Zimbabwe won,,,20
1273417,2021-09-04,female,T20,South Africa,West Indies,"Sir Vivian Richards Stadium, North Sound, Antigua",North Sound,,South Africa,bat,West Indies,WINNER,West Indies won,,,20
1275274,2021-09-04,male,T20,Luxembourg,Hungary,"Moara Vlasiei Cricket Ground, Ilfov County",Ilfov County,,Hungary,field,Luxembourg,WINNER,Luxembourg won,,,20
1275275,2021-09-04,male,T20,Romania,Malta,"Moara Vlasiei Cricket Ground, Ilfov County",Ilfov County,,Malta,field,Romania,WINNER,Romania won,,,20
1272095,2021-09-05,male,T20,New Zealand,Bangladesh,"Shere Bangla National Stadium, Mirpur",Dhaka,,New Zealand,bat,New Zealand,WINNER,New Zealand won,,,20
1275276,2021-09-05,male,T20,Malta,Hungary,"Moara Vlasiei Cricket Ground, Ilfov County",Ilfov County,,Hungary,field,Hungary,WINNER,Hungary won,,,20
1275277,2021-09-05,male,T20,Romania,Luxembourg,"Moara Vlasiei Cricket Ground, Ilfov County",Ilfov County,,Romania,bat,Romania,WINNER,Romania won,,,20
1272096,2021-09-08,male,T20,New Zealand,Bangladesh,"Shere Bangla National Stadium, Mirpur",Dhaka,,New Zealand,bat,Bangladesh,WINNER,Bangladesh won,,,20
1260102,2021-09-09,female,T20,New Zealand,England,"The Cooper Associates County Ground, Taunton",Taunton,,England,field,England,WINNER,England won,,,20
1275104,2021-09-09,female,T20,Mozambique,Rwanda,"Botswana Cricket Association Oval 1, Gaborone",Gaborone,,Rwanda,field,Rwanda,WINNER,Rwanda won,,,20
1275106,2021-09-09,female,T20,Botswana,Eswatini,"Botswana Cricket Association Oval 1, Gaborone",Gaborone,,Botswana,bat,Botswana,WINNER,Botswana won,,,20
1275107,2021-09-09,female,T20,Sierra Leone,Nigeria,"Botswana Cricket Association Oval 2, Gaborone",Gaborone,,Sierra Leone,bat,Nigeria,WINNER,Nigeria won,,,20
1271630,2021-09-10,male,T20,South Africa,Sri Lanka,"R Premadasa Stadium, Colombo",Colombo,,South Africa,bat,South Africa,WINNER,South Africa won,,,20
1272097,2021-09-10,male,T20,New Zealand,Bangladesh,"Shere Bangla National Stadium, Mirpur",Dhaka,,New Zealand,bat,New Zealand,WINNER,New Zealand won,,,20
1275044,2021-09-10,male,T20,Kenya,Uganda,Entebbe Cricket Oval,Entebbe,,Kenya,bat,Kenya,WINNER,Kenya won,,,20
1275052,2021-09-10,male,T20,Spain,Germany,"Desert Springs Cricket Ground, Almeria",Almeria,,Germany,field,Germany,WINNER,Germany won,,,20
1275108,2021-09-10,female,T20,Tanzania,Zimbabwe,"Botswana Cricket Association Oval 1, Gaborone",Gaborone,,Tanzania,bat,Zimbabwe,WINNER,Zimbabwe won,,,20
1275110,2021-09-10,female,T20,Botswana,Mozambique,"Botswana Cricket Association Oval 1, Gaborone",Gaborone,,Mozambique,field,Botswana,WINNER,Botswana won,,,20
1275111,2021-09-10,female,T20,Namibia,Nigeria,"Botswana Cricket Association Oval 2, Gaborone",Gaborone,,Namibia,bat,Namibia,WINNER,Namibia won,,,20
1275039,2021-09-11,male,T20,Nigeria,Kenya,Entebbe Cricket Oval,Entebbe,,Nigeria,bat,Kenya,WINNER,Kenya won,,,20
1275040,2021-09-11,male,T20,Uganda,Nigeria,Entebbe Cricket Oval,Entebbe,,Uganda,bat,Uganda,WINNER,Uganda won,,,20
1275053,2021-09-11,male,T20,Germany,Spain,"Desert Springs Cricket Ground, Almeria",Almeria,,Germany,bat,Spain,WINNER,Spain won,,,20
1275054,2021-09-11,male,T20,Germany,Spain,"Desert Springs Cricket Ground, Almeria",Almeria,,Spain,field,Spain,WINNER,Spain won,,,20
1275112,2021-09-11,female,T20,Eswatini,Zimbabwe,"Botswana Cricket Association Oval 1, Gaborone",Gaborone,,Eswatini,bat,Zimbabwe,WINNER,Zimbabwe won,,,20
1275114,2021-09-11,female,T20,Tanzania,Mozambique,"Botswana Cricket Association Oval 1, Gaborone",Gaborone,,Mozambique,field,Tanzania,WINNER,Tanzania won,,,20
1275115,2021-09-11,female,T20,Uganda,Nigeria,"Botswana Cricket Association Oval 2, Gaborone",Gaborone,,Uganda,bat,Uganda,WINNER,Uganda won,,,20
1271631,2021-09-12,male,T20,Sri Lanka,South Africa,"R Premadasa Stadium, Colombo",Colombo,,Sri Lanka,bat,South Africa,WINNER,South Africa won,,,20
1275116,2021-09-12,female,T20,Rwanda,Eswatini,"Botswana Cricket Association Oval 1, Gaborone",Gaborone,,Rwanda,bat,Rwanda,WINNER,Rwanda won,,,20
1275042,2021-09-13,male,T20,Kenya,Nigeria,Entebbe Cricket Oval,Entebbe,,Kenya,bat,Kenya,WINNER,Kenya won,,,20
1275043,2021-09-13,male,T20,Nigeria,Uganda,Entebbe Cricket Oval,Entebbe,,Nigeria,bat,Uganda,WINNER,Uganda won,,,20
1275118,2021-09-13,female,T20,Tanzania,Rwanda,"Botswana Cricket Association Oval 1, Gaborone",Gaborone,,Tanzania,bat,Tanzania,WINNER,Tanzania won,,,20
1271632,2021-09-14,male,T20,Sri Lanka,South Africa,"R Premadasa Stadium, Colombo",Colombo,,Sri Lanka,bat,South Africa,WINNER,South Africa won,,,20
1275122,2021-09-14,female,T20,Tanzania,Eswatini,"Botswana Cricket Association Oval 1, Gaborone",Gaborone,,Tanzania,bat,Tanzania,WINNER,Tanzania won,,,20
1275125,2021-09-14,female,T20,Sierra Leone,Uganda,"Botswana Cricket Association Oval 2, Gaborone",Gaborone,,Sierra Leone,bat,Uganda,WINNER,Uganda won,,,20
1273271,2021-09-15,male,T20,Scotland,Zimbabwe,"Grange Cricket Club Ground, Raeburn Place, Edinburgh",Edinburgh,,Scotland,bat,Scotland,WINNER,Scotland won,,,20
1275047,2021-09-15,male,T20,Uganda,Nigeria,Entebbe Cricket Oval,Entebbe,,Uganda,bat,Uganda,WINNER,Uganda won,,,20
1275113,2021-09-15,female,T20,Cameroon,Sierra Leone,"Botswana Cricket Association Oval 2, Gaborone",Gaborone,,Cameroon,bat,Sierra Leone,WINNER,Sierra Leone won,,,20
1275045,2021-09-16,male,T20,Nigeria,Kenya,Entebbe Cricket Oval,Entebbe,,Nigeria,bat,Nigeria,WINNER,Nigeria won,D/L,,20
1275126,2021-09-16,female,T20,Mozambique,Eswatini,"Botswana Cricket Association Oval 1, Gaborone",Gaborone,,Mozambique,bat,Mozambique,WINNER,Mozambique won,,,20
1275127,2021-09-16,female,T20,Zimbabwe,Rwanda,"Botswana Cricket Association Oval 2, Gaborone",Gaborone,,Rwanda,field,Zimbabwe,WINNER,Zimbabwe won,,,20
1275128,2021-09-16,female,T20,Botswana,Tanzania,"Botswana Cricket Association Oval 1, Gaborone",Gaborone,,Botswana,bat,Tanzania,WINNER,Tanzania won,,,20
1273272,2021-09-17,male,T20,Zimbabwe,Scotland,"Grange Cricket Club Ground, Raeburn Place, Edinburgh",Edinburgh,,Zimbabwe,bat,Zimbabwe,WINNER,Zimbabwe won,,,20
1275051,2021-09-17,male,T20,Uganda,Kenya,Entebbe Cricket Oval,Entebbe,,Uganda,bat,Uganda,WINNER,Uganda won,,,20
1275129,2021-09-17,female,T20,Zimbabwe,Uganda,"Botswana Cricket Association Oval 1, Gaborone",Gaborone,,Zimbabwe,bat,Zimbabwe,WINNER,Zimbabwe won,,,20
1273273,2021-09-19,male,T20,Scotland,Zimbabwe,"Grange Cricket Club Ground, Raeburn Place, Edinburgh",Edinburgh,,Scotland,bat,Zimbabwe,WINNER,Zimbabwe won,,,20
1275131,2021-09-19,female,T20,Uganda,Tanzania,"Botswana Cricket Association Oval 1, Gaborone",Gaborone,,Uganda,bat,Tanzania,WINNER,Tanzania won,,,20
1275132,2021-09-19,female,T20,Zimbabwe,Namibia,"Botswana Cricket Association Oval 1, Gaborone",Gaborone,,Zimbabwe,bat,Zimbabwe,WINNER,Zimbabwe won,,,20
1279379,2021-10-05,male,T20,Estonia,Cyprus,Happy Valley Ground,Episkopi,,Cyprus,field,Cyprus,WINNER,Cyprus won,,,20
1279380,2021-10-05,male,T20,Estonia,Cyprus,Happy Valley Ground,Episkopi,,Estonia,bat,Cyprus,WINNER,Cyprus won,,,20
1279381,2021-10-06,male,T20,Cyprus,Isle of Man,Happy Valley Ground,Episkopi,,Cyprus,bat,Isle of Man,WINNER,Isle of Man won,,,20
1279382,2021-10-06,male,T20,Estonia,Isle of Man,Happy Valley Ground,Episkopi,,Estonia,bat,Isle of Man,WINNER,Isle of Man won,,,20
1263621,2021-10-07,female,T20,India,Australia,Carrara Oval,Carrara,,Australia,field,,NO_RESULT,No result,,,20
1279383,2021-10-07,male,T20,Cyprus,Isle of Man,Happy Valley Ground,Episkopi,,Isle of Man,field,Isle of Man,WINNER,Isle of Man won,,,20
1280060,2021-10-07,male,T20,United Arab Emirates,Ireland,"ICC Academy, Dubai",Dubai,,United Arab Emirates,bat,Ireland,WINNER,Ireland won,,,20
1279385,2021-10-08,male,T20,Cyprus,Estonia,Happy Valley Ground,Episkopi,,Cyprus,bat,Cyprus,WINNER,Cyprus won,,,20
1279386,2021-10-08,male,T20,Estonia,Isle of Man,Happy Valley Ground,Episkopi,,Isle of Man,field,Isle of Man,WINNER,Isle of Man won,,,20
1280061,2021-10-08,male,T20,United Arab Emirates,Ireland,"ICC Academy, Dubai",Dubai,,Ireland,field,United Arab Emirates,WINNER,United Arab Emirates won,,,20
1280063,2021-10-08,male,T20,Papua New Guinea,Scotland,"ICC Academy, Dubai",Dubai,,Papua New Guinea,bat,Scotland,WINNER,Scotland won,,,20
1263622,2021-10-09,female,T20,India,Australia,Carrara Oval,Carrara,,Australia,field,Australia,WINNER,Australia won,,,20
1280058,2021-10-09,male,T20,Scotland,Namibia,"ICC Academy, Dubai",Dubai,,Namibia,field,Namibia,WINNER,Namibia won,,,20
1263623,2021-10-10,female,T20,Australia,India,Carrara Oval,Carrara,,India,field,Australia,WINNER,Australia won,,,20
1280059,2021-10-10,male,T20,Namibia,Papua New Guinea,"ICC Academy, Dubai",Dubai,,Papua New Guinea,field,Namibia,WINNER,Namibia won,,,20
1280062,2021-10-10,male,T20,Ireland,United Arab Emirates,"ICC Academy, Dubai",Dubai,,United Arab Emirates,field,United Arab Emirates,WINNER,United Arab Emirates won,,,20
1282738,2021-10-15,male,T20,Jersey,Germany,"Desert Springs Cricket Ground, Almeria",Almeria,,Germany,field,Jersey,WINNER,Jersey won,,,20
1282739,2021-10-15,male,T20,Denmark,Italy,"Desert Springs Cricket Ground, Almeria",Almeria,,Denmark,bat,Italy,WINNER,Italy won,,,20
1282740,2021-10-16,male,T20,Denmark,Germany,"Desert Springs Cricket Ground, Almeria",Almeria,,Denmark,bat,Germany,WINNER,Germany won,,,20
1282741,2021-10-16,male,T20,Jersey,Italy,"Desert Springs Cricket Ground, Almeria",Almeria,,Jersey,bat,Jersey,WINNER,Jersey won,,,20
1283021,2021-10-16,male,T20,Rwanda,Ghana,Gahanga International Cricket Stadium. Rwanda,Kigali City,,Ghana,field,Ghana,WINNER,Ghana won,,,20
1283023,2021-10-16,male,T20,Seychelles,Ghana,Gahanga International Cricket Stadium. Rwanda,Kigali City,,Seychelles,bat,Ghana,WINNER,Ghana won,,,20
1283024,2021-10-16,male,T20,Malawi,Uganda,Integrated Polytechnic Regional Centre,Kigali City,,Malawi,bat,Uganda,WINNER,Uganda won,,,20
1273712,2021-10-17,male,T20,Papua New Guinea,Oman,Al Amerat Cricket Ground Oman Cricket (Ministry Turf 1),Al Amarat,,Oman,field,Oman,WINNER,Oman won,,,20
1273713,2021-10-17,male,T20,Scotland,Bangladesh,Al Amerat Cricket Ground Oman Cricket (Ministry Turf 1),Al Amarat,,Bangladesh,field,Scotland,WINNER,Scotland won,,,20
1282742,2021-10-17,male,T20,Jersey,Denmark,"Desert Springs Cricket Ground, Almeria",Almeria,,Denmark,field,Jersey,WINNER,Jersey won,,,20
1282743,2021-10-17,male,T20,Italy,Germany,"Desert Springs Cricket Ground, Almeria",Almeria,,Italy,bat,Germany,WINNER,Germany won,,,20
1283025,2021-10-17,male,T20,Lesotho,Seychelles,Gahanga International Cricket Stadium. Rwanda,Kigali City,,Seychelles,field,Seychelles,WINNER,Seychelles won,,,20
1283026,2021-10-17,male,T20,Swaziland,Malawi,Integrated Polytechnic Regional Centre,Kigali City,,Malawi,field,Malawi,WINNER,Malawi won,,,20
1283028,2021-10-17,male,T20,Uganda,Rwanda,Integrated Polytechnic Regional Centre,Kigali City,,Uganda,bat,Uganda,WINNER,Uganda won,,,20
1273714,2021-10-18,male,T20,Netherlands,Ireland,"Zayed Cricket Stadium, Abu Dhabi",Abu Dhabi,,Netherlands,bat,Ireland,WINNER,Ireland won,,,20
1273715,2021-10-18,male,T20,Namibia,Sri Lanka,"Zayed Cricket Stadium, Abu Dhabi",Abu Dhabi,,Sri Lanka,field,Sri Lanka,WINNER,Sri Lanka won,,,20
1273716,2021-10-19,male,T20,Scotland,Papua New Guinea,Al Amerat Cricket Ground Oman Cricket (Ministry Turf 1),Al Amarat,,Scotland,bat,Scotland,WINNER,Scotland won,,,20
1273717,2021-10-19,male,T20,Bangladesh,Oman,Al Amerat Cricket Ground Oman Cricket (Ministry Turf 1),Al Amarat,,Bangladesh,bat,Bangladesh,WINNER,Bangladesh won,,,20
1282744,2021-10-19,male,T20,Italy,Denmark,"Desert Springs Cricket Ground, Almeria",Almeria,,Denmark,field,Italy,WINNER,Italy won,,,20
1282745,2021-10-19,male,T20,Germany,Jersey,"Desert Springs Cricket Ground, Almeria",Almeria,,Germany,bat,Jersey,WINNER,Jersey won,,,20
1282929,2021-10-19,female,T20,Argentina,Brazil,"Reforma Athletic Club, Naucalpan",Naucalpan,,Brazil,field,Brazil,WINNER,Brazil won,,,20
1282930,2021-10-19,female,T20,Canada,United States of America,"Reforma Athletic Club, Naucalpan",Naucalpan,,Canada,bat,United States of America,WINNER,United States of America won,,,20
1283029,2021-10-19,male,T20,Malawi,Ghana,Gahanga International Cricket Stadium. Rwanda,Kigali City,,Ghana,field,Ghana,WINNER,Ghana won,,,20
1283030,2021-10-19,male,T20,Lesotho,Uganda,Integrated Polytechnic Regional Centre,Kigali City,,Lesotho,bat,Uganda,WINNER,Uganda won,,,20
1283032,2021-10-19,male,T20,Swaziland,Uganda,Integrated Polytechnic Regional Centre,Kigali City,,Swaziland,bat,Uganda,WINNER,Uganda won,,,20
1283089,2021-10-19,male,T20,Nigeria,Sierra Leone,University of Lagos Cricket Oval,Lagos,,Sierra Leone,field,Sierra Leone,WINNER,Sierra Leone won,,,20
1273718,2021-10-20,male,T20,Netherlands,Namibia,"Zayed Cricket Stadium, Abu Dhabi",Abu Dhabi,,Namibia,field,Namibia,WINNER,Namibia won,,,20
1273719,2021-10-20,male,T20,Sri Lanka,Ireland,"Zayed Cricket Stadium, Abu Dhabi",Abu Dhabi,,Ireland,field,Sri Lanka,WINNER,Sri Lanka won,,,20
1282746,2021-10-20,male,T20,Italy,Jersey,"Desert Springs Cricket Ground, Almeria",Almeria,,Jersey,field,Jersey,WINNER,Jersey won,,,20
1282747,2021-10-20,male,T20,Germany,Denmark,"Desert Springs Cricket Ground, Almeria",Almeria,,Denmark,field,Germany,WINNER,Germany won,,,20
1283033,2021-10-20,male,T20,Malawi,Seychelles,Gahanga International Cricket Stadium. Rwanda,Kigali City,,Malawi,bat,Malawi,WINNER,Malawi won,,,20
1283034,2021-10-20,male,T20,Swaziland,Ghana,Integrated Polytechnic Regional Centre,Kigali City,,Ghana,field,Ghana,WINNER,Ghana won,,,20
1283035,2021-10-20,male,T20,Swaziland,Seychelles,Gahanga International Cricket Stadium. Rwanda,Kigali City,,Swaziland,bat,Seychelles,WINNER,Seychelles won,,,20
1283036,2021-10-20,male,T20,Rwanda,Lesotho,Integrated Polytechnic Regional Centre,Kigali City,,Rwanda,bat,Rwanda,WINNER,Rwanda won,,,20
1273720,2021-10-21,male,T20,Bangladesh,Papua New Guinea,Al Amerat Cricket Ground Oman Cricket (Ministry Turf 1),Al Amarat,,Bangladesh,bat,Bangladesh,WINNER,Bangladesh won,,,20
1273721,2021-10-21,male,T20,Oman,Scotland,Al Amerat Cricket Ground Oman Cricket (Ministry Turf 1),Al Amarat,,Oman,bat,Scotland,WINNER,Scotland won,,,20
1282272,2021-10-21,male,T20,Malta,Gibraltar,Marsa Sports Club,Marsa,,Malta,bat,Malta,WINNER,Malta won,,,20
1282748,2021-10-21,male,T20,Italy,Germany,"Desert Springs Cricket Ground, Almeria",Almeria,,Germany,field,Italy,WINNER,Italy won,,,20
1282749,2021-10-21,male,T20,Denmark,Jersey,"Desert Springs Cricket Ground, Almeria",Almeria,,Denmark,bat,Jersey,WINNER,Jersey won,,,20
1283037,2021-10-21,male,T20,Uganda,Ghana,Gahanga International Cricket Stadium. Rwanda,Kigali City,,Ghana,field,Uganda,WINNER,Uganda won,,,20
1283091,2021-10-21,male,T20,Nigeria,Sierra Leone,University of Lagos Cricket Oval,Lagos,,Sierra Leone,field,Nigeria,WINNER,Nigeria won,,,20
1273722,2021-10-22,male,T20,Ireland,Namibia,Sharjah Cricket Stadium,Sharjah,,Ireland,bat,Namibia,WINNER,Namibia won,,,20
1273723,2021-10-22,male,T20,Netherlands,Sri Lanka,Sharjah Cricket Stadium,Sharjah,,Sri Lanka,field,Sri Lanka,WINNER,Sri Lanka won,,,20
1282273,2021-10-22,male,T20,Gibraltar,Switzerland,Marsa Sports Club,Marsa,,Gibraltar,bat,Switzerland,WINNER,Switzerland won,,,20
1282275,2021-10-22,male,T20,Bulgaria,Switzerland,Marsa Sports Club,Marsa,,Bulgaria,bat,Switzerland,WINNER,Switzerland won,,,20
1283038,2021-10-22,male,T20,Swaziland,Rwanda,Gahanga International Cricket Stadium. Rwanda,Kigali City,,Swaziland,bat,Rwanda,WINNER,Rwanda won,,,20
1283040,2021-10-22,male,T20,Malawi,Rwanda,Gahanga International Cricket Stadium. Rwanda,Kigali City,,Malawi,bat,Malawi,WINNER,Malawi won,,,20
1283041,2021-10-22,male,T20,Uganda,Seychelles,Integrated Polytechnic Regional Centre,Kigali City,,Uganda,bat,Uganda,WINNER,Uganda won,,,20
1273724,2021-10-23,male,T20,South Africa,Australia,"Zayed Cricket Stadium, Abu Dhabi",Abu Dhabi,,Australia,field,Australia,WINNER,Australia won,,,20
1273725,2021-10-23,male,T20,West Indies,England,Dubai International Cricket Stadium,Dubai,,England,field,England,WINNER,England won,,,20
1282276,2021-10-23,male,T20,Switzerland,Malta,Marsa Sports Club,Marsa,,Switzerland,bat,Switzerland,WINNER,Switzerland won,,,20
1283092,2021-10-23,male,T20,Sierra Leone,Nigeria,University of Lagos Cricket Oval,Lagos,,Sierra Leone,bat,Nigeria,WINNER,Nigeria won,,,20
1284489,2021-10-23,male,T20,Maldives,Saudi Arabia,"West End Park International Cricket Stadium, Doha",Doha,,Maldives,bat,Saudi Arabia,WINNER,Saudi Arabia won,,,20
1273726,2021-10-24,male,T20,Bangladesh,Sri Lanka,Sharjah Cricket Stadium,Sharjah,,Sri Lanka,field,Sri Lanka,WINNER,Sri Lanka won,,,20
1273727,2021-10-24,male,T20,India,Pakistan,Dubai International Cricket Stadium,Dubai,,Pakistan,field,Pakistan,WINNER,Pakistan won,,,20
1282278,2021-10-24,male,T20,Gibraltar,Bulgaria,Marsa Sports Club,Marsa,,Gibraltar,bat,Bulgaria,WINNER,Bulgaria won,,,20
1282279,2021-10-24,male,T20,Malta,Switzerland,Marsa Sports Club,Marsa,,Malta,bat,Malta,WINNER,Malta won,,,20
1282935,2021-10-24,female,T20,Canada,United States of America,"Reforma Athletic Club, Naucalpan",Naucalpan,,United States of America,field,Canada,WINNER,Canada won,,,20
1283093,2021-10-24,male,T20,Nigeria,Sierra Leone,University of Lagos Cricket Oval,Lagos,,Nigeria,bat,Nigeria,WINNER,Nigeria won,,,20
1284490,2021-10-24,male,T20,Bahrain,Kuwait,"West End Park International Cricket Stadium, Doha",Doha,,Kuwait,field,Kuwait,WINNER,Kuwait won,,,20
1284491,2021-10-24,male,T20,Qatar,Maldives,"West End Park International Cricket Stadium, Doha",Doha,,Maldives,field,Qatar,WINNER,Qatar won,,,20
1273729,2021-10-26,male,T20,West Indies,South Africa,Dubai International Cricket Stadium,Dubai,,South Africa,field,South Africa,WINNER,South Africa won,,,20
1273730,2021-10-26,male,T20,New Zealand,Pakistan,Sharjah Cricket Stadium,Sharjah,,Pakistan,field,Pakistan,WINNER,Pakistan won,,,20
1283094,2021-10-26,male,T20,Nigeria,Sierra Leone,University of Lagos Cricket Oval,Lagos,,Nigeria,bat,Nigeria,WINNER,Nigeria won,,,20
1273731,2021-10-27,male,T20,Bangladesh,England,"Zayed Cricket Stadium, Abu Dhabi",Abu Dhabi,,Bangladesh,bat,England,WINNER,England won,,,20
1273732,2021-10-27,male,T20,Scotland,Namibia,"Zayed Cricket Stadium, Abu Dhabi",Abu Dhabi,,Namibia,field,Namibia,WINNER,Namibia won,,,20
1284493,2021-10-27,male,T20,Maldives,Bahrain,"West End Park International Cricket Stadium, Doha",Doha,,Bahrain,field,Bahrain,WINNER,Bahrain won,,,20
1273733,2021-10-28,male,T20,Sri Lanka,Australia,Dubai International Cricket Stadium,Dubai,,Australia,field,Australia,WINNER,Australia won,,,20
1284495,2021-10-28,male,T20,Maldives,Kuwait,"West End Park International Cricket Stadium, Doha",Doha,,Kuwait,field,Kuwait,WINNER,Kuwait won,,,20
1284496,2021-10-28,male,T20,Bahrain,Saudi Arabia,"West End Park International Cricket Stadium, Doha",Doha,,Saudi Arabia,field,Bahrain,WINNER,Bahrain won,,,20
1273734,2021-10-29,male,T20,West Indies,Bangladesh,Sharjah Cricket Stadium,Sharjah,,Bangladesh,field,West Indies,WINNER,West Indies won,,,20
1284497,2021-10-29,male,T20,Kuwait,Qatar,"West End Park International Cricket Stadium, Doha",Doha,,Kuwait,bat,Qatar,WINNER,Qatar won,,,20
1273736,2021-10-30,male,T20,Sri Lanka,South Africa,Sharjah Cricket Stadium,Sharjah,,South Africa,field,South Africa,WINNER,South Africa won,,,20
1273737,2021-10-30,male,T20,Australia,England,Dubai International Cricket Stadium,Dubai,,England,field,England,WINNER,England won,,,20
1273739,2021-10-31,male,T20,India,New Zealand,Dubai International Cricket Stadium,Dubai,,New Zealand,field,New Zealand,WINNER,New Zealand won,,,20
1273740,2021-11-01,male,T20,England,Sri Lanka,Sharjah Cricket Stadium,Sharjah,,Sri Lanka,field,England,WINNER,England won,,,20
1273741,2021-11-02,male,T20,Bangladesh,South Africa,"Zayed Cricket Stadium, Abu Dhabi",Abu Dhabi,,South Africa,field,South Africa,WINNER,South Africa won,,,20
1273742,2021-11-02,male,T20,Pakistan,Namibia,"Zayed Cricket Stadium, Abu Dhabi",Abu Dhabi,,Pakistan,bat,Pakistan,WINNER,Pakistan won,,,20
1283042,2021-11-02,male,T20,Botswana,Sierra Leone,Gahanga International Cricket Stadium. Rwanda,Kigali City,,Botswana,bat,Botswana,WINNER,Botswana won,,,20
1283043,2021-11-02,male,T20,Tanzania,Mozambique,Gahanga International Cricket Stadium. Rwanda,Kigali City,,Tanzania,bat,Tanzania,WINNER,Tanzania won,,,20
1273743,2021-11-03,male,T20,New Zealand,Scotland,Dubai International Cricket Stadium,Dubai,,Scotland,field,New Zealand,WINNER,New Zealand won,,,20
1283044,2021-11-03,male,T20,Mozambique,Cameroon,Gahanga International Cricket Stadium. Rwanda,Kigali City,,Cameroon,field,Mozambique,WINNER,Mozambique won,,,20
1283045,2021-11-03,male,T20,Sierra Leone,Tanzania,Gahanga International Cricket Stadium. Rwanda,Kigali City,,Sierra Leone,bat,Tanzania,WINNER,Tanzania won,,,20
1273745,2021-11-04,male,T20,Bangladesh,Australia,Dubai International Cricket Stadium,Dubai,,Australia,field,Australia,WINNER,Australia won,,,20
1273746,2021-11-04,male,T20,Sri Lanka,West Indies,"Zayed Cricket Stadium, Abu Dhabi",Abu Dhabi,,West Indies,field,Sri Lanka,WINNER,Sri Lanka won,,,20
1273747,2021-11-05,male,T20,New Zealand,Namibia,Sharjah Cricket Stadium,Sharjah,,Namibia,field,New Zealand,WINNER,New Zealand won,,,20
1273748,2021-11-05,male,T20,Scotland,India,Dubai International Cricket Stadium,Dubai,,India,field,India,WINNER,India won,,,20
1283046,2021-11-05,male,T20,Cameroon,Botswana,Gahanga International Cricket Stadium. Rwanda,Kigali City,,Cameroon,bat,Botswana,WINNER,Botswana won,,,20
1283047,2021-11-05,male,T20,Mozambique,Sierra Leone,Gahanga International Cricket Stadium. Rwanda,Kigali City,,Mozambique,bat,Sierra Leone,WINNER,Sierra Leone won,,,20
1273749,2021-11-06,male,T20,West Indies,Australia,"Zayed Cricket Stadium, Abu Dhabi",Abu Dhabi,,Australia,field,Australia,WINNER,Australia won,,,20
1273750,2021-11-06,male,T20,South Africa,England,Sharjah Cricket Stadium,Sharjah,,England,field,South Africa,WINNER,South Africa won,,,20
1283048,2021-11-06,male,T20,Botswana,Mozambique,Gahanga International Cricket Stadium. Rwanda,Kigali City,,Botswana,bat,Botswana,WINNER,Botswana won,,,20
1283049,2021-11-06,male,T20,Tanzania,Cameroon,Gahanga International Cricket Stadium. Rwanda,Kigali City,,Tanzania,bat,Tanzania,WINNER,Tanzania won,,,20
1273752,2021-11-07,male,T20,Pakistan,Scotland,Sharjah Cricket Stadium,Sharjah,,Pakistan,bat,Pakistan,WINNER,Pakistan won,,,20
1283050,2021-11-07,male,T20,Cameroon,Sierra Leone,Gahanga International Cricket Stadium. Rwanda,Kigali City,,Cameroon,bat,Sierra Leone,WINNER,Sierra Leone won,,,20
1283051,2021-11-07,male,T20,Tanzania,Botswana,Gahanga International Cricket Stadium. Rwanda,Kigali City,,Tanzania,bat,Tanzania,WINNER,Tanzania won,,,20
1286667,2021-11-07,male,T20,Belize,United States of America,"Coolidge Cricket Ground, Antigua",Coolidge,,United States of America,field,United States of America,WINNER,United States of America won,,,20
1273753,2021-11-08,male,T20,Namibia,India,Dubai International Cricket Stadium,Dubai,,India,field,India,WINNER,India won,,,20
1286670,2021-11-08,male,T20,Canada,Belize,"Coolidge Cricket Ground, Antigua",Coolidge,,Canada,bat,Canada,WINNER,Canada won,,,20
1286671,2021-11-08,male,T20,Bahamas,Argentina,"Sir Vivian Richards Stadium, North Sound, Antigua",North Sound,,Bahamas,bat,Bahamas,WINNER,Bahamas won,,,20
1286672,2021-11-08,male,T20,Belize,Panama,"Coolidge Cricket Ground, Antigua",Coolidge,,Belize,bat,Belize,WINNER,Belize won,,,20
1286673,2021-11-08,male,T20,United States of America,Bermuda,"Sir Vivian Richards Stadium, North Sound, Antigua",North Sound,,United States of America,bat,United States of America,WINNER,United States of America won,,,20
1273754,2021-11-10,male,T20,England,New Zealand,"Zayed Cricket Stadium, Abu Dhabi",Abu Dhabi,,New Zealand,field,New Zealand,WINNER,New Zealand won,,,20
1286674,2021-11-10,male,T20,Canada,United States of America,"Coolidge Cricket Ground, Antigua",Coolidge,,Canada,bat,United States of America,TIED,Tied; United States of America won via Super Over,,United States of America,20
1286675,2021-11-10,male,T20,Argentina,Belize,"Sir Vivian Richards Stadium, North Sound, Antigua",North Sound,,Argentina,bat,Argentina,WINNER,Argentina won,,,20
1286677,2021-11-10,male,T20,Bermuda,Bahamas,"Coolidge Cricket Ground, Antigua",Coolidge,,Bahamas,field,Bermuda,WINNER,Bermuda won,,,20
1273755,2021-11-11,male,T20,Pakistan,Australia,Dubai International Cricket Stadium,Dubai,,Australia,field,Australia,WINNER,Australia won,,,20
1286681,2021-11-11,male,T20,Argentina,United States of America,"Sir Vivian Richards Stadium, North Sound, Antigua",North Sound,,Argentina,bat,United States of America,WINNER,United States of America won,,,20
1286682,2021-11-13,male,T20,Bahamas,United States of America,"Coolidge Cricket Ground, Antigua",Coolidge,,Bahamas,bat,United States of America,WINNER,United States of America won,,,20
1286683,2021-11-13,male,T20,Belize,Bermuda,"Sir Vivian Richards Stadium, North Sound, Antigua",North Sound,,Belize,bat,Bermuda,WINNER,Bermuda won,,,20
1286684,2021-11-13,male,T20,Panama,Bahamas,"Coolidge Cricket Ground, Antigua",Coolidge,,Bahamas,field,Panama,WINNER,Panama won,,,20
1286685,2021-11-13,male,T20,Argentina,Canada,"Sir Vivian Richards Stadium, North Sound, Antigua",North Sound,,Argentina,bat,Canada,WINNER,Canada won,,,20
1273756,2021-11-14,male,T20,New Zealand,Australia,Dubai International Cricket Stadium,Dubai,,Australia,field,Australia,WINNER,Australia won,,,20
1286686,2021-11-14,male,T20,Canada,Panama,"Coolidge Cricket Ground, Antigua",Coolidge,,Canada,bat,Canada,WINNER,Canada won,,,20
1289284,2021-11-16,female,T20,Nepal,Qatar,"West End Park International Cricket Stadium, Doha",Doha,,Qatar,field,Nepal,WINNER,Nepal won,,,20
1278671,2021-11-17,male,T20,New Zealand,India,"Sawai Mansingh Stadium, Jaipur",Jaipur,,India,field,India,WINNER,India won,,,20
1289042,2021-11-17,male,T20,Nigeria,Tanzania,Gahanga International Cricket Stadium. Rwanda,Kigali City,,Nigeria,bat,Tanzania,WINNER,Tanzania won,,,20
1289043,2021-11-17,male,T20,Kenya,Uganda,Integrated Polytechnic Regional Centre,Kigali City,,Kenya,bat,Kenya,WINNER,Kenya won,,,20
1289044,2021-11-17,male,T20,Uganda,Nigeria,Gahanga International Cricket Stadium. Rwanda,Kigali City,,Uganda,bat,Uganda,WINNER,Uganda won,D/L,,20
1289045,2021-11-17,male,T20,Tanzania,Kenya,Integrated Polytechnic Regional Centre,Kigali City,,Tanzania,bat,Tanzania,WINNER,Tanzania won,,,20
1289285,2021-11-17,female,T20,Nepal,Qatar,"West End Park International Cricket Stadium, Doha",Doha,,Nepal,bat,Nepal,WINNER,Nepal won,,,20
1289046,2021-11-18,male,T20,Tanzania,Uganda,Gahanga International Cricket Stadium. Rwanda,Kigali City,,Tanzania,bat,Uganda,WINNER,Uganda won,,,20
1289047,2021-11-18,male,T20,Nigeria,Kenya,Integrated Polytechnic Regional Centre,Kigali City,,Nigeria,bat,Kenya,WINNER,Kenya won,,,20
1289048,2021-11-18,male,T20,Tanzania,Kenya,Gahanga International Cricket Stadium. Rwanda,Kigali City,,Tanzania,bat,Kenya,WINNER,Kenya won,,,20
1289049,2021-11-18,male,T20,Nigeria,Uganda,Integrated Polytechnic Regional Centre,Kigali City,,Uganda,field,Uganda,WINNER,Uganda won,,,20
1289286,2021-11-18,female,T20,Nepal,Qatar,"West End Park International Cricket Stadium, Doha",Doha,,Nepal,bat,Nepal,WINNER,Nepal won,,,20
1277974,2021-11-19,male,T20,Bangladesh,Pakistan,"Shere Bangla National Stadium, Mirpur",Dhaka,,Bangladesh,bat,Pakistan,WINNER,Pakistan won,,,20
1278672,2021-11-19,male,T20,New Zealand,India,"JSCA International Stadium Complex, Ranchi",Ranchi,,India,field,India,WINNER,India won,,,20
1277975,2021-11-20,male,T20,Bangladesh,Pakistan,"Shere Bangla National Stadium, Mirpur",Dhaka,,Bangladesh,bat,Pakistan,WINNER,Pakistan won,,,20
1289050,2021-11-20,male,T20,Tanzania,Uganda,Gahanga International Cricket Stadium. Rwanda,Kigali City,,Uganda,field,Uganda,WINNER,Uganda won,,,20
1289051,2021-11-20,male,T20,Kenya,Nigeria,Integrated Polytechnic Regional Centre,Kigali City,,Nigeria,field,Kenya,WINNER,Kenya won,,,20
1289052,2021-11-20,male,T20,Kenya,Uganda,Gahanga International Cricket Stadium. Rwanda,Kigali City,,Kenya,bat,Uganda,WINNER,Uganda won,D/L,,20
1289053,2021-11-20,male,T20,Tanzania,Nigeria,Integrated Polytechnic Regional Centre,Kigali City,,Tanzania,bat,Tanzania,WINNER,Tanzania won,,,20
1278673,2021-11-21,male,T20,India,New Zealand,"Eden Gardens, Kolkata",Kolkata,,India,bat,India,WINNER,India won,,,20
1277976,2021-11-22,male,T20,Bangladesh,Pakistan,"Shere Bangla National Stadium, Mirpur",Dhaka,,Bangladesh,bat,Pakistan,WINNER,Pakistan won,,,20
1286968,2021-11-22,female,T20,United Arab Emirates,Malaysia,"ICC Academy, Dubai",Dubai,,Malaysia,field,United Arab Emirates,WINNER,United Arab Emirates won,,,20
1286970,2021-11-22,female,T20,Bhutan,Kuwait,"ICC Academy, Dubai",Dubai,,Kuwait,field,Bhutan,WINNER,Bhutan won,,,20
1286971,2021-11-23,female,T20,United Arab Emirates,Hong Kong,"ICC Academy, Dubai",Dubai,,Hong Kong,field,United Arab Emirates,WINNER,United Arab Emirates won,,,20
1286972,2021-11-23,female,T20,Malaysia,Kuwait,"ICC Academy, Dubai",Dubai,,Malaysia,bat,Malaysia,WINNER,Malaysia won,,,20
1286973,2021-11-23,female,T20,Bhutan,Nepal,"ICC Academy Ground No 2, Dubai",Dubai,,Bhutan,bat,Nepal,WINNER,Nepal won,,,20
1286974,2021-11-25,female,T20,Malaysia,Hong Kong,"ICC Academy Ground No 2, Dubai",Dubai,,Hong Kong,field,Hong Kong,WINNER,Hong Kong won,,,20
1286975,2021-11-25,female,T20,Kuwait,Nepal,"ICC Academy, Dubai",Dubai,,Kuwait,bat,Nepal,WINNER,Nepal won,,,20
1286976,2021-11-25,female,T20,United Arab Emirates,Bhutan,"ICC Academy Ground No 2, Dubai",Dubai,,Bhutan,field,United Arab Emirates,WINNER,United Arab Emirates won,,,20
1286978,2021-11-26,female,T20,Hong Kong,Bhutan,"ICC Academy, Dubai",Dubai,,Bhutan,field,Hong Kong,WINNER,Hong Kong won,,,20
1286979,2021-11-26,female,T20,Kuwait,United Arab Emirates,"ICC Academy Ground No 2, Dubai",Dubai,,United Arab Emirates,field,United Arab Emirates,WINNER,United Arab Emirates won,,,20
1286980,2021-11-28,female,T20,United Arab Emirates,Nepal,"ICC Academy Ground No 2, Dubai",Dubai,,Nepal,field,United Arab Emirates,WINNER,United Arab Emirates won,,,20
1286981,2021-11-28,female,T20,Malaysia,Bhutan,"ICC Academy, Dubai",Dubai,,Malaysia,bat,Malaysia,WINNER,Malaysia won,,,20
1286982,2021-11-28,female,T20,Hong Kong,Kuwait,"ICC Academy, Dubai",Dubai,,Hong Kong,bat,Hong Kong,WINNER,Hong Kong won,,,20
1287773,2021-12-13,male,T20,Pakistan,West Indies,"National Stadium, Karachi",Karachi,,West Indies,field,Pakistan,WINNER,Pakistan won,,,20
1287774,2021-12-14,male,T20,Pakistan,West Indies,"National Stadium, Karachi",Karachi,,Pakistan,bat,Pakistan,WINNER,Pakistan won,,,20
1287775,2021-12-16,male,T20,West Indies,Pakistan,"National Stadium, Karachi",Karachi,,West Indies,bat,Pakistan,WINNER,Pakistan won,,,20
1291187,2021-12-22,male,T20,United States of America,Ireland,"Central Broward Regional Park Stadium Turf Ground, Lauderhill",Lauderhill,,United States of America,bat,United States of America,WINNER,United States of America won,,,20
1291188,2021-12-23,male,T20,Ireland,United States of America,"Central Broward Regional Park Stadium Turf Ground, Lauderhill",Lauderhill,,United States of America,field,Ireland,WINNER,Ireland won,,,20
1296027,2022-01-18,female,T20,Malaysia,Bangladesh,"Kinrara Academy Oval, Kuala Lumpur",Kuala Lumpur,,Bangladesh,field,Bangladesh,WINNER,Bangladesh won,,,20
1296028,2022-01-18,female,T20,Sri Lanka,Scotland,"Kinrara Academy Oval, Kuala Lumpur",Kuala Lumpur,,Sri Lanka,bat,Sri Lanka,WINNER,Sri Lanka won,,,20
1296029,2022-01-19,female,T20,Bangladesh,Kenya,"Kinrara Academy Oval, Kuala Lumpur",Kuala Lumpur,,Kenya,field,Bangladesh,WINNER,Bangladesh won,,,20
1296030,2022-01-19,female,T20,Scotland,Malaysia,"Kinrara Academy Oval, Kuala Lumpur",Kuala Lumpur,,Scotland,bat,Scotland,WINNER,Scotland won,,,20
1263572,2022-01-20,female,T20,England,Australia,Adelaide Oval,Adelaide,,Australia,field,Australia,WINNER,Australia won,,,20
1296031,2022-01-20,female,T20,Kenya,Sri Lanka,"Kinrara Academy Oval, Kuala Lumpur",Kuala Lumpur,,Sri Lanka,field,Sri Lanka,WINNER,Sri Lanka won,,,20
1256720,2022-01-22,male,T20,England,West Indies,"Kensington Oval, Bridgetown, Barbados",Bridgetown,,West Indies,field,West Indies,WINNER,West Indies won,,,20
1263573,2022-01-22,female,T20,England,Australia,Adelaide Oval,Adelaide,,Australia,field,,NO_RESULT,No result,,,20
1296032,2022-01-22,female,T20,Scotland,Kenya,"Kinrara Academy Oval, Kuala Lumpur",Kuala Lumpur,,Kenya,field,Scotland,WINNER,Scotland won,,,20
1296033,2022-01-22,female,T20,Sri Lanka,Malaysia,"Kinrara Academy Oval, Kuala Lumpur",Kuala Lumpur,,Malaysia,field,Sri Lanka,WINNER,Sri Lanka won,,,20
1256721,2022-01-23,male,T20,England,West Indies,"Kensington Oval, Bridgetown, Barbados",Bridgetown,,West Indies,field,England,WINNER,England won,,,20
1296034,2022-01-23,female,T20,Scotland,Bangladesh,"Kinrara Academy Oval, Kuala Lumpur",Kuala Lumpur,,Scotland,bat,Bangladesh,WINNER,Bangladesh won,,,20
1296035,2022-01-23,female,T20,Kenya,Malaysia,"Kinrara Academy Oval, Kuala Lumpur",Kuala Lumpur,,Kenya,bat,Malaysia,WINNER,Malaysia won,,,20
1296036,2022-01-24,female,T20,Sri Lanka,Bangladesh,"Kinrara Academy Oval, Kuala Lumpur",Kuala Lumpur,,Sri Lanka,bat,Sri Lanka,WINNER,Sri Lanka won,,,20
1256722,2022-01-26,male,T20,West Indies,England,"Kensington Oval, Bridgetown, Barbados",Bridgetown,,England,field,West Indies,WINNER,West Indies won,,,20
1256723,2022-01-29,male,T20,England,West Indies,"Kensington Oval, Bridgetown, Barbados",Bridgetown,,West Indies,field,England,WINNER,England won,,,20
1256724,2022-01-30,male,T20,West Indies,England,"Kensington Oval, Bridgetown, Barbados",Bridgetown,,West Indies,bat,West Indies,WINNER,West Indies won,,,20
1289031,2022-02-09,female,T20,New Zealand,India,"John Davies Oval, Queenstown",Queenstown,,India,field,New Zealand,WINNER,New Zealand won,,,20
1263471,2022-02-11,male,T20,Australia,Sri Lanka,Sydney Cricket Ground,Sydney,,Sri Lanka,field,Australia,WINNER,Australia won,D/L,,20
1299593,2022-02-11,male,T20,Oman,Nepal,Al Amerat Cricket Ground Oman Cricket (Ministry Turf 1),Al Amarat,,Nepal,field,Nepal,WINNER,Nepal won,,,20
1299594,2022-02-12,male,T20,Oman,Ireland,Al Amerat Cricket Ground Oman Cricket (Ministry Turf 1),Al Amarat,,Ireland,field,Ireland,WINNER,Ireland won,,,20
1299638,2022-02-12,male,T20,United Arab Emirates,Nepal,Al Amerat Cricket Ground Oman Cricket (Ministry Turf 1),Al Amarat,,Nepal,field,United Arab Emirates,WINNER,United Arab Emirates won,,,20
1263472,2022-02-13,male,T20,Australia,Sri Lanka,Sydney Cricket Ground,Sydney,,Sri Lanka,field,Australia,TIED,Tied; Australia won via Super Over,,Australia,20
1299592,2022-02-13,male,T20,United Arab Emirates,Ireland,Al Amerat Cricket Ground Oman Cricket (Ministry Turf 1),Al Amarat,,Ireland,field,United Arab Emirates,WINNER,United Arab Emirates won,,,20
1299595,2022-02-14,male,T20,United Arab Emirates,Oman,Al Amerat Cricket Ground Oman Cricket (Ministry Turf 1),Al Amarat,,Oman,field,Oman,WINNER,Oman won,,,20
1299596,2022-02-14,male,T20,Ireland,Nepal,Al Amerat Cricket Ground Oman Cricket (Ministry Turf 1),Al Amarat,,Nepal,field,Ireland,WINNER,Ireland won,,,20
1263473,2022-02-15,male,T20,Sri Lanka,Australia,"Manuka Oval, Canberra",Canberra,,Australia,field,Australia,WINNER,Australia won,,,20
1278679,2022-02-16,male,T20,West Indies,India,"Eden Gardens, Kolkata",Kolkata,,India,field,India,WINNER,India won,,,20
1263474,2022-02-18,male,T20,Sri Lanka,Australia,Melbourne Cricket Ground,Melbourne,,Australia,field,Australia,WINNER,Australia won,,,20
1278680,2022-02-18,male,T20,India,West Indies,"Eden Gardens, Kolkata",Kolkata,,West Indies,field,India,WINNER,India won,,,20
1299566,2022-02-18,male,T20,Nepal,Oman,Al Amerat Cricket Ground Oman Cricket (Ministry Turf 1),Al Amarat,,Oman,field,Nepal,WINNER,Nepal won,,,20
1299567,2022-02-18,male,T20,Canada,Philippines,Al Amerat Cricket Ground Oman Cricket (Ministry Turf 2),Al Amarat,,Philippines,field,Canada,WINNER,Canada won,,,20
1299568,2022-02-18,male,T20,United Arab Emirates,Ireland,Al Amerat Cricket Ground Oman Cricket (Ministry Turf 1),Al Amarat,,United Arab Emirates,bat,United Arab Emirates,WINNER,United Arab Emirates won,,,20
1299569,2022-02-18,male,T20,Germany,Bahrain,Al Amerat Cricket Ground Oman Cricket (Ministry Turf 2),Al Amarat,,Bahrain,field,Bahrain,WINNER,Bahrain won,,,20
1299570,2022-02-19,male,T20,Canada,Oman,Al Amerat Cricket Ground Oman Cricket (Ministry Turf 1),Al Amarat,,Oman,field,Oman,WINNER,Oman won,,,20
1299571,2022-02-19,male,T20,Nepal,Philippines,Al Amerat Cricket Ground Oman Cricket (Ministry Turf 2),Al Amarat,,Philippines,field,Nepal,WINNER,Nepal won,,,20
1299572,2022-02-19,male,T20,United Arab Emirates,Germany,Al Amerat Cricket Ground Oman Cricket (Ministry Turf 1),Al Amarat,,United Arab Emirates,bat,United Arab Emirates,WINNER,United Arab Emirates won,,,20
1299573,2022-02-19,male,T20,Ireland,Bahrain,Al Amerat Cricket Ground Oman Cricket (Ministry Turf 2),Al Amarat,,Ireland,bat,Ireland,WINNER,Ireland won,,,20
1263475,2022-02-20,male,T20,Australia,Sri Lanka,Melbourne Cricket Ground,Melbourne,,Australia,bat,Sri Lanka,WINNER,Sri Lanka won,,,20
1278681,2022-02-20,male,T20,India,West Indies,"Eden Gardens, Kolkata",Kolkata,,West Indies,field,India,WINNER,India won,,,20
1299574,2022-02-21,male,T20,Germany,Ireland,Al Amerat Cricket Ground Oman Cricket (Ministry Turf 1),Al Amarat,,Ireland,field,Ireland,WINNER,Ireland won,,,20
1299575,2022-02-21,male,T20,Bahrain,United Arab Emirates,Al Amerat Cricket Ground Oman Cricket (Ministry Turf 2),Al Amarat,,Bahrain,bat,Bahrain,WINNER,Bahrain won,,,20
1299576,2022-02-21,male,T20,Canada,Nepal,Al Amerat Cricket Ground Oman Cricket (Ministry Turf 1),Al Amarat,,Canada,bat,Nepal,WINNER,Nepal won,,,20
1299577,2022-02-21,male,T20,Philippines,Oman,Al Amerat Cricket Ground Oman Cricket (Ministry Turf 2),Al Amarat,,Philippines,bat,Oman,WINNER,Oman won,,,20
1299578,2022-02-22,male,T20,Germany,Canada,Al Amerat Cricket Ground Oman Cricket (Ministry Turf 1),Al Amarat,,Canada,field,Canada,WINNER,Canada won,,,20
1299579,2022-02-22,male,T20,Bahrain,Philippines,Al Amerat Cricket Ground Oman Cricket (Ministry Turf 2),Al Amarat,,Bahrain,bat,Bahrain,WINNER,Bahrain won,,,20
1299580,2022-02-22,male,T20,United Arab Emirates,Nepal,Al Amerat Cricket Ground Oman Cricket (Ministry Turf 1),Al Amarat,,United Arab Emirates,bat,United Arab Emirates,WINNER,United Arab Emirates won,,,20
1299581,2022-02-22,male,T20,Ireland,Oman,Al Amerat Cricket Ground Oman Cricket (Ministry Turf 2),Al Amarat,,Oman,field,Ireland,WINNER,Ireland won,,,20
1278684,2022-02-24,male,T20,India,Sri Lanka,"Bharat Ratna Shri Atal Bihari Vajpayee Ekana Cricket Stadium, Lucknow",Lucknow,,Sri Lanka,field,India,WINNER,India won,,,20
1299582,2022-02-24,male,T20,Bahrain,Canada,Al Amerat Cricket Ground Oman Cricket (Ministry Turf 1),Al Amarat,,Bahrain,bat,Canada,WINNER,Canada won,,,20
1299583,2022-02-24,male,T20,Philippines,Germany,Al Amerat Cricket Ground Oman Cricket (Ministry Turf 2),Al Amarat,,Germany,field,Germany,WINNER,Germany won,,,20
1299584,2022-02-24,male,T20,Oman,Nepal,Al Amerat Cricket Ground Oman Cricket (Ministry Turf 2),Al Amarat,,Oman,bat,Nepal,WINNER,Nepal won,,,20
1299585,2022-02-24,male,T20,Ireland,United Arab Emirates,Al Amerat Cricket Ground Oman Cricket (Ministry Turf 1),Al Amarat,,Ireland,bat,United Arab Emirates,WINNER,United Arab Emirates won,,,20
1278685,2022-02-26,male,T20,Sri Lanka,India,"Himachal Pradesh Cricket Association Stadium, Dharamsala",Dharamsala,,India,field,India,WINNER,India won,,,20
1278686,2022-02-27,male,T20,Sri Lanka,India,"Himachal Pradesh Cricket Association Stadium, Dharamsala",Dharamsala,,Sri Lanka,bat,India,WINNER,India won,,,20
1306384,2022-03-20,female,T20,Qatar,United Arab Emirates,Al Amerat Cricket Ground Oman Cricket (Ministry Turf 2),Al Amarat,,Qatar,bat,United Arab Emirates,WINNER,United Arab Emirates won,,,20
1306385,2022-03-20,female,T20,Saudi Arabia,Kuwait,Al Amerat Cricket Ground Oman Cricket (Ministry Turf 2),Al Amarat,,Kuwait,field,Kuwait,WINNER,Kuwait won,,,20
1306386,2022-03-21,female,T20,Qatar,Bahrain,Al Amerat Cricket Ground Oman Cricket (Ministry Turf 2),Al Amarat,,Qatar,bat,Qatar,WINNER,Qatar won,,,20
1306387,2022-03-21,female,T20,Oman,Saudi Arabia,Al Amerat Cricket Ground Oman Cricket (Ministry Turf 2),Al Amarat,,Saudi Arabia,field,Oman,WINNER,Oman won,,,20
1306388,2022-03-21,female,T20,United Arab Emirates,Kuwait,Al Amerat Cricket Ground Oman Cricket (Ministry Turf 2),Al Amarat,,United Arab Emirates,bat,United Arab Emirates,WINNER,United Arab Emirates won,,,20
1306389,2022-03-22,female,T20,Bahrain,Saudi Arabia,Al Amerat Cricket Ground Oman Cricket (Ministry Turf 2),Al Amarat,,Saudi Arabia,field,Bahrain,WINNER,Bahrain won,,,20
1306390,2022-03-22,female,T20,Qatar,Kuwait,Al Amerat Cricket Ground Oman Cricket (Ministry Turf 2),Al Amarat,,Qatar,bat,Kuwait,WINNER,Kuwait won,,,20
1306391,2022-03-22,female,T20,United Arab Emirates,Oman,Al Amerat Cricket Ground Oman Cricket (Ministry Turf 2),Al Amarat,,United Arab Emirates,bat,United Arab Emirates,WINNER,United Arab Emirates won,,,20
1306392,2022-03-24,female,T20,Oman,Kuwait,Al Amerat Cricket Ground Oman Cricket (Ministry Turf 1),Al Amarat,,Kuwait,field,Oman,WINNER,Oman won,,,20
1306393,2022-03-24,female,T20,Saudi Arabia,United Arab Emirates,Al Amerat Cricket Ground Oman Cricket (Ministry Turf 2),Al Amarat,,United Arab Emirates,field,United Arab Emirates,WINNER,United Arab Emirates won,,,20
1306394,2022-03-25,female,T20,Qatar,Saudi Arabia,Al Amerat Cricket Ground Oman Cricket (Ministry Turf 1),Al Amarat,,Qatar,bat,Qatar,WINNER,Qatar won,,,20
1306395,2022-03-25,female,T20,Kuwait,Bahrain,Al Amerat Cricket Ground Oman Cricket (Ministry Turf 2),Al Amarat,,Kuwait,bat,Bahrain,WINNER,Bahrain won,,,20
1306396,2022-03-26,female,T20,Oman,Qatar,Al Amerat Cricket Ground Oman Cricket (Ministry Turf 1),Al Amarat,,Oman,bat,Oman,WINNER,Oman won,,,20
1306397,2022-03-26,female,T20,United Arab Emirates,Bahrain,Al Amerat Cricket Ground Oman Cricket (Ministry Turf 2),Al Amarat,,United Arab Emirates,bat,United Arab Emirates,WINNER,United Arab Emirates won,,,20
1305498,2022-03-28,male,T20,Nepal,Papua New Guinea,"Tribhuvan University International Cricket Ground, Kirtipur",Kirtipur,,Papua New Guinea,field,Nepal,WINNER,Nepal won,,,20
1305499,2022-03-29,male,T20,Malaysia,Papua New Guinea,"Tribhuvan University International Cricket Ground, Kirtipur",Kirtipur,,Malaysia,bat,Malaysia,WINNER,Malaysia won,,,20
1305500,2022-03-30,male,T20,Malaysia,Nepal,"Tribhuvan University International Cricket Ground, Kirtipur",Kirtipur,,Malaysia,bat,Nepal,WINNER,Nepal won,,,20
1305501,2022-03-31,male,T20,Nepal,Papua New Guinea,"Tribhuvan University International Cricket Ground, Kirtipur",Kirtipur,,Papua New Guinea,field,Nepal,WINNER,Nepal won,,,20
1305502,2022-04-01,male,T20,Malaysia,Papua New Guinea,"Tribhuvan University International Cricket Ground, Kirtipur",Kirtipur,,Papua New Guinea,field,Papua New Guinea,WINNER,Papua New Guinea won,,,20
1305503,2022-04-02,male,T20,Nepal,Malaysia,"Tribhuvan University International Cricket Ground, Kirtipur",Kirtipur,,Malaysia,field,Nepal,WINNER,Nepal won,,,20
1305504,2022-04-04,male,T20,Nepal,Papua New Guinea,"Tribhuvan University International Cricket Ground, Kirtipur",Kirtipur,,Papua New Guinea,field,Nepal,WINNER,Nepal won,,,20
1288316,2022-04-05,male,T20,Pakistan,Australia,"Gaddafi Stadium, Lahore",Lahore,,Australia,field,Australia,WINNER,Australia won,,,20
1309701,2022-04-08,male,T20,Uganda,Namibia,"United Cricket Club Ground, Windhoek",Windhoek,,Namibia,field,Namibia,WINNER,Namibia won,,,20
1309702,2022-04-09,male,T20,Namibia,Uganda,"United Cricket Club Ground, Windhoek",Windhoek,,Uganda,field,Uganda,WINNER,Uganda won,,,20
1309703,2022-04-10,male,T20,Namibia,Uganda,"United Cricket Club Ground, Windhoek",Windhoek,,Uganda,field,Namibia,WINNER,Namibia won,,,20
1310888,2022-04-20,female,T20,Zimbabwe,Namibia,"Centre for Cricket Development Ground, Windhoek",Windhoek,,Zimbabwe,bat,Namibia,WINNER,Namibia won,,,20
1310887,2022-04-21,female,T20,Zimbabwe,Uganda,"Centre for Cricket Development Ground, Windhoek",Windhoek,,Zimbabwe,bat,Zimbabwe,WINNER,Zimbabwe won,,,20
1310889,2022-04-21,female,T20,Namibia,Uganda,"Centre for Cricket Development Ground, Windhoek",Windhoek,,Uganda,field,Namibia,WINNER,Namibia won,,,20
1310890,2022-04-22,female,T20,Zimbabwe,Uganda,"Centre for Cricket Development Ground, Windhoek",Windhoek,,Zimbabwe,bat,Zimbabwe,WINNER,Zimbabwe won,,,20
1310891,2022-04-23,female,T20,Namibia,Zimbabwe,"Centre for Cricket Development Ground, Windhoek",Windhoek,,Zimbabwe,field,Zimbabwe,WINNER,Zimbabwe won,,,20
1310892,2022-04-23,female,T20,Namibia,Uganda,"Centre for Cricket Development Ground, Windhoek",Windhoek,,Uganda,field,Namibia,WINNER,Namibia won,,,20
1310893,2022-04-24,female,T20,Zimbabwe,Uganda,"Centre for Cricket Development Ground, Windhoek",Windhoek,,Uganda,field,Zimbabwe,WINNER,Zimbabwe won,,,20
1310894,2022-04-24,female,T20,Zimbabwe,Namibia,"Centre for Cricket Development Ground, Windhoek",Windhoek,,Namibia,field,Zimbabwe,WINNER,Zimbabwe won,,,20
1310895,2022-04-25,female,T20,Uganda,Namibia,"Centre for Cricket Development Ground, Windhoek",Windhoek,,Namibia,field,Namibia,WINNER,Namibia won,,,20
1310896,2022-04-26,female,T20,Namibia,Zimbabwe,"Centre for Cricket Development Ground, Windhoek",Windhoek,,Zimbabwe,field,Zimbabwe,WINNER,Zimbabwe won,,,20
1311744,2022-04-27,female,T20,Hong Kong,United Arab Emirates,"Malek Cricket Ground, Ajman",Ajman,,Hong Kong,bat,United Arab Emirates,WINNER,United Arab Emirates won,,,20
1311745,2022-04-28,female,T20,United Arab Emirates,Hong Kong,"Malek Cricket Ground, Ajman",Ajman,,Hong Kong,field,United Arab Emirates,WINNER,United Arab Emirates won,,,20
1310161,2022-04-29,male,T20,Norway,Guernsey,"Desert Springs Cricket Ground, Almeria",Almeria,,Norway,bat,Norway,WINNER,Norway won,,,20
1311746,2022-04-29,female,T20,United Arab Emirates,Hong Kong,"Malek Cricket Ground, Ajman",Ajman,,United Arab Emirates,bat,United Arab Emirates,WINNER,United Arab Emirates won,,,20
1310162,2022-04-30,male,T20,Spain,Norway,"Desert Springs Cricket Ground, Almeria",Almeria,,Spain,bat,Spain,WINNER,Spain won,,,20
1310163,2022-04-30,male,T20,Norway,Guernsey,"Desert Springs Cricket Ground, Almeria",Almeria,,Norway,bat,Guernsey,WINNER,Guernsey won,,,20
1310164,2022-04-30,male,T20,Guernsey,Spain,"Desert Springs Cricket Ground, Almeria",Almeria,,Guernsey,bat,Spain,WINNER,Spain won,,,20
1311747,2022-04-30,female,T20,Hong Kong,United Arab Emirates,"Malek Cricket Ground, Ajman",Ajman,,Hong Kong,bat,United Arab Emirates,WINNER,United Arab Emirates won,,,20
1310165,2022-05-01,male,T20,Spain,Guernsey,"Desert Springs Cricket Ground, Almeria",Almeria,,Spain,bat,Guernsey,WINNER,Guernsey won,,,20
1310166,2022-05-01,male,T20,Spain,Norway,"Desert Springs Cricket Ground, Almeria",Almeria,,Spain,bat,Spain,WINNER,Spain won,,,20
1310167,2022-05-07,male,T20,Denmark,Finland,"Svanholm Park, Brondby",Brondby,,Finland,field,Finland,WINNER,Finland won,,,20
1310168,2022-05-07,male,T20,Denmark,Finland,"Svanholm Park, Brondby",Brondby,,Finland,field,Denmark,WINNER,Denmark won,,,20
1310169,2022-05-08,male,T20,Denmark,Finland,"Svanholm Park, Brondby",Brondby,,Denmark,bat,Denmark,WINNER,Denmark won,,,20
1310170,2022-05-10,male,T20,Gibraltar,Malta,Marsa Sports Club,Marsa,,Malta,field,Malta,WINNER,Malta won,,,20
1310171,2022-05-10,male,T20,Malta,Hungary,Marsa Sports Club,Marsa,,Hungary,field,Malta,WINNER,Malta won,,,20
1310172,2022-05-10,male,T20,Gibraltar,Hungary,Marsa Sports Club,Marsa,,Hungary,field,Hungary,WINNER,Hungary won,,,20
1310173,2022-05-11,male,T20,Romania,Malta,Marsa Sports Club,Marsa,,Malta,field,Malta,WINNER,Malta won,,,20
1310174,2022-05-11,male,T20,Czech Republic,Gibraltar,Marsa Sports Club,Marsa,,Czech Republic,bat,Czech Republic,WINNER,Czech Republic won,,,20
1310175,2022-05-11,male,T20,Hungary,Bulgaria,Marsa Sports Club,Marsa,,Bulgaria,field,Hungary,WINNER,Hungary won,,,20
1310176,2022-05-12,male,T20,Malta,Czech Republic,Marsa Sports Club,Marsa,,Czech Republic,field,Malta,WINNER,Malta won,,,20
1310177,2022-05-12,male,T20,Czech Republic,Bulgaria,Marsa Sports Club,Marsa,,Czech Republic,bat,Czech Republic,WINNER,Czech Republic won,,,20
1310178,2022-05-12,male,T20,Romania,Hungary,Marsa Sports Club,Marsa,,Romania,bat,Hungary,WINNER,Hungary won,,,20
1310179,2022-05-13,male,T20,Gibraltar,Bulgaria,Marsa Sports Club,Marsa,,Gibraltar,bat,Gibraltar,WINNER,Gibraltar won,,,20
1310180,2022-05-13,male,T20,Romania,Czech Republic,Marsa Sports Club,Marsa,,Romania,bat,Romania,WINNER,Romania won,,,20
1310181,2022-05-13,male,T20,Bulgaria,Romania,Marsa Sports Club,Marsa,,Bulgaria,bat,Romania,WINNER,Romania won,,,20
1310182,2022-05-14,male,T20,Hungary,Czech Republic,Marsa Sports Club,Marsa,,Hungary,bat,Czech Republic,WINNER,Czech Republic won,,,20
1310183,2022-05-14,male,T20,Gibraltar,Romania,Marsa Sports Club,Marsa,,Gibraltar,bat,Romania,WINNER,Romania won,,,20
1310184,2022-05-14,male,T20,Bulgaria,Malta,Marsa Sports Club,Marsa,,Bulgaria,bat,Malta,WINNER,Malta won,,,20
1310185,2022-05-15,male,T20,Gibraltar,Bulgaria,Marsa Sports Club,Marsa,,Gibraltar,bat,Bulgaria,WINNER,Bulgaria won,,,20
1310186,2022-05-15,male,T20,Czech Republic,Hungary,Marsa Sports Club,Marsa,,Hungary,field,Czech Republic,WINNER,Czech Republic won,,,20
1310187,2022-05-15,male,T20,Romania,Malta,Marsa Sports Club,Marsa,,Romania,bat,Romania,WINNER,Romania won,,,20
1314897,2022-05-16,female,T20,Uganda,Nepal,"Tribhuvan University International Cricket Ground, Kirtipur",Kirtipur,,Nepal,field,Uganda,WINNER,Uganda won,,,20
1310938,2022-05-17,male,T20,Zimbabwe,Namibia,"Queens Sports Club, Bulawayo",Bulawayo,,Zimbabwe,bat,Zimbabwe,WINNER,Zimbabwe won,,,20
1314898,2022-05-17,female,T20,Nepal,Uganda,"Tribhuvan University International Cricket Ground, Kirtipur",Kirtipur,,Uganda,field,Uganda,WINNER,Uganda won,,,20
1310939,2022-05-19,male,T20,Zimbabwe,Namibia,"Queens Sports Club, Bulawayo",Bulawayo,,Zimbabwe,bat,Namibia,WINNER,Namibia won,,,20
1314899,2022-05-19,female,T20,Nepal,Uganda,"Tribhuvan University International Cricket Ground, Kirtipur",Kirtipur,,Nepal,bat,Uganda,WINNER,Uganda won,,,20
1310188,2022-05-20,male,T20,Jersey,Guernsey,"College Field, St Peter Port",St Peter Port,,Guernsey,field,Jersey,WINNER,Jersey won,,,20
1314900,2022-05-20,female,T20,Nepal,Uganda,"Tribhuvan University International Cricket Ground, Kirtipur",Kirtipur,,Nepal,bat,Nepal,WINNER,Nepal won,,,20
1310940,2022-05-21,male,T20,Namibia,Zimbabwe,"Queens Sports Club, Bulawayo",Bulawayo,,Namibia,bat,Zimbabwe,WINNER,Zimbabwe won,,,20
1314901,2022-05-21,female,T20,Nepal,Uganda,"Tribhuvan University International Cricket Ground, Kirtipur",Kirtipur,,Uganda,field,Nepal,WINNER,Nepal won,,,20
1310941,2022-05-22,male,T20,Zimbabwe,Namibia,"Queens Sports Club, Bulawayo",Bulawayo,,Namibia,field,Namibia,WINNER,Namibia won,,,20
1310942,2022-05-24,male,T20,Namibia,Zimbabwe,"Queens Sports Club, Bulawayo",Bulawayo,,Zimbabwe,field,Namibia,WINNER,Namibia won,,,20
1310981,2022-05-24,female,T20,Sri Lanka,Pakistan,"Southend Club Cricket Stadium, Karachi",Karachi,,Sri Lanka,bat,Pakistan,WINNER,Pakistan won,,,20
1310982,2022-05-26,female,T20,Sri Lanka,Pakistan,"Southend Club Cricket Stadium, Karachi",Karachi,,Sri Lanka,bat,Pakistan,WINNER,Pakistan won,,,20
1310983,2022-05-28,female,T20,Sri Lanka,Pakistan,"Southend Club Cricket Stadium, Karachi",Karachi,,Sri Lanka,bat,Pakistan,WINNER,Pakistan won,,,20
1316642,2022-06-03,female,T20,Ireland,South Africa,"Pembroke Cricket Club, Sandymount, Dublin",Dublin,,South Africa,field,Ireland,WINNER,Ireland won,,,20
1316643,2022-06-06,female,T20,Ireland,South Africa,"Pembroke Cricket Club, Sandymount, Dublin",Dublin,,Ireland,bat,South Africa,WINNER,South Africa won,,,20
1307293,2022-06-07,male,T20,Sri Lanka,Australia,"R Premadasa Stadium, Colombo",Colombo,,Australia,field,Australia,WINNER,Australia won,,,20
1307294,2022-06-08,male,T20,Sri Lanka,Australia,"R Premadasa Stadium, Colombo",Colombo,,Australia,field,Australia,WINNER,Australia won,,,20
1316644,2022-06-08,female,T20,Ireland,South Africa,"Pembroke Cricket Club, Sandymount, Dublin",Dublin,,South Africa,field,South Africa,WINNER,South Africa won,,,20
1278687,2022-06-09,male,T20,India,South Africa,"Arun Jaitley Stadium, Delhi",Delhi,,South Africa,field,South Africa,WINNER,South Africa won,,,20
1318357,2022-06-09,male,T20,Germany,Austria,Bayer Uerdingen Cricket Ground,Krefeld,,Austria,field,Germany,WINNER,Germany won,,,20
1318358,2022-06-09,male,T20,Sweden,Germany,Bayer Uerdingen Cricket Ground,Krefeld,,Germany,field,Germany,WINNER,Germany won,,,20
1318373,2022-06-09,female,T20,Rwanda,Uganda,Gahanga International Cricket Stadium. Rwanda,Kigali City,,Rwanda,bat,Uganda,WINNER,Uganda won,,,20
1318375,2022-06-09,female,T20,Brazil,Nigeria,Gahanga International Cricket Stadium. Rwanda,Kigali City,,Nigeria,field,Nigeria,WINNER,Nigeria won,,,20
1318359,2022-06-10,male,T20,Austria,Germany,Bayer Uerdingen Cricket Ground,Krefeld,,Austria,bat,Austria,WINNER,Austria won,,,20
1318360,2022-06-10,male,T20,Austria,Sweden,Bayer Uerdingen Cricket Ground,Krefeld,,Sweden,field,Austria,WINNER,Austria won,,,20
1318376,2022-06-10,female,T20,Uganda,Kenya,Gahanga International Cricket Stadium. Rwanda,Kigali City,,Uganda,bat,Kenya,WINNER,Kenya won,,,20
1318377,2022-06-10,female,T20,Tanzania,Botswana,Integrated Polytechnic Regional Centre,Kigali City,,Tanzania,bat,Tanzania,WINNER,Tanzania won,,,20
1318378,2022-06-10,female,T20,Rwanda,Brazil,Gahanga International Cricket Stadium. Rwanda,Kigali City,,Brazil,field,Rwanda,WINNER,Rwanda won,,,20
1318379,2022-06-10,female,T20,Germany,Nigeria,Integrated Polytechnic Regional Centre,Kigali City,,Nigeria,field,Nigeria,WINNER,Nigeria won,,,20
1307295,2022-06-11,male,T20,Australia,Sri Lanka,Pallekele International Cricket Stadium,Kandy,,Australia,bat,Sri Lanka,WINNER,Sri Lanka won,,,20
1318361,2022-06-11,male,T20,Austria,Sweden,Bayer Uerdingen Cricket Ground,Krefeld,,Sweden,field,Austria,WINNER,Austria won,,,20
1318362,2022-06-11,male,T20,Germany,Sweden,Bayer Uerdingen Cricket Ground,Krefeld,,Germany,bat,Germany,WINNER,Germany won,,,20
1318380,2022-06-11,female,T20,Brazil,Germany,Gahanga International Cricket Stadium. Rwanda,Kigali City,,Germany,field,Brazil,WINNER,Brazil won,,,20
1318381,2022-06-11,female,T20,Uganda,Tanzania,Integrated Polytechnic Regional Centre,Kigali City,,Uganda,bat,Tanzania,WINNER,Tanzania won,,,20
1318382,2022-06-11,female,T20,Rwanda,Kenya,Gahanga International Cricket Stadium. Rwanda,Kigali City,,Rwanda,bat,Kenya,WINNER,Kenya won,,,20
1318383,2022-06-11,female,T20,Botswana,Nigeria,Integrated Polytechnic Regional Centre,Kigali City,,Botswana,bat,Nigeria,WINNER,Nigeria won,,,20
1278688,2022-06-12,male,T20,India,South Africa,"Barabati Stadium, Cuttack",Cuttack,,South Africa,field,South Africa,WINNER,South Africa won,,,20
1278689,2022-06-14,male,T20,India,South Africa,"Dr. Y.S. Rajasekhara Reddy ACA-VDCA Cricket Stadium, Visakhapatnam",Visakhapatnam,,South Africa,field,India,WINNER,India won,,,20
1318393,2022-06-15,female,T20,Botswana,Rwanda,Gahanga International Cricket Stadium. Rwanda,Kigali City,,Botswana,bat,Rwanda,WINNER,Rwanda won,,,20
1318394,2022-06-15,female,T20,Uganda,Germany,Integrated Polytechnic Regional Centre,Kigali City,,Germany,field,Uganda,WINNER,Uganda won,,,20
1318395,2022-06-15,female,T20,Nigeria,Tanzania,Gahanga International Cricket Stadium. Rwanda,Kigali City,,Nigeria,bat,Tanzania,WINNER,Tanzania won,,,20
1318396,2022-06-15,female,T20,Kenya,Brazil,Integrated Polytechnic Regional Centre,Kigali City,,Kenya,bat,Kenya,WINNER,Kenya won,,,20
1278690,2022-06-17,male,T20,India,South Africa,"Saurashtra Cricket Association Stadium, Rajkot",Rajkot,,South Africa,field,India,WINNER,India won,,,20
1320190,2022-06-17,female,T20,Malaysia,Singapore,"Kinrara Academy Oval, Kuala Lumpur",Kuala Lumpur,,Malaysia,bat,Malaysia,WINNER,Malaysia won,,,20
1320191,2022-06-17,female,T20,Nepal,Bhutan,"UKM-YSD Cricket Oval, Bangi",Bangi,,Nepal,bat,Nepal,WINNER,Nepal won,,,20
1320192,2022-06-17,female,T20,Oman,United Arab Emirates,"UKM-YSD Cricket Oval, Bangi",Bangi,,Oman,bat,,NO_RESULT,No result,,,20
1320193,2022-06-17,female,T20,Bahrain,Kuwait,"Kinrara Academy Oval, Kuala Lumpur",Kuala Lumpur,,Kuwait,field,,NO_RESULT,No result,,,20
1318404,2022-06-18,female,T20,Tanzania,Kenya,Gahanga International Cricket Stadium. Rwanda,Kigali City,,Tanzania,bat,Tanzania,WINNER,Tanzania won,,,20
1320194,2022-06-18,female,T20,Singapore,United Arab Emirates,"Kinrara Academy Oval, Kuala Lumpur",Kuala Lumpur,,United Arab Emirates,field,United Arab Emirates,WINNER,United Arab Emirates won,,,20
1320195,2022-06-18,female,T20,Hong Kong,Bhutan,"UKM-YSD Cricket Oval, Bangi",Bangi,,Bhutan,field,Hong Kong,WINNER,Hong Kong won,,,20
1320196,2022-06-18,female,T20,Qatar,Malaysia,"UKM-YSD Cricket Oval, Bangi",Bangi,,Malaysia,field,Malaysia,WINNER,Malaysia won,,,20
1320197,2022-06-18,female,T20,Nepal,Kuwait,"Kinrara Academy Oval, Kuala Lumpur",Kuala Lumpur,,Kuwait,field,Nepal,WINNER,Nepal won,,,20
1278691,2022-06-19,male,T20,India,South Africa,"M Chinnaswamy Stadium, Bangalore",Bengaluru,,South Africa,field,,NO_RESULT,No result,,,20
1320198,2022-06-19,female,T20,Bahrain,Hong Kong,"Kinrara Academy Oval, Kuala Lumpur",Kuala Lumpur,,Hong Kong,field,Hong Kong,WINNER,Hong Kong won,,,20
1320199,2022-06-19,female,T20,Oman,Qatar,"UKM-YSD Cricket Oval, Bangi",Bangi,,Qatar,field,Qatar,WINNER,Qatar won,,,20
1320200,2022-06-20,female,T20,United Arab Emirates,Malaysia,"UKM-YSD Cricket Oval, Bangi",Bangi,,Malaysia,field,United Arab Emirates,WINNER,United Arab Emirates won,,,20
1320201,2022-06-20,female,T20,Bahrain,Nepal,"Kinrara Academy Oval, Kuala Lumpur",Kuala Lumpur,,Nepal,field,Nepal,WINNER,Nepal won,,,20
1320202,2022-06-20,female,T20,Oman,Singapore,"Kinrara Academy Oval, Kuala Lumpur",Kuala Lumpur,,Singapore,field,Singapore,WINNER,Singapore won,,,20
1320203,2022-06-21,female,T20,Singapore,Qatar,"UKM-YSD Cricket Oval, Bangi",Bangi,,Qatar,field,Qatar,WINNER,Qatar won,,,20
1320204,2022-06-21,female,T20,Bhutan,Kuwait,"Kinrara Academy Oval, Kuala Lumpur",Kuala Lumpur,,Kuwait,field,Kuwait,WINNER,Kuwait won,,,20
1320205,2022-06-21,female,T20,Nepal,Hong Kong,"Kinrara Academy Oval, Kuala Lumpur",Kuala Lumpur,,Nepal,bat,Hong Kong,WINNER,Hong Kong won,,,20
1320206,2022-06-22,female,T20,Malaysia,Oman,"Kinrara Academy Oval, Kuala Lumpur",Kuala Lumpur,,Oman,field,Malaysia,WINNER,Malaysia won,,,20
1320207,2022-06-22,female,T20,Hong Kong,Kuwait,"UKM-YSD Cricket Oval, Bangi",Bangi,,Kuwait,field,Hong Kong,WINNER,Hong Kong won,,,20
1320208,2022-06-22,female,T20,United Arab Emirates,Qatar,"Kinrara Academy Oval, Kuala Lumpur",Kuala Lumpur,,United Arab Emirates,bat,United Arab Emirates,WINNER,United Arab Emirates won,,,20
1320209,2022-06-22,female,T20,Bhutan,Bahrain,"UKM-YSD Cricket Oval, Bangi",Bangi,,Bahrain,field,Bhutan,WINNER,Bhutan won,,,20
1319709,2022-06-23,female,T20,India,Sri Lanka,Rangiri Dambulla International Stadium,Dambulla,,India,bat,India,WINNER,India won,,,20
1317136,2022-06-24,male,T20,Serbia,Bulgaria,"National Sports Academy, Sofia",Sofia,,Bulgaria,field,Bulgaria,WINNER,Bulgaria won,,,20
1320210,2022-06-24,female,T20,United Arab Emirates,Nepal,"Kinrara Academy Oval, Kuala Lumpur",Kuala Lumpur,,Nepal,field,,NO_RESULT,No result,,,20
1320211,2022-06-24,female,T20,Malaysia,Hong Kong,"Kinrara Academy Oval, Kuala Lumpur",Kuala Lumpur,,Hong Kong,field,Malaysia,WINNER,Malaysia won,,,20
1317137,2022-06-25,male,T20,Serbia,Bulgaria,"National Sports Academy, Sofia",Sofia,,Serbia,bat,Bulgaria,WINNER,Bulgaria won,,,20
1317138,2022-06-25,male,T20,Serbia,Bulgaria,"National Sports Academy, Sofia",Sofia,,Serbia,bat,Bulgaria,WINNER,Bulgaria won,D/L,,20
1319710,2022-06-25,female,T20,Sri Lanka,India,Rangiri Dambulla International Stadium,Dambulla,,Sri Lanka,bat,India,WINNER,India won,,,20
1320212,2022-06-25,female,T20,Malaysia,United Arab Emirates,"Kinrara Academy Oval, Kuala Lumpur",Kuala Lumpur,,Malaysia,bat,United Arab Emirates,WINNER,United Arab Emirates won,,,20
1320997,2022-06-25,female,T20,Jersey,Guernsey,"Grainville, St Saviour",St Saviour,,Guernsey,field,Jersey,WINNER,Jersey won,,,20
1303307,2022-06-26,male,T20,Ireland,India,"The Village, Malahide, Dublin",Dublin,,India,field,India,WINNER,India won,,,20
1317139,2022-06-26,male,T20,Serbia,Bulgaria,"National Sports Academy, Sofia",Sofia,,Bulgaria,field,Bulgaria,WINNER,Bulgaria won,,,20
1319711,2022-06-27,female,T20,India,Sri Lanka,Rangiri Dambulla International Stadium,Dambulla,,India,bat,Sri Lanka,WINNER,Sri Lanka won,,,20
1303308,2022-06-28,male,T20,India,Ireland,"The Village, Malahide, Dublin",Dublin,,India,bat,India,WINNER,India won,,,20
1320969,2022-06-28,male,T20,Gibraltar,Belgium,"Meersen, Gent",Ghent,,Belgium,field,Belgium,WINNER,Belgium won,,,20
1321311,2022-06-28,male,T20,Malaysia,Singapore,"Indian Association Ground, Singapore",Singapore,,Singapore,field,Singapore,WINNER,Singapore won,,,20
1321335,2022-06-28,female,T20,Netherlands,Namibia,"Sportpark Harga, Schiedam",Schiedam,,Netherlands,bat,Netherlands,WINNER,Netherlands won,,,20
1320973,2022-06-29,male,T20,Portugal,Malta,"Meersen, Gent",Ghent,,Portugal,bat,Portugal,WINNER,Portugal won,,,20
1320974,2022-06-29,male,T20,Denmark,Gibraltar,"Royal Brussels Cricket Club Ground, Waterloo",Waterloo,,Denmark,bat,Denmark,WINNER,Denmark won,,,20
1320975,2022-06-29,male,T20,Israel,Spain,"Meersen, Gent",Ghent,,Israel,bat,Spain,WINNER,Spain won,,,20
1320976,2022-06-29,male,T20,Hungary,Belgium,"Royal Brussels Cricket Club Ground, Waterloo",Waterloo,,Hungary,bat,Belgium,WINNER,Belgium won,,,20
1321312,2022-06-29,male,T20,Malaysia,Singapore,"Indian Association Ground, Singapore",Singapore,,Malaysia,bat,Malaysia,WINNER,Malaysia won,,,20
1321313,2022-06-30,male,T20,Singapore,Malaysia,"Indian Association Ground, Singapore",Singapore,,Singapore,bat,Malaysia,WINNER,Malaysia won,,,20
1321336,2022-06-30,female,T20,Namibia,Netherlands,"Sportpark Westvliet, Voorburg",The Hague,,Netherlands,field,Netherlands,WINNER,Netherlands won,D/L,,20
1322176,2022-06-30,female,T20,Netherlands,Namibia,"Sportpark Westvliet, Voorburg",The Hague,,Namibia,field,Namibia,WINNER,Namibia won,,,20
1320977,2022-07-01,male,T20,Portugal,Spain,"Meersen, Gent",Ghent,,Portugal,bat,Spain,WINNER,Spain won,,,20
1320978,2022-07-01,male,T20,Hungary,Gibraltar,"Royal Brussels Cricket Club Ground, Waterloo",Waterloo,,Gibraltar,field,Gibraltar,WINNER,Gibraltar won,,,20
1320979,2022-07-01,male,T20,Malta,Israel,"Meersen, Gent",Ghent,,Israel,field,Malta,WINNER,Malta won,,,20
1320980,2022-07-01,male,T20,Belgium,Denmark,"Royal Brussels Cricket Club Ground, Waterloo",Waterloo,,Denmark,field,Belgium,WINNER,Belgium won,,,20
1321337,2022-07-01,female,T20,Netherlands,Namibia,"Sportpark Westvliet, Voorburg",The Hague,,Namibia,field,Netherlands,WINNER,Netherlands won,,,20
1317149,2022-07-02,male,T20,Bangladesh,West Indies,"Windsor Park, Roseau, Dominica",Roseau,,West Indies,field,,NO_RESULT,No result,,,20
1320982,2022-07-02,male,T20,Belgium,Portugal,"Royal Brussels Cricket Club Ground, Waterloo",Waterloo,,Belgium,bat,Portugal,WINNER,Portugal won,,,20
1320984,2022-07-02,male,T20,Denmark,Spain,"Royal Brussels Cricket Club Ground, Waterloo",Waterloo,,Spain,field,Denmark,WINNER,Denmark won,,,20
1321998,2022-07-02,male,T20,Malaysia,Bhutan,"UKM-YSD Cricket Oval, Bangi",Bangi,,Bhutan,field,Malaysia,WINNER,Malaysia won,,,20
1322011,2022-07-02,male,T20,Singapore,Papua New Guinea,"Indian Association Ground, Singapore",Singapore,,Singapore,bat,Singapore,WINNER,Singapore won,,,20
1317150,2022-07-03,male,T20,West Indies,Bangladesh,"Windsor Park, Roseau, Dominica",Roseau,,West Indies,bat,West Indies,WINNER,West Indies won,,,20
1320985,2022-07-03,male,T20,Israel,Hungary,"Royal Brussels Cricket Club Ground, Waterloo",Waterloo,,Hungary,field,Israel,WINNER,Israel won,,,20
1320987,2022-07-03,male,T20,Gibraltar,Malta,"Royal Brussels Cricket Club Ground, Waterloo",Waterloo,,Gibraltar,bat,Malta,WINNER,Malta won,,,20
1322012,2022-07-03,male,T20,Singapore,Papua New Guinea,"Indian Association Ground, Singapore",Singapore,,Singapore,bat,Papua New Guinea,WINNER,Papua New Guinea won,,,20
1320986,2022-07-04,male,T20,Spain,Belgium,"Royal Brussels Cricket Club Ground, Waterloo",Waterloo,,Spain,bat,Belgium,WINNER,Belgium won,,,20
1320988,2022-07-04,male,T20,Portugal,Denmark,"Royal Brussels Cricket Club Ground, Waterloo",Waterloo,,Portugal,bat,Denmark,WINNER,Denmark won,,,20
1322001,2022-07-04,male,T20,Thailand,Malaysia,"UKM-YSD Cricket Oval, Bangi",Bangi,,Thailand,bat,Malaysia,WINNER,Malaysia won,,,20
1322002,2022-07-04,male,T20,Bhutan,Maldives,"UKM-YSD Cricket Oval, Bangi",Bangi,,Maldives,field,Bhutan,WINNER,Bhutan won,,,20
1322003,2022-07-06,male,T20,Thailand,Bhutan,"UKM-YSD Cricket Oval, Bangi",Bangi,,Bhutan,field,Bhutan,WINNER,Bhutan won,,,20
1322004,2022-07-06,male,T20,Maldives,Malaysia,"UKM-YSD Cricket Oval, Bangi",Bangi,,Malaysia,field,Malaysia,WINNER,Malaysia won,D/L,,20
1276904,2022-07-07,male,T20,India,England,"The Rose Bowl, Southampton",Southampton,,India,bat,India,WINNER,India won,,,20
1317151,2022-07-07,male,T20,Bangladesh,West Indies,"Providence Stadium, Guyana",Providence,,Bangladesh,bat,West Indies,WINNER,West Indies won,,,20
1322005,2022-07-07,male,T20,Bhutan,Maldives,"UKM-YSD Cricket Oval, Bangi",Bangi,,Maldives,field,Bhutan,WINNER,Bhutan won,,,20
1322006,2022-07-07,male,T20,Thailand,Malaysia,"UKM-YSD Cricket Oval, Bangi",Bangi,,Malaysia,field,Malaysia,WINNER,Malaysia won,,,20
1321305,2022-07-08,male,T20,Luxembourg,Austria,"Scott Page Field, Vinor",Prague,,Austria,field,Austria,WINNER,Austria won,,,20
1321306,2022-07-08,male,T20,Luxembourg,Czech Republic,"Scott Page Field, Vinor",Prague,,Luxembourg,bat,Czech Republic,WINNER,Czech Republic won,,,20
1322007,2022-07-08,male,T20,Maldives,Thailand,"UKM-YSD Cricket Oval, Bangi",Bangi,,Thailand,field,Maldives,WINNER,Maldives won,,,20
1322018,2022-07-08,female,T20,Singapore,Malaysia,"Indian Association Ground, Singapore",Singapore,,Singapore,bat,Malaysia,WINNER,Malaysia won,,,20
1323550,2022-07-08,male,T20,Bulgaria,Serbia,Lisicji Jarak Cricket Ground,Belgrade,,Serbia,field,Serbia,WINNER,Serbia won,,,20
1276905,2022-07-09,male,T20,India,England,"Edgbaston, Birmingham",Birmingham,,England,field,India,WINNER,India won,,,20
1321307,2022-07-09,male,T20,Czech Republic,Austria,"Scott Page Field, Vinor",Prague,,Austria,field,Austria,WINNER,Austria won,,,20
1321308,2022-07-09,male,T20,Austria,Luxembourg,"Scott Page Field, Vinor",Prague,,Luxembourg,field,Austria,WINNER,Austria won,D/L,,20
1322009,2022-07-09,male,T20,Bhutan,Thailand,"UKM-YSD Cricket Oval, Bangi",Bangi,,Bhutan,bat,Bhutan,WINNER,Bhutan won,,,20
1322019,2022-07-09,female,T20,Malaysia,Singapore,"Indian Association Ground, Singapore",Singapore,,Singapore,field,Malaysia,WINNER,Malaysia won,,,20
1323551,2022-07-09,male,T20,Bulgaria,Serbia,Lisicji Jarak Cricket Ground,Belgrade,,Serbia,field,Serbia,WINNER,Serbia won,,,20
1323552,2022-07-09,male,T20,Bulgaria,Serbia,Lisicji Jarak Cricket Ground,Belgrade,,Serbia,field,Bulgaria,WINNER,Bulgaria won,,,20
1276906,2022-07-10,male,T20,England,India,"Trent Bridge, Nottingham",Nottingham,,England,bat,England,WINNER,England won,,,20
1321309,2022-07-10,male,T20,Czech Republic,Luxembourg,"Scott Page Field, Vinor",Prague,,Czech Republic,bat,Czech Republic,WINNER,Czech Republic won,,,20
1321310,2022-07-10,male,T20,Austria,Czech Republic,"Scott Page Field, Vinor",Prague,,Czech Republic,field,Czech Republic,WINNER,Czech Republic won,,,20
1322020,2022-07-10,female,T20,Malaysia,Singapore,"Indian Association Ground, Singapore",Singapore,,Malaysia,bat,Malaysia,WINNER,Malaysia won,,,20
1321465,2022-07-11,male,T20,Zimbabwe,Singapore,"Queens Sports Club, Bulawayo",Bulawayo,,Singapore,field,Zimbabwe,WINNER,Zimbabwe won,,,20
1321466,2022-07-11,male,T20,Jersey,United States of America,Bulawayo Athletic Club,Bulawayo,,United States of America,field,United States of America,WINNER,United States of America won,,,20
1321467,2022-07-11,male,T20,Netherlands,Papua New Guinea,"Queens Sports Club, Bulawayo",Bulawayo,,Netherlands,bat,Netherlands,WINNER,Netherlands won,,,20
1321468,2022-07-11,male,T20,Hong Kong,Uganda,Bulawayo Athletic Club,Bulawayo,,Hong Kong,bat,Uganda,WINNER,Uganda won,,,20
1322010,2022-07-11,male,T20,Bhutan,Malaysia,"UKM-YSD Cricket Oval, Bangi",Bangi,,Malaysia,field,Malaysia,WINNER,Malaysia won,,,20
1321258,2022-07-12,male,T20,Cyprus,Isle of Man,Kerava National Cricket Ground,Kerava,,Isle of Man,field,Isle of Man,WINNER,Isle of Man won,,,20
1321259,2022-07-12,male,T20,Finland,Sweden,Tikkurila Cricket Ground,Vantaa,,Sweden,field,Finland,WINNER,Finland won,,,20
1321260,2022-07-12,male,T20,Romania,Turkey,Kerava National Cricket Ground,Kerava,,Turkey,field,Romania,WINNER,Romania won,,,20
1321469,2022-07-12,male,T20,Zimbabwe,Jersey,"Queens Sports Club, Bulawayo",Bulawayo,,Jersey,field,Zimbabwe,WINNER,Zimbabwe won,,,20
1321470,2022-07-12,male,T20,United States of America,Singapore,Bulawayo Athletic Club,Bulawayo,,Singapore,field,United States of America,WINNER,United States of America won,,,20
1321471,2022-07-12,male,T20,Hong Kong,Netherlands,"Queens Sports Club, Bulawayo",Bulawayo,,Hong Kong,bat,Netherlands,WINNER,Netherlands won,,,20
1321472,2022-07-12,male,T20,Uganda,Papua New Guinea,Bulawayo Athletic Club,Bulawayo,,Papua New Guinea,field,Papua New Guinea,WINNER,Papua New Guinea won,,,20
1321261,2022-07-13,male,T20,Cyprus,Romania,Tikkurila Cricket Ground,Vantaa,,Romania,field,Cyprus,WINNER,Cyprus won,,,20
1321262,2022-07-13,male,T20,Croatia,Sweden,Kerava National Cricket Ground,Kerava,,Sweden,field,Sweden,WINNER,Sweden won,,,20
1321263,2022-07-13,male,T20,Isle of Man,Serbia,Tikkurila Cricket Ground,Vantaa,,Serbia,field,Isle of Man,WINNER,Isle of Man won,,,20
1321264,2022-07-13,male,T20,Finland,Italy,Kerava National Cricket Ground,Kerava,,Italy,field,Italy,WINNER,Italy won,,,20
1321473,2022-07-14,male,T20,Netherlands,Uganda,"Queens Sports Club, Bulawayo",Bulawayo,,Uganda,field,Netherlands,WINNER,Netherlands won,,,20
1321474,2022-07-14,male,T20,Papua New Guinea,Hong Kong,Bulawayo Athletic Club,Bulawayo,,Hong Kong,field,Hong Kong,WINNER,Hong Kong won,,,20
1321475,2022-07-14,male,T20,Zimbabwe,United States of America,"Queens Sports Club, Bulawayo",Bulawayo,,Zimbabwe,bat,Zimbabwe,WINNER,Zimbabwe won,,,20
1321265,2022-07-15,male,T20,Italy,Sweden,Tikkurila Cricket Ground,Vantaa,,Sweden,field,Italy,WINNER,Italy won,,,20
1321266,2022-07-15,male,T20,Turkey,Serbia,Kerava National Cricket Ground,Kerava,,Serbia,field,Serbia,WINNER,Serbia won,,,20
1321267,2022-07-15,male,T20,Croatia,Greece,Tikkurila Cricket Ground,Vantaa,,Greece,field,Croatia,WINNER,Croatia won,,,20
1321268,2022-07-15,male,T20,Romania,Isle of Man,Kerava National Cricket Ground,Kerava,,Isle of Man,field,Isle of Man,WINNER,Isle of Man won,,,20
1321477,2022-07-15,male,T20,Uganda,Jersey,"Queens Sports Club, Bulawayo",Bulawayo,,Uganda,bat,Uganda,WINNER,Uganda won,,,20
1321478,2022-07-15,male,T20,Singapore,Hong Kong,Bulawayo Athletic Club,Bulawayo,,Hong Kong,field,Hong Kong,WINNER,Hong Kong won,,,20
1321479,2022-07-15,male,T20,Zimbabwe,Papua New Guinea,"Queens Sports Club, Bulawayo",Bulawayo,,Zimbabwe,bat,Zimbabwe,WINNER,Zimbabwe won,,,20
1321480,2022-07-15,male,T20,United States of America,Netherlands,Bulawayo Athletic Club,Bulawayo,,United States of America,bat,Netherlands,WINNER,Netherlands won,,,20
1317635,2022-07-16,female,T20,Pakistan,Australia,"Bready Cricket Club, Magheramason, Bready",Bready,,Pakistan,bat,,NO_RESULT,No result,,,20
1321269,2022-07-16,male,T20,Romania,Serbia,Tikkurila Cricket Ground,Vantaa,,Romania,bat,Romania,WINNER,Romania won,,,20
1321270,2022-07-16,male,T20,Finland,Greece,Kerava National Cricket Ground,Kerava,,Greece,field,Finland,WINNER,Finland won,,,20
1321271,2022-07-16,male,T20,Cyprus,Turkey,Tikkurila Cricket Ground,Vantaa,,Cyprus,bat,Cyprus,WINNER,Cyprus won,,,20
1321272,2022-07-16,male,T20,Italy,Croatia,Kerava National Cricket Ground,Kerava,,Italy,bat,Italy,WINNER,Italy won,,,20
1317636,2022-07-17,female,T20,Ireland,Australia,"Bready Cricket Club, Magheramason, Bready",Bready,,Australia,field,Australia,WINNER,Australia won,,,20
1321481,2022-07-17,male,T20,Uganda,Hong Kong,"Queens Sports Club, Bulawayo",Bulawayo,,Hong Kong,field,Uganda,WINNER,Uganda won,,,20
1321482,2022-07-17,male,T20,Singapore,Jersey,Bulawayo Athletic Club,Bulawayo,,Singapore,bat,Jersey,WINNER,Jersey won,,,20
1321483,2022-07-17,male,T20,Papua New Guinea,United States of America,Bulawayo Athletic Club,Bulawayo,,United States of America,field,Papua New Guinea,WINNER,Papua New Guinea won,,,20
1321484,2022-07-17,male,T20,Zimbabwe,Netherlands,"Queens Sports Club, Bulawayo",Bulawayo,,Zimbabwe,bat,Zimbabwe,WINNER,Zimbabwe won,,,20
1303312,2022-07-18,male,T20,New Zealand,Ireland,"Civil Service Cricket Club, Stormont, Belfast",Belfast,,Ireland,field,New Zealand,WINNER,New Zealand won,,,20
1321273,2022-07-18,male,T20,Sweden,Greece,Tikkurila Cricket Ground,Vantaa,,Greece,field,Sweden,WINNER,Sweden won,,,20
1321274,2022-07-18,male,T20,Cyprus,Serbia,Kerava National Cricket Ground,Kerava,,Cyprus,bat,Serbia,WINNER,Serbia won,,,20
1321275,2022-07-18,male,T20,Croatia,Finland,Tikkurila Cricket Ground,Vantaa,,Croatia,bat,Finland,WINNER,Finland won,,,20
1321276,2022-07-18,male,T20,Isle of Man,Turkey,Kerava National Cricket Ground,Kerava,,Isle of Man,bat,Isle of Man,WINNER,Isle of Man won,,,20
1317637,2022-07-19,female,T20,Pakistan,Ireland,"Bready Cricket Club, Magheramason, Bready",Bready,,Pakistan,bat,Pakistan,WINNER,Pakistan won,D/L,,20
1321277,2022-07-19,male,T20,Serbia,Croatia,Tikkurila Cricket Ground,Vantaa,,Serbia,bat,Croatia,WINNER,Croatia won,,,20
1321278,2022-07-19,male,T20,Finland,Cyprus,Kerava National Cricket Ground,Kerava,,Finland,bat,Finland,WINNER,Finland won,,,20
1321279,2022-07-19,male,T20,Romania,Sweden,Tikkurila Cricket Ground,Vantaa,,Romania,bat,Sweden,WINNER,Sweden won,,,20
1321280,2022-07-19,male,T20,Isle of Man,Italy,Kerava National Cricket Ground,Kerava,,Italy,field,Italy,WINNER,Italy won,,,20
1303313,2022-07-20,male,T20,New Zealand,Ireland,"Civil Service Cricket Club, Stormont, Belfast",Belfast,,Ireland,field,New Zealand,WINNER,New Zealand won,,,20
1301331,2022-07-21,female,T20,South Africa,England,"County Ground, Chelmsford",Chelmsford,,England,field,England,WINNER,England won,,,20
1317638,2022-07-21,female,T20,Australia,Ireland,"Bready Cricket Club, Magheramason, Bready",Bready,,Ireland,field,Australia,WINNER,Australia won,,,20
1303314,2022-07-22,male,T20,Ireland,New Zealand,"Civil Service Cricket Club, Stormont, Belfast",Belfast,,Ireland,bat,New Zealand,WINNER,New Zealand won,,,20
1301332,2022-07-23,female,T20,South Africa,England,"County Ground, New Road, Worcester",Worcester,,England,field,England,WINNER,England won,,,20
1317639,2022-07-23,female,T20,Pakistan,Australia,"Bready Cricket Club, Magheramason, Bready",Bready,,Pakistan,bat,,NO_RESULT,No result,,,20
1321281,2022-07-24,male,T20,Austria,Luxembourg,Tikkurila Cricket Ground,Vantaa,,Luxembourg,field,Austria,WINNER,Austria won,,,20
1321282,2022-07-24,male,T20,Estonia,Norway,Kerava National Cricket Ground,Kerava,,Estonia,bat,Norway,WINNER,Norway won,,,20
1321283,2022-07-24,male,T20,Guernsey,Bulgaria,Tikkurila Cricket Ground,Vantaa,,Bulgaria,field,Guernsey,WINNER,Guernsey won,D/L,,20
1321284,2022-07-24,male,T20,France,Czech Republic,Kerava National Cricket Ground,Kerava,,Czech Republic,field,France,WINNER,France won,,,20
1301333,2022-07-25,female,T20,England,South Africa,"County Ground, Derby",Derby,,England,bat,England,WINNER,England won,,,20
1321286,2022-07-25,male,T20,Austria,Slovenia,Kerava National Cricket Ground,Kerava,,Slovenia,field,Austria,WINNER,Austria won,,,20
1321287,2022-07-25,male,T20,France,Switzerland,Tikkurila Cricket Ground,Vantaa,,France,bat,Switzerland,WINNER,Switzerland won,,,20
1321288,2022-07-25,male,T20,Guernsey,Luxembourg,Kerava National Cricket Ground,Kerava,,Luxembourg,field,Guernsey,WINNER,Guernsey won,,,20
1276913,2022-07-27,male,T20,England,South Africa,"County Ground, Bristol",Bristol,,South Africa,field,England,WINNER,England won,,,20
1307477,2022-07-27,male,T20,New Zealand,Scotland,"Grange Cricket Club Ground, Raeburn Place, Edinburgh",Edinburgh,,Scotland,field,New Zealand,WINNER,New Zealand won,,,20
1321289,2022-07-27,male,T20,Guernsey,Austria,Tikkurila Cricket Ground,Vantaa,,Guernsey,bat,Austria,WINNER,Austria won,,,20
1321290,2022-07-27,male,T20,Switzerland,Estonia,Kerava National Cricket Ground,Kerava,,Switzerland,bat,Switzerland,WINNER,Switzerland won,,,20
1321291,2022-07-27,male,T20,Slovenia,Bulgaria,Tikkurila Cricket Ground,Vantaa,,Bulgaria,field,Bulgaria,WINNER,Bulgaria won,,,20
1321292,2022-07-27,male,T20,France,Norway,Kerava National Cricket Ground,Kerava,,France,bat,France,WINNER,France won,,,20
1276914,2022-07-28,male,T20,South Africa,England,"Sophia Gardens, Cardiff",Cardiff,,England,field,South Africa,WINNER,South Africa won,,,20
1321293,2022-07-28,male,T20,Norway,Switzerland,Tikkurila Cricket Ground,Vantaa,,Norway,bat,Norway,WINNER,Norway won,D/L,,20
1321294,2022-07-28,male,T20,Luxembourg,Bulgaria,Kerava National Cricket Ground,Kerava,,Luxembourg,bat,Luxembourg,WINNER,Luxembourg won,D/L,,20
1321295,2022-07-28,male,T20,Czech Republic,Estonia,Tikkurila Cricket Ground,Vantaa,,Czech Republic,bat,Czech Republic,WINNER,Czech Republic won,,,20
1321296,2022-07-28,male,T20,Slovenia,Guernsey,Kerava National Cricket Ground,Kerava,,Guernsey,field,Guernsey,WINNER,Guernsey won,,,20
1289259,2022-07-29,female,T20,India,Australia,"Edgbaston, Birmingham",Birmingham,,India,bat,Australia,WINNER,Australia won,,,20
1289260,2022-07-29,female,T20,Barbados,Pakistan,"Edgbaston, Birmingham",Birmingham,,Pakistan,field,Barbados,WINNER,Barbados won,,,20
1307478,2022-07-29,male,T20,New Zealand,Scotland,"Grange Cricket Club Ground, Raeburn Place, Edinburgh",Edinburgh,,New Zealand,bat,New Zealand,WINNER,New Zealand won,,,20
1317903,2022-07-29,male,T20,India,West Indies,"Brian Lara Stadium, Tarouba, Trinidad",Tarouba,,West Indies,field,India,WINNER,India won,,,20
1289261,2022-07-30,female,T20,New Zealand,South Africa,"Edgbaston, Birmingham",Birmingham,,South Africa,field,New Zealand,WINNER,New Zealand won,,,20
1289262,2022-07-30,female,T20,Sri Lanka,England,"Edgbaston, Birmingham",Birmingham,,Sri Lanka,bat,England,WINNER,England won,,,20
1321298,2022-07-30,male,T20,Switzerland,Czech Republic,Kerava National Cricket Ground,Kerava,,Switzerland,bat,Czech Republic,WINNER,Czech Republic won,,,20
1321299,2022-07-30,male,T20,Luxembourg,Slovenia,Tikkurila Cricket Ground,Vantaa,,Luxembourg,bat,Luxembourg,WINNER,Luxembourg won,,,20
1323295,2022-07-30,male,T20,Zimbabwe,Bangladesh,Harare Sports Club,Harare,,Zimbabwe,bat,Zimbabwe,WINNER,Zimbabwe won,,,20
1276915,2022-07-31,male,T20,South Africa,England,"The Rose Bowl, Southampton",Southampton,,England,field,South Africa,WINNER,South Africa won,,,20
1289263,2022-07-31,female,T20,Pakistan,India,"Edgbaston, Birmingham",Birmingham,,Pakistan,bat,India,WINNER,India won,,,20
1289264,2022-07-31,female,T20,Barbados,Australia,"Edgbaston, Birmingham",Birmingham,,Australia,field,Australia,WINNER,Australia won,,,20
1321301,2022-07-31,male,T20,Bulgaria,Czech Republic,Tikkurila Cricket Ground,Vantaa,,Bulgaria,bat,Czech Republic,WINNER,Czech Republic won,,,20
1321302,2022-07-31,male,T20,Guernsey,France,Kerava National Cricket Ground,Kerava,,Guernsey,bat,Guernsey,WINNER,Guernsey won,,,20
1321303,2022-07-31,male,T20,Luxembourg,Switzerland,Tikkurila Cricket Ground,Vantaa,,Luxembourg,bat,Luxembourg,WINNER,Luxembourg won,,,20
1321304,2022-07-31,male,T20,Norway,Austria,Kerava National Cricket Ground,Kerava,,Norway,bat,Austria,WINNER,Austria won,D/L,,20
1323296,2022-07-31,male,T20,Zimbabwe,Bangladesh,Harare Sports Club,Harare,,Zimbabwe,bat,Bangladesh,WINNER,Bangladesh won,,,20
1317904,2022-08-01,male,T20,India,West Indies,"Warner Park, Basseterre, St Kitts",Basseterre,,West Indies,field,West Indies,WINNER,West Indies won,,,20
1289265,2022-08-02,female,T20,England,South Africa,"Edgbaston, Birmingham",Birmingham,,South Africa,field,England,WINNER,England won,,,20
1289266,2022-08-02,female,T20,New Zealand,Sri Lanka,"Edgbaston, Birmingham",Birmingham,,New Zealand,bat,New Zealand,WINNER,New Zealand won,,,20
1317905,2022-08-02,male,T20,West Indies,India,"Warner Park, Basseterre, St Kitts",Basseterre,,India,field,India,WINNER,India won,,,20
1323297,2022-08-02,male,T20,Zimbabwe,Bangladesh,Harare Sports Club,Harare,,Zimbabwe,bat,Zimbabwe,WINNER,Zimbabwe won,,,20
1289267,2022-08-03,female,T20,Australia,Pakistan,"Edgbaston, Birmingham",Birmingham,,Australia,bat,Australia,WINNER,Australia won,,,20
1289268,2022-08-03,female,T20,India,Barbados,"Edgbaston, Birmingham",Birmingham,,Barbados,field,India,WINNER,India won,,,20
1303315,2022-08-03,male,T20,South Africa,Ireland,"County Ground, Bristol",Bristol,,South Africa,bat,South Africa,WINNER,South Africa won,,,20
1289269,2022-08-04,female,T20,Sri Lanka,South Africa,"Edgbaston, Birmingham",Birmingham,,South Africa,field,South Africa,WINNER,South Africa won,,,20
1289270,2022-08-04,female,T20,New Zealand,England,"Edgbaston, Birmingham",Birmingham,,New Zealand,bat,England,WINNER,England won,,,20
1310901,2022-08-04,male,T20,New Zealand,Netherlands,"Sportpark Westvliet, The Hague",The Hague,,New Zealand,bat,New Zealand,WINNER,New Zealand won,,,20
1303316,2022-08-05,male,T20,South Africa,Ireland,"County Ground, Bristol",Bristol,,Ireland,field,South Africa,WINNER,South Africa won,,,20
1310902,2022-08-05,male,T20,Netherlands,New Zealand,"Sportpark Westvliet, The Hague",The Hague,,Netherlands,bat,New Zealand,WINNER,New Zealand won,,,20
1289271,2022-08-06,female,T20,India,England,"Edgbaston, Birmingham",Birmingham,,India,bat,India,WINNER,India won,,,20
1289272,2022-08-06,female,T20,New Zealand,Australia,"Edgbaston, Birmingham",Birmingham,,Australia,field,Australia,WINNER,Australia won,,,20
1317906,2022-08-06,male,T20,India,West Indies,"Central Broward Regional Park Stadium Turf Ground, Lauderhill",Lauderhill,,West Indies,field,India,WINNER,India won,,,20
1289273,2022-08-07,female,T20,England,New Zealand,"Edgbaston, Birmingham",Birmingham,,England,bat,New Zealand,WINNER,New Zealand won,,,20
1289274,2022-08-07,female,T20,Australia,India,"Edgbaston, Birmingham",Birmingham,,Australia,bat,Australia,WINNER,Australia won,,,20
1317907,2022-08-07,male,T20,India,West Indies,"Central Broward Regional Park Stadium Turf Ground, Lauderhill",Lauderhill,,India,bat,India,WINNER,India won,,,20
1317908,2022-08-10,male,T20,New Zealand,West Indies,"Sabina Park, Kingston, Jamaica",Kingston,,West Indies,field,New Zealand,WINNER,New Zealand won,,,20
1317909,2022-08-12,male,T20,New Zealand,West Indies,"Sabina Park, Kingston, Jamaica",Kingston,,New Zealand,bat,New Zealand,WINNER,New Zealand won,,,20
1328470,2022-08-13,male,T20,Kuwait,Bahrain,Al Amerat Cricket Ground Oman Cricket (Ministry Turf 1),Al Amarat,,Bahrain,field,Kuwait,WINNER,Kuwait won,,,20
1317910,2022-08-14,male,T20,New Zealand,West Indies,"Sabina Park, Kingston, Jamaica",Kingston,,New Zealand,bat,West Indies,WINNER,West Indies won,,,20
1328471,2022-08-14,male,T20,Bahrain,Kuwait,Al Amerat Cricket Ground Oman Cricket (Ministry Turf 1),Al Amarat,,Kuwait,field,Kuwait,WINNER,Kuwait won,,,20
1328473,2022-08-17,male,T20,Kuwait,Bahrain,Al Amerat Cricket Ground Oman Cricket (Ministry Turf 1),Al Amarat,,Bahrain,field,Kuwait,WINNER,Kuwait won,,,20
1328849,2022-08-20,male,T20,Hong Kong,Singapore,Al Amerat Cricket Ground Oman Cricket (Ministry Turf 1),Al Amarat,,Singapore,field,Hong Kong,WINNER,Hong Kong won,,,20
1328850,2022-08-21,male,T20,United Arab Emirates,Kuwait,Al Amerat Cricket Ground Oman Cricket (Ministry Turf 1),Al Amarat,,Kuwait,field,Kuwait,WINNER,Kuwait won,,,20
1328851,2022-08-22,male,T20,United Arab Emirates,Singapore,Al Amerat Cricket Ground Oman Cricket (Ministry Turf 1),Al Amarat,,Singapore,field,United Arab Emirates,WINNER,United Arab Emirates won,,,20
1328852,2022-08-23,male,T20,Kuwait,Hong Kong,Al Amerat Cricket Ground Oman Cricket (Ministry Turf 1),Al Amarat,,Hong Kong,field,Hong Kong,WINNER,Hong Kong won,,,20
1328853,2022-08-24,male,T20,Singapore,Kuwait,Al Amerat Cricket Ground Oman Cricket (Ministry Turf 1),Al Amarat,,Singapore,bat,Kuwait,WINNER,Kuwait won,,,20
1328854,2022-08-24,male,T20,United Arab Emirates,Hong Kong,Al Amerat Cricket Ground Oman Cricket (Ministry Turf 1),Al Amarat,,Hong Kong,field,Hong Kong,WINNER,Hong Kong won,,,20
1328474,2022-08-25,male,T20,Kenya,Nepal,"Gymkhana Club Ground, Nairobi",Nairobi,,Nepal,field,Nepal,WINNER,Nepal won,,,20
1327270,2022-08-28,male,T20,Pakistan,India,Dubai International Cricket Stadium,Dubai,,India,field,India,WINNER,India won,,,20
1328476,2022-08-28,male,T20,Kenya,Nepal,"Gymkhana Club Ground, Nairobi",Nairobi,,Kenya,bat,Nepal,WINNER,Nepal won,,,20
1328477,2022-08-29,male,T20,Kenya,Nepal,"Gymkhana Club Ground, Nairobi",Nairobi,,Kenya,bat,Kenya,WINNER,Kenya won,,,20
1328478,2022-08-30,male,T20,Nepal,Kenya,"Gymkhana Club Ground, Nairobi",Nairobi,,Nepal,bat,Nepal,WINNER,Nepal won,,,20
1327272,2022-08-31,male,T20,India,Hong Kong,Dubai International Cricket Stadium,Dubai,,Hong Kong,field,India,WINNER,India won,,,20
1327273,2022-09-01,male,T20,Bangladesh,Sri Lanka,Dubai International Cricket Stadium,Dubai,,Sri Lanka,field,Sri Lanka,WINNER,Sri Lanka won,,,20
1327274,2022-09-02,male,T20,Pakistan,Hong Kong,Sharjah Cricket Stadium,Sharjah,,Hong Kong,field,Pakistan,WINNER,Pakistan won,,,20
1327276,2022-09-04,male,T20,India,Pakistan,Dubai International Cricket Stadium,Dubai,,Pakistan,field,Pakistan,WINNER,Pakistan won,,,20
1330807,2022-09-05,female,T20,Scotland,Ireland,"Grange Cricket Club Ground, Raeburn Place, Edinburgh",Edinburgh,,Ireland,field,Ireland,WINNER,Ireland won,,,20
1327277,2022-09-06,male,T20,India,Sri Lanka,Dubai International Cricket Stadium,Dubai,,Sri Lanka,field,Sri Lanka,WINNER,Sri Lanka won,,,20
1330808,2022-09-06,female,T20,Scotland,Ireland,"Grange Cricket Club Ground, Raeburn Place, Edinburgh",Edinburgh,,Ireland,field,Ireland,WINNER,Ireland won,D/L,,20
1327280,2022-09-09,male,T20,Pakistan,Sri Lanka,Dubai International Cricket Stadium,Dubai,,Sri Lanka,field,Sri Lanka,WINNER,Sri Lanka won,,,20
1301334,2022-09-10,female,T20,India,England,"Riverside Ground, Chester-le-Street",Chester-le-Street,,England,field,England,WINNER,England won,,,20
1333920,2022-09-10,male,T20,Cook Islands,Fiji,"Independence Park, Port Vila",Port Vila,,Cook Islands,bat,Fiji,WINNER,Fiji won,,,20
1333921,2022-09-10,male,T20,Samoa,Vanuatu,"Independence Park, Port Vila",Port Vila,,Samoa,bat,Vanuatu,WINNER,Vanuatu won,,,20
1327281,2022-09-11,male,T20,Sri Lanka,Pakistan,Dubai International Cricket Stadium,Dubai,,Pakistan,field,Sri Lanka,WINNER,Sri Lanka won,,,20
1333922,2022-09-11,male,T20,Vanuatu,Cook Islands,"Independence Park, Port Vila",Port Vila,,Vanuatu,bat,Cook Islands,WINNER,Cook Islands won,,,20
1333923,2022-09-11,male,T20,Samoa,Fiji,"Independence Park, Port Vila",Port Vila,,Samoa,bat,Fiji,WINNER,Fiji won,,,20
1329247,2022-09-12,female,T20,Zimbabwe,United Arab Emirates,"ICC Academy, Dubai",Dubai,,Zimbabwe,bat,Zimbabwe,WINNER,Zimbabwe won,,,20
1301335,2022-09-13,female,T20,England,India,"County Ground, Derby",Derby,,England,bat,India,WINNER,India won,,,20
1329250,2022-09-13,female,T20,United States of America,United Arab Emirates,"ICC Academy, Dubai",Dubai,,United States of America,bat,United States of America,WINNER,United States of America won,,,20
1333924,2022-09-13,male,T20,Samoa,Cook Islands,"Independence Park, Port Vila",Port Vila,,Cook Islands,field,Cook Islands,WINNER,Cook Islands won,,,20
1333925,2022-09-13,male,T20,Vanuatu,Fiji,"Independence Park, Port Vila",Port Vila,,Fiji,field,Vanuatu,WINNER,Vanuatu won,,,20
1333926,2022-09-14,male,T20,Samoa,Vanuatu,"Independence Park, Port Vila",Port Vila,,Vanuatu,field,Vanuatu,WINNER,Vanuatu won,,,20
1333927,2022-09-14,male,T20,Fiji,Cook Islands,"Independence Park, Port Vila",Port Vila,,Cook Islands,field,Cook Islands,WINNER,Cook Islands won,,,20
1301336,2022-09-15,female,T20,India,England,"County Ground, Bristol",Bristol,,England,field,England,WINNER,England won,,,20
1332496,2022-09-15,male,T20,Botswana,Uganda,"Willowmoore Park, Benoni",Benoni,,Uganda,field,Uganda,WINNER,Uganda won,,,20
1333928,2022-09-15,male,T20,Fiji,Samoa,"Independence Park, Port Vila",Port Vila,,Samoa,field,Fiji,WINNER,Fiji won,,,20
1333929,2022-09-15,male,T20,Vanuatu,Cook Islands,"Independence Park, Port Vila",Port Vila,,Cook Islands,field,Vanuatu,WINNER,Vanuatu won,D/L,,20
1332498,2022-09-16,male,T20,Ghana,Mozambique,"Willowmoore Park, Benoni",Benoni,,Ghana,bat,Ghana,WINNER,Ghana won,,,20
1332497,2022-09-17,male,T20,Kenya,Tanzania,"Willowmoore Park, Benoni",Benoni,,Kenya,bat,Tanzania,WINNER,Tanzania won,,,20
1331384,2022-09-18,female,T20,United Arab Emirates,Thailand,"Sheikh Zayed Stadium, Abu Dhabi",Abu Dhabi,,United Arab Emirates,bat,Thailand,WINNER,Thailand won,,,20
1331385,2022-09-18,female,T20,Bangladesh,Ireland,"Sheikh Zayed Stadium, Abu Dhabi",Abu Dhabi,,Bangladesh,bat,Bangladesh,WINNER,Bangladesh won,,,20
1331386,2022-09-18,female,T20,Papua New Guinea,Zimbabwe,"Tolerance Oval, Abu Dhabi",Abu Dhabi,,Papua New Guinea,bat,Zimbabwe,WINNER,Zimbabwe won,,,20
1331387,2022-09-18,female,T20,Scotland,United States of America,"Tolerance Oval, Abu Dhabi",Abu Dhabi,,Scotland,bat,Scotland,WINNER,Scotland won,,,20
1332503,2022-09-18,male,T20,Uganda,Mozambique,"Willowmoore Park, Benoni",Benoni,,Uganda,bat,Uganda,WINNER,Uganda won,,,20
1332507,2022-09-18,male,T20,Botswana,Ghana,"Willowmoore Park, Benoni",Benoni,,Ghana,field,Botswana,WINNER,Botswana won,,,20
1331388,2022-09-19,female,T20,Thailand,Zimbabwe,"Sheikh Zayed Stadium, Abu Dhabi",Abu Dhabi,,Thailand,bat,Zimbabwe,WINNER,Zimbabwe won,,,20
1331389,2022-09-19,female,T20,Scotland,Bangladesh,"Sheikh Zayed Stadium, Abu Dhabi",Abu Dhabi,,Scotland,bat,Bangladesh,WINNER,Bangladesh won,,,20
1331390,2022-09-19,female,T20,Papua New Guinea,United Arab Emirates,"Tolerance Oval, Abu Dhabi",Abu Dhabi,,United Arab Emirates,field,Papua New Guinea,WINNER,Papua New Guinea won,,,20
1331391,2022-09-19,female,T20,United States of America,Ireland,"Tolerance Oval, Abu Dhabi",Abu Dhabi,,United States of America,bat,Ireland,WINNER,Ireland won,,,20
1332504,2022-09-19,male,T20,Botswana,Mozambique,"Willowmoore Park, Benoni",Benoni,,Mozambique,field,Botswana,WINNER,Botswana won,,,20
1332506,2022-09-19,male,T20,Cameroon,Kenya,"Willowmoore Park, Benoni",Benoni,,Kenya,field,Kenya,WINNER,Kenya won,,,20
1327228,2022-09-20,male,T20,Pakistan,England,"National Stadium, Karachi",Karachi,,England,field,England,WINNER,England won,,,20
1327503,2022-09-20,male,T20,India,Australia,"Punjab Cricket Association IS Bindra Stadium, Mohali, Chandigarh",Chandigarh,,Australia,field,Australia,WINNER,Australia won,,,20
1332501,2022-09-20,male,T20,Ghana,Uganda,"Willowmoore Park, Benoni",Benoni,,Ghana,bat,Uganda,WINNER,Uganda won,,,20
1332505,2022-09-20,male,T20,Tanzania,Malawi,"Willowmoore Park, Benoni",Benoni,,Malawi,field,Tanzania,WINNER,Tanzania won,,,20
1331392,2022-09-21,female,T20,Bangladesh,United States of America,"Sheikh Zayed Stadium, Abu Dhabi",Abu Dhabi,,Bangladesh,bat,Bangladesh,WINNER,Bangladesh won,,,20
1331394,2022-09-21,female,T20,Ireland,Scotland,"Tolerance Oval, Abu Dhabi",Abu Dhabi,,Ireland,bat,Ireland,WINNER,Ireland won,,,20
1331395,2022-09-21,female,T20,Zimbabwe,United Arab Emirates,"Tolerance Oval, Abu Dhabi",Abu Dhabi,,Zimbabwe,bat,United Arab Emirates,WINNER,United Arab Emirates won,,,20
1332508,2022-09-21,male,T20,Kenya,Uganda,"Willowmoore Park, Benoni",Benoni,,Uganda,field,Uganda,WINNER,Uganda won,D/L,,20
1332509,2022-09-21,male,T20,Botswana,Tanzania,"Willowmoore Park, Benoni",Benoni,,Tanzania,field,Tanzania,WINNER,Tanzania won,,,20
1327229,2022-09-22,male,T20,England,Pakistan,"National Stadium, Karachi",Karachi,,England,bat,Pakistan,WINNER,Pakistan won,,,20
1332510,2022-09-22,male,T20,Tanzania,Uganda,"Willowmoore Park, Benoni",Benoni,,Uganda,field,Uganda,WINNER,Uganda won,,,20
1327230,2022-09-23,male,T20,England,Pakistan,"National Stadium, Karachi",Karachi,,Pakistan,field,England,WINNER,England won,,,20
1327504,2022-09-23,male,T20,Australia,India,"Vidarbha Cricket Association Stadium, Jamtha, Nagpur",Nagpur,,India,field,India,WINNER,India won,,,20
1331396,2022-09-23,female,T20,Ireland,Zimbabwe,"Sheikh Zayed Stadium, Abu Dhabi",Abu Dhabi,,Zimbabwe,field,Ireland,WINNER,Ireland won,,,20
1331397,2022-09-23,female,T20,Scotland,United Arab Emirates,"Tolerance Oval, Abu Dhabi",Abu Dhabi,,United Arab Emirates,field,Scotland,WINNER,Scotland won,,,20
1331398,2022-09-23,female,T20,Bangladesh,Thailand,"Sheikh Zayed Stadium, Abu Dhabi",Abu Dhabi,,Thailand,field,Bangladesh,WINNER,Bangladesh won,,,20
1331399,2022-09-23,female,T20,United States of America,Papua New Guinea,"Tolerance Oval, Abu Dhabi",Abu Dhabi,,Papua New Guinea,field,Papua New Guinea,WINNER,Papua New Guinea won,,,20
1327231,2022-09-25,male,T20,Pakistan,England,"National Stadium, Karachi",Karachi,,England,field,Pakistan,WINNER,Pakistan won,,,20
1327505,2022-09-25,male,T20,Australia,India,"Rajiv Gandhi International Stadium, Uppal, Hyderabad",Hyderabad,,India,field,India,WINNER,India won,,,20
1331400,2022-09-25,female,T20,Zimbabwe,Thailand,"Sheikh Zayed Stadium, Abu Dhabi",Abu Dhabi,,Thailand,field,Zimbabwe,WINNER,Zimbabwe won,,,20
1331401,2022-09-25,female,T20,Bangladesh,Ireland,"Sheikh Zayed Stadium, Abu Dhabi",Abu Dhabi,,Bangladesh,bat,Bangladesh,WINNER,Bangladesh won,,,20
1331402,2022-09-25,female,T20,United States of America,United Arab Emirates,"Tolerance Oval, Abu Dhabi",Abu Dhabi,,United States of America,bat,United Arab Emirates,WINNER,United Arab Emirates won,,,20
1331403,2022-09-25,female,T20,Scotland,Papua New Guinea,"Tolerance Oval, Abu Dhabi",Abu Dhabi,,Scotland,bat,Papua New Guinea,WINNER,Papua New Guinea won,,,20
1336031,2022-09-25,male,T20,Bangladesh,United Arab Emirates,Dubai International Cricket Stadium,Dubai,,United Arab Emirates,field,Bangladesh,WINNER,Bangladesh won,,,20
1336032,2022-09-27,male,T20,Bangladesh,United Arab Emirates,Dubai International Cricket Stadium,Dubai,,United Arab Emirates,field,Bangladesh,WINNER,Bangladesh won,,,20
1327232,2022-09-28,male,T20,Pakistan,England,"Gaddafi Stadium, Lahore",Lahore,,England,field,Pakistan,WINNER,Pakistan won,,,20
1327506,2022-09-28,male,T20,South Africa,India,"Greenfield International Stadium, Thiruvananthapuram",Thiruvananthapuram,,India,field,India,WINNER,India won,,,20
1334415,2022-09-28,female,T20,West Indies,New Zealand,"Sir Vivian Richards Stadium, North Sound, Antigua",North Sound,,New Zealand,field,West Indies,WINNER,West Indies won,,,50
1327233,2022-09-30,male,T20,Pakistan,England,"Gaddafi Stadium, Lahore",Lahore,,England,field,England,WINNER,England won,,,20
1334416,2022-10-01,female,T20,West Indies,New Zealand,"Sir Vivian Richards Stadium, North Sound, Antigua",North Sound,,New Zealand,field,New Zealand,WINNER,New Zealand won,,,50
1335785,2022-10-01,female,T20,Thailand,Bangladesh,"Sylhet International Cricket Stadium, Academy Ground",Sylhet,,Thailand,bat,Bangladesh,WINNER,Bangladesh won,,,20
1335786,2022-10-01,female,T20,India,Sri Lanka,"Sylhet International Cricket Stadium, Academy Ground",Sylhet,,Sri Lanka,field,India,WINNER,India won,,,20
1327234,2022-10-02,male,T20,England,Pakistan,"Gaddafi Stadium, Lahore",Lahore,,Pakistan,field,England,WINNER,England won,,,20
1327507,2022-10-02,male,T20,India,South Africa,"Barsapara Cricket Stadium, Guwahati",Guwahati,,South Africa,field,India,WINNER,India won,,,20
1334417,2022-10-02,female,T20,West Indies,New Zealand,"Sir Vivian Richards Stadium, North Sound, Antigua",North Sound,,New Zealand,field,New Zealand,WINNER,New Zealand won,,,50
1335787,2022-10-02,female,T20,Malaysia,Pakistan,"Sylhet International Cricket Stadium, Academy Ground",Sylhet,,Pakistan,field,Pakistan,WINNER,Pakistan won,,,20
1335788,2022-10-02,female,T20,Sri Lanka,United Arab Emirates,"Sylhet International Cricket Stadium, Academy Ground",Sylhet,,Sri Lanka,bat,Sri Lanka,WINNER,Sri Lanka won,D/L,,20
1335789,2022-10-03,female,T20,Bangladesh,Pakistan,"Sylhet International Cricket Stadium, Academy Ground",Sylhet,,Pakistan,field,Pakistan,WINNER,Pakistan won,,,20
1335790,2022-10-03,female,T20,India,Malaysia,"Sylhet International Cricket Stadium, Academy Ground",Sylhet,,Malaysia,field,India,WINNER,India won,D/L,,20
1327508,2022-10-04,male,T20,South Africa,India,"Holkar Cricket Stadium, Indore",Indore,,India,field,South Africa,WINNER,South Africa won,,,20
1335791,2022-10-04,female,T20,Sri Lanka,Thailand,"Sylhet International Cricket Stadium, Academy Ground",Sylhet,,Sri Lanka,bat,Sri Lanka,WINNER,Sri Lanka won,,,20
1335792,2022-10-04,female,T20,India,United Arab Emirates,"Sylhet International Cricket Stadium, Academy Ground",Sylhet,,India,bat,India,WINNER,India won,,,20
1317482,2022-10-05,male,T20,West Indies,Australia,Carrara Oval,Carrara,,Australia,field,Australia,WINNER,Australia won,,,20
1334418,2022-10-05,female,T20,New Zealand,West Indies,"Sir Vivian Richards Stadium, North Sound, Antigua",North Sound,,West Indies,field,New Zealand,TIED,Tied; New Zealand won via Super Over,,New Zealand,50
1335793,2022-10-05,female,T20,Malaysia,United Arab Emirates,"Sylhet International Cricket Stadium, Academy Ground",Sylhet,,Malaysia,bat,United Arab Emirates,WINNER,United Arab Emirates won,,,20
1334419,2022-10-06,female,T20,West Indies,New Zealand,"Sir Vivian Richards Stadium, North Sound, Antigua",North Sound,,New Zealand,field,New Zealand,WINNER,New Zealand won,,,20
1335794,2022-10-06,female,T20,Pakistan,Thailand,Sylhet International Cricket Stadium,Sylhet,,Pakistan,bat,Thailand,WINNER,Thailand won,,,20
1335795,2022-10-06,female,T20,Bangladesh,Malaysia,Sylhet International Cricket Stadium,Sylhet,,Bangladesh,bat,Bangladesh,WINNER,Bangladesh won,,,20
1317483,2022-10-07,male,T20,Australia,West Indies,"Brisbane Cricket Ground, Woolloongabba, Brisbane",Brisbane,,West Indies,field,Australia,WINNER,Australia won,,,20
1322334,2022-10-07,male,T20,Pakistan,Bangladesh,"Hagley Oval, Christchurch",Christchurch,,Bangladesh,field,Pakistan,WINNER,Pakistan won,,,20
1335796,2022-10-07,female,T20,Thailand,United Arab Emirates,Sylhet International Cricket Stadium,Sylhet,,United Arab Emirates,field,Thailand,WINNER,Thailand won,,,20
1335797,2022-10-07,female,T20,Pakistan,India,Sylhet International Cricket Stadium,Sylhet,,Pakistan,bat,Pakistan,WINNER,Pakistan won,,,20
1322335,2022-10-08,male,T20,New Zealand,Pakistan,"Hagley Oval, Christchurch",Christchurch,,New Zealand,bat,Pakistan,WINNER,Pakistan won,,,20
1335798,2022-10-08,female,T20,Sri Lanka,Malaysia,Sylhet International Cricket Stadium,Sylhet,,Sri Lanka,bat,Sri Lanka,WINNER,Sri Lanka won,,,20
1335799,2022-10-08,female,T20,India,Bangladesh,Sylhet International Cricket Stadium,Sylhet,,India,bat,India,WINNER,India won,,,20
1317486,2022-10-09,male,T20,England,Australia,Perth Stadium,Perth,,Australia,field,England,WINNER,England won,,,20
1322336,2022-10-09,male,T20,Bangladesh,New Zealand,"Hagley Oval, Christchurch",Christchurch,,New Zealand,field,New Zealand,WINNER,New Zealand won,,,20
1335800,2022-10-09,female,T20,Thailand,Malaysia,Sylhet International Cricket Stadium,Sylhet,,Malaysia,field,Thailand,WINNER,Thailand won,,,20
1335801,2022-10-09,female,T20,Pakistan,United Arab Emirates,Sylhet International Cricket Stadium,Sylhet,,United Arab Emirates,field,Pakistan,WINNER,Pakistan won,,,20
1333931,2022-10-10,male,T20,Japan,Indonesia,Sano International Cricket Ground,Sano,,Japan,bat,Japan,WINNER,Japan won,,,20
1335802,2022-10-10,female,T20,Sri Lanka,Bangladesh,Sylhet International Cricket Stadium,Sylhet,,Bangladesh,field,Sri Lanka,WINNER,Sri Lanka won,D/L,,20
1335803,2022-10-10,female,T20,Thailand,India,Sylhet International Cricket Stadium,Sylhet,,India,field,India,WINNER,India won,,,20
1322337,2022-10-11,male,T20,Pakistan,New Zealand,"Hagley Oval, Christchurch",Christchurch,,Pakistan,bat,New Zealand,WINNER,New Zealand won,,,20
1333932,2022-10-11,male,T20,Japan,Indonesia,Sano International Cricket Ground,Sano,,Japan,bat,Indonesia,WINNER,Indonesia won,,,20
1335805,2022-10-11,female,T20,Sri Lanka,Pakistan,Sylhet International Cricket Stadium,Sylhet,,Sri Lanka,bat,Pakistan,WINNER,Pakistan won,,,20
1317487,2022-10-12,male,T20,England,Australia,"Manuka Oval, Canberra",Canberra,,Australia,field,England,WINNER,England won,,,20
1322338,2022-10-12,male,T20,New Zealand,Bangladesh,"Hagley Oval, Christchurch",Christchurch,,Bangladesh,field,New Zealand,WINNER,New Zealand won,,,20
1322339,2022-10-13,male,T20,Bangladesh,Pakistan,"Hagley Oval, Christchurch",Christchurch,,Bangladesh,bat,Pakistan,WINNER,Pakistan won,,,20
1335806,2022-10-13,female,T20,India,Thailand,Sylhet International Cricket Stadium,Sylhet,,Thailand,field,India,WINNER,India won,,,20
1335807,2022-10-13,female,T20,Sri Lanka,Pakistan,Sylhet International Cricket Stadium,Sylhet,,Sri Lanka,bat,Sri Lanka,WINNER,Sri Lanka won,,,20
1317488,2022-10-14,male,T20,England,Australia,"Manuka Oval, Canberra",Canberra,,Australia,field,,NO_RESULT,No result,,,20
1322340,2022-10-14,male,T20,New Zealand,Pakistan,"Hagley Oval, Christchurch",Christchurch,,Pakistan,field,Pakistan,WINNER,Pakistan won,,,20
1335808,2022-10-15,female,T20,Sri Lanka,India,Sylhet International Cricket Stadium,Sylhet,,Sri Lanka,bat,India,WINNER,India won,,,20
1336951,2022-10-15,male,T20,Indonesia,South Korea,Sano International Cricket Ground,Sano,,South Korea,field,Indonesia,WINNER,Indonesia won,,,20
1336952,2022-10-15,male,T20,Japan,South Korea,Sano International Cricket Ground,Sano,,Japan,bat,Japan,WINNER,Japan won,,,20
1298135,2022-10-16,male,T20,Namibia,Sri Lanka,"GMHBA Stadium, South Geelong, Victoria",Geelong,,Sri Lanka,field,Namibia,WINNER,Namibia won,,,20
1298136,2022-10-16,male,T20,United Arab Emirates,Netherlands,"GMHBA Stadium, South Geelong, Victoria",Geelong,,United Arab Emirates,bat,Netherlands,WINNER,Netherlands won,,,20
1336953,2022-10-16,male,T20,Indonesia,Japan,Sano International Cricket Ground,Sano,,Indonesia,bat,Japan,WINNER,Japan won,,,20
1298137,2022-10-17,male,T20,Scotland,West Indies,"Bellerive Oval, Hobart",Hobart,,West Indies,field,Scotland,WINNER,Scotland won,,,20
1298138,2022-10-17,male,T20,Zimbabwe,Ireland,"Bellerive Oval, Hobart",Hobart,,Ireland,field,Zimbabwe,WINNER,Zimbabwe won,,,20
1298139,2022-10-18,male,T20,Namibia,Netherlands,"GMHBA Stadium, South Geelong, Victoria",Geelong,,Namibia,bat,Netherlands,WINNER,Netherlands won,,,20
1298140,2022-10-18,male,T20,Sri Lanka,United Arab Emirates,"GMHBA Stadium, South Geelong, Victoria",Geelong,,United Arab Emirates,field,Sri Lanka,WINNER,Sri Lanka won,,,20
1336955,2022-10-18,male,T20,Japan,Indonesia,Sano International Cricket Ground,Sano,,Japan,bat,Indonesia,WINNER,Indonesia won,,,20
1336956,2022-10-18,male,T20,South Korea,Indonesia,Sano International Cricket Ground,Sano,,South Korea,bat,Indonesia,WINNER,Indonesia won,,,20
1298141,2022-10-19,male,T20,Scotland,Ireland,"Bellerive Oval, Hobart",Hobart,,Scotland,bat,Ireland,WINNER,Ireland won,,,20
1298142,2022-10-19,male,T20,West Indies,Zimbabwe,"Bellerive Oval, Hobart",Hobart,,West Indies,bat,West Indies,WINNER,West Indies won,,,20
1298143,2022-10-20,male,T20,Sri Lanka,Netherlands,"GMHBA Stadium, South Geelong, Victoria",Geelong,,Sri Lanka,bat,Sri Lanka,WINNER,Sri Lanka won,,,20
1298144,2022-10-20,male,T20,United Arab Emirates,Namibia,"GMHBA Stadium, South Geelong, Victoria",Geelong,,United Arab Emirates,bat,United Arab Emirates,WINNER,United Arab Emirates won,,,20
1298145,2022-10-21,male,T20,West Indies,Ireland,"Bellerive Oval, Hobart",Hobart,,West Indies,bat,Ireland,WINNER,Ireland won,,,20
1298146,2022-10-21,male,T20,Scotland,Zimbabwe,"Bellerive Oval, Hobart",Hobart,,Scotland,bat,Zimbabwe,WINNER,Zimbabwe won,,,20
1298147,2022-10-22,male,T20,New Zealand,Australia,Sydney Cricket Ground,Sydney,,Australia,field,New Zealand,WINNER,New Zealand won,,,20
1298149,2022-10-23,male,T20,Ireland,Sri Lanka,"Bellerive Oval, Hobart",Hobart,,Ireland,bat,Sri Lanka,WINNER,Sri Lanka won,,,20
1298150,2022-10-23,male,T20,Pakistan,India,Melbourne Cricket Ground,Melbourne,,India,field,India,WINNER,India won,,,20
1298151,2022-10-24,male,T20,Bangladesh,Netherlands,"Bellerive Oval, Hobart",Hobart,,Netherlands,field,Bangladesh,WINNER,Bangladesh won,,,20
1298152,2022-10-24,male,T20,Zimbabwe,South Africa,"Bellerive Oval, Hobart",Hobart,,Zimbabwe,bat,,NO_RESULT,No result,,,20
1298153,2022-10-25,male,T20,Sri Lanka,Australia,Perth Stadium,Perth,,Australia,field,Australia,WINNER,Australia won,,,20
1298154,2022-10-26,male,T20,Ireland,England,Melbourne Cricket Ground,Melbourne,,England,field,Ireland,WINNER,Ireland won,D/L,,20
1298156,2022-10-27,male,T20,South Africa,Bangladesh,Sydney Cricket Ground,Sydney,,South Africa,bat,South Africa,WINNER,South Africa won,,,20
1298157,2022-10-27,male,T20,India,Netherlands,Sydney Cricket Ground,Sydney,,India,bat,India,WINNER,India won,,,20
1298158,2022-10-27,male,T20,Zimbabwe,Pakistan,Perth Stadium,Perth,,Zimbabwe,bat,Zimbabwe,WINNER,Zimbabwe won,,,20
1336979,2022-10-27,female,T20,Japan,Hong Kong,Kaizuka Cricket Ground,Osaka,,Hong Kong,field,Hong Kong,WINNER,Hong Kong won,,,20
1336980,2022-10-28,female,T20,Japan,Hong Kong,Kaizuka Cricket Ground,Osaka,,Japan,bat,Hong Kong,WINNER,Hong Kong won,,,20
1298161,2022-10-29,male,T20,New Zealand,Sri Lanka,Sydney Cricket Ground,Sydney,,New Zealand,bat,New Zealand,WINNER,New Zealand won,,,20
1336981,2022-10-29,female,T20,Hong Kong,Japan,Kaizuka Cricket Ground,Osaka,,Hong Kong,bat,Hong Kong,WINNER,Hong Kong won,,,20
1298162,2022-10-30,male,T20,Bangladesh,Zimbabwe,"Brisbane Cricket Ground, Woolloongabba, Brisbane",Brisbane,,Bangladesh,bat,Bangladesh,WINNER,Bangladesh won,,,20
1298163,2022-10-30,male,T20,Netherlands,Pakistan,Perth Stadium,Perth,,Netherlands,bat,Pakistan,WINNER,Pakistan won,,,20
1298164,2022-10-30,male,T20,India,South Africa,Perth Stadium,Perth,,India,bat,South Africa,WINNER,South Africa won,,,20
1336982,2022-10-30,female,T20,Hong Kong,Japan,Kaizuka Cricket Ground,Osaka,,Japan,field,Hong Kong,TIED,Tied; Hong Kong won via Super Over,,Hong Kong,20
1298165,2022-10-31,male,T20,Australia,Ireland,"Brisbane Cricket Ground, Woolloongabba, Brisbane",Brisbane,,Ireland,field,Australia,WINNER,Australia won,,,20
1298167,2022-11-01,male,T20,England,New Zealand,"Brisbane Cricket Ground, Woolloongabba, Brisbane",Brisbane,,England,bat,England,WINNER,England won,,,20
1298168,2022-11-02,male,T20,Zimbabwe,Netherlands,Adelaide Oval,Adelaide,,Zimbabwe,bat,Netherlands,WINNER,Netherlands won,,,20
1298169,2022-11-02,male,T20,India,Bangladesh,Adelaide Oval,Adelaide,,Bangladesh,field,India,WINNER,India won,D/L,,20
1298170,2022-11-03,male,T20,Pakistan,South Africa,Sydney Cricket Ground,Sydney,,Pakistan,bat,Pakistan,WINNER,Pakistan won,D/L,,20
1298171,2022-11-04,male,T20,New Zealand,Ireland,Adelaide Oval,Adelaide,,Ireland,field,New Zealand,WINNER,New Zealand won,,,20
1339205,2022-11-04,male,T20,Italy,Germany,"Desert Springs Cricket Ground, Almeria",Almeria,,Italy,bat,Germany,WINNER,Germany won,,,20
1339206,2022-11-04,male,T20,Italy,Germany,"Desert Springs Cricket Ground, Almeria",Almeria,,Italy,bat,Germany,WINNER,Germany won,,,20
1298173,2022-11-05,male,T20,Sri Lanka,England,Sydney Cricket Ground,Sydney,,Sri Lanka,bat,England,WINNER,England won,,,20
1339207,2022-11-05,male,T20,Italy,Spain,"Desert Springs Cricket Ground, Almeria",Almeria,,Italy,bat,Spain,WINNER,Spain won,,,20
1339208,2022-11-05,male,T20,Germany,Spain,"Desert Springs Cricket Ground, Almeria",Almeria,,Spain,field,Germany,WINNER,Germany won,,,20
1298174,2022-11-06,male,T20,Netherlands,South Africa,Adelaide Oval,Adelaide,,South Africa,field,Netherlands,WINNER,Netherlands won,,,20
1298175,2022-11-06,male,T20,Bangladesh,Pakistan,Adelaide Oval,Adelaide,,Bangladesh,bat,Pakistan,WINNER,Pakistan won,,,20
1298176,2022-11-06,male,T20,India,Zimbabwe,Melbourne Cricket Ground,Melbourne,,India,bat,India,WINNER,India won,,,20
1339209,2022-11-06,male,T20,Spain,Germany,"Desert Springs Cricket Ground, Almeria",Almeria,,Germany,field,Spain,WINNER,Spain won,,,20
1339210,2022-11-06,male,T20,Italy,Spain,"Desert Springs Cricket Ground, Almeria",Almeria,,Italy,bat,Italy,WINNER,Italy won,,,20
1298177,2022-11-09,male,T20,New Zealand,Pakistan,Sydney Cricket Ground,Sydney,,New Zealand,bat,Pakistan,WINNER,Pakistan won,,,20
1298178,2022-11-10,male,T20,India,England,Adelaide Oval,Adelaide,,England,field,England,WINNER,England won,,,20
1308236,2022-11-12,female,T20,Pakistan,Ireland,"Gaddafi Stadium, Lahore",Lahore,,Pakistan,bat,Ireland,WINNER,Ireland won,,,20
1298179,2022-11-13,male,T20,Pakistan,England,Melbourne Cricket Ground,Melbourne,,England,field,England,WINNER,England won,,,20
1339555,2022-11-13,female,T20,Spain,Norway,"Desert Springs Cricket Ground, Almeria",Almeria,,Norway,field,Spain,WINNER,Spain won,,,20
1308237,2022-11-14,female,T20,Ireland,Pakistan,"Gaddafi Stadium, Lahore",Lahore,,Pakistan,field,Pakistan,WINNER,Pakistan won,,,20
1339558,2022-11-14,female,T20,Spain,Sweden,"Desert Springs Cricket Ground, Almeria",Almeria,,Sweden,field,Spain,WINNER,Spain won,,,20
1344782,2022-11-14,male,T20,Saudi Arabia,Oman,Al Amerat Cricket Ground Oman Cricket (Ministry Turf 1),Al Amarat,,Saudi Arabia,bat,Oman,WINNER,Oman won,,,20
1344783,2022-11-14,male,T20,Bahrain,Canada,Al Amerat Cricket Ground Oman Cricket (Ministry Turf 1),Al Amarat,,Canada,field,Canada,WINNER,Canada won,,,20
1344784,2022-11-15,male,T20,Canada,Saudi Arabia,Al Amerat Cricket Ground Oman Cricket (Ministry Turf 1),Al Amarat,,Saudi Arabia,field,Canada,WINNER,Canada won,,,20
1344785,2022-11-15,male,T20,Oman,Bahrain,Al Amerat Cricket Ground Oman Cricket (Ministry Turf 1),Al Amarat,,Bahrain,field,Bahrain,WINNER,Bahrain won,,,20
1308238,2022-11-16,female,T20,Ireland,Pakistan,"Gaddafi Stadium, Lahore",Lahore,,Ireland,bat,Ireland,WINNER,Ireland won,,,20
1344786,2022-11-16,male,T20,Bahrain,Saudi Arabia,Al Amerat Cricket Ground Oman Cricket (Ministry Turf 1),Al Amarat,,Saudi Arabia,field,Bahrain,WINNER,Bahrain won,,,20
1344787,2022-11-16,male,T20,Canada,Oman,Al Amerat Cricket Ground Oman Cricket (Ministry Turf 1),Al Amarat,,Oman,field,Canada,WINNER,Canada won,,,20
1343740,2022-11-17,male,T20,Botswana,Rwanda,Gahanga International Cricket Stadium. Rwanda,Kigali City,,Rwanda,field,Rwanda,WINNER,Rwanda won,,,20
1343741,2022-11-17,male,T20,Lesotho,Mali,Integrated Polytechnic Regional Centre,Kigali City,,Mali,field,Lesotho,WINNER,Lesotho won,,,20
1343742,2022-11-17,male,T20,Kenya,St Helena,Gahanga International Cricket Stadium. Rwanda,Kigali City,,St Helena,field,,NO_RESULT,No result,,,20
1343743,2022-11-17,male,T20,Botswana,Seychelles,Integrated Polytechnic Regional Centre,Kigali City,,Seychelles,field,,NO_RESULT,No result,,,20
1344788,2022-11-17,male,T20,Saudi Arabia,Oman,Al Amerat Cricket Ground Oman Cricket (Ministry Turf 1),Al Amarat,,Oman,field,Oman,WINNER,Oman won,,,20
1344789,2022-11-17,male,T20,Canada,Bahrain,Al Amerat Cricket Ground Oman Cricket (Ministry Turf 1),Al Amarat,,Bahrain,field,Bahrain,WINNER,Bahrain won,,,20
1343744,2022-11-18,male,T20,Rwanda,St Helena,Gahanga International Cricket Stadium. Rwanda,Kigali City,,Rwanda,bat,Rwanda,WINNER,Rwanda won,,,20
1343745,2022-11-18,male,T20,Lesotho,Botswana,Integrated Polytechnic Regional Centre,Kigali City,,Botswana,field,Botswana,WINNER,Botswana won,,,20
1343746,2022-11-18,male,T20,Kenya,Malawi,Gahanga International Cricket Stadium. Rwanda,Kigali City,,Kenya,bat,,NO_RESULT,No result,,,20
1343747,2022-11-18,male,T20,Seychelles,Mali,Integrated Polytechnic Regional Centre,Kigali City,,Mali,field,,NO_RESULT,No result,,,20
1344790,2022-11-19,male,T20,Canada,Saudi Arabia,Al Amerat Cricket Ground Oman Cricket (Ministry Turf 1),Al Amarat,,Saudi Arabia,field,Canada,WINNER,Canada won,,,20
1344791,2022-11-19,male,T20,Oman,Bahrain,Al Amerat Cricket Ground Oman Cricket (Ministry Turf 1),Al Amarat,,Bahrain,field,Oman,WINNER,Oman won,,,20
1322276,2022-11-20,male,T20,India,New Zealand,"Bay Oval, Mount Maunganui",Mount Maunganui,,New Zealand,field,India,WINNER,India won,,,20
1343749,2022-11-20,male,T20,Mali,Kenya,Integrated Polytechnic Regional Centre,Kigali City,,Mali,bat,Kenya,WINNER,Kenya won,,,20
1343750,2022-11-20,male,T20,Rwanda,Kenya,Gahanga International Cricket Stadium. Rwanda,Kigali City,,Kenya,field,Kenya,WINNER,Kenya won,,,20
1344792,2022-11-20,male,T20,Oman,Canada,Al Amerat Cricket Ground Oman Cricket (Ministry Turf 1),Al Amarat,,Canada,field,Canada,WINNER,Canada won,,,20
1344793,2022-11-20,male,T20,Bahrain,Saudi Arabia,Al Amerat Cricket Ground Oman Cricket (Ministry Turf 1),Al Amarat,,Bahrain,bat,Saudi Arabia,WINNER,Saudi Arabia won,,,20
1343753,2022-11-21,male,T20,Kenya,Lesotho,Integrated Polytechnic Regional Centre,Kigali City,,Kenya,bat,Kenya,WINNER,Kenya won,,,20
1344794,2022-11-21,male,T20,Saudi Arabia,Bahrain,Al Amerat Cricket Ground Oman Cricket (Ministry Turf 1),Al Amarat,,Bahrain,field,Saudi Arabia,WINNER,Saudi Arabia won,,,20
1344795,2022-11-21,male,T20,Oman,Canada,Al Amerat Cricket Ground Oman Cricket (Ministry Turf 1),Al Amarat,,Canada,field,Canada,WINNER,Canada won,,,20
1322277,2022-11-22,male,T20,New Zealand,India,"McLean Park, Napier",Napier,,New Zealand,bat,,TIED,Match tied,D/L,,20
1343756,2022-11-22,male,T20,Mali,Botswana,Gahanga International Cricket Stadium. Rwanda,Kigali City,,Botswana,field,Botswana,WINNER,Botswana won,,,20
1343757,2022-11-22,male,T20,St Helena,Lesotho,Integrated Polytechnic Regional Centre,Kigali City,,Lesotho,field,St Helena,WINNER,St Helena won,,,20
1343758,2022-11-22,male,T20,Seychelles,Malawi,Gahanga International Cricket Stadium. Rwanda,Kigali City,,Malawi,field,,NO_RESULT,No result,,,20
1343760,2022-11-24,male,T20,St Helena,Malawi,Gahanga International Cricket Stadium. Rwanda,Kigali City,,Malawi,field,Malawi,WINNER,Malawi won,,,20
1343761,2022-11-24,male,T20,Rwanda,Seychelles,Integrated Polytechnic Regional Centre,Kigali City,,Rwanda,bat,Rwanda,WINNER,Rwanda won,,,20
1343762,2022-11-24,male,T20,Botswana,Kenya,Gahanga International Cricket Stadium. Rwanda,Kigali City,,Botswana,bat,Kenya,WINNER,Kenya won,,,20
1343763,2022-11-24,male,T20,Mali,Rwanda,Integrated Polytechnic Regional Centre,Kigali City,,Rwanda,field,Rwanda,WINNER,Rwanda won,,,20
1343764,2022-11-25,male,T20,Seychelles,Kenya,Gahanga International Cricket Stadium. Rwanda,Kigali City,,Seychelles,bat,Kenya,WINNER,Kenya won,D/L,,20
1343767,2022-11-25,male,T20,Rwanda,Lesotho,Integrated Polytechnic Regional Centre,Kigali City,,Rwanda,bat,,NO_RESULT,No result,,,20
1344507,2022-11-29,female,T20,Netherlands,Thailand,Royal Chiangmai Golf Club,Chiang Mai,,Netherlands,bat,Thailand,WINNER,Thailand won,,,20
1344508,2022-11-30,female,T20,Thailand,Netherlands,Royal Chiangmai Golf Club,Chiang Mai,,Thailand,bat,Netherlands,WINNER,Netherlands won,,,20
1343768,2022-12-01,male,T20,Sierra Leone,Tanzania,Gahanga International Cricket Stadium. Rwanda,Kigali City,,Tanzania,field,Tanzania,WINNER,Tanzania won,D/L,,20
1343770,2022-12-01,male,T20,Mozambique,Nigeria,Gahanga International Cricket Stadium. Rwanda,Kigali City,,Nigeria,field,Nigeria,WINNER,Nigeria won,,,20
1343771,2022-12-01,male,T20,Gambia,Eswatini,Integrated Polytechnic Regional Centre,Kigali City,,Eswatini,field,Eswatini,WINNER,Eswatini won,,,20
1343772,2022-12-02,male,T20,Sierra Leone,Nigeria,Gahanga International Cricket Stadium. Rwanda,Kigali City,,Nigeria,field,Nigeria,WINNER,Nigeria won,,,20
1343773,2022-12-02,male,T20,Ghana,Mozambique,Integrated Polytechnic Regional Centre,Kigali City,,Mozambique,field,Mozambique,WINNER,Mozambique won,,,20
1343774,2022-12-02,male,T20,Cameroon,Sierra Leone,Gahanga International Cricket Stadium. Rwanda,Kigali City,,Sierra Leone,field,Sierra Leone,WINNER,Sierra Leone won,,,20
1343775,2022-12-02,male,T20,Eswatini,Mozambique,Integrated Polytechnic Regional Centre,Kigali City,,Mozambique,field,Mozambique,WINNER,Mozambique won,,,20
1344509,2022-12-02,female,T20,Netherlands,Thailand,Royal Chiangmai Golf Club,Chiang Mai,,Thailand,field,Thailand,WINNER,Thailand won,,,20
1344619,2022-12-02,female,T20,New Zealand,Bangladesh,"Hagley Oval, Christchurch",Christchurch,,New Zealand,bat,New Zealand,WINNER,New Zealand won,,,20
1344510,2022-12-03,female,T20,Thailand,Netherlands,Royal Chiangmai Golf Club,Chiang Mai,,Netherlands,field,Thailand,WINNER,Thailand won,,,20
1343776,2022-12-04,male,T20,Cameroon,Mozambique,Gahanga International Cricket Stadium. Rwanda,Kigali City,,Mozambique,field,Mozambique,WINNER,Mozambique won,,,20
1343777,2022-12-04,male,T20,Nigeria,Eswatini,Integrated Polytechnic Regional Centre,Kigali City,,Eswatini,field,Nigeria,WINNER,Nigeria won,,,20
1343778,2022-12-04,male,T20,Ghana,Tanzania,Gahanga International Cricket Stadium. Rwanda,Kigali City,,Tanzania,field,Tanzania,WINNER,Tanzania won,,,20
1344620,2022-12-04,female,T20,New Zealand,Bangladesh,"University Oval, Dunedin",Dunedin,,New Zealand,bat,New Zealand,WINNER,New Zealand won,,,20
1343780,2022-12-05,male,T20,Mozambique,Tanzania,Gahanga International Cricket Stadium. Rwanda,Kigali City,,Tanzania,field,Tanzania,WINNER,Tanzania won,,,20
1343781,2022-12-05,male,T20,Sierra Leone,Eswatini,Integrated Polytechnic Regional Centre,Kigali City,,Eswatini,field,Sierra Leone,WINNER,Sierra Leone won,,,20
1343782,2022-12-05,male,T20,Cameroon,Nigeria,Gahanga International Cricket Stadium. Rwanda,Kigali City,,Nigeria,field,Nigeria,WINNER,Nigeria won,D/L,,20
1343783,2022-12-05,male,T20,Ghana,Sierra Leone,Integrated Polytechnic Regional Centre,Kigali City,,Sierra Leone,field,Sierra Leone,WINNER,Sierra Leone won,D/L,,20
1343784,2022-12-06,male,T20,Tanzania,Eswatini,Gahanga International Cricket Stadium. Rwanda,Kigali City,,Eswatini,field,Tanzania,WINNER,Tanzania won,,,20
1343785,2022-12-06,male,T20,Gambia,Sierra Leone,Integrated Polytechnic Regional Centre,Kigali City,,Sierra Leone,field,Sierra Leone,WINNER,Sierra Leone won,,,20
1343786,2022-12-06,male,T20,Gambia,Tanzania,Gahanga International Cricket Stadium. Rwanda,Kigali City,,Tanzania,field,Tanzania,WINNER,Tanzania won,,,20
1344621,2022-12-07,female,T20,New Zealand,Bangladesh,"John Davies Oval, Queenstown",Queenstown,,New Zealand,bat,New Zealand,WINNER,New Zealand won,,,20
1343788,2022-12-08,male,T20,Ghana,Gambia,Gahanga International Cricket Stadium. Rwanda,Kigali City,,Ghana,bat,Ghana,WINNER,Ghana won,D/L,,20
1343790,2022-12-08,male,T20,Nigeria,Tanzania,Gahanga International Cricket Stadium. Rwanda,Kigali City,,Tanzania,field,,NO_RESULT,No result,,,20
1343791,2022-12-08,male,T20,Mozambique,Gambia,Integrated Polytechnic Regional Centre,Kigali City,,Mozambique,bat,Mozambique,WINNER,Mozambique won,D/L,,20
1343793,2022-12-09,male,T20,Gambia,Cameroon,Integrated Polytechnic Regional Centre,Kigali City,,Gambia,bat,Gambia,WINNER,Gambia won,,,20
1343794,2022-12-09,male,T20,Ghana,Nigeria,Gahanga International Cricket Stadium. Rwanda,Kigali City,,Ghana,bat,Nigeria,WINNER,Nigeria won,,,20
1343795,2022-12-09,male,T20,Tanzania,Cameroon,Integrated Polytechnic Regional Centre,Kigali City,,Tanzania,bat,Tanzania,WINNER,Tanzania won,,,20
1345424,2022-12-09,female,T20,India,Australia,"Dr DY Patil Sports Academy, Mumbai",Navi Mumbai,,Australia,field,Australia,WINNER,Australia won,,,20
1343934,2022-12-11,female,T20,West Indies,England,"Sir Vivian Richards Stadium, North Sound, Antigua",North Sound,,England,field,England,WINNER,England won,,,20
1345425,2022-12-11,female,T20,Australia,India,"Dr DY Patil Sports Academy, Mumbai",Navi Mumbai,,India,field,India,TIED,Tied; India won via Super Over,,India,20
1349124,2022-12-13,male,T20,Tanzania,Rwanda,"Gahanga International Cricket Stadium, Rwanda",Kigali City,,Rwanda,field,Tanzania,WINNER,Tanzania won,,,20
1343935,2022-12-14,female,T20,England,West Indies,"Kensington Oval, Bridgetown, Barbados",Bridgetown,,England,bat,England,WINNER,England won,,,20
1345426,2022-12-14,female,T20,Australia,India,"Brabourne Stadium, Mumbai",Mumbai,,India,field,Australia,WINNER,Australia won,,,20
1349126,2022-12-14,male,T20,Uganda,Rwanda,"Gahanga International Cricket Stadium, Rwanda",Kigali City,,Rwanda,field,Uganda,WINNER,Uganda won,,,20
1349127,2022-12-14,male,T20,Tanzania,Uganda,"Gahanga International Cricket Stadium, Rwanda",Kigali City,,Tanzania,bat,,NO_RESULT,No result,,,20
1346539,2022-12-15,female,T20,Qatar,Kenya,"Gymkhana Club Ground, Nairobi",Nairobi,,Qatar,bat,Kenya,WINNER,Kenya won,,,20
1349128,2022-12-15,male,T20,Uganda,Rwanda,"Gahanga International Cricket Stadium, Rwanda",Kigali City,,Uganda,bat,Uganda,WINNER,Uganda won,,,20
1349129,2022-12-15,male,T20,Uganda,Tanzania,"Gahanga International Cricket Stadium, Rwanda",Kigali City,,Tanzania,field,Uganda,WINNER,Uganda won,,,20
1349379,2022-12-15,male,T20,Singapore,Qatar,"UKM-YSD Cricket Oval, Bangi",Bangi,,Singapore,bat,Qatar,WINNER,Qatar won,,,20
1349131,2022-12-16,male,T20,Rwanda,Tanzania,"Gahanga International Cricket Stadium, Rwanda",Kigali City,,Tanzania,field,Rwanda,WINNER,Rwanda won,D/L,,20
1349380,2022-12-16,male,T20,Qatar,Malaysia,"UKM-YSD Cricket Oval, Bangi",Bangi,,Qatar,bat,Malaysia,WINNER,Malaysia won,,,20
1343936,2022-12-17,female,T20,England,West Indies,"Kensington Oval, Bridgetown, Barbados",Bridgetown,,England,bat,England,WINNER,England won,,,20
1345427,2022-12-17,female,T20,Australia,India,"Brabourne Stadium, Mumbai",Mumbai,,India,field,Australia,WINNER,Australia won,,,20
1343937,2022-12-18,female,T20,England,West Indies,"Kensington Oval, Bridgetown, Barbados",Bridgetown,,England,bat,England,WINNER,England won,,,20
1346543,2022-12-18,female,T20,Kenya,Uganda,"Gymkhana Club Ground, Nairobi",Nairobi,,Uganda,field,Uganda,WINNER,Uganda won,,,20
1349132,2022-12-18,male,T20,Uganda,Tanzania,"Gahanga International Cricket Stadium, Rwanda",Kigali City,,Uganda,bat,Uganda,WINNER,Uganda won,,,20
1349133,2022-12-18,male,T20,Rwanda,Tanzania,"Gahanga International Cricket Stadium, Rwanda",Kigali City,,Rwanda,bat,Tanzania,WINNER,Tanzania won,,,20
1349150,2022-12-18,female,T20,Tanzania,Qatar,"Gymkhana Club Ground, Nairobi",Nairobi,,Tanzania,bat,Tanzania,WINNER,Tanzania won,,,20
1349382,2022-12-18,male,T20,Bahrain,Qatar,"UKM-YSD Cricket Oval, Bangi",Bangi,,Qatar,field,Bahrain,WINNER,Bahrain won,,,20
1349383,2022-12-18,male,T20,Malaysia,Singapore,"UKM-YSD Cricket Oval, Bangi",Bangi,,Malaysia,bat,Malaysia,WINNER,Malaysia won,,,20
1346545,2022-12-19,female,T20,Tanzania,Kenya,"Gymkhana Club Ground, Nairobi",Nairobi,,Tanzania,bat,Kenya,WINNER,Kenya won,,,20
1349134,2022-12-19,male,T20,Uganda,Tanzania,"Gahanga International Cricket Stadium, Rwanda",Kigali City,,Uganda,bat,Tanzania,WINNER,Tanzania won,,,20
1349384,2022-12-19,male,T20,Singapore,Qatar,"UKM-YSD Cricket Oval, Bangi",Bangi,,Qatar,field,Qatar,WINNER,Qatar won,,,20
1349385,2022-12-19,male,T20,Bahrain,Malaysia,"UKM-YSD Cricket Oval, Bangi",Bangi,,Bahrain,bat,Malaysia,WINNER,Malaysia won,,,20
1345428,2022-12-20,female,T20,Australia,India,"Brabourne Stadium, Mumbai",Mumbai,,India,field,Australia,WINNER,Australia won,,,20
1349136,2022-12-20,male,T20,Tanzania,Rwanda,"Gahanga International Cricket Stadium, Rwanda",Kigali City,,Tanzania,bat,Tanzania,WINNER,Tanzania won,,,20
1349137,2022-12-20,male,T20,Rwanda,Uganda,"Gahanga International Cricket Stadium, Rwanda",Kigali City,,Uganda,field,Uganda,WINNER,Uganda won,,,20
1349151,2022-12-21,female,T20,Tanzania,Qatar,"Gymkhana Club Ground, Nairobi",Nairobi,,Tanzania,bat,Tanzania,WINNER,Tanzania won,,,20
1349152,2022-12-21,female,T20,Kenya,Uganda,"Gymkhana Club Ground, Nairobi",Nairobi,,Kenya,bat,Uganda,WINNER,Uganda won,,,20
1349386,2022-12-21,male,T20,Singapore,Bahrain,"UKM-YSD Cricket Oval, Bangi",Bangi,,Bahrain,field,Bahrain,WINNER,Bahrain won,,,20
1349387,2022-12-21,male,T20,Malaysia,Qatar,"UKM-YSD Cricket Oval, Bangi",Bangi,,Malaysia,bat,,NO_RESULT,No result,,,20
1343938,2022-12-22,female,T20,West Indies,England,"Kensington Oval, Bridgetown, Barbados",Bridgetown,,West Indies,bat,England,WINNER,England won,,,20
1349138,2022-12-22,male,T20,Tanzania,Rwanda,"Gahanga International Cricket Stadium, Rwanda",Kigali City,,Rwanda,field,Tanzania,WINNER,Tanzania won,,,20
1349139,2022-12-22,male,T20,Uganda,Tanzania,"Gahanga International Cricket Stadium, Rwanda",Kigali City,,Uganda,bat,Uganda,WINNER,Uganda won,,,20
1349388,2022-12-22,male,T20,Malaysia,Singapore,"UKM-YSD Cricket Oval, Bangi",Bangi,,Malaysia,bat,Malaysia,WINNER,Malaysia won,,,20
1349389,2022-12-22,male,T20,Bahrain,Qatar,"UKM-YSD Cricket Oval, Bangi",Bangi,,Qatar,field,,NO_RESULT,No result,,,20
1349140,2022-12-23,male,T20,Uganda,Rwanda,"Gahanga International Cricket Stadium, Rwanda",Kigali City,,Rwanda,field,Uganda,WINNER,Uganda won,,,20
1349390,2022-12-23,male,T20,Singapore,Qatar,"UKM-YSD Cricket Oval, Bangi",Bangi,,Qatar,field,Qatar,WINNER,Qatar won,,,20
1349391,2022-12-23,male,T20,Malaysia,Bahrain,"UKM-YSD Cricket Oval, Bangi",Bangi,,Malaysia,bat,Bahrain,WINNER,Bahrain won,,,20
1348640,2023-01-03,male,T20,India,Sri Lanka,"Wankhede Stadium, Mumbai",Mumbai,,Sri Lanka,field,India,WINNER,India won,,,20
1348641,2023-01-05,male,T20,Sri Lanka,India,"Maharashtra Cricket Association Stadium, Pune",Pune,,India,field,Sri Lanka,WINNER,Sri Lanka won,,,20
1348642,2023-01-07,male,T20,India,Sri Lanka,"Saurashtra Cricket Association Stadium, Rajkot",Rajkot,,India,bat,India,WINNER,India won,,,20
1348323,2023-01-12,male,T20,Ireland,Zimbabwe,Harare Sports Club,Harare,,Zimbabwe,field,Zimbabwe,WINNER,Zimbabwe won,,,20
1348324,2023-01-14,male,T20,Zimbabwe,Ireland,Harare Sports Club,Harare,,Ireland,field,Ireland,WINNER,Ireland won,,,20
1348325,2023-01-15,male,T20,Ireland,Zimbabwe,Harare Sports Club,Harare,,Zimbabwe,field,Zimbabwe,WINNER,Zimbabwe won,,,20
1344511,2023-01-19,female,T20,India,South Africa,"Buffalo Park, East London",East London,,South Africa,field,India,WINNER,India won,,,20
1344512,2023-01-21,female,T20,South Africa,West Indies,"Buffalo Park, East London",East London,,South Africa,bat,South Africa,WINNER,South Africa won,,,20
1344513,2023-01-23,female,T20,India,West Indies,"Buffalo Park, East London",East London,,India,bat,India,WINNER,India won,,,20
1345095,2023-01-24,female,T20,Pakistan,Australia,"North Sydney Oval, Sydney",Sydney,,Pakistan,bat,Australia,WINNER,Australia won,,,20
1344514,2023-01-25,female,T20,West Indies,South Africa,"Buffalo Park, East London",East London,,West Indies,bat,South Africa,WINNER,South Africa won,,,20
1345096,2023-01-26,female,T20,Pakistan,Australia,"Bellerive Oval, Hobart",Hobart,,Pakistan,bat,Australia,WINNER,Australia won,,,20
1348649,2023-01-27,male,T20,New Zealand,India,"JSCA International Stadium Complex, Ranchi",Ranchi,,India,field,New Zealand,WINNER,New Zealand won,,,20
1344515,2023-01-28,female,T20,India,South Africa,"Buffalo Park, East London",East London,,India,bat,,NO_RESULT,No result,,,20
1348650,2023-01-29,male,T20,New Zealand,India,"Bharat Ratna Shri Atal Bihari Vajpayee Ekana Cricket Stadium, Lucknow",Lucknow,,New Zealand,bat,India,WINNER,India won,,,20
1344516,2023-01-30,female,T20,West Indies,India,"Buffalo Park, East London",East London,,India,field,India,WINNER,India won,,,20
1348651,2023-02-01,male,T20,India,New Zealand,"Narendra Modi Stadium, Ahmedabad",Ahmedabad,,India,bat,India,WINNER,India won,,,20
1344517,2023-02-02,female,T20,India,South Africa,"Buffalo Park, East London",East London,,India,bat,South Africa,WINNER,South Africa won,,,20
1355838,2023-02-09,female,T20,Singapore,Cambodia,Morodok Techo National Stadium,Phnom Penh,,Cambodia,field,Singapore,WINNER,Singapore won,,,20
1338040,2023-02-10,female,T20,Sri Lanka,South Africa,"Newlands, Cape Town",Cape Town,,South Africa,field,Sri Lanka,WINNER,Sri Lanka won,,,20
1355839,2023-02-10,female,T20,Cambodia,Singapore,Morodok Techo National Stadium,Phnom Penh,,Singapore,field,Singapore,WINNER,Singapore won,,,20
1338041,2023-02-11,female,T20,West Indies,England,"Boland Park, Paarl",Paarl,,West Indies,bat,England,WINNER,England won,,,20
1338042,2023-02-11,female,T20,Australia,New Zealand,"Boland Park, Paarl",Paarl,,New Zealand,field,Australia,WINNER,Australia won,,,20
1355840,2023-02-11,female,T20,Cambodia,Singapore,Morodok Techo National Stadium,Phnom Penh,,Singapore,field,Singapore,WINNER,Singapore won,,,20
1338043,2023-02-12,female,T20,Pakistan,India,"Newlands, Cape Town",Cape Town,,Pakistan,bat,India,WINNER,India won,,,20
1338044,2023-02-12,female,T20,Bangladesh,Sri Lanka,"Newlands, Cape Town",Cape Town,,Bangladesh,bat,Sri Lanka,WINNER,Sri Lanka won,,,20
1355841,2023-02-12,female,T20,Cambodia,Singapore,Morodok Techo National Stadium,Phnom Penh,,Singapore,field,Singapore,WINNER,Singapore won,,,20
1338045,2023-02-13,female,T20,Ireland,England,"Boland Park, Paarl",Paarl,,Ireland,bat,England,WINNER,England won,,,20
1338046,2023-02-13,female,T20,South Africa,New Zealand,"Boland Park, Paarl",Paarl,,South Africa,bat,South Africa,WINNER,South Africa won,,,20
1338047,2023-02-14,female,T20,Bangladesh,Australia,"St George's Park, Gqeberha",Gqeberha,,Bangladesh,bat,Australia,WINNER,Australia won,,,20
1338048,2023-02-15,female,T20,West Indies,India,"Newlands, Cape Town",Cape Town,,West Indies,bat,India,WINNER,India won,,,20
1338049,2023-02-15,female,T20,Pakistan,Ireland,"Newlands, Cape Town",Cape Town,,Ireland,field,Pakistan,WINNER,Pakistan won,,,20
1338050,2023-02-16,female,T20,Sri Lanka,Australia,"St George's Park, Gqeberha",Gqeberha,,Australia,field,Australia,WINNER,Australia won,,,20
1338051,2023-02-17,female,T20,New Zealand,Bangladesh,"Newlands, Cape Town",Cape Town,,New Zealand,bat,New Zealand,WINNER,New Zealand won,,,20
1338052,2023-02-17,female,T20,Ireland,West Indies,"Newlands, Cape Town",Cape Town,,Ireland,bat,West Indies,WINNER,West Indies won,,,20
1338053,2023-02-18,female,T20,England,India,"St George's Park, Gqeberha",Gqeberha,,India,field,England,WINNER,England won,,,20
1338054,2023-02-18,female,T20,South Africa,Australia,"St George's Park, Gqeberha",Gqeberha,,Australia,field,Australia,WINNER,Australia won,,,20
1338055,2023-02-19,female,T20,West Indies,Pakistan,"Boland Park, Paarl",Paarl,,West Indies,bat,West Indies,WINNER,West Indies won,,,20
1338056,2023-02-19,female,T20,New Zealand,Sri Lanka,"Boland Park, Paarl",Paarl,,New Zealand,bat,New Zealand,WINNER,New Zealand won,,,20
1338057,2023-02-20,female,T20,India,Ireland,"St George's Park, Gqeberha",Gqeberha,,India,bat,India,WINNER,India won,D/L,,20
1338058,2023-02-21,female,T20,England,Pakistan,"Newlands, Cape Town",Cape Town,,England,bat,England,WINNER,England won,,,20
1338059,2023-02-21,female,T20,Bangladesh,South Africa,"Newlands, Cape Town",Cape Town,,Bangladesh,bat,South Africa,WINNER,South Africa won,,,20
1359786,2023-02-21,male,T20,Argentina,Bermuda,"St Albans Club, Buenos Aires",Buenos Aires,,Argentina,bat,Bermuda,WINNER,Bermuda won,,,20
1359787,2023-02-22,male,T20,Bermuda,Argentina,"Belgrano Athletic Club Ground, Buenos Aires",Buenos Aires,,Argentina,field,Bermuda,WINNER,Bermuda won,,,20
1338060,2023-02-23,female,T20,Australia,India,"Newlands, Cape Town",Cape Town,,Australia,bat,Australia,WINNER,Australia won,,,20
1338061,2023-02-24,female,T20,South Africa,England,"Newlands, Cape Town",Cape Town,,South Africa,bat,South Africa,WINNER,South Africa won,,,20
1354799,2023-02-24,male,T20,Spain,Isle of Man,La Manga Club Bottom Ground,Murcia,,Spain,bat,,NO_RESULT,No result,,,20
1354800,2023-02-25,male,T20,Isle of Man,Spain,La Manga Club Bottom Ground,Murcia,,Isle of Man,bat,Spain,WINNER,Spain won,,,20
1354801,2023-02-25,male,T20,Isle of Man,Spain,La Manga Club Bottom Ground,Murcia,,Isle of Man,bat,Spain,WINNER,Spain won,,,20
1359794,2023-02-25,male,T20,Panama,Argentina,"Hurlingham Club Ground, Buenos Aires",Buenos Aires,,Argentina,field,Panama,WINNER,Panama won,,,20
1359795,2023-02-25,male,T20,Bermuda,Cayman Islands,"St Albans Club, Buenos Aires",Buenos Aires,,Bermuda,bat,Bermuda,WINNER,Bermuda won,,,20
1338062,2023-02-26,female,T20,Australia,South Africa,"Newlands, Cape Town",Cape Town,,Australia,bat,Australia,WINNER,Australia won,,,20
1354802,2023-02-26,male,T20,Isle of Man,Spain,La Manga Club Bottom Ground,Murcia,,Spain,field,Spain,WINNER,Spain won,,,20
1354803,2023-02-26,male,T20,Isle of Man,Spain,La Manga Club Bottom Ground,Murcia,,Spain,field,Spain,WINNER,Spain won,,,20
1359792,2023-02-26,male,T20,Panama,Bahamas,"Hurlingham Club Ground, Buenos Aires",Buenos Aires,,Panama,bat,Bahamas,WINNER,Bahamas won,,,20
1359793,2023-02-26,male,T20,Bermuda,Argentina,"Belgrano Athletic Club Ground, Buenos Aires",Buenos Aires,,Bermuda,bat,Bermuda,WINNER,Bermuda won,,,20
1359788,2023-02-28,male,T20,Cayman Islands,Bahamas,"St Albans Club, Buenos Aires",Buenos Aires,,Cayman Islands,bat,Cayman Islands,WINNER,Cayman Islands won,,,20
1359789,2023-02-28,male,T20,Bermuda,Panama,"Belgrano Athletic Club Ground, Buenos Aires",Buenos Aires,,Bermuda,bat,Bermuda,WINNER,Bermuda won,,,20
1359798,2023-03-02,male,T20,Argentina,Bahamas,"St Albans Club, Buenos Aires",Buenos Aires,,Argentina,bat,Argentina,WINNER,Argentina won,,,20
1359799,2023-03-02,male,T20,Cayman Islands,Panama,"Hurlingham Club Ground, Buenos Aires",Buenos Aires,,Cayman Islands,bat,Cayman Islands,WINNER,Cayman Islands won,,,20
1359800,2023-03-04,male,T20,Bahamas,Bermuda,"Hurlingham Club Ground, Buenos Aires",Buenos Aires,,Bermuda,field,Bermuda,WINNER,Bermuda won,,,20
1359802,2023-03-04,male,T20,Argentina,Cayman Islands,"Belgrano Athletic Club Ground, Buenos Aires",Buenos Aires,,Argentina,bat,Cayman Islands,WINNER,Cayman Islands won,,,20
1361770,2023-03-08,male,T20,Kuwait,Malaysia,"Mission Road Ground, Mong Kok, Hong Kong",Mong Kok,,Malaysia,field,Malaysia,WINNER,Malaysia won,,,20
1361771,2023-03-08,male,T20,Hong Kong,Bahrain,"Mission Road Ground, Mong Kok, Hong Kong",Mong Kok,,Bahrain,field,Hong Kong,WINNER,Hong Kong won,,,20
1351400,2023-03-09,male,T20,England,Bangladesh,"Zahur Ahmed Chowdhury Stadium, Chattogram",Chattogram,,Bangladesh,field,Bangladesh,WINNER,Bangladesh won,,,20
1361772,2023-03-09,male,T20,Malaysia,Bahrain,"Mission Road Ground, Mong Kok, Hong Kong",Mong Kok,,Bahrain,field,Malaysia,WINNER,Malaysia won,,,20
1361773,2023-03-09,male,T20,Hong Kong,Kuwait,"Mission Road Ground, Mong Kok, Hong Kong",Mong Kok,,Kuwait,field,Hong Kong,WINNER,Hong Kong won,,,20
1361774,2023-03-11,male,T20,Kuwait,Bahrain,"Mission Road Ground, Mong Kok, Hong Kong",Mong Kok,,Bahrain,field,Bahrain,WINNER,Bahrain won,,,20
1361775,2023-03-11,male,T20,Malaysia,Hong Kong,"Mission Road Ground, Mong Kok, Hong Kong",Mong Kok,,Hong Kong,field,Hong Kong,WINNER,Hong Kong won,,,20
1351401,2023-03-12,male,T20,England,Bangladesh,"Shere Bangla National Stadium, Mirpur",Dhaka,,Bangladesh,field,Bangladesh,WINNER,Bangladesh won,,,20
1361776,2023-03-12,male,T20,Bahrain,Kuwait,"Mission Road Ground, Mong Kok, Hong Kong",Mong Kok,,Kuwait,field,Kuwait,WINNER,Kuwait won,,,20
1362242,2023-03-12,male,T20,Hong Kong,Malaysia,"Mission Road Ground, Mong Kok, Hong Kong",Mong Kok,,Malaysia,field,Hong Kong,WINNER,Hong Kong won,,,20
1351402,2023-03-14,male,T20,Bangladesh,England,"Shere Bangla National Stadium, Mirpur",Dhaka,,England,field,Bangladesh,WINNER,Bangladesh won,,,20
1339604,2023-03-25,male,T20,South Africa,West Indies,"SuperSport Park, Centurion",Centurion,,West Indies,field,West Indies,WINNER,West Indies won,,,20
1339605,2023-03-26,male,T20,West Indies,South Africa,"SuperSport Park, Centurion",Centurion,,South Africa,field,South Africa,WINNER,South Africa won,,,20
1355720,2023-03-27,male,T20,Bangladesh,Ireland,"Zahur Ahmed Chowdhury Stadium, Chattogram",Chattogram,,Ireland,field,Bangladesh,WINNER,Bangladesh won,D/L,,20
1365310,2023-03-27,female,T20,Rwanda,Ghana,Tafawa Balewa Square (TBS) Cricket Oval,,,Ghana,field,Rwanda,WINNER,Rwanda won,,,20
1339606,2023-03-28,male,T20,West Indies,South Africa,"The Wanderers Stadium, Johannesburg",Johannesburg,,South Africa,field,West Indies,WINNER,West Indies won,,,20
1355721,2023-03-29,male,T20,Bangladesh,Ireland,"Zahur Ahmed Chowdhury Stadium, Chattogram",Chattogram,,Ireland,field,Bangladesh,WINNER,Bangladesh won,,,20
1355722,2023-03-31,male,T20,Bangladesh,Ireland,"Zahur Ahmed Chowdhury Stadium, Chattogram",Chattogram,,Bangladesh,bat,Ireland,WINNER,Ireland won,,,20
1322362,2023-04-02,male,T20,Sri Lanka,New Zealand,"Eden Park, Auckland",Auckland,,New Zealand,field,Sri Lanka,TIED,Tied; Sri Lanka won via Super Over,,Sri Lanka,20
1322363,2023-04-05,male,T20,Sri Lanka,New Zealand,"University Oval, Dunedin",Dunedin,,New Zealand,field,New Zealand,WINNER,New Zealand won,,,20
1322364,2023-04-08,male,T20,Sri Lanka,New Zealand,"John Davies Oval, Queenstown",Queenstown,,New Zealand,field,New Zealand,WINNER,New Zealand won,,,20
1367722,2023-04-10,male,T20,Portugal,Gibraltar,Santarem Cricket Ground,Albergaria,,Portugal,bat,Portugal,WINNER,Portugal won,,,20
1367723,2023-04-11,male,T20,Gibraltar,Portugal,Santarem Cricket Ground,Albergaria,,Gibraltar,bat,Portugal,WINNER,Portugal won,,,20
1367724,2023-04-11,male,T20,Gibraltar,Portugal,Santarem Cricket Ground,Albergaria,,Gibraltar,bat,Portugal,WINNER,Portugal won,,,20
1339614,2023-04-14,male,T20,Pakistan,New Zealand,"Gaddafi Stadium, Lahore",Lahore,,Pakistan,bat,Pakistan,WINNER,Pakistan won,,,20
1339615,2023-04-15,male,T20,Pakistan,New Zealand,"Gaddafi Stadium, Lahore",Lahore,,Pakistan,bat,Pakistan,WINNER,Pakistan won,,,20
1339616,2023-04-17,male,T20,New Zealand,Pakistan,"Gaddafi Stadium, Lahore",Lahore,,New Zealand,bat,New Zealand,WINNER,New Zealand won,,,20
1339617,2023-04-20,male,T20,New Zealand,Pakistan,Rawalpindi Cricket Stadium,Rawalpindi,,Pakistan,field,,NO_RESULT,No result,,,20
1339618,2023-04-24,male,T20,Pakistan,New Zealand,Rawalpindi Cricket Stadium,Rawalpindi,,New Zealand,field,New Zealand,WINNER,New Zealand won,,,20
1365321,2023-04-25,female,T20,Zimbabwe,Thailand,"Terdthai Cricket Ground, Bangkok",Bangkok,,Zimbabwe,bat,Zimbabwe,WINNER,Zimbabwe won,,,20
1370902,2023-04-25,female,T20,United Arab Emirates,Uganda,"United Cricket Club Ground, Windhoek",Windhoek,,Uganda,field,United Arab Emirates,WINNER,United Arab Emirates won,,,20
1370903,2023-04-25,female,T20,Namibia,Hong Kong,"United Cricket Club Ground, Windhoek",Windhoek,,Hong Kong,field,Namibia,WINNER,Namibia won,,,20
1370904,2023-04-26,female,T20,United Arab Emirates,Hong Kong,"United Cricket Club Ground, Windhoek",Windhoek,,Hong Kong,field,Hong Kong,WINNER,Hong Kong won,,,20
1365322,2023-04-27,female,T20,Zimbabwe,Thailand,"Terdthai Cricket Ground, Bangkok",Bangkok,,Zimbabwe,bat,Thailand,WINNER,Thailand won,,,20
1370905,2023-04-27,female,T20,Hong Kong,Uganda,"United Cricket Club Ground, Windhoek",Windhoek,,Hong Kong,bat,Uganda,WINNER,Uganda won,,,20
1370906,2023-04-27,female,T20,United Arab Emirates,Namibia,"United Cricket Club Ground, Windhoek",Windhoek,,Namibia,field,Namibia,WINNER,Namibia won,,,20
1365323,2023-04-28,female,T20,Zimbabwe,Thailand,"Terdthai Cricket Ground, Bangkok",Bangkok,,Zimbabwe,bat,Thailand,WINNER,Thailand won,,,20
1370908,2023-04-29,female,T20,Namibia,Uganda,"United Cricket Club Ground, Windhoek",Windhoek,,Uganda,field,Namibia,WINNER,Namibia won,,,20
1370910,2023-04-30,female,T20,Namibia,United Arab Emirates,"United Cricket Club Ground, Windhoek",Windhoek,,Namibia,bat,Namibia,WINNER,Namibia won,D/L,,20
1370911,2023-05-01,female,T20,United Arab Emirates,Hong Kong,"United Cricket Club Ground, Windhoek",Windhoek,,Hong Kong,field,United Arab Emirates,WINNER,United Arab Emirates won,,,20
1370912,2023-05-01,female,T20,Namibia,Uganda,"United Cricket Club Ground, Windhoek",Windhoek,,Namibia,bat,Uganda,WINNER,Uganda won,,,20
1370914,2023-05-02,female,T20,Uganda,Namibia,"United Cricket Club Ground, Windhoek",Windhoek,,Uganda,bat,Uganda,WINNER,Uganda won,,,20
1367725,2023-05-04,male,T20,Gibraltar,Portugal,Europa Sports Complex,Gibraltar,,Gibraltar,bat,Portugal,WINNER,Portugal won,,,20
1367726,2023-05-04,male,T20,Portugal,Malta,Europa Sports Complex,Gibraltar,,Malta,field,Portugal,WINNER,Portugal won,,,20
1367727,2023-05-05,male,T20,Gibraltar,Malta,Europa Sports Complex,Gibraltar,,Gibraltar,bat,Gibraltar,WINNER,Gibraltar won,,,20
1367729,2023-05-05,male,T20,Portugal,Malta,Europa Sports Complex,Gibraltar,,Portugal,bat,Portugal,WINNER,Portugal won,,,20
1367728,2023-05-06,male,T20,Gibraltar,Portugal,Europa Sports Complex,Gibraltar,,Gibraltar,bat,Portugal,WINNER,Portugal won,,,20
1367730,2023-05-06,male,T20,Gibraltar,Malta,Europa Sports Complex,Gibraltar,,Gibraltar,bat,Gibraltar,WINNER,Gibraltar won,,,20
1367733,2023-05-06,male,T20,Malta,Portugal,Europa Sports Complex,Gibraltar,,Malta,bat,Portugal,WINNER,Portugal won,,,20
1367731,2023-05-07,male,T20,Malta,Gibraltar,Europa Sports Complex,Gibraltar,,Malta,bat,Malta,WINNER,Malta won,,,20
1367732,2023-05-07,male,T20,Gibraltar,Portugal,Europa Sports Complex,Gibraltar,,Gibraltar,bat,Portugal,WINNER,Portugal won,,,20
1371604,2023-05-09,female,T20,Sri Lanka,Bangladesh,"Sinhalese Sports Club Ground, Colombo",Colombo,,Sri Lanka,bat,Bangladesh,WINNER,Bangladesh won,,,20
1371605,2023-05-11,female,T20,Bangladesh,Sri Lanka,"Sinhalese Sports Club Ground, Colombo",Colombo,,Sri Lanka,field,Sri Lanka,WINNER,Sri Lanka won,,,20
1371606,2023-05-12,female,T20,Sri Lanka,Bangladesh,"Sinhalese Sports Club Ground, Colombo",Colombo,,Sri Lanka,bat,Sri Lanka,WINNER,Sri Lanka won,,,20
1370782,2023-05-18,male,T20,Norway,Denmark,"Svanholm Park, Brondby",Brondby,,Norway,bat,Denmark,WINNER,Denmark won,,,20
1370783,2023-05-18,male,T20,Denmark,Finland,"Svanholm Park, Brondby",Brondby,,Denmark,bat,Denmark,WINNER,Denmark won,,,20
1370785,2023-05-19,male,T20,Denmark,Sweden,"Svanholm Park, Brondby",Brondby,,Sweden,field,Sweden,WINNER,Sweden won,,,20
1370787,2023-05-19,male,T20,Finland,Denmark,"Svanholm Park, Brondby",Brondby,,Finland,bat,Denmark,WINNER,Denmark won,,,20
1370790,2023-05-20,male,T20,Finland,Norway,"Solvangs Park, Glostrup",Copenhagen,,Finland,bat,Norway,WINNER,Norway won,,,20
1370791,2023-05-21,male,T20,Sweden,Finland,"Solvangs Park, Glostrup",Copenhagen,,Finland,field,Finland,TIED,Tied; Finland won via Super Over,,Finland,20
1376121,2023-05-29,female,T20,Nepal,Malaysia,"YSD-UKM Cricket Oval, Bangi",Bangi,,Malaysia,field,Malaysia,WINNER,Malaysia won,,,20
1378006,2023-05-29,female,T20,Italy,Jersey,"Grainville, St Saviour, Jersey",St Saviour,,Italy,bat,Jersey,WINNER,Jersey won,,,20
1378007,2023-05-29,female,T20,Turkey,Sweden,"FB Fields, St Clement",St Clement,,Sweden,field,Sweden,WINNER,Sweden won,,,20
1378008,2023-05-29,female,T20,France,Italy,"Grainville, St Saviour, Jersey",St Saviour,,France,bat,Italy,WINNER,Italy won,,,20
1376122,2023-05-30,female,T20,Malaysia,Nepal,"YSD-UKM Cricket Oval, Bangi",Bangi,,Malaysia,bat,Nepal,WINNER,Nepal won,,,20
1378010,2023-05-30,female,T20,Jersey,Germany,"Grainville, St Saviour, Jersey",St Saviour,,Germany,field,Germany,WINNER,Germany won,,,20
1378011,2023-05-30,female,T20,France,Sweden,"FB Fields, St Clement",St Clement,,Sweden,field,France,WINNER,France won,,,20
1378012,2023-05-30,female,T20,Turkey,Jersey,"Grainville, St Saviour, Jersey",St Saviour,,Jersey,field,Jersey,WINNER,Jersey won,,,20
1376123,2023-06-01,female,T20,Nepal,Malaysia,"YSD-UKM Cricket Oval, Bangi",Bangi,,Malaysia,field,Nepal,WINNER,Nepal won,,,20
1378014,2023-06-01,female,T20,Germany,Italy,"Grainville, St Saviour, Jersey",St Saviour,,Italy,field,Italy,WINNER,Italy won,,,20
1378015,2023-06-01,female,T20,France,Turkey,"FB Fields, St Clement",St Clement,,Turkey,field,France,WINNER,France won,,,20
1378016,2023-06-01,female,T20,Sweden,Germany,"Grainville, St Saviour, Jersey",St Saviour,,Germany,field,Germany,WINNER,Germany won,,,20
1378017,2023-06-01,female,T20,France,Jersey,"FB Fields, St Clement",St Clement,,France,bat,France,WINNER,France won,,,20
1378018,2023-06-02,female,T20,Italy,Turkey,"Grainville, St Saviour, Jersey",St Saviour,,Turkey,field,Italy,WINNER,Italy won,,,20
1378019,2023-06-02,female,T20,Jersey,Sweden,"FB Fields, St Clement",St Clement,,Sweden,field,Jersey,WINNER,Jersey won,,,20
1378020,2023-06-02,female,T20,France,Germany,"Grainville, St Saviour, Jersey",St Saviour,,France,bat,France,WINNER,France won,,,20
1376124,2023-06-03,female,T20,Nepal,Malaysia,"YSD-UKM Cricket Oval, Bangi",Bangi,,Nepal,bat,Malaysia,WINNER,Malaysia won,,,20
1376125,2023-06-04,female,T20,Malaysia,Nepal,"YSD-UKM Cricket Oval, Bangi",Bangi,,Nepal,field,Nepal,WINNER,Nepal won,,,20
1379577,2023-06-10,male,T20,Kenya,Uganda,"Gymkhana Club Ground, Nairobi",Nairobi,,Kenya,bat,Kenya,WINNER,Kenya won,,,20
1380583,2023-06-10,male,T20,Belgium,Germany,Bayer Uerdingen Cricket Ground,Krefeld,,Germany,field,Germany,WINNER,Germany won,,,20
1379578,2023-06-11,male,T20,Rwanda,Uganda,"Gymkhana Club Ground, Nairobi",Nairobi,,Rwanda,bat,Uganda,WINNER,Uganda won,,,20
1379580,2023-06-11,male,T20,Botswana,Kenya,"Gymkhana Club Ground, Nairobi",Nairobi,,Botswana,bat,Kenya,WINNER,Kenya won,,,20
1380584,2023-06-11,male,T20,Belgium,Germany,Bayer Uerdingen Cricket Ground,Krefeld,,Germany,field,Germany,WINNER,Germany won,,,20
1380586,2023-06-11,male,T20,Czech Republic,Hungary,"Scott Page Field, Vinor",Prague,,Hungary,field,Czech Republic,TIED,Tied; Czech Republic won via Super Over,,Czech Republic,20
1380587,2023-06-11,male,T20,Hungary,Czech Republic,"Scott Page Field, Vinor",Prague,,Hungary,bat,Czech Republic,WINNER,Czech Republic won,,,20
1379586,2023-06-13,male,T20,Rwanda,Botswana,"Gymkhana Club Ground, Nairobi",Nairobi,,Botswana,field,Rwanda,WINNER,Rwanda won,,,20
1379589,2023-06-13,male,T20,Uganda,Kenya,"Gymkhana Club Ground, Nairobi",Nairobi,,Uganda,bat,Uganda,WINNER,Uganda won,,,20
1379582,2023-06-14,male,T20,Rwanda,Kenya,"Gymkhana Club Ground, Nairobi",Nairobi,,Rwanda,bat,Kenya,WINNER,Kenya won,,,20
1379583,2023-06-14,male,T20,Uganda,Botswana,"Gymkhana Club Ground, Nairobi",Nairobi,,Uganda,bat,Uganda,WINNER,Uganda won,,,20
1379695,2023-06-14,female,T20,Malaysia,United Arab Emirates,"Mission Road Ground, Mong Kok, Hong Kong",Mong Kok,,United Arab Emirates,field,United Arab Emirates,WINNER,United Arab Emirates won,,,20
1379584,2023-06-15,male,T20,Rwanda,Uganda,"Gymkhana Club Ground, Nairobi",Nairobi,,Uganda,field,Uganda,WINNER,Uganda won,,,20
1379590,2023-06-15,male,T20,Botswana,Kenya,"Gymkhana Club Ground, Nairobi",Nairobi,,Botswana,bat,Botswana,WINNER,Botswana won,,,20
1379575,2023-06-17,male,T20,Botswana,Uganda,"Gymkhana Club Ground, Nairobi",Nairobi,,Botswana,bat,Uganda,WINNER,Uganda won,,,20
1379576,2023-06-17,male,T20,Rwanda,Kenya,"Gymkhana Club Ground, Nairobi",Nairobi,,Rwanda,bat,Kenya,WINNER,Kenya won,,,20
1379579,2023-06-18,male,T20,Botswana,Rwanda,"Gymkhana Club Ground, Nairobi",Nairobi,,Botswana,bat,Rwanda,WINNER,Rwanda won,,,20
1379581,2023-06-18,male,T20,Kenya,Uganda,"Gymkhana Club Ground, Nairobi",Nairobi,,Kenya,bat,Uganda,WINNER,Uganda won,,,20
1379585,2023-06-19,male,T20,Botswana,Kenya,"Gymkhana Club Ground, Nairobi",Nairobi,,Botswana,bat,Kenya,WINNER,Kenya won,,,20
1379587,2023-06-19,male,T20,Uganda,Rwanda,"Gymkhana Club Ground, Nairobi",Nairobi,,Uganda,bat,Uganda,WINNER,Uganda won,,,20
1379592,2023-06-21,male,T20,Uganda,Kenya,"Gymkhana Club Ground, Nairobi",Nairobi,,Uganda,bat,Uganda,WINNER,Uganda won,,,20
1381453,2023-06-23,male,T20,Serbia,Turkey,"National Sports Academy, Sofia",Sofia,,Serbia,bat,Serbia,WINNER,Serbia won,,,20
1381454,2023-06-23,male,T20,Croatia,Bulgaria,"National Sports Academy, Sofia",Sofia,,Bulgaria,field,Bulgaria,WINNER,Bulgaria won,,,20
1381455,2023-06-23,male,T20,Bulgaria,Serbia,"National Sports Academy, Sofia",Sofia,,Serbia,field,Serbia,WINNER,Serbia won,,,20
1381456,2023-06-24,male,T20,Croatia,Turkey,"National Sports Academy, Sofia",Sofia,,Croatia,bat,Turkey,WINNER,Turkey won,,,20
1381457,2023-06-24,male,T20,Croatia,Serbia,"National Sports Academy, Sofia",Sofia,,Croatia,bat,Serbia,WINNER,Serbia won,,,20
1381458,2023-06-24,male,T20,Turkey,Bulgaria,"National Sports Academy, Sofia",Sofia,,Bulgaria,field,Bulgaria,WINNER,Bulgaria won,,,20
1381451,2023-06-29,male,T20,Austria,Germany,"Sportpark Het Schootsveld, Deventer",Deventer,,Germany,field,Germany,WINNER,Germany won,,,20
1381452,2023-06-30,male,T20,Austria,Germany,"Sportpark Het Schootsveld, Deventer",Deventer,,Germany,field,Germany,WINNER,Germany won,,,20
1336074,2023-07-01,female,T20,England,Australia,"Edgbaston, Birmingham",Birmingham,,Australia,field,Australia,WINNER,Australia won,,,20
1378194,2023-07-04,female,T20,Ireland,West Indies,"Daren Sammy National Cricket Stadium, Gros Islet, St Lucia",Gros Islet,,West Indies,field,West Indies,WINNER,West Indies won,,,20
1336075,2023-07-05,female,T20,England,Australia,"Kennington Oval, London",London,,Australia,field,England,WINNER,England won,,,20
1378195,2023-07-06,female,T20,Ireland,West Indies,"Daren Sammy National Cricket Stadium, Gros Islet, St Lucia",Gros Islet,,Ireland,bat,West Indies,WINNER,West Indies won,,,20
1336076,2023-07-08,female,T20,Australia,England,"Lord's, London",London,,England,field,England,WINNER,England won,D/L,,20
1378196,2023-07-08,female,T20,Ireland,West Indies,"Daren Sammy National Cricket Stadium, Gros Islet, St Lucia",Gros Islet,,Ireland,bat,West Indies,WINNER,West Indies won,,,20
1379760,2023-07-08,female,T20,Sri Lanka,New Zealand,"P Sara Oval, Colombo",Colombo,,New Zealand,field,New Zealand,WINNER,New Zealand won,,,20
1382163,2023-07-09,female,T20,Bangladesh,India,"Shere Bangla National Stadium, Mirpur",Dhaka,,India,field,India,WINNER,India won,,,20
1379761,2023-07-10,female,T20,Sri Lanka,New Zealand,"P Sara Oval, Colombo",Colombo,,New Zealand,field,New Zealand,WINNER,New Zealand won,,,20
1384545,2023-07-10,female,T20,Scotland,Thailand,"Sportpark Maarschalkerweerd, Utrecht",Utrecht,,Thailand,field,Thailand,WINNER,Thailand won,,,20
1384582,2023-07-10,male,T20,France,Malta,Marsa Sports Club,Marsa,,Malta,field,France,WINNER,France won,,,20
1384583,2023-07-10,male,T20,Malta,France,Marsa Sports Club,Marsa,,Malta,bat,Malta,WINNER,Malta won,,,20
1382164,2023-07-11,female,T20,India,Bangladesh,"Shere Bangla National Stadium, Mirpur",Dhaka,,India,bat,India,WINNER,India won,,,20
1384546,2023-07-11,female,T20,Thailand,Netherlands,"Sportpark Maarschalkerweerd, Utrecht",Utrecht,,Netherlands,field,Netherlands,WINNER,Netherlands won,,,20
1384584,2023-07-11,male,T20,Malta,Luxembourg,Marsa Sports Club,Marsa,,Luxembourg,field,Malta,WINNER,Malta won,,,20
1384585,2023-07-11,male,T20,France,Luxembourg,Marsa Sports Club,Marsa,,France,bat,France,WINNER,France won,,,20
1379762,2023-07-12,female,T20,New Zealand,Sri Lanka,"P Sara Oval, Colombo",Colombo,,Sri Lanka,field,Sri Lanka,WINNER,Sri Lanka won,,,20
1384547,2023-07-12,female,T20,Scotland,Netherlands,"Sportpark Maarschalkerweerd, Utrecht",Utrecht,,Netherlands,field,Scotland,WINNER,Scotland won,,,20
1384586,2023-07-12,male,T20,Malta,Luxembourg,Marsa Sports Club,Marsa,,Malta,bat,Luxembourg,WINNER,Luxembourg won,,,20
1384587,2023-07-12,male,T20,Luxembourg,France,Marsa Sports Club,Marsa,,Luxembourg,bat,France,WINNER,France won,,,20
1384588,2023-07-12,male,T20,France,Malta,Marsa Sports Club,Marsa,,France,bat,France,WINNER,France won,,,20
1382165,2023-07-13,female,T20,India,Bangladesh,"Shere Bangla National Stadium, Mirpur",Dhaka,,India,bat,Bangladesh,WINNER,Bangladesh won,,,20
1384548,2023-07-13,female,T20,Thailand,Scotland,"Sportpark Maarschalkerweerd, Utrecht",Utrecht,,Scotland,field,Scotland,WINNER,Scotland won,,,20
1384589,2023-07-13,male,T20,Luxembourg,Malta,Marsa Sports Club,Marsa,,Malta,field,Malta,WINNER,Malta won,,,20
1384590,2023-07-13,male,T20,Romania,Switzerland,Marsa Sports Club,Marsa,,Switzerland,field,Switzerland,WINNER,Switzerland won,,,20
1384591,2023-07-13,male,T20,France,Romania,Marsa Sports Club,Marsa,,France,bat,France,WINNER,France won,,,20
1384549,2023-07-14,female,T20,Netherlands,Thailand,"Sportpark Maarschalkerweerd, Utrecht",Utrecht,,Thailand,field,Thailand,WINNER,Thailand won,,,20
1384592,2023-07-14,male,T20,Luxembourg,Switzerland,Marsa Sports Club,Marsa,,Switzerland,field,Switzerland,WINNER,Switzerland won,,,20
1384593,2023-07-14,male,T20,Malta,Romania,Marsa Sports Club,Marsa,,Malta,bat,Malta,WINNER,Malta won,,,20
1384594,2023-07-14,male,T20,France,Switzerland,Marsa Sports Club,Marsa,,France,bat,Switzerland,WINNER,Switzerland won,,,20
1384550,2023-07-15,female,T20,Scotland,Netherlands,"Sportpark Maarschalkerweerd, Utrecht",Utrecht,,Netherlands,field,Netherlands,WINNER,Netherlands won,,,20
1384595,2023-07-15,male,T20,Romania,Luxembourg,Marsa Sports Club,Marsa,,Romania,bat,Luxembourg,WINNER,Luxembourg won,,,20
1384596,2023-07-15,male,T20,Malta,Switzerland,Marsa Sports Club,Marsa,,Switzerland,field,Switzerland,WINNER,Switzerland won,,,20
1384597,2023-07-15,male,T20,France,Luxembourg,Marsa Sports Club,Marsa,,France,bat,Luxembourg,WINNER,Luxembourg won,,,20
1384598,2023-07-16,male,T20,France,Malta,Marsa Sports Club,Marsa,,France,bat,Malta,WINNER,Malta won,,,20
1384599,2023-07-16,male,T20,Luxembourg,Romania,Marsa Sports Club,Marsa,,Romania,field,Romania,WINNER,Romania won,,,20
1384600,2023-07-16,male,T20,Malta,Switzerland,Marsa Sports Club,Marsa,,Malta,bat,Switzerland,WINNER,Switzerland won,,,20
1383068,2023-07-20,male,T20,Austria,Jersey,"Grange Cricket Club Ground, Raeburn Place, Edinburgh",Edinburgh,,Jersey,field,Jersey,WINNER,Jersey won,,,20
1383069,2023-07-20,male,T20,Ireland,Italy,"Goldenacre, Edinburgh",Edinburgh,,Italy,field,Ireland,WINNER,Ireland won,,,20
1383070,2023-07-20,male,T20,Scotland,Germany,"Goldenacre, Edinburgh",Edinburgh,,Germany,field,Scotland,WINNER,Scotland won,D/L,,20
1383071,2023-07-21,male,T20,Denmark,Ireland,"Grange Cricket Club Ground, Raeburn Place, Edinburgh",Edinburgh,,Denmark,bat,Ireland,WINNER,Ireland won,,,20
1383072,2023-07-21,male,T20,Austria,Germany,"Goldenacre, Edinburgh",Edinburgh,,Austria,bat,Germany,WINNER,Germany won,,,20
1383073,2023-07-21,male,T20,Scotland,Jersey,"Grange Cricket Club Ground, Raeburn Place, Edinburgh",Edinburgh,,Jersey,field,Scotland,WINNER,Scotland won,,,20
1383089,2023-07-22,male,T20,Japan,Philippines,"Amini Park, Port Moresby",Port Moresby,,Japan,bat,Japan,WINNER,Japan won,,,20
1383090,2023-07-22,male,T20,Vanuatu,Papua New Guinea,"Amini Park, Port Moresby",Port Moresby,,Vanuatu,bat,Papua New Guinea,WINNER,Papua New Guinea won,,,20
1383074,2023-07-23,male,T20,Ireland,Austria,"Grange Cricket Club Ground, Raeburn Place, Edinburgh",Edinburgh,,Austria,field,Ireland,WINNER,Ireland won,,,20
1383075,2023-07-23,male,T20,Italy,Jersey,"Goldenacre, Edinburgh",Edinburgh,,Jersey,field,Italy,WINNER,Italy won,,,20
1383076,2023-07-23,male,T20,Denmark,Germany,"Grange Cricket Club Ground, Raeburn Place, Edinburgh",Edinburgh,,Denmark,bat,Germany,WINNER,Germany won,,,20
1383091,2023-07-23,male,T20,Japan,Vanuatu,"Amini Park, Port Moresby",Port Moresby,,Vanuatu,field,Japan,WINNER,Japan won,,,20
1383077,2023-07-24,male,T20,Scotland,Italy,"Grange Cricket Club Ground, Raeburn Place, Edinburgh",Edinburgh,,Italy,field,Scotland,WINNER,Scotland won,,,20
1383078,2023-07-24,male,T20,Austria,Denmark,"Goldenacre, Edinburgh",Edinburgh,,Denmark,field,Denmark,WINNER,Denmark won,,,20
1383079,2023-07-24,male,T20,Jersey,Ireland,"Goldenacre, Edinburgh",Edinburgh,,Ireland,field,Ireland,WINNER,Ireland won,,,20
1383080,2023-07-25,male,T20,Italy,Denmark,"Grange Cricket Club Ground, Raeburn Place, Edinburgh",Edinburgh,,Denmark,field,Italy,WINNER,Italy won,,,20
1383081,2023-07-25,male,T20,Scotland,Austria,"Goldenacre, Edinburgh",Edinburgh,,Austria,field,Scotland,WINNER,Scotland won,,,20
1383082,2023-07-25,male,T20,Jersey,Germany,"Grange Cricket Club Ground, Raeburn Place, Edinburgh",Edinburgh,,Germany,field,Jersey,WINNER,Jersey won,,,20
1383093,2023-07-25,male,T20,Vanuatu,Philippines,"Amini Park, Port Moresby",Port Moresby,,Vanuatu,bat,Philippines,WINNER,Philippines won,,,20
1383094,2023-07-25,male,T20,Japan,Papua New Guinea,"Amini Park, Port Moresby",Port Moresby,,Japan,bat,Papua New Guinea,WINNER,Papua New Guinea won,,,20
1383095,2023-07-26,male,T20,Papua New Guinea,Vanuatu,"Amini Park, Port Moresby",Port Moresby,,Papua New Guinea,bat,Papua New Guinea,WINNER,Papua New Guinea won,,,20
1383096,2023-07-26,male,T20,Japan,Philippines,"Amini Park, Port Moresby",Port Moresby,,Japan,bat,Japan,WINNER,Japan won,,,20
1383101,2023-07-26,male,T20,China,Malaysia,"Bayuemas Oval, Kuala Lumpur",Kuala Lumpur,,China,bat,Malaysia,WINNER,Malaysia won,,,20
1383102,2023-07-26,male,T20,Bhutan,Myanmar,"Bayuemas Oval, Kuala Lumpur",Kuala Lumpur,,Bhutan,bat,Bhutan,WINNER,Bhutan won,,,20
1383083,2023-07-27,male,T20,Scotland,Denmark,"Grange Cricket Club Ground, Raeburn Place, Edinburgh",Edinburgh,,Denmark,field,Scotland,WINNER,Scotland won,,,20
1383103,2023-07-27,male,T20,China,Thailand,"Bayuemas Oval, Kuala Lumpur",Kuala Lumpur,,Thailand,field,Thailand,WINNER,Thailand won,,,20
1383104,2023-07-27,male,T20,Malaysia,Bhutan,"Bayuemas Oval, Kuala Lumpur",Kuala Lumpur,,Bhutan,field,Malaysia,WINNER,Malaysia won,,,20
1383086,2023-07-28,male,T20,Germany,Italy,"Grange Cricket Club Ground, Raeburn Place, Edinburgh",Edinburgh,,Italy,field,Italy,WINNER,Italy won,,,20
1383087,2023-07-28,male,T20,Jersey,Denmark,"Goldenacre, Edinburgh",Edinburgh,,Denmark,field,Jersey,WINNER,Jersey won,,,20
1383088,2023-07-28,male,T20,Scotland,Ireland,"Grange Cricket Club Ground, Raeburn Place, Edinburgh",Edinburgh,,Ireland,field,Scotland,WINNER,Scotland won,,,20
1383097,2023-07-28,male,T20,Japan,Vanuatu,"Amini Park, Port Moresby",Port Moresby,,Vanuatu,field,Vanuatu,WINNER,Vanuatu won,,,20
1383098,2023-07-28,male,T20,Papua New Guinea,Philippines,"Amini Park, Port Moresby",Port Moresby,,Philippines,field,Papua New Guinea,WINNER,Papua New Guinea won,,,20
1383105,2023-07-28,male,T20,Thailand,Myanmar,"Bayuemas Oval, Kuala Lumpur",Kuala Lumpur,,Myanmar,field,Thailand,WINNER,Thailand won,,,20
1383099,2023-07-29,male,T20,Philippines,Vanuatu,"Amini Park, Port Moresby",Port Moresby,,Philippines,bat,Vanuatu,WINNER,Vanuatu won,,,20
1383100,2023-07-29,male,T20,Japan,Papua New Guinea,"Amini Park, Port Moresby",Port Moresby,,Japan,bat,Papua New Guinea,WINNER,Papua New Guinea won,,,20
1383106,2023-07-30,male,T20,Bhutan,China,"Bayuemas Oval, Kuala Lumpur",Kuala Lumpur,,Bhutan,bat,Bhutan,WINNER,Bhutan won,D/L,,20
1383107,2023-07-30,male,T20,Malaysia,Myanmar,"Bayuemas Oval, Kuala Lumpur",Kuala Lumpur,,Myanmar,field,Malaysia,WINNER,Malaysia won,,,20
1383108,2023-07-31,male,T20,Bhutan,Thailand,"Bayuemas Oval, Kuala Lumpur",Kuala Lumpur,,Thailand,field,Thailand,WINNER,Thailand won,,,20
1383109,2023-07-31,male,T20,Myanmar,China,"Bayuemas Oval, Kuala Lumpur",Kuala Lumpur,,China,field,China,WINNER,China won,,,20
1383110,2023-08-01,male,T20,Thailand,Malaysia,"Bayuemas Oval, Kuala Lumpur",Kuala Lumpur,,Malaysia,field,Malaysia,WINNER,Malaysia won,,,20
1381217,2023-08-03,male,T20,West Indies,India,"Brian Lara Stadium, Tarouba, Trinidad",Tarouba,,West Indies,bat,West Indies,WINNER,West Indies won,,,20
1387944,2023-08-04,female,T20,Greece,Isle of Man,"Moara Vlasiei Cricket Ground, Ilfov County",Ilfov County,,Isle of Man,field,Isle of Man,WINNER,Isle of Man won,,,20
1387945,2023-08-04,female,T20,Malta,Greece,"Moara Vlasiei Cricket Ground, Ilfov County",Ilfov County,,Greece,field,Greece,WINNER,Greece won,,,20
1387946,2023-08-04,female,T20,Romania,Isle of Man,"Moara Vlasiei Cricket Ground, Ilfov County",Ilfov County,,Isle of Man,field,Isle of Man,WINNER,Isle of Man won,,,20
1387947,2023-08-05,female,T20,Greece,Romania,"Moara Vlasiei Cricket Ground, Ilfov County",Ilfov County,,Romania,field,Greece,WINNER,Greece won,,,20
1387948,2023-08-05,female,T20,Malta,Isle of Man,"Moara Vlasiei Cricket Ground, Ilfov County",Ilfov County,,Isle of Man,field,Isle of Man,WINNER,Isle of Man won,,,20
1387949,2023-08-05,female,T20,Romania,Malta,"Moara Vlasiei Cricket Ground, Ilfov County",Ilfov County,,Romania,bat,Romania,WINNER,Romania won,,,20
1390167,2023-08-05,male,T20,Hungary,Croatia,"GB Oval, Szodliget",Szodliget,,Hungary,bat,Hungary,WINNER,Hungary won,,,20
1381218,2023-08-06,male,T20,India,West Indies,"Providence Stadium, Guyana",Providence,,India,bat,West Indies,WINNER,West Indies won,,,20
1387951,2023-08-06,female,T20,Greece,Isle of Man,"Moara Vlasiei Cricket Ground, Ilfov County",Ilfov County,,Isle of Man,field,Isle of Man,WINNER,Isle of Man won,,,20
1390169,2023-08-06,male,T20,Croatia,Hungary,"GB Oval, Szodliget",Szodliget,,Croatia,bat,Hungary,WINNER,Hungary won,,,20
1381219,2023-08-08,male,T20,West Indies,India,"Providence Stadium, Guyana",Providence,,West Indies,bat,India,WINNER,India won,,,20
1381220,2023-08-12,male,T20,West Indies,India,"Central Broward Regional Park Stadium Turf Ground, Lauderhill",Lauderhill,,West Indies,bat,India,WINNER,India won,,,20
1381221,2023-08-13,male,T20,India,West Indies,"Central Broward Regional Park Stadium Turf Ground, Lauderhill",Lauderhill,,India,bat,West Indies,WINNER,West Indies won,,,20
1378200,2023-08-14,female,T20,Netherlands,Ireland,"VRA Ground, Amstelveen",Amstelveen,,Ireland,field,Ireland,WINNER,Ireland won,,,20
1387243,2023-08-14,male,T20,Guernsey,Germany,"Sportpark Het Schootsveld, Deventer",Deventer,,Germany,field,Germany,WINNER,Germany won,,,20
1387244,2023-08-14,male,T20,Germany,Guernsey,"Sportpark Het Schootsveld, Deventer",Deventer,,Germany,bat,Guernsey,WINNER,Guernsey won,,,20
1387245,2023-08-15,male,T20,Guernsey,Germany,"Sportpark Het Schootsveld, Deventer",Deventer,,Guernsey,bat,Guernsey,WINNER,Guernsey won,,,20
1378201,2023-08-16,female,T20,Ireland,Netherlands,"VRA Ground, Amstelveen",Amstelveen,,Netherlands,field,Ireland,WINNER,Ireland won,,,20
1377727,2023-08-17,male,T20,New Zealand,United Arab Emirates,Dubai International Cricket Stadium,Dubai,,United Arab Emirates,field,New Zealand,WINNER,New Zealand won,,,20
1378202,2023-08-17,female,T20,Netherlands,Ireland,"VRA Ground, Amstelveen",Amstelveen,,Netherlands,bat,Ireland,WINNER,Ireland won,,,20
1384634,2023-08-18,male,T20,Ireland,India,"Malahide, Dublin",Dublin,,India,field,India,WINNER,India won,D/L,,20
1391332,2023-08-18,male,T20,Romania,Malta,"Moara Vlasiei Cricket Ground, Ilfov County",Ilfov County,,Romania,bat,Malta,WINNER,Malta won,,,20
1377728,2023-08-19,male,T20,New Zealand,United Arab Emirates,Dubai International Cricket Stadium,Dubai,,United Arab Emirates,field,United Arab Emirates,WINNER,United Arab Emirates won,,,20
1391333,2023-08-19,male,T20,Romania,Malta,"Moara Vlasiei Cricket Ground, Ilfov County",Ilfov County,,Romania,bat,Malta,WINNER,Malta won,,,20
1391335,2023-08-19,male,T20,Malta,Romania,"Moara Vlasiei Cricket Ground, Ilfov County",Ilfov County,,Romania,field,Romania,WINNER,Romania won,,,20
1377729,2023-08-20,male,T20,New Zealand,United Arab Emirates,Dubai International Cricket Stadium,Dubai,,United Arab Emirates,field,New Zealand,WINNER,New Zealand won,,,20
1384637,2023-08-20,male,T20,India,Ireland,"Malahide, Dublin",Dublin,,Ireland,field,India,WINNER,India won,,,20
1391336,2023-08-20,male,T20,Malta,Romania,"Moara Vlasiei Cricket Ground, Ilfov County",Ilfov County,,Romania,field,Romania,WINNER,Romania won,,,20
1391337,2023-08-20,male,T20,Romania,Malta,"Moara Vlasiei Cricket Ground, Ilfov County",Ilfov County,,Malta,field,Romania,WINNER,Romania won,,,20
1393309,2023-08-20,male,T20,Uganda,Rwanda,"Gahanga International Cricket Stadium, Rwanda",Kigali City,,Uganda,bat,Uganda,WINNER,Uganda won,,,20
1393310,2023-08-20,male,T20,Tanzania,Uganda,"Gahanga International Cricket Stadium, Rwanda",Kigali City,,Tanzania,bat,Uganda,WINNER,Uganda won,,,20
1393311,2023-08-21,male,T20,Uganda,Tanzania,"Gahanga International Cricket Stadium, Rwanda",Kigali City,,Uganda,bat,Tanzania,WINNER,Tanzania won,,,20
1393312,2023-08-22,male,T20,Uganda,Rwanda,"Gahanga International Cricket Stadium, Rwanda",Kigali City,,Rwanda,field,Uganda,WINNER,Uganda won,,,20
1393328,2023-08-22,male,T20,Rwanda,Tanzania,"Gahanga International Cricket Stadium, Rwanda",Kigali City,,Tanzania,field,Tanzania,WINNER,Tanzania won,,,20
1393590,2023-08-22,female,T20,Kuwait,Malaysia,"Bayuemas Oval, Kuala Lumpur",Kuala Lumpur,,Malaysia,field,Malaysia,WINNER,Malaysia won,,,20
1393591,2023-08-22,female,T20,Hong Kong,Nepal,"Bayuemas Oval, Kuala Lumpur",Kuala Lumpur,,Nepal,field,Nepal,WINNER,Nepal won,,,20
1393592,2023-08-23,female,T20,Malaysia,Hong Kong,"Bayuemas Oval, Kuala Lumpur",Kuala Lumpur,,Malaysia,bat,Hong Kong,WINNER,Hong Kong won,D/L,,20
1393593,2023-08-23,female,T20,Nepal,Kuwait,"Bayuemas Oval, Kuala Lumpur",Kuala Lumpur,,Kuwait,field,Nepal,WINNER,Nepal won,,,20
1391650,2023-08-24,female,T20,Singapore,Myanmar,"Indian Association Ground, Singapore",Singapore,,Myanmar,field,Myanmar,WINNER,Myanmar won,,,20
1391707,2023-08-24,female,T20,Netherlands,Jersey,"Sportpark Maarschalkerweerd, Utrecht",Utrecht,,Netherlands,bat,Netherlands,WINNER,Netherlands won,,,20
1391708,2023-08-24,female,T20,Netherlands,Jersey,"Sportpark Maarschalkerweerd, Utrecht",Utrecht,,Jersey,field,Netherlands,WINNER,Netherlands won,,,20
1393313,2023-08-24,male,T20,Uganda,Rwanda,"Gahanga International Cricket Stadium, Rwanda",Kigali City,,Rwanda,field,Uganda,WINNER,Uganda won,,,20
1393314,2023-08-24,male,T20,Uganda,Tanzania,"Gahanga International Cricket Stadium, Rwanda",Kigali City,,Tanzania,field,Uganda,WINNER,Uganda won,,,20
1391655,2023-08-25,female,T20,Denmark,Sweden,Tikkurila Cricket Ground,Vantaa,,Sweden,field,Sweden,WINNER,Sweden won,,,20
1391709,2023-08-25,female,T20,Netherlands,Jersey,"Sportpark Maarschalkerweerd, Utrecht",Utrecht,,Jersey,field,,NO_RESULT,No result,,,20
1393315,2023-08-25,male,T20,Rwanda,Tanzania,"Gahanga International Cricket Stadium, Rwanda",Kigali City,,Tanzania,field,Tanzania,WINNER,Tanzania won,,,20
1393329,2023-08-25,male,T20,Uganda,Tanzania,"Gahanga International Cricket Stadium, Rwanda",Kigali City,,Uganda,bat,Uganda,WINNER,Uganda won,,,20
1393594,2023-08-25,female,T20,Hong Kong,Kuwait,"Bayuemas Oval, Kuala Lumpur",Kuala Lumpur,,Kuwait,field,Hong Kong,WINNER,Hong Kong won,,,20
1393595,2023-08-25,female,T20,Nepal,Malaysia,"Bayuemas Oval, Kuala Lumpur",Kuala Lumpur,,Malaysia,field,Malaysia,WINNER,Malaysia won,D/L,,20
1391651,2023-08-26,female,T20,Singapore,Myanmar,"Indian Association Ground, Singapore",Singapore,,Myanmar,field,Myanmar,WINNER,Myanmar won,,,20
1391658,2023-08-26,female,T20,Denmark,Sweden,Kerava National Cricket Ground,Kerava,,Sweden,field,Sweden,WINNER,Sweden won,,,20
1393597,2023-08-26,female,T20,Hong Kong,Nepal,"Bayuemas Oval, Kuala Lumpur",Kuala Lumpur,,Nepal,field,Nepal,WINNER,Nepal won,D/L,,20
1391652,2023-08-27,female,T20,Singapore,Myanmar,Turf City B Cricket Ground,Singapore,,Myanmar,field,Myanmar,WINNER,Myanmar won,,,20
1393316,2023-08-27,male,T20,Rwanda,Uganda,"Gahanga International Cricket Stadium, Rwanda",Kigali City,,Rwanda,bat,Uganda,WINNER,Uganda won,,,20
1393330,2023-08-27,male,T20,Tanzania,Rwanda,"Gahanga International Cricket Stadium, Rwanda",Kigali City,,Rwanda,field,Tanzania,WINNER,Tanzania won,,,20
1393317,2023-08-28,male,T20,Uganda,Tanzania,"Gahanga International Cricket Stadium, Rwanda",Kigali City,,Uganda,bat,Uganda,WINNER,Uganda won,,,20
1393318,2023-08-28,male,T20,Rwanda,Uganda,"Gahanga International Cricket Stadium, Rwanda",Kigali City,,Rwanda,bat,Uganda,WINNER,Uganda won,,,20
1393876,2023-08-28,female,T20,Japan,Vanuatu,Vanuatu Cricket Ground,Port Vila,,Vanuatu,field,Vanuatu,WINNER,Vanuatu won,,,20
1336048,2023-08-30,male,T20,New Zealand,England,"Riverside Ground, Chester-le-Street",Chester-le-Street,,England,field,England,WINNER,England won,,,20
1373568,2023-08-30,male,T20,Australia,South Africa,"Kingsmead, Durban",Durban,,South Africa,field,Australia,WINNER,Australia won,,,20
1393319,2023-08-30,male,T20,Uganda,Tanzania,"Gahanga International Cricket Stadium, Rwanda",Kigali City,,Tanzania,field,Uganda,WINNER,Uganda won,,,20
1393331,2023-08-30,male,T20,Tanzania,Rwanda,"Gahanga International Cricket Stadium, Rwanda",Kigali City,,Rwanda,field,Tanzania,WINNER,Tanzania won,,,20
1393877,2023-08-30,female,T20,Vanuatu,Japan,Vanuatu Cricket Ground,Port Vila,,Japan,field,Vanuatu,WINNER,Vanuatu won,,,20
1336080,2023-08-31,female,T20,England,Sri Lanka,"County Ground, Hove",Brighton,,Sri Lanka,field,England,WINNER,England won,D/L,,20
1393320,2023-08-31,male,T20,Rwanda,Uganda,"Gahanga International Cricket Stadium, Rwanda",Kigali City,,Rwanda,bat,Uganda,WINNER,Uganda won,,,20
1393332,2023-08-31,male,T20,Tanzania,Rwanda,"Gahanga International Cricket Stadium, Rwanda",Kigali City,,Tanzania,bat,Tanzania,WINNER,Tanzania won,,,20
1394751,2023-08-31,female,T20,Nepal,Malaysia,"Bayuemas Oval, Kuala Lumpur",Kuala Lumpur,,Malaysia,field,Nepal,WINNER,Nepal won,,,20
1394752,2023-08-31,female,T20,Qatar,Bahrain,"UKM-YSD Cricket Oval, Bangi",Bangi,,Qatar,bat,Bahrain,WINNER,Bahrain won,,,20
1394753,2023-08-31,female,T20,Bhutan,United Arab Emirates,"Selangor Turf Club, Kuala Lumpur",Kuala Lumpur,,Bhutan,bat,United Arab Emirates,WINNER,United Arab Emirates won,,,20
1394754,2023-08-31,female,T20,Kuwait,China,"Bayuemas Oval, Kuala Lumpur",Kuala Lumpur,,China,field,Kuwait,WINNER,Kuwait won,,,20
1394755,2023-08-31,female,T20,Myanmar,Hong Kong,"UKM-YSD Cricket Oval, Bangi",Bangi,,Hong Kong,field,Hong Kong,WINNER,Hong Kong won,,,20
1336049,2023-09-01,male,T20,England,New Zealand,"Old Trafford, Manchester",Manchester,,England,bat,England,WINNER,England won,,,20
1373569,2023-09-01,male,T20,South Africa,Australia,"Kingsmead, Durban",Durban,,Australia,field,Australia,WINNER,Australia won,,,20
1382160,2023-09-01,female,T20,South Africa,Pakistan,"National Stadium, Karachi",Karachi,,Pakistan,field,Pakistan,WINNER,Pakistan won,,,20
1394757,2023-09-01,female,T20,China,Hong Kong,"Selangor Turf Club, Kuala Lumpur",Kuala Lumpur,,Hong Kong,field,Hong Kong,WINNER,Hong Kong won,,,20
1394758,2023-09-01,female,T20,Qatar,Bhutan,"Bayuemas Oval, Kuala Lumpur",Kuala Lumpur,,Bhutan,field,Bhutan,WINNER,Bhutan won,,,20
1394759,2023-09-01,female,T20,Malaysia,United Arab Emirates,"UKM-YSD Cricket Oval, Bangi",Bangi,,Malaysia,bat,United Arab Emirates,WINNER,United Arab Emirates won,,,20
1394760,2023-09-01,female,T20,Bahrain,Nepal,"Selangor Turf Club, Kuala Lumpur",Kuala Lumpur,,Bahrain,bat,Nepal,WINNER,Nepal won,,,20
1394792,2023-09-01,female,T20,Japan,Cook Islands,Vanuatu Cricket Ground,Port Vila,,Cook Islands,field,Japan,WINNER,Japan won,,,20
1394794,2023-09-01,female,T20,Papua New Guinea,Vanuatu,Vanuatu Cricket Ground,Port Vila,,Papua New Guinea,bat,Vanuatu,WINNER,Vanuatu won,,,20
1394795,2023-09-01,female,T20,Fiji,Samoa,Vanuatu Cricket Ground (Oval 2),Port Vila,,Samoa,field,Fiji,WINNER,Fiji won,,,20
1336081,2023-09-02,female,T20,England,Sri Lanka,"County Ground, Chelmsford",Chelmsford,,Sri Lanka,field,Sri Lanka,WINNER,Sri Lanka won,,,20
1394796,2023-09-02,female,T20,Papua New Guinea,Cook Islands,Vanuatu Cricket Ground,Port Vila,,Cook Islands,field,Papua New Guinea,WINNER,Papua New Guinea won,,,20
1394798,2023-09-02,female,T20,Japan,Samoa,Vanuatu Cricket Ground (Oval 2),Port Vila,,Samoa,field,Japan,WINNER,Japan won,,,20
1394917,2023-09-02,female,T20,Kenya,Botswana,"Botswana Cricket Association Oval 1, Gaborone",Gaborone,,Kenya,bat,Kenya,WINNER,Kenya won,,,20
1394918,2023-09-02,female,T20,Malawi,Lesotho,"Botswana Cricket Association Oval 2, Gaborone",Gaborone,,Lesotho,field,Malawi,WINNER,Malawi won,,,20
1394919,2023-09-02,female,T20,Mozambique,Eswatini,"Botswana Cricket Association Oval 1, Gaborone",Gaborone,,Eswatini,field,Mozambique,WINNER,Mozambique won,,,20
1394920,2023-09-02,female,T20,Cameroon,Sierra Leone,"Botswana Cricket Association Oval 2, Gaborone",Gaborone,,Sierra Leone,field,Sierra Leone,WINNER,Sierra Leone won,,,20
1336050,2023-09-03,male,T20,New Zealand,England,"Edgbaston, Birmingham",Birmingham,,New Zealand,bat,New Zealand,WINNER,New Zealand won,,,20
1373570,2023-09-03,male,T20,South Africa,Australia,"Kingsmead, Durban",Durban,,South Africa,bat,Australia,WINNER,Australia won,,,20
1382161,2023-09-03,female,T20,South Africa,Pakistan,"National Stadium, Karachi",Karachi,,Pakistan,field,Pakistan,WINNER,Pakistan won,,,20
1394761,2023-09-03,female,T20,Malaysia,Bahrain,"Bayuemas Oval, Kuala Lumpur",Kuala Lumpur,,Bahrain,field,Malaysia,WINNER,Malaysia won,,,20
1394762,2023-09-03,female,T20,Bhutan,Nepal,"UKM-YSD Cricket Oval, Bangi",Bangi,,Nepal,field,Nepal,WINNER,Nepal won,,,20
1394763,2023-09-03,female,T20,United Arab Emirates,Qatar,"Selangor Turf Club, Kuala Lumpur",Kuala Lumpur,,United Arab Emirates,bat,United Arab Emirates,WINNER,United Arab Emirates won,,,20
1394764,2023-09-03,female,T20,Kuwait,Hong Kong,"Bayuemas Oval, Kuala Lumpur",Kuala Lumpur,,Hong Kong,field,Hong Kong,WINNER,Hong Kong won,,,20
1394765,2023-09-03,female,T20,China,Thailand,"UKM-YSD Cricket Oval, Bangi",Bangi,,China,bat,Thailand,WINNER,Thailand won,,,20
1394921,2023-09-03,female,T20,Malawi,Kenya,"Botswana Cricket Association Oval 1, Gaborone",Gaborone,,Malawi,bat,Kenya,WINNER,Kenya won,,,20
1394922,2023-09-03,female,T20,Botswana,Lesotho,"Botswana Cricket Association Oval 2, Gaborone",Gaborone,,Botswana,bat,Botswana,WINNER,Botswana won,,,20
1394923,2023-09-03,female,T20,Mozambique,Sierra Leone,"Botswana Cricket Association Oval 1, Gaborone",Gaborone,,Sierra Leone,field,Sierra Leone,WINNER,Sierra Leone won,,,20
1394924,2023-09-03,female,T20,Cameroon,Eswatini,"Botswana Cricket Association Oval 2, Gaborone",Gaborone,,Eswatini,field,Cameroon,WINNER,Cameroon won,,,20
1382162,2023-09-04,female,T20,Pakistan,South Africa,"National Stadium, Karachi",Karachi,,South Africa,field,Pakistan,WINNER,Pakistan won,,,20
1394766,2023-09-04,female,T20,United Arab Emirates,Bahrain,"Bayuemas Oval, Kuala Lumpur",Kuala Lumpur,,Bahrain,field,United Arab Emirates,WINNER,United Arab Emirates won,D/L,,20
1394767,2023-09-04,female,T20,Qatar,Nepal,"UKM-YSD Cricket Oval, Bangi",Bangi,,Nepal,field,Nepal,WINNER,Nepal won,,,20
1394768,2023-09-04,female,T20,Bhutan,Malaysia,"Selangor Turf Club, Kuala Lumpur",Kuala Lumpur,,Malaysia,field,Malaysia,WINNER,Malaysia won,,,20
1394769,2023-09-04,female,T20,Myanmar,China,"UKM-YSD Cricket Oval, Bangi",Bangi,,China,field,China,WINNER,China won,,,20
1394770,2023-09-04,female,T20,Kuwait,Thailand,"Selangor Turf Club, Kuala Lumpur",Kuala Lumpur,,Thailand,field,,NO_RESULT,No result,,,20
1394799,2023-09-04,female,T20,Samoa,Papua New Guinea,Vanuatu Cricket Ground,Port Vila,,Papua New Guinea,field,Papua New Guinea,WINNER,Papua New Guinea won,,,20
1394800,2023-09-04,female,T20,Cook Islands,Vanuatu,Vanuatu Cricket Ground (Oval 2),Port Vila,,Vanuatu,field,Vanuatu,WINNER,Vanuatu won,,,20
1394801,2023-09-04,female,T20,Indonesia,Cook Islands,Vanuatu Cricket Ground,Port Vila,,Indonesia,bat,Indonesia,WINNER,Indonesia won,,,20
1394802,2023-09-04,female,T20,Fiji,Japan,Vanuatu Cricket Ground (Oval 2),Port Vila,,Fiji,bat,Japan,WINNER,Japan won,,,20
1395007,2023-09-04,female,T20,United States of America,Argentina,"Woodley Cricket Field, Los Angeles",Los Angeles,,Argentina,field,United States of America,WINNER,United States of America won,,,20
1395008,2023-09-04,female,T20,Canada,Brazil,"Woodley Cricket Field, Los Angeles",Los Angeles,,Canada,bat,Canada,WINNER,Canada won,,,20
1336051,2023-09-05,male,T20,England,New Zealand,"Trent Bridge, Nottingham",Nottingham,,England,bat,New Zealand,WINNER,New Zealand won,,,20
1394805,2023-09-05,female,T20,Samoa,Indonesia,Vanuatu Cricket Ground (Oval 2),Port Vila,,Indonesia,field,Indonesia,WINNER,Indonesia won,,,20
1394925,2023-09-05,female,T20,Cameroon,Mozambique,"Botswana Cricket Association Oval 1, Gaborone",Gaborone,,Mozambique,field,Cameroon,WINNER,Cameroon won,,,20
1394926,2023-09-05,female,T20,Sierra Leone,Eswatini,"Botswana Cricket Association Oval 2, Gaborone",Gaborone,,Sierra Leone,bat,Sierra Leone,WINNER,Sierra Leone won,,,20
1394927,2023-09-05,female,T20,Botswana,Malawi,"Botswana Cricket Association Oval 1, Gaborone",Gaborone,,Malawi,field,Botswana,WINNER,Botswana won,,,20
1394928,2023-09-05,female,T20,Kenya,Lesotho,"Botswana Cricket Association Oval 2, Gaborone",Gaborone,,Kenya,bat,Kenya,WINNER,Kenya won,,,20
1395009,2023-09-05,female,T20,United States of America,Brazil,"Woodley Cricket Field, Los Angeles",Los Angeles,,Brazil,field,United States of America,WINNER,United States of America won,,,20
1395010,2023-09-05,female,T20,Canada,Argentina,"Woodley Cricket Field, Los Angeles",Los Angeles,,Argentina,field,Canada,WINNER,Canada won,,,20
1336082,2023-09-06,female,T20,England,Sri Lanka,"County Ground, Derby",Derby,,Sri Lanka,field,Sri Lanka,WINNER,Sri Lanka won,,,20
1394774,2023-09-06,female,T20,Kuwait,Myanmar,"Bayuemas Oval, Kuala Lumpur",Kuala Lumpur,,Myanmar,field,Kuwait,WINNER,Kuwait won,,,20
1394775,2023-09-06,female,T20,Thailand,Hong Kong,"UKM-YSD Cricket Oval, Bangi",Bangi,,Hong Kong,field,Thailand,WINNER,Thailand won,,,20
1394929,2023-09-06,female,T20,Botswana,Sierra Leone,"Botswana Cricket Association Oval 1, Gaborone",Gaborone,,Botswana,bat,Botswana,WINNER,Botswana won,,,20
1394930,2023-09-06,female,T20,Kenya,Cameroon,"Botswana Cricket Association Oval 1, Gaborone",Gaborone,,Kenya,bat,Kenya,WINNER,Kenya won,,,20
1395026,2023-09-06,female,T20,France,Netherlands,"Desert Springs Cricket Ground, Almeria",Almeria,,Netherlands,field,Netherlands,WINNER,Netherlands won,,,20
1394797,2023-09-07,female,T20,Vanuatu,Indonesia,Vanuatu Cricket Ground (Oval 2),Port Vila,,Indonesia,field,Vanuatu,WINNER,Vanuatu won,,,20
1394806,2023-09-07,female,T20,Japan,Indonesia,Vanuatu Cricket Ground,Port Vila,,Indonesia,field,Indonesia,WINNER,Indonesia won,,,20
1394807,2023-09-07,female,T20,Fiji,Papua New Guinea,Vanuatu Cricket Ground (Oval 2),Port Vila,,Fiji,bat,Papua New Guinea,WINNER,Papua New Guinea won,,,20
1395011,2023-09-07,female,T20,United States of America,Canada,"Woodley Cricket Field, Los Angeles",Los Angeles,,Canada,field,United States of America,WINNER,United States of America won,,,20
1395012,2023-09-07,female,T20,Brazil,Argentina,"Woodley Cricket Field, Los Angeles",Los Angeles,,Argentina,field,Brazil,WINNER,Brazil won,,,20
1395028,2023-09-07,female,T20,Netherlands,Scotland,"Desert Springs Cricket Ground, Almeria",Almeria,,Scotland,field,Netherlands,WINNER,Netherlands won,,,20
1395029,2023-09-07,female,T20,Italy,France,"Desert Springs Cricket Ground, Almeria",Almeria,,Italy,bat,Italy,WINNER,Italy won,,,20
1394776,2023-09-08,female,T20,United Arab Emirates,Hong Kong,"Bayuemas Oval, Kuala Lumpur",Kuala Lumpur,,United Arab Emirates,bat,United Arab Emirates,WINNER,United Arab Emirates won,,,20
1394777,2023-09-08,female,T20,Thailand,Nepal,"UKM-YSD Cricket Oval, Bangi",Bangi,,Nepal,field,Thailand,WINNER,Thailand won,,,20
1394809,2023-09-08,female,T20,Samoa,Vanuatu,Vanuatu Cricket Ground,Port Vila,,Vanuatu,field,Vanuatu,WINNER,Vanuatu won,,,20
1394810,2023-09-08,female,T20,Fiji,Cook Islands,Vanuatu Cricket Ground (Oval 2),Port Vila,,Cook Islands,field,Cook Islands,WINNER,Cook Islands won,,,20
1394811,2023-09-08,female,T20,Papua New Guinea,Indonesia,Vanuatu Cricket Ground,Port Vila,,Indonesia,field,Papua New Guinea,WINNER,Papua New Guinea won,,,20
1394931,2023-09-08,female,T20,Cameroon,Sierra Leone,"Botswana Cricket Association Oval 1, Gaborone",Gaborone,,Cameroon,bat,Sierra Leone,WINNER,Sierra Leone won,,,20
1394932,2023-09-08,female,T20,Botswana,Kenya,"Botswana Cricket Association Oval 1, Gaborone",Gaborone,,Botswana,bat,Kenya,WINNER,Kenya won,,,20
1395013,2023-09-08,female,T20,Canada,Brazil,"Woodley Cricket Field, Los Angeles",Los Angeles,,Brazil,field,Canada,WINNER,Canada won,,,20
1395014,2023-09-08,female,T20,United States of America,Argentina,"Woodley Cricket Field, Los Angeles",Los Angeles,,Argentina,field,United States of America,WINNER,United States of America won,,,20
1395030,2023-09-08,female,T20,Italy,Netherlands,"Desert Springs Cricket Ground, Almeria",Almeria,,Netherlands,field,Netherlands,WINNER,Netherlands won,,,20
1395031,2023-09-08,female,T20,France,Scotland,"Desert Springs Cricket Ground, Almeria",Almeria,,France,bat,Scotland,WINNER,Scotland won,,,20
1394778,2023-09-09,female,T20,United Arab Emirates,Thailand,"Bayuemas Oval, Kuala Lumpur",Kuala Lumpur,,United Arab Emirates,bat,United Arab Emirates,WINNER,United Arab Emirates won,,,20
1395015,2023-09-10,female,T20,Canada,Argentina,"Woodley Cricket Field, Los Angeles",Los Angeles,,Canada,bat,Canada,WINNER,Canada won,,,20
1395016,2023-09-10,female,T20,Brazil,United States of America,"Woodley Cricket Field, Los Angeles",Los Angeles,,Brazil,bat,United States of America,WINNER,United States of America won,,,20
1395032,2023-09-10,female,T20,Scotland,Italy,"Desert Springs Cricket Ground, Almeria",Almeria,,Scotland,bat,Scotland,WINNER,Scotland won,,,20
1395033,2023-09-10,female,T20,France,Netherlands,"Desert Springs Cricket Ground, Almeria",Almeria,,Netherlands,field,Netherlands,WINNER,Netherlands won,,,20
1395017,2023-09-11,female,T20,Argentina,Brazil,"Woodley Cricket Field, Los Angeles",Los Angeles,,Brazil,field,Brazil,WINNER,Brazil won,,,20
1395018,2023-09-11,female,T20,United States of America,Canada,"Woodley Cricket Field, Los Angeles",Los Angeles,,Canada,field,United States of America,WINNER,United States of America won,,,20
1395035,2023-09-11,female,T20,Scotland,Netherlands,"Desert Springs Cricket Ground, Almeria",Almeria,,Netherlands,field,Scotland,WINNER,Scotland won,,,20
1395036,2023-09-12,female,T20,Scotland,France,"Desert Springs Cricket Ground, Almeria",Almeria,,Scotland,bat,Scotland,WINNER,Scotland won,,,20
1395037,2023-09-12,female,T20,Italy,Netherlands,"Desert Springs Cricket Ground, Almeria",Almeria,,Italy,bat,Netherlands,WINNER,Netherlands won,,,20
1392802,2023-09-15,male,T20,Saudi Arabia,Kuwait,"West End Park International Cricket Stadium, Doha",Doha,,Saudi Arabia,bat,Kuwait,WINNER,Kuwait won,,,20
1392803,2023-09-15,male,T20,Qatar,Bahrain,"West End Park International Cricket Stadium, Doha",Doha,,Bahrain,field,Qatar,WINNER,Qatar won,D/L,,20
1392805,2023-09-16,male,T20,Bahrain,Kuwait,"West End Park International Cricket Stadium, Doha",Doha,,Kuwait,field,Kuwait,WINNER,Kuwait won,,,20
1392808,2023-09-18,male,T20,Qatar,Kuwait,"West End Park International Cricket Stadium, Doha",Doha,,Kuwait,field,Qatar,WINNER,Qatar won,,,20
1392809,2023-09-18,male,T20,Saudi Arabia,Bahrain,"West End Park International Cricket Stadium, Doha",Doha,,Saudi Arabia,bat,Bahrain,WINNER,Bahrain won,,,20
1392811,2023-09-19,male,T20,Bahrain,Oman,"West End Park International Cricket Stadium, Doha",Doha,,Oman,field,Bahrain,WINNER,Bahrain won,,,20
1398295,2023-09-19,male,T20,Malaysia,Hong Kong,"Bayuemas Oval, Kuala Lumpur",Kuala Lumpur,,Hong Kong,field,Malaysia,WINNER,Malaysia won,,,20
1392812,2023-09-20,male,T20,United Arab Emirates,Qatar,"West End Park International Cricket Stadium, Doha",Doha,,United Arab Emirates,bat,United Arab Emirates,WINNER,United Arab Emirates won,,,20
1398296,2023-09-20,male,T20,Malaysia,Papua New Guinea,"Bayuemas Oval, Kuala Lumpur",Kuala Lumpur,,Malaysia,bat,Papua New Guinea,WINNER,Papua New Guinea won,D/L,,20
1399055,2023-09-21,female,T20,India,Malaysia,Zhejiang University of Technology Cricket Field,Hangzhou,,Malaysia,field,,NO_RESULT,No result,,,20
1397437,2023-09-22,male,T20,Bahrain,United Arab Emirates,"West End Park International Cricket Stadium, Doha",Doha,,Bahrain,bat,Bahrain,WINNER,Bahrain won,,,20
1397438,2023-09-22,male,T20,Oman,Kuwait,"West End Park International Cricket Stadium, Doha",Doha,,Oman,bat,Oman,WINNER,Oman won,,,20
1398298,2023-09-22,male,T20,Malaysia,Hong Kong,"Bayuemas Oval, Kuala Lumpur",Kuala Lumpur,,Malaysia,bat,Malaysia,WINNER,Malaysia won,,,20
1399057,2023-09-22,female,T20,Thailand,Sri Lanka,Zhejiang University of Technology Cricket Field,Hangzhou,,Sri Lanka,field,Sri Lanka,WINNER,Sri Lanka won,,,20
1397439,2023-09-23,male,T20,United Arab Emirates,Oman,"West End Park International Cricket Stadium, Doha",Doha,,United Arab Emirates,bat,Oman,WINNER,Oman won,,,20
1398299,2023-09-23,male,T20,Malaysia,Papua New Guinea,"Bayuemas Oval, Kuala Lumpur",Kuala Lumpur,,Malaysia,bat,Papua New Guinea,WINNER,Papua New Guinea won,,,20
1398300,2023-09-24,male,T20,Hong Kong,Papua New Guinea,"Bayuemas Oval, Kuala Lumpur",Kuala Lumpur,,Papua New Guinea,field,Papua New Guinea,WINNER,Papua New Guinea won,,,20
1399059,2023-09-24,female,T20,Bangladesh,India,Zhejiang University of Technology Cricket Field,Hangzhou,,Bangladesh,bat,India,WINNER,India won,,,20
1399060,2023-09-24,female,T20,Pakistan,Sri Lanka,Zhejiang University of Technology Cricket Field,Hangzhou,,Sri Lanka,field,Sri Lanka,WINNER,Sri Lanka won,,,20
1399061,2023-09-25,female,T20,Pakistan,Bangladesh,Zhejiang University of Technology Cricket Field,Hangzhou,,Bangladesh,field,Bangladesh,WINNER,Bangladesh won,,,20
1399062,2023-09-25,female,T20,India,Sri Lanka,Zhejiang University of Technology Cricket Field,Hangzhou,,India,bat,India,WINNER,India won,,,20
1400036,2023-09-26,female,T20,United Arab Emirates,Namibia,Dubai International Cricket Stadium,Dubai,,United Arab Emirates,bat,United Arab Emirates,WINNER,United Arab Emirates won,,,20
1399104,2023-09-27,male,T20,Nepal,Mongolia,Zhejiang University of Technology Cricket Field,Hangzhou,,Mongolia,field,Nepal,WINNER,Nepal won,,,20
1400037,2023-09-27,female,T20,United Arab Emirates,Namibia,Dubai International Cricket Stadium,Dubai,,United Arab Emirates,bat,Namibia,WINNER,Namibia won,,,20
1399138,2023-09-28,male,T20,Qatar,Kuwait,"West End Park International Cricket Stadium, Doha",Doha,,Kuwait,field,Kuwait,WINNER,Kuwait won,,,20
1399140,2023-09-29,male,T20,Maldives,Kuwait,"West End Park International Cricket Stadium, Doha",Doha,,Kuwait,field,Kuwait,WINNER,Kuwait won,,,20
1400038,2023-09-29,female,T20,United Arab Emirates,Namibia,Dubai International Cricket Stadium,Dubai,,Namibia,field,Namibia,WINNER,Namibia won,,,20
1391338,2023-09-30,male,T20,Estonia,Gibraltar,Europa Sports Complex,Gibraltar,,Gibraltar,field,Gibraltar,WINNER,Gibraltar won,,,20
1391339,2023-09-30,male,T20,Gibraltar,Estonia,Europa Sports Complex,Gibraltar,,Estonia,field,Estonia,WINNER,Estonia won,,,20
1399150,2023-09-30,male,T20,Bermuda,Canada,"White Hill Field, Sandys Parish",Hamilton,,Canada,field,Bermuda,WINNER,Bermuda won,,,20
1399151,2023-09-30,male,T20,Panama,Cayman Islands,"White Hill Field, Sandys Parish",Hamilton,,Panama,bat,Cayman Islands,WINNER,Cayman Islands won,,,20
1400039,2023-09-30,female,T20,Namibia,United Arab Emirates,Dubai International Cricket Stadium,Dubai,,United Arab Emirates,field,Namibia,WINNER,Namibia won,,,20
1375863,2023-10-01,female,T20,West Indies,Australia,"North Sydney Oval, Sydney",Sydney,,Australia,field,Australia,WINNER,Australia won,,,20
1399142,2023-10-01,male,T20,Maldives,Qatar,"West End Park International Cricket Stadium, Doha",Doha,,Qatar,field,Qatar,WINNER,Qatar won,,,20
1399143,2023-10-01,male,T20,Kuwait,Saudi Arabia,"West End Park International Cricket Stadium, Doha",Doha,,Kuwait,bat,Saudi Arabia,WINNER,Saudi Arabia won,,,20
1399152,2023-10-01,male,T20,Panama,Bermuda,"White Hill Field, Sandys Parish",Hamilton,,Panama,bat,Bermuda,WINNER,Bermuda won,,,20
1399153,2023-10-01,male,T20,Canada,Cayman Islands,"White Hill Field, Sandys Parish",Hamilton,,Canada,bat,Canada,WINNER,Canada won,,,20
1375864,2023-10-02,female,T20,Australia,West Indies,"North Sydney Oval, Sydney",Sydney,,West Indies,field,West Indies,WINNER,West Indies won,,,20
1399144,2023-10-02,male,T20,Qatar,Kuwait,"West End Park International Cricket Stadium, Doha",Doha,,Kuwait,field,Kuwait,WINNER,Kuwait won,,,20
1399145,2023-10-02,male,T20,Maldives,Saudi Arabia,"West End Park International Cricket Stadium, Doha",Doha,,Maldives,bat,Saudi Arabia,WINNER,Saudi Arabia won,,,20
1400040,2023-10-02,female,T20,United Arab Emirates,Namibia,Dubai International Cricket Stadium,Dubai,,United Arab Emirates,bat,Namibia,WINNER,Namibia won,,,20
1399113,2023-10-03,male,T20,India,Nepal,Zhejiang University of Technology Cricket Field,Hangzhou,,India,bat,India,WINNER,India won,,,20
1399114,2023-10-03,male,T20,Pakistan,Hong Kong,Zhejiang University of Technology Cricket Field,Hangzhou,,Hong Kong,field,Pakistan,WINNER,Pakistan won,,,20
1399154,2023-10-03,male,T20,Canada,Panama,"National Stadium, Hamilton",Hamilton,,Canada,bat,Canada,WINNER,Canada won,,,20
1399155,2023-10-03,male,T20,Bermuda,Cayman Islands,"National Stadium, Hamilton",Hamilton,,Bermuda,bat,Bermuda,WINNER,Bermuda won,,,20
1400041,2023-10-03,female,T20,Namibia,United Arab Emirates,"ICC Academy, Dubai",Dubai,,United Arab Emirates,field,United Arab Emirates,WINNER,United Arab Emirates won,,,20
1399116,2023-10-04,male,T20,Bangladesh,Malaysia,Zhejiang University of Technology Cricket Field,Hangzhou,,Bangladesh,bat,Bangladesh,WINNER,Bangladesh won,,,20
1399146,2023-10-04,male,T20,Maldives,Kuwait,"West End Park International Cricket Stadium, Doha",Doha,,Kuwait,field,Kuwait,WINNER,Kuwait won,,,20
1399156,2023-10-04,male,T20,Canada,Cayman Islands,"National Stadium, Hamilton",Hamilton,,Canada,bat,Canada,WINNER,Canada won,,,20
1399157,2023-10-04,male,T20,Panama,Bermuda,"National Stadium, Hamilton",Hamilton,,Bermuda,field,Bermuda,WINNER,Bermuda won,,,20
1400972,2023-10-04,male,T20,Nigeria,Rwanda,"Tafawa Balewa Square Cricket Oval, Lagos",Lagos,,Nigeria,bat,Nigeria,WINNER,Nigeria won,,,20
1400973,2023-10-04,male,T20,Sierra Leone,Ghana,"Tafawa Balewa Square Cricket Oval, Lagos",Lagos,,Ghana,field,Ghana,WINNER,Ghana won,,,20
1375865,2023-10-05,female,T20,Australia,West Indies,"Allan Border Field, Brisbane",Brisbane,,West Indies,field,Australia,WINNER,Australia won,,,20
1399148,2023-10-05,male,T20,Qatar,Maldives,"West End Park International Cricket Stadium, Doha",Doha,,Maldives,field,Qatar,WINNER,Qatar won,,,20
1399149,2023-10-05,male,T20,Saudi Arabia,Kuwait,"West End Park International Cricket Stadium, Doha",Doha,,Kuwait,field,Kuwait,WINNER,Kuwait won,,,20
1400053,2023-10-05,male,T20,Serbia,Gibraltar,Europa Sports Complex,Gibraltar,,Gibraltar,field,Gibraltar,WINNER,Gibraltar won,,,20
1400054,2023-10-05,male,T20,Serbia,Gibraltar,Europa Sports Complex,Gibraltar,,Serbia,bat,Gibraltar,WINNER,Gibraltar won,,,20
1400974,2023-10-05,male,T20,Nigeria,Sierra Leone,"Tafawa Balewa Square Cricket Oval, Lagos",Lagos,,Sierra Leone,field,Nigeria,WINNER,Nigeria won,,,20
1400975,2023-10-05,male,T20,Rwanda,Ghana,"Tafawa Balewa Square Cricket Oval, Lagos",Lagos,,Rwanda,bat,Ghana,TIED,Tied; Ghana won via Super Over,,Ghana,20
1399117,2023-10-06,male,T20,Bangladesh,India,Zhejiang University of Technology Cricket Field,Hangzhou,,India,field,India,WINNER,India won,,,20
1400976,2023-10-06,male,T20,Nigeria,Ghana,"Tafawa Balewa Square Cricket Oval, Lagos",Lagos,,Ghana,field,Nigeria,WINNER,Nigeria won,,,20
1400977,2023-10-06,male,T20,Rwanda,Sierra Leone,"Tafawa Balewa Square Cricket Oval, Lagos",Lagos,,Rwanda,bat,Rwanda,WINNER,Rwanda won,,,20
1399119,2023-10-07,male,T20,Pakistan,Bangladesh,Zhejiang University of Technology Cricket Field,Hangzhou,,Bangladesh,field,Bangladesh,WINNER,Bangladesh won,D/L,,20
1399161,2023-10-07,male,T20,Canada,Bermuda,"National Stadium, Hamilton",Hamilton,,Canada,bat,Canada,WINNER,Canada won,,,20
1400978,2023-10-07,male,T20,Rwanda,Nigeria,"Tafawa Balewa Square Cricket Oval, Lagos",Lagos,,Nigeria,field,Nigeria,WINNER,Nigeria won,,,20
1392352,2023-10-08,female,T20,New Zealand,South Africa,"Buffalo Park, East London",East London,,South Africa,field,,NO_RESULT,No result,,,20
1400980,2023-10-08,male,T20,Sierra Leone,Nigeria,"Tafawa Balewa Square Cricket Oval, Lagos",Lagos,,Sierra Leone,bat,Nigeria,WINNER,Nigeria won,,,20
1400981,2023-10-08,male,T20,Rwanda,Ghana,"Tafawa Balewa Square Cricket Oval, Lagos",Lagos,,Rwanda,bat,Rwanda,WINNER,Rwanda won,,,20
1400982,2023-10-10,male,T20,Nigeria,Ghana,"Tafawa Balewa Square Cricket Oval, Lagos",Lagos,,Nigeria,bat,Nigeria,WINNER,Nigeria won,,,20
1400983,2023-10-10,male,T20,Sierra Leone,Rwanda,"Tafawa Balewa Square Cricket Oval, Lagos",Lagos,,Sierra Leone,bat,Sierra Leone,WINNER,Sierra Leone won,,,20
1400984,2023-10-11,male,T20,Ghana,Nigeria,"Tafawa Balewa Square Cricket Oval, Lagos",Lagos,,Nigeria,field,Nigeria,WINNER,Nigeria won,,,20
1400985,2023-10-11,male,T20,Sierra Leone,Rwanda,"Tafawa Balewa Square Cricket Oval, Lagos",Lagos,,Sierra Leone,bat,Rwanda,WINNER,Rwanda won,,,20
1400986,2023-10-12,male,T20,Ghana,Rwanda,"Tafawa Balewa Square Cricket Oval, Lagos",Lagos,,Ghana,bat,Rwanda,WINNER,Rwanda won,,,20
1400987,2023-10-12,male,T20,Nigeria,Sierra Leone,"Tafawa Balewa Square Cricket Oval, Lagos",Lagos,,Sierra Leone,field,Nigeria,WINNER,Nigeria won,,,20
1392354,2023-10-14,female,T20,South Africa,New Zealand,"Willowmoore Park, Benoni",Benoni,,New Zealand,field,New Zealand,WINNER,New Zealand won,,,20
1400988,2023-10-14,male,T20,Rwanda,Nigeria,"Tafawa Balewa Square Cricket Oval, Lagos",Lagos,,Nigeria,field,Nigeria,WINNER,Nigeria won,,,20
1400989,2023-10-14,male,T20,Ghana,Sierra Leone,"Tafawa Balewa Square Cricket Oval, Lagos",Lagos,,Sierra Leone,field,Ghana,WINNER,Ghana won,,,20
1402765,2023-10-14,female,T20,Argentina,Chile,San Albano,,,Chile,field,Argentina,WINNER,Argentina won,,,20
1392355,2023-10-15,female,T20,South Africa,New Zealand,"Willowmoore Park, Benoni",Benoni,,New Zealand,field,South Africa,WINNER,South Africa won,,,20
1400055,2023-10-15,male,T20,Gibraltar,Luxembourg,Europa Sports Complex,Gibraltar,,Luxembourg,field,Gibraltar,WINNER,Gibraltar won,,,20
1400056,2023-10-15,male,T20,Luxembourg,Gibraltar,Europa Sports Complex,Gibraltar,,Luxembourg,bat,Luxembourg,WINNER,Luxembourg won,,,20
1400990,2023-10-15,male,T20,Ghana,Sierra Leone,"Tafawa Balewa Square Cricket Oval, Lagos",Lagos,,Ghana,bat,Sierra Leone,WINNER,Sierra Leone won,,,20
1400991,2023-10-15,male,T20,Nigeria,Rwanda,"Tafawa Balewa Square Cricket Oval, Lagos",Lagos,,Nigeria,bat,Nigeria,WINNER,Nigeria won,,,20
1402766,2023-10-15,female,T20,Argentina,Chile,San Albano,,,Argentina,bat,Argentina,WINNER,Argentina won,,,20
1403288,2023-10-18,male,T20,United Arab Emirates,Nepal,Mulpani Cricket Ground,Kathmandu,,Nepal,field,Nepal,WINNER,Nepal won,,,20
1403297,2023-10-18,male,T20,Chile,Mexico,St Georges Quilmes,,,Chile,bat,Mexico,WINNER,Mexico won,,,20
1403289,2023-10-19,male,T20,Hong Kong,Nepal,Mulpani Cricket Ground,Kathmandu,,Nepal,field,Nepal,WINNER,Nepal won,,,20
1403301,2023-10-19,male,T20,Mexico,Argentina,St Georges Quilmes,,,Argentina,field,Argentina,WINNER,Argentina won,,,20
1403305,2023-10-20,male,T20,Chile,Argentina,St Georges Quilmes,,,Chile,bat,Argentina,WINNER,Argentina won,,,20
1403290,2023-10-21,male,T20,Nepal,Hong Kong,Mulpani Cricket Ground,Kathmandu,,Nepal,bat,Nepal,WINNER,Nepal won,,,20
1403291,2023-10-22,male,T20,Hong Kong,United Arab Emirates,Mulpani Cricket Ground,Kathmandu,,United Arab Emirates,field,United Arab Emirates,WINNER,United Arab Emirates won,,,20
1403292,2023-10-23,male,T20,United Arab Emirates,Nepal,Mulpani Cricket Ground,Kathmandu,,Nepal,field,Nepal,WINNER,Nepal won,,,20
1403686,2023-10-23,female,T20,Scotland,Ireland,"Desert Springs Cricket Ground, Almeria",Almeria,,Scotland,bat,Ireland,WINNER,Ireland won,,,20
1403687,2023-10-24,female,T20,Ireland,Scotland,"Desert Springs Cricket Ground, Almeria",Almeria,,Ireland,bat,Scotland,WINNER,Scotland won,,,20
1404390,2023-10-24,male,T20,Zimbabwe,Namibia,"Wanderers Cricket Ground, Windhoek",Windhoek,,Zimbabwe,bat,Namibia,WINNER,Namibia won,,,20
1403293,2023-10-25,male,T20,Hong Kong,United Arab Emirates,Mulpani Cricket Ground,Kathmandu,,Hong Kong,bat,Hong Kong,WINNER,Hong Kong won,,,20
1404391,2023-10-25,male,T20,Namibia,Zimbabwe,"Wanderers Cricket Ground, Windhoek",Windhoek,,Zimbabwe,field,Zimbabwe,WINNER,Zimbabwe won,,,20
1405121,2023-10-25,female,T20,Pakistan,Bangladesh,"Zahur Ahmed Chowdhury Stadium, Chattogram",Chattogram,,Bangladesh,field,Bangladesh,WINNER,Bangladesh won,,,20
1403294,2023-10-27,male,T20,Nepal,United Arab Emirates,"Tribhuvan University International Cricket Ground, Kirtipur",Kirtipur,,United Arab Emirates,field,United Arab Emirates,WINNER,United Arab Emirates won,,,20
1404392,2023-10-27,male,T20,Namibia,Zimbabwe,"United Cricket Club Ground, Windhoek",Windhoek,,Namibia,bat,Zimbabwe,WINNER,Zimbabwe won,,,20
1405122,2023-10-27,female,T20,Bangladesh,Pakistan,"Zahur Ahmed Chowdhury Stadium, Chattogram",Chattogram,,Pakistan,field,Bangladesh,WINNER,Bangladesh won,,,20
1404393,2023-10-29,male,T20,Zimbabwe,Namibia,"United Cricket Club Ground, Windhoek",Windhoek,,Zimbabwe,bat,Namibia,WINNER,Namibia won,,,20
1405123,2023-10-29,female,T20,Pakistan,Bangladesh,"Zahur Ahmed Chowdhury Stadium, Chattogram",Chattogram,,Bangladesh,field,Pakistan,WINNER,Pakistan won,,,20
1404394,2023-10-30,male,T20,Namibia,Zimbabwe,"United Cricket Club Ground, Windhoek",Windhoek,,Zimbabwe,field,Namibia,WINNER,Namibia won,,,20
1405313,2023-10-30,male,T20,Bahrain,United Arab Emirates,Mulpani Cricket Ground,Kathmandu,,United Arab Emirates,field,United Arab Emirates,WINNER,United Arab Emirates won,,,20
1405314,2023-10-30,male,T20,Singapore,Nepal,"Tribhuvan University International Cricket Ground, Kirtipur",Kirtipur,,Singapore,bat,Nepal,WINNER,Nepal won,,,20
1405315,2023-10-30,male,T20,Oman,Malaysia,"Tribhuvan University International Cricket Ground, Kirtipur",Kirtipur,,Oman,bat,Oman,WINNER,Oman won,,,20
1405316,2023-10-30,male,T20,Hong Kong,Kuwait,Mulpani Cricket Ground,Kathmandu,,Kuwait,field,Hong Kong,WINNER,Hong Kong won,,,20
1405317,2023-10-31,male,T20,Oman,Singapore,"Tribhuvan University International Cricket Ground, Kirtipur",Kirtipur,,Singapore,field,Oman,WINNER,Oman won,,,20
1405318,2023-10-31,male,T20,Bahrain,Hong Kong,Mulpani Cricket Ground,Kathmandu,,Hong Kong,field,Bahrain,WINNER,Bahrain won,,,20
1405319,2023-10-31,male,T20,Malaysia,Nepal,"Tribhuvan University International Cricket Ground, Kirtipur",Kirtipur,,Malaysia,bat,Nepal,WINNER,Nepal won,,,20
1405320,2023-10-31,male,T20,Kuwait,United Arab Emirates,Mulpani Cricket Ground,Kathmandu,,Kuwait,bat,United Arab Emirates,WINNER,United Arab Emirates won,,,20
1405321,2023-11-02,male,T20,Oman,Nepal,"Tribhuvan University International Cricket Ground, Kirtipur",Kirtipur,,Nepal,field,Oman,WINNER,Oman won,,,20
1405322,2023-11-02,male,T20,United Arab Emirates,Hong Kong,Mulpani Cricket Ground,Kathmandu,,Hong Kong,field,United Arab Emirates,WINNER,United Arab Emirates won,,,20
1405323,2023-11-02,male,T20,Malaysia,Singapore,"Tribhuvan University International Cricket Ground, Kirtipur",Kirtipur,,Malaysia,bat,Malaysia,WINNER,Malaysia won,,,20
1405324,2023-11-02,male,T20,Bahrain,Kuwait,Mulpani Cricket Ground,Kathmandu,,Kuwait,field,Kuwait,WINNER,Kuwait won,,,20
1405325,2023-11-03,male,T20,Bahrain,Oman,"Tribhuvan University International Cricket Ground, Kirtipur",Kirtipur,,Bahrain,bat,Oman,WINNER,Oman won,,,20
1405326,2023-11-03,male,T20,United Arab Emirates,Nepal,Mulpani Cricket Ground,Kathmandu,,United Arab Emirates,bat,Nepal,WINNER,Nepal won,,,20
1405327,2023-11-05,male,T20,Nepal,Oman,"Tribhuvan University International Cricket Ground, Kirtipur",Kirtipur,,Nepal,bat,Oman,TIED,Tied; Oman won via Super Over,,Oman,20
1407868,2023-11-15,female,T20,Tanzania,Nepal,Hong Kong Cricket Club,Wong Nai Chung Gap,,Tanzania,bat,Tanzania,WINNER,Tanzania won,,,20
1407869,2023-11-15,female,T20,Japan,Hong Kong,Hong Kong Cricket Club,Wong Nai Chung Gap,,Hong Kong,field,Hong Kong,WINNER,Hong Kong won,,,20
1407866,2023-11-16,female,T20,Tanzania,Japan,Hong Kong Cricket Club,Wong Nai Chung Gap,,Japan,field,Tanzania,WINNER,Tanzania won,,,20
1407867,2023-11-16,female,T20,Nepal,Hong Kong,Hong Kong Cricket Club,Wong Nai Chung Gap,,Nepal,bat,Hong Kong,WINNER,Hong Kong won,,,20
1407864,2023-11-18,female,T20,Nepal,Japan,Hong Kong Cricket Club,Wong Nai Chung Gap,,Japan,field,Nepal,WINNER,Nepal won,,,20
1407865,2023-11-18,female,T20,Tanzania,Hong Kong,Hong Kong Cricket Club,Wong Nai Chung Gap,,Tanzania,bat,Hong Kong,WINNER,Hong Kong won,,,20
1407870,2023-11-19,female,T20,Nepal,Japan,Hong Kong Cricket Club,Wong Nai Chung Gap,,Nepal,bat,Nepal,WINNER,Nepal won,,,20
1407871,2023-11-19,female,T20,Tanzania,Hong Kong,Hong Kong Cricket Club,Wong Nai Chung Gap,,Hong Kong,field,Hong Kong,WINNER,Hong Kong won,,,20
1407714,2023-11-20,male,T20,Cambodia,Indonesia,Udayana Cricket Ground,Bali,,Cambodia,bat,Indonesia,WINNER,Indonesia won,,,20
1407715,2023-11-20,male,T20,Cambodia,Indonesia,Udayana Cricket Ground,Bali,,Cambodia,bat,Indonesia,WINNER,Indonesia won,,,20
1407716,2023-11-21,male,T20,Indonesia,Cambodia,Udayana Cricket Ground,Bali,,Cambodia,field,Cambodia,WINNER,Cambodia won,,,20
1407717,2023-11-21,male,T20,Indonesia,Cambodia,Udayana Cricket Ground,Bali,,Cambodia,field,Indonesia,WINNER,Indonesia won,,,20
1407089,2023-11-22,male,T20,Kenya,Rwanda,"United Cricket Club Ground, Windhoek",Windhoek,,Rwanda,field,Kenya,WINNER,Kenya won,,,20
1407090,2023-11-22,male,T20,Tanzania,Uganda,"Wanderers Cricket Ground, Windhoek",Windhoek,,Uganda,field,Uganda,WINNER,Uganda won,,,20
1407091,2023-11-22,male,T20,Zimbabwe,Namibia,"Wanderers Cricket Ground, Windhoek",Windhoek,,Namibia,field,Namibia,WINNER,Namibia won,,,20
1407718,2023-11-22,male,T20,Indonesia,Cambodia,Udayana Cricket Ground,Bali,,Cambodia,field,Cambodia,WINNER,Cambodia won,,,20
1389391,2023-11-23,male,T20,Australia,India,"Dr. Y.S. Rajasekhara Reddy ACA-VDCA Cricket Stadium, Visakhapatnam",Visakhapatnam,,India,field,India,WINNER,India won,,,20
1407092,2023-11-23,male,T20,Nigeria,Kenya,"United Cricket Club Ground, Windhoek",Windhoek,,Kenya,field,Kenya,WINNER,Kenya won,,,20
1407093,2023-11-23,male,T20,Tanzania,Zimbabwe,"United Cricket Club Ground, Windhoek",Windhoek,,Zimbabwe,field,Zimbabwe,WINNER,Zimbabwe won,,,20
1407719,2023-11-23,male,T20,Cambodia,Indonesia,Udayana Cricket Ground,Bali,,Indonesia,field,Indonesia,WINNER,Indonesia won,Awarded,,20
1407094,2023-11-24,male,T20,Nigeria,Rwanda,"Wanderers Cricket Ground, Windhoek",Windhoek,,Rwanda,field,,NO_RESULT,No result,,,20
1407095,2023-11-24,male,T20,Uganda,Namibia,"Wanderers Cricket Ground, Windhoek",Windhoek,,Namibia,field,Namibia,WINNER,Namibia won,,,20
1407096,2023-11-25,male,T20,Kenya,Tanzania,"Wanderers Cricket Ground, Windhoek",Windhoek,,Tanzania,field,Kenya,WINNER,Kenya won,,,20
1407097,2023-11-25,male,T20,Namibia,Rwanda,"Wanderers Cricket Ground, Windhoek",Windhoek,,Rwanda,field,Namibia,WINNER,Namibia won,D/L,,20
1389392,2023-11-26,male,T20,India,Australia,"Greenfield International Stadium, Thiruvananthapuram",Thiruvananthapuram,,Australia,field,India,WINNER,India won,,,20
1407098,2023-11-26,male,T20,Tanzania,Nigeria,"United Cricket Club Ground, Windhoek",Windhoek,,Tanzania,bat,Nigeria,WINNER,Nigeria won,,,20
1407099,2023-11-26,male,T20,Zimbabwe,Uganda,"United Cricket Club Ground, Windhoek",Windhoek,,Uganda,field,Uganda,WINNER,Uganda won,,,20
1407100,2023-11-27,male,T20,Nigeria,Uganda,"United Cricket Club Ground, Windhoek",Windhoek,,Nigeria,bat,Uganda,WINNER,Uganda won,,,20
1407101,2023-11-27,male,T20,Zimbabwe,Rwanda,"Wanderers Cricket Ground, Windhoek",Windhoek,,Rwanda,field,Zimbabwe,WINNER,Zimbabwe won,,,20
1407102,2023-11-27,male,T20,Kenya,Namibia,"United Cricket Club Ground, Windhoek",Windhoek,,Namibia,field,Namibia,WINNER,Namibia won,,,20
1389393,2023-11-28,male,T20,India,Australia,"Barsapara Cricket Stadium, Guwahati",Guwahati,,Australia,field,Australia,WINNER,Australia won,,,20
1407103,2023-11-28,male,T20,Namibia,Tanzania,"Wanderers Cricket Ground, Windhoek",Windhoek,,Tanzania,field,Namibia,WINNER,Namibia won,,,20
1407104,2023-11-29,male,T20,Nigeria,Zimbabwe,"United Cricket Club Ground, Windhoek",Windhoek,,Nigeria,bat,Zimbabwe,WINNER,Zimbabwe won,,,20
1407105,2023-11-29,male,T20,Tanzania,Rwanda,"Wanderers Cricket Ground, Windhoek",Windhoek,,Rwanda,field,Tanzania,WINNER,Tanzania won,,,20
1407106,2023-11-29,male,T20,Uganda,Kenya,"Wanderers Cricket Ground, Windhoek",Windhoek,,Uganda,bat,Uganda,WINNER,Uganda won,,,20
1407107,2023-11-30,male,T20,Zimbabwe,Kenya,"United Cricket Club Ground, Windhoek",Windhoek,,Kenya,field,Zimbabwe,WINNER,Zimbabwe won,,,20
1407108,2023-11-30,male,T20,Rwanda,Uganda,"Wanderers Cricket Ground, Windhoek",Windhoek,,Uganda,field,Uganda,WINNER,Uganda won,,,20
1407109,2023-11-30,male,T20,Nigeria,Namibia,"Wanderers Cricket Ground, Windhoek",Windhoek,,Nigeria,bat,Namibia,WINNER,Namibia won,,,20
1389394,2023-12-01,male,T20,India,Australia,"Shaheed Veer Narayan Singh International Stadium, Raipur",Raipur,,Australia,field,India,WINNER,India won,,,20
1388196,2023-12-03,female,T20,New Zealand,Pakistan,"University Oval, Dunedin",Dunedin,,New Zealand,bat,Pakistan,WINNER,Pakistan won,,,20
1389395,2023-12-03,male,T20,India,Australia,"M Chinnaswamy Stadium, Bengaluru",Bengaluru,,Australia,field,India,WINNER,India won,,,20
1398254,2023-12-03,female,T20,Bangladesh,South Africa,"Willowmoore Park, Benoni",Benoni,,Bangladesh,bat,Bangladesh,WINNER,Bangladesh won,,,20
1388197,2023-12-05,female,T20,Pakistan,New Zealand,"University Oval, Dunedin",Dunedin,,New Zealand,field,Pakistan,WINNER,Pakistan won,,,20
1398255,2023-12-06,female,T20,Bangladesh,South Africa,"Diamond Oval, Kimberley",Kimberley,,South Africa,field,,NO_RESULT,No result,,,20
1406073,2023-12-06,female,T20,England,India,"Wankhede Stadium, Mumbai",Mumbai,,India,field,England,WINNER,England won,,,20
1408103,2023-12-07,male,T20,Ireland,Zimbabwe,Harare Sports Club,Harare,,Zimbabwe,field,Zimbabwe,WINNER,Zimbabwe won,,,20
1398256,2023-12-08,female,T20,Bangladesh,South Africa,"Diamond Oval, Kimberley",Kimberley,,South Africa,field,South Africa,WINNER,South Africa won,,,20
1388198,2023-12-09,female,T20,Pakistan,New Zealand,"John Davies Oval, Queenstown",Queenstown,,New Zealand,field,New Zealand,WINNER,New Zealand won,D/L,,20
1406074,2023-12-09,female,T20,India,England,"Wankhede Stadium, Mumbai",Mumbai,,England,field,England,WINNER,England won,,,20
1408104,2023-12-09,male,T20,Zimbabwe,Ireland,Harare Sports Club,Harare,,Ireland,field,Ireland,WINNER,Ireland won,,,20
1411261,2023-12-09,female,T20,Zimbabwe,Kenya,Entebbe Cricket Oval,Entebbe,,Kenya,field,Zimbabwe,WINNER,Zimbabwe won,,,20
1411262,2023-12-09,female,T20,Botswana,Tanzania,Entebbe Cricket Oval,Entebbe,,Botswana,bat,Tanzania,WINNER,Tanzania won,,,20
1406075,2023-12-10,female,T20,England,India,"Wankhede Stadium, Mumbai",Mumbai,,England,bat,India,WINNER,India won,,,20
1408105,2023-12-10,male,T20,Zimbabwe,Ireland,Harare Sports Club,Harare,,Ireland,field,Ireland,WINNER,Ireland won,,,20
1411263,2023-12-10,female,T20,Namibia,Nigeria,Entebbe Cricket Oval,Entebbe,,Nigeria,field,Namibia,WINNER,Namibia won,,,20
1411264,2023-12-10,female,T20,Rwanda,Uganda,Entebbe Cricket Oval,Entebbe,,Uganda,field,Uganda,WINNER,Uganda won,,,20
1411265,2023-12-11,female,T20,Kenya,Tanzania,Entebbe Cricket Oval,Entebbe,,Tanzania,field,Tanzania,WINNER,Tanzania won,D/L,,20
1411266,2023-12-11,female,T20,Zimbabwe,Botswana,Entebbe Cricket Oval,Entebbe,,Zimbabwe,bat,Zimbabwe,WINNER,Zimbabwe won,,,20
1373579,2023-12-12,male,T20,England,West Indies,"Kensington Oval, Bridgetown, Barbados",Bridgetown,,West Indies,field,West Indies,WINNER,West Indies won,,,20
1387598,2023-12-12,male,T20,India,South Africa,"St George's Park, Gqeberha",Gqeberha,,South Africa,field,South Africa,WINNER,South Africa won,D/L,,20
1411267,2023-12-12,female,T20,Rwanda,Nigeria,Entebbe Cricket Oval,Entebbe,,Rwanda,bat,Nigeria,WINNER,Nigeria won,D/L,,20
1411268,2023-12-12,female,T20,Namibia,Uganda,Entebbe Cricket Oval,Entebbe,,Uganda,field,Uganda,WINNER,Uganda won,,,20
1411269,2023-12-13,female,T20,Botswana,Kenya,Entebbe Cricket Oval,Entebbe,,Kenya,field,Kenya,WINNER,Kenya won,D/L,,20
1411270,2023-12-13,female,T20,Tanzania,Zimbabwe,Entebbe Cricket Oval,Entebbe,,Zimbabwe,field,Zimbabwe,WINNER,Zimbabwe won,,,20
1373580,2023-12-14,male,T20,West Indies,England,"National Cricket Stadium, St George's, Grenada",St George's,,England,field,West Indies,WINNER,West Indies won,,,20
1387599,2023-12-14,male,T20,India,South Africa,"The Wanderers Stadium, Johannesburg",Johannesburg,,South Africa,field,India,WINNER,India won,,,20
1411271,2023-12-14,female,T20,Namibia,Rwanda,Entebbe Cricket Oval,Entebbe,,Rwanda,field,Namibia,WINNER,Namibia won,,,20
1411272,2023-12-14,female,T20,Nigeria,Uganda,Entebbe Cricket Oval,Entebbe,,Uganda,field,Uganda,WINNER,Uganda won,,,20
1373581,2023-12-16,male,T20,West Indies,England,"National Cricket Stadium, St George's, Grenada",St George's,,England,field,England,WINNER,England won,,,20
1411273,2023-12-16,female,T20,Zimbabwe,Namibia,Entebbe Cricket Oval,Entebbe,,Namibia,field,Zimbabwe,WINNER,Zimbabwe won,,,20
1411274,2023-12-16,female,T20,Uganda,Tanzania,Entebbe Cricket Oval,Entebbe,,Tanzania,field,Uganda,WINNER,Uganda won,,,20
1411276,2023-12-17,female,T20,Uganda,Zimbabwe,Entebbe Cricket Oval,Entebbe,,Zimbabwe,field,Zimbabwe,WINNER,Zimbabwe won,,,20
1373582,2023-12-19,male,T20,England,West Indies,"Brian Lara Stadium, Tarouba, Trinidad",Tarouba,,West Indies,field,England,WINNER,England won,,,20
1373583,2023-12-21,male,T20,England,West Indies,"Brian Lara Stadium, Tarouba, Trinidad",Tarouba,,West Indies,field,West Indies,WINNER,West Indies won,,,20
1412530,2023-12-22,male,T20,Philippines,Indonesia,Udayana Cricket Ground,Bali,,Indonesia,field,Philippines,WINNER,Philippines won,,,20
1412531,2023-12-23,male,T20,Philippines,Indonesia,Udayana Cricket Ground,Bali,,Indonesia,field,Indonesia,WINNER,Indonesia won,,,20
1412532,2023-12-23,male,T20,Indonesia,Philippines,Udayana Cricket Ground,Bali,,Philippines,field,Indonesia,WINNER,Indonesia won,,,20
1412533,2023-12-24,male,T20,Indonesia,Philippines,Udayana Cricket Ground,Bali,,Philippines,field,Philippines,WINNER,Philippines won,,,20
1412534,2023-12-24,male,T20,Philippines,Indonesia,Udayana Cricket Ground,Bali,,Indonesia,field,Philippines,TIED,Tied; Philippines won via Super Over,,Philippines,20
1412535,2023-12-26,male,T20,Indonesia,Philippines,Udayana Cricket Ground,Bali,,Philippines,field,Philippines,WINNER,Philippines won,,,20
1388213,2023-12-27,male,T20,New Zealand,Bangladesh,"McLean Park, Napier",Napier,,Bangladesh,field,Bangladesh,WINNER,Bangladesh won,,,20
1388214,2023-12-29,male,T20,New Zealand,Bangladesh,"Bay Oval, Mount Maunganui",Mount Maunganui,,Bangladesh,field,,NO_RESULT,No result,,,20
1388215,2023-12-31,male,T20,Bangladesh,New Zealand,"Bay Oval, Mount Maunganui",Mount Maunganui,,New Zealand,field,New Zealand,WINNER,New Zealand won,D/L,,20
1406081,2024-01-05,female,T20,Australia,India,"Dr DY Patil Sports Academy, Mumbai",Navi Mumbai,,India,field,India,WINNER,India won,,,20
1406082,2024-01-07,female,T20,India,Australia,"Dr DY Patil Sports Academy, Mumbai",Navi Mumbai,,Australia,field,Australia,WINNER,Australia won,,,20
1406083,2024-01-09,female,T20,India,Australia,"Dr DY Patil Sports Academy, Mumbai",Navi Mumbai,,Australia,field,Australia,WINNER,Australia won,,,20
1388216,2024-01-12,male,T20,New Zealand,Pakistan,"Eden Park, Auckland",Auckland,,Pakistan,field,New Zealand,WINNER,New Zealand won,,,20
1388217,2024-01-14,male,T20,New Zealand,Pakistan,"Seddon Park, Hamilton",Hamilton,,Pakistan,field,New Zealand,WINNER,New Zealand won,,,20
1412542,2024-01-14,male,T20,Zimbabwe,Sri Lanka,"R Premadasa Stadium, Colombo",Colombo,,Sri Lanka,field,Sri Lanka,WINNER,Sri Lanka won,,,20
1412543,2024-01-16,male,T20,Sri Lanka,Zimbabwe,"R Premadasa Stadium, Colombo",Colombo,,Zimbabwe,field,Zimbabwe,WINNER,Zimbabwe won,,,20
1388218,2024-01-17,male,T20,New Zealand,Pakistan,"University Oval, Dunedin",Dunedin,,Pakistan,field,New Zealand,WINNER,New Zealand won,,,20
1412544,2024-01-18,male,T20,Zimbabwe,Sri Lanka,"R Premadasa Stadium, Colombo",Colombo,,Sri Lanka,field,Sri Lanka,WINNER,Sri Lanka won,,,20
1388219,2024-01-19,male,T20,Pakistan,New Zealand,"Hagley Oval, Christchurch",Christchurch,,New Zealand,field,New Zealand,WINNER,New Zealand won,,,20
1388220,2024-01-21,male,T20,Pakistan,New Zealand,"Hagley Oval, Christchurch",Christchurch,,Pakistan,bat,Pakistan,WINNER,Pakistan won,,,20
1415983,2024-01-26,female,T20,Ireland,Zimbabwe,Harare Sports Club,Harare,,Ireland,bat,Ireland,WINNER,Ireland won,,,20
1375869,2024-01-27,female,T20,South Africa,Australia,"Manuka Oval, Canberra",Canberra,,Australia,field,Australia,WINNER,Australia won,,,20
1418176,2024-01-27,male,T20,Myanmar,Cambodia,"Terdthai Cricket Ground, Bangkok",Bangkok,,Cambodia,field,Cambodia,WINNER,Cambodia won,,,20
1375870,2024-01-28,female,T20,Australia,South Africa,"Manuka Oval, Canberra",Canberra,,Australia,bat,South Africa,WINNER,South Africa won,,,20
1415984,2024-01-28,female,T20,Ireland,Zimbabwe,Harare Sports Club,Harare,,Zimbabwe,field,Ireland,WINNER,Ireland won,,,20
1418177,2024-01-28,male,T20,Cambodia,China,"Terdthai Cricket Ground, Bangkok",Bangkok,,Cambodia,bat,Cambodia,WINNER,Cambodia won,,,20
1375871,2024-01-30,female,T20,South Africa,Australia,"Bellerive Oval, Hobart",Hobart,,Australia,field,Australia,WINNER,Australia won,,,20
1415985,2024-01-30,female,T20,Ireland,Zimbabwe,Harare Sports Club,Harare,,Ireland,bat,Ireland,WINNER,Ireland won,,,20
1415986,2024-02-01,female,T20,Zimbabwe,Ireland,Harare Sports Club,Harare,,Ireland,field,Ireland,WINNER,Ireland won,,,20
1418181,2024-02-01,male,T20,Indonesia,Bhutan,"Terdthai Cricket Ground, Bangkok",Bangkok,,Bhutan,field,Indonesia,WINNER,Indonesia won,,,20
1415987,2024-02-02,female,T20,Ireland,Zimbabwe,Harare Sports Club,Harare,,Zimbabwe,field,Ireland,WINNER,Ireland won,,,20
1418182,2024-02-02,male,T20,Singapore,Maldives,"Terdthai Cricket Ground, Bangkok",Bangkok,,Singapore,bat,Singapore,WINNER,Singapore won,,,20
1418183,2024-02-02,male,T20,Japan,Thailand,"Terdthai Cricket Ground, Bangkok",Bangkok,,Thailand,field,Japan,WINNER,Japan won,,,20
1418184,2024-02-03,male,T20,Bhutan,Saudi Arabia,"Terdthai Cricket Ground, Bangkok",Bangkok,,Saudi Arabia,field,Saudi Arabia,WINNER,Saudi Arabia won,,,20
1418185,2024-02-03,male,T20,Indonesia,Cambodia,"Terdthai Cricket Ground, Bangkok",Bangkok,,Indonesia,bat,Cambodia,WINNER,Cambodia won,,,20
1418186,2024-02-04,male,T20,Singapore,Thailand,"Terdthai Cricket Ground, Bangkok",Bangkok,,Singapore,bat,Thailand,WINNER,Thailand won,,,20
1418187,2024-02-04,male,T20,Japan,Maldives,"Terdthai Cricket Ground, Bangkok",Bangkok,,Japan,bat,Japan,WINNER,Japan won,,,20
1419510,2024-02-04,female,T20,Malaysia,Kuwait,Johor Cricket Academy Oval,Johor,,Kuwait,field,Malaysia,WINNER,Malaysia won,,,20
1418188,2024-02-05,male,T20,Saudi Arabia,Indonesia,"Terdthai Cricket Ground, Bangkok",Bangkok,,Saudi Arabia,bat,Saudi Arabia,WINNER,Saudi Arabia won,,,20
1419511,2024-02-05,female,T20,Kuwait,Malaysia,Johor Cricket Academy Oval,Johor,,Malaysia,field,Malaysia,WINNER,Malaysia won,,,20
1418190,2024-02-06,male,T20,Singapore,Japan,"Terdthai Cricket Ground, Bangkok",Bangkok,,Japan,field,Singapore,WINNER,Singapore won,,,20
1418191,2024-02-06,male,T20,Maldives,Thailand,"Terdthai Cricket Ground, Bangkok",Bangkok,,Maldives,bat,Thailand,WINNER,Thailand won,,,20
1418192,2024-02-07,male,T20,Indonesia,Thailand,"Terdthai Cricket Ground, Bangkok",Bangkok,,Thailand,field,Thailand,WINNER,Thailand won,,,20
1418193,2024-02-07,male,T20,Maldives,Bhutan,"Terdthai Cricket Ground, Bangkok",Bangkok,,Maldives,bat,Maldives,WINNER,Maldives won,,,20
1375850,2024-02-09,male,T20,Australia,West Indies,"Bellerive Oval, Hobart",Hobart,,West Indies,field,Australia,WINNER,Australia won,,,20
1418194,2024-02-09,male,T20,Japan,Saudi Arabia,"Terdthai Cricket Ground, Bangkok",Bangkok,,Saudi Arabia,field,Saudi Arabia,WINNER,Saudi Arabia won,,,20
1418195,2024-02-09,male,T20,Singapore,Cambodia,"Terdthai Cricket Ground, Bangkok",Bangkok,,Singapore,bat,Cambodia,WINNER,Cambodia won,,,20
1419906,2024-02-10,female,T20,Myanmar,Thailand,"Bayuemas Oval, Kuala Lumpur",Kuala Lumpur,,Thailand,field,Thailand,WINNER,Thailand won,,,20
1419907,2024-02-10,female,T20,United Arab Emirates,China,"YSD-UKM Cricket Oval, Bangi",Bangi,,United Arab Emirates,bat,United Arab Emirates,WINNER,United Arab Emirates won,,,20
1419908,2024-02-10,female,T20,Indonesia,Malaysia,"Royal Selangor Club, Kuala Lumpur",Kuala Lumpur,,Malaysia,field,Malaysia,WINNER,Malaysia won,,,20
1419909,2024-02-10,female,T20,Hong Kong,Nepal,"Selangor Turf Club, Kuala Lumpur",Kuala Lumpur,,Nepal,field,Nepal,WINNER,Nepal won,,,20
1419910,2024-02-10,female,T20,Singapore,Kuwait,"Bayuemas Oval, Kuala Lumpur",Kuala Lumpur,,Singapore,bat,Kuwait,WINNER,Kuwait won,,,20
1419911,2024-02-10,female,T20,Japan,Oman,"YSD-UKM Cricket Oval, Bangi",Bangi,,Japan,bat,Japan,WINNER,Japan won,,,20
1419912,2024-02-10,female,T20,Bahrain,Qatar,"Royal Selangor Club, Kuala Lumpur",Kuala Lumpur,,Bahrain,bat,Qatar,WINNER,Qatar won,,,20
1419913,2024-02-10,female,T20,Bhutan,Maldives,"Selangor Turf Club, Kuala Lumpur",Kuala Lumpur,,Maldives,field,Bhutan,WINNER,Bhutan won,,,20
1375851,2024-02-11,male,T20,Australia,West Indies,Adelaide Oval,Adelaide,,West Indies,field,Australia,WINNER,Australia won,,,20
1418196,2024-02-11,male,T20,Japan,Singapore,"Terdthai Cricket Ground, Bangkok",Bangkok,,Singapore,field,Singapore,WINNER,Singapore won,,,20
1418197,2024-02-11,male,T20,Cambodia,Saudi Arabia,"Terdthai Cricket Ground, Bangkok",Bangkok,,Saudi Arabia,field,Saudi Arabia,WINNER,Saudi Arabia won,,,20
1419914,2024-02-11,female,T20,Thailand,Kuwait,"YSD-UKM Cricket Oval, Bangi",Bangi,,Kuwait,field,Thailand,WINNER,Thailand won,,,20
1419915,2024-02-11,female,T20,United Arab Emirates,Oman,"Royal Selangor Club, Kuala Lumpur",Kuala Lumpur,,Oman,field,United Arab Emirates,WINNER,United Arab Emirates won,,,20
1419916,2024-02-11,female,T20,Indonesia,Bahrain,"Selangor Turf Club, Kuala Lumpur",Kuala Lumpur,,Indonesia,bat,Indonesia,WINNER,Indonesia won,,,20
1419917,2024-02-11,female,T20,Bhutan,Nepal,"Bayuemas Oval, Kuala Lumpur",Kuala Lumpur,,Nepal,field,Nepal,WINNER,Nepal won,,,20
1419918,2024-02-11,female,T20,Singapore,Myanmar,"YSD-UKM Cricket Oval, Bangi",Bangi,,Singapore,bat,Myanmar,WINNER,Myanmar won,,,20
1419919,2024-02-11,female,T20,China,Japan,"Royal Selangor Club, Kuala Lumpur",Kuala Lumpur,,China,bat,Japan,WINNER,Japan won,,,20
1419920,2024-02-11,female,T20,Malaysia,Qatar,"Selangor Turf Club, Kuala Lumpur",Kuala Lumpur,,Qatar,field,Malaysia,WINNER,Malaysia won,,,20
1419921,2024-02-11,female,T20,Hong Kong,Maldives,"Bayuemas Oval, Kuala Lumpur",Kuala Lumpur,,Hong Kong,bat,Hong Kong,WINNER,Hong Kong won,,,20
1420801,2024-02-12,male,T20,Bhutan,Thailand,"Terdthai Cricket Ground, Bangkok",Bangkok,,Bhutan,bat,Thailand,WINNER,Thailand won,,,20
1420802,2024-02-12,male,T20,Saudi Arabia,Maldives,"Terdthai Cricket Ground, Bangkok",Bangkok,,Saudi Arabia,bat,Saudi Arabia,WINNER,Saudi Arabia won,,,20
1375852,2024-02-13,male,T20,West Indies,Australia,Perth Stadium,Perth,,West Indies,bat,West Indies,WINNER,West Indies won,,,20
1419922,2024-02-13,female,T20,Kuwait,Myanmar,"Royal Selangor Club, Kuala Lumpur",Kuala Lumpur,,Myanmar,field,Kuwait,WINNER,Kuwait won,,,20
1419923,2024-02-13,female,T20,Oman,China,"Selangor Turf Club, Kuala Lumpur",Kuala Lumpur,,China,field,China,WINNER,China won,,,20
1419924,2024-02-13,female,T20,Malaysia,Bahrain,"Bayuemas Oval, Kuala Lumpur",Kuala Lumpur,,Bahrain,field,Malaysia,WINNER,Malaysia won,,,20
1419925,2024-02-13,female,T20,Hong Kong,Bhutan,"YSD-UKM Cricket Oval, Bangi",Bangi,,Hong Kong,bat,Hong Kong,WINNER,Hong Kong won,,,20
1419926,2024-02-13,female,T20,Thailand,Singapore,"Royal Selangor Club, Kuala Lumpur",Kuala Lumpur,,Thailand,bat,Thailand,WINNER,Thailand won,,,20
1419927,2024-02-13,female,T20,Japan,United Arab Emirates,"Selangor Turf Club, Kuala Lumpur",Kuala Lumpur,,Japan,bat,United Arab Emirates,WINNER,United Arab Emirates won,,,20
1419928,2024-02-13,female,T20,Qatar,Indonesia,"Bayuemas Oval, Kuala Lumpur",Kuala Lumpur,,Indonesia,field,Indonesia,WINNER,Indonesia won,,,20
1419929,2024-02-13,female,T20,Nepal,Maldives,"YSD-UKM Cricket Oval, Bangi",Bangi,,Nepal,bat,Nepal,WINNER,Nepal won,,,20
1420803,2024-02-13,male,T20,Thailand,Saudi Arabia,"Terdthai Cricket Ground, Bangkok",Bangkok,,Saudi Arabia,field,Saudi Arabia,WINNER,Saudi Arabia won,,,20
1420804,2024-02-13,male,T20,Bhutan,Maldives,"Terdthai Cricket Ground, Bangkok",Bangkok,,Bhutan,bat,Maldives,WINNER,Maldives won,,,20
1418539,2024-02-14,male,T20,Hong Kong,China,"Mission Road Ground, Mong Kok, Hong Kong",Mong Kok,,Hong Kong,bat,Hong Kong,WINNER,Hong Kong won,,,20
1418540,2024-02-14,male,T20,Japan,Hong Kong,"Mission Road Ground, Mong Kok, Hong Kong",Mong Kok,,Japan,bat,Hong Kong,WINNER,Hong Kong won,,,20
1419930,2024-02-14,female,T20,Hong Kong,Thailand,"Bayuemas Oval, Kuala Lumpur",Kuala Lumpur,,Thailand,field,Thailand,WINNER,Thailand won,,,20
1419931,2024-02-14,female,T20,United Arab Emirates,Indonesia,"YSD-UKM Cricket Oval, Bangi",Bangi,,United Arab Emirates,bat,United Arab Emirates,WINNER,United Arab Emirates won,,,20
1419932,2024-02-14,female,T20,Malaysia,Japan,"Bayuemas Oval, Kuala Lumpur",Kuala Lumpur,,Malaysia,bat,Malaysia,WINNER,Malaysia won,,,20
1419933,2024-02-14,female,T20,Kuwait,Nepal,"YSD-UKM Cricket Oval, Bangi",Bangi,,Kuwait,bat,Nepal,WINNER,Nepal won,D/L,,20
1418541,2024-02-15,male,T20,Japan,China,"Mission Road Ground, Mong Kok, Hong Kong",Mong Kok,,Japan,bat,Japan,WINNER,Japan won,,,20
1418542,2024-02-15,male,T20,Hong Kong,Japan,"Mission Road Ground, Mong Kok, Hong Kong",Mong Kok,,Hong Kong,bat,Hong Kong,WINNER,Hong Kong won,,,20
1420805,2024-02-15,male,T20,Maldives,Thailand,"Terdthai Cricket Ground, Bangkok",Bangkok,,Thailand,field,Thailand,WINNER,Thailand won,,,20
1420806,2024-02-15,male,T20,Saudi Arabia,Bhutan,"Terdthai Cricket Ground, Bangkok",Bangkok,,Bhutan,field,Saudi Arabia,WINNER,Saudi Arabia won,,,20
1418543,2024-02-16,male,T20,China,Hong Kong,"Mission Road Ground, Mong Kok, Hong Kong",Mong Kok,,China,bat,Hong Kong,WINNER,Hong Kong won,,,20
1418544,2024-02-16,male,T20,Japan,China,"Mission Road Ground, Mong Kok, Hong Kong",Mong Kok,,Japan,bat,Japan,WINNER,Japan won,,,20
1419934,2024-02-16,female,T20,United Arab Emirates,Thailand,"Bayuemas Oval, Kuala Lumpur",Kuala Lumpur,,United Arab Emirates,bat,United Arab Emirates,WINNER,United Arab Emirates won,,,20
1419935,2024-02-16,female,T20,Nepal,Malaysia,"Bayuemas Oval, Kuala Lumpur",Kuala Lumpur,,Nepal,bat,Malaysia,WINNER,Malaysia won,,,20
1420807,2024-02-16,male,T20,Thailand,Saudi Arabia,"Terdthai Cricket Ground, Bangkok",Bangkok,,Saudi Arabia,field,Saudi Arabia,WINNER,Saudi Arabia won,,,20
1420808,2024-02-16,male,T20,Maldives,Bhutan,"Terdthai Cricket Ground, Bangkok",Bangkok,,Maldives,bat,Bhutan,WINNER,Bhutan won,,,20
1418545,2024-02-17,male,T20,Hong Kong,Japan,"Mission Road Ground, Mong Kok, Hong Kong",Mong Kok,,Japan,field,Hong Kong,WINNER,Hong Kong won,,,20
1419936,2024-02-18,female,T20,United Arab Emirates,Malaysia,"Bayuemas Oval, Kuala Lumpur",Kuala Lumpur,,United Arab Emirates,bat,United Arab Emirates,WINNER,United Arab Emirates won,,,20
1388223,2024-02-21,male,T20,New Zealand,Australia,"Sky Stadium, Wellington",Wellington,,New Zealand,bat,Australia,WINNER,Australia won,,,20
1388224,2024-02-23,male,T20,Australia,New Zealand,"Eden Park, Auckland",Auckland,,New Zealand,field,Australia,WINNER,Australia won,,,20
1388225,2024-02-25,male,T20,Australia,New Zealand,"Eden Park, Auckland",Auckland,,New Zealand,field,Australia,WINNER,Australia won,D/L,,20
1422037,2024-02-27,male,T20,Namibia,Nepal,"Tribhuvan University International Cricket Ground, Kirtipur",Kirtipur,,Namibia,bat,Namibia,WINNER,Namibia won,,,20
1422802,2024-02-27,male,T20,Hong Kong,Qatar,University of Doha for Science and Technology,Doha,,Qatar,field,Hong Kong,WINNER,Hong Kong won,,,20
1422038,2024-02-28,male,T20,Netherlands,Nepal,"Tribhuvan University International Cricket Ground, Kirtipur",Kirtipur,,Nepal,field,Netherlands,WINNER,Netherlands won,,,20
1422039,2024-02-29,male,T20,Netherlands,Namibia,"Tribhuvan University International Cricket Ground, Kirtipur",Kirtipur,,Netherlands,bat,Netherlands,WINNER,Netherlands won,,,20
1422803,2024-02-29,male,T20,Hong Kong,Qatar,University of Doha for Science and Technology,Doha,,Hong Kong,bat,Qatar,WINNER,Qatar won,,,20
1422040,2024-03-01,male,T20,Nepal,Namibia,"Tribhuvan University International Cricket Ground, Kirtipur",Kirtipur,,Namibia,field,Nepal,WINNER,Nepal won,,,20
1422804,2024-03-01,male,T20,Qatar,Hong Kong,"West End Park International Cricket Stadium, Doha",Doha,,Hong Kong,field,Hong Kong,TIED,Tied; Hong Kong won via Super Over,,Hong Kong,20
1422041,2024-03-02,male,T20,Netherlands,Nepal,"Tribhuvan University International Cricket Ground, Kirtipur",Kirtipur,,Netherlands,bat,Nepal,WINNER,Nepal won,,,20
1422042,2024-03-03,male,T20,Namibia,Netherlands,"Tribhuvan University International Cricket Ground, Kirtipur",Kirtipur,,Netherlands,field,,NO_RESULT,No result,,,20
1419824,2024-03-04,male,T20,Sri Lanka,Bangladesh,Sylhet International Cricket Stadium,Sylhet,,Bangladesh,field,Sri Lanka,WINNER,Sri Lanka won,,,20
1422043,2024-03-05,male,T20,Nepal,Netherlands,"Tribhuvan University International Cricket Ground, Kirtipur",Kirtipur,,Nepal,bat,Netherlands,WINNER,Netherlands won,,,20
1422807,2024-03-05,male,T20,Vanuatu,Tanzania,"Bayuemas Oval, Kuala Lumpur",Kuala Lumpur,,Tanzania,field,Vanuatu,WINNER,Vanuatu won,,,20
1422808,2024-03-05,male,T20,Kuwait,Bahrain,"Bayuemas Oval, Kuala Lumpur",Kuala Lumpur,,Bahrain,field,Bahrain,WINNER,Bahrain won,D/L,,20
1419825,2024-03-06,male,T20,Sri Lanka,Bangladesh,Sylhet International Cricket Stadium,Sylhet,,Bangladesh,field,Bangladesh,WINNER,Bangladesh won,,,20
1422809,2024-03-06,male,T20,Tanzania,Kuwait,"Bayuemas Oval, Kuala Lumpur",Kuala Lumpur,,Tanzania,bat,Kuwait,WINNER,Kuwait won,,,20
1422810,2024-03-06,male,T20,Malaysia,Vanuatu,"Bayuemas Oval, Kuala Lumpur",Kuala Lumpur,,Malaysia,bat,Malaysia,WINNER,Malaysia won,,,20
1423372,2024-03-06,male,T20,Papua New Guinea,Oman,Al Amerat Cricket Ground Oman Cricket (Ministry Turf 1),Al Amarat,,Oman,field,Oman,WINNER,Oman won,,,20
1422811,2024-03-07,male,T20,Malaysia,Bahrain,"Bayuemas Oval, Kuala Lumpur",Kuala Lumpur,,Bahrain,field,Bahrain,WINNER,Bahrain won,,,20
1422812,2024-03-07,male,T20,Vanuatu,Kuwait,"Bayuemas Oval, Kuala Lumpur",Kuala Lumpur,,Kuwait,field,Kuwait,WINNER,Kuwait won,,,20
1423373,2024-03-07,male,T20,Oman,Papua New Guinea,Al Amerat Cricket Ground Oman Cricket (Ministry Turf 1),Al Amarat,,Papua New Guinea,field,Papua New Guinea,WINNER,Papua New Guinea won,,,20
1423459,2024-03-07,female,T20,Namibia,South Africa,"Achimota Senior Secondary School A Field, Accra",Accra,,Namibia,bat,Namibia,WINNER,Namibia won,D/L,,20
1423460,2024-03-07,female,T20,Tanzania,Nigeria,"Achimota Senior Secondary School B Field, Accra",Accra,,Tanzania,bat,,NO_RESULT,No result,,,20
1423374,2024-03-08,male,T20,Papua New Guinea,Oman,Al Amerat Cricket Ground Oman Cricket (Ministry Turf 1),Al Amarat,,Oman,field,Oman,WINNER,Oman won,,,20
1423463,2024-03-08,female,T20,Tanzania,South Africa,"Achimota Senior Secondary School A Field, Accra",Accra,,Tanzania,bat,South Africa,WINNER,South Africa won,,,20
1423464,2024-03-08,female,T20,Nigeria,Namibia,"Achimota Senior Secondary School B Field, Accra",Accra,,Nigeria,bat,Nigeria,WINNER,Nigeria won,,,20
1423465,2024-03-08,female,T20,Uganda,Zimbabwe,"Achimota Senior Secondary School A Field, Accra",Accra,,Zimbabwe,field,Zimbabwe,WINNER,Zimbabwe won,,,20
1419826,2024-03-09,male,T20,Sri Lanka,Bangladesh,Sylhet International Cricket Stadium,Sylhet,,Bangladesh,field,Sri Lanka,WINNER,Sri Lanka won,,,20
1422813,2024-03-09,male,T20,Kuwait,Malaysia,"Bayuemas Oval, Kuala Lumpur",Kuala Lumpur,,Malaysia,field,Malaysia,WINNER,Malaysia won,,,20
1422814,2024-03-09,male,T20,Bahrain,Tanzania,"Bayuemas Oval, Kuala Lumpur",Kuala Lumpur,,Tanzania,field,Bahrain,WINNER,Bahrain won,,,20
1423439,2024-03-09,male,T20,Hong Kong,Nepal,"Mission Road Ground, Mong Kok, Hong Kong",Mong Kok,,Nepal,field,Hong Kong,WINNER,Hong Kong won,,,20
1422815,2024-03-10,male,T20,Bahrain,Vanuatu,"Bayuemas Oval, Kuala Lumpur",Kuala Lumpur,,Bahrain,bat,Bahrain,WINNER,Bahrain won,,,20
1422816,2024-03-10,male,T20,Tanzania,Malaysia,"Bayuemas Oval, Kuala Lumpur",Kuala Lumpur,,Tanzania,bat,Malaysia,WINNER,Malaysia won,,,20
1423440,2024-03-10,male,T20,Hong Kong,Nepal,"Mission Road Ground, Mong Kok, Hong Kong",Mong Kok,,Nepal,field,,NO_RESULT,No result,,,20
1423467,2024-03-10,female,T20,Namibia,Tanzania,"Achimota Senior Secondary School A Field, Accra",Accra,,Namibia,bat,Tanzania,WINNER,Tanzania won,,,20
1423470,2024-03-10,female,T20,Uganda,Rwanda,"Achimota Senior Secondary School B Field, Accra",Accra,,Rwanda,field,Uganda,WINNER,Uganda won,,,20
1421078,2024-03-11,male,T20,Scotland,United Arab Emirates,Dubai International Cricket Stadium,Dubai,,United Arab Emirates,field,United Arab Emirates,WINNER,United Arab Emirates won,,,20
1422817,2024-03-11,male,T20,Vanuatu,Kuwait,"Bayuemas Oval, Kuala Lumpur",Kuala Lumpur,,Kuwait,field,Kuwait,WINNER,Kuwait won,,,20
1422818,2024-03-11,male,T20,Malaysia,Bahrain,"Bayuemas Oval, Kuala Lumpur",Kuala Lumpur,,Malaysia,bat,Bahrain,WINNER,Bahrain won,,,20
1423471,2024-03-11,female,T20,South Africa,Uganda,"Achimota Senior Secondary School A Field, Accra",Accra,,Uganda,field,South Africa,WINNER,South Africa won,,,20
1423472,2024-03-11,female,T20,Nigeria,Zimbabwe,"Achimota Senior Secondary School A Field, Accra",Accra,,Nigeria,bat,Zimbabwe,WINNER,Zimbabwe won,,,20
1423441,2024-03-12,male,T20,Nepal,Papua New Guinea,"Mission Road Ground, Mong Kok, Hong Kong",Mong Kok,,Papua New Guinea,field,Nepal,WINNER,Nepal won,,,20
1423442,2024-03-12,male,T20,Hong Kong,Papua New Guinea,"Mission Road Ground, Mong Kok, Hong Kong",Mong Kok,,Hong Kong,bat,Papua New Guinea,WINNER,Papua New Guinea won,,,20
1421079,2024-03-13,male,T20,Scotland,United Arab Emirates,Dubai International Cricket Stadium,Dubai,,United Arab Emirates,field,Scotland,WINNER,Scotland won,,,20
1423444,2024-03-13,male,T20,Papua New Guinea,Nepal,"Mission Road Ground, Mong Kok, Hong Kong",Mong Kok,,Nepal,field,Papua New Guinea,WINNER,Papua New Guinea won,,,20
1423473,2024-03-13,female,T20,Uganda,Nigeria,"Achimota Senior Secondary School A Field, Accra",Accra,,Nigeria,field,Nigeria,WINNER,Nigeria won,,,20
1423474,2024-03-13,female,T20,Zimbabwe,South Africa,"Achimota Senior Secondary School A Field, Accra",Accra,,South Africa,field,Zimbabwe,TIED,Tied; Zimbabwe won via Super Over,,Zimbabwe,20
1421080,2024-03-14,male,T20,Scotland,United Arab Emirates,Dubai International Cricket Stadium,Dubai,,United Arab Emirates,field,Scotland,WINNER,Scotland won,,,20
1425110,2024-03-16,male,T20,Papua New Guinea,Malaysia,"Bayuemas Oval, Kuala Lumpur",Kuala Lumpur,,Malaysia,field,Papua New Guinea,WINNER,Papua New Guinea won,,,20
1424752,2024-03-17,male,T20,Zimbabwe,Namibia,"Achimota Senior Secondary School A Field, Accra",Accra,,Zimbabwe,bat,Zimbabwe,WINNER,Zimbabwe won,,,20
1424753,2024-03-17,male,T20,Tanzania,Nigeria,"Achimota Senior Secondary School B Field, Accra",Accra,,Tanzania,bat,Tanzania,WINNER,Tanzania won,,,20
1424754,2024-03-17,male,T20,South Africa,Ghana,"Achimota Senior Secondary School A Field, Accra",Accra,,South Africa,bat,South Africa,WINNER,South Africa won,,,20
1424755,2024-03-17,male,T20,Uganda,Kenya,"Achimota Senior Secondary School B Field, Accra",Accra,,Uganda,bat,Uganda,WINNER,Uganda won,,,20
1425111,2024-03-17,male,T20,Malaysia,Papua New Guinea,"Bayuemas Oval, Kuala Lumpur",Kuala Lumpur,,Malaysia,bat,Malaysia,WINNER,Malaysia won,,,20
1424756,2024-03-18,male,T20,Tanzania,Zimbabwe,"Achimota Senior Secondary School A Field, Accra",Accra,,Tanzania,bat,Zimbabwe,WINNER,Zimbabwe won,,,20
1424757,2024-03-18,male,T20,Namibia,Nigeria,"Achimota Senior Secondary School B Field, Accra",Accra,,Namibia,bat,Nigeria,WINNER,Nigeria won,,,20
1424759,2024-03-18,male,T20,Uganda,Ghana,"Achimota Senior Secondary School B Field, Accra",Accra,,Uganda,bat,Uganda,WINNER,Uganda won,,,20
1388202,2024-03-19,female,T20,England,New Zealand,"University Oval, Dunedin",Dunedin,,New Zealand,field,England,WINNER,England won,,,20
1424761,2024-03-20,male,T20,Ghana,Kenya,"Achimota Senior Secondary School B Field, Accra",Accra,,Ghana,bat,Kenya,WINNER,Kenya won,,,20
1424762,2024-03-20,male,T20,Nigeria,Zimbabwe,"Achimota Senior Secondary School A Field, Accra",Accra,,Nigeria,bat,Zimbabwe,WINNER,Zimbabwe won,,,20
1424763,2024-03-20,male,T20,Tanzania,Namibia,"Achimota Senior Secondary School B Field, Accra",Accra,,Tanzania,bat,Namibia,WINNER,Namibia won,,,20
1424764,2024-03-21,male,T20,Namibia,Uganda,"Achimota Senior Secondary School A Field, Accra",Accra,,Namibia,bat,Namibia,WINNER,Namibia won,,,20
1424765,2024-03-21,male,T20,Zimbabwe,Kenya,"Achimota Senior Secondary School A Field, Accra",Accra,,Zimbabwe,bat,Zimbabwe,WINNER,Zimbabwe won,,,20
1388203,2024-03-22,female,T20,England,New Zealand,"Saxton Oval, Nelson",Nelson,,New Zealand,field,England,WINNER,England won,,,20
1424766,2024-03-23,male,T20,Uganda,Kenya,"Achimota Senior Secondary School A Field, Accra",Accra,,Uganda,bat,Uganda,WINNER,Uganda won,,,20
1424767,2024-03-23,male,T20,Namibia,Zimbabwe,"Achimota Senior Secondary School A Field, Accra",Accra,,Namibia,bat,Zimbabwe,WINNER,Zimbabwe won,,,20
1388204,2024-03-24,female,T20,New Zealand,England,"Saxton Oval, Nelson",Nelson,,New Zealand,bat,New Zealand,WINNER,New Zealand won,,,20
1388205,2024-03-27,female,T20,England,New Zealand,"Basin Reserve, Wellington",Wellington,,New Zealand,field,England,WINNER,England won,,,20
1398261,2024-03-27,female,T20,South Africa,Sri Lanka,"Willowmoore Park, Benoni",Benoni,,Sri Lanka,field,South Africa,WINNER,South Africa won,,,20
1388206,2024-03-29,female,T20,New Zealand,England,"Basin Reserve, Wellington",Wellington,,New Zealand,bat,England,WINNER,England won,,,20
1398262,2024-03-30,female,T20,South Africa,Sri Lanka,"Senwes Park, Potchefstroom",Potchefstroom,,South Africa,bat,Sri Lanka,WINNER,Sri Lanka won,,,20
1426048,2024-03-30,female,T20,Papua New Guinea,Zimbabwe,Harare Sports Club,Harare,,Zimbabwe,field,Zimbabwe,WINNER,Zimbabwe won,,,20
1425064,2024-03-31,female,T20,Bangladesh,Australia,"Shere Bangla National Stadium, Mirpur",Dhaka,,Bangladesh,bat,Australia,WINNER,Australia won,,,20
1426049,2024-03-31,female,T20,Zimbabwe,Papua New Guinea,Harare Sports Club,Harare,,Papua New Guinea,field,Papua New Guinea,TIED,Tied; Papua New Guinea won via Super Over,,Papua New Guinea,20
1426450,2024-04-01,male,T20,Oman,Namibia,Al Amerat Cricket Ground Oman Cricket (Ministry Turf 1),Al Amarat,,Namibia,field,Namibia,WINNER,Namibia won,,,20
1425065,2024-04-02,female,T20,Australia,Bangladesh,"Shere Bangla National Stadium, Mirpur",Dhaka,,Australia,bat,Australia,WINNER,Australia won,,,20
1426050,2024-04-02,female,T20,Zimbabwe,Papua New Guinea,Harare Sports Club,Harare,,Papua New Guinea,field,Zimbabwe,WINNER,Zimbabwe won,,,20
1426451,2024-04-02,male,T20,Oman,Namibia,Al Amerat Cricket Ground Oman Cricket (Ministry Turf 1),Al Amarat,,Oman,bat,Oman,WINNER,Oman won,,,20
1398263,2024-04-03,female,T20,South Africa,Sri Lanka,"Buffalo Park, East London",East London,,Sri Lanka,field,Sri Lanka,WINNER,Sri Lanka won,,,20
1425066,2024-04-04,female,T20,Australia,Bangladesh,"Shere Bangla National Stadium, Mirpur",Dhaka,,Australia,bat,Australia,WINNER,Australia won,,,20
1426452,2024-04-04,male,T20,Namibia,Oman,Al Amerat Cricket Ground Oman Cricket (Ministry Turf 1),Al Amarat,,Oman,field,Oman,WINNER,Oman won,,,20
1426453,2024-04-05,male,T20,Namibia,Oman,Al Amerat Cricket Ground Oman Cricket (Ministry Turf 1),Al Amarat,,Oman,field,Namibia,WINNER,Namibia won,,,20
1425121,2024-04-07,male,T20,Canada,United States of America,Prairie View Cricket Complex,Houston,,United States of America,field,United States of America,WINNER,United States of America won,,,20
1426454,2024-04-07,male,T20,Namibia,Oman,Al Amerat Cricket Ground Oman Cricket (Ministry Turf 1),Al Amarat,,Namibia,bat,Namibia,WINNER,Namibia won,,,20
1425122,2024-04-09,male,T20,United States of America,Canada,Prairie View Cricket Complex,Houston,,Canada,field,United States of America,WINNER,United States of America won,,,20
1425124,2024-04-12,male,T20,United States of America,Canada,Prairie View Cricket Complex,Houston,,Canada,field,United States of America,WINNER,United States of America won,,,20
1426455,2024-04-12,male,T20,Oman,Bahrain,Al Amerat Cricket Ground Oman Cricket (Ministry Turf 1),Al Amarat,,Bahrain,field,Oman,WINNER,Oman won,,,20
1426456,2024-04-12,male,T20,Kuwait,United Arab Emirates,Al Amerat Cricket Ground Oman Cricket (Ministry Turf 2),Al Amarat,,United Arab Emirates,field,United Arab Emirates,WINNER,United Arab Emirates won,,,20
1426457,2024-04-12,male,T20,Malaysia,Nepal,Al Amerat Cricket Ground Oman Cricket (Ministry Turf 1),Al Amarat,,Malaysia,bat,Nepal,WINNER,Nepal won,,,20
1426458,2024-04-12,male,T20,Hong Kong,Qatar,Al Amerat Cricket Ground Oman Cricket (Ministry Turf 2),Al Amarat,,Hong Kong,bat,Hong Kong,WINNER,Hong Kong won,,,20
1428743,2024-04-12,male,T20,Mexico,Costa Rica,Los Reyes Polo Club,Guacima,,Costa Rica,field,Mexico,WINNER,Mexico won,,,20
1428744,2024-04-12,male,T20,Mexico,Costa Rica,Los Reyes Polo Club,Guacima,,Mexico,bat,Mexico,WINNER,Mexico won,,,20
1425125,2024-04-13,male,T20,Canada,United States of America,Prairie View Cricket Complex,Houston,,Canada,bat,United States of America,WINNER,United States of America won,,,20
1426459,2024-04-13,male,T20,Cambodia,Kuwait,Al Amerat Cricket Ground Oman Cricket (Ministry Turf 1),Al Amarat,,Cambodia,bat,Kuwait,WINNER,Kuwait won,,,20
1426460,2024-04-13,male,T20,United Arab Emirates,Bahrain,Al Amerat Cricket Ground Oman Cricket (Ministry Turf 2),Al Amarat,,Bahrain,field,United Arab Emirates,WINNER,United Arab Emirates won,,,20
1426461,2024-04-13,male,T20,Nepal,Qatar,Al Amerat Cricket Ground Oman Cricket (Ministry Turf 1),Al Amarat,,Nepal,bat,Nepal,WINNER,Nepal won,,,20
1426462,2024-04-13,male,T20,Malaysia,Saudi Arabia,Al Amerat Cricket Ground Oman Cricket (Ministry Turf 2),Al Amarat,,Malaysia,bat,Malaysia,WINNER,Malaysia won,,,20
1428745,2024-04-13,male,T20,Costa Rica,Mexico,Los Reyes Polo Club,Guacima,,Costa Rica,bat,Costa Rica,WINNER,Costa Rica won,,,20
1426463,2024-04-14,male,T20,Oman,Cambodia,Al Amerat Cricket Ground Oman Cricket (Ministry Turf 2),Al Amarat,,Cambodia,field,Oman,WINNER,Oman won,,,20
1426464,2024-04-14,male,T20,Saudi Arabia,Hong Kong,Al Amerat Cricket Ground Oman Cricket (Ministry Turf 2),Al Amarat,,Saudi Arabia,bat,Saudi Arabia,WINNER,Saudi Arabia won,,,20
1426479,2024-04-14,male,T20,Jersey,Spain,La Manga Club Top Ground,Murcia,,Spain,field,Spain,WINNER,Spain won,,,20
1426480,2024-04-14,male,T20,Jersey,Spain,La Manga Club Top Ground,Murcia,,Jersey,bat,Spain,WINNER,Spain won,,,20
1428746,2024-04-14,male,T20,Mexico,Costa Rica,Los Reyes Polo Club,Guacima,,Mexico,bat,Mexico,WINNER,Mexico won,,,20
1426465,2024-04-15,male,T20,Hong Kong,Nepal,Al Amerat Cricket Ground Oman Cricket (Ministry Turf 1),Al Amarat,,Nepal,field,Nepal,WINNER,Nepal won,,,20
1426466,2024-04-15,male,T20,Malaysia,Qatar,Al Amerat Cricket Ground Oman Cricket (Ministry Turf 2),Al Amarat,,Qatar,field,Qatar,WINNER,Qatar won,,,20
1426467,2024-04-15,male,T20,United Arab Emirates,Oman,Al Amerat Cricket Ground Oman Cricket (Ministry Turf 1),Al Amarat,,Oman,field,Oman,WINNER,Oman won,,,20
1426468,2024-04-15,male,T20,Kuwait,Bahrain,Al Amerat Cricket Ground Oman Cricket (Ministry Turf 2),Al Amarat,,Bahrain,field,Kuwait,WINNER,Kuwait won,,,20
1426469,2024-04-16,male,T20,Qatar,Saudi Arabia,Al Amerat Cricket Ground Oman Cricket (Ministry Turf 1),Al Amarat,,Saudi Arabia,field,Qatar,WINNER,Qatar won,,,20
1426470,2024-04-16,male,T20,Cambodia,Bahrain,Al Amerat Cricket Ground Oman Cricket (Ministry Turf 1),Al Amarat,,Cambodia,bat,Bahrain,WINNER,Bahrain won,,,20
1426471,2024-04-17,male,T20,Malaysia,Hong Kong,Al Amerat Cricket Ground Oman Cricket (Ministry Turf 1),Al Amarat,,Hong Kong,field,Hong Kong,WINNER,Hong Kong won,,,20
1426472,2024-04-17,male,T20,Saudi Arabia,Nepal,Al Amerat Cricket Ground Oman Cricket (Ministry Turf 2),Al Amarat,,Nepal,field,Nepal,WINNER,Nepal won,,,20
1426473,2024-04-17,male,T20,Cambodia,United Arab Emirates,Al Amerat Cricket Ground Oman Cricket (Ministry Turf 1),Al Amarat,,Cambodia,bat,United Arab Emirates,WINNER,United Arab Emirates won,,,20
1426474,2024-04-17,male,T20,Oman,Kuwait,Al Amerat Cricket Ground Oman Cricket (Ministry Turf 2),Al Amarat,,Kuwait,field,Oman,WINNER,Oman won,,,20
1424829,2024-04-18,male,T20,New Zealand,Pakistan,Rawalpindi Cricket Stadium,Rawalpindi,,New Zealand,bat,,NO_RESULT,No result,,,20
1429008,2024-04-18,female,T20,Thailand,Ireland,"7he Sevens Stadium, Dubai",Dubai,,Thailand,bat,Ireland,WINNER,Ireland won,,,20
1426475,2024-04-19,male,T20,Nepal,United Arab Emirates,Al Amerat Cricket Ground Oman Cricket (Ministry Turf 1),Al Amarat,,United Arab Emirates,field,United Arab Emirates,WINNER,United Arab Emirates won,,,20
1426476,2024-04-19,male,T20,Hong Kong,Oman,Al Amerat Cricket Ground Oman Cricket (Ministry Turf 1),Al Amarat,,Oman,field,Oman,WINNER,Oman won,,,20
1424830,2024-04-20,male,T20,New Zealand,Pakistan,Rawalpindi Cricket Stadium,Rawalpindi,,Pakistan,field,Pakistan,WINNER,Pakistan won,,,20
1426477,2024-04-20,male,T20,Nepal,Hong Kong,Al Amerat Cricket Ground Oman Cricket (Ministry Turf 1),Al Amarat,,Nepal,bat,Hong Kong,WINNER,Hong Kong won,,,20
1427420,2024-04-20,female,T20,Gibraltar,Estonia,Europa Sports Complex,Gibraltar,,Estonia,field,Gibraltar,WINNER,Gibraltar won,,,20
1424831,2024-04-21,male,T20,Pakistan,New Zealand,Rawalpindi Cricket Stadium,Rawalpindi,,New Zealand,field,New Zealand,WINNER,New Zealand won,,,20
1426478,2024-04-21,male,T20,United Arab Emirates,Oman,Al Amerat Cricket Ground Oman Cricket (Ministry Turf 1),Al Amarat,,Oman,field,United Arab Emirates,WINNER,United Arab Emirates won,,,20
1427421,2024-04-21,female,T20,Gibraltar,Estonia,Europa Sports Complex,Gibraltar,,Estonia,field,Gibraltar,WINNER,Gibraltar won,,,20
1427422,2024-04-21,female,T20,Gibraltar,Estonia,Europa Sports Complex,Gibraltar,,Gibraltar,bat,Gibraltar,WINNER,Gibraltar won,,,20
1429009,2024-04-21,female,T20,Indonesia,Mongolia,Udayana Cricket Ground,Bali,,Mongolia,field,Indonesia,WINNER,Indonesia won,,,20
1429010,2024-04-21,female,T20,Indonesia,Mongolia,Udayana Cricket Ground,Bali,,Indonesia,bat,Indonesia,WINNER,Indonesia won,,,20
1429011,2024-04-22,female,T20,Mongolia,Indonesia,Udayana Cricket Ground,Bali,,Mongolia,bat,Indonesia,WINNER,Indonesia won,D/L,,20
1429012,2024-04-22,female,T20,Indonesia,Mongolia,Udayana Cricket Ground,Bali,,Indonesia,bat,Indonesia,WINNER,Indonesia won,,,20
1429622,2024-04-22,female,T20,Botswana,Lesotho,"Botswana Cricket Association Oval 1, Gaborone",Gaborone,,Botswana,bat,Botswana,WINNER,Botswana won,,,20
1429623,2024-04-22,female,T20,Mozambique,Rwanda,"Botswana Cricket Association Oval 2, Gaborone",Gaborone,,Mozambique,bat,Rwanda,WINNER,Rwanda won,,,20
1429624,2024-04-22,female,T20,Lesotho,Rwanda,"Botswana Cricket Association Oval 1, Gaborone",Gaborone,,Lesotho,bat,Rwanda,WINNER,Rwanda won,,,20
1429625,2024-04-22,female,T20,Mozambique,Botswana,"Botswana Cricket Association Oval 2, Gaborone",Gaborone,,Mozambique,bat,Botswana,WINNER,Botswana won,,,20
1429626,2024-04-23,female,T20,Botswana,Rwanda,"Botswana Cricket Association Oval 1, Gaborone",Gaborone,,Botswana,bat,Rwanda,WINNER,Rwanda won,,,20
1429627,2024-04-23,female,T20,Mozambique,Lesotho,"Botswana Cricket Association Oval 2, Gaborone",Gaborone,,Lesotho,field,Mozambique,WINNER,Mozambique won,,,20
1429628,2024-04-23,female,T20,Mozambique,Botswana,"Botswana Cricket Association Oval 1, Gaborone",Gaborone,,Mozambique,bat,Botswana,WINNER,Botswana won,,,20
1429013,2024-04-24,female,T20,Indonesia,Mongolia,Udayana Cricket Ground,Bali,,Indonesia,bat,Indonesia,WINNER,Indonesia won,,,20
1429014,2024-04-24,female,T20,Mongolia,Indonesia,Udayana Cricket Ground,Bali,,Mongolia,bat,Indonesia,WINNER,Indonesia won,,,20
1424832,2024-04-25,male,T20,New Zealand,Pakistan,"Gaddafi Stadium, Lahore",Lahore,,Pakistan,field,New Zealand,WINNER,New Zealand won,,,20
1425638,2024-04-25,female,T20,Sri Lanka,Thailand,"Tolerance Oval, Abu Dhabi",Abu Dhabi,,Sri Lanka,bat,Sri Lanka,WINNER,Sri Lanka won,,,20
1425639,2024-04-25,female,T20,United Arab Emirates,Ireland,"Zayed Cricket Stadium, Abu Dhabi",Abu Dhabi,,Ireland,field,Ireland,WINNER,Ireland won,,,20
1425640,2024-04-25,female,T20,Scotland,Uganda,"Tolerance Oval, Abu Dhabi",Abu Dhabi,,Uganda,field,Scotland,WINNER,Scotland won,,,20
1425641,2024-04-25,female,T20,Zimbabwe,Vanuatu,"Zayed Cricket Stadium, Abu Dhabi",Abu Dhabi,,Zimbabwe,bat,Vanuatu,WINNER,Vanuatu won,,,20
1429630,2024-04-25,female,T20,Mozambique,Rwanda,"Botswana Cricket Association Oval 1, Gaborone",Gaborone,,Mozambique,bat,Rwanda,WINNER,Rwanda won,,,20
1429631,2024-04-25,female,T20,Botswana,Lesotho,"Botswana Cricket Association Oval 2, Gaborone",Gaborone,,Botswana,bat,Botswana,WINNER,Botswana won,,,20
1429632,2024-04-25,female,T20,Botswana,Rwanda,"Botswana Cricket Association Oval 1, Gaborone",Gaborone,,Rwanda,field,Rwanda,WINNER,Rwanda won,,,20
1426084,2024-04-26,female,T20,West Indies,Pakistan,"National Stadium, Karachi",Karachi,,West Indies,bat,West Indies,WINNER,West Indies won,,,20
1429634,2024-04-26,female,T20,Mozambique,Lesotho,"Botswana Cricket Association Oval 1, Gaborone",Gaborone,,Mozambique,bat,Mozambique,WINNER,Mozambique won,,,20
1429635,2024-04-26,female,T20,Botswana,Rwanda,"Botswana Cricket Association Oval 1, Gaborone",Gaborone,,Rwanda,field,Rwanda,WINNER,Rwanda won,,,20
1424833,2024-04-27,male,T20,Pakistan,New Zealand,"Gaddafi Stadium, Lahore",Lahore,,New Zealand,field,Pakistan,WINNER,Pakistan won,,,20
1425642,2024-04-27,female,T20,Netherlands,Vanuatu,"Tolerance Oval, Abu Dhabi",Abu Dhabi,,Netherlands,bat,Netherlands,WINNER,Netherlands won,,,20
1425643,2024-04-27,female,T20,United States of America,Uganda,"Zayed Cricket Stadium, Abu Dhabi",Abu Dhabi,,United States of America,bat,Uganda,WINNER,Uganda won,,,20
1425644,2024-04-27,female,T20,United Arab Emirates,Zimbabwe,"Tolerance Oval, Abu Dhabi",Abu Dhabi,,United Arab Emirates,bat,Zimbabwe,WINNER,Zimbabwe won,,,20
1425645,2024-04-27,female,T20,Scotland,Sri Lanka,"Zayed Cricket Stadium, Abu Dhabi",Abu Dhabi,,Sri Lanka,field,Sri Lanka,WINNER,Sri Lanka won,,,20
1426085,2024-04-28,female,T20,Pakistan,West Indies,"National Stadium, Karachi",Karachi,,Pakistan,bat,West Indies,WINNER,West Indies won,,,20
1429393,2024-04-28,female,T20,India,Bangladesh,Sylhet International Cricket Stadium,Sylhet,,India,bat,India,WINNER,India won,,,20
1425646,2024-04-29,female,T20,Scotland,United States of America,"Tolerance Oval, Abu Dhabi",Abu Dhabi,,United States of America,field,Scotland,WINNER,Scotland won,,,20
1425647,2024-04-29,female,T20,Ireland,Zimbabwe,"Zayed Cricket Stadium, Abu Dhabi",Abu Dhabi,,Zimbabwe,field,Ireland,WINNER,Ireland won,,,20
1425648,2024-04-29,female,T20,Uganda,Thailand,"Tolerance Oval, Abu Dhabi",Abu Dhabi,,Thailand,field,Thailand,WINNER,Thailand won,,,20
1425649,2024-04-29,female,T20,Netherlands,United Arab Emirates,"Zayed Cricket Stadium, Abu Dhabi",Abu Dhabi,,Netherlands,bat,United Arab Emirates,WINNER,United Arab Emirates won,,,20
1426086,2024-04-30,female,T20,West Indies,Pakistan,"National Stadium, Karachi",Karachi,,Pakistan,field,West Indies,WINNER,West Indies won,,,20
1429394,2024-04-30,female,T20,Bangladesh,India,Sylhet International Cricket Stadium,Sylhet,,Bangladesh,bat,India,WINNER,India won,D/L,,20
1425650,2024-05-01,female,T20,Netherlands,Zimbabwe,"Tolerance Oval, Abu Dhabi",Abu Dhabi,,Netherlands,bat,Netherlands,WINNER,Netherlands won,,,20
1425651,2024-05-01,female,T20,Sri Lanka,Uganda,"Zayed Cricket Stadium, Abu Dhabi",Abu Dhabi,,Sri Lanka,bat,Sri Lanka,WINNER,Sri Lanka won,,,20
1425652,2024-05-01,female,T20,Vanuatu,Ireland,"Tolerance Oval, Abu Dhabi",Abu Dhabi,,Ireland,field,Ireland,WINNER,Ireland won,,,20
1425653,2024-05-01,female,T20,United States of America,Thailand,"Zayed Cricket Stadium, Abu Dhabi",Abu Dhabi,,Thailand,field,Thailand,WINNER,Thailand won,,,20
1431607,2024-05-01,male,T20,Thailand,Indonesia,Udayana Cricket Ground,Bali,,Indonesia,field,Thailand,WINNER,Thailand won,,,20
1426087,2024-05-02,female,T20,West Indies,Pakistan,"National Stadium, Karachi",Karachi,,West Indies,bat,Pakistan,WINNER,Pakistan won,,,20
1429395,2024-05-02,female,T20,Bangladesh,India,Sylhet International Cricket Stadium,Sylhet,,India,field,India,WINNER,India won,,,20
1431608,2024-05-02,male,T20,Thailand,Indonesia,Udayana Cricket Ground,Bali,,Thailand,bat,Indonesia,WINNER,Indonesia won,,,20
1425126,2024-05-03,male,T20,Zimbabwe,Bangladesh,"Zahur Ahmed Chowdhury Stadium, Chattogram",Chattogram,,Bangladesh,field,Bangladesh,WINNER,Bangladesh won,,,20
1425654,2024-05-03,female,T20,Thailand,Scotland,"Tolerance Oval, Abu Dhabi",Abu Dhabi,,Thailand,bat,Scotland,WINNER,Scotland won,,,20
1425655,2024-05-03,female,T20,United Arab Emirates,Vanuatu,"Zayed Cricket Stadium, Abu Dhabi",Abu Dhabi,,Vanuatu,field,United Arab Emirates,WINNER,United Arab Emirates won,,,20
1425656,2024-05-03,female,T20,Sri Lanka,United States of America,"Tolerance Oval, Abu Dhabi",Abu Dhabi,,Sri Lanka,bat,Sri Lanka,WINNER,Sri Lanka won,,,20
1425657,2024-05-03,female,T20,Ireland,Netherlands,"Zayed Cricket Stadium, Abu Dhabi",Abu Dhabi,,Ireland,bat,Ireland,WINNER,Ireland won,,,20
1426088,2024-05-03,female,T20,Pakistan,West Indies,"National Stadium, Karachi",Karachi,,West Indies,field,West Indies,WINNER,West Indies won,,,20
1431609,2024-05-04,male,T20,Indonesia,Thailand,Udayana Cricket Ground,Bali,,Thailand,field,Indonesia,WINNER,Indonesia won,,,20
1425127,2024-05-05,male,T20,Zimbabwe,Bangladesh,"Zahur Ahmed Chowdhury Stadium, Chattogram",Chattogram,,Bangladesh,field,Bangladesh,WINNER,Bangladesh won,,,20
1425658,2024-05-05,female,T20,Ireland,Scotland,"Zayed Cricket Stadium, Abu Dhabi",Abu Dhabi,,Ireland,bat,Scotland,WINNER,Scotland won,,,20
1425659,2024-05-05,female,T20,Sri Lanka,United Arab Emirates,"Zayed Cricket Stadium, Abu Dhabi",Abu Dhabi,,United Arab Emirates,field,Sri Lanka,WINNER,Sri Lanka won,,,20
1431610,2024-05-05,male,T20,Thailand,Indonesia,Udayana Cricket Ground,Bali,,Indonesia,field,Thailand,WINNER,Thailand won,,,20
1429396,2024-05-06,female,T20,India,Bangladesh,Sylhet International Cricket Stadium,Sylhet,,Bangladesh,field,India,WINNER,India won,D/L,,20
1431611,2024-05-06,male,T20,Indonesia,Thailand,Udayana Cricket Ground,Bali,,Indonesia,bat,Thailand,WINNER,Thailand won,,,20
1425128,2024-05-07,male,T20,Bangladesh,Zimbabwe,"Zahur Ahmed Chowdhury Stadium, Chattogram",Chattogram,,Zimbabwe,field,Bangladesh,WINNER,Bangladesh won,,,20
1425660,2024-05-07,female,T20,Sri Lanka,Scotland,"Zayed Cricket Stadium, Abu Dhabi",Abu Dhabi,,Scotland,field,Sri Lanka,WINNER,Sri Lanka won,,,20
1431120,2024-05-07,male,T20,Japan,Mongolia,Sano International Cricket Ground,Sano,,Japan,bat,Japan,WINNER,Japan won,,,20
1431121,2024-05-08,male,T20,Japan,Mongolia,Sano International Cricket Ground,Sano,,Japan,bat,Japan,WINNER,Japan won,,,20
1431122,2024-05-08,male,T20,Japan,Mongolia,Sano International Cricket Ground,Sano,,Japan,bat,,NO_RESULT,No result,,,20
1429397,2024-05-09,female,T20,India,Bangladesh,Sylhet International Cricket Stadium,Sylhet,,India,bat,India,WINNER,India won,,,20
1431123,2024-05-09,male,T20,Mongolia,Japan,Sano International Cricket Ground,Sano,,Mongolia,bat,Japan,WINNER,Japan won,,,20
1432194,2024-05-09,male,T20,France,Malta,Dreux Sport Cricket Club,Dreux,,France,bat,France,WINNER,France won,,,20
1432195,2024-05-09,male,T20,France,Malta,Dreux Sport Cricket Club,Dreux,,France,bat,France,WINNER,France won,,,20
1425129,2024-05-10,male,T20,Bangladesh,Zimbabwe,"Shere Bangla National Stadium, Mirpur",Dhaka,,Zimbabwe,field,Bangladesh,WINNER,Bangladesh won,,,20
1426830,2024-05-10,male,T20,Pakistan,Ireland,"Castle Avenue, Dublin",Dublin,,Ireland,field,Ireland,WINNER,Ireland won,,,20
1432196,2024-05-10,male,T20,Belgium,France,Dreux Sport Cricket Club,Dreux,,Belgium,bat,France,TIED,Tied; France won via Super Over,,France,20
1432197,2024-05-10,male,T20,Belgium,Malta,Dreux Sport Cricket Club,Dreux,,Belgium,bat,Belgium,WINNER,Belgium won,,,20
1398268,2024-05-11,female,T20,England,Pakistan,"Edgbaston, Birmingham",Birmingham,,Pakistan,field,England,WINNER,England won,,,20
1431124,2024-05-11,male,T20,Japan,Mongolia,Sano International Cricket Ground,Sano,,Japan,bat,Japan,WINNER,Japan won,,,20
1431125,2024-05-11,male,T20,Japan,Mongolia,Sano International Cricket Ground,Sano,,Japan,bat,Japan,WINNER,Japan won,,,20
1432198,2024-05-11,male,T20,Malta,Belgium,Dreux Sport Cricket Club,Dreux,,Malta,bat,Belgium,WINNER,Belgium won,,,20
1432199,2024-05-11,male,T20,Belgium,France,Dreux Sport Cricket Club,Dreux,,Belgium,bat,France,WINNER,France won,,,20
1425130,2024-05-12,male,T20,Bangladesh,Zimbabwe,"Shere Bangla National Stadium, Mirpur",Dhaka,,Zimbabwe,field,Zimbabwe,WINNER,Zimbabwe won,,,20
1426831,2024-05-12,male,T20,Ireland,Pakistan,"Castle Avenue, Dublin",Dublin,,Pakistan,field,Pakistan,WINNER,Pakistan won,,,20
1431126,2024-05-12,male,T20,Japan,Mongolia,Sano International Cricket Ground,Sano,,Japan,bat,Japan,WINNER,Japan won,,,20
1432200,2024-05-12,male,T20,France,Belgium,Dreux Sport Cricket Club,Dreux,,France,bat,Belgium,WINNER,Belgium won,D/L,,20
1426832,2024-05-14,male,T20,Ireland,Pakistan,"Castle Avenue, Dublin",Dublin,,Pakistan,field,Pakistan,WINNER,Pakistan won,,,20
1398269,2024-05-17,female,T20,England,Pakistan,"County Ground, Northampton",Northampton,,England,bat,England,WINNER,England won,,,20
1428151,2024-05-18,male,T20,Netherlands,Scotland,"Sportpark Westvliet, The Hague",The Hague,,Scotland,field,Netherlands,WINNER,Netherlands won,,,20
1398270,2024-05-19,female,T20,England,Pakistan,"Headingley, Leeds",Leeds,,England,bat,England,WINNER,England won,,,20
1428152,2024-05-19,male,T20,Ireland,Netherlands,"Sportpark Westvliet, The Hague",The Hague,,Netherlands,field,Ireland,WINNER,Ireland won,,,20
1425131,2024-05-21,male,T20,Bangladesh,United States of America,Prairie View Cricket Complex,Houston,,United States of America,field,United States of America,WINNER,United States of America won,,,20
1428154,2024-05-22,male,T20,Scotland,Netherlands,"Sportpark Westvliet, The Hague",The Hague,,Netherlands,field,Scotland,WINNER,Scotland won,,,20
1425132,2024-05-23,male,T20,United States of America,Bangladesh,Prairie View Cricket Complex,Houston,,Bangladesh,field,United States of America,WINNER,United States of America won,,,20
1428155,2024-05-23,male,T20,Scotland,Ireland,"Sportpark Westvliet, The Hague",The Hague,,Scotland,bat,Ireland,WINNER,Ireland won,,,20
1433362,2024-05-23,male,T20,West Indies,South Africa,"Sabina Park, Kingston, Jamaica",Kingston,,South Africa,field,West Indies,WINNER,West Indies won,,,20
1428156,2024-05-24,male,T20,Ireland,Netherlands,"Sportpark Westvliet, The Hague",The Hague,,Netherlands,field,Ireland,WINNER,Ireland won,,,20
1434155,2024-05-24,male,T20,Bulgaria,Gibraltar,"Moara Vlasiei Cricket Ground, Ilfov County",Ilfov County,,Gibraltar,field,Gibraltar,WINNER,Gibraltar won,,,20
1434157,2024-05-24,male,T20,Bulgaria,Romania,"Moara Vlasiei Cricket Ground, Ilfov County",Ilfov County,,Bulgaria,bat,Romania,WINNER,Romania won,,,20
1385688,2024-05-25,male,T20,England,Pakistan,"Edgbaston, Birmingham",Birmingham,,Pakistan,field,England,WINNER,England won,,,20
1425133,2024-05-25,male,T20,United States of America,Bangladesh,Prairie View Cricket Complex,Houston,,Bangladesh,field,Bangladesh,WINNER,Bangladesh won,,,20
1433363,2024-05-25,male,T20,West Indies,South Africa,"Sabina Park, Kingston, Jamaica",Kingston,,West Indies,bat,West Indies,WINNER,West Indies won,,,20
1434160,2024-05-25,male,T20,Romania,Gibraltar,"Moara Vlasiei Cricket Ground, Ilfov County",Ilfov County,,Romania,bat,Gibraltar,WINNER,Gibraltar won,,,20
1433364,2024-05-26,male,T20,South Africa,West Indies,"Sabina Park, Kingston, Jamaica",Kingston,,South Africa,bat,West Indies,WINNER,West Indies won,,,20
1434161,2024-05-26,male,T20,Romania,Bulgaria,"Moara Vlasiei Cricket Ground, Ilfov County",Ilfov County,,Bulgaria,field,Romania,WINNER,Romania won,,,20
1433772,2024-05-28,female,T20,Netherlands,Italy,"Sportpark Harga, Schiedam",Schiedam,,Netherlands,bat,Netherlands,WINNER,Netherlands won,,,20
1385690,2024-05-30,male,T20,Pakistan,England,"Kennington Oval, London",London,,England,field,England,WINNER,England won,,,20
1433775,2024-05-30,female,T20,Italy,Netherlands,"Sportpark Harga, Schiedam",Schiedam,,Italy,bat,Netherlands,WINNER,Netherlands won,,,20
1435618,2024-05-30,female,T20,Rwanda,Cameroon,"Gahanga International Cricket Stadium, Rwanda",Kigali City,,Rwanda,bat,Rwanda,WINNER,Rwanda won,,,20
1435620,2024-05-30,female,T20,Uganda,Botswana,"Gahanga International Cricket Stadium, Rwanda",Kigali City,,Uganda,bat,Uganda,WINNER,Uganda won,,,20
1435623,2024-05-31,female,T20,Uganda,Nigeria,"Gahanga B Ground, Rwanda",Kigali City,,Nigeria,field,Uganda,WINNER,Uganda won,,,20
1435624,2024-05-31,female,T20,Botswana,Cameroon,"Gahanga International Cricket Stadium, Rwanda",Kigali City,,Botswana,bat,Botswana,WINNER,Botswana won,,,20
1435625,2024-05-31,female,T20,Malawi,Rwanda,"Gahanga B Ground, Rwanda",Kigali City,,Malawi,bat,Rwanda,WINNER,Rwanda won,,,20
1415701,2024-06-01,male,T20,Canada,United States of America,"Grand Prairie Stadium, Dallas",Dallas,,United States of America,field,United States of America,WINNER,United States of America won,,,20
1435626,2024-06-01,female,T20,Rwanda,Botswana,"Gahanga International Cricket Stadium, Rwanda",Kigali City,,Rwanda,bat,Rwanda,WINNER,Rwanda won,,,20
1435627,2024-06-01,female,T20,Kenya,Malawi,"Gahanga B Ground, Rwanda",Kigali City,,Kenya,bat,Kenya,WINNER,Kenya won,,,20
1435628,2024-06-01,female,T20,Cameroon,Nigeria,"Gahanga International Cricket Stadium, Rwanda",Kigali City,,Cameroon,bat,Nigeria,WINNER,Nigeria won,,,20
1415702,2024-06-02,male,T20,Papua New Guinea,West Indies,"Providence Stadium, Guyana",Providence,,West Indies,field,West Indies,WINNER,West Indies won,,,20
1415703,2024-06-02,male,T20,Oman,Namibia,"Kensington Oval, Bridgetown, Barbados",Bridgetown,,Namibia,field,Namibia,TIED,Tied; Namibia won via Super Over,,Namibia,20
1435621,2024-06-02,female,T20,Kenya,Nigeria,"Gahanga B Ground, Rwanda",Kigali City,,Nigeria,field,Kenya,WINNER,Kenya won,,,20
1415704,2024-06-03,male,T20,Sri Lanka,South Africa,"Nassau County International Cricket Stadium, New York",New York,,Sri Lanka,bat,South Africa,WINNER,South Africa won,,,20
1435630,2024-06-03,female,T20,Uganda,Malawi,"Gahanga International Cricket Stadium, Rwanda",Kigali City,,Uganda,bat,Uganda,WINNER,Uganda won,,,20
1435632,2024-06-03,female,T20,Botswana,Nigeria,"Gahanga International Cricket Stadium, Rwanda",Kigali City,,Botswana,bat,Nigeria,WINNER,Nigeria won,,,20
1435633,2024-06-03,female,T20,Rwanda,Kenya,"Gahanga B Ground, Rwanda",Kigali City,,Kenya,field,Rwanda,WINNER,Rwanda won,,,20
1415706,2024-06-04,male,T20,Scotland,England,"Kensington Oval, Bridgetown, Barbados",Bridgetown,,Scotland,bat,,NO_RESULT,No result,,,20
1415707,2024-06-04,male,T20,Nepal,Netherlands,"Grand Prairie Stadium, Dallas",Dallas,,Netherlands,field,Netherlands,WINNER,Netherlands won,,,20
1435634,2024-06-04,female,T20,Nigeria,Rwanda,"Gahanga International Cricket Stadium, Rwanda",Kigali City,,Nigeria,bat,Nigeria,WINNER,Nigeria won,,,20
1435635,2024-06-04,female,T20,Kenya,Uganda,"Gahanga B Ground, Rwanda",Kigali City,,Kenya,bat,Uganda,WINNER,Uganda won,,,20
1435637,2024-06-04,female,T20,Cameroon,Malawi,"Gahanga B Ground, Rwanda",Kigali City,,Cameroon,bat,Malawi,WINNER,Malawi won,,,20
1415708,2024-06-05,male,T20,Ireland,India,"Nassau County International Cricket Stadium, New York",New York,,India,field,India,WINNER,India won,,,20
1415709,2024-06-05,male,T20,Papua New Guinea,Uganda,"Providence Stadium, Guyana",Providence,,Uganda,field,Uganda,WINNER,Uganda won,,,20
1415710,2024-06-05,male,T20,Australia,Oman,"Kensington Oval, Bridgetown, Barbados",Bridgetown,,Oman,field,Australia,WINNER,Australia won,,,20
1435638,2024-06-05,female,T20,Cameroon,Kenya,"Gahanga International Cricket Stadium, Rwanda",Kigali City,,Cameroon,bat,Kenya,WINNER,Kenya won,,,20
1435639,2024-06-05,female,T20,Botswana,Malawi,"Gahanga B Ground, Rwanda",Kigali City,,Malawi,field,Botswana,WINNER,Botswana won,,,20
1435640,2024-06-05,female,T20,Uganda,Rwanda,"Gahanga International Cricket Stadium, Rwanda",Kigali City,,Uganda,bat,Uganda,WINNER,Uganda won,,,20
1415711,2024-06-06,male,T20,Pakistan,United States of America,"Grand Prairie Stadium, Dallas",Dallas,,United States of America,field,United States of America,TIED,Tied; United States of America won via Super Over,,United States of America,20
1415712,2024-06-06,male,T20,Namibia,Scotland,"Kensington Oval, Bridgetown, Barbados",Bridgetown,,Namibia,bat,Scotland,WINNER,Scotland won,,,20
1415713,2024-06-07,male,T20,Canada,Ireland,"Nassau County International Cricket Stadium, New York",New York,,Ireland,field,Canada,WINNER,Canada won,,,20
1415715,2024-06-07,male,T20,Sri Lanka,Bangladesh,"Grand Prairie Stadium, Dallas",Dallas,,Bangladesh,field,Bangladesh,WINNER,Bangladesh won,,,20
1435643,2024-06-07,female,T20,Uganda,Cameroon,Gahanga International Cricket Stadium. Rwanda,Kigali City,,Uganda,bat,Uganda,WINNER,Uganda won,,,20
1435644,2024-06-07,female,T20,Nigeria,Malawi,"Gahanga B Ground, Rwanda",Kigali City,,Malawi,field,Nigeria,WINNER,Nigeria won,,,20
1435645,2024-06-07,female,T20,Kenya,Botswana,"Gahanga B Ground, Rwanda",Kigali City,,Kenya,bat,Kenya,WINNER,Kenya won,,,20
1415716,2024-06-08,male,T20,Netherlands,South Africa,"Nassau County International Cricket Stadium, New York",New York,,South Africa,field,South Africa,WINNER,South Africa won,,,20
1415717,2024-06-08,male,T20,Australia,England,"Kensington Oval, Bridgetown, Barbados",Bridgetown,,England,field,Australia,WINNER,Australia won,,,20
1415718,2024-06-08,male,T20,West Indies,Uganda,"Providence Stadium, Guyana",Providence,,West Indies,bat,West Indies,WINNER,West Indies won,,,20
1435646,2024-06-08,female,T20,Cameroon,Malawi,"Gahanga B Ground, Rwanda",Kigali City,,Cameroon,bat,Malawi,WINNER,Malawi won,,,20
1435647,2024-06-08,female,T20,Kenya,Botswana,"Gahanga International Cricket Stadium, Rwanda",Kigali City,,Botswana,field,Kenya,WINNER,Kenya won,,,20
1435648,2024-06-08,female,T20,Nigeria,Rwanda,"Gahanga B Ground, Rwanda",Kigali City,,Nigeria,bat,Rwanda,WINNER,Rwanda won,,,20
1415719,2024-06-09,male,T20,India,Pakistan,"Nassau County International Cricket Stadium, New York",New York,,Pakistan,field,India,WINNER,India won,,,20
1415720,2024-06-09,male,T20,Oman,Scotland,"Sir Vivian Richards Stadium, North Sound, Antigua",North Sound,,Oman,bat,Scotland,WINNER,Scotland won,,,20
1436471,2024-06-09,male,T20,Italy,Luxembourg,Roma Cricket Ground,Spinaceto,,Luxembourg,field,Italy,WINNER,Italy won,,,20
1436472,2024-06-09,male,T20,Portugal,Hungary,"Simar Cricket Ground, Rome",Rome,,Hungary,field,Portugal,WINNER,Portugal won,,,20
1436473,2024-06-09,male,T20,France,Isle of Man,Roma Cricket Ground,Spinaceto,,Isle of Man,field,France,WINNER,France won,,,20
1436474,2024-06-09,male,T20,Austria,Romania,"Simar Cricket Ground, Rome",Rome,,Austria,bat,Romania,WINNER,Romania won,,,20
1415721,2024-06-10,male,T20,South Africa,Bangladesh,"Nassau County International Cricket Stadium, New York",New York,,South Africa,bat,South Africa,WINNER,South Africa won,,,20
1436475,2024-06-10,male,T20,Israel,Austria,Roma Cricket Ground,Spinaceto,,Israel,bat,Austria,WINNER,Austria won,,,20
1436476,2024-06-10,male,T20,Isle of Man,Turkey,"Simar Cricket Ground, Rome",Rome,,Turkey,field,Isle of Man,WINNER,Isle of Man won,,,20
1436477,2024-06-10,male,T20,Portugal,Romania,Roma Cricket Ground,Spinaceto,,Portugal,bat,Romania,WINNER,Romania won,,,20
1436478,2024-06-10,male,T20,France,Italy,"Simar Cricket Ground, Rome",Rome,,Italy,field,Italy,WINNER,Italy won,,,20
1415722,2024-06-11,male,T20,Canada,Pakistan,"Nassau County International Cricket Stadium, New York",New York,,Pakistan,field,Pakistan,WINNER,Pakistan won,,,20
1415724,2024-06-11,male,T20,Namibia,Australia,"Sir Vivian Richards Stadium, North Sound, Antigua",North Sound,,Australia,field,Australia,WINNER,Australia won,,,20
1415725,2024-06-12,male,T20,United States of America,India,"Nassau County International Cricket Stadium, New York",New York,,India,field,India,WINNER,India won,,,20
1415726,2024-06-12,male,T20,West Indies,New Zealand,"Brian Lara Stadium, Tarouba, Trinidad",Tarouba,,New Zealand,field,West Indies,WINNER,West Indies won,,,20
1436479,2024-06-12,male,T20,Isle of Man,Italy,Roma Cricket Ground,Spinaceto,,Isle of Man,bat,Italy,WINNER,Italy won,,,20
1436480,2024-06-12,male,T20,Portugal,Austria,"Simar Cricket Ground, Rome",Rome,,Portugal,bat,Austria,WINNER,Austria won,,,20
1436481,2024-06-12,male,T20,Luxembourg,Turkey,Roma Cricket Ground,Spinaceto,,Turkey,field,Luxembourg,WINNER,Luxembourg won,,,20
1436482,2024-06-12,male,T20,Israel,Hungary,"Simar Cricket Ground, Rome",Rome,,Israel,bat,Hungary,WINNER,Hungary won,,,20
1415727,2024-06-13,male,T20,Bangladesh,Netherlands,"Arnos Vale Ground, Kingstown, St Vincent",Kingstown,,Netherlands,field,Bangladesh,WINNER,Bangladesh won,,,20
1415728,2024-06-13,male,T20,Oman,England,"Sir Vivian Richards Stadium, North Sound, Antigua",North Sound,,England,field,England,WINNER,England won,,,20
1436483,2024-06-13,male,T20,Hungary,Romania,Roma Cricket Ground,Spinaceto,,Romania,field,Romania,WINNER,Romania won,,,20
1436484,2024-06-13,male,T20,France,Luxembourg,"Simar Cricket Ground, Rome",Rome,,France,bat,France,WINNER,France won,,,20
1436485,2024-06-13,male,T20,Portugal,Israel,Roma Cricket Ground,Spinaceto,,Portugal,bat,Israel,WINNER,Israel won,,,20
1436486,2024-06-13,male,T20,Turkey,Italy,"Simar Cricket Ground, Rome",Rome,,Turkey,bat,Italy,WINNER,Italy won,,,20
1415731,2024-06-14,male,T20,South Africa,Nepal,"Arnos Vale Ground, Kingstown, St Vincent",Kingstown,,Nepal,field,South Africa,WINNER,South Africa won,,,20
1415732,2024-06-14,male,T20,Uganda,New Zealand,"Brian Lara Stadium, Tarouba, Trinidad",Tarouba,,New Zealand,field,New Zealand,WINNER,New Zealand won,,,20
1438090,2024-06-14,female,T20,Gibraltar,Czech Republic,"Scott Page Field, Vinor",Prague,,Czech Republic,field,Gibraltar,WINNER,Gibraltar won,,,20
1438091,2024-06-14,female,T20,Croatia,Czech Republic,"Scott Page Field, Vinor",Prague,,Czech Republic,field,Croatia,WINNER,Croatia won,,,20
1438257,2024-06-14,male,T20,Norway,Finland,Kerava National Cricket Ground,Kerava,,Finland,field,Norway,WINNER,Norway won,,,20
1415734,2024-06-15,male,T20,England,Namibia,"Sir Vivian Richards Stadium, North Sound, Antigua",North Sound,,Namibia,field,England,WINNER,England won,D/L,,20
1415735,2024-06-15,male,T20,Scotland,Australia,"Daren Sammy National Cricket Stadium, Gros Islet, St Lucia",Gros Islet,,Australia,field,Australia,WINNER,Australia won,,,20
1436487,2024-06-15,male,T20,Isle of Man,Luxembourg,Roma Cricket Ground,Spinaceto,,Isle of Man,bat,Isle of Man,WINNER,Isle of Man won,,,20
1436488,2024-06-15,male,T20,Austria,Hungary,"Simar Cricket Ground, Rome",Rome,,Hungary,field,Austria,WINNER,Austria won,,,20
1436489,2024-06-15,male,T20,France,Turkey,Roma Cricket Ground,Spinaceto,,Turkey,field,France,WINNER,France won,,,20
1436490,2024-06-15,male,T20,Romania,Israel,"Simar Cricket Ground, Rome",Rome,,Israel,field,Romania,WINNER,Romania won,,,20
1438092,2024-06-15,female,T20,Croatia,Gibraltar,"Scott Page Field, Vinor",Prague,,Croatia,bat,Croatia,WINNER,Croatia won,,,20
1438093,2024-06-15,female,T20,Czech Republic,Croatia,"Scott Page Field, Vinor",Prague,,Czech Republic,bat,Croatia,WINNER,Croatia won,,,20
1438259,2024-06-15,male,T20,Finland,Norway,Kerava National Cricket Ground,Kerava,,Finland,bat,Norway,WINNER,Norway won,,,20
1415736,2024-06-16,male,T20,Ireland,Pakistan,"Central Broward Regional Park Stadium Turf Ground, Lauderhill",Lauderhill,,Pakistan,field,Pakistan,WINNER,Pakistan won,,,20
1415737,2024-06-16,male,T20,Bangladesh,Nepal,"Arnos Vale Ground, Kingstown, St Vincent",Kingstown,,Nepal,field,Bangladesh,WINNER,Bangladesh won,,,20
1415738,2024-06-16,male,T20,Sri Lanka,Netherlands,"Daren Sammy National Cricket Stadium, Gros Islet, St Lucia",Gros Islet,,Netherlands,field,Sri Lanka,WINNER,Sri Lanka won,,,20
1436491,2024-06-16,male,T20,Luxembourg,Israel,Roma Cricket Ground,Spinaceto,,Luxembourg,bat,Israel,WINNER,Israel won,,,20
1436492,2024-06-16,male,T20,France,Austria,"Simar Cricket Ground, Rome",Rome,,Austria,field,Austria,WINNER,Austria won,,,20
1436493,2024-06-16,male,T20,Portugal,Isle of Man,Roma Cricket Ground,Spinaceto,,Portugal,bat,Portugal,WINNER,Portugal won,,,20
1436494,2024-06-16,male,T20,Italy,Romania,"Simar Cricket Ground, Rome",Rome,,Romania,field,Italy,WINNER,Italy won,,,20
1438073,2024-06-16,male,T20,Denmark,Jersey,"Svanholm Park, Brondby",Brondby,,Jersey,field,Jersey,WINNER,Jersey won,,,20
1438074,2024-06-16,male,T20,Jersey,Denmark,"Svanholm Park, Brondby",Brondby,,Denmark,field,Jersey,WINNER,Jersey won,,,20
1438094,2024-06-16,female,T20,Croatia,Gibraltar,"Scott Page Field, Vinor",Prague,,Croatia,bat,Gibraltar,WINNER,Gibraltar won,,,20
1438095,2024-06-16,female,T20,Gibraltar,Czech Republic,"Scott Page Field, Vinor",Prague,,Gibraltar,bat,Gibraltar,WINNER,Gibraltar won,,,20
1438262,2024-06-16,male,T20,Finland,Norway,Kerava National Cricket Ground,Kerava,,Finland,bat,Norway,WINNER,Norway won,,,20
1415739,2024-06-17,male,T20,Papua New Guinea,New Zealand,"Brian Lara Stadium, Tarouba, Trinidad",Tarouba,,New Zealand,field,New Zealand,WINNER,New Zealand won,,,20
1438075,2024-06-17,male,T20,Cyprus,Estonia,Happy Valley Ground,Episkopi,,Cyprus,bat,Estonia,WINNER,Estonia won,,,20
1438076,2024-06-17,male,T20,Cyprus,Estonia,Happy Valley Ground,Episkopi,,Cyprus,bat,Estonia,WINNER,Estonia won,,,20
1438097,2024-06-17,female,T20,Estonia,Cyprus,Happy Valley Ground,Episkopi,,Estonia,bat,Cyprus,WINNER,Cyprus won,,,20
1438102,2024-06-17,female,T20,Netherlands,Hong Kong,"Sportpark Maarschalkerweerd, Utrecht",Utrecht,,Netherlands,bat,Netherlands,WINNER,Netherlands won,,,20
1438077,2024-06-18,male,T20,Cyprus,Estonia,Happy Valley Ground,Episkopi,,Estonia,field,Cyprus,WINNER,Cyprus won,,,20
1438078,2024-06-18,male,T20,Estonia,Cyprus,Happy Valley Ground,Episkopi,,Estonia,bat,Estonia,WINNER,Estonia won,,,20
1438099,2024-06-18,female,T20,Cyprus,Estonia,Happy Valley Ground,Episkopi,,Estonia,field,Cyprus,WINNER,Cyprus won,,,20
1438103,2024-06-18,female,T20,Hong Kong,Netherlands,"Sportpark Maarschalkerweerd, Utrecht",Utrecht,,Netherlands,field,Netherlands,WINNER,Netherlands won,,,20
1415741,2024-06-19,male,T20,South Africa,United States of America,"Sir Vivian Richards Stadium, North Sound, Antigua",North Sound,,United States of America,field,South Africa,WINNER,South Africa won,,,20
1415742,2024-06-19,male,T20,West Indies,England,"Daren Sammy National Cricket Stadium, Gros Islet, St Lucia",Gros Islet,,England,field,England,WINNER,England won,,,20
1438079,2024-06-19,male,T20,Estonia,Cyprus,Happy Valley Ground,Episkopi,,Cyprus,field,Cyprus,WINNER,Cyprus won,,,20
1438080,2024-06-19,male,T20,Estonia,Cyprus,Happy Valley Ground,Episkopi,,Estonia,bat,Estonia,WINNER,Estonia won,,,20
1438101,2024-06-19,female,T20,Cyprus,Estonia,Happy Valley Ground,Episkopi,,Estonia,field,Cyprus,WINNER,Cyprus won,,,20
1438104,2024-06-19,female,T20,Hong Kong,Netherlands,"Sportpark Maarschalkerweerd, Utrecht",Utrecht,,Netherlands,field,Netherlands,WINNER,Netherlands won,,,20
1438105,2024-06-19,female,T20,Netherlands,Hong Kong,"Sportpark Maarschalkerweerd, Utrecht",Utrecht,,Netherlands,bat,Netherlands,WINNER,Netherlands won,,,20
1415744,2024-06-20,male,T20,Bangladesh,Australia,"Sir Vivian Richards Stadium, North Sound, Antigua",North Sound,,Australia,field,Australia,WINNER,Australia won,D/L,,20
1415745,2024-06-21,male,T20,South Africa,England,"Daren Sammy National Cricket Stadium, Gros Islet, St Lucia",Gros Islet,,England,field,South Africa,WINNER,South Africa won,,,20
1415746,2024-06-21,male,T20,United States of America,West Indies,"Kensington Oval, Bridgetown, Barbados",Bridgetown,,West Indies,field,West Indies,WINNER,West Indies won,,,20
1415747,2024-06-22,male,T20,India,Bangladesh,"Sir Vivian Richards Stadium, North Sound, Antigua",North Sound,,Bangladesh,field,India,WINNER,India won,,,20
1440129,2024-06-22,male,T20,Guernsey,Jersey,"King George V Sports Ground, Castel",Castel,,Jersey,field,Jersey,WINNER,Jersey won,,,20
1440130,2024-06-22,male,T20,Guernsey,Jersey,"King George V Sports Ground, Castel",Castel,,Jersey,field,Jersey,WINNER,Jersey won,,,20
1415749,2024-06-23,male,T20,United States of America,England,"Kensington Oval, Bridgetown, Barbados",Bridgetown,,England,field,England,WINNER,England won,,,20
1415750,2024-06-23,male,T20,West Indies,South Africa,"Sir Vivian Richards Stadium, North Sound, Antigua",North Sound,,South Africa,field,South Africa,WINNER,South Africa won,D/L,,20
1440131,2024-06-23,male,T20,Jersey,Guernsey,"Guernsey Rovers Athletic Club Ground, Port Soif",Port  Soif,,Guernsey,field,Guernsey,WINNER,Guernsey won,,,20
1415751,2024-06-24,male,T20,India,Australia,"Daren Sammy National Cricket Stadium, Gros Islet, St Lucia",Gros Islet,,Australia,field,India,WINNER,India won,,,20
1436889,2024-06-24,female,T20,West Indies,Sri Lanka,"Mahinda Rajapaksa International Cricket Stadium, Sooriyawewa, Hambantota",Hambantota,,Sri Lanka,field,Sri Lanka,WINNER,Sri Lanka won,,,20
1436890,2024-06-26,female,T20,Sri Lanka,West Indies,"Mahinda Rajapaksa International Cricket Stadium, Sooriyawewa, Hambantota",Hambantota,,West Indies,field,West Indies,WINNER,West Indies won,D/L,,20
1415754,2024-06-27,male,T20,India,England,"Providence Stadium, Guyana",Providence,,England,field,India,WINNER,India won,,,20
1436891,2024-06-28,female,T20,Sri Lanka,West Indies,"Mahinda Rajapaksa International Cricket Stadium, Sooriyawewa, Hambantota",Hambantota,,West Indies,field,West Indies,WINNER,West Indies won,,,20
1441133,2024-06-28,male,T20,Malawi,Rwanda,"Sikh Union Club Ground, Nairobi",Nairobi,,Malawi,bat,Malawi,WINNER,Malawi won,,,20
1415755,2024-06-29,male,T20,India,South Africa,"Kensington Oval, Bridgetown, Barbados",Bridgetown,,India,bat,India,WINNER,India won,,,20
1441135,2024-06-29,male,T20,Rwanda,Kenya,"Sikh Union Club Ground, Nairobi",Nairobi,,Rwanda,bat,Kenya,WINNER,Kenya won,,,20
1441136,2024-07-01,male,T20,Malawi,Kenya,"Sikh Union Club Ground, Nairobi",Nairobi,,Kenya,field,Kenya,WINNER,Kenya won,,,20
1440443,2024-07-02,female,T20,Indonesia,Bhutan,Udayana Cricket Ground,Bali,,Bhutan,field,Indonesia,WINNER,Indonesia won,,,20
1440444,2024-07-02,female,T20,Singapore,Indonesia,Udayana Cricket Ground,Bali,,Singapore,bat,Indonesia,WINNER,Indonesia won,,,20
1440446,2024-07-03,female,T20,Bhutan,Indonesia,Udayana Cricket Ground,Bali,,Bhutan,bat,Indonesia,WINNER,Indonesia won,D/L,,20
1441140,2024-07-03,male,T20,Rwanda,Kenya,"Sikh Union Club Ground, Nairobi",Nairobi,,Rwanda,bat,Kenya,WINNER,Kenya won,,,20
1434291,2024-07-05,female,T20,South Africa,India,"MA Chidambaram Stadium, Chepauk, Chennai",Chennai,,India,field,South Africa,WINNER,South Africa won,,,20
1440447,2024-07-05,female,T20,Indonesia,Singapore,Udayana Cricket Ground,Bali,,Indonesia,bat,Indonesia,WINNER,Indonesia won,,,20
1441145,2024-07-05,male,T20,Kenya,Rwanda,"Sikh Union Club Ground, Nairobi",Nairobi,,Kenya,bat,Kenya,WINNER,Kenya won,,,20
1398277,2024-07-06,female,T20,England,New Zealand,"The Rose Bowl, Southampton",Southampton,,New Zealand,field,England,WINNER,England won,,,20
1420223,2024-07-06,male,T20,Zimbabwe,India,Harare Sports Club,Harare,,India,field,Zimbabwe,WINNER,Zimbabwe won,,,20
1440448,2024-07-06,female,T20,Bhutan,Singapore,Udayana Cricket Ground,Bali,,Bhutan,bat,Singapore,WINNER,Singapore won,,,20
1420224,2024-07-07,male,T20,India,Zimbabwe,Harare Sports Club,Harare,,India,bat,India,WINNER,India won,,,20
1434292,2024-07-07,female,T20,South Africa,India,"MA Chidambaram Stadium, Chepauk, Chennai",Chennai,,India,field,,NO_RESULT,No result,,,20
1439813,2024-07-07,male,T20,Jersey,Serbia,Bayer Uerdingen Cricket Ground,Krefeld,,Jersey,bat,Jersey,WINNER,Jersey won,,,20
1439815,2024-07-07,male,T20,Switzerland,Belgium,Bayer Uerdingen Cricket Ground,Krefeld,,Belgium,field,Belgium,WINNER,Belgium won,,,20
1440449,2024-07-07,female,T20,Indonesia,Bhutan,Udayana Cricket Ground,Bali,,Bhutan,field,Bhutan,WINNER,Bhutan won,,,20
1440450,2024-07-07,female,T20,Indonesia,Singapore,Udayana Cricket Ground,Bali,,Singapore,field,Indonesia,WINNER,Indonesia won,,,20
1439814,2024-07-08,male,T20,Germany,Gibraltar,Bayer Uerdingen Cricket Ground,Krefeld,,Gibraltar,field,Germany,WINNER,Germany won,,,20
1439816,2024-07-08,male,T20,Norway,Sweden,Bayer Uerdingen Cricket Ground,Krefeld,,Sweden,field,Norway,WINNER,Norway won,,,20
1439818,2024-07-08,male,T20,Croatia,Belgium,Bayer Uerdingen Cricket Ground,Krefeld,,Croatia,bat,Croatia,WINNER,Croatia won,D/L,,20
1440451,2024-07-08,female,T20,Bhutan,Singapore,Udayana Cricket Ground,Bali,,Singapore,field,Bhutan,WINNER,Bhutan won,,,20
1398278,2024-07-09,female,T20,England,New Zealand,"County Ground, Hove",Brighton,,New Zealand,field,England,WINNER,England won,D/L,,20
1434293,2024-07-09,female,T20,South Africa,India,"MA Chidambaram Stadium, Chepauk, Chennai",Chennai,,India,field,India,WINNER,India won,,,20
1439817,2024-07-09,male,T20,Slovenia,Norway,Bayer Uerdingen Cricket Ground,Krefeld,,Slovenia,bat,Norway,WINNER,Norway won,,,20
1439819,2024-07-09,male,T20,Germany,Sweden,Bayer Uerdingen Cricket Ground,Krefeld,,Germany,bat,Germany,WINNER,Germany won,,,20
1439820,2024-07-09,male,T20,Jersey,Switzerland,Bayer Uerdingen Cricket Ground,Krefeld,,Jersey,bat,Jersey,WINNER,Jersey won,,,20
1420225,2024-07-10,male,T20,India,Zimbabwe,Harare Sports Club,Harare,,India,bat,India,WINNER,India won,,,20
1439821,2024-07-10,male,T20,Jersey,Belgium,Bayer Uerdingen Cricket Ground,Krefeld,,Belgium,field,Jersey,WINNER,Jersey won,,,20
1439823,2024-07-10,male,T20,Croatia,Serbia,Bayer Uerdingen Cricket Ground,Krefeld,,Serbia,field,Croatia,WINNER,Croatia won,,,20
1439824,2024-07-10,male,T20,Gibraltar,Slovenia,Bayer Uerdingen Cricket Ground,Krefeld,,Gibraltar,bat,Slovenia,WINNER,Slovenia won,,,20
1398279,2024-07-11,female,T20,New Zealand,England,"St Lawrence Ground, Canterbury",Canterbury,,England,field,England,WINNER,England won,,,20
1439822,2024-07-11,male,T20,Norway,Germany,Bayer Uerdingen Cricket Ground,Krefeld,,Germany,field,Norway,WINNER,Norway won,,,20
1439825,2024-07-11,male,T20,Gibraltar,Sweden,Bayer Uerdingen Cricket Ground,Krefeld,,Sweden,field,Sweden,WINNER,Sweden won,,,20
1439826,2024-07-11,male,T20,Switzerland,Serbia,Bayer Uerdingen Cricket Ground,Krefeld,,Switzerland,bat,Switzerland,WINNER,Switzerland won,,,20
1439829,2024-07-12,male,T20,Belgium,Serbia,Bayer Uerdingen Cricket Ground,Krefeld,,Belgium,bat,Belgium,WINNER,Belgium won,,,20
1442735,2024-07-12,male,T20,Kenya,Nigeria,"Sikh Union Club Ground, Nairobi",Nairobi,,Kenya,bat,Kenya,WINNER,Kenya won,,,20
1398280,2024-07-13,female,T20,New Zealand,England,"Kennington Oval, London",London,,New Zealand,bat,England,WINNER,England won,,,20
1420226,2024-07-13,male,T20,Zimbabwe,India,Harare Sports Club,Harare,,India,field,India,WINNER,India won,,,20
1439830,2024-07-13,male,T20,Norway,Gibraltar,Bayer Uerdingen Cricket Ground,Krefeld,,Norway,bat,Norway,WINNER,Norway won,D/L,,20
1439831,2024-07-13,male,T20,Croatia,Switzerland,Bayer Uerdingen Cricket Ground,Krefeld,,Switzerland,field,Switzerland,WINNER,Switzerland won,,,20
1439832,2024-07-13,male,T20,Slovenia,Sweden,Bayer Uerdingen Cricket Ground,Krefeld,,Sweden,field,Sweden,WINNER,Sweden won,,,20
1442736,2024-07-13,male,T20,Nigeria,Kenya,"Sikh Union Club Ground, Nairobi",Nairobi,,Nigeria,bat,Kenya,WINNER,Kenya won,,,20
1420227,2024-07-14,male,T20,India,Zimbabwe,Harare Sports Club,Harare,,Zimbabwe,field,India,WINNER,India won,,,20
1439833,2024-07-14,male,T20,Croatia,Germany,Bayer Uerdingen Cricket Ground,Krefeld,,Croatia,bat,Germany,WINNER,Germany won,,,20
1439836,2024-07-14,male,T20,Norway,Jersey,Bayer Uerdingen Cricket Ground,Krefeld,,Jersey,field,Jersey,WINNER,Jersey won,,,20
1442996,2024-07-14,female,T20,Jersey,Guernsey,"Grainville, St Saviour",St Saviour,,Guernsey,field,Jersey,WINNER,Jersey won,,,20
1442737,2024-07-15,male,T20,Kenya,Nigeria,"Sikh Union Club Ground, Nairobi",Nairobi,,Nigeria,field,Nigeria,WINNER,Nigeria won,,,20
1442738,2024-07-16,male,T20,Nigeria,Kenya,"Sikh Union Club Ground, Nairobi",Nairobi,,Kenya,field,Nigeria,WINNER,Nigeria won,,,20
1398281,2024-07-17,female,T20,England,New Zealand,"Lord's, London",London,,New Zealand,field,England,WINNER,England won,,,20
1442739,2024-07-17,male,T20,Nigeria,Kenya,"Sikh Union Club Ground, Nairobi",Nairobi,,Nigeria,bat,Kenya,WINNER,Kenya won,,,20
1426756,2024-07-19,female,T20,United Arab Emirates,Nepal,Rangiri Dambulla International Stadium,Dambulla,,Nepal,field,Nepal,WINNER,Nepal won,,,20
1426757,2024-07-19,female,T20,Pakistan,India,Rangiri Dambulla International Stadium,Dambulla,,Pakistan,bat,India,WINNER,India won,,,20
1426758,2024-07-20,female,T20,Thailand,Malaysia,Rangiri Dambulla International Stadium,Dambulla,,Thailand,bat,Thailand,WINNER,Thailand won,,,20
1426759,2024-07-20,female,T20,Bangladesh,Sri Lanka,Rangiri Dambulla International Stadium,Dambulla,,Bangladesh,bat,Sri Lanka,WINNER,Sri Lanka won,,,20
1426760,2024-07-21,female,T20,India,United Arab Emirates,Rangiri Dambulla International Stadium,Dambulla,,United Arab Emirates,field,India,WINNER,India won,,,20
1426761,2024-07-21,female,T20,Nepal,Pakistan,Rangiri Dambulla International Stadium,Dambulla,,Pakistan,field,Pakistan,WINNER,Pakistan won,,,20
1426762,2024-07-22,female,T20,Sri Lanka,Malaysia,Rangiri Dambulla International Stadium,Dambulla,,Sri Lanka,bat,Sri Lanka,WINNER,Sri Lanka won,,,20
1426763,2024-07-22,female,T20,Thailand,Bangladesh,Rangiri Dambulla International Stadium,Dambulla,,Thailand,bat,Bangladesh,WINNER,Bangladesh won,,,20
1426764,2024-07-23,female,T20,United Arab Emirates,Pakistan,Rangiri Dambulla International Stadium,Dambulla,,Pakistan,field,Pakistan,WINNER,Pakistan won,,,20
1426765,2024-07-23,female,T20,India,Nepal,Rangiri Dambulla International Stadium,Dambulla,,India,bat,India,WINNER,India won,,,20
1426766,2024-07-24,female,T20,Bangladesh,Malaysia,Rangiri Dambulla International Stadium,Dambulla,,Bangladesh,bat,Bangladesh,WINNER,Bangladesh won,,,20
1426767,2024-07-24,female,T20,Thailand,Sri Lanka,Rangiri Dambulla International Stadium,Dambulla,,Thailand,bat,Sri Lanka,WINNER,Sri Lanka won,,,20
1426768,2024-07-26,female,T20,Bangladesh,India,Rangiri Dambulla International Stadium,Dambulla,,Bangladesh,bat,India,WINNER,India won,,,20
1426769,2024-07-26,female,T20,Pakistan,Sri Lanka,Rangiri Dambulla International Stadium,Dambulla,,Sri Lanka,field,Sri Lanka,WINNER,Sri Lanka won,,,20
1444531,2024-07-26,female,T20,Germany,Italy,Bayer Uerdingen Cricket Ground,Krefeld,,Germany,bat,Italy,WINNER,Italy won,,,20
1444532,2024-07-26,female,T20,Germany,Jersey,Bayer Uerdingen Cricket Ground,Krefeld,,Germany,bat,Germany,WINNER,Germany won,,,20
1442987,2024-07-27,male,T20,India,Sri Lanka,Pallekele International Cricket Stadium,Kandy,,Sri Lanka,field,India,WINNER,India won,,,20
1444534,2024-07-27,female,T20,Italy,Germany,Bayer Uerdingen Cricket Ground,Krefeld,,Germany,field,Italy,WINNER,Italy won,,,20
1444535,2024-07-27,female,T20,Germany,Jersey,Bayer Uerdingen Cricket Ground,Krefeld,,Germany,bat,Jersey,WINNER,Jersey won,,,20
1444536,2024-07-27,female,T20,Italy,Jersey,Bayer Uerdingen Cricket Ground,Krefeld,,Italy,bat,Italy,WINNER,Italy won,,,20
1426770,2024-07-28,female,T20,India,Sri Lanka,Rangiri Dambulla International Stadium,Dambulla,,India,bat,Sri Lanka,WINNER,Sri Lanka won,,,20
1442988,2024-07-28,male,T20,Sri Lanka,India,Pallekele International Cricket Stadium,Kandy,,India,field,India,WINNER,India won,D/L,,20
1444537,2024-07-28,female,T20,Germany,Italy,Bayer Uerdingen Cricket Ground,Krefeld,,Italy,field,Italy,WINNER,Italy won,,,20
1444669,2024-07-28,female,T20,Italy,Germany,Bayer Uerdingen Cricket Ground,Krefeld,,Italy,bat,Italy,WINNER,Italy won,,,20
1442989,2024-07-30,male,T20,India,Sri Lanka,Pallekele International Cricket Stadium,Kandy,,Sri Lanka,field,India,TIED,Tied; India won via Super Over,,India,20
1444947,2024-08-02,male,T20,Croatia,Spain,"Mladost Cricket Ground, Zagreb",Zagreb,,Spain,field,Spain,WINNER,Spain won,,,20
1444948,2024-08-03,male,T20,Croatia,Spain,"Mladost Cricket Ground, Zagreb",Zagreb,,Spain,field,Spain,WINNER,Spain won,,,20
1444949,2024-08-03,male,T20,Croatia,Spain,"Mladost Cricket Ground, Zagreb",Zagreb,,Spain,field,Spain,WINNER,Spain won,,,20
1444950,2024-08-04,male,T20,Spain,Croatia,"Mladost Cricket Ground, Zagreb",Zagreb,,Croatia,field,Spain,WINNER,Spain won,,,20
1444951,2024-08-04,male,T20,Spain,Croatia,"Mladost Cricket Ground, Zagreb",Zagreb,,Croatia,field,Spain,WINNER,Spain won,,,20
1445491,2024-08-10,female,T20,Norway,Estonia,"Ekeberg Cricket Ground 1, Oslo",Oslo,,Estonia,field,Norway,WINNER,Norway won,,,20
1430812,2024-08-11,female,T20,Ireland,Sri Lanka,"Pembroke Cricket Club, Sandymount, Dublin",Dublin,,Sri Lanka,field,Sri Lanka,WINNER,Sri Lanka won,,,20
1445485,2024-08-11,female,T20,Denmark,Norway,"Ekeberg Cricket Ground 1, Oslo",Oslo,,Denmark,bat,Denmark,WINNER,Denmark won,,,20
1445489,2024-08-11,female,T20,Norway,Guernsey,"Ekeberg Cricket Ground 1, Oslo",Oslo,,Guernsey,field,Guernsey,WINNER,Guernsey won,,,20
1445493,2024-08-11,female,T20,Estonia,Denmark,"Ekeberg Cricket Ground 2, Oslo",Oslo,,Denmark,field,Denmark,WINNER,Denmark won,,,20
1430813,2024-08-13,female,T20,Ireland,Sri Lanka,"Pembroke Cricket Club, Sandymount, Dublin",Dublin,,Ireland,bat,Ireland,WINNER,Ireland won,,,20
1444549,2024-08-14,female,T20,Netherlands,Papua New Guinea,"VRA Ground, Amstelveen",Amstelveen,,Papua New Guinea,field,,NO_RESULT,No result,,,20
1444550,2024-08-15,female,T20,Scotland,Papua New Guinea,"VRA Ground, Amstelveen",Amstelveen,,Scotland,bat,Scotland,WINNER,Scotland won,,,20
1444551,2024-08-16,female,T20,Scotland,Netherlands,"VRA Ground, Amstelveen",Amstelveen,,Netherlands,field,Scotland,WINNER,Scotland won,,,20
1444952,2024-08-17,male,T20,Vanuatu,Cook Islands,"Faleata Oval No 2, Apia",Apia,,Cook Islands,field,Cook Islands,WINNER,Cook Islands won,,,20
1444953,2024-08-17,male,T20,Fiji,Samoa,"Faleata Oval No 2, Apia",Apia,,Fiji,bat,Samoa,WINNER,Samoa won,,,20
1444954,2024-08-19,male,T20,Samoa,Cook Islands,"Faleata Oval No 2, Apia",Apia,,Cook Islands,field,Cook Islands,WINNER,Cook Islands won,,,20
1444955,2024-08-19,male,T20,Vanuatu,Fiji,"Faleata Oval No 2, Apia",Apia,,Fiji,field,Vanuatu,WINNER,Vanuatu won,,,20
1444956,2024-08-20,male,T20,Samoa,Vanuatu,"Faleata Oval No 2, Apia",Apia,,Samoa,bat,Samoa,WINNER,Samoa won,,,20
1444957,2024-08-20,male,T20,Fiji,Cook Islands,"Faleata Oval No 2, Apia",Apia,,Cook Islands,field,Fiji,WINNER,Fiji won,,,20
1443766,2024-08-21,male,T20,Spain,Cyprus,"King George V Sports Ground, Castel",Castel,,Cyprus,field,Spain,WINNER,Spain won,,,20
1443767,2024-08-21,male,T20,Bulgaria,Guernsey,"Guernsey Rovers Athletic Club Ground, Port Soif",Port  Soif,,Bulgaria,bat,Guernsey,WINNER,Guernsey won,,,20
1443768,2024-08-21,male,T20,Denmark,Czech Republic,"King George V Sports Ground, Castel",Castel,,Denmark,bat,Denmark,WINNER,Denmark won,,,20
1443769,2024-08-21,male,T20,Malta,Finland,"Guernsey Rovers Athletic Club Ground, Port Soif",Port  Soif,,Malta,bat,Finland,WINNER,Finland won,,,20
1444958,2024-08-21,male,T20,Samoa,Fiji,"Faleata Oval No 2, Apia",Apia,,Fiji,field,Samoa,WINNER,Samoa won,,,20
1444959,2024-08-21,male,T20,Vanuatu,Cook Islands,"Faleata Oval No 2, Apia",Apia,,Cook Islands,field,Cook Islands,WINNER,Cook Islands won,,,20
1446771,2024-08-21,male,T20,Hong Kong,Kuwait,"Selangor Turf Club, Kuala Lumpur",Kuala Lumpur,,Kuwait,field,Kuwait,WINNER,Kuwait won,,,20
1447543,2024-08-21,female,T20,Malta,Isle of Man,Marsa Sports Club,Marsa,,Isle of Man,field,Isle of Man,WINNER,Isle of Man won,,,20
1443770,2024-08-22,male,T20,Finland,Estonia,"King George V Sports Ground, Castel",Castel,,Estonia,field,Estonia,WINNER,Estonia won,,,20
1443771,2024-08-22,male,T20,Denmark,Greece,"Guernsey Rovers Athletic Club Ground, Port Soif",Port  Soif,,Greece,field,Denmark,WINNER,Denmark won,,,20
1443772,2024-08-22,male,T20,Malta,Guernsey,"King George V Sports Ground, Castel",Castel,,Guernsey,field,Guernsey,WINNER,Guernsey won,,,20
1443773,2024-08-22,male,T20,Spain,Czech Republic,"Guernsey Rovers Athletic Club Ground, Port Soif",Port  Soif,,Czech Republic,field,Spain,WINNER,Spain won,,,20
1446772,2024-08-22,male,T20,Kuwait,Malaysia,"Selangor Turf Club, Kuala Lumpur",Kuala Lumpur,,Malaysia,field,Malaysia,WINNER,Malaysia won,,,20
1433367,2024-08-23,male,T20,South Africa,West Indies,"Brian Lara Stadium, Tarouba, Trinidad",Tarouba,,West Indies,field,West Indies,WINNER,West Indies won,,,20
1444960,2024-08-23,male,T20,Vanuatu,Fiji,"Faleata Oval No 2, Apia",Apia,,Vanuatu,bat,Fiji,WINNER,Fiji won,,,20
1444961,2024-08-23,male,T20,Samoa,Cook Islands,"Faleata Oval No 2, Apia",Apia,,Samoa,bat,Cook Islands,WINNER,Cook Islands won,,,20
1446761,2024-08-23,male,T20,Canada,Netherlands,"Sportpark Maarschalkerweerd, Utrecht",Utrecht,,Canada,bat,Netherlands,WINNER,Netherlands won,,,20
1446773,2024-08-23,male,T20,Malaysia,Hong Kong,"Selangor Turf Club, Kuala Lumpur",Kuala Lumpur,,Hong Kong,field,Hong Kong,WINNER,Hong Kong won,,,20
1443775,2024-08-24,male,T20,Finland,Guernsey,"Guernsey Rovers Athletic Club Ground, Port Soif",Port  Soif,,Guernsey,field,Finland,WINNER,Finland won,,,20
1443776,2024-08-24,male,T20,Greece,Cyprus,"King George V Sports Ground, Castel",Castel,,Greece,bat,Cyprus,WINNER,Cyprus won,,,20
1443777,2024-08-24,male,T20,Bulgaria,Estonia,"Guernsey Rovers Athletic Club Ground, Port Soif",Port  Soif,,Estonia,field,Estonia,WINNER,Estonia won,,,20
1444962,2024-08-24,male,T20,Fiji,Cook Islands,"Faleata Oval No 2, Apia",Apia,,Cook Islands,field,Fiji,WINNER,Fiji won,,,20
1444963,2024-08-24,male,T20,Samoa,Vanuatu,"Faleata Oval No 2, Apia",Apia,,Samoa,bat,Samoa,WINNER,Samoa won,,,20
1446762,2024-08-24,male,T20,Canada,United States of America,"Sportpark Maarschalkerweerd, Utrecht",Utrecht,,Canada,bat,,NO_RESULT,No result,,,20
1446774,2024-08-24,male,T20,Hong Kong,Kuwait,"Selangor Turf Club, Kuala Lumpur",Kuala Lumpur,,Kuwait,field,Kuwait,WINNER,Kuwait won,,,20
1447550,2024-08-24,female,T20,Isle of Man,Greece,Marsa Sports Club,Marsa,,Greece,field,Isle of Man,WINNER,Isle of Man won,,,20
1433368,2024-08-25,male,T20,West Indies,South Africa,"Brian Lara Stadium, Tarouba, Trinidad",Tarouba,,South Africa,field,West Indies,WINNER,West Indies won,,,20
1443778,2024-08-25,male,T20,Malta,Bulgaria,"King George V Sports Ground, Castel",Castel,,Malta,bat,Malta,WINNER,Malta won,,,20
1443779,2024-08-25,male,T20,Cyprus,Czech Republic,"Guernsey Rovers Athletic Club Ground, Port Soif",Port  Soif,,Cyprus,bat,Czech Republic,WINNER,Czech Republic won,,,20
1443780,2024-08-25,male,T20,Estonia,Guernsey,"King George V Sports Ground, Castel",Castel,,Guernsey,field,Guernsey,WINNER,Guernsey won,,,20
1443781,2024-08-25,male,T20,Greece,Spain,"Guernsey Rovers Athletic Club Ground, Port Soif",Port  Soif,,Greece,bat,Spain,WINNER,Spain won,,,20
1446763,2024-08-25,male,T20,Netherlands,United States of America,"Sportpark Maarschalkerweerd, Utrecht",Utrecht,,United States of America,field,Netherlands,WINNER,Netherlands won,,,20
1446775,2024-08-25,male,T20,Kuwait,Malaysia,"Selangor Turf Club, Kuala Lumpur",Kuala Lumpur,,Malaysia,field,Kuwait,WINNER,Kuwait won,,,20
1447551,2024-08-25,female,T20,Greece,Serbia,Marsa Sports Club,Marsa,,Serbia,field,Greece,WINNER,Greece won,,,20
1447553,2024-08-25,female,T20,Greece,Isle of Man,Marsa Sports Club,Marsa,,Isle of Man,field,Isle of Man,WINNER,Isle of Man won,,,20
1446764,2024-08-26,male,T20,Canada,Netherlands,"Sportpark Maarschalkerweerd, Utrecht",Utrecht,,Netherlands,field,Canada,WINNER,Canada won,,,20
1446776,2024-08-26,male,T20,Hong Kong,Malaysia,"Selangor Turf Club, Kuala Lumpur",Kuala Lumpur,,Malaysia,field,Hong Kong,WINNER,Hong Kong won,,,20
1433369,2024-08-27,male,T20,South Africa,West Indies,"Brian Lara Stadium, Tarouba, Trinidad",Tarouba,,West Indies,field,West Indies,WINNER,West Indies won,D/L,,20
1443782,2024-08-27,male,T20,Denmark,Cyprus,"King George V Sports Ground, Castel",Castel,,Denmark,bat,Denmark,WINNER,Denmark won,,,20
1443783,2024-08-27,male,T20,Finland,Bulgaria,"Guernsey Rovers Athletic Club Ground, Port Soif",Port  Soif,,Finland,bat,Finland,WINNER,Finland won,,,20
1443784,2024-08-27,male,T20,Czech Republic,Greece,"King George V Sports Ground, Castel",Castel,,Czech Republic,bat,Czech Republic,WINNER,Czech Republic won,,,20
1443785,2024-08-27,male,T20,Malta,Estonia,"Guernsey Rovers Athletic Club Ground, Port Soif",Port  Soif,,Malta,bat,Estonia,WINNER,Estonia won,,,20
1446765,2024-08-27,male,T20,United States of America,Canada,"Sportpark Westvliet, The Hague",The Hague,,United States of America,bat,United States of America,WINNER,United States of America won,,,20
1446777,2024-08-27,male,T20,Hong Kong,Kuwait,"Selangor Turf Club, Kuala Lumpur",Kuala Lumpur,,Kuwait,field,Kuwait,WINNER,Kuwait won,,,20
1443786,2024-08-28,male,T20,Spain,Finland,"King George V Sports Ground, Castel",Castel,,Finland,field,Spain,WINNER,Spain won,,,20
1443787,2024-08-28,male,T20,Cyprus,Malta,"Guernsey Rovers Athletic Club Ground, Port Soif",Port  Soif,,Malta,field,Cyprus,WINNER,Cyprus won,,,20
1443788,2024-08-28,male,T20,Czech Republic,Estonia,"Guernsey Rovers Athletic Club Ground, Port Soif",Port  Soif,,Estonia,field,Estonia,WINNER,Estonia won,,,20
1443789,2024-08-28,male,T20,Denmark,Guernsey,"King George V Sports Ground, Castel",Castel,,Guernsey,field,Guernsey,WINNER,Guernsey won,,,20
1446766,2024-08-28,male,T20,Netherlands,United States of America,"Sportpark Westvliet, The Hague",The Hague,,Netherlands,bat,Netherlands,WINNER,Netherlands won,,,20
1447477,2024-08-30,male,T20,Malaysia,Maldives,"Bayuemas Oval, Kuala Lumpur",Kuala Lumpur,,Maldives,field,Malaysia,WINNER,Malaysia won,,,20
1447478,2024-08-30,male,T20,Myanmar,Hong Kong,"YSD-UKM Cricket Oval, Bangi",Bangi,,Hong Kong,field,Hong Kong,WINNER,Hong Kong won,,,20
1447479,2024-08-30,male,T20,Kuwait,Mongolia,"Bayuemas Oval, Kuala Lumpur",Kuala Lumpur,,Mongolia,field,Kuwait,WINNER,Kuwait won,,,20
1447480,2024-08-31,male,T20,Singapore,Maldives,"Bayuemas Oval, Kuala Lumpur",Kuala Lumpur,,Singapore,bat,Singapore,WINNER,Singapore won,,,20
1447481,2024-08-31,male,T20,Myanmar,Malaysia,"YSD-UKM Cricket Oval, Bangi",Bangi,,Malaysia,field,Malaysia,WINNER,Malaysia won,,,20
1447482,2024-08-31,male,T20,Mongolia,Hong Kong,"Bayuemas Oval, Kuala Lumpur",Kuala Lumpur,,Hong Kong,field,Hong Kong,WINNER,Hong Kong won,,,20
1447483,2024-09-02,male,T20,Hong Kong,Singapore,"Bayuemas Oval, Kuala Lumpur",Kuala Lumpur,,Singapore,field,Hong Kong,WINNER,Hong Kong won,D/L,,20
1447484,2024-09-02,male,T20,Kuwait,Maldives,"YSD-UKM Cricket Oval, Bangi",Bangi,,Maldives,field,Kuwait,WINNER,Kuwait won,,,20
1447485,2024-09-02,male,T20,Myanmar,Mongolia,"YSD-UKM Cricket Oval, Bangi",Bangi,,Mongolia,field,Myanmar,WINNER,Myanmar won,,,20
1447486,2024-09-03,male,T20,Maldives,Hong Kong,"YSD-UKM Cricket Oval, Bangi",Bangi,,Hong Kong,field,Hong Kong,WINNER,Hong Kong won,,,20
1447487,2024-09-03,male,T20,Myanmar,Kuwait,"Bayuemas Oval, Kuala Lumpur",Kuala Lumpur,,Kuwait,field,Kuwait,WINNER,Kuwait won,,,20
1447488,2024-09-03,male,T20,Malaysia,Singapore,"YSD-UKM Cricket Oval, Bangi",Bangi,,Malaysia,bat,Malaysia,WINNER,Malaysia won,,,20
1440463,2024-09-04,male,T20,Scotland,Australia,"Grange Cricket Club Ground, Raeburn Place, Edinburgh",Edinburgh,,Australia,field,Australia,WINNER,Australia won,,,20
1447489,2024-09-05,male,T20,Malaysia,Kuwait,"Bayuemas Oval, Kuala Lumpur",Kuala Lumpur,,Kuwait,field,Kuwait,WINNER,Kuwait won,,,20
1447490,2024-09-05,male,T20,Mongolia,Singapore,"YSD-UKM Cricket Oval, Bangi",Bangi,,Singapore,field,Singapore,WINNER,Singapore won,,,20
1447491,2024-09-05,male,T20,Myanmar,Maldives,"Bayuemas Oval, Kuala Lumpur",Kuala Lumpur,,Myanmar,bat,Maldives,WINNER,Maldives won,,,20
1440464,2024-09-06,male,T20,Australia,Scotland,"Grange Cricket Club Ground, Raeburn Place, Edinburgh",Edinburgh,,Scotland,field,Australia,WINNER,Australia won,,,20
1447492,2024-09-06,male,T20,Maldives,Mongolia,"Bayuemas Oval, Kuala Lumpur",Kuala Lumpur,,Maldives,bat,Maldives,WINNER,Maldives won,,,20
1447493,2024-09-06,male,T20,Kuwait,Singapore,"YSD-UKM Cricket Oval, Bangi",Bangi,,Singapore,field,Singapore,WINNER,Singapore won,,,20
1449019,2024-09-06,female,T20,Namibia,United Arab Emirates,"Wanderers Cricket Ground, Windhoek",Windhoek,,United Arab Emirates,field,United Arab Emirates,WINNER,United Arab Emirates won,,,20
1440465,2024-09-07,male,T20,Scotland,Australia,"Grange Cricket Club Ground, Raeburn Place, Edinburgh",Edinburgh,,Australia,field,Australia,WINNER,Australia won,,,20
1447494,2024-09-07,male,T20,Malaysia,Hong Kong,"Bayuemas Oval, Kuala Lumpur",Kuala Lumpur,,Hong Kong,field,Malaysia,WINNER,Malaysia won,,,20
1449020,2024-09-07,female,T20,United Arab Emirates,Zimbabwe,"Wanderers Cricket Ground, Windhoek",Windhoek,,Zimbabwe,field,Zimbabwe,WINNER,Zimbabwe won,,,20
1449021,2024-09-08,female,T20,Zimbabwe,Namibia,"Wanderers Cricket Ground, Windhoek",Windhoek,,Namibia,field,Namibia,WINNER,Namibia won,,,20
1447495,2024-09-09,male,T20,Myanmar,Singapore,"Bayuemas Oval, Kuala Lumpur",Kuala Lumpur,,Singapore,field,Singapore,WINNER,Singapore won,,,20
1447496,2024-09-09,male,T20,Mongolia,Malaysia,"YSD-UKM Cricket Oval, Bangi",Bangi,,Malaysia,field,Malaysia,WINNER,Malaysia won,,,20
1447497,2024-09-09,male,T20,Hong Kong,Kuwait,"YSD-UKM Cricket Oval, Bangi",Bangi,,Kuwait,field,,NO_RESULT,No result,,,20
1449022,2024-09-09,female,T20,United Arab Emirates,Namibia,"Wanderers Cricket Ground, Windhoek",Windhoek,,Namibia,field,United Arab Emirates,WINNER,United Arab Emirates won,,,20
1449023,2024-09-10,female,T20,Zimbabwe,United Arab Emirates,"Wanderers Cricket Ground, Windhoek",Windhoek,,United Arab Emirates,field,United Arab Emirates,WINNER,United Arab Emirates won,,,20
1450462,2024-09-10,female,T20,Kenya,Rwanda,"Sikh Union Club Ground, Nairobi",Nairobi,,Kenya,bat,Kenya,WINNER,Kenya won,,,20
1385697,2024-09-11,male,T20,Australia,England,"The Rose Bowl, Southampton",Southampton,,England,field,Australia,WINNER,Australia won,,,20
1449024,2024-09-11,female,T20,Zimbabwe,Namibia,"Wanderers Cricket Ground, Windhoek",Windhoek,,Namibia,field,Namibia,WINNER,Namibia won,,,20
1450463,2024-09-11,female,T20,Rwanda,Kenya,"Sikh Union Club Ground, Nairobi",Nairobi,,Rwanda,bat,Rwanda,WINNER,Rwanda won,,,20
1450464,2024-09-11,female,T20,Kenya,Rwanda,"Sikh Union Club Ground, Nairobi",Nairobi,,Kenya,bat,Rwanda,WINNER,Rwanda won,,,20
1449025,2024-09-12,female,T20,Namibia,United Arab Emirates,"Wanderers Cricket Ground, Windhoek",Windhoek,,United Arab Emirates,field,United Arab Emirates,WINNER,United Arab Emirates won,,,20
1385698,2024-09-13,male,T20,Australia,England,"Sophia Gardens, Cardiff",Cardiff,,England,field,England,WINNER,England won,,,20
1449026,2024-09-13,female,T20,Zimbabwe,United Arab Emirates,"Wanderers Cricket Ground, Windhoek",Windhoek,,United Arab Emirates,field,United Arab Emirates,WINNER,United Arab Emirates won,,,20
1450465,2024-09-13,female,T20,Kenya,Rwanda,"Sikh Union Club Ground, Nairobi",Nairobi,,Kenya,bat,Rwanda,WINNER,Rwanda won,,,20
1430820,2024-09-14,female,T20,England,Ireland,"Castle Avenue, Dublin",Dublin,,Ireland,field,England,WINNER,England won,,,50
1449027,2024-09-14,female,T20,Namibia,Zimbabwe,"Wanderers Cricket Ground, Windhoek",Windhoek,,Zimbabwe,field,Namibia,WINNER,Namibia won,,,20
1450198,2024-09-14,female,T20,Denmark,Norway,Koge Cricket Club,Koge,,Denmark,bat,Denmark,WINNER,Denmark won,,,20
1450199,2024-09-14,female,T20,Austria,Luxembourg,Koge Cricket Club 2,Koge,,Austria,bat,Austria,WINNER,Austria won,,,20
1450200,2024-09-14,female,T20,Austria,Denmark,Koge Cricket Club,Koge,,Denmark,field,Denmark,WINNER,Denmark won,,,20
1450466,2024-09-14,female,T20,Rwanda,Kenya,"Sikh Union Club Ground, Nairobi",Nairobi,,Rwanda,bat,Rwanda,WINNER,Rwanda won,,,20
1450467,2024-09-14,female,T20,Serbia,Cyprus,Lisicji Jarak Cricket Ground,Belgrade,,Cyprus,field,Cyprus,WINNER,Cyprus won,,,20
1450468,2024-09-14,female,T20,Cyprus,Serbia,Lisicji Jarak Cricket Ground,Belgrade,,Cyprus,bat,Cyprus,WINNER,Cyprus won,,,20
1430821,2024-09-15,female,T20,England,Ireland,"Castle Avenue, Dublin",Dublin,,Ireland,field,Ireland,WINNER,Ireland won,,,50
1450202,2024-09-15,female,T20,Denmark,Luxembourg,Koge Cricket Club,Koge,,Luxembourg,field,Denmark,WINNER,Denmark won,,,20
1450204,2024-09-15,female,T20,Norway,Luxembourg,Koge Cricket Club 2,Koge,,Norway,bat,Norway,WINNER,Norway won,,,20
1449011,2024-09-16,female,T20,South Africa,Pakistan,Multan Cricket Stadium,Multan,,Pakistan,field,South Africa,WINNER,South Africa won,,,20
1449012,2024-09-18,female,T20,Pakistan,South Africa,Multan Cricket Stadium,Multan,,South Africa,field,Pakistan,WINNER,Pakistan won,,,20
1426617,2024-09-19,female,T20,New Zealand,Australia,"Great Barrier Reef Arena, Mackay",Mackay,,New Zealand,bat,Australia,WINNER,Australia won,,,20
1449013,2024-09-20,female,T20,Pakistan,South Africa,Multan Cricket Stadium,Multan,,South Africa,field,South Africa,WINNER,South Africa won,,,20
1450751,2024-09-21,male,T20,Malawi,Lesotho,"Gymkhana Club Ground, Dar-es-Salaam",Dar-es-Salaam,,Lesotho,field,Malawi,WINNER,Malawi won,,,20
1450752,2024-09-21,male,T20,Cameroon,Ghana,"Gymkhana Club Ground, Dar-es-Salaam",Dar-es-Salaam,,Cameroon,bat,Ghana,WINNER,Ghana won,,,20
1450753,2024-09-21,male,T20,Mali,Tanzania,University of Dar-es-Salaam Ground,Dar-es-Salaam,,Tanzania,field,Tanzania,WINNER,Tanzania won,,,20
1451291,2024-09-21,female,T20,Spain,Greece,"Marina Ground, Corfu",Corfu,,Greece,field,Spain,WINNER,Spain won,,,20
1451292,2024-09-21,female,T20,Greece,Spain,"Marina Ground, Corfu",Corfu,,Spain,field,Spain,WINNER,Spain won,,,20
1426618,2024-09-22,female,T20,Australia,New Zealand,"Great Barrier Reef Arena, Mackay",Mackay,,Australia,bat,Australia,WINNER,Australia won,,,20
1450754,2024-09-22,male,T20,Mali,Cameroon,"Gymkhana Club Ground, Dar-es-Salaam",Dar-es-Salaam,,Mali,bat,Cameroon,WINNER,Cameroon won,,,20
1450755,2024-09-22,male,T20,Malawi,Ghana,University of Dar-es-Salaam Ground,Dar-es-Salaam,,Ghana,field,Malawi,WINNER,Malawi won,,,20
1451293,2024-09-22,female,T20,Greece,Spain,"Marina Ground, Corfu",Corfu,,Spain,field,Spain,WINNER,Spain won,,,20
1451294,2024-09-22,female,T20,Greece,Spain,"Marina Ground, Corfu",Corfu,,Greece,bat,Spain,WINNER,Spain won,,,20
1426619,2024-09-24,female,T20,New Zealand,Australia,"Allan Border Field, Brisbane",Brisbane,,New Zealand,bat,Australia,WINNER,Australia won,,,20
1450757,2024-09-24,male,T20,Ghana,Lesotho,University of Dar-es-Salaam Ground,Dar-es-Salaam,,Ghana,bat,Ghana,WINNER,Ghana won,,,20
1450758,2024-09-24,male,T20,Cameroon,Tanzania,"Gymkhana Club Ground, Dar-es-Salaam",Dar-es-Salaam,,Cameroon,bat,Tanzania,WINNER,Tanzania won,,,20
1450759,2024-09-24,male,T20,Mali,Malawi,University of Dar-es-Salaam Ground,Dar-es-Salaam,,Mali,bat,Malawi,WINNER,Malawi won,,,20
1450760,2024-09-25,male,T20,Ghana,Tanzania,University of Dar-es-Salaam Ground,Dar-es-Salaam,,Ghana,bat,Tanzania,WINNER,Tanzania won,,,20
1450761,2024-09-25,male,T20,Lesotho,Mali,"Gymkhana Club Ground, Dar-es-Salaam",Dar-es-Salaam,,Mali,field,Lesotho,WINNER,Lesotho won,,,20
1450762,2024-09-25,male,T20,Cameroon,Malawi,University of Dar-es-Salaam Ground,Dar-es-Salaam,,Malawi,field,Malawi,WINNER,Malawi won,,,20
1450766,2024-09-25,male,T20,Japan,Indonesia,"Yeonhui Cricket Ground, Incheon",Incheon,,Japan,bat,Japan,WINNER,Japan won,,,20
1450763,2024-09-26,male,T20,Mali,Ghana,"Gymkhana Club Ground, Dar-es-Salaam",Dar-es-Salaam,,Mali,bat,Ghana,WINNER,Ghana won,,,20
1450764,2024-09-26,male,T20,Lesotho,Cameroon,University of Dar-es-Salaam Ground,Dar-es-Salaam,,Cameroon,field,Cameroon,WINNER,Cameroon won,,,20
1450765,2024-09-26,male,T20,Tanzania,Malawi,"Gymkhana Club Ground, Dar-es-Salaam",Dar-es-Salaam,,Tanzania,bat,Tanzania,WINNER,Tanzania won,,,20
1450767,2024-09-26,male,T20,Japan,Philippines,"Yeonhui Cricket Ground, Incheon",Incheon,,Japan,bat,Japan,WINNER,Japan won,,,20
1431086,2024-09-27,male,T20,Ireland,South Africa,"Zayed Cricket Stadium, Abu Dhabi",Abu Dhabi,,South Africa,field,South Africa,WINNER,South Africa won,,,20
1450768,2024-09-28,male,T20,Philippines,Japan,"Yeonhui Cricket Ground, Incheon",Incheon,,Philippines,bat,Japan,WINNER,Japan won,,,20
1450769,2024-09-28,male,T20,South Korea,Indonesia,"Yeonhui Cricket Ground, Incheon",Incheon,,South Korea,bat,Indonesia,WINNER,Indonesia won,,,20
1450823,2024-09-28,male,T20,Canada,Nepal,"Maple Leaf North-West Ground, King City",King City,,Nepal,field,Canada,WINNER,Canada won,,,20
1431087,2024-09-29,male,T20,Ireland,South Africa,"Zayed Cricket Stadium, Abu Dhabi",Abu Dhabi,,South Africa,field,Ireland,WINNER,Ireland won,,,20
1450770,2024-09-29,male,T20,Philippines,Indonesia,"Yeonhui Cricket Ground, Incheon",Incheon,,Indonesia,field,Philippines,WINNER,Philippines won,,,20
1450771,2024-09-29,male,T20,South Korea,Japan,"Yeonhui Cricket Ground, Incheon",Incheon,,South Korea,bat,Japan,WINNER,Japan won,,,20
1450817,2024-09-29,male,T20,United Arab Emirates,Namibia,"Wanderers Cricket Ground, Windhoek",Windhoek,,Namibia,field,United Arab Emirates,WINNER,United Arab Emirates won,,,20
1450824,2024-09-29,male,T20,Nepal,Oman,"Maple Leaf North-West Ground, King City",King City,,Oman,field,Nepal,WINNER,Nepal won,,,20
1450818,2024-09-30,male,T20,United States of America,United Arab Emirates,"Wanderers Cricket Ground, Windhoek",Windhoek,,United States of America,bat,United States of America,WINNER,United States of America won,,,20
1450825,2024-09-30,male,T20,Canada,Oman,"Maple Leaf North-West Ground, King City",King City,,Oman,field,Oman,WINNER,Oman won,,,20
1452624,2024-09-30,male,T20,Serbia,Gibraltar,Europa Sports Complex,Gibraltar,,Serbia,bat,Gibraltar,WINNER,Gibraltar won,,,20
1452625,2024-09-30,male,T20,Serbia,Gibraltar,Europa Sports Complex,Gibraltar,,Gibraltar,field,Gibraltar,WINNER,Gibraltar won,,,20
1450772,2024-10-01,male,T20,Japan,Indonesia,"Yeonhui Cricket Ground, Incheon",Incheon,,Indonesia,field,Japan,WINNER,Japan won,,,20
1450773,2024-10-01,male,T20,Philippines,South Korea,"Yeonhui Cricket Ground, Incheon",Incheon,,South Korea,field,Philippines,WINNER,Philippines won,,,20
1450819,2024-10-01,male,T20,United States of America,Namibia,"Wanderers Cricket Ground, Windhoek",Windhoek,,United States of America,bat,United States of America,WINNER,United States of America won,,,20
1450826,2024-10-01,male,T20,Nepal,Canada,"Maple Leaf North-West Ground, King City",King City,,Canada,field,Canada,WINNER,Canada won,,,20
1451303,2024-10-01,female,T20,Singapore,Japan,Sano International Cricket Ground,Sano,,Japan,field,Japan,WINNER,Japan won,,,20
1450774,2024-10-02,male,T20,Japan,Philippines,"Yeonhui Cricket Ground, Incheon",Incheon,,Japan,bat,Japan,WINNER,Japan won,,,20
1450775,2024-10-02,male,T20,Indonesia,South Korea,"Yeonhui Cricket Ground, Incheon",Incheon,,Indonesia,bat,Indonesia,WINNER,Indonesia won,,,20
1450820,2024-10-02,male,T20,Namibia,United Arab Emirates,"Wanderers Cricket Ground, Windhoek",Windhoek,,Namibia,bat,United Arab Emirates,WINNER,United Arab Emirates won,,,20
1450827,2024-10-02,male,T20,Nepal,Oman,"Maple Leaf North-West Ground, King City",King City,,Oman,field,Nepal,WINNER,Nepal won,,,20
1451304,2024-10-02,female,T20,Singapore,Japan,Sano International Cricket Ground,Sano,,Singapore,bat,Japan,WINNER,Japan won,,,20
1432422,2024-10-03,female,T20,Bangladesh,Scotland,Sharjah Cricket Stadium,Sharjah,,Bangladesh,bat,Bangladesh,WINNER,Bangladesh won,,,20
1432423,2024-10-03,female,T20,Pakistan,Sri Lanka,Sharjah Cricket Stadium,Sharjah,,Pakistan,bat,Pakistan,WINNER,Pakistan won,,,20
1450828,2024-10-03,male,T20,Oman,Canada,"Maple Leaf North-West Ground, King City",King City,,Canada,field,Canada,WINNER,Canada won,,,20
1432424,2024-10-04,female,T20,West Indies,South Africa,Dubai International Cricket Stadium,Dubai,,South Africa,field,South Africa,WINNER,South Africa won,,,20
1432425,2024-10-04,female,T20,New Zealand,India,Dubai International Cricket Stadium,Dubai,,New Zealand,bat,New Zealand,WINNER,New Zealand won,,,20
1450776,2024-10-04,male,T20,Indonesia,Philippines,"Yeonhui Cricket Ground, Incheon",Incheon,,Indonesia,bat,Indonesia,WINNER,Indonesia won,,,20
1450777,2024-10-04,male,T20,Japan,South Korea,"Yeonhui Cricket Ground, Incheon",Incheon,,Japan,bat,Japan,WINNER,Japan won,,,20
1450821,2024-10-04,male,T20,United Arab Emirates,United States of America,"Wanderers Cricket Ground, Windhoek",Windhoek,,United Arab Emirates,bat,United Arab Emirates,WINNER,United Arab Emirates won,,,20
1451305,2024-10-04,female,T20,Japan,Singapore,Sano International Cricket Ground,Sano,,Japan,bat,Japan,WINNER,Japan won,,,20
1432426,2024-10-05,female,T20,Sri Lanka,Australia,Sharjah Cricket Stadium,Sharjah,,Sri Lanka,bat,Australia,WINNER,Australia won,,,20
1432427,2024-10-05,female,T20,England,Bangladesh,Sharjah Cricket Stadium,Sharjah,,England,bat,England,WINNER,England won,,,20
1450778,2024-10-05,male,T20,Philippines,South Korea,"Yeonhui Cricket Ground, Incheon",Incheon,,Philippines,bat,Philippines,WINNER,Philippines won,,,20
1450779,2024-10-05,male,T20,Japan,Indonesia,"Yeonhui Cricket Ground, Incheon",Incheon,,Japan,bat,Japan,WINNER,Japan won,,,20
1450822,2024-10-05,male,T20,Namibia,United States of America,"Wanderers Cricket Ground, Windhoek",Windhoek,,Namibia,bat,United States of America,WINNER,United States of America won,,,20
1451306,2024-10-05,female,T20,Japan,Singapore,Sano International Cricket Ground,Sano,,Singapore,field,Japan,WINNER,Japan won,,,20
1432428,2024-10-06,female,T20,Pakistan,India,Dubai International Cricket Stadium,Dubai,,Pakistan,bat,India,WINNER,India won,,,20
1432429,2024-10-06,female,T20,Scotland,West Indies,Dubai International Cricket Stadium,Dubai,,Scotland,bat,West Indies,WINNER,West Indies won,,,20
1439893,2024-10-06,male,T20,Bangladesh,India,"Shrimant Madhavrao Scindia Cricket Stadium, Gwalior",Gwalior,,India,field,India,WINNER,India won,,,20
1451307,2024-10-06,female,T20,Japan,Singapore,Sano International Cricket Ground,Sano,,Singapore,field,Japan,WINNER,Japan won,,,20
1432430,2024-10-07,female,T20,South Africa,England,Sharjah Cricket Stadium,Sharjah,,South Africa,bat,England,WINNER,England won,,,20
1432431,2024-10-08,female,T20,Australia,New Zealand,Sharjah Cricket Stadium,Sharjah,,Australia,bat,Australia,WINNER,Australia won,,,20
1451308,2024-10-08,female,T20,Hong Kong,Japan,"Yeonhui Cricket Ground, Incheon",Incheon,,Japan,field,Hong Kong,WINNER,Hong Kong won,,,20
1432432,2024-10-09,female,T20,South Africa,Scotland,Dubai International Cricket Stadium,Dubai,,South Africa,bat,South Africa,WINNER,South Africa won,,,20
1432433,2024-10-09,female,T20,India,Sri Lanka,Dubai International Cricket Stadium,Dubai,,India,bat,India,WINNER,India won,,,20
1439894,2024-10-09,male,T20,India,Bangladesh,"Arun Jaitley Stadium, Delhi",Delhi,,Bangladesh,field,India,WINNER,India won,,,20
1451311,2024-10-09,female,T20,Hong Kong,China,"Yeonhui Cricket Ground, Incheon",Incheon,,China,field,Hong Kong,WINNER,Hong Kong won,,,20
1454384,2024-10-09,male,T20,Malawi,Rwanda,"TCA Oval, Blantyre",Blantyre,,Malawi,bat,Rwanda,WINNER,Rwanda won,,,20
1432434,2024-10-10,female,T20,Bangladesh,West Indies,Sharjah Cricket Stadium,Sharjah,,West Indies,field,West Indies,WINNER,West Indies won,,,20
1454385,2024-10-10,male,T20,Malawi,Rwanda,"TCA Oval, Blantyre",Blantyre,,Rwanda,field,Rwanda,WINNER,Rwanda won,,,20
1432435,2024-10-11,female,T20,Pakistan,Australia,Dubai International Cricket Stadium,Dubai,,Australia,field,Australia,WINNER,Australia won,,,20
1432436,2024-10-12,female,T20,Sri Lanka,New Zealand,Sharjah Cricket Stadium,Sharjah,,Sri Lanka,bat,New Zealand,WINNER,New Zealand won,,,20
1432437,2024-10-12,female,T20,Bangladesh,South Africa,Dubai International Cricket Stadium,Dubai,,Bangladesh,bat,South Africa,WINNER,South Africa won,,,20
1439895,2024-10-12,male,T20,India,Bangladesh,"Rajiv Gandhi International Stadium, Uppal, Hyderabad",Hyderabad,,India,bat,India,WINNER,India won,,,20
1451317,2024-10-12,female,T20,Hong Kong,South Korea,"Yeonhui Cricket Ground, Incheon",Incheon,,Hong Kong,bat,Hong Kong,WINNER,Hong Kong won,,,20
1453903,2024-10-12,male,T20,Brazil,Mexico,Sao Fernando Polo and Cricket Club,Seropedica,,Mexico,field,Brazil,WINNER,Brazil won,,,20
1454935,2024-10-12,female,T20,Serbia,Bulgaria,Lisicji Jarak Cricket Ground,Belgrade,,Bulgaria,field,Serbia,WINNER,Serbia won,,,20
1432438,2024-10-13,female,T20,Scotland,England,Sharjah Cricket Stadium,Sharjah,,Scotland,bat,England,WINNER,England won,,,20
1432439,2024-10-13,female,T20,Australia,India,Sharjah Cricket Stadium,Sharjah,,Australia,bat,Australia,WINNER,Australia won,,,20
1451318,2024-10-13,female,T20,South Korea,China,"Yeonhui Cricket Ground, Incheon",Incheon,,South Korea,bat,China,WINNER,China won,,,20
1451814,2024-10-13,male,T20,Sri Lanka,West Indies,Rangiri Dambulla International Stadium,Dambulla,,West Indies,field,West Indies,WINNER,West Indies won,,,20
1453909,2024-10-13,male,T20,Mexico,Argentina,Sao Fernando Polo and Cricket Club,Seropedica,,Argentina,field,Argentina,WINNER,Argentina won,,,20
1454388,2024-10-13,male,T20,Malawi,Rwanda,"TCA Oval, Blantyre",Blantyre,,Rwanda,field,Rwanda,WINNER,Rwanda won,,,20
1454936,2024-10-13,female,T20,Bulgaria,Serbia,Lisicji Jarak Cricket Ground,Belgrade,,Bulgaria,bat,Serbia,WINNER,Serbia won,,,20
1454937,2024-10-13,female,T20,Bulgaria,Serbia,Lisicji Jarak Cricket Ground,Belgrade,,Serbia,field,Serbia,WINNER,Serbia won,,,20
1432440,2024-10-14,female,T20,New Zealand,Pakistan,Dubai International Cricket Stadium,Dubai,,New Zealand,bat,New Zealand,WINNER,New Zealand won,,,20
1432441,2024-10-15,female,T20,England,West Indies,Dubai International Cricket Stadium,Dubai,,West Indies,field,West Indies,WINNER,West Indies won,,,20
1451815,2024-10-15,male,T20,Sri Lanka,West Indies,Rangiri Dambulla International Stadium,Dambulla,,Sri Lanka,bat,Sri Lanka,WINNER,Sri Lanka won,,,20
1432442,2024-10-17,female,T20,Australia,South Africa,Dubai International Cricket Stadium,Dubai,,South Africa,field,South Africa,WINNER,South Africa won,,,20
1451816,2024-10-17,male,T20,West Indies,Sri Lanka,Rangiri Dambulla International Stadium,Dambulla,,West Indies,bat,Sri Lanka,WINNER,Sri Lanka won,,,20
1453518,2024-10-17,male,T20,Nepal,United States of America,"Grand Prairie Stadium, Dallas",Dallas,,United States of America,field,Nepal,WINNER,Nepal won,,,20
1432443,2024-10-18,female,T20,New Zealand,West Indies,Sharjah Cricket Stadium,Sharjah,,New Zealand,bat,New Zealand,WINNER,New Zealand won,,,20
1456013,2024-10-18,male,T20,Kenya,Seychelles,"Sikh Union Club Ground, Nairobi",Nairobi,,Kenya,bat,Kenya,WINNER,Kenya won,,,20
1453519,2024-10-19,male,T20,Nepal,United States of America,"Grand Prairie Stadium, Dallas",Dallas,,Nepal,bat,Nepal,TIED,Tied; Nepal won via Super Over,,Nepal,20
1453911,2024-10-19,male,T20,Thailand,Bhutan,Gelephu International Cricket Ground,Gelephu,,Bhutan,field,Thailand,WINNER,Thailand won,,,20
1453912,2024-10-19,male,T20,Indonesia,Maldives,Gelephu International Cricket Ground,Gelephu,,Indonesia,bat,Maldives,WINNER,Maldives won,D/L,,20
1453922,2024-10-19,male,T20,Zimbabwe,Seychelles,"Gymkhana Club Ground, Nairobi",Nairobi,,Seychelles,field,Zimbabwe,WINNER,Zimbabwe won,D/L,,20
1453923,2024-10-19,male,T20,Kenya,Mozambique,"Ruaraka Sports Club Ground, Nairobi",Nairobi,,Mozambique,field,Kenya,WINNER,Kenya won,D/L,,20
1432444,2024-10-20,female,T20,New Zealand,South Africa,Dubai International Cricket Stadium,Dubai,,South Africa,field,New Zealand,WINNER,New Zealand won,,,20
1453520,2024-10-20,male,T20,United States of America,Nepal,"Grand Prairie Stadium, Dallas",Dallas,,United States of America,bat,Nepal,WINNER,Nepal won,,,20
1453913,2024-10-20,male,T20,Maldives,Bhutan,Gelephu International Cricket Ground,Gelephu,,Bhutan,field,Bhutan,WINNER,Bhutan won,,,20
1453914,2024-10-20,male,T20,Indonesia,Thailand,Gelephu International Cricket Ground,Gelephu,,Indonesia,bat,Thailand,WINNER,Thailand won,,,20
1453927,2024-10-20,male,T20,Mozambique,Zimbabwe,"Gymkhana Club Ground, Nairobi",Nairobi,,Zimbabwe,field,Zimbabwe,WINNER,Zimbabwe won,,,20
1453929,2024-10-20,male,T20,Rwanda,Kenya,"Gymkhana Club Ground, Nairobi",Nairobi,,Rwanda,bat,Kenya,WINNER,Kenya won,,,20
1456121,2024-10-21,female,T20,Singapore,Myanmar,Singapore National Cricket Ground,Singapore,,Singapore,bat,Myanmar,WINNER,Myanmar won,,,20
1453915,2024-10-22,male,T20,Thailand,Maldives,Gelephu International Cricket Ground,Gelephu,,Thailand,bat,Thailand,WINNER,Thailand won,,,20
1453916,2024-10-22,male,T20,Bhutan,Indonesia,Gelephu International Cricket Ground,Gelephu,,Bhutan,bat,Bhutan,WINNER,Bhutan won,,,20
1453933,2024-10-22,male,T20,Mozambique,Seychelles,"Gymkhana Club Ground, Nairobi",Nairobi,,Mozambique,bat,Mozambique,WINNER,Mozambique won,,,20
1453934,2024-10-22,male,T20,Kenya,Gambia,"Gymkhana Club Ground, Nairobi",Nairobi,,Kenya,bat,Kenya,WINNER,Kenya won,,,20
1453935,2024-10-22,male,T20,Zimbabwe,Rwanda,"Ruaraka Sports Club Ground, Nairobi",Nairobi,,Zimbabwe,bat,Zimbabwe,WINNER,Zimbabwe won,,,20
1456122,2024-10-22,female,T20,Kuwait,Myanmar,Singapore National Cricket Ground,Singapore,,Kuwait,bat,Kuwait,WINNER,Kuwait won,,,20
1456123,2024-10-22,female,T20,Singapore,Kuwait,Singapore National Cricket Ground,Singapore,,Singapore,bat,Kuwait,WINNER,Kuwait won,,,20
1453917,2024-10-23,male,T20,Thailand,Indonesia,Gelephu International Cricket Ground,Gelephu,,Thailand,bat,Thailand,WINNER,Thailand won,,,20
1453918,2024-10-23,male,T20,Bhutan,Maldives,Gelephu International Cricket Ground,Gelephu,,Bhutan,bat,Maldives,WINNER,Maldives won,,,20
1453930,2024-10-23,male,T20,Seychelles,Kenya,"Ruaraka Sports Club Ground, Nairobi",Nairobi,,Seychelles,bat,Kenya,WINNER,Kenya won,,,20
1453931,2024-10-23,male,T20,Rwanda,Mozambique,"Gymkhana Club Ground, Nairobi",Nairobi,,Rwanda,bat,Mozambique,WINNER,Mozambique won,,,20
1453932,2024-10-23,male,T20,Zimbabwe,Gambia,"Ruaraka Sports Club Ground, Nairobi",Nairobi,,Zimbabwe,bat,Zimbabwe,WINNER,Zimbabwe won,,,20
1453919,2024-10-24,male,T20,Indonesia,Bhutan,Gelephu International Cricket Ground,Gelephu,,Indonesia,bat,Bhutan,WINNER,Bhutan won,,,20
1453924,2024-10-24,male,T20,Rwanda,Seychelles,"Ruaraka Sports Club Ground, Nairobi",Nairobi,,Rwanda,bat,Rwanda,WINNER,Rwanda won,,,20
1453925,2024-10-24,male,T20,Zimbabwe,Kenya,"Gymkhana Club Ground, Nairobi",Nairobi,,Zimbabwe,bat,Zimbabwe,WINNER,Zimbabwe won,,,20
1453926,2024-10-24,male,T20,Gambia,Mozambique,"Ruaraka Sports Club Ground, Nairobi",Nairobi,,Gambia,bat,Mozambique,WINNER,Mozambique won,,,20
1456124,2024-10-24,female,T20,Singapore,Myanmar,Singapore National Cricket Ground,Singapore,,Singapore,bat,Myanmar,WINNER,Myanmar won,,,20
1456125,2024-10-25,female,T20,Myanmar,Kuwait,Singapore National Cricket Ground,Singapore,,Myanmar,bat,Myanmar,WINNER,Myanmar won,,,20
1456126,2024-10-26,female,T20,Singapore,Kuwait,Singapore National Cricket Ground,Singapore,,Singapore,bat,Kuwait,WINNER,Kuwait won,,,20
1456854,2024-10-26,female,T20,Bulgaria,Greece,"Marina Ground, Corfu",Corfu,,Bulgaria,bat,Greece,WINNER,Greece won,,,20
1456127,2024-10-27,female,T20,Myanmar,Singapore,Singapore National Cricket Ground,Singapore,,Myanmar,bat,Myanmar,WINNER,Myanmar won,,,20
1456128,2024-10-28,female,T20,Kuwait,Myanmar,Singapore National Cricket Ground,Singapore,,Kuwait,bat,Kuwait,WINNER,Kuwait won,,,20
1457350,2024-10-28,male,T20,Bahrain,Uganda,Jinja Cricket Ground,Jinja,,Uganda,field,Bahrain,WINNER,Bahrain won,,,20
1456129,2024-10-29,female,T20,Singapore,Kuwait,Singapore National Cricket Ground,Singapore,,Singapore,bat,Kuwait,WINNER,Kuwait won,,,20
1457351,2024-10-29,male,T20,Bahrain,Uganda,Jinja Cricket Ground,Jinja,,Bahrain,bat,Uganda,WINNER,Uganda won,,,20
1457354,2024-10-29,female,T20,Rwanda,Kenya,"Gahanga B Ground, Rwanda",Kigali City,,Rwanda,bat,Rwanda,WINNER,Rwanda won,,,20
1456130,2024-10-30,female,T20,Kuwait,Myanmar,Singapore National Cricket Ground,Singapore,,Kuwait,bat,Myanmar,WINNER,Myanmar won,,,20
1457355,2024-10-30,female,T20,Kenya,Rwanda,"Gahanga B Ground, Rwanda",Kigali City,,Kenya,bat,Kenya,WINNER,Kenya won,,,20
1457356,2024-10-31,female,T20,Rwanda,Kenya,"Gahanga B Ground, Rwanda",Kigali City,,Rwanda,bat,Rwanda,WINNER,Rwanda won,,,20
1457357,2024-11-02,female,T20,Kenya,Rwanda,"Gahanga B Ground, Rwanda",Kigali City,,Kenya,bat,Kenya,WINNER,Kenya won,,,20
1457358,2024-11-02,female,T20,Kenya,Rwanda,"Gahanga B Ground, Rwanda",Kigali City,,Kenya,bat,Rwanda,WINNER,Rwanda won,,,20
1456860,2024-11-07,female,T20,Mongolia,China,Zhejiang University of Technology Cricket Field,Hangzhou,,Mongolia,bat,China,WINNER,China won,,,20
1456861,2024-11-07,female,T20,Myanmar,Hong Kong,Zhejiang University of Technology Cricket Field,Hangzhou,,Myanmar,bat,Myanmar,WINNER,Myanmar won,,,20
1449301,2024-11-08,male,T20,India,South Africa,"Kingsmead, Durban",Durban,,South Africa,field,India,WINNER,India won,,,20
1456858,2024-11-08,female,T20,China,Hong Kong,Zhejiang University of Technology Cricket Field,Hangzhou,,Hong Kong,field,Hong Kong,WINNER,Hong Kong won,,,20
1456859,2024-11-08,female,T20,Myanmar,Mongolia,Zhejiang University of Technology Cricket Field,Hangzhou,,Myanmar,bat,Myanmar,WINNER,Myanmar won,,,20
1433373,2024-11-09,male,T20,West Indies,England,"Kensington Oval, Bridgetown, Barbados",Bridgetown,,England,field,England,WINNER,England won,,,20
1456441,2024-11-09,male,T20,New Zealand,Sri Lanka,Rangiri Dambulla International Stadium,Dambulla,,New Zealand,bat,Sri Lanka,WINNER,Sri Lanka won,,,20
1456862,2024-11-09,female,T20,Myanmar,China,Zhejiang University of Technology Cricket Field,Hangzhou,,Myanmar,bat,China,WINNER,China won,,,20
1456863,2024-11-09,female,T20,Mongolia,Hong Kong,Zhejiang University of Technology Cricket Field,Hangzhou,,Mongolia,bat,Hong Kong,WINNER,Hong Kong won,,,20
1433374,2024-11-10,male,T20,West Indies,England,"Kensington Oval, Bridgetown, Barbados",Bridgetown,,England,field,England,WINNER,England won,,,20
1449302,2024-11-10,male,T20,India,South Africa,"St George's Park, Gqeberha",Gqeberha,,South Africa,field,South Africa,WINNER,South Africa won,,,20
1456442,2024-11-10,male,T20,New Zealand,Sri Lanka,Rangiri Dambulla International Stadium,Dambulla,,Sri Lanka,field,New Zealand,WINNER,New Zealand won,,,20
1456864,2024-11-10,female,T20,Mongolia,Myanmar,Zhejiang University of Technology Cricket Field,Hangzhou,,Myanmar,field,Myanmar,WINNER,Myanmar won,,,20
1456865,2024-11-10,female,T20,China,Hong Kong,Zhejiang University of Technology Cricket Field,Hangzhou,,Hong Kong,field,Hong Kong,WINNER,Hong Kong won,,,20
1456867,2024-11-12,male,T20,Indonesia,Myanmar,Udayana Cricket Ground,Bali,,Myanmar,field,Indonesia,WINNER,Indonesia won,,,20
1449303,2024-11-13,male,T20,India,South Africa,"SuperSport Park, Centurion",Centurion,,South Africa,field,India,WINNER,India won,,,20
1454819,2024-11-13,male,T20,Netherlands,Oman,Al Amerat Cricket Ground Oman Cricket (Ministry Turf 1),Al Amarat,,Oman,field,Oman,WINNER,Oman won,,,20
1456868,2024-11-13,male,T20,Myanmar,Indonesia,Udayana Cricket Ground,Bali,,Myanmar,bat,Indonesia,WINNER,Indonesia won,,,20
1426552,2024-11-14,male,T20,Australia,Pakistan,"Brisbane Cricket Ground, Woolloongabba, Brisbane",Brisbane,,Pakistan,field,Australia,WINNER,Australia won,,,20
1433375,2024-11-14,male,T20,West Indies,England,"Daren Sammy National Cricket Stadium, Gros Islet, St Lucia",Gros Islet,,England,field,England,WINNER,England won,,,20
1454820,2024-11-14,male,T20,Netherlands,Oman,Al Amerat Cricket Ground Oman Cricket (Ministry Turf 1),Al Amarat,,Oman,field,Netherlands,WINNER,Netherlands won,,,20
1449304,2024-11-15,male,T20,India,South Africa,"The Wanderers Stadium, Johannesburg",Johannesburg,,India,bat,India,WINNER,India won,,,20
1456869,2024-11-15,male,T20,Myanmar,Indonesia,Udayana Cricket Ground,Bali,,Indonesia,field,Indonesia,WINNER,Indonesia won,,,20
1426553,2024-11-16,male,T20,Australia,Pakistan,Sydney Cricket Ground,Sydney,,Australia,bat,Australia,WINNER,Australia won,,,20
1433376,2024-11-16,male,T20,England,West Indies,"Daren Sammy National Cricket Stadium, Gros Islet, St Lucia",Gros Islet,,West Indies,field,West Indies,WINNER,West Indies won,,,20
1454821,2024-11-16,male,T20,Netherlands,Oman,Al Amerat Cricket Ground Oman Cricket (Ministry Turf 1),Al Amarat,,Oman,field,Netherlands,WINNER,Netherlands won,,,20
1456870,2024-11-16,male,T20,Myanmar,Indonesia,Udayana Cricket Ground,Bali,,Myanmar,bat,Indonesia,WINNER,Indonesia won,,,20
1459718,2024-11-16,female,T20,Costa Rica,Mexico,"Reforma Athletic Club, Naucalpan",Naucalpan,,Mexico,field,Mexico,WINNER,Mexico won,,,20
1459719,2024-11-16,female,T20,Costa Rica,Mexico,"Reforma Athletic Club, Naucalpan",Naucalpan,,Mexico,field,Mexico,WINNER,Mexico won,,,20
1433377,2024-11-17,male,T20,West Indies,England,"Daren Sammy National Cricket Stadium, Gros Islet, St Lucia",Gros Islet,,England,field,,NO_RESULT,No result,,,20
1456871,2024-11-17,male,T20,Indonesia,Myanmar,Udayana Cricket Ground,Bali,,Indonesia,bat,Indonesia,WINNER,Indonesia won,,,20
1459720,2024-11-17,female,T20,Costa Rica,Mexico,Las Caballerizas,Mexico City,,Mexico,field,Mexico,TIED,Tied; Mexico won via Super Over,,Mexico,20
1426554,2024-11-18,male,T20,Pakistan,Australia,"Bellerive Oval, Hobart",Hobart,,Pakistan,bat,Australia,WINNER,Australia won,,,20
1456872,2024-11-19,male,T20,Myanmar,Indonesia,Udayana Cricket Ground,Bali,,Myanmar,bat,Indonesia,WINNER,Indonesia won,,,20
1457217,2024-11-19,male,T20,Thailand,Qatar,"West End Park International Cricket Stadium, Doha",Doha,,Qatar,field,Qatar,WINNER,Qatar won,,,20
1457218,2024-11-19,male,T20,United Arab Emirates,Bhutan,University of Doha for Science and Technology,Doha,,Bhutan,field,United Arab Emirates,WINNER,United Arab Emirates won,,,20
1457219,2024-11-19,male,T20,Bahrain,Saudi Arabia,"West End Park International Cricket Stadium, Doha",Doha,,Saudi Arabia,field,Bahrain,WINNER,Bahrain won,,,20
1457220,2024-11-20,male,T20,Thailand,Cambodia,"West End Park International Cricket Stadium, Doha",Doha,,Cambodia,field,Thailand,WINNER,Thailand won,,,20
1457221,2024-11-20,male,T20,Bhutan,Qatar,University of Doha for Science and Technology,Doha,,Qatar,field,Qatar,WINNER,Qatar won,,,20
1457222,2024-11-20,male,T20,United Arab Emirates,Saudi Arabia,"West End Park International Cricket Stadium, Doha",Doha,,United Arab Emirates,bat,United Arab Emirates,WINNER,United Arab Emirates won,,,20
1457223,2024-11-22,male,T20,Cambodia,United Arab Emirates,"West End Park International Cricket Stadium, Doha",Doha,,United Arab Emirates,field,United Arab Emirates,WINNER,United Arab Emirates won,,,20
1457224,2024-11-22,male,T20,Bahrain,Thailand,University of Doha for Science and Technology,Doha,,Bahrain,bat,Thailand,WINNER,Thailand won,,,20
1457225,2024-11-22,male,T20,Saudi Arabia,Bhutan,University of Doha for Science and Technology,Doha,,Bhutan,field,Saudi Arabia,WINNER,Saudi Arabia won,,,20
1457226,2024-11-23,male,T20,Bahrain,Bhutan,"West End Park International Cricket Stadium, Doha",Doha,,Bhutan,field,Bahrain,WINNER,Bahrain won,,,20
1457227,2024-11-23,male,T20,United Arab Emirates,Thailand,University of Doha for Science and Technology,Doha,,United Arab Emirates,bat,United Arab Emirates,WINNER,United Arab Emirates won,,,20
1457228,2024-11-23,male,T20,Qatar,Cambodia,University of Doha for Science and Technology,Doha,,Qatar,bat,Qatar,WINNER,Qatar won,,,20
1459374,2024-11-23,male,T20,Botswana,Eswatini,"Tafawa Balewa Square Cricket Oval, Lagos",Lagos,,Botswana,bat,Botswana,WINNER,Botswana won,,,20
1459375,2024-11-23,male,T20,Sierra Leone,Ivory Coast,"Tafawa Balewa Square Cricket Oval, Lagos",Lagos,,Sierra Leone,bat,Sierra Leone,WINNER,Sierra Leone won,,,20
1459376,2024-11-23,male,T20,Nigeria,St Helena,University of Lagos Cricket Oval,Lagos,,Nigeria,bat,Nigeria,WINNER,Nigeria won,,,20
1432225,2024-11-24,female,T20,South Africa,England,"Buffalo Park, East London",East London,,England,field,England,WINNER,England won,,,20
1459386,2024-11-24,male,T20,Sierra Leone,Botswana,University of Lagos Cricket Oval,Lagos,,Sierra Leone,bat,Botswana,WINNER,Botswana won,,,20
1459387,2024-11-24,male,T20,Nigeria,Ivory Coast,"Tafawa Balewa Square Cricket Oval, Lagos",Lagos,,Nigeria,bat,Nigeria,WINNER,Nigeria won,,,20
1459388,2024-11-24,male,T20,Eswatini,St Helena,University of Lagos Cricket Oval,Lagos,,Eswatini,bat,Eswatini,WINNER,Eswatini won,,,20
1457229,2024-11-25,male,T20,Qatar,Bahrain,"West End Park International Cricket Stadium, Doha",Doha,,Bahrain,field,Qatar,WINNER,Qatar won,,,20
1457230,2024-11-25,male,T20,Cambodia,Saudi Arabia,University of Doha for Science and Technology,Doha,,Saudi Arabia,field,Saudi Arabia,WINNER,Saudi Arabia won,,,20
1457231,2024-11-25,male,T20,Thailand,Bhutan,"West End Park International Cricket Stadium, Doha",Doha,,Thailand,bat,Thailand,WINNER,Thailand won,,,20
1457232,2024-11-26,male,T20,Thailand,Saudi Arabia,"West End Park International Cricket Stadium, Doha",Doha,,Saudi Arabia,field,Saudi Arabia,WINNER,Saudi Arabia won,,,20
1457233,2024-11-26,male,T20,Bahrain,Cambodia,University of Doha for Science and Technology,Doha,,Cambodia,field,Bahrain,WINNER,Bahrain won,,,20
1457234,2024-11-26,male,T20,United Arab Emirates,Qatar,"West End Park International Cricket Stadium, Doha",Doha,,United Arab Emirates,bat,United Arab Emirates,WINNER,United Arab Emirates won,,,20
1459380,2024-11-26,male,T20,St Helena,Sierra Leone,"Nigeria Cricket Federation Oval 1, Abuja",Abuja,,Sierra Leone,field,Sierra Leone,WINNER,Sierra Leone won,,,20
1459381,2024-11-26,male,T20,Eswatini,Nigeria,"Nigeria Cricket Federation Oval 1, Abuja",Abuja,,Eswatini,bat,Nigeria,WINNER,Nigeria won,,,20
1459382,2024-11-26,male,T20,Ivory Coast,Botswana,"Nigeria Cricket Federation Oval 2, Abuja",Abuja,,Botswana,field,Botswana,WINNER,Botswana won,,,20
1432226,2024-11-27,female,T20,England,South Africa,"Willowmoore Park, Benoni",Benoni,,South Africa,field,England,WINNER,England won,,,20
1459383,2024-11-27,male,T20,Nigeria,Sierra Leone,"Nigeria Cricket Federation Oval 2, Abuja",Abuja,,Sierra Leone,field,Nigeria,WINNER,Nigeria won,,,20
1459384,2024-11-27,male,T20,St Helena,Botswana,"Nigeria Cricket Federation Oval 1, Abuja",Abuja,,St Helena,bat,Botswana,WINNER,Botswana won,,,20
1459385,2024-11-27,male,T20,Ivory Coast,Eswatini,"Nigeria Cricket Federation Oval 2, Abuja",Abuja,,Ivory Coast,bat,Eswatini,WINNER,Eswatini won,,,20
1457235,2024-11-28,male,T20,Bhutan,Cambodia,"West End Park International Cricket Stadium, Doha",Doha,,Cambodia,field,Cambodia,WINNER,Cambodia won,,,20
1457236,2024-11-28,male,T20,Saudi Arabia,Qatar,University of Doha for Science and Technology,Doha,,Qatar,field,Qatar,WINNER,Qatar won,,,20
1459278,2024-11-28,male,T20,Bahrain,United Arab Emirates,University of Doha for Science and Technology,Doha,,Bahrain,bat,United Arab Emirates,WINNER,United Arab Emirates won,,,20
1459377,2024-11-28,male,T20,Ivory Coast,St Helena,"Nigeria Cricket Federation Oval 1, Abuja",Abuja,,Ivory Coast,bat,St Helena,WINNER,St Helena won,,,20
1459378,2024-11-28,male,T20,Sierra Leone,Eswatini,"Nigeria Cricket Federation Oval 2, Abuja",Abuja,,Sierra Leone,bat,Sierra Leone,WINNER,Sierra Leone won,,,20
1459379,2024-11-28,male,T20,Nigeria,Botswana,"Nigeria Cricket Federation Oval 2, Abuja",Abuja,,Nigeria,bat,Nigeria,WINNER,Nigeria won,,,20
1432227,2024-11-30,female,T20,South Africa,England,"SuperSport Park, Centurion",Centurion,,England,field,England,WINNER,England won,,,20
1444652,2024-12-01,male,T20,Pakistan,Zimbabwe,"Queens Sports Club, Bulawayo",Bulawayo,,Pakistan,bat,Pakistan,WINNER,Pakistan won,,,20
1462926,2024-12-02,male,T20,Bermuda,Argentina,"Hurlingham Club Ground, Buenos Aires",Buenos Aires,,Argentina,field,Bermuda,WINNER,Bermuda won,,,20
1444653,2024-12-03,male,T20,Zimbabwe,Pakistan,"Queens Sports Club, Bulawayo",Bulawayo,,Zimbabwe,bat,Pakistan,WINNER,Pakistan won,,,20
1462850,2024-12-04,female,T20,Namibia,Thailand,"Mission Road Ground, Mong Kok, Hong Kong",Mong Kok,,Thailand,field,Thailand,WINNER,Thailand won,,,20
1462851,2024-12-04,female,T20,Hong Kong,China,"Mission Road Ground, Mong Kok, Hong Kong",Mong Kok,,China,field,Hong Kong,WINNER,Hong Kong won,,,20
1462912,2024-12-04,male,T20,Uganda,Botswana,"Gahanga International Cricket Stadium, Rwanda",Kigali City,,Botswana,field,Uganda,WINNER,Uganda won,,,20
1462916,2024-12-04,male,T20,Rwanda,Nigeria,"Gahanga International Cricket Stadium, Rwanda",Kigali City,,Rwanda,bat,Nigeria,WINNER,Nigeria won,D/L,,20
1463008,2024-12-04,female,T20,Bahrain,Qatar,"West End Park International Cricket Stadium, Doha",Doha,,Bahrain,bat,Qatar,WINNER,Qatar won,,,20
1444654,2024-12-05,male,T20,Pakistan,Zimbabwe,"Queens Sports Club, Bulawayo",Bulawayo,,Pakistan,bat,Zimbabwe,WINNER,Zimbabwe won,,,20
1458414,2024-12-05,female,T20,Ireland,Bangladesh,Sylhet Stadium,Sylhet,,Ireland,bat,Ireland,WINNER,Ireland won,,,20
1462852,2024-12-05,female,T20,China,Namibia,"Mission Road Ground, Mong Kok, Hong Kong",Mong Kok,,China,bat,Namibia,WINNER,Namibia won,,,20
1462853,2024-12-05,female,T20,Thailand,Hong Kong,"Mission Road Ground, Mong Kok, Hong Kong",Mong Kok,,Thailand,bat,Thailand,WINNER,Thailand won,,,20
1462919,2024-12-05,male,T20,Nigeria,Botswana,"Gahanga International Cricket Stadium, Rwanda",Kigali City,,Botswana,field,Nigeria,WINNER,Nigeria won,,,20
1462921,2024-12-05,male,T20,Uganda,Rwanda,"Gahanga International Cricket Stadium, Rwanda",Kigali City,,Rwanda,field,Uganda,WINNER,Uganda won,D/L,,20
1462877,2024-12-06,male,T20,Panama,Suriname,"St Albans Club, Buenos Aires",Buenos Aires,,Panama,bat,Panama,WINNER,Panama won,,,20
1462878,2024-12-06,male,T20,Bahamas,Brazil,"St George's College Ground, Buenos Aires",Buenos Aires,,Bahamas,bat,Bahamas,WINNER,Bahamas won,,,20
1462915,2024-12-06,male,T20,Nigeria,Uganda,"Gahanga International Cricket Stadium, Rwanda",Kigali City,,Nigeria,bat,Uganda,WINNER,Uganda won,D/L,,20
1462924,2024-12-06,male,T20,Botswana,Rwanda,"Gahanga International Cricket Stadium, Rwanda",Kigali City,,Rwanda,field,Rwanda,WINNER,Rwanda won,,,20
1463009,2024-12-06,female,T20,Bahrain,Qatar,"West End Park International Cricket Stadium, Doha",Doha,,Qatar,field,Bahrain,WINNER,Bahrain won,,,20
1458415,2024-12-07,female,T20,Ireland,Bangladesh,Sylhet Stadium,Sylhet,,Ireland,bat,Ireland,WINNER,Ireland won,,,20
1462854,2024-12-07,female,T20,Thailand,China,"Mission Road Ground, Mong Kok, Hong Kong",Mong Kok,,Thailand,bat,Thailand,WINNER,Thailand won,,,20
1462855,2024-12-07,female,T20,Hong Kong,Namibia,"Mission Road Ground, Mong Kok, Hong Kong",Mong Kok,,Hong Kong,bat,Namibia,WINNER,Namibia won,,,20
1462880,2024-12-07,male,T20,Mexico,Brazil,"Hurlingham Club Ground, Buenos Aires",Buenos Aires,,Mexico,bat,Mexico,WINNER,Mexico won,,,20
1462881,2024-12-07,male,T20,Argentina,Belize,"St George's College Ground, Buenos Aires",Buenos Aires,,Belize,field,Argentina,WINNER,Argentina won,,,20
1462882,2024-12-07,male,T20,Bermuda,Suriname,"Hurlingham Club Ground, Buenos Aires",Buenos Aires,,Bermuda,bat,Bermuda,WINNER,Bermuda won,,,20
1462883,2024-12-07,male,T20,Cayman Islands,Panama,"St George's College Ground, Buenos Aires",Buenos Aires,,Cayman Islands,bat,Cayman Islands,WINNER,Cayman Islands won,,,20
1462927,2024-12-07,male,T20,Nigeria,Botswana,"Gahanga International Cricket Stadium, Rwanda",Kigali City,,Nigeria,bat,Botswana,WINNER,Botswana won,,,20
1462931,2024-12-07,male,T20,Uganda,Rwanda,"Gahanga International Cricket Stadium, Rwanda",Kigali City,,Rwanda,field,Uganda,WINNER,Uganda won,,,20
1463010,2024-12-07,female,T20,Bahrain,Qatar,"West End Park International Cricket Stadium, Doha",Doha,,Qatar,field,Qatar,WINNER,Qatar won,,,20
1462856,2024-12-08,female,T20,Hong Kong,China,"Mission Road Ground, Mong Kok, Hong Kong",Mong Kok,,China,field,Hong Kong,WINNER,Hong Kong won,,,20
1462857,2024-12-08,female,T20,Thailand,Namibia,"Mission Road Ground, Mong Kok, Hong Kong",Mong Kok,,Thailand,bat,Thailand,WINNER,Thailand won,,,20
1462884,2024-12-08,male,T20,Panama,Bermuda,"St Albans Club, Buenos Aires",Buenos Aires,,Panama,bat,Bermuda,WINNER,Bermuda won,,,20
1462885,2024-12-08,male,T20,Bahamas,Argentina,"Hurlingham Club Ground, Buenos Aires",Buenos Aires,,Bahamas,bat,Bahamas,WINNER,Bahamas won,,,20
1462886,2024-12-08,male,T20,Suriname,Brazil,"St Albans Club, Buenos Aires",Buenos Aires,,Suriname,bat,Brazil,WINNER,Brazil won,,,20
1462887,2024-12-08,male,T20,Cayman Islands,Belize,"Hurlingham Club Ground, Buenos Aires",Buenos Aires,,Cayman Islands,bat,Cayman Islands,WINNER,Cayman Islands won,,,20
1462914,2024-12-08,male,T20,Rwanda,Botswana,"Gahanga International Cricket Stadium, Rwanda",Kigali City,,Rwanda,bat,Botswana,WINNER,Botswana won,,,20
1462925,2024-12-08,male,T20,Nigeria,Uganda,"Gahanga International Cricket Stadium, Rwanda",Kigali City,,Uganda,field,Uganda,WINNER,Uganda won,,,20
1463011,2024-12-08,female,T20,Bahrain,Qatar,"West End Park International Cricket Stadium, Doha",Doha,,Qatar,field,Qatar,WINNER,Qatar won,,,20
1458416,2024-12-09,female,T20,Bangladesh,Ireland,Sylhet Stadium,Sylhet,,Ireland,field,Ireland,WINNER,Ireland won,,,20
1462922,2024-12-09,male,T20,Nigeria,Rwanda,"Gahanga International Cricket Stadium, Rwanda",Kigali City,,Nigeria,bat,Rwanda,WINNER,Rwanda won,,,20
1462928,2024-12-09,male,T20,Uganda,Botswana,"Gahanga International Cricket Stadium, Rwanda",Kigali City,,Botswana,field,Uganda,WINNER,Uganda won,,,20
1432211,2024-12-10,male,T20,South Africa,Pakistan,"Kingsmead, Durban",Durban,,South Africa,bat,South Africa,WINNER,South Africa won,,,20
1462858,2024-12-10,female,T20,Malaysia,Namibia,"Selangor Turf Club, Kuala Lumpur",Kuala Lumpur,,Namibia,field,Namibia,WINNER,Namibia won,,,20
1462888,2024-12-10,male,T20,Cayman Islands,Suriname,"Hurlingham Club Ground, Buenos Aires",Buenos Aires,,Suriname,field,Suriname,WINNER,Suriname won,,,20
1462889,2024-12-10,male,T20,Bahamas,Belize,"St Albans Club, Buenos Aires",Buenos Aires,,Belize,field,Bahamas,WINNER,Bahamas won,,,20
1462890,2024-12-10,male,T20,Mexico,Bermuda,"Hurlingham Club Ground, Buenos Aires",Buenos Aires,,Mexico,bat,Bermuda,WINNER,Bermuda won,,,20
1462891,2024-12-10,male,T20,Panama,Argentina,"St Albans Club, Buenos Aires",Buenos Aires,,Panama,bat,Argentina,WINNER,Argentina won,,,20
1462892,2024-12-11,male,T20,Mexico,Cayman Islands,"St George's College Ground, Buenos Aires",Buenos Aires,,Mexico,bat,Cayman Islands,WINNER,Cayman Islands won,,,20
1462893,2024-12-11,male,T20,Bahamas,Panama,"Hurlingham Club Ground, Buenos Aires",Buenos Aires,,Bahamas,bat,Bahamas,WINNER,Bahamas won,,,20
1462894,2024-12-11,male,T20,Bermuda,Brazil,"St George's College Ground, Buenos Aires",Buenos Aires,,Brazil,field,Bermuda,WINNER,Bermuda won,,,20
1462895,2024-12-11,male,T20,Suriname,Argentina,"Hurlingham Club Ground, Buenos Aires",Buenos Aires,,Suriname,bat,Argentina,WINNER,Argentina won,,,20
1462917,2024-12-11,male,T20,Uganda,Nigeria,"Gahanga International Cricket Stadium, Rwanda",Kigali City,,Nigeria,field,Uganda,WINNER,Uganda won,,,20
1462918,2024-12-11,male,T20,Rwanda,Botswana,"Gahanga International Cricket Stadium, Rwanda",Kigali City,,Botswana,field,Rwanda,WINNER,Rwanda won,,,20
1462860,2024-12-12,female,T20,Malaysia,Namibia,"Selangor Turf Club, Kuala Lumpur",Kuala Lumpur,,Namibia,field,Namibia,WINNER,Namibia won,,,20
1462896,2024-12-12,male,T20,Panama,Brazil,"Belgrano Athletic Club Ground, Buenos Aires",Buenos Aires,,Panama,bat,Brazil,WINNER,Brazil won,,,20
1462897,2024-12-12,male,T20,Suriname,Mexico,"St George's College Ground, Buenos Aires",Buenos Aires,,Mexico,field,Mexico,WINNER,Mexico won,,,20
1462898,2024-12-12,male,T20,Bahamas,Cayman Islands,"Belgrano Athletic Club Ground, Buenos Aires",Buenos Aires,,Bahamas,bat,Cayman Islands,WINNER,Cayman Islands won,,,20
1462899,2024-12-12,male,T20,Bermuda,Belize,"St George's College Ground, Buenos Aires",Buenos Aires,,Belize,field,Bermuda,WINNER,Bermuda won,,,20
1462920,2024-12-12,male,T20,Botswana,Nigeria,"Gahanga International Cricket Stadium, Rwanda",Kigali City,,Botswana,bat,Nigeria,WINNER,Nigeria won,,,20
1462923,2024-12-12,male,T20,Uganda,Rwanda,"Gahanga International Cricket Stadium, Rwanda",Kigali City,,Rwanda,field,Uganda,WINNER,Uganda won,,,20
1432212,2024-12-13,male,T20,Pakistan,South Africa,"SuperSport Park, Centurion",Centurion,,Pakistan,bat,South Africa,WINNER,South Africa won,,,20
1462913,2024-12-13,male,T20,Nigeria,Rwanda,"Gahanga International Cricket Stadium, Rwanda",Kigali City,,Nigeria,bat,Nigeria,WINNER,Nigeria won,,,20
1462930,2024-12-13,male,T20,Uganda,Botswana,"Gahanga International Cricket Stadium, Rwanda",Kigali City,,Uganda,bat,Uganda,WINNER,Uganda won,,,20
1463652,2024-12-13,male,T20,Bahrain,United Arab Emirates,"ICC Academy, Dubai",Dubai,,Bahrain,bat,United Arab Emirates,WINNER,United Arab Emirates won,,,20
1463653,2024-12-13,male,T20,Saudi Arabia,Kuwait,"ICC Academy, Dubai",Dubai,,Kuwait,field,Kuwait,WINNER,Kuwait won,,,20
1462900,2024-12-14,male,T20,Cayman Islands,Brazil,"St Albans Club, Buenos Aires",Buenos Aires,,Cayman Islands,bat,Cayman Islands,WINNER,Cayman Islands won,,,20
1462901,2024-12-14,male,T20,Bahamas,Suriname,"Belgrano Athletic Club Ground, Buenos Aires",Buenos Aires,,Bahamas,bat,Bahamas,WINNER,Bahamas won,,,20
1462902,2024-12-14,male,T20,Panama,Belize,"St Albans Club, Buenos Aires",Buenos Aires,,Panama,bat,Belize,WINNER,Belize won,,,20
1462903,2024-12-14,male,T20,Argentina,Mexico,"Belgrano Athletic Club Ground, Buenos Aires",Buenos Aires,,Mexico,field,Argentina,WINNER,Argentina won,,,20
1462932,2024-12-14,male,T20,Nigeria,Uganda,"Gahanga International Cricket Stadium, Rwanda",Kigali City,,Nigeria,bat,Uganda,WINNER,Uganda won,,,20
1463654,2024-12-14,male,T20,Bahrain,Kuwait,"ICC Academy, Dubai",Dubai,,Kuwait,field,Bahrain,WINNER,Bahrain won,,,20
1463655,2024-12-14,male,T20,Oman,Qatar,"ICC Academy, Dubai",Dubai,,Qatar,field,Oman,WINNER,Oman won,,,20
1433383,2024-12-15,male,T20,Bangladesh,West Indies,"Arnos Vale Ground, Kingstown, St Vincent",Kingstown,,West Indies,field,Bangladesh,WINNER,Bangladesh won,,,20
1459891,2024-12-15,female,T20,India,West Indies,"Dr DY Patil Sports Academy, Navi Mumbai",Navi Mumbai,,West Indies,field,India,WINNER,India won,,,20
1462904,2024-12-15,male,T20,Brazil,Belize,"Belgrano Athletic Club Ground, Buenos Aires",Buenos Aires,,Brazil,bat,Belize,WINNER,Belize won,,,20
1462905,2024-12-15,male,T20,Cayman Islands,Argentina,"Hurlingham Club Ground, Buenos Aires",Buenos Aires,,Argentina,field,Cayman Islands,WINNER,Cayman Islands won,,,20
1462906,2024-12-15,male,T20,Bermuda,Bahamas,"Belgrano Athletic Club Ground, Buenos Aires",Buenos Aires,,Bermuda,bat,Bermuda,WINNER,Bermuda won,,,20
1462907,2024-12-15,male,T20,Panama,Mexico,"Hurlingham Club Ground, Buenos Aires",Buenos Aires,,Mexico,field,Panama,WINNER,Panama won,,,20
1463656,2024-12-15,male,T20,United Arab Emirates,Oman,"ICC Academy, Dubai",Dubai,,Oman,field,United Arab Emirates,WINNER,United Arab Emirates won,,,20
1463657,2024-12-15,male,T20,Qatar,Saudi Arabia,"ICC Academy, Dubai",Dubai,,Saudi Arabia,field,Saudi Arabia,WINNER,Saudi Arabia won,,,20
1464722,2024-12-15,female,T20,Gibraltar,Jersey,Europa Sports Complex,Gibraltar,,Jersey,field,Jersey,WINNER,Jersey won,,,20
1462908,2024-12-16,male,T20,Bermuda,Cayman Islands,"St Albans Club, Buenos Aires",Buenos Aires,,Bermuda,bat,Bermuda,WINNER,Bermuda won,,,20
1462909,2024-12-16,male,T20,Bahamas,Mexico,"St George's College Ground, Buenos Aires",Buenos Aires,,Bahamas,bat,Bahamas,WINNER,Bahamas won,,,20
1462910,2024-12-16,male,T20,Belize,Suriname,"St Albans Club, Buenos Aires",Buenos Aires,,Belize,bat,Suriname,WINNER,Suriname won,,,20
1462911,2024-12-16,male,T20,Argentina,Brazil,"St George's College Ground, Buenos Aires",Buenos Aires,,Brazil,field,Argentina,WINNER,Argentina won,,,20
1463658,2024-12-16,male,T20,Saudi Arabia,Bahrain,"ICC Academy, Dubai",Dubai,,Bahrain,field,Bahrain,WINNER,Bahrain won,,,20
1463659,2024-12-16,male,T20,United Arab Emirates,Kuwait,"ICC Academy, Dubai",Dubai,,United Arab Emirates,bat,United Arab Emirates,WINNER,United Arab Emirates won,,,20
1464723,2024-12-16,female,T20,Gibraltar,Jersey,Europa Sports Complex,Gibraltar,,Jersey,field,Jersey,WINNER,Jersey won,,,20
1433384,2024-12-17,male,T20,Bangladesh,West Indies,"Arnos Vale Ground, Kingstown, St Vincent",Kingstown,,West Indies,field,Bangladesh,WINNER,Bangladesh won,,,20
1459892,2024-12-17,female,T20,India,West Indies,"Dr DY Patil Sports Academy, Navi Mumbai",Navi Mumbai,,West Indies,field,West Indies,WINNER,West Indies won,,,20
1463660,2024-12-17,male,T20,Qatar,Kuwait,"ICC Academy, Dubai",Dubai,,Kuwait,field,Kuwait,WINNER,Kuwait won,,,20
1463661,2024-12-17,male,T20,Oman,Bahrain,"ICC Academy, Dubai",Dubai,,Bahrain,field,Oman,WINNER,Oman won,,,20
1463662,2024-12-18,male,T20,Oman,Saudi Arabia,"ICC Academy, Dubai",Dubai,,Saudi Arabia,field,Saudi Arabia,WINNER,Saudi Arabia won,,,20
1463663,2024-12-18,male,T20,United Arab Emirates,Qatar,"ICC Academy, Dubai",Dubai,,United Arab Emirates,bat,United Arab Emirates,WINNER,United Arab Emirates won,,,20
1433385,2024-12-19,male,T20,Bangladesh,West Indies,"Arnos Vale Ground, Kingstown, St Vincent",Kingstown,,Bangladesh,bat,Bangladesh,WINNER,Bangladesh won,,,20
1459893,2024-12-19,female,T20,India,West Indies,"Dr DY Patil Sports Academy, Navi Mumbai",Navi Mumbai,,West Indies,field,India,WINNER,India won,,,20
1463664,2024-12-19,male,T20,Saudi Arabia,United Arab Emirates,"ICC Academy, Dubai",Dubai,,United Arab Emirates,field,Saudi Arabia,WINNER,Saudi Arabia won,,,20
1463665,2024-12-20,male,T20,Bahrain,Qatar,"ICC Academy, Dubai",Dubai,,Qatar,field,Qatar,WINNER,Qatar won,,,20
1463666,2024-12-20,male,T20,Oman,Kuwait,"ICC Academy, Dubai",Dubai,,Oman,bat,Kuwait,WINNER,Kuwait won,,,20
1463667,2024-12-21,male,T20,United Arab Emirates,Kuwait,Dubai International Cricket Stadium,Dubai,,United Arab Emirates,bat,United Arab Emirates,WINNER,United Arab Emirates won,,,20
1464725,2024-12-22,female,T20,Bhutan,Myanmar,Gelephu International Cricket Ground,Gelephu,,Myanmar,field,Myanmar,WINNER,Myanmar won,,,20
1464726,2024-12-24,female,T20,Myanmar,Bhutan,Gelephu International Cricket Ground,Gelephu,,Bhutan,field,Myanmar,WINNER,Myanmar won,,,20
1464730,2024-12-24,female,T20,Singapore,Philippines,Singapore National Cricket Ground,Singapore,,Philippines,field,Singapore,WINNER,Singapore won,,,20
1464727,2024-12-26,female,T20,Bhutan,Myanmar,Gelephu International Cricket Ground,Gelephu,,Bhutan,bat,Myanmar,WINNER,Myanmar won,,,20
1464731,2024-12-26,female,T20,Philippines,Singapore,Singapore National Cricket Ground,Singapore,,Philippines,bat,Singapore,WINNER,Singapore won,,,20
1464728,2024-12-27,female,T20,Bhutan,Myanmar,Gelephu International Cricket Ground,Gelephu,,Myanmar,field,Myanmar,WINNER,Myanmar won,,,20
1464732,2024-12-27,female,T20,Singapore,Philippines,Singapore National Cricket Ground,Singapore,,Philippines,field,Philippines,WINNER,Philippines won,,,20
1443543,2024-12-28,male,T20,New Zealand,Sri Lanka,"Bay Oval, Mount Maunganui",Mount Maunganui,,Sri Lanka,field,New Zealand,WINNER,New Zealand won,,,20
1443544,2024-12-30,male,T20,New Zealand,Sri Lanka,"Bay Oval, Mount Maunganui",Mount Maunganui,,Sri Lanka,field,New Zealand,WINNER,New Zealand won,,,20
1443545,2025-01-02,male,T20,Sri Lanka,New Zealand,"Saxton Oval, Nelson",Nelson,,New Zealand,field,Sri Lanka,WINNER,Sri Lanka won,,,20
1426626,2025-01-20,female,T20,Australia,England,Sydney Cricket Ground,Sydney,,England,field,Australia,WINNER,Australia won,,,20
1439899,2025-01-22,male,T20,England,India,"Eden Gardens, Kolkata",Kolkata,,India,field,India,WINNER,India won,,,20
1426627,2025-01-23,female,T20,Australia,England,"Manuka Oval, Canberra",Canberra,,England,field,Australia,WINNER,Australia won,D/L,,20
1426628,2025-01-25,female,T20,Australia,England,Adelaide Oval,Adelaide,,Australia,bat,Australia,WINNER,Australia won,,,20
1439900,2025-01-25,male,T20,England,India,"MA Chidambaram Stadium, Chepauk, Chennai",Chennai,,India,field,India,WINNER,India won,,,20
1468402,2025-01-27,female,T20,Bangladesh,West Indies,"Warner Park, Basseterre, St Kitts",Basseterre,,Bangladesh,bat,West Indies,WINNER,West Indies won,,,20
1439901,2025-01-28,male,T20,England,India,"Saurashtra Cricket Association Stadium, Rajkot",Rajkot,,India,field,England,WINNER,England won,,,20
1468403,2025-01-29,female,T20,West Indies,Bangladesh,"Warner Park, Basseterre, St Kitts",Basseterre,,Bangladesh,field,West Indies,WINNER,West Indies won,,,20
1468724,2025-01-30,female,T20,Netherlands,Nepal,"Tribhuvan University International Cricket Ground, Kirtipur",Kirtipur,,Nepal,field,Netherlands,WINNER,Netherlands won,,,20
1439902,2025-01-31,male,T20,India,England,"Maharashtra Cricket Association Stadium, Pune",Pune,,England,field,India,WINNER,India won,,,20
1468404,2025-01-31,female,T20,Bangladesh,West Indies,"Warner Park, Basseterre, St Kitts",Basseterre,,West Indies,field,West Indies,WINNER,West Indies won,,,20
1468726,2025-01-31,female,T20,Netherlands,Thailand,"Tribhuvan University International Cricket Ground, Kirtipur",Kirtipur,,Netherlands,bat,Thailand,WINNER,Thailand won,,,20
1468725,2025-02-01,female,T20,Nepal,Thailand,"Tribhuvan University International Cricket Ground, Kirtipur",Kirtipur,,Nepal,bat,Thailand,WINNER,Thailand won,,,20
1439903,2025-02-02,male,T20,India,England,"Wankhede Stadium, Mumbai",Mumbai,,England,field,India,WINNER,India won,,,20
1468727,2025-02-02,female,T20,Netherlands,Nepal,"Tribhuvan University International Cricket Ground, Kirtipur",Kirtipur,,Netherlands,bat,Netherlands,WINNER,Netherlands won,,,20
1468729,2025-02-03,female,T20,Thailand,Netherlands,"Tribhuvan University International Cricket Ground, Kirtipur",Kirtipur,,Netherlands,field,Thailand,WINNER,Thailand won,,,20
1470186,2025-02-03,male,T20,Hungary,Malta,Marsa Sports Club,Marsa,,Malta,field,Hungary,WINNER,Hungary won,D/L,,20
1470187,2025-02-03,male,T20,Malta,Austria,Marsa Sports Club,Marsa,,Austria,field,Austria,WINNER,Austria won,,,20
1468728,2025-02-04,female,T20,Thailand,Nepal,"Tribhuvan University International Cricket Ground, Kirtipur",Kirtipur,,Thailand,bat,Thailand,WINNER,Thailand won,,,20
1470188,2025-02-04,male,T20,Hungary,Austria,Marsa Sports Club,Marsa,,Hungary,bat,Austria,WINNER,Austria won,,,20
1470189,2025-02-04,male,T20,Malta,Hungary,Marsa Sports Club,Marsa,,Malta,bat,Hungary,WINNER,Hungary won,,,20
1468730,2025-02-05,female,T20,Nepal,Netherlands,"Tribhuvan University International Cricket Ground, Kirtipur",Kirtipur,,Nepal,bat,Netherlands,WINNER,Netherlands won,,,20
1470190,2025-02-05,male,T20,Malta,Austria,Marsa Sports Club,Marsa,,Austria,field,Austria,WINNER,Austria won,,,20
1470191,2025-02-05,male,T20,Austria,Hungary,Marsa Sports Club,Marsa,,Hungary,field,Hungary,WINNER,Hungary won,,,20
1468732,2025-02-06,female,T20,Thailand,Netherlands,"Tribhuvan University International Cricket Ground, Kirtipur",Kirtipur,,Thailand,bat,Netherlands,WINNER,Netherlands won,,,20
1468731,2025-02-07,female,T20,Nepal,Thailand,"Tribhuvan University International Cricket Ground, Kirtipur",Kirtipur,,Nepal,bat,Thailand,WINNER,Thailand won,,,20
1471822,2025-02-19,male,T20,Bahrain,Indonesia,Udayana Cricket Ground,Bali,,Indonesia,field,Bahrain,WINNER,Bahrain won,,,20
1471823,2025-02-20,male,T20,Indonesia,Bahrain,Udayana Cricket Ground,Bali,,Bahrain,field,Bahrain,WINNER,Bahrain won,,,20
1473145,2025-02-20,male,T20,Oman,United States of America,Al Amerat Cricket Ground Oman Cricket (Ministry Turf 1),Al Amarat,,United States of America,field,United States of America,WINNER,United States of America won,,,50
1473146,2025-02-21,male,T20,Oman,United States of America,Al Amerat Cricket Ground Oman Cricket (Ministry Turf 1),Al Amarat,,United States of America,field,United States of America,WINNER,United States of America won,,,50
1467704,2025-02-22,male,T20,Zimbabwe,Ireland,Harare Sports Club,Harare,,Ireland,field,,NO_RESULT,No result,,,20
1471824,2025-02-22,male,T20,Bahrain,Indonesia,Udayana Cricket Ground,Bali,,Indonesia,field,Indonesia,WINNER,Indonesia won,,,20
1467705,2025-02-23,male,T20,Ireland,Zimbabwe,Harare Sports Club,Harare,,Zimbabwe,field,Zimbabwe,WINNER,Zimbabwe won,,,20
1471825,2025-02-23,male,T20,Bahrain,Indonesia,Udayana Cricket Ground,Bali,,Indonesia,field,Bahrain,WINNER,Bahrain won,,,20
1473147,2025-02-23,male,T20,Oman,United States of America,Al Amerat Cricket Ground Oman Cricket (Ministry Turf 1),Al Amarat,,Oman,bat,United States of America,WINNER,United States of America won,,,50
1471826,2025-02-24,male,T20,Indonesia,Bahrain,Udayana Cricket Ground,Bali,,Indonesia,bat,Bahrain,WINNER,Bahrain won,,,20
1467706,2025-02-25,male,T20,Zimbabwe,Ireland,Harare Sports Club,Harare,,Ireland,field,,NO_RESULT,No result,,,20
1474260,2025-02-28,male,T20,Bahrain,Singapore,Singapore National Cricket Ground,Singapore,,Singapore,field,Bahrain,WINNER,Bahrain won,,,20
1474261,2025-03-01,male,T20,Singapore,Bahrain,Singapore National Cricket Ground,Singapore,,Singapore,bat,Bahrain,WINNER,Bahrain won,,,20
1474262,2025-03-02,male,T20,Singapore,Bahrain,Singapore National Cricket Ground,Singapore,,Singapore,bat,Bahrain,WINNER,Bahrain won,,,20
1474263,2025-03-04,male,T20,Singapore,Bahrain,Singapore National Cricket Ground,Singapore,,Singapore,bat,,NO_RESULT,No result,,,20
1476152,2025-03-08,female,T20,Hong Kong,Uganda,Entebbe Cricket Oval,Entebbe,,Uganda,field,Uganda,WINNER,Uganda won,,,20
1476153,2025-03-08,female,T20,Nepal,Namibia,Entebbe Cricket Oval,Entebbe,,Nepal,bat,Namibia,WINNER,Namibia won,D/L,,20
1476154,2025-03-09,female,T20,Uganda,Nepal,Entebbe Cricket Oval,Entebbe,,Nepal,field,Nepal,WINNER,Nepal won,,,20
1476155,2025-03-09,female,T20,Namibia,Hong Kong,Entebbe Cricket Oval,Entebbe,,Namibia,bat,Hong Kong,WINNER,Hong Kong won,,,20
1474423,2025-03-10,female,T20,Vanuatu,Samoa,"N'Du Stadium, Noumea, New Caledonia",Noumea,,Vanuatu,bat,Vanuatu,WINNER,Vanuatu won,,,20
1474981,2025-03-10,female,T20,Canada,United States of America,"St Albans Club, Buenos Aires",Buenos Aires,,Canada,bat,Canada,WINNER,Canada won,,,20
1474982,2025-03-10,female,T20,Brazil,Argentina,"St Albans Club, Buenos Aires",Buenos Aires,,Argentina,field,Brazil,WINNER,Brazil won,,,20
1475525,2025-03-10,male,T20,Malaysia,Bahrain,"Bayuemas Oval, Kuala Lumpur",Kuala Lumpur,,Bahrain,field,Bahrain,WINNER,Bahrain won,,,20
1476156,2025-03-10,female,T20,Uganda,Namibia,Entebbe Cricket Oval,Entebbe,,Namibia,field,Uganda,WINNER,Uganda won,,,20
1476157,2025-03-10,female,T20,Hong Kong,Nepal,Entebbe Cricket Oval,Entebbe,,Nepal,field,Hong Kong,WINNER,Hong Kong won,,,20
1474424,2025-03-11,female,T20,Vanuatu,France,"N'Du Stadium, Noumea, New Caledonia",Noumea,,Vanuatu,bat,Vanuatu,WINNER,Vanuatu won,,,20
1474983,2025-03-11,female,T20,United States of America,Brazil,"St Albans Club, Buenos Aires",Buenos Aires,,Brazil,field,United States of America,WINNER,United States of America won,,,20
1474984,2025-03-11,female,T20,Argentina,Canada,"St Albans Club, Buenos Aires",Buenos Aires,,Canada,field,Argentina,WINNER,Argentina won,,,20
1475526,2025-03-11,male,T20,Hong Kong,Bahrain,"Bayuemas Oval, Kuala Lumpur",Kuala Lumpur,,Hong Kong,bat,Bahrain,WINNER,Bahrain won,,,20
1474426,2025-03-12,female,T20,France,Samoa,"N'Du Stadium, Noumea, New Caledonia",Noumea,,France,bat,Samoa,WINNER,Samoa won,,,20
1474427,2025-03-12,female,T20,Vanuatu,Fiji,"N'Du Stadium, Noumea, New Caledonia",Noumea,,Vanuatu,bat,Vanuatu,WINNER,Vanuatu won,,,20
1475527,2025-03-12,male,T20,Hong Kong,Malaysia,"Bayuemas Oval, Kuala Lumpur",Kuala Lumpur,,Hong Kong,bat,Hong Kong,WINNER,Hong Kong won,,,20
1476158,2025-03-12,female,T20,Namibia,Nepal,Entebbe Cricket Oval,Entebbe,,Nepal,field,Namibia,WINNER,Namibia won,,,20
1476159,2025-03-12,female,T20,Uganda,Hong Kong,Entebbe Cricket Oval,Entebbe,,Uganda,bat,Hong Kong,WINNER,Hong Kong won,,,20
1474422,2025-03-13,female,T20,Fiji,France,"N'Du Stadium, Noumea, New Caledonia",Noumea,,Fiji,bat,Fiji,WINNER,Fiji won,,,20
1474985,2025-03-13,female,T20,United States of America,Argentina,"St Albans Club, Buenos Aires",Buenos Aires,,Argentina,field,United States of America,WINNER,United States of America won,,,20
1474986,2025-03-13,female,T20,Brazil,Canada,"St Albans Club, Buenos Aires",Buenos Aires,,Brazil,bat,Canada,WINNER,Canada won,,,20
1475528,2025-03-13,male,T20,Bahrain,Malaysia,"Bayuemas Oval, Kuala Lumpur",Kuala Lumpur,,Malaysia,field,Bahrain,WINNER,Bahrain won,,,20
1476160,2025-03-13,female,T20,Hong Kong,Namibia,Entebbe Cricket Oval,Entebbe,,Namibia,field,Namibia,WINNER,Namibia won,,,20
1476161,2025-03-13,female,T20,Uganda,Nepal,Entebbe Cricket Oval,Entebbe,,Uganda,bat,Uganda,WINNER,Uganda won,,,20
1443571,2025-03-14,female,T20,New Zealand,Sri Lanka,"Hagley Oval, Christchurch",Christchurch,,New Zealand,bat,Sri Lanka,WINNER,Sri Lanka won,,,20
1474429,2025-03-14,female,T20,Vanuatu,Samoa,"N'Du Stadium, Noumea, New Caledonia",Noumea,,Vanuatu,bat,Samoa,WINNER,Samoa won,,,20
1474987,2025-03-14,female,T20,Canada,Argentina,"St Albans Club, Buenos Aires",Buenos Aires,,Canada,bat,Canada,WINNER,Canada won,,,20
1474988,2025-03-14,female,T20,United States of America,Brazil,"St Albans Club, Buenos Aires",Buenos Aires,,Brazil,field,United States of America,WINNER,United States of America won,,,20
1475529,2025-03-14,male,T20,Hong Kong,Bahrain,"Bayuemas Oval, Kuala Lumpur",Kuala Lumpur,,Hong Kong,bat,Hong Kong,TIED,Tied; Hong Kong won via Super Over,,Hong Kong,20
1476162,2025-03-14,female,T20,Hong Kong,Nepal,Entebbe Cricket Oval,Entebbe,,Hong Kong,bat,Nepal,WINNER,Nepal won,,,20
1476163,2025-03-14,female,T20,Uganda,Namibia,Entebbe Cricket Oval,Entebbe,,Uganda,bat,Uganda,WINNER,Uganda won,,,20
1475530,2025-03-15,male,T20,Malaysia,Hong Kong,"Bayuemas Oval, Kuala Lumpur",Kuala Lumpur,,Malaysia,bat,Hong Kong,WINNER,Hong Kong won,,,20
1443549,2025-03-16,male,T20,Pakistan,New Zealand,"Hagley Oval, Christchurch",Christchurch,,New Zealand,field,New Zealand,WINNER,New Zealand won,,,20
1443572,2025-03-16,female,T20,Sri Lanka,New Zealand,"Hagley Oval, Christchurch",Christchurch,,New Zealand,field,New Zealand,WINNER,New Zealand won,,,20
1474990,2025-03-16,female,T20,Argentina,United States of America,"St Albans Club, Buenos Aires",Buenos Aires,,United States of America,field,United States of America,WINNER,United States of America won,,,20
1476165,2025-03-16,female,T20,Namibia,Uganda,Entebbe Cricket Oval,Entebbe,,Namibia,bat,Uganda,WINNER,Uganda won,,,20
1474991,2025-03-17,female,T20,Argentina,Brazil,"St Albans Club, Buenos Aires",Buenos Aires,,Brazil,field,Brazil,WINNER,Brazil won,,,20
1474992,2025-03-17,female,T20,United States of America,Canada,"St Albans Club, Buenos Aires",Buenos Aires,,United States of America,bat,United States of America,WINNER,United States of America won,,,20
1475531,2025-03-17,male,T20,Hong Kong,Bahrain,"Bayuemas Oval, Kuala Lumpur",Kuala Lumpur,,Hong Kong,bat,Bahrain,WINNER,Bahrain won,,,20
1443550,2025-03-18,male,T20,Pakistan,New Zealand,"University Oval, Dunedin",Dunedin,,New Zealand,field,New Zealand,WINNER,New Zealand won,,,20
1443573,2025-03-18,female,T20,New Zealand,Sri Lanka,"University Oval, Dunedin",Dunedin,,Sri Lanka,field,,NO_RESULT,No result,,,20
1476795,2025-03-19,male,T20,Canada,Namibia,"Namibia Cricket Ground, Windhoek",Windhoek,,Namibia,field,Namibia,WINNER,Namibia won,,,20
1443551,2025-03-21,male,T20,New Zealand,Pakistan,"Eden Park, Auckland",Auckland,,Pakistan,field,Pakistan,WINNER,Pakistan won,,,20
1443574,2025-03-21,female,T20,New Zealand,Australia,"Eden Park, Auckland",Auckland,,New Zealand,bat,Australia,WINNER,Australia won,,,20
1476797,2025-03-22,male,T20,Canada,Namibia,"Namibia Cricket Ground, Windhoek",Windhoek,,Canada,bat,Namibia,WINNER,Namibia won,D/L,,20
1443552,2025-03-23,male,T20,New Zealand,Pakistan,"Bay Oval, Mount Maunganui",Mount Maunganui,,Pakistan,field,New Zealand,WINNER,New Zealand won,,,20
1443575,2025-03-23,female,T20,Australia,New Zealand,"Bay Oval, Mount Maunganui",Mount Maunganui,,Australia,bat,Australia,WINNER,Australia won,,,20
1476798,2025-03-23,male,T20,Canada,Namibia,"Namibia Cricket Ground, Windhoek",Windhoek,,Namibia,field,Namibia,WINNER,Namibia won,,,20
1443553,2025-03-26,male,T20,Pakistan,New Zealand,"Sky Stadium, Wellington",Wellington,,New Zealand,field,New Zealand,WINNER,New Zealand won,,,20
1443576,2025-03-26,female,T20,Australia,New Zealand,"Sky Stadium, Wellington",Wellington,,New Zealand,field,Australia,WINNER,Australia won,,,20
1478228,2025-04-07,male,T20,Norway,Portugal,Santarem Cricket Ground,Albergaria,,Portugal,field,Norway,WINNER,Norway won,,,20
1478411,2025-04-07,female,T20,Portugal,Norway,Santarem Cricket Ground,Albergaria,,Portugal,bat,Portugal,WINNER,Portugal won,,,20
1478229,2025-04-08,male,T20,Norway,Portugal,Santarem Cricket Ground,Albergaria,,Norway,bat,Portugal,WINNER,Portugal won,,,20
1478412,2025-04-08,female,T20,Portugal,Norway,Santarem Cricket Ground,Albergaria,,Portugal,bat,Norway,WINNER,Norway won,,,20
1479929,2025-04-08,female,T20,Uganda,Namibia,"High Performance Oval, Windhoek",Windhoek,,Namibia,field,Uganda,WINNER,Uganda won,,,20
1477679,2025-04-09,female,T20,Cook Islands,Indonesia,Udayana Cricket Ground,Bali,,Cook Islands,bat,Indonesia,WINNER,Indonesia won,,,20
1478230,2025-04-09,male,T20,Portugal,Norway,Santarem Cricket Ground,Albergaria,,Portugal,bat,Portugal,WINNER,Portugal won,,,20
1478413,2025-04-09,female,T20,Norway,Portugal,Santarem Cricket Ground,Albergaria,,Portugal,field,Portugal,WINNER,Portugal won,,,20
1479320,2025-04-09,male,T20,Qatar,Nepal,"Mission Road Ground, Mong Kok, Hong Kong",Mong Kok,,Nepal,field,Nepal,WINNER,Nepal won,,,20
1479321,2025-04-09,male,T20,Hong Kong,Kuwait,"Mission Road Ground, Mong Kok, Hong Kong",Mong Kok,,Kuwait,field,Kuwait,WINNER,Kuwait won,,,20
1479930,2025-04-09,female,T20,Uganda,Namibia,"High Performance Oval, Windhoek",Windhoek,,Namibia,field,Uganda,WINNER,Uganda won,,,20
1477680,2025-04-10,female,T20,Indonesia,Philippines,Udayana Cricket Ground,Bali,,Philippines,field,Indonesia,WINNER,Indonesia won,,,20
1479322,2025-04-10,male,T20,Kuwait,Nepal,"Mission Road Ground, Mong Kok, Hong Kong",Mong Kok,,Nepal,field,Nepal,WINNER,Nepal won,,,20
1479323,2025-04-10,male,T20,Hong Kong,Qatar,"Mission Road Ground, Mong Kok, Hong Kong",Mong Kok,,Qatar,field,Hong Kong,WINNER,Hong Kong won,,,20
1477681,2025-04-11,female,T20,Cook Islands,Philippines,Udayana Cricket Ground,Bali,,Cook Islands,bat,Cook Islands,WINNER,Cook Islands won,,,20
1479931,2025-04-11,female,T20,Namibia,Uganda,"High Performance Oval, Windhoek",Windhoek,,Uganda,field,Namibia,WINNER,Namibia won,,,20
1477682,2025-04-12,female,T20,Cook Islands,Indonesia,Udayana Cricket Ground,Bali,,Cook Islands,bat,Indonesia,WINNER,Indonesia won,,,20
1479324,2025-04-12,male,T20,Qatar,Kuwait,"Mission Road Ground, Mong Kok, Hong Kong",Mong Kok,,Kuwait,field,Kuwait,WINNER,Kuwait won,,,20
1479325,2025-04-12,male,T20,Hong Kong,Nepal,"Mission Road Ground, Mong Kok, Hong Kong",Mong Kok,,Nepal,field,,NO_RESULT,No result,,,20
1479932,2025-04-12,female,T20,Namibia,Uganda,"High Performance Oval, Windhoek",Windhoek,,Namibia,bat,Namibia,WINNER,Namibia won,,,20
1479326,2025-04-13,male,T20,Hong Kong,Qatar,"Mission Road Ground, Mong Kok, Hong Kong",Mong Kok,,Qatar,field,Hong Kong,WINNER,Hong Kong won,,,20
1479327,2025-04-13,male,T20,Kuwait,Nepal,"Mission Road Ground, Mong Kok, Hong Kong",Mong Kok,,Nepal,field,Kuwait,WINNER,Kuwait won,,,20
1479933,2025-04-14,female,T20,Namibia,Uganda,"High Performance Oval, Windhoek",Windhoek,,Namibia,bat,Namibia,WINNER,Namibia won,,,20
1479934,2025-04-15,female,T20,Namibia,Uganda,"High Performance Oval, Windhoek",Windhoek,,Uganda,field,Uganda,WINNER,Uganda won,,,20
1481295,2025-04-17,male,T20,Mexico,Costa Rica,"Clayton Panama, Panama City",Panama City,,Costa Rica,field,Mexico,WINNER,Mexico won,,,20
1481296,2025-04-17,male,T20,Panama,Turks and Caicos Island,"Clayton Panama, Panama City",Panama City,,Panama,bat,Panama,WINNER,Panama won,,,20
1481297,2025-04-18,male,T20,Costa Rica,Panama,"Clayton Panama, Panama City",Panama City,,Costa Rica,bat,Panama,WINNER,Panama won,,,20
1481298,2025-04-18,male,T20,Turks and Caicos Island,Mexico,"Clayton Panama, Panama City",Panama City,,Turks and Caicos Island,bat,Mexico,WINNER,Mexico won,,,20
1481299,2025-04-19,male,T20,Costa Rica,Turks and Caicos Island,"Clayton Panama, Panama City",Panama City,,Costa Rica,bat,Turks and Caicos Island,WINNER,Turks and Caicos Island won,,,20
1481300,2025-04-19,male,T20,Panama,Mexico,"Clayton Panama, Panama City",Panama City,,Panama,bat,Panama,WINNER,Panama won,,,20
1481303,2025-04-19,male,T20,United States of America,Cayman Islands,"Jimmy Powell Oval, Cayman Islands",George Town,,United States of America,bat,United States of America,WINNER,United States of America won,,,20
1481304,2025-04-19,male,T20,Bermuda,Canada,"Jimmy Powell Oval, Cayman Islands",George Town,,Bermuda,bat,Canada,WINNER,Canada won,,,20
1481301,2025-04-20,male,T20,Turks and Caicos Island,Costa Rica,"Clayton Panama, Panama City",Panama City,,Turks and Caicos Island,bat,Costa Rica,WINNER,Costa Rica won,D/L,,20
1481305,2025-04-20,male,T20,United States of America,Bahamas,"Jimmy Powell Oval, Cayman Islands",George Town,,United States of America,bat,United States of America,WINNER,United States of America won,,,20
1481306,2025-04-20,male,T20,Bermuda,Cayman Islands,"Jimmy Powell Oval, Cayman Islands",George Town,,Bermuda,bat,Bermuda,WINNER,Bermuda won,,,20
1481307,2025-04-21,male,T20,Bahamas,Canada,"Jimmy Powell Oval, Cayman Islands",George Town,,Bahamas,bat,Canada,WINNER,Canada won,,,20
1481308,2025-04-21,male,T20,Bermuda,United States of America,"Jimmy Powell Oval, Cayman Islands",George Town,,Bermuda,bat,United States of America,WINNER,United States of America won,,,20
1481309,2025-04-23,male,T20,Canada,Cayman Islands,"Jimmy Powell Oval, Cayman Islands",George Town,,Cayman Islands,field,Canada,WINNER,Canada won,,,20
1481310,2025-04-23,male,T20,Bahamas,Bermuda,"Jimmy Powell Oval, Cayman Islands",George Town,,Bahamas,bat,Bermuda,WINNER,Bermuda won,,,20
1481311,2025-04-24,male,T20,Cayman Islands,Bahamas,"Jimmy Powell Oval, Cayman Islands",George Town,,Cayman Islands,bat,Cayman Islands,WINNER,Cayman Islands won,,,20
1481312,2025-04-24,male,T20,Canada,United States of America,"Jimmy Powell Oval, Cayman Islands",George Town,,Canada,bat,Canada,WINNER,Canada won,,,20
1482088,2025-04-24,male,T20,Saudi Arabia,Thailand,"Bayuemas Oval, Kuala Lumpur",Kuala Lumpur,,Saudi Arabia,bat,Saudi Arabia,WINNER,Saudi Arabia won,,,20
1482089,2025-04-24,male,T20,Malaysia,Singapore,"Bayuemas Oval, Kuala Lumpur",Kuala Lumpur,,Malaysia,bat,Malaysia,WINNER,Malaysia won,,,20
1481709,2025-04-25,female,T20,Zimbabwe,United States of America,"Grand Prairie Stadium, Dallas",Dallas,,United States of America,field,Zimbabwe,WINNER,Zimbabwe won,,,20
1482090,2025-04-25,male,T20,Thailand,Malaysia,"Bayuemas Oval, Kuala Lumpur",Kuala Lumpur,,Malaysia,field,Malaysia,WINNER,Malaysia won,,,20
1482091,2025-04-25,male,T20,Saudi Arabia,Singapore,"Bayuemas Oval, Kuala Lumpur",Kuala Lumpur,,Saudi Arabia,bat,Saudi Arabia,WINNER,Saudi Arabia won,,,20
1477662,2025-04-26,female,T20,Botswana,Eswatini,"Botswana Cricket Association Oval 1, Gaborone",Gaborone,,Eswatini,field,Botswana,WINNER,Botswana won,,,20
1477663,2025-04-26,female,T20,Mozambique,Sierra Leone,"Botswana Cricket Association Oval 2, Gaborone",Gaborone,,Mozambique,bat,Sierra Leone,WINNER,Sierra Leone won,,,20
1477665,2025-04-26,female,T20,Botswana,Mozambique,"Botswana Cricket Association Oval 2, Gaborone",Gaborone,,Botswana,bat,Botswana,WINNER,Botswana won,,,20
1477671,2025-04-26,female,T20,Eswatini,Sierra Leone,"Botswana Cricket Association Oval 1, Gaborone",Gaborone,,Sierra Leone,field,Sierra Leone,WINNER,Sierra Leone won,,,20
1481313,2025-04-26,male,T20,Cayman Islands,Canada,"Jimmy Powell Oval, Cayman Islands",George Town,,Cayman Islands,bat,Canada,WINNER,Canada won,,,20
1481314,2025-04-26,male,T20,Bermuda,United States of America,"Jimmy Powell Oval, Cayman Islands",George Town,,Bermuda,bat,United States of America,WINNER,United States of America won,,,20
1482092,2025-04-26,male,T20,Saudi Arabia,Malaysia,"Bayuemas Oval, Kuala Lumpur",Kuala Lumpur,,Saudi Arabia,bat,Malaysia,WINNER,Malaysia won,,,20
1482093,2025-04-26,male,T20,Singapore,Thailand,"Bayuemas Oval, Kuala Lumpur",Kuala Lumpur,,Singapore,bat,Singapore,WINNER,Singapore won,,,20
1477667,2025-04-27,female,T20,Mozambique,Eswatini,"Botswana Cricket Association Oval 2, Gaborone",Gaborone,,Mozambique,bat,Mozambique,WINNER,Mozambique won,,,20
1477668,2025-04-27,female,T20,Sierra Leone,Botswana,"Botswana Cricket Association Oval 1, Gaborone",Gaborone,,Botswana,field,Sierra Leone,WINNER,Sierra Leone won,,,20
1477669,2025-04-27,female,T20,Sierra Leone,Eswatini,"Botswana Cricket Association Oval 2, Gaborone",Gaborone,,Eswatini,field,Sierra Leone,WINNER,Sierra Leone won,,,20
1477670,2025-04-27,female,T20,Botswana,Mozambique,"Botswana Cricket Association Oval 1, Gaborone",Gaborone,,Botswana,bat,Botswana,WINNER,Botswana won,,,20
1481315,2025-04-27,male,T20,Canada,United States of America,"Jimmy Powell Oval, Cayman Islands",George Town,,Canada,bat,United States of America,WINNER,United States of America won,,,20
1481710,2025-04-27,female,T20,Zimbabwe,United States of America,"Grand Prairie Stadium, Dallas",Dallas,,United States of America,field,Zimbabwe,WINNER,Zimbabwe won,,,20
1482094,2025-04-28,male,T20,Saudi Arabia,Thailand,"Bayuemas Oval, Kuala Lumpur",Kuala Lumpur,,Thailand,field,Saudi Arabia,WINNER,Saudi Arabia won,,,20
1482095,2025-04-28,male,T20,Singapore,Malaysia,"Bayuemas Oval, Kuala Lumpur",Kuala Lumpur,,Singapore,bat,,NO_RESULT,No result,,,20
1477664,2025-04-29,female,T20,Eswatini,Botswana,"Botswana Cricket Association Oval 2, Gaborone",Gaborone,,Botswana,field,Botswana,WINNER,Botswana won,,,20
1477666,2025-04-29,female,T20,Mozambique,Sierra Leone,"Botswana Cricket Association Oval 1, Gaborone",Gaborone,,Sierra Leone,field,Sierra Leone,WINNER,Sierra Leone won,,,20
1477674,2025-04-29,female,T20,Botswana,Sierra Leone,"Botswana Cricket Association Oval 1, Gaborone",Gaborone,,Botswana,bat,Sierra Leone,WINNER,Sierra Leone won,,,20
1477675,2025-04-29,female,T20,Mozambique,Eswatini,"Botswana Cricket Association Oval 2, Gaborone",Gaborone,,Mozambique,bat,Mozambique,WINNER,Mozambique won,,,20
1481711,2025-04-29,female,T20,Zimbabwe,United States of America,"Grand Prairie Stadium, Dallas",Dallas,,United States of America,field,United States of America,WINNER,United States of America won,,,20
1482096,2025-04-29,male,T20,Malaysia,Thailand,"Bayuemas Oval, Kuala Lumpur",Kuala Lumpur,,Thailand,field,Malaysia,WINNER,Malaysia won,,,20
1482097,2025-04-29,male,T20,Singapore,Saudi Arabia,"Bayuemas Oval, Kuala Lumpur",Kuala Lumpur,,Singapore,bat,Saudi Arabia,WINNER,Saudi Arabia won,,,20
1477672,2025-04-30,female,T20,Mozambique,Eswatini,"Botswana Cricket Association Oval 1, Gaborone",Gaborone,,Mozambique,bat,Mozambique,WINNER,Mozambique won,,,20
1477673,2025-04-30,female,T20,Sierra Leone,Botswana,"Botswana Cricket Association Oval 1, Gaborone",Gaborone,,Botswana,field,Sierra Leone,WINNER,Sierra Leone won,,,20
1482098,2025-04-30,male,T20,Malaysia,Saudi Arabia,"Bayuemas Oval, Kuala Lumpur",Kuala Lumpur,,Saudi Arabia,field,Saudi Arabia,WINNER,Saudi Arabia won,,,20
1482100,2025-05-02,male,T20,Singapore,Thailand,"Bayuemas Oval, Kuala Lumpur",Kuala Lumpur,,Singapore,bat,Singapore,WINNER,Singapore won,,,20
1482101,2025-05-02,male,T20,Malaysia,Saudi Arabia,"Bayuemas Oval, Kuala Lumpur",Kuala Lumpur,,Malaysia,bat,Malaysia,WINNER,Malaysia won,,,20
1483063,2025-05-02,female,T20,Cyprus,Czech Republic,"Scott Page Field, Vinor",Prague,,Czech Republic,field,Cyprus,WINNER,Cyprus won,,,20
1483064,2025-05-02,female,T20,Cyprus,Czech Republic,"Scott Page Field, Vinor",Prague,,Cyprus,bat,Cyprus,WINNER,Cyprus won,,,20
1483941,2025-05-02,female,T20,Bahrain,Oman,Al Amerat Cricket Ground Oman Cricket (Ministry Turf 2),Al Amarat,,Oman,field,Oman,WINNER,Oman won,,,20
1483065,2025-05-03,female,T20,Czech Republic,Cyprus,"Scott Page Field, Vinor",Prague,,Czech Republic,bat,Cyprus,WINNER,Cyprus won,,,20
1483066,2025-05-03,female,T20,Czech Republic,Cyprus,"Scott Page Field, Vinor",Prague,,Czech Republic,bat,Cyprus,WINNER,Cyprus won,,,20
1483754,2025-05-03,female,T20,United Arab Emirates,Hong Kong,"Terdthai Cricket Ground, Bangkok",Bangkok,,Hong Kong,field,United Arab Emirates,WINNER,United Arab Emirates won,,,20
1483755,2025-05-03,female,T20,Kuwait,Thailand,"Terdthai Cricket Ground, Bangkok",Bangkok,,Kuwait,bat,Thailand,WINNER,Thailand won,,,20
1483942,2025-05-03,female,T20,Oman,Bahrain,Al Amerat Cricket Ground Oman Cricket (Ministry Turf 1),Al Amarat,,Bahrain,field,Oman,WINNER,Oman won,,,20
1483067,2025-05-04,female,T20,Czech Republic,Cyprus,"Scott Page Field, Vinor",Prague,,Czech Republic,bat,Cyprus,WINNER,Cyprus won,,,20
1483756,2025-05-04,female,T20,Thailand,Hong Kong,"Terdthai Cricket Ground, Bangkok",Bangkok,,Hong Kong,field,Thailand,WINNER,Thailand won,,,20
1483757,2025-05-04,female,T20,United Arab Emirates,Kuwait,"Terdthai Cricket Ground, Bangkok",Bangkok,,United Arab Emirates,bat,United Arab Emirates,WINNER,United Arab Emirates won,,,20
1483068,2025-05-05,female,T20,Croatia,Malta,Marsa Sports Club,Marsa,,Croatia,bat,Malta,WINNER,Malta won,,,20
1483069,2025-05-05,female,T20,Croatia,Malta,Marsa Sports Club,Marsa,,Malta,field,Malta,WINNER,Malta won,,,20
1483943,2025-05-05,female,T20,Bahrain,Oman,Al Amerat Cricket Ground Oman Cricket (Ministry Turf 1),Al Amarat,,Bahrain,bat,Oman,WINNER,Oman won,,,20
1482828,2025-05-06,male,T20,Malta,Estonia,Marsa Sports Club,Marsa,,Estonia,field,Malta,WINNER,Malta won,,,20
1482829,2025-05-06,male,T20,Malta,Estonia,Marsa Sports Club,Marsa,,Estonia,field,Estonia,WINNER,Estonia won,,,20
1483758,2025-05-06,female,T20,Hong Kong,Kuwait,"Terdthai Cricket Ground, Bangkok",Bangkok,,Kuwait,field,Hong Kong,WINNER,Hong Kong won,,,20
1483759,2025-05-06,female,T20,Thailand,United Arab Emirates,"Terdthai Cricket Ground, Bangkok",Bangkok,,Thailand,bat,Thailand,WINNER,Thailand won,,,20
1482819,2025-05-07,male,T20,Thailand,Cook Islands,Sano International Cricket Ground,Sano,,Thailand,bat,Cook Islands,WINNER,Cook Islands won,,,20
1482830,2025-05-07,male,T20,Malta,Estonia,Marsa Sports Club,Marsa,,Estonia,field,Malta,WINNER,Malta won,,,20
1482820,2025-05-08,male,T20,Japan,Thailand,Sano International Cricket Ground,Sano,,Japan,bat,Japan,WINNER,Japan won,,,20
1482821,2025-05-09,male,T20,Cook Islands,Thailand,Sano International Cricket Ground,Sano,,Thailand,field,Thailand,WINNER,Thailand won,,,20
1482822,2025-05-09,male,T20,Japan,Cook Islands,Sano International Cricket Ground,Sano,,Cook Islands,field,Japan,WINNER,Japan won,,,20
1483760,2025-05-09,female,T20,Kuwait,Thailand,"Terdthai Cricket Ground, Bangkok",Bangkok,,Thailand,field,Thailand,WINNER,Thailand won,,,20
1483762,2025-05-09,female,T20,Malaysia,United Arab Emirates,"Asian Institute of Technology Ground, Bangkok",Bangkok,,United Arab Emirates,field,United Arab Emirates,WINNER,United Arab Emirates won,,,20
1483070,2025-05-10,female,T20,Germany,Greece,"Marina Ground, Corfu",Corfu,,Greece,field,Germany,WINNER,Germany won,,,20
1483071,2025-05-10,female,T20,Germany,Greece,"Marina Ground, Corfu",Corfu,,Germany,bat,Germany,WINNER,Germany won,,,20
1483763,2025-05-10,female,T20,Bahrain,Nepal,"Terdthai Cricket Ground, Bangkok",Bangkok,,Nepal,field,Nepal,WINNER,Nepal won,,,20
1483765,2025-05-10,female,T20,United Arab Emirates,Qatar,"Terdthai Cricket Ground, Bangkok",Bangkok,,United Arab Emirates,bat,United Arab Emirates,WINNER,United Arab Emirates won,,,20
1482825,2025-05-11,male,T20,Japan,Thailand,Sano International Cricket Ground,Sano,,Japan,bat,Thailand,WINNER,Thailand won,,,20
1483072,2025-05-11,female,T20,Germany,Greece,"Marina Ground, Corfu",Corfu,,Germany,bat,Germany,WINNER,Germany won,,,20
1483073,2025-05-11,female,T20,Greece,Germany,"Marina Ground, Corfu",Corfu,,Greece,bat,Germany,WINNER,Germany won,,,20
1483766,2025-05-12,female,T20,Kuwait,Bhutan,"Terdthai Cricket Ground, Bangkok",Bangkok,,Bhutan,field,Kuwait,WINNER,Kuwait won,,,20
1483767,2025-05-12,female,T20,Bahrain,Hong Kong,"Terdthai Cricket Ground, Bangkok",Bangkok,,Bahrain,bat,,NO_RESULT,No result,,,20
1482826,2025-05-13,male,T20,Cook Islands,Japan,Sano International Cricket Ground,Sano,,Cook Islands,bat,Japan,WINNER,Japan won,,,20
1483770,2025-05-13,female,T20,Nepal,Hong Kong,"Asian Institute of Technology Ground, Bangkok",Bangkok,,Hong Kong,field,Hong Kong,WINNER,Hong Kong won,,,20
1482827,2025-05-14,male,T20,Japan,Cook Islands,Sano International Cricket Ground,Sano,,Cook Islands,field,Japan,WINNER,Japan won,,,20
1477676,2025-05-15,female,T20,Bulgaria,Estonia,Estonian National Cricket and Rugby Field,Tallinn,,Bulgaria,bat,Estonia,WINNER,Estonia won,,,20
1477677,2025-05-15,female,T20,Bulgaria,Estonia,Estonian National Cricket and Rugby Field,Tallinn,,Estonia,field,Estonia,WINNER,Estonia won,,,20
1483772,2025-05-15,female,T20,Thailand,Bhutan,"Terdthai Cricket Ground, Bangkok",Bangkok,,Bhutan,field,Thailand,WINNER,Thailand won,,,20
1483773,2025-05-15,female,T20,Bahrain,Nepal,"Terdthai Cricket Ground, Bangkok",Bangkok,,Bahrain,bat,Nepal,WINNER,Nepal won,D/L,,20
1483775,2025-05-16,female,T20,Kuwait,Bhutan,"Terdthai Cricket Ground, Bangkok",Bangkok,,Bhutan,field,Bhutan,WINNER,Bhutan won,,,20
1483777,2025-05-16,female,T20,Qatar,Malaysia,"Terdthai Cricket Ground, Bangkok",Bangkok,,Malaysia,field,Malaysia,WINNER,Malaysia won,D/L,,20
1484051,2025-05-17,male,T20,Bangladesh,United Arab Emirates,Sharjah Cricket Stadium,Sharjah,,United Arab Emirates,field,Bangladesh,WINNER,Bangladesh won,,,20
1486225,2025-05-17,male,T20,Austria,Slovenia,"Velden Cricket Ground, Latschach",Latschach,,Slovenia,field,Austria,WINNER,Austria won,,,20
1483778,2025-05-18,female,T20,Thailand,United Arab Emirates,"Terdthai Cricket Ground, Bangkok",Bangkok,,Thailand,bat,Thailand,WINNER,Thailand won,,,20
1486227,2025-05-18,male,T20,Slovenia,Austria,"Ballpark Ground, Graz",Graz,,Slovenia,bat,Austria,WINNER,Austria won,,,20
1486228,2025-05-18,male,T20,Austria,Slovenia,"Ballpark Ground, Graz",Graz,,Austria,bat,Austria,WINNER,Austria won,,,20
1483779,2025-05-19,female,T20,United Arab Emirates,Nepal,"Terdthai Cricket Ground, Bangkok",Bangkok,,Nepal,field,Nepal,WINNER,Nepal won,,,20
1484052,2025-05-19,male,T20,Bangladesh,United Arab Emirates,Sharjah Cricket Stadium,Sharjah,,United Arab Emirates,field,United Arab Emirates,WINNER,United Arab Emirates won,,,20
1485778,2025-05-20,female,T20,Thailand,Nepal,"Terdthai Cricket Ground, Bangkok",Bangkok,,Nepal,field,Thailand,WINNER,Thailand won,,,20
1448391,2025-05-21,female,T20,West Indies,England,"St Lawrence Ground, Canterbury",Canterbury,,England,field,England,WINNER,England won,,,20
1486582,2025-05-21,male,T20,Bangladesh,United Arab Emirates,Sharjah Cricket Stadium,Sharjah,,United Arab Emirates,field,United Arab Emirates,WINNER,United Arab Emirates won,,,20
1448392,2025-05-23,female,T20,West Indies,England,"County Ground, Hove",Brighton,,England,field,England,WINNER,England won,,,20
1486088,2025-05-25,female,T20,Jersey,Italy,Roma Cricket Ground,Spinaceto,,Italy,field,Italy,WINNER,Italy won,,,20
1486089,2025-05-25,female,T20,Sweden,Spain,"Simar Cricket Ground, Rome",Rome,,Sweden,bat,Sweden,WINNER,Sweden won,,,20
1486090,2025-05-25,female,T20,Isle of Man,Italy,Roma Cricket Ground,Spinaceto,,Isle of Man,bat,Italy,WINNER,Italy won,,,20
1486091,2025-05-25,female,T20,Germany,Spain,"Simar Cricket Ground, Rome",Rome,,Spain,field,Germany,WINNER,Germany won,,,20
1448393,2025-05-26,female,T20,England,West Indies,"County Ground, Chelmsford",Chelmsford,,West Indies,field,England,WINNER,England won,,,20
1486092,2025-05-26,female,T20,Germany,Jersey,Roma Cricket Ground,Spinaceto,,Germany,bat,Germany,WINNER,Germany won,,,20
1486093,2025-05-26,female,T20,Sweden,Isle of Man,"Simar Cricket Ground, Rome",Rome,,Sweden,bat,Isle of Man,WINNER,Isle of Man won,,,20
1486094,2025-05-26,female,T20,Spain,Jersey,Roma Cricket Ground,Spinaceto,,Jersey,field,Jersey,WINNER,Jersey won,,,20
1486095,2025-05-26,female,T20,Sweden,Italy,"Simar Cricket Ground, Rome",Rome,,Sweden,bat,Italy,WINNER,Italy won,,,20
1483785,2025-05-28,male,T20,Pakistan,Bangladesh,"Gaddafi Stadium, Lahore",Lahore,,Pakistan,bat,Pakistan,WINNER,Pakistan won,,,20
1483808,2025-05-28,female,T20,Belgium,Switzerland,"Stars Arena Hofstade, Zemst",Zemst,,Belgium,bat,Switzerland,WINNER,Switzerland won,,,20
1483809,2025-05-28,female,T20,Belgium,Switzerland,"Stars Arena Hofstade, Zemst",Zemst,,Belgium,bat,Switzerland,WINNER,Switzerland won,,,20
1486096,2025-05-28,female,T20,Italy,Germany,Roma Cricket Ground,Spinaceto,,Germany,field,Italy,WINNER,Italy won,,,20
1486097,2025-05-28,female,T20,Isle of Man,Spain,"Simar Cricket Ground, Rome",Rome,,Isle of Man,bat,Spain,WINNER,Spain won,,,20
1486098,2025-05-28,female,T20,Germany,Sweden,Roma Cricket Ground,Spinaceto,,Germany,bat,Germany,WINNER,Germany won,,,20
1486099,2025-05-28,female,T20,Jersey,Isle of Man,"Simar Cricket Ground, Rome",Rome,,Isle of Man,field,Jersey,WINNER,Jersey won,,,20
1483810,2025-05-29,female,T20,Belgium,Switzerland,"Stars Arena Hofstade, Zemst",Zemst,,Switzerland,field,Switzerland,WINNER,Switzerland won,,,20
1483811,2025-05-29,female,T20,Switzerland,Belgium,"Stars Arena Hofstade, Zemst",Zemst,,Belgium,field,Switzerland,WINNER,Switzerland won,,,20
1486100,2025-05-29,female,T20,Italy,Spain,Roma Cricket Ground,Spinaceto,,Italy,bat,Italy,WINNER,Italy won,,,20
1486101,2025-05-29,female,T20,Sweden,Jersey,"Simar Cricket Ground, Rome",Rome,,Sweden,bat,Sweden,WINNER,Sweden won,,,20
1486102,2025-05-29,female,T20,Isle of Man,Germany,Roma Cricket Ground,Spinaceto,,Germany,field,Germany,WINNER,Germany won,,,20
1483786,2025-05-30,male,T20,Pakistan,Bangladesh,"Gaddafi Stadium, Lahore",Lahore,,Pakistan,bat,Pakistan,WINNER,Pakistan won,,,20
1483788,2025-05-30,male,T20,Austria,Switzerland,"Velden Cricket Ground, Latschach",Latschach,,Austria,bat,Austria,WINNER,Austria won,,,20
1485343,2025-05-30,male,T20,Belgium,Portugal,"Stars Arena Hofstade, Zemst",Zemst,,Belgium,bat,Portugal,WINNER,Portugal won,,,20
1485345,2025-05-30,male,T20,Malta,Portugal,"Stars Arena Hofstade, Zemst",Zemst,,Portugal,field,Portugal,WINNER,Portugal won,,,20
1485346,2025-05-30,male,T20,Malta,Belgium,"Stars Arena Hofstade, Zemst",Zemst,,Malta,bat,Belgium,WINNER,Belgium won,,,20
1483789,2025-05-31,male,T20,Austria,Switzerland,"Velden Cricket Ground, Latschach",Latschach,,Switzerland,field,Austria,WINNER,Austria won,,,20
1485344,2025-05-31,male,T20,Belgium,Portugal,"Stars Arena Hofstade, Zemst",Zemst,,Belgium,bat,Portugal,WINNER,Portugal won,,,20
1485347,2025-05-31,male,T20,Malta,Portugal,"Stars Arena Hofstade, Zemst",Zemst,,Malta,bat,Portugal,WINNER,Portugal won,,,20
1485348,2025-05-31,male,T20,Belgium,Malta,"Stars Arena Hofstade, Zemst",Zemst,,Malta,field,Belgium,WINNER,Belgium won,,,20
1486784,2025-05-31,male,T20,Austria,Switzerland,"Velden Cricket Ground, Latschach",Latschach,,Austria,bat,Switzerland,WINNER,Switzerland won,,,20
1483787,2025-06-01,male,T20,Bangladesh,Pakistan,"Gaddafi Stadium, Lahore",Lahore,,Pakistan,field,Pakistan,WINNER,Pakistan won,,,20
1486224,2025-06-01,male,T20,Belgium,Portugal,"Stars Arena Hofstade, Zemst",Zemst,,Portugal,field,Belgium,WINNER,Belgium won,,,20
1486785,2025-06-01,male,T20,Austria,Switzerland,"Velden Cricket Ground, Latschach",Latschach,,Austria,bat,Austria,WINNER,Austria won,,,20
1487693,2025-06-03,female,T20,Rwanda,Cameroon,"Gahanga International Cricket Stadium, Rwanda",Kigali City,,Cameroon,field,Rwanda,WINNER,Rwanda won,,,20
1487695,2025-06-03,female,T20,Tanzania,Sierra Leone,"Gahanga International Cricket Stadium, Rwanda",Kigali City,,Tanzania,bat,Tanzania,WINNER,Tanzania won,,,20
1487696,2025-06-03,female,T20,Malawi,Brazil,"Gahanga B Ground, Rwanda",Kigali City,,Brazil,field,Brazil,WINNER,Brazil won,,,20
1485406,2025-06-04,female,T20,Hong Kong,Japan,Sano International Cricket Ground,Sano,,Japan,field,Hong Kong,WINNER,Hong Kong won,,,20
1485407,2025-06-04,female,T20,Philippines,China,Sano International Cricket Ground,Sano,,China,field,China,WINNER,China won,,,20
1487697,2025-06-04,female,T20,Rwanda,Sierra Leone,"Gahanga International Cricket Stadium, Rwanda",Kigali City,,Rwanda,bat,Rwanda,WINNER,Rwanda won,,,20
1487698,2025-06-04,female,T20,Cameroon,Uganda,"Gahanga B Ground, Rwanda",Kigali City,,Uganda,field,Uganda,WINNER,Uganda won,,,20
1487699,2025-06-04,female,T20,Nigeria,Brazil,"Gahanga International Cricket Stadium, Rwanda",Kigali City,,Brazil,field,Brazil,WINNER,Brazil won,D/L,,20
1487700,2025-06-04,female,T20,Tanzania,Malawi,"Gahanga B Ground, Rwanda",Kigali City,,Tanzania,bat,Tanzania,WINNER,Tanzania won,D/L,,20
1485409,2025-06-05,female,T20,Mongolia,China,Sano International Cricket Ground,Sano,,Mongolia,bat,China,WINNER,China won,,,20
1487702,2025-06-05,female,T20,Cameroon,Sierra Leone,"Gahanga B Ground, Rwanda",Kigali City,,Sierra Leone,field,Cameroon,WINNER,Cameroon won,,,20
1487703,2025-06-05,female,T20,Rwanda,Malawi,"Gahanga International Cricket Stadium, Rwanda",Kigali City,,Malawi,field,Rwanda,WINNER,Rwanda won,,,20
1487704,2025-06-05,female,T20,Tanzania,Nigeria,"Gahanga B Ground, Rwanda",Kigali City,,Tanzania,bat,Nigeria,WINNER,Nigeria won,,,20
1448346,2025-06-06,male,T20,England,West Indies,"Riverside Ground, Chester-le-Street",Chester-le-Street,,England,bat,England,WINNER,England won,,,20
1485410,2025-06-06,female,T20,Japan,China,Sano International Cricket Ground,Sano,,Japan,bat,Japan,WINNER,Japan won,,,20
1485411,2025-06-06,female,T20,Philippines,Mongolia,Sano International Cricket Ground,Sano,,Mongolia,field,Philippines,WINNER,Philippines won,,,20
1487706,2025-06-06,female,T20,Sierra Leone,Uganda,"Gahanga B Ground, Rwanda",Kigali City,,Uganda,field,Uganda,WINNER,Uganda won,,,20
1487707,2025-06-06,female,T20,Cameroon,Malawi,"Gahanga International Cricket Stadium, Rwanda",Kigali City,,Malawi,field,Malawi,WINNER,Malawi won,,,20
1487708,2025-06-06,female,T20,Rwanda,Nigeria,"Gahanga B Ground, Rwanda",Kigali City,,Rwanda,bat,Rwanda,WINNER,Rwanda won,,,20
1487813,2025-06-06,male,T20,Jersey,Guernsey,"Grainville, St Saviour",St Saviour,,Guernsey,field,Guernsey,WINNER,Guernsey won,D/L,,20
1485412,2025-06-07,female,T20,Japan,Philippines,Sano International Cricket Ground,Sano,,Philippines,field,Japan,WINNER,Japan won,,,20
1485413,2025-06-07,female,T20,Mongolia,Hong Kong,Sano International Cricket Ground,Sano,,Mongolia,bat,Hong Kong,WINNER,Hong Kong won,,,20
1486790,2025-06-07,male,T20,Slovenia,Serbia,Lisicji Jarak Cricket Ground,Belgrade,,Slovenia,bat,Serbia,WINNER,Serbia won,,,20
1487709,2025-06-07,female,T20,Brazil,Uganda,"Gahanga International Cricket Stadium, Rwanda",Kigali City,,Uganda,field,Uganda,WINNER,Uganda won,,,20
1487710,2025-06-07,female,T20,Malawi,Sierra Leone,"Gahanga B Ground, Rwanda",Kigali City,,Sierra Leone,field,Sierra Leone,WINNER,Sierra Leone won,,,20
1487712,2025-06-07,female,T20,Nigeria,Cameroon,"Gahanga B Ground, Rwanda",Kigali City,,Nigeria,bat,Nigeria,WINNER,Nigeria won,D/L,,20
1487814,2025-06-07,male,T20,Guernsey,Jersey,"Grainville, St Saviour",St Saviour,,Jersey,field,Jersey,WINNER,Jersey won,D/L,,20
1487815,2025-06-07,male,T20,Jersey,Guernsey,"Grainville, St Saviour",St Saviour,,Jersey,bat,Jersey,WINNER,Jersey won,,,20
1448347,2025-06-08,male,T20,West Indies,England,"County Ground, Bristol",Bristol,,England,field,England,WINNER,England won,,,20
1483731,2025-06-08,male,T20,Czech Republic,Austria,"Scott Page Field, Vinor",Prague,,Austria,field,Austria,WINNER,Austria won,,,20
1483732,2025-06-08,male,T20,Norway,Czech Republic,"Scott Page Field, Vinor",Prague,,Norway,bat,Norway,WINNER,Norway won,,,20
1485414,2025-06-08,female,T20,Philippines,China,Sano International Cricket Ground,Sano,,Philippines,bat,China,WINNER,China won,,,20
1485415,2025-06-08,female,T20,Japan,Hong Kong,Sano International Cricket Ground,Sano,,Hong Kong,field,Japan,WINNER,Japan won,,,20
1486791,2025-06-08,male,T20,Serbia,Slovenia,Lisicji Jarak Cricket Ground,Belgrade,,Slovenia,field,Serbia,WINNER,Serbia won,,,20
1487713,2025-06-08,female,T20,Uganda,Malawi,"Gahanga International Cricket Stadium, Rwanda",Kigali City,,Malawi,field,Uganda,WINNER,Uganda won,,,20
1487714,2025-06-08,female,T20,Brazil,Tanzania,"Gahanga B Ground, Rwanda",Kigali City,,Tanzania,field,Tanzania,WINNER,Tanzania won,,,20
1487715,2025-06-08,female,T20,Nigeria,Sierra Leone,"Gahanga International Cricket Stadium, Rwanda",Kigali City,,Nigeria,bat,Nigeria,WINNER,Nigeria won,,,20
1489041,2025-06-08,female,T20,Mongolia,Philippines,Sano International Cricket Ground 2,Sano,,Mongolia,bat,Philippines,WINNER,Philippines won,,,20
1483733,2025-06-09,male,T20,Norway,Austria,"Scott Page Field, Vinor",Prague,,Norway,bat,Norway,WINNER,Norway won,,,20
1483734,2025-06-09,male,T20,Austria,Czech Republic,"Scott Page Field, Vinor",Prague,,Austria,bat,Austria,WINNER,Austria won,,,20
1487652,2025-06-09,female,T20,Netherlands,United States of America,"Sportpark Maarschalkerweerd, Utrecht",Utrecht,,United States of America,field,Netherlands,WINNER,Netherlands won,,,20
1448348,2025-06-10,male,T20,England,West Indies,"The Rose Bowl, Southampton",Southampton,,West Indies,field,England,WINNER,England won,,,20
1483735,2025-06-10,male,T20,Norway,Czech Republic,"Scott Page Field, Vinor",Prague,,Czech Republic,field,Norway,WINNER,Norway won,,,20
1483736,2025-06-10,male,T20,Norway,Austria,"Scott Page Field, Vinor",Prague,,Norway,bat,Austria,WINNER,Austria won,,,20
1487717,2025-06-10,female,T20,Uganda,Tanzania,"Gahanga International Cricket Stadium, Rwanda",Kigali City,,Tanzania,field,Uganda,WINNER,Uganda won,,,20
1487720,2025-06-10,female,T20,Rwanda,Brazil,"Gahanga B Ground, Rwanda",Kigali City,,Brazil,field,Rwanda,WINNER,Rwanda won,,,20
1487653,2025-06-11,female,T20,Netherlands,United States of America,"Sportpark Maarschalkerweerd, Utrecht",Utrecht,,United States of America,field,Netherlands,WINNER,Netherlands won,,,20
1487721,2025-06-11,female,T20,Nigeria,Uganda,"Gahanga International Cricket Stadium, Rwanda",Kigali City,,Uganda,field,Nigeria,WINNER,Nigeria won,,,20
1487722,2025-06-11,female,T20,Rwanda,Tanzania,"Gahanga B Ground, Rwanda",Kigali City,,Rwanda,bat,Tanzania,WINNER,Tanzania won,,,20
1487723,2025-06-11,female,T20,Brazil,Cameroon,"Gahanga International Cricket Stadium, Rwanda",Kigali City,,Cameroon,field,Brazil,WINNER,Brazil won,,,20
1488319,2025-06-11,male,T20,Indonesia,Cambodia,Udayana Cricket Ground,Bali,,Cambodia,field,Cambodia,WINNER,Cambodia won,,,20
1487654,2025-06-12,female,T20,Netherlands,United States of America,"Sportpark Maarschalkerweerd, Utrecht",Utrecht,,United States of America,field,Netherlands,WINNER,Netherlands won,,,20
1487658,2025-06-12,female,T20,Austria,Gibraltar,"Scott Page Field, Vinor",Prague,,Austria,bat,Austria,WINNER,Austria won,,,20
1487725,2025-06-12,female,T20,Tanzania,Cameroon,"Gahanga International Cricket Stadium, Rwanda",Kigali City,,Tanzania,bat,Tanzania,WINNER,Tanzania won,,,20
1487726,2025-06-12,female,T20,Uganda,Rwanda,"Gahanga B Ground, Rwanda",Kigali City,,Rwanda,field,Rwanda,WINNER,Rwanda won,,,20
1487728,2025-06-12,female,T20,Sierra Leone,Brazil,"Gahanga B Ground, Rwanda",Kigali City,,Sierra Leone,bat,Brazil,WINNER,Brazil won,,,20
1488320,2025-06-12,male,T20,Indonesia,Cambodia,Udayana Cricket Ground,Bali,,Cambodia,field,Cambodia,WINNER,Cambodia won,,,20
1488321,2025-06-12,male,T20,Indonesia,Cambodia,Udayana Cricket Ground,Bali,,Indonesia,bat,Cambodia,WINNER,Cambodia won,,,20
1489581,2025-06-12,male,T20,Canada,Bahamas,"Maple Leaf North-East Ground, King City",King City,,Canada,bat,Canada,WINNER,Canada won,,,20
1489582,2025-06-12,male,T20,Bermuda,Cayman Islands,"Maple Leaf North-East Ground, King City",King City,,Bermuda,bat,Bermuda,WINNER,Bermuda won,,,20
1487655,2025-06-13,female,T20,Netherlands,United States of America,"Sportpark Maarschalkerweerd, Utrecht",Utrecht,,Netherlands,bat,Netherlands,WINNER,Netherlands won,,,20
1487660,2025-06-13,female,T20,Gibraltar,Czech Republic,"Scott Page Field, Vinor",Prague,,Czech Republic,field,Gibraltar,WINNER,Gibraltar won,,,20
1487661,2025-06-13,female,T20,Czech Republic,Austria,"Scott Page Field, Vinor",Prague,,Czech Republic,bat,Austria,WINNER,Austria won,,,20
1487729,2025-06-13,female,T20,Tanzania,Rwanda,"Gahanga International Cricket Stadium, Rwanda",Kigali City,,Rwanda,field,Tanzania,WINNER,Tanzania won,,,20
1488338,2025-06-13,male,T20,Denmark,Finland,"Ishoj Cricket Club, Vejledalen",Ishoj,,Finland,field,Denmark,WINNER,Denmark won,,,20
1489584,2025-06-13,male,T20,Bermuda,Bahamas,"Maple Leaf North-East Ground, King City",King City,,Bermuda,bat,Bermuda,WINNER,Bermuda won,,,20
1489585,2025-06-13,male,T20,Canada,Cayman Islands,"Maple Leaf North-East Ground, King City",King City,,Canada,bat,Canada,WINNER,Canada won,,,20
1487731,2025-06-14,female,T20,Uganda,Rwanda,"Gahanga B Ground, Rwanda",Kigali City,,Rwanda,field,Uganda,WINNER,Uganda won,,,20
1488322,2025-06-14,male,T20,Cambodia,Indonesia,Udayana Cricket Ground,Bali,,Indonesia,field,Indonesia,WINNER,Indonesia won,,,20
1488323,2025-06-14,male,T20,Cambodia,Indonesia,Udayana Cricket Ground,Bali,,Cambodia,bat,,NO_RESULT,No result,,,20
1488339,2025-06-14,male,T20,Finland,Norway,"Ishoj Cricket Club, Vejledalen",Ishoj,,Finland,bat,Finland,WINNER,Finland won,,,20
1488340,2025-06-14,male,T20,Denmark,Sweden,Koge Cricket Club,Koge,,Denmark,bat,Denmark,WINNER,Denmark won,,,20
1488341,2025-06-14,male,T20,Denmark,Norway,Koge Cricket Club,Koge,,Denmark,bat,Norway,WINNER,Norway won,,,20
1488342,2025-06-14,male,T20,Sweden,Finland,"Ishoj Cricket Club, Vejledalen",Ishoj,,Finland,field,Sweden,WINNER,Sweden won,,,20
1472516,2025-06-15,male,T20,West Indies,Ireland,"Bready Cricket Club, Magheramason, Bready",Bready,,Ireland,field,West Indies,WINNER,West Indies won,,,20
1485938,2025-06-15,male,T20,Scotland,Netherlands,"Titwood, Glasgow",Glasgow,,Netherlands,field,Scotland,WINNER,Scotland won,,,20
1488324,2025-06-15,male,T20,Indonesia,Cambodia,Udayana Cricket Ground,Bali,,Cambodia,field,Cambodia,WINNER,Cambodia won,,,20
1488325,2025-06-15,male,T20,Indonesia,Cambodia,Udayana Cricket Ground,Bali,,Indonesia,bat,Cambodia,WINNER,Cambodia won,,,20
1488326,2025-06-15,male,T20,Canada,Bermuda,"Maple Leaf North-West Ground, King City",King City,,Bermuda,field,Canada,WINNER,Canada won,,,20
1488327,2025-06-15,male,T20,Cayman Islands,Bahamas,"Maple Leaf North-West Ground, King City",King City,,Bahamas,field,Cayman Islands,WINNER,Cayman Islands won,,,20
1488343,2025-06-15,male,T20,Sweden,Norway,"Ishoj Cricket Club, Vejledalen",Ishoj,,Sweden,bat,Norway,WINNER,Norway won,,,20
1488344,2025-06-15,male,T20,Finland,Norway,"Ishoj Cricket Club, Vejledalen",Ishoj,,Finland,bat,Finland,WINNER,Finland won,,,20
1489042,2025-06-15,female,T20,Vanuatu,Samoa,"Amini Park, Port Moresby",Port Moresby,,Samoa,field,,NO_RESULT,No result,,,20
1485939,2025-06-16,male,T20,Netherlands,Nepal,"Titwood, Glasgow",Glasgow,,Nepal,field,Netherlands,TIED,Tied; Netherlands won via Super Over,,Netherlands,20
1488328,2025-06-16,male,T20,Canada,Cayman Islands,"Maple Leaf North-West Ground, King City",King City,,Cayman Islands,field,Canada,WINNER,Canada won,,,20
1488329,2025-06-16,male,T20,Bahamas,Bermuda,"Maple Leaf North-West Ground, King City",King City,,Bahamas,bat,Bermuda,WINNER,Bermuda won,,,20
1489043,2025-06-16,female,T20,Papua New Guinea,Vanuatu,"Amini Park, Port Moresby",Port Moresby,,Papua New Guinea,bat,Papua New Guinea,WINNER,Papua New Guinea won,,,20
1490239,2025-06-16,male,T20,Cambodia,Indonesia,Udayana Cricket Ground,Bali,,Indonesia,field,Indonesia,WINNER,Indonesia won,,,20
1485940,2025-06-17,male,T20,Scotland,Nepal,"Titwood, Glasgow",Glasgow,,Nepal,field,Nepal,WINNER,Nepal won,,,20
1489044,2025-06-17,female,T20,Samoa,Papua New Guinea,"Amini Park, Port Moresby",Port Moresby,,Samoa,bat,Papua New Guinea,WINNER,Papua New Guinea won,,,20
1485942,2025-06-18,male,T20,Netherlands,Scotland,"Titwood, Glasgow",Glasgow,,Scotland,field,Netherlands,WINNER,Netherlands won,,,20
1488330,2025-06-18,male,T20,Cayman Islands,Bermuda,"Maple Leaf North-West Ground, King City",King City,,Bermuda,field,Bermuda,WINNER,Bermuda won,,,20
1488331,2025-06-18,male,T20,Bahamas,Canada,"Maple Leaf North-West Ground, King City",King City,,Canada,field,Canada,WINNER,Canada won,D/L,,20
1485941,2025-06-19,male,T20,Netherlands,Nepal,"Titwood, Glasgow",Glasgow,,Nepal,field,Nepal,WINNER,Nepal won,,,20
1488332,2025-06-19,male,T20,Bermuda,Bahamas,"Maple Leaf North-West Ground, King City",King City,,Bahamas,field,Bermuda,WINNER,Bermuda won,,,20
1488333,2025-06-19,male,T20,Canada,Cayman Islands,"Maple Leaf North-West Ground, King City",King City,,Cayman Islands,field,Canada,WINNER,Canada won,,,20
1489045,2025-06-19,female,T20,Vanuatu,Samoa,"Amini Park, Port Moresby",Port Moresby,,Vanuatu,bat,Vanuatu,WINNER,Vanuatu won,,,20
1472537,2025-06-20,female,T20,South Africa,West Indies,"Three Ws Oval, Cave Hill, Barbados",Cave Hill,,West Indies,field,South Africa,WINNER,South Africa won,,,50
1485943,2025-06-20,male,T20,Scotland,Nepal,"Titwood, Glasgow",Glasgow,,Scotland,bat,Scotland,WINNER,Scotland won,,,20
1489046,2025-06-20,female,T20,Papua New Guinea,Vanuatu,"Amini Park, Port Moresby",Port Moresby,,Papua New Guinea,bat,Papua New Guinea,WINNER,Papua New Guinea won,,,20
1486786,2025-06-21,male,T20,Hungary,Slovenia,"GB Oval, Szodliget",Szodliget,,Hungary,bat,Hungary,WINNER,Hungary won,,,20
1486787,2025-06-21,male,T20,Hungary,Slovenia,"GB Oval, Szodliget",Szodliget,,Hungary,bat,Hungary,WINNER,Hungary won,,,20
1487631,2025-06-21,male,T20,Switzerland,Luxembourg,Pierre Werner Cricket Ground,Walferdange,,Luxembourg,field,Switzerland,WINNER,Switzerland won,,,20
1487632,2025-06-21,male,T20,Switzerland,Luxembourg,Pierre Werner Cricket Ground,Walferdange,,Switzerland,bat,Switzerland,WINNER,Switzerland won,,,20
1488334,2025-06-21,male,T20,Bahamas,Canada,"Maple Leaf North-West Ground, King City",King City,,Canada,field,Canada,WINNER,Canada won,,,20
1488335,2025-06-21,male,T20,Bermuda,Cayman Islands,"Maple Leaf North-West Ground, King City",King City,,Cayman Islands,field,Cayman Islands,WINNER,Cayman Islands won,,,20
1489047,2025-06-21,female,T20,Papua New Guinea,Samoa,"Amini Park, Port Moresby",Port Moresby,,Papua New Guinea,bat,Papua New Guinea,WINNER,Papua New Guinea won,,,20
1472538,2025-06-22,female,T20,South Africa,West Indies,"Three Ws Oval, Cave Hill, Barbados",Cave Hill,,West Indies,field,West Indies,WINNER,West Indies won,,,20
1486788,2025-06-22,male,T20,Slovenia,Hungary,"GB Oval, Szodliget",Szodliget,,Slovenia,bat,Hungary,WINNER,Hungary won,,,20
1487633,2025-06-22,male,T20,Switzerland,Luxembourg,Pierre Werner Cricket Ground,Walferdange,,Switzerland,bat,Luxembourg,WINNER,Luxembourg won,,,20
1488336,2025-06-22,male,T20,Cayman Islands,Bahamas,"Maple Leaf North-West Ground, King City",King City,,Bahamas,field,Cayman Islands,WINNER,Cayman Islands won,,,20
1472539,2025-06-23,female,T20,South Africa,West Indies,"Three Ws Oval, Cave Hill, Barbados",Cave Hill,,South Africa,bat,West Indies,WINNER,West Indies won,,,20
1490882,2025-06-26,male,T20,France,Malta,"Moara Vlasiei Cricket Ground, Ilfov County",Ilfov County,,France,bat,Malta,WINNER,Malta won,,,20
1490884,2025-06-26,male,T20,Belgium,Malta,"Moara Vlasiei Cricket Ground, Ilfov County",Ilfov County,,Malta,field,Belgium,WINNER,Belgium won,,,20
1490885,2025-06-27,male,T20,Hungary,Austria,"Moara Vlasiei Cricket Ground, Ilfov County",Ilfov County,,Austria,field,Austria,WINNER,Austria won,,,20
1490886,2025-06-27,male,T20,Belgium,France,"Moara Vlasiei Cricket Ground, Ilfov County",Ilfov County,,Belgium,bat,Belgium,WINNER,Belgium won,,,20
1490887,2025-06-27,male,T20,Hungary,Romania,"Moara Vlasiei Cricket Ground, Ilfov County",Ilfov County,,Romania,field,Romania,WINNER,Romania won,,,20
1448397,2025-06-28,female,T20,India,England,"Trent Bridge, Nottingham",Nottingham,,England,field,India,WINNER,India won,,,20
1490888,2025-06-28,male,T20,Belgium,Austria,"Moara Vlasiei Cricket Ground, Ilfov County",Ilfov County,,Austria,field,Austria,WINNER,Austria won,,,20
1490889,2025-06-28,male,T20,Malta,Romania,"Moara Vlasiei Cricket Ground, Ilfov County",Ilfov County,,Romania,field,Malta,WINNER,Malta won,D/L,,20
1490890,2025-06-29,male,T20,Hungary,France,"Moara Vlasiei Cricket Ground, Ilfov County",Ilfov County,,France,field,Hungary,WINNER,Hungary won,,,20
1448398,2025-07-01,female,T20,India,England,"County Ground, Bristol",Bristol,,England,field,India,WINNER,India won,,,20
1490225,2025-07-02,female,T20,Singapore,Indonesia,Singapore National Cricket Ground,Singapore,,Singapore,bat,,NO_RESULT,No result,,,20
1490226,2025-07-03,female,T20,Singapore,Indonesia,Singapore National Cricket Ground,Singapore,,Singapore,bat,Indonesia,WINNER,Indonesia won,,,20
1448399,2025-07-04,female,T20,England,India,"Kennington Oval, London",London,,England,bat,England,WINNER,England won,,,20
1490227,2025-07-05,female,T20,Indonesia,Singapore,Singapore National Cricket Ground,Singapore,,Indonesia,bat,Indonesia,WINNER,Indonesia won,D/L,,20
1490471,2025-07-05,male,T20,Jersey,Netherlands,"Sportpark Westvliet, Voorburg",The Hague,,Netherlands,field,Netherlands,WINNER,Netherlands won,,,20
1490472,2025-07-05,male,T20,Guernsey,Italy,"Sportpark Westvliet, Voorburg",The Hague,,Italy,field,Italy,WINNER,Italy won,,,20
1492880,2025-07-05,male,T20,Malawi,Germany,"TCA Oval, Blantyre",Blantyre,,Germany,field,Germany,WINNER,Germany won,,,20
1490870,2025-07-06,male,T20,Philippines,Indonesia,Udayana Cricket Ground,Bali,,Indonesia,field,Philippines,WINNER,Philippines won,,,20
1492881,2025-07-06,male,T20,Bahrain,Germany,"TCA Oval, Blantyre",Blantyre,,Bahrain,bat,Bahrain,WINNER,Bahrain won,,,20
1490854,2025-07-07,female,T20,Turkey,Greece,"Vassil Levski National Sports Academy, Sofia",Sofia,,Turkey,bat,Turkey,WINNER,Turkey won,,,20
1490855,2025-07-07,female,T20,Bulgaria,Serbia,"Vassil Levski National Sports Academy, Sofia",Sofia,,Serbia,field,Serbia,WINNER,Serbia won,,,20
1490856,2025-07-07,female,T20,Turkey,Serbia,"Vassil Levski National Sports Academy, Sofia",Sofia,,Turkey,bat,Turkey,WINNER,Turkey won,,,20
1490871,2025-07-07,male,T20,South Korea,Philippines,Udayana Cricket Ground,Bali,,Philippines,field,Philippines,WINNER,Philippines won,,,20
1490872,2025-07-07,male,T20,Indonesia,Philippines,Udayana Cricket Ground,Bali,,Philippines,field,Indonesia,WINNER,Indonesia won,,,20
1492883,2025-07-07,male,T20,Tanzania,Germany,"TCA Oval, Blantyre",Blantyre,,Tanzania,bat,Germany,WINNER,Germany won,,,20
1492884,2025-07-07,male,T20,Malawi,Bahrain,"TCA Oval, Blantyre",Blantyre,,Malawi,bat,Bahrain,WINNER,Bahrain won,,,20
1490475,2025-07-08,male,T20,Jersey,Guernsey,"Sportpark Westvliet, Voorburg",The Hague,,Guernsey,field,Jersey,WINNER,Jersey won,,,20
1490476,2025-07-08,male,T20,Scotland,Netherlands,"Sportpark Westvliet, Voorburg",The Hague,,Scotland,bat,Scotland,WINNER,Scotland won,,,20
1490857,2025-07-08,female,T20,Greece,Bulgaria,"Vassil Levski National Sports Academy, Sofia",Sofia,,Bulgaria,field,Greece,WINNER,Greece won,,,20
1490858,2025-07-08,female,T20,Serbia,Greece,"Vassil Levski National Sports Academy, Sofia",Sofia,,Serbia,bat,Greece,WINNER,Greece won,,,20
1490859,2025-07-08,female,T20,Turkey,Bulgaria,"Vassil Levski National Sports Academy, Sofia",Sofia,,Turkey,bat,Turkey,WINNER,Turkey won,,,20
1490873,2025-07-08,male,T20,Indonesia,South Korea,Udayana Cricket Ground,Bali,,South Korea,field,Indonesia,WINNER,Indonesia won,,,20
1492879,2025-07-08,male,T20,Bahrain,Tanzania,"TCA Oval, Blantyre",Blantyre,,Tanzania,field,Tanzania,WINNER,Tanzania won,,,20
1448400,2025-07-09,female,T20,England,India,"Old Trafford, Manchester",Manchester,,England,bat,India,WINNER,India won,,,20
1490477,2025-07-09,male,T20,Italy,Scotland,"Sportpark Westvliet, Voorburg",The Hague,,Italy,bat,Italy,WINNER,Italy won,,,20
1490478,2025-07-09,male,T20,Netherlands,Guernsey,"Sportpark Westvliet, Voorburg",The Hague,,Netherlands,bat,Netherlands,WINNER,Netherlands won,,,20
1490860,2025-07-09,female,T20,Bulgaria,Serbia,"Vassil Levski National Sports Academy, Sofia",Sofia,,Serbia,field,Serbia,WINNER,Serbia won,,,20
1490861,2025-07-09,female,T20,Turkey,Greece,"Vassil Levski National Sports Academy, Sofia",Sofia,,Turkey,bat,Turkey,WINNER,Turkey won,,,20
1490874,2025-07-09,male,T20,South Korea,Philippines,Udayana Cricket Ground,Bali,,Philippines,field,South Korea,WINNER,South Korea won,,,20
1490875,2025-07-09,male,T20,South Korea,Indonesia,Udayana Cricket Ground,Bali,,South Korea,bat,Indonesia,WINNER,Indonesia won,,,20
1485508,2025-07-10,male,T20,Bangladesh,Sri Lanka,Pallekele International Cricket Stadium,Kandy,,Sri Lanka,field,Sri Lanka,WINNER,Sri Lanka won,,,20
1490876,2025-07-10,male,T20,Indonesia,Philippines,Udayana Cricket Ground,Bali,,Indonesia,bat,Philippines,WINNER,Philippines won,,,20
1490877,2025-07-10,male,T20,Philippines,South Korea,Udayana Cricket Ground,Bali,,Philippines,bat,Philippines,WINNER,Philippines won,,,20
1491604,2025-07-10,male,T20,Bulgaria,Gibraltar,"Vassil Levski National Sports Academy, Sofia",Sofia,,Gibraltar,field,Gibraltar,WINNER,Gibraltar won,,,20
1491605,2025-07-10,male,T20,Turkey,Bulgaria,"Vassil Levski National Sports Academy, Sofia",Sofia,,Bulgaria,field,Bulgaria,WINNER,Bulgaria won,,,20
1492887,2025-07-10,male,T20,Tanzania,Bahrain,"TCA Oval, Blantyre",Blantyre,,Bahrain,field,Bahrain,WINNER,Bahrain won,,,20
1492888,2025-07-10,male,T20,Malawi,Germany,"TCA Oval, Blantyre",Blantyre,,Malawi,bat,Malawi,WINNER,Malawi won,,,20
1490479,2025-07-11,male,T20,Scotland,Jersey,"Sportpark Westvliet, Voorburg",The Hague,,Jersey,field,Jersey,WINNER,Jersey won,,,20
1490480,2025-07-11,male,T20,Italy,Netherlands,"Sportpark Westvliet, Voorburg",The Hague,,Italy,bat,Netherlands,WINNER,Netherlands won,,,20
1491606,2025-07-11,male,T20,Turkey,Gibraltar,"Vassil Levski National Sports Academy, Sofia",Sofia,,Gibraltar,field,Gibraltar,WINNER,Gibraltar won,,,20
1491607,2025-07-11,male,T20,Gibraltar,Bulgaria,"Vassil Levski National Sports Academy, Sofia",Sofia,,Bulgaria,field,Bulgaria,WINNER,Bulgaria won,,,20
1448401,2025-07-12,female,T20,India,England,"Edgbaston, Birmingham",Birmingham,,England,field,England,WINNER,England won,,,20
1490878,2025-07-12,male,T20,Indonesia,South Korea,Udayana Cricket Ground,Bali,,South Korea,field,South Korea,WINNER,South Korea won,,,20
1490879,2025-07-12,male,T20,Philippines,South Korea,Udayana Cricket Ground,Bali,,Philippines,bat,Philippines,WINNER,Philippines won,,,20
1491608,2025-07-12,male,T20,Turkey,Bulgaria,"Vassil Levski National Sports Academy, Sofia",Sofia,,Bulgaria,field,Turkey,WINNER,Turkey won,,,20
1491609,2025-07-12,male,T20,Turkey,Gibraltar,"Vassil Levski National Sports Academy, Sofia",Sofia,,Turkey,bat,Gibraltar,WINNER,Gibraltar won,,,20
1492889,2025-07-12,male,T20,Malawi,Bahrain,"TCA Oval, Blantyre",Blantyre,,Malawi,bat,Bahrain,WINNER,Bahrain won,,,20
1492890,2025-07-12,male,T20,Germany,Tanzania,"TCA Oval, Blantyre",Blantyre,,Tanzania,field,Tanzania,WINNER,Tanzania won,,,20
1485509,2025-07-13,male,T20,Bangladesh,Sri Lanka,Rangiri Dambulla International Stadium,Dambulla,,Sri Lanka,field,Bangladesh,WINNER,Bangladesh won,,,20
1490880,2025-07-13,male,T20,Indonesia,Philippines,Udayana Cricket Ground,Bali,,Philippines,field,Philippines,WINNER,Philippines won,,,20
1490881,2025-07-13,male,T20,South Korea,Indonesia,Udayana Cricket Ground,Bali,,South Korea,bat,Indonesia,WINNER,Indonesia won,,,20
1491610,2025-07-13,male,T20,Gibraltar,Bulgaria,"Vassil Levski National Sports Academy, Sofia",Sofia,,Bulgaria,field,Bulgaria,WINNER,Bulgaria won,,,20
1492891,2025-07-13,male,T20,Germany,Malawi,"TCA Oval, Blantyre",Blantyre,,Germany,bat,Germany,WINNER,Germany won,,,20
1492892,2025-07-13,male,T20,Bahrain,Tanzania,"TCA Oval, Blantyre",Blantyre,,Tanzania,field,Tanzania,WINNER,Tanzania won,,,20
1478865,2025-07-14,male,T20,Zimbabwe,South Africa,Harare Sports Club,Harare,,South Africa,field,South Africa,WINNER,South Africa won,,,20
1478866,2025-07-16,male,T20,New Zealand,South Africa,Harare Sports Club,Harare,,South Africa,field,New Zealand,WINNER,New Zealand won,,,20
1485510,2025-07-16,male,T20,Sri Lanka,Bangladesh,"R Premadasa Stadium, Colombo",Colombo,,Sri Lanka,bat,Bangladesh,WINNER,Bangladesh won,,,20
1494115,2025-07-17,male,T20,Kenya,Nigeria,Entebbe Cricket Oval,Entebbe,,Kenya,bat,Kenya,WINNER,Kenya won,,,20
1478867,2025-07-18,male,T20,Zimbabwe,New Zealand,Harare Sports Club,Harare,,New Zealand,field,New Zealand,WINNER,New Zealand won,,,20
1494090,2025-07-18,male,T20,Hong Kong,Malaysia,Singapore National Cricket Ground,Singapore,,Malaysia,field,Malaysia,WINNER,Malaysia won,,,20
1494091,2025-07-18,male,T20,Singapore,Samoa,Singapore National Cricket Ground,Singapore,,Singapore,bat,Singapore,WINNER,Singapore won,,,20
1494116,2025-07-18,male,T20,Uganda,Nigeria,Entebbe Cricket Oval,Entebbe,,Uganda,bat,Uganda,WINNER,Uganda won,D/L,,20
1495453,2025-07-18,male,T20,Rwanda,Bahrain,"Gahanga International Cricket Stadium, Rwanda",Kigali City,,Bahrain,field,Bahrain,WINNER,Bahrain won,,,20
1494092,2025-07-19,male,T20,Singapore,Malaysia,Singapore National Cricket Ground,Singapore,,Malaysia,field,Malaysia,WINNER,Malaysia won,,,20
1494093,2025-07-19,male,T20,Hong Kong,Samoa,Singapore National Cricket Ground,Singapore,,Hong Kong,bat,Hong Kong,WINNER,Hong Kong won,,,20
1494108,2025-07-19,male,T20,Uganda,United Arab Emirates,Entebbe Cricket Oval,Entebbe,,Uganda,bat,Uganda,WINNER,Uganda won,,,20
1494577,2025-07-19,female,T20,Estonia,Finland,Kerava National Cricket Ground,Kerava,,Finland,field,Finland,WINNER,Finland won,,,20
1494578,2025-07-19,female,T20,Finland,Switzerland,Kerava National Cricket Ground,Kerava,,Switzerland,field,Switzerland,WINNER,Switzerland won,,,20
1494579,2025-07-19,female,T20,Switzerland,Estonia,Kerava National Cricket Ground,Kerava,,Estonia,field,Switzerland,WINNER,Switzerland won,,,20
1494766,2025-07-19,male,T20,Qatar,Saudi Arabia,"West End Park International Cricket Stadium, Doha",Doha,,Qatar,bat,Saudi Arabia,WINNER,Saudi Arabia won,,,20
1495454,2025-07-19,male,T20,Malawi,Bahrain,"Gahanga International Cricket Stadium, Rwanda",Kigali City,,Bahrain,field,Bahrain,WINNER,Bahrain won,,,20
1495455,2025-07-19,male,T20,Malawi,Rwanda,"Gahanga International Cricket Stadium, Rwanda",Kigali City,,Malawi,bat,Rwanda,WINNER,Rwanda won,,,20
1472520,2025-07-20,male,T20,West Indies,Australia,"Sabina Park, Kingston, Jamaica",Kingston,,Australia,field,Australia,WINNER,Australia won,,,20
1476987,2025-07-20,female,T20,Zimbabwe,Ireland,"Pembroke Cricket Club, Sandymount, Dublin",Dublin,,Ireland,field,Ireland,WINNER,Ireland won,,,20
1478868,2025-07-20,male,T20,Zimbabwe,South Africa,Harare Sports Club,Harare,,South Africa,field,South Africa,WINNER,South Africa won,,,20
1491903,2025-07-20,male,T20,Pakistan,Bangladesh,"Shere Bangla National Stadium, Mirpur",Dhaka,,Bangladesh,field,Bangladesh,WINNER,Bangladesh won,,,20
1494094,2025-07-20,male,T20,Hong Kong,Singapore,Singapore National Cricket Ground,Singapore,,Singapore,field,Hong Kong,WINNER,Hong Kong won,,,20
1494095,2025-07-20,male,T20,Samoa,Malaysia,Singapore National Cricket Ground,Singapore,,Samoa,bat,Malaysia,WINNER,Malaysia won,,,20
1494124,2025-07-20,female,T20,Lesotho,Rwanda,"Botswana Cricket Association Oval 1, Gaborone",Gaborone,,Lesotho,bat,Rwanda,WINNER,Rwanda won,,,20
1494125,2025-07-20,female,T20,Botswana,Eswatini,"Botswana Cricket Association Oval 2, Gaborone",Gaborone,,Botswana,bat,Botswana,WINNER,Botswana won,,,20
1494126,2025-07-20,female,T20,Malawi,Cameroon,"Botswana Cricket Association Oval 1, Gaborone",Gaborone,,Cameroon,field,Malawi,WINNER,Malawi won,,,20
1494127,2025-07-20,female,T20,Sierra Leone,Mozambique,"Botswana Cricket Association Oval 2, Gaborone",Gaborone,,Mozambique,field,Sierra Leone,WINNER,Sierra Leone won,,,20
1494580,2025-07-20,female,T20,Estonia,Finland,Kerava National Cricket Ground,Kerava,,Finland,field,Estonia,WINNER,Estonia won,,,20
1494581,2025-07-20,female,T20,Finland,Switzerland,Kerava National Cricket Ground,Kerava,,Switzerland,field,Switzerland,WINNER,Switzerland won,,,20
1495456,2025-07-20,male,T20,Malawi,Bahrain,"Gahanga International Cricket Stadium, Rwanda",Kigali City,,Bahrain,field,Bahrain,WINNER,Bahrain won,,,20
1495457,2025-07-20,male,T20,Rwanda,Bahrain,"Gahanga International Cricket Stadium, Rwanda",Kigali City,,Rwanda,bat,Bahrain,WINNER,Bahrain won,,,20
1494103,2025-07-21,male,T20,Uganda,Kenya,Entebbe Cricket Oval,Entebbe,,Uganda,bat,Uganda,WINNER,Uganda won,,,20
1494118,2025-07-21,male,T20,Nigeria,United Arab Emirates,Entebbe Cricket Oval,Entebbe,,Nigeria,bat,United Arab Emirates,WINNER,United Arab Emirates won,,,20
1494128,2025-07-21,female,T20,Mozambique,Botswana,"Botswana Cricket Association Oval 1, Gaborone",Gaborone,,Mozambique,bat,Botswana,WINNER,Botswana won,,,20
1494129,2025-07-21,female,T20,Rwanda,Malawi,"Botswana Cricket Association Oval 2, Gaborone",Gaborone,,Rwanda,bat,Rwanda,WINNER,Rwanda won,,,20
1494130,2025-07-21,female,T20,Sierra Leone,Eswatini,"Botswana Cricket Association Oval 1, Gaborone",Gaborone,,Eswatini,field,Sierra Leone,WINNER,Sierra Leone won,,,20
1494131,2025-07-21,female,T20,Cameroon,Lesotho,"Botswana Cricket Association Oval 2, Gaborone",Gaborone,,Cameroon,bat,Cameroon,WINNER,Cameroon won,,,20
1494767,2025-07-21,male,T20,Saudi Arabia,Qatar,"West End Park International Cricket Stadium, Doha",Doha,,Qatar,field,Qatar,WINNER,Qatar won,,,20
1472521,2025-07-22,male,T20,West Indies,Australia,"Sabina Park, Kingston, Jamaica",Kingston,,Australia,field,Australia,WINNER,Australia won,,,20
1476988,2025-07-22,female,T20,Ireland,Zimbabwe,"Pembroke Cricket Club, Sandymount, Dublin",Dublin,,Zimbabwe,field,Ireland,WINNER,Ireland won,,,20
1478869,2025-07-22,male,T20,South Africa,New Zealand,Harare Sports Club,Harare,,New Zealand,field,New Zealand,WINNER,New Zealand won,,,20
1491904,2025-07-22,male,T20,Bangladesh,Pakistan,"Shere Bangla National Stadium, Mirpur",Dhaka,,Pakistan,field,Bangladesh,WINNER,Bangladesh won,,,20
1494096,2025-07-22,male,T20,Hong Kong,Malaysia,Singapore National Cricket Ground,Singapore,,Malaysia,field,Malaysia,WINNER,Malaysia won,,,20
1494097,2025-07-22,male,T20,Samoa,Singapore,Singapore National Cricket Ground,Singapore,,Samoa,bat,Singapore,WINNER,Singapore won,,,20
1494583,2025-07-22,male,T20,Uganda,Nigeria,Entebbe Cricket Oval,Entebbe,,Uganda,bat,Uganda,WINNER,Uganda won,,,20
1494768,2025-07-22,male,T20,Qatar,Saudi Arabia,"West End Park International Cricket Stadium, Doha",Doha,,Saudi Arabia,field,Qatar,WINNER,Qatar won,,,20
1495458,2025-07-22,male,T20,Malawi,Rwanda,"Gahanga International Cricket Stadium, Rwanda",Kigali City,,Malawi,bat,Rwanda,WINNER,Rwanda won,,,20
1495459,2025-07-22,male,T20,Bahrain,Rwanda,"Gahanga International Cricket Stadium, Rwanda",Kigali City,,Rwanda,field,Bahrain,WINNER,Bahrain won,,,20
1476989,2025-07-23,female,T20,Ireland,Zimbabwe,"Pembroke Cricket Club, Sandymount, Dublin",Dublin,,Ireland,bat,Ireland,WINNER,Ireland won,,,20
1494098,2025-07-23,male,T20,Samoa,Hong Kong,Singapore National Cricket Ground,Singapore,,Hong Kong,field,Hong Kong,WINNER,Hong Kong won,,,20
1494099,2025-07-23,male,T20,Malaysia,Singapore,Singapore National Cricket Ground,Singapore,,Singapore,field,Malaysia,WINNER,Malaysia won,,,20
1494110,2025-07-23,male,T20,Kenya,United Arab Emirates,Entebbe Cricket Oval,Entebbe,,Kenya,bat,United Arab Emirates,WINNER,United Arab Emirates won,,,20
1494132,2025-07-23,female,T20,Malawi,Lesotho,"Botswana Cricket Association Oval 1, Gaborone",Gaborone,,Malawi,bat,Malawi,WINNER,Malawi won,,,20
1494133,2025-07-23,female,T20,Mozambique,Eswatini,"Botswana Cricket Association Oval 2, Gaborone",Gaborone,,Mozambique,bat,Mozambique,WINNER,Mozambique won,,,20
1494134,2025-07-23,female,T20,Botswana,Sierra Leone,"Botswana Cricket Association Oval 1, Gaborone",Gaborone,,Botswana,bat,Sierra Leone,WINNER,Sierra Leone won,,,20
1494135,2025-07-23,female,T20,Cameroon,Rwanda,"Botswana Cricket Association Oval 2, Gaborone",Gaborone,,Cameroon,bat,Rwanda,WINNER,Rwanda won,,,20
1494769,2025-07-23,male,T20,Saudi Arabia,Qatar,"West End Park International Cricket Stadium, Doha",Doha,,Qatar,field,Saudi Arabia,TIED,Tied; Saudi Arabia won via Super Over,,Saudi Arabia,20
1495460,2025-07-23,male,T20,Rwanda,Malawi,"Gahanga International Cricket Stadium, Rwanda",Kigali City,,Malawi,field,Malawi,WINNER,Malawi won,,,20
1495461,2025-07-23,male,T20,Bahrain,Malawi,"Gahanga International Cricket Stadium, Rwanda",Kigali City,,Bahrain,bat,Bahrain,WINNER,Bahrain won,,,20
1478870,2025-07-24,male,T20,New Zealand,Zimbabwe,Harare Sports Club,Harare,,New Zealand,bat,New Zealand,WINNER,New Zealand won,,,20
1491905,2025-07-24,male,T20,Pakistan,Bangladesh,"Shere Bangla National Stadium, Mirpur",Dhaka,,Bangladesh,field,Pakistan,WINNER,Pakistan won,,,20
1494100,2025-07-24,male,T20,Samoa,Malaysia,Singapore National Cricket Ground,Singapore,,Malaysia,field,Malaysia,WINNER,Malaysia won,,,20
1494101,2025-07-24,male,T20,Hong Kong,Singapore,Singapore National Cricket Ground,Singapore,,Hong Kong,bat,Hong Kong,WINNER,Hong Kong won,,,20
1494136,2025-07-24,female,T20,Cameroon,Eswatini,"Botswana Cricket Association Oval 2, Gaborone",Gaborone,,Eswatini,field,Cameroon,WINNER,Cameroon won,,,20
1494137,2025-07-24,female,T20,Rwanda,Botswana,"Botswana Cricket Association Oval 1, Gaborone",Gaborone,,Rwanda,bat,Rwanda,WINNER,Rwanda won,,,20
1494138,2025-07-24,female,T20,Lesotho,Mozambique,"Botswana Cricket Association Oval 2, Gaborone",Gaborone,,Lesotho,bat,Mozambique,WINNER,Mozambique won,,,20
1494139,2025-07-24,female,T20,Malawi,Sierra Leone,"Botswana Cricket Association Oval 1, Gaborone",Gaborone,,Sierra Leone,field,Sierra Leone,WINNER,Sierra Leone won,,,20
1472522,2025-07-25,male,T20,West Indies,Australia,"Warner Park, Basseterre, St Kitts",Basseterre,,Australia,field,Australia,WINNER,Australia won,,,20
1494114,2025-07-25,male,T20,Kenya,Uganda,Entebbe Cricket Oval,Entebbe,,Uganda,field,Uganda,WINNER,Uganda won,,,20
1495462,2025-07-25,male,T20,Bahrain,Rwanda,"Gahanga International Cricket Stadium, Rwanda",Kigali City,,Rwanda,field,Bahrain,WINNER,Bahrain won,,,20
1495463,2025-07-25,male,T20,Malawi,Bahrain,"Gahanga International Cricket Stadium, Rwanda",Kigali City,,Malawi,bat,Bahrain,WINNER,Bahrain won,,,20
1495654,2025-07-25,male,T20,Romania,Austria,"GB Oval, Szodliget",Szodliget,,Romania,bat,Austria,WINNER,Austria won,,,20
1495655,2025-07-25,male,T20,Hungary,Romania,"GB Oval, Szodliget",Szodliget,,Hungary,bat,Romania,WINNER,Romania won,,,20
1495656,2025-07-25,male,T20,Hungary,Luxembourg,"GB Oval, Szodliget",Szodliget,,Hungary,bat,Hungary,WINNER,Hungary won,,,20
1472523,2025-07-26,male,T20,West Indies,Australia,"Warner Park, Basseterre, St Kitts",Basseterre,,Australia,field,Australia,WINNER,Australia won,,,20
1478871,2025-07-26,male,T20,New Zealand,South Africa,Harare Sports Club,Harare,,South Africa,field,New Zealand,WINNER,New Zealand won,,,20
1494102,2025-07-26,male,T20,Hong Kong,Malaysia,Singapore National Cricket Ground,Singapore,,Malaysia,field,Malaysia,WINNER,Malaysia won,,,20
1494113,2025-07-26,male,T20,United Arab Emirates,Nigeria,Entebbe Cricket Oval,Entebbe,,United Arab Emirates,bat,United Arab Emirates,WINNER,United Arab Emirates won,,,20
1494140,2025-07-26,female,T20,Botswana,Malawi,"Botswana Cricket Association Oval 1, Gaborone",Gaborone,,Malawi,field,Botswana,WINNER,Botswana won,,,20
1494141,2025-07-26,female,T20,Lesotho,Eswatini,"Botswana Cricket Association Oval 2, Gaborone",Gaborone,,Eswatini,field,Lesotho,WINNER,Lesotho won,,,20
1494142,2025-07-26,female,T20,Mozambique,Cameroon,"Botswana Cricket Association Oval 2, Gaborone",Gaborone,,Mozambique,bat,Cameroon,WINNER,Cameroon won,,,20
1494143,2025-07-26,female,T20,Rwanda,Sierra Leone,"Botswana Cricket Association Oval 1, Gaborone",Gaborone,,Sierra Leone,field,Rwanda,WINNER,Rwanda won,,,20
1494771,2025-07-26,male,T20,Finland,Estonia,Estonian National Cricket and Rugby Field,Tallinn,,Finland,bat,Estonia,WINNER,Estonia won,,,20
1495464,2025-07-26,male,T20,Rwanda,Malawi,"Gahanga International Cricket Stadium, Rwanda",Kigali City,,Malawi,field,Malawi,WINNER,Malawi won,,,20
1495657,2025-07-26,male,T20,Romania,Luxembourg,"GB Oval, Szodliget",Szodliget,,Luxembourg,field,Romania,WINNER,Romania won,,,20
1495658,2025-07-26,male,T20,Hungary,Austria,"GB Oval, Szodliget",Szodliget,,Austria,field,Austria,WINNER,Austria won,,,20
1495659,2025-07-26,male,T20,Austria,Luxembourg,"GB Oval, Szodliget",Szodliget,,Austria,bat,Austria,WINNER,Austria won,,,20
1494111,2025-07-27,male,T20,Uganda,United Arab Emirates,Entebbe Cricket Oval,Entebbe,,Uganda,bat,Uganda,WINNER,Uganda won,,,20
1494584,2025-07-27,male,T20,Nigeria,Kenya,Entebbe Cricket Oval,Entebbe,,Nigeria,bat,Kenya,WINNER,Kenya won,,,20
1494772,2025-07-27,male,T20,Estonia,Finland,Estonian National Cricket and Rugby Field,Tallinn,,Finland,field,Finland,WINNER,Finland won,,,20
1495465,2025-07-27,male,T20,Bahrain,Malawi,"Gahanga International Cricket Stadium, Rwanda",Kigali City,,Malawi,field,Bahrain,WINNER,Bahrain won,,,20
1495660,2025-07-27,male,T20,Hungary,Luxembourg,"GB Oval, Szodliget",Szodliget,,Luxembourg,field,Hungary,WINNER,Hungary won,,,20
1495661,2025-07-27,male,T20,Austria,Romania,"GB Oval, Szodliget",Szodliget,,Romania,field,,NO_RESULT,No result,,,20
1472524,2025-07-28,male,T20,West Indies,Australia,"Warner Park, Basseterre, St Kitts",Basseterre,,Australia,field,Australia,WINNER,Australia won,,,20
1472525,2025-07-31,male,T20,Pakistan,West Indies,"Central Broward Regional Park Stadium Turf Ground, Lauderhill",Lauderhill,,West Indies,field,Pakistan,WINNER,Pakistan won,,,20
1472526,2025-08-02,male,T20,Pakistan,West Indies,"Central Broward Regional Park Stadium Turf Ground, Lauderhill",Lauderhill,,Pakistan,bat,West Indies,WINNER,West Indies won,,,20
1494773,2025-08-02,male,T20,Switzerland,Estonia,Estonian National Cricket and Rugby Field,Tallinn,,Switzerland,bat,Switzerland,WINNER,Switzerland won,,,20
1472527,2025-08-03,male,T20,Pakistan,West Indies,"Central Broward Regional Park Stadium Turf Ground, Lauderhill",Lauderhill,,Pakistan,bat,Pakistan,WINNER,Pakistan won,,,20
1494774,2025-08-03,male,T20,Switzerland,Estonia,Estonian National Cricket and Rugby Field,Tallinn,,Switzerland,bat,Switzerland,WINNER,Switzerland won,,,20
1494775,2025-08-03,male,T20,Switzerland,Estonia,Estonian National Cricket and Rugby Field,Tallinn,,Switzerland,bat,Switzerland,WINNER,Switzerland won,,,20
1476992,2025-08-06,female,T20,Ireland,Pakistan,"Clontarf Cricket Club Ground, Dublin",Dublin,,Pakistan,field,Ireland,WINNER,Ireland won,,,20
1496828,2025-08-07,male,T20,Cyprus,Croatia,"Mladost Cricket Ground, Zagreb",Zagreb,,Croatia,field,Cyprus,WINNER,Cyprus won,,,20
1496829,2025-08-07,male,T20,Croatia,Cyprus,"Mladost Cricket Ground, Zagreb",Zagreb,,Croatia,bat,Cyprus,WINNER,Cyprus won,,,20
1476993,2025-08-08,female,T20,Pakistan,Ireland,"Clontarf Cricket Club Ground, Dublin",Dublin,,Pakistan,bat,Ireland,WINNER,Ireland won,,,20
1496821,2025-08-08,male,T20,Sweden,Austria,"Botkyrka Cricket Center, Stockholm",Stockholm,,Sweden,bat,Austria,WINNER,Austria won,,,20
1496822,2025-08-08,male,T20,Norway,France,"Botkyrka Cricket Center, Stockholm",Stockholm,,France,field,Norway,WINNER,Norway won,,,20
1496830,2025-08-08,male,T20,Croatia,Cyprus,"Mladost Cricket Ground, Zagreb",Zagreb,,Croatia,bat,Cyprus,WINNER,Cyprus won,,,20
1496831,2025-08-08,male,T20,Cyprus,Croatia,"Mladost Cricket Ground, Zagreb",Zagreb,,Cyprus,bat,Cyprus,WINNER,Cyprus won,,,20
1496823,2025-08-09,male,T20,Norway,Sweden,"Botkyrka Cricket Center, Stockholm",Stockholm,,Norway,bat,Norway,WINNER,Norway won,,,20
1496824,2025-08-09,male,T20,France,Austria,"Botkyrka Cricket Center, Stockholm",Stockholm,,France,bat,Austria,WINNER,Austria won,,,20
1476994,2025-08-10,female,T20,Ireland,Pakistan,"Clontarf Cricket Club Ground, Dublin",Dublin,,Ireland,bat,Pakistan,WINNER,Pakistan won,,,20
1478898,2025-08-10,male,T20,Australia,South Africa,"Marrara Stadium, Darwin",Darwin,,South Africa,field,Australia,WINNER,Australia won,,,20
1496825,2025-08-10,male,T20,Sweden,France,"Botkyrka Cricket Center, Stockholm",Stockholm,,Sweden,bat,France,WINNER,France won,,,20
1496826,2025-08-10,male,T20,Norway,Austria,"Botkyrka Cricket Center, Stockholm",Stockholm,,Austria,field,Austria,WINNER,Austria won,,,20
1478899,2025-08-12,male,T20,South Africa,Australia,"Marrara Stadium, Darwin",Darwin,,Australia,field,South Africa,WINNER,South Africa won,,,20
1498203,2025-08-13,female,T20,Singapore,Cambodia,Singapore National Cricket Ground,Singapore,,Singapore,bat,Singapore,WINNER,Singapore won,,,20
1498204,2025-08-14,female,T20,Singapore,Cambodia,Singapore National Cricket Ground,Singapore,,Singapore,bat,Singapore,WINNER,Singapore won,,,20
1498689,2025-08-14,male,T20,Guernsey,Papua New Guinea,"King George V Sports Ground, Castel",Castel,,Papua New Guinea,field,Papua New Guinea,WINNER,Papua New Guinea won,,,20
1478900,2025-08-16,male,T20,South Africa,Australia,"Cazaly's Stadium, Cairns",Cairns,,Australia,field,Australia,WINNER,Australia won,,,20
1498205,2025-08-16,female,T20,Singapore,Cambodia,Singapore National Cricket Ground,Singapore,,Cambodia,field,Singapore,WINNER,Singapore won,,,20
1496827,2025-08-17,male,T20,Sweden,Norway,"Stubberudmyra Cricket Ground, Oslo",Oslo,,Sweden,bat,Norway,WINNER,Norway won,,,20
1498191,2025-08-17,male,T20,Sweden,Hungary,"Stubberudmyra Cricket Ground, Oslo",Oslo,,Hungary,field,Sweden,WINNER,Sweden won,,,20
1498192,2025-08-17,male,T20,Norway,Hungary,"Stubberudmyra Cricket Ground, Oslo",Oslo,,Norway,bat,Norway,WINNER,Norway won,,,20
1498206,2025-08-20,female,T20,Netherlands,Italy,"Hazelaarweg, Rotterdam",Rotterdam,,Italy,field,Netherlands,WINNER,Netherlands won,,,20
1498207,2025-08-20,female,T20,Germany,Ireland,"Hazelaarweg, Rotterdam",Rotterdam,,Germany,bat,Ireland,WINNER,Ireland won,,,20
1498208,2025-08-21,female,T20,Netherlands,Ireland,"Hazelaarweg, Rotterdam",Rotterdam,,Netherlands,bat,Ireland,WINNER,Ireland won,,,20
1498209,2025-08-21,female,T20,Germany,Italy,"Hazelaarweg, Rotterdam",Rotterdam,,Italy,field,Italy,WINNER,Italy won,,,20
1499011,2025-08-21,male,T20,Czech Republic,Romania,"Moara Vlasiei Cricket Ground, Ilfov County",Ilfov County,,Romania,field,Czech Republic,WINNER,Czech Republic won,,,20
1499012,2025-08-21,male,T20,Romania,Czech Republic,"Moara Vlasiei Cricket Ground, Ilfov County",Ilfov County,,Romania,bat,Romania,WINNER,Romania won,,,20
1499013,2025-08-22,male,T20,Romania,Czech Republic,"Moara Vlasiei Cricket Ground, Ilfov County",Ilfov County,,Czech Republic,field,Romania,WINNER,Romania won,,,20
1499014,2025-08-22,male,T20,Romania,Czech Republic,"Moara Vlasiei Cricket Ground, Ilfov County",Ilfov County,,Romania,bat,Czech Republic,WINNER,Czech Republic won,,,20
1498210,2025-08-23,female,T20,Ireland,Italy,"Hazelaarweg, Rotterdam",Rotterdam,,Italy,field,Ireland,WINNER,Ireland won,,,20
1498211,2025-08-23,female,T20,Netherlands,Germany,"Hazelaarweg, Rotterdam",Rotterdam,,Germany,field,Netherlands,WINNER,Netherlands won,,,20
1498696,2025-08-23,male,T20,Belgium,Austria,"Velden Cricket Ground, Latschach",Latschach,,Austria,field,Austria,WINNER,Austria won,,,20
1498697,2025-08-23,male,T20,Austria,Belgium,"Velden Cricket Ground, Latschach",Latschach,,Austria,bat,Austria,WINNER,Austria won,D/L,,20
1498212,2025-08-24,female,T20,Ireland,Germany,"Hazelaarweg, Rotterdam",Rotterdam,,Ireland,bat,Ireland,WINNER,Ireland won,,,20
1498213,2025-08-24,female,T20,Italy,Netherlands,"Hazelaarweg, Rotterdam",Rotterdam,,Italy,bat,Netherlands,WINNER,Netherlands won,,,20
1498698,2025-08-24,male,T20,Belgium,Austria,"Velden Cricket Ground, Latschach",Latschach,,Austria,field,Austria,WINNER,Austria won,,,20
1498699,2025-08-24,male,T20,Belgium,Austria,"Velden Cricket Ground, Latschach",Latschach,,Belgium,bat,Austria,WINNER,Austria won,,,20
1498214,2025-08-26,female,T20,Germany,Italy,"Hazelaarweg, Rotterdam",Rotterdam,,Italy,field,Italy,WINNER,Italy won,,,20
1498215,2025-08-26,female,T20,Netherlands,Ireland,"Hazelaarweg, Rotterdam",Rotterdam,,Netherlands,bat,Ireland,WINNER,Ireland won,,,20
1498216,2025-08-27,female,T20,Netherlands,Germany,"Hazelaarweg, Rotterdam",Rotterdam,,Netherlands,bat,Netherlands,WINNER,Netherlands won,,,20
1498217,2025-08-27,female,T20,Ireland,Italy,"Hazelaarweg, Rotterdam",Rotterdam,,Ireland,bat,Ireland,WINNER,Ireland won,,,20
1499021,2025-08-29,female,T20,Finland,Germany,"Ishoj Cricket Club, Vejledalen",Ishoj,,Finland,bat,Germany,WINNER,Germany won,,,20
1499022,2025-08-29,female,T20,Sweden,Norway,Albertslund Cricket Club,Copenhagen,,Norway,field,Sweden,WINNER,Sweden won,,,20
1497874,2025-08-30,male,T20,Pakistan,United Arab Emirates,Sharjah Cricket Stadium,Sharjah,,Pakistan,bat,Pakistan,WINNER,Pakistan won,,,20
1498662,2025-08-30,male,T20,Netherlands,Bangladesh,Sylhet International Cricket Stadium,Sylhet,,Bangladesh,field,Bangladesh,WINNER,Bangladesh won,,,20
1498690,2025-08-30,male,T20,Guernsey,Switzerland,"King George V Sports Ground, Castel",Castel,,Switzerland,field,,NO_RESULT,No result,,,20
1498691,2025-08-30,male,T20,Switzerland,Guernsey,"King George V Sports Ground, Castel",Castel,,Guernsey,field,,NO_RESULT,No result,,,20
1499023,2025-08-30,female,T20,Finland,Norway,"Ishoj Cricket Club, Vejledalen",Ishoj,,Norway,field,Norway,WINNER,Norway won,,,20
1499024,2025-08-30,female,T20,Sweden,Denmark,Albertslund Cricket Club,Copenhagen,,Denmark,field,Sweden,WINNER,Sweden won,,,20
1499025,2025-08-30,female,T20,Finland,Denmark,Albertslund Cricket Club,Copenhagen,,Finland,bat,Denmark,WINNER,Denmark won,,,20
1499026,2025-08-30,female,T20,Germany,Norway,"Ishoj Cricket Club, Vejledalen",Ishoj,,Germany,bat,Germany,WINNER,Germany won,,,20
1498707,2025-08-31,female,T20,Nigeria,Sierra Leone,"Namibia Cricket Ground, Windhoek",Windhoek,,Sierra Leone,field,Nigeria,WINNER,Nigeria won,,,20
1498708,2025-08-31,female,T20,Kenya,Rwanda,"High Performance Oval, Windhoek",Windhoek,,Kenya,bat,Rwanda,WINNER,Rwanda won,,,20
1498709,2025-08-31,female,T20,Zimbabwe,Namibia,"Namibia Cricket Ground, Windhoek",Windhoek,,Namibia,field,Zimbabwe,WINNER,Zimbabwe won,,,20
1498710,2025-08-31,female,T20,Tanzania,Uganda,"High Performance Oval, Windhoek",Windhoek,,Uganda,field,Tanzania,WINNER,Tanzania won,,,20
1499027,2025-08-31,female,T20,Norway,Denmark,Albertslund Cricket Club,Copenhagen,,Norway,bat,Denmark,WINNER,Denmark won,,,20
1499028,2025-08-31,female,T20,Germany,Sweden,"Ishoj Cricket Club, Vejledalen",Ishoj,,Germany,bat,Germany,WINNER,Germany won,,,20
1499029,2025-08-31,female,T20,Germany,Denmark,"Ishoj Cricket Club, Vejledalen",Ishoj,,Germany,bat,Germany,WINNER,Germany won,,,20
1499030,2025-08-31,female,T20,Sweden,Finland,Albertslund Cricket Club,Copenhagen,,Sweden,bat,Sweden,WINNER,Sweden won,,,20
1500635,2025-08-31,female,T20,Isle of Man,Brazil,"New Farnley CC, Leeds",Leeds,,Brazil,field,Brazil,WINNER,Brazil won,,,20
1498663,2025-09-01,male,T20,Netherlands,Bangladesh,Sylhet International Cricket Stadium,Sylhet,,Bangladesh,field,Bangladesh,WINNER,Bangladesh won,,,20
1498711,2025-09-01,female,T20,Sierra Leone,Zimbabwe,"Namibia Cricket Ground, Windhoek",Windhoek,,Sierra Leone,bat,Zimbabwe,WINNER,Zimbabwe won,,,20
1498712,2025-09-01,female,T20,Tanzania,Kenya,"High Performance Oval, Windhoek",Windhoek,,Tanzania,bat,Tanzania,WINNER,Tanzania won,,,20
1498713,2025-09-01,female,T20,Nigeria,Namibia,"Namibia Cricket Ground, Windhoek",Windhoek,,Nigeria,bat,Namibia,WINNER,Namibia won,,,20
1498714,2025-09-01,female,T20,Rwanda,Uganda,"High Performance Oval, Windhoek",Windhoek,,Rwanda,bat,Uganda,WINNER,Uganda won,,,20
1500636,2025-09-01,female,T20,Brazil,Isle of Man,"New Farnley CC, Leeds",Leeds,,Brazil,bat,Brazil,WINNER,Brazil won,,,20
1500638,2025-09-02,female,T20,Jersey,Isle of Man,"New Farnley CC, Leeds",Leeds,,Isle of Man,field,Isle of Man,WINNER,Isle of Man won,,,20
1492823,2025-09-03,male,T20,Zimbabwe,Sri Lanka,Harare Sports Club,Harare,,Sri Lanka,field,Sri Lanka,WINNER,Sri Lanka won,,,20
1498664,2025-09-03,male,T20,Bangladesh,Netherlands,Sylhet International Cricket Stadium,Sylhet,,Netherlands,field,,NO_RESULT,No result,,,20
1498715,2025-09-03,female,T20,Tanzania,Rwanda,"Namibia Cricket Ground, Windhoek",Windhoek,,Rwanda,field,Tanzania,WINNER,Tanzania won,,,20
1498716,2025-09-03,female,T20,Namibia,Sierra Leone,"High Performance Oval, Windhoek",Windhoek,,Namibia,bat,Namibia,WINNER,Namibia won,,,20
1498717,2025-09-03,female,T20,Kenya,Uganda,"Namibia Cricket Ground, Windhoek",Windhoek,,Uganda,field,Uganda,WINNER,Uganda won,,,20
1498718,2025-09-03,female,T20,Nigeria,Zimbabwe,"High Performance Oval, Windhoek",Windhoek,,Nigeria,bat,Zimbabwe,WINNER,Zimbabwe won,,,20
1497877,2025-09-04,male,T20,Pakistan,United Arab Emirates,Sharjah Cricket Stadium,Sharjah,,Pakistan,bat,Pakistan,WINNER,Pakistan won,,,20
1498719,2025-09-04,female,T20,Uganda,Zimbabwe,"Namibia Cricket Ground, Windhoek",Windhoek,,Zimbabwe,field,Zimbabwe,WINNER,Zimbabwe won,,,20
1498720,2025-09-04,female,T20,Kenya,Nigeria,"High Performance Oval, Windhoek",Windhoek,,Kenya,bat,Kenya,WINNER,Kenya won,,,20
1498721,2025-09-04,female,T20,Tanzania,Namibia,"Namibia Cricket Ground, Windhoek",Windhoek,,Tanzania,bat,Namibia,WINNER,Namibia won,,,20
1498722,2025-09-04,female,T20,Rwanda,Sierra Leone,"High Performance Oval, Windhoek",Windhoek,,Rwanda,bat,Rwanda,WINNER,Rwanda won,,,20
1499779,2025-09-05,female,T20,Japan,Fiji,"Albert Park 1, Suva",Suva,,Japan,bat,Japan,WINNER,Japan won,,,20
1492824,2025-09-06,male,T20,Sri Lanka,Zimbabwe,Harare Sports Club,Harare,,Zimbabwe,field,Zimbabwe,WINNER,Zimbabwe won,,,20
1498723,2025-09-06,female,T20,Tanzania,Uganda,"Namibia Cricket Ground, Windhoek",Windhoek,,Tanzania,bat,Tanzania,WINNER,Tanzania won,,,20
1498724,2025-09-06,female,T20,Nigeria,Sierra Leone,"High Performance Oval, Windhoek",Windhoek,,Nigeria,bat,Nigeria,WINNER,Nigeria won,,,20
1498725,2025-09-06,female,T20,Rwanda,Kenya,"High Performance Oval, Windhoek",Windhoek,,Rwanda,bat,Rwanda,WINNER,Rwanda won,,,20
1498726,2025-09-06,female,T20,Namibia,Zimbabwe,"Namibia Cricket Ground, Windhoek",Windhoek,,Zimbabwe,field,Zimbabwe,WINNER,Zimbabwe won,,,20
1499780,2025-09-06,female,T20,Japan,Fiji,"Albert Park 1, Suva",Suva,,Japan,bat,Japan,WINNER,Japan won,,,20
1499781,2025-09-06,female,T20,Czech Republic,Estonia,Estonian National Cricket and Rugby Field,Tallinn,,Estonia,field,Estonia,WINNER,Estonia won,,,20
1499782,2025-09-06,female,T20,Estonia,Czech Republic,Estonian National Cricket and Rugby Field,Tallinn,,Estonia,bat,Estonia,WINNER,Estonia won,,,20
1492825,2025-09-07,male,T20,Zimbabwe,Sri Lanka,Harare Sports Club,Harare,,Sri Lanka,field,Sri Lanka,WINNER,Sri Lanka won,,,20
1499783,2025-09-07,female,T20,Czech Republic,Estonia,Estonian National Cricket and Rugby Field,Tallinn,,Czech Republic,bat,Estonia,WINNER,Estonia won,,,20
1499784,2025-09-09,female,T20,Cook Islands,Fiji,"Albert Park 1, Suva",Suva,,Fiji,field,Fiji,WINNER,Fiji won,,,20
1499785,2025-09-09,female,T20,Papua New Guinea,Japan,"Albert Park 2, Suva",Suva,,Papua New Guinea,bat,Papua New Guinea,WINNER,Papua New Guinea won,,,20
1499786,2025-09-09,female,T20,Vanuatu,Indonesia,"Albert Park 1, Suva",Suva,,Indonesia,field,Vanuatu,WINNER,Vanuatu won,,,20
1499787,2025-09-09,female,T20,Philippines,Samoa,"Albert Park 2, Suva",Suva,,Samoa,field,Samoa,WINNER,Samoa won,,,20
1448357,2025-09-10,male,T20,South Africa,England,"Sophia Gardens, Cardiff",Cardiff,,England,field,South Africa,WINNER,South Africa won,D/L,,20
1496921,2025-09-10,male,T20,United Arab Emirates,India,Dubai International Cricket Stadium,Dubai,,India,field,India,WINNER,India won,,,20
1499788,2025-09-10,female,T20,Japan,Samoa,"Albert Park 1, Suva",Suva,,Samoa,field,Japan,WINNER,Japan won,,,20
1499789,2025-09-10,female,T20,Indonesia,Fiji,"Albert Park 2, Suva",Suva,,Fiji,field,Indonesia,WINNER,Indonesia won,,,20
1499790,2025-09-10,female,T20,Papua New Guinea,Philippines,"Albert Park 1, Suva",Suva,,Philippines,field,Papua New Guinea,WINNER,Papua New Guinea won,,,20
1499791,2025-09-10,female,T20,Cook Islands,Vanuatu,"Albert Park 2, Suva",Suva,,Cook Islands,bat,Vanuatu,WINNER,Vanuatu won,,,20
1496922,2025-09-11,male,T20,Hong Kong,Bangladesh,"Zayed Cricket Stadium, Abu Dhabi",Abu Dhabi,,Bangladesh,field,Bangladesh,WINNER,Bangladesh won,,,20
1448358,2025-09-12,male,T20,England,South Africa,"Old Trafford, Manchester",Manchester,,South Africa,field,England,WINNER,England won,,,20
1496923,2025-09-12,male,T20,Pakistan,Oman,Dubai International Cricket Stadium,Dubai,,Pakistan,bat,Pakistan,WINNER,Pakistan won,,,20
1499792,2025-09-12,female,T20,Indonesia,Cook Islands,"Albert Park 1, Suva",Suva,,Cook Islands,field,Indonesia,WINNER,Indonesia won,,,20
1499794,2025-09-12,female,T20,Vanuatu,Fiji,"Albert Park 1, Suva",Suva,,Vanuatu,bat,Vanuatu,WINNER,Vanuatu won,,,20
1499795,2025-09-12,female,T20,Samoa,Papua New Guinea,"Albert Park 2, Suva",Suva,,Samoa,bat,Samoa,WINNER,Samoa won,,,20
1500864,2025-09-12,female,T20,Switzerland,Luxembourg,Pierre Werner Cricket Ground,Walferdange,,Luxembourg,field,Switzerland,WINNER,Switzerland won,,,20
1501502,2025-09-12,male,T20,Eswatini,Mozambique,Malkerns Country Club oval,Malkerns,,Eswatini,bat,Eswatini,WINNER,Eswatini won,,,20
1501503,2025-09-12,male,T20,Eswatini,Mozambique,Malkerns Country Club oval,Malkerns,,Eswatini,bat,Eswatini,WINNER,Eswatini won,,,20
1496924,2025-09-13,male,T20,Bangladesh,Sri Lanka,"Zayed Cricket Stadium, Abu Dhabi",Abu Dhabi,,Sri Lanka,field,Sri Lanka,WINNER,Sri Lanka won,,,20
1499796,2025-09-13,female,T20,Samoa,Cook Islands,"Albert Park 1, Suva",Suva,,Samoa,bat,Samoa,WINNER,Samoa won,,,20
1499797,2025-09-13,female,T20,Philippines,Fiji,"Albert Park 2, Suva",Suva,,Fiji,field,Fiji,WINNER,Fiji won,,,20
1499798,2025-09-13,female,T20,Indonesia,Papua New Guinea,"Albert Park 1, Suva",Suva,,Indonesia,bat,Papua New Guinea,WINNER,Papua New Guinea won,,,20
1499799,2025-09-13,female,T20,Vanuatu,Japan,"Albert Park 2, Suva",Suva,,Vanuatu,bat,Vanuatu,WINNER,Vanuatu won,,,20
1500866,2025-09-13,female,T20,Austria,Switzerland,Pierre Werner Cricket Ground,Walferdange,,Austria,bat,Switzerland,WINNER,Switzerland won,,,20
1501504,2025-09-13,male,T20,Eswatini,Mozambique,Malkerns Country Club oval,Malkerns,,Eswatini,bat,Eswatini,WINNER,Eswatini won,,,20
1501505,2025-09-13,male,T20,Eswatini,Mozambique,Malkerns Country Club oval,Malkerns,,Eswatini,bat,Eswatini,TIED,Tied; Eswatini won via Super Over,,Eswatini,20
1496925,2025-09-14,male,T20,Pakistan,India,Dubai International Cricket Stadium,Dubai,,Pakistan,bat,India,WINNER,India won,,,20
1500867,2025-09-14,female,T20,Austria,Luxembourg,Pierre Werner Cricket Ground,Walferdange,,Luxembourg,field,Luxembourg,WINNER,Luxembourg won,,,20
1500868,2025-09-14,female,T20,Luxembourg,Switzerland,Pierre Werner Cricket Ground,Walferdange,,Switzerland,field,Switzerland,WINNER,Switzerland won,,,20
1501506,2025-09-14,male,T20,Eswatini,Mozambique,Malkerns Country Club oval,Malkerns,,Eswatini,bat,,NO_RESULT,No result,,,20
1496926,2025-09-15,male,T20,United Arab Emirates,Oman,"Zayed Cricket Stadium, Abu Dhabi",Abu Dhabi,,Oman,field,United Arab Emirates,WINNER,United Arab Emirates won,,,20
1496927,2025-09-15,male,T20,Hong Kong,Sri Lanka,Dubai International Cricket Stadium,Dubai,,Sri Lanka,field,Sri Lanka,WINNER,Sri Lanka won,,,20
1499800,2025-09-15,female,T20,Samoa,Fiji,"Albert Park 1, Suva",Suva,,Samoa,bat,Fiji,WINNER,Fiji won,,,20
1499801,2025-09-15,female,T20,Cook Islands,Philippines,"Albert Park 2, Suva",Suva,,Cook Islands,bat,Philippines,WINNER,Philippines won,,,20
1499802,2025-09-15,female,T20,Japan,Indonesia,"Albert Park 2, Suva",Suva,,Japan,bat,Indonesia,WINNER,Indonesia won,,,20
1499803,2025-09-15,female,T20,Vanuatu,Papua New Guinea,"Albert Park 1, Suva",Suva,,Vanuatu,bat,Papua New Guinea,WINNER,Papua New Guinea won,,,20
1502164,2025-09-15,male,T20,Zimbabwe,Namibia,"Queens Sports Club, Bulawayo",Bulawayo,,Namibia,field,Zimbabwe,WINNER,Zimbabwe won,,,20
1502165,2025-09-16,male,T20,Namibia,Zimbabwe,"Queens Sports Club, Bulawayo",Bulawayo,,Zimbabwe,field,Zimbabwe,WINNER,Zimbabwe won,,,20
1448360,2025-09-17,male,T20,Ireland,England,"The Village, Malahide, Dublin",Dublin,,England,field,England,WINNER,England won,,,50
1496929,2025-09-17,male,T20,Pakistan,United Arab Emirates,Dubai International Cricket Stadium,Dubai,,United Arab Emirates,field,Pakistan,WINNER,Pakistan won,,,20
1502166,2025-09-18,male,T20,Namibia,Zimbabwe,"Queens Sports Club, Bulawayo",Bulawayo,,Namibia,bat,Namibia,WINNER,Namibia won,,,20
1496931,2025-09-19,male,T20,India,Oman,"Zayed Cricket Stadium, Abu Dhabi",Abu Dhabi,,India,bat,India,WINNER,India won,,,20
1496932,2025-09-20,male,T20,Sri Lanka,Bangladesh,Dubai International Cricket Stadium,Dubai,,Bangladesh,field,Bangladesh,WINNER,Bangladesh won,,,20
1448362,2025-09-21,male,T20,Ireland,England,"The Village, Malahide, Dublin",Dublin,,England,field,England,WINNER,England won,,,50
1496933,2025-09-21,male,T20,Pakistan,India,Dubai International Cricket Stadium,Dubai,,India,field,India,WINNER,India won,,,20
1496934,2025-09-23,male,T20,Sri Lanka,Pakistan,"Zayed Cricket Stadium, Abu Dhabi",Abu Dhabi,,Pakistan,field,Pakistan,WINNER,Pakistan won,,,20
1496935,2025-09-24,male,T20,India,Bangladesh,Dubai International Cricket Stadium,Dubai,,Bangladesh,field,India,WINNER,India won,,,20
1496936,2025-09-25,male,T20,Pakistan,Bangladesh,Dubai International Cricket Stadium,Dubai,,Bangladesh,field,Pakistan,WINNER,Pakistan won,,,20
1496937,2025-09-26,male,T20,India,Sri Lanka,Dubai International Cricket Stadium,Dubai,,Sri Lanka,field,India,TIED,Tied; India won via Super Over,,India,20
1502743,2025-09-26,male,T20,Namibia,Kenya,Harare Sports Club,Harare,,Kenya,field,Namibia,WINNER,Namibia won,,,20
1502744,2025-09-26,male,T20,Malawi,Nigeria,"Takashinga Sports Club, Highfield, Harare",Harare,,Nigeria,field,Nigeria,WINNER,Nigeria won,,,20
1502745,2025-09-26,male,T20,Uganda,Zimbabwe,Harare Sports Club,Harare,,Uganda,bat,Zimbabwe,WINNER,Zimbabwe won,,,20
1502746,2025-09-26,male,T20,Botswana,Tanzania,"Takashinga Sports Club, Highfield, Harare",Harare,,Botswana,bat,Tanzania,WINNER,Tanzania won,,,20
1489968,2025-09-27,male,T20,Nepal,West Indies,Sharjah Cricket Stadium,Sharjah,,West Indies,field,Nepal,WINNER,Nepal won,,,20
1496938,2025-09-28,male,T20,Pakistan,India,Dubai International Cricket Stadium,Dubai,,India,field,India,WINNER,India won,,,20
1502747,2025-09-28,male,T20,Namibia,Nigeria,Harare Sports Club,Harare,,Nigeria,field,Namibia,WINNER,Namibia won,,,20
1502748,2025-09-28,male,T20,Tanzania,Uganda,"Takashinga Sports Club, Highfield, Harare",Harare,,Uganda,field,Tanzania,WINNER,Tanzania won,,,20
1502749,2025-09-28,male,T20,Zimbabwe,Botswana,Harare Sports Club,Harare,,Botswana,field,Zimbabwe,WINNER,Zimbabwe won,,,20
1502750,2025-09-28,male,T20,Malawi,Kenya,"Takashinga Sports Club, Highfield, Harare",Harare,,Malawi,bat,Malawi,WINNER,Malawi won,,,20
1489969,2025-09-29,male,T20,Nepal,West Indies,Sharjah Cricket Stadium,Sharjah,,Nepal,bat,Nepal,WINNER,Nepal won,,,20
1504941,2025-09-29,male,T20,Kuwait,Oman,Al Amerat Cricket Ground Oman Cricket (Ministry Turf 1),Al Amarat,,Oman,field,Oman,WINNER,Oman won,,,20
1489970,2025-09-30,male,T20,Nepal,West Indies,Sharjah Cricket Stadium,Sharjah,,West Indies,field,West Indies,WINNER,West Indies won,,,20
1502751,2025-09-30,male,T20,Zimbabwe,Tanzania,Harare Sports Club,Harare,,Tanzania,field,Zimbabwe,WINNER,Zimbabwe won,,,20
1502752,2025-09-30,male,T20,Botswana,Uganda,"Takashinga Sports Club, Highfield, Harare",Harare,,Uganda,field,Uganda,WINNER,Uganda won,,,20
1502753,2025-09-30,male,T20,Malawi,Namibia,Harare Sports Club,Harare,,Malawi,bat,Namibia,WINNER,Namibia won,,,20
1502754,2025-09-30,male,T20,Nigeria,Kenya,"Takashinga Sports Club, Highfield, Harare",Harare,,Nigeria,bat,Kenya,WINNER,Kenya won,,,20
1491714,2025-10-01,male,T20,New Zealand,Australia,"Bay Oval, Mount Maunganui",Mount Maunganui,,Australia,field,Australia,WINNER,Australia won,,,20
1502755,2025-10-02,male,T20,Namibia,Tanzania,Harare Sports Club,Harare,,Tanzania,field,Namibia,WINNER,Namibia won,,,20
1502756,2025-10-02,male,T20,Nigeria,Botswana,"Takashinga Sports Club, Highfield, Harare",Harare,,Nigeria,bat,Nigeria,WINNER,Nigeria won,,,20
1502757,2025-10-02,male,T20,Kenya,Zimbabwe,Harare Sports Club,Harare,,Kenya,bat,Zimbabwe,WINNER,Zimbabwe won,,,20
1502758,2025-10-02,male,T20,Uganda,Malawi,"Takashinga Sports Club, Highfield, Harare",Harare,,Uganda,bat,Uganda,WINNER,Uganda won,,,20
1505114,2025-10-02,female,T20,Malaysia,Nepal,"Bayuemas Oval, Kuala Lumpur",Kuala Lumpur,,Malaysia,bat,Malaysia,WINNER,Malaysia won,,,20
1491715,2025-10-03,male,T20,Australia,New Zealand,"Bay Oval, Mount Maunganui",Mount Maunganui,,New Zealand,field,,NO_RESULT,No result,,,20
1491716,2025-10-04,male,T20,New Zealand,Australia,"Bay Oval, Mount Maunganui",Mount Maunganui,,Australia,field,Australia,WINNER,Australia won,,,20
1502759,2025-10-04,male,T20,Kenya,Tanzania,Harare Sports Club,Harare,,Tanzania,field,Kenya,WINNER,Kenya won,,,20
1502760,2025-10-04,male,T20,Malawi,Botswana,"Takashinga Sports Club, Highfield, Harare",Harare,,Malawi,bat,Malawi,WINNER,Malawi won,,,20
1502761,2025-10-04,male,T20,Uganda,Nigeria,"Takashinga Sports Club, Highfield, Harare",Harare,,Uganda,bat,Uganda,WINNER,Uganda won,,,20
1502762,2025-10-04,male,T20,Namibia,Zimbabwe,Harare Sports Club,Harare,,Zimbabwe,field,Zimbabwe,WINNER,Zimbabwe won,,,20
1505115,2025-10-04,female,T20,Malaysia,Nepal,"Bayuemas Oval, Kuala Lumpur",Kuala Lumpur,,Nepal,field,Nepal,WINNER,Nepal won,,,20
1503565,2025-10-05,female,T20,United Arab Emirates,Zimbabwe,"Queens Sports Club, Bulawayo",Bulawayo,,United Arab Emirates,bat,United Arab Emirates,WINNER,United Arab Emirates won,,,20
1505116,2025-10-05,female,T20,Malaysia,Nepal,"Bayuemas Oval, Kuala Lumpur",Kuala Lumpur,,Malaysia,bat,Malaysia,WINNER,Malaysia won,,,20
1503566,2025-10-06,female,T20,United Arab Emirates,Zimbabwe,"Queens Sports Club, Bulawayo",Bulawayo,,United Arab Emirates,bat,United Arab Emirates,WINNER,United Arab Emirates won,,,20
1505117,2025-10-07,female,T20,Malaysia,Nepal,"Bayuemas Oval, Kuala Lumpur",Kuala Lumpur,,Malaysia,bat,Nepal,WINNER,Nepal won,,,20
1503450,2025-10-08,male,T20,Samoa,Oman,Al Amerat Cricket Ground Oman Cricket (Ministry Turf 2),Al Amarat,,Oman,field,Oman,WINNER,Oman won,,,20
1503451,2025-10-08,male,T20,Qatar,United Arab Emirates,Al Amerat Cricket Ground Oman Cricket (Ministry Turf 1),Al Amarat,,Qatar,bat,United Arab Emirates,WINNER,United Arab Emirates won,,,20
1503452,2025-10-08,male,T20,Nepal,Kuwait,Al Amerat Cricket Ground Oman Cricket (Ministry Turf 1),Al Amarat,,Kuwait,field,Nepal,WINNER,Nepal won,,,20
1505118,2025-10-08,female,T20,Malaysia,Nepal,"Bayuemas Oval, Kuala Lumpur",Kuala Lumpur,,Malaysia,bat,Nepal,WINNER,Nepal won,,,20
1503453,2025-10-09,male,T20,Malaysia,Qatar,Al Amerat Cricket Ground Oman Cricket (Ministry Turf 2),Al Amarat,,Qatar,field,Qatar,WINNER,Qatar won,,,20
1503454,2025-10-09,male,T20,Kuwait,Japan,Al Amerat Cricket Ground Oman Cricket (Ministry Turf 1),Al Amarat,,Japan,field,Japan,WINNER,Japan won,,,20
1503455,2025-10-09,male,T20,Papua New Guinea,Samoa,Al Amerat Cricket Ground Oman Cricket (Ministry Turf 1),Al Amarat,,Papua New Guinea,bat,Samoa,WINNER,Samoa won,,,20
1506181,2025-10-09,female,T20,Romania,Austria,"Moara Vlasiei Cricket Ground, Ilfov County",Ilfov County,,Austria,field,Romania,WINNER,Romania won,,,20
1506182,2025-10-09,female,T20,Turkey,Bulgaria,"Moara Vlasiei Cricket Ground, Ilfov County",Ilfov County,,Bulgaria,field,Turkey,WINNER,Turkey won,,,20
1503456,2025-10-10,male,T20,Malaysia,United Arab Emirates,Al Amerat Cricket Ground Oman Cricket (Ministry Turf 2),Al Amarat,,United Arab Emirates,field,United Arab Emirates,WINNER,United Arab Emirates won,,,20
1503457,2025-10-10,male,T20,Japan,Nepal,Al Amerat Cricket Ground Oman Cricket (Ministry Turf 1),Al Amarat,,Nepal,field,Nepal,WINNER,Nepal won,,,20
1503458,2025-10-10,male,T20,Oman,Papua New Guinea,Al Amerat Cricket Ground Oman Cricket (Ministry Turf 1),Al Amarat,,Papua New Guinea,field,Oman,WINNER,Oman won,,,20
1506183,2025-10-10,female,T20,Austria,Turkey,"Moara Vlasiei Cricket Ground, Ilfov County",Ilfov County,,Austria,bat,Austria,WINNER,Austria won,,,20
1506184,2025-10-10,female,T20,Romania,Turkey,"Moara Vlasiei Cricket Ground, Ilfov County",Ilfov County,,Turkey,field,Turkey,WINNER,Turkey won,,,20
1506185,2025-10-10,female,T20,Romania,Bulgaria,"Moara Vlasiei Cricket Ground, Ilfov County",Ilfov County,,Romania,bat,Romania,WINNER,Romania won,,,20
1487824,2025-10-11,male,T20,South Africa,Namibia,"Namibia Cricket Ground, Windhoek",Windhoek,,South Africa,bat,Namibia,WINNER,Namibia won,,,20
1506186,2025-10-11,female,T20,Norway,Turkey,"Moara Vlasiei Cricket Ground, Ilfov County",Ilfov County,,Norway,bat,Norway,WINNER,Norway won,,,20
1506187,2025-10-11,female,T20,Bulgaria,Austria,"Moara Vlasiei Cricket Ground, Ilfov County",Ilfov County,,Austria,field,Austria,WINNER,Austria won,,,20
1506188,2025-10-11,female,T20,Norway,Romania,"Moara Vlasiei Cricket Ground, Ilfov County",Ilfov County,,Norway,bat,Romania,WINNER,Romania won,,,20
1503459,2025-10-12,male,T20,Oman,Qatar,Al Amerat Cricket Ground Oman Cricket (Ministry Turf 2),Al Amarat,,Qatar,field,Oman,WINNER,Oman won,,,20
1503460,2025-10-12,male,T20,Nepal,United Arab Emirates,Al Amerat Cricket Ground Oman Cricket (Ministry Turf 1),Al Amarat,,Nepal,bat,Nepal,WINNER,Nepal won,,,20
1503461,2025-10-12,male,T20,Japan,Samoa,Al Amerat Cricket Ground Oman Cricket (Ministry Turf 1),Al Amarat,,Samoa,field,Japan,WINNER,Japan won,,,20
1506189,2025-10-12,female,T20,Austria,Norway,"Moara Vlasiei Cricket Ground, Ilfov County",Ilfov County,,Austria,bat,Norway,WINNER,Norway won,,,20
1506190,2025-10-12,female,T20,Norway,Bulgaria,"Moara Vlasiei Cricket Ground, Ilfov County",Ilfov County,,Norway,bat,Norway,WINNER,Norway won,,,20
1503462,2025-10-13,male,T20,United Arab Emirates,Oman,Al Amerat Cricket Ground Oman Cricket (Ministry Turf 1),Al Amarat,,United Arab Emirates,bat,Oman,WINNER,Oman won,,,20
1503463,2025-10-13,male,T20,Nepal,Qatar,Al Amerat Cricket Ground Oman Cricket (Ministry Turf 1),Al Amarat,,Qatar,field,Nepal,WINNER,Nepal won,,,20
1503464,2025-10-15,male,T20,Japan,Qatar,Al Amerat Cricket Ground Oman Cricket (Ministry Turf 2),Al Amarat,,Qatar,field,Qatar,WINNER,Qatar won,,,20
1503465,2025-10-15,male,T20,United Arab Emirates,Samoa,Al Amerat Cricket Ground Oman Cricket (Ministry Turf 1),Al Amarat,,Samoa,field,United Arab Emirates,WINNER,United Arab Emirates won,,,20
1503466,2025-10-15,male,T20,Nepal,Oman,Al Amerat Cricket Ground Oman Cricket (Ministry Turf 1),Al Amarat,,Nepal,bat,Nepal,WINNER,Nepal won,,,20
1503467,2025-10-16,male,T20,Japan,United Arab Emirates,Al Amerat Cricket Ground Oman Cricket (Ministry Turf 1),Al Amarat,,United Arab Emirates,field,United Arab Emirates,WINNER,United Arab Emirates won,,,20
1503468,2025-10-16,male,T20,Samoa,Qatar,Al Amerat Cricket Ground Oman Cricket (Ministry Turf 1),Al Amarat,,Qatar,field,Qatar,WINNER,Qatar won,,,20
1503469,2025-10-17,male,T20,Japan,Oman,Al Amerat Cricket Ground Oman Cricket (Ministry Turf 2),Al Amarat,,Oman,field,Oman,WINNER,Oman won,,,20
1503470,2025-10-17,male,T20,Nepal,Samoa,Al Amerat Cricket Ground Oman Cricket (Ministry Turf 1),Al Amarat,,Samoa,field,Nepal,WINNER,Nepal won,,,20
1491717,2025-10-18,male,T20,England,New Zealand,"Hagley Oval, Christchurch",Christchurch,,New Zealand,field,,NO_RESULT,No result,,,20
1506436,2025-10-18,male,T20,Romania,Austria,"Moara Vlasiei Cricket Ground, Ilfov County",Ilfov County,,Austria,field,Austria,WINNER,Austria won,,,20
1506437,2025-10-18,male,T20,Austria,Romania,"Moara Vlasiei Cricket Ground, Ilfov County",Ilfov County,,Austria,bat,Romania,WINNER,Romania won,,,20
1506438,2025-10-19,male,T20,Romania,Austria,"Moara Vlasiei Cricket Ground, Ilfov County",Ilfov County,,Austria,field,Austria,WINNER,Austria won,,,20
1506439,2025-10-19,male,T20,Austria,Romania,"Moara Vlasiei Cricket Ground, Ilfov County",Ilfov County,,Romania,field,Austria,WINNER,Austria won,,,20
1491718,2025-10-20,male,T20,England,New Zealand,"Hagley Oval, Christchurch",Christchurch,,New Zealand,field,England,WINNER,England won,,,20
1506664,2025-10-20,female,T20,Canada,Uganda,"Lugogo Cricket Oval, Kampala",Kampala,,Uganda,field,Uganda,WINNER,Uganda won,,,20
1506665,2025-10-21,female,T20,Canada,Uganda,"Lugogo Cricket Oval, Kampala",Kampala,,Uganda,field,Uganda,WINNER,Uganda won,,,20
1491719,2025-10-23,male,T20,New Zealand,England,"Eden Park, Auckland",Auckland,,England,field,,NO_RESULT,No result,,,20
1506666,2025-10-23,female,T20,Uganda,Canada,"Lugogo Cricket Oval, Kampala",Kampala,,Canada,field,Uganda,WINNER,Uganda won,,,20
1506667,2025-10-24,female,T20,Uganda,Canada,"Lugogo Cricket Oval, Kampala",Kampala,,Uganda,bat,Uganda,WINNER,Uganda won,,,20
1506668,2025-10-26,female,T20,Uganda,Canada,"Lugogo Cricket Oval, Kampala",Kampala,,Canada,field,Uganda,WINNER,Uganda won,,,20
1505125,2025-10-27,male,T20,West Indies,Bangladesh,"Bir Sreshtho Flight Lieutenant Matiur Rahman Stadium, Chattogram",Chattogram,,West Indies,bat,West Indies,WINNER,West Indies won,,,20
1501895,2025-10-28,male,T20,South Africa,Pakistan,Rawalpindi Cricket Stadium,Rawalpindi,,Pakistan,field,South Africa,WINNER,South Africa won,,,20
1478907,2025-10-29,male,T20,India,Australia,"Manuka Oval, Canberra",Canberra,,Australia,field,,NO_RESULT,No result,,,20
1505126,2025-10-29,male,T20,West Indies,Bangladesh,"Bir Sreshtho Flight Lieutenant Matiur Rahman Stadium, Chattogram",Chattogram,,West Indies,bat,West Indies,WINNER,West Indies won,,,20
1507418,2025-10-30,male,T20,Panama,Mexico,"Sao Fernando Polo and Cricket Club, Campo Sede",Seropedica,,Mexico,field,,NO_RESULT,No result,,,20
1478908,2025-10-31,male,T20,India,Australia,Melbourne Cricket Ground,Melbourne,,Australia,field,Australia,WINNER,Australia won,,,20
1501896,2025-10-31,male,T20,South Africa,Pakistan,"Gaddafi Stadium, Lahore",Lahore,,Pakistan,field,Pakistan,WINNER,Pakistan won,,,20
1505127,2025-10-31,male,T20,Bangladesh,West Indies,"Bir Sreshtho Flight Lieutenant Matiur Rahman Stadium, Chattogram",Chattogram,,Bangladesh,bat,West Indies,WINNER,West Indies won,,,20
1506440,2025-10-31,male,T20,Cyprus,Serbia,Happy Valley Ground,Episkopi,,Cyprus,bat,Cyprus,WINNER,Cyprus won,,,20
1506441,2025-10-31,male,T20,Cyprus,Serbia,Happy Valley Ground 2,Episkopi,,Cyprus,bat,Cyprus,WINNER,Cyprus won,,,20
1501897,2025-11-01,male,T20,South Africa,Pakistan,"Gaddafi Stadium, Lahore",Lahore,,Pakistan,field,Pakistan,WINNER,Pakistan won,,,20
1506442,2025-11-01,male,T20,Serbia,Bulgaria,Happy Valley Ground 2,Episkopi,,Bulgaria,field,Bulgaria,WINNER,Bulgaria won,,,20
1506443,2025-11-01,male,T20,Bulgaria,Serbia,Happy Valley Ground 2,Episkopi,,Serbia,field,Bulgaria,WINNER,Bulgaria won,,,20
1478909,2025-11-02,male,T20,Australia,India,"Bellerive Oval, Hobart",Hobart,,India,field,India,WINNER,India won,,,20
1506444,2025-11-02,male,T20,Bulgaria,Cyprus,Happy Valley Ground 2,Episkopi,,Cyprus,field,Cyprus,WINNER,Cyprus won,,,20
1506445,2025-11-02,male,T20,Cyprus,Bulgaria,Happy Valley Ground 2,Episkopi,,Bulgaria,field,Cyprus,WINNER,Cyprus won,,,20
1506446,2025-11-03,male,T20,Bulgaria,Cyprus,Happy Valley Ground 2,Episkopi,,Bulgaria,bat,Cyprus,WINNER,Cyprus won,,,20
1506447,2025-11-03,male,T20,Bulgaria,Cyprus,Happy Valley Ground 2,Episkopi,,Bulgaria,bat,Cyprus,WINNER,Cyprus won,,,20
1506669,2025-11-04,female,T20,Canada,Tanzania,University of Dar-es-Salaam Ground,Dar-es-Salaam,,Tanzania,field,,NO_RESULT,No result,,,20
1491723,2025-11-05,male,T20,West Indies,New Zealand,"Eden Park, Auckland",Auckland,,New Zealand,field,West Indies,WINNER,West Indies won,,,20
1506670,2025-11-05,female,T20,Tanzania,Canada,"Gymkhana Club Ground, Dar-es-Salaam",Dar-es-Salaam,,Tanzania,bat,Tanzania,WINNER,Tanzania won,,,20
1506671,2025-11-05,female,T20,Canada,Tanzania,"Gymkhana Club Ground, Dar-es-Salaam",Dar-es-Salaam,,Canada,bat,Canada,WINNER,Canada won,,,20
1478910,2025-11-06,male,T20,India,Australia,Carrara Oval,Carrara,,Australia,field,India,WINNER,India won,,,20
1491724,2025-11-06,male,T20,New Zealand,West Indies,"Eden Park, Auckland",Auckland,,West Indies,field,New Zealand,WINNER,New Zealand won,,,20
1508269,2025-11-06,male,T20,Myanmar,Indonesia,Udayana Cricket Ground,Bali,,Myanmar,bat,Indonesia,WINNER,Indonesia won,,,20
1508270,2025-11-06,male,T20,Timor-Leste,Indonesia,Udayana Cricket Ground,Bali,,Timor-Leste,bat,Indonesia,WINNER,Indonesia won,,,20
1508271,2025-11-07,male,T20,Timor-Leste,Myanmar,Udayana Cricket Ground,Bali,,Timor-Leste,bat,Myanmar,WINNER,Myanmar won,,,20
1478911,2025-11-08,male,T20,India,Australia,"Brisbane Cricket Ground, Woolloongabba, Brisbane",Brisbane,,Australia,field,,NO_RESULT,No result,,,20
1508272,2025-11-08,male,T20,Timor-Leste,Indonesia,Udayana Cricket Ground,Bali,,Indonesia,field,Indonesia,WINNER,Indonesia won,,,20
1508273,2025-11-08,male,T20,Indonesia,Myanmar,Udayana Cricket Ground,Bali,,Indonesia,bat,Indonesia,WINNER,Indonesia won,,,20
1491725,2025-11-09,male,T20,New Zealand,West Indies,"Saxton Oval, Nelson",Nelson,,New Zealand,bat,New Zealand,WINNER,New Zealand won,,,20
1508274,2025-11-09,male,T20,Timor-Leste,Myanmar,Udayana Cricket Ground,Bali,,Timor-Leste,bat,Myanmar,WINNER,Myanmar won,,,20
1491726,2025-11-10,male,T20,West Indies,New Zealand,"Saxton Oval, Nelson",Nelson,,New Zealand,field,,NO_RESULT,No result,,,20
1508275,2025-11-11,male,T20,Myanmar,Indonesia,Udayana Cricket Ground,Bali,,Indonesia,field,Indonesia,WINNER,Indonesia won,D/L,,20
1508276,2025-11-11,male,T20,Timor-Leste,Indonesia,Udayana Cricket Ground,Bali,,Timor-Leste,bat,Indonesia,WINNER,Indonesia won,D/L,,20
1508277,2025-11-12,male,T20,Myanmar,Timor-Leste,Udayana Cricket Ground,Bali,,Myanmar,bat,Myanmar,WINNER,Myanmar won,,,20
1510724,2025-11-12,male,T20,Qatar,Hong Kong,"West End Park International Cricket Stadium, Doha",Doha,,Qatar,bat,Qatar,WINNER,Qatar won,,,20
1491727,2025-11-13,male,T20,West Indies,New Zealand,"University Oval, Dunedin",Dunedin,,New Zealand,field,New Zealand,WINNER,New Zealand won,,,20
1508278,2025-11-13,male,T20,Timor-Leste,Indonesia,Udayana Cricket Ground,Bali,,Indonesia,field,Indonesia,WINNER,Indonesia won,,,20
1508279,2025-11-13,male,T20,Myanmar,Indonesia,Udayana Cricket Ground,Bali,,Myanmar,bat,Indonesia,WINNER,Indonesia won,,,20
1510725,2025-11-13,male,T20,Hong Kong,Qatar,University of Doha for Science and Technology,Doha,,Qatar,field,Hong Kong,WINNER,Hong Kong won,,,20
1508280,2025-11-14,male,T20,Myanmar,Timor-Leste,Udayana Cricket Ground,Bali,,Myanmar,bat,Myanmar,WINNER,Myanmar won,,,20
1510279,2025-11-14,female,T20,Scotland,Papua New Guinea,"Terdthai Cricket Ground, Bangkok",Bangkok,,Papua New Guinea,field,Scotland,WINNER,Scotland won,,,20
1510280,2025-11-14,female,T20,Thailand,Namibia,"Terdthai Cricket Ground, Bangkok",Bangkok,,Thailand,bat,Thailand,WINNER,Thailand won,,,20
1510281,2025-11-15,female,T20,Namibia,Papua New Guinea,"Terdthai Cricket Ground, Bangkok",Bangkok,,Namibia,bat,Papua New Guinea,WINNER,Papua New Guinea won,,,20
1510282,2025-11-15,female,T20,Thailand,Scotland,"Terdthai Cricket Ground, Bangkok",Bangkok,,Thailand,bat,Scotland,WINNER,Scotland won,,,20
1509859,2025-11-16,male,T20,United Arab Emirates,Oman,"West End Park International Cricket Stadium, Doha",Doha,,United Arab Emirates,bat,Oman,WINNER,Oman won,,,20
1510283,2025-11-17,female,T20,Namibia,Scotland,"Terdthai Cricket Ground, Bangkok",Bangkok,,Namibia,bat,Scotland,WINNER,Scotland won,,,20
1510284,2025-11-17,female,T20,Papua New Guinea,Thailand,"Terdthai Cricket Ground, Bangkok",Bangkok,,Papua New Guinea,bat,Thailand,WINNER,Thailand won,,,20
1502048,2025-11-18,male,T20,Zimbabwe,Pakistan,Rawalpindi Cricket Stadium,Rawalpindi,,Pakistan,field,Pakistan,WINNER,Pakistan won,,,20
1510178,2025-11-18,male,T20,Bahrain,Indonesia,Udayana Cricket Ground,Bali,,Indonesia,field,Bahrain,WINNER,Bahrain won,D/L,,20
1510179,2025-11-19,male,T20,Bahrain,Indonesia,Udayana Cricket Ground,Bali,,Indonesia,field,Bahrain,WINNER,Bahrain won,,,20
1502049,2025-11-20,male,T20,Zimbabwe,Sri Lanka,Rawalpindi Cricket Stadium,Rawalpindi,,Sri Lanka,field,Zimbabwe,WINNER,Zimbabwe won,,,20
1510285,2025-11-20,female,T20,Thailand,Netherlands,"Terdthai Cricket Ground, Bangkok",Bangkok,,Netherlands,field,Thailand,WINNER,Thailand won,,,20
1510286,2025-11-20,female,T20,Papua New Guinea,United Arab Emirates,"Asian Institute of Technology Ground, Bangkok",Bangkok,,United Arab Emirates,field,United Arab Emirates,WINNER,United Arab Emirates won,,,20
1510287,2025-11-20,female,T20,Namibia,Tanzania,"Asian Institute of Technology Ground, Bangkok",Bangkok,,Namibia,bat,Tanzania,WINNER,Tanzania won,,,20
1510288,2025-11-20,female,T20,Scotland,Uganda,"Terdthai Cricket Ground, Bangkok",Bangkok,,Scotland,bat,Scotland,WINNER,Scotland won,,,20
1510180,2025-11-21,male,T20,Indonesia,Bahrain,Udayana Cricket Ground,Bali,,Bahrain,field,Bahrain,WINNER,Bahrain won,,,20
1510289,2025-11-21,female,T20,United Arab Emirates,Netherlands,"Asian Institute of Technology Ground, Bangkok",Bangkok,,Netherlands,field,Netherlands,WINNER,Netherlands won,,,20
1510290,2025-11-21,female,T20,Papua New Guinea,Thailand,"Terdthai Cricket Ground, Bangkok",Bangkok,,Papua New Guinea,bat,Papua New Guinea,WINNER,Papua New Guinea won,,,20
1510291,2025-11-21,female,T20,Namibia,Uganda,"Terdthai Cricket Ground, Bangkok",Bangkok,,Uganda,field,Namibia,WINNER,Namibia won,,,20
1510292,2025-11-21,female,T20,Scotland,Tanzania,"Asian Institute of Technology Ground, Bangkok",Bangkok,,Scotland,bat,Scotland,WINNER,Scotland won,,,20
1502050,2025-11-22,male,T20,Sri Lanka,Pakistan,Rawalpindi Cricket Stadium,Rawalpindi,,Sri Lanka,bat,Pakistan,WINNER,Pakistan won,,,20
1502051,2025-11-23,male,T20,Pakistan,Zimbabwe,Rawalpindi Cricket Stadium,Rawalpindi,,Pakistan,bat,Pakistan,WINNER,Pakistan won,,,20
1510293,2025-11-23,female,T20,Tanzania,Netherlands,"Asian Institute of Technology Ground, Bangkok",Bangkok,,Netherlands,field,Netherlands,WINNER,Netherlands won,,,20
1510294,2025-11-23,female,T20,Uganda,Papua New Guinea,"Terdthai Cricket Ground, Bangkok",Bangkok,,Uganda,bat,Uganda,WINNER,Uganda won,,,20
1510295,2025-11-23,female,T20,United Arab Emirates,Scotland,"Terdthai Cricket Ground, Bangkok",Bangkok,,United Arab Emirates,bat,Scotland,WINNER,Scotland won,,,20
1510296,2025-11-23,female,T20,Thailand,Namibia,"Asian Institute of Technology Ground, Bangkok",Bangkok,,Namibia,field,Thailand,WINNER,Thailand won,,,20
1511998,2025-11-24,male,T20,Thailand,Malaysia,"Bayuemas Oval, Kuala Lumpur",Kuala Lumpur,,Malaysia,field,,NO_RESULT,No result,,,20
1502052,2025-11-25,male,T20,Zimbabwe,Sri Lanka,Rawalpindi Cricket Stadium,Rawalpindi,,Zimbabwe,bat,Sri Lanka,WINNER,Sri Lanka won,,,20
1510297,2025-11-25,female,T20,Thailand,Tanzania,"Terdthai Cricket Ground, Bangkok",Bangkok,,Tanzania,field,Thailand,WINNER,Thailand won,,,20
1510298,2025-11-25,female,T20,Uganda,United Arab Emirates,"Asian Institute of Technology Ground, Bangkok",Bangkok,,United Arab Emirates,field,United Arab Emirates,WINNER,United Arab Emirates won,,,20
1510299,2025-11-25,female,T20,Namibia,Scotland,"Asian Institute of Technology Ground, Bangkok",Bangkok,,Scotland,field,Scotland,WINNER,Scotland won,,,20
1510300,2025-11-25,female,T20,Papua New Guinea,Netherlands,"Terdthai Cricket Ground, Bangkok",Bangkok,,Papua New Guinea,bat,Papua New Guinea,WINNER,Papua New Guinea won,,,20
1511999,2025-11-25,male,T20,Bahrain,Malaysia,"Bayuemas Oval, Kuala Lumpur",Kuala Lumpur,,Malaysia,field,Malaysia,WINNER,Malaysia won,,,20
1510301,2025-11-26,female,T20,Tanzania,United Arab Emirates,"Terdthai Cricket Ground, Bangkok",Bangkok,,Tanzania,bat,United Arab Emirates,WINNER,United Arab Emirates won,,,20
1510302,2025-11-26,female,T20,Uganda,Thailand,"Asian Institute of Technology Ground, Bangkok",Bangkok,,Thailand,field,Thailand,WINNER,Thailand won,,,20
1510303,2025-11-26,female,T20,Netherlands,Namibia,"Terdthai Cricket Ground, Bangkok",Bangkok,,Namibia,field,Netherlands,WINNER,Netherlands won,,,20
1510304,2025-11-26,female,T20,Papua New Guinea,Scotland,"Asian Institute of Technology Ground, Bangkok",Bangkok,,Papua New Guinea,bat,Scotland,WINNER,Scotland won,,,20
1502053,2025-11-27,male,T20,Sri Lanka,Pakistan,Rawalpindi Cricket Stadium,Rawalpindi,,Pakistan,field,Sri Lanka,WINNER,Sri Lanka won,,,20
1506014,2025-11-27,male,T20,Ireland,Bangladesh,"Bir Sreshtho Flight Lieutenant Matiur Rahman Stadium, Chattogram",Chattogram,,Bangladesh,field,Ireland,WINNER,Ireland won,,,20
1510313,2025-11-27,female,T20,Singapore,Myanmar,Singapore National Cricket Ground,Singapore,,Myanmar,field,Myanmar,WINNER,Myanmar won,D/L,,20
1512000,2025-11-27,male,T20,Thailand,Bahrain,"Bayuemas Oval, Kuala Lumpur",Kuala Lumpur,,Bahrain,field,,NO_RESULT,No result,,,20
1510305,2025-11-28,female,T20,United Arab Emirates,Thailand,"Terdthai Cricket Ground, Bangkok",Bangkok,,Thailand,field,United Arab Emirates,WINNER,United Arab Emirates won,,,20
1510306,2025-11-28,female,T20,Tanzania,Uganda,"Asian Institute of Technology Ground, Bangkok",Bangkok,,Uganda,field,Uganda,WINNER,Uganda won,,,20
1510307,2025-11-28,female,T20,Papua New Guinea,Namibia,"Asian Institute of Technology Ground, Bangkok",Bangkok,,Namibia,field,Papua New Guinea,WINNER,Papua New Guinea won,,,20
1510308,2025-11-28,female,T20,Netherlands,Scotland,"Terdthai Cricket Ground, Bangkok",Bangkok,,Netherlands,bat,Netherlands,WINNER,Netherlands won,,,20
1511993,2025-11-28,male,T20,Brazil,Argentina,"St Albans Club, Buenos Aires",Buenos Aires,,Brazil,bat,Argentina,WINNER,Argentina won,,,20
1502054,2025-11-29,male,T20,Sri Lanka,Pakistan,Rawalpindi Cricket Stadium,Rawalpindi,,Pakistan,field,Pakistan,WINNER,Pakistan won,,,20
1506015,2025-11-29,male,T20,Ireland,Bangladesh,"Bir Sreshtho Flight Lieutenant Matiur Rahman Stadium, Chattogram",Chattogram,,Ireland,bat,Bangladesh,WINNER,Bangladesh won,,,20
1510314,2025-11-29,female,T20,Singapore,Myanmar,Singapore National Cricket Ground,Singapore,,Myanmar,field,Myanmar,WINNER,Myanmar won,,,20
1511994,2025-11-29,male,T20,Brazil,Argentina,"St Albans Club, Buenos Aires",Buenos Aires,,Brazil,bat,,NO_RESULT,No result,,,20
1510309,2025-11-30,female,T20,Uganda,Netherlands,"Terdthai Cricket Ground, Bangkok",Bangkok,,Netherlands,field,Netherlands,WINNER,Netherlands won,,,20
1510310,2025-11-30,female,T20,United Arab Emirates,Namibia,"Asian Institute of Technology Ground, Bangkok",Bangkok,,United Arab Emirates,bat,United Arab Emirates,WINNER,United Arab Emirates won,,,20
1510311,2025-11-30,female,T20,Scotland,Thailand,"Asian Institute of Technology Ground, Bangkok",Bangkok,,Scotland,bat,Thailand,WINNER,Thailand won,,,20
1510312,2025-11-30,female,T20,Papua New Guinea,Tanzania,"Terdthai Cricket Ground, Bangkok",Bangkok,,Papua New Guinea,bat,Papua New Guinea,WINNER,Papua New Guinea won,,,20
1510315,2025-11-30,female,T20,Myanmar,Singapore,Singapore National Cricket Ground,Singapore,,Singapore,field,Myanmar,WINNER,Myanmar won,,,20
1511996,2025-11-30,male,T20,Argentina,Brazil,"St Albans Club, Buenos Aires",Buenos Aires,,Brazil,field,Argentina,WINNER,Argentina won,,,20
1511997,2025-11-30,male,T20,Argentina,Brazil,"St Albans Club, Buenos Aires",Buenos Aires,,Argentina,bat,,NO_RESULT,No result,,,20
1512002,2025-11-30,male,T20,Thailand,Bahrain,"Bayuemas Oval, Kuala Lumpur",Kuala Lumpur,,Bahrain,field,Bahrain,WINNER,Bahrain won,,,20
1506016,2025-12-02,male,T20,Ireland,Bangladesh,"Bir Sreshtho Flight Lieutenant Matiur Rahman Stadium, Chattogram",Chattogram,,Ireland,bat,Bangladesh,WINNER,Bangladesh won,,,20
1513086,2025-12-04,male,T20,Nigeria,Zambia,"Nigeria Cricket Federation Oval 1, Abuja",Abuja,,Zambia,field,Nigeria,WINNER,Nigeria won,,,20
1513087,2025-12-04,male,T20,Sierra Leone,Rwanda,"Nigeria Cricket Federation Oval 1, Abuja",Abuja,,Rwanda,field,Rwanda,WINNER,Rwanda won,,,20
1477591,2025-12-05,female,T20,South Africa,Ireland,"Newlands, Cape Town",Cape Town,,South Africa,bat,South Africa,WINNER,South Africa won,,,20
1513088,2025-12-05,male,T20,Zambia,Rwanda,"Nigeria Cricket Federation Oval 1, Abuja",Abuja,,Rwanda,field,Rwanda,WINNER,Rwanda won,,,20
1513297,2025-12-05,male,T20,Nigeria,Sierra Leone,"Nigeria Cricket Federation Oval 1, Abuja",Abuja,,Nigeria,bat,Nigeria,WINNER,Nigeria won,,,20
1514473,2025-12-05,male,T20,Croatia,Spain,La Manga Club Top Ground,Murcia,,Croatia,bat,Spain,WINNER,Spain won,,,20
1513089,2025-12-06,male,T20,Nigeria,Rwanda,"Nigeria Cricket Federation Oval 1, Abuja",Abuja,,Rwanda,field,Nigeria,WINNER,Nigeria won,,,20
1513090,2025-12-06,male,T20,Zambia,Sierra Leone,"Nigeria Cricket Federation Oval 1, Abuja",Abuja,,Zambia,bat,Zambia,WINNER,Zambia won,,,20
1514474,2025-12-06,male,T20,Spain,Croatia,La Manga Club Top Ground,Murcia,,Spain,bat,Spain,WINNER,Spain won,,,20
1514475,2025-12-06,male,T20,Croatia,Spain,La Manga Club Top Ground,Murcia,,Spain,field,Spain,WINNER,Spain won,,,20
1514510,2025-12-06,female,T20,Bahrain,Oman,Al Amerat Cricket Ground Oman Cricket (Ministry Turf 2),Al Amarat,,Bahrain,bat,Oman,WINNER,Oman won,,,20
1477592,2025-12-07,female,T20,South Africa,Ireland,"Boland Park, Paarl",Paarl,,South Africa,bat,South Africa,WINNER,South Africa won,,,20
1513091,2025-12-07,male,T20,Sierra Leone,Nigeria,"Nigeria Cricket Federation Oval 1, Abuja",Abuja,,Nigeria,field,Nigeria,WINNER,Nigeria won,,,20
1513092,2025-12-07,male,T20,Zambia,Rwanda,"Nigeria Cricket Federation Oval 1, Abuja",Abuja,,Zambia,bat,Rwanda,WINNER,Rwanda won,,,20
1514476,2025-12-07,male,T20,Spain,Croatia,La Manga Club Top Ground,Murcia,,Spain,bat,Spain,WINNER,Spain won,,,20
1514477,2025-12-07,male,T20,Croatia,Spain,La Manga Club Top Ground,Murcia,,Spain,field,Spain,WINNER,Spain won,,,20
1514511,2025-12-07,female,T20,Oman,Qatar,Al Amerat Cricket Ground Oman Cricket (Ministry Turf 2),Al Amarat,,Oman,bat,Oman,WINNER,Oman won,,,20
1513093,2025-12-08,male,T20,Rwanda,Sierra Leone,"Nigeria Cricket Federation Oval 1, Abuja",Abuja,,Sierra Leone,field,Rwanda,WINNER,Rwanda won,,,20
1513094,2025-12-08,male,T20,Nigeria,Zambia,"Nigeria Cricket Federation Oval 1, Abuja",Abuja,,Zambia,field,Nigeria,WINNER,Nigeria won,,,20
1479576,2025-12-09,male,T20,India,South Africa,"Barabati Stadium, Cuttack",Cuttack,,South Africa,field,India,WINNER,India won,,,20
1513095,2025-12-09,male,T20,Rwanda,Nigeria,"Nigeria Cricket Federation Oval 1, Abuja",Abuja,,Nigeria,field,Rwanda,WINNER,Rwanda won,,,20
1513096,2025-12-09,male,T20,Sierra Leone,Zambia,"Nigeria Cricket Federation Oval 1, Abuja",Abuja,,Sierra Leone,bat,Zambia,WINNER,Zambia won,,,20
1513099,2025-12-09,male,T20,Bahrain,Bhutan,Gelephu International Cricket Ground,Gelephu,,Bhutan,field,Bahrain,WINNER,Bahrain won,,,20
1513824,2025-12-09,male,T20,Thailand,Indonesia,"Terdthai Cricket Ground, Bangkok",Bangkok,,Indonesia,field,Indonesia,WINNER,Indonesia won,,,20
1513825,2025-12-09,male,T20,Malaysia,Philippines,"Terdthai Cricket Ground, Bangkok",Bangkok,,Philippines,field,Malaysia,WINNER,Malaysia won,,,20
1513826,2025-12-10,male,T20,Indonesia,Malaysia,"Terdthai Cricket Ground, Bangkok",Bangkok,,Malaysia,field,Malaysia,WINNER,Malaysia won,,,20
1513827,2025-12-10,male,T20,Philippines,Singapore,"Terdthai Cricket Ground, Bangkok",Bangkok,,Philippines,bat,Philippines,WINNER,Philippines won,,,20
1514513,2025-12-10,female,T20,Oman,Qatar,Al Amerat Cricket Ground Oman Cricket (Ministry Turf 2),Al Amarat,,Qatar,field,Oman,WINNER,Oman won,,,20
1479577,2025-12-11,male,T20,South Africa,India,"Maharaja Yadavindra Singh International Cricket Stadium, New Chandigarh",New Chandigarh,,India,field,South Africa,WINNER,South Africa won,,,20
1513097,2025-12-11,male,T20,Zambia,Rwanda,"Nigeria Cricket Federation Oval 1, Abuja",Abuja,,Rwanda,field,Zambia,WINNER,Zambia won,,,20
1513100,2025-12-11,male,T20,Bahrain,Bhutan,Gelephu International Cricket Ground,Gelephu,,Bhutan,field,Bahrain,WINNER,Bahrain won,,,20
1513298,2025-12-11,male,T20,Nigeria,Sierra Leone,"Nigeria Cricket Federation Oval 1, Abuja",Abuja,,Nigeria,bat,Nigeria,WINNER,Nigeria won,,,20
1513828,2025-12-11,male,T20,Singapore,Thailand,"Terdthai Cricket Ground, Bangkok",Bangkok,,Thailand,field,Singapore,WINNER,Singapore won,,,20
1513829,2025-12-11,male,T20,Philippines,Indonesia,"Terdthai Cricket Ground, Bangkok",Bangkok,,Philippines,bat,Philippines,WINNER,Philippines won,,,20
1513101,2025-12-12,male,T20,Bahrain,Bhutan,Gelephu International Cricket Ground,Gelephu,,Bhutan,field,Bahrain,WINNER,Bahrain won,,,20
1513299,2025-12-12,male,T20,Nigeria,Zambia,"Nigeria Cricket Federation Oval 1, Abuja",Abuja,,Nigeria,bat,Nigeria,WINNER,Nigeria won,,,20
1513300,2025-12-12,male,T20,Rwanda,Sierra Leone,"Nigeria Cricket Federation Oval 1, Abuja",Abuja,,Rwanda,bat,Rwanda,WINNER,Rwanda won,,,20
1513830,2025-12-12,male,T20,Indonesia,Singapore,"Terdthai Cricket Ground, Bangkok",Bangkok,,Singapore,field,Singapore,WINNER,Singapore won,,,20
1513831,2025-12-12,male,T20,Thailand,Malaysia,"Terdthai Cricket Ground, Bangkok",Bangkok,,Malaysia,field,Malaysia,WINNER,Malaysia won,,,20
1514514,2025-12-12,female,T20,Kuwait,Qatar,Al Amerat Cricket Ground Oman Cricket (Ministry Turf 1),Al Amarat,,Qatar,field,Kuwait,WINNER,Kuwait won,,,20
1514515,2025-12-12,female,T20,Oman,United Arab Emirates,Al Amerat Cricket Ground Oman Cricket (Ministry Turf 1),Al Amarat,,Oman,bat,United Arab Emirates,WINNER,United Arab Emirates won,,,20
1514516,2025-12-12,female,T20,Bahrain,Saudi Arabia,Al Amerat Cricket Ground Oman Cricket (Ministry Turf 1),Al Amarat,,Bahrain,bat,Bahrain,WINNER,Bahrain won,,,20
1513102,2025-12-13,male,T20,Bhutan,Bahrain,Gelephu International Cricket Ground,Gelephu,,Bahrain,field,Bahrain,WINNER,Bahrain won,,,20
1513301,2025-12-13,male,T20,Nigeria,Rwanda,"Nigeria Cricket Federation Oval 1, Abuja",Abuja,,Nigeria,bat,Nigeria,WINNER,Nigeria won,,,20
1513302,2025-12-13,male,T20,Zambia,Sierra Leone,"Nigeria Cricket Federation Oval 1, Abuja",Abuja,,Zambia,bat,Sierra Leone,WINNER,Sierra Leone won,,,20
1513832,2025-12-13,male,T20,Thailand,Philippines,"Terdthai Cricket Ground, Bangkok",Bangkok,,Philippines,field,Philippines,WINNER,Philippines won,,,20
1513833,2025-12-13,male,T20,Singapore,Malaysia,"Terdthai Cricket Ground, Bangkok",Bangkok,,Singapore,bat,Malaysia,WINNER,Malaysia won,,,20
1514517,2025-12-13,female,T20,United Arab Emirates,Qatar,Al Amerat Cricket Ground Oman Cricket (Ministry Turf 1),Al Amarat,,United Arab Emirates,bat,United Arab Emirates,WINNER,United Arab Emirates won,,,20
1514518,2025-12-13,female,T20,Oman,Saudi Arabia,Al Amerat Cricket Ground Oman Cricket (Ministry Turf 1),Al Amarat,,Oman,bat,Oman,WINNER,Oman won,,,20
1514519,2025-12-13,female,T20,Bahrain,Kuwait,Al Amerat Cricket Ground Oman Cricket (Ministry Turf 1),Al Amarat,,Bahrain,bat,Kuwait,WINNER,Kuwait won,,,20
1479578,2025-12-14,male,T20,South Africa,India,"Himachal Pradesh Cricket Association Stadium, Dharamsala",Dharamsala,,India,field,India,WINNER,India won,,,20
1513303,2025-12-14,male,T20,Zambia,Sierra Leone,"Nigeria Cricket Federation Oval 1, Abuja",Abuja,,Sierra Leone,field,Zambia,WINNER,Zambia won,,,20
1513304,2025-12-14,male,T20,Nigeria,Rwanda,"Nigeria Cricket Federation Oval 1, Abuja",Abuja,,Nigeria,bat,Nigeria,WINNER,Nigeria won,,,20
1513755,2025-12-15,female,T20,Myanmar,Thailand,"Terdthai Cricket Ground, Bangkok",Bangkok,,Myanmar,bat,Thailand,WINNER,Thailand won,,,20
1513756,2025-12-15,female,T20,Malaysia,Indonesia,"Terdthai Cricket Ground, Bangkok",Bangkok,,Malaysia,bat,Malaysia,WINNER,Malaysia won,,,20
1514520,2025-12-15,female,T20,Bahrain,Oman,Al Amerat Cricket Ground Oman Cricket (Ministry Turf 1),Al Amarat,,Oman,field,Oman,WINNER,Oman won,,,20
1514521,2025-12-15,female,T20,Saudi Arabia,Qatar,Al Amerat Cricket Ground Oman Cricket (Ministry Turf 1),Al Amarat,,Saudi Arabia,bat,Qatar,WINNER,Qatar won,,,20
1514522,2025-12-15,female,T20,Kuwait,United Arab Emirates,Al Amerat Cricket Ground Oman Cricket (Ministry Turf 1),Al Amarat,,United Arab Emirates,field,United Arab Emirates,WINNER,United Arab Emirates won,,,20
1513757,2025-12-16,female,T20,Indonesia,Philippines,"Terdthai Cricket Ground, Bangkok",Bangkok,,Philippines,field,Indonesia,WINNER,Indonesia won,,,20
1513758,2025-12-16,female,T20,Thailand,Singapore,"Terdthai Cricket Ground, Bangkok",Bangkok,,Singapore,field,Thailand,WINNER,Thailand won,,,20
1514523,2025-12-16,female,T20,Qatar,Bahrain,Al Amerat Cricket Ground Oman Cricket (Ministry Turf 1),Al Amarat,,Bahrain,field,Qatar,WINNER,Qatar won,,,20
1514524,2025-12-16,female,T20,United Arab Emirates,Saudi Arabia,Al Amerat Cricket Ground Oman Cricket (Ministry Turf 1),Al Amarat,,United Arab Emirates,bat,United Arab Emirates,WINNER,United Arab Emirates won,,,20
1514525,2025-12-16,female,T20,Kuwait,Oman,Al Amerat Cricket Ground Oman Cricket (Ministry Turf 1),Al Amarat,,Oman,field,Oman,WINNER,Oman won,,,20
1513759,2025-12-17,female,T20,Philippines,Malaysia,"Terdthai Cricket Ground, Bangkok",Bangkok,,Malaysia,field,Malaysia,WINNER,Malaysia won,,,20
1513760,2025-12-17,female,T20,Myanmar,Singapore,"Terdthai Cricket Ground, Bangkok",Bangkok,,Myanmar,bat,Myanmar,WINNER,Myanmar won,,,20
1513761,2025-12-18,female,T20,Thailand,Indonesia,"Terdthai Cricket Ground, Bangkok",Bangkok,,Indonesia,field,Thailand,WINNER,Thailand won,,,20
1513762,2025-12-18,female,T20,Malaysia,Myanmar,"Terdthai Cricket Ground, Bangkok",Bangkok,,Malaysia,bat,Malaysia,WINNER,Malaysia won,,,20
1514526,2025-12-18,female,T20,Saudi Arabia,Kuwait,Al Amerat Cricket Ground Oman Cricket (Ministry Turf 1),Al Amarat,,Saudi Arabia,bat,Kuwait,WINNER,Kuwait won,,,20
1514527,2025-12-18,female,T20,United Arab Emirates,Bahrain,Al Amerat Cricket Ground Oman Cricket (Ministry Turf 1),Al Amarat,,United Arab Emirates,bat,United Arab Emirates,WINNER,United Arab Emirates won,,,20
1514528,2025-12-18,female,T20,Qatar,Oman,Al Amerat Cricket Ground Oman Cricket (Ministry Turf 1),Al Amarat,,Oman,field,Oman,WINNER,Oman won,,,20
1479580,2025-12-19,male,T20,India,South Africa,"Narendra Modi Stadium, Ahmedabad",Ahmedabad,,South Africa,field,India,WINNER,India won,,,20
1513763,2025-12-19,female,T20,Myanmar,Indonesia,"Terdthai Cricket Ground, Bangkok",Bangkok,,Indonesia,field,Indonesia,WINNER,Indonesia won,,,20
1513764,2025-12-19,female,T20,Malaysia,Thailand,"Terdthai Cricket Ground, Bangkok",Bangkok,,Thailand,field,Thailand,WINNER,Thailand won,,,20
1514529,2025-12-19,female,T20,Oman,United Arab Emirates,Al Amerat Cricket Ground Oman Cricket (Ministry Turf 1),Al Amarat,,United Arab Emirates,field,United Arab Emirates,WINNER,United Arab Emirates won,,,20
1513735,2025-12-21,female,T20,Sri Lanka,India,"Dr. Y.S. Rajasekhara Reddy ACA-VDCA Cricket Stadium, Visakhapatnam",Visakhapatnam,,India,field,India,WINNER,India won,,,20
1513736,2025-12-23,female,T20,Sri Lanka,India,"Dr. Y.S. Rajasekhara Reddy ACA-VDCA Cricket Stadium, Visakhapatnam",Visakhapatnam,,India,field,India,WINNER,India won,,,20
1515010,2025-12-23,male,T20,Myanmar,Bhutan,Gelephu International Cricket Ground,Gelephu,,Bhutan,field,Bhutan,WINNER,Bhutan won,,,20
1515542,2025-12-23,male,T20,Indonesia,Cambodia,Udayana Cricket Ground,Bali,,Cambodia,field,Indonesia,WINNER,Indonesia won,,,20
1515543,2025-12-23,male,T20,Indonesia,Cambodia,Udayana Cricket Ground,Bali,,Indonesia,bat,Indonesia,WINNER,Indonesia won,,,20
1515011,2025-12-24,male,T20,Bhutan,Myanmar,Gelephu International Cricket Ground,Gelephu,,Myanmar,field,Bhutan,WINNER,Bhutan won,,,20
1515544,2025-12-24,male,T20,Cambodia,Indonesia,Udayana Cricket Ground,Bali,,Indonesia,field,Indonesia,WINNER,Indonesia won,,,20
1515545,2025-12-25,male,T20,Indonesia,Cambodia,Udayana Cricket Ground,Bali,,Indonesia,bat,Indonesia,WINNER,Indonesia won,,,20
1513737,2025-12-26,female,T20,Sri Lanka,India,"Greenfield International Stadium, Thiruvananthapuram",Thiruvananthapuram,,India,field,India,WINNER,India won,,,20
1515012,2025-12-26,male,T20,Bhutan,Myanmar,Gelephu International Cricket Ground,Gelephu,,Myanmar,field,Bhutan,WINNER,Bhutan won,,,20
1515546,2025-12-26,male,T20,Cambodia,Indonesia,Udayana Cricket Ground,Bali,,Indonesia,field,,NO_RESULT,No result,,,20
1517208,2025-12-26,male,T20,Cambodia,Indonesia,Udayana Cricket Ground,Bali,,Indonesia,field,Indonesia,WINNER,Indonesia won,,,20
1515013,2025-12-27,male,T20,Bhutan,Myanmar,Gelephu International Cricket Ground,Gelephu,,Myanmar,field,Bhutan,WINNER,Bhutan won,,,20
1515547,2025-12-27,male,T20,Cambodia,Indonesia,Udayana Cricket Ground,Bali,,Indonesia,field,Indonesia,WINNER,Indonesia won,,,20
1515548,2025-12-27,male,T20,Cambodia,Indonesia,Udayana Cricket Ground,Bali,,Cambodia,bat,Indonesia,WINNER,Indonesia won,,,20
1513738,2025-12-28,female,T20,India,Sri Lanka,"Greenfield International Stadium, Thiruvananthapuram",Thiruvananthapuram,,Sri Lanka,field,India,WINNER,India won,,,20
1515014,2025-12-29,male,T20,Bhutan,Myanmar,Gelephu International Cricket Ground,Gelephu,,Bhutan,bat,Bhutan,WINNER,Bhutan won,,,20
1515549,2025-12-29,male,T20,Cambodia,Indonesia,Udayana Cricket Ground,Bali,,Indonesia,field,Indonesia,WINNER,Indonesia won,,,20
1513739,2025-12-30,female,T20,India,Sri Lanka,"Greenfield International Stadium, Thiruvananthapuram",Thiruvananthapuram,,Sri Lanka,field,India,WINNER,India won,,,20
1514480,2026-01-07,male,T20,Sri Lanka,Pakistan,Rangiri Dambulla International Stadium,Dambulla,,Pakistan,field,Pakistan,WINNER,Pakistan won,,,20
1514482,2026-01-11,male,T20,Sri Lanka,Pakistan,Rangiri Dambulla International Stadium,Dambulla,,Pakistan,field,Sri Lanka,WINNER,Sri Lanka won,,,20
1515208,2026-01-18,female,T20,Netherlands,Zimbabwe,"Tribhuvan University International Cricket Ground, Kirtipur",Kirtipur,,Zimbabwe,field,Netherlands,WINNER,Netherlands won,,,20
1515209,2026-01-18,female,T20,Bangladesh,United States of America,Mulpani Cricket Ground,Kathmandu,,United States of America,field,Bangladesh,WINNER,Bangladesh won,,,20
1515210,2026-01-18,female,T20,Ireland,Papua New Guinea,Mulpani Cricket Ground,Kathmandu,,Ireland,bat,Ireland,WINNER,Ireland won,,,20
1515211,2026-01-18,female,T20,Nepal,Thailand,"Tribhuvan University International Cricket Ground, Kirtipur",Kirtipur,,Thailand,field,Thailand,WINNER,Thailand won,,,20
1515212,2026-01-20,female,T20,Bangladesh,Papua New Guinea,"Tribhuvan University International Cricket Ground, Kirtipur",Kirtipur,,Papua New Guinea,field,Bangladesh,WINNER,Bangladesh won,,,20
1515213,2026-01-20,female,T20,Thailand,Zimbabwe,Mulpani Cricket Ground,Kathmandu,,Zimbabwe,field,Thailand,WINNER,Thailand won,,,20
1515214,2026-01-20,female,T20,Netherlands,Scotland,"Tribhuvan University International Cricket Ground, Kirtipur",Kirtipur,,Netherlands,bat,Netherlands,WINNER,Netherlands won,,,20
1515215,2026-01-20,female,T20,Namibia,United States of America,Mulpani Cricket Ground,Kathmandu,,United States of America,field,United States of America,WINNER,United States of America won,,,20
1519145,2026-01-20,female,T20,Malaysia,Bhutan,Gelephu International Cricket Ground,Gelephu,,Bhutan,field,Bhutan,WINNER,Bhutan won,,,20
1490234,2026-01-21,male,T20,India,New Zealand,"Vidarbha Cricket Association Stadium, Jamtha, Nagpur",Nagpur,,New Zealand,field,India,WINNER,India won,,,20
1519146,2026-01-21,female,T20,Hong Kong,Malaysia,Gelephu International Cricket Ground,Gelephu,,Malaysia,field,Hong Kong,WINNER,Hong Kong won,,,20
1515216,2026-01-22,female,T20,Ireland,United States of America,Mulpani Cricket Ground,Kathmandu,,Ireland,bat,Ireland,WINNER,Ireland won,,,20
1515217,2026-01-22,female,T20,Netherlands,Nepal,"Tribhuvan University International Cricket Ground, Kirtipur",Kirtipur,,Netherlands,bat,Netherlands,WINNER,Netherlands won,,,20
1515218,2026-01-22,female,T20,Bangladesh,Namibia,"Tribhuvan University International Cricket Ground, Kirtipur",Kirtipur,,Namibia,field,Bangladesh,WINNER,Bangladesh won,,,20
1515219,2026-01-22,female,T20,Zimbabwe,Scotland,Mulpani Cricket Ground,Kathmandu,,Zimbabwe,bat,Scotland,WINNER,Scotland won,,,20
1519147,2026-01-22,female,T20,Hong Kong,Bhutan,Gelephu International Cricket Ground,Gelephu,,Bhutan,field,Hong Kong,WINNER,Hong Kong won,,,20
1490235,2026-01-23,male,T20,New Zealand,India,"Shaheed Veer Narayan Singh International Stadium, Raipur",Raipur,,India,field,India,WINNER,India won,,,20
1519136,2026-01-23,male,T20,Italy,Ireland,"7he Sevens Stadium, Dubai",Dubai,,Ireland,field,Ireland,WINNER,Ireland won,,,20
1515220,2026-01-24,female,T20,Thailand,Scotland,"Tribhuvan University International Cricket Ground, Kirtipur",Kirtipur,,Scotland,field,Scotland,WINNER,Scotland won,,,20
1515221,2026-01-24,female,T20,Namibia,Papua New Guinea,Mulpani Cricket Ground,Kathmandu,,Namibia,bat,Papua New Guinea,WINNER,Papua New Guinea won,,,20
1515222,2026-01-24,female,T20,Zimbabwe,Nepal,"Tribhuvan University International Cricket Ground, Kirtipur",Kirtipur,,Nepal,field,Nepal,WINNER,Nepal won,,,20
1515223,2026-01-24,female,T20,Bangladesh,Ireland,Mulpani Cricket Ground,Kathmandu,,Bangladesh,bat,Bangladesh,WINNER,Bangladesh won,,,20
1519148,2026-01-24,female,T20,Malaysia,Bhutan,Gelephu International Cricket Ground,Gelephu,,Bhutan,field,Bhutan,WINNER,Bhutan won,,,20
1490236,2026-01-25,male,T20,New Zealand,India,"Barsapara Cricket Stadium, Guwahati",Guwahati,,India,field,India,WINNER,India won,,,20
1519137,2026-01-25,male,T20,Ireland,Italy,"7he Sevens Stadium, Dubai",Dubai,,Italy,field,Ireland,WINNER,Ireland won,,,20
1519149,2026-01-25,female,T20,Hong Kong,Bhutan,Gelephu International Cricket Ground,Gelephu,,Bhutan,field,Hong Kong,WINNER,Hong Kong won,,,20
1515224,2026-01-26,female,T20,Scotland,Nepal,"Tribhuvan University International Cricket Ground, Kirtipur",Kirtipur,,Nepal,field,Scotland,WINNER,Scotland won,,,20
1515225,2026-01-26,female,T20,Papua New Guinea,United States of America,Mulpani Cricket Ground,Kathmandu,,Papua New Guinea,bat,United States of America,WINNER,United States of America won,,,20
1515226,2026-01-26,female,T20,Namibia,Ireland,"Tribhuvan University International Cricket Ground, Kirtipur",Kirtipur,,Namibia,bat,Ireland,WINNER,Ireland won,,,20
1515227,2026-01-26,female,T20,Netherlands,Thailand,Mulpani Cricket Ground,Kathmandu,,Thailand,field,Netherlands,WINNER,Netherlands won,,,20
1519138,2026-01-26,male,T20,Ireland,Italy,"7he Sevens Stadium, Dubai",Dubai,,Italy,field,Italy,WINNER,Italy won,,,20
1519150,2026-01-26,female,T20,Malaysia,Hong Kong,Gelephu International Cricket Ground,Gelephu,,Hong Kong,field,Hong Kong,WINNER,Hong Kong won,,,20
1477609,2026-01-27,male,T20,West Indies,South Africa,"Boland Park, Paarl",Paarl,,South Africa,field,South Africa,WINNER,South Africa won,,,20
1519151,2026-01-27,female,T20,Malaysia,Bhutan,Gelephu International Cricket Ground,Gelephu,,Bhutan,field,Bhutan,WINNER,Bhutan won,,,20
1490237,2026-01-28,male,T20,New Zealand,India,"Dr. Y.S. Rajasekhara Reddy ACA-VDCA Cricket Stadium, Visakhapatnam",Visakhapatnam,,India,field,New Zealand,WINNER,New Zealand won,,,20
1515228,2026-01-28,female,T20,Scotland,Ireland,"Tribhuvan University International Cricket Ground, Kirtipur",Kirtipur,,Ireland,field,Scotland,WINNER,Scotland won,,,20
1515229,2026-01-28,female,T20,Bangladesh,Thailand,Mulpani Cricket Ground,Kathmandu,,Thailand,field,Bangladesh,WINNER,Bangladesh won,,,20
1515230,2026-01-28,female,T20,United States of America,Netherlands,"Tribhuvan University International Cricket Ground, Kirtipur",Kirtipur,,United States of America,bat,Netherlands,WINNER,Netherlands won,D/L,,20
1477610,2026-01-29,male,T20,West Indies,South Africa,"SuperSport Park, Centurion",Centurion,,South Africa,field,South Africa,WINNER,South Africa won,,,20
1519139,2026-01-29,male,T20,Ireland,United Arab Emirates,Dubai International Cricket Stadium,Dubai,,Ireland,bat,Ireland,WINNER,Ireland won,,,20
1519152,2026-01-29,female,T20,Hong Kong,Bhutan,Gelephu International Cricket Ground,Gelephu,,Bhutan,field,Hong Kong,WINNER,Hong Kong won,,,20
1519636,2026-01-29,male,T20,Pakistan,Australia,"Gaddafi Stadium, Lahore",Lahore,,Pakistan,bat,Pakistan,WINNER,Pakistan won,,,20
1507719,2026-01-30,male,T20,Sri Lanka,England,Pallekele International Cricket Stadium,Kandy,,England,field,England,WINNER,England won,D/L,,20
1515231,2026-01-30,female,T20,Bangladesh,Scotland,"Tribhuvan University International Cricket Ground, Kirtipur",Kirtipur,,Bangladesh,bat,Bangladesh,WINNER,Bangladesh won,,,20
1515232,2026-01-30,female,T20,Ireland,Netherlands,Mulpani Cricket Ground,Kathmandu,,Netherlands,field,Ireland,WINNER,Ireland won,,,20
1515233,2026-01-30,female,T20,United States of America,Thailand,Mulpani Cricket Ground,Kathmandu,,United States of America,bat,United States of America,WINNER,United States of America won,,,20
1477611,2026-01-31,male,T20,West Indies,South Africa,"The Wanderers Stadium, Johannesburg",Johannesburg,,South Africa,field,West Indies,WINNER,West Indies won,D/L,,20
1490238,2026-01-31,male,T20,India,New Zealand,"Greenfield International Stadium, Thiruvananthapuram",Thiruvananthapuram,,India,bat,India,WINNER,India won,,,20
1519140,2026-01-31,male,T20,Ireland,United Arab Emirates,Dubai International Cricket Stadium,Dubai,,United Arab Emirates,field,Ireland,WINNER,Ireland won,,,20
1519637,2026-01-31,male,T20,Pakistan,Australia,"Gaddafi Stadium, Lahore",Lahore,,Pakistan,bat,Pakistan,WINNER,Pakistan won,,,20
1507720,2026-02-01,male,T20,Sri Lanka,England,Pallekele International Cricket Stadium,Kandy,,England,field,England,WINNER,England won,D/L,,20
1515234,2026-02-01,female,T20,Ireland,Thailand,"Tribhuvan University International Cricket Ground, Kirtipur",Kirtipur,,Ireland,bat,Ireland,WINNER,Ireland won,,,20
1515235,2026-02-01,female,T20,Netherlands,Bangladesh,Mulpani Cricket Ground,Kathmandu,,Netherlands,bat,Bangladesh,WINNER,Bangladesh won,,,20
1515236,2026-02-01,female,T20,Scotland,United States of America,"Tribhuvan University International Cricket Ground, Kirtipur",Kirtipur,,Scotland,bat,Scotland,WINNER,Scotland won,,,20
1519638,2026-02-01,male,T20,Pakistan,Australia,"Gaddafi Stadium, Lahore",Lahore,,Pakistan,bat,Pakistan,WINNER,Pakistan won,,,20
1507721,2026-02-03,male,T20,England,Sri Lanka,Pallekele International Cricket Stadium,Kandy,,England,bat,England,WINNER,England won,,,20
1520970,2026-02-03,female,T20,Oman,Denmark,Al Amerat Cricket Ground Oman Cricket (Ministry Turf 2),Al Amarat,,Denmark,field,Oman,WINNER,Oman won,,,20
1520971,2026-02-04,female,T20,Oman,Denmark,Al Amerat Cricket Ground Oman Cricket (Ministry Turf 2),Al Amarat,,Denmark,field,Oman,WINNER,Oman won,,,20
1520972,2026-02-06,female,T20,Oman,Denmark,Al Amerat Cricket Ground Oman Cricket (Ministry Turf 1),Al Amarat,,Oman,bat,Oman,WINNER,Oman won,,,20
1512719,2026-02-07,male,T20,Netherlands,Pakistan,"Sinhalese Sports Club Ground, Colombo",Colombo,,Pakistan,field,Pakistan,WINNER,Pakistan won,,,20
1512720,2026-02-07,male,T20,West Indies,Scotland,"Eden Gardens, Kolkata",Kolkata,,Scotland,field,West Indies,WINNER,West Indies won,,,20
1512721,2026-02-07,male,T20,India,United States of America,"Wankhede Stadium, Mumbai",Mumbai,,United States of America,field,India,WINNER,India won,,,20
1520973,2026-02-07,female,T20,Oman,Denmark,Al Amerat Cricket Ground Oman Cricket (Ministry Turf 2),Al Amarat,,Oman,bat,Oman,WINNER,Oman won,,,20
1512723,2026-02-08,male,T20,England,Nepal,"Wankhede Stadium, Mumbai",Mumbai,,England,bat,England,WINNER,England won,,,20
1512724,2026-02-08,male,T20,Sri Lanka,Ireland,"R Premadasa Stadium, Colombo",Colombo,,Ireland,field,Sri Lanka,WINNER,Sri Lanka won,,,20
1512725,2026-02-09,male,T20,Scotland,Italy,"Eden Gardens, Kolkata",Kolkata,,Italy,field,Scotland,WINNER,Scotland won,,,20
1512726,2026-02-09,male,T20,Oman,Zimbabwe,"Sinhalese Sports Club Ground, Colombo",Colombo,,Zimbabwe,field,Zimbabwe,WINNER,Zimbabwe won,,,20
1512727,2026-02-09,male,T20,South Africa,Canada,"Narendra Modi Stadium, Ahmedabad",Ahmedabad,,Canada,field,South Africa,WINNER,South Africa won,,,20
1522984,2026-02-09,female,T20,Oman,Qatar,"West End Park International Cricket Stadium, Doha",Doha,,Oman,bat,Oman,WINNER,Oman won,,,20
1477597,2026-02-10,female,T20,Pakistan,South Africa,"Senwes Park, Potchefstroom",Potchefstroom,,Pakistan,bat,South Africa,WINNER,South Africa won,,,20
1512728,2026-02-10,male,T20,Namibia,Netherlands,"Arun Jaitley Stadium, Delhi",Delhi,,Netherlands,field,Netherlands,WINNER,Netherlands won,,,20
1512729,2026-02-10,male,T20,United Arab Emirates,New Zealand,"MA Chidambaram Stadium, Chepauk, Chennai",Chennai,,United Arab Emirates,bat,New Zealand,WINNER,New Zealand won,,,20
1512730,2026-02-10,male,T20,Pakistan,United States of America,"Sinhalese Sports Club Ground, Colombo",Colombo,,United States of America,field,Pakistan,WINNER,Pakistan won,,,20
1522985,2026-02-10,female,T20,Oman,Qatar,"West End Park International Cricket Stadium, Doha",Doha,,Qatar,field,Oman,WINNER,Oman won,,,20
1512732,2026-02-11,male,T20,Australia,Ireland,"R Premadasa Stadium, Colombo",Colombo,,Australia,bat,Australia,WINNER,Australia won,,,20
1512733,2026-02-11,male,T20,West Indies,England,"Wankhede Stadium, Mumbai",Mumbai,,England,field,West Indies,WINNER,West Indies won,,,20
1522994,2026-02-11,male,T20,Qatar,Bahrain,"West End Park International Cricket Stadium, Doha",Doha,,Bahrain,field,Qatar,WINNER,Qatar won,,,20
1512734,2026-02-12,male,T20,Sri Lanka,Oman,Pallekele International Cricket Stadium,Kandy,,Oman,field,Sri Lanka,WINNER,Sri Lanka won,,,20
1512735,2026-02-12,male,T20,Nepal,Italy,"Wankhede Stadium, Mumbai",Mumbai,,Italy,field,Italy,WINNER,Italy won,,,20
1512736,2026-02-12,male,T20,India,Namibia,"Arun Jaitley Stadium, Delhi",Delhi,,Namibia,field,India,WINNER,India won,,,20
1522986,2026-02-12,female,T20,Oman,Qatar,"West End Park International Cricket Stadium, Doha",Doha,,Oman,bat,Oman,WINNER,Oman won,,,20
1477598,2026-02-13,female,T20,Pakistan,South Africa,"Willowmoore Park, Benoni",Benoni,,South Africa,field,South Africa,WINNER,South Africa won,,,20
1512737,2026-02-13,male,T20,Zimbabwe,Australia,"R Premadasa Stadium, Colombo",Colombo,,Australia,field,Zimbabwe,WINNER,Zimbabwe won,,,20
1512738,2026-02-13,male,T20,Canada,United Arab Emirates,"Arun Jaitley Stadium, Delhi",Delhi,,Canada,bat,United Arab Emirates,WINNER,United Arab Emirates won,,,20
1512739,2026-02-13,male,T20,United States of America,Netherlands,"MA Chidambaram Stadium, Chepauk, Chennai",Chennai,,Netherlands,field,United States of America,WINNER,United States of America won,,,20
1522987,2026-02-13,female,T20,Qatar,Oman,"West End Park International Cricket Stadium, Doha",Doha,,Qatar,bat,Oman,WINNER,Oman won,,,20
1522995,2026-02-13,male,T20,Qatar,Bahrain,"West End Park International Cricket Stadium, Doha",Doha,,Bahrain,field,Qatar,WINNER,Qatar won,,,20
1512740,2026-02-14,male,T20,Ireland,Oman,"Sinhalese Sports Club Ground, Colombo",Colombo,,Oman,field,Ireland,WINNER,Ireland won,,,20
1512741,2026-02-14,male,T20,Scotland,England,"Eden Gardens, Kolkata",Kolkata,,England,field,England,WINNER,England won,,,20
1512742,2026-02-14,male,T20,New Zealand,South Africa,"Narendra Modi Stadium, Ahmedabad",Ahmedabad,,South Africa,field,South Africa,WINNER,South Africa won,,,20
1522068,2026-02-14,female,T20,Thailand,Malaysia,"Terdthai Cricket Ground, Bangkok",Bangkok,,Thailand,bat,Thailand,WINNER,Thailand won,,,20
1522988,2026-02-14,female,T20,Qatar,Oman,"West End Park International Cricket Stadium, Doha",Doha,,Oman,field,Qatar,WINNER,Qatar won,,,20
1522996,2026-02-14,male,T20,Qatar,Bahrain,"West End Park International Cricket Stadium, Doha",Doha,,Bahrain,field,Bahrain,WINNER,Bahrain won,,,20
1478912,2026-02-15,female,T20,Australia,India,Sydney Cricket Ground,Sydney,,India,field,India,WINNER,India won,D/L,,20
1512743,2026-02-15,male,T20,Nepal,West Indies,"Wankhede Stadium, Mumbai",Mumbai,,West Indies,field,West Indies,WINNER,West Indies won,,,20
1512744,2026-02-15,male,T20,United States of America,Namibia,"MA Chidambaram Stadium, Chepauk, Chennai",Chennai,,United States of America,bat,United States of America,WINNER,United States of America won,,,20
1512745,2026-02-15,male,T20,India,Pakistan,"R Premadasa Stadium, Colombo",Colombo,,Pakistan,field,India,WINNER,India won,,,20
1522997,2026-02-15,male,T20,Qatar,Bahrain,"West End Park International Cricket Stadium, Doha",Doha,,Qatar,bat,Qatar,WINNER,Qatar won,,,20
1477599,2026-02-16,female,T20,Pakistan,South Africa,"Willowmoore Park, Benoni",Benoni,,Pakistan,bat,Pakistan,WINNER,Pakistan won,,,20
1512747,2026-02-16,male,T20,England,Italy,"Eden Gardens, Kolkata",Kolkata,,England,bat,England,WINNER,England won,,,20
1512748,2026-02-16,male,T20,Australia,Sri Lanka,Pallekele International Cricket Stadium,Kandy,,Sri Lanka,field,Sri Lanka,WINNER,Sri Lanka won,,,20
1512749,2026-02-17,male,T20,Canada,New Zealand,"MA Chidambaram Stadium, Chepauk, Chennai",Chennai,,Canada,bat,New Zealand,WINNER,New Zealand won,,,20
1512751,2026-02-17,male,T20,Scotland,Nepal,"Wankhede Stadium, Mumbai",Mumbai,,Nepal,field,Nepal,WINNER,Nepal won,,,20
1512752,2026-02-18,male,T20,United Arab Emirates,South Africa,"Arun Jaitley Stadium, Delhi",Delhi,,South Africa,field,South Africa,WINNER,South Africa won,,,20
1512753,2026-02-18,male,T20,Pakistan,Namibia,"Sinhalese Sports Club Ground, Colombo",Colombo,,Pakistan,bat,Pakistan,WINNER,Pakistan won,,,20
1512754,2026-02-18,male,T20,India,Netherlands,"Narendra Modi Stadium, Ahmedabad",Ahmedabad,,India,bat,India,WINNER,India won,,,20
1478913,2026-02-19,female,T20,Australia,India,"Manuka Oval, Canberra",Canberra,,India,field,Australia,WINNER,Australia won,,,20
1512755,2026-02-19,male,T20,West Indies,Italy,"Eden Gardens, Kolkata",Kolkata,,Italy,field,West Indies,WINNER,West Indies won,,,20
1512756,2026-02-19,male,T20,Sri Lanka,Zimbabwe,"R Premadasa Stadium, Colombo",Colombo,,Sri Lanka,bat,Zimbabwe,WINNER,Zimbabwe won,,,20
1512758,2026-02-20,male,T20,Oman,Australia,Pallekele International Cricket Stadium,Kandy,,Australia,field,Australia,WINNER,Australia won,,,20
1478914,2026-02-21,female,T20,India,Australia,Adelaide Oval,Adelaide,,India,bat,India,WINNER,India won,,,20
1512760,2026-02-22,male,T20,England,Sri Lanka,Pallekele International Cricket Stadium,Kandy,,Sri Lanka,field,England,WINNER,England won,,,20
1512761,2026-02-22,male,T20,South Africa,India,"Narendra Modi Stadium, Ahmedabad",Ahmedabad,,South Africa,bat,South Africa,WINNER,South Africa won,,,20
1512762,2026-02-23,male,T20,West Indies,Zimbabwe,"Wankhede Stadium, Mumbai",Mumbai,,Zimbabwe,field,West Indies,WINNER,West Indies won,,,20
1512763,2026-02-24,male,T20,Pakistan,England,Pallekele International Cricket Stadium,Kandy,,Pakistan,bat,England,WINNER,England won,,,20
1491699,2026-02-25,female,T20,New Zealand,Zimbabwe,"Seddon Park, Hamilton",Hamilton,,Zimbabwe,field,New Zealand,WINNER,New Zealand won,,,20
1512764,2026-02-25,male,T20,New Zealand,Sri Lanka,"R Premadasa Stadium, Colombo",Colombo,,Sri Lanka,field,New Zealand,WINNER,New Zealand won,,,20
1522998,2026-02-25,male,T20,Japan,Thailand,"Terdthai Cricket Ground, Bangkok",Bangkok,,Thailand,field,Japan,WINNER,Japan won,,,20
1522999,2026-02-25,male,T20,Bhutan,Bahrain,"Terdthai Cricket Ground, Bangkok",Bangkok,,Bhutan,bat,Bahrain,WINNER,Bahrain won,,,20
1525159,2026-02-25,male,T20,Kuwait,Hong Kong,"Mission Road Ground, Mong Kok, Hong Kong",Mong Kok,,Hong Kong,field,Hong Kong,WINNER,Hong Kong won,,,20
1512765,2026-02-26,male,T20,West Indies,South Africa,"Narendra Modi Stadium, Ahmedabad",Ahmedabad,,South Africa,field,South Africa,WINNER,South Africa won,,,20
1512766,2026-02-26,male,T20,India,Zimbabwe,"MA Chidambaram Stadium, Chepauk, Chennai",Chennai,,Zimbabwe,field,India,WINNER,India won,,,20
1523000,2026-02-26,male,T20,Thailand,Bhutan,"Terdthai Cricket Ground, Bangkok",Bangkok,,Bhutan,field,Thailand,WINNER,Thailand won,,,20
1523001,2026-02-26,male,T20,Bahrain,Japan,"Terdthai Cricket Ground, Bangkok",Bangkok,,Bahrain,bat,Japan,WINNER,Japan won,,,20
1525160,2026-02-26,male,T20,Hong Kong,Kuwait,"Mission Road Ground, Mong Kok, Hong Kong",Mong Kok,,Kuwait,field,Hong Kong,WINNER,Hong Kong won,,,20
1491700,2026-02-27,female,T20,New Zealand,Zimbabwe,"Seddon Park, Hamilton",Hamilton,,New Zealand,bat,New Zealand,WINNER,New Zealand won,,,20
1512767,2026-02-27,male,T20,New Zealand,England,"R Premadasa Stadium, Colombo",Colombo,,New Zealand,bat,England,WINNER,England won,,,20
1523002,2026-02-27,male,T20,Japan,Bhutan,"Terdthai Cricket Ground, Bangkok",Bangkok,,Japan,bat,Japan,WINNER,Japan won,,,20
1523003,2026-02-27,male,T20,Bahrain,Thailand,"Terdthai Cricket Ground, Bangkok",Bangkok,,Thailand,field,Bahrain,WINNER,Bahrain won,,,20
1512768,2026-02-28,male,T20,Pakistan,Sri Lanka,Pallekele International Cricket Stadium,Kandy,,Sri Lanka,field,Pakistan,WINNER,Pakistan won,,,20
1523004,2026-02-28,male,T20,Bhutan,Thailand,"Terdthai Cricket Ground, Bangkok",Bangkok,,Bhutan,bat,Bhutan,WINNER,Bhutan won,,,20
1523005,2026-02-28,male,T20,Japan,Bahrain,"Terdthai Cricket Ground, Bangkok",Bangkok,,Bahrain,field,Bahrain,TIED,Tied; Bahrain won via Super Over,,Bahrain,20
1523981,2026-02-28,female,T20,West Indies,Sri Lanka,"National Cricket Stadium, St George's, Grenada",St George's,,West Indies,bat,,NO_RESULT,No result,,,20
1491701,2026-03-01,female,T20,Zimbabwe,New Zealand,"Seddon Park, Hamilton",Hamilton,,Zimbabwe,bat,New Zealand,WINNER,New Zealand won,,,20
1512769,2026-03-01,male,T20,Zimbabwe,South Africa,"Arun Jaitley Stadium, Delhi",Delhi,,Zimbabwe,bat,South Africa,WINNER,South Africa won,,,20
1512770,2026-03-01,male,T20,West Indies,India,"Eden Gardens, Kolkata",Kolkata,,India,field,India,WINNER,India won,,,20
1523982,2026-03-01,female,T20,West Indies,Sri Lanka,"National Cricket Stadium, St George's, Grenada",St George's,,Sri Lanka,field,Sri Lanka,WINNER,Sri Lanka won,,,20
1525162,2026-03-01,male,T20,Hong Kong,Kuwait,"Mission Road Ground, Mong Kok, Hong Kong",Mong Kok,,Kuwait,field,Kuwait,WINNER,Kuwait won,,,20
1523983,2026-03-03,female,T20,West Indies,Sri Lanka,"National Cricket Stadium, St George's, Grenada",St George's,,Sri Lanka,field,Sri Lanka,WINNER,Sri Lanka won,,,20
1512771,2026-03-04,male,T20,South Africa,New Zealand,"Eden Gardens, Kolkata",Kolkata,,New Zealand,field,New Zealand,WINNER,New Zealand won,,,20
1512772,2026-03-05,male,T20,India,England,"Wankhede Stadium, Mumbai",Mumbai,,England,field,India,WINNER,India won,,,20
1527157,2026-03-07,male,T20,Malaysia,Bahrain,"Bayuemas Oval, Kuala Lumpur",Kuala Lumpur,,Malaysia,bat,Malaysia,WINNER,Malaysia won,,,20
1512773,2026-03-08,male,T20,India,New Zealand,"Narendra Modi Stadium, Ahmedabad",Ahmedabad,,New Zealand,field,India,WINNER,India won,,,20
1525166,2026-03-08,male,T20,Argentina,Cayman Islands,"Jimmy Powell Oval, Cayman Islands",George Town,,Argentina,bat,Cayman Islands,WINNER,Cayman Islands won,,,20
1525167,2026-03-08,male,T20,Mexico,Suriname,"Jimmy Powell Oval, Cayman Islands",George Town,,Suriname,field,Mexico,WINNER,Mexico won,,,20
1527158,2026-03-08,male,T20,Bahrain,Malaysia,"Bayuemas Oval, Kuala Lumpur",Kuala Lumpur,,Bahrain,bat,Bahrain,WINNER,Bahrain won,,,20
1525168,2026-03-09,male,T20,Argentina,Suriname,"Jimmy Powell Oval, Cayman Islands",George Town,,Argentina,bat,Argentina,WINNER,Argentina won,,,20
1525169,2026-03-09,male,T20,Mexico,Cayman Islands,"Jimmy Powell Oval, Cayman Islands",George Town,,Mexico,bat,Cayman Islands,WINNER,Cayman Islands won,,,20
1527277,2026-03-09,male,T20,Lesotho,Botswana,"Botswana Cricket Association Oval 1, Gaborone",Gaborone,,Botswana,field,Botswana,WINNER,Botswana won,,,20
1527159,2026-03-10,male,T20,Malaysia,Bahrain,"Bayuemas Oval, Kuala Lumpur",Kuala Lumpur,,Malaysia,bat,Bahrain,WINNER,Bahrain won,D/L,,20
1527278,2026-03-10,male,T20,Lesotho,Botswana,"Botswana Cricket Association Oval 1, Gaborone",Gaborone,,Lesotho,bat,Botswana,WINNER,Botswana won,,,20
1525170,2026-03-11,male,T20,Suriname,Cayman Islands,"Jimmy Powell Oval, Cayman Islands",George Town,,Cayman Islands,field,Cayman Islands,WINNER,Cayman Islands won,,,20
1525171,2026-03-11,male,T20,Argentina,Mexico,"Jimmy Powell Oval, Cayman Islands",George Town,,Mexico,field,Argentina,WINNER,Argentina won,,,20
1525172,2026-03-12,male,T20,Cayman Islands,Mexico,"Jimmy Powell Oval, Cayman Islands",George Town,,Cayman Islands,bat,Cayman Islands,WINNER,Cayman Islands won,,,20
1525173,2026-03-12,male,T20,Suriname,Argentina,"Jimmy Powell Oval, Cayman Islands",George Town,,Suriname,bat,Argentina,WINNER,Argentina won,,,20
1527279,2026-03-12,male,T20,Botswana,Lesotho,"Botswana Cricket Association Oval 1, Gaborone",Gaborone,,Botswana,bat,Botswana,WINNER,Botswana won,,,20
1527280,2026-03-13,male,T20,Botswana,Lesotho,"Botswana Cricket Association Oval 1, Gaborone",Gaborone,,Botswana,bat,Botswana,WINNER,Botswana won,,,20
1525174,2026-03-14,male,T20,Argentina,Mexico,"Jimmy Powell Oval, Cayman Islands",George Town,,Argentina,bat,Argentina,WINNER,Argentina won,,,20
1525175,2026-03-14,male,T20,Suriname,Cayman Islands,"Jimmy Powell Oval, Cayman Islands",George Town,,Suriname,bat,Cayman Islands,WINNER,Cayman Islands won,,,20
1527770,2026-03-14,male,T20,Cyprus,Austria,Happy Valley Ground 2,Episkopi,,Austria,field,Cyprus,WINNER,Cyprus won,,,20
1491705,2026-03-15,female,T20,New Zealand,South Africa,"Bay Oval, Mount Maunganui",Mount Maunganui,,New Zealand,bat,New Zealand,WINNER,New Zealand won,,,20
1491735,2026-03-15,male,T20,New Zealand,South Africa,"Bay Oval, Mount Maunganui",Mount Maunganui,,New Zealand,bat,South Africa,WINNER,South Africa won,,,20
1525176,2026-03-15,male,T20,Mexico,Suriname,"Jimmy Powell Oval, Cayman Islands",George Town,,Suriname,field,Suriname,WINNER,Suriname won,,,20
1525177,2026-03-15,male,T20,Argentina,Cayman Islands,"Jimmy Powell Oval, Cayman Islands",George Town,,Argentina,bat,Cayman Islands,WINNER,Cayman Islands won,,,20
1527281,2026-03-15,male,T20,Botswana,Lesotho,"Botswana Cricket Association Oval 1, Gaborone",Gaborone,,Botswana,bat,Botswana,WINNER,Botswana won,,,20
1527773,2026-03-16,male,T20,Cyprus,Austria,Happy Valley Ground 2,Episkopi,,Cyprus,bat,Austria,WINNER,Austria won,,,20
1491706,2026-03-17,female,T20,South Africa,New Zealand,"Seddon Park, Hamilton",Hamilton,,South Africa,bat,South Africa,WINNER,South Africa won,,,20
1491736,2026-03-17,male,T20,New Zealand,South Africa,"Seddon Park, Hamilton",Hamilton,,South Africa,field,New Zealand,WINNER,New Zealand won,,,20
1526564,2026-03-19,female,T20,Australia,West Indies,"Arnos Vale Ground, Kingstown, St Vincent",Kingstown,,Australia,bat,Australia,WINNER,Australia won,,,20
1491707,2026-03-20,female,T20,South Africa,New Zealand,"Eden Park, Auckland",Auckland,,South Africa,bat,New Zealand,WINNER,New Zealand won,,,20
1491737,2026-03-20,male,T20,South Africa,New Zealand,"Eden Park, Auckland",Auckland,,New Zealand,field,New Zealand,WINNER,New Zealand won,,,20
1526693,2026-03-20,female,T20,Rwanda,Ghana,"Tafawa Balewa Square Cricket Oval, Lagos",Lagos,,Rwanda,bat,Rwanda,WINNER,Rwanda won,,,20
1526565,2026-03-21,female,T20,Australia,West Indies,"Arnos Vale Ground, Kingstown, St Vincent",Kingstown,,Australia,bat,Australia,WINNER,Australia won,,,20
1491708,2026-03-22,female,T20,South Africa,New Zealand,"Sky Stadium, Wellington",Wellington,,South Africa,bat,New Zealand,WINNER,New Zealand won,,,20
1491738,2026-03-22,male,T20,South Africa,New Zealand,"Sky Stadium, Wellington",Wellington,,South Africa,bat,South Africa,WINNER,South Africa won,,,20
1526697,2026-03-22,female,T20,Nigeria,Ghana,"Tafawa Balewa Square Cricket Oval, Lagos",Lagos,,Nigeria,bat,Nigeria,WINNER,Nigeria won,,,20
1526566,2026-03-23,female,T20,Australia,West Indies,"Arnos Vale Ground, Kingstown, St Vincent",Kingstown,,West Indies,field,Australia,WINNER,Australia won,D/L,,20
1526699,2026-03-24,female,T20,Nigeria,Rwanda,"Tafawa Balewa Square Cricket Oval, Lagos",Lagos,,Nigeria,bat,Rwanda,WINNER,Rwanda won,,,20
1526840,2026-03-24,male,T20,Malawi,Tanzania,"Achimota Senior Secondary School A Field, Accra",Accra,,Tanzania,field,Tanzania,WINNER,Tanzania won,,,20
1526841,2026-03-24,male,T20,Eswatini,St Helena,"Achimota Senior Secondary School A Field, Accra",Accra,,Eswatini,bat,Eswatini,WINNER,Eswatini won,,,20
1526842,2026-03-24,male,T20,Seychelles,Ghana,"Achimota Senior Secondary School B Field, Accra",Accra,,Ghana,field,Ghana,WINNER,Ghana won,,,20
1491709,2026-03-25,female,T20,New Zealand,South Africa,"Hagley Oval, Christchurch",Christchurch,,South Africa,field,New Zealand,WINNER,New Zealand won,,,20
1491739,2026-03-25,male,T20,South Africa,New Zealand,"Hagley Oval, Christchurch",Christchurch,,New Zealand,field,South Africa,WINNER,South Africa won,,,20
1526843,2026-03-25,male,T20,St Helena,Seychelles,"Achimota Senior Secondary School A Field, Accra",Accra,,Seychelles,field,Seychelles,WINNER,Seychelles won,,,20
1526844,2026-03-25,male,T20,Tanzania,Eswatini,"Achimota Senior Secondary School B Field, Accra",Accra,,Eswatini,field,Tanzania,WINNER,Tanzania won,,,20
1526845,2026-03-25,male,T20,Malawi,Ghana,"Achimota Senior Secondary School A Field, Accra",Accra,,Ghana,field,Ghana,WINNER,Ghana won,,,20
1526846,2026-03-27,male,T20,St Helena,Ghana,"Achimota Senior Secondary School A Field, Accra",Accra,,Ghana,field,Ghana,WINNER,Ghana won,,,20
1526847,2026-03-27,male,T20,Eswatini,Malawi,"Achimota Senior Secondary School B Field, Accra",Accra,,Eswatini,bat,Malawi,WINNER,Malawi won,,,20
1526848,2026-03-27,male,T20,Tanzania,Seychelles,"Achimota Senior Secondary School B Field, Accra",Accra,,Tanzania,bat,Tanzania,WINNER,Tanzania won,,,20
1526849,2026-03-28,male,T20,Tanzania,St Helena,"Achimota Senior Secondary School B Field, Accra",Accra,,Tanzania,bat,Tanzania,WINNER,Tanzania won,,,20
1526850,2026-03-28,male,T20,Seychelles,Malawi,"Achimota Senior Secondary School A Field, Accra",Accra,,Malawi,field,Malawi,WINNER,Malawi won,,,20
1526851,2026-03-28,male,T20,Ghana,Eswatini,"Achimota Senior Secondary School B Field, Accra",Accra,,Ghana,bat,Ghana,WINNER,Ghana won,,,20
1528293,2026-03-28,female,T20,Nigeria,Rwanda,"Tafawa Balewa Square Cricket Oval, Lagos",Lagos,,Nigeria,bat,Nigeria,WINNER,Nigeria won,,,20
1529377,2026-04-02,male,T20,Mexico,Costa Rica,"Reforma Athletic Club, Naucalpan",Naucalpan,,Mexico,bat,Mexico,WINNER,Mexico won,,,20
1529378,2026-04-03,male,T20,Costa Rica,Brazil,"Reforma Athletic Club, Naucalpan",Naucalpan,,Costa Rica,bat,Brazil,WINNER,Brazil won,,,20
1529379,2026-04-03,male,T20,Mexico,Brazil,"Reforma Athletic Club, Naucalpan",Naucalpan,,Brazil,field,Mexico,WINNER,Mexico won,,,20
1529780,2026-04-03,female,T20,Cyprus,Greece,Happy Valley Ground 2,Episkopi,,Cyprus,bat,Cyprus,WINNER,Cyprus won,,,20
1529781,2026-04-03,female,T20,Cyprus,Greece,Happy Valley Ground 2,Episkopi,,Cyprus,bat,Cyprus,WINNER,Cyprus won,,,20
1529380,2026-04-04,male,T20,Brazil,Costa Rica,"Reforma Athletic Club, Naucalpan",Naucalpan,,Costa Rica,field,Brazil,WINNER,Brazil won,,,20
1529381,2026-04-04,male,T20,Costa Rica,Mexico,"Reforma Athletic Club, Naucalpan",Naucalpan,,Costa Rica,bat,Mexico,WINNER,Mexico won,,,20
1529782,2026-04-04,female,T20,Cyprus,Greece,Happy Valley Ground 2,Episkopi,,Cyprus,bat,Cyprus,WINNER,Cyprus won,,,20
1529783,2026-04-04,female,T20,Cyprus,Greece,Happy Valley Ground 2,Episkopi,,Cyprus,bat,,NO_RESULT,No result,,,20
1528299,2026-04-05,male,T20,Norway,France,Santarem Cricket Ground,Albergaria,,Norway,bat,Norway,WINNER,Norway won,,,20
1528300,2026-04-05,male,T20,France,Portugal,Santarem Cricket Ground,Albergaria,,France,bat,Portugal,WINNER,Portugal won,,,20
1529382,2026-04-05,male,T20,Mexico,Brazil,"Reforma Athletic Club, Naucalpan",Naucalpan,,Mexico,bat,Brazil,WINNER,Brazil won,,,20
1529784,2026-04-05,female,T20,Cyprus,Greece,Happy Valley Ground 2,Episkopi,,Cyprus,bat,Cyprus,WINNER,Cyprus won,D/L,,20
1529785,2026-04-05,female,T20,Cyprus,Greece,Happy Valley Ground 2,Episkopi,,Cyprus,bat,Greece,WINNER,Greece won,,,20
1528301,2026-04-06,male,T20,Portugal,Norway,Santarem Cricket Ground,Albergaria,,Portugal,bat,Portugal,WINNER,Portugal won,,,20
1528302,2026-04-06,male,T20,Portugal,France,Santarem Cricket Ground,Albergaria,,Portugal,bat,Portugal,WINNER,Portugal won,D/L,,20
1528317,2026-04-06,female,T20,Brazil,Botswana,"Botswana Cricket Association Oval 1, Gaborone",Gaborone,,Brazil,bat,Brazil,WINNER,Brazil won,,,20
1528318,2026-04-06,female,T20,Lesotho,Malawi,"Botswana Cricket Association Oval 2, Gaborone",Gaborone,,Malawi,field,Malawi,WINNER,Malawi won,,,20
1528319,2026-04-06,female,T20,Mozambique,Zambia,"Botswana Cricket Association Oval 1, Gaborone",Gaborone,,Zambia,field,Mozambique,WINNER,Mozambique won,,,20
1528320,2026-04-06,female,T20,Botswana,Lesotho,"Botswana Cricket Association Oval 2, Gaborone",Gaborone,,Lesotho,field,Botswana,WINNER,Botswana won,,,20
1528303,2026-04-07,male,T20,France,Norway,Santarem Cricket Ground,Albergaria,,Norway,field,France,WINNER,France won,,,20
1528321,2026-04-07,female,T20,Brazil,Malawi,"Botswana Cricket Association Oval 1, Gaborone",Gaborone,,Malawi,field,Brazil,WINNER,Brazil won,,,20
1528322,2026-04-07,female,T20,Mozambique,Botswana,"Botswana Cricket Association Oval 2, Gaborone",Gaborone,,Botswana,field,Mozambique,WINNER,Mozambique won,,,20
1528323,2026-04-07,female,T20,Zambia,Lesotho,"Botswana Cricket Association Oval 1, Gaborone",Gaborone,,Lesotho,field,Lesotho,WINNER,Lesotho won,,,20
1528324,2026-04-07,female,T20,Mozambique,Brazil,"Botswana Cricket Association Oval 2, Gaborone",Gaborone,,Mozambique,bat,Brazil,WINNER,Brazil won,,,20
1529787,2026-04-07,male,T20,Indonesia,Sweden,Udayana Cricket Ground,Bali,,Sweden,field,Sweden,WINNER,Sweden won,,,20
1529788,2026-04-07,male,T20,Indonesia,Sweden,Udayana Cricket Ground,Bali,,Indonesia,bat,Sweden,WINNER,Sweden won,,,20
1528305,2026-04-08,male,T20,Portugal,Norway,Santarem Cricket Ground,Albergaria,,Portugal,bat,Portugal,WINNER,Portugal won,,,20
1528306,2026-04-08,male,T20,Portugal,France,Santarem Cricket Ground,Albergaria,,Portugal,bat,France,WINNER,France won,,,20
1528325,2026-04-08,female,T20,Botswana,Malawi,"Botswana Cricket Association Oval 1, Gaborone",Gaborone,,Malawi,field,Botswana,WINNER,Botswana won,,,20
1528326,2026-04-08,female,T20,Brazil,Zambia,"Botswana Cricket Association Oval 2, Gaborone",Gaborone,,Brazil,bat,Brazil,WINNER,Brazil won,,,20
1528327,2026-04-08,female,T20,Mozambique,Lesotho,"Botswana Cricket Association Oval 1, Gaborone",Gaborone,,Mozambique,bat,Mozambique,WINNER,Mozambique won,,,20
1528328,2026-04-08,female,T20,Botswana,Zambia,"Botswana Cricket Association Oval 2, Gaborone",Gaborone,,Botswana,bat,Botswana,WINNER,Botswana won,,,20
1528307,2026-04-09,male,T20,Norway,France,Santarem Cricket Ground,Albergaria,,Norway,bat,France,WINNER,France won,,,20
1528308,2026-04-09,male,T20,Portugal,France,Santarem Cricket Ground,Albergaria,,France,field,Portugal,WINNER,Portugal won,,,20
1528329,2026-04-09,female,T20,Mozambique,Malawi,"Botswana Cricket Association Oval 1, Gaborone",Gaborone,,Mozambique,bat,Malawi,WINNER,Malawi won,,,20
1528330,2026-04-09,female,T20,Brazil,Lesotho,"Botswana Cricket Association Oval 2, Gaborone",Gaborone,,Brazil,bat,Brazil,WINNER,Brazil won,,,20
1528331,2026-04-09,female,T20,Zambia,Malawi,"Botswana Cricket Association Oval 1, Gaborone",Gaborone,,Zambia,bat,Malawi,WINNER,Malawi won,,,20
1529789,2026-04-09,male,T20,Indonesia,Sweden,Udayana Cricket Ground,Bali,,Sweden,field,Sweden,WINNER,Sweden won,,,20
1529790,2026-04-09,male,T20,Sweden,Indonesia,Udayana Cricket Ground,Bali,,Sweden,bat,Sweden,WINNER,Sweden won,,,20
1528332,2026-04-10,female,T20,Botswana,Brazil,"Botswana Cricket Association Oval 1, Gaborone",Gaborone,,Brazil,field,Brazil,WINNER,Brazil won,,,20
1528333,2026-04-10,female,T20,Lesotho,Malawi,"Botswana Cricket Association Oval 2, Gaborone",Gaborone,,Malawi,field,Malawi,WINNER,Malawi won,,,20
1528334,2026-04-10,female,T20,Mozambique,Brazil,"Botswana Cricket Association Oval 1, Gaborone",Gaborone,,Mozambique,bat,Brazil,WINNER,Brazil won,,,20
1528335,2026-04-10,female,T20,Malawi,Zambia,"Botswana Cricket Association Oval 2, Gaborone",Gaborone,,Malawi,bat,Malawi,WINNER,Malawi won,,,20
1528336,2026-04-11,female,T20,Botswana,Mozambique,"Botswana Cricket Association Oval 1, Gaborone",Gaborone,,Botswana,bat,Botswana,WINNER,Botswana won,,,20
1528337,2026-04-11,female,T20,Lesotho,Zambia,"Botswana Cricket Association Oval 2, Gaborone",Gaborone,,Lesotho,bat,Lesotho,WINNER,Lesotho won,,,20
1528338,2026-04-11,female,T20,Mozambique,Malawi,"Botswana Cricket Association Oval 2, Gaborone",Gaborone,,Malawi,field,Malawi,WINNER,Malawi won,,,20
1529786,2026-04-11,female,T20,Botswana,Brazil,"Botswana Cricket Association Oval 1, Gaborone",Gaborone,,Botswana,bat,Brazil,WINNER,Brazil won,,,20
1529791,2026-04-11,male,T20,Indonesia,Sweden,Udayana Cricket Ground,Bali,,Sweden,field,Sweden,WINNER,Sweden won,,,20
1529792,2026-04-11,male,T20,Sweden,Indonesia,Udayana Cricket Ground,Bali,,Sweden,bat,Sweden,WINNER,Sweden won,,,20
1529793,2026-04-13,male,T20,Sweden,Indonesia,Udayana Cricket Ground,Bali,,Sweden,bat,Indonesia,WINNER,Indonesia won,,,20
1529794,2026-04-13,male,T20,Sweden,Indonesia,Udayana Cricket Ground,Bali,,Sweden,bat,Sweden,WINNER,Sweden won,,,20
1529145,2026-04-15,male,T20,Namibia,Scotland,"Namibia Cricket Ground, Windhoek",Windhoek,,Namibia,bat,Scotland,WINNER,Scotland won,,,20
1527253,2026-04-17,female,T20,India,South Africa,"Kingsmead, Durban",Durban,,South Africa,field,South Africa,WINNER,South Africa won,,,20
1529146,2026-04-17,male,T20,Scotland,Namibia,"Namibia Cricket Ground, Windhoek",Windhoek,,Namibia,field,Scotland,WINNER,Scotland won,,,20
1529147,2026-04-18,male,T20,Scotland,Namibia,"Namibia Cricket Ground, Windhoek",Windhoek,,Scotland,bat,Namibia,WINNER,Namibia won,,,20
1531150,2026-04-18,female,T20,Italy,Rwanda,"Gahanga International Cricket Stadium, Rwanda",Kigali City,,Rwanda,field,Italy,WINNER,Italy won,D/L,,20
1531151,2026-04-18,female,T20,United States of America,Nepal,"Gahanga International Cricket Stadium, Rwanda",Kigali City,,Nepal,field,United States of America,WINNER,United States of America won,,,20
1527254,2026-04-19,female,T20,India,South Africa,"Kingsmead, Durban",Durban,,South Africa,field,South Africa,WINNER,South Africa won,,,20
1531152,2026-04-19,female,T20,Rwanda,Vanuatu,"Gahanga B Ground, Rwanda",Kigali City,,Rwanda,bat,Rwanda,WINNER,Rwanda won,,,20
1531153,2026-04-19,female,T20,Nepal,Italy,"Gahanga B Ground, Rwanda",Kigali City,,Nepal,bat,Nepal,WINNER,Nepal won,,,20
1531694,2026-04-20,male,T20,Nepal,United Arab Emirates,"Tribhuvan University International Cricket Ground, Kirtipur",Kirtipur,,Nepal,bat,United Arab Emirates,WINNER,United Arab Emirates won,D/L,,20
1531154,2026-04-21,female,T20,Rwanda,United States of America,"Gahanga International Cricket Stadium, Rwanda",Kigali City,,Rwanda,bat,Rwanda,WINNER,Rwanda won,,,20
1531155,2026-04-21,female,T20,Vanuatu,Italy,"Gahanga International Cricket Stadium, Rwanda",Kigali City,,Italy,field,Italy,WINNER,Italy won,,,20
1531695,2026-04-21,male,T20,United Arab Emirates,Nepal,"Tribhuvan University International Cricket Ground, Kirtipur",Kirtipur,,Nepal,field,Nepal,WINNER,Nepal won,,,20
1527255,2026-04-22,female,T20,India,South Africa,"The Wanderers Stadium, Johannesburg",Johannesburg,,South Africa,field,South Africa,WINNER,South Africa won,,,20
1531156,2026-04-22,female,T20,Rwanda,Nepal,"Gahanga B Ground, Rwanda",Kigali City,,Rwanda,bat,Nepal,WINNER,Nepal won,,,20
1531157,2026-04-22,female,T20,United States of America,Vanuatu,"Gahanga B Ground, Rwanda",Kigali City,,United States of America,bat,United States of America,WINNER,United States of America won,,,20
1531158,2026-04-24,female,T20,Vanuatu,Nepal,"Gahanga International Cricket Stadium, Rwanda",Kigali City,,Vanuatu,bat,Vanuatu,WINNER,Vanuatu won,,,20
1531159,2026-04-24,female,T20,United States of America,Italy,"Gahanga International Cricket Stadium, Rwanda",Kigali City,,United States of America,bat,United States of America,WINNER,United States of America won,,,20
1527256,2026-04-25,female,T20,India,South Africa,"The Wanderers Stadium, Johannesburg",Johannesburg,,South Africa,field,India,WINNER,India won,,,20
1531171,2026-04-25,female,T20,Chile,Costa Rica,Los Reyes Polo Club,Guacima,,Costa Rica,field,Costa Rica,WINNER,Costa Rica won,,,20
1531160,2026-04-26,female,T20,Rwanda,Vanuatu,"Gahanga B Ground, Rwanda",Kigali City,,Rwanda,bat,Rwanda,WINNER,Rwanda won,,,20
1531161,2026-04-26,female,T20,Nepal,United States of America,"Gahanga B Ground, Rwanda",Kigali City,,Nepal,bat,United States of America,WINNER,United States of America won,,,20
1531172,2026-04-26,female,T20,Chile,Costa Rica,Los Reyes Polo Club,Guacima,,Costa Rica,field,Costa Rica,WINNER,Costa Rica won,,,20
1527257,2026-04-27,female,T20,South Africa,India,"Willowmoore Park, Benoni",Benoni,,South Africa,bat,South Africa,WINNER,South Africa won,,,20
1528275,2026-04-27,male,T20,New Zealand,Bangladesh,"Bir Sreshtho Flight Lieutenant Matiur Rahman Stadium, Chattogram",Chattogram,,Bangladesh,field,Bangladesh,WINNER,Bangladesh won,,,20
1531162,2026-04-27,female,T20,Italy,Rwanda,"Gahanga International Cricket Stadium, Rwanda",Kigali City,,Italy,bat,Rwanda,WINNER,Rwanda won,,,20
1531163,2026-04-27,female,T20,United States of America,Vanuatu,"Gahanga International Cricket Stadium, Rwanda",Kigali City,,United States of America,bat,United States of America,WINNER,United States of America won,,,20
1528282,2026-04-28,female,T20,Sri Lanka,Bangladesh,Sylhet International Cricket Stadium,Sylhet,,Bangladesh,field,Sri Lanka,WINNER,Sri Lanka won,,,20
1531164,2026-04-28,female,T20,Nepal,Rwanda,"Gahanga B Ground, Rwanda",Kigali City,,Nepal,bat,Nepal,WINNER,Nepal won,,,20
1531165,2026-04-28,female,T20,Vanuatu,Italy,"Gahanga B Ground, Rwanda",Kigali City,,Italy,field,Italy,WINNER,Italy won,D/L,,20
1528283,2026-04-30,female,T20,Sri Lanka,Bangladesh,Sylhet International Cricket Stadium,Sylhet,,Bangladesh,field,Sri Lanka,WINNER,Sri Lanka won,,,20
1531166,2026-04-30,female,T20,Italy,United States of America,"Gahanga International Cricket Stadium, Rwanda",Kigali City,,Italy,bat,United States of America,WINNER,United States of America won,,,20
1531167,2026-04-30,female,T20,Nepal,Vanuatu,"Gahanga International Cricket Stadium, Rwanda",Kigali City,,Nepal,bat,Nepal,WINNER,Nepal won,,,20
1531168,2026-05-01,female,T20,United States of America,Rwanda,"Gahanga B Ground, Rwanda",Kigali City,,United States of America,bat,,NO_RESULT,No result,,,20
1531169,2026-05-01,female,T20,Italy,Nepal,"Gahanga B Ground, Rwanda",Kigali City,,Nepal,field,Nepal,WINNER,Nepal won,,,20
1533385,2026-05-01,male,T20,Germany,Austria,Bayer Uerdingen Cricket Ground,Krefeld,,Austria,field,Germany,WINNER,Germany won,,,20
1533386,2026-05-01,male,T20,Austria,Germany,Bayer Uerdingen Cricket Ground,Krefeld,,Germany,field,Germany,WINNER,Germany won,,,20
1533390,2026-05-01,male,T20,Indonesia,Malaysia,"Bayuemas Oval, Kuala Lumpur",Kuala Lumpur,,Malaysia,field,Malaysia,WINNER,Malaysia won,,,20
1528277,2026-05-02,male,T20,Bangladesh,New Zealand,"Shere Bangla National Stadium, Mirpur",Dhaka,,New Zealand,field,New Zealand,WINNER,New Zealand won,D/L,,20
1528284,2026-05-02,female,T20,Sri Lanka,Bangladesh,Sylhet International Cricket Stadium,Sylhet,,Bangladesh,field,Sri Lanka,WINNER,Sri Lanka won,,,20
1533387,2026-05-02,male,T20,Germany,Austria,Bayer Uerdingen Cricket Ground,Krefeld,,Germany,bat,Austria,WINNER,Austria won,,,20
1533391,2026-05-02,male,T20,Malaysia,Indonesia,"Bayuemas Oval, Kuala Lumpur",Kuala Lumpur,,Indonesia,field,Malaysia,WINNER,Malaysia won,,,20
1533394,2026-05-02,male,T20,Isle of Man,Guernsey,"King George V Sports Ground, Castel",Castel,,Guernsey,field,Guernsey,WINNER,Guernsey won,,,20
1533389,2026-05-03,male,T20,Austria,Germany,Bayer Uerdingen Cricket Ground,Krefeld,,Austria,bat,Germany,WINNER,Germany won,,,20
1533395,2026-05-03,male,T20,Guernsey,Isle of Man,"King George V Sports Ground, Castel",Castel,,Isle of Man,field,Guernsey,WINNER,Guernsey won,,,20
1533396,2026-05-03,male,T20,Guernsey,Isle of Man,"King George V Sports Ground, Castel",Castel,,Guernsey,bat,,NO_RESULT,No result,,,20
1533392,2026-05-04,male,T20,Malaysia,Indonesia,"Bayuemas Oval, Kuala Lumpur",Kuala Lumpur,,Malaysia,bat,Malaysia,WINNER,Malaysia won,,,20
1533393,2026-05-05,male,T20,Indonesia,Malaysia,"Bayuemas Oval, Kuala Lumpur",Kuala Lumpur,,Indonesia,bat,Malaysia,WINNER,Malaysia won,,,20
1531681,2026-05-07,male,T20,Malta,Gibraltar,Marsa Sports Club,Marsa,,Gibraltar,field,Malta,WINNER,Malta won,,,20
1531682,2026-05-07,male,T20,Malta,Gibraltar,Marsa Sports Club,Marsa,,Malta,bat,Malta,WINNER,Malta won,,,20
1534321,2026-05-07,female,T20,Malaysia,China,"Mission Road Ground, Mong Kok, Hong Kong",Mong Kok,,China,field,Malaysia,WINNER,Malaysia won,,,20
1534322,2026-05-07,female,T20,Hong Kong,Malaysia,"Mission Road Ground, Mong Kok, Hong Kong",Mong Kok,,Hong Kong,bat,Hong Kong,WINNER,Hong Kong won,,,20
1531683,2026-05-08,male,T20,Gibraltar,Malta,Marsa Sports Club,Marsa,,Gibraltar,bat,Malta,WINNER,Malta won,,,20
1531684,2026-05-08,male,T20,Malta,Gibraltar,Marsa Sports Club,Marsa,,Malta,bat,Malta,WINNER,Malta won,,,20
1532637,2026-05-08,male,T20,Indonesia,Philippines,Sano International Cricket Ground,Sano,,Philippines,field,Indonesia,WINNER,Indonesia won,,,20
1532638,2026-05-08,male,T20,Vanuatu,Fiji,"Korogi Sports Park, Nisshin",Nisshin,,Vanuatu,bat,Vanuatu,WINNER,Vanuatu won,,,20
1532639,2026-05-08,male,T20,South Korea,Cook Islands,"Korogi Sports Park, Nisshin",Nisshin,,Cook Islands,field,Cook Islands,WINNER,Cook Islands won,,,20
1533397,2026-05-08,male,T20,Cyprus,Finland,Happy Valley Ground,Episkopi,,Cyprus,bat,Cyprus,WINNER,Cyprus won,,,20
1533398,2026-05-08,male,T20,Cyprus,Finland,Happy Valley Ground,Episkopi,,Cyprus,bat,Finland,WINNER,Finland won,,,20
1534323,2026-05-08,female,T20,China,Malaysia,"Mission Road Ground, Mong Kok, Hong Kong",Mong Kok,,Malaysia,field,China,TIED,Tied; China won via Super Over,,China,20
1534324,2026-05-08,female,T20,Hong Kong,China,"Mission Road Ground, Mong Kok, Hong Kong",Mong Kok,,Hong Kong,bat,Hong Kong,WINNER,Hong Kong won,,,20
1534590,2026-05-08,male,T20,Romania,Bulgaria,"Moara Vlasiei Cricket Ground, Ilfov County",Ilfov County,,Romania,bat,Romania,WINNER,Romania won,,,20
1531685,2026-05-09,male,T20,Gibraltar,Malta,Marsa Sports Club,Marsa,,Gibraltar,bat,Malta,WINNER,Malta won,,,20
1531873,2026-05-09,male,T20,Malta,Gibraltar,Marsa Sports Club,Marsa,,Malta,bat,Gibraltar,TIED,Tied; Gibraltar won via Super Over,,Gibraltar,20
1532640,2026-05-09,male,T20,Indonesia,Samoa,Sano International Cricket Ground,Sano,,Samoa,field,Samoa,WINNER,Samoa won,,,20
1532641,2026-05-09,male,T20,Japan,Vanuatu,"Korogi Sports Park, Nisshin",Nisshin,,Japan,bat,Japan,WINNER,Japan won,,,20
1532642,2026-05-09,male,T20,Papua New Guinea,South Korea,"Korogi Sports Park, Nisshin",Nisshin,,Papua New Guinea,bat,Papua New Guinea,WINNER,Papua New Guinea won,,,20
1533399,2026-05-09,male,T20,Finland,Cyprus,Happy Valley Ground,Episkopi,,Finland,bat,Finland,WINNER,Finland won,,,20
1533400,2026-05-09,male,T20,Finland,Cyprus,Happy Valley Ground,Episkopi,,Finland,bat,Finland,WINNER,Finland won,,,20
1534065,2026-05-09,female,T20,Greece,Denmark,"Marina Ground, Corfu",Corfu,,Greece,bat,Greece,WINNER,Greece won,,,20
1534066,2026-05-09,female,T20,Denmark,Greece,"Marina Ground, Corfu",Corfu,,Denmark,bat,Denmark,WINNER,Denmark won,,,20
1534591,2026-05-09,male,T20,Romania,Bulgaria,"Moara Vlasiei Cricket Ground, Ilfov County",Ilfov County,,Romania,bat,Romania,WINNER,Romania won,,,20
1534592,2026-05-09,male,T20,Romania,Bulgaria,"Moara Vlasiei Cricket Ground, Ilfov County",Ilfov County,,Romania,bat,Romania,WINNER,Romania won,D/L,,20
1532643,2026-05-10,male,T20,Samoa,Philippines,Sano International Cricket Ground,Sano,,Samoa,bat,Samoa,WINNER,Samoa won,,,20
1532644,2026-05-10,male,T20,Fiji,Japan,"Korogi Sports Park, Nisshin",Nisshin,,Fiji,bat,Japan,WINNER,Japan won,,,20
1532645,2026-05-10,male,T20,Papua New Guinea,Cook Islands,"Korogi Sports Park, Nisshin",Nisshin,,Papua New Guinea,bat,Papua New Guinea,WINNER,Papua New Guinea won,,,20
1534067,2026-05-10,female,T20,Greece,Denmark,"Marina Ground, Corfu",Corfu,,Greece,bat,Denmark,WINNER,Denmark won,,,20
1534068,2026-05-10,female,T20,Greece,Denmark,"Marina Ground, Corfu",Corfu,,Greece,bat,Denmark,WINNER,Denmark won,,,20
1534325,2026-05-10,female,T20,Hong Kong,Malaysia,"Mission Road Ground, Mong Kok, Hong Kong",Mong Kok,,Malaysia,field,Hong Kong,WINNER,Hong Kong won,,,20
1534326,2026-05-10,female,T20,Hong Kong,China,"Mission Road Ground, Mong Kok, Hong Kong",Mong Kok,,China,field,Hong Kong,WINNER,Hong Kong won,,,20
1534594,2026-05-10,male,T20,Romania,Bulgaria,"Moara Vlasiei Cricket Ground, Ilfov County",Ilfov County,,Romania,bat,Romania,WINNER,Romania won,,,20
1534327,2026-05-11,female,T20,Hong Kong,Malaysia,"Mission Road Ground, Mong Kok, Hong Kong",Mong Kok,,Hong Kong,bat,Hong Kong,WINNER,Hong Kong won,,,20
1532646,2026-05-12,male,T20,Vanuatu,Samoa,Sano International Cricket Ground,Sano,,Vanuatu,bat,Samoa,WINNER,Samoa won,,,20
1532647,2026-05-12,male,T20,Philippines,South Korea,Sano International Cricket Ground 2,Sano,,Philippines,bat,Philippines,WINNER,Philippines won,,,20
1532648,2026-05-12,male,T20,Japan,Indonesia,Sano International Cricket Ground,Sano,,Japan,bat,Japan,WINNER,Japan won,,,20
1534074,2026-05-12,female,T20,Pakistan,Zimbabwe,"National Stadium, Karachi",Karachi,,Pakistan,bat,Pakistan,WINNER,Pakistan won,,,20
1532649,2026-05-13,male,T20,Fiji,South Korea,Sano International Cricket Ground 2,Sano,,Fiji,bat,South Korea,WINNER,South Korea won,,,20
1532650,2026-05-13,male,T20,Samoa,Papua New Guinea,Sano International Cricket Ground,Sano,,Samoa,bat,Papua New Guinea,WINNER,Papua New Guinea won,,,20
1532651,2026-05-13,male,T20,Cook Islands,Vanuatu,Sano International Cricket Ground,Sano,,Cook Islands,bat,Cook Islands,WINNER,Cook Islands won,D/L,,20
1532652,2026-05-14,male,T20,Fiji,Philippines,Sano International Cricket Ground 2,Sano,,Fiji,bat,Philippines,WINNER,Philippines won,,,20
1532653,2026-05-14,male,T20,Papua New Guinea,Indonesia,Sano International Cricket Ground,Sano,,Papua New Guinea,bat,Papua New Guinea,WINNER,Papua New Guinea won,,,20
1532654,2026-05-14,male,T20,Japan,Cook Islands,Sano International Cricket Ground,Sano,,Japan,bat,Cook Islands,WINNER,Cook Islands won,,,20
1534075,2026-05-14,female,T20,Pakistan,Zimbabwe,"National Stadium, Karachi",Karachi,,Pakistan,bat,Pakistan,WINNER,Pakistan won,,,20
1534076,2026-05-15,female,T20,Pakistan,Zimbabwe,"National Stadium, Karachi",Karachi,,Pakistan,bat,Pakistan,WINNER,Pakistan won,,,20
1532655,2026-05-16,male,T20,Vanuatu,Indonesia,Sano International Cricket Ground,Sano,,Indonesia,field,Vanuatu,WINNER,Vanuatu won,,,20
1532656,2026-05-16,male,T20,Samoa,Japan,Sano International Cricket Ground,Sano,,Samoa,bat,Japan,WINNER,Japan won,,,20
1532657,2026-05-16,male,T20,Philippines,South Korea,Sano International Cricket Ground 2,Sano,,Philippines,bat,South Korea,WINNER,South Korea won,,,20
1534038,2026-05-16,male,T20,Cyprus,France,Happy Valley Ground,Episkopi,,Cyprus,bat,France,WINNER,France won,,,20
1534039,2026-05-16,male,T20,Guernsey,Sweden,Happy Valley Ground 2,Episkopi,,Sweden,field,Guernsey,WINNER,Guernsey won,,,20
1534040,2026-05-16,male,T20,Switzerland,Jersey,Happy Valley Ground,Episkopi,,Switzerland,bat,Jersey,WINNER,Jersey won,,,20
1534041,2026-05-16,male,T20,Malta,Austria,Happy Valley Ground 2,Episkopi,,Austria,field,Austria,WINNER,Austria won,,,20
1532658,2026-05-17,male,T20,Fiji,South Korea,Sano International Cricket Ground 2,Sano,,South Korea,field,South Korea,WINNER,South Korea won,,,20
1532659,2026-05-17,male,T20,Cook Islands,Indonesia,Sano International Cricket Ground,Sano,,Indonesia,field,Cook Islands,WINNER,Cook Islands won,,,20
1532660,2026-05-17,male,T20,Papua New Guinea,Vanuatu,Sano International Cricket Ground,Sano,,Papua New Guinea,bat,Papua New Guinea,WINNER,Papua New Guinea won,,,20
1534042,2026-05-17,male,T20,Malta,Guernsey,Happy Valley Ground,Episkopi,,Guernsey,field,Guernsey,WINNER,Guernsey won,,,20
1534043,2026-05-17,male,T20,France,Croatia,Happy Valley Ground 2,Episkopi,,France,bat,France,WINNER,France won,,,20
1534044,2026-05-17,male,T20,Slovenia,Austria,Happy Valley Ground,Episkopi,,Slovenia,bat,Austria,WINNER,Austria won,,,20
1534045,2026-05-17,male,T20,Jersey,Cyprus,Happy Valley Ground 2,Episkopi,,Jersey,bat,Jersey,WINNER,Jersey won,,,20
1532662,2026-05-18,male,T20,Cook Islands,Samoa,Sano International Cricket Ground,Sano,,Samoa,field,Samoa,WINNER,Samoa won,,,20
1532663,2026-05-18,male,T20,Japan,Papua New Guinea,Sano International Cricket Ground,Sano,,Japan,bat,Japan,WINNER,Japan won,,,20
1534046,2026-05-19,male,T20,France,Jersey,Happy Valley Ground,Episkopi,,Jersey,field,Jersey,WINNER,Jersey won,,,20
1534047,2026-05-19,male,T20,Slovenia,Sweden,Happy Valley Ground 2,Episkopi,,Slovenia,bat,Sweden,WINNER,Sweden won,,,20
1534048,2026-05-19,male,T20,Croatia,Switzerland,Happy Valley Ground,Episkopi,,Croatia,bat,Croatia,WINNER,Croatia won,,,20
1534049,2026-05-19,male,T20,Guernsey,Austria,Happy Valley Ground 2,Episkopi,,Austria,field,Guernsey,WINNER,Guernsey won,,,20
1496545,2026-05-20,female,T20,New Zealand,England,"County Ground, Derby",Derby,,England,field,England,WINNER,England won,,,20
1534050,2026-05-20,male,T20,Slovenia,Guernsey,Happy Valley Ground,Episkopi,,Slovenia,bat,Guernsey,WINNER,Guernsey won,,,20
1534051,2026-05-20,male,T20,Switzerland,Cyprus,Happy Valley Ground 2,Episkopi,,Cyprus,field,Switzerland,WINNER,Switzerland won,,,20
1534052,2026-05-20,male,T20,Sweden,Malta,Happy Valley Ground,Episkopi,,Malta,field,Malta,WINNER,Malta won,,,20
1534053,2026-05-20,male,T20,Jersey,Croatia,Happy Valley Ground 2,Episkopi,,Croatia,field,Jersey,WINNER,Jersey won,,,20
1536409,2026-05-20,female,T20,Malaysia,Nepal,"Bayuemas Oval, Kuala Lumpur",Kuala Lumpur,,Malaysia,bat,Nepal,WINNER,Nepal won,,,20
1534054,2026-05-22,male,T20,France,Switzerland,Happy Valley Ground,Episkopi,,France,bat,France,WINNER,France won,,,20
1534055,2026-05-22,male,T20,Austria,Sweden,Happy Valley Ground 2,Episkopi,,Sweden,field,Sweden,WINNER,Sweden won,,,20
1534056,2026-05-22,male,T20,Croatia,Cyprus,Happy Valley Ground,Episkopi,,Cyprus,field,Croatia,WINNER,Croatia won,,,20
1534057,2026-05-22,male,T20,Slovenia,Malta,Happy Valley Ground 2,Episkopi,,Slovenia,bat,Malta,WINNER,Malta won,,,20
1536410,2026-05-22,female,T20,Malaysia,Nepal,"Bayuemas Oval, Kuala Lumpur",Kuala Lumpur,,Malaysia,bat,Nepal,WINNER,Nepal won,,,20
1496546,2026-05-23,female,T20,New Zealand,England,"St Lawrence Ground, Canterbury",Canterbury,,New Zealand,bat,New Zealand,WINNER,New Zealand won,,,20
1534058,2026-05-23,male,T20,France,Sweden,Happy Valley Ground 2,Episkopi,,Sweden,field,Sweden,WINNER,Sweden won,,,20
1534059,2026-05-23,male,T20,Malta,Switzerland,Happy Valley Ground,Episkopi,,Switzerland,field,Switzerland,WINNER,Switzerland won,,,20
1534060,2026-05-23,male,T20,Croatia,Austria,Happy Valley Ground,Episkopi,,Croatia,bat,Austria,WINNER,Austria won,,,20
1534061,2026-05-23,male,T20,Guernsey,Jersey,Happy Valley Ground 2,Episkopi,,Guernsey,bat,Jersey,WINNER,Jersey won,,,20
1535413,2026-05-23,male,T20,Cameroon,Rwanda,"Botswana Cricket Association Oval 1, Gaborone",Gaborone,,Rwanda,field,Rwanda,WINNER,Rwanda won,,,20
1535414,2026-05-23,male,T20,Botswana,Sierra Leone,"Botswana Cricket Association Oval 1, Gaborone",Gaborone,,Sierra Leone,field,Botswana,WINNER,Botswana won,,,20
1535415,2026-05-23,male,T20,Kenya,Mali,"Botswana Cricket Association Oval 2, Gaborone",Gaborone,,Kenya,bat,Kenya,WINNER,Kenya won,,,20
1535416,2026-05-24,male,T20,Rwanda,Ivory Coast,"Botswana Cricket Association Oval 1, Gaborone",Gaborone,,Rwanda,bat,Rwanda,WINNER,Rwanda won,,,20
1535417,2026-05-24,male,T20,Mali,Botswana,"Botswana Cricket Association Oval 1, Gaborone",Gaborone,,Mali,bat,Botswana,WINNER,Botswana won,,,20
1535418,2026-05-24,male,T20,Sierra Leone,Cameroon,"Botswana Cricket Association Oval 2, Gaborone",Gaborone,,Cameroon,field,Cameroon,WINNER,Cameroon won,,,20
1496547,2026-05-25,female,T20,New Zealand,England,"County Ground, Hove",Brighton,,New Zealand,bat,England,WINNER,England won,,,20
1535419,2026-05-25,male,T20,Kenya,Rwanda,"Botswana Cricket Association Oval 1, Gaborone",Gaborone,,Kenya,bat,Rwanda,WINNER,Rwanda won,,,20
1535420,2026-05-25,male,T20,Botswana,Cameroon,"Botswana Cricket Association Oval 2, Gaborone",Gaborone,,Botswana,bat,Botswana,WINNER,Botswana won,,,20
1535421,2026-05-25,male,T20,Ivory Coast,Mali,"Botswana Cricket Association Oval 2, Gaborone",Gaborone,,Mali,field,Mali,WINNER,Mali won,,,20
1535422,2026-05-26,male,T20,Mali,Rwanda,"Botswana Cricket Association Oval 2, Gaborone",Gaborone,,Rwanda,field,Rwanda,WINNER,Rwanda won,,,20
1535423,2026-05-26,male,T20,Kenya,Sierra Leone,"Botswana Cricket Association Oval 1, Gaborone",Gaborone,,Sierra Leone,field,Kenya,WINNER,Kenya won,,,20
1535424,2026-05-26,male,T20,Cameroon,Ivory Coast,"Botswana Cricket Association Oval 2, Gaborone",Gaborone,,Cameroon,bat,Cameroon,WINNER,Cameroon won,,,20
1536399,2026-05-26,female,T20,Thailand,Hong Kong,"Bayuemas Oval, Kuala Lumpur",Kuala Lumpur,,Thailand,bat,Thailand,WINNER,Thailand won,,,20
1536400,2026-05-26,female,T20,Indonesia,China,"Bayuemas Oval, Kuala Lumpur",Kuala Lumpur,,Indonesia,bat,China,WINNER,China won,,,20
1536401,2026-05-27,female,T20,Malaysia,Thailand,"Bayuemas Oval, Kuala Lumpur",Kuala Lumpur,,Malaysia,bat,Thailand,WINNER,Thailand won,,,20
1536402,2026-05-27,female,T20,Nepal,China,"Bayuemas Oval, Kuala Lumpur",Kuala Lumpur,,Nepal,bat,Nepal,WINNER,Nepal won,,,20
1496548,2026-05-28,female,T20,India,England,"County Ground, Chelmsford",Chelmsford,,England,field,India,WINNER,India won,,,20
1528538,2026-05-28,female,T20,Ireland,West Indies,"Castle Avenue, Dublin",Dublin,,West Indies,field,West Indies,WINNER,West Indies won,,,20
1535425,2026-05-28,male,T20,Botswana,Ivory Coast,"Botswana Cricket Association Oval 1, Gaborone",Gaborone,,Botswana,bat,Botswana,WINNER,Botswana won,,,20
1535426,2026-05-28,male,T20,Sierra Leone,Rwanda,"Botswana Cricket Association Oval 2, Gaborone",Gaborone,,Rwanda,field,Rwanda,WINNER,Rwanda won,,,20
1535427,2026-05-28,male,T20,Cameroon,Kenya,"Botswana Cricket Association Oval 1, Gaborone",Gaborone,,Kenya,field,Kenya,WINNER,Kenya won,,,20
1535591,2026-05-28,female,T20,Netherlands,Scotland,"Grange Cricket Club Ground, Raeburn Place, Edinburgh",Edinburgh,,Netherlands,bat,Scotland,WINNER,Scotland won,,,20
1536403,2026-05-28,female,T20,Malaysia,Hong Kong,"Bayuemas Oval, Kuala Lumpur",Kuala Lumpur,,Hong Kong,field,Malaysia,WINNER,Malaysia won,,,20
1536404,2026-05-28,female,T20,Indonesia,Nepal,"Bayuemas Oval, Kuala Lumpur",Kuala Lumpur,,Indonesia,bat,Nepal,WINNER,Nepal won,,,20
1528539,2026-05-29,female,T20,West Indies,Pakistan,"Castle Avenue, Dublin",Dublin,,West Indies,bat,West Indies,WINNER,West Indies won,,,20
1535428,2026-05-29,male,T20,Cameroon,Mali,"Botswana Cricket Association Oval 1, Gaborone",Gaborone,,Cameroon,bat,Cameroon,WINNER,Cameroon won,,,20
1535429,2026-05-29,male,T20,Ivory Coast,Sierra Leone,"Botswana Cricket Association Oval 2, Gaborone",Gaborone,,Ivory Coast,bat,Sierra Leone,WINNER,Sierra Leone won,,,20
1535430,2026-05-29,male,T20,Kenya,Botswana,"Botswana Cricket Association Oval 2, Gaborone",Gaborone,,Kenya,bat,Kenya,WINNER,Kenya won,,,20
1538636,2026-05-29,female,T20,Bahrain,Oman,"Selangor Turf Club, Kuala Lumpur",Kuala Lumpur,,Bahrain,bat,Oman,WINNER,Oman won,,,20
1496549,2026-05-30,female,T20,England,India,"County Ground, Bristol",Bristol,,England,bat,England,WINNER,England won,,,20
1535431,2026-05-30,male,T20,Mali,Sierra Leone,"Botswana Cricket Association Oval 1, Gaborone",Gaborone,,Mali,bat,Sierra Leone,WINNER,Sierra Leone won,,,20
1535432,2026-05-30,male,T20,Ivory Coast,Kenya,"Botswana Cricket Association Oval 2, Gaborone",Gaborone,,Kenya,field,Kenya,WINNER,Kenya won,,,20
1535433,2026-05-30,male,T20,Rwanda,Botswana,"Botswana Cricket Association Oval 1, Gaborone",Gaborone,,Rwanda,bat,Rwanda,WINNER,Rwanda won,,,20
1535592,2026-05-30,female,T20,Bangladesh,Scotland,"Grange Cricket Club Ground, Raeburn Place, Edinburgh",Edinburgh,,Bangladesh,bat,Scotland,WINNER,Scotland won,,,20
1536405,2026-05-30,female,T20,Thailand,China,"Bayuemas Oval, Kuala Lumpur",Kuala Lumpur,,China,field,Thailand,WINNER,Thailand won,,,20
1536406,2026-05-30,female,T20,Nepal,Malaysia,"Bayuemas Oval, Kuala Lumpur",Kuala Lumpur,,Nepal,bat,Malaysia,WINNER,Malaysia won,,,20
1538634,2026-05-30,female,T20,Myanmar,Kuwait,"YSD-UKM Cricket Oval, Bangi",Bangi,,Kuwait,field,Kuwait,WINNER,Kuwait won,,,20
1538637,2026-05-30,female,T20,Oman,Bahrain,"Selangor Turf Club, Kuala Lumpur",Kuala Lumpur,,Oman,bat,Oman,WINNER,Oman won,,,20
1528540,2026-05-31,female,T20,Pakistan,Ireland,"Castle Avenue, Dublin",Dublin,,Pakistan,bat,Ireland,WINNER,Ireland won,,,20
1535593,2026-05-31,female,T20,Netherlands,Bangladesh,"Grange Cricket Club Ground, Raeburn Place, Edinburgh",Edinburgh,,Bangladesh,field,Netherlands,WINNER,Netherlands won,,,20
1536407,2026-05-31,female,T20,Nepal,China,"Bayuemas Oval, Kuala Lumpur",Kuala Lumpur,,China,field,China,WINNER,China won,D/L,,20
1536408,2026-05-31,female,T20,Malaysia,Thailand,"Bayuemas Oval, Kuala Lumpur",Kuala Lumpur,,Malaysia,bat,Thailand,WINNER,Thailand won,,,20
1538440,2026-05-31,male,T20,Nepal,China,Singapore National Cricket Ground,Singapore,,China,field,Nepal,WINNER,Nepal won,,,20
1538635,2026-05-31,female,T20,Myanmar,Kuwait,"YSD-UKM Cricket Oval, Bangi",Bangi,,Kuwait,field,Myanmar,WINNER,Myanmar won,,,20
1528541,2026-06-01,female,T20,West Indies,Ireland,"Castle Avenue, Dublin",Dublin,,West Indies,bat,Ireland,WINNER,Ireland won,D/L,,20
1538442,2026-06-01,male,T20,Oman,Singapore,Singapore National Cricket Ground,Singapore,,Singapore,field,Oman,WINNER,Oman won,D/L,,20
1538443,2026-06-01,male,T20,Bahrain,Hong Kong,Singapore National Cricket Ground,Singapore,,Hong Kong,field,Hong Kong,WINNER,Hong Kong won,,,20
1496550,2026-06-02,female,T20,India,England,"The Cooper Associates County Ground, Taunton",Taunton,,England,field,England,WINNER,England won,,,20
1535594,2026-06-02,female,T20,Bangladesh,Scotland,"Grange Cricket Club Ground, Raeburn Place, Edinburgh",Edinburgh,,Bangladesh,bat,Bangladesh,WINNER,Bangladesh won,,,20
1538211,2026-06-02,male,T20,Mozambique,Lesotho,Malkerns Country Club oval,Malkerns,,Lesotho,field,Mozambique,WINNER,Mozambique won,,,20
1538445,2026-06-02,male,T20,China,Malaysia,Singapore National Cricket Ground,Singapore,,Malaysia,field,Malaysia,WINNER,Malaysia won,,,20
1528542,2026-06-03,female,T20,Pakistan,West Indies,"Castle Avenue, Dublin",Dublin,,West Indies,field,,NO_RESULT,No result,,,20
1535595,2026-06-03,female,T20,Scotland,Netherlands,"Grange Cricket Club Ground, Raeburn Place, Edinburgh",Edinburgh,,Netherlands,field,Scotland,WINNER,Scotland won,D/L,,20
1536612,2026-06-03,female,T20,Malaysia,Kuwait,"Bayuemas Oval, Kuala Lumpur",Kuala Lumpur,,Malaysia,bat,Malaysia,WINNER,Malaysia won,,,20
1536613,2026-06-03,female,T20,Saudi Arabia,United Arab Emirates,"YSD-UKM Cricket Oval, Bangi",Bangi,,Saudi Arabia,bat,United Arab Emirates,WINNER,United Arab Emirates won,,,20
1536614,2026-06-03,female,T20,Mongolia,Thailand,"Selangor Turf Club, Kuala Lumpur",Kuala Lumpur,,Mongolia,bat,Thailand,WINNER,Thailand won,,,20
1536615,2026-06-03,female,T20,Qatar,Nepal,"Kolej Tuanku Jaafar Cricket Oval, Mantin",Mantin,,Nepal,field,Nepal,WINNER,Nepal won,,,20
1536616,2026-06-03,female,T20,Bahrain,Myanmar,"Bayuemas Oval, Kuala Lumpur",Kuala Lumpur,,Bahrain,bat,Myanmar,WINNER,Myanmar won,,,20
1536617,2026-06-03,female,T20,Oman,China,"YSD-UKM Cricket Oval, Bangi",Bangi,,China,field,Oman,WINNER,Oman won,,,20
1536618,2026-06-03,female,T20,Singapore,Indonesia,"Selangor Turf Club, Kuala Lumpur",Kuala Lumpur,,Singapore,bat,Indonesia,WINNER,Indonesia won,,,20
1536619,2026-06-03,female,T20,Hong Kong,Bhutan,"Kolej Tuanku Jaafar Cricket Oval, Mantin",Mantin,,Hong Kong,bat,Hong Kong,WINNER,Hong Kong won,,,20
1538213,2026-06-03,male,T20,Eswatini,Mozambique,Malkerns Country Club oval,Malkerns,,Eswatini,bat,Mozambique,WINNER,Mozambique won,,,20
1538446,2026-06-03,male,T20,Oman,Bahrain,Singapore National Cricket Ground,Singapore,,Bahrain,field,Oman,WINNER,Oman won,,,20
1538447,2026-06-03,male,T20,Singapore,Hong Kong,Singapore National Cricket Ground,Singapore,,Singapore,bat,Hong Kong,WINNER,Hong Kong won,,,20
1535596,2026-06-04,female,T20,Bangladesh,Netherlands,"Grange Cricket Club Ground, Raeburn Place, Edinburgh",Edinburgh,,Netherlands,field,Bangladesh,WINNER,Bangladesh won,,,20
1536620,2026-06-04,female,T20,Malaysia,Singapore,"Bayuemas Oval, Kuala Lumpur",Kuala Lumpur,,Singapore,field,Malaysia,WINNER,Malaysia won,,,20
1536621,2026-06-04,female,T20,Bahrain,Thailand,"YSD-UKM Cricket Oval, Bangi",Bangi,,Thailand,field,Thailand,WINNER,Thailand won,,,20
1536622,2026-06-04,female,T20,Oman,United Arab Emirates,"Selangor Turf Club, Kuala Lumpur",Kuala Lumpur,,Oman,bat,United Arab Emirates,WINNER,United Arab Emirates won,,,20
1536623,2026-06-04,female,T20,Nepal,Bhutan,"Kolej Tuanku Jaafar Cricket Oval, Mantin",Mantin,,Bhutan,field,Nepal,WINNER,Nepal won,,,20
1536624,2026-06-04,female,T20,Japan,Mongolia,"Bayuemas Oval, Kuala Lumpur",Kuala Lumpur,,Mongolia,field,Japan,WINNER,Japan won,,,20
1536625,2026-06-04,female,T20,Philippines,Saudi Arabia,"YSD-UKM Cricket Oval, Bangi",Bangi,,Philippines,bat,Philippines,WINNER,Philippines won,,,20
1536626,2026-06-04,female,T20,Kuwait,Indonesia,"Selangor Turf Club, Kuala Lumpur",Kuala Lumpur,,Indonesia,field,Indonesia,WINNER,Indonesia won,,,20
1536627,2026-06-04,female,T20,Hong Kong,Qatar,"Kolej Tuanku Jaafar Cricket Oval, Mantin",Mantin,,Qatar,field,Hong Kong,WINNER,Hong Kong won,,,20
1538214,2026-06-04,male,T20,Mozambique,Lesotho,Malkerns Country Club oval,Malkerns,,Lesotho,field,Mozambique,WINNER,Mozambique won,,,20
1538215,2026-06-04,male,T20,Lesotho,Eswatini,Malkerns Country Club oval,Malkerns,,Lesotho,bat,Eswatini,WINNER,Eswatini won,,,20
1538449,2026-06-04,male,T20,Nepal,Malaysia,Singapore National Cricket Ground,Singapore,,Malaysia,field,Nepal,WINNER,Nepal won,,,20
1538450,2026-06-05,male,T20,Bahrain,Singapore,Singapore National Cricket Ground,Singapore,,Singapore,field,Bahrain,WINNER,Bahrain won,,,20
1538451,2026-06-05,male,T20,Hong Kong,Oman,Singapore National Cricket Ground,Singapore,,Oman,field,Hong Kong,WINNER,Hong Kong won,,,20
1536628,2026-06-06,female,T20,Malaysia,Indonesia,"Bayuemas Oval, Kuala Lumpur",Kuala Lumpur,,Indonesia,field,Indonesia,WINNER,Indonesia won,,,20
1536629,2026-06-06,female,T20,Philippines,China,"YSD-UKM Cricket Oval, Bangi",Bangi,,Philippines,bat,China,WINNER,China won,,,20
1536630,2026-06-06,female,T20,Japan,Myanmar,"Selangor Turf Club, Kuala Lumpur",Kuala Lumpur,,Myanmar,field,Japan,WINNER,Japan won,,,20
1536631,2026-06-06,female,T20,Qatar,Bhutan,"Kolej Tuanku Jaafar Cricket Oval, Mantin",Mantin,,Bhutan,field,Bhutan,WINNER,Bhutan won,,,20
1536632,2026-06-06,female,T20,Bahrain,Mongolia,"Bayuemas Oval, Kuala Lumpur",Kuala Lumpur,,Bahrain,bat,Mongolia,WINNER,Mongolia won,,,20
1536633,2026-06-06,female,T20,Saudi Arabia,Oman,"YSD-UKM Cricket Oval, Bangi",Bangi,,Oman,field,Oman,WINNER,Oman won,,,20
1536634,2026-06-06,female,T20,Singapore,Kuwait,"Selangor Turf Club, Kuala Lumpur",Kuala Lumpur,,Kuwait,field,Kuwait,WINNER,Kuwait won,,,20
1536635,2026-06-06,female,T20,Hong Kong,Nepal,"Kolej Tuanku Jaafar Cricket Oval, Mantin",Mantin,,Nepal,field,Hong Kong,WINNER,Hong Kong won,,,20
1538216,2026-06-06,male,T20,Mozambique,Eswatini,Malkerns Country Club oval,Malkerns,,Mozambique,bat,Eswatini,WINNER,Eswatini won,,,20
1538217,2026-06-06,male,T20,Mozambique,Lesotho,Malkerns Country Club oval,Malkerns,,Mozambique,bat,Mozambique,WINNER,Mozambique won,,,20
1536636,2026-06-07,female,T20,Myanmar,Thailand,"Bayuemas Oval, Kuala Lumpur",Kuala Lumpur,,Thailand,field,Thailand,WINNER,Thailand won,,,20
1536637,2026-06-07,female,T20,United Arab Emirates,China,"YSD-UKM Cricket Oval, Bangi",Bangi,,China,field,United Arab Emirates,WINNER,United Arab Emirates won,,,20
1536638,2026-06-07,female,T20,Japan,Bahrain,"Bayuemas Oval, Kuala Lumpur",Kuala Lumpur,,Japan,bat,Japan,WINNER,Japan won,,,20
1536639,2026-06-07,female,T20,Oman,Philippines,"YSD-UKM Cricket Oval, Bangi",Bangi,,Philippines,field,Oman,WINNER,Oman won,,,20
1538218,2026-06-07,male,T20,Lesotho,Eswatini,Malkerns Country Club oval,Malkerns,,Lesotho,bat,Lesotho,WINNER,Lesotho won,,,20
1538219,2026-06-07,male,T20,Mozambique,Eswatini,Malkerns Country Club oval,Malkerns,,Mozambique,bat,Eswatini,WINNER,Eswatini won,,,20
1538452,2026-06-07,male,T20,Oman,Nepal,Singapore National Cricket Ground,Singapore,,Oman,bat,Nepal,WINNER,Nepal won,,,20
1538453,2026-06-07,male,T20,Malaysia,Hong Kong,Singapore National Cricket Ground,Singapore,,Hong Kong,field,Hong Kong,WINNER,Hong Kong won,,,20
1538454,2026-06-08,male,T20,Oman,Malaysia,Singapore National Cricket Ground,Singapore,,Malaysia,field,Malaysia,WINNER,Malaysia won,,,20
1538455,2026-06-08,male,T20,Hong Kong,Nepal,Singapore National Cricket Ground,Singapore,,Nepal,field,Nepal,WINNER,Nepal won,D/L,,20
1536640,2026-06-09,female,T20,Thailand,Japan,"Bayuemas Oval, Kuala Lumpur",Kuala Lumpur,,Thailand,bat,Thailand,WINNER,Thailand won,,,20
1536641,2026-06-09,female,T20,Myanmar,Mongolia,"YSD-UKM Cricket Oval, Bangi",Bangi,,Myanmar,bat,Myanmar,WINNER,Myanmar won,,,20
1536642,2026-06-09,female,T20,United Arab Emirates,Philippines,"Bayuemas Oval, Kuala Lumpur",Kuala Lumpur,,Philippines,field,United Arab Emirates,WINNER,United Arab Emirates won,,,20
1536643,2026-06-09,female,T20,Saudi Arabia,China,"YSD-UKM Cricket Oval, Bangi",Bangi,,Saudi Arabia,bat,,NO_RESULT,No result,,,20
1536644,2026-06-10,female,T20,Thailand,Nepal,"Bayuemas Oval, Kuala Lumpur",Kuala Lumpur,,Thailand,bat,Thailand,WINNER,Thailand won,,,20
1536645,2026-06-10,female,T20,Hong Kong,Japan,"YSD-UKM Cricket Oval, Bangi",Bangi,,Japan,field,Hong Kong,WINNER,Hong Kong won,,,20
1536646,2026-06-10,female,T20,United Arab Emirates,Malaysia,"Bayuemas Oval, Kuala Lumpur",Kuala Lumpur,,United Arab Emirates,bat,United Arab Emirates,WINNER,United Arab Emirates won,,,20
1536647,2026-06-10,female,T20,Indonesia,Oman,"YSD-UKM Cricket Oval, Bangi",Bangi,,Indonesia,bat,Indonesia,WINNER,Indonesia won,,,20
1539491,2026-06-10,female,T20,Nigeria,Malawi,"Gahanga B Ground, Rwanda",Kigali City,,Malawi,field,Nigeria,WINNER,Nigeria won,,,20
1538307,2026-06-11,male,T20,Sri Lanka,West Indies,"Sabina Park, Kingston, Jamaica",Kingston,,Sri Lanka,bat,West Indies,WINNER,West Indies won,,,20
1539464,2026-06-11,male,T20,Norway,Sweden,"Botkyrka Cricket Center, Stockholm",Stockholm,,Sweden,field,Sweden,WINNER,Sweden won,,,20
1539465,2026-06-11,male,T20,Austria,Finland,"Botkyrka Cricket Center, Stockholm",Stockholm,,Austria,bat,Finland,WINNER,Finland won,,,20
1539493,2026-06-11,female,T20,Nigeria,Brazil,"Gahanga International Cricket Stadium, Rwanda",Kigali City,,Nigeria,bat,Brazil,WINNER,Brazil won,,,20
1539494,2026-06-11,female,T20,Rwanda,Malawi,"Gahanga B Ground, Rwanda",Kigali City,,Malawi,field,Rwanda,WINNER,Rwanda won,,,20
1490677,2026-06-12,female,T20,England,Sri Lanka,"Edgbaston, Birmingham",Birmingham,,Sri Lanka,field,England,WINNER,England won,,,20
1536648,2026-06-12,female,T20,Indonesia,Thailand,"Bayuemas Oval, Kuala Lumpur",Kuala Lumpur,,Indonesia,bat,Thailand,WINNER,Thailand won,,,20
1536649,2026-06-12,female,T20,Hong Kong,United Arab Emirates,"Bayuemas Oval, Kuala Lumpur",Kuala Lumpur,,Hong Kong,bat,United Arab Emirates,WINNER,United Arab Emirates won,,,20
1539466,2026-06-12,male,T20,Sweden,Finland,"Botkyrka Cricket Center, Stockholm",Stockholm,,Finland,field,Finland,WINNER,Finland won,,,20
1539467,2026-06-12,male,T20,Norway,Austria,"Botkyrka Cricket Center, Stockholm",Stockholm,,Austria,field,Norway,WINNER,Norway won,,,20
1539496,2026-06-12,female,T20,Rwanda,Nigeria,"Gahanga International Cricket Stadium, Rwanda",Kigali City,,Rwanda,bat,Rwanda,WINNER,Rwanda won,,,20
1539497,2026-06-12,female,T20,Brazil,Malawi,"Gahanga B Ground, Rwanda",Kigali City,,Malawi,field,Brazil,WINNER,Brazil won,,,20
1490678,2026-06-13,female,T20,Scotland,Ireland,"Old Trafford, Manchester",Manchester,,Ireland,field,Scotland,WINNER,Scotland won,,,20
1490679,2026-06-13,female,T20,Australia,South Africa,"Old Trafford, Manchester",Manchester,,Australia,bat,Australia,WINNER,Australia won,,,20
1490680,2026-06-13,female,T20,New Zealand,West Indies,"The Rose Bowl, Southampton",Southampton,,West Indies,field,West Indies,WINNER,West Indies won,,,20
1536650,2026-06-13,female,T20,Hong Kong,Indonesia,"Bayuemas Oval, Kuala Lumpur",Kuala Lumpur,,Hong Kong,bat,Indonesia,WINNER,Indonesia won,,,20
1536651,2026-06-13,female,T20,United Arab Emirates,Thailand,"Bayuemas Oval, Kuala Lumpur",Kuala Lumpur,,Thailand,field,Thailand,WINNER,Thailand won,,,20
1538308,2026-06-13,male,T20,Sri Lanka,West Indies,"Sabina Park, Kingston, Jamaica",Kingston,,West Indies,field,Sri Lanka,WINNER,Sri Lanka won,,,20
1539468,2026-06-13,male,T20,Finland,Norway,"Botkyrka Cricket Center, Stockholm",Stockholm,,Norway,field,Finland,WINNER,Finland won,,,20
1539469,2026-06-13,male,T20,Sweden,Austria,"Botkyrka Cricket Center, Stockholm",Stockholm,,Austria,field,Sweden,WINNER,Sweden won,,,20
1490681,2026-06-14,female,T20,Netherlands,Bangladesh,"Edgbaston, Birmingham",Birmingham,,Netherlands,bat,Bangladesh,WINNER,Bangladesh won,,,20
1490682,2026-06-14,female,T20,India,Pakistan,"Edgbaston, Birmingham",Birmingham,,India,bat,India,WINNER,India won,,,20
1538309,2026-06-14,male,T20,Sri Lanka,West Indies,"Sabina Park, Kingston, Jamaica",Kingston,,West Indies,field,West Indies,WINNER,West Indies won,,,20
1539470,2026-06-14,male,T20,Norway,Austria,"Botkyrka Cricket Center, Stockholm",Stockholm,,Norway,bat,Austria,WINNER,Austria won,D/L,,20
1539471,2026-06-14,male,T20,Finland,Sweden,"Botkyrka Cricket Center, Stockholm",Stockholm,,Sweden,field,Sweden,WINNER,Sweden won,,,20
1539500,2026-06-14,female,T20,Rwanda,Brazil,"Gahanga B Ground, Rwanda",Kigali City,,Rwanda,bat,Rwanda,WINNER,Rwanda won,,,20
1539501,2026-06-14,female,T20,Malawi,Nigeria,"Gahanga International Cricket Stadium, Rwanda",Kigali City,,Malawi,bat,Nigeria,WINNER,Nigeria won,,,20
1539583,2026-06-14,female,T20,Jersey,Guernsey,"Grainville, St Saviour",St Saviour,,Guernsey,field,Jersey,WINNER,Jersey won,,,20
1539584,2026-06-14,female,T20,Jersey,Guernsey,"Grainville, St Saviour",St Saviour,,Guernsey,field,Jersey,WINNER,Jersey won,,,20
1539503,2026-06-15,female,T20,Nigeria,Brazil,"Gahanga B Ground, Rwanda",Kigali City,,Brazil,field,Brazil,WINNER,Brazil won,,,20
1539504,2026-06-15,female,T20,Rwanda,Malawi,"Gahanga International Cricket Stadium, Rwanda",Kigali City,,Rwanda,bat,Rwanda,WINNER,Rwanda won,,,20
1490683,2026-06-16,female,T20,New Zealand,Sri Lanka,"The Rose Bowl, Southampton",Southampton,,New Zealand,bat,Sri Lanka,WINNER,Sri Lanka won,,,20
1490684,2026-06-16,female,T20,Ireland,England,"The Rose Bowl, Southampton",Southampton,,England,field,England,WINNER,England won,,,20
1490685,2026-06-17,female,T20,Bangladesh,Australia,"Headingley, Leeds",Leeds,,Australia,field,Australia,WINNER,Australia won,,,20
1490686,2026-06-17,female,T20,India,Netherlands,"Headingley, Leeds",Leeds,,Netherlands,field,India,WINNER,India won,,,20
1490687,2026-06-17,female,T20,Pakistan,South Africa,"Edgbaston, Birmingham",Birmingham,,Pakistan,bat,South Africa,WINNER,South Africa won,,,20
1532483,2026-06-17,male,T20,Bangladesh,Australia,"Bir Sreshtho Flight Lieutenant Matiur Rahman Stadium, Chattogram",Chattogram,,Bangladesh,bat,Australia,WINNER,Australia won,,,20
1539506,2026-06-17,female,T20,Brazil,Malawi,"Gahanga International Cricket Stadium, Rwanda",Kigali City,,Malawi,field,Brazil,WINNER,Brazil won,,,20
1490688,2026-06-18,female,T20,West Indies,Scotland,"Headingley, Leeds",Leeds,,Scotland,field,West Indies,WINNER,West Indies won,,,20
1539472,2026-06-18,male,T20,Denmark,Germany,"Svanholm Park, Brondby",Brondby,,Denmark,bat,Germany,WINNER,Germany won,,,20
1539507,2026-06-18,female,T20,Rwanda,Brazil,"Gahanga B Ground, Rwanda",Kigali City,,Brazil,field,Brazil,TIED,Tied; Brazil won via Super Over,,Brazil,20
1539739,2026-06-18,male,T20,Nigeria,Hong Kong,"Namibia Cricket Ground, Windhoek",Windhoek,,Hong Kong,field,Hong Kong,WINNER,Hong Kong won,,,20
1540322,2026-06-18,female,T20,Cyprus,Malta,Happy Valley Ground,Episkopi,,Malta,field,Cyprus,WINNER,Cyprus won,,,20
1540323,2026-06-18,female,T20,Cyprus,Malta,Happy Valley Ground,Episkopi,,Cyprus,bat,Cyprus,WINNER,Cyprus won,,,20
1490689,2026-06-19,female,T20,New Zealand,Ireland,"The Rose Bowl, Southampton",Southampton,,Ireland,field,New Zealand,WINNER,New Zealand won,,,20
1532484,2026-06-19,male,T20,Australia,Bangladesh,"Bir Sreshtho Flight Lieutenant Matiur Rahman Stadium, Chattogram",Chattogram,,Australia,bat,Australia,WINNER,Australia won,,,20
1539473,2026-06-19,male,T20,Germany,Denmark,"Svanholm Park, Brondby",Brondby,,Germany,bat,Denmark,WINNER,Denmark won,,,20
1539474,2026-06-19,male,T20,Germany,Denmark,"Svanholm Park, Brondby",Brondby,,Germany,bat,Denmark,WINNER,Denmark won,,,20
1539509,2026-06-19,female,T20,Rwanda,Nigeria,"Gahanga B Ground, Rwanda",Kigali City,,Nigeria,field,Rwanda,WINNER,Rwanda won,,,20
1539740,2026-06-19,male,T20,Hong Kong,Namibia,"Namibia Cricket Ground, Windhoek",Windhoek,,Namibia,field,Namibia,WINNER,Namibia won,,,20
1540308,2026-06-19,male,T20,Belgium,Romania,"Moara Vlasiei Cricket Ground, Ilfov County",Ilfov County,,Belgium,bat,Belgium,WINNER,Belgium won,,,20
1540309,2026-06-19,male,T20,Romania,Switzerland,"Moara Vlasiei Cricket Ground, Ilfov County",Ilfov County,,Romania,bat,Switzerland,WINNER,Switzerland won,,,20
1540310,2026-06-19,male,T20,Hungary,Switzerland,"Moara Vlasiei Cricket Ground, Ilfov County",Ilfov County,,Switzerland,field,Switzerland,WINNER,Switzerland won,,,20
1540324,2026-06-19,female,T20,Malta,Cyprus,Happy Valley Ground,Episkopi,,Malta,bat,Cyprus,WINNER,Cyprus won,,,20
1490690,2026-06-20,female,T20,Australia,Netherlands,"The Rose Bowl, Southampton",Southampton,,Netherlands,field,Australia,WINNER,Australia won,,,20
1490691,2026-06-20,female,T20,Bangladesh,Pakistan,"The Rose Bowl, Southampton",Southampton,,Bangladesh,bat,Bangladesh,WINNER,Bangladesh won,,,20
1490692,2026-06-20,female,T20,England,Scotland,"Headingley, Leeds",Leeds,,Scotland,field,England,WINNER,England won,,,20
1539475,2026-06-20,male,T20,Germany,Denmark,"Svanholm Park, Brondby",Brondby,,Denmark,field,Denmark,WINNER,Denmark won,,,20
1539510,2026-06-20,female,T20,Brazil,Nigeria,"Gahanga International Cricket Stadium, Rwanda",Kigali City,,Nigeria,field,Nigeria,WINNER,Nigeria won,,,20
1539741,2026-06-20,male,T20,Namibia,Nigeria,"Namibia Cricket Ground, Windhoek",Windhoek,,Namibia,bat,Namibia,WINNER,Namibia won,,,20
1540311,2026-06-20,male,T20,Hungary,Romania,"Moara Vlasiei Cricket Ground, Ilfov County",Ilfov County,,Romania,field,Romania,WINNER,Romania won,,,20
1540312,2026-06-20,male,T20,Belgium,Hungary,"Moara Vlasiei Cricket Ground, Ilfov County",Ilfov County,,Belgium,bat,Belgium,WINNER,Belgium won,,,20
1540313,2026-06-20,male,T20,Belgium,Switzerland,"Moara Vlasiei Cricket Ground, Ilfov County",Ilfov County,,Switzerland,field,Belgium,WINNER,Belgium won,,,20
1540326,2026-06-20,female,T20,Cyprus,Malta,Happy Valley Ground,Episkopi,,Malta,field,Cyprus,WINNER,Cyprus won,,,20
1490693,2026-06-21,female,T20,Sri Lanka,West Indies,"County Ground, Bristol",Bristol,,West Indies,field,West Indies,WINNER,West Indies won,,,20
1490694,2026-06-21,female,T20,India,South Africa,"Old Trafford, Manchester",Manchester,,India,bat,South Africa,WINNER,South Africa won,,,20
1532485,2026-06-21,male,T20,Bangladesh,Australia,"Bir Sreshtho Flight Lieutenant Matiur Rahman Stadium, Chattogram",Chattogram,,Bangladesh,bat,Australia,WINNER,Australia won,,,20
1539730,2026-06-21,male,T20,Bahamas,Bermuda,"White Hill Field, Sandys Parish",Hamilton,,Bahamas,bat,,NO_RESULT,No result,,,20
1539742,2026-06-21,male,T20,Nigeria,Hong Kong,"Namibia Cricket Ground, Windhoek",Windhoek,,Hong Kong,field,Hong Kong,WINNER,Hong Kong won,,,20
1540314,2026-06-21,male,T20,Belgium,Hungary,"Moara Vlasiei Cricket Ground, Ilfov County",Ilfov County,,Belgium,bat,Belgium,WINNER,Belgium won,,,20
1540315,2026-06-21,male,T20,Romania,Switzerland,"Moara Vlasiei Cricket Ground, Ilfov County",Ilfov County,,Switzerland,field,Romania,WINNER,Romania won,,,20
1540316,2026-06-21,male,T20,Belgium,Romania,"Moara Vlasiei Cricket Ground, Ilfov County",Ilfov County,,Belgium,bat,Belgium,WINNER,Belgium won,,,20
1539731,2026-06-22,male,T20,Belize,Bermuda,"White Hill Field, Sandys Parish",Hamilton,,Bermuda,field,Bermuda,WINNER,Bermuda won,D/L,,20
1539732,2026-06-22,male,T20,Panama,Brazil,"White Hill Field, Sandys Parish",Hamilton,,Brazil,field,Panama,WINNER,Panama won,,,20
1539743,2026-06-22,male,T20,Namibia,Hong Kong,"Namibia Cricket Ground, Windhoek",Windhoek,,Namibia,bat,Namibia,WINNER,Namibia won,,,20
1541804,2026-06-22,male,T20,Singapore,Uzbekistan,Singapore National Cricket Ground,Singapore,,Uzbekistan,field,Singapore,WINNER,Singapore won,,,20
1490695,2026-06-23,female,T20,Scotland,New Zealand,"County Ground, Bristol",Bristol,,New Zealand,field,New Zealand,WINNER,New Zealand won,,,20
1490696,2026-06-23,female,T20,Ireland,Sri Lanka,"County Ground, Bristol",Bristol,,Sri Lanka,field,Sri Lanka,WINNER,Sri Lanka won,,,20
1490697,2026-06-23,female,T20,Australia,Pakistan,"Headingley, Leeds",Leeds,,Australia,bat,Australia,WINNER,Australia won,,,20
1539744,2026-06-23,male,T20,Namibia,Nigeria,"Namibia Cricket Ground, Windhoek",Windhoek,,Namibia,bat,Namibia,WINNER,Namibia won,,,20
1541805,2026-06-23,male,T20,Indonesia,Uzbekistan,Singapore National Cricket Ground,Singapore,,Uzbekistan,field,Indonesia,WINNER,Indonesia won,,,20
1541806,2026-06-23,male,T20,Singapore,Thailand,Singapore National Cricket Ground,Singapore,,Singapore,bat,Singapore,WINNER,Singapore won,,,20
1490698,2026-06-24,female,T20,England,West Indies,"Lord's, London",London,,West Indies,field,England,WINNER,England won,,,20
1539733,2026-06-24,male,T20,Bahamas,Panama,"White Hill Field, Sandys Parish",Hamilton,,Panama,field,Panama,WINNER,Panama won,,,20
1539734,2026-06-24,male,T20,Brazil,Belize,"White Hill Field, Sandys Parish",Hamilton,,Brazil,bat,Belize,WINNER,Belize won,,,20
1490699,2026-06-25,female,T20,Bangladesh,India,"Old Trafford, Manchester",Manchester,,Bangladesh,bat,India,WINNER,India won,,,20
1490700,2026-06-25,female,T20,South Africa,Netherlands,"County Ground, Bristol",Bristol,,Netherlands,field,South Africa,WINNER,South Africa won,,,20
1539735,2026-06-25,male,T20,Panama,Bermuda,"White Hill Field, Sandys Parish",Hamilton,,Panama,bat,Bermuda,WINNER,Bermuda won,,,20
1539736,2026-06-25,male,T20,Brazil,Bahamas,"White Hill Field, Sandys Parish",Hamilton,,Bahamas,field,Bahamas,WINNER,Bahamas won,,,20
1541807,2026-06-25,male,T20,Uzbekistan,Thailand,Singapore National Cricket Ground,Singapore,,Thailand,field,Thailand,WINNER,Thailand won,,,20
1541808,2026-06-25,male,T20,Singapore,Indonesia,Singapore National Cricket Ground,Singapore,,Indonesia,field,Singapore,WINNER,Singapore won,,,20
1490701,2026-06-26,female,T20,Scotland,Sri Lanka,"Old Trafford, Manchester",Manchester,,Sri Lanka,field,Sri Lanka,WINNER,Sri Lanka won,,,20
1528548,2026-06-26,male,T20,Ireland,India,"Civil Service Cricket Club, Stormont, Belfast",Belfast,,India,field,Ireland,WINNER,Ireland won,,,20
1539476,2026-06-26,male,T20,Serbia,Luxembourg,"Scott Page Field, Vinor",Prague,,Luxembourg,field,Luxembourg,WINNER,Luxembourg won,,,20
1539477,2026-06-26,male,T20,Czech Republic,Luxembourg,"Scott Page Field, Vinor",Prague,,Luxembourg,field,Luxembourg,WINNER,Luxembourg won,,,20
1539512,2026-06-26,female,T20,Norway,Luxembourg,"Banks Field, Vinor",Prague,,Luxembourg,field,Norway,WINNER,Norway won,,,20
1539513,2026-06-26,female,T20,Luxembourg,Czech Republic,"Banks Field, Vinor",Prague,,Luxembourg,bat,Czech Republic,WINNER,Czech Republic won,,,20
1541615,2026-06-26,female,T20,Bulgaria,Serbia,"Vassil Levski National Sports Academy, Sofia",Sofia,,Serbia,field,Serbia,WINNER,Serbia won,,,20
1541809,2026-06-26,male,T20,Indonesia,Uzbekistan,Singapore National Cricket Ground,Singapore,,Indonesia,bat,Indonesia,WINNER,Indonesia won,,,20
1541810,2026-06-26,male,T20,Thailand,Singapore,Singapore National Cricket Ground,Singapore,,Thailand,bat,Singapore,WINNER,Singapore won,,,20
1490702,2026-06-27,female,T20,Pakistan,Netherlands,"County Ground, Bristol",Bristol,,Pakistan,bat,Pakistan,WINNER,Pakistan won,,,20
1490703,2026-06-27,female,T20,West Indies,Ireland,"County Ground, Bristol",Bristol,,Ireland,field,Ireland,WINNER,Ireland won,,,20
1490704,2026-06-27,female,T20,New Zealand,England,"Kennington Oval, London",London,,New Zealand,bat,England,WINNER,England won,,,20
1539479,2026-06-27,male,T20,Serbia,Luxembourg,"Scott Page Field, Vinor",Prague,,Serbia,bat,Luxembourg,WINNER,Luxembourg won,,,20
1539514,2026-06-27,female,T20,Czech Republic,Norway,"Banks Field, Vinor",Prague,,Norway,field,Czech Republic,WINNER,Czech Republic won,,,20
1539515,2026-06-27,female,T20,Norway,Luxembourg,"Banks Field, Vinor",Prague,,Norway,bat,Norway,WINNER,Norway won,,,20
1539737,2026-06-27,male,T20,Bahamas,Belize,"White Hill Field, Sandys Parish",Hamilton,,Belize,field,Bahamas,WINNER,Bahamas won,,,20
1539738,2026-06-27,male,T20,Bermuda,Brazil,"White Hill Field, Sandys Parish",Hamilton,,Bermuda,bat,Bermuda,WINNER,Bermuda won,,,20
1540948,2026-06-27,female,T20,Denmark,Switzerland,Albertslund Cricket Club,Copenhagen,,Switzerland,field,Denmark,WINNER,Denmark won,,,20
1541616,2026-06-27,female,T20,Bulgaria,Serbia,"Vassil Levski National Sports Academy, Sofia",Sofia,,Serbia,field,Bulgaria,WINNER,Bulgaria won,,,20
1541617,2026-06-27,female,T20,Serbia,Bulgaria,"Vassil Levski National Sports Academy, Sofia",Sofia,,Bulgaria,field,Serbia,WINNER,Serbia won,,,20
1542988,2026-06-27,male,T20,Hungary,Austria,"GB Oval, Szodliget",Szodliget,,Hungary,bat,Austria,WINNER,Austria won,,,20
1490705,2026-06-28,female,T20,Bangladesh,South Africa,"Lord's, London",London,,Bangladesh,bat,South Africa,WINNER,South Africa won,,,20
1490706,2026-06-28,female,T20,India,Australia,"Lord's, London",London,,India,bat,Australia,WINNER,Australia won,,,20
1528549,2026-06-28,male,T20,Ireland,India,"Civil Service Cricket Club, Stormont, Belfast",Belfast,,India,field,Ireland,WINNER,Ireland won,,,20
1539480,2026-06-28,male,T20,Czech Republic,Luxembourg,"Scott Page Field, Vinor",Prague,,Luxembourg,field,Czech Republic,WINNER,Czech Republic won,,,20
1539516,2026-06-28,female,T20,Luxembourg,Czech Republic,"Banks Field, Vinor",Prague,,Czech Republic,field,Czech Republic,WINNER,Czech Republic won,,,20
1539517,2026-06-28,female,T20,Norway,Czech Republic,"Banks Field, Vinor",Prague,,Norway,bat,Czech Republic,WINNER,Czech Republic won,,,20
1541618,2026-06-28,female,T20,Bulgaria,Serbia,"Vassil Levski National Sports Academy, Sofia",Sofia,,Bulgaria,bat,Serbia,WINNER,Serbia won,,,20
1542989,2026-06-28,male,T20,Hungary,Austria,"GB Oval, Szodliget",Szodliget,,Hungary,bat,Austria,WINNER,Austria won,,,20
1542990,2026-06-28,male,T20,Austria,Hungary,"GB Oval, Szodliget",Szodliget,,Austria,bat,Austria,WINNER,Austria won,,,20
1490707,2026-06-30,female,T20,West Indies,Australia,"Kennington Oval, London",London,,Australia,field,Australia,WINNER,Australia won,,,20
1496574,2026-07-01,male,T20,India,England,"Riverside Ground, Chester-le-Street",Chester-le-Street,,India,bat,,NO_RESULT,No result,,,20
1540317,2026-07-01,male,T20,Portugal,Sweden,"Botkyrka Cricket Center, Stockholm",Stockholm,,Sweden,field,Portugal,WINNER,Portugal won,,,20
1540318,2026-07-01,male,T20,Sweden,Portugal,"Botkyrka Cricket Center, Stockholm",Stockholm,,Sweden,bat,Portugal,WINNER,Portugal won,,,20
1490708,2026-07-02,female,T20,England,South Africa,"Kennington Oval, London",London,,South Africa,field,England,WINNER,England won,,,20
1540319,2026-07-02,male,T20,Sweden,Portugal,"Botkyrka Cricket Center, Stockholm",Stockholm,,Portugal,field,Portugal,TIED,Tied; Portugal won via Super Over,,Portugal,20
1543356,2026-07-03,male,T20,Portugal,Finland,Kerava National Cricket Ground,Kerava,,Finland,field,Portugal,WINNER,Portugal won,,,20
1496575,2026-07-04,male,T20,India,England,"Old Trafford, Manchester",Manchester,,India,bat,England,WINNER,England won,,,20
1543358,2026-07-04,male,T20,Portugal,Finland,Kerava National Cricket Ground,Kerava,,Finland,field,Portugal,WINNER,Portugal won,,,20
1490709,2026-07-05,female,T20,England,Australia,"Lord's, London",London,,Australia,field,Australia,WINNER,Australia won,,,20
1496576,2026-07-07,male,T20,England,India,"Trent Bridge, Nottingham",Nottingham,,India,field,England,WINNER,England won,,,20
1543361,2026-07-08,male,T20,Denmark,Estonia,"Svanholm Park, Brondby",Brondby,,Estonia,field,Denmark,WINNER,Denmark won,,,20
1543362,2026-07-08,male,T20,Gibraltar,Belgium,Koge Cricket Club,Koge,,Belgium,field,Belgium,WINNER,Belgium won,,,20
1543364,2026-07-08,male,T20,Serbia,Romania,Koge Cricket Club,Koge,,Romania,field,Romania,WINNER,Romania won,,,20
1496577,2026-07-09,male,T20,India,England,"County Ground, Bristol",Bristol,,India,bat,England,WINNER,England won,,,20
1543365,2026-07-09,male,T20,Denmark,Turkey,Koge Cricket Club,Koge,,Turkey,field,Denmark,WINNER,Denmark won,,,20
1543366,2026-07-09,male,T20,Estonia,Norway,Koge Cricket Club,Koge,,Norway,field,Norway,WINNER,Norway won,,,20
1543367,2026-07-10,male,T20,Gibraltar,Romania,"Svanholm Park, Brondby",Brondby,,Romania,field,Romania,WINNER,Romania won,,,20
1543368,2026-07-10,male,T20,Hungary,Estonia,Koge Cricket Club,Koge,,Hungary,bat,Hungary,WINNER,Hungary won,,,20
1543369,2026-07-10,male,T20,Belgium,Serbia,"Svanholm Park, Brondby",Brondby,,Serbia,field,Belgium,WINNER,Belgium won,,,20
1543370,2026-07-10,male,T20,Turkey,Norway,Koge Cricket Club,Koge,,Norway,field,Norway,WINNER,Norway won,,,20
1544137,2026-07-10,female,T20,Germany,Switzerland,SSC Karlsruhe,Karlsruhe,,Switzerland,field,Germany,WINNER,Germany won,,,20
1544138,2026-07-10,female,T20,Switzerland,Germany,SSC Karlsruhe,Karlsruhe,,Switzerland,bat,Germany,WINNER,Germany won,,,20
1496578,2026-07-11,male,T20,England,India,"The Rose Bowl, Southampton",Southampton,,India,field,England,WINNER,England won,,,20
1544139,2026-07-11,female,T20,Germany,Switzerland,SSC Karlsruhe,Karlsruhe,,Germany,bat,Germany,WINNER,Germany won,,,20
1544140,2026-07-11,female,T20,Germany,Switzerland,SSC Karlsruhe,Karlsruhe,,Switzerland,field,Germany,WINNER,Germany won,,,20
1543371,2026-07-12,male,T20,Denmark,Norway,"Svanholm Park, Brondby",Brondby,,Norway,field,Denmark,WINNER,Denmark won,,,20
1543372,2026-07-12,male,T20,Belgium,Romania,Koge Cricket Club,Koge,,Romania,field,Romania,WINNER,Romania won,,,20
1543373,2026-07-12,male,T20,Hungary,Turkey,"Svanholm Park, Brondby",Brondby,,Hungary,bat,Hungary,WINNER,Hungary won,D/L,,20
1543374,2026-07-12,male,T20,Serbia,Gibraltar,Koge Cricket Club,Koge,,Gibraltar,field,Gibraltar,WINNER,Gibraltar won,,,20
1544141,2026-07-12,female,T20,Switzerland,Germany,SSC Karlsruhe,Karlsruhe,,Germany,field,Switzerland,WINNER,Switzerland won,,,20
1543375,2026-07-13,male,T20,Denmark,Hungary,"Svanholm Park, Brondby",Brondby,,Denmark,bat,Denmark,WINNER,Denmark won,,,20
1543376,2026-07-13,male,T20,Turkey,Estonia,"Svanholm Park, Brondby",Brondby,,Turkey,bat,Estonia,WINNER,Estonia won,,,20
1543377,2026-07-14,male,T20,Serbia,Estonia,Koge Cricket Club,Koge,,Serbia,bat,Estonia,WINNER,Estonia won,,,20
1543378,2026-07-14,male,T20,Norway,Gibraltar,Koge Cricket Club,Koge,,Norway,bat,Norway,WINNER,Norway won,,,20
1544120,2026-07-14,male,T20,Hungary,Belgium,"Svanholm Park, Brondby",Brondby,,Hungary,bat,Belgium,WINNER,Belgium won,,,20
1544121,2026-07-14,male,T20,Denmark,Romania,"Svanholm Park, Brondby",Brondby,,Romania,field,Denmark,WINNER,Denmark won,,,20
1538301,2026-07-15,male,T20,Zimbabwe,Bangladesh,"Queens Sports Club, Bulawayo",Bulawayo,,Bangladesh,field,Zimbabwe,WINNER,Zimbabwe won,,,20
1538302,2026-07-17,male,T20,Bangladesh,Zimbabwe,"Queens Sports Club, Bulawayo",Bulawayo,,Zimbabwe,field,Bangladesh,WINNER,Bangladesh won,,,20
1538303,2026-07-19,male,T20,Zimbabwe,Bangladesh,"Queens Sports Club, Bulawayo",Bulawayo,,Zimbabwe,bat,Bangladesh,WINNER,Bangladesh won,,,20
1544599,2026-07-21,female,T20,Hong Kong,Uganda,"High Performance Oval, Windhoek",Windhoek,,Uganda,field,Uganda,WINNER,Uganda won,,,20
1544600,2026-07-21,female,T20,Tanzania,Namibia,"High Performance Oval, Windhoek",Windhoek,,Namibia,field,Namibia,WINNER,Namibia won,,,20
1544601,2026-07-22,female,T20,Namibia,Uganda,"High Performance Oval, Windhoek",Windhoek,,Uganda,field,Namibia,TIED,Tied; Namibia won via Super Over,,Namibia,20
1544602,2026-07-22,female,T20,Hong Kong,Tanzania,"High Performance Oval, Windhoek",Windhoek,,Hong Kong,bat,Hong Kong,WINNER,Hong Kong won,,,20
1530060,2026-07-23,male,T20,Zimbabwe,India,Harare Sports Club,Harare,,India,field,India,WINNER,India won,,,20
1544603,2026-07-24,female,T20,Uganda,Tanzania,"High Performance Oval, Windhoek",Windhoek,,Tanzania,field,Uganda,WINNER,Uganda won,,,20
1544604,2026-07-24,female,T20,Hong Kong,Namibia,"High Performance Oval, Windhoek",Windhoek,,Hong Kong,bat,Namibia,WINNER,Namibia won,,,20
1530061,2026-07-25,male,T20,India,Zimbabwe,Harare Sports Club,Harare,,Zimbabwe,field,India,WINNER,India won,,,20
1544605,2026-07-25,female,T20,Tanzania,Namibia,"High Performance Oval, Windhoek",Windhoek,,Tanzania,bat,Namibia,WINNER,Namibia won,,,20
1544606,2026-07-25,female,T20,Hong Kong,Uganda,"Namibia Cricket Ground, Windhoek",Windhoek,,Uganda,field,Uganda,WINNER,Uganda won,,,20
1546377,2026-07-25,male,T20,France,Romania,"Moara Vlasiei Cricket Ground, Ilfov County",Ilfov County,,France,bat,Romania,WINNER,Romania won,,,20
1546378,2026-07-25,male,T20,Austria,Turkey,"Moara Vlasiei Cricket Ground, Ilfov County",Ilfov County,,Turkey,field,Austria,WINNER,Austria won,,,20
1547107,2026-07-25,female,T20,Estonia,Finland,Estonian National Cricket and Rugby Field,Tallinn,,Estonia,bat,Finland,WINNER,Finland won,,,20
1547108,2026-07-25,female,T20,Estonia,Finland,Estonian National Cricket and Rugby Field,Tallinn,,Estonia,bat,Finland,WINNER,Finland won,,,20
1530062,2026-07-26,male,T20,India,Zimbabwe,Harare Sports Club,Harare,,India,bat,India,WINNER,India won,,,20
1546379,2026-07-26,male,T20,Romania,Austria,"Moara Vlasiei Cricket Ground, Ilfov County",Ilfov County,,Austria,field,Austria,WINNER,Austria won,,,20
1546380,2026-07-26,male,T20,Turkey,Romania,"Moara Vlasiei Cricket Ground, Ilfov County",Ilfov County,,Turkey,bat,Romania,WINNER,Romania won,,,20
1544607,2026-07-27,female,T20,Tanzania,Hong Kong,"Namibia Cricket Ground, Windhoek",Windhoek,,Hong Kong,field,Hong Kong,WINNER,Hong Kong won,,,20
1544608,2026-07-27,female,T20,Uganda,Namibia,"Namibia Cricket Ground, Windhoek",Windhoek,,Namibia,field,Namibia,WINNER,Namibia won,,,20
1546381,2026-07-27,male,T20,France,Turkey,"Moara Vlasiei Cricket Ground, Ilfov County",Ilfov County,,France,bat,France,WINNER,France won,,,20
1546382,2026-07-27,male,T20,Israel,Romania,"Moara Vlasiei Cricket Ground, Ilfov County",Ilfov County,,Romania,field,Romania,WINNER,Romania won,,,20
1544609,2026-07-28,female,T20,Hong Kong,Namibia,"Namibia Cricket Ground, Windhoek",Windhoek,,Namibia,field,Namibia,WINNER,Namibia won,,,20
1544610,2026-07-28,female,T20,Uganda,Tanzania,"Namibia Cricket Ground, Windhoek",Windhoek,,Tanzania,field,Uganda,WINNER,Uganda won,Awarded,,20
1546383,2026-07-28,male,T20,Israel,Austria,"Moara Vlasiei Cricket Ground, Ilfov County",Ilfov County,,Israel,bat,Austria,WINNER,Austria won,,,20
1546384,2026-07-28,male,T20,Turkey,Israel,"Moara Vlasiei Cricket Ground, Ilfov County",Ilfov County,,Israel,field,Turkey,WINNER,Turkey won,D/L,,20
1546385,2026-07-28,male,T20,France,Austria,"Moara Vlasiei Cricket Ground, Ilfov County",Ilfov County,,France,bat,France,WINNER,France won,,,20
1544142,2026-07-29,female,T20,Canada,Argentina,"St George's College Ground, Buenos Aires",Buenos Aires,,Argentina,field,Argentina,WINNER,Argentina won,,,20
1546386,2026-07-29,male,T20,Israel,France,"Moara Vlasiei Cricket Ground, Ilfov County",Ilfov County,,Israel,bat,France,WINNER,France won,,,20
1546387,2026-07-29,male,T20,Turkey,France,"Moara Vlasiei Cricket Ground, Ilfov County",Ilfov County,,Turkey,bat,France,WINNER,France won,,,20
1544143,2026-07-30,female,T20,Canada,Argentina,"St George's College Ground, Buenos Aires",Buenos Aires,,Argentina,field,Argentina,WINNER,Argentina won,,,20
1544611,2026-07-30,female,T20,Hong Kong,Tanzania,"Namibia Cricket Ground, Windhoek",Windhoek,,Tanzania,field,Tanzania,WINNER,Tanzania won,,,20
1544612,2026-07-30,female,T20,Uganda,Namibia,"Namibia Cricket Ground, Windhoek",Windhoek,,Namibia,field,Uganda,WINNER,Uganda won,,,20
1546388,2026-07-30,male,T20,Austria,Romania,"Moara Vlasiei Cricket Ground, Ilfov County",Ilfov County,,Romania,field,Romania,WINNER,Romania won,,,20
1546389,2026-07-30,male,T20,France,Romania,"Moara Vlasiei Cricket Ground, Ilfov County",Ilfov County,,France,bat,France,WINNER,France won,,,20
1540543,2026-07-31,female,T20,Pakistan,Sri Lanka,Rangiri Dambulla International Stadium,Dambulla,,Sri Lanka,field,Sri Lanka,WINNER,Sri Lanka won,,,20
1544144,2026-07-31,female,T20,Argentina,Canada,"St George's College Ground, Buenos Aires",Buenos Aires,,Canada,field,,NO_RESULT,No result,,,20
1548122,2026-07-31,male,T20,Bahrain,Kenya,"Gymkhana Club Ground, Nairobi",Nairobi,,Bahrain,bat,Bahrain,WINNER,Bahrain won,,,20
1544145,2026-08-01,female,T20,Argentina,Canada,"St George's College Ground, Buenos Aires",Buenos Aires,,Canada,field,Argentina,WINNER,Argentina won,,,20
1544146,2026-08-01,female,T20,Argentina,Canada,"St George's College Ground, Buenos Aires",Buenos Aires,,Argentina,bat,Canada,WINNER,Canada won,,,20
1548123,2026-08-01,male,T20,Bahrain,Kenya,"Gymkhana Club Ground, Nairobi",Nairobi,,Kenya,field,Kenya,WINNER,Kenya won,,,20
1540544,2026-08-02,female,T20,Pakistan,Sri Lanka,Rangiri Dambulla International Stadium,Dambulla,,Pakistan,bat,Sri Lanka,WINNER,Sri Lanka won,,,20
1544147,2026-08-02,female,T20,Argentina,Canada,"St George's College Ground, Buenos Aires",Buenos Aires,,Canada,field,Argentina,WINNER,Argentina won,,,20
1544148,2026-08-02,female,T20,Canada,Argentina,"St George's College Ground, Buenos Aires",Buenos Aires,,Canada,bat,Argentina,WINNER,Argentina won,,,20
1540545,2026-08-04,female,T20,Sri Lanka,Pakistan,Rangiri Dambulla International Stadium,Dambulla,,Pakistan,field,Pakistan,WINNER,Pakistan won,,,20
1545655,2026-08-06,male,T20,Mexico,Panama,"Los Pinos Polo Club 1, Cundinamarca",Bogota,,Panama,field,Panama,WINNER,Panama won,,,20
1545656,2026-08-07,male,T20,Panama,Brazil,"Los Pinos Polo Club 1, Cundinamarca",Bogota,,Brazil,field,Brazil,WINNER,Brazil won,,,20
1545657,2026-08-08,male,T20,Brazil,Mexico,"Los Pinos Polo Club 1, Cundinamarca",Bogota,,Mexico,field,Brazil,WINNER,Brazil won,,,20
1545658,2026-08-08,male,T20,Peru,Panama,"Los Pinos Polo Club 2, Cundinamarca",Bogota,,Panama,field,Panama,WINNER,Panama won,,,20
1545659,2026-08-08,male,T20,Mexico,Peru,"Los Pinos Polo Club 1, Cundinamarca",Bogota,,Mexico,bat,Mexico,WINNER,Mexico won,,,20
1549355,2026-08-09,male,T20,Brazil,Panama,"Los Pinos Polo Club 1, Cundinamarca",Bogota,,Panama,field,Brazil,WINNER,Brazil won,,,20
1549208,2026-08-10,female,T20,Thailand,Papua New Guinea,"Amini Park, Port Moresby",Port Moresby,,Thailand,bat,Papua New Guinea,WINNER,Papua New Guinea won,,,20
1547089,2026-08-11,male,T20,Zambia,Rwanda,"TCA Oval, Blantyre",Blantyre,,Rwanda,field,Rwanda,WINNER,Rwanda won,,,20
1547090,2026-08-11,male,T20,Malawi,Zambia,"TCA Oval, Blantyre",Blantyre,,Zambia,field,Malawi,WINNER,Malawi won,,,20
1549209,2026-08-11,female,T20,Papua New Guinea,Thailand,"Amini Park, Port Moresby",Port Moresby,,Papua New Guinea,bat,Thailand,WINNER,Thailand won,,,20
1549394,2026-08-11,male,T20,Germany,Finland,Kerava National Cricket Ground,Kerava,,Germany,bat,Germany,WINNER,Germany won,D/L,,20
1547091,2026-08-12,male,T20,Malawi,Rwanda,"TCA Oval, Blantyre",Blantyre,,Rwanda,field,Rwanda,WINNER,Rwanda won,,,20
1547092,2026-08-12,male,T20,Zambia,Rwanda,"TCA Oval, Blantyre",Blantyre,,Zambia,bat,Zambia,WINNER,Zambia won,,,20
1545660,2026-08-14,male,T20,Finland,Spain,Kerava National Cricket Ground,Kerava,,Spain,field,Spain,WINNER,Spain won,,,20
1545661,2026-08-14,male,T20,Portugal,Israel,Tikkurila Cricket Ground,Vantaa,,Israel,field,Portugal,WINNER,Portugal won,,,20
1545662,2026-08-14,male,T20,Luxembourg,Isle of Man,Kerava National Cricket Ground,Kerava,,Isle of Man,field,Isle of Man,WINNER,Isle of Man won,,,20
1545663,2026-08-14,male,T20,Germany,Czech Republic,Tikkurila Cricket Ground,Vantaa,,Germany,bat,Germany,WINNER,Germany won,,,20
1547094,2026-08-14,male,T20,Malawi,Rwanda,"TCA Oval, Blantyre",Blantyre,,Rwanda,field,Malawi,WINNER,Malawi won,,,20
1545664,2026-08-15,male,T20,Greece,Czech Republic,Kerava National Cricket Ground,Kerava,,Greece,bat,Czech Republic,WINNER,Czech Republic won,,,20
1545665,2026-08-15,male,T20,Isle of Man,Spain,Tikkurila Cricket Ground,Vantaa,,Spain,field,Spain,WINNER,Spain won,,,20
1545666,2026-08-15,male,T20,Germany,Portugal,Kerava National Cricket Ground,Kerava,,Portugal,field,Portugal,WINNER,Portugal won,,,20
1545667,2026-08-15,male,T20,Finland,Bulgaria,Tikkurila Cricket Ground,Vantaa,,Bulgaria,field,Finland,WINNER,Finland won,,,20
1547095,2026-08-15,male,T20,Rwanda,Zambia,"TCA Oval, Blantyre",Blantyre,,Zambia,field,Zambia,WINNER,Zambia won,,,20
1547096,2026-08-15,male,T20,Zambia,Malawi,"TCA Oval, Blantyre",Blantyre,,Zambia,bat,Zambia,WINNER,Zambia won,,,20
1547097,2026-08-16,male,T20,Malawi,Rwanda,"TCA Oval, Blantyre",Blantyre,,Malawi,bat,Rwanda,WINNER,Rwanda won,,,20
1545668,2026-08-17,male,T20,Israel,Germany,Kerava National Cricket Ground,Kerava,,Israel,bat,Germany,WINNER,Germany won,,,20
1545669,2026-08-17,male,T20,Isle of Man,Bulgaria,Tikkurila Cricket Ground,Vantaa,,Bulgaria,field,Isle of Man,WINNER,Isle of Man won,,,20
1545670,2026-08-17,male,T20,Greece,Portugal,Kerava National Cricket Ground,Kerava,,Portugal,field,Portugal,WINNER,Portugal won,,,20
1545671,2026-08-17,male,T20,Spain,Luxembourg,Tikkurila Cricket Ground,Vantaa,,Luxembourg,field,Spain,WINNER,Spain won,,,20
1545672,2026-08-18,male,T20,Greece,Germany,Kerava National Cricket Ground,Kerava,,Germany,field,Germany,WINNER,Germany won,,,20
1545673,2026-08-18,male,T20,Finland,Luxembourg,Tikkurila Cricket Ground,Vantaa,,Finland,bat,Finland,WINNER,Finland won,,,20
1545674,2026-08-18,male,T20,Czech Republic,Israel,Kerava National Cricket Ground,Kerava,,Czech Republic,bat,Israel,WINNER,Israel won,,,20
1545675,2026-08-18,male,T20,Bulgaria,Spain,Tikkurila Cricket Ground,Vantaa,,Bulgaria,bat,Spain,WINNER,Spain won,,,20
1545676,2026-08-20,male,T20,Bulgaria,Luxembourg,Kerava National Cricket Ground,Kerava,,Luxembourg,field,Bulgaria,WINNER,Bulgaria won,D/L,,20
1545677,2026-08-20,male,T20,Portugal,Czech Republic,Tikkurila Cricket Ground,Vantaa,,Portugal,bat,Portugal,WINNER,Portugal won,D/L,,20
1545679,2026-08-20,male,T20,Israel,Greece,Tikkurila Cricket Ground,Vantaa,,Greece,field,Israel,WINNER,Israel won,D/L,,20
1545680,2026-08-21,male,T20,Germany,Finland,Kerava National Cricket Ground,Kerava,,Germany,bat,Germany,WINNER,Germany won,,,20
1545681,2026-08-21,male,T20,Bulgaria,Czech Republic,Tikkurila Cricket Ground,Vantaa,,Czech Republic,field,Czech Republic,WINNER,Czech Republic won,,,20
1545682,2026-08-21,male,T20,Israel,Isle of Man,Tikkurila Cricket Ground,Vantaa,,Isle of Man,field,Isle of Man,WINNER,Isle of Man won,,,20
1545683,2026-08-21,male,T20,Portugal,Spain,Kerava National Cricket Ground,Kerava,,Spain,field,Portugal,WINNER,Portugal won,,,20
1548522,2026-08-22,female,T20,Belgium,Luxembourg,Pierre Werner Cricket Ground,Walferdange,,Luxembourg,field,Belgium,WINNER,Belgium won,,,20
1548523,2026-08-22,female,T20,Belgium,Luxembourg,Pierre Werner Cricket Ground,Walferdange,,Luxembourg,field,Luxembourg,WINNER,Luxembourg won,D/L,,20
1548524,2026-08-23,female,T20,Belgium,Luxembourg,Pierre Werner Cricket Ground,Walferdange,,Luxembourg,field,Luxembourg,WINNER,Luxembourg won,,,20
1548525,2026-08-23,female,T20,Luxembourg,Belgium,Pierre Werner Cricket Ground,Walferdange,,Belgium,field,Luxembourg,WINNER,Luxembourg won,,,20
1549194,2026-08-26,female,T20,Austria,Turkey,"Moara Vlasiei Cricket Ground, Ilfov County",Ilfov County,,Turkey,field,Turkey,WINNER,Turkey won,,,20
1549195,2026-08-26,female,T20,Romania,Isle of Man,"Moara Vlasiei Cricket Ground, Ilfov County",Ilfov County,,Romania,bat,Isle of Man,WINNER,Isle of Man won,,,20
1549196,2026-08-26,female,T20,Austria,Guernsey,"Moara Vlasiei Cricket Ground, Ilfov County",Ilfov County,,Guernsey,field,Austria,WINNER,Austria won,,,20
1549197,2026-08-27,female,T20,Greece,Isle of Man,"Moara Vlasiei Cricket Ground, Ilfov County",Ilfov County,,Greece,bat,Isle of Man,WINNER,Isle of Man won,,,20
1549198,2026-08-27,female,T20,Czech Republic,Turkey,"Moara Vlasiei Cricket Ground, Ilfov County",Ilfov County,,Turkey,field,Turkey,WINNER,Turkey won,,,20
1548658,2026-08-28,female,T20,Germany,Sweden,"GelsenTrabPark, Gelsenkirchen",Gelsenkirchen,,Sweden,field,Sweden,WINNER,Sweden won,D/L,,20
1548659,2026-08-28,female,T20,Sweden,Denmark,"GelsenTrabPark, Gelsenkirchen",Gelsenkirchen,,Denmark,field,Sweden,WINNER,Sweden won,,,20
1548891,2026-08-28,female,T20,Thailand,Hong Kong,Dubai International Cricket Stadium,Dubai,,Hong Kong,field,Thailand,WINNER,Thailand won,,,20
1549200,2026-08-28,female,T20,Romania,Greece,"Moara Vlasiei Cricket Ground, Ilfov County",Ilfov County,,Romania,bat,Romania,WINNER,Romania won,,,20
1549201,2026-08-28,female,T20,Turkey,Guernsey,"Moara Vlasiei Cricket Ground, Ilfov County",Ilfov County,,Turkey,bat,Turkey,WINNER,Turkey won,,,20
1549202,2026-08-28,female,T20,Czech Republic,Austria,"Moara Vlasiei Cricket Ground, Ilfov County",Ilfov County,,Czech Republic,bat,Austria,WINNER,Austria won,,,20
1549524,2026-08-28,male,T20,Namibia,South Africa,"Namibia Cricket Ground, Windhoek",Windhoek,,South Africa,field,Namibia,WINNER,Namibia won,,,20
1548660,2026-08-29,female,T20,Germany,Denmark,"GelsenTrabPark, Gelsenkirchen",Gelsenkirchen,,Germany,bat,Denmark,WINNER,Denmark won,,,20
1548661,2026-08-29,female,T20,Sweden,Germany,"GelsenTrabPark, Gelsenkirchen",Gelsenkirchen,,Sweden,bat,,NO_RESULT,No result,,,20
1548892,2026-08-29,female,T20,United Arab Emirates,Sri Lanka,Dubai International Cricket Stadium,Dubai,,Sri Lanka,field,Sri Lanka,WINNER,Sri Lanka won,,,20
1549203,2026-08-29,female,T20,Greece,Norway,"Moara Vlasiei Cricket Ground, Ilfov County",Ilfov County,,Norway,field,Norway,WINNER,Norway won,,,20
1549204,2026-08-29,female,T20,Czech Republic,Guernsey,"Moara Vlasiei Cricket Ground, Ilfov County",Ilfov County,,Guernsey,field,Guernsey,WINNER,Guernsey won,,,20
1549205,2026-08-29,female,T20,Isle of Man,Norway,"Moara Vlasiei Cricket Ground, Ilfov County",Ilfov County,,Norway,field,Isle of Man,WINNER,Isle of Man won,,,20
1549525,2026-08-29,male,T20,Zimbabwe,South Africa,"Namibia Cricket Ground, Windhoek",Windhoek,,Zimbabwe,bat,South Africa,WINNER,South Africa won,,,20
1548663,2026-08-30,female,T20,Germany,Denmark,"GelsenTrabPark, Gelsenkirchen",Gelsenkirchen,,Denmark,field,Germany,WINNER,Germany won,,,20
1548893,2026-08-30,female,T20,India,Thailand,Dubai International Cricket Stadium,Dubai,,Thailand,field,India,WINNER,India won,,,20
1549206,2026-08-30,female,T20,Norway,Austria,"Moara Vlasiei Cricket Ground, Ilfov County",Ilfov County,,Austria,field,Austria,WINNER,Austria won,,,20
1549207,2026-08-30,female,T20,Isle of Man,Turkey,"Moara Vlasiei Cricket Ground, Ilfov County",Ilfov County,,Turkey,field,Turkey,WINNER,Turkey won,,,20
1548894,2026-08-31,female,T20,Bangladesh,Indonesia,Dubai International Cricket Stadium,Dubai,,Indonesia,field,Bangladesh,WINNER,Bangladesh won,,,20
1549526,2026-08-31,male,T20,Zimbabwe,Namibia,"Namibia Cricket Ground, Windhoek",Windhoek,,Namibia,field,Zimbabwe,WINNER,Zimbabwe won,,,20
1548895,2026-09-01,female,T20,Pakistan,Thailand,Dubai International Cricket Stadium,Dubai,,Pakistan,bat,Pakistan,WINNER,Pakistan won,,,20
1549527,2026-09-01,male,T20,South Africa,Zimbabwe,"Namibia Cricket Ground, Windhoek",Windhoek,,South Africa,bat,South Africa,WINNER,South Africa won,,,20
1548896,2026-09-02,female,T20,Sri Lanka,Indonesia,Dubai International Cricket Stadium,Dubai,,Indonesia,field,Sri Lanka,WINNER,Sri Lanka won,,,20
1548897,2026-09-03,female,T20,India,Hong Kong,Dubai International Cricket Stadium,Dubai,,Hong Kong,field,India,WINNER,India won,,,20
1549528,2026-09-03,male,T20,Namibia,Zimbabwe,"Namibia Cricket Ground, Windhoek",Windhoek,,Zimbabwe,field,Zimbabwe,WINNER,Zimbabwe won,,,20
1548898,2026-09-04,female,T20,Indonesia,United Arab Emirates,Dubai International Cricket Stadium,Dubai,,United Arab Emirates,field,United Arab Emirates,WINNER,United Arab Emirates won,,,20
1549529,2026-09-04,male,T20,South Africa,Namibia,"Namibia Cricket Ground, Windhoek",Windhoek,,Namibia,field,South Africa,WINNER,South Africa won,,,20
1551066,2026-09-04,female,T20,Croatia,Serbia,Lisicji Jarak Cricket Ground,Belgrade,,Serbia,field,Croatia,WINNER,Croatia won,,,20
1551067,2026-09-04,female,T20,Croatia,Bulgaria,Lisicji Jarak Cricket Ground,Belgrade,,Croatia,bat,Croatia,WINNER,Croatia won,,,20
1551072,2026-09-04,female,T20,Portugal,Belgium,"Scott Page Field, Vinor",Prague,,Portugal,bat,Portugal,WINNER,Portugal won,,,20
1551073,2026-09-04,female,T20,Portugal,Czech Republic,"Scott Page Field, Vinor",Prague,,Czech Republic,field,Czech Republic,WINNER,Czech Republic won,,,20
1551074,2026-09-04,female,T20,Czech Republic,Belgium,"Scott Page Field, Vinor",Prague,,Belgium,field,Czech Republic,WINNER,Czech Republic won,,,20
1548899,2026-09-05,female,T20,Pakistan,India,Dubai International Cricket Stadium,Dubai,,Pakistan,bat,India,WINNER,India won,,,20
1551069,2026-09-05,female,T20,Bulgaria,Serbia,Lisicji Jarak Cricket Ground,Belgrade,,Bulgaria,bat,Serbia,WINNER,Serbia won,,,20
1551075,2026-09-05,female,T20,Belgium,Portugal,"Scott Page Field, Vinor",Prague,,Belgium,bat,Portugal,WINNER,Portugal won,,,20
1551076,2026-09-05,female,T20,Belgium,Czech Republic,"Scott Page Field, Vinor",Prague,,Belgium,bat,Czech Republic,WINNER,Czech Republic won,,,20
1551077,2026-09-05,female,T20,Portugal,Czech Republic,"Scott Page Field, Vinor",Prague,,Czech Republic,field,Czech Republic,WINNER,Czech Republic won,,,20
1548900,2026-09-06,female,T20,Bangladesh,Sri Lanka,Dubai International Cricket Stadium,Dubai,,Sri Lanka,field,Sri Lanka,WINNER,Sri Lanka won,,,20
1549530,2026-09-06,male,T20,South Africa,Zimbabwe,"Namibia Cricket Ground, Windhoek",Windhoek,,South Africa,bat,South Africa,WINNER,South Africa won,,,20
1551070,2026-09-06,female,T20,Serbia,Croatia,Lisicji Jarak Cricket Ground,Belgrade,,Serbia,bat,Croatia,WINNER,Croatia won,,,20
1551071,2026-09-06,female,T20,Bulgaria,Serbia,Lisicji Jarak Cricket Ground,Belgrade,,Bulgaria,bat,Serbia,WINNER,Serbia won,,,20
1551078,2026-09-06,female,T20,Belgium,Portugal,"Scott Page Field, Vinor",Prague,,Belgium,bat,Portugal,WINNER,Portugal won,,,20
1551079,2026-09-06,female,T20,Czech Republic,Portugal,"Scott Page Field, Vinor",Prague,,Portugal,field,Portugal,WINNER,Portugal won,,,20
1548901,2026-09-07,female,T20,Pakistan,Hong Kong,Dubai International Cricket Stadium,Dubai,,Pakistan,bat,Pakistan,WINNER,Pakistan won,,,20
1548902,2026-09-08,female,T20,Bangladesh,United Arab Emirates,Dubai International Cricket Stadium,Dubai,,United Arab Emirates,field,Bangladesh,WINNER,Bangladesh won,,,20
1552906,2026-09-08,male,T20,Rwanda,Botswana,"Gahanga B Ground, Rwanda",Kigali City,,Botswana,field,Rwanda,WINNER,Rwanda won,,,20
1552907,2026-09-08,male,T20,Kenya,Sierra Leone,"Gahanga B Ground, Rwanda",Kigali City,,Kenya,bat,Kenya,WINNER,Kenya won,,,20
1552908,2026-09-09,male,T20,Uganda,Sierra Leone,"Gahanga B Ground, Rwanda",Kigali City,,Uganda,bat,Uganda,WINNER,Uganda won,,,20
1552909,2026-09-09,male,T20,Rwanda,Kenya,"Gahanga B Ground, Rwanda",Kigali City,,Rwanda,bat,Kenya,WINNER,Kenya won,,,20
