player_id,player_external_id,player_name,gender,team_name,matches,batting_innings,runs,balls_faced,highest_score,not_outs,fours,sixes,fifties,centuries,batting_average,strike_rate,bowling_innings,balls_bowled,wickets,runs_conceded,economy,bowling_average,best_bowling_wickets,five_wicket_hauls
,5d2eda89,S Mandhana,female,India,151,151,4379,3402,124,14,600,93,34,2,31.96,128.72,0,0,0,0,0.0,,0,0
,52d1dbc8,BL Mooney,female,Australia,117,117,3739,2923,117,27,486,20,31,2,41.54,127.92,0,0,0,0,0.0,,0,0
,ac56b5a7,AC Jayangani,female,Sri Lanka,134,133,3621,3037,119,9,484,102,14,4,29.2,119.23,93,1552,74,1717,6.64,23.2,7,1
,a139c379,DN Wyatt,female,England,154,145,3465,2589,124,12,445,47,23,3,26.05,133.84,28,532,27,476,5.37,17.63,3,0
,53cd8da6,H Kaur,female,India,146,142,3372,2918,103,32,338,69,15,1,30.65,115.56,44,491,26,525,6.42,20.19,4,0
,89bbc67a,SW Bates,female,New Zealand,121,117,3207,2905,124,11,352,28,18,1,30.25,110.4,50,613,25,676,6.62,27.04,3,0
,d32cf49a,HK Matthews,female,West Indies,115,115,3188,2724,132,11,418,53,21,3,30.65,117.03,109,2173,119,2278,6.29,19.14,4,0
,fdc6b34d,ER Oza,female,United Arab Emirates,109,108,3133,2605,158,16,374,57,12,5,34.05,120.27,90,1577,97,1314,5.0,13.55,3,0
,1b9d1579,GH Lewis,female,Ireland,112,112,3109,2633,119,14,440,27,20,2,31.72,118.08,5,66,2,86,7.82,43.0,2,0
,f3a18a0c,NR Sciver,female,England,129,126,3061,2511,82,29,363,19,20,0,31.56,121.9,110,1764,80,1947,6.62,24.34,4,0
,de69af96,SFM Devine,female,New Zealand,113,112,3006,2387,105,15,285,106,22,1,30.99,125.93,98,1570,90,1884,7.2,20.93,4,0
,d8f59089,Shafali Verma,female,India,113,113,3005,2177,81,6,388,88,19,0,28.08,138.03,30,356,17,377,6.35,22.18,3,0
,e60f81c9,L Wolvaardt,female,South Africa,94,94,2833,2315,115,21,333,40,16,3,38.81,122.38,0,0,0,0,0.0,,0,0
,cb08b611,JI Rodrigues,female,India,117,117,2788,2351,76,22,317,25,16,0,29.35,118.59,5,54,1,50,5.56,50.0,1,0
,321644de,AJ Healy,female,Australia,117,117,2710,2074,148,15,371,51,15,1,26.57,130.67,0,0,0,0,0.0,,0,0
,82c78412,N Koncharoenkai,female,Thailand,116,116,2601,2787,75,30,279,0,12,0,30.24,93.33,0,0,0,0,0.0,,0,0
,27e003ce,MM Lanning,female,Australia,89,89,2538,2194,133,25,305,37,12,1,39.66,115.68,1,12,1,11,5.5,11.0,1,0
,4ba0289e,HC Knight,female,England,126,118,2522,2062,108,29,272,37,10,1,28.34,122.31,39,495,16,511,6.19,31.94,3,0
,3827f6a2,Nigar Sultana,female,Bangladesh,113,113,2521,2638,113,25,249,24,13,1,28.65,95.56,0,0,0,0,0.0,,0,0
,ee3dcb3f,Theertha Satish,female,United Arab Emirates,95,95,2325,2068,93,26,280,10,13,0,33.7,112.43,0,0,0,0,0.0,,0,0
,3b770527,Bismah Maroof,female,Pakistan,103,102,2259,2433,68,23,193,0,9,0,28.59,92.85,44,586,26,593,6.07,22.81,3,0
,b5626ff7,N Chantam,female,Thailand,104,104,2203,2223,148,22,266,27,8,1,26.87,99.1,0,0,0,0,0.0,,0,0
,92cf79a8,SR Taylor,female,West Indies,85,84,2195,2198,78,17,216,34,10,0,32.76,99.86,51,956,51,953,5.98,18.69,4,0
,be150fc8,EA Perry,female,Australia,134,103,2179,1803,75,34,211,46,10,0,31.58,120.85,98,1618,87,1590,5.9,18.28,4,0
,06659caa,T Brits,female,South Africa,80,80,2133,1969,114,15,235,32,16,1,32.82,108.33,0,0,0,0,0.0,,0,0
,53bee17f,DJS Dottin,female,West Indies,93,90,2086,1708,90,12,191,87,10,0,26.74,122.13,51,869,54,1079,7.45,19.98,5,1
,7673c908,AC Kerr,female,New Zealand,102,82,2049,1723,105,17,242,5,7,2,31.52,118.92,101,2225,111,2280,6.15,20.54,4,0
,d8f20ba5,O Prendergast,female,Ireland,85,82,2047,1658,80,14,233,32,14,0,30.1,123.46,73,1397,69,1341,5.76,19.43,4,0
,bf5e7711,M Hill,female,Hong Kong,90,90,1979,2020,106,7,216,29,8,2,23.84,97.97,52,876,42,742,5.08,17.67,5,1
,2b150c6b,SL Kalis,female,Netherlands,64,64,1953,1850,126,10,233,12,11,1,36.17,105.57,3,60,4,47,4.7,11.75,2,0
,b2664905,TT Beaumont,female,England,81,81,1893,1665,116,8,232,22,11,1,25.93,113.69,0,0,0,0,0.0,,0,0
,85021bcd,H Madavi,female,Sri Lanka,85,85,1890,1851,86,16,198,20,9,0,27.39,102.11,0,0,0,0,0.0,,0,0
,2ca65aee,SJ Bryce,female,Scotland,80,80,1870,1651,67,19,211,18,5,0,30.66,113.26,0,0,0,0,0.0,,0,0
,86fdf668,Muneeba Ali,female,Pakistan,95,95,1858,1822,102,6,222,16,4,2,20.88,101.98,0,0,0,0,0.0,,0,0
,b05e45e4,AE Jones,female,England,108,108,1855,1507,89,19,214,23,7,0,20.84,123.09,0,0,0,0,0.0,,0,0
,ade5c0c0,Yasmeen Khan,female,Namibia,96,96,1811,1808,78,13,192,29,8,0,21.82,100.17,6,78,0,81,6.23,,0,0
,0825e4b3,N Chaiwai,female,Thailand,99,99,1801,2150,83,23,149,7,5,0,23.7,83.77,0,0,0,0,0.0,,0,0
,d27d0835,NT Miles,female,Hong Kong,82,82,1801,2003,100,15,177,14,8,1,26.88,89.92,0,0,0,0,0.0,,0,0
,6d76bc23,S Luus,female,South Africa,121,104,1799,1590,81,25,194,24,8,0,22.77,113.14,73,980,39,1126,6.89,28.87,5,1
,ed840f44,Nida Dar,female,Pakistan,126,113,1796,1737,75,19,155,33,7,0,19.11,103.4,122,2467,111,2456,5.97,22.13,5,1
,b3020075,B de Leede,female,Netherlands,91,91,1748,1770,82,14,196,9,9,0,22.7,98.76,0,0,0,0,0.0,,0,0
,7b01ce83,L Lee,female,South Africa,71,71,1658,1438,101,6,205,44,11,1,25.51,115.3,2,18,0,22,7.33,,0,0
,f13d3eba,KE Bryce,female,Scotland,64,62,1648,1485,73,15,203,15,13,0,35.06,110.98,63,1275,73,1102,5.19,15.1,4,0
,e8fa03ed,A Hunter,female,Ireland,66,66,1645,1439,114,10,182,18,6,2,29.38,114.32,0,0,0,0,0.0,,0,0
,5bb904d4,KKN Egodage,female,United Arab Emirates,75,73,1643,1855,92,20,160,5,6,0,31.0,88.57,44,748,39,630,5.05,16.15,3,0
,bc969efb,A Gardner,female,Australia,104,84,1633,1251,93,21,176,49,9,0,25.92,130.54,93,1636,84,1816,6.66,21.62,5,1
,8c5775f3,D van Niekerk,female,South Africa,67,64,1633,1685,72,9,167,29,8,0,29.69,96.91,58,1059,51,964,5.46,18.9,4,0
,63e3b6b3,M Kapp,female,South Africa,101,84,1498,1384,81,12,137,19,6,0,20.81,108.24,94,1909,87,1779,5.59,20.45,4,0
,857de42e,Mas Elysa,female,Malaysia,89,87,1488,1654,67,13,138,5,7,0,20.11,89.96,46,763,36,717,5.64,19.92,3,0
,b4f73b44,L Delany,female,Ireland,107,90,1487,1610,91,21,132,7,4,0,21.55,92.36,90,1499,84,1545,6.18,18.39,4,0
,42e4b276,R Rijke,female,Netherlands,93,91,1486,1451,84,21,148,11,3,0,21.23,102.41,36,546,31,489,5.37,15.77,4,0
,531aef3b,SA Wittmann,female,Namibia,88,87,1481,1553,93,6,191,24,8,0,18.28,95.36,50,773,36,661,5.13,18.36,5,1
,3a9e9cb2,SIR Dunkley,female,England,70,68,1463,1174,81,11,179,25,7,0,25.67,124.62,2,24,1,13,3.25,13.0,1,0
,2038a273,Y Daswani,female,Hong Kong,79,79,1414,1636,84,27,133,1,5,0,27.19,86.43,0,0,0,0,0.0,,0,0
,6348c6e9,KY Chan,female,Hong Kong,95,85,1405,1471,87,11,131,11,3,0,18.99,95.51,95,1955,132,1525,4.68,11.55,5,4
,f0b4294e,NND de Silva,female,Sri Lanka,96,93,1405,1364,63,28,99,17,3,0,21.62,103.01,23,271,14,265,5.87,18.93,3,0
,a7cd72b2,SA Campbelle,female,West Indies,98,94,1389,1480,90,16,118,21,1,0,17.81,93.85,16,307,11,294,5.75,26.73,2,0
,2904b4b6,Aliya Riaz,female,Pakistan,97,93,1365,1377,57,25,128,27,2,0,20.07,99.13,28,416,19,562,8.11,29.58,2,0
,7467fe01,WA Duraisingam,female,Malaysia,86,86,1353,1962,73,7,122,0,4,0,17.13,68.96,72,1331,51,1304,5.88,25.57,3,0
,721e0199,RM Ghosh,female,India,76,76,1344,933,64,25,155,46,2,0,26.35,144.05,0,0,0,0,0.0,,0,0
,865eae1f,ML Green,female,New Zealand,93,92,1340,1229,62,24,112,23,2,0,19.71,109.03,4,42,2,38,5.43,19.0,1,0
,e6f36f83,SJ Taylor,female,England,52,52,1323,1153,77,9,150,3,10,0,30.77,114.74,0,0,0,0,0.0,,0,0
,aaa6e84c,J Mbabazi,female,Uganda,94,90,1310,1624,63,11,138,5,4,0,16.58,80.67,77,1512,91,1236,4.9,13.58,4,0
,6657b319,M Mupachikwa,female,Zimbabwe,59,59,1301,1540,75,13,131,0,3,0,28.28,84.48,0,0,0,0,0.0,,0,0
,017cadb2,R Musamali,female,Uganda,89,87,1293,1522,55,23,108,0,1,0,20.2,84.95,32,488,20,462,5.68,23.1,3,0
,ec2269dc,M Raj,female,India,44,44,1280,1309,97,10,143,7,10,0,37.65,97.78,0,0,0,0,0.0,,0,0
,6d48df01,HDJ Siegers,female,Netherlands,68,67,1274,1060,106,3,157,18,3,1,19.91,120.19,42,733,37,752,6.16,20.32,3,0
,4d4605e6,CL Tryon,female,South Africa,108,92,1266,958,57,25,115,46,1,0,18.9,132.15,85,1320,41,1535,6.98,37.44,4,0
,201fef33,DB Sharma,female,India,145,97,1264,1174,64,42,114,8,2,0,22.98,107.67,145,3116,172,3286,6.33,19.1,5,2
,b5ae57ee,G Ishimwe,female,Rwanda,64,64,1254,1324,114,5,136,10,3,1,21.25,94.71,13,196,8,187,5.72,23.38,2,0
,521abce2,I Barma,female,Nepal,89,86,1234,1419,55,18,108,4,1,0,18.15,86.96,46,817,40,625,4.59,15.62,3,0
,2f145a4f,I Nakisuuyi,female,Uganda,79,75,1231,1521,68,13,125,11,2,0,19.85,80.93,58,1116,55,948,5.1,17.24,4,0
,e219f17a,M du Preez,female,South Africa,73,72,1218,1231,59,12,115,15,3,0,20.3,98.94,1,6,0,8,8.0,,0,0
,fa9fdefa,KA Green,female,Namibia,99,87,1202,1389,86,20,123,13,2,0,17.94,86.54,77,1508,71,1106,4.4,15.58,3,0
,d921449d,Javeria Khan,female,Pakistan,70,70,1199,1282,74,6,141,1,5,0,18.73,93.53,3,42,3,38,5.43,12.67,2,0
,d6f9dfd6,HMD Rasangika,female,Bahrain,44,43,1195,1036,161,10,183,2,3,2,36.21,115.35,31,467,20,558,7.17,27.9,3,0
,c1a0cebe,MD Bimenyimana,female,Rwanda,81,71,1194,1604,52,11,122,2,1,0,19.9,74.44,70,1402,87,1027,4.4,11.8,5,2
,cde96d97,EJ Villani,female,Australia,47,47,1188,989,90,9,153,11,10,0,31.26,120.12,0,0,0,0,0.0,,0,0
,8d25271a,K Ndlovu,female,Zimbabwe,65,62,1186,1176,70,8,152,13,4,0,21.96,100.85,44,839,42,843,6.03,20.07,3,0
,99c86133,CS Mugeri-Tiripano,female,Zimbabwe,54,54,1154,1077,80,7,137,7,2,0,24.55,107.15,0,0,0,0,0.0,,0,0
,ca5acfa4,TM McGrath,female,Australia,54,45,1154,873,91,17,158,17,7,0,41.21,132.19,35,381,21,516,8.13,24.57,3,0
,94de63bf,S Mostary,female,Bangladesh,62,62,1136,1176,59,6,113,22,1,0,20.29,96.6,7,48,2,73,9.12,36.5,1,0
,f1328a90,CM Gough,female,Germany,40,37,1115,1127,101,12,105,7,7,1,44.6,98.94,34,609,26,505,4.98,19.42,3,0
,f6ddfe08,C Sutthiruang,female,Thailand,119,98,1108,1246,46,16,108,4,0,0,13.51,88.92,99,1631,72,1235,4.54,17.15,4,0
,d4188b60,CM Edwards,female,England,45,45,1090,1080,77,6,147,3,5,0,27.95,100.93,4,27,0,42,9.33,,0,0
,c3394c16,DEM Carter,female,Scotland,46,45,1056,1017,76,8,121,12,10,0,28.54,103.83,24,330,18,338,6.15,18.78,3,0
,910dd54e,A Capsey,female,England,53,52,1053,859,82,4,130,19,6,0,21.94,122.58,15,156,6,189,7.27,31.5,2,0
,dfdaca74,RC Belbashi,female,Nepal,90,77,1047,1106,118,22,109,16,1,1,19.04,94.67,76,1352,62,985,4.37,15.89,4,0
,c8cdbb92,L Mophakedi,female,Botswana,60,60,1040,1332,67,4,98,0,5,0,18.57,78.08,1,18,0,25,8.33,,0,0
,1c726c76,FO Kibasu,female,Tanzania,46,46,1009,988,127,5,128,0,2,2,24.61,102.13,18,266,17,274,6.18,16.12,4,0
,2e988457,Q Abel,female,Kenya,43,43,1003,908,109,7,132,11,6,1,27.86,110.46,40,817,64,633,4.65,9.89,5,1
,72b5decf,NPAN Sakarini,female,Indonesia,42,42,1000,1196,71,15,93,4,5,0,37.04,83.61,0,0,0,0,0.0,,0,0
,53068b45,GWHM Perera,female,Sri Lanka,77,77,997,1140,65,12,115,4,2,0,15.34,87.46,0,0,0,0,0.0,,0,0
,72b7ed1e,AE Satterthwaite,female,New Zealand,49,49,987,936,71,8,111,6,1,0,24.07,105.45,18,264,11,312,7.09,28.36,2,0
,72c9ad99,Sidra Ameen,female,Pakistan,57,57,974,1094,63,2,106,2,4,0,17.71,89.03,0,0,0,0,0.0,,0,0
,5728635a,W Mwatile,female,Namibia,95,79,973,1136,54,17,84,18,1,0,15.69,85.65,92,1870,75,1412,4.53,18.83,4,0
,6e96c956,Fargana Hoque,female,Bangladesh,56,56,952,1092,110,11,83,5,3,1,21.16,87.18,0,0,0,0,0.0,,0,0
,bb641155,S Mtae,female,Tanzania,52,52,951,892,59,2,114,12,4,0,19.02,106.61,8,84,4,75,5.36,18.75,1,0
,3a6cbb8e,B Tau,female,Papua New Guinea,51,51,942,1045,53,13,114,1,3,0,24.79,90.14,0,0,0,0,0.0,,0,0
,712bbd92,Murshida Khatun,female,Bangladesh,49,49,941,1051,80,5,102,4,6,0,21.39,89.53,0,0,0,0,0.0,,0,0
,dcf0e8f4,A Bosch,female,South Africa,44,43,935,855,74,5,102,15,5,0,24.61,109.36,12,150,8,184,7.36,23.0,2,0
,91d9aa26,S Nampiina,female,Uganda,76,71,932,1037,51,14,98,8,1,0,16.35,89.87,20,345,29,295,5.13,10.17,6,1
,e50c13a5,J Gunasekar,female,Oman,28,27,922,829,101,6,87,5,5,1,43.9,111.22,27,516,24,403,4.69,16.79,2,0
,ffa296f7,H Ishimwe,female,Rwanda,81,72,910,899,67,16,95,8,1,0,16.25,101.22,81,1583,111,1211,4.59,10.91,5,1
,def7b1bb,R Stokell,female,Ireland,69,69,908,880,60,21,94,7,1,0,18.92,103.18,0,0,0,0,0.0,,0,0
,58acb320,N Boochatham,female,Thailand,95,79,900,1134,50,4,103,1,1,0,12.0,79.37,78,1571,89,1171,4.47,13.16,4,0
,47b32a5a,IJR Zwilling,female,Netherlands,92,73,892,950,56,14,81,5,2,0,15.12,93.89,90,1914,101,1726,5.41,17.09,3,0
,9e866b59,RMVD Gunaratne,female,Sri Lanka,58,58,872,989,73,8,100,7,3,0,17.44,88.17,0,0,0,0,0.0,,0,0
,61c22ad0,SR Magar,female,Nepal,69,62,870,1051,82,14,79,8,1,0,18.12,82.78,63,1185,60,952,4.82,15.87,5,2
,b72a8938,JA Diergaardt,female,Namibia,95,83,863,1097,62,17,87,6,1,0,13.08,78.67,69,1193,51,1152,5.79,22.59,4,0
,94b52754,M Musonda,female,Zimbabwe,44,44,859,775,56,7,89,10,4,0,23.22,110.84,0,0,0,0,0.0,,0,0
,4b95058b,Puja Mahato,female,Nepal,64,57,859,1043,63,7,70,7,4,0,17.18,82.36,58,869,42,761,5.25,18.12,3,0
,fcf37e14,P Alako,female,Uganda,59,59,840,923,100,9,83,21,1,1,16.8,91.01,2,36,1,31,5.17,31.0,1,0
,ea544967,N de Klerk,female,South Africa,83,62,837,787,44,27,81,10,0,0,23.91,106.35,76,1353,64,1737,7.7,27.14,3,0
,07248d8e,L Paul,female,Ireland,72,55,836,793,79,12,88,2,3,0,19.44,105.42,36,561,29,552,5.9,19.03,4,0
,d9a2345a,L Barnett,female,Isle of Man,18,18,832,505,123,8,118,17,8,1,83.2,164.75,18,414,16,268,3.88,16.75,3,0
,cf75a839,KJ Martin,female,New Zealand,55,55,830,703,65,18,100,8,4,0,22.43,118.07,0,0,0,0,0.0,,0,0
,ea9c54de,Fatima Sana,female,Pakistan,66,46,824,619,90,19,84,26,3,0,30.52,133.12,63,1234,64,1509,7.34,23.58,4,0
,4c7744de,Ainna Hamizah Hashim,female,Malaysia,86,75,803,1172,61,17,77,4,2,0,13.84,68.52,77,1321,51,1190,5.4,23.33,3,0
,c2554b59,ME Bouchier,female,England,41,41,800,676,91,7,101,6,3,0,23.53,118.34,0,0,0,0,0.0,,0,0
,fa9db243,P Molkenboer,female,Netherlands,57,54,795,838,91,10,99,0,2,0,18.07,94.87,15,228,12,172,4.53,14.33,3,0
,724645f5,Shamima Sultana,female,Bangladesh,50,50,791,821,51,1,109,6,2,0,16.14,96.35,0,0,0,0,0.0,,0,0
,37ceee4e,Aysha,female,Qatar,43,43,770,666,113,5,90,6,1,1,20.26,115.62,38,625,31,671,6.44,21.65,3,0
,090c0213,A Lister,female,Scotland,53,53,753,640,68,5,93,12,3,0,15.69,117.66,0,0,0,0,0.0,,0,0
,c34a15e6,WK Dilhari,female,Sri Lanka,90,67,747,695,51,15,72,5,1,0,14.37,107.48,88,1556,79,1661,6.4,21.03,4,0
,686b7194,Siow Tzin Yee,female,Malaysia,43,43,737,762,69,8,85,1,3,0,21.06,96.72,10,186,14,143,4.61,10.21,5,1
,f1fa1c6b,E Iloku,female,Uganda,52,52,735,992,49,9,69,0,0,0,17.09,74.09,0,0,0,0,0.0,,0,0
,d4f98302,JE Ronalds,female,Germany,36,34,729,844,105,10,48,0,2,1,30.38,86.37,20,409,32,313,4.59,9.78,5,1
,ce291858,Shanzeen Shahzad,female,Hong Kong,71,71,723,986,54,8,63,6,2,0,11.48,73.33,0,0,0,0,0.0,,0,0
,20ace887,N Vare,female,Papua New Guinea,49,49,721,978,75,13,85,1,4,0,20.03,73.72,2,12,1,19,9.5,19.0,1,0
,318a4039,MAA Sanjeewani,female,Sri Lanka,62,62,717,793,61,15,62,3,1,0,15.26,90.42,0,0,0,0,0.0,,0,0
,765a2354,Samjhana Khadka,female,Nepal,55,55,713,693,72,5,92,0,2,0,14.26,102.89,0,0,0,0,0.0,,0,0
,66c1accf,R Andrew,female,Vanuatu,34,34,712,760,85,5,76,5,3,0,24.55,93.68,34,625,30,581,5.58,19.37,3,0
,b4d08794,Maryam Omar,female,Kuwait,46,41,709,914,65,5,67,1,2,0,19.69,77.57,37,706,31,577,4.9,18.61,4,0
,d04fc4a4,NLKWR Dewi,female,Indonesia,44,39,708,699,78,10,74,1,4,0,24.41,101.29,34,614,39,456,4.46,11.69,3,0
,4cf645c9,RMAM Avery,female,Brazil,36,35,703,949,59,15,47,0,2,0,35.15,74.08,18,205,16,173,5.06,10.81,2,0
,b9b32e3c,Mahirah Izzati Ismail,female,Malaysia,75,67,700,1005,48,8,48,0,0,0,11.86,69.65,67,1356,62,1096,4.85,17.68,5,1
,f4b942ae,Priyada Murali,female,Kuwait,53,51,698,997,45,4,71,6,0,0,14.85,70.01,40,617,27,621,6.04,23.0,3,0
,594a0dec,S Sunday,female,Nigeria,45,45,695,744,53,4,79,7,1,0,16.95,93.41,2,18,1,12,4.0,12.0,1,0
,f2670a3d,Dilara Akter,female,Bangladesh,44,44,692,619,51,0,92,11,1,0,15.73,111.79,0,0,0,0,0.0,,0,0
,c4e7749a,K Awino,female,Uganda,60,60,689,1035,95,12,57,0,2,0,14.35,66.57,0,0,0,0,0.0,,0,0
,75820733,CA Henry,female,West Indies,69,60,684,670,51,23,57,15,1,0,18.49,102.09,56,823,31,945,6.89,30.48,3,0
,4e6ef14f,P Litchfield,female,Australia,32,32,680,488,64,8,88,16,3,0,28.33,139.34,0,0,0,0,0.0,,0,0
,575494db,GE Plimmer,female,New Zealand,47,47,679,645,63,5,70,10,3,0,16.17,105.27,0,0,0,0,0.0,,0,0
,efb6cb2a,BM Halliday,female,New Zealand,52,50,676,682,46,8,55,2,0,0,16.1,99.12,12,100,8,113,6.78,14.12,2,0
,bee0c85c,Wan Julia,female,Malaysia,62,62,674,940,52,5,55,0,1,0,11.82,71.7,0,0,0,0,0.0,,0,0
,91d9613e,SM Mayers,female,Zimbabwe,27,27,673,682,71,3,77,6,4,0,28.04,98.68,6,45,2,51,6.8,25.5,1,0
,84fdd3cf,Sharmin Akhter,female,Bangladesh,35,35,673,782,63,3,58,2,2,0,21.03,86.06,0,0,0,0,0.0,,0,0
,d7c6b0fb,RL Haynes,female,Australia,40,39,671,530,69,19,64,10,3,0,33.55,126.6,3,24,0,44,11.0,,0,0
,02610bad,A van der Merwe,female,Namibia,40,40,668,794,57,7,62,3,2,0,20.24,84.13,0,0,0,0,0.0,,0,0
,dbd79036,HASD Siriwardene,female,Sri Lanka,50,46,667,759,46,5,57,6,0,0,16.27,87.88,50,1043,46,1044,6.01,22.7,4,0
,3697a0ff,T Ruma,female,Papua New Guinea,30,30,666,731,66,7,56,13,4,0,28.96,91.11,0,0,0,0,0.0,,0,0
,f4270fc7,NJ Pius,female,Tanzania,47,46,663,804,77,7,65,2,1,0,17.0,82.46,20,259,12,210,4.86,17.5,2,0
,2cbe5db1,HM Omary,female,Tanzania,49,49,662,715,64,11,62,4,2,0,17.42,92.59,1,12,0,7,3.5,,0,0
,7d6ce83f,M Uwase,female,Rwanda,52,52,650,745,62,8,74,2,2,0,14.77,87.25,1,6,0,11,11.0,,0,0
,f20e7e23,M Yanagida,female,Japan,43,42,641,792,67,7,54,3,2,0,18.31,80.93,21,339,17,275,4.87,16.18,4,0
,89895ae1,Shorna Akter,female,Bangladesh,55,52,641,614,60,12,45,12,1,0,16.02,104.4,36,423,23,501,7.11,21.78,5,1
,8e7be59c,PA Chatterji,female,Scotland,77,58,640,665,45,15,60,5,0,0,14.88,96.24,65,990,42,998,6.05,23.76,3,0
,fdd18ca0,V Langiatu,female,Vanuatu,34,34,639,757,71,1,68,8,2,0,19.36,84.41,0,0,0,0,0.0,,0,0
,3b492b8d,Zon Lin,female,Myanmar,33,32,638,669,58,5,65,5,2,0,23.63,95.37,27,385,20,324,5.05,16.2,4,0
,c7c60bc5,Fiza,female,Oman,38,35,634,693,76,6,63,0,1,0,21.86,91.49,16,228,15,198,5.21,13.2,3,0
,a92763ea,Rumana Ahmed,female,Bangladesh,62,51,623,673,50,10,60,4,1,0,15.2,92.57,60,1083,61,1009,5.59,16.54,3,0
,a904600a,N Choden,female,Bhutan,37,37,620,848,78,2,64,2,2,0,17.71,73.11,10,150,10,107,4.28,10.7,3,0
,7d5fef52,W Hornero-Garcia,female,Germany,30,29,615,618,52,5,64,0,4,0,25.62,99.51,11,148,6,216,8.76,36.0,2,0
,d7c02672,CR Pagydyala,female,United States of America,30,28,610,675,81,4,58,2,2,0,25.42,90.37,3,30,4,20,4.0,5.0,3,0
,808bb510,C Uwase,female,Rwanda,58,58,608,707,59,8,62,7,1,0,12.16,86.0,0,0,0,0,0.0,,0,0
,4c8a1197,Erika Oda,female,Japan,35,35,604,658,52,4,74,2,1,0,19.48,91.79,0,0,0,0,0.0,,0,0
,5c30d455,G Voll,female,Australia,19,19,604,393,101,1,84,12,3,1,33.56,153.69,1,6,0,10,10.0,,0,0
,3f2b40f0,Zeefa Jilani,female,Kuwait,46,46,593,731,77,4,67,9,2,0,14.12,81.12,23,361,17,321,5.34,18.88,4,0
,0baa36e0,M Corazon,female,Indonesia,32,28,592,499,74,4,81,9,3,0,24.67,118.64,5,60,4,29,2.9,7.25,3,0
,d034d60a,M Gorases,female,Namibia,61,60,592,823,45,10,53,1,0,0,11.84,71.93,6,60,4,75,7.5,18.75,2,0
,e15f4fa4,Ayesha Zafar,female,Pakistan,36,36,585,522,102,3,76,6,0,1,17.73,112.07,12,156,11,173,6.65,15.73,3,0
,a6898f7a,G Matome,female,Botswana,54,49,579,801,44,18,54,0,0,0,18.68,72.28,53,1083,61,761,4.22,12.48,6,1
,34f86a2d,M Bibi,female,Hong Kong,87,64,578,674,38,18,29,4,0,0,12.57,85.76,72,1089,60,1123,6.19,18.72,4,0
,d2b1f515,A Dercksen,female,South Africa,43,35,575,476,55,11,62,17,2,0,23.96,120.8,26,260,10,356,8.22,35.6,2,0
,760fcf65,D Wangmo,female,Bhutan,31,31,575,755,64,7,46,2,2,0,23.96,76.16,14,234,12,205,5.26,17.08,4,0
,b0dc5d0d,D Dhingra,female,United States of America,34,34,571,623,63,2,56,0,4,0,17.84,91.65,5,54,0,78,8.67,,0,0
,3775b9f9,Vinu Kumar,female,Singapore,44,43,571,775,53,5,45,0,1,0,15.03,73.68,32,504,26,458,5.45,17.62,3,0
,92b9e9af,M Mwatile,female,Namibia,58,54,569,661,60,16,54,7,1,0,14.97,86.08,44,707,46,675,5.73,14.67,3,0
,e2b58daf,RL Blake,female,Romania,9,9,568,387,135,6,79,0,3,2,189.33,146.77,4,46,1,56,7.3,56.0,1,0
,7ccc0a38,RR Seth,female,Singapore,45,45,568,769,57,4,51,4,1,0,13.85,73.86,20,301,14,272,5.42,19.43,4,0
,72166006,GM Harris,female,Australia,36,33,566,361,64,9,57,25,1,0,23.58,156.79,10,150,7,138,5.52,19.71,2,0
,50ee0500,EAJ Richardson,female,Ireland,55,40,565,538,63,6,64,4,2,0,16.62,105.02,51,980,49,986,6.04,20.12,3,0
,b287e7b1,Sana Mir,female,Pakistan,66,52,560,759,48,17,37,0,0,0,16.0,73.78,66,1452,47,1460,6.03,31.06,4,0
,60c250bf,IC Gaze,female,New Zealand,36,36,557,474,85,9,72,3,3,0,20.63,117.51,0,0,0,0,0.0,,0,0
,0b69a844,KJ Garth,female,Ireland,53,33,557,654,51,11,44,2,1,0,25.32,85.17,48,938,39,1044,6.68,26.77,3,0
,5fa7f030,EL Bartram,female,Italy,33,29,556,492,79,6,63,9,3,0,24.17,113.01,28,421,17,446,6.36,26.24,3,0
,992979fa,GK Diviya,female,Singapore,45,42,548,869,45,9,40,0,0,0,16.61,63.06,42,821,34,570,4.17,16.76,4,0
,552f664a,Kycia A Knight,female,West Indies,41,41,546,629,62,9,43,7,1,0,17.06,86.8,0,0,0,0,0.0,,0,0
,e565ceb7,L Jack,female,Scotland,46,46,546,639,57,11,48,0,2,0,15.6,85.45,0,0,0,0,0.0,,0,0
,72eada4c,P Maya,female,Thailand,89,56,543,633,35,13,53,1,0,0,12.63,85.78,80,1251,73,1155,5.54,15.82,5,1
,639000b6,CN Nation,female,West Indies,40,40,537,604,63,7,39,9,2,0,16.27,88.91,2,48,3,45,5.62,15.0,2,0
,b9164a9b,AJ Blackwell,female,Australia,36,36,529,588,61,12,35,0,1,0,22.04,89.97,0,0,0,0,0.0,,0,0
,6a434bd3,KH Brunt,female,England,86,50,528,454,42,19,43,9,0,0,17.03,116.3,86,1795,88,1763,5.89,20.03,4,0
,53a5767d,T Chetty,female,South Africa,38,38,525,616,51,2,45,1,1,0,14.58,85.23,0,0,0,0,0.0,,0,0
,d6164dc0,Q Joseph,female,West Indies,38,33,521,460,63,1,66,18,2,0,16.28,113.26,20,318,12,319,6.02,26.58,3,0
,0c40b02d,Shafina Mahesh,female,Singapore,47,46,515,754,68,5,42,3,2,0,12.56,68.3,37,658,31,669,6.1,21.58,4,0
,a0a65375,K Fraser,female,Scotland,62,37,514,472,56,6,68,7,1,0,16.58,108.9,60,1136,69,1091,5.76,15.81,4,0
,70bab30b,PE Mendonca,female,Oman,42,34,511,544,62,7,50,0,1,0,18.93,93.93,38,852,45,680,4.79,15.11,5,1
,c1b4e25c,KM Myat,female,Myanmar,29,29,506,664,68,4,48,2,1,0,20.24,76.2,0,0,0,0,0.0,,0,0
,2f899a44,Ayasha Rahman,female,Bangladesh,35,35,505,653,46,2,47,11,0,0,15.3,77.34,0,0,0,0,0.0,,0,0
,4c87bd01,A Merritt,female,Jersey,23,21,502,408,77,4,57,5,3,0,29.53,123.04,21,408,17,431,6.34,25.35,4,0
,d577d45a,TI Gajanayake,female,Bahrain,34,34,502,690,94,6,61,1,2,0,17.93,72.75,31,579,21,610,6.32,29.05,3,0
,9ff1e91e,Gull Feroza,female,Pakistan,35,35,501,471,63,3,76,0,3,0,15.66,106.37,0,0,0,0,0.0,,0,0
,97e6e41a,K Kunwar,female,Nepal,76,55,500,617,33,11,43,4,0,0,11.36,81.04,75,1353,75,958,4.25,12.77,6,1
,ad3940a5,Ritu Moni,female,Bangladesh,81,66,497,624,39,16,40,0,0,0,9.94,79.65,57,939,47,930,5.94,19.79,4,0
,85364088,I Chathurani,female,Cyprus,18,16,496,500,69,8,35,0,3,0,62.0,99.2,16,340,20,183,3.23,9.15,3,0
,c3f21798,V Krishnamurthy,female,India,37,37,489,449,57,11,47,7,1,0,18.81,108.91,1,6,0,4,4.0,,0,0
,6762a445,A Ikuzwe,female,Rwanda,68,51,487,628,38,13,37,2,0,0,12.82,77.55,58,1084,60,868,4.8,14.47,5,1
,36dfa62e,J Nkomo,female,Zimbabwe,56,39,481,532,43,16,36,3,0,0,20.91,90.41,56,1074,62,914,5.11,14.74,5,1
,f7aca3b3,Aminata Kamara,female,Sierra Leone,34,32,480,520,88,4,45,0,1,0,17.14,92.31,32,592,27,523,5.3,19.37,3,0
,46a29dd0,L Piety,female,Nigeria,23,23,480,418,92,7,61,13,3,0,30.0,114.83,16,254,19,190,4.49,10.0,4,0
,8b552293,LE Kaushalya,female,Sri Lanka,38,36,480,450,50,5,39,9,1,0,15.48,106.67,22,256,8,273,6.4,34.12,2,0
,23917bf0,S Kananji,female,Malawi,34,32,479,496,51,5,65,1,1,0,17.74,96.57,32,579,35,452,4.68,12.91,3,0
,5486d41f,Nain Abidi,female,Pakistan,34,34,478,629,45,6,32,0,0,0,17.07,75.99,0,0,0,0,0.0,,0,0
,1aebb2fa,L Agatha,female,Brazil,37,37,475,577,62,3,46,5,3,0,13.97,82.32,0,0,0,0,0.0,,0,0
,5230a33d,L Winfield,female,England,29,29,475,416,74,6,59,4,3,0,20.65,114.18,0,0,0,0,0.0,,0,0
,f8b50da3,S Dharnidharka,female,United Arab Emirates,82,53,474,561,85,19,42,5,1,0,13.94,84.49,67,1020,60,879,5.17,14.65,4,0
,dc596fac,Iram Javed,female,Pakistan,53,51,471,555,55,5,49,9,1,0,10.24,84.86,6,43,1,55,7.67,55.0,1,0
,3f8915a0,E Kamara,female,Sierra Leone,29,29,468,560,71,5,44,0,1,0,19.5,83.57,25,450,23,403,5.37,17.52,4,0
,36ba7f0b,Rinitha Rajith,female,United Arab Emirates,45,44,465,436,96,6,56,7,1,0,12.24,106.65,1,12,1,7,3.5,7.0,1,0
,4d1cc284,B Rawal,female,Nepal,45,45,463,697,44,7,46,0,0,0,12.18,66.43,0,0,0,0,0.0,,0,0
,60e11a00,CMA Shillington,female,Ireland,30,30,462,476,47,0,57,4,0,0,15.4,97.06,0,0,0,0,0.0,,0,0
,a2c23f31,I Dulani,female,Sri Lanka,19,19,460,405,101,2,71,1,2,1,27.06,113.58,0,0,0,0,0.0,,0,0
,923b0e02,LS Greenway,female,England,27,27,460,503,80,9,44,0,2,0,25.56,91.45,0,0,0,0,0.0,,0,0
,4ca3d67d,AM Kamara,female,Sierra Leone,37,34,457,585,84,11,42,0,2,0,19.87,78.12,35,669,23,546,4.9,23.74,2,0
,8d62fc14,IM Vaghela,female,United States of America,41,33,456,515,54,8,35,7,2,0,18.24,88.54,28,481,29,404,5.04,13.93,4,0
,5777d460,L Cardoso,female,Brazil,35,34,453,531,59,5,45,2,2,0,15.62,85.31,35,538,35,413,4.61,11.8,9,1
,d5fa2ab3,M McColl,female,Scotland,53,45,453,435,50,13,46,4,1,0,14.16,104.14,17,187,13,171,5.49,13.15,5,1
,8d7fba79,CT Dhururu,female,Zimbabwe,39,39,452,553,67,6,43,1,1,0,13.7,81.74,0,0,0,0,0.0,,0,0
,821d7d46,Umaima Sohail,female,Pakistan,50,43,450,542,43,2,36,5,0,0,10.98,83.03,22,354,18,341,5.78,18.94,5,1
,a1965ce2,GC Bhogle,female,United States of America,26,26,449,471,39,10,43,5,0,0,28.06,95.33,0,0,0,0,0.0,,0,0
,77b26349,Chaya Mughal,female,United Arab Emirates,54,43,448,560,52,7,36,1,1,0,12.44,80.0,50,910,35,712,4.69,20.34,3,0
,97ae78b7,Meghna Rajan,female,Switzerland,15,12,448,430,76,5,31,0,4,0,64.0,104.19,15,321,20,165,3.08,8.25,3,0
,03c98aa6,Ilenia Sims,female,Italy,24,22,446,488,61,5,34,1,2,0,26.24,91.39,23,444,25,442,5.97,17.68,3,0
,9ea555a4,P Mapotsane,female,Botswana,34,31,445,532,53,5,44,4,2,0,17.12,83.65,21,294,23,295,6.02,12.83,4,0
,761c929e,S Kolcharam,female,Germany,32,30,444,415,50,4,50,1,1,0,17.08,106.99,7,118,4,142,7.22,35.5,2,0
,a9fabff4,BYA Mendis,female,Sri Lanka,36,36,442,479,45,0,60,4,0,0,12.28,92.28,1,18,0,11,3.67,,0,0
,f9df0aa2,M Syrioti,female,Greece,30,28,437,611,56,4,35,1,1,0,18.21,71.52,28,588,31,565,5.77,18.23,5,1
,10726a80,S Mosweu,female,Botswana,27,26,437,446,86,2,67,0,2,0,18.21,97.98,24,370,19,344,5.58,18.11,6,1
,bb4d1237,C Magaia,female,Mozambique,39,39,433,509,52,9,48,5,1,0,14.43,85.07,8,126,13,136,6.48,10.46,4,0
,f5e70dd4,E Wachira,female,Kenya,42,35,429,586,54,5,34,0,2,0,14.3,73.21,41,758,45,596,4.72,13.24,4,0
,df70c3f2,K Oala,female,Papua New Guinea,22,22,428,364,124,3,51,17,1,1,22.53,117.58,6,84,3,80,5.71,26.67,2,0
,2ae76bf6,V Ooko,female,Kenya,38,38,428,538,57,9,47,1,1,0,14.76,79.55,0,0,0,0,0.0,,0,0
,59063d6b,E Sandy,female,Nigeria,34,34,427,510,63,2,47,0,1,0,13.34,83.73,0,0,0,0,0.0,,0,0
,2daa8e40,S Jimmy,female,Papua New Guinea,34,31,427,496,58,3,41,5,1,0,15.25,86.09,34,620,36,517,5.0,14.36,4,0
,b0023708,N Navaika,female,Vanuatu,34,31,422,611,36,4,36,0,0,0,15.63,69.07,33,665,43,596,5.38,13.86,4,0
,3e7c0b1e,Nahida Khan,female,Pakistan,40,40,421,552,43,6,41,5,0,0,12.38,76.27,0,0,0,0,0.0,,0,0
,781f1a40,A Mokgotlhe,female,Botswana,53,39,419,414,60,12,46,6,2,0,15.52,101.21,48,740,28,648,5.25,23.14,3,0
,56418eae,CNIM Joyce,female,Ireland,24,24,419,509,60,3,40,3,1,0,19.95,82.32,0,0,0,0,0.0,,0,0
,6d972d02,T Shadrack,female,Botswana,54,47,419,685,62,11,17,0,1,0,11.64,61.17,53,1075,58,718,4.01,12.38,4,0
,8c0d904e,D Wulandari,female,Indonesia,32,26,415,525,69,4,34,1,3,0,18.86,79.05,8,126,2,84,4.0,42.0,2,0
,2e4f11e9,MV Waldron,female,Ireland,46,46,415,515,55,9,38,0,1,0,11.22,80.58,0,0,0,0,0.0,,0,0
,89f6c26f,S Sriharsha,female,United States of America,21,21,415,442,74,3,39,1,2,0,23.06,93.89,0,0,0,0,0.0,,0,0
,022745d5,F Overdijk,female,Netherlands,68,54,414,505,36,10,33,0,0,0,9.41,81.98,47,692,43,768,6.66,17.86,7,1
,a259c414,Khushi Sharma,female,United Arab Emirates,57,41,413,518,37,8,28,1,0,0,12.52,79.73,48,747,44,663,5.33,15.07,5,1
,3a00d34f,LV Boas,female,Brazil,37,37,412,454,46,2,48,0,0,0,11.77,90.75,31,457,30,394,5.17,13.13,5,1
,ac0edb42,B Cooper,female,West Indies,40,40,411,488,61,6,43,6,1,0,12.09,84.22,0,0,0,0,0.0,,0,0
,f0b4e47d,G Wareham,female,Australia,79,33,406,282,57,9,57,2,1,0,16.92,143.97,77,1296,81,1298,6.01,16.02,3,0
,c9f95a16,AM Zepeda,female,Austria,17,17,404,415,77,7,49,1,2,0,40.4,97.35,17,366,12,327,5.36,27.25,4,0
,d3b4b8ed,IMHC Joyce,female,Ireland,30,27,403,475,41,2,40,0,0,0,16.12,84.84,30,533,15,569,6.41,37.93,2,0
,b9094958,M Castineiras,female,Argentina,22,22,403,387,155,2,47,3,0,2,20.15,104.13,0,0,0,0,0.0,,0,0
,cfece11f,N Joshi,female,Oman,25,25,401,389,49,1,40,1,0,0,16.71,103.08,1,6,0,4,4.0,,0,0
,24ed1f75,S Solman,female,Vanuatu,28,28,398,450,56,11,32,3,1,0,23.41,88.44,27,486,22,452,5.58,20.55,4,0
,6a3de477,Ayesha Hasan,female,Norway,24,24,396,463,54,2,34,0,1,0,18.0,85.53,1,12,0,20,10.0,,0,0
,3f1bfd19,A Argyropoulou,female,Greece,31,31,395,545,51,4,33,2,1,0,14.63,72.48,0,0,0,0,0.0,,0,0
,b1f21c0f,T Zangmo,female,Bhutan,36,34,395,614,35,6,26,2,0,0,14.11,64.33,34,687,32,558,4.87,17.44,3,0
,b973a7ee,F Utagushimaninde,female,Rwanda,16,16,389,345,111,1,51,1,0,1,25.93,112.75,0,0,0,0,0.0,,0,0
,f537d39c,H Hotchandani,female,United Arab Emirates,51,38,386,491,32,7,31,0,0,0,12.45,78.62,50,912,47,700,4.61,14.89,4,0
,1ce58052,V Abuga,female,Kenya,28,28,385,432,56,1,48,2,1,0,14.26,89.12,0,0,0,0,0.0,,0,0
,af71535d,SJ McGlashan,female,New Zealand,20,20,383,342,84,3,29,7,1,0,22.53,111.99,0,0,0,0,0.0,,0,0
,595433d2,P Siaka,female,Papua New Guinea,37,34,379,350,43,4,38,4,0,0,12.63,108.29,28,556,35,399,4.31,11.4,5,1
,8a522c6c,B Biza,female,Zimbabwe,25,24,377,402,49,2,39,4,0,0,17.14,93.78,20,331,20,372,6.74,18.6,3,0
,43a2244f,A Suwanchonrathi,female,Thailand,42,37,376,511,29,4,37,0,0,0,11.39,73.58,7,96,4,80,5.0,20.0,2,0
,4b0e3049,AA Alleyne,female,West Indies,64,46,375,416,49,14,40,1,0,0,11.72,90.14,54,785,26,1034,7.9,39.77,4,0
,faa8843f,Shahreeennawab,female,Qatar,35,34,375,548,104,6,38,0,0,1,13.39,68.43,21,331,13,383,6.94,29.46,2,0
,558cdd64,Fahima Khatun,female,Bangladesh,85,54,374,384,32,18,31,1,0,0,10.39,97.4,83,1403,64,1362,5.82,21.28,4,0
,9c3d4e8a,YH Bhatia,female,India,20,20,374,371,54,1,51,3,1,0,19.68,100.81,0,0,0,0,0.0,,0,0
,59f44fde,TT Soe,female,Myanmar,36,35,373,477,38,4,34,0,0,0,12.03,78.2,34,687,34,474,4.14,13.94,3,0
,8c2c0a03,Ayesha Naseem,female,Pakistan,26,26,369,286,45,7,20,18,0,0,19.42,129.02,0,0,0,0,0.0,,0,0
,cdb82f1c,S Ecclestone,female,England,112,45,368,275,35,24,29,16,0,0,17.52,133.82,112,2517,154,2535,6.04,16.46,4,0
,d85a1960,Kyshona A Knight,female,West Indies,35,35,367,497,42,4,32,1,0,0,11.84,73.84,0,0,0,0,0.0,,0,0
,f50ca46d,B Shanti,female,Kuwait,39,39,366,520,29,7,36,1,0,0,11.44,70.38,2,12,0,20,10.0,,0,0
,e6f05a84,Juairiya Ferdous,female,Bangladesh,22,22,366,328,56,0,45,9,2,0,16.64,111.59,0,0,0,0,0.0,,0,0
,42a7d394,K Tesarikova,female,Czech Republic,24,24,366,334,67,4,49,2,2,0,18.3,109.58,1,6,0,19,19.0,,0,0
,98affc04,A Makri,female,Greece,33,32,361,544,59,2,32,0,1,0,12.03,66.36,32,611,26,624,6.13,24.0,3,0
,53f88bf1,LL Dimba,female,Malawi,25,24,361,428,74,3,46,0,1,0,17.19,84.35,22,431,20,355,4.94,17.75,3,0
,1d39dc61,NY McLean,female,West Indies,24,24,358,377,57,4,27,12,1,0,17.9,94.96,0,0,0,0,0.0,,0,0
,3f440bd6,MADD Surangika,female,Sri Lanka,25,25,355,405,38,4,32,2,0,0,16.9,87.65,0,0,0,0,0.0,,0,0
,e6f0408a,RH Priest,female,New Zealand,23,23,355,362,42,1,49,5,0,0,16.14,98.07,0,0,0,0,0.0,,0,0
,c35739a1,S Gajnabi,female,West Indies,34,34,354,466,33,5,27,3,0,0,12.21,75.97,12,117,3,158,8.1,52.67,1,0
,78fa5f6d,A Chandel,female,Japan,36,33,352,517,36,8,20,0,0,0,14.08,68.09,36,731,29,597,4.9,20.59,4,0
,3ac854ca,S Khiaoto,female,Thailand,36,36,349,421,74,8,28,3,1,0,12.46,82.9,0,0,0,0,0.0,,0,0
,bff0535a,CR Seneviratna,female,United Arab Emirates,29,25,345,386,63,4,23,0,2,0,16.43,89.38,29,550,31,436,4.76,14.06,5,1
,4e7aa570,MR Aguilleira,female,West Indies,30,30,342,430,38,8,24,2,0,0,15.55,79.53,0,0,0,0,0.0,,0,0
,fc2150f4,G Candiru,female,Uganda,19,18,339,380,62,2,25,3,2,0,21.19,89.21,18,378,14,386,6.13,27.57,4,0
,5aa874da,H Doriga,female,Papua New Guinea,26,24,339,325,63,2,43,11,1,0,15.41,104.31,9,60,0,90,9.0,,0,0
,abc9f8a4,FG Kemp,female,England,38,26,336,232,51,14,34,10,1,0,28.0,144.83,31,474,30,614,7.77,20.47,4,0
,a969dc4c,M Rathnayake,female,Italy,30,30,332,419,51,2,40,4,1,0,11.86,79.24,0,0,0,0,0.0,,0,0
,8026ea72,P Vastrakar,female,India,69,41,332,289,37,18,34,5,0,0,14.43,114.88,66,1166,58,1242,6.39,21.41,4,0
,79ff52b5,E Van Zyl,female,Namibia,44,44,331,463,27,5,19,8,0,0,8.49,71.49,0,0,0,0,0.0,,0,0
,9706e64b,LA Marsh,female,England,29,20,329,310,54,2,48,5,1,0,18.28,106.13,29,648,27,569,5.27,21.07,3,0
,4958ad5f,PG Raut,female,India,13,13,329,350,56,2,39,0,2,0,29.91,94.0,1,18,0,17,5.67,,0,0
,0ab3c788,RP Singh,female,United States of America,40,32,329,291,41,4,26,15,0,0,11.75,113.06,37,643,36,571,5.33,15.86,4,0
,adb2f55e,Shawaal Zulfiqar,female,Pakistan,15,15,327,300,63,0,50,2,1,0,21.8,109.0,1,4,0,5,7.5,,0,0
,007f121f,A Aikenhead,female,Jersey,19,19,324,329,85,2,36,0,2,0,19.06,98.48,0,0,0,0,0.0,,0,0
,5ebc3941,JE Cameron,female,Australia,21,21,324,330,45,5,23,8,0,0,20.25,98.18,0,0,0,0,0.0,,0,0
,997fffbe,MBA Lamplough,female,Hong Kong,37,35,324,374,33,9,30,0,0,0,12.46,86.63,21,402,18,389,5.81,21.61,4,0
,a28132bd,FC Wilson,female,England,22,22,323,319,43,9,22,2,0,0,24.85,101.25,0,0,0,0,0.0,,0,0
,8cd72e0b,S Horley,female,Scotland,17,17,323,318,61,1,37,3,2,0,20.19,101.57,8,120,6,142,7.1,23.67,3,0
,a9ec2608,NH Berejo,female,Spain,11,10,322,328,47,4,23,1,0,0,53.67,98.17,11,194,13,137,4.24,10.54,4,0
,034e7939,A Kato-Stafford,female,Japan,9,9,321,343,84,2,24,0,2,0,45.86,93.59,9,192,12,133,4.16,11.08,4,0
,d5d87f3f,Kanchan Rana,female,Sweden,18,16,321,290,78,4,30,0,2,0,26.75,110.69,12,186,7,187,6.03,26.71,2,0
,52d3b7ff,OU Ranasinghe,female,Sri Lanka,53,40,321,423,26,8,24,0,0,0,10.03,75.89,53,967,50,1122,6.96,22.44,3,0
,12755a62,Sanjida Islam,female,Bangladesh,28,28,320,395,71,3,28,6,1,0,12.8,81.01,0,0,0,0,0.0,,0,0
,0cd297b9,K Joshi,female,Nepal,57,44,319,436,31,13,26,9,0,0,10.29,73.17,42,647,22,572,5.3,26.0,2,0
,fe4f5d2b,A Doddaballapur,female,Germany,26,25,318,423,40,5,20,2,0,0,15.9,75.18,25,442,31,304,4.13,9.81,5,1
,3051fcc6,Amarpal Kaur,female,Canada,19,19,318,405,37,7,13,0,0,0,26.5,78.52,18,358,27,261,4.37,9.67,4,0
,788afc32,A Perera,female,Canada,29,29,316,432,45,2,22,0,0,0,11.7,73.15,11,172,12,133,4.64,11.08,5,1
,a7b3bd26,C Bull,female,Sierra Leone,28,27,316,390,41,1,40,0,0,0,12.15,81.03,24,475,21,414,5.23,19.71,2,0
,048da365,K Vijayaraghavan,female,Germany,33,33,316,519,40,7,20,0,0,0,12.15,60.89,0,0,0,0,0.0,,0,0
,3664712e,H Deol,female,India,23,20,311,338,52,2,37,1,1,0,17.28,92.01,9,108,6,140,7.78,23.33,2,0
,cba01c28,O Kgeresi,female,Botswana,41,40,311,502,59,3,17,0,1,0,8.41,61.95,7,84,6,59,4.21,9.83,4,0
,6e60bbe2,PZ Kamunya,female,Tanzania,55,38,310,411,31,6,29,1,0,0,9.69,75.43,54,1143,63,803,4.22,12.75,3,0
,bdbde085,S Chinawa,female,Malawi,33,33,309,466,33,2,29,1,0,0,9.97,66.31,9,95,5,85,5.37,17.0,2,0
,2c8d0953,AS Gorad,female,Norway,24,24,308,471,38,0,28,0,0,0,12.83,65.39,6,102,2,119,7.0,59.5,1,0
,44b53fba,Amna Tariq,female,Kuwait,55,48,306,612,32,4,16,0,0,0,6.95,50.0,52,1038,39,867,5.01,22.23,4,0
,7f97139f,O Mondlane,female,Mozambique,32,32,306,457,71,0,35,0,1,0,9.56,66.96,15,266,14,186,4.2,13.29,2,0
,276f3dde,C Piparo,female,Italy,10,10,305,238,74,3,33,1,1,0,43.57,128.15,1,6,0,9,9.0,,0,0
,77851c2d,SACA King,female,West Indies,32,28,305,329,43,6,31,3,0,0,13.86,92.71,16,215,7,237,6.61,33.86,2,0
,037f2b86,Salma Khatun,female,Bangladesh,66,33,302,344,33,12,23,1,0,0,14.38,87.79,66,1363,64,1159,5.1,18.11,4,0
,39f4084c,NKF Rada Rani,female,Indonesia,29,25,301,380,53,9,14,0,1,0,18.81,79.21,9,179,7,140,4.69,20.0,2,0
,52a0e81d,MLN Sissako,female,Cameroon,24,24,296,464,57,0,38,0,2,0,12.33,63.79,11,139,4,161,6.95,40.25,2,0
,57fb24e6,TT Aung,female,Myanmar,29,28,295,491,46,4,28,0,0,0,12.29,60.08,7,46,4,51,6.65,12.75,2,0
,98dfe425,Asmavia Iqbal,female,Pakistan,39,32,294,309,35,4,16,12,0,0,10.5,95.15,35,638,33,649,6.1,19.67,4,0
,31d1f06d,E Gebhard,female,Luxembourg,11,11,292,303,75,3,23,0,3,0,36.5,96.37,2,21,0,34,9.71,,0,0
,ef2a7af4,KK Donovan,female,Philippines,18,17,291,315,37,1,32,1,0,0,18.19,92.38,18,396,16,292,4.42,18.25,3,0
,7e9b3b60,SM Kavanagh,female,Ireland,34,34,290,335,37,7,23,2,0,0,10.74,86.57,0,0,0,0,0.0,,0,0
,a5424013,S Niyomuhoza,female,Rwanda,24,24,287,359,52,5,30,2,1,0,15.11,79.94,0,0,0,0,0.0,,0,0
,dbf22922,D Nanayakkara,female,Italy,30,27,286,261,86,3,44,1,2,0,11.92,109.58,21,298,10,335,6.74,33.5,2,0
,a186b627,Pooja Ganesh,female,United States of America,23,23,286,280,47,5,25,1,0,0,15.89,102.14,0,0,0,0,0.0,,0,0
,f2698c78,H Iwasaki,female,Japan,29,29,283,282,50,0,28,5,1,0,9.76,100.35,0,0,0,0,0.0,,0,0
,c7832845,Rizpha Bano,female,Qatar,24,24,281,331,58,5,39,0,1,0,14.79,84.89,2,12,0,13,6.5,,0,0
,729c5ab5,M Pascal,female,Tanzania,14,14,277,282,54,2,34,0,2,0,23.08,98.23,5,41,3,41,6.0,13.67,2,0
,1ef174b8,S Uwera,female,Rwanda,26,26,277,428,60,3,18,0,1,0,12.04,64.72,0,0,0,0,0.0,,0,0
,1d6ff329,D Hemalatha,female,India,23,21,276,247,47,3,28,8,0,0,15.33,111.74,8,122,9,132,6.49,14.67,3,0
,16610c7b,NN Saidi,female,Tanzania,40,28,276,387,53,8,17,0,1,0,13.8,71.32,37,725,34,605,5.01,17.79,3,0
,efca38df,P Cuinica,female,Mozambique,26,26,274,399,80,3,27,0,1,0,11.91,68.67,22,448,19,410,5.49,21.58,3,0
,47884f8e,SK Rana,female,Qatar,26,26,274,379,57,4,23,1,1,0,12.45,72.3,1,6,0,5,5.0,,0,0
,b7d8c07d,A Vaidya,female,Sweden,18,15,273,283,35,1,35,0,0,0,19.5,96.47,17,237,15,215,5.44,14.33,2,0
,a3034d3d,HJ Thomas,female,Papua New Guinea,35,22,273,372,47,3,24,2,0,0,14.37,73.39,35,729,32,615,5.06,19.22,3,0
,36c3302e,M Zhu,female,China,26,23,273,332,59,2,23,1,1,0,13.0,82.23,16,309,8,266,5.17,33.25,2,0
,02264be0,SL Gomez,female,Kuwait,40,40,273,358,42,6,21,0,0,0,8.03,76.26,6,66,1,90,8.18,90.0,1,0
,fd8038e1,Eman Asim,female,Sweden,12,12,271,305,58,2,24,3,1,0,27.1,88.85,0,0,0,0,0.0,,0,0
,3c3f34b0,AR Valdez,female,Philippines,19,19,270,337,54,3,27,3,1,0,16.88,80.12,6,114,2,148,7.79,74.0,1,0
,0bb32e98,L Goodall,female,South Africa,15,15,270,240,52,3,31,2,1,0,22.5,112.5,0,0,0,0,0.0,,0,0
,e92841c0,A Kano,female,Japan,29,29,269,373,54,3,20,0,1,0,10.35,72.12,0,0,0,0,0.0,,0,0
,fcb4448f,ABY Smith,female,Philippines,16,16,269,382,64,1,13,0,1,0,17.93,70.42,13,270,9,254,5.64,28.22,2,0
,0475a86b,JL Jonassen,female,Australia,85,31,269,314,46,3,22,2,0,0,9.61,85.67,85,1687,82,1611,5.73,19.65,5,1
,a487762e,Javed Hina,female,Oman,24,24,269,330,60,5,28,0,1,0,14.16,81.52,1,6,0,5,5.0,,0,0
,1b3f7dbb,SN Shihepo,female,Namibia,78,51,269,351,25,18,21,1,0,0,8.15,76.64,53,770,47,690,5.38,14.68,3,0
,07c1fd15,F Kuenburg,female,Switzerland,11,11,268,252,49,5,30,0,0,0,44.67,106.35,0,0,0,0,0.0,,0,0
,85f5735b,A Kolan,female,United States of America,18,18,267,328,54,5,14,0,1,0,20.54,81.4,0,0,0,0,0.0,,0,0
,65d9b6b6,A Sutherland,female,Australia,53,26,267,188,27,6,31,4,0,0,13.35,142.02,51,887,50,979,6.62,19.58,4,0
,c42eed38,F Samanyika,female,Botswana,23,23,263,469,36,2,21,0,0,0,12.52,56.08,16,232,6,251,6.49,41.83,2,0
,5c77d7cb,G Wetherall,female,Jersey,22,19,257,224,57,4,31,6,1,0,17.13,114.73,16,312,17,320,6.15,18.82,4,0
,119de50f,K Shrestha,female,Nepal,31,31,257,341,32,6,25,0,0,0,10.28,75.37,0,0,0,0,0.0,,0,0
,053dc208,A Brindle,female,England,22,18,256,260,42,6,12,1,0,0,21.33,98.46,17,300,14,249,4.98,17.79,3,0
,7c1ba524,AA Patil,female,India,37,24,255,239,54,7,26,1,1,0,15.0,106.69,37,765,36,759,5.95,21.08,3,0
,aea89d48,L Keny,female,United Arab Emirates,39,36,255,374,42,9,14,0,0,0,9.44,68.18,7,72,9,45,3.75,5.0,4,0
,ef9ff861,S Kato,female,Japan,28,24,255,329,30,5,26,0,0,0,13.42,77.51,26,524,15,438,5.02,29.2,2,0
,e1e0775d,S Choden,female,Bhutan,32,32,254,434,29,8,12,0,0,0,10.58,58.53,18,236,7,259,6.58,37.0,3,0
,b3af5bff,H Goto,female,Japan,27,27,252,412,45,1,12,0,0,0,9.69,61.17,1,6,0,11,11.0,,0,0
,9c4b58db,S Tippoch,female,Thailand,49,36,252,369,37,11,18,1,0,0,10.08,68.29,47,771,37,573,4.46,15.49,4,0
,9414a81c,AI Chudasama,female,United States of America,38,22,248,271,60,7,22,2,1,0,16.53,91.51,37,745,35,638,5.14,18.23,4,0
,564afdcf,B Bezuidenhout,female,New Zealand,23,23,247,243,44,2,30,2,0,0,11.76,101.65,0,0,0,0,0.0,,0,0
,a2632c7c,J Glasgow,female,West Indies,20,19,247,242,53,6,26,0,1,0,19.0,102.07,7,69,3,76,6.61,25.33,3,0
,a38da707,P Sabu,female,Austria,18,18,247,283,63,2,22,0,1,0,15.44,87.28,14,255,19,214,5.04,11.26,3,0
,36ffe914,A Ostergaard,female,Denmark,15,15,245,290,54,3,28,3,1,0,20.42,84.48,6,102,2,111,6.53,55.5,1,0
,3250b7db,C Mahamalage,female,Italy,34,25,245,381,36,6,19,0,0,0,12.89,64.3,34,660,33,621,5.65,18.82,4,0
,e8bdbbca,AIV Benatar,female,Gibraltar,11,11,243,284,68,2,20,0,2,0,27.0,85.56,10,179,14,140,4.69,10.0,4,0
,bb7b014a,Karri Gullem Keen,female,Philippines,19,17,243,292,67,2,32,1,1,0,16.2,83.22,19,374,22,371,5.95,16.86,3,0
,3733a317,M Veringmeier,female,Netherlands,11,11,242,217,60,1,24,4,1,0,24.2,111.52,0,0,0,0,0.0,,0,0
,4f85f02c,P Maziya,female,Malawi,29,28,242,424,29,5,18,0,0,0,10.52,57.08,21,450,26,385,5.13,14.81,3,0
,60471339,LMM Tahuhu,female,New Zealand,85,33,241,215,27,12,21,5,0,0,11.48,112.09,85,1532,82,1712,6.7,20.88,4,0
,d8c6a647,E Claridge,female,United States of America,13,13,239,201,70,0,29,2,1,0,18.38,118.91,0,0,0,0,0.0,,0,0
,fa8a3eb0,Natalia Pervaiz,female,Pakistan,28,27,239,262,31,4,24,2,0,0,10.39,91.22,9,90,6,111,7.4,18.5,2,0
,039168c7,A Dirannehelage,female,Cyprus,19,15,238,328,65,2,28,0,2,0,18.31,72.56,16,345,22,192,3.34,8.73,3,0
,e429f443,Marina Iqbal,female,Pakistan,19,18,238,296,42,3,23,2,0,0,15.87,80.41,3,30,1,35,7.0,35.0,1,0
,5bc290a2,MPP San,female,Myanmar,35,32,237,388,47,7,19,0,0,0,9.48,61.08,26,458,19,359,4.7,18.89,3,0
,7ff6c967,O Batisani,female,Botswana,15,15,237,304,77,1,29,0,1,0,16.93,77.96,1,6,1,4,4.0,4.0,1,0
,cc7331d4,D Saxena,female,Canada,8,8,236,254,64,2,25,0,1,0,39.33,92.91,7,108,6,99,5.5,16.5,2,0
,baeae6dd,R Immadi,female,Norway,24,24,235,295,29,1,15,0,0,0,10.22,79.66,23,489,18,516,6.33,28.67,4,0
,4de0779a,IG Sharp,female,New Zealand,15,15,234,184,62,6,27,2,1,0,26.0,127.17,0,0,0,0,0.0,,0,0
,b1021056,I Chuma,female,Mozambique,35,32,232,348,30,6,20,0,0,0,8.92,66.67,11,175,9,177,6.07,19.67,3,0
,7c61a686,Khadija Khalil,female,Kuwait,45,41,231,375,22,8,11,0,0,0,7.0,61.6,13,174,12,220,7.59,18.33,2,0
,7f2f40fa,E Kuncova,female,Czech Republic,26,23,230,366,37,6,9,0,0,0,13.53,62.84,26,491,21,495,6.05,23.57,3,0
,59ff3c57,IY Mckeon,female,France,10,10,230,207,94,0,28,7,2,0,23.0,111.11,3,51,2,60,7.06,30.0,1,0
,626fbc80,D Njoroge,female,Kenya,14,13,227,239,82,6,23,0,2,0,32.43,94.98,4,39,0,59,9.08,,0,0
,9af58032,JM Kerr,female,New Zealand,57,29,227,206,38,12,21,3,0,0,13.35,110.19,56,1090,39,1229,6.77,31.51,3,0
,00d1544c,N Caruana,female,Gibraltar,11,11,227,320,49,3,6,0,0,0,28.38,70.94,7,90,8,55,3.67,6.88,2,0
,a4e98e6b,Z Kamara,female,Sierra Leone,32,30,227,273,37,12,21,0,0,0,12.61,83.15,11,217,9,157,4.34,17.44,2,0
,292d11ee,F Eseigbe,female,Nigeria,34,28,225,451,37,4,12,0,0,0,9.38,49.89,21,405,21,330,4.89,15.71,4,0
,b810425e,Rameesha Shahid,female,Germany,27,22,225,245,36,6,19,0,0,0,14.06,91.84,21,279,10,348,7.48,34.8,2,0
,42d9dd09,ASS Fletcher,female,West Indies,106,41,223,258,19,13,19,0,0,0,7.96,86.43,104,2067,104,2165,6.28,20.82,5,1
,8ce69204,K Arua,female,Papua New Guinea,22,17,223,294,43,7,17,0,0,0,22.3,75.85,21,436,28,338,4.65,12.07,5,1
,4f05f64e,A Kontopirakis,female,Italy,15,15,222,237,49,3,18,5,0,0,18.5,93.67,8,102,2,104,6.12,52.0,1,0
,7391f160,FL Mackay,female,New Zealand,15,13,222,227,51,3,23,2,1,0,22.2,97.8,15,286,10,320,6.71,32.0,2,0
,bb0aac11,C Chukwuonye,female,Nigeria,31,28,221,296,43,5,22,1,0,0,9.61,74.66,14,244,23,181,4.45,7.87,4,0
,c3890e1e,D Ruynekova,female,Bulgaria,21,19,221,329,38,2,20,0,0,0,13.0,67.17,16,228,13,285,7.5,21.92,3,0
,3bd86723,ZP Ikiua,female,Cook Islands,13,13,221,258,52,1,27,1,1,0,18.42,85.66,12,233,8,235,6.05,29.38,3,0
,45dd7433,EL Watson,female,Scotland,25,25,220,306,30,3,18,1,0,0,10.0,71.9,0,0,0,0,0.0,,0,0
,f281dd00,L Tshuma,female,Zimbabwe,47,28,220,247,46,6,21,4,0,0,10.0,89.07,45,847,44,807,5.72,18.34,4,0
,45cb4feb,E Thelander,female,Sweden,15,15,219,276,55,2,16,0,1,0,16.85,79.35,0,0,0,0,0.0,,0,0
,1eaf0ce1,MK Amusa,female,Nigeria,14,14,219,336,36,0,20,0,0,0,15.64,65.18,14,270,14,184,4.09,13.14,2,0
,45c2db15,RS Glen,female,Scotland,18,18,217,204,60,1,22,2,1,0,12.76,106.37,5,48,1,68,8.5,68.0,1,0
,4e38a3d6,R Poddar,female,Nepal,22,22,216,271,51,4,17,1,1,0,12.0,79.7,0,0,0,0,0.0,,0,0
,11d0079f,B Etim,female,Nigeria,20,20,215,308,44,3,22,1,0,0,12.65,69.81,11,243,9,235,5.8,26.11,3,0
,81dfc700,C Uwamahoro,female,Rwanda,18,18,214,251,35,2,23,0,0,0,13.38,85.26,0,0,0,0,0.0,,0,0
,9a9a056d,S Khurana,female,Netherlands,21,20,214,213,43,7,22,0,0,0,16.46,100.47,1,12,1,10,5.0,10.0,1,0
,618327de,D Demic,female,Serbia,10,10,213,210,108,1,27,3,0,1,23.67,101.43,2,24,5,19,4.75,3.8,4,0
,302fb7ae,S Meghana,female,India,11,11,213,205,69,1,31,2,1,0,21.3,103.9,0,0,0,0,0.0,,0,0
,d2763568,DR Gibson,female,England,34,22,212,162,41,9,30,2,0,0,16.31,130.86,31,474,19,599,7.58,31.53,3,0
,b5714cf9,ZL Win,female,Myanmar,36,29,211,269,27,6,20,0,0,0,9.17,78.44,32,649,29,461,4.26,15.9,3,0
,e1214f03,J Pandey,female,Nepal,12,12,210,252,49,1,21,0,0,0,19.09,83.33,0,0,0,0,0.0,,0,0
,406de451,RS Williams,female,West Indies,21,21,210,255,38,1,24,0,0,0,10.5,82.35,1,12,1,18,9.0,18.0,1,0
,d07b6842,S Georgota,female,Greece,32,27,209,337,33,5,10,0,0,0,9.5,62.02,29,612,27,612,6.0,22.67,3,0
,2b654eb0,D Hannema,female,Netherlands,11,11,208,240,40,1,6,0,0,0,20.8,86.67,0,0,0,0,0.0,,0,0
,5959370f,R Kanoh,female,Thailand,32,31,206,223,21,10,21,3,0,0,9.81,92.38,5,96,3,72,4.5,24.0,1,0
,db7a7301,SV Shetty,female,Oman,15,15,206,233,71,1,19,3,1,0,14.71,88.41,0,0,0,0,0.0,,0,0
,c8ae2573,Mariamma Hyder,female,Kuwait,51,36,205,350,26,13,20,1,0,0,8.91,58.57,50,973,45,854,5.27,18.98,4,0
,078d1eb5,V NIkolova,female,Bulgaria,21,21,204,244,60,0,25,0,1,0,9.71,83.61,5,58,0,86,8.9,,0,0
,bb1a5f8a,PE Kulume,female,Uganda,38,30,203,260,20,12,24,0,0,0,11.28,78.08,28,417,19,382,5.5,20.11,6,1
,a5fc18a7,Bijeyata Kumari,female,Norway,21,21,201,352,68,3,9,0,1,0,11.17,57.1,0,0,0,0,0.0,,0,0
,4ac6664d,KADA Kanchana,female,Sri Lanka,42,33,201,231,19,8,16,1,0,0,8.04,87.01,31,406,8,498,7.36,62.25,2,0
,3a5160d9,L Ostergaard,female,Denmark,21,20,201,324,27,3,10,0,0,0,11.82,62.04,20,379,15,323,5.11,21.53,3,0
,eb9082b2,A Kohli,female,Germany,40,20,200,245,43,5,12,0,0,0,13.33,81.63,40,820,41,803,5.88,19.59,4,0
,4a4f94fa,MR Machado,female,Brazil,18,18,199,213,69,5,16,2,1,0,15.31,93.43,0,0,0,0,0.0,,0,0
,f0681e8b,S Sinha,female,Belgium,9,9,199,180,63,0,22,0,1,0,22.11,110.56,8,170,5,189,6.67,37.8,3,0
,15404b57,A Mesarovic,female,Serbia,7,7,197,162,80,2,28,1,2,0,39.4,121.6,7,140,4,121,5.19,30.25,2,0
,7a64c6eb,E Vukusic,female,Croatia,4,4,197,150,85,2,21,0,2,0,98.5,131.33,4,96,4,66,4.12,16.5,3,0
,f898a2c6,V Vasquez,female,Argentina,10,10,197,222,107,1,18,0,0,1,21.89,88.74,0,0,0,0,0.0,,0,0
,3af75717,Nur Dania Syuhada,female,Malaysia,69,35,196,342,26,10,11,0,0,0,7.84,57.31,68,1314,51,1110,5.07,21.76,4,0
,80f16d29,C Miles,female,Jersey,11,11,194,181,68,1,22,0,1,0,19.4,107.18,1,12,0,18,9.0,,0,0
,a8301fdc,ME Bessala,female,Cameroon,23,23,193,265,32,5,25,1,0,0,10.72,72.83,7,78,1,97,7.46,97.0,1,0
,57a25400,A Mare,female,Qatar,25,23,192,274,36,3,14,1,0,0,9.6,70.07,19,312,13,297,5.71,22.85,3,0
,9565fda6,AB Kaur,female,India,22,14,192,147,63,6,26,1,1,0,24.0,130.61,19,252,8,318,7.57,39.75,2,0
,5bf87532,Lata Mondal,female,Bangladesh,30,25,192,321,42,5,9,0,0,0,9.6,59.81,14,156,2,167,6.42,83.5,1,0
,7e2c16a3,S Dhadwal,female,Qatar,22,22,192,360,27,2,12,1,0,0,9.6,53.33,20,313,15,302,5.79,20.13,2,0
,f24ffaab,T Smith,female,Jersey,18,17,192,226,44,2,16,0,0,0,12.8,84.96,4,48,3,37,4.62,12.33,1,0
,e31c12c3,A Hartley,female,Spain,8,8,191,191,46,3,17,0,0,0,38.2,100.0,2,30,1,26,5.2,26.0,1,0
,b48304b5,S Stephen,female,Vanuatu,18,18,191,201,51,3,23,1,1,0,12.73,95.02,6,108,1,119,6.61,119.0,1,0
,bd6f7c24,K Winda Prastini,female,Indonesia,10,10,190,263,72,1,15,0,1,0,21.11,72.24,2,48,3,47,5.88,15.67,2,0
,591a7004,PSR Gurusinghe,female,Singapore,31,31,190,370,20,2,9,0,0,0,6.55,51.35,0,0,0,0,0.0,,0,0
,e3c23cef,BMA Mbida,female,Cameroon,22,22,189,261,33,0,22,1,0,0,8.59,72.41,18,319,8,345,6.49,43.12,2,0
,aa197946,S Etim,female,Nigeria,26,26,187,260,25,4,15,0,0,0,8.5,71.92,0,0,0,0,0.0,,0,0
,c84a3e06,Wang Huiying,female,China,26,21,187,210,50,7,22,0,1,0,13.36,89.05,25,445,16,382,5.15,23.88,2,0
,acd030a0,S Sadarangani,female,Germany,24,22,186,269,32,8,13,0,0,0,13.29,69.14,10,171,5,189,6.63,37.8,2,0
,6f17c546,Y Choden,female,Bhutan,24,24,185,320,20,2,16,0,0,0,8.41,57.81,5,43,5,48,6.7,9.6,2,0
,efea55e5,D Unhale,female,Finland,8,8,184,258,41,1,19,0,0,0,26.29,71.32,8,162,4,122,4.52,30.5,1,0
,9e5f4ad7,K Reyneke,female,South Africa,15,11,184,121,34,5,14,12,0,0,30.67,152.07,12,162,9,153,5.67,17.0,3,0
,fe676043,R Rodrigo,female,Bahrain,19,19,184,254,50,2,19,0,1,0,10.82,72.44,0,0,0,0,0.0,,0,0
,42d5be2e,TB Pawde,female,Oman,14,14,184,201,29,2,24,0,0,0,15.33,91.54,0,0,0,0,0.0,,0,0
,63fc4b92,RD Pangestuti,female,Indonesia,25,20,183,265,36,3,21,0,0,0,10.76,69.06,9,96,2,82,5.12,41.0,1,0
,4b15618c,S Laomi,female,Thailand,101,38,183,292,17,12,11,0,0,0,7.04,62.67,99,2020,114,1455,4.32,12.76,4,0
,4e4d2c20,SM Dhanusri,female,Malaysia,24,20,183,253,28,8,16,0,0,0,15.25,72.33,12,137,2,135,5.91,67.5,1,0
,23e3f2d6,T Putthawong,female,Thailand,97,25,183,243,37,12,15,0,0,0,14.08,75.31,97,2104,157,1496,4.27,9.53,5,3
,cdf63aaa,ZT Kyaw,female,Myanmar,25,22,183,241,30,4,16,0,0,0,10.17,75.93,18,228,9,216,5.68,24.0,3,0
,c328bc6c,M Ariokot,female,Uganda,36,28,182,252,24,12,15,0,0,0,11.38,72.22,17,255,7,221,5.2,31.57,2,0
,1dac0c4a,F Conteh,female,Sierra Leone,20,20,181,333,26,4,12,0,0,0,11.31,54.35,0,0,0,0,0.0,,0,0
,4db4c8be,Nur Arianna Natsya,female,Malaysia,63,42,181,319,25,10,6,0,0,0,5.66,56.74,43,771,34,722,5.62,21.24,4,0
,e4ff6a62,Saira Jabeen,female,Pakistan,13,12,181,146,50,2,27,0,1,0,18.1,123.97,4,25,0,44,10.56,,0,0
,dd45b04b,AC Sabino,female,Brazil,20,20,180,218,43,3,16,4,0,0,10.59,82.57,0,0,0,0,0.0,,0,0
,c1edced9,AL Mundundo,female,Mozambique,26,24,180,373,45,3,11,0,0,0,8.57,48.26,18,275,17,232,5.06,13.65,3,0
,44c3cb6d,I van Zyl,female,Namibia,53,33,180,326,23,12,5,0,0,0,8.57,55.21,50,933,35,739,4.75,21.11,4,0
,877a3433,M Dlamini,female,Eswatini,20,20,180,336,40,0,22,0,0,0,9.0,53.57,18,344,14,402,7.01,28.71,3,0
,397369e0,AN Kelly,female,Ireland,71,29,179,193,35,4,15,1,0,0,7.16,92.75,71,1361,91,1408,6.21,15.47,5,2
,907c51ab,JL Gunn,female,England,47,26,179,189,30,11,11,3,0,0,11.93,94.71,40,780,41,847,6.52,20.66,4,0
,4f86926b,L Little,female,Ireland,31,24,179,164,26,10,18,3,0,0,12.79,109.15,15,180,2,258,8.6,129.0,2,0
,106135f5,Ruchitha Venkatesh,female,Hong Kong,58,31,179,306,25,10,7,1,0,0,8.52,58.5,55,936,29,833,5.34,28.72,3,0
,237baa2c,Sameera Khan,female,Oman,36,24,178,214,41,12,13,0,0,0,14.83,83.18,27,384,14,380,5.94,27.14,2,0
,c2c7e58a,MD Botha,female,United Arab Emirates,21,12,177,208,45,3,14,0,0,0,19.67,85.1,21,403,30,268,3.99,8.93,4,0
,333830a5,S Juma,female,Kenya,15,15,176,174,29,3,23,0,0,0,14.67,101.15,0,0,0,0,0.0,,0,0
,a3b7bcbd,AS Wikman,female,Italy,9,9,175,140,53,2,22,0,1,0,25.0,125.0,4,31,0,47,9.1,,0,0
,eff8319a,F Sisifo,female,Samoa,16,16,174,287,32,3,14,1,0,0,13.38,60.63,3,36,1,54,9.0,54.0,1,0
,6a405883,F Malefula,female,Malawi,14,14,173,184,62,3,14,1,1,0,15.73,94.02,0,0,0,0,0.0,,0,0
,41bb77bc,S Krisheta,female,Qatar,13,13,173,210,47,1,10,0,0,0,14.42,82.38,5,79,6,87,6.61,14.5,3,0
,33b6b1b3,SC Taylor,female,England,3,3,173,122,76,1,20,0,2,0,86.5,141.8,0,0,0,0,0.0,,0,0
,c6625a26,CE Dean,female,England,57,19,172,153,34,8,17,0,0,0,15.64,112.42,57,1219,77,1411,6.95,18.32,4,0
,72de0105,M Mwangi,female,Kenya,21,18,172,248,31,4,14,1,0,0,12.29,69.35,13,170,13,134,4.73,10.31,3,0
,34304210,S Jafta,female,South Africa,27,27,172,135,17,12,20,2,0,0,11.47,127.41,0,0,0,0,0.0,,0,0
,f85462b1,C Muthoni,female,Kenya,16,16,171,242,64,1,20,0,1,0,11.4,70.66,0,0,0,0,0.0,,0,0
,4302af3d,ML Karlsen,female,Denmark,17,17,171,262,30,6,8,0,0,0,15.55,65.27,0,0,0,0,0.0,,0,0
,e8c42000,W Moutswi,female,Botswana,26,21,171,247,36,6,7,0,0,0,11.4,69.23,19,348,18,245,4.22,13.61,3,0
,b1c113d7,Ada Bhasin,female,Singapore,30,26,170,293,27,5,12,2,0,0,8.1,58.02,28,487,22,367,4.52,16.68,3,0
,25c73eb6,A Aitken,female,Scotland,24,17,169,219,43,3,15,2,0,0,12.07,77.17,9,124,4,103,4.98,25.75,2,0
,569bbcbb,CM Greechan,female,Jersey,22,17,169,236,28,4,6,0,0,0,13.0,71.61,22,496,28,281,3.4,10.04,5,1
,256d29e8,L Bull,female,Sierra Leone,31,24,168,254,19,8,11,0,0,0,10.5,66.14,24,411,27,305,4.45,11.3,4,0
,0d56e9a5,Tuba Hassan,female,Pakistan,48,24,168,171,28,9,16,2,0,0,11.2,98.25,46,851,33,889,6.27,26.94,3,0
,31453abb,Aina Najwa,female,Malaysia,34,34,167,295,20,14,3,0,0,0,8.35,56.61,0,0,0,0,0.0,,0,0
,2fa8a697,A Kanukuntla,female,Germany,22,15,166,287,27,3,5,1,0,0,13.83,57.84,19,372,14,321,5.18,22.93,2,0
,10ab6a37,SH Mohamedi,female,Tanzania,23,23,166,213,36,3,18,0,0,0,8.3,77.93,0,0,0,0,0.0,,0,0
,ae0b5b95,DA Galia,female,Singapore,26,26,165,320,45,3,4,0,0,0,7.17,51.56,1,18,0,8,2.67,,0,0
,1b3718d2,PM Weerakkody,female,Sri Lanka,13,13,165,206,48,1,15,0,0,0,13.75,80.1,0,0,0,0,0.0,,0,0
,1b378842,G Obukor,female,Uganda,10,10,164,204,72,1,13,0,1,0,18.22,80.39,3,43,0,28,3.91,,0,0
,b8cce99f,HNK Jensen,female,New Zealand,47,26,164,213,16,5,15,0,0,0,7.81,77.0,44,808,43,916,6.8,21.3,3,0
,1aabd6fc,PC McGeown,female,France,15,15,164,247,58,2,14,0,1,0,12.62,66.4,6,86,2,65,4.53,32.5,1,0
,ca3ded6f,Sidra Nawaz,female,Pakistan,26,26,164,219,22,6,12,2,0,0,8.2,74.89,0,0,0,0,0.0,,0,0
,44e008a5,T Luka,female,Malawi,22,21,164,292,41,1,11,0,0,0,8.2,56.16,2,42,2,37,5.29,18.5,2,0
,41f534cd,F Tunnicliffe,female,South Africa,13,13,163,189,51,2,19,0,1,0,14.82,86.24,0,0,0,0,0.0,,0,0
,31d220f5,I Waqavakatoga,female,Fiji,16,14,162,240,43,1,19,1,0,0,12.46,67.5,9,180,15,149,4.97,9.93,4,0
,6bb7a785,LC Sthalekar,female,Australia,9,8,162,143,38,2,13,0,0,0,27.0,113.29,9,192,4,168,5.25,42.0,2,0
,a27d8778,R Pavlickova,female,Czech Republic,22,20,162,253,30,0,13,0,0,0,8.1,64.03,20,287,8,329,6.88,41.12,2,0
,078f166f,AS Withanage,female,Italy,8,8,161,167,58,0,25,0,1,0,20.12,96.41,5,60,3,75,7.5,25.0,1,0
,84f1ae7f,J Goswami,female,India,30,20,161,171,25,2,8,4,0,0,8.94,94.15,29,590,23,569,5.79,24.74,3,0
,5d006a1a,A Savvani,female,Greece,29,24,160,313,27,4,6,0,0,0,8.0,51.12,28,474,20,517,6.54,25.85,6,1
,1eec6a0f,M Turay,female,Sierra Leone,22,22,160,258,32,1,12,0,0,0,7.62,62.02,3,35,1,31,5.31,31.0,1,0
,519b872a,O Kamchomphu,female,Thailand,116,47,160,206,26,12,9,4,0,0,4.57,77.67,110,2114,127,1631,4.63,12.84,5,1
,2d4317da,B Murekatete,female,Rwanda,60,36,159,224,28,14,15,0,0,0,7.23,70.98,56,915,48,745,4.89,15.52,3,0
,0b211a32,K Dema,female,Bhutan,24,24,159,312,33,2,12,0,0,0,7.23,50.96,0,0,0,0,0.0,,0,0
,ec687c3a,LL Htun,female,Myanmar,34,25,159,285,38,4,12,0,0,0,7.57,55.79,28,450,20,349,4.65,17.45,3,0
,ef537c2e,N Nojic,female,Serbia,18,14,159,215,44,5,14,0,0,0,17.67,73.95,18,415,22,312,4.51,14.18,3,0
,29269e98,K Sequiera,female,Portugal,9,7,157,148,37,1,13,0,0,0,26.17,106.08,8,162,2,145,5.37,72.5,1,0
,66078174,Nahida Akter,female,Bangladesh,100,39,157,227,16,17,10,0,0,0,7.14,69.16,100,2074,119,2059,5.96,17.3,5,2
,a246f48f,P Mujaji,female,Zimbabwe,18,18,157,180,31,3,15,2,0,0,10.47,87.22,0,0,0,0,0.0,,0,0
,9c2e3040,N Gwanzura,female,Zimbabwe,29,24,156,163,27,4,14,4,0,0,7.8,95.71,17,298,18,319,6.42,17.72,3,0
,9525b9e5,V Igbinedion,female,Nigeria,10,10,156,213,28,1,20,1,0,0,17.33,73.24,0,0,0,0,0.0,,0,0
,f8e27d4a,H Karunaratne,female,Sri Lanka,13,13,155,219,44,3,13,0,0,0,15.5,70.78,3,30,0,41,8.2,,0,0
,bba7558e,K McGill,female,Scotland,31,20,155,191,22,4,11,0,0,0,9.69,81.15,30,479,31,493,6.18,15.9,3,0
,c3c905ae,EAS Ferrary,female,Gibraltar,11,10,154,163,68,0,14,0,1,0,15.4,94.48,11,207,17,155,4.49,9.12,4,0
,4357f6f8,Eyman Fatima,female,Pakistan,12,12,154,126,79,2,18,7,1,0,15.4,122.22,0,0,0,0,0.0,,0,0
,b51d654f,A Bierwisch,female,Germany,22,17,153,281,26,4,4,0,0,0,11.77,54.45,6,92,8,68,4.43,8.5,4,0
,c999c416,A Stocks,female,Argentina,15,14,153,254,48,0,5,1,0,0,10.93,60.24,14,278,12,227,4.9,18.92,4,0
,8ca1f93a,HM Rowe,female,New Zealand,37,17,152,146,33,7,13,1,0,0,15.2,104.11,33,426,22,564,7.94,25.64,3,0
,ab750f1f,IE Mulhovo,female,Mozambique,22,22,152,372,24,0,10,0,0,0,6.91,40.86,0,0,0,0,0.0,,0,0
,78ad3258,KT Perkins,female,New Zealand,16,16,151,179,31,4,10,0,0,0,12.58,84.36,0,0,0,0,0.0,,0,0
,dff806f4,NJ Carey,female,Australia,31,17,151,138,26,12,13,0,0,0,30.2,109.42,28,440,19,527,7.19,27.74,3,0
,0d298cc9,S Lundell,female,Sweden,8,8,151,153,49,3,18,0,0,0,30.2,98.69,2,24,2,27,6.75,13.5,1,0
,d395e33c,AL Watkins,female,New Zealand,4,4,150,115,89,1,19,2,1,0,50.0,130.43,2,48,3,43,5.38,14.33,3,0
,d802854a,M Kearvell,female,Romania,6,6,150,156,40,1,10,0,0,0,30.0,96.15,5,65,2,99,9.14,49.5,1,0
,bfe58c8a,L Pickard,female,Switzerland,13,13,149,232,30,2,5,0,0,0,13.55,64.22,0,0,0,0,0.0,,0,0
,aaf037b1,Rabeya Khan,female,Bangladesh,55,33,148,202,14,17,8,1,0,0,9.25,73.27,54,1102,55,1010,5.5,18.36,4,0
,eadc8924,A Reddy,female,India,53,23,147,148,27,7,15,1,0,0,9.19,99.32,52,1055,47,1365,7.76,29.04,4,0
,26b3df21,AS Qwele,female,Tanzania,34,23,147,224,21,7,13,0,0,0,9.19,65.62,33,607,36,513,5.07,14.25,4,0
,a4f1fdd4,P Marange,female,Zimbabwe,49,24,147,165,40,12,16,3,0,0,12.25,89.09,49,994,43,766,4.62,17.81,5,1
,108c4c09,S Ismail,female,South Africa,91,34,146,182,20,13,12,1,0,0,6.95,80.22,91,1916,96,1905,5.97,19.84,5,2
,78103121,S Vaia,female,Cook Islands,12,11,146,229,23,1,12,0,0,0,14.6,63.76,5,114,2,91,4.79,45.5,1,0
,50102dea,T Kolcunova,female,Czech Republic,12,12,146,214,52,0,12,0,1,0,12.17,68.22,12,250,4,283,6.79,70.75,1,0
,dc5934a6,KM Molapo,female,Lesotho,20,20,145,285,29,1,7,0,0,0,7.63,50.88,0,0,0,0,0.0,,0,0
,e6d1f4bb,M Lollo,female,Argentina,18,18,145,189,41,2,3,0,0,0,9.06,76.72,4,84,5,43,3.07,8.6,4,0
,996ed07c,M Smit,female,South Africa,6,6,144,118,59,3,14,1,1,0,48.0,122.03,0,0,0,0,0.0,,0,0
,f34a3a74,PN Agarwal,female,Luxembourg,12,12,144,166,65,3,12,0,1,0,16.0,86.75,1,6,0,8,8.0,,0,0
,01396dc6,Abeera Waris,female,Bahrain,21,21,143,193,27,3,15,0,0,0,7.94,74.09,6,96,3,120,7.5,40.0,1,0
,c64b7c5b,BF Smith,female,England,9,8,143,119,58,1,23,0,1,0,20.43,120.17,5,60,2,60,6.0,30.0,1,0
,51426347,CE Jacob,female,Qatar,14,14,143,219,25,1,10,0,0,0,11.0,65.3,0,0,0,0,0.0,,0,0
,eae6959b,S Matijevic,female,Serbia,12,11,143,180,36,4,21,0,0,0,20.43,79.44,12,229,12,206,5.4,17.17,4,0
,eb765b41,Apsari Begam,female,Nepal,16,15,142,213,24,3,13,0,0,0,11.83,66.67,1,6,0,1,1.0,,0,0
,5fb4c015,T Dissanayake,female,Bulgaria,7,6,141,115,61,1,14,2,1,0,28.2,122.61,7,144,3,125,5.21,41.67,2,0
,fed9a316,Viktoria Frey,female,Estonia,16,15,141,163,39,0,11,0,0,0,9.4,86.5,15,303,19,322,6.38,16.95,5,1
,d12ec7b3,AL Seddon,female,France,10,10,139,143,47,2,15,0,0,0,17.38,97.2,10,170,4,197,6.95,49.25,1,0
,2c00691c,G Ingabire,female,Rwanda,18,17,139,167,45,3,20,0,0,0,9.93,83.23,1,12,1,14,7.0,14.0,1,0
,6b4817d9,G Shukla,female,Sweden,13,10,139,140,37,1,15,0,0,0,15.44,99.29,13,248,6,213,5.15,35.5,2,0
,ed614ded,L Leisner,female,Denmark,14,14,139,179,29,2,11,1,0,0,11.58,77.65,0,0,0,0,0.0,,0,0
,816af623,Z James,female,West Indies,26,17,139,169,21,5,11,2,0,0,11.58,82.25,24,265,10,329,7.45,32.9,2,0
,46c81920,MSN Ekani,female,Cameroon,18,17,138,304,28,2,11,0,0,0,9.2,45.39,14,227,11,251,6.63,22.82,3,0
,2d093c80,S Sheridan,female,Finland,9,9,138,113,39,1,12,1,0,0,17.25,122.12,3,24,0,33,8.25,,0,0
,a031b75e,K Peddrick,female,Italy,25,20,137,184,20,6,15,0,0,0,9.79,74.46,19,299,14,319,6.4,22.79,4,0
,35ccd83f,M Polimeri,female,Greece,24,23,137,284,15,3,2,0,0,0,6.85,48.24,1,6,0,8,8.0,,0,0
,ba3a1359,RSM Lili'i,female,Samoa,7,7,137,140,46,2,17,0,0,0,27.4,97.86,5,111,9,68,3.68,7.56,3,0
,16301313,S Wetoto,female,Kenya,12,11,137,117,40,4,17,5,0,0,19.57,117.09,11,193,17,175,5.44,10.29,6,2
,98132a18,Vani Dhanuka,female,Switzerland,6,6,137,128,58,1,10,1,1,0,27.4,107.03,6,115,6,96,5.01,16.0,2,0
,c8e6bddd,A Ndiraya,female,Zimbabwe,16,15,136,157,24,4,12,0,0,0,12.36,86.62,4,44,3,25,3.41,8.33,1,0
,80d30c5f,Cai Yuzhi,female,China,26,20,136,238,22,2,13,0,0,0,7.56,57.14,23,316,17,288,5.47,16.94,4,0
,9894e7b9,TS Erichsen,female,Denmark,11,11,136,188,36,2,12,0,0,0,15.11,72.34,0,0,0,0,0.0,,0,0
,4867ffbf,M Bayram,female,Turkey,10,10,135,91,39,2,17,2,0,0,16.88,148.35,0,0,0,0,0.0,,0,0
,29342bbe,SH Lawlor,female,Luxembourg,10,10,135,238,37,1,11,0,0,0,15.0,56.72,4,48,2,76,9.5,38.0,1,0
,35cac794,Jiaping Li,female,China,24,22,134,264,23,2,8,0,0,0,6.7,50.76,12,168,5,175,6.25,35.0,2,0
,4f4f283c,LJ Poulton,female,Australia,5,5,134,122,39,1,18,0,0,0,33.5,109.84,0,0,0,0,0.0,,0,0
,69f47625,ME Violleau,female,France,17,16,134,230,38,1,11,0,0,0,8.93,58.26,12,126,3,176,8.38,58.67,2,0
,b34e0c77,S Glenn,female,England,71,19,134,112,26,12,16,0,0,0,19.14,119.64,70,1453,89,1467,6.06,16.48,4,0
,1a14aefd,S Hojholt,female,Denmark,10,10,134,213,30,1,10,0,0,0,14.89,62.91,0,0,0,0,0.0,,0,0
,3ab9a451,Sweeta Corda,female,Bahrain,13,13,134,192,34,4,8,1,0,0,14.89,69.79,3,24,0,46,11.5,,0,0
,d6660d9b,Zhang Mei,female,China,8,8,134,160,35,1,12,0,0,0,19.14,83.75,0,0,0,0,0.0,,0,0
,f0f9d832,A Rameshan,female,Malta,10,10,133,188,29,1,13,0,0,0,14.78,70.74,10,222,15,208,5.62,13.87,4,0
,81599c08,M Perisic,female,Serbia,17,17,133,242,46,0,7,0,0,0,7.82,54.96,4,72,5,59,4.92,11.8,2,0
,caa99fcb,UCKA Dona,female,United Arab Emirates,20,20,133,186,26,7,7,1,0,0,10.23,71.51,0,0,0,0,0.0,,0,0
,b21446f8,Amrita Sasidharan,female,Switzerland,7,7,132,149,63,0,1,1,1,0,18.86,88.59,0,0,0,0,0.0,,0,0
,2d772f77,MI Khagoitsa,female,Kenya,30,16,132,157,30,3,17,1,0,0,10.15,84.08,30,636,37,436,4.11,11.78,5,1
,951e08f0,S Vuni,female,Fiji,11,11,132,189,44,3,13,0,0,0,16.5,69.84,0,0,0,0,0.0,,0,0
,a0d07fd6,A Chilia,female,Vanuatu,22,21,131,225,29,4,10,0,0,0,7.71,58.22,3,60,1,52,5.2,52.0,1,0
,5b84f3bc,C Zhou,female,China,12,12,131,244,20,0,10,0,0,0,10.92,53.69,0,0,0,0,0.0,,0,0
,31036a1d,N Kingsley,female,Germany,15,15,131,113,30,3,13,1,0,0,10.92,115.93,0,0,0,0,0.0,,0,0
,7bf606c6,JB Nero,female,West Indies,10,10,130,186,31,2,13,1,0,0,16.25,69.89,0,0,0,0,0.0,,0,0
,9714e764,Kainat Imtiaz,female,Pakistan,18,15,130,158,29,5,10,0,0,0,13.0,82.28,10,120,5,127,6.35,25.4,1,0
,02c8fbfc,H Leko,female,Croatia,9,9,129,182,30,1,8,0,0,0,16.12,70.88,9,209,8,148,4.25,18.5,3,0
,5463cb7a,S Pandey,female,India,48,21,129,169,23,9,8,1,0,0,10.75,76.33,45,818,34,906,6.65,26.65,3,0
,7e8bcfc1,ST Frohnmayer,female,Germany,18,14,129,218,42,2,7,0,0,0,10.75,59.17,15,246,9,255,6.22,28.33,2,0
,55aabdef,Z Franova,female,Czech Republic,17,17,129,244,34,2,9,0,0,0,8.6,52.87,0,0,0,0,0.0,,0,0
,03d9e80f,C Henery,female,Isle of Man,11,11,128,119,32,3,12,2,0,0,16.0,107.56,9,142,10,137,5.79,13.7,4,0
,a1e30490,Wei Haiting,female,China,19,19,128,304,25,1,3,0,0,0,7.11,42.11,2,12,0,29,14.5,,0,0
,5596d5bf,D Foerster,female,Namibia,37,23,127,171,19,13,10,2,0,0,12.7,74.27,27,390,17,297,4.57,17.47,2,0
,f91abcd6,M Ngoche,female,Kenya,9,9,127,165,38,2,16,1,0,0,18.14,76.97,2,18,0,21,7.0,,0,0
,fd811335,S Bhaskar,female,United States of America,8,8,127,156,30,2,15,0,0,0,21.17,81.41,0,0,0,0,0.0,,0,0
,5ba89b11,S Foo-Ryland,female,Portugal,3,3,127,140,52,2,14,0,2,0,127.0,90.71,0,0,0,0,0.0,,0,0
,8c42d7d8,V Mahajan,female,Canada,12,11,127,179,22,1,9,1,0,0,12.7,70.95,11,198,6,167,5.06,27.83,2,0
,71d6fd2c,A Davidson-Soler,female,Spain,9,8,126,140,48,1,7,0,0,0,18.0,90.0,9,174,4,146,5.03,36.5,1,0
,ec691a5b,EMKNH Senavirathna,female,Sri Lanka,16,16,126,112,24,6,12,0,0,0,12.6,112.5,0,0,0,0,0.0,,0,0
,69950546,L Ramjit,female,United States of America,12,8,126,171,48,3,12,0,0,0,25.2,73.68,6,108,5,78,4.33,15.6,3,0
,21bcbbdd,S Galabova,female,Bulgaria,20,20,126,211,30,2,12,0,0,0,7.0,59.72,5,36,0,86,14.33,,0,0
,211dc1ce,T Bhatia,female,India,22,22,126,154,23,3,12,0,0,0,6.63,81.82,0,0,0,0,0.0,,0,0
,27339093,L Idambo,female,Kenya,38,21,125,207,20,5,11,0,0,0,7.81,60.39,37,614,37,514,5.02,13.89,4,0
,5f40b4da,M Stevanovic,female,Serbia,8,8,125,122,37,1,18,2,0,0,17.86,102.46,8,168,7,154,5.5,22.0,2,0
,86a68879,A Mohamed,female,Tanzania,18,16,124,167,21,3,9,0,0,0,9.54,74.25,12,184,8,182,5.93,22.75,2,0
,3e84a803,G Keles,female,Turkey,12,12,124,140,54,4,13,0,1,0,15.5,88.57,0,0,0,0,0.0,,0,0
,eea3be2e,WNA Bucuane,female,Mozambique,18,18,124,193,32,1,10,0,0,0,7.29,64.25,0,0,0,0,0.0,,0,0
,211f48fe,K Ota,female,Japan,30,20,123,215,20,4,6,0,0,0,7.69,57.21,27,375,17,375,6.0,22.06,3,0
,3e1fbf05,SK Reddy,female,Austria,8,7,123,157,47,4,10,0,0,0,41.0,78.34,8,149,10,107,4.31,10.7,4,0
,949d1cae,GS Sequeira,female,Portugal,3,3,122,114,63,2,16,1,2,0,122.0,107.02,3,70,5,51,4.37,10.2,3,0
,2dfdd316,J Intan,female,Malaysia,27,25,122,192,24,9,9,0,0,0,7.62,63.54,4,48,2,57,7.12,28.5,2,0
,a6aac76b,NJ Browne,female,New Zealand,13,11,122,117,29,4,9,2,0,0,17.43,104.27,12,228,13,191,5.03,14.69,3,0
,05d9faac,Roma Thapa,female,Nepal,19,19,122,174,22,5,7,1,0,0,8.71,70.11,0,0,0,0,0.0,,0,0
,a289cfa0,S Lita D'Sa,female,Kuwait,24,24,122,175,34,1,10,0,0,0,5.3,69.71,0,0,0,0,0.0,,0,0
,72070f05,Zi Mei,female,China,16,16,122,287,18,3,3,0,0,0,9.38,42.51,0,0,0,0,0.0,,0,0
,4d35d0b3,EN Lynch,female,Netherlands,46,29,121,139,19,10,12,0,0,0,6.37,87.05,45,870,42,767,5.29,18.26,4,0
,115b7211,L Krvaric,female,Croatia,9,9,121,119,57,2,10,0,1,0,17.29,101.68,9,198,7,139,4.21,19.86,2,0
,2832fbba,R Haiong,female,Mozambique,29,27,121,239,18,8,7,0,0,0,6.37,50.63,13,155,5,140,5.42,28.0,1,0
,c6a019f5,C de Lange,female,Netherlands,84,27,120,196,21,8,11,0,0,0,6.32,61.22,84,1772,87,1599,5.41,18.38,4,0
,266f372c,H Celik,female,Turkey,12,6,120,111,54,1,10,0,1,0,24.0,108.11,12,225,19,189,5.04,9.95,4,0
,202ce08c,MA Swedy,female,Tanzania,7,7,120,88,87,2,14,0,1,0,24.0,136.36,0,0,0,0,0.0,,0,0
,b03285bf,O Asika,female,Nigeria,10,10,120,212,33,1,7,0,0,0,13.33,56.6,0,0,0,0,0.0,,0,0
,1f7825dd,SF Daley,female,West Indies,22,16,120,173,25,5,7,0,0,0,10.91,69.36,22,438,29,407,5.58,14.03,5,1
,1b0ce76e,A Adekunle,female,Nigeria,26,19,119,180,38,7,10,0,0,0,9.92,66.11,23,438,21,355,4.86,16.9,3,0
,1438d928,Khadija Imtiaz,female,Qatar,32,28,119,260,15,7,8,0,0,0,5.67,45.77,15,218,12,232,6.39,19.33,2,0
,f12e21a0,Nayab Razwan,female,Norway,16,16,119,178,18,1,5,0,0,0,7.93,66.85,7,104,5,102,5.88,20.4,2,0
,95569cde,AC Brodin,female,France,13,13,118,152,43,0,14,0,0,0,9.08,77.63,7,78,1,120,9.23,120.0,1,0
,b5ef8f19,D McGahey,female,Canada,6,6,118,121,48,0,16,1,0,0,19.67,97.52,0,0,0,0,0.0,,0,0
,0affba80,Farwa Baber,female,Czech Republic,7,7,118,88,28,2,13,1,0,0,23.6,134.09,5,84,1,79,5.64,79.0,1,0
,7239a365,JM Watkin,female,New Zealand,9,8,118,74,77,1,17,4,1,0,16.86,159.46,7,123,7,132,6.44,18.86,3,0
,feb75c84,A Ilahi,female,Belgium,13,13,117,185,27,3,9,0,0,0,11.7,63.24,12,275,9,279,6.09,31.0,3,0
,8a452195,R Slater,female,Scotland,42,24,117,138,21,7,11,0,0,0,6.88,84.78,41,743,40,815,6.58,20.38,5,1
,b56786e5,G Ilarionova,female,Bulgaria,14,12,116,149,39,1,9,0,0,0,10.55,77.85,14,223,8,312,8.39,39.0,2,0
,c0a34f79,SG Luijke,female,Portugal,8,8,116,115,59,1,12,0,1,0,16.57,100.87,0,0,0,0,0.0,,0,0
,6e2ec862,I Goordial-John,female,Canada,13,10,115,199,42,0,2,0,0,0,11.5,57.79,12,244,8,197,4.84,24.62,2,0
,52b57a65,NMP Suwandewi,female,Indonesia,36,16,115,185,23,7,6,0,0,0,12.78,62.16,36,689,34,447,3.89,13.15,4,0
,9d0332ee,Nisha Ali,female,United Arab Emirates,5,5,115,109,69,0,14,0,1,0,23.0,105.5,5,82,2,70,5.12,35.0,1,0
,2ea9b32c,Qanita Jalil,female,Pakistan,24,20,115,141,21,1,13,0,0,0,6.05,81.56,20,294,7,282,5.76,40.29,2,0
,1ac4b030,Ragne Hallik,female,Estonia,14,13,115,214,32,1,4,0,0,0,9.58,53.74,10,162,7,192,7.11,27.43,2,0
,1e630426,T Trajkovic,female,Serbia,9,8,115,146,46,1,11,0,0,0,16.43,78.77,7,138,12,125,5.43,10.42,3,0
,31c56f40,Vaishnave Mahesh,female,United Arab Emirates,94,34,115,176,16,12,8,0,0,0,5.23,65.34,91,1666,119,1325,4.77,11.13,4,0
,4e193c55,E Chiralile,female,Malawi,19,19,114,218,20,3,11,0,0,0,7.12,52.29,0,0,0,0,0.0,,0,0
,2901e489,RD de Sousa,female,Brazil,10,8,114,180,30,1,5,0,0,0,16.29,63.33,10,221,9,139,3.77,15.44,2,0
,b3f7066c,S Rani,female,Bangladesh,9,9,114,145,29,0,14,1,0,0,12.67,78.62,0,0,0,0,0.0,,0,0
,84a96566,Sun Meng Yao,female,China,6,6,114,167,49,1,7,0,0,0,22.8,68.26,0,0,0,0,0.0,,0,0
,3a4d914f,A Dcosta,female,Oman,32,19,113,153,27,5,7,0,0,0,8.07,73.86,32,667,38,582,5.24,15.32,5,1
,0dda36e7,P Shetty,female,Bahrain,24,19,113,181,21,4,10,0,0,0,7.53,62.43,24,462,15,467,6.06,31.13,3,0
,6059bb14,TC Mataora,female,Cook Islands,7,7,113,131,49,2,14,0,0,0,22.6,86.26,5,54,1,71,7.89,71.0,1,0
,51862ee2,D Busingye,female,Uganda,5,5,112,138,65,1,8,0,1,0,28.0,81.16,1,18,1,19,6.33,19.0,1,0
,40283617,NP Dalgaard,female,Denmark,23,18,112,152,17,2,9,0,0,0,7.0,73.68,21,486,22,397,4.9,18.05,3,0
,4dabe716,W Liengprasert,female,Thailand,18,16,112,162,28,5,4,0,0,0,10.18,69.14,11,134,11,105,4.7,9.55,5,1
,cd7134f5,Han Lili,female,China,15,12,111,152,29,3,8,0,0,0,12.33,73.03,9,198,14,120,3.64,8.57,2,0
,22595a2d,JC Cullen,female,Argentina,15,15,111,163,24,2,6,1,0,0,8.54,68.1,4,36,1,51,8.5,51.0,1,0
,5926e145,NK Bagenda,female,Uganda,12,12,111,155,34,1,6,0,0,0,10.09,71.61,0,0,0,0,0.0,,0,0
,4f3080c3,O Omonkhobio,female,Nigeria,13,13,111,84,21,2,10,4,0,0,10.09,132.14,12,187,6,162,5.2,27.0,2,0
,4fd4cef9,S Kambalapalli,female,United States of America,8,8,111,111,52,1,18,0,1,0,15.86,100.0,7,162,10,96,3.56,9.6,3,0
,3032933c,S Nitschke,female,Australia,5,5,111,93,37,0,14,0,0,0,22.2,119.35,5,120,4,99,4.95,24.75,2,0
,3cc55f88,B Ichinkhorloo,female,Mongolia,18,18,110,339,24,0,8,0,0,0,6.11,32.45,0,0,0,0,0.0,,0,0
,df997334,CS Nascimento,female,Brazil,28,18,110,156,30,2,2,1,0,0,6.88,70.51,25,444,24,382,5.16,15.92,5,1
,d693012d,DM Kimmince,female,Australia,40,9,110,112,43,1,5,2,0,0,13.75,98.21,40,810,44,907,6.72,20.61,3,0
,07485bb9,HML Madushani,female,Sri Lanka,6,6,110,128,63,1,10,2,1,0,22.0,85.94,0,0,0,0,0.0,,0,0
,edbbe245,Huang Zhuo,female,China,11,11,110,201,24,2,7,0,0,0,12.22,54.73,0,0,0,0,0.0,,0,0
,83cde44d,I Toua,female,Papua New Guinea,41,18,110,128,25,7,11,0,0,0,10.0,85.94,40,767,36,589,4.61,16.36,4,0
,0bc162c4,JAN Ngono,female,Cameroon,15,15,110,211,25,3,12,0,0,0,9.17,52.13,7,120,5,126,6.3,25.2,1,0
,3134e4a4,S Dunukedeniya,female,Cyprus,18,10,110,126,65,3,11,0,1,0,15.71,87.3,17,302,35,221,4.39,6.31,7,1
,18377910,S Pakhrin,female,Nepal,10,8,110,163,29,0,12,0,0,0,13.75,67.48,2,30,1,10,2.0,10.0,1,0
,3b62a6b4,MLG Silva,female,Brazil,23,23,109,175,26,4,11,0,0,0,5.74,62.29,1,11,2,1,0.55,0.5,2,0
,dacecca3,S Sarandeva,female,Bulgaria,18,18,109,252,50,0,9,0,1,0,6.06,43.25,17,300,13,379,7.58,29.15,3,0
,73db1940,YS To,female,Hong Kong,14,14,109,183,37,1,6,0,0,0,8.38,59.56,7,132,7,114,5.18,16.29,3,0
,704b4c30,Seika Sumi,female,Japan,18,18,108,144,25,5,5,0,0,0,8.31,75.0,0,0,0,0,0.0,,0,0
,01c1b96c,C Aweko,female,Uganda,90,33,107,185,11,11,9,0,0,0,4.86,57.84,90,2040,107,1459,4.29,13.64,4,0
,f606177e,G Kodali,female,United States of America,35,23,107,125,20,7,7,0,0,0,6.69,85.6,35,524,23,536,6.14,23.3,3,0
,d5595998,J Kominkova,female,Czech Republic,18,18,107,215,22,2,12,0,0,0,6.69,49.77,10,132,4,187,8.5,46.75,2,0
,bd36bc39,S Chaturongrattana,female,Thailand,63,19,107,168,24,7,8,0,0,0,8.92,63.69,63,1182,74,849,4.31,11.47,5,1
,99e23670,S Molineux,female,Australia,49,16,107,89,25,3,11,2,0,0,8.23,120.22,48,993,56,1012,6.11,18.07,4,0
,ec8132b2,Ezgi Nur Kilic,female,Turkey,15,11,106,147,25,0,14,0,0,0,9.64,72.11,15,282,21,238,5.06,11.33,3,0
,9efce9fd,Hiu Ying Cheung,female,Hong Kong,27,27,106,142,11,7,9,0,0,0,5.3,74.65,0,0,0,0,0.0,,0,0
,3aca2ed5,S Miyaji,female,Japan,10,10,106,133,22,4,7,0,0,0,17.67,79.7,10,212,7,190,5.38,27.14,2,0
,be59ed3f,G Cengiz,female,Turkey,9,8,105,104,54,2,12,0,1,0,17.5,100.96,9,102,3,140,8.24,46.67,1,0
,edcd847a,Gong Yuting,female,China,22,18,105,145,15,4,8,0,0,0,7.5,72.41,10,121,2,111,5.5,55.5,1,0
,ae779954,JA Rymer,female,Malta,8,8,105,157,51,2,8,0,1,0,17.5,66.88,0,0,0,0,0.0,,0,0
,752183c1,Jahanara Alam,female,Bangladesh,55,31,105,144,12,13,4,1,0,0,5.83,72.92,55,976,42,1002,6.16,23.86,5,1
,a2fc9177,R Muriyalo,female,Fiji,7,7,105,150,36,1,7,1,0,0,17.5,70.0,6,107,5,66,3.7,13.2,2,0
,fec8377a,Suzan Turan,female,Turkey,10,9,105,118,26,2,14,0,0,0,15.0,88.98,5,90,5,66,4.4,13.2,2,0
,ea342fc1,Isabel Walker,female,Portugal,6,6,104,98,46,4,12,0,0,0,52.0,106.12,6,143,11,92,3.86,8.36,3,0
,e22f8ec1,JKC Claxton,female,West Indies,19,14,104,123,21,3,11,2,0,0,9.45,84.55,12,199,12,275,8.29,22.92,3,0
,556ad437,K Canavarci,female,Turkey,12,12,104,129,28,0,10,0,0,0,8.67,80.62,12,207,11,223,6.46,20.27,3,0
,322855f7,Poorvaja Jagdeesha,female,Bahrain,16,16,104,211,22,2,8,0,0,0,7.43,49.29,5,35,0,59,10.11,,0,0
,b85ac5bb,S Lomani,female,Fiji,9,9,104,171,43,0,15,0,0,0,11.56,60.82,0,0,0,0,0.0,,0,0
,ad5165c2,A Galan,female,Argentina,21,21,103,224,19,2,4,0,0,0,5.42,45.98,20,399,21,269,4.05,12.81,3,0
,32497ecd,A Shrubsole,female,England,66,16,103,96,29,8,8,2,0,0,12.88,107.29,66,1348,84,1335,5.94,15.89,5,1
,f3249df1,AM Healey,female,Germany,13,12,103,139,33,1,17,0,0,0,9.36,74.1,13,258,14,176,4.09,12.57,2,0
,791dca18,F Najjumba,female,Uganda,9,8,103,125,26,2,7,0,0,0,17.17,82.4,3,66,2,49,4.45,24.5,1,0
,f2b769ad,GEM Brealey,female,Luxembourg,8,8,103,117,32,1,5,0,0,0,14.71,88.03,7,108,4,128,7.11,32.0,2,0
,67bd483c,J Sanele,female,Samoa,12,11,103,146,20,2,9,0,0,0,11.44,70.55,12,251,11,208,4.97,18.91,3,0
,bf370562,S Talamarla,female,Czech Republic,14,10,103,129,38,1,9,0,0,0,11.44,79.84,14,287,16,259,5.41,16.19,3,0
,335b2768,T Iosefo,female,Samoa,14,11,103,120,35,2,13,0,0,0,11.44,85.83,13,237,18,206,5.22,11.44,3,0
,49355360,LJ Payas,female,Gibraltar,10,9,102,88,54,3,9,0,1,0,17.0,115.91,7,98,4,99,6.06,24.75,1,0
,76e56ac6,M Ndhambi,female,Kenya,8,7,102,141,37,0,10,0,0,0,14.57,72.34,3,30,0,32,6.4,,0,0
,b17a4a93,N Shangase,female,South Africa,18,10,102,137,38,2,8,0,0,0,12.75,74.45,18,216,19,257,7.14,13.53,5,1
,245c13c2,NT Raghunandan,female,Portugal,6,6,102,98,47,0,10,0,0,0,17.0,104.08,5,108,7,97,5.39,13.86,2,0
,0b78b7c1,Rameen Shamim,female,Pakistan,19,10,102,92,27,3,11,1,0,0,14.57,110.87,18,385,15,450,7.01,30.0,3,0
,5f862ccd,SS Weerakkody,female,Sri Lanka,23,21,102,136,17,8,9,0,0,0,7.85,75.0,21,252,8,256,6.1,32.0,2,0
,7e421645,A Lumbe,female,Malawi,11,11,101,208,42,1,10,0,0,0,10.1,48.56,0,0,0,0,0.0,,0,0
,4ae7048b,AB Slebsager,female,Denmark,19,14,101,110,23,6,10,0,0,0,12.62,91.82,17,277,17,356,7.71,20.94,4,0
,b075b35d,Aanvi Kishore,female,Germany,6,6,101,104,52,1,8,1,1,0,20.2,97.12,0,0,0,0,0.0,,0,0
,b55fb828,BMSM Kumari,female,Sri Lanka,91,29,101,160,10,11,8,0,0,0,5.61,63.12,91,1852,70,1904,6.17,27.2,3,0
,ae5f7b63,D Tekyildirim,female,Turkey,9,7,101,109,40,3,12,0,0,0,25.25,92.66,5,84,6,73,5.21,12.17,2,0
,aa88b08b,Emily Sirs,female,Indonesia,10,9,101,91,53,2,14,0,1,0,14.43,110.99,3,24,0,13,3.25,,0,0
,852f74c8,M Nikolic,female,Serbia,9,9,101,187,24,3,8,0,0,0,16.83,54.01,0,0,0,0,0.0,,0,0
,bb472ec7,I Vrignaud,female,France,10,10,100,183,32,3,7,0,0,0,14.29,54.64,0,0,0,0,0.0,,0,0
,532ddb12,P Agboya,female,Nigeria,19,14,99,119,24,0,15,0,0,0,7.07,83.19,18,340,21,215,3.79,10.24,3,0
,4fc3790e,S Magar,female,Nepal,16,13,98,140,22,3,6,0,0,0,9.8,70.0,9,108,3,86,4.78,28.67,2,0
,aae9b47b,S Yildirim,female,Turkey,5,4,97,96,59,1,10,0,1,0,32.33,101.04,3,40,4,23,3.45,5.75,2,0
,228a747d,VB Viyala,female,Norway,18,17,97,130,12,5,4,0,0,0,8.08,74.62,14,216,8,238,6.61,29.75,2,0
,a0fdf513,KDU Prabodhani,female,Sri Lanka,77,28,96,169,14,13,3,0,0,0,6.4,56.8,77,1521,63,1448,5.71,22.98,3,0
,77276fff,RA Reilly,female,Gibraltar,8,8,96,117,49,1,10,0,0,0,13.71,82.05,0,0,0,0,0.0,,0,0
,8451562a,L Udeh,female,Nigeria,35,21,95,132,23,5,7,0,0,0,5.94,71.97,35,707,40,481,4.08,12.03,6,1
,a76e68af,S Kavindi,female,Sri Lanka,5,5,95,75,46,1,11,2,0,0,23.75,126.67,0,0,0,0,0.0,,0,0
,47c3d294,S Paldon,female,Bhutan,12,12,95,191,28,2,6,0,0,0,9.5,49.74,0,0,0,0,0.0,,0,0
,fb56dda6,B Waluma,female,Cameroon,24,24,94,190,12,2,7,0,0,0,4.27,49.47,0,0,0,0,0.0,,0,0
,b9bb76c8,C Agafili,female,Samoa,8,8,94,102,31,0,14,0,0,0,11.75,92.16,3,42,2,34,4.86,17.0,1,0
,cdaf3af3,NM Cherriath,female,United Arab Emirates,11,10,94,136,27,3,9,0,0,0,13.43,69.12,3,30,0,42,8.4,,0,0
,d9e5ecb4,E Anyipo,female,Uganda,32,16,93,94,17,5,7,1,0,0,8.45,98.94,32,536,20,465,5.21,23.25,3,0
,19147fe0,LR Down,female,New Zealand,9,9,93,108,17,2,6,0,0,0,13.29,86.11,0,0,0,0,0.0,,0,0
,0441a1f5,M Maguire,female,Jersey,17,17,93,151,15,7,5,0,0,0,9.3,61.59,0,0,0,0,0.0,,0,0
,6c3aef71,RP Yadav,female,India,88,25,93,97,14,9,5,1,0,0,5.81,95.88,87,1797,104,2004,6.69,19.27,4,0
,ea8b65ab,D Hazell,female,England,51,15,92,106,18,6,5,1,0,0,10.22,86.79,51,1129,46,1046,5.56,22.74,4,0
,f0ddeafb,M Martinez,female,Argentina,15,14,92,135,31,1,10,0,0,0,7.08,68.15,14,247,7,226,5.49,32.29,1,0
,261fddca,MA Nyabela,female,Lesotho,20,19,92,182,19,1,3,0,0,0,5.11,50.55,20,411,20,434,6.34,21.7,3,0
,cb83a7df,T Mulepati,female,Finland,10,10,92,220,31,2,7,0,0,0,11.5,41.82,10,162,13,94,3.48,7.23,4,0
,967984d0,A Sootaga,female,Samoa,11,11,91,104,42,4,9,1,0,0,13.0,87.5,0,0,0,0,0.0,,0,0
,3308d881,SL Quintyne,female,West Indies,21,13,91,109,29,3,8,0,0,0,9.1,83.49,21,426,21,393,5.54,18.71,3,0
,f9ded29b,DP Vaidya,female,India,13,8,90,91,32,4,7,1,0,0,22.5,98.9,13,198,10,240,7.27,24.0,2,0
,cc72f8df,G Madanayake,female,Estonia,10,10,90,148,21,0,6,0,0,0,9.0,60.81,9,127,5,125,5.91,25.0,2,0
,58317766,N Benjamin,female,Namibia,23,15,90,108,18,6,7,0,0,0,10.0,83.33,19,279,12,252,5.42,21.0,2,0
,1318a5f1,S Naik,female,India,9,9,90,93,25,1,8,1,0,0,11.25,96.77,0,0,0,0,0.0,,0,0
,41bfb2a9,I Suhun,female,Bahrain,20,20,89,160,30,3,7,0,0,0,5.24,55.62,7,90,1,132,8.8,132.0,1,0
,75b4acc8,K Pandya,female,Denmark,10,10,89,140,21,1,1,0,0,0,9.89,63.57,0,0,0,0,0.0,,0,0
,0c142594,MPM Pathirannehelage,female,Austria,14,11,89,110,29,4,10,0,0,0,12.71,80.91,14,268,17,175,3.92,10.29,3,0
,e393c6c1,SF Jerome,female,Tanzania,38,18,89,122,25,9,7,0,0,0,9.89,72.95,36,651,30,494,4.55,16.47,3,0
,f19c8dc0,Sadaf Shamas,female,Pakistan,13,13,89,122,35,0,12,0,0,0,6.85,72.95,1,6,0,11,11.0,,0,0
,bd8689b0,BS Fulmali,female,India,8,8,88,95,40,1,9,2,0,0,12.57,92.63,0,0,0,0,0.0,,0,0
,bf8c8572,Javeria Rauf,female,Pakistan,10,10,88,123,25,0,10,1,0,0,8.8,71.54,2,24,1,31,7.75,31.0,1,0
,b5b21b1d,Keziah Miriam Sabin,female,United Arab Emirates,9,9,88,74,54,5,10,1,1,0,22.0,118.92,0,0,0,0,0.0,,0,0
,6fd40892,M Vervitsioti,female,Greece,33,23,88,197,21,5,2,0,0,0,4.89,44.67,30,462,22,517,6.71,23.5,3,0
,cbd69f04,NM Anil,female,Oman,7,7,88,87,55,0,12,0,1,0,12.57,101.15,0,0,0,0,0.0,,0,0
,fbffb752,Alina Aslam,female,Norway,22,14,87,147,23,3,1,0,0,0,7.91,59.18,22,467,19,426,5.47,22.42,3,0
,4f58d65d,V Frank,female,Papua New Guinea,9,8,87,97,28,3,9,0,0,0,17.4,89.69,3,42,0,54,7.71,,0,0
,ed0ec1fe,A Akhigbe,female,Nigeria,15,13,86,135,24,3,11,1,0,0,8.6,63.7,13,224,11,182,4.88,16.55,3,0
,daf255ce,G Chilia,female,Vanuatu,14,12,86,142,21,3,5,1,0,0,9.56,60.56,4,25,2,26,6.24,13.0,2,0
,59ace6d9,Irdina Beh Nabil,female,Malaysia,15,15,86,137,19,5,7,0,0,0,8.6,62.77,0,0,0,0,0.0,,0,0
,e8045847,M Bestani,female,Argentina,8,8,86,98,31,2,5,0,0,0,14.33,87.76,0,0,0,0,0.0,,0,0
,74eecff4,M Wai Siu,female,Hong Kong,81,27,86,180,11,18,2,0,0,0,9.56,47.78,79,1470,70,1266,5.17,18.09,4,0
,9b73d523,LM Kasperek,female,New Zealand,44,19,85,89,19,4,7,0,0,0,5.67,95.51,44,942,65,1066,6.79,16.4,3,0
,7be9cb29,T Khabo,female,Lesotho,17,17,85,248,31,2,2,0,0,0,5.67,34.27,4,72,1,112,9.33,112.0,1,0
,0dc4ac6c,V Stolle,female,Germany,12,12,85,125,23,3,2,0,0,0,9.44,68.0,0,0,0,0,0.0,,0,0
,6ab99b17,WK Lai,female,Hong Kong,33,25,85,147,12,2,3,0,0,0,3.7,57.82,17,275,14,263,5.74,18.79,4,0
,ae2c396f,AM Peterson,female,New Zealand,24,14,84,94,15,2,8,0,0,0,7.0,89.36,21,306,17,334,6.55,19.65,3,0
,6a32ef43,CT McNally,female,Gibraltar,7,7,84,123,19,2,8,0,0,0,16.8,68.29,0,0,0,0,0.0,,0,0
,7d1a3ff7,D Bhatta,female,Nepal,10,10,84,76,25,1,6,3,0,0,9.33,110.53,0,0,0,0,0.0,,0,0
,18d53879,Habeeba Bader,female,Canada,12,12,84,142,21,2,6,0,0,0,8.4,59.15,0,0,0,0,0.0,,0,0
,4206b29c,M Sankoh,female,Sierra Leone,9,9,84,174,23,0,5,0,0,0,9.33,48.28,0,0,0,0,0.0,,0,0
,3ff26cea,Riyaa Bhasin,female,Singapore,22,18,84,169,14,4,1,0,0,0,6.0,49.7,6,72,7,62,5.17,8.86,2,0
,09cbca15,Sonam,female,Bhutan,29,20,84,183,23,3,7,0,0,0,4.94,45.9,28,537,25,518,5.79,20.72,4,0
,a3ead8da,A Sharma,female,India,9,9,83,109,24,1,5,2,0,0,10.38,76.15,5,84,4,97,6.93,24.25,2,0
,af6c03bc,A Zimunu,female,Zimbabwe,13,8,83,108,20,2,9,0,0,0,13.83,76.85,13,216,4,289,8.03,72.25,2,0
,7097b37e,K Carney,female,Isle of Man,10,10,83,87,27,4,9,0,0,0,13.83,95.4,0,0,0,0,0.0,,0,0
,41f8d757,SV Collyer,female,Portugal,5,5,83,81,46,2,8,0,0,0,27.67,102.47,0,0,0,0,0.0,,0,0
,6c4ed095,V Redkar,female,Belgium,4,4,83,110,41,1,8,0,0,0,27.67,75.45,1,6,0,6,6.0,,0,0
,7f50b306,B Pierre,female,Belgium,9,9,82,131,37,0,6,0,0,0,9.11,62.6,6,98,0,165,10.1,,0,0
,84dc77ad,Bella Poon,female,Hong Kong,12,12,82,130,14,0,9,0,0,0,6.83,63.08,0,0,0,0,0.0,,0,0
,9c94176e,E Cleator,female,Isle of Man,7,7,82,104,33,1,5,0,0,0,13.67,78.85,0,0,0,0,0.0,,0,0
,088f22fd,Geovanis Uwase,female,Rwanda,24,16,82,89,13,3,5,1,0,0,6.31,92.13,12,168,6,150,5.36,25.0,3,0
,a1d4bc51,R Hubbard,female,Guernsey,5,5,82,86,51,1,12,0,1,0,20.5,95.35,3,36,1,51,8.5,51.0,1,0
,f805e474,C Lokuge,female,Estonia,10,10,81,110,23,2,7,0,0,0,10.12,73.64,8,151,10,127,5.05,12.7,4,0
,9306c803,KL Rolton,female,Australia,2,2,81,69,43,1,6,1,0,0,81.0,117.39,0,0,0,0,0.0,,0,0
,80713a84,S Raveendrakumar,female,Norway,8,8,81,122,24,2,4,0,0,0,13.5,66.39,1,12,0,18,9.0,,0,0
,c74d14f1,Yusrina Yaakop,female,Malaysia,16,16,81,153,19,1,6,0,0,0,5.4,52.94,0,0,0,0,0.0,,0,0
,ec11ad0b,Aarti Priya,female,Luxembourg,14,11,80,134,21,1,2,0,0,0,8.0,59.7,14,279,12,298,6.41,24.83,3,0
,0e3e8ce3,L Greig,female,Jersey,10,10,80,89,23,2,7,0,0,0,10.0,89.89,1,24,2,19,4.75,9.5,2,0
,1a9a6b15,Likitha Yadav,female,Malta,7,7,80,162,37,1,6,0,0,0,13.33,49.38,7,134,9,110,4.93,12.22,2,0
,6bebf334,SS Grimmond,female,West Indies,15,14,80,116,15,3,7,2,0,0,7.27,68.97,14,190,7,217,6.85,31.0,3,0
,97f2faf0,Aleena Khan,female,Qatar,17,16,79,152,19,1,8,0,0,0,5.27,51.97,12,172,4,201,7.01,50.25,1,0
,b42d42b1,Christina Baret,female,Malaysia,13,13,79,176,21,2,2,0,0,0,7.18,44.89,2,12,0,21,10.5,,0,0
,b58b1ae5,J Post,female,Netherlands,14,14,79,120,20,3,6,0,0,0,7.18,65.83,1,6,0,12,12.0,,0,0
,4839b023,SYD Chan,female,Hong Kong,14,12,79,136,16,3,2,0,0,0,8.78,58.09,7,108,4,99,5.5,24.75,3,0
,d1f6a8fa,V Jesrani,female,Oman,10,10,79,181,23,0,1,0,0,0,7.9,43.65,0,0,0,0,0.0,,0,0
,ffd5fcd8,A Canning,female,Ireland,48,17,78,91,25,6,7,0,0,0,7.09,85.71,48,882,35,797,5.42,22.77,3,0
,8c712051,B Mpedi,female,Botswana,14,7,78,99,20,1,10,0,0,0,13.0,78.79,13,196,15,195,5.97,13.0,6,1
,66d258e2,G Ayan,female,Turkey,13,12,78,107,30,2,10,0,0,0,7.8,72.9,13,211,9,231,6.57,25.67,2,0
,1b1c23bb,J Maguire,female,Ireland,40,15,78,75,23,8,3,2,0,0,11.14,104.0,40,712,34,781,6.58,22.97,3,0
,7195065a,JA Stiglitz,female,Austria,8,8,78,109,37,1,8,0,0,0,11.14,71.56,6,116,1,173,8.95,173.0,1,0
,0e01e881,M Batnasan,female,Mongolia,12,12,78,101,20,2,7,0,0,0,7.8,77.23,4,91,6,129,8.51,21.5,3,0
,862f4427,Regina Khan,female,Italy,8,7,78,133,26,4,7,0,0,0,26.0,58.65,7,150,7,140,5.6,20.0,3,0
,6ee11109,Umm-e-Hani,female,Pakistan,15,11,78,110,17,3,5,0,0,0,9.75,70.91,15,311,9,324,6.25,36.0,2,0
,2edfa6a8,FA Zavala,female,Mozambique,10,10,77,125,21,0,5,0,0,0,7.7,61.6,0,0,0,0,0.0,,0,0
,04e145f4,A Salomao,female,Mozambique,33,23,76,128,14,6,5,0,0,0,4.47,59.38,30,625,25,550,5.28,22.0,3,0
,14f0a5e3,F Irakoze,female,Rwanda,13,13,76,83,17,5,7,0,0,0,9.5,91.57,1,6,0,9,9.0,,0,0
,a6ec88f4,HWA Landheer,female,Netherlands,54,22,76,111,14,9,4,2,0,0,5.85,68.47,47,724,44,743,6.16,16.89,3,0
,3486a171,L Sormus,female,Estonia,12,12,76,150,20,2,2,0,0,0,7.6,50.67,8,156,6,170,6.54,28.33,2,0
,262b1d7d,M Robinson,female,Guernsey,5,5,76,127,40,3,6,0,0,0,38.0,59.84,5,107,5,106,5.94,21.2,4,0
,dfc89c58,MDN Hansika,female,Sri Lanka,10,10,76,122,24,0,4,1,0,0,7.6,62.3,0,0,0,0,0.0,,0,0
,dc86b56a,MT Waqanisau,female,Fiji,9,8,76,118,25,2,8,0,0,0,12.67,64.41,8,162,9,143,5.3,15.89,2,0
,76ba3f78,S Agazuma,female,Nigeria,6,6,76,106,28,2,5,0,0,0,19.0,71.7,0,0,0,0,0.0,,0,0
,64875d5c,S Jayakodi,female,Cyprus,11,11,76,178,16,2,2,0,0,0,8.44,42.7,0,0,0,0,0.0,,0,0
,cbc0e027,Uswa Syed,female,Spain,11,6,76,111,24,0,2,0,0,0,12.67,68.47,11,209,13,167,4.79,12.85,3,0
,acf8da70,Y Anggraeni,female,Indonesia,3,3,76,78,40,0,11,0,0,0,25.33,97.44,0,0,0,0,0.0,,0,0
,d30d4a0c,A Vessik,female,Estonia,15,14,75,151,13,2,2,0,0,0,6.25,49.67,15,292,16,242,4.97,15.12,5,1
,f53fa89c,Chado Om,female,Bhutan,14,13,75,116,25,5,5,0,0,0,9.38,64.66,3,48,3,52,6.5,17.33,2,0
,3f0be08f,JG Kimaro,female,Tanzania,14,12,75,123,23,2,6,0,0,0,7.5,60.98,9,150,8,144,5.76,18.0,3,0
,1ccd4054,Kainat Qazi,female,Canada,12,12,75,158,24,1,5,0,0,0,6.82,47.47,0,0,0,0,0.0,,0,0
,54a10889,Khusboo Kandpal,female,Luxembourg,10,9,75,101,27,2,5,0,0,0,10.71,74.26,10,162,5,180,6.67,36.0,2,0
,25a2755a,S Ingabire,female,Rwanda,10,10,75,163,24,1,0,0,0,0,8.33,46.01,8,138,8,122,5.3,15.25,3,0
,2bd89375,Aishani Kishore,female,Germany,6,6,74,87,46,2,3,0,0,0,18.5,85.06,0,0,0,0,0.0,,0,0
,165b9097,GES Sullivan,female,Cook Islands,8,7,74,93,22,0,6,0,0,0,10.57,79.57,8,168,8,128,4.57,16.0,3,0
,3f886270,H Agarwal,female,Qatar,20,16,74,184,22,3,4,0,0,0,5.69,40.22,18,330,15,323,5.87,21.53,4,0
,8af91a3e,L Taylor,female,Argentina,15,14,74,112,24,0,8,0,0,0,5.29,66.07,13,246,8,193,4.71,24.12,2,0
,4bed6af7,Maria Jasvi,female,Kuwait,51,32,74,232,7,11,2,0,0,0,3.52,31.9,49,845,42,805,5.72,19.17,5,1
,39183970,Jayasooriya,female,Sweden,16,14,73,108,15,2,4,0,0,0,6.08,67.59,15,270,9,244,5.42,27.11,2,0
,52fc5577,K Kapadia,female,Canada,18,11,73,101,27,1,1,2,0,0,7.3,72.28,14,150,7,123,4.92,17.57,3,0
,cca8bdca,L Phiri,female,Zimbabwe,26,13,73,89,31,2,7,0,0,0,6.64,82.02,24,356,16,348,5.87,21.75,4,0
,89ee5191,MR Meshram,female,India,7,6,73,102,32,1,4,0,0,0,14.6,71.57,2,36,0,27,4.5,,0,0
,5d297269,Ntombizodwa Mkhatshwa,female,Eswatini,20,20,73,243,12,0,5,0,0,0,3.65,30.04,0,0,0,0,0.0,,0,0
,cc3884f9,TD Smartt,female,West Indies,25,9,73,77,25,1,4,0,0,0,9.12,94.81,25,431,19,427,5.94,22.47,3,0
,5eceeb7f,TE Britton,female,France,16,16,73,223,17,1,1,0,0,0,4.87,32.74,0,0,0,0,0.0,,0,0
,8ae7bb3e,TG Norris,female,United States of America,13,8,73,71,18,2,6,1,0,0,12.17,102.82,13,252,17,189,4.5,11.12,4,0
,9b3b9987,AB Sharma,female,India,3,3,72,69,28,0,9,0,0,0,24.0,104.35,1,1,0,4,24.0,,0,0
,d8cd0b9b,C Brits,female,South Africa,3,3,72,69,36,0,7,1,0,0,24.0,104.35,0,0,0,0,0.0,,0,0
,8a91d0f1,EGS Kana,female,Cameroon,21,21,72,147,18,1,6,0,0,0,3.6,48.98,1,11,1,12,6.55,12.0,1,0
,7ea926c6,Mashael Waqas,female,Saudi Arabia,9,9,72,162,36,1,3,0,0,0,9.0,44.44,1,6,0,15,15.0,,0,0
,754c719b,Nasra Mohamedi,female,Tanzania,8,8,72,96,26,0,10,0,0,0,9.0,75.0,0,0,0,0,0.0,,0,0
,4d382b64,Xu Qian,female,China,21,14,72,164,16,1,7,0,0,0,5.54,43.9,21,465,21,269,3.47,12.81,3,0
,9543a4fe,A Fujikawa,female,Japan,25,14,71,108,16,7,5,0,0,0,10.14,65.74,24,456,22,419,5.51,19.05,4,0
,d92d3563,C Abel,female,Scotland,26,11,71,103,25,4,2,1,0,0,10.14,68.93,25,403,24,416,6.19,17.33,5,1
,fae59566,GL Mushi,female,Tanzania,6,6,71,94,19,2,9,0,0,0,17.75,75.53,0,0,0,0,0.0,,0,0
,6edcff70,HIS Mendis,female,Sri Lanka,6,6,71,87,25,1,5,0,0,0,14.2,81.61,0,0,0,0,0.0,,0,0
,c7e59109,T Legaabile,female,Botswana,15,10,71,120,42,2,4,0,0,0,8.88,59.17,13,225,10,204,5.44,20.4,2,0
,b6015231,A Wanjira,female,Kenya,17,12,70,97,14,4,8,0,0,0,8.75,72.16,17,315,14,292,5.56,20.86,3,0
,ac8bca8d,L Maritz,female,Ireland,24,15,70,77,16,6,5,2,0,0,7.78,90.91,21,342,16,358,6.28,22.38,3,0
,c981d3c2,Nashra Sandhu,female,Pakistan,84,28,70,127,9,13,2,0,0,0,4.67,55.12,84,1875,85,1753,5.61,20.62,6,1
,430f7ef9,R Misra,female,Canada,5,5,70,88,31,1,6,0,0,0,17.5,79.55,4,44,2,26,3.55,13.0,1,0
,8b1f5f91,Rabbjyot Rajput,female,Canada,20,16,70,155,16,5,4,0,0,0,6.36,45.16,15,210,8,188,5.37,23.5,3,0
,10854c82,A Gurung,female,Bhutan,37,23,69,120,15,6,4,0,0,0,4.06,57.5,37,798,37,513,3.86,13.86,3,0
,c982ad6f,B Phelenyane,female,Lesotho,21,19,69,179,27,1,3,0,0,0,3.83,38.55,18,374,18,433,6.95,24.06,3,0
,3e035a63,Javed Hira,female,Oman,4,4,69,67,36,1,6,0,0,0,23.0,102.99,0,0,0,0,0.0,,0,0
,87dcd3ee,K Abdulquadri,female,Nigeria,8,8,69,142,31,0,3,0,0,0,8.62,48.59,0,0,0,0,0.0,,0,0
,cf43a895,K John,female,Papua New Guinea,5,5,69,111,40,0,7,0,0,0,13.8,62.16,0,0,0,0,0.0,,0,0
,1b9d3eb3,Maryyam Ashraf,female,Kuwait,19,19,69,92,22,7,5,2,0,0,5.75,75.0,1,24,1,19,4.75,19.0,1,0
,b84718fd,Rosine Irera,female,Rwanda,63,21,69,97,17,16,5,0,0,0,13.8,71.13,63,1240,64,810,3.92,12.66,3,0
,9a58f2c8,S Siegers,female,Netherlands,76,24,69,101,12,11,3,0,0,0,5.31,68.32,76,1467,57,1531,6.26,26.86,2,0
,06cbeba1,B Manuel,female,Namibia,16,16,68,130,20,1,7,0,0,0,4.53,52.31,0,0,0,0,0.0,,0,0
,a4051019,Jagrat Dubey,female,Luxembourg,14,9,68,149,33,2,4,0,0,0,9.71,45.64,14,291,11,306,6.31,27.82,2,0
,38602b15,K Srandeva,female,Bulgaria,18,16,68,197,17,3,1,0,0,0,5.23,34.52,16,264,12,355,8.07,29.58,2,0
,3da8cd3a,LAR Bommareddy,female,Singapore,19,15,68,145,17,4,5,0,0,0,6.18,46.9,10,150,6,180,7.2,30.0,4,0
,21ef59e3,N Mabila,female,Eswatini,18,17,68,144,20,1,6,0,0,0,4.25,47.22,16,270,9,313,6.96,34.78,3,0
,f40bc7e3,O Erdenebaatar,female,Mongolia,14,14,68,316,15,2,1,0,0,0,5.67,21.52,14,224,8,234,6.27,29.25,2,0
,83e9173e,S Bhardwaj,female,Austria,14,11,68,143,22,1,2,0,0,0,6.8,47.55,12,137,9,130,5.69,14.44,2,0
,2d963999,VR Vanitha,female,India,4,4,68,59,38,0,10,1,0,0,17.0,115.25,0,0,0,0,0.0,,0,0
,58c16165,B Shetty,female,Oman,11,9,67,108,26,3,4,0,0,0,11.17,62.04,10,221,6,221,6.0,36.83,1,0
,90410756,ET Williams,female,Cook Islands,7,6,67,83,34,1,3,1,0,0,13.4,80.72,5,93,4,95,6.13,23.75,1,0
,72a025a0,F Song,female,China,9,8,67,90,25,1,4,0,0,0,9.57,74.44,4,53,6,32,3.62,5.33,4,0
,71ee8c8d,O Ranedoumoun,female,Cameroon,18,15,67,115,12,3,4,0,0,0,5.58,58.26,16,288,13,241,5.02,18.54,3,0
,1c03d322,P Senjug,female,Croatia,9,7,67,74,27,0,8,0,0,0,9.57,90.54,9,202,5,177,5.26,35.4,2,0
,881cb071,RG Somashekhar,female,Sweden,9,8,67,100,29,3,4,0,0,0,13.4,67.0,3,30,1,30,6.0,30.0,1,0
,2a753483,RO Mazumba,female,Mozambique,16,12,67,128,17,4,4,0,0,0,8.38,52.34,12,190,14,165,5.21,11.79,4,0
,66e189ac,S Cholasseri,female,Malta,4,4,67,80,37,1,8,0,0,0,22.33,83.75,3,64,2,90,8.44,45.0,1,0
,36d2face,Shorifa Khatun,female,Bangladesh,11,9,67,66,28,4,8,0,0,0,13.4,101.52,11,162,3,210,7.78,70.0,1,0
,648bc30f,BL Morgan,female,England,2,2,66,57,46,1,5,0,0,0,66.0,115.79,0,0,0,0,0.0,,0,0
,d0ff93a9,ECB Moore,female,Italy,18,11,66,97,27,2,4,2,0,0,7.33,68.04,16,203,8,228,6.74,28.5,2,0
,857b57ac,NL Mtomba,female,Zimbabwe,6,6,66,61,24,1,9,1,0,0,13.2,108.2,0,0,0,0,0.0,,0,0
,217f5194,AF Aoina,female,Samoa,14,11,65,80,34,1,5,1,0,0,6.5,81.25,13,213,13,209,5.89,16.08,3,0
,17f2fbf4,E Moiane,female,Mozambique,5,5,65,66,48,0,6,2,0,0,13.0,98.48,2,24,2,15,3.75,7.5,2,0
,ace63b7f,HL Tau,female,Papua New Guinea,20,11,65,84,17,6,4,0,0,0,13.0,77.38,20,362,11,330,5.47,30.0,4,0
,62d34d5c,JM Fields,female,Australia,6,6,65,69,19,3,2,0,0,0,21.67,94.2,0,0,0,0,0.0,,0,0
,da50a075,L Moore,female,Isle of Man,7,7,65,87,24,1,8,0,0,0,10.83,74.71,0,0,0,0,0.0,,0,0
,295e3c13,S Kaneria,female,Belgium,4,4,65,81,34,0,7,0,0,0,16.25,80.25,4,92,2,91,5.93,45.5,1,0
,a49985e6,A Mohammed,female,West Indies,57,19,64,100,15,11,3,0,0,0,8.0,64.0,56,1158,50,1130,5.85,22.6,5,1
,61546a94,Amelia Jones,female,Spain,4,4,64,137,39,1,3,0,0,0,21.33,46.72,0,0,0,0,0.0,,0,0
,41db4d1f,Mirab Sajjad,female,Norway,10,10,64,116,27,1,5,0,0,0,7.11,55.17,1,6,0,9,9.0,,0,0
,3c4a62c4,O Matsolo,female,Mozambique,17,11,64,173,33,6,2,0,0,0,12.8,36.99,16,288,16,316,6.58,19.75,4,0
,24e0b90f,P Pheko,female,Lesotho,17,17,64,178,11,1,3,0,0,0,4.0,35.96,0,0,0,0,0.0,,0,0
,208ec8a4,RE Nyangendo,female,Uganda,8,8,64,89,18,1,4,1,0,0,9.14,71.91,0,0,0,0,0.0,,0,0
,c03a7d47,S Praveen,female,Nepal,4,4,64,104,31,0,3,0,0,0,16.0,61.54,0,0,0,0,0.0,,0,0
,1ad21202,K Robert,female,Guernsey,5,5,63,87,35,1,5,0,0,0,15.75,72.41,5,90,9,93,6.2,10.33,3,0
,dead3b10,MIW van den Raad,female,Netherlands,17,12,63,76,20,3,6,0,0,0,7.0,82.89,8,72,2,125,10.42,62.5,1,0
,4b6da99c,R Ntono,female,Uganda,9,9,63,109,19,0,4,1,0,0,7.0,57.8,0,0,0,0,0.0,,0,0
,2dc78362,RV Scholes,female,Scotland,15,10,63,96,16,2,4,0,0,0,7.88,65.62,15,329,16,229,4.18,14.31,4,0
,b1414505,S Sigaiwasa,female,Fiji,13,10,63,124,20,0,7,0,0,0,6.3,50.81,12,174,8,154,5.31,19.25,2,0
,711eda94,SE Rowe,female,England,5,5,63,49,29,3,3,3,0,0,31.5,128.57,0,0,0,0,0.0,,0,0
,31821596,T De Silva,female,Cyprus,17,17,63,139,15,8,2,0,0,0,7.0,45.32,0,0,0,0,0.0,,0,0
,48a372a4,Thae Thae Po,female,Myanmar,13,12,63,95,22,8,3,2,0,0,15.75,66.32,2,18,0,20,6.67,,0,0
,cbef9f64,B Shotorova,female,Bulgaria,14,14,62,155,15,1,4,0,0,0,4.77,40.0,13,239,9,281,7.05,31.22,3,0
,c52de9d9,D Mukarurangwa,female,Rwanda,6,6,62,94,16,1,3,0,0,0,12.4,65.96,0,0,0,0,0.0,,0,0
,4aff35ac,DG Perez,female,Costa Rica,5,5,62,63,46,0,10,0,0,0,12.4,98.41,0,0,0,0,0.0,,0,0
,a51e6c6e,Diana Baig,female,Pakistan,53,25,62,109,8,12,1,0,0,0,4.77,56.88,53,965,35,1079,6.71,30.83,3,0
,aaccb8ca,Iqra Sahar,female,Hong Kong,76,26,62,109,10,11,1,0,0,0,4.13,56.88,75,1373,53,1217,5.32,22.96,4,0
,9d80f576,J Kowa,female,Sierra Leone,14,7,62,69,18,3,7,0,0,0,15.5,89.86,14,278,14,201,4.34,14.36,3,0
,ae79a86f,KG Anderson,female,New Zealand,4,4,62,64,25,0,10,0,0,0,15.5,96.88,0,0,0,0,0.0,,0,0
,498031f9,Mirab Razwan,female,Norway,23,18,62,128,13,4,3,0,0,0,4.43,48.44,23,485,28,485,6.0,17.32,6,1
,047d293e,A Bester,female,France,10,8,61,89,17,0,6,0,0,0,7.62,68.54,9,168,16,158,5.64,9.88,4,0
,368d921c,EH Rendler,female,United States of America,6,6,61,64,35,0,6,2,0,0,10.17,95.31,0,0,0,0,0.0,,0,0
,99efdb1b,JM Nthenya,female,Kenya,8,8,61,97,12,2,6,0,0,0,10.17,62.89,4,58,2,45,4.66,22.5,1,0
,c386183b,M Biu,female,Fiji,12,9,61,70,26,2,7,0,0,0,8.71,87.14,11,214,6,221,6.2,36.83,3,0
,d13e5a0d,Sabreen Zaki,female,Kuwait,8,7,61,77,34,1,7,1,0,0,10.17,79.22,3,30,0,42,8.4,,0,0
,10f52b3a,T Kobeli,female,Lesotho,14,14,61,164,17,1,7,0,0,0,4.69,37.2,5,72,2,112,9.33,56.0,1,0
,361b378b,TA Lavia,female,Canada,12,10,61,94,19,2,4,2,0,0,7.62,64.89,11,199,10,127,3.83,12.7,3,0
,c4022bff,Chan Ka Man,female,Hong Kong,63,24,60,119,8,12,2,0,0,0,5.0,50.42,63,1268,61,934,4.42,15.31,4,0
,a61850e6,I Ranaweera,female,Sri Lanka,78,26,60,130,18,15,4,0,0,0,5.45,46.15,78,1574,83,1583,6.03,19.07,4,0
,8b6c33d0,R Padunglerd,female,Thailand,27,13,60,94,15,3,3,1,0,0,6.0,63.83,26,348,16,343,5.91,21.44,3,0
,9e4f6851,Sasha Azmi,female,Malaysia,24,13,60,120,16,5,3,0,0,0,7.5,50.0,23,493,26,369,4.49,14.19,4,0
,2ef9bdcb,T Saville,female,Fiji,4,4,60,41,33,1,6,1,0,0,20.0,146.34,0,0,0,0,0.0,,0,0
,d9238aee,AF Mapu,female,Samoa,12,9,59,58,29,1,9,0,0,0,7.38,101.72,11,114,2,114,6.0,57.0,1,0
,0de3060f,EC Perry,female,New Zealand,10,10,59,76,26,2,4,0,0,0,7.38,77.63,0,0,0,0,0.0,,0,0
,1f1ee021,EMA McLeod,female,New Zealand,3,3,59,64,44,0,4,0,0,0,19.67,92.19,0,0,0,0,0.0,,0,0
,c46400b7,F Tanguy,female,Jersey,12,9,59,98,19,0,4,0,0,0,6.56,60.2,12,254,11,222,5.24,20.18,2,0
,1775e31e,Frida Larsen,female,Denmark,3,3,59,73,45,1,5,0,0,0,29.5,80.82,3,54,5,52,5.78,10.4,3,0
,76207d36,H Kerge,female,Estonia,13,13,59,182,22,2,0,0,0,0,5.36,32.42,0,0,0,0,0.0,,0,0
,69a9bb78,LK O'Reilly,female,Ireland,23,12,59,85,14,5,2,0,0,0,8.43,69.41,22,449,24,460,6.15,19.17,4,0
,e1556297,MEMO Scott-Hayward,female,Ireland,8,8,59,59,16,1,4,0,0,0,8.43,100.0,4,36,1,57,9.5,57.0,1,0
,8ccef7e2,Ma Ruike,female,China,26,15,59,96,12,4,3,1,0,0,5.36,61.46,26,493,28,405,4.93,14.46,4,0
,d5eb8b84,RA Mair,female,New Zealand,47,15,59,66,13,9,4,0,0,0,9.83,89.39,45,906,32,1012,6.7,31.62,4,0
,7c68aac4,E de Souza,female,Brazil,4,4,58,90,35,0,7,0,0,0,14.5,64.44,0,0,0,0,0.0,,0,0
,26c257be,Harper Chalmers,female,Canada,7,6,58,108,21,1,2,0,0,0,11.6,53.7,6,100,7,69,4.14,9.86,2,0
,24ce1fcb,M Kudimba,female,Malawi,8,8,58,87,16,3,7,0,0,0,11.6,66.67,0,0,0,0,0.0,,0,0
,752af5a4,NC Monteiro,female,Brazil,34,18,58,105,14,8,2,0,0,0,5.8,55.24,34,567,39,419,4.43,10.74,5,1
,588360ee,PJ Scholfield,female,England,5,5,58,50,34,1,3,1,0,0,14.5,116.0,0,0,0,0,0.0,,0,0
,bee3d078,R Butler,female,Singapore,3,3,58,57,35,1,6,1,0,0,29.0,101.75,0,0,0,0,0.0,,0,0
,cdfb59b8,R Webster,female,Isle of Man,6,6,58,64,20,2,10,0,0,0,14.5,90.62,0,0,0,0,0.0,,0,0
,5d095ee8,Rubya Haider,female,Bangladesh,6,6,58,75,20,0,8,0,0,0,9.67,77.33,0,0,0,0,0.0,,0,0
,386f410e,S Loubser,female,South Africa,16,8,58,68,37,4,2,2,0,0,14.5,85.29,16,268,7,275,6.16,39.29,1,0
,8001a208,S Venkataraman,female,United Arab Emirates,13,9,58,91,22,1,5,0,0,0,7.25,63.74,13,258,18,186,4.33,10.33,3,0
,5e6041a4,D Koralalage,female,Cyprus,20,11,57,112,20,5,0,0,0,0,9.5,50.89,19,372,25,228,3.68,9.12,4,0
,4b490566,EFB Estrada,female,Costa Rica,5,5,57,69,34,2,8,0,0,0,19.0,82.61,5,84,4,73,5.21,18.25,2,0
,c14ba87c,K Brock-Nielsen,female,Denmark,12,11,57,134,15,0,4,0,0,0,5.18,42.54,4,72,2,114,9.5,57.0,1,0
,4b531649,LM Babirye,female,Uganda,11,11,57,122,20,0,4,0,0,0,5.18,46.72,0,0,0,0,0.0,,0,0
,c4c374d9,S Rana,female,India,26,9,57,62,11,4,4,0,0,0,11.4,91.94,26,504,25,510,6.07,20.4,3,0
,cad60789,SA Panayan,female,Qatar,21,14,57,111,23,3,4,0,0,0,5.18,51.35,20,361,12,430,7.15,35.83,4,0
,05b2f5ff,SK Chandhrasekar,female,United States of America,5,5,57,108,32,1,3,0,0,0,14.25,52.78,0,0,0,0,0.0,,0,0
,0d518f89,A Khaka,female,South Africa,80,21,56,90,12,15,4,0,0,0,9.33,62.22,80,1655,70,1953,7.08,27.9,4,0
,416863d4,B Taylan,female,Turkey,4,4,56,78,36,0,6,0,0,0,14.0,71.79,4,66,1,63,5.73,63.0,1,0
,a42cdf67,B Tlali,female,Lesotho,12,11,56,125,12,1,2,0,0,0,5.6,44.8,12,255,12,172,4.05,14.33,4,0
,9b671b41,C Crowe,female,Isle of Man,8,8,56,95,25,1,5,0,0,0,8.0,58.95,0,0,0,0,0.0,,0,0
,9877d487,E Millington,female,Guernsey,6,6,56,79,26,1,4,0,0,0,11.2,70.89,6,120,3,119,5.95,39.67,1,0
,757baa30,JKD Andreano,female,Philippines,20,17,56,125,16,1,4,0,0,0,3.5,44.8,19,389,13,367,5.66,28.23,2,0
,400b36cd,M Artur,female,Brazil,22,16,56,85,14,2,4,0,0,0,4.0,65.88,16,219,13,184,5.04,14.15,2,0
,e7af8a61,J Tugsjargal,female,Mongolia,9,9,55,146,19,0,3,0,0,0,6.11,37.67,5,42,2,59,8.43,29.5,1,0
,8292d2e4,Khadeeja Fatima,female,Canada,5,5,55,92,24,0,2,0,0,0,11.0,59.78,0,0,0,0,0.0,,0,0
,d29d644e,M Khokhar,female,Canada,4,4,55,94,27,0,6,0,0,0,13.75,58.51,0,0,0,0,0.0,,0,0
,0c00286e,M Vumiliya,female,Rwanda,19,11,55,56,16,6,5,0,0,0,11.0,98.21,19,342,18,266,4.67,14.78,4,0
,ed1f0ef2,S Kijiana,female,Fiji,6,6,55,50,15,1,9,1,0,0,11.0,110.0,4,66,3,65,5.91,21.67,2,0
,5be7eb8a,T Gedarage,female,Cyprus,7,7,55,131,26,0,3,0,0,0,7.86,41.98,0,0,0,0,0.0,,0,0
,9a9c0e81,J Souckova,female,Czech Republic,8,8,54,84,29,2,6,0,0,0,9.0,64.29,1,6,0,17,17.0,,0,0
,db32d60a,KM Chingaipe,female,Malawi,17,12,54,98,10,1,4,0,0,0,4.91,55.1,15,280,15,249,5.34,16.6,3,0
,fe6d2da9,LAGL Kirby,female,West Indies,7,7,54,67,20,0,5,2,0,0,7.71,80.6,0,0,0,0,0.0,,0,0
,1119a645,Mengting Liu,female,China,21,16,54,153,15,3,3,0,0,0,4.15,35.29,21,444,38,306,4.14,8.05,4,0
,2ee5997e,N Liyanage,female,Cyprus,14,8,54,102,12,1,1,0,0,0,7.71,52.94,7,102,6,106,6.24,17.67,2,0
,789fe152,PN Sproul,female,Scotland,4,4,54,46,27,1,6,0,0,0,18.0,117.39,0,0,0,0,0.0,,0,0
,eb2d1983,Vathana Sreemurugavel,female,Singapore,9,9,54,123,15,4,4,0,0,0,10.8,43.9,0,0,0,0,0.0,,0,0
,54b592a5,ZB Ender,female,Turkey,6,6,54,68,21,3,6,0,0,0,18.0,79.41,2,24,1,29,7.25,29.0,1,0
,e45ac860,Adama Kamara,female,Sierra Leone,8,7,53,123,20,1,3,0,0,0,8.83,43.09,5,90,3,79,5.27,26.33,1,0
,b27f9716,L Moises,female,Brazil,30,12,53,69,16,6,6,0,0,0,8.83,76.81,30,572,33,395,4.14,11.97,3,0
,f37f1c61,M Abadjieva,female,Bulgaria,13,13,53,123,11,2,2,0,0,0,4.82,43.09,0,0,0,0,0.0,,0,0
,dee2431f,P Maruariki,female,Cook Islands,4,4,53,53,36,0,7,1,0,0,13.25,100.0,0,0,0,0,0.0,,0,0
,050009d9,R Cenik,female,Turkey,6,6,53,74,29,1,6,0,0,0,10.6,71.62,0,0,0,0,0.0,,0,0
,2f9a6bd1,SS Connell,female,West Indies,66,17,53,70,15,11,2,2,0,0,8.83,75.71,66,1179,48,1350,6.87,28.12,3,0
,10cfda7c,T Lafai,female,Samoa,7,6,53,78,18,1,7,0,0,0,10.6,67.95,7,138,1,161,7.0,161.0,1,0
,d21f6f26,Zhang Chan,female,China,9,9,53,79,24,2,3,0,0,0,7.57,67.09,0,0,0,0,0.0,,0,0
,8d747335,Hilva Noor,female,Indonesia,5,3,52,72,19,1,0,0,0,0,26.0,72.22,5,55,6,16,1.75,2.67,2,0
,03f1a623,Jing Yang,female,China,10,10,52,114,19,1,7,0,0,0,5.78,45.61,0,0,0,0,0.0,,0,0
,089aec60,K De La Mare,female,Guernsey,6,6,52,53,30,1,6,0,0,0,10.4,98.11,0,0,0,0,0.0,,0,0
,e04fb55d,M Shehani,female,Sri Lanka,12,10,52,79,14,0,5,0,0,0,5.2,65.82,11,134,5,160,7.16,32.0,4,0
,cd62f670,MK Villiers,female,England,18,6,52,31,35,3,8,0,0,0,17.33,167.74,17,254,17,282,6.66,16.59,3,0
,80e193fa,RS Vandort,female,Sri Lanka,9,9,52,73,19,2,2,0,0,0,7.43,71.23,0,0,0,0,0.0,,0,0
,48bd237f,SF Sirah,female,Philippines,11,11,52,89,18,3,1,0,0,0,6.5,58.43,0,0,0,0,0.0,,0,0
,ffae3d12,Saniyah Zia,female,Canada,9,7,52,71,16,2,3,0,0,0,10.4,73.24,9,162,10,122,4.52,12.2,3,0
,d58e9bfb,A Tector,female,Ireland,5,5,51,57,28,1,4,0,0,0,12.75,89.47,1,15,0,20,8.0,,0,0
,b97f21d8,EJ Tice,female,Ireland,10,9,51,82,17,1,4,0,0,0,6.38,62.2,9,192,6,224,7.0,37.33,2,0
,c29ada99,SC Selman,female,West Indies,53,15,51,79,12,11,3,0,0,0,12.75,64.56,51,876,32,894,6.12,27.94,3,0
,c0a87b5d,ZN Shabalala,female,Eswatini,10,10,51,171,17,1,1,0,0,0,5.67,29.82,0,0,0,0,0.0,,0,0
,8b582549,Chen Yue,female,China,5,5,50,86,28,1,5,0,0,0,12.5,58.14,0,0,0,0,0.0,,0,0
,3a370f15,D Kataina,female,Cook Islands,8,8,50,90,17,1,4,0,0,0,7.14,55.56,0,0,0,0,0.0,,0,0
,2b425403,D Tucker,female,South Africa,14,10,50,68,15,4,3,0,0,0,8.33,73.53,12,168,3,191,6.82,63.67,1,0
,e1461e39,EC Muller,female,Brazil,10,10,50,58,17,0,4,0,0,0,5.0,86.21,0,0,0,0,0.0,,0,0
,c0266a6e,R Choden,female,Bhutan,20,11,50,79,23,5,3,1,0,0,8.33,63.29,20,359,20,319,5.33,15.95,3,0
,35230fa3,S Haggo,female,Scotland,11,8,50,82,18,3,1,0,0,0,10.0,60.98,8,90,6,86,5.73,14.33,2,0
,36b5d84b,Vritti Dahiya,female,Canada,6,6,50,90,15,2,4,0,0,0,12.5,55.56,1,18,1,12,4.0,12.0,1,0
,27d5901c,CH van Koolwijk,female,Netherlands,12,11,49,66,11,2,2,0,0,0,5.44,74.24,2,18,1,21,7.0,21.0,1,0
,030a38e0,Emma Patel,female,France,9,8,49,64,19,4,4,0,0,0,12.25,76.56,8,96,5,141,8.81,28.2,2,0
,8047ca8c,H Nguyen,female,Finland,8,8,49,52,14,4,6,0,0,0,12.25,94.23,4,50,1,74,8.88,74.0,1,0
,f7ad6448,J King,female,France,7,7,49,144,14,0,3,0,0,0,7.0,34.03,0,0,0,0,0.0,,0,0
,2fa916b3,K Kavindi,female,Sri Lanka,20,5,49,64,17,3,3,0,0,0,24.5,76.56,20,295,14,367,7.46,26.21,2,0
,edf62a25,N Sibanda,female,Zimbabwe,52,11,49,115,18,3,2,0,0,0,6.12,42.61,52,882,39,848,5.77,21.74,5,1
,7861375e,Nayab Alizai,female,Norway,4,4,49,78,27,0,2,0,0,0,12.25,62.82,0,0,0,0,0.0,,0,0
,764d8336,P Chilongia,female,Spain,11,7,49,83,27,4,1,0,0,0,16.33,59.04,11,162,11,118,4.37,10.73,3,0
,fff4e348,RK Willis,female,Scotland,13,12,49,71,13,3,4,0,0,0,5.44,69.01,1,12,0,14,7.0,,0,0
,426eaf06,Taj Nehar,female,Bangladesh,9,9,49,65,19,0,6,0,0,0,5.44,75.38,0,0,0,0,0.0,,0,0
,723f9bee,A Taylor,female,Cyprus,14,13,48,133,15,3,0,0,0,0,4.8,36.09,9,144,8,134,5.58,16.75,3,0
,14198941,CD Mboe,female,Cameroon,8,8,48,128,20,0,2,0,0,0,6.0,37.5,2,36,3,21,3.5,7.0,2,0
,860042f6,HH Aung,female,Myanmar,19,14,48,98,15,6,2,0,0,0,6.0,48.98,9,144,4,111,4.62,27.75,2,0
,05bb5fcf,SI Galagedara,female,Sri Lanka,5,5,48,83,15,0,7,0,0,0,9.6,57.83,0,0,0,0,0.0,,0,0
,c002a904,T Parisi-mesimeri,female,Greece,15,15,48,100,8,7,3,0,0,0,6.0,48.0,0,0,0,0,0.0,,0,0
,8e75f2c7,A Igbobie,female,Nigeria,10,10,47,115,13,3,2,0,0,0,6.71,40.87,0,0,0,0,0.0,,0,0
,f61e2829,AH Maqsood,female,Scotland,76,22,47,93,9,8,0,0,0,0,3.36,50.54,75,1336,70,1279,5.74,18.27,3,0
,1486e3fd,EK Hubbard,female,Hong Kong,11,6,47,74,13,2,1,0,0,0,11.75,63.51,10,144,1,141,5.88,141.0,1,0
,2b661b53,L Dalbina,female,Estonia,6,6,47,104,26,2,0,0,0,0,11.75,45.19,6,126,2,130,6.19,65.0,1,0
,8bdf7777,M Kandanala,female,United States of America,4,4,47,52,23,0,8,0,0,0,11.75,90.38,0,0,0,0,0.0,,0,0
,ce85fcaf,M Klaas,female,South Africa,59,14,47,66,12,4,3,0,0,0,4.7,71.21,59,1058,43,1398,7.93,32.51,4,0
,0286eabe,MH Ushanga,female,Tanzania,32,17,47,74,12,7,4,0,0,0,4.7,63.51,30,577,30,453,4.71,15.1,3,0
,cdff374b,NT Gruny,female,United States of America,6,6,47,85,33,1,4,0,0,0,9.4,55.29,0,0,0,0,0.0,,0,0
,ef2bcebf,S MacMahon,female,Ireland,23,13,47,58,11,4,4,0,0,0,5.22,81.03,17,288,12,260,5.42,21.67,2,0
,94271647,V Vira,female,Vanuatu,30,15,47,106,10,7,2,0,0,0,5.88,44.34,30,615,42,442,4.31,10.52,3,0
,35828bdd,AN Davidson-Richards,female,England,6,5,46,57,24,1,2,0,0,0,11.5,80.7,6,72,4,90,7.5,22.5,3,0
,8067b378,Abeer Maryam,female,Saudi Arabia,13,13,46,144,21,0,5,0,0,0,3.54,31.94,0,0,0,0,0.0,,0,0
,be592751,E Marx,female,South Africa,11,6,46,40,21,2,7,1,0,0,11.5,115.0,10,188,8,246,7.85,30.75,3,0
,130336c6,K Meso,female,South Africa,10,10,46,70,14,6,1,0,0,0,11.5,65.71,0,0,0,0,0.0,,0,0
,30aa04d2,MD Rocha,female,Jersey,7,7,46,71,11,1,3,0,0,0,7.67,64.79,2,36,1,30,5.0,30.0,1,0
,9e1e821f,N Erdenebat,female,Mongolia,4,4,46,52,36,0,4,0,0,0,11.5,88.46,0,0,0,0,0.0,,0,0
,c7eb3b9c,Pech Pisa,female,Cambodia,7,7,46,72,18,0,7,0,0,0,6.57,63.89,2,12,0,17,8.5,,0,0
,c1c931f5,Ramya Krishnamurthy,female,Switzerland,2,2,46,54,40,0,4,0,0,0,23.0,85.19,0,0,0,0,0.0,,0,0
,a19e799b,S Ostergaard,female,Denmark,17,11,46,84,12,2,4,1,0,0,5.11,54.76,10,174,13,201,6.93,15.46,2,0
,a972ca63,SB Martinez,female,Costa Rica,5,4,46,61,30,1,4,0,0,0,15.33,75.41,5,107,6,75,4.21,12.5,3,0
,fb0c0bcc,Sultana Khatun,female,Bangladesh,23,11,46,66,12,5,4,0,0,0,7.67,69.7,23,449,20,479,6.4,23.95,3,0
,4569f6c7,T Modise,female,Botswana,11,11,46,106,17,2,3,0,0,0,5.11,43.4,0,0,0,0,0.0,,0,0
,3fd351ed,T Mpandakwaya,female,Malawi,8,6,46,77,15,3,3,0,0,0,15.33,59.74,2,24,1,35,8.75,35.0,1,0
,09a58e2d,A Mazvishaya,female,Zimbabwe,24,8,45,77,20,7,2,0,0,0,45.0,58.44,24,455,24,458,6.04,19.08,4,0
,abba64cd,A Obulor,female,Nigeria,11,10,45,79,12,3,4,0,0,0,6.43,56.96,6,102,4,111,6.53,27.75,1,0
,80190078,AA Moiane,female,Mozambique,15,15,45,101,27,1,3,0,0,0,3.21,44.55,1,6,0,10,10.0,,0,0
,dcaba1ce,B Nwobodo,female,Nigeria,2,2,45,74,33,1,1,0,0,0,45.0,60.81,0,0,0,0,0.0,,0,0
,28aba384,C Raack,female,Ireland,20,8,45,44,10,5,5,0,0,0,15.0,102.27,20,294,14,297,6.06,21.21,3,0
,b2cd8abe,Chen Xinyu,female,China,12,11,45,82,13,4,0,0,0,0,6.43,54.88,6,54,3,56,6.22,18.67,3,0
,77b49bd9,D Medagoda,female,Switzerland,15,6,45,55,22,2,3,0,0,0,11.25,81.82,11,159,6,174,6.57,29.0,2,0
,907e30d9,DL Graham,female,France,17,14,45,100,12,3,2,0,0,0,4.09,45.0,16,232,9,242,6.26,26.89,2,0
,52bbb9e5,E Duffy,female,Jersey,13,5,45,54,23,3,2,0,0,0,22.5,83.33,13,225,12,214,5.71,17.83,2,0
,e7068bfd,EU Kejarukua,female,Namibia,44,15,45,87,10,7,2,0,0,0,5.62,51.72,44,874,35,688,4.72,19.66,3,0
,e749f016,G Anujin,female,Mongolia,16,16,45,100,6,0,5,0,0,0,2.81,45.0,0,0,0,0,0.0,,0,0
,9f87d0f0,I Nandakumar,female,United Arab Emirates,54,17,45,91,13,8,2,0,0,0,5.0,49.45,52,892,35,720,4.84,20.57,4,0
,e5b17517,IECM Wong,female,England,20,8,45,37,13,3,2,2,0,0,9.0,121.62,20,395,15,472,7.17,31.47,2,0
,c054cf6f,O Amarjargal,female,Mongolia,16,15,45,183,17,4,3,0,0,0,4.09,24.59,16,249,9,266,6.41,29.56,2,0
,716ba9ef,R Castillo,female,Philippines,19,15,45,74,11,4,5,0,0,0,4.09,60.81,14,222,10,268,7.24,26.8,3,0
,d15e60c8,SA Fritz,female,South Africa,9,9,45,63,17,1,6,0,0,0,5.62,71.43,0,0,0,0,0.0,,0,0
,8caf9750,AE Smith,female,South Africa,1,1,44,47,44,0,3,1,0,0,44.0,93.62,0,0,0,0,0.0,,0,0
,58dc96cc,D Devnarain,female,South Africa,9,6,44,50,24,2,5,0,0,0,11.0,88.0,3,24,0,36,9.0,,0,0
,ab144207,Ganesh Pooja,female,France,8,8,44,80,20,0,1,0,0,0,5.5,55.0,0,0,0,0,0.0,,0,0
,bb411d1e,M Mavunga,female,Zimbabwe,10,6,44,46,13,1,6,0,0,0,8.8,95.65,10,162,10,197,7.3,19.7,2,0
,d2c61d83,MV Lehmann,female,Argentina,11,10,44,103,16,1,0,0,0,0,4.89,42.72,4,48,2,43,5.38,21.5,2,0
,c9ca2bd7,Zara Mohammad,female,Sweden,11,8,44,60,19,3,4,0,0,0,8.8,73.33,10,192,11,196,6.12,17.82,3,0
,da61a9af,C Chatonzwa,female,Zimbabwe,12,9,43,61,15,4,2,0,0,0,8.6,70.49,11,168,8,191,6.82,23.88,5,1
,8c03f3b8,E Guehoada,female,Cameroon,17,12,43,101,16,7,1,0,0,0,8.6,42.57,15,293,12,243,4.98,20.25,4,0
,e4415fe7,H Atkinson,female,Guernsey,4,4,43,48,26,1,5,0,0,0,14.33,89.58,0,0,0,0,0.0,,0,0
,4c257434,J Andujar,female,Argentina,6,5,43,28,31,2,3,2,0,0,14.33,153.57,5,72,3,70,5.83,23.33,1,0
,7fa094cb,M Durdevac,female,Croatia,5,4,43,65,22,2,2,0,0,0,21.5,66.15,5,99,5,79,4.79,15.8,3,0
,537cc79f,M Phiase,female,Botswana,25,16,43,95,10,3,1,0,0,0,3.31,45.26,14,131,11,109,4.99,9.91,3,0
,a5f488bc,SJ Coyte,female,Australia,20,8,43,41,14,5,1,0,0,0,14.33,104.88,20,408,25,362,5.32,14.48,3,0
,f874c5a7,AL Hodgkinson,female,South Africa,3,3,42,64,31,0,6,0,0,0,14.0,65.62,0,0,0,0,0.0,,0,0
,2cd18a73,Aisya Eleesa,female,Malaysia,61,20,42,97,10,6,3,0,0,0,3.0,43.3,58,943,37,856,5.45,23.14,3,0
,2a96675a,Eman Naseer,female,Pakistan,2,2,42,48,21,0,2,1,0,0,21.0,87.5,0,0,0,0,0.0,,0,0
,c9ffb93d,H Bhullar,female,Austria,12,12,42,124,16,0,1,0,0,0,3.5,33.87,0,0,0,0,0.0,,0,0
,59b0a7ad,H Simpson-Parker,female,Austria,4,4,42,45,28,0,1,0,0,0,10.5,93.33,0,0,0,0,0.0,,0,0
,281cc1e8,K Mataora,female,Cook Islands,6,5,42,49,13,3,4,0,0,0,21.0,85.71,1,6,0,14,14.0,,0,0
,1314d6f8,K Tereza,female,Greece,7,7,42,79,10,3,3,0,0,0,10.5,53.16,3,60,1,83,8.3,83.0,1,0
,46c9b2bc,L Wykes-Templeman,female,France,10,10,42,101,15,0,5,0,0,0,4.2,41.58,0,0,0,0,0.0,,0,0
,97fc39fd,M Kanno,female,Japan,6,6,42,76,15,0,4,0,0,0,7.0,55.26,6,96,4,81,5.06,20.25,2,0
,f1750a74,MT Jacob,female,Qatar,16,12,42,72,12,4,1,0,0,0,5.25,58.33,16,270,12,275,6.11,22.92,3,0
,caa4444c,Pen Samon,female,Cambodia,7,7,42,121,15,0,3,0,0,0,6.0,34.71,1,10,0,15,9.0,,0,0
,7163637f,V Mansale,female,Vanuatu,24,12,42,84,7,0,2,0,0,0,3.5,50.0,23,420,23,409,5.84,17.78,4,0
,e212b0fd,C Ostergaard,female,Denmark,18,11,41,64,14,8,3,0,0,0,13.67,64.06,18,312,11,275,5.29,25.0,2,0
,1349b940,E Khaliunaa,female,Mongolia,14,14,41,99,11,4,1,0,0,0,4.1,41.41,0,0,0,0,0.0,,0,0
,720fbaad,IGASF Pratiwi,female,Indonesia,4,4,41,60,21,1,0,0,0,0,13.67,68.33,0,0,0,0,0.0,,0,0
,31fe1419,M Modric,female,Croatia,6,5,41,61,25,0,4,0,0,0,8.2,67.21,2,20,0,24,7.2,,0,0
,fc282a40,Nur Izzatul Syafiqa,female,Malaysia,9,9,41,66,11,3,2,0,0,0,6.83,62.12,1,6,0,11,11.0,,0,0
,76a5e857,R Khullar,female,Finland,10,8,41,75,26,1,3,0,0,0,5.86,54.67,8,88,4,89,6.07,22.25,1,0
,03fb10bd,R Shimwamana,female,Rwanda,33,10,41,69,15,4,3,0,0,0,6.83,59.42,32,543,21,324,3.58,15.43,2,0
,41721f6b,RS Quyn,female,Qatar,15,12,41,86,9,4,4,0,0,0,5.12,47.67,15,327,6,295,5.41,49.17,2,0
,a4dcac97,S Sajana,female,India,10,8,41,37,11,4,6,0,0,0,10.25,110.81,6,58,1,80,8.28,80.0,1,0
,adef2d7b,S Yenamandra,female,Belgium,11,9,41,106,10,1,3,0,0,0,5.12,38.68,5,70,2,110,9.43,55.0,1,0
,b60682f2,Saee Parkhi,female,Bahrain,11,8,41,95,11,1,3,0,0,0,5.86,43.16,5,57,0,72,7.58,,0,0
,24403a9f,A Emch,female,Argentina,5,4,40,51,19,2,3,0,0,0,20.0,78.43,5,70,4,66,5.66,16.5,3,0
,5a50471c,C Murray,female,Ireland,66,16,40,53,13,6,2,0,0,0,4.0,75.47,66,1098,49,1270,6.94,25.92,3,0
,0680ff7f,E Kallous,female,Greece,20,15,40,99,12,5,1,0,0,0,4.0,40.4,14,187,7,221,7.09,31.57,2,0
,fe731c62,EA Osborne,female,Australia,32,9,40,43,15,4,4,0,0,0,8.0,93.02,32,604,28,581,5.77,20.75,4,0
,4b3057bc,R Airee,female,Nepal,8,5,40,65,20,3,3,0,0,0,20.0,61.54,6,96,8,95,5.94,11.88,3,0
,c110235a,RP Johnston,female,Samoa,5,5,40,65,20,0,3,0,0,0,8.0,61.54,0,0,0,0,0.0,,0,0
,d284ef29,Rachel Delaney,female,Ireland,10,8,40,48,12,4,2,0,0,0,10.0,83.33,9,99,3,113,6.85,37.67,1,0
,f3f6f5a0,S Merican,female,Singapore,14,14,40,141,14,0,0,0,0,0,2.86,28.37,0,0,0,0,0.0,,0,0
,86933cde,SW Kinyua,female,Kenya,2,2,40,58,40,0,1,0,0,0,20.0,68.97,0,0,0,0,0.0,,0,0
,bbd31c8f,Thea Larsen,female,Denmark,3,3,40,52,26,0,3,0,0,0,13.33,76.92,3,66,3,65,5.91,21.67,2,0
,83558266,A King,female,Australia,34,9,39,43,18,6,5,0,0,0,13.0,90.7,34,577,34,613,6.37,18.03,4,0
,06209a4c,A van Schoor,female,Namibia,1,1,39,27,39,1,1,2,0,0,,144.44,0,0,0,0,0.0,,0,0
,1669ba8a,CSN Mbelel,female,Cameroon,12,12,39,104,9,3,4,0,0,0,4.33,37.5,0,0,0,0,0.0,,0,0
,61579e9f,D Pavelic,female,Croatia,5,4,39,64,29,1,1,0,0,0,13.0,60.94,5,108,9,89,4.94,9.89,3,0
,95d9f74c,E Pokana,female,Papua New Guinea,5,5,39,58,17,2,3,0,0,0,13.0,67.24,0,0,0,0,0.0,,0,0
,7b1f2542,GL Adams,female,England,2,2,39,31,23,0,3,0,0,0,19.5,125.81,2,30,0,29,5.8,,0,0
,c27e0638,JS Ndanu,female,Kenya,21,17,39,92,9,3,1,0,0,0,2.79,42.39,18,232,7,229,5.92,32.71,2,0
,7c0055c1,KE Ebrahim,female,New Zealand,11,7,39,55,27,2,2,0,0,0,7.8,70.91,9,120,3,133,6.65,44.33,1,0
,b10e688b,Kate Awuah,female,Ghana,3,3,39,69,31,1,1,0,0,0,19.5,56.52,3,66,1,88,8.0,88.0,1,0
,70722cc7,L Chipanga,female,Mozambique,23,15,39,72,18,5,3,0,0,0,3.9,54.17,21,420,20,255,3.64,12.75,4,0
,0e283b75,M Short,female,Namibia,8,3,39,35,36,0,3,0,0,0,13.0,111.43,8,168,13,114,4.07,8.77,4,0
,b5472435,M Valner,female,Estonia,18,14,39,161,12,2,1,0,0,0,3.25,24.22,18,353,22,278,4.73,12.64,4,0
,540fb139,O Lefaga,female,Samoa,12,7,39,63,11,0,4,0,0,0,5.57,61.9,12,240,16,174,4.35,10.88,6,1
,f30b0e54,P Neighbour,female,Luxembourg,5,2,39,50,22,1,2,0,0,0,39.0,78.0,5,96,6,172,10.75,28.67,3,0
,a1c4aed5,PRCS Kumarihami,female,Sri Lanka,7,7,39,59,13,0,4,0,0,0,5.57,66.1,5,66,1,73,6.64,73.0,1,0
,c24a759a,Roheed Akhtar,female,Qatar,12,9,39,63,15,3,3,0,0,0,6.5,61.9,11,222,8,232,6.27,29.0,2,0
,25850e31,S Ozkunduz,female,Turkey,10,6,39,47,15,2,3,0,0,0,9.75,82.98,10,120,4,143,7.15,35.75,3,0
,89df3901,Sadamali Bhakshala,female,Bahrain,19,11,39,87,9,1,3,0,0,0,3.9,44.83,19,334,5,391,7.02,78.2,2,0
,2f8c4e6e,T Ariuntsetseg,female,Mongolia,10,10,39,119,9,0,2,0,0,0,3.9,32.77,9,162,3,157,5.81,52.33,2,0
,6bf40416,U Thimashini,female,Sri Lanka,6,6,39,45,20,1,6,0,0,0,7.8,86.67,1,4,0,7,10.5,,0,0
,d758a366,V Hamunyela,female,Namibia,60,16,39,65,8,11,3,0,0,0,7.8,60.0,57,1072,51,865,4.84,16.96,4,0
,0706d6cc,Viola Komeda,female,Czech Republic,12,7,39,72,16,2,3,0,0,0,7.8,54.17,12,241,22,200,4.98,9.09,5,1
,d35c1fc7,Zumika Azmi,female,Malaysia,11,9,39,82,17,3,2,0,0,0,6.5,47.56,11,150,3,163,6.52,54.33,1,0
,e697d88c,A Andriani,female,Indonesia,7,5,38,32,34,2,6,0,0,0,12.67,118.75,7,156,10,92,3.54,9.2,4,0
,c736a96b,Aiman Anwer,female,Pakistan,32,12,38,58,9,5,2,0,0,0,5.43,65.52,32,632,23,779,7.4,33.87,3,0
,74d9909b,Ananya Srinivasan,female,Switzerland,6,6,38,53,28,3,1,0,0,0,12.67,71.7,0,0,0,0,0.0,,0,0
,6d7ca3e6,D Joseph,female,West Indies,7,7,38,90,11,0,2,0,0,0,5.43,42.22,0,0,0,0,0.0,,0,0
,0a10b268,JM Willathgamuwa,female,United States of America,8,5,38,69,24,0,3,0,0,0,7.6,55.07,7,78,1,96,7.38,96.0,1,0
,53e325ed,K Thomson,female,South Africa,2,2,38,54,32,0,3,0,0,0,19.0,70.37,0,0,0,0,0.0,,0,0
,9f015fdd,MPA Miranda,female,Costa Rica,2,2,38,34,24,1,6,0,0,0,38.0,111.76,0,0,0,0,0.0,,0,0
,6ab0658d,R Gnanaraj,female,Singapore,6,6,38,76,11,0,3,0,0,0,6.33,50.0,2,18,1,31,10.33,31.0,1,0
,2ec52460,R Overman,female,Isle of Man,11,10,38,68,13,1,3,0,0,0,4.22,55.88,1,18,0,15,5.0,,0,0
,2c78e246,Sara,female,Saudi Arabia,6,6,38,94,19,1,4,0,0,0,7.6,40.43,3,42,2,72,10.29,36.0,2,0
,38476559,Seungmin Song,female,South Korea,4,4,38,73,21,0,5,0,0,0,9.5,52.05,4,96,3,67,4.19,22.33,2,0
,66498395,A Dalzell,female,Ireland,24,6,37,45,14,0,5,0,0,0,6.17,82.22,24,423,17,493,6.99,29.0,2,0
,cd12f384,H Dhavina,female,Singapore,28,12,37,157,10,2,1,0,0,0,3.7,23.57,26,472,18,449,5.71,24.94,2,0
,da22f2a2,Humaira Tasneem,female,United Arab Emirates,11,10,37,78,11,2,1,0,0,0,4.62,47.44,6,65,8,68,6.28,8.5,2,0
,d2089154,J Newland,female,Sierra Leone,3,3,37,39,37,1,2,0,0,0,18.5,94.87,1,12,0,14,7.0,,0,0
,007a3773,KS Kasse,female,Indonesia,13,13,37,77,14,3,2,0,0,0,3.7,48.05,1,10,0,10,6.0,,0,0
,983a0c34,MM Dekeling,female,Netherlands,20,11,37,70,9,4,4,0,0,0,5.29,52.86,13,179,6,187,6.27,31.17,2,0
,34f0c9ad,Moe Ei Phyu,female,Myanmar,7,6,37,60,20,2,1,0,0,0,9.25,61.67,2,7,0,24,20.57,,0,0
,0f49b970,Sana Butt,female,Bahrain,14,14,37,114,8,2,2,0,0,0,3.08,32.46,0,0,0,0,0.0,,0,0
,de99b122,Shakirah Sadick,female,Uganda,6,6,37,84,16,2,1,1,0,0,9.25,44.05,0,0,0,0,0.0,,0,0
,efa8eae7,Snigdha Paul,female,United States of America,6,6,37,69,19,0,3,0,0,0,6.17,53.62,6,78,2,90,6.92,45.0,1,0
,8f8f94fd,U Chetry,female,India,4,4,37,41,24,0,5,0,0,0,9.25,90.24,0,0,0,0,0.0,,0,0
,9e866d80,A Brown-Carrera,female,Spain,11,9,36,55,13,3,3,0,0,0,6.0,65.45,10,186,7,150,4.84,21.43,2,0
,ef27e290,A Uwimbabazi,female,Rwanda,6,6,36,54,11,2,0,0,0,0,9.0,66.67,0,0,0,0,0.0,,0,0
,1e481de4,B Madimabe,female,Botswana,11,11,36,127,10,1,2,0,0,0,3.6,28.35,0,0,0,0,0.0,,0,0
,d144423b,E Toguchi-Quinn,female,Japan,25,13,36,77,8,4,1,0,0,0,4.0,46.75,25,459,29,376,4.92,12.97,5,2
,bbb5073b,Elyza Wall,female,Philippines,6,6,36,76,20,0,3,0,0,0,6.0,47.37,4,72,2,86,7.17,43.0,1,0
,e8eab9f5,JC Bieni,female,Nigeria,4,4,36,59,25,1,2,0,0,0,12.0,61.02,0,0,0,0,0.0,,0,0
,8ea44a61,Joyleen Kaur,female,Hong Kong,26,10,36,57,10,2,2,0,0,0,4.5,63.16,24,414,29,391,5.67,13.48,4,0
,eaa5cb7c,M Landsman,female,Netherlands,1,1,36,29,36,0,2,1,0,0,36.0,124.14,1,24,2,12,3.0,6.0,2,0
,32832dc8,Maira Khan,female,Saudi Arabia,5,5,36,155,12,0,3,0,0,0,7.2,23.23,5,84,2,183,13.07,91.5,2,0
,b4bbe95c,N Niranjana,female,India,9,5,36,31,15,0,4,0,0,0,7.2,116.13,9,163,6,148,5.45,24.67,2,0
,3704ffe1,Nur Qalysha,female,Malaysia,12,11,36,72,14,3,0,0,0,0,4.5,50.0,7,107,5,109,6.11,21.8,3,0
,472a8672,PJ Stahelin,female,Guernsey,6,6,36,109,14,0,0,0,0,0,6.0,33.03,1,2,0,3,9.0,,0,0
,45a13dcf,Pratika Rawal,female,India,3,3,36,33,22,0,3,1,0,0,12.0,109.09,0,0,0,0,0.0,,0,0
,19826516,Raghvi Bist,female,India,2,2,36,30,31,1,2,1,0,0,36.0,120.0,0,0,0,0,0.0,,0,0
,c7fa1e4c,TMA Leslie,female,Cameroon,13,11,36,88,9,1,2,0,0,0,3.6,40.91,13,232,12,231,5.97,19.25,3,0
,d333e575,Zayneb Fazil,female,Bahrain,6,6,36,56,16,1,4,0,0,0,7.2,64.29,5,88,1,117,7.98,117.0,1,0
,e14e70c0,B Namuunzul,female,Mongolia,12,11,35,112,15,3,1,0,0,0,4.38,31.25,6,83,1,144,10.41,144.0,1,0
,e486ecc0,Busra Uca,female,Austria,5,5,35,91,17,0,1,0,0,0,7.0,38.46,0,0,0,0,0.0,,0,0
,2cf802eb,C Murrombe,female,Mozambique,9,8,35,126,15,0,3,0,0,0,4.38,27.78,6,111,7,149,8.05,21.29,4,0
,f0396c01,CI Manidom,female,Cameroon,12,10,35,89,12,2,2,0,0,0,4.38,39.33,8,135,8,133,5.91,16.62,3,0
,f45efeca,Dilini Ishara,female,Cyprus,8,8,35,80,12,0,2,0,0,0,4.38,43.75,1,6,0,5,5.0,,0,0
,9be80ea0,F Pessima,female,Sierra Leone,12,6,35,66,22,2,2,0,0,0,8.75,53.03,11,201,12,133,3.97,11.08,2,0
,6b8fbcef,I Majdancic,female,Croatia,3,3,35,39,22,0,2,0,0,0,11.67,89.74,0,0,0,0,0.0,,0,0
,01abe2db,IK Cheema,female,Portugal,9,4,35,37,15,1,4,0,0,0,11.67,94.59,7,138,6,143,6.22,23.83,3,0
,cec2dfe7,KE Pounsett,female,Qatar,6,6,35,54,15,0,3,0,0,0,5.83,64.81,0,0,0,0,0.0,,0,0
,d661bc57,M Nanayakkara,female,Sri Lanka,1,1,35,32,35,0,4,0,0,0,35.0,109.38,0,0,0,0,0.0,,0,0
,d24e69f5,Nary Thapa,female,Nepal,6,5,35,48,19,2,3,0,0,0,11.67,72.92,6,135,13,77,3.42,5.92,6,1
,c5dd13c3,P Seldon,female,Bhutan,8,8,35,63,18,0,1,0,0,0,4.38,55.56,0,0,0,0,0.0,,0,0
,01815edc,S Kanankege,female,Italy,28,12,35,83,12,4,2,0,0,0,4.38,42.17,25,372,13,353,5.69,27.15,2,0
,3247d54e,S Smale,female,England,2,2,35,29,25,0,5,0,0,0,17.5,120.69,0,0,0,0,0.0,,0,0
,41fd2907,T Holder,female,Barbados,6,6,35,68,21,1,2,0,0,0,7.0,51.47,0,0,0,0,0.0,,0,0
,9782087e,T Maika,female,Cook Islands,7,7,35,69,19,1,4,0,0,0,5.83,50.72,0,0,0,0,0.0,,0,0
,e77d4107,A Iopu,female,Samoa,4,4,34,75,20,0,2,0,0,0,8.5,45.33,3,18,1,22,7.33,22.0,1,0
,ab50174b,A Kanada,female,Japan,4,4,34,47,29,1,2,0,0,0,11.33,72.34,2,17,1,28,9.88,28.0,1,0
,be5b6d0d,B Ercegovcevic,female,Serbia,9,8,34,56,12,2,3,0,0,0,5.67,60.71,1,6,1,6,6.0,6.0,1,0
,aee1bc06,CM Saldanha,female,Oman,11,11,34,86,10,5,1,0,0,0,5.67,39.53,0,0,0,0,0.0,,0,0
,c3d8b72f,F Chenda,female,Zambia,7,7,34,90,14,0,2,0,0,0,4.86,37.78,1,6,0,13,13.0,,0,0
,e21475a5,JL Aras,female,United States of America,11,2,34,43,24,1,2,0,0,0,34.0,79.07,11,132,7,133,6.05,19.0,3,0
,98db3666,KV Vakuruivalu,female,Fiji,10,7,34,60,19,3,2,0,0,0,8.5,56.67,9,161,9,155,5.78,17.22,4,0
,884375bf,LK Ebsary,female,Australia,3,3,34,18,24,3,2,1,0,0,,188.89,0,0,0,0,0.0,,0,0
,3be2b0a3,M Jevdjenovic,female,Serbia,10,5,34,64,14,1,0,0,0,0,8.5,53.12,8,146,6,155,6.37,25.83,3,0
,0030a57d,M Tarimiala,female,Vanuatu,10,10,34,65,14,4,2,0,0,0,5.67,52.31,0,0,0,0,0.0,,0,0
,f4b9d4e0,MM Chaudhary,female,Nepal,10,10,34,81,8,1,2,0,0,0,3.78,41.98,0,0,0,0,0.0,,0,0
,ce02e769,MSC Erasito,female,Fiji,8,8,34,91,11,2,2,0,0,0,5.67,37.36,0,0,0,0,0.0,,0,0
,e13f5984,R Malhotra,female,India,6,4,34,55,18,1,0,0,0,0,11.33,61.82,5,72,4,69,5.75,17.25,2,0
,5f36cd39,SD Hussein,female,Tanzania,12,12,34,96,11,2,1,0,0,0,3.4,35.42,0,0,0,0,0.0,,0,0
,a4d52e08,SM Benade,female,South Africa,4,4,34,40,24,0,2,2,0,0,8.5,85.0,4,90,4,76,5.07,19.0,2,0
,88e90658,TS Omary,female,Tanzania,11,7,34,64,10,0,2,0,0,0,4.86,53.12,9,168,9,120,4.29,13.33,4,0
,cbef5af4,Angela Busa,female,Philippines,14,13,33,98,12,2,2,0,0,0,3.0,33.67,6,70,2,89,7.63,44.5,1,0
,4a28527d,D Staddon,female,Brazil,4,3,33,57,29,0,3,0,0,0,11.0,57.89,2,18,1,18,6.0,18.0,1,0
,43490928,Elina Rama,female,Finland,2,2,33,31,29,0,3,0,0,0,16.5,106.45,2,30,2,21,4.2,10.5,2,0
,4f1f5bdd,F Bulpitt,female,Guernsey,5,5,33,67,12,0,3,0,0,0,6.6,49.25,1,18,1,23,7.67,23.0,1,0
,eae9fe8a,J Botha,female,South Africa,2,2,33,33,28,0,4,0,0,0,16.5,100.0,1,12,2,9,4.5,4.5,2,0
,8bebbcd4,Kerry Fraser,female,Luxembourg,10,5,33,73,14,1,3,0,0,0,8.25,45.21,9,139,5,166,7.17,33.2,1,0
,021b4be9,M Matine,female,Mozambique,6,6,33,58,12,0,5,0,0,0,5.5,56.9,0,0,0,0,0.0,,0,0
,ce431658,Mina Baek,female,South Korea,2,2,33,50,28,1,2,0,0,0,33.0,66.0,2,48,3,45,5.62,15.0,2,0
,92c81a4f,U Bayarjavkhlan,female,Mongolia,12,9,33,81,13,2,2,0,0,0,4.71,40.74,10,169,7,195,6.92,27.86,3,0
,3798b336,U Peace,female,Nigeria,23,13,33,57,8,5,1,0,0,0,4.12,57.89,23,438,18,310,4.25,17.22,3,0
,ae99724d,Wan Nor Zulaika,female,Malaysia,14,9,33,65,18,3,2,0,0,0,5.5,50.77,11,156,4,160,6.15,40.0,2,0
,5d2031f0,AH Thomson,female,Netherlands,9,9,32,64,9,2,1,0,0,0,4.57,50.0,0,0,0,0,0.0,,0,0
,db86ac96,C Wijesinghe,female,Cyprus,16,6,32,68,14,2,0,0,0,0,8.0,47.06,14,288,22,203,4.23,9.23,4,0
,dd30467d,Franchesca Moya,female,Chile,4,4,32,43,26,1,5,0,0,0,10.67,74.42,0,0,0,0,0.0,,0,0
,8a0ba257,J Efosa,female,Nigeria,8,8,32,60,13,4,3,0,0,0,8.0,53.33,8,174,11,165,5.69,15.0,2,0
,4d622fee,K Goud,female,India,17,5,32,21,15,3,3,2,0,0,16.0,152.38,17,306,9,393,7.71,43.67,2,0
,2fdf42e9,OT Wallerson,female,United States of America,7,4,32,64,23,0,1,0,0,0,8.0,50.0,6,102,2,85,5.0,42.5,1,0
,005f0561,Panna Ghosh,female,Bangladesh,23,11,32,49,14,7,1,0,0,0,8.0,65.31,23,405,24,367,5.44,15.29,5,1
,1ba007d8,SA Sathiya,female,Oman,15,5,32,42,15,1,2,0,0,0,8.0,76.19,15,300,13,248,4.96,19.08,2,0
,ca9a7e09,VM Andrew,female,Samoa,5,5,32,60,19,0,3,0,0,0,6.4,53.33,0,0,0,0,0.0,,0,0
,5088c217,A Alfonso,female,Malawi,12,12,31,70,11,2,2,0,0,0,3.1,44.29,1,24,1,15,3.75,15.0,1,0
,34e7e35c,A Katoa,female,Cook Islands,3,3,31,67,18,0,1,0,0,0,10.33,46.27,0,0,0,0,0.0,,0,0
,4c7d4170,A Le Ray,female,Guernsey,6,5,31,46,13,0,2,0,0,0,6.2,67.39,6,138,8,141,6.13,17.62,2,0
,fb9a8cc3,CS Fraser,female,West Indies,20,10,31,65,8,5,1,1,0,0,6.2,47.69,20,288,12,386,8.04,32.17,3,0
,657dbd65,Eri Iko,female,Japan,3,3,31,47,22,0,2,0,0,0,10.33,65.96,0,0,0,0,0.0,,0,0
,5839f265,Fatima Mukadam,female,Qatar,3,3,31,66,17,0,2,0,0,0,10.33,46.97,0,0,0,0,0.0,,0,0
,89372586,H Sawanneh,female,Sierra Leone,7,7,31,51,8,2,2,0,0,0,6.2,60.78,0,0,0,0,0.0,,0,0
,321c980e,K Ramharack,female,West Indies,60,14,31,59,5,8,0,0,0,0,5.17,52.54,59,1056,43,1198,6.81,27.86,4,0
,9b2e971a,L Bigula,female,Malawi,3,3,31,49,24,0,2,0,0,0,10.33,63.27,2,36,1,37,6.17,37.0,1,0
,37f9eb59,L Mabhero,female,Zimbabwe,31,7,31,48,12,4,2,0,0,0,10.33,64.58,31,562,23,578,6.17,25.13,2,0
,0f42a805,M Tsarsi,female,Lesotho,4,4,31,75,18,1,4,0,0,0,10.33,41.33,0,0,0,0,0.0,,0,0
,e9c394c4,Nazatul Hidayah Husna,female,Malaysia,6,6,31,59,10,1,5,0,0,0,6.2,52.54,0,0,0,0,0.0,,0,0
,728b71eb,OP Eguakun,female,Nigeria,11,11,31,69,11,2,3,0,0,0,3.44,44.93,0,0,0,0,0.0,,0,0
,f536e967,P Kaveao,female,Cook Islands,5,5,31,50,16,1,4,0,0,0,7.75,62.0,5,68,3,72,6.35,24.0,1,0
,b4c38c22,RT Nielsen,female,Denmark,2,2,31,55,24,0,0,0,0,0,15.5,56.36,0,0,0,0,0.0,,0,0
,6b999fbe,Reema Naseer,female,Bahrain,6,6,31,63,13,0,4,0,0,0,5.17,49.21,0,0,0,0,0.0,,0,0
,f67ea6d2,S Walaza,female,Uganda,33,14,31,56,10,4,2,0,0,0,3.1,55.36,32,587,23,536,5.48,23.3,3,0
,3c5b2e9e,TJ Mahe,female,Lesotho,10,10,31,59,21,0,4,0,0,0,3.1,52.54,3,42,1,76,10.86,76.0,1,0
,a651cd4d,B Wani,female,Estonia,9,8,30,64,16,0,2,0,0,0,3.75,46.88,4,48,1,63,7.88,63.0,1,0
,b1e5dade,Batool Fatima,female,Pakistan,7,7,30,41,11,2,3,0,0,0,6.0,73.17,0,0,0,0,0.0,,0,0
,b2f4cb0d,C Sosa,female,Argentina,17,11,30,86,11,4,0,0,0,0,4.29,34.88,16,312,14,255,4.9,18.21,3,0
,2e0b6638,EA Burns,female,Australia,3,1,30,18,30,1,6,0,0,0,,166.67,3,48,0,37,4.62,,0,0
,8d634767,J Abwom,female,Kenya,4,4,30,53,15,1,2,0,0,0,10.0,56.6,0,0,0,0,0.0,,0,0
,a801ca06,J Chirila,female,Romania,4,3,30,51,14,2,1,0,0,0,30.0,58.82,4,84,1,72,5.14,72.0,1,0
,b37b035c,MGMCP Gunawardene,female,Sri Lanka,4,4,30,48,14,1,0,0,0,0,10.0,62.5,4,66,3,73,6.64,24.33,2,0
,ff05f9f8,Melanie Ani,female,Papua New Guinea,4,4,30,46,19,1,4,0,0,0,10.0,65.22,0,0,0,0,0.0,,0,0
,0e818f80,N Tokizawa,female,Japan,6,4,30,54,22,0,1,0,0,0,7.5,55.56,6,113,3,83,4.41,27.67,2,0
,c05e5d66,R Turay,female,Sierra Leone,1,1,30,24,30,0,4,0,0,0,30.0,125.0,0,0,0,0,0.0,,0,0
,7a640d66,T Basile,female,Argentina,10,9,30,50,13,1,2,0,0,0,3.75,60.0,2,15,4,6,2.4,1.5,2,0
,28086b4b,Taful Elkhair,female,Qatar,7,7,30,57,15,1,0,0,0,0,5.0,52.63,4,25,0,51,12.24,,0,0
,3aac5463,YS Blagg,female,Gibraltar,11,6,30,31,11,4,2,0,0,0,15.0,96.77,11,184,17,151,4.92,8.88,4,0
,0311d9ec,Yan Zuying,female,China,8,8,30,84,14,1,0,0,0,0,4.29,35.71,0,0,0,0,0.0,,0,0
,006b0d25,A Mossop,female,Jersey,4,4,29,53,20,3,2,0,0,0,29.0,54.72,0,0,0,0,0.0,,0,0
,1ba50005,C Mutasa,female,Zimbabwe,7,7,29,31,9,2,2,0,0,0,5.8,93.55,6,72,1,102,8.5,102.0,1,0
,90e03594,DI Dusabemungu,female,Rwanda,6,6,29,70,13,0,1,0,0,0,4.83,41.43,1,6,0,7,7.0,,0,0
,7693851c,EJ Carson,female,New Zealand,36,10,29,40,7,4,2,0,0,0,4.83,72.5,35,684,39,745,6.54,19.1,3,0
,22a508d9,H Bosnic,female,Croatia,3,3,29,65,14,1,2,0,0,0,14.5,44.62,0,0,0,0,0.0,,0,0
,5f311f1a,K Chigora,female,Zimbabwe,13,6,29,40,14,2,4,0,0,0,7.25,72.5,13,248,13,326,7.89,25.08,5,1
,00823a96,KL Gordon,female,England,14,4,29,25,23,2,3,0,0,0,14.5,116.0,14,318,20,315,5.94,15.75,3,0
,76a3af9b,Lujaina,female,Oman,8,6,29,51,21,0,2,0,0,0,4.83,56.86,3,42,2,35,5.0,17.5,2,0
,11d83c44,M Kaukura,female,Cook Islands,5,4,29,60,10,0,3,0,0,0,7.25,48.33,4,96,6,103,6.44,17.17,3,0
,764f35d8,N Sharma,female,United Arab Emirates,6,6,29,57,12,0,1,0,0,0,4.83,50.88,0,0,0,0,0.0,,0,0
,a60bff88,N Zholudz,female,Estonia,8,8,29,88,12,0,1,0,0,0,3.62,32.95,0,0,0,0,0.0,,0,0
,ccac9ed0,P Pratt,female,Sierra Leone,12,10,29,52,6,3,2,0,0,0,4.14,55.77,4,72,5,68,5.67,13.6,2,0
,4cf05de9,Reehana Khan,female,Namibia,9,4,29,36,17,2,3,0,0,0,14.5,80.56,7,102,8,83,4.88,10.38,2,0
,7a9de52f,S Yordanova,female,Bulgaria,5,5,29,63,12,1,2,0,0,0,7.25,46.03,0,0,0,0,0.0,,0,0
,cad52f7c,Sargam Patel,female,Qatar,3,3,29,35,18,1,3,0,0,0,14.5,82.86,0,0,0,0,0.0,,0,0
,a521ba3e,Sumayya Abdul,female,Maldives,6,5,29,105,15,1,5,0,0,0,7.25,27.62,4,66,0,107,9.73,,0,0
,8d0543ce,ZL Thoon,female,Myanmar,12,6,29,47,17,2,2,0,0,0,7.25,61.7,12,255,12,156,3.67,13.0,3,0
,c057e647,A Tagilala,female,Fiji,3,3,28,46,27,0,2,0,0,0,9.33,60.87,1,18,0,21,7.0,,0,0
,283e47fa,AS Miranda,female,Philippines,9,9,28,93,11,0,0,1,0,0,3.11,30.11,0,0,0,0,0.0,,0,0
,39f351c6,CE Coulter Reilly,female,Ireland,8,8,28,39,21,2,1,0,0,0,4.67,71.79,0,0,0,0,0.0,,0,0
,84f831c3,DAL Paramitha,female,Indonesia,25,9,28,61,13,0,0,0,0,0,3.11,45.9,25,441,18,330,4.49,18.33,2,0
,ecc585f0,EL Kirkman,female,Austria,3,3,28,35,12,0,4,0,0,0,9.33,80.0,0,0,0,0,0.0,,0,0
,4f88a917,EMC Fowler,female,Spain,6,6,28,59,10,2,0,0,0,0,7.0,47.46,0,0,0,0,0.0,,0,0
,287ed3a0,GA Elwiss,female,England,7,4,28,29,18,1,3,0,0,0,9.33,96.55,6,91,5,86,5.67,17.2,2,0
,f3f654c2,Kyte Gullem Keen,female,Philippines,17,13,28,82,10,4,1,0,0,0,3.11,34.15,7,138,9,155,6.74,17.22,4,0
,55223171,L Tastuki,female,Vanuatu,3,2,28,34,25,0,2,0,0,0,14.0,82.35,3,72,2,49,4.08,24.5,1,0
,4f5a53e3,LM Massawe,female,Tanzania,3,3,28,30,26,1,1,0,0,0,14.0,93.33,0,0,0,0,0.0,,0,0
,a9668b5f,Ly Saomakara,female,Cambodia,5,5,28,87,13,0,2,0,0,0,5.6,32.18,2,48,2,47,5.88,23.5,2,0
,01fa12c1,Mohammed Jimia,female,Uganda,3,3,28,50,24,0,1,0,0,0,9.33,56.0,0,0,0,0,0.0,,0,0
,5215d4c3,RMAU Grimmond,female,West Indies,4,4,28,37,15,0,4,0,0,0,7.0,75.68,0,0,0,0,0.0,,0,0
,6a532414,Smriti Anand,female,Singapore,3,2,28,37,15,0,2,0,0,0,14.0,75.68,2,18,0,21,7.0,,0,0
,73df1fe8,T Chopra,female,United States of America,13,6,28,40,10,4,1,0,0,0,14.0,70.0,13,186,12,163,5.26,13.58,2,0
,2853eafb,V Iriho,female,Rwanda,5,4,28,56,15,0,1,0,0,0,7.0,50.0,5,96,3,77,4.81,25.67,1,0
,f82a0b02,C Sewsunker,female,Saudi Arabia,5,5,27,54,14,0,5,0,0,0,5.4,50.0,4,78,0,160,12.31,,0,0
,38e55b24,D Ndipo,female,Malawi,3,3,27,26,19,2,4,0,0,0,27.0,103.85,0,0,0,0,0.0,,0,0
,180240d4,EM Bermingham,female,New Zealand,13,7,27,23,8,1,2,0,0,0,4.5,117.39,13,252,15,249,5.93,16.6,2,0
,ce057756,KN Mirchandani,female,Canada,3,3,27,46,13,0,2,0,0,0,9.0,58.7,3,53,0,56,6.34,,0,0
,7e7f38ef,MHS James,female,Portugal,5,5,27,25,9,2,3,0,0,0,9.0,108.0,5,102,9,96,5.65,10.67,4,0
,13496389,N Laguea,female,Gibraltar,2,2,27,28,26,0,3,0,0,0,13.5,96.43,0,0,0,0,0.0,,0,0
,739ed6df,Natalie Clarke,female,Switzerland,10,5,27,35,10,1,3,0,0,0,6.75,77.14,7,78,0,89,6.85,,0,0
,c96e51ba,S Khadka,female,Nepal,8,3,27,45,13,1,2,0,0,0,13.5,60.0,6,48,2,38,4.75,19.0,2,0
,6214c0c6,S Saengsakaorat,female,Thailand,4,4,27,40,14,2,1,0,0,0,13.5,67.5,0,0,0,0,0.0,,0,0
,33946d69,SR Patil,female,India,24,9,27,36,7,3,3,0,0,0,4.5,75.0,24,487,29,567,6.99,19.55,3,0
,5f93cb2d,Soniya Dabir,female,India,4,4,27,27,9,1,2,0,0,0,9.0,100.0,4,96,6,67,4.19,11.17,3,0
,4bafe66b,T Salcedo,female,Mexico,3,3,27,27,20,0,5,0,0,0,9.0,100.0,3,71,9,45,3.8,5.0,4,0
,39b12998,Yuanyuan Cai,female,China,4,3,27,22,14,2,5,0,0,0,27.0,122.73,3,36,1,35,5.83,35.0,1,0
,637f6ae5,A Kourkoulou,female,Greece,13,11,26,81,11,2,1,0,0,0,2.89,32.1,2,18,0,34,11.33,,0,0
,c602c725,A Stoilova,female,Bulgaria,7,7,26,61,20,0,0,0,0,0,3.71,42.62,4,37,0,73,11.84,,0,0
,81782f5b,AAIP Bastari,female,Indonesia,1,1,26,24,26,1,3,0,0,0,,108.33,0,0,0,0,0.0,,0,0
,a1886d3f,AK Yadav,female,Nepal,7,7,26,41,9,3,1,0,0,0,6.5,63.41,0,0,0,0,0.0,,0,0
,73d19a42,B Gaanamong,female,Botswana,5,4,26,47,19,1,1,0,0,0,8.67,55.32,4,60,6,73,7.3,12.17,4,0
,9ee105bc,D Gangwani,female,Sweden,1,1,26,26,26,1,2,0,0,0,,100.0,0,0,0,0,0.0,,0,0
,01341439,D Lohia,female,Papua New Guinea,16,6,26,48,16,3,2,0,0,0,8.67,54.17,16,204,13,193,5.68,14.85,2,0
,3d42a82b,E Brathwaite,female,West Indies,2,2,26,26,18,0,3,1,0,0,13.0,100.0,0,0,0,0,0.0,,0,0
,78fd864b,EL Arlott,female,England,6,3,26,23,12,2,1,1,0,0,26.0,113.04,6,144,9,191,7.96,21.22,3,0
,98a78574,ELC Flanagan,female,Ireland,3,3,26,38,12,0,3,0,0,0,8.67,68.42,0,0,0,0,0.0,,0,0
,9044ee8e,J George,female,Cook Islands,5,5,26,44,11,1,2,0,0,0,6.5,59.09,5,84,1,117,8.36,117.0,1,0
,21548315,LN Shabalala,female,Eswatini,11,11,26,145,6,1,0,0,0,0,2.6,17.93,0,0,0,0,0.0,,0,0
,ff4509d5,Lopamudra,female,Norway,20,14,26,85,12,4,1,0,0,0,2.6,30.59,19,254,6,288,6.8,48.0,2,0
,34628c4a,M Moalosi,female,Lesotho,4,4,26,67,14,1,0,0,0,0,8.67,38.81,0,0,0,0,0.0,,0,0
,93d65d0f,M Ogawa,female,Japan,8,4,26,50,17,2,2,0,0,0,13.0,52.0,6,51,2,69,8.12,34.5,1,0
,686362af,N Mlaba,female,South Africa,81,11,26,35,9,5,1,1,0,0,4.33,74.29,81,1675,79,1785,6.39,22.59,4,0
,68c9a36f,NL Jacinta Si Ping,female,Singapore,10,10,26,63,12,2,1,0,0,0,3.25,41.27,0,0,0,0,0.0,,0,0
,1697a7c4,Ntombizonke MKhatshwa,female,Eswatini,8,8,26,90,11,0,2,0,0,0,3.25,28.89,8,174,10,198,6.83,19.8,3,0
,554a83e5,P Malemikia,female,Uganda,14,7,26,31,16,2,2,0,0,0,5.2,83.87,12,241,11,170,4.23,15.45,3,0
,dd468f06,R Oa,female,Papua New Guinea,19,7,26,43,9,2,1,0,0,0,5.2,60.47,19,367,26,292,4.77,11.23,5,1
,cbf39bc7,RA Lister,female,Belgium,7,7,26,103,7,0,0,0,0,0,3.71,25.24,0,0,0,0,0.0,,0,0
,c30d7608,S Channa,female,Oman,7,4,26,38,12,1,1,0,0,0,8.67,68.42,7,138,6,119,5.17,19.83,2,0
,4ec107c8,Sejal Vinod,female,Switzerland,8,5,26,45,18,2,3,0,0,0,8.67,57.78,7,126,10,119,5.67,11.9,3,0
,ef160d73,A Cossa,female,Mozambique,7,5,25,37,23,0,1,0,0,0,5.0,67.57,6,62,3,79,7.65,26.33,2,0
,9af3b97d,C Martin,female,Canada,2,2,25,25,20,0,2,0,0,0,12.5,100.0,0,0,0,0,0.0,,0,0
,5c884c17,DS Vlachopoulou,female,Greece,8,6,25,66,10,1,0,0,0,0,5.0,37.88,3,20,1,9,2.7,9.0,1,0
,80d1b020,F Cagnewa,female,France,2,2,25,42,18,0,0,0,0,0,12.5,59.52,0,0,0,0,0.0,,0,0
,31ea5c8c,FLV Pula,female,Samoa,2,2,25,46,23,1,3,0,0,0,25.0,54.35,1,6,0,8,8.0,,0,0
,6edd8b10,I Alumo,female,Uganda,13,6,25,31,21,1,3,0,0,0,5.0,80.65,13,237,11,197,4.99,17.91,2,0
,fce5bfd2,I Koroma,female,Sierra Leone,4,4,25,29,12,0,4,0,0,0,6.25,86.21,1,12,0,11,5.5,,0,0
,538cb58a,JR Medianesta,female,Philippines,9,9,25,58,11,4,0,0,0,0,5.0,43.1,0,0,0,0,0.0,,0,0
,664ad13f,Jiyeon Park,female,South Korea,4,4,25,62,12,1,2,0,0,0,8.33,40.32,4,79,3,65,4.94,21.67,2,0
,fb432bd3,MM Mabathoana,female,Lesotho,17,17,25,114,7,1,2,0,0,0,1.56,21.93,6,90,3,189,12.6,63.0,2,0
,dd7cc825,P Choudhary,female,Czech Republic,7,7,25,54,10,1,1,0,0,0,4.17,46.3,0,0,0,0,0.0,,0,0
,121b6ac9,P Timong,female,Uganda,3,2,25,28,22,0,3,0,0,0,12.5,89.29,3,60,8,35,3.5,4.38,4,0
,17ccd296,R Pasipanodya,female,Zimbabwe,7,7,25,49,10,0,3,1,0,0,3.57,51.02,0,0,0,0,0.0,,0,0
,e63c08e9,R Samson,female,Nigeria,28,8,25,35,7,5,2,0,0,0,8.33,71.43,28,526,27,444,5.06,16.44,4,0
,5bb73a3c,S Hussein,female,Malawi,3,2,25,45,21,0,3,0,0,0,12.5,55.56,3,67,2,66,5.91,33.0,1,0
,6c8904c8,S Kotte,female,United Arab Emirates,56,12,25,66,9,8,1,0,0,0,6.25,37.88,55,886,49,588,3.98,12.0,4,0
,fd432213,S Phakathi,female,Eswatini,4,4,25,61,15,1,0,0,0,0,8.33,40.98,0,0,0,0,0.0,,0,0
,67a9fe72,T Marumani,female,Zimbabwe,4,4,25,26,13,2,3,0,0,0,12.5,96.15,1,6,0,8,8.0,,0,0
,3a341948,T Ramabitsa,female,Lesotho,10,10,25,55,11,2,3,0,0,0,3.12,45.45,9,186,11,209,6.74,19.0,2,0
,34c205b1,A Kitayama,female,Japan,6,6,24,40,13,0,1,0,0,0,4.0,60.0,0,0,0,0,0.0,,0,0
,69a0b944,A le Breton,female,South Africa,2,2,24,24,14,0,3,0,0,0,12.0,100.0,0,0,0,0,0.0,,0,0
,1ae34c14,Grace Cottier,female,Isle of Man,3,2,24,25,19,2,3,0,0,0,,96.0,2,36,2,51,8.5,25.5,1,0
,5d428b3d,Ishma Tanjim,female,Bangladesh,3,3,24,35,16,0,2,0,0,0,8.0,68.57,0,0,0,0,0.0,,0,0
,7a81836e,L Malino,female,Malawi,33,12,24,85,8,3,0,0,0,0,2.67,28.24,33,724,41,588,4.87,14.34,4,0
,dac46b52,M Carlot,female,Vanuatu,8,8,24,53,5,2,1,0,0,0,4.0,45.28,0,0,0,0,0.0,,0,0
,bacbc4ee,N Kuruppu,female,Romania,4,4,24,34,14,0,3,0,0,0,6.0,70.59,0,0,0,0,0.0,,0,0
,a1cb1472,Najwa Akram,female,Saudi Arabia,11,11,24,96,8,1,1,0,0,0,2.4,25.0,5,68,2,112,9.88,56.0,1,0
,1a510809,U Raymond-Hoey,female,Ireland,6,6,24,49,17,0,0,0,0,0,4.0,48.98,0,0,0,0,0.0,,0,0
,308ac7cb,YM Murrure,female,Mozambique,12,8,24,59,8,3,1,0,0,0,4.8,40.68,12,196,3,153,4.68,51.0,2,0
,152d3c9d,C Perry,female,Isle of Man,15,5,23,31,7,1,3,0,0,0,5.75,74.19,15,305,12,302,5.94,25.17,4,0
,d6ca2714,Dok Da Nit,female,Cambodia,7,7,23,70,11,1,3,0,0,0,3.83,32.86,3,54,2,58,6.44,29.0,1,0
,51fecaba,EJCLRC Rainford-Brent,female,England,1,1,23,17,23,1,1,0,0,0,,135.29,0,0,0,0,0.0,,0,0
,97eb9a07,F Odhiambo,female,Kenya,27,11,23,63,7,8,2,0,0,0,7.67,36.51,26,372,20,313,5.05,15.65,4,0
,5b1a4ff7,M Saastamoinen,female,Finland,7,5,23,37,11,1,4,0,0,0,5.75,62.16,6,72,0,85,7.08,,0,0
,e2e5b178,M Yousaf,female,Hong Kong,5,4,23,47,10,1,1,0,0,0,7.67,48.94,4,48,3,29,3.62,9.67,3,0
,17608a6f,ML Schutt,female,Australia,117,15,23,31,8,7,2,0,0,0,2.88,74.19,117,2389,142,2552,6.41,17.97,5,1
,c6fee9f1,N Chabula,female,Zambia,7,7,23,116,8,0,2,0,0,0,3.29,19.83,7,138,10,130,5.65,13.0,3,0
,30743b6e,NA Moodley,female,South Africa,4,4,23,47,17,1,0,0,0,0,7.67,48.94,0,0,0,0,0.0,,0,0
,382377a4,NK Ariani,female,Indonesia,31,11,23,44,7,2,2,0,0,0,2.56,52.27,31,636,37,479,4.52,12.95,3,0
,9235396c,R Endo,female,Japan,6,6,23,43,13,1,1,0,0,0,4.6,53.49,5,55,5,71,7.75,14.2,2,0
,b15f8b0f,S Brunsgaard,female,Denmark,2,2,23,44,21,0,0,0,0,0,11.5,52.27,2,12,0,26,13.0,,0,0
,280dc48c,S Dabholkatr,female,Switzerland,13,6,23,25,10,2,0,0,0,0,5.75,92.0,13,228,10,185,4.87,18.5,1,0
,39f23bd0,S Hassall,female,Isle of Man,6,6,23,46,6,2,2,0,0,0,5.75,50.0,0,0,0,0,0.0,,0,0
,a6f6efba,T Malinga,female,Eswatini,14,13,23,106,6,3,0,0,0,0,2.3,21.7,12,232,6,257,6.65,42.83,3,0
,e113c6c7,A Rautela,female,Norway,5,5,22,53,11,1,1,0,0,0,5.5,41.51,0,0,0,0,0.0,,0,0
,1745c7d4,F Guirrugo,female,Mozambique,5,5,22,71,7,1,3,0,0,0,5.5,30.99,3,72,2,68,5.67,34.0,1,0
,940feccc,G Dempsey,female,Ireland,20,6,22,30,12,3,1,0,0,0,7.33,73.33,19,281,13,309,6.6,23.77,2,0
,beccd5a1,I Bist,female,Nepal,14,5,22,22,17,3,2,0,0,0,11.0,100.0,14,241,11,237,5.9,21.55,3,0
,5af47874,J Edmiston,female,Switzerland,3,1,22,36,22,1,2,0,0,0,,61.11,2,24,1,38,9.5,38.0,1,0
,4ab6d138,LR Doolan,female,New Zealand,7,4,22,34,15,1,0,0,0,0,7.33,64.71,6,126,5,126,6.0,25.2,2,0
,6061de69,M Mabvuka,female,Malawi,3,3,22,57,15,0,2,0,0,0,7.33,38.6,1,12,1,21,10.5,21.0,1,0
,7a03f67d,MP Enright,female,Namibia,3,3,22,54,12,0,0,0,0,0,7.33,40.74,1,12,0,18,9.0,,0,0
,cfdfe39c,Nik Nur Atiela,female,Malaysia,26,5,22,24,11,3,1,0,0,0,11.0,91.67,25,366,24,318,5.21,13.25,3,0
,faaab47c,P Roy,female,India,3,2,22,30,17,1,1,0,0,0,22.0,73.33,3,42,3,51,7.29,17.0,2,0
,e5be2427,Sania Khan,female,Pakistan,14,8,22,30,5,4,2,0,0,0,5.5,73.33,14,245,16,261,6.39,16.31,3,0
,7a7e2be6,Sylvia Usabyimana,female,Rwanda,13,7,22,36,15,2,1,1,0,0,4.4,61.11,12,168,9,152,5.43,16.89,3,0
,9e547805,T Thorpe,female,Canada,11,9,22,39,6,2,2,0,0,0,3.14,56.41,9,96,5,94,5.88,18.8,2,0
,175d59dd,TH Semau,female,Samoa,17,12,22,48,8,1,2,0,0,0,2.0,45.83,14,209,11,168,4.82,15.27,2,0
,8a5b0066,TRR Sharfudheen,female,Malta,7,7,22,76,8,0,1,0,0,0,3.14,28.95,4,65,2,66,6.09,33.0,1,0
,3f38caff,Tshering Choden,female,Bhutan,13,4,22,32,21,1,1,0,0,0,7.33,68.75,11,155,5,151,5.85,30.2,2,0
,5792f4e0,Aashita Gupta,female,Belgium,4,3,21,36,13,1,2,0,0,0,10.5,58.33,1,2,0,3,9.0,,0,0
,c0dc015b,F Chipare,female,Zimbabwe,26,7,21,28,9,2,2,0,0,0,4.2,75.0,25,449,14,541,7.23,38.64,2,0
,ce490298,I Shukla,female,Singapore,16,11,21,98,5,2,0,0,0,0,2.33,21.43,14,187,11,215,6.9,19.55,3,0
,f6d2a162,JF Jimenez,female,Mexico,3,2,21,39,17,0,3,0,0,0,10.5,53.85,2,18,0,26,8.67,,0,0
,eea862f6,K Inakale,female,Botswana,24,11,21,60,8,5,1,0,0,0,3.5,35.0,21,225,8,248,6.61,31.0,2,0
,646880e7,KAC Wong,female,Philippines,2,2,21,44,12,2,3,0,0,0,,47.73,2,30,1,56,11.2,56.0,1,0
,d6c1d6b7,LS Mulivai,female,Samoa,2,2,21,50,13,0,0,0,0,0,10.5,42.0,2,42,1,34,4.86,34.0,1,0
,b9fec7a5,M Mangru,female,West Indies,5,5,21,25,17,2,2,0,0,0,7.0,84.0,0,0,0,0,0.0,,0,0
,3a93120a,M Yoshioka,female,Japan,3,3,21,20,8,1,3,0,0,0,10.5,105.0,0,0,0,0,0.0,,0,0
,8ff4ef0e,Sara Vivek,female,Bahrain,9,7,21,64,10,1,1,0,0,0,3.5,32.81,9,144,1,179,7.46,179.0,1,0
,1f87b800,Seri Chang,female,South Korea,4,4,21,53,11,0,0,0,0,0,5.25,39.62,4,90,2,91,6.07,45.5,1,0
,4cf8708b,Syeda Aroob Shah,female,Pakistan,15,7,21,37,14,3,1,0,0,0,5.25,56.76,14,234,5,273,7.0,54.6,2,0
,d423f390,T Araliya,female,Italy,12,5,21,32,12,2,2,0,0,0,7.0,65.62,10,146,7,177,7.27,25.29,1,0
,e0460748,Zoe Isabela Wong,female,Philippines,3,3,21,40,16,0,2,0,0,0,7.0,52.5,0,0,0,0,0.0,,0,0
,6c54bd7a,A Thorpe,female,Isle of Man,15,6,20,44,9,1,1,0,0,0,4.0,45.45,14,238,15,239,6.03,15.93,4,0
,db873292,AC Mushangwe,female,Zimbabwe,12,4,20,29,12,2,0,0,0,0,10.0,68.97,12,265,20,137,3.1,6.85,3,0
,141ee9a0,AK Gonerara,female,Fiji,11,7,20,46,9,2,0,0,0,0,4.0,43.48,10,144,7,165,6.88,23.57,3,0
,604b19e3,Amna Khan,female,Saudi Arabia,5,5,20,42,8,1,3,0,0,0,5.0,47.62,3,60,1,121,12.1,121.0,1,0
,8d76816e,E Richard,female,Malawi,8,6,20,50,7,2,1,0,0,0,5.0,40.0,6,80,4,84,6.3,21.0,2,0
,50622bdd,KML Nonu,female,Samoa,4,4,20,45,13,2,1,0,0,0,10.0,44.44,0,0,0,0,0.0,,0,0
,672e1aea,Leitu Leong,female,Samoa,8,8,20,37,10,1,1,0,0,0,2.86,54.05,0,0,0,0,0.0,,0,0
,00015688,M King,female,Sierra Leone,4,4,20,56,10,1,2,0,0,0,6.67,35.71,0,0,0,0,0.0,,0,0
,314463cc,MV Fare,female,Vanuatu,6,6,20,48,9,2,1,0,0,0,5.0,41.67,1,6,0,12,12.0,,0,0
,1af5cef2,Miria Raio,female,Papua New Guinea,6,6,20,45,17,1,0,0,0,0,4.0,44.44,0,0,0,0,0.0,,0,0
,67e4248c,N Gwebu,female,Eswatini,11,11,20,66,6,0,1,0,0,0,1.82,30.3,0,0,0,0,0.0,,0,0
,9b2159a6,Nimra Ghazanfar,female,Saudi Arabia,9,9,20,81,6,0,0,0,0,0,2.22,24.69,0,0,0,0,0.0,,0,0
,91fafb93,Nurin Imanina,female,Malaysia,5,4,20,34,12,2,1,0,0,0,10.0,58.82,3,42,4,43,6.14,10.75,4,0
,caceb014,O Hamrikova,female,Czech Republic,8,8,20,75,8,0,1,0,0,0,2.5,26.67,0,0,0,0,0.0,,0,0
,a648fdcd,P Munsanda,female,Zambia,5,5,20,50,9,2,1,0,0,0,6.67,40.0,0,0,0,0,0.0,,0,0
,11898ffe,PA Wadenpohl,female,Germany,9,8,20,75,11,3,0,0,0,0,4.0,26.67,3,29,1,58,12.0,58.0,1,0
,622cdc98,Pooja Shah,female,United States of America,1,1,20,15,20,1,2,0,0,0,,133.33,0,0,0,0,0.0,,0,0
,98d4cb14,R Boyce,female,West Indies,5,5,20,28,12,0,1,1,0,0,4.0,71.43,0,0,0,0,0.0,,0,0
,94fe4708,RM Burns,female,New Zealand,2,2,20,23,20,0,3,0,0,0,10.0,86.96,0,0,0,0,0.0,,0,0
,ce39ca2c,Rashidatu Salia,female,Ghana,3,3,20,41,14,0,2,0,0,0,6.67,48.78,2,30,0,44,8.8,,0,0
,5ecfab18,S Forbes,female,Ireland,5,5,20,34,6,1,1,0,0,0,5.0,58.82,0,0,0,0,0.0,,0,0
,36d3ed28,S Thapa,female,Qatar,11,7,20,29,11,2,1,0,0,0,4.0,68.97,11,192,12,188,5.88,15.67,3,0
,53bb50f0,Sadia Iqbal,female,Pakistan,64,15,20,45,8,7,2,0,0,0,2.5,44.44,64,1462,81,1424,5.84,17.58,4,0
,df15677b,T Makusha,female,Zimbabwe,6,3,20,22,12,1,2,0,0,0,10.0,90.91,6,96,2,130,8.12,65.0,2,0
,1fb3e04f,T Motlhabaphuti,female,Botswana,6,5,20,53,11,2,1,0,0,0,6.67,37.74,2,18,1,21,7.0,21.0,1,0
,c7071bf6,A Konhu,female,France,3,3,19,24,8,0,1,0,0,0,6.33,79.17,2,36,1,40,6.67,40.0,1,0
,968878a7,AW Wambua,female,Kenya,3,3,19,25,18,0,2,0,0,0,6.33,76.0,1,12,1,11,5.5,11.0,1,0
,1e579ad5,CA Gurrey,female,New Zealand,2,2,19,27,15,0,4,0,0,0,9.5,70.37,0,0,0,0,0.0,,0,0
,f70b575c,CM Madsen,female,Denmark,4,2,19,28,11,1,2,0,0,0,19.0,67.86,4,72,1,137,11.42,137.0,1,0
,8d59f15d,Elizabeth Annor,female,Ghana,3,3,19,31,11,0,2,0,0,0,6.33,61.29,1,12,0,27,13.5,,0,0
,9d785b30,LE Lomani,female,Fiji,3,3,19,54,15,0,1,0,0,0,6.33,35.19,0,0,0,0,0.0,,0,0
,48b74dc2,M Faisal,female,Scotland,5,5,19,28,8,0,2,0,0,0,3.8,67.86,0,0,0,0,0.0,,0,0
,14d7b24b,M Vuruna,female,Fiji,2,2,19,32,14,0,1,0,0,0,9.5,59.38,0,0,0,0,0.0,,0,0
,af104d94,N D'souza,female,United Arab Emirates,5,5,19,46,9,0,0,0,0,0,3.8,41.3,4,42,1,34,4.86,34.0,1,0
,b9f09828,N Tykhonravova,female,Estonia,7,7,19,51,9,0,0,0,0,0,2.71,37.25,0,0,0,0,0.0,,0,0
,faef39c1,Najiha Alvi,female,Pakistan,5,5,19,26,7,1,1,0,0,0,4.75,73.08,0,0,0,0,0.0,,0,0
,c88d3ef1,R Sewwandi,female,Sri Lanka,5,3,19,17,14,2,3,0,0,0,19.0,111.76,4,48,2,102,12.75,51.0,2,0
,8b7cda26,Riya Sharma,female,Nepal,36,12,19,61,4,4,2,0,0,0,2.38,31.15,36,699,31,622,5.34,20.06,3,0
,06ae90c9,Rosie Davis,female,Guernsey,2,2,19,27,17,0,2,0,0,0,9.5,70.37,0,0,0,0,0.0,,0,0
,62653085,S Gokhale,female,United Arab Emirates,18,10,19,41,8,5,0,0,0,0,3.8,46.34,10,144,8,124,5.17,15.5,3,0
,13f8d4b5,SJ Elliott,female,Australia,1,1,19,20,19,1,0,0,0,0,,95.0,0,0,0,0,0.0,,0,0
,7e6a9e15,SS Ilahi,female,Belgium,4,4,19,30,13,0,1,0,0,0,4.75,63.33,0,0,0,0,0.0,,0,0
,b49ab82b,Shivani Sati,female,Luxembourg,14,9,19,57,5,2,0,0,0,0,2.71,33.33,9,117,5,156,8.0,31.2,2,0
,8f0fd229,ZM Hamisi,female,Kenya,4,4,19,41,6,0,0,0,0,0,4.75,46.34,0,0,0,0,0.0,,0,0
,f8fc699a,A Gisdaki,female,Greece,4,4,18,73,8,2,0,0,0,0,9.0,24.66,1,6,0,14,14.0,,0,0
,7b8ed473,AC Septien,female,Mexico,3,3,18,44,9,1,1,0,0,0,9.0,40.91,3,60,3,40,4.0,13.33,1,0
,ca753f5d,AJ Kenealy,female,Ireland,11,6,18,23,9,1,2,0,0,0,3.6,78.26,11,162,2,198,7.33,99.0,1,0
,623c8835,AS van Beuge,female,Netherlands,11,5,18,32,5,3,0,0,0,0,9.0,56.25,11,204,9,194,5.71,21.56,2,0
,32a32368,CP Jack,female,West Indies,1,1,18,21,18,0,0,1,0,0,18.0,85.71,0,0,0,0,0.0,,0,0
,37c085d2,E Ellermaa,female,Estonia,11,11,18,100,5,2,0,0,0,0,2.0,18.0,0,0,0,0,0.0,,0,0
,88bcd09d,GP Tom,female,Papua New Guinea,25,5,18,28,7,3,0,0,0,0,9.0,64.29,24,318,13,318,6.0,24.46,3,0
,6462c64b,H Mumford,female,Gibraltar,11,4,18,51,14,1,0,0,0,0,6.0,35.29,11,180,8,158,5.27,19.75,3,0
,4a6c0fbb,JE Titmuss,female,Hong Kong,4,4,18,33,13,0,2,0,0,0,4.5,54.55,4,69,5,55,4.78,11.0,3,0
,2842d925,JM Apio,female,Uganda,6,5,18,24,9,1,0,0,0,0,4.5,75.0,5,66,3,46,4.18,15.33,2,0
,bf1f5ab0,K Mohanoe,female,Lesotho,4,4,18,40,14,0,1,0,0,0,4.5,45.0,0,0,0,0,0.0,,0,0
,77c88f05,LN McCarthy,female,Ireland,9,7,18,26,7,1,0,0,0,0,3.0,69.23,9,192,7,182,5.69,26.0,2,0
,2d99b12e,Latsha Haleemath,female,Maldives,6,6,18,29,17,0,3,0,0,0,3.0,62.07,4,84,2,153,10.93,76.5,2,0
,b40bbd02,M Nguni,female,Zambia,5,5,18,69,12,2,0,0,0,0,6.0,26.09,5,96,5,134,8.38,26.8,2,0
,c6002ece,Maahi Madhavan,female,United States of America,15,5,18,24,12,3,2,0,0,0,9.0,75.0,15,246,18,251,6.12,13.94,3,0
,e910d955,NW Sariani,female,Indonesia,31,7,18,39,7,2,0,0,0,0,3.6,46.15,31,620,47,371,3.59,7.89,4,0
,6ce57e02,Nuzhat Tasnia,female,Bangladesh,4,4,18,39,6,1,0,0,0,0,6.0,46.15,0,0,0,0,0.0,,0,0
,54a3d69f,R Kanai,female,Japan,8,7,18,49,7,4,2,0,0,0,6.0,36.73,4,54,2,50,5.56,25.0,1,0
,7eba546e,S Kolcunova,female,Czech Republic,13,9,18,77,8,4,0,0,0,0,3.6,23.38,13,264,6,341,7.75,56.83,2,0
,bd8139a1,SK Dolawatte,female,Sri Lanka,5,3,18,51,15,0,0,0,0,0,6.0,35.29,5,48,3,43,5.38,14.33,3,0
,078c4e60,TJE Chiracheque,female,Mozambique,4,4,18,40,13,0,2,0,0,0,4.5,45.0,0,0,0,0,0.0,,0,0
,8ffa1b3c,V Phiri,female,Malawi,19,12,18,52,5,3,1,0,0,0,2.0,34.62,16,275,19,268,5.85,14.11,4,0
,b5fedf28,W Ginindza,female,Eswatini,12,11,18,69,6,0,1,0,0,0,1.64,26.09,7,112,5,199,10.66,39.8,2,0
,0894ec27,Y Verma,female,Oman,4,4,18,22,16,0,2,0,0,0,4.5,81.82,4,96,1,97,6.06,97.0,1,0
,9c2bb7da,Zheng Lili,female,China,9,7,18,40,9,0,1,0,0,0,2.57,45.0,7,130,1,99,4.57,99.0,1,0
,e1492aed,A Karmacharya,female,Nepal,21,10,17,44,6,2,0,0,0,0,2.12,38.64,20,293,18,226,4.63,12.56,5,1
,2e81be88,D Brown,female,Australia,41,5,17,19,8,4,2,0,0,0,17.0,89.47,41,774,34,857,6.64,25.21,3,0
,e2aeba08,I Seneviratne,female,United Arab Emirates,4,4,17,25,6,2,2,0,0,0,8.5,68.0,0,0,0,0,0.0,,0,0
,617a0b79,KP Navgire,female,India,4,4,17,19,10,1,2,0,0,0,5.67,89.47,0,0,0,0,0.0,,0,0
,87ac786c,L Chilia,female,Vanuatu,8,8,17,41,8,2,0,0,0,0,2.83,41.46,0,0,0,0,0.0,,0,0
,78670115,L Jie,female,China,9,4,17,31,14,3,0,0,0,0,17.0,54.84,9,203,9,119,3.52,13.22,3,0
,e6a893a1,M Ndipo,female,Malawi,5,5,17,40,8,0,0,0,0,0,3.4,42.5,0,0,0,0,0.0,,0,0
,79b4af2d,M Shiraishi,female,Japan,5,5,17,57,7,0,1,0,0,0,3.4,29.82,0,0,0,0,0.0,,0,0
,cebc1351,M Tom,female,Papua New Guinea,38,5,17,12,6,3,2,0,0,0,8.5,141.67,38,686,29,597,5.22,20.59,4,0
,75ae53e0,M Trajkovic,female,Serbia,4,2,17,30,14,1,1,0,0,0,17.0,56.67,4,72,8,71,5.92,8.88,3,0
,40d37689,N Tanwar,female,India,1,1,17,30,17,0,1,0,0,0,17.0,56.67,0,0,0,0,0.0,,0,0
,385eac52,O Bell,female,Scotland,24,7,17,42,5,4,1,0,0,0,5.67,40.48,24,420,27,432,6.17,16.0,5,1
,2e287171,P Raghunath,female,Gibraltar,7,5,17,45,11,3,0,0,0,0,8.5,37.78,3,30,1,28,5.6,28.0,1,0
,bc11f3a3,S Malwatta,female,Italy,8,8,17,40,7,2,1,0,0,0,2.83,42.5,3,27,3,28,6.22,9.33,2,0
,76bda023,SR Thadani,female,United States of America,19,5,17,35,10,3,1,0,0,0,8.5,48.57,18,259,12,250,5.79,20.83,2,0
,2beae660,T Granger,female,Zimbabwe,6,1,17,14,17,1,2,0,0,0,,121.43,5,96,9,44,2.75,4.89,3,0
,93fe473e,TMM Newton,female,New Zealand,6,5,17,26,14,1,1,0,0,0,4.25,65.38,3,54,2,49,5.44,24.5,2,0
,6e28e586,TS Sekhukhune,female,South Africa,40,7,17,33,4,4,1,0,0,0,5.67,51.52,40,732,45,933,7.65,20.73,3,0
,99aec976,A Scantlebury,female,Barbados,2,2,16,33,8,0,1,0,0,0,8.0,48.48,0,0,0,0,0.0,,0,0
,b26a30f9,C Bwanali,female,Malawi,18,12,16,71,5,3,0,0,0,0,1.78,22.54,12,152,8,134,5.29,16.75,2,0
,ef423744,CH Abeyratne,female,Singapore,11,11,16,52,5,3,1,0,0,0,2.0,30.77,4,60,1,85,8.5,85.0,1,0
,83b7280e,D Marikova-Moodley,female,Czech Republic,12,4,16,34,11,1,1,0,0,0,5.33,47.06,12,202,13,202,6.0,15.54,3,0
,f4ee7807,DL Mejia,female,Mexico,3,3,16,20,12,0,1,0,0,0,5.33,80.0,0,0,0,0,0.0,,0,0
,c4480b25,Damini Ramesh,female,Singapore,14,8,16,44,3,2,0,0,0,0,2.67,36.36,13,196,7,177,5.42,25.29,2,0
,1416256f,Fatima Abbas,female,Saudi Arabia,2,2,16,38,16,0,1,0,0,0,8.0,42.11,0,0,0,0,0.0,,0,0
,c569a574,G Ford,female,Isle of Man,8,5,16,40,7,1,1,0,0,0,4.0,40.0,8,129,3,136,6.33,45.33,2,0
,7ddce42e,H Okcu,female,Turkey,4,4,16,47,12,1,0,0,0,0,5.33,34.04,0,0,0,0,0.0,,0,0
,14bc5d2d,Hadia Siddiqui,female,Austria,11,8,16,52,8,1,0,0,0,0,2.29,30.77,8,120,4,135,6.75,33.75,2,0
,3cd5ae89,J Kgang,female,Botswana,6,5,16,47,6,2,0,0,0,0,5.33,34.04,4,53,3,40,4.53,13.33,3,0
,58593620,KS Ahuja,female,India,2,2,16,14,15,1,1,0,0,0,16.0,114.29,1,6,0,12,12.0,,0,0
,fe8d366a,Kang Choi,female,South Korea,2,2,16,34,14,0,0,0,0,0,8.0,47.06,0,0,0,0,0.0,,0,0
,024e0635,M Modise,female,Botswana,4,3,16,27,12,1,2,0,0,0,8.0,59.26,2,12,0,17,8.5,,0,0
,2967df25,M Patel,female,Canada,2,2,16,41,12,0,2,0,0,0,8.0,39.02,0,0,0,0,0.0,,0,0
,38424a4d,M Ribeiro,female,Brazil,36,10,16,60,4,1,0,0,0,0,1.78,26.67,34,640,44,508,4.76,11.55,5,1
,26eb73f9,MS Beresford,female,Germany,25,8,16,49,5,3,1,0,0,0,3.2,32.65,23,369,19,385,6.26,20.26,3,0
,43fe74b1,R Chanda,female,Zambia,5,5,16,38,5,0,3,0,0,0,3.2,42.11,3,48,0,82,10.25,,0,0
,050492b0,R Dhar,female,India,5,2,16,14,12,1,1,0,0,0,16.0,114.29,5,91,4,123,8.11,30.75,3,0
,20c716e7,Shukhtara Rahman,female,Bangladesh,1,1,16,17,16,1,1,0,0,0,,94.12,1,24,1,18,4.5,18.0,1,0
,aaec928b,Snigdha Malhotra,female,Canada,6,4,16,36,12,0,0,0,0,0,4.0,44.44,6,114,10,76,4.0,7.6,3,0
,bc9bd4c6,T Kale,female,Qatar,8,8,16,43,6,2,0,0,0,0,2.67,37.21,0,0,0,0,0.0,,0,0
,73ff4720,U Iftikhar,female,United States of America,10,3,16,33,7,0,0,1,0,0,5.33,48.48,10,186,8,123,3.97,15.38,4,0
,d7d8f0ed,V Kai,female,France,3,3,16,40,8,1,1,0,0,0,8.0,40.0,3,54,0,56,6.22,,0,0
,8b002990,V Pasupathy,female,Singapore,3,3,16,46,10,0,1,0,0,0,5.33,34.78,0,0,0,0,0.0,,0,0
,57a7b064,A Chopra,female,India,1,1,15,24,15,0,1,0,0,0,15.0,62.5,0,0,0,0,0.0,,0,0
,de1c0045,A Griffin,female,Vanuatu,6,6,15,37,7,1,0,0,0,0,3.0,40.54,0,0,0,0,0.0,,0,0
,5bfdbfcc,Ankita Mehta,female,Belgium,3,3,15,16,7,2,2,0,0,0,15.0,93.75,3,34,0,63,11.12,,0,0
,4eebb3e5,CC van Slobbe,female,Netherlands,5,5,15,22,6,3,1,0,0,0,7.5,68.18,5,99,5,84,5.09,16.8,2,0
,7a6ce3c9,D Dlamini,female,Eswatini,8,8,15,38,6,0,1,0,0,0,1.88,39.47,3,54,1,73,8.11,73.0,1,0
,c4f42529,D Murphy,female,Isle of Man,10,2,15,13,9,0,2,0,0,0,7.5,115.38,10,112,3,121,6.48,40.33,1,0
,bfb9e4c6,DA Sasrikayoni,female,Indonesia,1,1,15,26,15,1,0,0,0,0,,57.69,0,0,0,0,0.0,,0,0
,6153ce0d,E Prokic,female,Serbia,15,8,15,60,5,4,0,0,0,0,3.75,25.0,15,220,9,293,7.99,32.56,2,0
,5e181be6,H Chamto,female,Sweden,16,8,15,31,6,2,0,0,0,0,2.5,48.39,14,234,4,198,5.08,49.5,1,0
,8d6b36e3,HR Huddleston,female,New Zealand,11,2,15,26,10,0,1,0,0,0,7.5,57.69,11,204,11,194,5.71,17.64,2,0
,26a8b2fe,Hassan Nawaz,female,Singapore,1,1,15,24,15,0,1,0,0,0,15.0,62.5,0,0,0,0,0.0,,0,0
,c3e3d7e7,Hyejin Park,female,South Korea,4,4,15,32,13,0,2,0,0,0,3.75,46.88,4,36,2,42,7.0,21.0,2,0
,6760153a,IL Parks,female,Costa Rica,3,3,15,31,8,3,1,0,0,0,,48.39,1,6,1,8,8.0,8.0,1,0
,a336b0fe,J Gray,female,Ireland,4,4,15,26,6,0,0,0,0,0,3.75,57.69,0,0,0,0,0.0,,0,0
,c7fcc20b,L Jones,female,South Africa,4,1,15,20,15,0,2,0,0,0,15.0,75.0,4,72,4,45,3.75,11.25,2,0
,bcbb22dc,L Mamba,female,Eswatini,13,12,15,93,5,8,0,0,0,0,3.75,16.13,13,257,5,294,6.86,58.8,1,0
,320d39c0,L Wesley,female,Malawi,7,5,15,46,6,1,1,0,0,0,3.75,32.61,4,28,3,48,10.29,16.0,1,0
,8e0043dd,M Ahono,female,Kenya,3,3,15,33,9,0,1,0,0,0,5.0,45.45,1,6,0,13,13.0,,0,0
,15f570b6,M Alugunoolla,female,Sweden,3,3,15,46,9,0,2,0,0,0,5.0,32.61,0,0,0,0,0.0,,0,0
,16443d2f,M Daniels,female,South Africa,31,8,15,30,8,6,0,0,0,0,7.5,50.0,31,627,21,532,5.09,25.33,3,0
,88bcd8da,MFD Douma,female,Cameroon,11,8,15,37,9,1,1,0,0,0,2.14,40.54,11,210,10,153,4.37,15.3,3,0
,aa05263e,Mansi Parmar,female,Czech Republic,3,3,15,24,14,0,0,0,0,0,5.0,62.5,2,28,1,34,7.29,34.0,1,0
,a8ac7250,N De Bromhead,female,Malta,4,4,15,58,7,0,0,0,0,0,3.75,25.86,3,66,0,69,6.27,,0,0
,b29923b6,N Patron Fuentes,female,Argentina,6,6,15,35,6,1,0,0,0,0,3.0,42.86,0,0,0,0,0.0,,0,0
,583ce32c,N Shree Charani,female,India,28,5,15,15,7,3,0,1,0,0,7.5,100.0,28,625,49,715,6.86,14.59,4,0
,2641de7a,N Vichara,female,Cambodia,3,3,15,17,12,0,2,0,0,0,5.0,88.24,1,12,0,20,10.0,,0,0
,c67fc85a,P Jain,female,United Arab Emirates,7,7,15,30,5,1,0,0,0,0,2.5,50.0,0,0,0,0,0.0,,0,0
,9fcaeb60,Pan Ei Phyu,female,Myanmar,17,4,15,30,11,2,2,0,0,0,7.5,50.0,15,208,9,180,5.19,20.0,4,0
,95fdfe7e,R Limema,female,Lesotho,20,15,15,88,4,6,0,0,0,0,1.67,17.05,15,274,13,346,7.58,26.62,3,0
,fc2b858f,Rongyu Zhao,female,China,2,2,15,24,12,0,1,0,0,0,7.5,62.5,0,0,0,0,0.0,,0,0
,3faa312e,S Hector,female,West Indies,7,3,15,19,7,1,2,0,0,0,7.5,78.95,6,78,5,114,8.77,22.8,2,0
,d3a9aadd,S Lackay,female,South Africa,2,2,15,19,11,1,0,0,0,0,15.0,78.95,1,24,2,59,14.75,29.5,2,0
,4b2c06eb,S Prakash,female,Bahrain,8,8,15,70,6,3,1,0,0,0,3.0,21.43,0,0,0,0,0.0,,0,0
,ad135bde,SAN Maypriani,female,Indonesia,35,12,15,46,3,5,0,0,0,0,2.14,32.61,35,680,36,446,3.94,12.39,4,0
,b93b7337,A Akurut,female,Uganda,9,6,14,26,10,2,0,1,0,0,3.5,53.85,7,127,8,105,4.96,13.12,2,0
,edbc9441,A Meyenborg,female,Germany,20,9,14,54,5,4,0,0,0,0,2.8,25.93,20,370,18,361,5.85,20.06,3,0
,36c0228f,AK Bangura,female,Sierra Leone,12,6,14,71,7,1,0,0,0,0,2.8,19.72,12,143,6,181,7.59,30.17,2,0
,5da2b8f1,ASCLD Faria,female,Portugal,4,2,14,13,12,0,1,0,0,0,7.0,107.69,2,24,0,35,8.75,,0,0
,4412ede5,CC Dalton,female,Ireland,4,4,14,35,5,0,1,0,0,0,3.5,40.0,0,0,0,0,0.0,,0,0
,7e6a3f17,CJ Dias,female,Kuwait,14,7,14,31,5,6,1,0,0,0,14.0,45.16,14,245,11,205,5.02,18.64,2,0
,efbd6d65,DM Kavinisseri,female,Qatar,1,1,14,10,14,1,2,0,0,0,,140.0,1,18,0,21,7.0,,0,0
,e01e17ee,E Gouge,female,Jersey,14,7,14,31,3,3,0,0,0,0,3.5,45.16,14,220,8,195,5.32,24.38,3,0
,f65e75df,Farhat Afroz,female,Denmark,4,4,14,19,13,0,0,0,0,0,3.5,73.68,0,0,0,0,0.0,,0,0
,7fa1e4a2,Hafsaa Abdhulla,female,Maldives,6,6,14,37,8,1,3,0,0,0,2.8,37.84,0,0,0,0,0.0,,0,0
,2f37396f,I Muhawenimana,female,Rwanda,26,6,14,21,7,3,1,0,0,0,4.67,66.67,25,426,14,364,5.13,26.0,4,0
,57bdbc16,IR James,female,New Zealand,1,1,14,9,14,0,2,0,0,0,14.0,155.56,0,0,0,0,0.0,,0,0
,80f6c181,J Evans,female,South Africa,1,1,14,26,14,0,0,0,0,0,14.0,53.85,1,12,0,5,2.5,,0,0
,3cd543df,K Eftimova,female,Bulgaria,2,2,14,26,12,1,0,0,0,0,14.0,53.85,0,0,0,0,0.0,,0,0
,4f252971,K Marinkova,female,Bulgaria,3,3,14,38,10,1,1,0,0,0,7.0,36.84,0,0,0,0,0.0,,0,0
,1c19e5eb,L Martin,female,Finland,6,4,14,38,6,1,0,0,0,0,4.67,36.84,4,88,2,94,6.41,47.0,1,0
,0d0d3eeb,L Rajadurai,female,Papua New Guinea,3,3,14,24,6,1,1,0,0,0,7.0,58.33,0,0,0,0,0.0,,0,0
,f0a0ed1d,L Shetty,female,United States of America,10,3,14,29,14,1,2,0,0,0,7.0,48.28,10,150,10,171,6.84,17.1,4,0
,ecbcfef6,M Madara,female,Sri Lanka,14,5,14,28,5,4,0,0,0,0,14.0,50.0,14,256,12,311,7.29,25.92,3,0
,e3660d2a,M Ochieng,female,Kenya,9,5,14,13,12,1,1,1,0,0,3.5,107.69,9,180,8,131,4.37,16.38,3,0
,e7cae029,M Stolt,female,Finland,5,5,14,34,5,0,0,0,0,0,2.8,41.18,0,0,0,0,0.0,,0,0
,418787e5,MP Kulkarni,female,United Arab Emirates,4,4,14,25,9,2,0,0,0,0,7.0,56.0,0,0,0,0,0.0,,0,0
,4705e4b1,Mahewish Khan,female,Canada,2,2,14,15,8,0,1,0,0,0,7.0,93.33,2,42,3,31,4.43,10.33,2,0
,6e60d58c,Mia Arda,female,Indonesia,5,5,14,37,6,0,1,0,0,0,2.8,37.84,0,0,0,0,0.0,,0,0
,6fa7dcd8,NK Crafton,female,West Indies,3,3,14,24,9,0,2,0,0,0,4.67,58.33,1,6,0,2,2.0,,0,0
,a38669ba,NKD Murtiari,female,Indonesia,5,2,14,22,13,2,0,0,0,0,,63.64,5,96,7,16,1.0,2.29,2,0
,bb1fcd51,P Agrawal,female,Norway,11,8,14,40,6,4,0,0,0,0,3.5,35.0,11,252,14,202,4.81,14.43,3,0
,d0bb40b8,Poonam Yadav,female,India,57,10,14,23,4,5,0,0,0,0,2.8,60.87,57,1248,71,1210,5.82,17.04,4,0
,f92ae29a,R Searle,female,South Africa,1,1,14,15,14,0,0,1,0,0,14.0,93.33,0,0,0,0,0.0,,0,0
,4fc3eddf,S Dzimau,female,Malawi,2,2,14,28,10,0,1,0,0,0,7.0,50.0,2,7,0,11,9.43,,0,0
,d91a936b,S Kizito,female,Tanzania,24,9,14,47,6,2,1,0,0,0,2.0,29.79,24,434,9,390,5.39,43.33,2,0
,d852095e,S Samuels,female,Cook Islands,10,6,14,53,7,2,1,0,0,0,3.5,26.42,9,127,2,153,7.23,76.5,1,0
,59decd79,SM Arooja,female,Malta,6,6,14,40,8,0,0,0,0,0,2.33,35.0,0,0,0,0,0.0,,0,0
,b76fd014,Shaila Sharmin,female,Bangladesh,5,4,14,27,6,0,0,0,0,0,3.5,51.85,3,42,2,45,6.43,22.5,2,0
,60c76b34,Sinae Kim,female,South Korea,3,3,14,48,13,0,2,0,0,0,4.67,29.17,0,0,0,0,0.0,,0,0
,d4f0c300,Sumaiya Siddiqi,female,Pakistan,10,3,14,12,9,1,1,1,0,0,7.0,116.67,10,186,8,153,4.94,19.12,2,0
,cd3a34f9,T Banda,female,Zambia,4,4,14,56,8,0,2,0,0,0,3.5,25.0,0,0,0,0,0.0,,0,0
,1acf530e,T Martic,female,Serbia,4,4,14,30,10,0,0,0,0,0,3.5,46.67,0,0,0,0,0.0,,0,0
,611298bd,V Tafea,female,Samoa,4,4,14,23,6,2,1,0,0,0,7.0,60.87,4,42,0,60,8.57,,0,0
,8e4664a4,W Ofamoli,female,Fiji,3,3,14,34,12,0,1,0,0,0,4.67,41.18,0,0,0,0,0.0,,0,0
,e2619bcc,Z Akpinar,female,Turkey,2,2,14,11,9,0,3,0,0,0,7.0,127.27,0,0,0,0,0.0,,0,0
,3498a188,A Littlejohns,female,Isle of Man,3,3,13,15,12,0,2,0,0,0,4.33,86.67,0,0,0,0,0.0,,0,0
,da994dd7,A Prince,female,Argentina,8,7,13,43,8,1,0,0,0,0,2.17,30.23,4,54,2,43,4.78,21.5,1,0
,0ead3a98,AEMP Durayalage,female,Romania,3,3,13,32,9,0,1,0,0,0,4.33,40.62,1,24,1,28,7.0,28.0,1,0
,be47cb63,Al Maseera Jahangir,female,United Arab Emirates,6,4,13,20,5,0,1,0,0,0,3.25,65.0,4,43,2,19,2.65,9.5,1,0
,b619f825,D Bhaskara,female,Bahrain,5,5,13,53,9,2,1,0,0,0,4.33,24.53,4,50,1,70,8.4,70.0,1,0
,c7859708,E Bogdanova,female,Sweden,5,5,13,20,11,0,1,0,0,0,2.6,65.0,0,0,0,0,0.0,,0,0
,39f01c3d,F Qian,female,China,5,5,13,34,7,2,0,0,0,0,4.33,38.24,0,0,0,0,0.0,,0,0
,a51e7c73,G Urjindulam,female,Mongolia,13,13,13,78,6,1,1,0,0,0,1.08,16.67,2,12,0,29,14.5,,0,0
,17751f98,H Eulenkamp,female,Guernsey,3,3,13,29,11,0,0,0,0,0,4.33,44.83,2,48,3,69,8.62,23.0,3,0
,ec1c4b4d,HAM Samuddika,female,Sri Lanka,14,6,13,19,9,2,1,0,0,0,3.25,68.42,14,288,12,300,6.25,25.0,3,0
,b2cd0f90,II Mabunda,female,Mozambique,3,3,13,17,11,0,1,0,0,0,4.33,76.47,0,0,0,0,0.0,,0,0
,c270299f,IS Mananelage,female,United Arab Emirates,2,2,13,18,7,1,0,0,0,0,13.0,72.22,1,6,0,8,8.0,,0,0
,f7ae66f3,KV Mehta,female,Kenya,5,4,13,28,8,0,2,0,0,0,3.25,46.43,1,12,0,13,6.5,,0,0
,8ea1f4c4,L Holmgaard,female,Denmark,7,3,13,18,7,1,1,0,0,0,6.5,72.22,5,72,4,65,5.42,16.25,2,0
,7952fe28,M Chabula,female,Zambia,7,6,13,96,9,1,1,0,0,0,2.6,13.54,7,136,6,148,6.53,24.67,1,0
,4cfe9bac,M Gill,female,Canada,2,2,13,16,9,1,2,0,0,0,13.0,81.25,2,24,1,15,3.75,15.0,1,0
,fc32e121,M Mokoatsela,female,Lesotho,7,7,13,35,9,0,2,0,0,0,1.86,37.14,0,0,0,0,0.0,,0,0
,4ccbcd2f,M Ortiz,female,Mexico,3,3,13,50,8,0,1,0,0,0,4.33,26.0,3,66,4,49,4.45,12.25,2,0
,7cfb9b67,M Sheriff,female,Sierra Leone,5,5,13,18,6,1,1,0,0,0,3.25,72.22,3,42,1,34,4.86,34.0,1,0
,e2410b5e,MJG Nielsen,female,New Zealand,17,4,13,11,8,3,1,0,0,0,13.0,118.18,17,342,12,253,4.44,21.08,2,0
,22cbe7fb,Malyun Hassan,female,Finland,5,3,13,39,11,1,0,0,0,0,6.5,33.33,5,63,5,46,4.38,9.2,2,0
,a50797a4,Marufa Akter,female,Bangladesh,48,12,13,30,4,6,0,0,0,0,2.17,43.33,48,901,43,951,6.33,22.12,3,0
,61b60bb3,N Chaihan,female,Thailand,7,7,13,32,6,2,0,0,0,0,2.6,40.62,0,0,0,0,0.0,,0,0
,621c0753,N Ihmeling,female,France,2,2,13,34,13,0,0,0,0,0,6.5,38.24,1,12,0,11,5.5,,0,0
,a413b433,PKM Mahawattage,female,France,10,4,13,30,5,3,0,0,0,0,13.0,43.33,10,178,6,166,5.6,27.67,3,0
,b79932e1,Prajna Jagdeesha,female,Bahrain,8,6,13,25,12,2,1,0,0,0,3.25,52.0,3,30,1,36,7.2,36.0,1,0
,5d90eb77,R Rohmalia,female,Indonesia,2,1,13,15,13,0,1,0,0,0,13.0,86.67,2,38,7,9,1.42,1.29,7,1
,7298db76,Renuka Singh,female,India,64,8,13,15,4,5,1,0,0,0,4.33,86.67,64,1422,70,1575,6.65,22.5,5,1
,f802485d,Rida Syeda,female,Saudi Arabia,5,5,13,48,9,0,0,0,0,0,2.6,27.08,3,48,0,120,15.0,,0,0
,dccab4f3,Rithika Rajith,female,United Arab Emirates,5,3,13,14,6,1,0,0,0,0,6.5,92.86,2,24,0,27,6.75,,0,0
,d409b68f,Rithika Sriram,female,Zambia,4,4,13,44,10,1,0,0,0,0,4.33,29.55,3,66,2,72,6.55,36.0,1,0
,cf92d76b,S Akiteng,female,Uganda,57,10,13,25,4,4,1,0,0,0,2.17,52.0,57,1255,57,996,4.76,17.47,5,1
,41b8a051,S Mannan,female,Germany,2,2,13,26,9,0,1,0,0,0,6.5,50.0,0,0,0,0,0.0,,0,0
,dcc7a7a9,S Ramautar,female,United States of America,5,4,13,41,5,2,1,0,0,0,6.5,31.71,5,84,3,74,5.29,24.67,2,0
,040f11e8,V Araa,female,Papua New Guinea,26,4,13,26,7,2,0,0,0,0,6.5,50.0,26,402,21,360,5.37,17.14,3,0
,550373ea,WGAKK Kulasuriya,female,Sri Lanka,36,10,13,35,6,7,0,0,0,0,4.33,37.14,35,542,18,632,7.0,35.11,2,0
,f1d76e6f,Xiuli Jin,female,China,4,3,13,32,7,0,0,0,0,0,4.33,40.62,3,54,7,36,4.0,5.14,5,1
,c6635f86,Zeel Patel,female,Canada,6,6,13,42,7,2,0,0,0,0,3.25,30.95,0,0,0,0,0.0,,0,0
,2af2427a,A Tomar,female,Singapore,5,5,12,39,7,0,0,0,0,0,2.4,30.77,0,0,0,0,0.0,,0,0
,9ca533cc,ATS Silva,female,United Arab Emirates,17,5,12,26,6,1,1,0,0,0,3.0,46.15,15,186,11,166,5.35,15.09,4,0
,06cfea59,BO Shastri,female,United States of America,3,3,12,25,6,1,0,0,0,0,6.0,48.0,0,0,0,0,0.0,,0,0
,9cfee623,C Cirlig,female,Romania,6,3,12,34,8,0,1,0,0,0,4.0,35.29,4,56,2,76,8.14,38.0,1,0
,c2c12f2a,D Golechha,female,Denmark,17,6,12,25,4,3,0,0,0,0,4.0,48.0,17,380,17,247,3.9,14.53,3,0
,95c5ce07,E Kusuda-Nairn,female,Japan,15,4,12,31,10,1,0,0,0,0,4.0,38.71,15,247,7,236,5.73,33.71,2,0
,3959c505,E Ungerman,female,Singapore,16,7,12,23,4,4,2,0,0,0,4.0,52.17,15,222,13,219,5.92,16.85,4,0
,6df697a9,FC Jonas,female,New Zealand,38,6,12,34,4,5,0,0,0,0,12.0,35.29,38,761,30,756,5.96,25.2,4,0
,2a5ed897,G Kamalini,female,India,1,1,12,12,12,0,2,0,0,0,12.0,100.0,0,0,0,0,0.0,,0,0
,8bbfc744,HA Daluwatta,female,Italy,8,5,12,16,6,2,1,1,0,0,4.0,75.0,6,37,1,70,11.35,70.0,1,0
,6795e49f,Hamza Niyaz,female,Maldives,4,4,12,29,9,0,2,0,0,0,3.0,41.38,0,0,0,0,0.0,,0,0
,42095275,I Edwards,female,Germany,19,7,12,38,5,5,0,0,0,0,6.0,31.58,19,357,17,374,6.29,22.0,3,0
,255508f7,I Zigante,female,Croatia,1,1,12,24,12,1,1,0,0,0,,50.0,0,0,0,0,0.0,,0,0
,802febe2,J Hicks,female,Isle of Man,18,7,12,43,9,3,0,0,0,0,3.0,27.91,16,325,23,245,4.52,10.65,5,2
,8c8a3ac6,JA Miranda,female,Chile,3,3,12,19,7,0,1,0,0,0,4.0,63.16,3,42,1,66,9.43,66.0,1,0
,3a743619,JT Pooranakaran,female,Singapore,9,6,12,41,8,3,0,0,0,0,4.0,29.27,5,60,1,119,11.9,119.0,1,0
,df9cdebf,M Gaur,female,United Arab Emirates,21,5,12,13,6,1,0,0,0,0,3.0,92.31,21,432,11,400,5.56,36.36,3,0
,ba69926f,M Holmes,female,Switzerland,4,3,12,21,9,2,0,0,0,0,12.0,57.14,3,36,1,37,6.17,37.0,1,0
,213dc641,M Hundal,female,Canada,17,6,12,32,4,2,0,0,0,0,3.0,37.5,16,260,19,245,5.65,12.89,3,0
,210aa845,M Mohasane,female,Lesotho,4,4,12,21,6,1,1,0,0,0,4.0,57.14,0,0,0,0,0.0,,0,0
,dcff5376,M Vua,female,Fiji,3,3,12,32,5,0,1,0,0,0,4.0,37.5,3,54,1,45,5.0,45.0,1,0
,0246f4c3,Maheen Aamir,female,Saudi Arabia,2,2,12,43,8,0,1,0,0,0,6.0,27.91,0,0,0,0,0.0,,0,0
,2b7c2d50,Mahnoor Akram,female,Norway,3,3,12,23,8,0,0,0,0,0,4.0,52.17,0,0,0,0,0.0,,0,0
,98c5ffef,N Gallagher,female,Canada,2,2,12,22,7,1,1,0,0,0,12.0,54.55,0,0,0,0,0.0,,0,0
,b835874f,N Thekiso,female,Lesotho,6,6,12,44,5,0,0,0,0,0,2.0,27.27,0,0,0,0,0.0,,0,0
,7260e1e9,NC Dodd,female,New Zealand,3,3,12,12,8,1,2,0,0,0,6.0,100.0,0,0,0,0,0.0,,0,0
,12a2157e,Nanthita Boonsukham,female,Thailand,6,3,12,10,12,2,2,0,0,0,12.0,120.0,5,60,2,69,6.9,34.5,1,0
,80d9e011,O Essiz,female,Turkey,4,4,12,24,5,0,1,0,0,0,3.0,50.0,0,0,0,0,0.0,,0,0
,5145239b,O Keitsemang,female,Botswana,18,8,12,40,9,1,1,0,0,0,1.71,30.0,15,220,11,262,7.15,23.82,3,0
,88ea490f,R Achando,female,Kenya,2,2,12,17,11,2,1,0,0,0,,70.59,0,0,0,0,0.0,,0,0
,a42406e2,R Bowley,female,Jersey,5,5,12,22,5,0,0,0,0,0,2.4,54.55,0,0,0,0,0.0,,0,0
,d1504c13,SA Akenji,female,Cameroon,8,5,12,34,8,1,1,0,0,0,3.0,35.29,7,125,6,138,6.62,23.0,2,0
,3cfbddce,Sadia Yousuf,female,Pakistan,31,10,12,40,3,2,0,0,0,0,1.5,30.0,31,658,34,686,6.26,20.18,4,0
,330c8351,TW Hamid,female,Indonesia,1,1,12,5,12,1,2,0,0,0,,240.0,1,3,2,1,2.0,0.5,2,0
,6f3002a0,Y Wangmo,female,Bhutan,3,3,12,12,7,2,0,0,0,0,12.0,100.0,0,0,0,0,0.0,,0,0
,779f6c19,YB Rodriguez,female,Chile,2,2,12,17,11,0,2,0,0,0,6.0,70.59,0,0,0,0,0.0,,0,0
,967806a5,Zinaida Jeremiah,female,Tanzania,7,2,12,24,8,1,1,0,0,0,12.0,50.0,7,126,10,110,5.24,11.0,4,0
,b6f61482,A Bose,female,Kuwait,5,5,11,39,4,1,1,0,0,0,2.75,28.21,0,0,0,0,0.0,,0,0
,f2026cc2,A Cheung,female,Hong Kong,2,2,11,16,7,0,1,0,0,0,5.5,68.75,2,42,1,53,7.57,53.0,1,0
,a35e3f07,A Joshi,female,Czech Republic,2,2,11,28,9,1,0,0,0,0,11.0,39.29,2,30,0,64,12.8,,0,0
,d2db7b61,AC Dei Castelli,female,Argentina,5,3,11,9,6,1,0,1,0,0,5.5,122.22,5,66,3,52,4.73,17.33,2,0
,0bb03efc,Ananya Sarma,female,Singapore,9,9,11,73,7,0,1,0,0,0,1.22,15.07,0,0,0,0,0.0,,0,0
,5581a471,Ashwini Govinda,female,Bahrain,8,8,11,87,3,5,0,0,0,0,3.67,12.64,0,0,0,0,0.0,,0,0
,eca08a1d,BG Armstrong,female,New Zealand,1,1,11,10,11,0,1,0,0,0,11.0,110.0,0,0,0,0,0.0,,0,0
,a83bd4c3,C Milner,female,Guernsey,1,1,11,26,11,0,0,0,0,0,11.0,42.31,1,24,0,40,10.0,,0,0
,6303c6b7,Chloe Dillon,female,Isle of Man,3,3,11,22,6,0,1,0,0,0,3.67,50.0,0,0,0,0,0.0,,0,0
,f1879052,G Morales,female,Mexico,3,2,11,27,7,0,1,0,0,0,5.5,40.74,3,60,3,42,4.2,14.0,2,0
,a3586afb,H Santhoshkumar,female,Canada,5,5,11,19,7,2,1,0,0,0,3.67,57.89,4,33,2,39,7.09,19.5,2,0
,59c770e7,Iqra Ishaq,female,Kuwait,3,3,11,44,6,1,0,0,0,0,5.5,25.0,0,0,0,0,0.0,,0,0
,24dacf72,J Erdenesuvd,female,Mongolia,10,8,11,98,4,0,0,0,0,0,1.38,11.22,8,150,1,182,7.28,182.0,1,0
,ea2a8710,L Mating,female,Lesotho,3,3,11,26,7,1,0,0,0,0,5.5,42.31,0,0,0,0,0.0,,0,0
,05e417e7,Meghana Lakayil,female,Germany,5,2,11,14,8,1,0,0,0,0,11.0,78.57,5,120,6,103,5.15,17.17,3,0
,46dff613,N Asuramanage,female,Italy,13,5,11,29,5,2,1,0,0,0,3.67,37.93,10,126,3,152,7.24,50.67,1,0
,756989cf,Naina Saju,female,Switzerland,15,4,11,20,6,1,0,0,0,0,3.67,55.0,15,252,15,248,5.9,16.53,4,0
,eb33378d,Nonoha Yasumoto,female,Japan,26,6,11,35,7,2,1,0,0,0,2.75,31.43,26,480,26,359,4.49,13.81,4,0
,3cc5cb54,Nur Qaireen,female,Malaysia,2,2,11,36,10,0,0,0,0,0,5.5,30.56,0,0,0,0,0.0,,0,0
,8c73dff5,Phoup Srey Pheak,female,Cambodia,7,7,11,53,5,0,1,0,0,0,1.57,20.75,7,115,6,112,5.84,18.67,1,0
,dc4f97bf,Prachi Kumari,female,Norway,15,9,11,29,4,3,0,0,0,0,1.83,37.93,13,204,9,219,6.44,24.33,4,0
,d68d2815,R Adotei,female,Ghana,2,2,11,10,10,0,1,0,0,0,5.5,110.0,2,42,0,61,8.71,,0,0
,bc6f4dac,R Chaudhary,female,Nepal,19,9,11,45,5,5,0,0,0,0,2.75,24.44,19,358,14,285,4.78,20.36,3,0
,5a6b2c1d,R Khasana,female,Lesotho,4,4,11,27,6,1,1,0,0,0,3.67,40.74,2,42,2,66,9.43,33.0,1,0
,d37581d9,Rabia Sahan,female,Turkey,4,4,11,41,7,2,0,0,0,0,5.5,26.83,2,24,1,23,5.75,23.0,1,0
,a6dd06d6,S Immadi,female,United States of America,21,6,11,43,3,2,0,0,0,0,2.75,25.58,21,420,9,365,5.21,40.56,2,0
,35836baf,S Linden,female,Sweden,2,2,11,16,7,0,0,0,0,0,5.5,68.75,1,12,0,23,11.5,,0,0
,13f7c5f4,S Tuhadeleni,female,Namibia,36,5,11,26,6,4,0,0,0,0,11.0,42.31,36,738,42,624,5.07,14.86,3,0
,5838cb64,SIP Fernando,female,Sri Lanka,39,9,11,19,2,5,0,0,0,0,2.75,57.89,39,722,40,731,6.07,18.27,4,0
,08320616,SK Naidu,female,India,3,1,11,27,11,0,0,0,0,0,11.0,40.74,3,49,2,41,5.02,20.5,2,0
,dec85af5,Silda Joy,female,Malta,4,4,11,31,7,0,0,0,0,0,2.75,35.48,4,90,8,58,3.87,7.25,3,0
,c0b1c995,Su Jin Kim,female,South Korea,3,3,11,33,8,0,1,0,0,0,3.67,33.33,0,0,0,0,0.0,,0,0
,bc44071a,T Abdulquadri,female,Nigeria,7,2,11,13,11,1,2,0,0,0,11.0,84.62,6,137,8,119,5.21,14.88,2,0
,b0576916,Zay Hua Tan,female,Singapore,6,6,11,39,7,0,0,0,0,0,1.83,28.21,0,0,0,0,0.0,,0,0
,f888a374,AK Maguire,female,Ireland,24,7,10,23,3,4,0,0,0,0,3.33,43.48,24,449,24,579,7.74,24.12,3,0
,9eaf6e16,Ashmal Hashmi,female,Saudi Arabia,9,9,10,43,4,1,1,0,0,0,1.25,23.26,5,90,0,152,10.13,,0,0
,81283f75,Ashwini Balaji,female,Germany,18,3,10,11,8,0,1,0,0,0,3.33,90.91,18,343,12,378,6.61,31.5,3,0
,39ca91e4,Asma Shifa,female,Estonia,7,7,10,39,5,3,0,0,0,0,2.5,25.64,0,0,0,0,0.0,,0,0
,aac26d39,Dunja Miskovic,female,Serbia,3,2,10,24,10,0,0,0,0,0,5.0,41.67,3,65,1,68,6.28,68.0,1,0
,4e2def5c,G Fernando,female,Bahrain,5,5,10,60,5,1,0,0,0,0,2.5,16.67,2,18,1,33,11.0,33.0,1,0
,87923c78,Haliam Kwon,female,South Korea,4,4,10,29,4,1,0,0,0,0,3.33,34.48,2,30,0,46,9.2,,0,0
,05d1964e,Hor Siv na,female,Cambodia,7,7,10,52,7,2,0,0,0,0,2.0,19.23,4,54,0,36,4.0,,0,0
,ce1e39da,J Cleetus,female,United Arab Emirates,5,5,10,22,5,3,0,0,0,0,5.0,45.45,0,0,0,0,0.0,,0,0
,18016785,JM Davies,female,Hong Kong,4,4,10,44,5,0,0,0,0,0,2.5,22.73,0,0,0,0,0.0,,0,0
,44368e16,JY Masaya,female,Philippines,4,4,10,44,6,1,0,0,0,0,3.33,22.73,0,0,0,0,0.0,,0,0
,5f8d4a63,K Damane,female,Lesotho,1,1,10,15,10,0,2,0,0,0,10.0,66.67,0,0,0,0,0.0,,0,0
,bc773c4a,KS Gautam,female,India,3,1,10,8,10,0,0,1,0,0,10.0,125.0,3,48,1,87,10.88,87.0,1,0
,71eb9780,MA Tsemane,female,Lesotho,10,10,10,56,3,2,0,0,0,0,1.25,17.86,8,138,2,178,7.74,89.0,1,0
,f34183e5,MCR Mohedano,female,Mexico,2,2,10,32,5,0,1,0,0,0,5.0,31.25,0,0,0,0,0.0,,0,0
,5ffee881,MI Shakim,female,Tanzania,3,3,10,6,6,1,2,0,0,0,5.0,166.67,3,48,2,40,5.0,20.0,1,0
,436527cd,Malyun Yusuf,female,Sweden,7,3,10,10,5,2,1,0,0,0,10.0,100.0,6,102,6,83,4.88,13.83,3,0
,3829c5ea,P Ganeshan,female,Austria,4,4,10,43,6,0,0,0,0,0,2.5,23.26,0,0,0,0,0.0,,0,0
,368c7e10,Payal Kothar,female,Belgium,4,3,10,37,6,0,0,0,0,0,3.33,27.03,4,60,4,80,8.0,20.0,2,0
,ff5051bd,Pooja Kumari,female,Norway,2,2,10,34,10,0,1,0,0,0,5.0,29.41,2,48,4,27,3.38,6.75,3,0
,3861da30,R Merrien,female,Guernsey,3,3,10,14,8,0,0,0,0,0,3.33,71.43,0,0,0,0,0.0,,0,0
,88bba252,R Ova,female,Vanuatu,17,7,10,17,6,1,0,0,0,0,1.67,58.82,16,302,19,213,4.23,11.21,5,1
,065c35fc,Roopa Nagraj,female,United Arab Emirates,3,2,10,18,10,0,1,0,0,0,5.0,55.56,2,30,1,26,5.2,26.0,1,0
,09d1cf95,S Divya,female,Switzerland,5,5,10,23,6,2,1,0,0,0,3.33,43.48,0,0,0,0,0.0,,0,0
,ce192a4c,S Iushchenko,female,Malta,3,3,10,39,6,1,1,0,0,0,5.0,25.64,0,0,0,0,0.0,,0,0
,e96b8df7,SD Bahadur,female,India,6,1,10,6,10,0,2,0,0,0,10.0,166.67,6,90,1,126,8.4,126.0,1,0
,eb96bc06,SM Don,female,Malta,4,4,10,38,6,0,0,0,0,0,2.5,26.32,2,24,2,23,5.75,11.5,1,0
,33d65ab4,SY Win,female,Myanmar,19,4,10,30,10,2,0,0,0,0,5.0,33.33,17,270,19,217,4.82,11.42,4,0
,5eb15c19,Sanah Abbas,female,Luxembourg,2,2,10,37,5,0,0,0,0,0,5.0,27.03,0,0,0,0,0.0,,0,0
,55f13cf4,Susan George,female,Malta,4,4,10,45,7,1,0,0,0,0,3.33,22.22,3,42,1,43,6.14,43.0,1,0
,5b329799,T Piakura,female,Cook Islands,1,1,10,10,10,0,2,0,0,0,10.0,100.0,1,3,0,9,18.0,,0,0
,b0032f26,V Mwansa,female,Zambia,4,4,10,94,8,1,0,0,0,0,3.33,10.64,0,0,0,0,0.0,,0,0
,e06506f1,V Volfova,female,Czech Republic,4,4,10,28,8,1,1,0,0,0,3.33,35.71,0,0,0,0,0.0,,0,0
,9b3bcca4,A Wellington,female,Australia,8,2,9,10,8,1,1,0,0,0,9.0,90.0,8,120,10,112,5.6,11.2,4,0
,9b52731d,Amaya Rajapaksha,female,Italy,6,3,9,21,8,1,1,0,0,0,4.5,42.86,6,66,1,80,7.27,80.0,1,0
,3cf0ab34,Attia Diwan Ali,female,Belgium,11,6,9,24,5,0,1,0,0,0,1.5,37.5,9,168,4,245,8.75,61.25,1,0
,857c13f8,C Mangulama,female,Malawi,5,5,9,28,3,1,0,0,0,0,2.25,32.14,0,0,0,0,0.0,,0,0
,907e5f6c,C Pavely,female,England,2,2,9,8,8,0,1,0,0,0,4.5,112.5,2,48,3,53,6.62,17.67,3,0
,158a7d41,CJ Ana,female,Romania,3,3,9,22,8,0,1,0,0,0,3.0,40.91,3,54,1,62,6.89,62.0,1,0
,6e6c769e,E Miller,female,Isle of Man,1,1,9,6,9,0,2,0,0,0,9.0,150.0,0,0,0,0,0.0,,0,0
,fa6e2cb3,FA Sargent,female,Ireland,16,1,9,10,9,0,0,0,0,0,9.0,90.0,16,341,14,371,6.53,26.5,3,0
,09bea436,H Sawaneh,female,Sierra Leone,5,3,9,14,5,0,1,0,0,0,3.0,64.29,3,42,1,42,6.0,42.0,1,0
,7027d12f,HRA Rainey,female,Scotland,37,9,9,35,5,4,0,0,0,0,1.8,25.71,36,558,23,535,5.75,23.26,3,0
,5aa8574b,I van der Woning,female,Netherlands,32,7,9,14,5,3,0,0,0,0,2.25,64.29,32,427,20,548,7.7,27.4,4,0
,7e7d2fe5,J Nyirankundineza,female,Rwanda,22,5,9,15,5,4,1,0,0,0,9.0,60.0,22,406,19,348,5.14,18.32,3,0
,94ca2e62,K Suwanchonrathi,female,Thailand,1,1,9,8,9,1,1,0,0,0,,112.5,1,12,1,12,6.0,12.0,1,0
,cffeef53,L Anyait,female,Uganda,14,8,9,19,4,4,0,0,0,0,2.25,47.37,14,307,12,200,3.91,16.67,3,0
,53c738ac,L Klokgieters,female,Netherlands,4,2,9,16,8,0,1,0,0,0,4.5,56.25,4,66,3,93,8.45,31.0,3,0
,460fbb80,Lydia Katsimari,female,Greece,3,3,9,17,4,1,0,0,0,0,4.5,52.94,2,18,1,30,10.0,30.0,1,0
,5f45a88b,M Enkhzul,female,Mongolia,10,8,9,33,3,2,0,0,0,0,1.5,27.27,9,156,8,199,7.65,24.88,4,0
,70a9f746,Mariam Hasan,female,Pakistan,2,2,9,12,8,1,0,0,0,0,9.0,75.0,2,42,4,23,3.29,5.75,2,0
,d6ec9f9f,N Jagadish,female,Oman,5,4,9,27,6,2,1,0,0,0,4.5,33.33,5,84,2,79,5.64,39.5,2,0
,1bc685ee,N Kakor,female,Vanuatu,10,4,9,11,5,3,1,0,0,0,9.0,81.82,9,132,5,151,6.86,30.2,1,0
,f99b9970,N Mamba,female,Eswatini,10,9,9,37,4,0,0,0,0,0,1.0,24.32,9,102,2,122,7.18,61.0,2,0
,d381938d,N Toleva,female,Bulgaria,11,9,9,81,3,3,0,0,0,0,1.5,11.11,10,77,1,153,11.92,153.0,1,0
,aa655cd5,Nilusha Waruwangodage,female,Cyprus,3,3,9,23,8,2,1,0,0,0,9.0,39.13,1,24,2,18,4.5,9.0,2,0
,4477b556,Ouen Sophy,female,Cambodia,4,4,9,68,7,0,1,0,0,0,2.25,13.24,0,0,0,0,0.0,,0,0
,34b8cd68,P Rawat,female,India,4,2,9,7,6,1,1,0,0,0,9.0,128.57,4,78,5,53,4.08,10.6,3,0
,8d887a02,PS Punia,female,India,3,3,9,17,4,0,1,0,0,0,3.0,52.94,0,0,0,0,0.0,,0,0
,68339baa,Purvi Kumari,female,Norway,3,2,9,25,7,2,0,0,0,0,,36.0,2,12,0,27,13.5,,0,0
,dc4535fe,S Kakai,female,Uganda,4,3,9,15,7,0,1,0,0,0,3.0,60.0,1,18,1,10,3.33,10.0,1,0
,3da7a16e,ST Eyyunni,female,United States of America,6,3,9,25,6,2,0,0,0,0,9.0,36.0,5,85,3,79,5.58,26.33,2,0
,ad580a96,Sangita Rai,female,Nepal,15,3,9,37,4,1,0,0,0,0,4.5,24.32,15,249,20,197,4.75,9.85,5,1
,a044506e,Suabika Manivannan,female,Malaysia,10,4,9,24,8,1,0,0,0,0,3.0,37.5,10,143,4,179,7.51,44.75,1,0
,b5223cb0,A Gunasekar,female,Oman,3,3,8,40,5,1,1,0,0,0,4.0,20.0,2,42,0,56,8.0,,0,0
,07c15419,AB Martinez,female,Costa Rica,4,3,8,56,5,0,1,0,0,0,2.67,14.29,3,49,0,58,7.1,,0,0
,f3614f32,AISD Kainoco,female,Fiji,4,4,8,13,6,1,1,0,0,0,2.67,61.54,2,24,1,36,9.0,36.0,1,0
,89b748cf,Abhilasha Singh,female,Sweden,2,2,8,21,7,0,1,0,0,0,4.0,38.1,0,0,0,0,0.0,,0,0
,b2000607,DG Bassey,female,Nigeria,1,1,8,11,8,0,1,0,0,0,8.0,72.73,0,0,0,0,0.0,,0,0
,f2eb0e99,E Brelivet,female,France,7,7,8,52,2,0,0,0,0,0,1.14,15.38,0,0,0,0,0.0,,0,0
,5be6b836,H Dhaliwal,female,Austria,5,5,8,38,4,0,0,0,0,0,1.6,21.05,0,0,0,0,0.0,,0,0
,d3a44255,HL Colvin,female,England,19,2,8,5,8,0,1,0,0,0,4.0,160.0,19,430,22,373,5.2,16.95,4,0
,fee59fd8,K Ivanova,female,Bulgaria,2,2,8,34,5,0,0,0,0,0,4.0,23.53,0,0,0,0,0.0,,0,0
,4eee57ca,K McKenna,female,Ireland,2,2,8,26,8,1,0,0,0,0,8.0,30.77,0,0,0,0,0.0,,0,0
,b955802a,KV Jain,female,India,2,2,8,14,8,1,0,0,0,0,8.0,57.14,0,0,0,0,0.0,,0,0
,31adb911,L Filer,female,England,12,4,8,15,4,1,0,0,0,0,2.67,53.33,12,246,8,312,7.61,39.0,2,0
,2b0deff9,L Qiao,female,Indonesia,17,3,8,10,8,1,1,0,0,0,4.0,80.0,16,324,21,186,3.44,8.86,4,0
,4c9f75f2,L Ufitinema,female,Rwanda,1,1,8,15,8,1,1,0,0,0,,53.33,0,0,0,0,0.0,,0,0
,ecbbebf1,LK Bennett,female,Netherlands,6,3,8,12,6,1,1,0,0,0,4.0,66.67,5,108,6,96,5.33,16.0,3,0
,cbce8ead,M Mohapi,female,Lesotho,1,1,8,8,8,0,0,0,0,0,8.0,100.0,0,0,0,0,0.0,,0,0
,026b815f,MJ Tumukunde,female,Rwanda,7,3,8,12,8,0,0,0,0,0,2.67,66.67,6,81,4,72,5.33,18.0,2,0
,5014c9d9,Nurilyaa Natasya,female,Malaysia,3,3,8,22,8,1,0,0,0,0,4.0,36.36,0,0,0,0,0.0,,0,0
,d9fb6ede,O Chare,female,Zimbabwe,1,1,8,5,8,1,2,0,0,0,,160.0,1,6,0,9,9.0,,0,0
,3b19ed15,OF Rios,female,Costa Rica,3,3,8,29,4,0,0,0,0,0,2.67,27.59,1,6,0,9,9.0,,0,0
,19499257,P Bhandari,female,Malta,3,2,8,31,8,0,0,0,0,0,4.0,25.81,3,54,2,92,10.22,46.0,1,0
,422c0dde,R Avdylaj,female,Austria,5,5,8,54,4,1,0,0,0,0,2.0,14.81,5,59,1,92,9.36,92.0,1,0
,2d0b7057,RL D'Souza,female,Bahrain,12,9,8,52,3,0,0,0,0,0,0.89,15.38,12,186,3,233,7.52,77.67,2,0
,221ba3f5,Ruba Rashid,female,Saudi Arabia,5,5,8,46,7,0,1,0,0,0,1.6,17.39,0,0,0,0,0.0,,0,0
,f2c1f0e5,S Ishaque,female,India,3,1,8,9,8,0,1,0,0,0,8.0,88.89,3,60,5,81,8.1,16.2,3,0
,dae6fac5,S Sharma,female,India,5,4,8,11,4,0,1,0,0,0,2.0,72.73,5,102,7,81,4.76,11.57,3,0
,f6019e5d,SA Nono,female,Cameroon,6,6,8,36,4,2,0,0,0,0,2.0,22.22,0,0,0,0,0.0,,0,0
,bb1be934,SR McAnanama-Brereton,female,Germany,10,3,8,24,6,2,0,0,0,0,8.0,33.33,10,150,10,186,7.44,18.6,3,0
,8e051da2,Samiha Konuganti,female,Switzerland,6,2,8,23,7,0,0,0,0,0,4.0,34.78,6,130,5,121,5.58,24.2,2,0
,dc6eced9,Sneha Shankar,female,Malta,1,1,8,11,8,0,1,0,0,0,8.0,72.73,1,4,0,7,10.5,,0,0
,b92d1fe6,T Dlamini,female,Eswatini,13,11,8,83,2,1,0,0,0,0,0.8,9.64,11,173,4,221,7.66,55.25,1,0
,e8cea6cf,TM Faimalo,female,Samoa,4,3,8,32,6,2,0,0,0,0,8.0,25.0,2,42,5,30,4.29,6.0,5,1
,037734ad,Wa Thone Nadi,female,Myanmar,6,1,8,16,8,1,0,0,0,0,,50.0,5,96,5,51,3.19,10.2,2,0
,0f439829,A Amuzu,female,Ghana,1,1,7,23,7,0,1,0,0,0,7.0,30.43,0,0,0,0,0.0,,0,0
,8479657a,A Das,female,India,9,6,7,14,2,3,0,0,0,0,2.33,50.0,9,164,7,156,5.71,22.29,2,0
,ccaa3434,A Hlubi,female,South Africa,9,1,7,6,7,0,0,1,0,0,7.0,116.67,9,162,9,245,9.07,27.22,3,0
,80b34521,A Kshirsagar,female,Czech Republic,4,3,7,8,5,1,1,0,0,0,3.5,87.5,4,72,2,96,8.0,48.0,2,0
,badd245f,AK Peters,female,West Indies,4,3,7,16,4,2,0,0,0,0,7.0,43.75,3,36,1,50,8.33,50.0,1,0
,a47538d3,B Freeman,female,Botswana,4,4,7,32,4,1,0,0,0,0,2.33,21.88,1,12,0,16,8.0,,0,0
,f758a37b,CA Greloni,female,Argentina,3,3,7,28,5,1,1,0,0,0,3.5,25.0,0,0,0,0,0.0,,0,0
,705489eb,E Bisht,female,India,15,4,7,9,3,2,0,0,0,0,3.5,77.78,15,344,20,268,4.67,13.4,4,0
,1e4c0204,E Waithaka,female,Kenya,7,2,7,28,5,0,0,0,0,0,3.5,25.0,7,144,5,112,4.67,22.4,1,0
,92d6dae7,Fareeha Mehmood,female,Pakistan,2,2,7,19,5,0,0,0,0,0,3.5,36.84,0,0,0,0,0.0,,0,0
,c7fee762,G Jafta,female,South Africa,3,1,7,6,7,0,0,0,0,0,7.0,116.67,3,60,3,46,4.6,15.33,1,0
,aae7b7f0,Heal Theara,female,Cambodia,7,7,7,34,6,3,1,0,0,0,1.75,20.59,6,96,4,94,5.88,23.5,3,0
,09dea28a,J Kokam,female,Ghana,2,2,7,19,5,0,0,0,0,0,3.5,36.84,0,0,0,0,0.0,,0,0
,42aaf21c,KD Jayawant,female,Oman,2,2,7,10,4,1,1,0,0,0,7.0,70.0,2,29,3,17,3.52,5.67,3,0
,bec997fc,Khadija Tul Kubra,female,Bangladesh,31,6,7,14,4,2,0,0,0,0,1.75,50.0,31,546,23,483,5.31,21.0,3,0
,0cf4b7fe,Kim Rang,female,South Korea,2,2,7,17,7,0,1,0,0,0,3.5,41.18,1,24,1,36,9.0,36.0,1,0
,d2416610,LM Sims,female,Italy,3,1,7,10,7,0,0,0,0,0,7.0,70.0,3,30,4,25,5.0,6.25,3,0
,4b5debcd,M Frey,female,Estonia,6,6,7,25,4,0,0,0,0,0,1.17,28.0,0,0,0,0,0.0,,0,0
,40d1b7bd,M Ramafifi,female,Botswana,10,5,7,24,4,2,0,0,0,0,2.33,29.17,8,143,6,127,5.33,21.17,2,0
,ad78df1c,M Ratuki,female,Fiji,4,4,7,51,4,0,0,0,0,0,1.75,13.73,0,0,0,0,0.0,,0,0
,2f208ab6,M Trajkovi,female,Serbia,8,3,7,19,5,0,0,0,0,0,2.33,36.84,7,108,5,90,5.0,18.0,2,0
,cdda92be,M Upadhayay,female,Nepal,26,8,7,25,3,5,0,0,0,0,2.33,28.0,26,558,36,431,4.63,11.97,4,0
,b2118a44,Mounica Chowdary,female,Luxembourg,4,4,7,32,4,1,0,0,0,0,2.33,21.88,3,36,0,44,7.33,,0,0
,daf546c7,N Simelum,female,Vanuatu,1,1,7,14,7,1,1,0,0,0,,50.0,0,0,0,0,0.0,,0,0
,15f609ed,NE Farrant,female,England,13,4,7,16,3,3,0,0,0,0,7.0,43.75,13,269,14,295,6.58,21.07,2,0
,31382975,Noor Hayati Zakaria,female,Malaysia,10,7,7,28,7,2,0,0,0,0,1.4,25.0,7,132,2,150,6.82,75.0,1,0
,b74a1124,OC Moiane,female,Mozambique,3,3,7,17,3,0,0,0,0,0,2.33,41.18,0,0,0,0,0.0,,0,0
,e4a71d18,PM Inglis,female,New Zealand,3,3,7,9,4,0,0,0,0,0,2.33,77.78,0,0,0,0,0.0,,0,0
,f786a7f6,PY Lavine,female,West Indies,1,1,7,6,7,0,1,0,0,0,7.0,116.67,1,12,0,18,9.0,,0,0
,237ec05b,RS Gayakwad,female,India,48,7,7,19,2,6,0,0,0,0,7.0,36.84,48,983,51,1010,6.16,19.8,3,0
,672cee0a,RV Auora,female,Cook Islands,7,6,7,11,7,2,1,0,0,0,1.75,63.64,7,114,2,123,6.47,61.5,2,0
,711c82b5,S Hanson,female,Jersey,4,2,7,7,4,0,0,0,0,0,3.5,100.0,4,75,5,56,4.48,11.2,3,0
,74699499,SD Diwan Ali,female,Belgium,6,5,7,50,4,2,0,0,0,0,2.33,14.0,1,18,0,27,9.0,,0,0
,8879d882,SEA Ruck,female,New Zealand,8,2,7,15,4,2,0,0,0,0,,46.67,8,174,11,151,5.21,13.73,2,0
,724c7830,SZ Peles,female,Croatia,3,3,7,23,3,1,0,0,0,0,3.5,30.43,0,0,0,0,0.0,,0,0
,dccae421,Sanchin Singh,female,United Arab Emirates,1,1,7,14,7,0,0,0,0,0,7.0,50.0,0,0,0,0,0.0,,0,0
,1f578535,Simrah Mirza,female,Saudi Arabia,7,7,7,48,4,1,1,0,0,0,1.17,14.58,3,42,1,84,12.0,84.0,1,0
,03da3399,T Kazanci,female,Austria,4,4,7,20,4,0,0,0,0,0,1.75,35.0,4,44,0,69,9.41,,0,0
,a9496add,T Wigradianti,female,Indonesia,2,2,7,11,4,0,1,0,0,0,3.5,63.64,0,0,0,0,0.0,,0,0
,bf350134,Tasmia Rubab,female,Pakistan,5,2,7,11,7,1,0,0,0,0,7.0,63.64,5,90,2,168,11.2,84.0,1,0
,2808b2d9,VS D'Souza,female,Kuwait,3,3,7,22,5,1,0,0,0,0,3.5,31.82,0,0,0,0,0.0,,0,0
,4d498084,Wu Juan,female,China,9,4,7,21,4,0,0,0,0,0,1.75,33.33,9,192,9,109,3.41,12.11,2,0
,748a716d,Y Bist,female,Nepal,1,1,7,8,7,0,0,0,0,0,7.0,87.5,0,0,0,0,0.0,,0,0
,79e10d25,Y van der Westhuizen,female,South Africa,2,2,7,9,6,0,1,0,0,0,3.5,77.78,0,0,0,0,0.0,,0,0
,a9cd14fc,Zhao Yihan,female,China,12,4,7,13,5,2,1,0,0,0,3.5,53.85,12,203,9,165,4.88,18.33,2,0
,57922f7c,A Nookala,female,Austria,8,8,6,56,5,3,0,0,0,0,1.2,10.71,0,0,0,0,0.0,,0,0
,bc19544d,A Samildeen,female,Bahrain,3,3,6,39,5,0,1,0,0,0,2.0,15.38,0,0,0,0,0.0,,0,0
,9e6823e7,AM Samaroo,female,West Indies,1,1,6,6,6,0,1,0,0,0,6.0,100.0,0,0,0,0,0.0,,0,0
,9446598e,Afida Afthab,female,Oman,25,4,6,18,3,3,0,0,0,0,6.0,33.33,23,303,11,247,4.89,22.45,2,0
,02c4fa15,Amelia Griffiths,female,Isle of Man,4,2,6,25,4,0,0,0,0,0,3.0,24.0,4,66,1,93,8.45,93.0,1,0
,8d5580a7,B Bhadriraju,female,United States of America,6,3,6,10,4,0,1,0,0,0,2.0,60.0,6,114,8,95,5.0,11.88,4,0
,aa0c5e01,B Leephatthana,female,Thailand,1,1,6,11,6,1,0,0,0,0,,54.55,0,0,0,0,0.0,,0,0
,3b5a9438,BAM Heath,female,England,3,3,6,13,3,0,0,0,0,0,2.0,46.15,0,0,0,0,0.0,,0,0
,e0da9b14,CM Scott,female,Scotland,3,3,6,10,3,0,0,0,0,0,2.0,60.0,1,6,0,5,5.0,,0,0
,865ff0b2,E Chance,female,France,5,5,6,19,4,2,0,0,0,0,2.0,31.58,5,48,0,76,9.5,,0,0
,b6358ee8,E Kabwere,female,Malawi,10,5,6,18,3,1,0,0,0,0,1.5,33.33,10,199,14,154,4.64,11.0,4,0
,7519a81d,E Laini,female,Fiji,1,1,6,7,6,0,0,0,0,0,6.0,85.71,0,0,0,0,0.0,,0,0
,581eec7e,G Fontenla,female,Scotland,7,2,6,7,3,0,0,0,0,0,3.0,85.71,7,90,1,118,7.87,118.0,1,0
,ff227198,G Sultana,female,India,10,3,6,6,3,3,0,0,0,0,,100.0,10,209,3,221,6.34,73.67,2,0
,3d689960,Ghulam Fatima,female,Pakistan,5,3,6,9,6,1,1,0,0,0,3.0,66.67,5,98,2,108,6.61,54.0,1,0
,c3a998fa,J Ajiambo,female,Kenya,18,6,6,17,2,4,0,0,0,0,3.0,35.29,16,285,16,218,4.59,13.62,3,0
,eb2da352,J Thirukkumaran,female,United Arab Emirates,2,1,6,10,6,0,0,0,0,0,6.0,60.0,2,18,1,13,4.33,13.0,1,0
,417bde96,JS Pooranakaran,female,Singapore,28,16,6,68,2,5,0,0,0,0,0.55,8.82,25,425,16,486,6.86,30.38,2,0
,d553f5b1,JW Ogle-Thomas,female,West Indies,1,1,6,11,6,0,0,0,0,0,6.0,54.55,0,0,0,0,0.0,,0,0
,fa0bf9d9,K Anjali Sarvani,female,India,6,2,6,14,4,1,0,0,0,0,6.0,42.86,6,132,3,191,8.68,63.67,2,0
,e381ae69,KC Thompson,female,United Arab Emirates,16,2,6,7,4,1,1,0,0,0,6.0,85.71,16,299,15,177,3.55,11.8,4,0
,fa8f9dc3,KM Beams,female,Australia,14,2,6,6,4,1,0,0,0,0,6.0,100.0,14,318,17,273,5.15,16.06,3,0
,10ca0ed4,L Polaki,female,Lesotho,7,5,6,32,2,0,0,0,0,0,1.2,18.75,5,87,4,98,6.76,24.5,2,0
,fe12944e,L Rika,female,Fiji,2,2,6,7,6,2,0,0,0,0,,85.71,1,15,0,28,11.2,,0,0
,a4abf7b5,M Elikana,female,Cook Islands,2,2,6,20,4,0,0,0,0,0,3.0,30.0,1,18,2,6,2.0,3.0,2,0
,d5f3e608,M Juma,female,Kenya,1,1,6,8,6,1,1,0,0,0,,75.0,0,0,0,0,0.0,,0,0
,287dab75,M Kachingo,female,Zambia,6,5,6,50,6,0,0,0,0,0,1.2,12.0,6,98,3,116,7.1,38.67,2,0
,8d1ade08,M Mani,female,India,3,2,6,5,5,1,1,0,0,0,6.0,120.0,3,66,5,58,5.27,11.6,2,0
,6f37931c,M Matobole,female,Lesotho,2,2,6,10,6,0,1,0,0,0,3.0,60.0,1,12,1,20,10.0,20.0,1,0
,f57d5dbb,M Strano,female,Australia,7,4,6,16,3,0,0,0,0,0,1.5,37.5,7,150,9,158,6.32,17.56,5,1
,600c9d3f,MEC de Fouw,female,Netherlands,4,2,6,9,6,1,0,0,0,0,6.0,66.67,3,64,4,74,6.94,18.5,3,0
,5063c3cf,Maria Penna,female,Greece,6,6,6,21,2,2,0,0,0,0,1.5,28.57,1,12,0,16,8.0,,0,0
,3a54c25b,N Magagula,female,Eswatini,3,3,6,31,3,0,0,0,0,0,2.0,19.35,2,18,1,44,14.67,44.0,1,0
,dd883071,NE Bolton,female,Australia,1,1,6,12,6,0,0,0,0,0,6.0,50.0,0,0,0,0,0.0,,0,0
,7e9ff716,NJ Shaw,female,England,2,1,6,6,6,1,0,0,0,0,,100.0,2,48,2,56,7.0,28.0,1,0
,13cc5f9d,NJM Salima,female,Samoa,7,5,6,16,5,1,0,0,0,0,1.5,37.5,2,18,1,12,4.0,12.0,1,0
,23ef9b32,NM Sheikh,female,Scotland,6,2,6,13,5,2,0,0,0,0,,46.15,6,96,6,73,4.56,12.17,4,0
,8cb7d27f,NP Doshi,female,United States of America,1,1,6,5,6,0,1,0,0,0,6.0,120.0,0,0,0,0,0.0,,0,0
,f7301b56,Nur Aishah,female,Malaysia,2,2,6,29,6,2,0,0,0,0,,20.69,0,0,0,0,0.0,,0,0
,048fcf8d,P Dlamini,female,Eswatini,1,1,6,28,6,0,1,0,0,0,6.0,21.43,0,0,0,0,0.0,,0,0
,d745c1db,R Morita,female,Japan,3,3,6,22,5,1,0,0,0,0,3.0,27.27,0,0,0,0,0.0,,0,0
,cd76788c,RKK Appuhangige,female,Greece,2,2,6,12,5,0,0,0,0,0,3.0,50.0,0,0,0,0,0.0,,0,0
,4ed7d23f,RM Farrell,female,Australia,29,4,6,8,3,1,0,0,0,0,2.0,75.0,29,619,34,583,5.65,17.15,4,0
,4622d730,RT Raghavan,female,Malta,4,4,6,27,5,0,0,0,0,0,1.5,22.22,1,6,0,9,9.0,,0,0
,4dc4530c,Rida Zainab,female,Kuwait,2,2,6,9,6,0,0,0,0,0,3.0,66.67,0,0,0,0,0.0,,0,0
,15596e16,Rithika Rajesh,female,Belgium,5,3,6,23,5,1,0,0,0,0,3.0,26.09,4,84,4,91,6.5,22.75,2,0
,7297bacc,Rozabel Asumadu,female,Ghana,1,1,6,8,6,0,0,0,0,0,6.0,75.0,0,0,0,0,0.0,,0,0
,77143581,S Asha,female,India,6,1,6,10,6,1,0,0,0,0,,60.0,6,138,9,147,6.39,16.33,3,0
,ec05df4e,S Bist,female,Nepal,11,3,6,15,3,0,0,0,0,0,2.0,40.0,11,192,5,177,5.53,35.4,2,0
,b7880d1d,S Pattenden,female,Estonia,10,7,6,32,2,4,0,0,0,0,2.0,18.75,5,36,0,57,9.5,,0,0
,c8f378cc,SJ Tsukigawa,female,New Zealand,1,1,6,7,6,0,1,0,0,0,6.0,85.71,0,0,0,0,0.0,,0,0
,f61e2b59,SMR Ruelas,female,Mexico,2,2,6,15,6,1,0,0,0,0,6.0,40.0,2,24,1,22,5.5,22.0,1,0
,7d794fa6,SZ Thakor,female,India,3,1,6,4,6,0,1,0,0,0,6.0,150.0,3,66,1,96,8.73,96.0,1,0
,00eefafc,Shohely Akhter,female,Bangladesh,9,2,6,9,3,1,0,0,0,0,6.0,66.67,8,132,8,109,4.95,13.62,4,0
,9ef019c5,Smruthi Radhakrishnan,female,Singapore,3,3,6,21,3,0,0,0,0,0,2.0,28.57,3,71,1,85,7.18,85.0,1,0
,41f24f77,T Mato,female,Cook Islands,2,2,6,15,5,1,0,0,0,0,6.0,40.0,0,0,0,0,0.0,,0,0
,60d0efc4,T Skordili,female,Greece,4,3,6,10,5,0,1,0,0,0,2.0,60.0,1,12,2,7,3.5,3.5,2,0
,a12d0de9,Y Korniienko,female,Croatia,2,1,6,13,6,1,0,0,0,0,,46.15,1,6,0,7,7.0,,0,0
,cfa56623,AA Deshpande,female,India,1,1,5,15,5,0,0,0,0,0,5.0,33.33,0,0,0,0,0.0,,0,0
,223e3b3b,AA Kawirawira,female,Malawi,3,3,5,11,4,3,0,0,0,0,,45.45,0,0,0,0,0.0,,0,0
,05f1cff9,AS Warnakulasuriya,female,Italy,2,2,5,12,4,0,1,0,0,0,2.5,41.67,0,0,0,0,0.0,,0,0
,734cded2,Amalin Sorfina,female,Malaysia,8,2,5,13,4,1,1,0,0,0,5.0,38.46,8,66,0,76,6.91,,0,0
,db077ead,Amina Kashif,female,Qatar,7,2,5,20,3,1,0,0,0,0,5.0,25.0,6,84,5,120,8.57,24.0,3,0
,89d6902b,Ashi Chopla,female,Austria,8,5,5,15,2,1,0,0,0,0,1.25,33.33,8,115,2,127,6.63,63.5,1,0
,2fdcecae,B Lekau,female,Lesotho,4,3,5,52,3,0,0,0,0,0,1.67,9.62,4,90,2,131,8.73,65.5,1,0
,c92f74da,B Mosoaboli,female,Lesotho,5,4,5,34,3,3,0,0,0,0,5.0,14.71,3,54,1,55,6.11,55.0,1,0
,8663822d,B Pavlinakova,female,Czech Republic,2,2,5,11,3,2,0,0,0,0,,45.45,0,0,0,0,0.0,,0,0
,93b40209,B Unenchtseceg,female,Mongolia,4,3,5,10,4,3,0,0,0,0,,50.0,3,56,1,61,6.54,61.0,1,0
,80a0cd77,BG Illing,female,New Zealand,14,3,5,12,3,2,0,0,0,0,5.0,41.67,14,293,10,310,6.35,31.0,2,0
,11374353,C Boyle,female,Singapore,7,5,5,25,2,2,0,0,0,0,1.67,20.0,7,114,3,118,6.21,39.33,2,0
,1afd0d5c,CN Messina,female,Cameroon,6,6,5,31,3,0,0,0,0,0,0.83,16.13,0,0,0,0,0.0,,0,0
,3c567308,Chan Sau Har,female,Hong Kong,10,4,5,16,2,1,0,0,0,0,1.67,31.25,7,96,7,107,6.69,15.29,2,0
,885e8fd8,Clea Bultot,female,Luxembourg,2,2,5,17,4,1,0,0,0,0,5.0,29.41,0,0,0,0,0.0,,0,0
,00be46fe,DS Gamage,female,Norway,2,2,5,7,5,0,0,0,0,0,2.5,71.43,2,30,1,35,7.0,35.0,1,0
,10ae734d,E Mulenga,female,Zambia,5,4,5,25,4,1,0,0,0,0,1.67,20.0,4,42,1,60,8.57,60.0,1,0
,8684416d,ECM Egodagamage,female,Oman,3,1,5,8,5,0,1,0,0,0,5.0,62.5,2,42,4,33,4.71,8.25,3,0
,0207451a,Ellen Asante,female,Ghana,2,2,5,12,5,0,1,0,0,0,2.5,41.67,1,12,0,18,9.0,,0,0
,196ccd33,Em Rotana,female,Cambodia,3,3,5,7,5,0,1,0,0,0,1.67,71.43,0,0,0,0,0.0,,0,0
,7b51bfa4,Fariha Trisna,female,Bangladesh,24,6,5,20,2,4,0,0,0,0,2.5,25.0,24,461,19,585,7.61,30.79,4,0
,ba05b211,Fatima Amir,female,Hong Kong,5,3,5,16,4,1,0,0,0,0,2.5,31.25,4,42,1,44,6.29,44.0,1,0
,be7a4419,G Jaine,female,France,3,3,5,17,4,1,0,0,0,0,2.5,29.41,0,0,0,0,0.0,,0,0
,f05167d2,HJ Armitage,female,England,3,3,5,10,4,0,0,0,0,0,1.67,50.0,0,0,0,0,0.0,,0,0
,a375ac64,Hong Yali,female,China,1,1,5,7,5,0,0,0,0,0,5.0,71.43,0,0,0,0,0.0,,0,0
,0a47f8c0,J Oldham,female,Canada,1,1,5,6,5,0,1,0,0,0,5.0,83.33,0,0,0,0,0.0,,0,0
,cb665b69,J van Vliet,female,Netherlands,3,3,5,15,2,2,0,0,0,0,5.0,33.33,0,0,0,0,0.0,,0,0
,29254752,Jaza Mariyam,female,Qatar,2,2,5,16,5,0,1,0,0,0,2.5,31.25,2,30,1,29,5.8,29.0,1,0
,09c30c43,K Nanno,female,Japan,3,1,5,20,5,1,0,0,0,0,,25.0,3,30,1,30,6.0,30.0,1,0
,c68fc575,Karuna Bhandari,female,Nepal,14,4,5,12,3,1,0,0,0,0,1.67,41.67,14,252,13,127,3.02,9.77,3,0
,debb1c34,LP Mullapudi,female,United States of America,1,1,5,9,5,0,0,0,0,0,5.0,55.56,0,0,0,0,0.0,,0,0
,963b1a9d,Laiba,female,Saudi Arabia,4,3,5,21,5,1,1,0,0,0,2.5,23.81,2,28,1,31,6.64,31.0,1,0
,3af1511e,M Chereches,female,Romania,3,3,5,7,4,0,1,0,0,0,1.67,71.43,2,36,1,59,9.83,59.0,1,0
,7ec52f4a,M Desmond,female,Nigeria,10,4,5,22,2,2,0,0,0,0,2.5,22.73,8,180,12,143,4.77,11.92,3,0
,7a652afa,M Kojo,female,Finland,5,2,5,12,5,1,0,0,0,0,5.0,41.67,4,78,3,66,5.08,22.0,2,0
,c86675a9,Madeeha Zuberi,female,Kuwait,7,5,5,12,2,2,0,0,0,0,1.67,41.67,5,69,2,55,4.78,27.5,1,0
,e95cf4f8,Mah Noor Amir,female,Saudi Arabia,11,10,5,48,1,0,0,0,0,0,0.5,10.42,10,152,3,344,13.58,114.67,1,0
,fd67c5f0,Miriam Ehsun,female,Ghana,3,3,5,18,4,0,0,0,0,0,1.67,27.78,1,18,1,23,7.67,23.0,1,0
,46eff2dc,N Kaqea,female,France,2,2,5,13,3,0,0,0,0,0,2.5,38.46,0,0,0,0,0.0,,0,0
,55c9fffb,N Tropolova,female,Bulgaria,3,3,5,11,4,2,0,0,0,0,5.0,45.45,3,30,2,43,8.6,21.5,1,0
,f7b100e8,NB Diom,female,Cameroon,2,2,5,15,4,0,0,0,0,0,2.5,33.33,0,0,0,0,0.0,,0,0
,98cdb42d,NJ Amongin,female,Uganda,7,3,5,12,3,2,0,0,0,0,5.0,41.67,6,127,6,69,3.26,11.5,3,0
,01ac7f7c,NKDP Putri,female,Indonesia,4,1,5,3,5,1,1,0,0,0,,166.67,4,77,4,18,1.4,4.5,2,0
,9e193ebd,Nipuni Nadeera,female,Bahrain,4,4,5,12,4,1,0,0,0,0,1.67,41.67,0,0,0,0,0.0,,0,0
,0877eba5,Nur Nadihirah,female,Malaysia,9,5,5,23,2,0,0,0,0,0,1.0,21.74,9,138,4,120,5.22,30.0,2,0
,be85b12d,RA Lewis,female,Ireland,3,3,5,8,4,0,0,0,0,0,1.67,62.5,3,30,1,37,7.4,37.0,1,0
,49b1173b,RB Osabel,female,Philippines,3,3,5,12,3,1,0,0,0,0,2.5,41.67,0,0,0,0,0.0,,0,0
,e8271d27,RF Duvane,female,Mozambique,3,3,5,22,3,1,0,0,0,0,2.5,22.73,0,0,0,0,0.0,,0,0
,1c28fde6,S Bhandari,female,Belgium,2,2,5,17,5,1,0,0,0,0,5.0,29.41,0,0,0,0,0.0,,0,0
,4b2195fa,SA Dias,female,Belgium,2,2,5,17,3,1,0,0,0,0,5.0,29.41,1,4,0,14,21.0,,0,0
,62b33233,SDNS Karunaratne,female,Sri Lanka,1,1,5,11,5,1,0,0,0,0,,45.45,0,0,0,0,0.0,,0,0
,07b6c3b5,SV Shankar,female,Malta,1,1,5,8,5,1,0,0,0,0,,62.5,0,0,0,0,0.0,,0,0
,fb81a798,Shafia Hassan,female,Singapore,3,1,5,9,5,0,0,0,0,0,5.0,55.56,3,60,2,67,6.7,33.5,1,0
,2020d4fd,Tashiba Mirza,female,Spain,1,1,5,9,5,1,1,0,0,0,,55.56,0,0,0,0,0.0,,0,0
,236e88ea,WM Delgado,female,Costa Rica,4,3,5,11,4,0,1,0,0,0,1.67,45.45,4,57,5,61,6.42,12.2,3,0
,5b4e5d3d,Wang Meng,female,China,8,2,5,9,3,0,0,0,0,0,2.5,55.56,8,156,7,91,3.5,13.0,2,0
,bb9f08ad,Y Potgieter,female,South Africa,3,1,5,6,5,1,1,0,0,0,,83.33,3,48,0,35,4.38,,0,0
,1f44bd34,Ying King To,female,Gibraltar,1,1,5,6,5,1,0,0,0,0,,83.33,0,0,0,0,0.0,,0,0
,4b437302,Yukthi Suresh,female,Germany,1,1,5,10,5,0,0,0,0,0,5.0,50.0,1,12,1,15,7.5,15.0,1,0
,78ac71b0,Zhi Xinyu,female,China,2,2,5,8,5,1,1,0,0,0,5.0,62.5,0,0,0,0,0.0,,0,0
,9efc1ea4,A Khullar,female,Finland,7,5,4,22,2,3,0,0,0,0,2.0,18.18,5,72,2,88,7.33,44.0,1,0
,ecc4562b,AAM Eliane,female,Cameroon,4,3,4,31,3,2,0,0,0,0,4.0,12.9,3,54,1,77,8.56,77.0,1,0
,7e8cd083,AL Mangue,female,Mozambique,3,2,4,8,4,0,1,0,0,0,2.0,50.0,2,35,1,71,12.17,71.0,1,0
,49589e51,AMN Andersen,female,Denmark,2,2,4,17,4,0,0,0,0,0,2.0,23.53,1,10,0,18,10.8,,0,0
,eac03b76,AS Taai,female,South Africa,1,1,4,3,4,0,0,0,0,0,4.0,133.33,1,24,1,9,2.25,9.0,1,0
,5dfbb8ae,Afshan Khan,female,Saudi Arabia,1,1,4,14,4,0,0,0,0,0,4.0,28.57,0,0,0,0,0.0,,0,0
,cfb49f67,Anjuli Ghalley,female,Bhutan,8,3,4,14,4,1,0,0,0,0,2.0,28.57,7,96,4,77,4.81,19.25,3,0
,b245cd8b,Archara Supriya,female,United Arab Emirates,7,4,4,14,2,3,0,0,0,0,4.0,28.57,6,63,5,59,5.62,11.8,2,0
,1f072478,Arrikan Phuengkho,female,Thailand,1,1,4,3,4,0,1,0,0,0,4.0,133.33,0,0,0,0,0.0,,0,0
,4be29b87,Ashmeet Bhullar,female,Portugal,2,2,4,14,4,0,0,0,0,0,2.0,28.57,0,0,0,0,0.0,,0,0
,5e118871,B Ndipo,female,Malawi,3,1,4,5,4,0,0,0,0,0,4.0,80.0,3,48,2,38,4.75,19.0,1,0
,d58fdb42,CJ Metcalfe,female,Ireland,19,4,4,25,3,4,0,0,0,0,,16.0,19,375,21,364,5.82,17.33,4,0
,ab45cae8,Chayanisa Phengpaen,female,Thailand,9,1,4,1,4,1,1,0,0,0,,400.0,8,83,4,71,5.13,17.75,3,0
,4de33485,D Chamto,female,Sweden,2,2,4,7,4,0,1,0,0,0,2.0,57.14,0,0,0,0,0.0,,0,0
,c54cbd6b,D Mehtani,female,Czech Republic,4,4,4,14,3,0,0,0,0,0,1.0,28.57,0,0,0,0,0.0,,0,0
,1b61a9fa,DM Braat,female,Netherlands,3,1,4,4,4,1,0,0,0,0,,100.0,3,60,3,41,4.1,13.67,2,0
,32b8d4fe,Divya Kandpal,female,Luxembourg,8,4,4,22,4,1,0,0,0,0,1.33,18.18,6,78,2,101,7.77,50.5,2,0
,d5867f82,E Konasova,female,Czech Republic,7,4,4,37,4,1,0,0,0,0,1.33,10.81,5,60,2,83,8.3,41.5,2,0
,cd440d77,E Malama,female,Zambia,4,4,4,32,2,2,0,0,0,0,2.0,12.5,0,0,0,0,0.0,,0,0
,81d5afce,Emaan Ejaz,female,Saudi Arabia,5,5,4,37,4,0,0,0,0,0,0.8,10.81,3,54,2,140,15.56,70.0,1,0
,3abdaac1,F Elizabet,female,Switzerland,1,1,4,14,4,0,0,0,0,0,4.0,28.57,0,0,0,0,0.0,,0,0
,9b819b10,F Parkinson,female,Sierra Leone,2,2,4,11,2,0,0,0,0,0,2.0,36.36,0,0,0,0,0.0,,0,0
,ecb7a421,FL Albanjari,female,Indonesia,2,1,4,18,4,1,0,0,0,0,,22.22,2,20,3,8,2.4,2.67,2,0
,0c4c27d1,Fathimath Malha,female,Maldives,3,3,4,28,3,0,0,0,0,0,1.33,14.29,1,12,0,26,13.0,,0,0
,9d456118,GMK Jayaweera,female,Sweden,4,2,4,9,4,0,0,0,0,0,2.0,44.44,3,20,4,32,9.6,8.0,4,0
,b40783c8,H Ayoka,female,Nigeria,1,1,4,5,4,0,0,0,0,0,4.0,80.0,0,0,0,0,0.0,,0,0
,0853d18a,HO Karaduman,female,Turkey,2,2,4,15,4,0,0,0,0,0,2.0,26.67,0,0,0,0,0.0,,0,0
,56f77a56,Hala Azmat,female,Canada,4,3,4,28,2,2,0,0,0,0,4.0,14.29,4,60,4,56,5.6,14.0,4,0
,75b65b7e,Hon Sovannary,female,Cambodia,2,2,4,35,2,0,0,0,0,0,2.0,11.43,0,0,0,0,0.0,,0,0
,524d2019,JT Manase,female,Samoa,2,1,4,8,4,0,0,0,0,0,4.0,50.0,2,18,0,23,7.67,,0,0
,4325e7ae,K Moingoto,female,France,3,3,4,15,2,0,0,0,0,0,1.33,26.67,3,55,2,43,4.69,21.5,2,0
,1f795a79,K Samten,female,Bhutan,5,3,4,9,2,2,0,0,0,0,4.0,44.44,5,105,3,80,4.57,26.67,2,0
,275dff85,L Cheatle,female,Australia,5,1,4,8,4,1,0,0,0,0,,50.0,5,72,3,62,5.17,20.67,2,0
,ef114b4c,L Stanfergin,female,Norway,3,2,4,13,3,0,0,0,0,0,2.0,30.77,2,16,0,15,5.62,,0,0
,be53d600,L Sviben,female,Croatia,1,1,4,6,4,0,1,0,0,0,4.0,66.67,0,0,0,0,0.0,,0,0
,c0f5447e,L Wahmowe,female,France,3,3,4,13,3,0,0,0,0,0,1.33,30.77,3,60,7,58,5.8,8.29,3,0
,bd0e3478,LA Bourne,female,Samoa,2,2,4,17,3,0,0,0,0,0,2.0,23.53,0,0,0,0,0.0,,0,0
,38b4583c,LK Bell,female,England,48,4,4,12,2,2,0,0,0,0,2.0,33.33,48,1046,67,1264,7.25,18.87,4,0
,a994e18f,LY Loch Srey,female,Cambodia,7,6,4,25,2,0,0,0,0,0,0.67,16.0,7,134,3,120,5.37,40.0,2,0
,532c3f73,Lihara Ayeysekara,female,Qatar,6,4,4,29,3,1,0,0,0,0,1.33,13.79,6,82,2,121,8.85,60.5,2,0
,843e067e,M Ayodhya,female,Sri Lanka,9,2,4,8,3,1,0,0,0,0,4.0,50.0,9,191,10,229,7.19,22.9,3,0
,8ba8dd7a,MB dos Santos,female,Brazil,3,3,4,12,4,1,1,0,0,0,2.0,33.33,0,0,0,0,0.0,,0,0
,645b2a2f,MM Penfold,female,New Zealand,11,4,4,11,2,2,0,0,0,0,2.0,36.36,11,159,7,200,7.55,28.57,2,0
,4110ee78,MZR Mohedano,female,Mexico,2,2,4,14,4,0,0,0,0,0,2.0,28.57,0,0,0,0,0.0,,0,0
,eda9895d,N Gumaliyele,female,Malawi,3,1,4,10,4,0,0,0,0,0,4.0,40.0,2,36,0,35,5.83,,0,0
,6083f332,NM Mokhachane,female,Lesotho,8,8,4,68,3,4,0,0,0,0,1.0,5.88,8,168,10,251,8.96,25.1,3,0
,edcd403f,Navneet Bamrah,female,Luxembourg,2,2,4,16,3,1,0,0,0,0,4.0,25.0,0,0,0,0,0.0,,0,0
,26166475,Noorainah,female,Indonesia,2,2,4,10,4,1,0,0,0,0,4.0,40.0,0,0,0,0,0.0,,0,0
,c7e67ed4,P Munorwei,female,Zimbabwe,3,2,4,16,2,1,0,0,0,0,4.0,25.0,3,42,2,48,6.86,24.0,2,0
,fa1c582b,Peher Modi,female,Belgium,3,3,4,12,4,0,0,0,0,0,1.33,33.33,3,42,0,78,11.14,,0,0
,e149d0ae,RL Grundy,female,England,10,3,4,8,2,3,0,0,0,0,,50.0,10,222,10,205,5.54,20.5,2,0
,38f2525c,Rumaisa Jawad Nasir,female,Saudi Arabia,4,4,4,36,3,1,0,0,0,0,1.33,11.11,2,36,2,56,9.33,28.0,1,0
,e6681f88,S Arachchige,female,Cyprus,1,1,4,5,4,1,0,0,0,0,,80.0,0,0,0,0,0.0,,0,0
,d5172e9a,S Devata,female,Sweden,1,1,4,3,4,1,0,0,0,0,,133.33,1,6,1,9,9.0,9.0,1,0
,fea44a7f,S Kucuksucu,female,Croatia,5,3,4,29,3,1,0,0,0,0,2.0,13.79,3,60,1,62,6.2,62.0,1,0
,8ce93575,S Mabuza,female,Eswatini,8,8,4,29,4,1,1,0,0,0,0.57,13.79,7,96,3,177,11.06,59.0,2,0
,27b6d24d,S Rokuad,female,France,2,2,4,21,4,1,0,0,0,0,4.0,19.05,1,24,0,32,8.0,,0,0
,a586804a,SDM Herath,female,Cyprus,3,3,4,23,3,0,0,0,0,0,1.33,17.39,1,12,0,10,5.0,,0,0
,8eb52953,Sabnam Rai,female,Nepal,13,3,4,11,2,2,0,0,0,0,4.0,36.36,13,239,8,226,5.67,28.25,2,0
,d2b71bf6,Shonaya Mehta,female,Belgium,4,3,4,7,3,2,0,0,0,0,4.0,57.14,2,15,0,33,13.2,,0,0
,f4e6469b,Sofia Mardones,female,Chile,4,3,4,25,3,0,0,0,0,0,1.33,16.0,4,56,2,100,10.71,50.0,2,0
,469eb822,Sumaiya Akter,female,Bangladesh,1,1,4,3,4,0,1,0,0,0,4.0,133.33,0,0,0,0,0.0,,0,0
,185e37e0,T Rodriguez,female,France,4,4,4,19,3,0,0,0,0,0,1.0,21.05,0,0,0,0,0.0,,0,0
,a7a337b9,T Touna,female,Cook Islands,2,2,4,22,2,0,0,0,0,0,2.0,18.18,0,0,0,0,0.0,,0,0
,1f09cd22,T Yangchen,female,Bhutan,9,3,4,15,3,1,0,0,0,0,2.0,26.67,9,138,5,128,5.57,25.6,3,0
,9e9d50b9,TS Shwe,female,Myanmar,2,2,4,18,4,0,0,0,0,0,2.0,22.22,0,0,0,0,0.0,,0,0
,15fee304,V Romani,female,Croatia,5,4,4,20,3,1,0,0,0,0,1.33,20.0,1,6,0,9,9.0,,0,0
,fc84a459,W Kevin,female,Tanzania,1,1,4,5,4,1,1,0,0,0,,80.0,1,6,0,9,9.0,,0,0
,1342d7f6,Wenjing Yin,female,China,3,3,4,10,3,0,0,0,0,0,1.33,40.0,1,18,0,33,11.0,,0,0
,ebe27221,Y Fourie,female,South Africa,9,1,4,7,4,0,1,0,0,0,4.0,57.14,8,108,3,124,6.89,41.33,2,0
,928310d3,Yuliana,female,Indonesia,2,2,4,8,4,1,0,0,0,0,4.0,50.0,0,0,0,0,0.0,,0,0
,67412324,A Fillie,female,Sierra Leone,12,3,3,13,3,0,0,0,0,0,1.0,23.08,12,195,12,179,5.51,14.92,4,0
,a811cb83,A Munisar,female,West Indies,16,2,3,3,2,2,0,0,0,0,,100.0,15,276,12,295,6.41,24.58,2,0
,659fc11f,Aishath Meesa Rameez,female,Maldives,3,3,3,14,3,0,0,0,0,0,1.0,21.43,3,72,2,117,9.75,58.5,2,0
,81423620,Alifiya Sayed,female,Oman,22,5,3,24,1,3,0,0,0,0,1.5,12.5,21,358,11,328,5.5,29.82,3,0
,06653fcc,Anam Amin,female,Pakistan,50,5,3,13,2,4,0,0,0,0,3.0,23.08,50,1106,48,1080,5.86,22.5,4,0
,7b702d77,BD Pare,female,Indonesia,1,1,3,5,3,0,0,0,0,0,3.0,60.0,0,0,0,0,0.0,,0,0
,458a21f3,C Breteche,female,France,6,5,3,28,3,1,0,0,0,0,0.75,10.71,6,83,5,71,5.13,14.2,2,0
,b135be0d,C Cummings,female,Cook Islands,2,2,3,11,2,0,0,0,0,0,1.5,27.27,0,0,0,0,0.0,,0,0
,14bf34e0,Chinyenum George,female,Nigeria,2,1,3,5,3,0,0,0,0,0,3.0,60.0,2,26,2,28,6.46,14.0,1,0
,77c14bc2,E Sagoe,female,Ghana,2,2,3,7,3,2,0,0,0,0,,42.86,2,24,1,47,11.75,47.0,1,0
,b931fc7b,ES Grammenou,female,Greece,2,2,3,19,2,0,0,0,0,0,1.5,15.79,1,6,0,11,11.0,,0,0
,58fa6387,FEM Van Arkel,female,Netherlands,1,1,3,13,3,0,0,0,0,0,3.0,23.08,0,0,0,0,0.0,,0,0
,f48f03c6,J Otieno,female,Kenya,1,1,3,4,3,1,0,0,0,0,,75.0,0,0,0,0,0.0,,0,0
,9e8d2c91,JC Sokomanu,female,Vanuatu,2,2,3,12,2,0,0,0,0,0,1.5,25.0,0,0,0,0,0.0,,0,0
,110839f2,JL Hunter,female,Australia,15,1,3,1,3,1,0,0,0,0,,300.0,15,248,16,259,6.27,16.19,5,1
,fa948618,Jannatul Ferdus,female,Bangladesh,3,3,3,7,2,1,0,0,0,0,1.5,42.86,3,66,3,88,8.0,29.33,1,0
,f7e96532,K Frank,female,Papua New Guinea,2,2,3,18,2,1,0,0,0,0,3.0,16.67,0,0,0,0,0.0,,0,0
,f3d2b7ea,K Ristic,female,Serbia,3,3,3,20,3,1,0,0,0,0,1.5,15.0,0,0,0,0,0.0,,0,0
,d90b6e8b,K Taniguchi,female,Japan,1,1,3,18,3,0,0,0,0,0,3.0,16.67,0,0,0,0,0.0,,0,0
,1607f812,KC Phohlo,female,Lesotho,3,3,3,17,3,0,0,0,0,0,1.0,17.65,0,0,0,0,0.0,,0,0
,1ade138e,KL Cross,female,England,16,4,3,7,2,2,0,0,0,0,1.5,42.86,16,302,11,381,7.57,34.64,2,0
,160c90b1,KR Frost,female,Spain,3,1,3,5,3,0,0,0,0,0,3.0,60.0,3,60,3,36,3.6,12.0,2,0
,8f2c2c58,Kamal Raja,female,Singapore,2,2,3,15,3,0,0,0,0,0,1.5,20.0,0,0,0,0,0.0,,0,0
,1f982cd2,L Visser,female,Namibia,5,1,3,4,3,0,0,0,0,0,3.0,75.0,5,60,5,71,7.1,14.2,3,0
,9bd0d19d,LA McBride,female,Ireland,20,2,3,6,2,1,0,0,0,0,3.0,50.0,20,370,19,414,6.71,21.79,3,0
,5cc27b7e,LM Gwebu,female,Eswatini,7,7,3,46,1,1,0,0,0,0,0.5,6.52,0,0,0,0,0.0,,0,0
,c32bb7bb,LO Telea,female,Samoa,2,1,3,7,3,0,0,0,0,0,3.0,42.86,2,42,3,15,2.14,5.0,3,0
,e7a3e3a0,Laiba Nasrullah,female,Saudi Arabia,7,6,3,35,2,3,0,0,0,0,1.0,8.57,6,102,1,164,9.65,164.0,1,0
,990957cc,M Cargouet,female,France,5,5,3,29,1,0,0,0,0,0,0.6,10.34,0,0,0,0,0.0,,0,0
,47fb8d80,M Joshi,female,India,6,1,3,16,3,1,0,0,0,0,,18.75,6,120,2,144,7.2,72.0,1,0
,3d1ee80d,M Munakata,female,Japan,1,1,3,8,3,1,0,0,0,0,,37.5,0,0,0,0,0.0,,0,0
,745815a1,M Tilau,female,Fiji,3,3,3,16,3,1,0,0,0,0,1.5,18.75,2,42,2,48,6.86,24.0,2,0
,74d21854,MA Parker,female,Scotland,2,1,3,8,3,1,0,0,0,0,,37.5,2,36,2,24,4.0,12.0,1,0
,1f004e32,MSF Tedjui,female,Cameroon,1,1,3,4,3,0,0,0,0,0,3.0,75.0,0,0,0,0,0.0,,0,0
,8c0e08c7,Mysha Doshi,female,Belgium,1,1,3,8,3,0,0,0,0,0,3.0,37.5,1,6,0,13,13.0,,0,0
,096149b4,N Dolianiti,female,Greece,3,3,3,14,2,1,0,0,0,0,1.5,21.43,0,0,0,0,0.0,,0,0
,5b08fdb5,N Ila,female,Papua New Guinea,1,1,3,3,3,1,0,0,0,0,,100.0,0,0,0,0,0.0,,0,0
,9b6dde07,O Bastin,female,Jersey,8,2,3,11,3,1,0,0,0,0,3.0,27.27,8,144,6,127,5.29,21.17,3,0
,a9b7e3e6,O Morgan,female,Guernsey,2,2,3,11,2,2,0,0,0,0,,27.27,2,48,3,83,10.38,27.67,2,0
,65c9fc31,R Abdulrasak,female,Nigeria,8,3,3,9,1,1,0,0,0,0,1.5,33.33,7,128,7,84,3.94,12.0,4,0
,f39682a5,RM D'Souza,female,Kuwait,4,3,3,9,2,0,0,0,0,0,1.0,33.33,1,6,0,15,15.0,,0,0
,56a660cc,Rashmeka Badri Narayanan,female,Singapore,3,3,3,17,3,0,0,0,0,0,1.0,17.65,3,54,1,53,5.89,53.0,1,0
,2ffdf67d,Rumeysa Alp,female,Turkey,2,2,3,16,2,2,0,0,0,0,,18.75,1,18,0,30,10.0,,0,0
,da6576af,S Bhanushali,female,Sweden,3,2,3,13,3,1,0,0,0,0,3.0,23.08,3,48,4,57,7.12,14.25,2,0
,36099d55,S Borakambi,female,Tanzania,5,1,3,3,3,1,0,0,0,0,,100.0,5,74,4,67,5.43,16.75,2,0
,9087d74c,S Carrington,female,Barbados,1,1,3,11,3,0,0,0,0,0,3.0,27.27,0,0,0,0,0.0,,0,0
,ce5030d8,S Elmsjoo,female,Sweden,4,3,3,10,2,2,0,0,0,0,3.0,30.0,4,66,4,63,5.73,15.75,2,0
,d8c88b14,S Jadhav,female,Norway,1,1,3,3,3,0,0,0,0,0,3.0,100.0,0,0,0,0,0.0,,0,0
,5ab09885,S Lateh,female,Thailand,3,1,3,4,3,1,0,0,0,0,,75.0,3,48,2,65,8.12,32.5,1,0
,ea2fdacc,S Lourens,female,South Africa,1,1,3,6,3,0,0,0,0,0,3.0,50.0,0,0,0,0,0.0,,0,0
,1251a339,S Nisansala,female,Sri Lanka,13,2,3,8,3,0,0,0,0,0,1.5,37.5,13,259,7,261,6.05,37.29,2,0
,185e6c0c,S Verma,female,India,2,2,3,6,2,1,0,0,0,0,3.0,50.0,0,0,0,0,0.0,,0,0
,0398fc0f,SK Ravuri,female,Sweden,9,1,3,8,3,1,0,0,0,0,,37.5,9,156,8,138,5.31,17.25,4,0
,e793a951,Sajaa Fathimath,female,Maldives,5,5,3,32,1,0,0,0,0,0,0.6,9.38,0,0,0,0,0.0,,0,0
,dbfa8b20,Sangay Wangmo,female,Bhutan,2,2,3,12,2,1,0,0,0,0,3.0,25.0,0,0,0,0,0.0,,0,0
,81ab2474,Sofia Velic,female,Indonesia,3,3,3,12,1,0,0,0,0,0,1.0,25.0,3,61,4,67,6.59,16.75,2,0
,cf33e1ce,Song Yangyang,female,West Indies,2,1,3,7,3,1,0,0,0,0,,42.86,2,18,0,29,9.67,,0,0
,d5b6cb2e,Sunjidmaa Phillips,female,Mongolia,4,4,3,26,2,0,0,0,0,0,0.75,11.54,2,35,0,71,12.17,,0,0
,2bea8bda,T Elikana,female,Cook Islands,4,2,3,12,2,1,0,0,0,0,3.0,25.0,4,53,1,73,8.26,73.0,1,0
,97b1bd58,T Koloi,female,Lesotho,4,3,3,7,2,0,0,0,0,0,1.0,42.86,3,60,0,91,9.1,,0,0
,2c83f1f7,T Shabani,female,Tanzania,4,1,3,2,3,0,0,0,0,0,3.0,150.0,4,66,1,32,2.91,32.0,1,0
,f3959e92,TJP Weo,female,Indonesia,2,2,3,9,3,1,0,0,0,0,3.0,33.33,0,0,0,0,0.0,,0,0
,25ca0573,TR Sadhu,female,India,12,2,3,11,2,1,0,0,0,0,3.0,27.27,12,216,13,247,6.86,19.0,4,0
,ced7e7a4,Tazia Akhter,female,Bangladesh,2,2,3,10,3,0,0,0,0,0,1.5,30.0,0,0,0,0,0.0,,0,0
,0ba1c242,U Anujin,female,Mongolia,2,2,3,7,3,1,0,0,0,0,3.0,42.86,0,0,0,0,0.0,,0,0
,0d0b8575,Usrah Umar Farooq,female,Saudi Arabia,4,4,3,25,2,1,0,0,0,0,1.0,12.0,0,0,0,0,0.0,,0,0
,e7351fbd,V Poglitsch,female,Austria,4,3,3,24,3,0,0,0,0,0,1.0,12.5,1,6,0,16,16.0,,0,0
,43800862,V Tari,female,Vanuatu,1,1,3,14,3,0,0,0,0,0,3.0,21.43,0,0,0,0,0.0,,0,0
,7d70dc87,Zoha Irfan,female,Saudi Arabia,4,4,3,24,2,0,0,0,0,0,0.75,12.5,0,0,0,0,0.0,,0,0
,42b0cc96,A Dineshi,female,Romania,3,3,2,15,2,0,0,0,0,0,0.67,13.33,1,6,0,20,20.0,,0,0
,53d50717,A Hartley,female,England,4,1,2,2,2,1,0,0,0,0,,100.0,4,70,3,79,6.77,26.33,2,0
,6c712276,A Letuba,female,Botswana,2,2,2,8,2,0,0,0,0,0,1.0,25.0,0,0,0,0,0.0,,0,0
,66f819df,A Lupascu,female,Romania,6,1,2,8,2,0,0,0,0,0,2.0,25.0,5,84,5,113,8.07,22.6,3,0
,7b309c8a,A Motorwala,female,Botswana,3,3,2,8,2,0,0,0,0,0,0.67,25.0,0,0,0,0,0.0,,0,0
,e9879e9c,AD Diwan Ali,female,Belgium,2,2,2,8,1,2,0,0,0,0,,25.0,2,18,0,29,9.67,,0,0
,7d8c58c4,AP Venkata,female,Singapore,1,1,2,9,2,0,0,0,0,0,2.0,22.22,0,0,0,0,0.0,,0,0
,78fc85c0,APC Kilowan,female,South Africa,1,1,2,2,2,1,0,0,0,0,,100.0,1,20,3,20,6.0,6.67,3,0
,2304ae3d,AR Poulter,female,Fiji,1,1,2,6,2,1,0,0,0,0,,33.33,0,0,0,0,0.0,,0,0
,a872a8fc,AR Shetty,female,Oman,2,1,2,6,2,0,0,0,0,0,2.0,33.33,2,39,1,59,9.08,59.0,1,0
,4a0f4389,AS Alvarez,female,Costa Rica,3,3,2,22,1,0,0,0,0,0,0.67,9.09,0,0,0,0,0.0,,0,0
,57021e50,Aridah Umer Farooq,female,Saudi Arabia,2,2,2,19,2,0,0,0,0,0,1.0,10.53,0,0,0,0,0.0,,0,0
,eaba37fc,B Kasinja,female,Malawi,12,5,2,10,1,3,0,0,0,0,1.0,20.0,11,192,5,149,4.66,29.8,2,0
,d19bec3f,B Maes Loch,female,Germany,5,1,2,4,2,0,0,0,0,0,2.0,50.0,4,84,6,54,3.86,9.0,3,0
,463e127a,C Jennings,female,Guernsey,3,2,2,6,2,0,0,0,0,0,1.0,33.33,3,66,3,65,5.91,21.67,1,0
,2085c2f4,C Namugenyi,female,Uganda,4,2,2,3,2,1,0,0,0,0,2.0,66.67,4,60,0,56,5.6,,0,0
,dfe8ddeb,Camila Valdes,female,Chile,4,4,2,58,1,0,0,0,0,0,0.5,3.45,4,72,3,135,11.25,45.0,1,0
,babd401e,D Enkhtsetseg,female,Mongolia,3,2,2,8,2,0,0,0,0,0,1.0,25.0,2,24,0,35,8.75,,0,0
,bc27c3f2,DP Hernandez,female,Mexico,2,2,2,11,2,1,0,0,0,0,2.0,18.18,1,6,0,13,13.0,,0,0
,9328878b,Deya Stefanova,female,Bulgaria,5,4,2,16,1,2,0,0,0,0,1.0,12.5,5,114,2,116,6.11,58.0,2,0
,1308f9d8,E Bourgaize,female,Guernsey,6,3,2,7,1,1,0,0,0,0,1.0,28.57,6,70,1,113,9.69,113.0,1,0
,c05f9e9d,E Mmese,female,Botswana,5,1,2,10,2,0,0,0,0,0,2.0,20.0,5,48,2,34,4.25,17.0,1,0
,f63ec2e5,G Batagoda,female,Italy,2,2,2,5,2,0,0,0,0,0,1.0,40.0,0,0,0,0,0.0,,0,0
,ad75e88d,H Little,female,Ireland,4,1,2,4,2,0,0,0,0,0,2.0,50.0,3,37,0,34,5.51,,0,0
,edf72654,H Wenehoua,female,France,2,2,2,7,2,0,0,0,0,0,1.0,28.57,0,0,0,0,0.0,,0,0
,3dd11bb4,Humna Bilal,female,Pakistan,3,2,2,3,1,1,0,0,0,0,2.0,66.67,3,50,3,87,10.44,29.0,1,0
,9b88f80e,I Muntean,female,Romania,9,5,2,15,1,1,0,0,0,0,0.5,13.33,8,150,7,160,6.4,22.86,2,0
,284604cf,I Mutoni,female,Uganda,12,1,2,2,2,1,0,0,0,0,,100.0,12,222,13,184,4.97,14.15,3,0
,c37b1ed5,J Chunquin,female,China,2,2,2,8,2,0,0,0,0,0,1.0,25.0,0,0,0,0,0.0,,0,0
,b3b97956,J Pullen,female,Isle of Man,2,2,2,15,2,0,0,0,0,0,1.0,13.33,0,0,0,0,0.0,,0,0
,e26f2fe5,Jiyeon Park (2),female,South Korea,3,3,2,8,1,2,0,0,0,0,2.0,25.0,0,0,0,0,0.0,,0,0
,5bdaa121,Joanna Child,female,Portugal,2,1,2,8,2,0,0,0,0,0,2.0,25.0,1,4,0,11,16.5,,0,0
,db080f9d,K Dangol,female,Nepal,10,3,2,7,1,2,0,0,0,0,2.0,28.57,10,118,9,92,4.68,10.22,3,0
,cc21b00a,K Kondikakova,female,Bulgaria,1,1,2,9,2,0,0,0,0,0,2.0,22.22,0,0,0,0,0.0,,0,0
,99b274c8,KO Elliott,female,Barbados,1,1,2,13,2,0,0,0,0,0,2.0,15.38,1,6,0,11,11.0,,0,0
,706df49c,Khazaima,female,Saudi Arabia,3,3,2,8,2,0,0,0,0,0,0.67,25.0,0,0,0,0,0.0,,0,0
,bb0dfa8c,Kiyo Fujikawa,female,Japan,5,1,2,16,2,1,0,0,0,0,,12.5,5,72,1,62,5.17,62.0,1,0
,c1051042,Komalpreet Grewal,female,Ghana,1,1,2,10,2,0,0,0,0,0,2.0,20.0,1,24,0,37,9.25,,0,0
,9577635c,L Kumari,female,India,1,1,2,9,2,0,0,0,0,0,2.0,22.22,0,0,0,0,0.0,,0,0
,0ec3085b,L Samani,female,Fiji,3,3,2,13,2,0,0,0,0,0,0.67,15.38,1,6,0,7,7.0,,0,0
,05bb7c55,LM Aramas,female,France,2,2,2,8,1,0,0,0,0,0,1.0,25.0,0,0,0,0,0.0,,0,0
,30dc80e6,LM Christensen,female,Denmark,2,1,2,3,2,0,0,0,0,0,2.0,66.67,1,6,0,10,10.0,,0,0
,fa21c431,Laura-Anette Taei,female,Estonia,2,2,2,25,2,2,0,0,0,0,,8.0,0,0,0,0,0.0,,0,0
,7612d2cc,M Bosman,female,Namibia,1,1,2,7,2,0,0,0,0,0,2.0,28.57,0,0,0,0,0.0,,0,0
,7f1c495f,M Kagoya,female,Uganda,1,1,2,1,2,1,0,0,0,0,,200.0,0,0,0,0,0.0,,0,0
,da76ae8f,M Kaswan,female,Japan,5,2,2,9,2,1,0,0,0,0,2.0,22.22,5,90,4,69,4.6,17.25,3,0
,362e44f9,M Marchello,female,France,3,3,2,11,1,2,0,0,0,0,2.0,18.18,0,0,0,0,0.0,,0,0
,2feef01b,M Marin,female,Romania,3,3,2,29,1,1,0,0,0,0,1.0,6.9,0,0,0,0,0.0,,0,0
,02fdf3ca,M May,female,Eswatini,1,1,2,2,2,0,0,0,0,0,2.0,100.0,0,0,0,0,0.0,,0,0
,61a79c07,M Smook,female,South Africa,1,1,2,2,2,1,0,0,0,0,,100.0,0,0,0,0,0.0,,0,0
,e0ab0072,M Trejbalova,female,Czech Republic,3,3,2,35,1,1,0,0,0,0,1.0,5.71,0,0,0,0,0.0,,0,0
,7f3f5e0b,MBT Montero,female,Chile,2,2,2,40,1,0,0,0,0,0,1.0,5.0,0,0,0,0,0.0,,0,0
,421a0275,MG Maceira,female,Scotland,1,1,2,2,2,1,0,0,0,0,,100.0,1,18,2,23,7.67,11.5,2,0
,7544bf30,MM Letsoalo,female,South Africa,24,2,2,7,1,2,0,0,0,0,,28.57,23,302,10,335,6.66,33.5,2,0
,907ddca0,Maren Couch,female,Canada,1,1,2,6,2,0,0,0,0,0,2.0,33.33,0,0,0,0,0.0,,0,0
,acd1fec7,Musfirah Nur Ainaa,female,Malaysia,4,3,2,6,2,2,0,0,0,0,2.0,33.33,1,12,0,17,8.5,,0,0
,b7a608b0,N Jovicevic,female,Serbia,1,1,2,12,2,0,0,0,0,0,2.0,16.67,0,0,0,0,0.0,,0,0
,b5341b28,N Mutasa,female,Zimbabwe,4,1,2,3,2,1,0,0,0,0,,66.67,4,72,7,46,3.83,6.57,4,0
,d945db3e,NH Patel,female,New Zealand,11,1,2,5,2,0,0,0,0,0,2.0,40.0,11,228,13,210,5.53,16.15,3,0
,4f1208a8,Nabaa Naseem,female,Maldives,3,3,2,26,2,0,0,0,0,0,0.67,7.69,3,72,5,108,9.0,21.6,3,0
,0725d3d2,O Kirsten,female,South Africa,1,1,2,1,2,1,0,0,0,0,,200.0,1,18,1,26,8.67,26.0,1,0
,b05a1477,OS Oyronke,female,Nigeria,2,2,2,12,2,0,0,0,0,0,1.0,16.67,0,0,0,0,0.0,,0,0
,ddd411e0,P Bhandari,female,Finland,7,4,2,13,2,0,0,0,0,0,0.5,15.38,6,95,5,85,5.37,17.0,2,0
,a3e15c32,R Dhami,female,Nepal,1,1,2,2,2,1,0,0,0,0,,100.0,1,6,0,10,10.0,,0,0
,a99085e6,Rabiya Shah,female,Pakistan,2,2,2,4,1,2,0,0,0,0,,50.0,0,0,0,0,0.0,,0,0
,1356b739,S Basharat,female,Spain,3,2,2,7,1,1,0,0,0,0,2.0,28.57,2,24,1,22,5.5,22.0,1,0
,32e47092,S Budhathoki,female,Malta,2,1,2,2,2,0,0,0,0,0,2.0,100.0,2,48,5,35,4.38,7.0,4,0
,09c07ae4,S Lote,female,Fiji,2,2,2,8,2,0,0,0,0,0,1.0,25.0,0,0,0,0,0.0,,0,0
,befa9863,S Saenya,female,Thailand,2,1,2,6,2,1,0,0,0,0,,33.33,1,6,1,1,1.0,1.0,1,0
,0fca9dee,S Smith,female,South Africa,2,2,2,4,2,1,0,0,0,0,2.0,50.0,2,24,2,40,10.0,20.0,2,0
,22762f38,S Vig,female,Canada,2,1,2,6,2,0,0,0,0,0,2.0,33.33,2,24,0,18,4.5,,0,0
,0262a6f3,SJ Hate,female,Bahrain,1,1,2,3,2,1,0,0,0,0,,66.67,0,0,0,0,0.0,,0,0
,e65b1ea6,Sanjana Rao,female,Canada,1,1,2,12,2,0,0,0,0,0,2.0,16.67,1,6,0,6,6.0,,0,0
,a6412417,Sanjida Akter Meghla,female,Bangladesh,30,3,2,9,1,2,0,0,0,0,2.0,22.22,30,617,32,560,5.45,17.5,4,0
,012bd3f6,Shamma Ali,female,Maldives,6,6,2,28,2,2,0,0,0,0,0.5,7.14,6,96,4,140,8.75,35.0,3,0
,e1347433,T Lhaden,female,Bhutan,3,2,2,5,1,0,0,0,0,0,1.0,40.0,3,48,0,42,5.25,,0,0
,a626d864,Tripti Gore,female,Belgium,3,2,2,12,2,0,0,0,0,0,1.0,16.67,3,28,1,62,13.29,62.0,1,0
,fff97017,Veronika Nevolova,female,Czech Republic,1,1,2,11,2,0,0,0,0,0,2.0,18.18,0,0,0,0,0.0,,0,0
,792d0178,Waheeda Akhtar,female,Pakistan,9,3,2,12,2,0,0,0,0,0,0.67,16.67,9,162,6,206,7.63,34.33,2,0
,eae39ba0,Yang Shen,female,China,4,2,2,3,1,1,0,0,0,0,2.0,66.67,4,72,3,54,4.5,18.0,1,0
,f0b16e64,Z Mali,female,South Africa,7,1,2,3,2,1,0,0,0,0,,66.67,7,135,4,186,8.27,46.5,2,0
,13fdbc7e,Zhang Xiangxue,female,China,4,1,2,2,2,1,0,0,0,0,,100.0,4,48,1,45,5.62,45.0,1,0
,9e7f9696,A Cespedes,female,Costa Rica,2,2,1,11,1,0,0,0,0,0,0.5,9.09,0,0,0,0,0.0,,0,0
,b2519612,A Charles,female,Croatia,2,1,1,3,1,0,0,0,0,0,1.0,33.33,1,6,0,13,13.0,,0,0
,be53a6a2,A Hewage,female,Cyprus,1,1,1,7,1,0,0,0,0,0,1.0,14.29,1,6,1,0,0.0,0.0,1,0
,6c4170b6,A Kanwal,female,Hong Kong,1,1,1,9,1,1,0,0,0,0,,11.11,1,12,1,15,7.5,15.0,1,0
,1c074e93,A Nyirenda,female,Eswatini,1,1,1,4,1,0,0,0,0,0,1.0,25.0,0,0,0,0,0.0,,0,0
,59de426b,A Pavlickova,female,Czech Republic,1,1,1,16,1,0,0,0,0,0,1.0,6.25,0,0,0,0,0.0,,0,0
,aac82442,AE Moe,female,Myanmar,3,2,1,7,1,0,0,0,0,0,0.5,14.29,1,6,0,7,7.0,,0,0
,0420f51f,AG Rao,female,United States of America,5,1,1,4,1,0,0,0,0,0,1.0,25.0,5,90,5,81,5.4,16.2,2,0
,e0df3345,AL Tiwari,female,Oman,1,1,1,3,1,1,0,0,0,0,,33.33,1,12,0,18,9.0,,0,0
,e97f6f96,AM Kupito,female,Samoa,3,2,1,3,1,0,0,0,0,0,0.5,33.33,2,12,0,21,10.5,,0,0
,ca707bdc,AS Patil,female,United Arab Emirates,2,2,1,3,1,1,0,0,0,0,1.0,33.33,0,0,0,0,0.0,,0,0
,ebfc9514,Afsheen Ahmed,female,Portugal,7,3,1,7,1,0,0,0,0,0,0.33,14.29,6,89,4,113,7.62,28.25,4,0
,62aa10d7,Aima Aishath,female,Maldives,3,3,1,27,1,1,0,0,0,0,0.5,3.7,0,0,0,0,0.0,,0,0
,2031e9c8,Aneeta Santhosh,female,Malta,1,1,1,7,1,0,0,0,0,0,1.0,14.29,1,12,0,15,7.5,,0,0
,07f0cb7a,B Narangerel,female,Mongolia,3,3,1,10,1,1,0,0,0,0,0.5,10.0,0,0,0,0,0.0,,0,0
,8e91ae82,C Anayo,female,Uganda,1,1,1,1,1,1,0,0,0,0,,100.0,1,12,0,8,4.0,,0,0
,81271b06,C Atkins,female,United States of America,1,1,1,2,1,0,0,0,0,0,1.0,50.0,0,0,0,0,0.0,,0,0
,164d706e,C Sanda,female,Romania,1,1,1,9,1,0,0,0,0,0,1.0,11.11,0,0,0,0,0.0,,0,0
,2edff783,C Valencia,female,Argentina,4,1,1,1,1,0,0,0,0,0,1.0,100.0,4,66,5,70,6.36,14.0,3,0
,1191807f,D Dzimau,female,Malawi,2,1,1,2,1,1,0,0,0,0,,50.0,2,39,2,33,5.08,16.5,2,0
,559856d5,DJ Mokoatsela,female,Lesotho,1,1,1,4,1,0,0,0,0,0,1.0,25.0,1,12,0,23,11.5,,0,0
,8c52619b,DP David,female,India,2,1,1,2,1,0,0,0,0,0,1.0,50.0,2,42,1,34,4.86,34.0,1,0
,5dbf510d,DVO Garcia,female,Mexico,1,1,1,8,1,0,0,0,0,0,1.0,12.5,0,0,0,0,0.0,,0,0
,9908d470,EC Bargna,female,Germany,20,1,1,2,1,1,0,0,0,0,,50.0,20,402,20,369,5.51,18.45,5,1
,80622db4,Eman Said,female,Bahrain,1,1,1,1,1,0,0,0,0,0,1.0,100.0,0,0,0,0,0.0,,0,0
,777f65cd,Emilia Toro,female,Chile,2,2,1,16,1,1,0,0,0,0,1.0,6.25,1,6,0,29,29.0,,0,0
,841d07cc,Emylia Eliani,female,Malaysia,1,1,1,7,1,0,0,0,0,0,1.0,14.29,0,0,0,0,0.0,,0,0
,3e2a2df8,F Malotutoatasi,female,Samoa,1,1,1,4,1,1,0,0,0,0,,25.0,0,0,0,0,0.0,,0,0
,2479daa6,FR Davies,female,England,25,1,1,1,1,1,0,0,0,0,,100.0,25,468,23,534,6.85,23.22,4,0
,71b1e490,G Essoun,female,Ghana,1,1,1,7,1,0,0,0,0,0,1.0,14.29,1,24,1,39,9.75,39.0,1,0
,95bf6b2a,G Mallett,female,Jersey,10,2,1,8,1,1,0,0,0,0,1.0,12.5,9,168,15,147,5.25,9.8,4,0
,3dbbe483,G Setshwane,female,Botswana,7,2,1,5,1,0,0,0,0,0,0.5,20.0,7,150,8,91,3.64,11.38,3,0
,50b2f0a8,GR Menes,female,Kuwait,4,4,1,11,1,1,0,0,0,0,0.33,9.09,0,0,0,0,0.0,,0,0
,f6037e49,H Dassanayake,female,Finland,2,2,1,11,1,0,0,0,0,0,0.5,9.09,2,18,0,17,5.67,,0,0
,da663eca,H Lui,female,Hong Kong,1,1,1,7,1,0,0,0,0,0,1.0,14.29,0,0,0,0,0.0,,0,0
,433dbc41,H Sin Yee,female,Hong Kong,3,2,1,10,1,1,0,0,0,0,1.0,10.0,1,12,0,17,8.5,,0,0
,44d0e8af,HHC Gunaratne,female,Sri Lanka,8,2,1,3,1,1,0,0,0,0,1.0,33.33,8,152,5,155,6.12,31.0,2,0
,b52cb33e,Hailey Wong,female,Hong Kong,1,1,1,3,1,1,0,0,0,0,,33.33,1,12,0,17,8.5,,0,0
,46030558,Hawwa Shaaiqa,female,Maldives,3,3,1,18,1,0,0,0,0,0,0.33,5.56,1,6,0,15,15.0,,0,0
,48bcc6d7,Hee Jung Lee,female,South Korea,2,2,1,8,1,0,0,0,0,0,0.5,12.5,0,0,0,0,0.0,,0,0
,6501e421,Hina Hussain,female,Norway,2,2,1,4,1,0,0,0,0,0,0.5,25.0,1,24,2,21,5.25,10.5,2,0
,8d35b7da,J de Figueiredo,female,Portugal,3,1,1,3,1,0,0,0,0,0,1.0,33.33,3,66,2,48,4.36,24.0,2,0
,ab0f24e4,JF Smagacz,female,Spain,1,1,1,1,1,1,0,0,0,0,,100.0,0,0,0,0,0.0,,0,0
,ef1b7e1e,Jana Majski,female,Serbia,4,1,1,17,1,0,0,0,0,0,1.0,5.88,4,96,8,59,3.69,7.38,4,0
,eb2de8d9,K Amuge,female,Uganda,20,3,1,7,1,0,0,0,0,0,0.33,14.29,20,379,27,273,4.32,10.11,5,1
,0019edfc,K Follain,female,Jersey,2,2,1,2,1,1,0,0,0,0,1.0,50.0,0,0,0,0,0.0,,0,0
,c68e5545,K Gray,female,Canada,1,1,1,9,1,0,0,0,0,0,1.0,11.11,0,0,0,0,0.0,,0,0
,c212e935,K Hruskova,female,Czech Republic,2,2,1,8,1,0,0,0,0,0,0.5,12.5,0,0,0,0,0.0,,0,0
,9ca27eab,K Kisova,female,Czech Republic,7,7,1,45,1,1,0,0,0,0,0.17,2.22,3,18,0,36,12.0,,0,0
,d13c1b74,K Mahekdeep,female,Hong Kong,13,3,1,3,1,0,0,0,0,0,0.33,33.33,13,176,10,167,5.69,16.7,3,0
,c745f462,K Paskova,female,Bulgaria,8,7,1,31,1,3,0,0,0,0,0.25,3.23,5,84,2,119,8.5,59.5,1,0
,1ce0fb02,K Simone-Kingsley,female,Germany,2,2,1,4,1,0,0,0,0,0,0.5,25.0,0,0,0,0,0.0,,0,0
,e21ca3a8,KM Amoe,female,Fiji,1,1,1,12,1,0,0,0,0,0,1.0,8.33,0,0,0,0,0.0,,0,0
,329a8411,Kanchan Shrestha,female,Nepal,1,1,1,9,1,0,0,0,0,0,1.0,11.11,0,0,0,0,0.0,,0,0
,e9ead9c3,Kinaanath Ismail,female,Maldives,3,3,1,16,1,0,0,0,0,0,0.33,6.25,1,24,0,60,15.0,,0,0
,88c742fb,L Kooagile,female,Botswana,2,1,1,1,1,1,0,0,0,0,,100.0,1,12,1,5,2.5,5.0,1,0
,02e712ce,L Pemhiwa,female,Zimbabwe,1,1,1,2,1,1,0,0,0,0,,50.0,0,0,0,0,0.0,,0,0
,978a63d4,L Vua,female,Fiji,2,2,1,5,1,1,0,0,0,0,1.0,20.0,0,0,0,0,0.0,,0,0
,340202b0,LCN Smith,female,England,34,1,1,6,1,0,0,0,0,0,1.0,16.67,34,774,35,858,6.65,24.51,3,0
,d3cb9663,Lavanya Pillai,female,Qatar,1,1,1,10,1,1,0,0,0,0,,10.0,0,0,0,0,0.0,,0,0
,de92dc24,Lee Ra,female,South Korea,1,1,1,1,1,0,0,0,0,0,1.0,100.0,0,0,0,0,0.0,,0,0
,1aa600b6,M Dailesi,female,Malawi,2,2,1,14,1,0,0,0,0,0,0.5,7.14,0,0,0,0,0.0,,0,0
,5bb7ec70,M De Ridder,female,South Africa,1,1,1,2,1,0,0,0,0,0,1.0,50.0,0,0,0,0,0.0,,0,0
,15d6ef32,M Imimole,female,Nigeria,4,1,1,1,1,1,0,0,0,0,,100.0,4,72,0,54,4.5,,0,0
,dadfffc8,M Jayphert,female,Papua New Guinea,2,1,1,2,1,0,0,0,0,0,1.0,50.0,2,12,0,16,8.0,,0,0
,ae9c4c29,M Le Ray,female,Guernsey,1,1,1,8,1,1,0,0,0,0,,12.5,0,0,0,0,0.0,,0,0
,28615668,M Parinitha,female,Switzerland,7,1,1,4,1,0,0,0,0,0,1.0,25.0,7,126,10,124,5.9,12.4,2,0
,2e2233df,M Patwardhan,female,United States of America,1,1,1,3,1,0,0,0,0,0,1.0,33.33,0,0,0,0,0.0,,0,0
,4641d20b,M Pugi,female,Estonia,1,1,1,1,1,0,0,0,0,0,1.0,100.0,0,0,0,0,0.0,,0,0
,7dd6e13d,M Samake,female,Mali,1,1,1,6,1,0,0,0,0,0,1.0,16.67,0,0,0,0,0.0,,0,0
,6c9abc8a,M Sefati,female,Botswana,2,2,1,4,1,0,0,0,0,0,0.5,25.0,2,12,1,15,7.5,15.0,1,0
,f32cbd5b,M Sert,female,Turkey,2,2,1,8,1,0,0,0,0,0,0.5,12.5,0,0,0,0,0.0,,0,0
,00712197,M Watson,female,Guernsey,4,1,1,5,1,0,0,0,0,0,1.0,20.0,4,78,0,91,7.0,,0,0
,a44d44e2,MALD Buccimazza,female,Portugal,3,3,1,8,1,0,0,0,0,0,0.33,12.5,0,0,0,0,0.0,,0,0
,fbba7da6,MJV Villalobos,female,Costa Rica,1,1,1,3,1,1,0,0,0,0,,33.33,0,0,0,0,0.0,,0,0
,ed3cee10,Mahrukh Imtiaz,female,Canada,1,1,1,7,1,0,0,0,0,0,1.0,14.29,0,0,0,0,0.0,,0,0
,0e4abf0c,Maria Salazar,female,Chile,4,4,1,15,1,0,0,0,0,0,0.25,6.67,0,0,0,0,0.0,,0,0
,09653658,Mariam Waseem,female,Portugal,2,1,1,6,1,0,0,0,0,0,1.0,16.67,1,12,1,24,12.0,24.0,1,0
,06deb88a,Mariska Kornet,female,Netherlands,5,2,1,15,1,0,0,0,0,0,0.5,6.67,4,84,1,102,7.29,102.0,1,0
,f176e421,Meghna Singh,female,India,9,2,1,2,1,0,0,0,0,0,0.5,50.0,9,111,4,151,8.16,37.75,1,0
,cf712c6d,Mehak Thakur,female,United Arab Emirates,6,2,1,2,1,2,0,0,0,0,,50.0,4,28,3,17,3.64,5.67,2,0
,857e2c79,Mutaiba Ansar,female,Norway,1,1,1,5,1,0,0,0,0,0,1.0,20.0,0,0,0,0,0.0,,0,0
,1be8f244,N Gocheva,female,Bulgaria,5,5,1,10,1,2,0,0,0,0,0.33,10.0,0,0,0,0,0.0,,0,0
,ca3f2b64,N Kayani,female,Sweden,2,1,1,1,1,0,0,0,0,0,1.0,100.0,2,24,3,26,6.5,8.67,3,0
,62ee887e,N Tsiame,female,Lesotho,1,1,1,4,1,0,0,0,0,0,1.0,25.0,0,0,0,0,0.0,,0,0
,d4992df7,NJ Qaeze,female,France,3,3,1,10,1,0,0,0,0,0,0.33,10.0,1,12,2,15,7.5,7.5,2,0
,7fdb093b,NK Hamilton,female,Thailand,3,3,1,6,1,0,0,0,0,0,0.33,16.67,0,0,0,0,0.0,,0,0
,420d4d31,NM Meepage,female,Sri Lanka,9,1,1,2,1,1,0,0,0,0,,50.0,9,180,6,230,7.67,38.33,1,0
,7f8316e3,NO Tindo,female,Tanzania,3,1,1,1,1,1,0,0,0,0,,100.0,3,60,2,69,6.9,34.5,2,0
,5f22ccae,NSS Sharma,female,India,9,1,1,4,1,0,0,0,0,0,1.0,25.0,9,169,12,211,7.49,17.58,3,0
,4e0afa52,Nadeesha Waruwangodage,female,Cyprus,1,1,1,9,1,0,0,0,0,0,1.0,11.11,0,0,0,0,0.0,,0,0
,e466d85d,Nishma Pereira,female,Bahrain,1,1,1,10,1,0,0,0,0,0,1.0,10.0,0,0,0,0,0.0,,0,0
,51b9505a,OS Dlamini,female,Eswatini,3,3,1,16,1,1,0,0,0,0,0.5,6.25,2,24,0,42,10.5,,0,0
,af79635f,P Gundecha,female,Japan,2,1,1,11,1,1,0,0,0,0,,9.09,2,30,2,48,9.6,24.0,1,0
,5cb61188,P Nakitende,female,Uganda,1,1,1,3,1,0,0,0,0,0,1.0,33.33,0,0,0,0,0.0,,0,0
,ab7b5a48,Prithaa Ganeshan,female,Austria,2,2,1,11,1,1,0,0,0,0,1.0,9.09,0,0,0,0,0.0,,0,0
,459d974f,Pushpa Murali,female,Singapore,2,2,1,4,1,0,0,0,0,0,0.5,25.0,0,0,0,0,0.0,,0,0
,0eb829be,R Bowers-Fleming,female,Cook Islands,2,1,1,8,1,0,0,0,0,0,1.0,12.5,1,6,1,9,9.0,9.0,1,0
,202867f8,R Hathadurage,female,Bahrain,2,2,1,11,1,0,0,0,0,0,0.5,9.09,0,0,0,0,0.0,,0,0
,85914eb1,R Home,female,Guernsey,1,1,1,4,1,0,0,0,0,0,1.0,25.0,1,6,0,8,8.0,,0,0
,119dc992,R Kassim,female,Sierra Leone,4,1,1,2,1,1,0,0,0,0,,50.0,4,30,1,25,5.0,25.0,1,0
,8f201b0a,RA Lawrence,female,Netherlands,1,1,1,3,1,0,0,0,0,0,1.0,33.33,0,0,0,0,0.0,,0,0
,0f4f4f59,RD Penalba,female,Philippines,1,1,1,2,1,0,0,0,0,0,1.0,50.0,1,12,0,11,5.5,,0,0
,7a8292a4,Reyyan Aliusta,female,Turkey,3,1,1,4,1,0,0,0,0,0,1.0,25.0,2,24,3,33,8.25,11.0,3,0
,25e6f0fa,Rhyda Ofori,female,Ghana,1,1,1,3,1,0,0,0,0,0,1.0,33.33,1,12,0,13,6.5,,0,0
,d57451d0,S Chandnani,female,Qatar,1,1,1,4,1,0,0,0,0,0,1.0,25.0,1,6,0,9,9.0,,0,0
,b0433bc3,S Dhami,female,Nepal,1,1,1,8,1,0,0,0,0,0,1.0,12.5,0,0,0,0,0.0,,0,0
,dbc23e51,S Farooq,female,United States of America,8,1,1,1,1,1,0,0,0,0,,100.0,8,130,3,97,4.48,32.33,1,0
,8aba76c0,S Frank,female,Malawi,2,2,1,5,1,0,0,0,0,0,0.5,20.0,0,0,0,0,0.0,,0,0
,eed2d0be,S Jeelany,female,Oman,5,1,1,10,1,0,0,0,0,0,1.0,10.0,5,45,2,33,4.4,16.5,1,0
,080bbb6e,S Kailath,female,Austria,4,4,1,13,1,0,0,0,0,0,0.25,7.69,3,60,1,95,9.5,95.0,1,0
,e93f9604,S Khatri,female,Malta,4,3,1,31,1,0,0,0,0,0,0.33,3.23,2,30,0,58,11.6,,0,0
,911eb7a7,S Kunaratnam,female,Norway,1,1,1,8,1,1,0,0,0,0,,12.5,0,0,0,0,0.0,,0,0
,863aa653,S Nair,female,Oman,6,2,1,7,1,0,0,0,0,0,0.5,14.29,6,132,6,115,5.23,19.17,2,0
,f3fce917,S Sebastian,female,Croatia,1,1,1,18,1,0,0,0,0,0,1.0,5.56,0,0,0,0,0.0,,0,0
,c219a3c4,S Simic,female,Serbia,8,3,1,13,1,3,0,0,0,0,,7.69,7,85,3,89,6.28,29.67,1,0
,9e498eac,S Toffoletto,female,Italy,2,2,1,3,1,1,0,0,0,0,1.0,33.33,1,1,0,2,12.0,,0,0
,60622213,S Zafar,female,Canada,3,3,1,7,1,1,0,0,0,0,0.5,14.29,0,0,0,0,0.0,,0,0
,4afe1806,SD Ranawaka,female,Bahrain,6,3,1,17,1,0,0,0,0,0,0.33,5.88,5,97,5,109,6.74,21.8,2,0
,5be043df,SE Aley,female,Australia,2,1,1,3,1,0,0,0,0,0,1.0,33.33,2,24,0,38,9.5,,0,0
,aeccf5cc,SJ Bruce,female,Barbados,5,1,1,9,1,1,0,0,0,0,,11.11,5,72,3,79,6.58,26.33,1,0
,64ddc3e7,SM Ariyasinghage,female,Austria,4,3,1,6,1,0,0,0,0,0,0.33,16.67,1,6,0,16,16.0,,0,0
,864dba03,SPY Baron,female,France,1,1,1,9,1,0,0,0,0,0,1.0,11.11,1,6,0,11,11.0,,0,0
,39503052,Saba Ali Syeda,female,Saudi Arabia,2,2,1,6,1,2,0,0,0,0,,16.67,0,0,0,0,0.0,,0,0
,ee08063a,Samantha Singham,female,Singapore,1,1,1,8,1,0,0,0,0,0,1.0,12.5,0,0,0,0,0.0,,0,0
,11430949,San Nyo Htwe,female,Myanmar,2,1,1,3,1,1,0,0,0,0,,33.33,1,6,0,5,5.0,,0,0
,ee295039,Sangay Yangzom,female,Bhutan,3,1,1,1,1,1,0,0,0,0,,100.0,3,30,0,48,9.6,,0,0
,e03e2148,Sangay Zangmo,female,Bhutan,1,1,1,4,1,1,0,0,0,0,,25.0,0,0,0,0,0.0,,0,0
,4c84d883,Sean Chan Boromey,female,Cambodia,3,3,1,16,1,0,0,0,0,0,0.33,6.25,0,0,0,0,0.0,,0,0
,4e017436,Sharmin Sultana,female,Bangladesh,1,1,1,1,1,1,0,0,0,0,,100.0,0,0,0,0,0.0,,0,0
,c63fd74d,Shruti Yadav,female,Bahrain,8,4,1,8,1,2,0,0,0,0,0.5,12.5,8,126,5,154,7.33,30.8,2,0
,ce7ab5f8,Sonam Palden,female,Bhutan,1,1,1,5,1,0,0,0,0,0,1.0,20.0,0,0,0,0,0.0,,0,0
,b325acfa,Srishti Raha,female,Canada,2,2,1,4,1,1,0,0,0,0,1.0,25.0,0,0,0,0,0.0,,0,0
,9fd62e40,T Leskinen,female,Finland,1,1,1,1,1,1,0,0,0,0,,100.0,0,0,0,0,0.0,,0,0
,ec6e5aa0,T Males,female,Croatia,1,1,1,4,1,1,0,0,0,0,,25.0,0,0,0,0,0.0,,0,0
,c7183158,T Mosobela,female,Lesotho,1,1,1,4,1,0,0,0,0,0,1.0,25.0,0,0,0,0,0.0,,0,0
,f76f673e,T Sarada,female,Malta,3,1,1,4,1,0,0,0,0,0,1.0,25.0,2,38,1,40,6.32,40.0,1,0
,ed188d83,TB Godisamang,female,Botswana,5,5,1,15,1,2,0,0,0,0,0.33,6.67,0,0,0,0,0.0,,0,0
,b97e474c,V Atanasova,female,Bulgaria,5,5,1,36,1,2,0,0,0,0,0.33,2.78,5,64,2,136,12.75,68.0,2,0
,5eaff430,V Vithanage,female,Canada,4,2,1,4,1,0,0,0,0,0,0.5,25.0,4,90,4,77,5.13,19.25,2,0
,0e130fcb,VM Mutungwindu,female,Zimbabwe,3,3,1,11,1,0,0,0,0,0,0.33,9.09,0,0,0,0,0.0,,0,0
,cfbd10ee,W Matabwa,female,Malawi,3,2,1,6,1,0,0,0,0,0,0.5,16.67,3,42,1,58,8.29,58.0,1,0
,1a35a2d3,Wania Malik,female,Spain,2,2,1,2,1,0,0,0,0,0,0.5,50.0,2,24,1,16,4.0,16.0,1,0
,dca2e79a,YP Molina,female,Costa Rica,5,2,1,4,1,1,0,0,0,0,1.0,25.0,5,106,12,52,2.94,4.33,5,1
,bdac9f0f,A Bidari,female,Nepal,1,0,0,0,0,0,0,0,0,0,,0.0,1,24,0,17,4.25,,0,0
,4cc200ec,A Dastgir,female,Norway,1,1,0,2,0,0,0,0,0,0,0.0,0.0,0,0,0,0,0.0,,0,0
,86514032,A Djordjevic,female,Serbia,2,2,0,1,0,2,0,0,0,0,,0.0,0,0,0,0,0.0,,0,0
,0a340589,A Gianani,female,Gibraltar,1,0,0,0,0,0,0,0,0,0,,0.0,1,12,0,9,4.5,,0,0
,993d93ec,A Hogg,female,Scotland,1,0,0,0,0,0,0,0,0,0,,0.0,1,12,0,13,6.5,,0,0
,4df5ba93,A Kayuni,female,Zambia,1,0,0,0,0,0,0,0,0,0,,0.0,1,6,0,12,12.0,,0,0
,8595cc08,A Kone,female,Mali,1,1,0,3,0,0,0,0,0,0,0.0,0.0,0,0,0,0,0.0,,0,0
,6ff1d14f,A Levaci,female,Fiji,6,2,0,3,0,0,0,0,0,0,0.0,0.0,6,90,6,92,6.13,15.33,2,0
,3391c154,A Matovic,female,Serbia,1,1,0,1,0,1,0,0,0,0,,0.0,0,0,0,0,0.0,,0,0
,7efe9059,A Saifee,female,Austria,2,2,0,4,0,2,0,0,0,0,,0.0,0,0,0,0,0.0,,0,0
,c6d92330,A Sangare,female,Mali,1,1,0,6,0,0,0,0,0,0,0.0,0.0,0,0,0,0,0.0,,0,0
,65684b2b,A Vailoa,female,Cook Islands,6,2,0,4,0,2,0,0,0,0,,0.0,6,96,9,99,6.19,11.0,4,0
,fe226394,A Vishwakarma,female,Norway,1,1,0,4,0,0,0,0,0,0,0.0,0.0,0,0,0,0,0.0,,0,0
,1fc086bc,ADP Diaz,female,Costa Rica,2,0,0,0,0,0,0,0,0,0,,0.0,2,24,3,21,5.25,7.0,3,0
,87e5a75b,AGC Vimukthi,female,Sri Lanka,3,0,0,0,0,0,0,0,0,0,,0.0,3,60,3,51,5.1,17.0,3,0
,ce18f6f6,AL Kerrison,female,Ireland,2,0,0,0,0,0,0,0,0,0,,0.0,2,30,0,39,7.8,,0,0
,e2b2c927,APS Sanchez,female,Costa Rica,1,0,0,0,0,0,0,0,0,0,,0.0,1,11,1,13,7.09,13.0,1,0
,e1a1b6c4,Aarsheya Sharma,female,Singapore,1,1,0,2,0,0,0,0,0,0,0.0,0.0,0,0,0,0,0.0,,0,0
,9c7e9140,Aisha Rahman,female,Qatar,1,1,0,2,0,0,0,0,0,0,0.0,0.0,0,0,0,0,0.0,,0,0
,18e71a72,Alice Davis,female,Guernsey,1,0,0,0,0,0,0,0,0,0,,0.0,1,12,1,17,8.5,17.0,1,0
,d4b579b4,Amber Kainat,female,Pakistan,1,0,0,0,0,0,0,0,0,0,,0.0,1,12,0,14,7.0,,0,0
,97b8dc3d,Amma Kashif,female,Qatar,3,1,0,5,0,1,0,0,0,0,,0.0,3,30,0,31,6.2,,0,0
,e15d9f04,Anjali Chand,female,Nepal,3,1,0,2,0,0,0,0,0,0,0.0,0.0,3,43,10,4,0.56,0.4,6,1
,bb542dcf,Anjuman Hira,female,Austria,1,1,0,1,0,0,0,0,0,0,0.0,0.0,0,0,0,0,0.0,,0,0
,46edfd68,Anna Wilson,female,Isle of Man,1,1,0,1,0,0,0,0,0,0,0.0,0.0,0,0,0,0,0.0,,0,0
,ba0826da,Anu Kadayat,female,Nepal,2,0,0,0,0,0,0,0,0,0,,0.0,2,12,0,23,11.5,,0,0
,c98c19e5,Areeba Mughal,female,Oman,1,0,0,0,0,0,0,0,0,0,,0.0,1,12,0,9,4.5,,0,0
,ab42bc93,Aryaa Kulkarni,female,Estonia,2,2,0,6,0,0,0,0,0,0,0.0,0.0,2,21,1,22,6.29,22.0,1,0
,053b66e4,B Bulganchimeg,female,Mongolia,1,1,0,1,0,0,0,0,0,0,0.0,0.0,0,0,0,0,0.0,,0,0
,5a58e0fb,B Coulibaly,female,Mali,1,1,0,1,0,1,0,0,0,0,,0.0,0,0,0,0,0.0,,0,0
,27d95005,B Maximo,female,Portugal,3,1,0,3,0,0,0,0,0,0,0.0,0.0,3,60,3,79,7.9,26.33,2,0
,7bd61c82,B Murtagh,female,Isle of Man,3,0,0,0,0,0,0,0,0,0,,0.0,3,59,3,45,4.58,15.0,2,0
,15ab980a,B Shino-Dyson,female,Japan,1,1,0,1,0,1,0,0,0,0,,0.0,0,0,0,0,0.0,,0,0
,d1e75f95,B Verdon,female,France,2,1,0,3,0,0,0,0,0,0,0.0,0.0,1,12,2,3,1.5,1.5,2,0
,e179aae0,BM Anusha,female,India,2,0,0,0,0,0,0,0,0,0,,0.0,2,48,1,44,5.5,44.0,1,0
,9edc0abb,Bibina Baby,female,Malta,3,2,0,9,0,1,0,0,0,0,0.0,0.0,1,18,0,34,11.33,,0,0
,2cb0acf4,C Beckford,female,United States of America,4,1,0,3,0,0,0,0,0,0,0.0,0.0,4,60,5,53,5.3,10.6,3,0
,49e5f1b4,C Elmore,female,Guernsey,2,1,0,1,0,0,0,0,0,0,0.0,0.0,2,30,4,25,5.0,6.25,2,0
,c61c241b,C Elmsjoo,female,Sweden,1,1,0,2,0,0,0,0,0,0,0.0,0.0,0,0,0,0,0.0,,0,0
,277d2704,C Kauripeke,female,Namibia,1,0,0,0,0,0,0,0,0,0,,0.0,1,18,1,0,0.0,0.0,1,0
,356af6fa,C Moyo,female,Zimbabwe,3,1,0,1,0,0,0,0,0,0,0.0,0.0,3,50,0,53,6.36,,0,0
,369b8bfc,C Praboda,female,Sri Lanka,6,0,0,0,0,0,0,0,0,0,,0.0,6,138,6,125,5.43,20.83,3,0
,4cc7cb1d,C Prasad,female,United States of America,4,0,0,0,0,0,0,0,0,0,,0.0,4,66,12,36,3.27,3.0,4,0
,ea4f7003,C Sammut,female,Malta,2,2,0,6,0,0,0,0,0,0,0.0,0.0,0,0,0,0,0.0,,0,0
,5ab614e2,C Umutonni,female,Rwanda,2,0,0,0,0,0,0,0,0,0,,0.0,2,12,0,11,5.5,,0,0
,86ae7e09,C Wyngaard,female,South Africa,1,0,0,0,0,0,0,0,0,0,,0.0,1,6,0,8,8.0,,0,0
,98b974df,C van der Westhuizen,female,South Africa,1,0,0,0,0,0,0,0,0,0,,0.0,1,24,1,12,3.0,12.0,1,0
,51429d1d,CJ Bruell,female,Germany,2,0,0,0,0,0,0,0,0,0,,0.0,2,30,0,33,6.6,,0,0
,29f936f0,CR Smith,female,Australia,2,0,0,0,0,0,0,0,0,0,,0.0,2,48,1,47,5.88,47.0,1,0
,d1f0c1ce,CV Fernandes Torres,female,Brazil,1,0,0,0,0,0,0,0,0,0,,0.0,1,12,1,10,5.0,10.0,1,0
,9b4b9ce3,Constanza Oyarce,female,Chile,2,2,0,5,0,0,0,0,0,0,0.0,0.0,2,48,0,151,18.88,,0,0
,e712a65b,Constanza Vergara,female,Chile,1,1,0,7,0,0,0,0,0,0,0.0,0.0,1,6,0,30,30.0,,0,0
,b509e186,Cynthia Konadu,female,Ghana,1,1,0,15,0,0,0,0,0,0,0.0,0.0,1,24,1,31,7.75,31.0,1,0
,7b5ba4d1,D Fisher,female,Jersey,2,0,0,0,0,0,0,0,0,0,,0.0,2,24,1,17,4.25,17.0,1,0
,770202e9,D Igihozo,female,Rwanda,1,0,0,0,0,0,0,0,0,0,,0.0,1,24,1,11,2.75,11.0,1,0
,b901e93c,D Pearce,female,Jersey,1,0,0,0,0,0,0,0,0,0,,0.0,1,6,0,8,8.0,,0,0
,de8633f1,D Prakas,female,Singapore,1,1,0,1,0,0,0,0,0,0,0.0,0.0,0,0,0,0,0.0,,0,0
,3a592d0d,D Samarawickrama,female,Italy,1,0,0,0,0,0,0,0,0,0,,0.0,1,6,1,16,16.0,16.0,1,0
,3e377209,D Tanase,female,Romania,6,1,0,2,0,0,0,0,0,0,0.0,0.0,5,78,5,79,6.08,15.8,4,0
,1cd03c09,D Uwizeye,female,Rwanda,1,0,0,0,0,0,0,0,0,0,,0.0,1,12,1,6,3.0,6.0,1,0
,e383e204,DB Chhetri,female,Sweden,1,0,0,0,0,0,0,0,0,0,,0.0,1,6,1,6,6.0,6.0,1,0
,3e31cd4c,DLN Kenfack,female,Cameroon,1,1,0,3,0,0,0,0,0,0,0.0,0.0,0,0,0,0,0.0,,0,0
,61bad8c9,DR Bangi,female,Indonesia,4,0,0,0,0,0,0,0,0,0,,0.0,4,66,6,28,2.55,4.67,4,0
,0272042d,Danaya Ilieva,female,Bulgaria,3,1,0,4,0,0,0,0,0,0,0.0,0.0,3,42,3,73,10.43,24.33,2,0
,43433cec,Dechen Zangmo,female,Bhutan,1,0,0,0,0,0,0,0,0,0,,0.0,1,24,1,10,2.5,10.0,1,0
,f6ba97c6,Dilum Fernando,female,Bahrain,1,0,0,0,0,0,0,0,0,0,,0.0,1,6,0,10,10.0,,0,0
,70c36d4d,Disna Jayasooriya,female,Bahrain,2,1,0,2,0,0,0,0,0,0,0.0,0.0,2,33,2,44,8.0,22.0,1,0
,781ca33a,Durriya Malik,female,Bahrain,1,1,0,1,0,0,0,0,0,0,0.0,0.0,0,0,0,0,0.0,,0,0
,00c9dcf9,E Bakiweyem,female,Ghana,1,1,0,3,0,0,0,0,0,0,0.0,0.0,1,6,1,5,5.0,5.0,1,0
,83ca2482,E Eduard,female,Indonesia,2,0,0,0,0,0,0,0,0,0,,0.0,2,36,3,31,5.17,10.33,3,0
,58ebd785,E Mapisa,female,Malawi,1,0,0,0,0,0,0,0,0,0,,0.0,1,12,1,14,7.0,14.0,1,0
,657da2f4,E Mbofana,female,Zimbabwe,6,0,0,0,0,0,0,0,0,0,,0.0,6,120,10,101,5.05,10.1,6,1
,6d97d2e2,E Simeon,female,Namibia,1,1,0,2,0,0,0,0,0,0,0.0,0.0,0,0,0,0,0.0,,0,0
,c68b8478,E Tzanavari,female,Greece,1,1,0,1,0,0,0,0,0,0,0.0,0.0,0,0,0,0,0.0,,0,0
,1806d310,EE Corder,female,Netherlands,4,2,0,5,0,0,0,0,0,0,0.0,0.0,3,54,0,66,7.33,,0,0
,06be92a7,Eashal Ibrahim,female,Maldives,3,3,0,27,0,0,0,0,0,0,0.0,0.0,2,30,0,64,12.8,,0,0
,5257e839,Emily Merrien,female,Guernsey,3,1,0,1,0,0,0,0,0,0,0.0,0.0,3,60,4,63,6.3,15.75,2,0
,dc04a09c,Emmanuella Nyaaba,female,Ghana,1,1,0,1,0,0,0,0,0,0,0.0,0.0,1,24,1,26,6.5,26.0,1,0
,ae694554,Esperanza Rubio,female,Chile,2,2,0,14,0,0,0,0,0,0,0.0,0.0,2,48,2,111,13.88,55.5,2,0
,12cff704,Eva Somsel Yangzom,female,Bhutan,2,0,0,0,0,0,0,0,0,0,,0.0,2,12,0,20,10.0,,0,0
,1530ae9d,F Bangur,female,Sierra Leone,6,1,0,1,0,1,0,0,0,0,,0.0,6,84,1,106,7.57,106.0,1,0
,637680bc,F Copley,female,Jersey,4,1,0,2,0,0,0,0,0,0,0.0,0.0,4,81,7,44,3.26,6.29,3,0
,0bb077ff,F Effiong,female,Nigeria,2,0,0,0,0,0,0,0,0,0,,0.0,2,24,2,17,4.25,8.5,2,0
,1ef9efc3,F Fyneface,female,Nigeria,1,1,0,1,0,0,0,0,0,0,0.0,0.0,0,0,0,0,0.0,,0,0
,b6bc4d31,F Martin,female,Isle of Man,3,0,0,0,0,0,0,0,0,0,,0.0,3,28,2,35,7.5,17.5,1,0
,030c39f1,FC Ellingworth,female,Luxembourg,1,1,0,5,0,1,0,0,0,0,,0.0,0,0,0,0,0.0,,0,0
,b91efad5,FC Leydon-Davis,female,New Zealand,2,0,0,0,0,0,0,0,0,0,,0.0,2,48,3,39,4.88,13.0,2,0
,c8b0b64c,FDM Devonshire,female,New Zealand,2,0,0,0,0,0,0,0,0,0,,0.0,2,30,2,31,6.2,15.5,1,0
,36f7682b,Farial Zia Safdar,female,Norway,2,2,0,3,0,0,0,0,0,0,0.0,0.0,2,43,5,30,4.19,6.0,3,0
,8c218e1b,Farjana Easmin,female,Bangladesh,1,0,0,0,0,0,0,0,0,0,,0.0,1,6,0,9,9.0,,0,0
,e98606a2,Fathimath Anaal,female,Maldives,2,2,0,13,0,0,0,0,0,0,0.0,0.0,1,6,0,4,4.0,,0,0
,0626d312,Florencia Martinez,female,Chile,4,4,0,34,0,0,0,0,0,0,0.0,0.0,3,36,0,102,17.0,,0,0
,ccd38b40,Francesca Galan,female,Argentina,3,1,0,1,0,1,0,0,0,0,,0.0,3,50,3,38,4.56,12.67,2,0
,60cc2fcb,G Ephraim,female,Nigeria,1,1,0,10,0,0,0,0,0,0,0.0,0.0,0,0,0,0,0.0,,0,0
,c5c308b7,G Ionita,female,Romania,1,1,0,1,0,0,0,0,0,0,0.0,0.0,0,0,0,0,0.0,,0,0
,46804494,G Mugwaneza,female,Rwanda,1,0,0,0,0,0,0,0,0,0,,0.0,1,12,1,17,8.5,17.0,1,0
,3fcb7b21,G Quaicoe,female,Ghana,2,1,0,1,0,0,0,0,0,0,0.0,0.0,2,42,2,56,8.0,28.0,1,0
,556e2874,G Ribeiro,female,Brazil,3,0,0,0,0,0,0,0,0,0,,0.0,3,18,1,19,6.33,19.0,1,0
,656b696c,Gargi Arya,female,Germany,1,1,0,2,0,0,0,0,0,0,0.0,0.0,1,12,1,11,5.5,11.0,1,0
,36ab1e76,H Currie,female,Gibraltar,1,1,0,1,0,0,0,0,0,0,0.0,0.0,0,0,0,0,0.0,,0,0
,99812d10,H Graham,female,Australia,5,0,0,0,0,0,0,0,0,0,,0.0,5,84,8,113,8.07,14.12,4,0
,c4b792e5,H Kavasoglu,female,Turkey,1,1,0,2,0,0,0,0,0,0,0.0,0.0,0,0,0,0,0.0,,0,0
,e4f68364,H Mbam,female,Nigeria,5,1,0,1,0,0,0,0,0,0,0.0,0.0,4,64,7,63,5.91,9.0,3,0
,7bdbd6d0,H Roy,female,Nepal,2,1,0,1,0,0,0,0,0,0,0.0,0.0,2,42,3,28,4.0,9.33,2,0
,0e8f734c,H Shreya,female,Sweden,3,1,0,1,0,1,0,0,0,0,,0.0,3,54,5,53,5.89,10.6,3,0
,50b558d2,HJ Darlington,female,Australia,2,0,0,0,0,0,0,0,0,0,,0.0,2,18,0,30,10.0,,0,0
,a594a6e0,HL Ferling,female,Australia,8,1,0,1,0,0,0,0,0,0,0.0,0.0,8,144,5,135,5.62,27.0,2,0
,b88a24ba,HM Bandara,female,Romania,1,0,0,0,0,0,0,0,0,0,,0.0,1,12,0,11,5.5,,0,0
,6114eaf4,HR Ponja,female,Mozambique,2,2,0,7,0,1,0,0,0,0,0.0,0.0,0,0,0,0,0.0,,0,0
,d7dc5c12,Habiba Islam,female,Bangladesh,1,0,0,0,0,0,0,0,0,0,,0.0,1,12,0,20,10.0,,0,0
,6cd9f191,Han Won,female,South Korea,1,1,0,5,0,0,0,0,0,0,0.0,0.0,0,0,0,0,0.0,,0,0
,63825940,Hawwa Ifasha,female,Maldives,1,1,0,1,0,0,0,0,0,0,0.0,0.0,1,6,0,16,16.0,,0,0
,5e71e5cc,Hiba Shamshad,female,Canada,4,1,0,3,0,0,0,0,0,0,0.0,0.0,4,66,1,52,4.73,52.0,1,0
,914d0a6e,Hifsa Butt,female,Spain,1,1,0,6,0,0,0,0,0,0,0.0,0.0,0,0,0,0,0.0,,0,0
,32b461b1,Hung Ying Ho,female,Hong Kong,2,1,0,3,0,1,0,0,0,0,,0.0,2,24,0,12,3.0,,0,0
,58da4880,I Kaur,female,Portugal,1,1,0,1,0,1,0,0,0,0,,0.0,0,0,0,0,0.0,,0,0
,a91772c4,I Nandera,female,Uganda,2,0,0,0,0,0,0,0,0,0,,0.0,2,42,1,36,5.14,36.0,1,0
,a5824c28,I Palliya,female,Romania,1,1,0,1,0,0,0,0,0,0,0.0,0.0,0,0,0,0,0.0,,0,0
,6bcefc6e,I Quee,female,Sierra Leone,2,0,0,0,0,0,0,0,0,0,,0.0,2,30,4,19,3.8,4.75,2,0
,eb001e0b,I Rodriguez,female,Mexico,2,1,0,1,0,1,0,0,0,0,,0.0,2,24,2,26,6.5,13.0,2,0
,1ea2e4af,I Siriwardanalage,female,Cyprus,1,0,0,0,0,0,0,0,0,0,,0.0,1,6,0,16,16.0,,0,0
,7890aa33,I Smotara,female,Croatia,1,1,0,7,0,0,0,0,0,0,0.0,0.0,0,0,0,0,0.0,,0,0
,1a5070f6,I Stoilva,female,Bulgaria,2,2,0,14,0,0,0,0,0,0,0.0,0.0,0,0,0,0,0.0,,0,0
,4081b382,IIA Vildosola,female,Chile,2,2,0,5,0,0,0,0,0,0,0.0,0.0,0,0,0,0,0.0,,0,0
,f46500c3,IT Guha,female,England,2,0,0,0,0,0,0,0,0,0,,0.0,2,48,2,53,6.62,26.5,2,0
,308d6f62,IU Jayamannage,female,Italy,1,1,0,5,0,1,0,0,0,0,,0.0,0,0,0,0,0.0,,0,0
,bfb66913,Isabella Clarke,female,Isle of Man,3,1,0,1,0,1,0,0,0,0,,0.0,3,60,5,55,5.5,11.0,3,0
,7aac64bb,Ivy Yeboah,female,Ghana,2,2,0,5,0,0,0,0,0,0,0.0,0.0,0,0,0,0,0.0,,0,0
,a518b6c9,J Ogolla,female,Kenya,1,0,0,0,0,0,0,0,0,0,,0.0,1,12,0,10,5.0,,0,0
,80b1465d,J Rokoro,female,Fiji,4,1,0,1,0,0,0,0,0,0,0.0,0.0,4,42,1,62,8.86,62.0,1,0
,697e5758,J Sainda,female,Mozambique,1,1,0,21,0,0,0,0,0,0,0.0,0.0,0,0,0,0,0.0,,0,0
,08c8c151,J Sonia,female,Mozambique,1,0,0,0,0,0,0,0,0,0,,0.0,1,18,0,16,5.33,,0,0
,ac9c2a35,J Ulrik,female,Tanzania,1,0,0,0,0,0,0,0,0,0,,0.0,1,24,2,14,3.5,7.0,2,0
,ecb8ba2c,J Winster,female,South Africa,4,0,0,0,0,0,0,0,0,0,,0.0,4,88,5,59,4.02,11.8,2,0
,dff2ffa0,JC Molina,female,Costa Rica,2,0,0,0,0,0,0,0,0,0,,0.0,2,36,3,19,3.17,6.33,2,0
,045e73c2,JG Kaur,female,Spain,1,0,0,0,0,0,0,0,0,0,,0.0,1,18,0,17,5.67,,0,0
,6e8b586a,JM Dibble,female,England,1,1,0,1,0,0,0,0,0,0,0.0,0.0,1,12,0,21,10.5,,0,0
,ffddff25,JRD Ngana,female,Indonesia,1,0,0,0,0,0,0,0,0,0,,0.0,1,12,0,8,4.0,,0,0
,905bfcc8,JS Eguid,female,Philippines,1,1,0,1,0,0,0,0,0,0,0.0,0.0,0,0,0,0,0.0,,0,0
,e6282830,Jenissa Jain,female,Singapore,1,1,0,1,0,0,0,0,0,0,0.0,0.0,0,0,0,0,0.0,,0,0
,68b9e5ea,Jeon Myeong,female,South Korea,1,0,0,0,0,0,0,0,0,0,,0.0,1,12,1,18,9.0,18.0,1,0
,5879b714,K Kanwar,female,Sweden,2,1,0,1,0,1,0,0,0,0,,0.0,2,18,0,32,10.67,,0,0
,7ee0f839,K Kaur,female,Italy,1,1,0,3,0,0,0,0,0,0,0.0,0.0,0,0,0,0,0.0,,0,0
,690ae430,K Mabitle,female,Lesotho,2,2,0,3,0,0,0,0,0,0,0.0,0.0,0,0,0,0,0.0,,0,0
,ac5003f9,K Marasini,female,Nepal,3,1,0,5,0,1,0,0,0,0,,0.0,3,24,1,35,8.75,35.0,1,0
,0e3796d1,K Maseko,female,Eswatini,3,3,0,12,0,2,0,0,0,0,0.0,0.0,1,6,0,19,19.0,,0,0
,7f7dc2ee,K Ogola,female,Kenya,6,2,0,5,0,2,0,0,0,0,,0.0,4,50,2,34,4.08,17.0,1,0
,b4c2e8ff,K Raphapha,female,Botswana,2,2,0,3,0,0,0,0,0,0,0.0,0.0,0,0,0,0,0.0,,0,0
,6900060d,K Schultz,female,West Indies,4,1,0,1,0,0,0,0,0,0,0.0,0.0,4,36,0,51,8.5,,0,0
,bcd1f525,KA Heffernan,female,New Zealand,2,0,0,0,0,0,0,0,0,0,,0.0,2,36,1,29,4.83,29.0,1,0
,4291f081,KA Knight,female,New Zealand,2,0,0,0,0,0,0,0,0,0,,0.0,2,42,2,41,5.86,20.5,2,0
,7a0650ea,KE Pike,female,Australia,2,0,0,0,0,0,0,0,0,0,,0.0,2,42,0,64,9.14,,0,0
,e69dbbef,KL George,female,England,5,1,0,2,0,0,0,0,0,0,0.0,0.0,5,78,2,117,9.0,58.5,1,0
,25654c89,KL Pulford,female,New Zealand,1,0,0,0,0,0,0,0,0,0,,0.0,1,24,1,17,4.25,17.0,1,0
,138becd4,KP Bhuva,female,Qatar,2,2,0,2,0,0,0,0,0,0,0.0,0.0,0,0,0,0,0.0,,0,0
,8c9a7c92,Kadri Just,female,Estonia,1,1,0,12,0,0,0,0,0,0,0.0,0.0,0,0,0,0,0.0,,0,0
,bb14ada4,Kelly Ndiraya,female,Zimbabwe,1,1,0,1,0,0,0,0,0,0,0.0,0.0,0,0,0,0,0.0,,0,0
,f2a34cbc,Kinley Bidha,female,Bhutan,3,1,0,2,0,0,0,0,0,0,0.0,0.0,2,48,0,46,5.75,,0,0
,c96b8c25,L Enoch,female,Vanuatu,1,0,0,0,0,0,0,0,0,0,,0.0,1,6,1,6,6.0,6.0,1,0
,d69196e9,L Fainicka,female,France,2,2,0,3,0,0,0,0,0,0,0.0,0.0,0,0,0,0,0.0,,0,0
,4fbe9e03,L Hamilton,female,Netherlands,4,0,0,0,0,0,0,0,0,0,,0.0,4,72,4,52,4.33,13.0,3,0
,a5ce3e4d,L Hornby-Wheeler,female,Isle of Man,3,2,0,6,0,0,0,0,0,0,0.0,0.0,2,24,0,34,8.5,,0,0
,289a1cf1,L Iglesias,female,Argentina,1,1,0,2,0,1,0,0,0,0,,0.0,0,0,0,0,0.0,,0,0
,99772efd,L Khotso,female,Lesotho,3,3,0,16,0,0,0,0,0,0,0.0,0.0,2,42,0,62,8.86,,0,0
,c0e88e7d,L Leemhuis,female,Netherlands,2,0,0,0,0,0,0,0,0,0,,0.0,2,18,1,28,9.33,28.0,1,0
,ef3aeb35,L Thobela,female,Eswatini,1,1,0,1,0,0,0,0,0,0,0.0,0.0,1,6,0,7,7.0,,0,0
,6c724896,L Vuadreu,female,Fiji,1,0,0,0,0,0,0,0,0,0,,0.0,1,24,2,25,6.25,12.5,2,0
,27b50a31,LD Chukkapalli-Llinares,female,Spain,2,0,0,0,0,0,0,0,0,0,,0.0,2,30,0,27,5.4,,0,0
,fe7ba5cf,LI Haoye,female,China,7,2,0,2,0,0,0,0,0,0,0.0,0.0,7,168,9,119,4.25,13.22,2,0
,c347ffe6,LK Hamilton,female,Australia,6,0,0,0,0,0,0,0,0,0,,0.0,6,96,2,79,4.94,39.5,1,0
,642b1b28,LS Simelane,female,Eswatini,7,4,0,8,0,2,0,0,0,0,0.0,0.0,7,132,6,224,10.18,37.33,2,0
,9e310ab6,LV Mandhate,female,Mozambique,2,0,0,0,0,0,0,0,0,0,,0.0,2,30,2,32,6.4,16.0,1,0
,e575e4c5,Leen Luthufee,female,Maldives,2,2,0,11,0,0,0,0,0,0,0.0,0.0,0,0,0,0,0.0,,0,0
,69fc75bb,Lily Lamb,female,Cook Islands,3,0,0,0,0,0,0,0,0,0,,0.0,3,42,2,57,8.14,28.5,2,0
,2febebb4,Lily Rani Biswas,female,Bangladesh,2,1,0,2,0,0,0,0,0,0,0.0,0.0,2,12,0,14,7.0,,0,0
,6196a626,Lyu Yihan,female,China,1,0,0,0,0,0,0,0,0,0,,0.0,1,6,0,2,2.0,,0,0
,62fb9336,M Anyigo,female,Uganda,1,0,0,0,0,0,0,0,0,0,,0.0,1,15,2,5,2.0,2.5,2,0
,4dd262d6,M Chaudhary,female,United States of America,2,0,0,0,0,0,0,0,0,0,,0.0,2,48,1,37,4.62,37.0,1,0
,e9440fb5,M Coulibaly,female,Mali,1,1,0,12,0,0,0,0,0,0,0.0,0.0,0,0,0,0,0.0,,0,0
,9a14a211,M Esquivel,female,Argentina,1,1,0,1,0,0,0,0,0,0,0.0,0.0,0,0,0,0,0.0,,0,0
,25f2e969,M Kaitaranta,female,Finland,1,0,0,0,0,0,0,0,0,0,,0.0,1,12,0,10,5.0,,0,0
,91987042,M Kaur,female,Hong Kong,1,0,0,0,0,0,0,0,0,0,,0.0,1,12,0,16,8.0,,0,0
,9f2cca6b,M Macelli,female,Malta,1,1,0,4,0,1,0,0,0,0,,0.0,0,0,0,0,0.0,,0,0
,d204a45a,M Mastrangelo,female,Argentina,1,0,0,0,0,0,0,0,0,0,,0.0,1,24,1,10,2.5,10.0,1,0
,f763e221,M Mete,female,Vanuatu,2,1,0,1,0,0,0,0,0,0,0.0,0.0,1,18,1,11,3.67,11.0,1,0
,dea667e5,M Methtananda,female,Sri Lanka,1,0,0,0,0,0,0,0,0,0,,0.0,1,12,0,23,11.5,,0,0
,55417c5f,M Mumford,female,Gibraltar,1,0,0,0,0,0,0,0,0,0,,0.0,1,6,0,11,11.0,,0,0
,ffc44968,M Paryani,female,Gibraltar,1,0,0,0,0,0,0,0,0,0,,0.0,1,6,2,3,3.0,1.5,2,0
,b641378d,M Rodan,female,Fiji,1,1,0,1,0,0,0,0,0,0,0.0,0.0,0,0,0,0,0.0,,0,0
,67c83213,M Salum,female,Tanzania,1,1,0,2,0,1,0,0,0,0,,0.0,1,18,2,6,2.0,3.0,2,0
,2be548b0,M Ulmanova,female,Czech Republic,2,0,0,0,0,0,0,0,0,0,,0.0,2,30,2,37,7.4,18.5,2,0
,d9645cab,M Zdravkova,female,Bulgaria,6,3,0,15,0,2,0,0,0,0,0.0,0.0,3,41,1,38,5.56,38.0,1,0
,560ef10a,M Zwilling,female,Netherlands,4,2,0,6,0,0,0,0,0,0,0.0,0.0,4,54,5,56,6.22,11.2,3,0
,0e144696,MAL Torres,female,Mexico,1,1,0,2,0,1,0,0,0,0,,0.0,0,0,0,0,0.0,,0,0
,59aea698,MI Tato,female,Samoa,2,0,0,0,0,0,0,0,0,0,,0.0,2,42,2,22,3.14,11.0,2,0
,84c422e3,MJ Greig,female,New Zealand,1,1,0,1,0,0,0,0,0,0,0.0,0.0,0,0,0,0,0.0,,0,0
,f6b2e610,MJ Massawe,female,Tanzania,6,1,0,0,0,1,0,0,0,0,,0.0,6,144,2,160,6.67,80.0,1,0
,9049ab63,MR Corteen-Coleman,female,England,1,0,0,0,0,0,0,0,0,0,,0.0,1,18,1,19,6.33,19.0,1,0
,b36c42ac,Ma Luz Barcelona,female,Philippines,3,2,0,4,0,0,0,0,0,0,0.0,0.0,1,6,0,10,10.0,,0,0
,f8809f92,Maaha Naseer,female,Maldives,2,2,0,6,0,0,0,0,0,0,0.0,0.0,1,18,0,30,10.0,,0,0
,1252c950,Mah Noor,female,Saudi Arabia,8,6,0,14,0,1,0,0,0,0,0.0,0.0,5,72,3,146,12.17,48.67,3,0
,3021a755,Maham Tariq,female,Pakistan,3,0,0,0,0,0,0,0,0,0,,0.0,3,48,1,75,9.38,75.0,1,0
,e38aef0d,Mahnoor Mahmood,female,Kuwait,2,2,0,7,0,0,0,0,0,0,0.0,0.0,0,0,0,0,0.0,,0,0
,e3ae1e66,Maira Saleem,female,Hong Kong,1,0,0,0,0,0,0,0,0,0,,0.0,1,18,0,18,6.0,,0,0
,79b903ca,Maisie Skillan,female,Isle of Man,1,1,0,3,0,0,0,0,0,0,0.0,0.0,0,0,0,0,0.0,,0,0
,1aa63583,Maliha Baig,female,Canada,1,1,0,2,0,1,0,0,0,0,,0.0,0,0,0,0,0.0,,0,0
,48168634,Mamta Rai,female,Bhutan,1,1,0,2,0,0,0,0,0,0,0.0,0.0,0,0,0,0,0.0,,0,0
,a8d0b86f,Manal Malik,female,Bahrain,2,1,0,12,0,0,0,0,0,0,0.0,0.0,1,6,0,7,7.0,,0,0
,d9e25388,Manmeet Kaur,female,Bahrain,1,1,0,8,0,1,0,0,0,0,,0.0,0,0,0,0,0.0,,0,0
,8c3e36b2,Maria Ababi,female,Romania,2,0,0,0,0,0,0,0,0,0,,0.0,2,24,3,33,8.25,11.0,2,0
,0efdea1f,Maria Ahsan,female,Sweden,2,0,0,0,0,0,0,0,0,0,,0.0,2,42,3,29,4.14,9.67,3,0
,4cd20b08,Marica Taira,female,Philippines,2,1,0,1,0,0,0,0,0,0,0.0,0.0,1,6,0,7,7.0,,0,0
,bda6b4fc,Marija Mratinkovic,female,Serbia,1,1,0,2,0,0,0,0,0,0,0.0,0.0,0,0,0,0,0.0,,0,0
,01502fff,Marsya Qistina Binti,female,Malaysia,1,0,0,0,0,0,0,0,0,0,,0.0,1,6,0,8,8.0,,0,0
,de18edc1,Martina Quinn,female,Argentina,1,0,0,0,0,0,0,0,0,0,,0.0,1,6,0,9,9.0,,0,0
,4ae530cf,Maryyam Sheikh,female,Kuwait,1,1,0,1,0,0,0,0,0,0,0.0,0.0,0,0,0,0,0.0,,0,0
,58994986,Matilda Fred,female,Sweden,1,0,0,0,0,0,0,0,0,0,,0.0,1,12,1,10,5.0,10.0,1,0
,3c5a7deb,Memoona Riaz,female,Spain,2,0,0,0,0,0,0,0,0,0,,0.0,2,30,2,22,4.4,11.0,1,0
,17881e49,Metty Fernandes,female,Switzerland,6,0,0,0,0,0,0,0,0,0,,0.0,6,90,6,78,5.2,13.0,2,0
,d5cd5d48,Misbah Ifzal,female,Norway,1,1,0,2,0,0,0,0,0,0,0.0,0.0,0,0,0,0,0.0,,0,0
,41053159,Mofida Kocchargi,female,Kuwait,1,1,0,2,0,0,0,0,0,0,0.0,0.0,0,0,0,0,0.0,,0,0
,27a9eb25,Momina Riasat,female,Pakistan,3,0,0,0,0,0,0,0,0,0,,0.0,3,66,2,73,6.64,36.5,2,0
,517e1077,Muskan Naseeb,female,Spain,2,2,0,4,0,0,0,0,0,0,0.0,0.0,0,0,0,0,0.0,,0,0
,f121120f,N Baneti,female,South Africa,1,0,0,0,0,0,0,0,0,0,,0.0,1,6,0,8,8.0,,0,0
,4dd104cf,N Greig,female,Jersey,2,2,0,2,0,0,0,0,0,0,0.0,0.0,0,0,0,0,0.0,,0,0
,12ee9897,N Khumalo,female,Eswatini,5,4,0,7,0,0,0,0,0,0,0.0,0.0,4,77,2,122,9.51,61.0,1,0
,a8c78834,N Robertson-Jack,female,Scotland,5,0,0,0,0,0,0,0,0,0,,0.0,5,82,7,89,6.51,12.71,3,0
,c3b5da14,N Simelane,female,Eswatini,3,3,0,9,0,1,0,0,0,0,0.0,0.0,3,36,2,50,8.33,25.0,1,0
,016f6267,N Sitompul,female,Indonesia,3,0,0,0,0,0,0,0,0,0,,0.0,3,70,6,42,3.6,7.0,3,0
,7cefca09,N Squire,female,Sierra Leone,1,1,0,11,0,1,0,0,0,0,,0.0,0,0,0,0,0.0,,0,0
,bc923a08,N Traore,female,Mali,1,1,0,6,0,0,0,0,0,0,0.0,0.0,0,0,0,0,0.0,,0,0
,4da3f550,NCC Perez,female,Chile,1,1,0,3,0,0,0,0,0,0,0.0,0.0,0,0,0,0,0.0,,0,0
,5aac4f00,NM Ambo,female,Papua New Guinea,8,0,0,0,0,0,0,0,0,0,,0.0,8,126,8,97,4.62,12.12,5,1
,9f2aa116,Naila Nazir,female,Pakistan,1,0,0,0,0,0,0,0,0,0,,0.0,1,18,0,19,6.33,,0,0
,b5c17e00,Nisha Kulkarni,female,Estonia,1,1,0,9,0,1,0,0,0,0,,0.0,0,0,0,0,0.0,,0,0
,1e1cd41d,Noncedo Simelane,female,Eswatini,1,1,0,7,0,1,0,0,0,0,,0.0,0,0,0,0,0.0,,0,0
,5ff025f9,Nur Aliya,female,Malaysia,1,1,0,2,0,0,0,0,0,0,0.0,0.0,0,0,0,0,0.0,,0,0
,945a19ee,Nur Alya Batrisyia,female,Malaysia,3,0,0,0,0,0,0,0,0,0,,0.0,3,30,2,34,6.8,17.0,1,0
,987ef472,O Sow,female,Mali,1,1,0,6,0,0,0,0,0,0,0.0,0.0,0,0,0,0,0.0,,0,0
,85f0529e,P Chabuta,female,Zambia,4,2,0,15,0,0,0,0,0,0,0.0,0.0,4,72,5,65,5.42,13.0,2,0
,2053da82,P Chakraborty,female,Bangladesh,1,0,0,0,0,0,0,0,0,0,,0.0,1,12,1,1,0.5,1.0,1,0
,af0aac77,P Haryanti,female,Indonesia,1,1,0,2,0,0,0,0,0,0,0.0,0.0,0,0,0,0,0.0,,0,0
,81b1a455,P Mazuze,female,Mozambique,1,1,0,2,0,0,0,0,0,0,0.0,0.0,0,0,0,0,0.0,,0,0
,74ed1b5f,P Modimo,female,Botswana,2,0,0,0,0,0,0,0,0,0,,0.0,2,36,3,57,9.5,19.0,2,0
,ca1a3105,Preeti Bose,female,India,1,0,0,0,0,0,0,0,0,0,,0.0,1,24,1,18,4.5,18.0,1,0
,c4689003,Priyanka Reddy,female,Croatia,1,1,0,5,0,0,0,0,0,0,0.0,0.0,0,0,0,0,0.0,,0,0
,75d2111a,R Andreea,female,Romania,1,1,0,4,0,0,0,0,0,0,0.0,0.0,0,0,0,0,0.0,,0,0
,be2537e9,R Cisse,female,Mali,1,1,0,1,0,0,0,0,0,0,0.0,0.0,0,0,0,0,0.0,,0,0
,6625023d,R Kanojiya,female,India,1,0,0,0,0,0,0,0,0,0,,0.0,1,24,0,31,7.75,,0,0
,459a7b0a,R MacDonald-Gay,female,England,1,0,0,0,0,0,0,0,0,0,,0.0,1,12,1,25,12.5,25.0,1,0
,faa05631,R Mikulaskova,female,Czech Republic,1,1,0,4,0,0,0,0,0,0,0.0,0.0,0,0,0,0,0.0,,0,0
,94b30fa5,R Ntozakhe,female,South Africa,10,0,0,0,0,0,0,0,0,0,,0.0,10,156,2,217,8.35,108.5,1,0
,bd2a2bbc,R Siwa,female,France,2,2,0,3,0,0,0,0,0,0,0.0,0.0,1,12,1,13,6.5,13.0,1,0
,45474493,R Stones,female,Isle of Man,1,1,0,1,0,0,0,0,0,0,0.0,0.0,0,0,0,0,0.0,,0,0
,213fc28c,R Sutton,female,Hong Kong,1,0,0,0,0,0,0,0,0,0,,0.0,1,6,0,6,6.0,,0,0
,d8c37884,R Uwimana,female,Rwanda,9,2,0,8,0,1,0,0,0,0,0.0,0.0,9,174,9,136,4.69,15.11,3,0
,93a583c3,RH Candy,female,New Zealand,1,1,0,1,0,0,0,0,0,0,0.0,0.0,1,24,1,14,3.5,14.0,1,0
,57a45277,RK Parwin,female,India,2,0,0,0,0,0,0,0,0,0,,0.0,2,48,4,38,4.75,9.5,2,0
,96611f9f,RK Raval,female,Singapore,1,0,0,0,0,0,0,0,0,0,,0.0,1,6,0,9,9.0,,0,0
,9353d2fc,RM Hill,female,Jersey,1,0,0,0,0,0,0,0,0,0,,0.0,1,12,2,9,4.5,4.5,2,0
,3ffeb064,RM van Oosterom,female,Netherlands,2,2,0,7,0,0,0,0,0,0,0.0,0.0,0,0,0,0,0.0,,0,0
,a3a5072b,Rabia Iqbal,female,Spain,2,1,0,1,0,0,0,0,0,0,0.0,0.0,1,12,1,16,8.0,16.0,1,0
,a11dbbdb,Rabia Mushtaq,female,Spain,3,0,0,0,0,0,0,0,0,0,,0.0,3,60,4,73,7.3,18.25,2,0
,d75bec48,Rahima Yahaya,female,Tanzania,2,1,0,2,0,0,0,0,0,0,0.0,0.0,1,12,1,11,5.5,11.0,1,0
,f9e02b27,Rishitha Rajith,female,United Arab Emirates,1,0,0,0,0,0,0,0,0,0,,0.0,1,6,0,7,7.0,,0,0
,c3cf210c,Riya Pradhan,female,Bhutan,8,0,0,0,0,0,0,0,0,0,,0.0,8,150,8,145,5.8,18.12,2,0
,1c4633e0,Rizwana Begum,female,Saudi Arabia,2,2,0,2,0,0,0,0,0,0,0.0,0.0,0,0,0,0,0.0,,0,0
,417bde11,Roshni Sebastian,female,Qatar,3,1,0,2,0,0,0,0,0,0,0.0,0.0,3,48,1,48,6.0,48.0,1,0
,c9b3394c,S Bandeva,female,Malta,4,4,0,15,0,3,0,0,0,0,0.0,0.0,0,0,0,0,0.0,,0,0
,821d2ff6,S Coelho,female,Malta,1,1,0,3,0,0,0,0,0,0,0.0,0.0,0,0,0,0,0.0,,0,0
,11b78c67,S Gimhani,female,Sri Lanka,7,1,0,1,0,0,0,0,0,0,0.0,0.0,7,108,6,127,7.06,21.17,3,0
,deaa286f,S Jayasinghe,female,Bahrain,5,1,0,1,0,0,0,0,0,0,0.0,0.0,5,102,4,110,6.47,27.5,2,0
,f55989ae,S Kagnassy,female,Mali,1,1,0,4,0,0,0,0,0,0,0.0,0.0,0,0,0,0,0.0,,0,0
,05026222,S Kemigisha,female,Uganda,1,1,0,2,0,0,0,0,0,0,0.0,0.0,0,0,0,0,0.0,,0,0
,7b5250ed,S Khatiwada,female,Nepal,1,0,0,0,0,0,0,0,0,0,,0.0,1,12,1,1,0.5,1.0,1,0
,6a1f6e13,S Meyenborg,female,Germany,3,0,0,0,0,0,0,0,0,0,,0.0,3,42,2,39,5.57,19.5,1,0
,074e37b9,S Moise,female,Romania,2,2,0,4,0,2,0,0,0,0,,0.0,0,0,0,0,0.0,,0,0
,2f720f52,S Mongar,female,Bhutan,1,0,0,0,0,0,0,0,0,0,,0.0,1,6,0,11,11.0,,0,0
,0b010809,S Munagala,female,Denmark,2,0,0,0,0,0,0,0,0,0,,0.0,2,36,4,32,5.33,8.0,4,0
,ff20c3ed,S Naidu,female,South Africa,6,0,0,0,0,0,0,0,0,0,,0.0,6,96,2,110,6.88,55.0,1,0
,ba0e04b2,S Namusha,female,Namibia,6,0,0,0,0,0,0,0,0,0,,0.0,6,120,4,48,2.4,12.0,3,0
,24903af6,S Nunna,female,Bahrain,7,4,0,7,0,0,0,0,0,0,0.0,0.0,6,84,2,104,7.43,52.0,1,0
,f866a499,S Parker,female,Hong Kong,3,0,0,0,0,0,0,0,0,0,,0.0,3,48,3,35,4.38,11.67,2,0
,01404b98,S Ranade,female,Japan,4,2,0,6,0,0,0,0,0,0,0.0,0.0,4,48,4,42,5.25,10.5,3,0
,5597338d,S Ravikumar,female,Sri Lanka,1,0,0,0,0,0,0,0,0,0,,0.0,1,12,0,17,8.5,,0,0
,a3c9ef5f,S Sandeepani,female,Sri Lanka,1,1,0,1,0,0,0,0,0,0,0.0,0.0,1,6,0,11,11.0,,0,0
,e2a702e3,S Tino,female,Uganda,8,0,0,0,0,0,0,0,0,0,,0.0,8,168,9,124,4.43,13.78,3,0
,015ca83a,S Tudorache,female,Romania,2,2,0,3,0,0,0,0,0,0,0.0,0.0,0,0,0,0,0.0,,0,0
,cfa76520,S Wykes-Templeman,female,Luxembourg,1,0,0,0,0,0,0,0,0,0,,0.0,1,5,0,22,26.4,,0,0
,0159383b,SB Chamundaiah,female,Austria,3,1,0,1,0,0,0,0,0,0,0.0,0.0,3,48,2,54,6.75,27.0,2,0
,4169ae00,SC Kumari,female,Nepal,8,1,0,3,0,1,0,0,0,0,,0.0,8,102,6,63,3.71,10.5,4,0
,2afebf34,SHA Sheth,female,United Arab Emirates,1,0,0,0,0,0,0,0,0,0,,0.0,1,12,1,13,6.5,13.0,1,0
,850e9e00,SI Bara,female,Indonesia,6,0,0,0,0,0,0,0,0,0,,0.0,6,138,11,38,1.65,3.45,4,0
,2e5919c5,SJ Andrews,female,Australia,2,0,0,0,0,0,0,0,0,0,,0.0,2,39,1,44,6.77,44.0,1,0
,ab900b23,SK Shetty,female,Oman,1,1,0,8,0,0,0,0,0,0,0.0,0.0,1,6,1,3,3.0,3.0,1,0
,b06c101a,SK Sonpethkar,female,Singapore,1,1,0,5,0,0,0,0,0,0,0.0,0.0,1,24,0,32,8.0,,0,0
,f02c0809,SKPD Ayu,female,Indonesia,1,0,0,0,0,0,0,0,0,0,,0.0,1,12,2,3,1.5,1.5,2,0
,81c29317,SL Munroe,female,West Indies,8,0,0,0,0,0,0,0,0,0,,0.0,8,116,4,111,5.74,27.75,2,0
,cd85eae4,SN Pradhan,female,India,1,1,0,1,0,1,0,0,0,0,,0.0,1,23,3,30,7.83,10.0,3,0
,aa89a853,SRH Curtis,female,New Zealand,1,1,0,2,0,0,0,0,0,0,0.0,0.0,0,0,0,0,0.0,,0,0
,1304c2d6,ST Kannan,female,Germany,3,0,0,0,0,0,0,0,0,0,,0.0,3,54,4,45,5.0,11.25,2,0
,a6a22a96,Sabah Nawab,female,Qatar,1,1,0,1,0,0,0,0,0,0,0.0,0.0,1,24,1,24,6.0,24.0,1,0
,48ec1360,Sabikun Nahar Jesmin,female,Bangladesh,2,0,0,0,0,0,0,0,0,0,,0.0,2,48,3,45,5.62,15.0,2,0
,2e889952,Samanvita Vijay,female,Denmark,1,1,0,1,0,0,0,0,0,0,0.0,0.0,0,0,0,0,0.0,,0,0
,64442beb,Sani E Zehra,female,Oman,2,1,0,1,0,0,0,0,0,0,0.0,0.0,2,42,1,68,9.71,68.0,1,0
,d27caa9c,Saranya Kotha,female,Switzerland,7,0,0,0,0,0,0,0,0,0,,0.0,7,78,8,59,4.54,7.38,3,0
,927d0471,Seemana KC,female,Nepal,2,0,0,0,0,0,0,0,0,0,,0.0,2,30,0,38,7.6,,0,0
,29c87347,Shaffaa Saleem,female,Maldives,1,1,0,2,0,0,0,0,0,0,0.0,0.0,0,0,0,0,0.0,,0,0
,5c8f43ab,Shreya Voya,female,Canada,7,2,0,3,0,0,0,0,0,0,0.0,0.0,7,120,9,71,3.55,7.89,4,0
,e4d4c4e0,Sofia Araya,female,Chile,3,3,0,17,0,2,0,0,0,0,0.0,0.0,1,5,1,25,30.0,25.0,1,0
,c5e3fe3c,Sok Srey Maov,female,Cambodia,6,5,0,28,0,3,0,0,0,0,0.0,0.0,6,108,5,118,6.56,23.6,3,0
,b03c90e5,Sonal Sengar,female,Luxembourg,2,0,0,0,0,0,0,0,0,0,,0.0,2,12,0,26,13.0,,0,0
,5e80eb8e,Soung Seav,female,Cambodia,1,1,0,1,0,0,0,0,0,0,0.0,0.0,1,4,0,13,19.5,,0,0
,cb526fd0,Suheda Hancer,female,Turkey,2,1,0,2,0,0,0,0,0,0,0.0,0.0,2,24,0,20,5.0,,0,0
,e6acd7aa,Suraiya Azmin,female,Bangladesh,4,0,0,0,0,0,0,0,0,0,,0.0,4,66,6,36,3.27,6.0,2,0
,542dc48f,T Calingin,female,Malta,1,0,0,0,0,0,0,0,0,0,,0.0,1,6,0,15,15.0,,0,0
,f18b67a3,T Chabila,female,Malawi,8,3,0,7,0,1,0,0,0,0,0.0,0.0,8,114,2,138,7.26,69.0,2,0
,f037f4d8,T Cheki,female,Bhutan,8,4,0,9,0,1,0,0,0,0,0.0,0.0,8,123,7,132,6.44,18.86,2,0
,7d668c73,T Hanum,female,Indonesia,2,0,0,0,0,0,0,0,0,0,,0.0,2,35,3,31,5.31,10.33,2,0
,f741c79d,T Kalosin,female,Vanuatu,1,0,0,0,0,0,0,0,0,0,,0.0,1,12,0,16,8.0,,0,0
,3b1816bf,T Katunga,female,Malawi,1,0,0,0,0,0,0,0,0,0,,0.0,1,6,0,11,11.0,,0,0
,e78ed8be,T Konate,female,Mali,1,1,0,7,0,0,0,0,0,0,0.0,0.0,0,0,0,0,0.0,,0,0
,d2475923,T Koula,female,Greece,1,1,0,1,0,0,0,0,0,0,0.0,0.0,0,0,0,0,0.0,,0,0
,c916fe60,T Moitoi,female,Botswana,1,1,0,3,0,0,0,0,0,0,0.0,0.0,0,0,0,0,0.0,,0,0
,5f03af45,T Oyella,female,Uganda,3,0,0,0,0,0,0,0,0,0,,0.0,3,72,5,38,3.17,7.6,4,0
,f9f502c5,T Seesawan,female,Thailand,1,1,0,3,0,0,0,0,0,0,0.0,0.0,0,0,0,0,0.0,,0,0
,b7eea5bf,T Wang Ling,female,Singapore,2,0,0,0,0,0,0,0,0,0,,0.0,2,24,0,39,9.75,,0,0
,112fa94c,T Zilfidou,female,Sweden,1,1,0,1,0,0,0,0,0,0,0.0,0.0,0,0,0,0,0.0,,0,0
,ef70a34b,TJ Vlaeminck,female,Australia,18,1,0,2,0,0,0,0,0,0,0.0,0.0,18,366,18,383,6.28,21.28,3,0
,49693035,TOW Chu,female,Hong Kong,4,0,0,0,0,0,0,0,0,0,,0.0,4,36,2,40,6.67,20.0,1,0
,443c122f,TP Kanwar,female,India,4,0,0,0,0,0,0,0,0,0,,0.0,4,96,1,76,4.75,76.0,1,0
,4f76f6a9,TS Cordes,female,South Africa,1,1,0,12,0,0,0,0,0,0,0.0,0.0,0,0,0,0,0.0,,0,0
,d826bfec,Tharika Sewwandi,female,Sri Lanka,3,0,0,0,0,0,0,0,0,0,,0.0,3,42,0,31,4.43,,0,0
,cfd2b36f,V Avdylaj,female,Austria,5,5,0,25,0,2,0,0,0,0,0.0,0.0,5,114,0,148,7.79,,0,0
,8e574c74,V Barboza,female,Bahrain,4,1,0,1,0,0,0,0,0,0,0.0,0.0,4,60,2,80,8.0,40.0,1,0
,62d92d76,V Buruka,female,Papua New Guinea,4,1,0,1,0,0,0,0,0,0,0.0,0.0,4,81,7,83,6.15,11.86,3,0
,6df505f4,V Kostova,female,Bulgaria,2,2,0,3,0,1,0,0,0,0,0.0,0.0,0,0,0,0,0.0,,0,0
,24bc8d75,V Nehoume,female,France,1,1,0,3,0,0,0,0,0,0,0.0,0.0,0,0,0,0,0.0,,0,0
,89187d8b,V Thari Thari,female,Botswana,1,0,0,0,0,0,0,0,0,0,,0.0,1,18,1,47,15.67,47.0,1,0
,86e80bff,Vaishnavi Sharma,female,India,5,0,0,0,0,0,0,0,0,0,,0.0,5,114,5,119,6.26,23.8,2,0
,9427c9b8,Victoria Nikolova,female,Bulgaria,1,1,0,3,0,0,0,0,0,0,0.0,0.0,0,0,0,0,0.0,,0,0
,85356529,Xie Wenyan,female,China,2,1,0,4,0,0,0,0,0,0,0.0,0.0,1,12,0,2,1.0,,0,0
,656aeb5d,Y Sangare,female,Mali,1,1,0,2,0,0,0,0,0,0,0.0,0.0,1,4,0,8,12.0,,0,0
,5493e269,YP Karadogan,female,Turkey,1,1,0,10,0,0,0,0,0,0,0.0,0.0,0,0,0,0,0.0,,0,0
,fec8c439,YT Lewis,female,Costa Rica,2,2,0,14,0,0,0,0,0,0,0.0,0.0,1,6,0,6,6.0,,0,0
,e654fe3d,Yadhira Nunez,female,Chile,2,2,0,4,0,0,0,0,0,0,0.0,0.0,0,0,0,0,0.0,,0,0
,1d5273c9,Yang Yu Xuan,female,China,2,1,0,1,0,0,0,0,0,0,0.0,0.0,2,48,3,29,3.62,9.67,2,0
,3c0cfb7b,Z Flamikova,female,Czech Republic,1,1,0,1,0,0,0,0,0,0,0.0,0.0,0,0,0,0,0.0,,0,0
,fc551432,Zara Haider,female,Hong Kong,1,0,0,0,0,0,0,0,0,0,,0.0,1,12,1,15,7.5,15.0,1,0
,85fba0db,Zhang Yibing,female,China,1,1,0,6,0,0,0,0,0,0,0.0,0.0,0,0,0,0,0.0,,0,0
,f19bcd5b,Zoona Mariyam,female,Maldives,3,3,0,40,0,0,0,0,0,0,0.0,0.0,0,0,0,0,0.0,,0,0
,8a75e999,Babar Azam,male,Pakistan,134,134,4545,3533,122,18,473,80,38,3,39.18,128.64,0,0,0,0,0.0,,0,0
,99b75528,JC Buttler,male,England,143,143,4173,2782,131,22,383,186,28,2,34.49,150.0,0,0,0,0,0.0,,0,0
,740742ef,RG Sharma,male,India,146,144,4027,2859,118,13,364,194,31,4,30.74,140.85,8,62,1,103,9.97,103.0,1,0
,ba607b88,V Kohli,male,India,113,112,3963,2895,94,30,348,115,37,0,48.33,136.89,13,152,4,204,8.05,51.0,1,0
,2be41edb,MJ Guptill,male,New Zealand,117,117,3503,2569,105,7,305,173,20,2,31.85,136.36,1,6,0,11,11.0,,0,0
,2f26ac1a,Mohammad Rizwan,male,Pakistan,91,91,3386,2674,104,20,284,94,30,1,47.69,126.63,0,0,0,0,0.0,,0,0
,dcce6f09,DA Warner,male,Australia,108,108,3249,2266,100,12,332,122,28,1,33.84,143.38,0,0,0,0,0.0,,0,0
,271f83cd,SA Yadav,male,India,105,105,3213,1969,117,17,292,175,24,4,36.51,163.18,1,6,2,5,5.0,2.5,2,0
,cf494ffe,PR Stirling,male,Ireland,131,130,3160,2354,115,10,365,114,20,1,26.33,134.24,35,474,16,562,7.11,35.12,2,0
,b8d490fd,AJ Finch,male,Australia,103,103,3120,2180,172,12,309,125,19,2,34.29,143.12,2,12,0,27,13.5,,0,0
,415d30b6,Virandeep Singh,male,Malaysia,111,104,3034,2397,96,17,270,117,22,0,34.87,126.57,91,1707,111,1540,5.41,13.87,4,0
,372455c4,Q de Kock,male,South Africa,104,104,2986,2080,115,8,301,128,18,2,31.1,143.56,0,0,0,0,0.0,,0,0
,26d041c4,Sikandar Raza,male,Zimbabwe,124,120,2785,2045,133,11,212,137,15,1,25.55,136.19,113,2148,105,2535,7.08,24.14,5,1
,b681e71e,GJ Maxwell,male,Australia,123,114,2784,1790,145,15,231,145,10,5,28.12,155.53,85,1105,51,1503,8.16,29.47,3,0
,d67d5f00,DA Miller,male,South Africa,121,121,2765,1948,106,39,181,139,9,2,33.72,141.94,0,0,0,0,0.0,,0,0
,6f02fe2a,Waseem Muhammad,male,United Arab Emirates,85,85,2682,1781,112,5,225,153,19,3,33.52,150.59,8,64,3,128,12.0,42.67,1,0
,6667067e,Syed Aziz,male,Malaysia,115,108,2590,1901,87,15,223,135,18,0,27.85,136.24,76,1336,72,1620,7.28,22.5,4,0
,8ee36b18,P Nissanka,male,Sri Lanka,86,86,2554,1999,107,4,256,75,18,2,31.15,127.76,0,0,0,0,0.0,,0,0
,6a97c7a4,Karanbir Singh,male,Austria,56,56,2537,1452,164,6,207,211,20,4,50.74,174.72,31,415,36,575,8.31,15.97,4,0
,d027ba9f,KS Williamson,male,New Zealand,88,88,2526,2034,95,11,241,58,18,0,32.81,124.19,12,118,6,164,8.34,27.33,2,0
,5d1e7582,BKG Mendis,male,Sri Lanka,102,102,2508,1923,86,5,220,97,19,0,25.86,130.42,0,0,0,0,0.0,,0,0
,ff014c34,HG Munsey,male,Scotland,81,81,2508,1725,132,5,264,115,14,3,33.0,145.39,0,0,0,0,0.0,,0,0
,b8cc58c9,RR Hendricks,male,South Africa,88,88,2475,1909,117,1,265,69,18,1,28.45,129.65,3,29,0,58,12.0,,0,0
,0404d43c,Liton Das,male,Bangladesh,109,109,2467,1899,83,4,242,78,14,0,23.5,129.91,0,0,0,0,0.0,,0,0
,9ab63e7b,Mohammad Hafeez,male,Pakistan,113,105,2437,1984,99,12,246,74,14,0,26.2,122.83,78,1237,61,1375,6.67,22.54,4,0
,d2a6c0e6,EJG Morgan,male,England,104,104,2431,1775,91,20,185,119,14,0,28.94,136.96,0,0,0,0,0.0,,0,0
,fbb657bb,Babar Hayat,male,Hong Kong,99,99,2393,1825,122,15,149,146,14,2,28.49,131.12,1,6,0,5,5.0,,0,0
,64c34cd0,Shoaib Malik,male,Pakistan,111,108,2392,1892,75,33,194,68,9,0,31.89,126.43,47,522,25,634,7.29,25.36,2,0
,e3eb9e46,Nizakat Khan,male,Hong Kong,115,115,2388,1937,81,8,200,80,13,0,22.32,123.28,14,197,11,193,5.88,17.55,3,0
,1777c020,Fakhar Zaman,male,Pakistan,105,105,2387,1775,91,6,224,95,14,0,24.11,134.48,1,6,0,12,12.0,,0,0
,650d5e49,R Powell,male,West Indies,106,104,2319,1623,107,16,141,154,10,1,26.35,142.88,13,113,4,197,10.46,49.25,2,0
,552b228c,Anshuman Rath,male,Hong Kong,80,80,2307,1791,140,9,233,57,12,2,32.49,128.81,14,214,7,290,8.13,41.43,3,0
,f21043a5,MDKJ Perera,male,Sri Lanka,91,91,2307,1732,101,4,224,72,16,1,26.52,133.2,0,0,0,0,0.0,,0,0
,7dc35884,Shakib Al Hasan,male,Bangladesh,112,110,2295,1871,84,13,234,49,12,0,23.66,122.66,110,2378,131,2744,6.92,20.95,5,2
,e3386c8a,K Bhurtel,male,Nepal,78,77,2290,1666,129,7,215,110,15,3,32.71,137.45,31,428,30,501,7.02,16.7,4,0
,95a5e066,MG Erasmus,male,Namibia,89,86,2288,1744,100,18,174,90,16,1,33.65,131.19,66,1119,70,1142,6.12,16.31,4,0
,3d8feaf8,MR Marsh,male,Australia,82,81,2256,1583,103,14,201,115,14,1,33.67,142.51,25,300,17,387,7.74,22.76,3,0
,b699df47,MP O'Dowd,male,Netherlands,86,85,2229,1822,133,7,236,53,14,1,28.58,122.34,11,106,4,154,8.72,38.5,1,0
,9a46c4e5,GD Phillips,male,New Zealand,85,83,2226,1550,108,13,162,107,12,2,31.8,143.61,22,224,9,315,8.44,35.0,3,0
,bf1d7d3e,Mahmudullah,male,Bangladesh,120,118,2223,1873,64,26,166,71,8,0,24.16,118.69,71,836,34,1028,7.38,30.24,3,0
,dbe50b21,HH Pandya,male,India,133,107,2221,1522,71,27,161,122,9,0,27.76,145.93,123,2201,114,3057,8.33,26.82,4,0
,4663bd23,TL Seifert,male,New Zealand,82,82,2214,1509,97,10,206,107,16,0,30.75,146.72,0,0,0,0,0.0,,0,0
,3241e3fd,N Pooran,male,West Indies,96,96,2177,1610,82,10,146,141,12,0,25.31,135.22,0,0,0,0,0.0,,0,0
,1747ea18,DS Airee,male,Nepal,90,83,2173,1543,110,21,158,92,12,1,35.05,140.83,71,1256,59,1265,6.04,21.44,4,0
,b8a55852,BB McCullum,male,New Zealand,70,70,2140,1562,123,10,199,91,13,2,35.67,137.0,0,0,0,0,0.0,,0,0
,b17e2f24,KL Rahul,male,India,66,66,2134,1532,110,8,179,95,20,2,36.79,139.3,0,0,0,0,0.0,,0,0
,e21bc7f3,RD Berrington,male,Scotland,83,81,2040,1524,82,16,155,79,9,0,31.38,133.86,30,406,22,514,7.6,23.36,3,0
,6ef13460,A Balbirnie,male,Ireland,89,89,2028,1649,83,3,211,60,11,0,23.58,122.98,0,0,0,0,0.0,,0,0
,eaa36b2a,BJ Bennett,male,Zimbabwe,66,66,2027,1401,111,6,238,63,13,1,33.78,144.68,21,176,9,249,8.49,27.67,2,0
,92aeac25,AD Hales,male,England,72,72,2024,1442,116,7,220,69,12,1,31.14,140.36,0,0,0,0,0.0,,0,0
,3ff033bb,MD Shanaka,male,Sri Lanka,121,115,1979,1516,76,24,133,111,9,0,21.75,130.54,72,779,42,1066,8.21,25.38,3,0
,b08252b8,RP Burl,male,Zimbabwe,108,105,1979,1547,67,34,155,71,6,0,27.87,127.93,68,1011,51,1236,7.34,24.24,3,0
,c2c975f9,S Sesazi,male,Uganda,75,75,1970,1590,100,8,204,71,15,1,29.4,123.9,0,0,0,0,0.0,,0,0
,b61a3e1a,LRPL Taylor,male,New Zealand,96,96,1954,1602,63,18,125,72,7,0,25.05,121.97,0,0,0,0,0.0,,0,0
,6a26221c,AK Markram,male,South Africa,72,71,1938,1302,86,10,178,83,14,0,31.77,148.85,38,402,16,589,8.79,36.81,3,0
,7fa12533,MS Chapman,male,New Zealand,87,86,1932,1396,104,13,165,80,10,1,26.47,138.4,6,66,3,75,6.82,25.0,1,0
,4db71b2e,Sohail Ahmed,male,Bahrain,74,73,1905,1590,80,29,126,78,16,0,43.3,119.81,9,116,4,155,8.02,38.75,3,0
,7fca84b7,BA King,male,West Indies,78,78,1903,1412,85,4,205,85,13,0,25.72,134.77,0,0,0,0,0.0,,0,0
,db584dad,CH Gayle,male,West Indies,76,75,1899,1374,117,7,158,124,14,2,27.93,138.21,30,381,20,440,6.93,22.0,2,0
,2e8994e7,JP Duminy,male,South Africa,75,72,1880,1491,96,23,136,68,11,0,38.37,126.09,41,463,21,599,7.76,28.52,3,0
,ad9c32a2,DJ Malan,male,England,59,59,1874,1396,103,8,194,62,16,1,36.75,134.24,1,12,1,27,13.5,27.0,1,0
,3d284ca3,PD Salt,male,England,60,60,1852,1122,141,7,187,87,10,4,34.94,165.06,0,0,0,0,0.0,,0,0
,7fa6bd8e,RR Patel,male,Kenya,80,75,1844,1336,120,16,153,95,11,1,31.25,138.02,36,581,35,572,5.91,16.34,3,0
,eade4650,DJ Mitchell,male,New Zealand,88,87,1832,1298,72,19,124,72,8,0,26.94,141.14,14,109,9,196,10.79,21.78,2,0
,df5a6881,DP Conway,male,New Zealand,61,61,1795,1381,99,10,173,52,13,0,35.2,129.98,0,0,0,0,0.0,,0,0
,dcbea954,Aasif Sheikh,male,Nepal,73,73,1779,1445,69,3,161,74,11,0,25.41,123.11,0,0,0,0,0.0,,0,0
,33290a80,K Kadowaki-Fleming,male,Japan,50,50,1779,1264,114,4,135,90,12,2,38.67,140.74,2,12,0,17,8.5,,0,0
,0a4736eb,Asif Ali,male,Pakistan,103,102,1775,1335,100,17,132,108,7,1,20.88,132.96,37,472,22,505,6.42,22.95,2,0
,1a3cc554,RK Paudel,male,Nepal,78,78,1773,1447,69,16,140,57,8,0,28.6,122.53,18,239,14,261,6.55,18.64,2,0
,f6b4f746,Ahmed Faiz,male,Malaysia,81,81,1764,1439,105,9,139,65,7,1,24.5,122.59,5,43,1,44,6.14,44.0,1,0
,0a476045,S Dhawan,male,India,66,66,1759,1389,92,3,191,50,11,0,27.92,126.64,0,0,0,0,0.0,,0,0
,5bdcdb72,TM Dilshan,male,Sri Lanka,75,75,1747,1446,104,11,210,29,12,1,27.3,120.82,25,258,9,313,7.28,34.78,2,0
,af2c687b,C Munro,male,New Zealand,61,61,1724,1097,109,6,132,107,11,3,31.35,157.16,12,118,4,186,9.46,46.5,1,0
,06cad4f0,A Sharafu,male,United Arab Emirates,62,62,1711,1297,90,7,164,72,14,0,31.11,131.92,1,1,0,3,18.0,,0,0
,a82eb3fb,TP Ura,male,Papua New Guinea,56,56,1711,1049,107,7,125,104,14,2,34.92,163.11,0,0,0,0,0.0,,0,0
,f1f99156,TH David,male,Singapore,62,62,1677,983,102,15,129,110,9,1,35.68,170.6,11,164,5,255,9.33,51.0,1,0
,59ea70a4,HT Tector,male,Ireland,82,81,1674,1390,96,12,137,37,8,0,24.26,120.43,19,258,12,305,7.09,25.42,2,0
,1fc6ef83,SD Hope,male,West Indies,66,66,1666,1208,102,10,133,89,11,1,29.75,137.91,0,0,0,0,0.0,,0,0
,bf74b130,FH Allen,male,New Zealand,59,59,1662,963,137,3,146,115,7,3,29.68,172.59,0,0,0,0,0.0,,0,0
,fd2bf2a0,Umar Akmal,male,Pakistan,78,78,1662,1345,94,14,122,53,8,0,25.97,123.57,0,0,0,0,0.0,,0,0
,df1f2f29,Fiaz Ahmed,male,Bahrain,61,61,1661,1332,105,14,110,87,9,1,35.34,124.7,0,0,0,0,0.0,,0,0
,abb83e27,JM Bairstow,male,England,71,71,1659,1204,90,16,147,75,10,0,30.16,137.79,0,0,0,0,0.0,,0,0
,b25a3800,Meet Bhavsar,male,Kuwait,64,64,1644,1252,89,6,141,59,12,0,28.34,131.31,18,242,15,284,7.04,18.93,3,0
,ec483176,Taranjeet Singh,male,Romania,53,52,1644,1034,110,6,198,77,10,1,35.74,158.99,44,842,49,970,6.91,19.8,4,0
,f29185a1,Abhishek Sharma,male,India,56,55,1629,866,135,2,164,104,11,2,30.74,188.11,21,194,10,274,8.47,27.4,3,0
,3b041a12,Tamim Iqbal,male,Bangladesh,71,71,1624,1344,103,5,172,45,7,1,24.61,120.83,0,0,0,0,0.0,,0,0
,b0482a1d,Tilak Varma,male,India,55,55,1619,1105,120,19,126,82,9,2,44.97,146.52,8,63,5,64,6.1,12.8,1,0
,33b67317,Bilal Zalmai,male,Austria,63,62,1618,1014,89,5,166,95,13,0,28.39,159.57,61,1427,72,1660,6.98,23.06,4,0
,afe57f7a,SC Williams,male,Zimbabwe,76,75,1618,1244,77,7,159,39,11,0,23.79,130.06,69,1092,43,1256,6.9,29.21,3,0
,752f7486,Ishan Kishan,male,India,55,55,1608,1093,103,1,165,77,12,1,29.78,147.12,0,0,0,0,0.0,,0,0
,0ebfb1ad,E Lewis,male,West Indies,57,57,1606,991,125,3,123,125,12,2,29.74,162.06,0,0,0,0,0.0,,0,0
,3cbedf51,D Ndikubwimana,male,Rwanda,85,85,1601,1807,82,6,150,31,8,0,20.27,88.6,0,0,0,0,0.0,,0,0
,269cc4ff,Riazat Ali Shah,male,Uganda,69,63,1600,1240,98,20,118,73,5,0,37.21,129.03,45,754,40,878,6.99,21.95,4,0
,c4487b84,AB de Villiers,male,South Africa,72,72,1591,1182,79,10,135,54,9,0,25.66,134.6,0,0,0,0,0.0,,0,0
,4a8a2e3b,MS Dhoni,male,India,82,82,1584,1264,56,39,114,49,2,0,36.84,125.32,0,0,0,0,0.0,,0,0
,2af0e3b1,GA Priandana,male,Indonesia,85,84,1577,1481,78,10,158,51,8,0,21.31,106.48,36,451,30,556,7.4,18.53,5,1
,3979b5e0,L Tucker,male,Ireland,71,71,1576,1249,94,9,146,42,11,0,25.42,126.18,0,0,0,0,0.0,,0,0
,48a1d7b7,SO Hetmyer,male,West Indies,69,69,1573,1117,85,7,109,95,9,0,25.37,140.82,0,0,0,0,0.0,,0,0
,243431b5,KJ O'Brien,male,Ireland,78,76,1571,1184,124,9,133,66,3,1,23.45,132.69,34,599,44,710,7.11,16.14,3,0
,1dc12ab9,SK Raina,male,India,68,63,1549,1140,101,10,138,57,5,1,29.23,135.88,27,349,13,442,7.6,34.0,2,0
,4ae1755b,HC Brook,male,England,58,58,1525,941,100,14,124,75,8,1,34.66,162.06,0,0,0,0,0.0,,0,0
,a757b0d8,KA Pollard,male,West Indies,88,80,1519,1110,75,20,91,98,6,0,25.32,136.85,60,814,39,1140,8.4,29.23,4,0
,d1c36f5c,JJ Roy,male,England,63,63,1517,1099,78,0,152,70,8,0,24.08,138.03,0,0,0,0,0.0,,0,0
,cf6acc0d,R Sandaruwan,male,Kuwait,67,67,1517,1080,102,1,134,85,9,1,22.98,140.46,0,0,0,0,0.0,,0,0
,007113d7,HAM Shah,male,Denmark,39,39,1513,1126,100,2,133,59,11,1,40.89,134.37,19,327,29,369,6.77,12.72,4,0
,3c87f0c3,JN Frylinck,male,Namibia,84,67,1510,1157,134,13,126,52,5,2,27.96,130.51,48,921,57,1073,6.99,18.82,4,0
,50ceaef6,P Kurup,male,Bahrain,63,63,1509,1386,74,6,156,35,6,0,26.47,108.87,1,16,2,10,3.75,5.0,2,0
,3355b542,F du Plessis,male,South Africa,49,49,1487,1104,119,7,133,49,10,1,35.4,134.69,2,8,0,3,2.25,,0,0
,b80dd12c,Jatinder Singh,male,Oman,66,66,1482,1196,73,6,168,34,9,0,24.7,123.91,2,13,0,23,10.62,,0,0
,89f64c19,LMP Simmons,male,West Indies,63,63,1482,1220,91,8,137,66,9,0,26.95,121.48,5,43,6,72,10.05,12.0,4,0
,3d5d51a5,T Marumani,male,Zimbabwe,76,76,1473,1132,86,6,152,55,8,0,21.04,130.12,0,0,0,0,0.0,,0,0
,987187b9,Zeeshan Ali,male,Hong Kong,62,62,1467,1057,101,12,161,51,8,1,29.34,138.79,0,0,0,0,0.0,,0,0
,1125ebe4,R Satheesan,male,Romania,49,49,1466,969,99,5,148,74,11,0,33.32,151.29,17,209,7,311,8.93,44.43,3,0
,4d9f9686,Soumya Sarkar,male,Bangladesh,83,83,1466,1184,68,4,147,54,5,0,18.56,123.82,26,270,12,412,9.16,34.33,2,0
,4329fbb5,SR Watson,male,Australia,58,56,1462,1000,124,6,116,83,10,1,29.24,146.2,49,930,48,1187,7.66,24.73,4,0
,f846de6a,MN Samuels,male,West Indies,62,61,1460,1250,85,9,132,62,9,0,28.08,116.8,30,479,22,622,7.79,28.27,3,0
,d18f9182,DPMD Jayawardene,male,Sri Lanka,52,52,1458,1095,100,8,168,33,9,1,33.14,133.15,1,6,0,8,8.0,,0,0
,e9d6a2ce,Manpreet Singh,male,Italy,68,68,1443,1124,112,10,83,61,4,1,24.88,128.38,15,247,7,325,7.89,46.43,3,0
,5680f1ad,CO Obuya,male,Kenya,54,54,1439,1196,96,9,107,71,8,0,31.98,120.32,20,308,19,334,6.51,17.58,4,0
,f8fd6e3f,Ahmed Shehzad,male,Pakistan,58,58,1436,1243,111,2,151,33,7,1,25.64,115.53,1,6,0,10,10.0,,0,0
,b2dadc51,II Selemani,male,Tanzania,60,60,1435,938,110,2,151,78,8,1,24.74,152.99,0,0,0,0,0.0,,0,0
,a4cc73aa,SV Samson,male,India,57,57,1432,913,111,5,119,86,6,3,27.54,156.85,0,0,0,0,0.0,,0,0
,afbc53ba,Ahmer Bin Nisar,male,Bahrain,75,72,1429,1112,62,20,117,48,6,0,27.48,128.51,4,30,2,48,9.6,24.0,1,0
,c96311d4,CR Ervine,male,Zimbabwe,64,64,1423,1340,70,4,139,30,9,0,23.72,106.19,0,0,0,0,0.0,,0,0
,0fa81719,V Saini,male,Romania,62,57,1417,1103,91,12,132,31,7,0,31.49,128.47,58,1077,48,1354,7.54,28.21,5,1
,09a9d073,J Charles,male,West Indies,63,63,1416,1102,118,0,149,68,5,1,22.48,128.49,0,0,0,0,0.0,,0,0
,85ec8e33,SS Iyer,male,India,56,56,1415,1023,80,12,119,51,10,0,32.16,138.32,1,2,0,2,6.0,,0,0
,c25d26dc,Sulaimon Runsewe,male,Nigeria,78,78,1407,1308,80,8,145,17,8,0,20.1,107.57,4,33,3,50,9.09,16.67,1,0
,9948e262,HE van der Dussen,male,South Africa,53,53,1406,1088,94,11,89,62,10,0,33.48,129.23,0,0,0,0,0.0,,0,0
,a7553f15,Faisal Khan,male,Saudi Arabia,47,47,1405,812,101,4,143,86,9,1,32.67,173.03,10,96,1,157,9.81,157.0,1,0
,732c038e,KIC Asalanka,male,Sri Lanka,70,68,1405,1094,80,9,97,68,6,0,23.81,128.43,16,190,7,247,7.8,35.29,3,0
,0dc00542,Shahid Afridi,male,ICC World XI,95,87,1396,907,54,11,102,72,4,0,18.37,153.91,93,2099,95,2317,6.62,24.39,4,0
,6b71e6cf,KC Sangakkara,male,Sri Lanka,53,53,1382,1149,78,9,139,20,8,0,31.41,120.28,0,0,0,0,0.0,,0,0
,d9273ee7,MP Stoinis,male,Australia,78,68,1380,924,78,24,115,64,6,0,31.36,149.35,55,881,52,1292,8.8,24.85,4,0
,32a8161e,JW Jenner,male,Jersey,48,48,1355,942,96,10,108,58,7,0,35.66,143.84,0,0,0,0,0.0,,0,0
,72e60730,A Vala,male,Papua New Guinea,61,58,1344,1142,93,9,114,40,8,0,27.43,117.69,44,617,41,645,6.27,15.73,3,0
,896d78ad,AD Mathews,male,Sri Lanka,82,69,1343,1132,81,20,87,45,6,0,27.41,118.64,68,1115,41,1326,7.14,32.34,3,0
,12b610c2,TM Head,male,Australia,50,50,1335,847,91,4,149,60,6,0,29.02,157.62,4,36,1,56,9.33,56.0,1,0
,14fd10b5,Haider Butt,male,Bahrain,55,54,1324,1063,79,11,89,60,8,0,30.79,124.55,16,146,12,196,8.05,16.33,3,0
,c156cc1f,I Danladi,male,Nigeria,59,59,1322,1122,80,6,120,38,5,0,24.94,117.83,36,532,34,509,5.74,14.97,4,0
,602ebd4c,Sami Sohail,male,Malawi,47,45,1315,1038,96,9,111,49,9,0,36.53,126.69,38,670,42,783,7.01,18.64,3,0
,bb134e5c,JJ Smit,male,Namibia,73,66,1311,896,111,25,76,79,4,1,31.98,146.32,56,1143,77,1340,7.03,17.4,6,1
,a94e08ea,Mushfiqur Rahim,male,Bangladesh,82,82,1307,1130,72,15,110,33,6,0,19.51,115.66,0,0,0,0,0.0,,0,0
,aef39fe4,Muhammad Tanveer,male,Qatar,45,42,1303,980,88,8,88,78,9,0,38.32,132.96,16,215,6,302,8.43,50.33,2,0
,9e52a414,Towhid Hridoy,male,Bangladesh,55,55,1303,1032,83,9,83,51,7,0,28.33,126.26,1,2,0,5,15.0,,0,0
,b59db04f,SA Edwards,male,Netherlands,75,75,1274,1006,99,20,100,31,2,0,23.16,126.64,0,0,0,0,0.0,,0,0
,e798611a,HM Amla,male,South Africa,43,43,1272,960,97,6,145,26,8,0,34.38,132.5,0,0,0,0,0.0,,0,0
,2a03bd2f,L Bruce,male,Gibraltar,51,51,1266,1070,99,4,132,26,12,0,26.94,118.32,45,813,33,1111,8.2,33.67,3,0
,1aba45cd,Sahibzada Farhan,male,Pakistan,42,42,1266,925,100,2,107,65,10,2,31.65,136.86,0,0,0,0,0.0,,0,0
,cbabd6ad,NS Dhaliwal,male,Canada,44,43,1257,943,70,5,103,55,10,0,33.08,133.3,6,60,4,59,5.9,14.75,1,0
,8b261d84,MH Cross,male,Scotland,68,68,1253,1081,61,12,111,29,3,0,22.38,115.91,0,0,0,0,0.0,,0,0
,a879b92c,W Madhevere,male,Zimbabwe,76,73,1253,1093,73,7,134,19,7,0,18.98,114.64,41,480,19,578,7.22,30.42,3,0
,21549344,K Motlanka,male,Botswana,49,49,1243,1136,112,4,125,25,6,1,27.62,109.42,12,162,11,186,6.89,16.91,4,0
,4b349dc0,KD Kesuma,male,Indonesia,78,78,1236,1105,117,9,130,47,1,3,17.91,111.86,0,0,0,0,0.0,,0,0
,f1eb3c73,DMW Rawlins,male,Bermuda,39,37,1235,801,121,9,83,85,9,1,44.11,154.18,36,666,33,678,6.11,20.55,4,0
,31fbf891,H Masakadza,male,Zimbabwe,54,54,1230,1099,93,2,117,40,7,0,23.65,111.92,8,60,2,97,9.7,48.5,1,0
,87e562a9,DJ Bravo,male,West Indies,87,72,1227,1057,66,16,72,54,4,0,21.91,116.08,76,1481,78,2008,8.14,25.74,4,0
,85d8110a,KJ Coetzer,male,Scotland,52,52,1210,954,89,1,128,43,6,0,23.73,126.83,1,18,2,14,4.67,7.0,2,0
,b3b39bed,Aqib Ilyas,male,Oman,51,50,1205,1001,67,6,113,40,9,0,27.39,120.38,35,696,45,699,6.03,15.53,4,0
,33609a8c,Saim Ayub,male,Pakistan,58,58,1201,860,98,3,126,56,6,0,21.84,139.65,32,486,28,597,7.37,21.32,3,0
,ca92a578,IA Karim,male,Kenya,44,44,1198,1122,71,16,109,15,8,0,42.79,106.77,0,0,0,0,0.0,,0,0
,074acfb4,Asif Khan,male,United Arab Emirates,50,50,1197,868,79,9,76,76,6,0,29.2,137.9,1,6,0,3,3.0,,0,0
,80fe764d,Tanzid Hasan,male,Bangladesh,48,48,1193,931,89,6,107,52,11,0,28.4,128.14,0,0,0,0,0.0,,0,0
,0f12f9df,NLTC Perera,male,Sri Lanka,80,72,1192,783,61,21,88,63,3,0,23.37,152.23,66,1078,48,1684,9.37,35.08,3,0
,afa7e784,MS Wade,male,Australia,66,66,1191,878,80,22,94,46,3,0,27.07,135.65,0,0,0,0,0.0,,0,0
,34464143,Zeeshan Maqsood,male,Oman,63,55,1191,998,102,9,119,42,4,1,25.89,119.34,57,998,48,1088,6.54,22.67,4,0
,23fa9ea9,Abdul Waheed,male,Saudi Arabia,46,45,1180,908,110,6,118,37,6,1,30.26,129.96,13,132,5,156,7.09,31.2,2,0
,bb351c23,MM Ali,male,England,84,72,1180,817,72,14,84,67,7,0,20.34,144.43,70,987,50,1367,8.31,27.34,3,0
,eb40ed89,VP Thamotharam,male,Malta,54,52,1179,820,104,7,77,75,7,1,26.2,143.78,45,737,31,952,7.75,30.71,3,0
,39f01cdb,KP Pietersen,male,England,36,36,1176,825,79,5,119,32,7,0,37.94,142.55,3,30,1,53,10.6,53.0,1,0
,99cddc5e,GH Dockrell,male,Ireland,118,89,1161,853,53,26,84,48,1,0,18.43,136.11,78,1323,77,1496,6.78,19.43,4,0
,b43f7a6a,AR Patwa,male,Tanzania,49,49,1151,940,79,3,144,32,6,0,25.02,122.45,2,12,1,18,9.0,18.0,1,0
,919a3be2,RR Pant,male,India,63,63,1142,906,65,12,103,41,3,0,22.39,126.05,0,0,0,0,0.0,,0,0
,53597be1,BRM Taylor,male,Zimbabwe,49,49,1140,912,123,6,118,27,6,1,26.51,125.0,2,30,1,17,3.4,17.0,1,0
,1c914163,Yuvraj Singh,male,India,53,49,1136,821,77,8,77,72,8,0,27.71,138.37,29,394,25,471,7.17,18.84,3,0
,9a95bebb,S Bau,male,Papua New Guinea,54,52,1132,999,85,7,97,34,6,0,25.16,113.31,36,431,24,453,6.31,18.88,3,0
,57fcfd3b,S Muniandy,male,Malaysia,95,86,1131,976,60,22,75,44,1,0,17.67,115.88,49,780,41,1138,8.75,27.76,4,0
,634a7b21,BN Cooper,male,Netherlands,49,49,1126,905,91,11,109,32,9,0,29.63,124.42,0,0,0,0,0.0,,0,0
,33b3d2df,GJ Delany,male,Ireland,81,69,1118,826,89,15,85,52,4,0,20.7,135.35,63,1034,50,1303,7.56,26.06,3,0
,bbd41817,AD Russell,male,West Indies,81,71,1112,669,71,22,65,95,3,0,22.69,166.22,73,1183,58,1879,9.53,32.4,3,0
,9219eff0,JDS Neesham,male,New Zealand,92,77,1105,758,48,22,85,55,0,0,20.09,145.78,73,1009,63,1554,9.24,24.67,5,1
,fb31ca49,O Manishimwe,male,Rwanda,72,72,1093,1202,89,9,97,28,5,0,17.35,90.93,0,0,0,0,0.0,,0,0
,415c6ccf,Usman Patel,male,Kuwait,56,56,1093,836,111,13,108,39,7,1,25.42,130.74,0,0,0,0,0.0,,0,0
,2a6ccc1c,S Chandramohan,male,Singapore,46,46,1090,904,100,4,98,48,5,1,25.95,120.58,0,0,0,0,0.0,,0,0
,30a45b23,SPD Smith,male,Australia,59,54,1090,864,90,11,96,26,5,0,25.35,126.16,17,291,17,377,7.77,22.18,3,0
,46a7ac78,DM Nakrani,male,Uganda,74,64,1088,845,77,23,66,67,3,0,26.54,128.76,70,1417,89,1340,5.67,15.06,6,2
,e4a0deae,MJ Santner,male,New Zealand,130,88,1087,827,77,35,88,42,2,0,20.51,131.44,130,2772,142,3313,7.17,23.33,4,0
,7e9f1cde,Kushal Malla,male,Nepal,59,55,1086,788,137,11,62,73,5,1,24.68,137.82,31,397,25,409,6.18,16.36,4,0
,14157abf,Aqib Iqbal,male,Austria,71,56,1083,881,66,11,80,42,4,0,24.07,122.93,70,1513,82,1771,7.02,21.6,3,0
,f6c2659d,Aizaz Khan,male,Hong Kong,94,82,1075,984,48,14,75,28,0,0,15.81,109.25,86,1583,98,2075,7.86,21.17,4,0
,a9a18e3e,Imran Anwar,male,Bahrain,90,63,1075,849,87,5,65,73,7,0,18.53,126.62,88,1553,83,1855,7.17,22.35,4,0
,826e1017,I Liyanage,male,Qatar,41,41,1067,860,86,3,116,29,9,0,28.08,124.07,0,0,0,0,0.0,,0,0
,4d7c5b56,IK Gamantika,male,Indonesia,77,68,1060,1094,78,10,79,27,1,0,18.28,96.89,61,1095,61,1074,5.88,17.61,4,0
,8dd02a98,LD Chandimal,male,Sri Lanka,61,61,1048,1010,66,7,89,21,6,0,19.41,103.76,0,0,0,0,0.0,,0,0
,7a6decc8,Luqman Butt,male,Cambodia,37,34,1048,718,80,6,90,60,6,0,37.43,145.96,31,518,19,624,7.23,32.84,2,0
,dca8273d,Zubaidi Zulkifle,male,Malaysia,62,62,1043,736,96,3,103,53,3,0,17.68,141.71,0,0,0,0,0.0,,0,0
,44a5f2b2,Hamza Khan,male,Rwanda,39,39,1041,872,164,7,85,44,6,1,32.53,119.38,2,12,0,21,10.5,,0,0
,a5501504,AP Yadav,male,Thailand,44,44,1037,976,79,8,107,19,6,0,28.81,106.25,0,0,0,0,0.0,,0,0
,989889ff,JP Inglis,male,Australia,45,45,1033,654,110,6,108,40,2,2,26.49,157.95,0,0,0,0,0.0,,0,0
,37138918,Afif Hossain,male,Bangladesh,61,58,1031,849,77,9,79,36,3,0,21.04,121.44,21,186,10,251,8.1,25.1,3,0
,87a6f411,H Lakov,male,Bulgaria,41,40,1030,901,78,8,85,15,6,0,32.19,114.32,29,593,29,830,8.4,28.62,3,0
,7ca68967,NA Greenwood,male,Jersey,37,37,1023,700,86,4,102,34,5,0,31.0,146.14,23,372,18,373,6.02,20.72,3,0
,478a63e7,C Campher,male,Ireland,63,55,1018,801,72,9,80,30,4,0,22.13,127.09,48,745,29,1042,8.39,35.93,4,0
,5787be00,S Davizi,male,Czech Republic,35,35,1018,707,115,4,116,35,5,2,32.84,143.99,12,168,8,229,8.18,28.62,2,0
,25d7f1ac,MD Patel,male,United States of America,40,40,1011,731,104,3,106,33,7,1,27.32,138.3,0,0,0,0,0.0,,0,0
,72e361fe,N Davin,male,Namibia,39,39,1007,729,89,4,109,34,6,0,28.77,138.13,0,0,0,0,0.0,,0,0
,a12672e0,J Baker,male,Cayman Islands,27,27,1001,769,94,4,90,51,10,0,43.52,130.17,3,42,3,65,9.29,21.67,3,0
,3f9b1a96,Zeeshan Khan,male,Malta,43,43,1001,797,115,2,108,26,5,1,24.41,125.6,0,0,0,0,0.0,,0,0
,235c2bb6,H Klaasen,male,South Africa,53,53,1000,702,81,10,72,52,5,0,23.26,142.45,1,6,0,14,14.0,,0,0
,c573d173,MWR Stokes,male,Guernsey,39,37,995,779,100,12,95,17,6,1,39.8,127.73,32,527,25,601,6.84,24.04,2,0
,011f6b42,RG Mukasa,male,Uganda,46,46,993,801,89,4,112,31,5,0,23.64,123.97,2,42,0,40,5.71,,0,0
,a4e37e47,S Dube,male,India,64,51,993,655,66,15,64,61,4,0,27.58,151.6,45,564,35,915,9.73,26.14,3,0
,8209da53,H Singh,male,Germany,45,45,990,750,83,8,101,27,6,0,26.76,132.0,3,24,1,44,11.0,44.0,1,0
,e6a6888f,O Tuyisenge,male,Rwanda,68,68,986,973,66,5,91,27,3,0,15.65,101.34,0,0,0,0,0.0,,0,0
,d0513f63,CL White,male,Australia,44,44,984,735,85,14,71,44,5,0,32.8,133.88,5,42,1,51,7.29,51.0,1,0
,1bae756b,ADS Fletcher,male,West Indies,56,56,973,874,84,6,65,53,6,0,19.46,111.33,0,0,0,0,0.0,,0,0
,85b3fab2,T Stubbs,male,South Africa,42,42,966,718,76,11,75,37,2,0,31.16,134.54,2,12,0,41,20.5,,0,0
,ff077124,Kamran Akmal,male,Pakistan,51,51,964,801,73,6,97,31,5,0,21.42,120.35,0,0,0,0,0.0,,0,0
,1274d7ab,Nazmul Hossain Shanto,male,Bangladesh,44,44,959,873,71,5,88,19,4,0,24.59,109.85,3,18,0,26,8.67,,0,0
,9f2be73d,S Ravichandran,male,Japan,51,47,952,785,86,3,86,21,5,0,21.64,121.27,47,881,61,720,4.9,11.8,5,2
,6a71ba3a,M Levitt,male,Netherlands,30,29,945,667,135,1,83,50,6,1,33.75,141.68,7,96,5,139,8.69,27.8,3,0
,f50433e9,LA Dunbar,male,Serbia,36,36,943,789,117,7,83,46,5,1,32.52,119.52,1,6,0,7,7.0,,0,0
,716bf559,BA Pai,male,Gibraltar,42,40,941,844,86,6,84,15,6,0,27.68,111.49,39,759,33,835,6.6,25.3,3,0
,7147f314,Sabbir Rahman,male,Bangladesh,43,43,939,777,80,5,88,29,4,0,24.71,120.85,8,67,6,78,6.99,13.0,3,0
,29e253dd,Iftikhar Ahmed,male,Pakistan,58,51,937,714,62,12,65,42,4,0,24.03,131.23,25,295,8,349,7.1,43.62,3,0
,9c376401,CS MacLeod,male,Scotland,49,48,930,838,74,8,83,15,4,0,23.25,110.98,12,138,3,181,7.87,60.33,1,0
,50c6bc2b,LS Livingstone,male,England,56,46,926,618,103,8,51,59,2,1,24.37,149.84,41,576,33,838,8.73,25.39,3,0
,bb345e0b,G Gambhir,male,India,34,34,918,766,75,2,108,10,7,0,28.69,119.84,0,0,0,0,0.0,,0,0
,31366b7e,G Mckeon,male,France,32,32,915,638,109,4,72,50,5,2,32.68,143.42,11,165,8,192,6.98,24.0,3,0
,63d6f031,AP Rajeevan,male,Tanzania,44,44,913,807,70,9,83,17,5,0,26.09,113.14,0,0,0,0,0.0,,0,0
,a28a7fba,A Johnson,male,Canada,31,31,910,615,121,3,85,60,6,2,32.5,147.97,3,30,0,36,7.2,,0,0
,206efeb1,PR Surve,male,Indonesia,36,35,909,783,71,12,71,28,4,0,39.52,116.09,15,183,7,245,8.03,35.0,2,0
,c5aef772,R Shepherd,male,West Indies,76,56,909,624,52,24,51,67,1,0,28.41,145.67,74,1362,81,2281,10.05,28.16,5,1
,9de62878,Shadab Khan,male,Pakistan,113,60,901,612,52,12,64,47,1,0,18.77,147.22,110,2311,118,2890,7.5,24.49,4,0
,844e79d1,D Brevis,male,South Africa,32,32,900,542,125,3,53,70,3,1,31.03,166.05,1,12,1,22,11.0,22.0,1,0
,efcb778e,J Butler,male,Guernsey,48,39,900,782,87,7,82,26,4,0,28.12,115.09,19,303,23,353,6.99,15.35,4,0
,c15e7ba4,E Dusingizimana,male,Rwanda,52,52,898,815,66,3,89,32,4,0,18.33,110.18,0,0,0,0,0.0,,0,0
,6b4593ee,L Siaka,male,Papua New Guinea,57,54,898,764,85,6,65,32,3,0,18.71,117.54,14,180,11,158,5.27,14.36,3,0
,c9d05f1a,Yasim Murtaza,male,Hong Kong,76,62,893,752,60,8,63,39,3,0,16.54,118.75,75,1563,84,1672,6.42,19.9,4,0
,0f721006,JO Holder,male,West Indies,92,66,890,621,49,20,51,62,0,0,19.35,143.32,91,1989,109,2892,8.72,26.53,5,1
,c01ca5af,CV Anto,male,Kuwait,42,42,886,584,75,5,56,66,3,0,23.95,151.71,0,0,0,0,0.0,,0,0
,d014d5ac,SE Rutherford,male,West Indies,46,45,886,591,76,10,64,57,6,0,25.31,149.92,3,36,2,64,10.67,32.0,1,0
,72861603,GC Smith,male,South Africa,31,31,884,713,89,1,110,21,4,0,29.47,123.98,3,24,0,57,14.25,,0,0
,28131839,MA Leask,male,Scotland,70,60,883,674,58,8,58,46,1,0,16.98,131.01,56,921,54,1146,7.47,21.22,4,0
,fc4375ef,BFW de Leede,male,Netherlands,48,42,881,824,91,9,65,24,5,0,26.7,106.92,38,645,44,855,7.95,19.43,3,0
,a343262c,JE Root,male,England,30,29,881,696,90,5,91,15,5,0,36.71,126.58,9,84,6,139,9.93,23.17,2,0
,331e137f,Walid Ghauri,male,Norway,33,33,881,723,100,3,80,29,4,1,29.37,121.85,7,83,3,115,8.31,38.33,1,0
,60cc80ac,Razmal Shigiwal,male,Austria,32,32,875,617,70,4,74,36,4,0,31.25,141.82,1,18,0,19,6.33,,0,0
,29ee9bf9,K Nassoro,male,Tanzania,64,58,872,871,60,12,81,16,2,0,18.96,100.11,54,863,41,967,6.72,23.59,3,0
,d18d3a0f,Selim Salau,male,Nigeria,36,36,871,783,112,0,83,20,1,1,24.19,111.24,0,0,0,0,0.0,,0,0
,c31adb5c,TC Barker,male,Luxembourg,42,42,864,678,78,1,94,21,4,0,21.07,127.43,0,0,0,0,0.0,,0,0
,fde53ec1,Adil Butt,male,Eswatini,24,24,859,489,101,2,87,57,8,1,39.05,175.66,23,456,30,628,8.26,20.93,3,0
,9f308dfc,JP Kotze,male,Namibia,45,45,855,705,101,5,85,40,2,1,21.38,121.28,0,0,0,0,0.0,,0,0
,c6d1b1e4,P Baron,male,Argentina,31,31,851,698,73,4,97,18,9,0,31.52,121.92,0,0,0,0,0.0,,0,0
,3feda4fa,RL Chase,male,West Indies,56,44,846,712,67,8,74,22,4,0,23.5,118.82,52,916,40,1156,7.57,28.9,3,0
,faef026c,SKS Gill,male,Luxembourg,40,39,846,831,67,3,75,12,3,0,23.5,101.81,15,215,9,274,7.65,30.44,2,0
,b4b99816,Shubman Gill,male,India,35,35,846,614,126,5,93,26,3,1,28.2,137.79,0,0,0,0,0.0,,0,0
,bb4da4d3,D Visser,male,Samoa,23,23,845,591,132,5,86,38,3,3,46.94,142.98,20,401,25,447,6.69,17.88,4,0
,3086f7a4,Mohammad Nawaz (3),male,Pakistan,91,64,844,623,45,16,66,44,0,0,17.58,135.47,86,1646,93,1993,7.26,21.43,5,1
,05de1a5a,GC Wilson,male,Ireland,49,49,840,836,65,6,73,12,2,0,19.53,100.48,0,0,0,0,0.0,,0,0
,7923a51d,Mohammad Naim,male,Bangladesh,35,35,839,805,81,2,74,18,4,0,25.42,104.22,0,0,0,0,0.0,,0,0
,b857468a,V Vijh,male,Luxembourg,46,45,838,718,53,6,59,30,1,0,21.49,116.71,43,833,44,1121,8.07,25.48,3,0
,681f522f,SA Okpe,male,Nigeria,81,65,837,814,45,14,52,28,0,0,16.41,102.83,76,1334,65,1311,5.9,20.17,5,1
,b5f30525,Ahmad Ramdoni,male,Indonesia,60,60,836,942,46,18,61,29,0,0,19.9,88.75,0,0,0,0,0.0,,0,0
,4d84ad05,CJA Amini,male,Papua New Guinea,47,43,836,712,91,6,69,22,4,0,22.59,117.42,42,701,36,748,6.4,20.78,4,0
,db1bf9c2,RN Patel,male,Kenya,48,48,835,716,66,7,87,19,2,0,20.37,116.62,7,50,7,51,6.12,7.29,2,0
,74be2916,D Doyle-Calle,male,Spain,34,33,834,602,72,8,54,47,3,0,33.36,138.54,3,18,2,16,5.33,8.0,2,0
,78f719ea,IDM Latin,male,Gibraltar,40,40,829,676,89,6,64,37,4,0,24.38,122.63,20,329,22,493,8.99,22.41,4,0
,42bf1b7d,H Carlyon,male,Jersey,41,41,827,650,110,1,80,32,4,1,20.68,127.23,27,405,23,401,5.94,17.43,3,0
,30c917bf,AV Lazarus,male,Thailand,39,39,824,707,95,7,66,31,5,0,25.75,116.55,8,85,1,104,7.34,104.0,1,0
,07ac9c54,C Roberts,male,France,32,32,824,756,72,9,67,6,3,0,35.83,108.99,4,36,4,60,10.0,15.0,3,0
,a9231c3f,SR Taylor,male,United States of America,30,29,822,615,101,3,90,35,4,1,31.62,133.66,19,294,12,295,6.02,24.58,2,0
,cddafe26,V Aravind,male,United Arab Emirates,34,34,821,714,97,3,80,21,4,0,26.48,114.99,0,0,0,0,0.0,,0,0
,89c16049,Agha Salman,male,Pakistan,46,45,819,664,76,7,76,26,5,0,21.55,123.34,13,114,6,146,7.68,24.33,1,0
,2254ab79,Sarfraz Ahmed,male,Pakistan,40,40,818,652,89,10,79,16,3,0,27.27,125.46,0,0,0,0,0.0,,0,0
,f468293b,JN Loftie-Eaton,male,Namibia,56,49,816,592,101,7,80,33,1,1,19.43,137.84,35,464,27,597,7.72,22.11,4,0
,c4e73ff1,KH Prajapati,male,Oman,43,43,816,756,74,5,80,26,6,0,21.47,107.94,2,8,0,19,14.25,,0,0
,fc55ec67,MR Adair,male,Ireland,91,63,814,624,72,13,55,39,1,0,16.28,130.45,91,1977,128,2562,7.78,20.02,4,0
,e5ecb1ef,V Ravindran,male,Hungary,31,30,810,545,77,1,95,35,5,0,27.93,148.62,5,71,4,110,9.3,27.5,3,0
,c498c510,N Nipiko,male,Vanuatu,36,36,809,737,74,6,53,29,5,0,26.97,109.77,25,413,36,563,8.18,15.64,4,0
,b23d3ec5,R Mazumder,male,Cyprus,36,36,805,729,80,6,91,11,5,0,26.83,110.43,2,12,0,20,10.0,,0,0
,20481563,MNM Aslam,male,Kuwait,68,47,801,696,55,7,73,18,3,0,20.02,115.09,68,1413,75,1453,6.17,19.37,4,0
,510e33d3,Mohammad Ihsan,male,Spain,26,26,801,455,160,4,67,56,1,2,36.41,176.04,0,0,0,0,0.0,,0,0
,1c5c3dce,IO Okpe,male,Nigeria,83,70,796,737,65,11,34,31,2,0,13.49,108.01,81,1414,81,1609,6.83,19.86,5,1
,723ca856,Khizer Ahmed,male,Norway,43,43,788,662,64,5,79,22,2,0,20.74,119.03,0,0,0,0,0.0,,0,0
,b6bad765,Shaheryar Butt,male,Belgium,36,36,788,622,91,7,67,41,3,0,27.17,126.69,2,7,0,18,15.43,,0,0
,79209272,Yasir Ali,male,Spain,40,37,788,763,80,7,63,19,3,0,26.27,103.28,38,711,53,678,5.72,12.79,6,1
,436c763a,BJ McMullen,male,Scotland,29,29,787,547,96,4,63,39,7,0,31.48,143.88,19,245,8,370,9.06,46.25,2,0
,7d608e12,DM de Silva,male,Sri Lanka,44,44,786,693,62,3,68,15,2,0,19.17,113.42,26,304,16,344,6.79,21.5,2,0
,3c55c703,JG Bethell,male,England,32,32,786,519,105,6,63,45,4,1,30.23,151.45,6,93,8,135,8.71,16.88,4,0
,f88dc8de,RB Patel,male,Uganda,36,36,781,753,68,7,92,8,4,0,26.93,103.72,0,0,0,0,0.0,,0,0
,b2e1d224,G Malla,male,Nepal,34,34,780,638,107,1,63,34,2,1,23.64,122.26,0,0,0,0,0.0,,0,0
,7e00711f,Faheem Nazir,male,Switzerland,22,22,775,526,113,3,91,23,4,2,40.79,147.34,15,244,17,305,7.5,17.94,3,0
,73c18486,KR Mayers,male,West Indies,40,39,773,573,73,2,69,51,3,0,20.89,134.9,14,120,2,191,9.55,95.5,2,0
,7eae4418,Misbah-ul-Haq,male,Pakistan,32,32,771,696,87,13,45,26,3,0,40.58,110.78,0,0,0,0,0.0,,0,0
,db95ddeb,Sarfaraz Ali,male,Bahrain,42,42,771,547,69,2,66,57,4,0,19.27,140.95,37,673,35,801,7.14,22.89,4,0
,d1305df0,AGS Gous,male,United States of America,26,26,770,535,81,1,67,42,6,0,30.8,143.93,0,0,0,0,0.0,,0,0
,cad00a4d,RR Rossouw,male,South Africa,27,27,767,478,109,5,69,39,3,2,34.86,160.46,0,0,0,0,0.0,,0,0
,0f71478c,YSD Seneveratne,male,Cayman Islands,29,29,766,647,150,7,60,36,3,1,34.82,118.39,3,18,0,28,9.33,,0,0
,6d2b9724,T Manders,male,Bermuda,25,25,763,565,84,4,73,33,7,0,36.33,135.04,0,0,0,0,0.0,,0,0
,d2babdd5,E Chigumbura,male,Zimbabwe,47,46,762,526,54,9,53,46,3,0,20.59,144.87,16,198,12,316,9.58,26.33,4,0
,ba5e1069,R Ravindra,male,New Zealand,48,45,759,557,69,9,60,32,4,0,21.08,136.27,24,384,25,440,6.88,17.6,4,0
,17aa4f1d,Aaron Jones,male,United States of America,44,42,756,662,94,10,39,39,2,0,23.62,114.2,11,116,7,138,7.14,19.71,2,0
,fd835ab3,DJ Hussey,male,Australia,37,36,756,620,88,3,41,34,3,0,22.91,121.94,25,361,19,392,6.52,20.63,3,0
,c5d7b244,Mohammad Nadeem,male,Oman,63,45,756,728,77,12,45,20,3,0,22.91,103.85,53,801,34,1041,7.8,30.62,4,0
,49556abb,T Bharaj,male,Denmark,36,36,756,631,63,5,65,18,5,0,24.39,119.81,0,0,0,0,0.0,,0,0
,0c1da0c4,V Balakrishnan,male,Botswana,40,40,754,674,101,5,80,20,3,1,21.54,111.87,7,51,3,45,5.29,15.0,2,0
,0d677597,W Barresi,male,Netherlands,37,37,750,642,75,7,65,21,4,0,25.0,116.82,3,34,2,49,8.65,24.5,1,0
,8716233e,ZE Green,male,Namibia,56,56,749,657,54,14,68,15,2,0,17.83,114.0,0,0,0,0,0.0,,0,0
,abee08c7,JO Adedeji,male,Nigeria,43,43,748,862,68,7,60,16,3,0,20.78,86.77,13,204,8,222,6.53,27.75,2,0
,e16e7347,CG Williams,male,Namibia,31,31,746,674,81,4,62,21,5,0,27.63,110.68,13,174,9,181,6.24,20.11,3,0
,30d8136b,AR Ramjani,male,Uganda,58,40,745,561,78,9,61,26,5,0,24.03,132.8,56,1215,95,948,4.68,9.98,5,1
,46ad7e01,KJ Stagno,male,Gibraltar,28,28,744,434,101,1,49,61,4,1,27.56,171.43,0,0,0,0,0.0,,0,0
,e94915e6,SM Curran,male,England,77,51,744,569,58,16,45,32,2,0,21.26,130.76,74,1337,68,1955,8.77,28.75,3,0
,18261c22,SJ Myburgh,male,Netherlands,37,37,741,635,71,1,87,23,4,0,20.58,116.69,0,0,0,0,0.0,,0,0
,6176f240,Chirag Suri,male,United Arab Emirates,28,28,740,636,88,2,77,17,6,0,28.46,116.35,0,0,0,0,0.0,,0,0
,a8f91f78,Abbas Ghani,male,Hungary,29,28,739,483,90,0,77,36,7,0,26.39,153.0,20,283,24,424,8.99,17.67,4,0
,2e171977,AR Patel,male,India,94,63,738,569,65,19,50,29,1,0,16.77,129.7,90,1726,96,2216,7.7,23.08,3,0
,6b75c2b1,NR Kirton,male,Canada,37,36,737,600,69,5,48,28,2,0,23.77,122.83,7,54,4,97,10.78,24.25,1,0
,156d0ea2,SR Mukkamalla,male,United States of America,21,21,737,491,100,3,72,31,6,1,40.94,150.1,0,0,0,0,0.0,,0,0
,25f7b7d6,T Banton,male,England,34,34,735,493,73,5,70,32,4,0,25.34,149.09,0,0,0,0,0.0,,0,0
,30ffaf85,A Mundra,male,Sweden,29,29,734,464,76,3,81,35,5,0,28.23,158.19,0,0,0,0,0.0,,0,0
,d816fc1c,JJ Huo,male,Mozambique,27,27,734,504,126,6,83,31,2,2,34.95,145.63,22,383,27,492,7.71,18.22,3,0
,3cf06094,Bilal Tahir,male,Kuwait,49,49,732,513,61,15,45,50,1,0,21.53,142.69,6,74,6,74,6.0,12.33,2,0
,c01d7726,H Thaker,male,Canada,48,39,732,599,53,8,39,33,2,0,23.61,122.2,40,712,38,720,6.07,18.95,4,0
,c39ee9e0,Junaid Aziz,male,Bahrain,51,47,727,677,52,13,47,35,1,0,21.38,107.39,16,162,14,251,9.3,17.93,5,1
,3e06e7ac,Azyan Farhath,male,Maldives,32,32,726,862,66,6,53,11,5,0,27.92,84.22,14,223,19,220,5.92,11.58,4,0
,4393e047,R Nehonde,male,Botswana,42,42,726,758,63,7,57,13,3,0,20.74,95.78,18,298,19,349,7.03,18.37,4,0
,e9630504,Shaiman Anwar,male,United Arab Emirates,26,26,723,559,117,3,58,33,3,1,31.43,129.34,0,0,0,0,0.0,,0,0
,adca37a2,Jaspal Singh,male,Malta,43,43,721,622,68,10,54,36,4,0,21.85,115.92,12,193,6,256,7.96,42.67,1,0
,48fd7349,MEK Hussey,male,Australia,30,30,721,528,60,11,58,25,4,0,37.95,136.55,1,6,0,5,5.0,,0,0
,ec02b798,WTS Porterfield,male,Ireland,41,41,720,694,72,6,77,14,3,0,20.57,103.75,0,0,0,0,0.0,,0,0
,036dcf9b,Saber Zakhil,male,Belgium,35,33,719,445,65,4,41,61,2,0,24.79,161.57,21,323,16,392,7.28,24.5,3,0
,dfe5db8a,PA Raikes,male,Gibraltar,25,25,718,535,74,2,64,32,5,0,31.22,134.21,0,0,0,0,0.0,,0,0
,8de618ab,SA Ahmad,male,Denmark,40,37,717,634,66,5,65,18,4,0,22.41,113.09,35,678,39,635,5.62,16.28,3,0
,adbf0400,Basil Hameed,male,United Arab Emirates,53,46,715,552,51,16,36,38,2,0,23.83,129.53,34,512,38,598,7.01,15.74,4,0
,f3a5c378,Aritra Dutta,male,Singapore,37,37,712,546,122,1,71,35,2,1,19.78,130.4,0,0,0,0,0.0,,0,0
,a97c8ec2,PWH de Silva,male,Sri Lanka,90,74,711,589,71,16,69,13,1,0,12.26,120.71,89,2022,153,2413,7.16,15.77,4,0
,7ca5e05d,RS Bopara,male,England,36,35,711,599,65,10,54,17,3,0,28.44,118.7,21,322,16,387,7.21,24.19,4,0
,93b4fc78,MK Pandey,male,India,32,32,709,561,79,16,49,19,3,0,44.31,126.38,0,0,0,0,0.0,,0,0
,e9173fb0,SR Bhudia,male,Kenya,45,41,707,571,77,8,60,23,3,0,21.42,123.82,16,196,9,188,5.76,20.89,3,0
,d96165b5,D Myers,male,Zimbabwe,38,37,706,568,96,3,64,20,3,0,20.76,124.3,7,66,0,139,12.64,,0,0
,6483c062,A Dizija,male,Serbia,33,33,702,629,92,1,66,26,5,0,21.94,111.61,4,61,2,128,12.59,64.0,1,0
,e1592949,KS Leverock,male,Bermuda,25,25,701,460,103,4,61,41,3,1,33.38,152.39,22,412,24,456,6.64,19.0,4,0
,8abdf100,CJ Anderson,male,New Zealand,40,34,697,551,94,6,40,35,3,0,24.89,126.5,27,432,16,585,8.12,36.56,2,0
,d0b643e1,Manan Ali,male,Saudi Arabia,36,35,697,477,49,7,33,51,0,0,24.89,146.12,4,30,0,42,8.4,,0,0
,612a395c,S Singh,male,Kenya,49,48,694,684,54,7,77,6,1,0,16.93,101.46,1,6,0,8,8.0,,0,0
,7ecb9a14,Aamir Kaleem,male,Oman,49,44,693,601,72,6,70,18,3,0,18.24,115.31,40,659,46,847,7.71,18.41,5,2
,72275237,Anjar Tadarus,male,Indonesia,78,68,693,800,59,13,68,14,1,0,12.6,86.62,41,585,29,726,7.45,25.03,5,1
,cd56a813,Jaker Ali,male,Bangladesh,38,38,692,550,72,11,36,39,3,0,25.63,125.82,0,0,0,0,0.0,,0,0
,509a7ca1,MD Gunathilaka,male,Sri Lanka,43,43,691,578,57,0,73,19,3,0,16.07,119.55,12,123,6,155,7.56,25.83,2,0
,12c3ba4d,P Khadka,male,Nepal,29,28,690,525,106,2,74,25,3,1,26.54,131.43,22,282,8,298,6.34,37.25,2,0
,f8fb7e7b,Musaddiq Ahmed,male,Germany,24,24,687,407,122,0,74,43,1,2,28.62,168.8,5,90,2,123,8.2,61.5,1,0
,c03f1114,KD Karthik,male,India,47,47,686,481,55,21,71,28,1,0,26.38,142.62,0,0,0,0,0.0,,0,0
,d5ae21a2,KD Shah,male,Hong Kong,45,43,684,639,79,7,52,16,3,0,19.0,107.04,29,438,15,544,7.45,36.27,3,0
,a22b4f3f,A Mansale,male,Vanuatu,32,32,681,594,82,3,44,25,4,0,23.48,114.65,7,90,6,113,7.53,18.83,3,0
,e66732f8,RD Rickelton,male,South Africa,28,28,680,462,77,3,52,38,3,0,27.2,147.19,0,0,0,0,0.0,,0,0
,7081491e,AA Obanda,male,Kenya,37,37,678,560,103,3,83,23,1,1,19.94,121.07,0,0,0,0,0.0,,0,0
,39e9f0c9,B Arora,male,Malta,44,39,676,698,66,9,63,17,3,0,22.53,96.85,35,596,24,773,7.78,32.21,3,0
,cfad138c,CK Kapugedera,male,Sri Lanka,36,36,675,567,50,6,56,24,1,0,22.5,119.05,0,0,0,0,0.0,,0,0
,fa23405f,L Yamamoto-Lake,male,Japan,38,38,675,519,134,3,68,25,2,1,19.29,130.06,0,0,0,0,0.0,,0,0
,08548b13,PHKD Mendis,male,Sri Lanka,41,39,675,535,51,2,52,30,3,0,18.24,126.17,15,174,5,238,8.21,47.6,1,0
,e8511411,SJ Baard,male,Namibia,27,27,675,595,92,3,57,18,5,0,28.12,113.45,0,0,0,0,0.0,,0,0
,85c56be8,C Chatphaisan,male,Thailand,56,54,674,658,70,3,61,21,2,0,13.22,102.43,10,132,8,139,6.32,17.38,1,0
,90b73986,D Norotam,male,Portugal,24,24,673,480,84,0,69,23,4,0,28.04,140.21,0,0,0,0,0.0,,0,0
,b3bad3f2,NR Kumar,male,Canada,32,31,673,529,83,4,48,25,4,0,24.93,127.22,11,156,6,166,6.38,27.67,2,0
,72bf5103,I Niyomugabo,male,Rwanda,37,37,671,667,59,6,64,10,1,0,21.65,100.6,0,0,0,0,0.0,,0,0
,9ffd1ac1,T Bavuma,male,South Africa,35,35,670,567,72,3,62,16,1,0,20.94,118.17,0,0,0,0,0.0,,0,0
,1283e17b,Imal Zuwak,male,Sweden,39,39,667,645,70,2,58,15,3,0,18.03,103.41,1,6,0,5,5.0,,0,0
,9048c17e,DM Gondaria,male,Kenya,29,29,666,502,92,2,60,25,5,0,24.67,132.67,13,221,18,237,6.43,13.17,4,0
,557550a4,Hamza Dar,male,Spain,29,29,666,445,91,10,42,39,4,0,35.05,149.66,10,84,4,107,7.64,26.75,1,0
,5d664346,TB Robinson,male,New Zealand,28,28,665,484,106,3,58,26,2,1,26.6,137.4,0,0,0,0,0.0,,0,0
,45642393,Muhammad Usman,male,United Arab Emirates,32,32,664,582,89,3,61,14,2,0,22.9,114.09,0,0,0,0,0.0,,0,0
,c988daa1,I Takahashi,male,Japan,52,46,662,496,54,8,48,36,1,0,17.42,133.47,49,781,44,737,5.66,16.75,3,0
,6bc04a3e,R Obuya,male,Uganda,35,35,661,542,83,3,56,31,4,0,20.66,121.96,0,0,0,0,0.0,,0,0
,8088632c,C Rububagumya,male,Rwanda,69,61,660,787,40,12,41,10,0,0,13.47,83.86,54,868,45,1090,7.53,24.22,3,0
,cca50cd6,LJ Wright,male,England,47,43,660,497,76,3,60,25,3,0,16.5,132.8,22,324,18,464,8.59,25.78,2,0
,9caf69a1,WG Jacks,male,England,42,37,660,441,53,7,60,32,1,0,22.0,149.66,21,306,19,429,8.41,22.58,3,0
,6c882e9a,PBB Rajapaksa,male,Sri Lanka,37,37,657,513,77,7,52,29,3,0,21.9,128.07,0,0,0,0,0.0,,0,0
,51a125b3,T Nightingale,male,Guernsey,36,35,654,499,75,3,60,26,3,0,20.44,131.06,15,170,5,205,7.24,41.0,2,0
,6c19c6e5,YBK Jaiswal,male,India,20,20,651,397,100,2,77,32,4,1,36.17,163.98,1,6,0,11,11.0,,0,0
,1021b6e5,J Rasu,male,Vanuatu,36,35,643,608,74,3,43,23,3,0,20.09,105.76,29,571,39,714,7.5,18.31,4,0
,1a156c88,DJM Short,male,Australia,23,23,642,539,76,2,71,15,4,0,30.57,119.11,9,114,3,151,7.95,50.33,1,0
,489aaf0a,Parvez Hossain Emon,male,Bangladesh,35,35,642,497,100,2,51,42,2,1,19.45,129.18,0,0,0,0,0.0,,0,0
,d1988788,Rohan Mustafa,male,United Arab Emirates,44,41,641,575,54,3,66,14,1,0,16.87,111.48,43,875,47,974,6.68,20.72,4,0
,a71d0f89,R Chopra,male,United Arab Emirates,32,32,638,552,80,5,47,24,4,0,23.63,115.58,0,0,0,0,0.0,,0,0
,eaa76d3c,C Green,male,Australia,27,25,635,415,62,4,49,36,6,0,30.24,153.01,15,219,14,337,9.23,24.07,3,0
,c439461b,Ahmed Hassan,male,Switzerland,26,26,634,480,59,5,40,44,2,0,30.19,132.08,0,0,0,0,0.0,,0,0
,9811e35e,Gulsan Jha,male,Nepal,53,43,634,454,54,11,33,46,1,0,19.81,139.65,34,518,28,632,7.32,22.57,3,0
,995fd3b2,M Gogev,male,Bulgaria,27,27,634,435,77,1,54,39,5,0,24.38,145.75,24,431,13,673,9.37,51.77,2,0
,45a43fe2,RD Gaikwad,male,India,19,19,633,439,123,4,65,24,4,1,42.2,144.19,0,0,0,0,0.0,,0,0
,86dc8f2e,JH Kallis,male,South Africa,24,22,632,524,73,4,56,18,5,0,35.11,120.61,19,276,12,333,7.24,27.75,4,0
,5338b9f5,Muhammad Muneeb,male,Belgium,27,27,632,510,71,0,77,18,4,0,23.41,123.92,0,0,0,0,0.0,,0,0
,5d77a96a,Umar Adam,male,Maldives,36,35,632,462,56,1,51,37,3,0,18.59,136.8,36,734,45,899,7.35,19.98,3,0
,f80682f8,Ravinderpal Singh,male,Canada,33,33,631,442,101,6,43,36,1,1,23.37,142.76,3,25,2,29,6.96,14.5,2,0
,033e9d59,Arjun Vinod,male,Switzerland,31,30,630,567,67,5,59,15,1,0,25.2,111.11,18,204,5,298,8.76,59.6,1,0
,3d7f02d4,RM Dorji,male,Bhutan,37,37,628,584,73,1,45,26,3,0,17.44,107.53,20,296,13,414,8.39,31.85,2,0
,b38a9f73,OH Agbomadzie,male,Ghana,37,34,626,644,107,5,47,14,1,1,21.59,97.2,37,770,46,705,5.49,15.33,5,1
,b7824537,B Niaz,male,Belgium,33,31,625,486,72,5,54,31,3,0,24.04,128.6,14,210,18,235,6.71,13.06,4,0
,45ca12a7,D Kansonkho,male,Malawi,38,38,622,675,54,5,53,13,1,0,18.85,92.15,9,97,4,121,7.48,30.25,2,0
,92075cdc,M Taylor,male,Bahamas,31,31,621,641,71,1,59,26,5,0,20.7,96.88,23,467,18,539,6.93,29.94,3,0
,2d45d7d2,MPGT Ketiyage,male,Cyprus,30,28,621,497,70,2,40,38,4,0,23.88,124.95,19,316,15,399,7.58,26.6,3,0
,bf976fb0,AS Samra,male,Philippines,27,27,620,457,101,2,53,28,3,1,24.8,135.67,4,36,0,68,11.33,,0,0
,1bdbf53b,B George,male,Malta,27,27,620,480,103,2,41,34,3,1,24.8,129.17,6,75,1,129,10.32,129.0,1,0
,cad11a02,W Boshoff,male,Sweden,30,30,619,566,56,7,42,19,2,0,26.91,109.36,0,0,0,0,0.0,,0,0
,a62f55ba,DJ Hawoe,male,Indonesia,106,78,618,504,40,18,36,35,0,0,10.3,122.62,102,1776,91,2167,7.32,23.81,4,0
,f233bbb4,ST Jayasuriya,male,Sri Lanka,30,28,615,464,88,2,75,22,4,0,23.65,132.54,23,347,19,423,7.31,22.26,3,0
,d55474ac,AK Mohan,male,Finland,29,29,612,601,71,2,41,26,5,0,22.67,101.83,0,0,0,0,0.0,,0,0
,5d6a1f76,Zeeshan Kukikhel,male,Hungary,22,22,610,414,82,1,69,26,5,0,29.05,147.34,12,237,15,335,8.48,22.33,3,0
,0a509d6b,RK Singh,male,India,32,32,608,389,68,13,52,34,2,0,32.0,156.3,3,16,3,19,7.12,6.33,2,0
,ab1445ea,J Mees,male,Luxembourg,30,30,606,506,85,5,53,22,3,0,24.24,119.76,0,0,0,0,0.0,,0,0
,9822fb85,Isa Zaroo,male,Bulgaria,29,28,605,506,78,1,63,16,2,0,22.41,119.57,3,54,4,91,10.11,22.75,2,0
,ee17d329,D Abeyrathna,male,Norway,37,35,604,623,46,4,54,14,0,0,19.48,96.95,22,352,23,418,7.12,18.17,3,0
,3560a786,C Madande,male,Zimbabwe,38,38,600,509,53,10,48,19,1,0,21.43,117.88,0,0,0,0,0.0,,0,0
,a143d606,P Pushparajan,male,Malta,20,20,599,381,103,2,47,35,4,1,33.28,157.22,17,271,12,343,7.59,28.58,3,0
,9e0bd203,B Ward,male,Jersey,42,32,597,463,58,10,34,32,1,0,27.14,128.94,41,915,63,845,5.54,13.41,4,0
,52b090a6,Lakshit Gupta,male,Cambodia,28,28,597,562,62,5,48,25,3,0,25.96,106.23,7,84,3,139,9.93,46.33,1,0
,e824e6ee,TWM Latham,male,New Zealand,26,26,597,544,65,4,51,11,4,0,27.14,109.74,0,0,0,0,0.0,,0,0
,2318ba22,TLW Cooper,male,Netherlands,29,29,592,466,81,4,58,18,2,0,23.68,127.04,9,90,3,117,7.8,39.0,2,0
,01549705,J van Heerden,male,Germany,18,18,591,432,74,4,64,15,3,0,42.21,136.81,8,146,10,179,7.36,17.9,2,0
,c63671e9,Naseem Khushi,male,Oman,34,34,591,363,69,3,39,44,2,0,19.06,162.81,0,0,0,0,0.0,,0,0
,2964821b,Avishka Iroshan,male,Romania,27,27,590,507,66,7,53,24,2,0,29.5,116.37,10,140,11,205,8.79,18.64,4,0
,e734d090,CN Ackermann,male,Netherlands,29,29,590,506,62,4,43,14,1,0,23.6,116.6,19,318,11,353,6.66,32.09,3,0
,5152ab02,Habib Khan,male,Estonia,26,24,590,461,90,0,49,29,4,0,24.58,127.98,26,542,38,636,7.04,16.74,4,0
,aa8d28ae,D Wiese,male,Namibia,51,37,588,444,66,13,32,30,3,0,24.5,132.43,51,1012,58,1190,7.06,20.52,5,1
,a36915ce,N Vanua,male,Papua New Guinea,48,37,588,449,71,7,28,36,3,0,19.6,130.96,43,854,50,1072,7.53,21.44,4,0
,71ad618b,Saqlain Arshad,male,Qatar,35,35,588,461,61,2,73,17,2,0,17.82,127.55,11,132,8,157,7.14,19.62,2,0
,2c535f08,F Damiao Couana,male,Mozambique,18,18,587,428,104,2,62,21,4,1,36.69,137.15,17,318,15,386,7.28,25.73,5,1
,b424d3d3,Muhammad Asim,male,Qatar,21,21,586,408,67,7,57,21,5,0,41.86,143.63,19,317,17,367,6.95,21.59,3,0
,a386e91b,PD Collingwood,male,ICC World XI,36,33,583,457,79,2,38,24,3,0,18.81,127.57,20,234,16,347,8.9,21.69,4,0
,35205dfc,DR Smith,male,West Indies,32,32,582,472,72,0,62,31,3,0,18.19,123.31,11,142,7,212,8.96,30.29,3,0
,c03c6200,DJG Sammy,male,ICC World XI,61,49,581,387,42,16,46,31,0,0,17.61,150.13,58,904,43,1099,7.29,25.56,5,1
,a968d39b,DC Smith,male,Philippines,35,35,580,497,65,2,51,23,1,0,17.58,116.7,29,477,18,604,7.6,33.56,3,0
,a3a275ec,K Waiswa,male,Uganda,54,47,579,569,66,9,55,14,1,0,15.24,101.76,33,570,44,680,7.16,15.45,4,0
,57efa3be,SB Styris,male,New Zealand,30,29,578,481,66,2,40,25,1,0,21.41,120.17,21,309,18,349,6.78,19.39,3,0
,d300d274,Saim Hussain,male,Bulgaria,16,16,577,385,108,2,52,25,4,1,41.21,149.87,0,0,0,0,0.0,,0,0
,e087956b,BA Stokes,male,England,39,34,576,444,52,9,41,22,1,0,23.04,129.73,34,570,23,809,8.52,35.17,3,0
,92f0e10e,Ahmed Aqeel,male,Malaysia,33,30,574,470,65,13,29,19,1,0,33.76,122.13,14,162,5,179,6.63,35.8,2,0
,d1523761,D Ramdin,male,West Indies,46,46,574,478,55,14,49,18,1,0,17.94,120.08,0,0,0,0,0.0,,0,0
,5a970aab,L Lamin,male,Sierra Leone,43,43,573,625,52,12,35,26,1,0,18.48,91.68,9,98,5,130,7.96,26.0,3,0
,9244df4b,A Ashokan,male,Czech Republic,22,22,572,498,55,6,28,22,3,0,35.75,114.86,18,342,15,435,7.63,29.0,3,0
,e969e580,GD Arta,male,Indonesia,74,57,572,648,46,12,33,30,0,0,12.71,88.27,51,912,46,936,6.16,20.35,3,0
,5efa8af3,M Syahadat Ramli,male,Malaysia,42,40,572,546,41,13,38,20,0,0,21.19,104.76,10,131,12,134,6.14,11.17,3,0
,6892f9c3,Waji Ul Hassan,male,Saudi Arabia,32,28,571,467,115,5,40,22,3,1,24.83,122.27,24,366,19,466,7.64,24.53,5,1
,c4fb0b39,VS Padhaal,male,Finland,34,34,569,533,84,3,53,11,2,0,18.35,106.75,1,6,0,12,12.0,,0,0
,2f0d7e4a,RW Chakabva,male,Zimbabwe,44,44,563,464,48,1,51,23,0,0,13.09,121.34,0,0,0,0,0.0,,0,0
,cd4d7695,Aarif Sheikh,male,Nepal,40,37,562,508,39,6,54,12,0,0,18.13,110.63,9,96,4,132,8.25,33.0,1,0
,65cebd5d,K Mishara,male,Sri Lanka,23,23,562,423,76,3,52,24,4,0,28.1,132.86,1,6,0,10,10.0,,0,0
,c7537f8a,TS Fray,male,Bermuda,35,35,559,612,62,4,45,8,2,0,18.03,91.34,0,0,0,0,0.0,,0,0
,abbdca1a,PM Seelaar,male,Netherlands,60,40,557,502,96,11,40,11,1,0,19.21,110.96,52,892,44,1073,7.22,24.39,3,0
,456397e5,T Perera,male,Botswana,33,31,555,534,48,7,54,16,0,0,23.12,103.93,19,312,16,449,8.63,28.06,4,0
,94a1827c,OGL Bascome,male,Bermuda,32,31,554,401,54,3,41,38,1,0,19.79,138.15,6,85,7,100,7.06,14.29,4,0
,11df3dc8,MJ Lumb,male,England,27,27,552,411,63,1,64,21,3,0,21.23,134.31,0,0,0,0,0.0,,0,0
,2cc08c3c,Shahid Wasif,male,Hong Kong,30,30,552,474,59,9,43,22,3,0,26.29,116.46,0,0,0,0,0.0,,0,0
,2bcbcac3,A Limdawala,male,Malawi,38,35,551,595,68,1,49,14,2,0,16.21,92.61,22,304,12,375,7.4,31.25,4,0
,c46999c7,M Podosky,male,Philippines,32,32,551,496,101,4,45,28,1,1,19.68,111.09,5,114,3,141,7.42,47.0,2,0
,32198ae0,MC Henriques,male,Australia,28,25,551,399,111,5,35,26,3,1,27.55,138.1,10,138,7,195,8.48,27.86,3,0
,bd4ea627,Faheem Ashraf,male,Pakistan,79,55,549,392,51,15,37,31,1,0,13.72,140.05,72,1143,57,1497,7.86,26.26,4,0
,c3d35165,JA Morkel,male,South Africa,46,36,549,383,43,10,27,38,0,0,21.12,143.34,44,611,25,828,8.13,33.12,3,0
,60bec5c3,Muhammad Amir,male,Malaysia,51,45,549,523,80,5,52,13,1,0,13.72,104.97,32,543,41,616,6.81,15.02,5,1
,49118dc7,SO Ngoche,male,Kenya,87,54,548,488,41,18,45,18,0,0,15.22,112.3,87,1786,105,1799,6.04,17.13,4,0
,68886c16,AR Naidoo,male,Cayman Islands,26,26,544,524,53,5,44,15,1,0,25.9,103.82,2,18,0,52,17.33,,0,0
,44d6a8b8,Ayan Khan,male,Oman,37,34,540,505,53,5,33,16,1,0,18.62,106.93,26,276,6,382,8.3,63.67,1,0
,19c56e6e,AJ Mosca,male,Italy,20,20,539,413,78,5,40,21,4,0,35.93,130.51,0,0,0,0,0.0,,0,0
,58973aaf,IA De Silva,male,Bulgaria,24,24,539,501,62,1,52,22,4,0,23.43,107.58,0,0,0,0,0.0,,0,0
,a75a78eb,MR Swart,male,Netherlands,21,20,539,458,89,2,45,14,4,0,29.94,117.69,15,252,12,266,6.33,22.17,2,0
,ac64c2ef,Raghav Dhawan,male,Uganda,21,20,539,490,56,2,41,15,3,0,29.94,110.0,1,12,1,26,13.0,26.0,1,0
,1f3b9f8d,M Akayezu,male,Rwanda,86,68,537,459,51,6,34,30,1,0,8.66,116.99,80,1469,85,1917,7.83,22.55,4,0
,711249d1,Shamim Hossain,male,Bangladesh,39,37,537,432,51,7,47,20,1,0,17.9,124.31,10,97,2,119,7.36,59.5,1,0
,b0358c6d,WAE Burton,male,Serbia,30,30,536,371,84,4,57,31,2,0,20.62,144.47,15,227,12,337,8.91,28.08,3,0
,ff2b190e,Dylan Steyn,male,Czech Republic,19,19,535,399,106,0,64,8,2,1,28.16,134.09,0,0,0,0,0.0,,0,0
,2687fff2,KC D'Souza,male,Bulgaria,24,24,535,333,92,7,32,37,2,0,31.47,160.66,5,84,3,82,5.86,27.33,2,0
,653a7fa8,PV Vuniwaqa,male,Fiji,16,16,533,351,72,1,43,40,3,0,35.53,151.85,10,157,6,230,8.79,38.33,2,0
,a77472dc,G Stewart,male,Italy,24,21,532,330,76,2,35,44,3,0,28.0,161.21,19,430,20,499,6.96,24.95,3,0
,05c2ca46,RE van der Merwe,male,Netherlands,67,42,532,415,75,16,40,15,2,0,20.46,128.19,66,1267,71,1386,6.56,19.52,4,0
,c10fd8f9,Aman Desai,male,Singapore,33,33,531,453,64,1,49,15,2,0,16.59,117.22,0,0,0,0,0.0,,0,0
,4ec96094,GR Adair,male,Ireland,23,23,531,373,100,0,51,30,1,1,23.09,142.36,0,0,0,0,0.0,,0,0
,3f149080,M Coetzee,male,Hong Kong,29,29,528,403,102,1,71,12,3,1,18.86,131.02,0,0,0,0,0.0,,0,0
,e5464794,Sazib Bhuiyan,male,Czech Republic,34,30,528,378,71,2,50,26,4,0,18.86,139.68,31,517,40,759,8.81,18.98,4,0
,5f26f677,BM Duckett,male,England,21,21,527,344,84,2,69,8,3,0,27.74,153.2,0,0,0,0,0.0,,0,0
,1e960f2a,C Kieswetter,male,England,24,24,526,457,63,1,47,23,3,0,22.87,115.1,0,0,0,0,0.0,,0,0
,1fed517a,Tenjin Rabgey,male,Bhutan,35,35,526,599,74,1,44,14,4,0,15.47,87.81,3,30,1,26,5.2,26.0,1,0
,a9a09cb8,S Wickramasekara,male,Czech Republic,28,27,525,372,65,5,36,30,4,0,23.86,141.13,24,442,23,532,7.22,23.13,5,1
,c01d1c0a,T Jamtsho,male,Bhutan,39,39,524,458,64,5,45,26,2,0,15.41,114.41,20,226,10,327,8.68,32.7,3,0
,d02c40ab,YS Samra,male,Canada,17,17,524,328,110,3,48,30,3,1,37.43,159.76,1,12,2,13,6.5,6.5,2,0
,30acd4b7,SP Gomes,male,Portugal,17,17,522,399,82,4,49,12,5,0,40.15,130.83,0,0,0,0,0.0,,0,0
,34dd3fd9,SSM Stanislaus,male,Malta,30,29,521,499,62,3,37,20,1,0,20.04,104.41,2,19,1,30,9.47,30.0,1,0
,fb3233d4,YS Chauhan,male,Sweden,20,20,520,429,71,2,46,18,3,0,28.89,121.21,4,36,3,60,10.0,20.0,1,0
,643e4882,Bilal Masud,male,Estonia,23,23,519,416,82,6,36,20,2,0,30.53,124.76,11,163,8,201,7.4,25.12,2,0
,dce2019b,F Behardien,male,South Africa,31,30,518,403,64,14,37,16,1,0,32.38,128.54,3,30,3,27,5.4,9.0,2,0
,f219df21,Sahil Chauhan,male,Estonia,25,25,518,292,144,5,30,46,1,1,25.9,177.4,7,77,8,95,7.4,11.88,4,0
,fbb8cf87,E Beukes,male,Cambodia,33,32,517,410,39,12,32,33,0,0,25.85,126.1,14,243,9,317,7.83,35.22,2,0
,00863408,MTMMJ Ave,male,Cook Islands,22,22,516,470,92,6,44,19,4,0,32.25,109.79,14,215,13,243,6.78,18.69,3,0
,ff3f6fc1,Mohammad Haris,male,Pakistan,28,28,515,363,107,2,45,26,1,1,19.81,141.87,0,0,0,0,0.0,,0,0
,6709b2de,Musa Shaheen,male,Denmark,26,26,515,470,80,1,40,18,2,0,20.6,109.57,1,6,0,10,10.0,,0,0
,22176fe7,MJ Richardson,male,Germany,24,24,513,495,61,7,47,5,2,0,30.18,103.64,0,0,0,0,0.0,,0,0
,f32dbc84,CJ Chibhabha,male,Zimbabwe,26,26,512,442,67,0,59,13,4,0,19.69,115.84,17,240,10,316,7.9,31.6,3,0
,fe93fd9d,RA Jadeja,male,India,70,38,508,397,46,15,38,14,0,0,22.09,127.96,68,1296,51,1558,7.21,30.55,3,0
,7eb36269,M van Lingen,male,Namibia,27,26,507,435,67,0,61,13,2,0,19.5,116.55,3,20,0,35,10.5,,0,0
,ec4dada1,MN Waller,male,Zimbabwe,24,23,507,360,68,3,36,24,1,0,25.35,140.83,3,30,0,42,8.4,,0,0
,d365d463,Nurul Hasan,male,Bangladesh,49,49,507,439,42,15,29,19,0,0,14.91,115.49,0,0,0,0,0.0,,0,0
,f092b4c7,Janak Prakash,male,Singapore,39,36,506,404,56,10,31,20,1,0,19.46,125.25,39,812,44,1185,8.76,26.93,3,0
,ff4805ee,Md Ariyan,male,Romania,24,24,506,336,93,5,33,39,3,0,26.63,150.6,0,0,0,0,0.0,,0,0
,94d7f855,C de Grandhomme,male,New Zealand,40,38,505,362,59,6,27,30,3,0,15.78,139.5,21,321,12,461,8.62,38.42,2,0
,156378d8,S Jora,male,Nepal,33,33,505,417,63,6,27,24,4,0,18.7,121.1,0,0,0,0,0.0,,0,0
,c8a7b014,OJ Hairs,male,Scotland,28,28,504,303,127,1,47,33,2,1,18.67,166.34,1,12,1,19,9.5,19.0,1,0
,c13e34f4,Haider Ali,male,Pakistan,31,31,503,397,68,3,43,22,3,0,17.96,126.7,0,0,0,0,0.0,,0,0
,e8a552ef,Usman Khan,male,France,41,33,503,434,63,8,51,10,3,0,20.12,115.9,39,691,55,816,7.09,14.84,4,0
,e7631adc,W Niyitanga,male,Rwanda,41,41,501,605,55,4,28,19,2,0,13.54,82.81,0,0,0,0,0.0,,0,0
,580ae7f2,IDA Damarell,male,Guernsey,31,31,499,446,52,6,55,8,2,0,19.96,111.88,0,0,0,0,0.0,,0,0
,bb95564b,Saif Hassan,male,Bangladesh,24,24,498,434,69,2,35,26,4,0,22.64,114.75,12,106,3,104,5.89,34.67,2,0
,0fdabe05,V Sibanda,male,Zimbabwe,25,25,498,480,59,1,52,11,1,0,20.75,103.75,0,0,0,0,0.0,,0,0
,d7acab5d,J Bangura,male,Sierra Leone,40,40,497,630,52,4,38,7,1,0,13.81,78.89,0,0,0,0,0.0,,0,0
,3eb7c45d,Imran Nazir,male,Pakistan,23,23,495,360,72,1,58,22,3,0,22.5,137.5,0,0,0,0,0.0,,0,0
,622be0d9,S Gooch,male,Estonia,19,19,494,456,72,2,45,13,4,0,29.06,108.33,15,294,22,363,7.41,16.5,3,0
,1e98804a,RA Sealy,male,Cayman Islands,28,28,492,388,64,1,36,24,2,0,18.22,126.8,0,0,0,0,0.0,,0,0
,baa7dd37,V Ganesan,male,Germany,40,32,492,464,61,6,51,1,1,0,18.92,106.03,29,468,22,451,5.78,20.5,3,0
,881b3f8e,TP Visee,male,Netherlands,30,30,491,333,78,0,67,17,3,0,16.37,147.45,0,0,0,0,0.0,,0,0
,c6889eb6,M Kasselman,male,Botswana,24,24,490,404,102,5,47,16,2,1,25.79,121.29,1,6,0,11,11.0,,0,0
,f842c2cf,MJ Clarke,male,Australia,30,28,488,471,67,5,29,10,1,0,21.22,103.61,15,156,6,225,8.65,37.5,1,0
,4d6d6280,Salman Butt,male,Pakistan,21,21,488,444,73,1,58,6,2,0,24.4,109.91,0,0,0,0,0.0,,0,0
,c74c583b,R Bakum,male,Ghana,33,32,486,443,71,2,36,20,2,0,16.2,109.71,14,205,13,264,7.73,20.31,4,0
,8e5a1a7a,Talha Khan,male,Germany,26,26,486,466,69,4,39,11,3,0,22.09,104.29,1,1,0,1,6.0,,0,0
,f53b3e1d,Karan KC,male,Nepal,87,48,485,312,45,16,21,41,0,0,15.16,155.45,87,1687,108,2179,7.75,20.18,5,1
,badef0dc,MO Kitunda,male,Tanzania,39,39,485,509,46,3,40,15,0,0,13.47,95.28,0,0,0,0,0.0,,0,0
,91052c96,PW Borren,male,Netherlands,29,28,485,375,57,3,51,13,1,0,19.4,129.33,21,346,10,406,7.04,40.6,1,0
,b0f2d3bd,ND Laegsgaard,male,Denmark,25,25,484,325,91,5,41,29,3,0,24.2,148.92,24,459,29,443,5.79,15.28,4,0
,8f02f6a8,J Mosca,male,Italy,23,23,483,339,72,3,54,16,4,0,24.15,142.48,0,0,0,0,0.0,,0,0
,b8704508,LM Jongwe,male,Zimbabwe,58,43,483,392,35,14,42,14,0,0,16.66,123.21,52,930,61,1322,8.53,21.67,4,0
,8299b9a2,Sher Sahak,male,Norway,34,31,483,363,70,6,30,27,2,0,19.32,133.06,15,206,18,241,7.02,13.39,3,0
,2dde3e62,J Bulele,male,Mozambique,19,19,482,504,62,3,55,4,3,0,30.12,95.63,17,356,21,425,7.16,20.24,4,0
,c51add25,MB Kruger,male,Namibia,31,31,481,443,59,2,51,15,1,0,16.59,108.58,0,0,0,0,0.0,,0,0
,45963d9e,N Dickwella,male,Sri Lanka,26,26,480,366,68,0,61,9,1,0,18.46,131.15,0,0,0,0,0.0,,0,0
,5c14bd52,Manan Bashir,male,Bulgaria,22,22,478,232,70,4,22,48,2,0,26.56,206.03,0,0,0,0,0.0,,0,0
,c16d4035,SW Billings,male,England,33,33,478,366,87,5,41,16,2,0,17.07,130.6,0,0,0,0,0.0,,0,0
,26d80a9d,M Campopiano,male,Italy,22,22,477,399,87,6,39,14,3,0,29.81,119.55,3,43,2,40,5.58,20.0,1,0
,f8ef3653,Ibrahim Rahimi,male,Norway,26,26,476,291,55,3,21,44,1,0,20.7,163.57,4,18,1,40,13.33,40.0,1,0
,1798078c,A Randhawa,male,Austria,34,34,475,514,50,6,32,12,2,0,16.96,92.41,0,0,0,0,0.0,,0,0
,f1e0417f,Mehboob Ali,male,Malta,19,18,475,259,93,0,49,37,3,0,26.39,183.4,18,348,17,470,8.1,27.65,3,0
,3eac9d95,JDP Oram,male,New Zealand,36,30,474,340,66,7,38,22,2,0,20.61,139.41,32,546,19,793,8.71,41.74,3,0
,bafb9238,Usman Khan,male,Pakistan,32,32,474,389,53,7,40,12,2,0,18.96,121.85,0,0,0,0,0.0,,0,0
,5056011d,GJ Bailey,male,ICC World XI,26,26,473,346,63,7,37,20,2,0,24.89,136.71,0,0,0,0,0.0,,0,0
,0b7b78c6,Hammad Mirza,male,Oman,26,26,472,438,62,2,40,14,3,0,19.67,107.76,0,0,0,0,0.0,,0,0
,5f77f23a,US Hathinjar,male,Cambodia,28,28,472,414,74,2,41,24,3,0,18.15,114.01,2,30,3,44,8.8,14.67,3,0
,f28a60e0,Saad Bin Zafar,male,Canada,62,33,471,374,33,16,38,16,0,0,27.71,125.94,61,1296,70,1331,6.16,19.01,3,0
,45a34a2d,VD Adewoye,male,Nigeria,46,43,471,378,49,6,36,22,0,0,12.73,124.6,22,311,18,436,8.41,24.22,4,0
,72a4c3b2,L Canessane,male,France,35,35,470,394,89,5,41,14,2,0,15.67,119.29,0,0,0,0,0.0,,0,0
,91056862,SA Jumbe,male,Tanzania,58,46,470,446,76,13,34,23,1,0,14.24,105.38,57,989,57,1277,7.75,22.4,5,1
,4a8d1b14,A Ferguson,male,Argentina,24,24,469,499,86,5,53,2,2,0,24.68,93.99,0,0,0,0,0.0,,0,0
,9dad0f2e,Mahedi Hasan,male,Bangladesh,73,47,467,448,33,14,38,14,0,0,14.15,104.24,71,1529,74,1750,6.87,23.65,4,0
,96fe3e9f,ZM Tribe,male,Jersey,30,28,464,434,54,6,37,12,1,0,21.09,106.91,9,108,10,90,5.0,9.0,3,0
,cf73ad76,JEC Franklin,male,New Zealand,35,31,463,388,60,8,28,23,2,0,20.13,119.33,26,327,20,417,7.65,20.85,4,0
,2d94751e,Omid Mailk Khel,male,Belgium,17,17,463,374,59,3,47,14,2,0,33.07,123.8,1,12,0,11,5.5,,0,0
,e2c882d1,AN Lascu,male,Romania,19,18,462,330,72,4,59,19,3,0,33.0,140.0,7,126,7,193,9.19,27.57,5,1
,571e1d2a,Shayan Jahangir,male,United States of America,21,21,462,340,61,6,41,18,2,0,30.8,135.88,0,0,0,0,0.0,,0,0
,7b729851,Umer Imtiaz,male,Bahrain,31,31,462,399,72,1,37,25,2,0,15.4,115.79,0,0,0,0,0.0,,0,0
,9cb8d7a6,Imad Wasim,male,Pakistan,71,46,459,328,47,13,50,10,0,0,13.91,139.94,70,1464,69,1522,6.24,22.06,5,1
,498aacac,S Thanikaithasan,male,Denmark,31,31,458,368,52,3,35,16,1,0,16.36,124.46,7,73,2,92,7.56,46.0,1,0
,91ffa6c6,JD Ryder,male,New Zealand,21,21,457,356,62,1,47,18,3,0,22.85,128.37,5,60,2,68,6.8,34.0,1,0
,f6411545,LF Muller,male,Brazil,21,20,457,379,57,2,50,10,1,0,25.39,120.58,12,137,10,200,8.76,20.0,2,0
,39e599c8,A McAuley,male,Isle of Man,24,24,456,472,50,2,46,2,1,0,20.73,96.61,0,0,0,0,0.0,,0,0
,190957d2,IKEG Artawan,male,Indonesia,86,65,455,485,41,22,42,14,0,0,10.58,93.81,78,1284,65,1472,6.88,22.65,4,0
,3fa5672e,P Mishra,male,Bulgaria,52,40,454,399,55,6,27,35,2,0,13.35,113.78,49,1016,50,1250,7.38,25.0,5,1
,8bd9fd13,L Steenkamp,male,Namibia,18,18,453,333,61,0,46,13,3,0,25.17,136.04,0,0,0,0,0.0,,0,0
,a88e4013,KN Chaddha,male,Indonesia,18,18,452,424,75,1,39,11,2,0,26.59,106.6,8,83,6,107,7.73,17.83,3,0
,934b36a6,Khawar Ali,male,Oman,33,27,452,444,72,1,47,14,2,0,17.38,101.8,33,596,38,662,6.66,17.42,4,0
,ae5a7eb5,Saud Islam,male,Uganda,19,19,452,424,75,2,43,9,3,0,26.59,106.6,0,0,0,0,0.0,,0,0
,31080a88,Aslam Khan,male,Malaysia,29,29,451,295,77,3,47,31,1,0,17.35,152.88,0,0,0,0,0.0,,0,0
,b3e9555a,Aziz Mohammad,male,Belgium,19,19,450,335,72,2,48,23,5,0,26.47,134.33,16,270,14,381,8.47,27.21,2,0
,373954ca,Fayaz Khan,male,Germany,29,25,450,288,65,5,25,36,3,0,22.5,156.25,21,342,22,459,8.05,20.86,5,1
,eeb78e0a,D Gumyusenge,male,Rwanda,32,32,446,440,68,3,36,18,2,0,15.38,101.36,0,0,0,0,0.0,,0,0
,e8c95491,HB Dickson,male,Cook Islands,19,19,446,310,112,1,50,18,3,1,24.78,143.87,12,257,9,233,5.44,25.89,2,0
,71fa64d6,P Useni,male,Nigeria,60,46,445,308,37,14,22,31,0,0,13.91,144.48,58,874,51,929,6.38,18.22,4,0
,ecd51f8e,T Parima,male,Cook Islands,22,22,445,350,104,3,38,25,0,1,23.42,127.14,2,14,0,28,12.0,,0,0
,7c38942a,Zahir Mohammed,male,Hungary,32,32,445,323,78,0,37,27,1,0,13.91,137.77,1,6,0,23,23.0,,0,0
,9b85a13a,Mohammad Ahnaff,male,Qatar,19,19,443,389,60,4,34,20,3,0,29.53,113.88,1,6,0,15,15.0,,0,0
,bb4b445b,Hussain Talat,male,Pakistan,22,22,441,385,63,2,41,5,2,0,22.05,114.55,8,72,7,108,9.0,15.43,2,0
,a15618fe,JM Vince,male,England,16,16,441,343,59,0,43,14,2,0,27.56,128.57,0,0,0,0,0.0,,0,0
,4aad6842,Sheraz Sheikh,male,Belgium,36,31,441,383,57,6,30,29,2,0,17.64,115.14,23,319,18,374,7.03,20.78,3,0
,5661ef90,A Sharma,male,United Arab Emirates,18,18,439,370,74,1,50,12,4,0,25.82,118.65,0,0,0,0,0.0,,0,0
,53ace082,Arun Yadav,male,Tanzania,14,14,438,286,84,2,45,19,2,0,36.5,153.15,6,78,7,107,8.23,15.29,3,0
,22072cab,C De Freitas,male,Portugal,11,11,438,269,125,0,36,24,3,1,39.82,162.83,2,12,0,7,3.5,,0,0
,a138f597,Ali Masood,male,Estonia,24,24,436,437,69,1,42,9,2,0,18.96,99.77,15,252,20,357,8.5,17.85,3,0
,1deb4c0c,OB Nightingale,male,Guernsey,24,24,435,398,57,6,29,5,1,0,24.17,109.3,0,0,0,0,0.0,,0,0
,209e91e6,B Kohler-Cadmore,male,Germany,13,13,434,243,133,2,53,20,2,1,39.45,178.6,0,0,0,0,0.0,,0,0
,e38bce7a,MG Bracewell,male,New Zealand,40,29,434,319,61,9,36,17,2,0,21.7,136.05,37,605,35,740,7.34,21.14,3,0
,86f84b37,AM Tribe,male,Jersey,19,19,433,355,73,2,36,15,3,0,25.47,121.97,3,36,0,31,5.17,,0,0
,cab3f89a,Gaurav Tiwari,male,Indonesia,25,25,433,452,56,5,39,11,1,0,21.65,95.8,25,509,26,547,6.45,21.04,4,0
,e3540b8c,DS Bajwa,male,Canada,19,19,432,339,56,3,43,13,4,0,27.0,127.43,5,60,2,102,10.2,51.0,1,0
,8bee668b,G Burrows,male,Isle of Man,16,16,432,365,69,3,36,10,4,0,33.23,118.36,2,18,2,23,7.67,11.5,1,0
,d2e67105,Pargat Singh,male,Canada,22,21,430,364,89,1,39,14,3,0,21.5,118.13,6,54,3,88,9.78,29.33,2,0
,ad5342dc,Faisal Mubashir,male,Germany,20,20,428,421,57,7,33,6,1,0,32.92,101.66,0,0,0,0,0.0,,0,0
,4ec07775,RN ten Doeschate,male,Netherlands,19,19,428,313,59,8,21,17,2,0,38.91,136.74,6,126,9,159,7.57,17.67,3,0
,33cb3411,Younis Khan,male,Pakistan,22,21,428,340,51,3,31,12,2,0,23.78,125.88,1,22,3,18,4.91,6.0,3,0
,60aa2db3,LG Pretorius,male,South Africa,17,17,427,283,101,0,48,15,2,1,25.12,150.88,0,0,0,0,0.0,,0,0
,af19aa66,PK Matautaava,male,Vanuatu,25,25,426,353,103,2,30,21,1,1,18.52,120.68,23,436,24,453,6.23,18.88,3,0
,02888f23,A Donovan,male,Philippines,20,18,425,307,122,6,30,23,1,1,35.42,138.44,11,126,3,142,6.76,47.33,1,0
,fce581b5,Khushdil Shah,male,Pakistan,32,30,425,403,36,7,26,20,0,0,18.48,105.46,9,97,6,117,7.24,19.5,3,0
,ffe699c0,CJ Jordan,male,England,94,51,424,322,36,20,29,21,0,0,13.68,131.68,93,1929,107,2820,8.77,26.36,4,0
,26a8b2fe,Hassan Nawaz,male,Pakistan,21,21,424,262,105,2,22,33,2,1,22.32,161.83,0,0,0,0,0.0,,0,0
,a89c270b,KC Ramamoorthy,male,Indonesia,26,26,424,391,55,1,37,17,2,0,16.96,108.44,5,83,5,102,7.37,20.4,3,0
,d207e4fb,S Periyalwar,male,Romania,31,31,424,426,54,8,46,3,3,0,18.43,99.53,0,0,0,0,0.0,,0,0
,0848ac5f,S Thakor,male,Tanzania,52,41,423,306,44,9,41,21,0,0,13.22,138.24,51,966,57,892,5.54,15.65,4,0
,fef40097,W Miyauchi,male,Japan,28,28,423,421,72,6,36,3,2,0,19.23,100.48,1,6,0,3,3.0,,0,0
,719ac15b,AA Senn,male,Cyprus,20,20,422,469,61,2,26,6,2,0,23.44,89.98,1,24,2,15,3.75,7.5,2,0
,b78b3ffd,S Nadigotla,male,Romania,27,27,421,365,55,1,36,13,1,0,16.19,115.34,4,62,4,71,6.87,17.75,3,0
,d953bf92,A Kirschbaum,male,Argentina,31,29,420,423,51,5,32,6,2,0,17.5,99.29,29,589,31,564,5.75,18.19,3,0
,4233080d,Faraaz Mehti Abbas,male,Finland,21,21,418,388,50,1,38,8,1,0,20.9,107.73,8,71,2,88,7.44,44.0,1,0
,3e28808e,N Mugabe,male,Kenya,18,18,418,395,71,2,37,13,2,0,26.12,105.82,1,12,0,14,7.0,,0,0
,9f2e1944,P Silas,male,Botswana,35,34,417,410,43,8,31,5,0,0,16.04,101.71,2,12,0,34,17.0,,0,0
,04ab1575,S Ivetic,male,Serbia,14,14,417,421,65,4,30,13,3,0,41.7,99.05,1,6,0,5,5.0,,0,0
,18ae55e4,T Tshose,male,Botswana,47,40,417,372,49,7,21,22,0,0,12.64,112.1,36,576,28,689,7.18,24.61,2,0
,a90e53ec,MW Short,male,Australia,22,22,416,277,66,2,40,20,1,0,20.8,150.18,10,108,9,206,11.44,22.89,5,1
,b4296080,Milind Kumar,male,United States of America,24,21,416,381,56,7,25,9,1,0,29.71,109.19,14,193,12,236,7.34,19.67,5,1
,8e81b773,VB Chikkannaiah,male,Germany,20,20,416,412,81,1,30,12,3,0,21.89,100.97,0,0,0,0,0.0,,0,0
,85119526,A Patmore,male,Japan,28,28,414,456,52,4,39,0,1,0,17.25,90.79,0,0,0,0,0.0,,0,0
,9c333e40,Namgay Thinley,male,Bhutan,38,37,414,394,100,4,29,20,0,1,12.55,105.08,35,700,35,671,5.75,19.17,3,0
,baf0fc26,R Rohan,male,Singapore,27,27,414,417,49,0,43,12,0,0,15.33,99.28,1,6,0,7,7.0,,0,0
,5d60560f,Imran Ali Butt,male,Bahrain,19,19,413,416,62,1,38,11,2,0,22.94,99.28,0,0,0,0,0.0,,0,0
,0e56c514,HJ Manenti,male,Italy,23,21,412,363,65,1,35,11,2,0,20.6,113.5,21,405,34,456,6.76,13.41,5,1
,d8dccff5,JP Kaltapau,male,Vanuatu,24,24,411,426,60,5,27,8,1,0,21.63,96.48,1,24,1,51,12.75,51.0,1,0
,6766ca00,M Shumba,male,Zimbabwe,28,28,410,373,66,9,27,13,1,0,21.58,109.92,7,84,5,117,8.36,23.4,3,0
,c58b0108,Mehedi Hasan Miraz,male,Bangladesh,31,28,410,350,46,4,36,10,0,0,17.08,117.14,29,444,17,627,8.47,36.88,4,0
,c18cecbe,J Barker,male,Luxembourg,26,26,409,425,48,9,29,2,0,0,24.06,96.24,0,0,0,0,0.0,,0,0
,0ba9de33,HER Tyler,male,Philippines,33,31,408,333,46,4,38,19,0,0,15.11,122.52,18,345,19,516,8.97,27.16,4,0
,64c81abf,D Suzuki,male,Japan,48,43,407,392,45,14,39,6,0,0,14.03,103.83,43,524,33,625,7.16,18.94,5,1
,cdc9bbec,H Deshan,male,Switzerland,20,20,407,313,76,1,50,8,2,0,21.42,130.03,15,198,12,250,7.58,20.83,3,0
,7ed9fd56,WU Tharanga,male,Sri Lanka,26,26,407,329,47,1,42,12,0,0,16.28,123.71,0,0,0,0,0.0,,0,0
,11a22126,A Turay,male,Sierra Leone,24,24,405,369,78,1,44,13,1,0,17.61,109.76,5,83,12,90,6.51,7.5,4,0
,14b14cd8,DM Bravo,male,West Indies,22,22,405,379,43,3,32,14,0,0,21.32,106.86,0,0,0,0,0.0,,0,0
,f16e776a,Zubair Ali,male,Qatar,11,11,405,325,86,2,34,15,5,0,45.0,124.62,0,0,0,0,0.0,,0,0
,e5437608,GF Linde,male,South Africa,35,26,403,273,48,5,27,22,0,0,19.19,147.62,35,642,34,795,7.43,23.38,4,0
,b0c772ee,BJ Haddin,male,Australia,29,29,402,346,47,6,30,13,0,0,17.48,116.18,0,0,0,0,0.0,,0,0
,17e2a2d6,R Dianish,male,Malta,22,22,401,352,58,1,41,14,1,0,19.1,113.92,2,18,1,23,7.67,23.0,1,0
,7d415ea5,RT Ponting,male,Australia,16,16,401,302,98,2,42,11,2,0,28.64,132.78,0,0,0,0,0.0,,0,0
,e1d1b294,HH Gibbs,male,South Africa,23,23,400,315,90,1,45,12,3,0,18.18,126.98,0,0,0,0,0.0,,0,0
,2a9eee66,Vikramjit Singh,male,Netherlands,27,27,400,353,52,0,33,17,1,0,14.81,113.31,8,99,6,163,9.88,27.17,3,0
,3eb26dc4,S Desungnoen,male,Thailand,40,39,399,483,42,7,35,11,0,0,12.47,82.61,25,331,13,393,7.12,30.23,2,0
,72b245dd,Anamul Haque,male,Bangladesh,18,18,396,346,58,1,42,11,1,0,23.29,114.45,0,0,0,0,0.0,,0,0
,5491a9ff,G Gune,male,Singapore,18,18,396,327,106,1,28,18,1,1,23.29,121.1,0,0,0,0,0.0,,0,0
,a1448a10,JK Vifah,male,Ghana,28,28,396,358,63,3,39,9,1,0,15.84,110.61,7,101,6,114,6.77,19.0,2,0
,101b1180,V Shukla,male,Oman,21,21,396,276,52,4,35,15,1,0,23.29,143.48,0,0,0,0,0.0,,0,0
,1439e6b5,CM Carroll,male,Croatia,5,5,395,199,150,1,30,30,3,1,98.75,198.49,5,120,2,182,9.1,91.0,1,0
,fa0d1410,Irfan Ringku,male,Romania,18,16,395,267,68,0,44,17,3,0,24.69,147.94,17,347,32,384,6.64,12.0,4,0
,6843a783,Shan Masood,male,Pakistan,17,17,395,322,65,4,30,7,3,0,30.38,122.67,0,0,0,0,0.0,,0,0
,bf60e1d2,BI Dilruksha,male,South Korea,19,19,392,367,71,1,41,13,2,0,21.78,106.81,0,0,0,0,0.0,,0,0
,c079c66a,Noman Amjad,male,France,43,37,390,359,52,9,26,8,1,0,13.93,108.64,40,753,29,912,7.27,31.45,3,0
,ef141f36,Surya Anand,male,Denmark,37,28,390,362,50,12,15,14,1,0,24.38,107.73,35,613,28,635,6.22,22.68,4,0
,314f0889,Usman Khalid,male,Saudi Arabia,31,26,389,342,75,7,30,15,2,0,20.47,113.74,28,512,26,512,6.0,19.69,4,0
,63d6e16e,Saeed Ahmed,male,Sweden,25,24,388,294,73,2,28,20,1,0,17.64,131.97,3,60,3,99,9.9,33.0,1,0
,193ef196,Sharjeel Khan,male,Pakistan,17,17,388,288,59,0,51,14,2,0,22.82,134.72,0,0,0,0,0.0,,0,0
,3b4a8cfb,Amjad Sher,male,Finland,45,41,387,307,37,8,23,18,0,0,11.73,126.06,44,994,53,1069,6.45,20.17,4,0
,c28a293e,HS Gericke,male,Malta,16,16,387,237,67,0,32,17,3,0,24.19,163.29,0,0,0,0,0.0,,0,0
,7c840f73,R Pathan,male,Canada,12,12,387,244,107,2,41,17,2,1,38.7,158.61,1,12,0,24,12.0,,0,0
,1f13eba1,Muhammad Haziq Aiman,male,Malaysia,19,19,386,247,113,1,36,26,0,1,21.44,156.28,0,0,0,0,0.0,,0,0
,8ba8195d,V Sehwag,male,India,17,17,386,261,68,0,42,16,2,0,22.71,147.89,1,6,0,20,20.0,,0,0
,390ff45b,Abdul Razzaq,male,Pakistan,30,28,383,322,46,10,20,21,0,0,21.28,118.94,21,327,20,367,6.73,18.35,3,0
,e93b6c95,G Singh,male,United States of America,22,22,383,354,65,5,28,13,3,0,22.53,108.19,12,248,11,230,5.56,20.91,2,0
,fecd828e,M Simpson-Parker,male,Austria,19,19,383,314,65,4,29,14,4,0,25.53,121.97,1,6,1,8,8.0,8.0,1,0
,2bb09eb2,Mohammad Ashraful,male,Bangladesh,20,20,382,277,65,0,41,11,2,0,19.1,137.91,8,138,8,210,9.13,26.25,3,0
,fbcfa528,T Munyonga,male,Zimbabwe,38,35,382,363,44,8,28,9,0,0,14.15,105.23,5,78,3,64,4.92,21.33,1,0
,e1824e7d,Iqbal Hossain,male,Austria,14,14,381,227,66,0,33,30,2,0,27.21,167.84,2,30,3,30,6.0,10.0,3,0
,1adb8ee8,Sompal Kami,male,Nepal,87,47,381,335,40,14,27,15,0,0,11.55,113.73,87,1632,85,1960,7.21,23.06,3,0
,c228c52d,Arslan Amjad,male,Estonia,28,28,380,361,64,1,30,16,2,0,14.07,105.26,11,134,12,248,11.1,20.67,3,0
,3f778477,Muhammad Fahad,male,Turkey,12,12,380,212,120,0,37,25,2,1,31.67,179.25,12,216,10,265,7.36,26.5,3,0
,2494ff9e,D Ajekun,male,Nigeria,32,32,379,507,36,2,32,2,0,0,12.63,74.75,7,73,4,86,7.07,21.5,1,0
,3ad06915,J Coetzee,male,Thailand,26,22,378,347,45,6,24,14,0,0,23.62,108.93,25,512,44,404,4.73,9.18,5,1
,467c28f9,C Hartmann,male,Isle of Man,23,23,377,349,35,5,23,17,0,0,20.94,108.02,0,0,0,0,0.0,,0,0
,61c48027,Kuldeep,male,Portugal,13,13,377,225,80,1,35,23,3,0,31.42,167.56,0,0,0,0,0.0,,0,0
,d3851cd8,Ehsan Khan,male,Hong Kong,104,55,376,348,42,27,21,15,0,0,13.43,108.05,104,2247,148,2323,6.2,15.7,4,0
,ee229588,S Movva,male,Canada,22,22,376,351,37,5,29,8,0,0,22.12,107.12,0,0,0,0,0.0,,0,0
,9550470d,WIA Fernando,male,Sri Lanka,37,37,376,408,37,3,28,8,0,0,11.06,92.16,0,0,0,0,0.0,,0,0
,29e95537,AM Rahane,male,India,20,20,375,331,61,2,32,6,1,0,20.83,113.29,0,0,0,0,0.0,,0,0
,c4441675,Hisham Sheikh,male,Saudi Arabia,30,23,375,408,47,4,20,3,0,0,19.74,91.91,29,570,26,679,7.15,26.12,4,0
,eb4f9c61,LN Oluoch,male,Kenya,66,42,375,340,32,18,26,14,0,0,15.62,110.29,64,1147,65,1348,7.05,20.74,5,1
,fbb6d1a7,Shahzaib Jamil,male,Qatar,19,19,375,273,44,3,19,26,0,0,23.44,137.36,0,0,0,0,0.0,,0,0
,0e34c23a,Adnan Idrees,male,Kuwait,35,29,374,281,56,1,48,15,1,0,13.36,133.1,28,491,31,630,7.7,20.32,3,0
,f8c72766,D Heyliger,male,Canada,55,36,374,228,30,21,23,26,0,0,24.93,164.04,54,972,46,1214,7.49,26.39,5,1
,244009ae,Irfan Hafejee,male,Panama,23,23,374,432,44,2,34,10,0,0,17.81,86.57,22,435,22,486,6.7,22.09,3,0
,5ea3a7c6,Esam Rahman,male,Japan,14,14,373,300,64,3,37,12,2,0,33.91,124.33,9,84,1,125,8.93,125.0,1,0
,409ce380,AA Onikoyi,male,Nigeria,26,26,372,422,52,3,26,12,1,0,16.17,88.15,0,0,0,0,0.0,,0,0
,93a77ad4,M Chadha,male,Cambodia,13,13,371,312,74,4,33,14,2,0,41.22,118.91,5,96,8,145,9.06,18.12,2,0
,04e0cdec,R Lutaaya,male,Uganda,24,24,371,287,70,0,42,9,1,0,15.46,129.27,0,0,0,0,0.0,,0,0
,d278b70b,C Pyle,male,Gibraltar,21,21,370,304,47,3,33,13,0,0,20.56,121.71,0,0,0,0,0.0,,0,0
,6f14ddcb,Maaz Khan,male,Lesotho,22,21,370,247,96,1,32,25,3,0,18.5,149.8,2,24,0,48,12.0,,0,0
,d047f983,P Sharma,male,Kenya,26,25,369,341,43,3,41,7,0,0,16.77,108.21,9,122,5,130,6.39,26.0,1,0
,73ad96ed,DJ Hooda,male,India,19,17,368,247,104,5,29,18,0,1,30.67,148.99,7,89,5,73,4.92,14.6,4,0
,5299063a,CK Jasmat,male,Samoa,29,25,367,331,42,4,26,18,0,0,17.48,110.88,26,490,18,533,6.53,29.61,2,0
,04f0d409,S Pradhan,male,Bhutan,27,26,367,406,59,1,41,4,1,0,14.68,90.39,25,431,23,492,6.85,21.39,4,0
,866d3ac8,A Parima,male,Cook Islands,21,20,366,311,64,2,30,21,2,0,20.33,117.68,7,102,6,119,7.0,19.83,3,0
,f33cfd25,B Masaba,male,Uganda,42,34,366,363,37,12,37,6,0,0,16.64,100.83,23,362,19,331,5.49,17.42,3,0
,05f96194,MA Jones,male,Scotland,15,15,366,262,86,1,34,17,2,0,26.14,139.69,0,0,0,0,0.0,,0,0
,eee46f77,Raza Iqbal,male,Norway,26,26,366,318,64,3,42,8,2,0,15.91,115.09,23,450,25,423,5.64,16.92,3,0
,09e86895,Pyae Phyo Wai,male,Myanmar,29,28,365,455,52,0,22,6,1,0,13.04,80.22,25,397,21,455,6.88,21.67,3,0
,c2f12310,PS Athavale,male,Oman,17,17,364,287,54,1,39,10,2,0,22.75,126.83,0,0,0,0,0.0,,0,0
,82342b13,B Bhandari,male,Nepal,26,26,363,299,58,6,29,16,2,0,18.15,121.4,0,0,0,0,0.0,,0,0
,4c4a06fb,Nasir Jamshed,male,Pakistan,18,18,363,320,56,1,34,12,2,0,21.35,113.44,0,0,0,0,0.0,,0,0
,cfcf189f,DA Blignaut,male,Germany,28,25,362,392,47,5,18,15,0,0,18.1,92.35,21,274,18,341,7.47,18.94,4,0
,4e9af8f6,A Shreshta,male,Nigeria,20,20,361,359,76,2,34,5,1,0,20.06,100.56,0,0,0,0,0.0,,0,0
,eb3c3cca,SG Mangela,male,Uganda,16,16,361,307,65,1,32,4,2,0,24.07,117.59,0,0,0,0,0.0,,0,0
,f3ca5af8,G Kansonkho,male,Malawi,29,29,360,408,47,5,36,3,0,0,15.0,88.24,3,18,1,31,10.33,31.0,1,0
,6829b373,Zeshan Arif,male,Austria,24,24,360,257,61,4,32,23,1,0,18.0,140.08,2,18,1,39,13.0,39.0,1,0
,0fa5042b,L Ronchi,male,New Zealand,25,25,359,256,51,5,30,14,1,0,17.95,140.23,0,0,0,0,0.0,,0,0
,c07a1f41,NM Odhiambo,male,Kenya,42,31,359,337,67,6,25,12,2,0,14.36,106.53,26,390,16,536,8.25,33.5,3,0
,eba871dd,S Hook,male,Estonia,23,23,359,350,69,5,28,15,2,0,19.94,102.57,0,0,0,0,0.0,,0,0
,811785d2,O Olaleye,male,Nigeria,25,25,358,374,46,3,29,8,0,0,16.27,95.72,0,0,0,0,0.0,,0,0
,6ec13131,Shah Abrar Hussain,male,Cambodia,27,20,358,343,74,4,21,19,1,0,22.38,104.37,23,439,21,553,7.56,26.33,3,0
,f99a219a,E Sebareme,male,Rwanda,47,40,356,362,34,10,22,11,0,0,11.87,98.34,44,766,47,751,5.88,15.98,4,0
,f86ce673,AC Douglas,male,Bermuda,20,19,355,262,74,1,32,21,2,0,19.72,135.5,11,176,14,184,6.27,13.14,5,1
,bf2d865c,JJ Atkinson,male,Hong Kong,24,24,354,304,68,4,35,11,3,0,17.7,116.45,0,0,0,0,0.0,,0,0
,40ee633c,S Austin,male,Cyprus,26,23,354,341,46,2,28,5,0,0,16.86,103.81,5,78,7,81,6.23,11.57,3,0
,a48fc79d,EC Joyce,male,England,13,13,353,371,78,3,27,5,1,0,35.3,95.15,0,0,0,0,0.0,,0,0
,c2a6e61f,S Grover,male,Czech Republic,22,22,353,257,116,3,34,14,0,1,18.58,137.35,0,0,0,0,0.0,,0,0
,3e6e9a5f,S Gill,male,Kenya,26,21,352,284,47,6,23,12,0,0,23.47,123.94,25,530,34,448,5.07,13.18,7,1
,838bc6ab,A Raza,male,Belgium,24,24,350,236,64,0,39,20,2,0,14.58,148.31,0,0,0,0,0.0,,0,0
,28574428,J Singye,male,Bhutan,23,22,349,470,46,0,16,5,0,0,15.86,74.26,23,382,15,430,6.75,28.67,3,0
,81898acc,KJ Ferrary,male,Gibraltar,18,16,348,308,58,3,33,6,2,0,26.77,112.99,15,272,18,311,6.86,17.28,4,0
,d3b1d991,Mukhtar Ghulami,male,France,23,23,348,303,46,1,31,16,0,0,15.82,114.85,0,0,0,0,0.0,,0,0
,21afb939,Shoaib Khan,male,Oman,25,25,348,326,57,6,33,12,1,0,18.32,106.75,0,0,0,0,0.0,,0,0
,c6e1354c,Ikramullah Khan,male,Qatar,39,26,347,299,55,4,31,12,3,0,15.77,116.05,35,660,33,923,8.39,27.97,3,0
,7bf96684,OA Shah,male,England,15,15,347,283,55,1,26,13,1,0,24.79,122.61,0,0,0,0,0.0,,0,0
,6913e38e,Wahidullah Sahak,male,Norway,22,18,347,258,75,1,37,12,3,0,20.41,134.5,21,314,24,403,7.7,16.79,3,0
,a268c07b,K Hinds,male,Bahamas,26,26,346,338,60,0,24,20,2,0,13.31,102.37,26,546,29,513,5.64,17.69,5,1
,57c95c3c,LH Rodrigues,male,Brazil,24,23,346,371,59,4,29,7,2,0,18.21,93.26,24,528,28,480,5.45,17.14,4,0
,ff6a7ab5,R Trumpelmann,male,Namibia,53,35,346,266,46,13,21,19,0,0,15.73,130.08,52,1063,56,1502,8.48,26.82,4,0
,f5bd70f2,NM Salonen,male,Finland,29,26,345,298,44,1,22,12,0,0,13.8,115.77,27,495,28,571,6.92,20.39,4,0
,afa2ebba,Kamran Ahmadzai,male,France,19,16,344,216,56,3,23,21,1,0,26.46,159.26,14,179,7,229,7.68,32.71,4,0
,5f25b104,Sheikh Rasik,male,Hungary,10,10,344,199,106,2,19,28,2,1,43.0,172.86,10,174,7,189,6.52,27.0,3,0
,f92c9151,TC Bruce,male,New Zealand,21,21,344,281,59,2,26,10,2,0,18.11,122.42,0,0,0,0,0.0,,0,0
,8afe73e2,WA Young,male,New Zealand,19,19,344,338,56,0,35,10,2,0,18.11,101.78,0,0,0,0,0.0,,0,0
,3957a70a,GP Meade,male,Italy,29,29,343,337,59,7,24,9,1,0,15.59,101.78,11,182,9,187,6.16,20.78,3,0
,881a9bdd,S Chanderpaul,male,West Indies,22,22,343,347,41,5,34,5,0,0,20.18,98.85,0,0,0,0,0.0,,0,0
,bc3fc527,SK Awiah,male,Ghana,29,25,343,428,47,2,28,5,0,0,14.91,80.14,15,271,18,293,6.49,16.28,5,1
,45a7e761,Shaheen Shah Afridi,male,Pakistan,99,40,343,267,33,17,19,25,0,0,14.91,128.46,99,2139,132,2827,7.93,21.42,4,0
,c41043e6,BR McDermott,male,Australia,23,23,342,343,54,4,17,13,2,0,18.0,99.71,0,0,0,0,0.0,,0,0
,0b581ed6,J Sumerauer,male,Jersey,40,28,342,234,54,9,23,16,1,0,18.0,146.15,40,749,44,937,7.51,21.3,4,0
,922e3dcc,Kamran Khan,male,Qatar,19,19,342,259,46,0,39,17,0,0,18.0,132.05,1,10,0,42,25.2,,0,0
,58aa33cd,Najjam Shahzad,male,Portugal,25,22,342,263,47,4,27,19,0,0,19.0,130.04,23,380,20,452,7.14,22.6,3,0
,0996f198,Luka Woods,male,Serbia,11,11,341,242,107,0,34,19,0,1,31.0,140.91,11,221,9,280,7.6,31.11,3,0
,82afc034,Mohammad Rizlan,male,Qatar,23,23,341,294,72,3,21,21,3,0,17.05,115.99,0,0,0,0,0.0,,0,0
,56b41ed3,SY Nihute,male,Malawi,22,22,340,390,56,3,19,8,1,0,17.89,87.18,0,0,0,0,0.0,,0,0
,2d1b6dee,GK Ghalley,male,Bhutan,30,30,338,356,40,5,23,15,0,0,13.52,94.94,1,6,0,13,13.0,,0,0
,fd9f43bb,SM Solia,male,Samoa,12,12,338,280,74,1,28,12,2,0,30.73,120.71,1,12,0,16,8.0,,0,0
,a2317d14,V Mbazo,male,Botswana,35,35,338,395,35,5,22,6,0,0,11.27,85.57,0,0,0,0,0.0,,0,0
,bd77eb62,A Symonds,male,Australia,13,11,337,198,85,4,33,10,2,0,48.14,170.2,12,185,8,277,8.98,34.62,2,0
,71093272,BM Pecic,male,Serbia,16,16,337,305,102,1,24,15,1,1,22.47,110.49,0,0,0,0,0.0,,0,0
,f9dc404a,Amar Naeem,male,Austria,24,24,336,286,66,4,28,20,1,0,16.8,117.48,0,0,0,0,0.0,,0,0
,be0f9ce9,Haroon Arshad,male,Hong Kong,35,24,336,251,68,7,26,9,1,0,19.76,133.86,33,502,30,714,8.53,23.8,5,1
,6de51a8e,Ritik Tomar,male,Czech Republic,29,28,336,319,38,4,26,10,0,0,14.0,105.33,16,222,9,331,8.95,36.78,2,0
,9ccb6e52,K Irakoze,male,Rwanda,54,40,335,313,34,5,20,17,0,0,9.57,107.03,53,928,48,1082,7.0,22.54,4,0
,b93b87ae,Zain Ul Abidin,male,Saudi Arabia,42,31,335,283,58,12,18,17,1,0,17.63,118.37,42,823,45,796,5.8,17.69,5,1
,3e697d4a,Chaudhary Akram,male,Norway,15,13,333,315,57,1,31,3,1,0,27.75,105.71,9,120,8,165,8.25,20.62,2,0
,0abc33ff,Muhammad Umar,male,Kuwait,21,21,331,280,59,4,12,22,1,0,19.47,118.21,0,0,0,0,0.0,,0,0
,fe2432c4,PB Gouge,male,Jersey,11,11,328,204,58,2,19,21,3,0,36.44,160.78,0,0,0,0,0.0,,0,0
,34ab1e6e,A Gbla,male,Sierra Leone,37,33,327,310,55,5,21,13,1,0,11.68,105.48,28,464,34,504,6.52,14.82,5,1
,a4bcaba7,G Venkateswaran,male,Luxembourg,22,21,327,282,47,2,30,10,0,0,17.21,115.96,11,158,7,275,10.44,39.29,2,0
,9c821d2e,RA Herman,male,South Africa,16,16,327,254,63,2,31,11,1,0,23.36,128.74,0,0,0,0,0.0,,0,0
,8d8c24fd,RJ Nicol,male,New Zealand,20,19,327,296,58,0,33,11,2,0,17.21,110.47,13,123,5,167,8.15,33.4,2,0
,5b2acc3f,Shahid Afridi,male,Germany,25,23,327,172,53,1,19,33,1,0,14.86,190.12,22,317,30,457,8.65,15.23,4,0
,58c2fac4,A Athanaze,male,West Indies,14,14,326,251,60,1,31,17,2,0,25.08,129.88,1,6,0,16,16.0,,0,0
,ef9acbcc,C Esterhuizen,male,South Africa,9,9,326,207,88,1,25,23,3,0,40.75,157.49,0,0,0,0,0.0,,0,0
,4e6ff836,JA Fitzgerald,male,Gibraltar,34,33,326,239,28,13,15,20,0,0,16.3,136.4,21,351,12,602,10.29,50.17,2,0
,fb34b0ec,WJ Cope,male,Luxembourg,34,31,326,282,51,6,44,2,1,0,13.04,115.6,17,300,16,387,7.74,24.19,4,0
,bec5cab9,DK Mathias,male,Bahrain,14,14,325,319,61,3,21,15,2,0,29.55,101.88,7,84,2,115,8.21,57.5,2,0
,34c3f7b9,Adam Senn,male,Cyprus,20,17,324,248,66,4,22,10,2,0,24.92,130.65,19,408,22,441,6.49,20.05,4,0
,ff60c8ba,K Krishnakumar,male,Bulgaria,14,14,324,265,77,0,17,17,1,0,23.14,122.26,0,0,0,0,0.0,,0,0
,9c91218d,A Natubhai Ahir,male,Panama,24,23,323,335,51,1,19,17,1,0,14.68,96.42,21,401,17,345,5.16,20.29,2,0
,518a21ed,Awais Ahmad,male,Sweden,22,22,323,262,43,0,28,17,0,0,14.68,123.28,4,48,2,67,8.38,33.5,1,0
,e2abcf16,Niv Nagavkar,male,Israel,17,16,323,295,63,1,28,2,1,0,21.53,109.49,17,306,10,408,8.0,40.8,2,0
,17bc032c,C Munoz-Mills,male,Spain,27,27,322,236,34,13,28,14,0,0,23.0,136.44,1,6,1,3,3.0,3.0,1,0
,69caf2be,G Ngegba,male,Sierra Leone,20,20,322,312,72,5,32,3,1,0,21.47,103.21,18,400,24,356,5.34,14.83,5,1
,c90346a0,D Jansen,male,Isle of Man,15,12,321,263,86,2,25,12,2,0,32.1,122.05,10,136,4,162,7.15,40.5,1,0
,add288ea,MM Baig,male,Qatar,28,25,319,252,60,7,16,19,1,0,17.72,126.59,23,387,31,491,7.61,15.84,4,0
,1252f71a,MRJ Watt,male,Scotland,75,37,319,278,31,10,28,7,0,0,11.81,114.75,75,1639,87,1918,7.02,22.05,4,0
,f737ab44,S Vijay Unni,male,Malaysia,72,39,319,374,28,17,24,5,0,0,14.5,85.29,72,1349,78,1381,6.14,17.71,4,0
,59bff8c7,JV Chand,male,Zambia,14,14,318,294,47,3,28,7,0,0,28.91,108.16,11,192,10,225,7.03,22.5,4,0
,5c805a60,AA Navicha,male,Mozambique,22,19,317,278,36,5,21,16,0,0,22.64,114.03,11,204,12,308,9.06,25.67,2,0
,2dcac6ff,E Niyomugabo,male,Rwanda,36,35,317,321,51,3,18,11,1,0,9.91,98.75,11,158,9,200,7.59,22.22,3,0
,5ad8c974,I Kaia,male,Zimbabwe,19,19,317,260,72,0,33,9,1,0,16.68,121.92,2,12,0,9,4.5,,0,0
,a120e81b,Mohammed Qasim,male,United Arab Emirates,13,12,317,244,84,2,21,18,2,0,31.7,129.92,11,258,15,276,6.42,18.4,3,0
,b794a78d,T Sandeep,male,Eswatini,15,15,317,275,62,2,42,4,2,0,24.38,115.27,0,0,0,0,0.0,,0,0
,84826f48,NJ O'Brien,male,Ireland,20,20,316,325,40,2,25,6,0,0,17.56,97.23,0,0,0,0,0.0,,0,0
,056e3558,A Augastin,male,Tanzania,13,13,315,262,63,3,35,8,3,0,31.5,120.23,8,128,8,114,5.34,14.25,2,0
,e661915c,DR Patankar,male,Malta,24,24,314,303,54,1,32,6,1,0,13.65,103.63,0,0,0,0,0.0,,0,0
,06fc82b8,T Musekiwa,male,Zimbabwe,36,33,314,231,39,13,24,12,0,0,15.7,135.93,5,108,8,102,5.67,12.75,3,0
,b91083bd,Abhijeet Ahuja,male,Hungary,17,16,313,322,75,1,25,7,2,0,20.87,97.2,1,12,2,8,4.0,4.0,2,0
,a1d3540a,PJ Moor,male,Zimbabwe,15,15,313,238,92,3,19,21,1,0,26.08,131.51,0,0,0,0,0.0,,0,0
,e9e37173,A Busing-Volschenk,male,Namibia,15,14,311,222,73,5,10,22,3,0,34.56,140.09,2,42,4,54,7.71,13.5,2,0
,80f9fd4f,C Brennan,male,Jersey,24,24,311,273,52,6,19,14,1,0,17.28,113.92,0,0,0,0,0.0,,0,0
,357484e9,Ilyas Ataullah,male,Turkey,19,19,311,245,86,2,33,16,1,0,18.29,126.94,16,251,11,372,8.89,33.82,4,0
,be3bdc15,NG Collins,male,Finland,15,15,311,337,64,1,29,4,1,0,22.21,92.28,0,0,0,0,0.0,,0,0
,d8699ab7,ML Hayden,male,Australia,9,9,308,212,73,3,37,13,4,0,51.33,145.28,0,0,0,0,0.0,,0,0
,7d15170b,Mohamed Rishwan,male,Maldives,24,24,308,364,61,0,25,12,1,0,12.83,84.62,1,12,0,22,11.0,,0,0
,6eea0b32,Nasir Hossain,male,Bangladesh,23,20,308,280,50,3,24,5,1,0,18.12,110.0,11,179,7,262,8.78,37.43,2,0
,f310704c,Shiraz Khan,male,Kuwait,46,28,308,323,50,11,13,14,1,0,18.12,95.36,45,916,45,970,6.35,21.56,4,0
,4d7f517e,AJ Hosein,male,West Indies,94,37,307,267,44,16,18,17,0,0,14.62,114.98,94,1994,92,2479,7.46,26.95,5,1
,3c8faed4,F Banunaek,male,Indonesia,101,42,307,365,54,16,22,6,1,0,11.81,84.11,101,1833,92,2113,6.92,22.97,4,0
,6513502f,Faheem Nellancheri,male,Finland,21,21,307,207,44,2,20,21,0,0,16.16,148.31,0,0,0,0,0.0,,0,0
,866e9f3d,S Jegannathan,male,Indonesia,19,17,306,307,65,5,27,13,1,0,25.5,99.67,15,270,20,274,6.09,13.7,2,0
,b8e65260,Imran Ameer,male,Malta,30,24,305,274,46,10,30,5,0,0,21.79,111.31,28,569,26,670,7.07,25.77,3,0
,37d8d19a,Muslim Yar,male,Germany,56,28,304,247,39,8,18,18,0,0,15.2,123.08,56,1145,69,1258,6.59,18.23,4,0
,dccb802c,Faisal Raza,male,Norway,21,21,303,253,48,2,18,14,0,0,15.95,119.76,3,24,1,39,9.75,39.0,1,0
,13c35c9e,TG Southee,male,New Zealand,123,46,303,216,39,20,20,18,0,0,11.65,140.28,122,2729,162,3647,8.02,22.51,5,2
,b56f5b6f,AE Paraam,male,Singapore,11,10,302,205,92,4,29,13,2,0,50.33,147.32,9,186,7,273,8.81,39.0,2,0
,e045c165,Rameez Shahzad,male,United Arab Emirates,15,15,302,299,54,2,24,6,1,0,23.23,101.0,0,0,0,0,0.0,,0,0
,ad8d5827,M Stanikzai,male,Switzerland,21,20,301,207,36,1,26,17,0,0,15.84,145.41,15,198,8,314,9.52,39.25,2,0
,985b649e,Taranjit Singh,male,Cyprus,24,22,301,162,55,5,23,23,1,0,17.71,185.8,21,417,26,497,7.15,19.12,4,0
,5332fc2f,Hamid Mahmood,male,Sweden,19,16,300,280,69,6,25,7,2,0,30.0,107.14,17,321,17,281,5.25,16.53,3,0
,30564b3e,Mazharul Islam,male,Seychelles,18,18,300,335,50,4,38,1,2,0,21.43,89.55,6,83,4,98,7.08,24.5,2,0
,5673a3fc,NL McCullum,male,New Zealand,61,38,299,295,36,12,19,8,0,0,11.5,101.36,59,1123,58,1278,6.83,22.03,4,0
,ee40679e,HA Jackson,male,France,23,23,298,356,48,2,22,4,0,0,14.19,83.71,0,0,0,0,0.0,,0,0
,365229a8,K Doriga,male,Papua New Guinea,28,28,298,289,46,5,18,10,0,0,12.96,103.11,0,0,0,0,0.0,,0,0
,b3a28446,Mohammad Saifuddin,male,Bangladesh,45,26,298,242,39,13,21,14,0,0,22.92,123.14,45,940,48,1367,8.73,28.48,3,0
,36d33dd0,RR Sarwan,male,West Indies,16,16,298,285,59,3,19,6,2,0,22.92,104.56,1,12,2,10,5.0,5.0,2,0
,bf19d427,SF Tiai,male,Samoa,28,22,298,257,45,3,24,16,0,0,15.68,115.95,28,600,39,689,6.89,17.67,5,1
,091880f7,Shantanu Kaveri,male,Mexico,25,24,298,365,46,4,17,1,0,0,14.9,81.64,13,187,10,170,5.45,17.0,4,0
,75f3aa00,BN Toube,male,Cameroon,19,19,297,298,49,1,38,6,0,0,16.5,99.66,16,278,17,364,7.86,21.41,3,0
,8919756f,Mosaddek Hossain,male,Bangladesh,29,27,297,265,34,8,19,10,0,0,15.63,112.08,21,280,15,340,7.29,22.67,5,1
,14318ae4,MS Maker,male,Tanzania,12,12,296,216,67,7,20,13,2,0,59.2,137.04,0,0,0,0,0.0,,0,0
,5f5efae1,N Tanner,male,Philippines,24,22,296,333,60,3,13,8,1,0,15.58,88.89,21,334,24,420,7.54,17.5,5,1
,34e36b65,AM Kimote,male,Tanzania,70,39,295,302,32,14,24,6,0,0,11.8,97.68,67,1098,81,1279,6.99,15.79,4,0
,9c93c0a3,Y Saranonnakkun,male,Thailand,40,40,295,353,25,2,23,10,0,0,7.76,83.57,1,18,0,20,6.67,,0,0
,3ee90b67,Khalid Kail,male,Oman,18,18,294,266,55,4,22,11,2,0,21.0,110.53,0,0,0,0,0.0,,0,0
,3766056b,BJ McCarthy,male,Ireland,59,34,293,241,51,14,19,16,1,0,14.65,121.58,59,1261,59,1826,8.69,30.95,4,0
,b52ffbbd,FA Allen,male,West Indies,38,28,293,213,34,8,20,21,0,0,14.65,137.56,35,605,24,766,7.6,31.92,2,0
,6b74c13b,Mirza Ahsan,male,Austria,18,18,293,197,70,2,22,14,3,0,18.31,148.73,0,0,0,0,0.0,,0,0
,488b7e22,Anoop Orsu,male,Luxembourg,24,23,292,245,58,7,22,13,1,0,18.25,119.18,3,30,1,53,10.6,53.0,1,0
,45eda7c8,CA Lynn,male,Australia,16,16,291,220,44,1,28,14,0,0,19.4,132.27,0,0,0,0,0.0,,0,0
,6cf75582,KK Lin Thu,male,Myanmar,30,29,291,405,71,2,25,3,1,0,10.78,71.85,20,330,15,325,5.91,21.67,3,0
,e186f49c,Mashrafe Mortaza,male,Bangladesh,48,35,291,222,33,10,26,15,0,0,11.64,131.08,48,1043,34,1427,8.21,41.97,2,0
,8ba04532,Muhammad Asim,male,Zambia,12,12,291,237,60,0,30,19,2,0,24.25,122.78,9,156,8,186,7.15,23.25,3,0
,6caae2dc,Omar Rassol,male,Bulgaria,21,20,291,246,99,3,23,18,2,0,17.12,118.29,9,108,4,214,11.89,53.5,2,0
,2e092d2c,Thuya Aung,male,Myanmar,30,29,291,494,37,2,20,5,0,0,10.78,58.91,20,358,19,359,6.02,18.89,3,0
,37ee5d23,C Nunes,male,Portugal,15,15,289,200,67,5,21,13,1,0,28.9,144.5,0,0,0,0,0.0,,0,0
,2cf2fc9e,CPPM Sadun,male,Cyprus,20,18,289,309,52,2,24,3,1,0,18.06,93.53,16,267,10,298,6.7,29.8,4,0
,e342e5fb,CR Brathwaite,male,West Indies,37,25,289,261,37,5,13,19,0,0,14.45,110.73,35,649,27,947,8.76,35.07,3,0
,1e569fb0,S Veerapathiran,male,Bahrain,39,30,289,237,33,9,19,16,0,0,13.76,121.94,38,696,41,931,8.03,22.71,3,0
,2deb4082,A Kheterpal,male,Hungary,16,16,288,231,42,6,33,7,0,0,28.8,124.68,16,332,9,409,7.39,45.44,2,0
,ec5160d7,J Broad,male,Germany,9,9,288,239,62,2,26,3,3,0,41.14,120.5,6,69,1,93,8.09,93.0,1,0
,352e589f,Sahir Naqash,male,Germany,31,22,288,210,38,10,18,11,0,0,24.0,137.14,27,465,34,577,7.45,16.97,3,0
,a82e0db7,FFZ Nhaduate,male,Mozambique,10,10,287,183,93,2,31,17,2,0,35.88,156.83,2,43,4,53,7.4,13.25,2,0
,2e392afa,P Aho,male,Nigeria,62,37,287,267,44,16,21,6,0,0,13.67,107.49,62,1153,69,1191,6.2,17.26,6,1
,3951be49,AB Kamara,male,Sierra Leone,21,21,285,309,43,4,15,8,0,0,16.76,92.23,16,204,11,255,7.5,23.18,3,0
,c5928dec,HDRL Thirimanne,male,Sri Lanka,19,19,285,254,44,2,26,5,0,0,16.76,112.2,0,0,0,0,0.0,,0,0
,0393fbdc,A Pusthay,male,Finland,24,24,284,307,56,1,24,5,1,0,12.35,92.51,7,100,7,129,7.74,18.43,2,0
,3bd52be1,Mustafa Omer,male,France,12,12,284,238,108,1,17,16,0,1,25.82,119.33,1,18,0,28,9.33,,0,0
,7fe9a7e6,Y Jalloh,male,Sierra Leone,23,23,284,323,72,2,26,1,2,0,13.52,87.93,0,0,0,0,0.0,,0,0
,663ad386,I Asif,male,Austria,18,18,282,265,39,3,26,11,0,0,18.8,106.42,5,68,5,83,7.32,16.6,2,0
,e56f4180,A Turkmen,male,Turkey,19,19,281,220,51,6,26,12,2,0,21.62,127.73,19,390,14,470,7.23,33.57,3,0
,e2d1822f,AUKDS Kalugala,male,Cyprus,18,18,281,238,49,0,29,12,0,0,15.61,118.07,4,48,2,56,7.0,28.0,1,0
,e7e86505,B Evans,male,Zimbabwe,39,23,280,204,56,6,17,18,1,0,16.47,137.25,39,798,58,1123,8.44,19.36,4,0
,81a0e294,SA Engelbrecht,male,Netherlands,11,10,280,210,75,1,21,12,1,0,31.11,133.33,5,48,5,71,8.88,14.2,2,0
,7f122e0b,Divyendra Singh,male,Czech Republic,19,19,279,276,67,1,29,4,2,0,15.5,101.09,0,0,0,0,0.0,,0,0
,e85bb4b3,Fanyan Mughal,male,Malta,24,23,279,257,56,2,23,14,1,0,13.29,108.56,24,460,22,581,7.58,26.41,3,0
,b7621723,Muhammad Usman (3),male,Hungary,12,12,279,169,72,2,11,25,1,0,27.9,165.09,2,12,0,13,6.5,,0,0
,f19ccfad,Washington Sundar,male,India,55,25,279,219,50,7,21,14,1,0,15.5,127.4,54,983,48,1161,7.09,24.19,3,0
,f42064d5,CN Greaves,male,Scotland,33,25,278,252,45,11,22,7,0,0,19.86,110.32,29,462,27,581,7.55,21.52,3,0
,a2421394,AC Agar,male,Australia,48,28,277,271,29,5,19,9,0,0,12.04,102.21,48,1018,49,1112,6.55,22.69,6,2
,f5715b48,Ali Naseer,male,United Arab Emirates,34,24,277,216,48,7,18,11,0,0,16.29,128.24,33,673,38,863,7.69,22.71,4,0
,d5c38041,Samiullah Rahmani,male,Sweden,26,19,277,185,50,2,21,20,1,0,16.29,149.73,24,473,38,548,6.95,14.42,4,0
,2c12bc65,Abhishek Anand,male,Japan,18,18,275,243,55,1,26,13,1,0,16.18,113.17,4,30,1,13,2.6,13.0,1,0
,4ec0443d,Ali Nayyer,male,Switzerland,25,20,275,211,48,6,15,13,0,0,19.64,130.33,25,540,34,658,7.31,19.35,3,0
,de6b3760,Festus Benn,male,Bahamas,27,24,275,360,39,8,26,3,0,0,17.19,76.39,23,441,31,460,6.26,14.84,3,0
,d5b52676,Idrees Ul Haque,male,Switzerland,15,15,275,218,55,0,34,10,1,0,18.33,126.15,0,0,0,0,0.0,,0,0
,0079f139,R Gaznavi,male,Singapore,19,19,275,287,49,2,24,8,0,0,16.18,95.82,0,0,0,0,0.0,,0,0
,bf7842c9,TAM Siriwardana,male,Sri Lanka,20,19,275,205,42,3,16,12,0,0,17.19,134.15,12,132,8,190,8.64,23.75,2,0
,f7f7bee0,Virk Ali,male,France,15,15,275,271,53,1,29,6,2,0,19.64,101.48,0,0,0,0,0.0,,0,0
,dd14abf5,R Sakurano-Thomas,male,Japan,38,28,274,290,39,6,14,2,0,0,12.45,94.48,38,553,38,608,6.6,16.0,6,1
,3239c8a9,R Coker,male,Sierra Leone,38,32,273,415,53,3,22,2,1,0,9.41,65.78,37,714,30,703,5.91,23.43,4,0
,884905a1,S Heath,male,Denmark,9,9,273,175,61,1,25,14,1,0,34.12,156.0,0,0,0,0,0.0,,0,0
,e6dd77bb,SS McKechnie,male,Hong Kong,23,23,273,275,44,8,20,3,0,0,18.2,99.27,0,0,0,0,0.0,,0,0
,2b6e6dec,AC Gilchrist,male,Australia,13,13,272,190,48,1,27,13,0,0,22.67,143.16,0,0,0,0,0.0,,0,0
,c8c9d60b,BBJL Perera,male,Italy,12,12,272,248,67,1,27,8,1,0,24.73,109.68,0,0,0,0,0.0,,0,0
,fb3e0d39,C Karunaratne,male,Sri Lanka,43,33,272,255,24,15,13,11,0,0,15.11,106.67,40,689,24,941,8.19,39.21,2,0
,7a5f232a,JA Burns,male,Italy,8,8,271,195,108,2,26,10,1,1,45.17,138.97,0,0,0,0,0.0,,0,0
,c1fdfb46,P Rathnayake,male,Sri Lanka,13,13,271,192,60,1,28,7,2,0,22.58,141.15,1,12,2,11,5.5,5.5,2,0
,73e749e1,LE Bosman,male,South Africa,12,12,270,184,94,0,22,18,2,0,22.5,146.74,0,0,0,0,0.0,,0,0
,8f75193e,Muhammad Zohaib,male,United Arab Emirates,13,13,270,261,50,1,27,6,1,0,22.5,103.45,2,30,1,18,3.6,18.0,1,0
,7cff331d,RR Sharan,male,Cambodia,15,15,270,271,86,2,20,16,2,0,20.77,99.63,13,221,8,259,7.03,32.38,3,0
,e741ed8f,Rizwan Butt,male,Bahrain,91,42,270,223,34,14,7,20,0,0,9.64,121.08,91,1969,139,2235,6.81,16.08,6,4
,5470418a,T Rossi,male,Argentina,26,21,270,238,46,5,15,13,0,0,16.88,113.45,21,350,20,413,7.08,20.65,3,0
,75c8a26b,Lokesh Bam,male,Nepal,20,20,269,181,44,5,26,16,0,0,17.93,148.62,0,0,0,0,0.0,,0,0
,da4a1e46,M Spoors,male,Canada,9,9,269,224,108,2,30,6,1,1,38.43,120.09,1,12,1,5,2.5,5.0,1,0
,fc362c5d,Qamar Mushtaque,male,Norway,41,29,268,265,50,10,18,10,1,0,14.11,101.13,40,730,51,831,6.83,16.29,3,0
,b98b5e1c,Sohaib Maqsood,male,Pakistan,20,20,268,230,37,1,20,11,0,0,14.11,116.52,1,6,0,12,12.0,,0,0
,69d03465,AT Carey,male,Australia,28,28,267,242,37,4,23,7,0,0,11.12,110.33,0,0,0,0,0.0,,0,0
,b9e07e44,R Abdulkareem,male,Nigeria,49,30,267,311,39,9,19,9,0,0,12.71,85.85,47,736,52,783,6.38,15.06,6,1
,3de06845,S Vesawkar,male,Nepal,16,16,266,266,40,5,20,7,0,0,24.18,100.0,2,30,0,41,8.2,,0,0
,26c9b5be,R Baaleri,male,Ghana,19,18,265,315,51,4,19,2,1,0,18.93,84.13,12,218,18,263,7.24,14.61,5,1
,369cc49c,Rafiullah,male,Oman,27,22,265,149,33,3,13,26,0,0,13.95,177.85,20,264,12,411,9.34,34.25,4,0
,7d990412,Suman Ghimire,male,Portugal,10,10,265,217,53,3,29,5,1,0,37.86,122.12,3,48,2,69,8.62,34.5,1,0
,f3cb53a1,MV Boucher,male,South Africa,19,19,264,268,36,5,22,2,0,0,18.86,98.51,0,0,0,0,0.0,,0,0
,5fef85ee,R Mutumbami,male,Zimbabwe,18,18,264,222,54,2,17,14,1,0,16.5,118.92,0,0,0,0,0.0,,0,0
,601544aa,Osama Mahmood,male,Switzerland,13,12,263,223,58,2,25,7,2,0,26.3,117.94,5,96,4,107,6.69,26.75,3,0
,e45810ed,Abdul-Shakoor Rahimzei,male,Germany,19,18,262,238,59,3,21,7,1,0,17.47,110.08,7,99,6,96,5.82,16.0,2,0
,0f72f582,LB Ferbrache,male,Guernsey,20,20,262,287,55,6,13,4,1,0,18.71,91.29,0,0,0,0,0.0,,0,0
,d7bfcc0b,Mehran Khan,male,Oman,36,32,262,248,29,5,14,12,0,0,9.7,105.65,27,444,25,523,7.07,20.92,3,0
,c4d19735,R Tari,male,Vanuatu,26,26,262,251,28,7,11,9,0,0,13.79,104.38,0,0,0,0,0.0,,0,0
,a4afc486,SZ Vayani,male,Malawi,37,30,262,261,30,6,27,6,0,0,10.92,100.38,36,701,36,799,6.84,22.19,4,0
,11614d87,D Pretorius,male,South Africa,28,17,261,159,77,5,22,15,1,0,21.75,164.15,27,504,35,696,8.29,19.89,5,1
,9dc3ea7e,H Hiri,male,Papua New Guinea,17,16,261,251,53,4,22,7,1,0,21.75,103.98,3,24,1,13,3.25,13.0,1,0
,5fbd0632,SA Wijeratne,male,Canada,13,13,261,213,56,1,38,2,3,0,21.75,122.54,0,0,0,0,0.0,,0,0
,7f784eb8,V Zimonjic,male,Serbia,35,28,261,233,34,9,26,3,0,0,13.74,112.02,35,700,32,913,7.83,28.53,3,0
,ba57fb08,Z Bimenyimana,male,Rwanda,89,46,261,216,30,17,15,15,0,0,9.0,120.83,88,1655,91,1932,7.0,21.23,3,0
,06b45b20,A Venkatesh,male,Sweden,15,15,260,239,54,2,24,2,1,0,20.0,108.79,11,194,17,213,6.59,12.53,4,0
,f22d2247,KH Abe,male,Japan,22,21,260,213,80,2,16,13,1,0,13.68,122.07,1,6,1,8,8.0,8.0,1,0
,75ebfe19,Baseer Khan,male,Austria,33,25,259,242,45,10,14,11,0,0,17.27,107.02,23,444,27,503,6.8,18.63,4,0
,43462314,Rohit Kumar,male,Romania,16,16,259,222,47,2,36,6,0,0,18.5,116.67,0,0,0,0,0.0,,0,0
,4e1b4323,TS Kamunhukamwe,male,Zimbabwe,12,12,259,245,39,0,25,10,0,0,21.58,105.71,0,0,0,0,0.0,,0,0
,a2eac9df,Waqas Barkat,male,Hong Kong,30,25,259,281,37,3,20,0,0,0,11.77,92.17,21,284,12,384,8.11,32.0,4,0
,266473e2,Amoluk Singh,male,Ghana,12,12,258,237,80,2,36,5,2,0,25.8,108.86,10,126,5,136,6.48,27.2,2,0
,b5bd99da,Azhar Andani,male,Portugal,11,11,258,241,81,1,30,1,2,0,25.8,107.05,0,0,0,0,0.0,,0,0
,2064e555,Lucas Rossi,male,Argentina,20,17,258,265,55,1,24,4,1,0,16.12,97.36,17,348,26,288,4.97,11.08,5,1
,5a8dc41e,Yasar Haroon,male,Brazil,23,21,258,306,42,3,28,3,0,0,14.33,84.31,22,437,25,410,5.63,16.4,5,1
,06bcade5,ASF Sirah,male,Philippines,27,20,257,213,58,3,26,8,1,0,15.12,120.66,25,490,36,539,6.6,14.97,4,0
,42172c3c,JT Smuts,male,South Africa,20,19,257,236,45,0,27,10,0,0,13.53,108.9,17,289,7,347,7.2,49.57,2,0
,9ffb7550,Nasrulla Rana,male,Hong Kong,58,36,257,221,26,13,18,12,0,0,11.17,116.29,55,854,51,1157,8.13,22.69,6,1
,ac5ae4af,I Udana,male,Sri Lanka,34,24,256,184,84,10,16,14,1,0,18.29,139.13,32,631,27,915,8.7,33.89,3,0
,9c96b71f,J Martins,male,Portugal,17,16,255,209,40,4,19,11,0,0,21.25,122.01,13,238,23,266,6.71,11.57,3,0
,508a1ea7,SE Marsh,male,Australia,15,15,255,245,47,1,15,10,0,0,18.21,104.08,0,0,0,0,0.0,,0,0
,2513b4fe,Kashif Siddique,male,Saudi Arabia,11,11,254,182,57,0,39,6,2,0,23.09,139.56,1,2,1,1,3.0,1.0,1,0
,270b4de6,NMS Param,male,Singapore,12,12,254,199,72,3,21,7,1,0,28.22,127.64,3,48,2,55,6.88,27.5,2,0
,2f22325f,Ameer Saiyed,male,Botswana,20,19,253,264,44,2,20,4,0,0,14.88,95.83,6,70,3,105,9.0,35.0,1,0
,78bbeba1,Khizar Hayat,male,Malaysia,52,29,253,260,28,11,15,5,0,0,14.06,97.31,50,968,45,1040,6.45,23.11,5,1
,b9cfb0b1,Sayed Monib,male,Kuwait,38,24,253,139,32,7,14,22,0,0,14.88,182.01,36,674,47,963,8.57,20.49,4,0
,ffb504b1,XM Marshall,male,United States of America,17,17,253,255,36,0,20,8,0,0,14.88,99.22,0,0,0,0,0.0,,0,0
,ecdd8d60,Yasin Patel,male,Kuwait,54,29,253,283,40,13,10,8,0,0,15.81,89.4,54,1202,63,1198,5.98,19.02,4,0
,e5309baa,CP Rizwan,male,United Arab Emirates,12,12,252,224,51,2,21,4,1,0,25.2,112.5,0,0,0,0,0.0,,0,0
,81c36ee9,M Jansen,male,South Africa,28,19,252,175,55,5,15,20,2,0,18.0,144.0,28,617,29,924,8.99,31.86,4,0
,3b52d247,FA Cossa,male,Mozambique,18,15,250,219,59,5,24,13,1,0,25.0,114.16,16,318,15,377,7.11,25.13,3,0
,8cae5b48,Aminuddin Ramly,male,Malaysia,19,19,249,166,41,4,11,19,0,0,16.6,150.0,0,0,0,0,0.0,,0,0
,441006af,K Mirpuri,male,Gibraltar,37,23,249,247,34,16,17,4,0,0,35.57,100.81,37,725,34,1017,8.42,29.91,3,0
,1c17e270,RV Uthappa,male,India,12,12,249,208,50,2,26,6,1,0,24.9,119.71,0,0,0,0,0.0,,0,0
,9f542219,SH Venugopal,male,Singapore,13,13,249,231,46,2,14,7,0,0,22.64,107.79,0,0,0,0,0.0,,0,0
,3ac13a94,E Rukiriza,male,Rwanda,76,48,248,302,29,12,16,8,0,0,6.89,82.12,74,1393,81,1470,6.33,18.15,5,2
,9633359f,JS Malhotra,male,United States of America,15,14,248,212,58,1,18,9,1,0,19.08,116.98,2,18,0,13,4.33,,0,0
,a9b998d9,M Raikes,male,Gibraltar,7,7,248,159,85,1,25,10,3,0,41.33,155.97,6,59,3,136,13.83,45.33,2,0
,b46b3d9b,Muhammad Siddiqui,male,Slovenia,11,11,248,207,48,0,24,12,0,0,22.55,119.81,11,234,13,312,8.0,24.0,4,0
,7636b587,D Muhumuza,male,Uganda,22,18,247,244,59,6,19,9,2,0,20.58,101.23,15,204,9,233,6.85,25.89,2,0
,ea59139a,Wasim Ali,male,Oman,16,15,247,197,38,2,18,12,0,0,19.0,125.38,9,138,4,162,7.04,40.5,2,0
,bad1af65,D Panda,male,Mexico,16,15,246,220,56,3,16,6,1,0,20.5,111.82,14,251,18,297,7.1,16.5,4,0
,deef8879,Ali Nawaz,male,Hungary,21,19,245,216,41,3,13,10,0,0,15.31,113.43,10,138,10,267,11.61,26.7,5,1
,bf172ae6,Sufyan Mehmood,male,Oman,29,20,245,313,40,5,16,5,0,0,16.33,78.27,28,495,23,707,8.57,30.74,3,0
,2327fdc7,AA Rahayu,male,Indonesia,38,24,244,259,55,9,20,7,1,0,16.27,94.21,27,401,28,382,5.72,13.64,4,0
,a319edf8,AT Nidamanuru,male,Netherlands,19,19,244,225,36,0,10,13,0,0,12.84,108.44,1,24,3,30,7.5,10.0,3,0
,f9f857dc,Awais Ahmed,male,Spain,16,16,244,216,47,2,25,9,0,0,17.43,112.96,0,0,0,0,0.0,,0,0
,973006cc,Amir Zaib,male,Portugal,16,16,243,190,45,3,21,7,0,0,18.69,127.89,6,52,4,75,8.65,18.75,2,0
,641ac5ff,IS Sodhi,male,New Zealand,134,40,243,223,33,12,13,13,0,0,8.68,108.97,134,2780,164,3785,8.17,23.08,4,0
,3595ad3b,S Foster,male,Cayman Islands,18,18,243,261,41,4,19,0,0,0,17.36,93.1,5,36,0,61,10.17,,0,0
,4895df9e,S Houghton,male,Croatia,19,19,243,307,34,1,19,7,0,0,13.5,79.15,2,23,1,61,15.91,61.0,1,0
,e29e9c12,Shakeel Ahmed,male,Oman,45,25,243,253,45,7,16,9,0,0,13.5,96.05,44,924,38,1012,6.57,26.63,3,0
,65cf74b4,Abhishek Ahuja,male,Hungary,12,12,242,211,61,0,19,10,1,0,20.17,114.69,0,0,0,0,0.0,,0,0
,c6d4cff0,C Tommy,male,Vanuatu,18,18,242,258,31,1,16,6,0,0,14.24,93.8,0,0,0,0,0.0,,0,0
,0bf15e52,Harmeet Singh,male,United States of America,29,20,242,165,38,4,13,15,0,0,15.12,146.67,28,616,31,716,6.97,23.1,4,0
,cf0b9a0d,Khalid Ahmadi,male,Belgium,30,21,242,137,31,8,18,18,0,0,18.62,176.64,30,653,52,698,6.41,13.42,4,0
,a56f4b65,PL Mommsen,male,Scotland,9,9,242,182,68,2,21,7,2,0,34.57,132.97,2,48,1,51,6.38,51.0,1,0
,9dbc77b3,Aaftab Alam Khan,male,Malta,21,21,241,194,71,5,20,9,1,0,15.06,124.23,0,0,0,0,0.0,,0,0
,b58b7db6,GSNFG Jayasuriya,male,Sri Lanka,17,16,241,221,40,0,20,8,0,0,15.06,109.05,11,137,3,213,9.33,71.0,1,0
,f76d7466,JN Malan,male,South Africa,11,11,241,186,55,0,25,11,1,0,21.91,129.57,0,0,0,0,0.0,,0,0
,331ea488,UT Khawaja,male,Australia,9,9,241,182,58,0,31,5,1,0,26.78,132.42,0,0,0,0,0.0,,0,0
,18eaf2fa,Amjad Javed,male,United Arab Emirates,17,14,240,215,76,3,12,15,1,0,21.82,111.63,17,348,26,403,6.95,15.5,3,0
,f0af99a7,D Ferreira,male,South Africa,16,15,240,152,48,2,13,17,0,0,18.46,157.89,7,106,2,153,8.66,76.5,1,0
,04bc296f,D Sabir,male,Bermuda,29,22,240,207,46,5,19,6,0,0,14.12,115.94,23,379,32,363,5.75,11.34,4,0
,c31d7da1,Jordan O'Brien,male,Finland,24,24,240,231,32,2,24,4,0,0,10.91,103.9,0,0,0,0,0.0,,0,0
,26b59073,C Dickson,male,Cook Islands,22,18,238,246,41,4,13,7,0,0,17.0,96.75,20,385,21,410,6.39,19.52,3,0
,ae380321,F Suluoto,male,Samoa,24,24,238,247,35,5,15,12,0,0,12.53,96.36,1,6,0,16,16.0,,0,0
,860f7b67,J Byrappa,male,Mexico,12,12,238,224,62,2,15,10,1,0,23.8,106.25,7,69,2,87,7.57,43.5,2,0
,0e63259d,J Campbell,male,Zimbabwe,13,13,238,192,45,2,15,12,0,0,21.64,123.96,1,12,1,5,2.5,5.0,1,0
,c8065f31,SC Getkate,male,Ireland,24,21,238,206,30,3,9,13,0,0,13.22,115.53,17,264,14,347,7.89,24.79,3,0
,5eea345c,Khalid Latif,male,Pakistan,12,12,237,224,59,2,25,6,1,0,23.7,105.8,0,0,0,0,0.0,,0,0
,1087dd78,Mohamed Arief,male,Malaysia,14,14,237,192,52,3,26,5,1,0,21.55,123.44,2,12,0,19,9.5,,0,0
,18c78b11,RE Levi,male,South Africa,13,13,236,166,117,2,20,15,1,1,21.45,142.17,0,0,0,0,0.0,,0,0
,3c6ffae8,YK Pathan,male,India,20,18,236,161,37,5,11,17,0,0,18.15,146.58,16,299,13,426,8.55,32.77,2,0
,8a4e101e,Izaz Ali,male,Slovenia,15,15,235,184,83,0,20,12,1,0,15.67,127.72,15,257,16,394,9.2,24.62,4,0
,82b1e99f,Jakir Patel,male,Zambia,14,14,235,208,63,0,18,12,1,0,16.79,112.98,0,0,0,0,0.0,,0,0
,f49935eb,BF Mailata,male,Samoa,16,15,234,239,39,3,14,14,0,0,19.5,97.91,7,90,3,155,10.33,51.67,1,0
,d1317833,A Oxley,male,Belize,8,8,233,264,80,1,15,2,1,0,33.29,88.26,0,0,0,0,0.0,,0,0
,945981e5,D Johnson,male,Switzerland,21,20,233,191,55,2,21,8,1,0,12.94,121.99,16,263,10,344,7.85,34.4,2,0
,414d8a10,J Miyaji,male,Uganda,40,27,233,216,29,5,5,14,0,0,10.59,107.87,40,793,56,828,6.26,14.79,3,0
,218d4d78,MT Renshaw,male,Australia,8,8,233,185,89,2,12,7,2,0,38.83,125.95,3,36,3,43,7.17,14.33,2,0
,c674f722,GT Taylor,male,Bahamas,21,21,232,286,56,3,24,7,1,0,12.89,81.12,12,203,11,292,8.63,26.55,3,0
,8069f81f,J Tuffin,male,Philippines,22,19,232,241,32,5,12,5,0,0,16.57,96.27,20,420,23,455,6.5,19.78,4,0
,e086735b,Umair Qasim,male,Swaziland,26,23,232,235,50,5,21,7,1,0,12.89,98.72,25,422,20,559,7.95,27.95,3,0
,ab21795b,BAD Manenti,male,Italy,12,11,231,159,60,1,20,12,2,0,23.1,145.28,12,264,8,333,7.57,41.62,2,0
,e43c9818,Mohamed Azzam,male,Maldives,30,30,231,316,25,3,13,2,0,0,8.56,73.1,0,0,0,0,0.0,,0,0
,fbdc5ab1,P Murungi,male,Uganda,26,23,231,197,31,6,21,8,0,0,13.59,117.26,5,66,3,76,6.91,25.33,2,0
,46821fbd,Shahil Momin,male,Austria,15,15,231,250,48,3,14,1,0,0,19.25,92.4,15,300,12,323,6.46,26.92,2,0
,1439a13c,VE Tembo,male,Mozambique,19,19,231,192,47,4,25,8,0,0,15.4,120.31,3,36,1,83,13.83,83.0,1,0
,9fa5496f,R Escobar,male,Argentina,15,15,230,300,41,5,11,2,0,0,23.0,76.67,0,0,0,0,0.0,,0,0
,8da9a284,E Solomon,male,Israel,8,8,229,209,59,2,24,0,1,0,38.17,109.57,0,0,0,0,0.0,,0,0
,96275259,B Ito-Davis,male,Japan,23,19,228,204,47,4,13,5,0,0,15.2,111.76,20,340,28,244,4.31,8.71,3,0
,d3bdc89c,C Potgieter,male,Portugal,12,12,228,180,52,2,14,15,1,0,22.8,126.67,0,0,0,0,0.0,,0,0
,f427e63e,NRJ Croes,male,Netherlands,15,15,228,172,52,5,22,1,1,0,22.8,132.56,0,0,0,0,0.0,,0,0
,68e21fb1,Devender Singh,male,Ghana,18,18,227,218,47,6,17,7,0,0,18.92,104.13,0,0,0,0,0.0,,0,0
,07ff32f5,Khurram Nawaz,male,Oman,16,16,227,189,58,5,16,11,1,0,20.64,120.11,0,0,0,0,0.0,,0,0
,ef18b66e,Taskin Ahmed,male,Bangladesh,82,38,227,215,31,17,20,8,0,0,10.81,105.58,82,1766,98,2294,7.79,23.41,4,0
,89394502,MA Baig,male,Malawi,19,13,226,255,74,6,19,3,1,0,32.29,88.63,19,351,29,283,4.84,9.76,5,2
,4bc0a378,WP Masakadza,male,Zimbabwe,73,38,226,246,34,11,15,5,0,0,8.37,91.87,70,1234,46,1535,7.46,33.37,4,0
,770494eb,DAS Gunaratne,male,Sri Lanka,12,12,225,178,84,3,19,6,2,0,25.0,126.4,10,149,5,204,8.21,40.8,1,0
,710dd98c,MN van Wyk,male,South Africa,7,7,225,156,114,1,19,14,1,1,37.5,144.23,0,0,0,0,0.0,,0,0
,93720584,G Thakur,male,Malta,11,11,224,182,62,1,24,6,1,0,22.4,123.08,0,0,0,0,0.0,,0,0
,97e36a0f,Mahmud Jasat,male,Panama,17,17,224,307,35,1,14,2,0,0,14.0,72.96,1,6,0,14,14.0,,0,0
,95c2d309,SKDT Madusanka,male,Seychelles,15,13,224,247,43,3,30,2,0,0,22.4,90.69,9,108,7,172,9.56,24.57,3,0
,68f24545,S Maduranga,male,South Korea,20,19,223,290,51,6,20,5,1,0,17.15,76.9,20,339,20,406,7.19,20.3,3,0
,2011735e,A Shahi,male,Cyprus,24,19,222,150,44,3,13,17,0,0,13.88,148.0,23,411,27,546,7.97,20.22,3,0
,c06c25fd,Akhil Anil,male,Tanzania,21,20,222,192,52,4,17,10,1,0,13.88,115.62,19,332,19,366,6.61,19.26,3,0
,715dbf27,CN Onwuzulike,male,Nigeria,18,18,222,216,54,2,17,8,1,0,13.88,102.78,0,0,0,0,0.0,,0,0
,e3a949be,D Cleaver,male,New Zealand,11,11,222,165,78,1,22,8,2,0,22.2,134.55,0,0,0,0,0.0,,0,0
,99926083,Nasibullah Arab,male,France,10,10,222,131,33,0,26,12,0,0,22.2,169.47,0,0,0,0,0.0,,0,0
,28b99edd,Delawar Khan,male,Denmark,23,20,221,163,40,6,13,13,0,0,15.79,135.58,21,331,18,410,7.43,22.78,3,0
,a9520ac2,J Mubarak,male,Sri Lanka,14,14,221,169,46,4,19,8,0,0,22.1,130.77,2,8,1,17,12.75,17.0,1,0
,5935d694,Rishad Hossain,male,Bangladesh,55,32,221,181,53,6,13,16,1,0,8.5,122.1,55,1126,70,1539,8.2,21.99,4,0
,77bedcce,Hadisullah Tarakhel,male,Belgium,8,8,220,122,78,1,24,15,1,0,31.43,180.33,3,60,1,109,10.9,109.0,1,0
,8bd614b2,Rony Talukdar,male,Bangladesh,9,9,220,160,67,0,23,7,1,0,24.44,137.5,0,0,0,0,0.0,,0,0
,5845b99b,Ali Farasat,male,Hungary,20,20,219,183,32,2,12,12,0,0,12.17,119.67,0,0,0,0,0.0,,0,0
,e00acf74,E Mathew,male,Malta,27,22,219,234,46,3,11,6,0,0,11.53,93.59,20,341,19,464,8.16,24.42,4,0
,5b1d6583,AK Sah,male,Nepal,13,13,218,182,41,0,19,12,0,0,16.77,119.78,0,0,0,0,0.0,,0,0
,d8976cb7,DG Blampied,male,Jersey,38,22,218,231,29,9,11,1,0,0,16.77,94.37,35,601,32,690,6.89,21.56,3,0
,f98c24ec,DK Anefie,male,Ghana,25,21,218,184,46,4,9,11,0,0,12.82,118.48,19,336,12,350,6.25,29.17,3,0
,c802af1c,Natim Hassam,male,Portugal,12,11,218,195,52,4,19,5,1,0,31.14,111.79,6,84,4,97,6.93,24.25,2,0
,e6127436,S Cotter,male,Samoa,15,15,218,222,51,2,24,3,1,0,16.77,98.2,0,0,0,0,0.0,,0,0
,977b841a,SSJ Brooks,male,West Indies,12,12,218,211,56,1,15,11,1,0,19.82,103.32,0,0,0,0,0.0,,0,0
,c9945bdf,Simi Singh,male,Ireland,42,30,218,207,57,8,16,4,1,0,9.91,105.31,42,842,38,1035,7.38,27.24,3,0
,3300d23c,SF Mire,male,Zimbabwe,7,6,217,170,94,0,18,11,2,0,36.17,127.65,5,72,1,115,9.58,115.0,1,0
,8db27a28,ARA Chambers,male,Portugal,13,13,216,230,36,1,25,1,0,0,18.0,93.91,0,0,0,0,0.0,,0,0
,661e8a03,Ali Saleem,male,Norway,13,12,216,178,53,1,14,11,1,0,19.64,121.35,1,6,1,4,4.0,4.0,1,0
,395179e8,D Parashar,male,United Arab Emirates,31,22,216,200,32,11,9,8,0,0,19.64,108.0,31,570,29,641,6.75,22.1,4,0
,b89cde87,K Nestor,male,Gibraltar,33,26,216,231,35,5,19,7,0,0,10.29,93.51,22,359,15,532,8.89,35.47,3,0
,ae4a47d8,MP Ainsworth,male,Hungary,20,17,216,271,50,3,12,3,1,0,15.43,79.7,18,234,10,376,9.64,37.6,2,0
,58043739,TT Bresnan,male,England,34,21,216,169,47,8,16,6,0,0,16.62,127.81,34,663,24,887,8.03,36.96,3,0
,71b7b75a,Asghar Ali Khan,male,Luxembourg,8,8,215,131,88,2,21,9,1,0,35.83,164.12,0,0,0,0,0.0,,0,0
,5a22d91c,EMDY Munaweera,male,Sri Lanka,13,13,215,164,53,1,25,7,1,0,17.92,131.1,5,60,1,92,9.2,92.0,1,0
,9c181b99,Vinay Ravi,male,Norway,43,28,215,202,24,9,17,6,0,0,11.32,106.44,43,818,43,918,6.73,21.35,4,0
,c7726eec,Atif Rasheed,male,Finland,16,15,214,178,43,0,12,10,0,0,14.27,120.22,5,53,5,63,7.13,12.6,4,0
,11f56b14,HV Mandhyan,male,Hungary,17,17,214,219,41,1,15,7,0,0,13.38,97.72,17,394,22,468,7.13,21.27,3,0
,a482add2,KTK Rodrigo,male,Maldives,12,12,214,230,71,1,22,3,1,0,19.45,93.04,0,0,0,0,0.0,,0,0
,e6948355,P Suanchuai,male,Thailand,23,23,214,307,37,2,18,3,0,0,10.19,69.71,0,0,0,0,0.0,,0,0
,f78e7113,S Prasanna,male,Sri Lanka,20,20,214,161,37,6,13,13,0,0,15.29,132.92,18,300,10,359,7.18,35.9,2,0
,b5aa28ce,Yves Cyusa,male,Rwanda,31,24,214,261,36,6,19,5,0,0,11.89,81.99,21,336,25,317,5.66,12.68,4,0
,0ec6a7c3,N Khanna,male,Malta,20,20,213,160,37,6,24,4,0,0,15.21,133.12,0,0,0,0,0.0,,0,0
,501fca0d,Sachin Mandy,male,Germany,20,20,212,203,50,1,15,11,2,0,11.16,104.43,0,0,0,0,0.0,,0,0
,ec4ae12d,Hamid Safi,male,Austria,19,17,211,144,42,6,8,21,0,0,19.18,146.53,6,58,6,90,9.31,15.0,3,0
,5c93efb1,Khalid Zahid,male,Sweden,25,19,211,148,47,3,15,10,0,0,13.19,142.57,25,515,21,614,7.15,29.24,3,0
,9ab2914d,S Samarawickrama,male,Sri Lanka,15,15,211,203,61,2,23,1,1,0,16.23,103.94,0,0,0,0,0.0,,0,0
,c995d726,CA Ingram,male,South Africa,9,9,210,162,78,1,23,7,1,0,26.25,129.63,0,0,0,0,0.0,,0,0
,3bc56bd6,CJ Delany,male,Gibraltar,9,9,210,193,69,1,22,1,2,0,26.25,108.81,3,30,0,58,11.6,,0,0
,7cd0a092,Haris Sohail,male,Pakistan,13,13,210,204,52,2,16,3,2,0,19.09,102.94,0,0,0,0,0.0,,0,0
,78a3ae4b,ZXM Vukusic,male,Croatia,8,8,210,161,53,0,14,12,1,0,26.25,130.43,7,129,7,189,8.79,27.0,2,0
,f6aed283,CN Kakuru,male,Uganda,24,24,209,208,38,5,19,2,0,0,11.0,100.48,0,0,0,0,0.0,,0,0
,e41dee27,W Maximo,male,Brazil,17,17,209,270,35,0,18,0,0,0,12.29,77.41,0,0,0,0,0.0,,0,0
,5bdf2343,Amir Butt,male,Mexico,9,8,208,159,73,0,9,14,1,0,26.0,130.82,8,129,8,169,7.86,21.12,2,0
,d52b13a6,Abdul Shakoor (2),male,Romania,13,13,207,213,31,3,17,2,0,0,20.7,97.18,0,0,0,0,0.0,,0,0
,9868bc75,BMAJ Mendis,male,Sri Lanka,19,15,207,172,43,4,18,6,0,0,18.82,120.35,14,210,12,249,7.11,20.75,3,0
,82e81007,Hamza Tariq,male,Canada,18,18,207,144,55,7,13,10,1,0,18.82,143.75,0,0,0,0,0.0,,0,0
,7f048519,DJ Willey,male,England,42,23,206,156,33,9,15,11,0,0,14.71,132.05,42,841,49,1157,8.25,23.61,4,0
,26b6a4e9,SL Verma,male,Uganda,5,5,206,133,88,1,7,16,1,0,51.5,154.89,0,0,0,0,0.0,,0,0
,c9cac448,T Mishra,male,Kenya,12,12,206,226,38,0,15,4,0,0,17.17,91.15,1,6,0,8,8.0,,0,0
,5791b840,Yasir Ali Chowdhury,male,Bangladesh,13,13,206,142,54,4,17,9,1,0,22.89,145.07,0,0,0,0,0.0,,0,0
,d7c6af50,DL Vettori,male,New Zealand,34,21,205,188,38,6,14,2,0,0,13.67,109.04,34,787,38,748,5.7,19.68,4,0
,86e0f3f0,WL Madsen,male,Italy,7,7,205,154,61,1,20,5,2,0,34.17,133.12,0,0,0,0,0.0,,0,0
,ce1abd25,J Jemison,male,Bahamas,24,24,204,263,27,5,15,2,0,0,10.74,77.57,0,0,0,0,0.0,,0,0
,85ad2217,DS Smith,male,West Indies,6,6,203,160,61,0,22,5,2,0,33.83,126.88,0,0,0,0,0.0,,0,0
,1f28fdfd,GR Russ,male,Philippines,19,19,203,238,43,8,18,2,0,0,18.45,85.29,2,18,0,52,17.33,,0,0
,6581d753,JM Kemp,male,South Africa,7,7,203,160,89,3,17,10,1,0,50.75,126.88,0,0,0,0,0.0,,0,0
,bbab35a3,M Yunusu Issa,male,Tanzania,33,26,203,167,33,10,14,9,0,0,12.69,121.56,22,324,20,388,7.19,19.4,3,0
,1f8e97d7,D Uwimana,male,Rwanda,13,13,202,184,37,5,13,12,0,0,25.25,109.78,0,0,0,0,0.0,,0,0
,b0aadf4f,N Knights,male,Isle of Man,16,15,202,161,69,0,16,13,1,0,13.47,125.47,1,12,1,8,4.0,8.0,1,0
,9d103769,Saghar Manzoor,male,Croatia,17,17,202,201,38,2,20,9,0,0,13.47,100.5,0,0,0,0,0.0,,0,0
,68019a70,EF Beard,male,Isle of Man,14,14,201,173,35,3,20,5,0,0,18.27,116.18,2,18,0,19,6.33,,0,0
,7c503806,J Botha,male,South Africa,40,20,201,165,34,9,15,9,0,0,18.27,121.82,39,774,37,823,6.38,22.24,3,0
,5cf163a5,Zada Sher,male,France,12,11,201,144,55,0,12,12,1,0,18.27,139.58,10,138,5,183,7.96,36.6,1,0
,53bc7b84,Aftab Ahmed,male,Bangladesh,10,10,200,158,62,1,22,5,1,0,22.22,126.58,1,2,0,8,24.0,,0,0
,f8035c2a,BDH Stevens,male,Jersey,12,12,199,200,44,0,19,3,0,0,16.58,99.5,9,140,10,160,6.86,16.0,3,0
,7213d757,C Bah,male,Sierra Leone,31,24,199,191,43,2,12,8,0,0,9.05,104.19,23,369,9,419,6.81,46.56,2,0
,03beb59f,Luis Hermida,male,Mexico,14,14,199,268,37,3,11,0,0,0,18.09,74.25,10,174,12,188,6.48,15.67,4,0
,7f6c2dae,DC Stovell,male,Bermuda,16,15,198,191,49,6,13,3,0,0,22.0,103.66,15,259,16,290,6.72,18.12,3,0
,d8e48e1b,MFI Assuncao,male,Brazil,21,20,198,230,30,0,17,3,0,0,9.9,86.09,6,84,6,127,9.07,21.17,2,0
,11378dda,S Mathur,male,Hong Kong,16,16,198,224,39,3,11,4,0,0,15.23,88.39,0,0,0,0,0.0,,0,0
,7f929ebe,AN Toube,male,Cameroon,21,21,197,202,46,0,13,10,0,0,9.38,97.52,8,138,6,182,7.91,30.33,3,0
,b0f5175e,S Ramakrishnan,male,Czech Republic,8,7,197,155,67,1,22,4,2,0,32.83,127.1,2,24,0,46,11.5,,0,0
,a76d4082,T Suri,male,United Arab Emirates,9,9,197,173,77,0,19,3,1,0,21.89,113.87,0,0,0,0,0.0,,0,0
,b7db83eb,Jitin Singh,male,Tanzania,15,15,196,179,60,0,26,1,1,0,13.07,109.5,3,26,4,48,11.08,12.0,3,0
,469ea22b,KMDN Kulasekara,male,Sri Lanka,56,29,196,177,31,8,14,5,0,0,9.33,110.73,56,1183,64,1464,7.43,22.88,4,0
,456884dd,LJ Leokaoke,male,Lesotho,8,8,196,167,71,2,28,4,2,0,32.67,117.37,6,108,3,133,7.39,44.33,1,0
,1eb5affb,Paing Danu,male,Myanmar,17,17,196,228,72,1,15,9,1,0,12.25,85.96,16,271,12,335,7.42,27.92,2,0
,3b8e7647,SP Krishnamurthi,male,United States of America,9,9,196,133,68,3,11,12,1,0,32.67,147.37,2,30,2,21,4.2,10.5,2,0
,64d43928,Sohail Tanvir,male,Pakistan,55,22,196,160,41,5,16,9,0,0,11.53,122.5,55,1166,50,1414,7.28,28.28,3,0
,aa867444,AD Dore,male,Bermuda,13,13,194,179,33,1,20,4,0,0,16.17,108.38,0,0,0,0,0.0,,0,0
,61a7d6e9,DA Mehta,male,Tanzania,13,13,194,193,49,1,26,2,0,0,16.17,100.52,0,0,0,0,0.0,,0,0
,d2ebebbe,Kazim Somani,male,Malawi,16,16,194,233,31,5,15,2,0,0,17.64,83.26,0,0,0,0,0.0,,0,0
,615688b6,Usman Najeeb,male,Saudi Arabia,35,20,194,146,27,6,9,13,0,0,13.86,132.88,35,735,49,943,7.7,19.24,4,0
,ea2c0aff,Zain Ahmad,male,France,18,16,194,180,52,0,24,3,1,0,12.12,107.78,11,210,16,231,6.6,14.44,4,0
,8c7d6cbe,MW Machan,male,Scotland,8,8,193,140,67,2,24,2,2,0,32.17,137.86,3,72,2,76,6.33,38.0,2,0
,23cca426,OF Smith,male,West Indies,27,20,193,135,27,7,13,12,0,0,14.85,142.96,26,450,27,772,10.29,28.59,3,0
,470f446b,V Suryavanshi,male,India,6,6,193,102,81,0,16,14,2,0,32.17,189.22,0,0,0,0,0.0,,0,0
,50250426,Asad Shafiq,male,Pakistan,10,10,192,184,38,0,19,2,0,0,19.2,104.35,0,0,0,0,0.0,,0,0
,456f6d99,Mukhtar Ahmed,male,Pakistan,6,6,192,134,83,0,23,5,2,0,32.0,143.28,0,0,0,0,0.0,,0,0
,0b0cc297,Tanzim Hasan Sakib,male,Bangladesh,37,21,192,174,50,8,13,8,1,0,14.77,110.34,37,797,44,1108,8.34,25.18,4,0
,df1b4c8f,A Halbhavi,male,Luxembourg,16,16,191,180,48,0,25,3,0,0,11.94,106.11,0,0,0,0,0.0,,0,0
,0ca1ea55,HMHE Parsons,male,South Korea,14,14,191,167,47,2,16,9,0,0,15.92,114.37,5,47,7,81,10.34,11.57,6,1
,22fb205e,Praveen Santhanakrishnan,male,Mexico,16,16,191,207,44,1,22,4,0,0,12.73,92.27,1,6,0,5,5.0,,0,0
,9b6ad88a,R Gunasekera,male,Canada,7,7,191,181,65,0,22,3,1,0,27.29,105.52,0,0,0,0,0.0,,0,0
,98e3f1de,S Burdekin,male,Cyprus,14,14,191,179,59,1,16,8,1,0,14.69,106.7,9,166,15,211,7.63,14.07,4,0
,13bc54a8,U Aryaman Sunil,male,Singapore,23,21,191,149,36,5,11,12,0,0,11.94,128.19,22,402,16,620,9.25,38.75,3,0
,ccceaca9,Yasser Nazir,male,Bahrain,13,13,191,170,46,2,21,7,0,0,17.36,112.35,1,6,0,16,16.0,,0,0
,ff0b1636,Zeerak Chughtai,male,Bulgaria,19,16,191,204,44,5,14,5,0,0,17.36,93.63,17,267,21,388,8.72,18.48,4,0
,97f44626,NK Tiwari,male,Cyprus,16,13,190,214,46,1,15,5,0,0,15.83,88.79,15,293,15,327,6.7,21.8,3,0
,033ac24e,Shafiq Sharif,male,Malaysia,12,12,190,157,43,1,24,4,0,0,17.27,121.02,0,0,0,0,0.0,,0,0
,f4f892a3,XSD Smith,male,Suriname,14,14,190,177,57,4,7,8,1,0,19.0,107.34,14,288,20,230,4.79,11.5,4,0
,d285acaf,CE McConchie,male,New Zealand,19,15,189,160,31,5,16,3,0,0,18.9,118.12,18,278,12,375,8.09,31.25,3,0
,61f05b05,Fawad Alam,male,Pakistan,18,16,189,166,28,5,6,7,0,0,17.18,113.86,5,72,5,88,7.33,17.6,2,0
,ee95065d,Irfan Khan,male,Pakistan,11,11,189,140,37,4,20,7,0,0,27.0,135.0,0,0,0,0,0.0,,0,0
,5117fa55,Ismail Ali,male,Maldives,15,15,189,167,33,1,10,11,0,0,13.5,113.17,1,6,0,9,9.0,,0,0
,898a21a4,J Fernando,male,Romania,16,12,189,146,38,2,12,9,0,0,18.9,129.45,16,267,11,338,7.6,30.73,2,0
,e1631e47,M Khojbariya,male,Eswatini,19,19,189,183,46,5,21,2,0,0,13.5,103.28,17,306,15,374,7.33,24.93,4,0
,4c7df2c8,Mohammad Shahzad,male,United Arab Emirates,14,14,189,175,52,1,19,5,1,0,14.54,108.0,13,188,8,245,7.82,30.62,2,0
,090f96e4,Muhammad Nadir,male,Rwanda,68,34,189,242,17,16,15,6,0,0,10.5,78.1,68,1548,81,1282,4.97,15.83,4,0
,a5e1e2d4,Muhammad Soban,male,Hungary,9,9,189,173,57,0,23,1,2,0,21.0,109.25,7,132,1,188,8.55,188.0,1,0
,18fac429,SR Patel,male,England,16,13,189,173,67,1,17,5,1,0,15.75,109.25,14,234,5,315,8.08,63.0,2,0
,1ed476fe,Umar Nawaz,male,Sweden,9,9,189,188,56,0,16,9,1,0,21.0,100.53,0,0,0,0,0.0,,0,0
,02802468,Ali Nadeem,male,Canada,6,6,188,131,89,2,15,8,2,0,47.0,143.51,0,0,0,0,0.0,,0,0
,33155d1b,IR Bell,male,England,8,8,188,162,60,1,23,2,1,0,26.86,116.05,0,0,0,0,0.0,,0,0
,0b07cb5e,OJR Groves,male,Slovenia,6,6,188,156,77,2,13,8,2,0,47.0,120.51,2,13,0,41,18.92,,0,0
,f5390243,CD McMillan,male,New Zealand,7,7,187,116,57,1,8,14,1,0,31.17,161.21,0,0,0,0,0.0,,0,0
,45df0e72,CJ Bowes,male,New Zealand,11,11,187,155,54,0,27,2,1,0,17.0,120.65,0,0,0,0,0.0,,0,0
,49235be5,Gurpratap Singh,male,Cyprus,10,10,187,133,54,0,10,15,1,0,18.7,140.6,10,204,16,233,6.85,14.56,4,0
,c343a8c6,H Lin Aung,male,Myanmar,29,28,187,300,21,1,9,10,0,0,6.93,62.33,20,330,16,389,7.07,24.31,3,0
,4add4c98,Ibrahim Hassan,male,Maldives,38,28,187,243,20,5,9,5,0,0,8.13,76.95,38,659,29,823,7.49,28.38,4,0
,9853b404,ML Castillo,male,Belize,14,14,187,199,37,2,12,9,0,0,15.58,93.97,12,240,21,229,5.73,10.9,6,1
,9e3575ce,N Nuntarach,male,Thailand,33,29,187,296,20,3,10,1,0,0,7.19,63.18,17,197,12,248,7.55,20.67,3,0
,36101309,A Manepalli,male,Luxembourg,10,10,186,170,57,1,18,3,1,0,20.67,109.41,0,0,0,0,0.0,,0,0
,39086549,JR Philippe,male,Australia,15,15,186,172,45,0,13,5,0,0,12.4,108.14,0,0,0,0,0.0,,0,0
,b17d629e,Shadnan Khan,male,Austria,13,12,186,147,80,3,13,9,1,0,20.67,126.53,6,90,6,115,7.67,19.17,4,0
,fd2b8c06,A Reyes,male,Gibraltar,30,18,185,210,44,6,17,2,0,0,15.42,88.1,22,291,20,408,8.41,20.4,3,0
,1fb04d31,AA Jasani,male,Tanzania,6,6,185,151,90,1,15,6,1,0,37.0,122.52,0,0,0,0,0.0,,0,0
,7c885103,Ahmed Hassan,male,Maldives,13,13,185,232,42,0,15,2,0,0,14.23,79.74,2,48,3,47,5.88,15.67,2,0
,1bada9da,Ainool Hafizs,male,Malaysia,29,29,184,192,21,5,12,4,0,0,7.67,95.83,0,0,0,0,0.0,,0,0
,2e005bfd,H Lin Oo,male,Myanmar,24,23,184,223,38,7,18,1,0,0,11.5,82.51,13,156,10,225,8.65,22.5,4,0
,454a7269,Haseeb Ghafoor,male,Saudi Arabia,9,9,184,170,47,5,10,10,0,0,46.0,108.24,0,0,0,0,0.0,,0,0
,e62dd25d,K Rabada,male,South Africa,76,27,184,157,22,14,18,6,0,0,14.15,117.2,76,1633,78,2289,8.41,29.35,3,0
,495d42a5,R Ashwin,male,India,62,18,184,158,31,11,17,4,0,0,26.29,116.46,62,1380,67,1611,7.0,24.04,4,0
,b57f8a9a,BJ Hodge,male,Australia,12,11,183,142,36,4,10,7,0,0,26.14,128.87,3,30,1,43,8.6,43.0,1,0
,972f217b,BJ Jacobs,male,New Zealand,9,9,183,128,62,2,10,10,1,0,26.14,142.97,0,0,0,0,0.0,,0,0
,28b032ac,Lucky Ali,male,Denmark,28,17,183,212,26,6,14,0,0,0,16.64,86.32,20,342,20,337,5.91,16.85,3,0
,c4ff0618,H Patel,male,Canada,10,10,182,191,51,0,15,1,1,0,18.2,95.29,4,59,2,78,7.93,39.0,2,0
,f43dd8c2,SM Sharif,male,Scotland,68,31,182,176,26,16,9,5,0,0,12.13,103.41,68,1382,79,1860,8.08,23.54,4,0
,99bf1fb7,A Yon,male,St Helena,12,12,181,158,67,1,16,7,2,0,16.45,114.56,7,120,10,133,6.65,13.3,5,1
,6c53ffb2,Irfan Safi,male,Austria,22,17,181,153,20,5,13,12,0,0,15.08,118.3,16,218,15,355,9.77,23.67,5,1
,84212ffb,J Liyanage,male,Sri Lanka,13,13,181,175,41,5,13,3,0,0,22.62,103.43,2,14,0,32,13.71,,0,0
,88a5adcf,LM Gabriel,male,Lesotho,17,17,181,209,45,1,22,2,0,0,11.31,86.6,7,84,1,124,8.86,124.0,1,0
,d405c0d5,AM Hardie,male,Australia,16,11,180,142,28,3,19,5,0,0,22.5,126.76,15,271,15,390,8.63,26.0,3,0
,568e5a4a,AR Cusack,male,Ireland,26,16,180,134,65,4,16,5,1,0,15.0,134.33,26,474,28,561,7.1,20.04,4,0
,6d24561a,Anwar Arudin,male,Malaysia,19,19,180,176,32,0,21,5,0,0,9.47,102.27,0,0,0,0,0.0,,0,0
,70841eab,C Tlali,male,Lesotho,21,21,180,234,31,1,19,3,0,0,9.0,76.92,0,0,0,0,0.0,,0,0
,0ec2277a,H Jangariya,male,Eswatini,8,8,180,141,54,1,20,8,1,0,25.71,127.66,0,0,0,0,0.0,,0,0
,709525fc,J Vijay,male,Portugal,8,8,180,133,42,0,26,4,0,0,22.5,135.34,1,12,0,31,15.5,,0,0
,d77ecd14,B Fitchet,male,Guernsey,14,14,179,174,37,0,21,5,0,0,12.79,102.87,0,0,0,0,0.0,,0,0
,f2c936d7,MJ Owen,male,Australia,12,11,179,120,50,1,7,14,1,0,17.9,149.17,4,30,2,59,11.8,29.5,1,0
,a9e63549,N Chejay,male,Bhutan,15,15,179,233,50,2,14,2,1,0,13.77,76.82,0,0,0,0,0.0,,0,0
,f5c198fb,SP Patil,male,United Arab Emirates,12,12,179,203,37,0,16,4,0,0,14.92,88.18,0,0,0,0,0.0,,0,0
,1f943bef,H Rathod,male,Qatar,19,12,178,147,47,7,15,5,0,0,35.6,121.09,19,391,33,423,6.49,12.82,4,0
,4aef496b,Nazimuddin,male,Bangladesh,7,7,178,156,81,0,13,10,1,0,25.43,114.1,0,0,0,0,0.0,,0,0
,8cf61570,Shashikant Laxman,male,Mexico,17,17,178,168,53,0,23,4,1,0,10.47,105.95,16,325,18,285,5.26,15.83,2,0
,8f1e023f,Sidhant Singh,male,Singapore,11,9,178,135,77,2,15,6,2,0,25.43,131.85,8,138,6,216,9.39,36.0,2,0
,31865a5b,Gurdeep Singh,male,Kenya,10,10,177,187,44,0,20,3,0,0,17.7,94.65,3,36,2,57,9.5,28.5,2,0
,8ca63417,MY Bawa,male,Panama,8,8,177,193,47,0,17,4,0,0,22.12,91.71,6,138,7,67,2.91,9.57,2,0
,1911dcbc,AAP Rivero,male,Argentina,26,19,176,195,31,4,8,4,0,0,11.73,90.26,23,469,27,409,5.23,15.15,4,0
,0a92f0e2,Ismail Kara,male,Zambia,5,5,176,106,55,0,15,15,2,0,35.2,166.04,5,115,6,120,6.26,20.0,2,0
,aae9ce90,JF Mooney,male,Ireland,19,16,176,157,31,7,18,1,0,0,19.56,112.1,8,138,10,146,6.35,14.6,2,0
,036b8660,BKB Corbin,male,Cayman Islands,14,14,175,143,34,2,18,11,0,0,14.58,122.38,0,0,0,0,0.0,,0,0
,9bc324b5,JR Barry,male,Bahamas,14,12,175,254,30,4,14,0,0,0,21.88,68.9,11,163,9,240,8.83,26.67,3,0
,1be70c88,LPC Silva,male,Sri Lanka,16,15,175,175,38,2,19,3,0,0,13.46,100.0,2,18,1,15,5.0,15.0,1,0
,e7458e4b,Muhammad Kashif,male,Kuwait,9,9,175,144,51,1,9,12,1,0,21.88,121.53,5,77,4,120,9.35,30.0,3,0
,20ac8219,S Vashisht,male,Romania,31,21,175,181,36,5,13,5,0,0,10.94,96.69,23,439,27,476,6.51,17.63,4,0
,10e34eef,A Sokovagone,male,Fiji,6,6,174,125,62,0,10,12,1,0,29.0,139.2,2,25,0,39,9.36,,0,0
,24ad97e7,BF Calitz,male,Ireland,11,11,174,122,37,2,10,10,0,0,19.33,142.62,0,0,0,0,0.0,,0,0
,eddf25bd,CAJ Meschede,male,Germany,4,4,174,111,67,1,9,13,1,0,58.0,156.76,4,96,5,83,5.19,16.6,2,0
,bbff906c,CAK Walton,male,West Indies,14,14,174,169,40,0,14,10,0,0,12.43,102.96,0,0,0,0,0.0,,0,0
,e28bb0b9,DO Leicher,male,Namibia,19,17,174,186,42,8,8,5,0,0,19.33,93.55,7,72,3,116,9.67,38.67,1,0
,2764133a,L Vincent,male,New Zealand,9,9,174,173,42,0,17,3,0,0,19.33,100.58,0,0,0,0,0.0,,0,0
,3a60e0b5,WD Parnell,male,South Africa,56,21,174,179,29,11,13,4,0,0,17.4,97.21,55,1094,59,1513,8.3,25.64,5,1
,74571ec4,Waqar Zalmai,male,Austria,41,24,174,139,23,10,11,12,0,0,12.43,125.18,41,753,42,998,7.95,23.76,5,1
,1ca51098,Hassan Rasheed,male,Maldives,15,15,173,201,34,0,9,6,0,0,11.53,86.07,0,0,0,0,0.0,,0,0
,2d9451cc,MK Thakur,male,Thailand,21,15,173,144,49,4,10,9,0,0,15.73,120.14,21,435,24,438,6.04,18.25,4,0
,21fe743b,STRA de Silva,male,Seychelles,13,12,173,200,51,2,13,1,1,0,17.3,86.5,7,78,2,127,9.77,63.5,1,0
,5fa06777,IK Pathan,male,India,22,13,172,144,33,6,9,7,0,0,24.57,119.44,22,438,27,589,8.07,21.81,3,0
,75224f22,KMA Paul,male,West Indies,21,14,172,150,29,6,10,10,0,0,21.5,114.67,21,420,21,646,9.23,30.76,5,1
,6b25ef46,W Wotu,male,Vanuatu,20,20,172,174,25,3,5,12,0,0,10.12,98.85,10,110,5,141,7.69,28.2,2,0
,b98cdbf0,AD Poynter,male,Ireland,9,9,171,134,57,2,17,7,1,0,24.43,127.61,0,0,0,0,0.0,,0,0
,67ae5a56,Aslam Mohammad,male,Greece,9,9,171,142,61,0,11,12,2,0,19.0,120.42,7,132,5,142,6.45,28.4,2,0
,c03449e0,GD Elliott,male,ICC World XI,17,15,171,157,27,4,13,2,0,0,15.55,108.92,15,192,14,235,7.34,16.79,4,0
,a4696d64,Jakob Gul,male,Bulgaria,22,18,171,142,30,1,7,12,0,0,10.06,120.42,19,432,27,539,7.49,19.96,4,0
,967ee086,Mohammed Al Balushi,male,Oman,5,5,171,140,81,0,19,10,1,0,34.2,122.14,2,12,0,31,15.5,,0,0
,57888f3c,Muhammad Yasin,male,Spain,11,11,171,152,34,0,16,6,0,0,15.55,112.5,0,0,0,0,0.0,,0,0
,7f3ad1ed,SR Thompson,male,Ireland,27,21,171,143,28,6,10,6,0,0,11.4,119.58,24,369,16,523,8.5,32.69,4,0
,40aea524,Abdul Wahid,male,Saudi Arabia,12,10,170,131,72,2,13,8,1,0,21.25,129.77,9,156,10,228,8.77,22.8,4,0
,87e33d07,F Nsubuga,male,Uganda,63,21,170,158,31,7,9,10,0,0,12.14,107.59,63,1290,65,999,4.65,15.37,3,0
,9538c7be,K Klesse,male,Germany,6,6,170,157,51,0,11,6,1,0,28.33,108.28,0,0,0,0,0.0,,0,0
,0474fd64,KB Patil,male,Mexico,15,15,170,194,37,0,11,4,0,0,11.33,87.63,1,12,0,9,4.5,,0,0
,5570c4c1,M Choamba,male,Malawi,28,22,170,240,28,4,9,3,0,0,9.44,70.83,23,308,17,265,5.16,15.59,4,0
,b6b3ee6e,F Achelam,male,Uganda,22,22,169,160,28,6,9,10,0,0,10.56,105.62,0,0,0,0,0.0,,0,0
,298d9b83,Shariq Munir,male,Qatar,12,9,169,116,41,1,15,8,0,0,21.12,145.69,8,120,4,189,9.45,47.25,1,0
,d0e2e8ea,H Niaz,male,France,10,10,168,117,53,0,17,8,1,0,16.8,143.59,0,0,0,0,0.0,,0,0
,ac6be7ed,J Alegra,male,Philippines,11,11,168,192,41,1,9,4,0,0,16.8,87.5,0,0,0,0,0.0,,0,0
,28e0f645,Saad Khan,male,Saudi Arabia,11,11,168,157,69,0,15,6,1,0,15.27,107.01,0,0,0,0,0.0,,0,0
,4612619b,AS Mehmi,male,Greece,14,13,167,168,39,0,17,5,0,0,12.85,99.4,12,176,6,221,7.53,36.83,1,0
,5c037734,Choudry Share Ali,male,Sweden,6,6,167,95,61,2,15,10,2,0,41.75,175.79,0,0,0,0,0.0,,0,0
,2bc636df,Jamshid Nasiri,male,France,12,12,167,146,65,2,12,7,1,0,16.7,114.38,12,162,13,144,5.33,11.08,2,0
,8cc37805,Kaushal Kumar,male,Mexico,10,10,167,170,61,2,20,4,1,0,20.88,98.24,0,0,0,0,0.0,,0,0
,5b616bf0,LA Burns,male,Spain,36,15,167,145,47,5,15,2,0,0,16.7,115.17,36,778,56,709,5.47,12.66,5,1
,7bb926a7,Tamoor Sajjad,male,Qatar,6,6,167,138,46,1,11,7,0,0,33.4,121.01,6,125,4,154,7.39,38.5,2,0
,ab6b1c45,AL Phehlukwayo,male,South Africa,41,25,166,150,27,7,16,5,0,0,9.22,110.67,39,748,50,1112,8.92,22.24,4,0
,c9c19700,Ali Rahmon,male,Nigeria,9,9,166,141,64,1,20,3,1,0,20.75,117.73,0,0,0,0,0.0,,0,0
,c1b74851,ED Silva,male,Kuwait,9,7,166,89,58,0,10,15,2,0,23.71,186.52,7,96,6,125,7.81,20.83,2,0
,97bdec3d,G Motie,male,West Indies,46,20,166,130,33,7,11,11,0,0,12.77,127.69,45,864,47,1150,7.99,24.47,4,0
,b8f10b60,HJ Jordaan,male,Thailand,8,8,166,208,37,1,10,4,0,0,23.71,79.81,0,0,0,0,0.0,,0,0
,ea42ddb9,ME Trescothick,male,England,3,3,166,130,72,0,23,1,2,0,55.33,127.69,0,0,0,0,0.0,,0,0
,d99cc23a,T van der Gugten,male,Netherlands,45,13,166,119,40,4,8,9,0,0,18.44,139.5,45,847,50,1075,7.62,21.5,3,0
,112959b2,A Bagai,male,Canada,4,4,165,154,67,1,14,0,1,0,55.0,107.14,0,0,0,0,0.0,,0,0
,4b167ede,AWJ Auguste,male,West Indies,9,9,165,125,50,1,11,11,1,0,20.62,132.0,0,0,0,0,0.0,,0,0
,c41ad06b,J Taanyanda,male,Namibia,3,3,165,111,74,1,13,8,2,0,82.5,148.65,0,0,0,0,0.0,,0,0
,4861d29b,Mohammad Naveed,male,United Arab Emirates,23,19,165,137,27,7,16,7,0,0,13.75,120.44,23,508,32,492,5.81,15.38,3,0
,75de770f,T Taibu,male,Zimbabwe,11,11,165,154,45,4,11,2,0,0,23.57,107.14,2,24,0,41,10.25,,0,0
,16dfcc19,Umar Gul,male,Pakistan,58,25,165,155,32,7,11,10,0,0,9.17,106.45,58,1155,83,1417,7.36,17.07,5,2
,db571b24,BS Stephenson,male,Belize,11,11,164,140,69,3,11,9,1,0,20.5,117.14,7,144,7,165,6.88,23.57,3,0
,e82543d5,M Vandrasi,male,Czech Republic,8,8,164,156,42,2,17,1,0,0,27.33,105.13,8,144,9,177,7.38,19.67,4,0
,35971419,Waqas Khan,male,Hong Kong,14,14,164,189,60,4,6,5,1,0,16.4,86.77,1,6,0,12,12.0,,0,0
,249d60c9,AU Rashid,male,England,141,40,163,182,22,18,13,1,0,0,7.41,89.56,141,3088,167,3886,7.55,23.27,4,0
,f4d1184a,Kulwinderjeet Singh,male,Philippines,10,10,163,116,46,1,18,9,0,0,18.11,140.52,1,5,2,6,7.2,3.0,2,0
,9815de17,DP Michael,male,Samoa,5,5,162,133,63,1,12,7,2,0,40.5,121.8,2,32,2,53,9.94,26.5,2,0
,092ccf20,JS Kundi,male,Kenya,19,19,162,170,31,4,10,6,0,0,10.8,95.29,9,78,4,94,7.23,23.5,3,0
,032c7eab,Khaibar Deldar,male,Hungary,13,12,162,138,49,0,17,7,0,0,13.5,117.39,5,72,3,118,9.83,39.33,1,0
,d5966b42,RM Magare,male,Czech Republic,13,13,162,144,45,1,19,2,0,0,13.5,112.5,10,156,5,213,8.19,42.6,1,0
,fb266d70,Sageer Ahmad,male,South Korea,6,6,162,146,56,0,20,6,1,0,27.0,110.96,5,102,3,99,5.82,33.0,2,0
,45828106,Zaid Ahmad,male,Sweden,16,14,162,156,43,3,9,6,0,0,14.73,103.85,15,257,15,332,7.75,22.13,4,0
,5a0dbdeb,A Dhabe,male,Sweden,25,16,161,173,32,9,8,6,0,0,23.0,93.06,25,576,32,620,6.46,19.38,4,0
,5c658441,Ayaz Dadabhai,male,Zambia,15,15,161,150,21,2,9,7,0,0,12.38,107.33,14,276,19,271,5.89,14.26,3,0
,b978780e,G Chohan,male,Philippines,25,18,161,175,22,4,13,3,0,0,11.5,92.0,20,252,13,383,9.12,29.46,3,0
,9c9f8dbc,H Davids,male,South Africa,9,9,161,134,68,0,18,4,2,0,17.89,120.15,2,12,1,13,6.5,13.0,1,0
,86d7a2d2,Mansoor Safi,male,Austria,9,9,161,80,80,0,12,13,1,0,17.89,201.25,0,0,0,0,0.0,,0,0
,82623a3a,Waqas Ahmad,male,Malta,15,12,161,100,53,4,10,12,1,0,20.12,161.0,15,345,23,413,7.18,17.96,5,1
,88626ed2,AA Jangoo,male,West Indies,6,6,160,126,74,2,16,8,1,0,40.0,126.98,0,0,0,0,0.0,,0,0
,43f4087c,NA Rock,male,Ireland,16,16,160,149,37,1,13,3,0,0,10.67,107.38,0,0,0,0,0.0,,0,0
,8f70fff7,S Conteh,male,Sierra Leone,32,22,160,239,34,5,12,1,0,0,9.41,66.95,31,592,36,590,5.98,16.39,5,1
,ab23a6a1,Syed Haider,male,United Arab Emirates,12,12,160,145,47,3,10,6,0,0,17.78,110.34,0,0,0,0,0.0,,0,0
,eb5aa5b9,Bilal Muhammad,male,Malta,22,13,159,83,35,4,7,12,0,0,17.67,191.57,22,504,28,568,6.76,20.29,4,0
,808f425a,JP Faulkner,male,Australia,24,18,159,136,41,7,7,5,0,0,14.45,116.91,24,515,36,684,7.97,19.0,5,1
,62e203d4,Junaid Siddique,male,Bangladesh,7,7,159,107,71,0,16,7,1,0,22.71,148.6,0,0,0,0,0.0,,0,0
,62318525,P Thongsa,male,Thailand,25,22,159,223,29,9,9,0,0,0,12.23,71.3,17,198,17,208,6.3,12.24,3,0
,55f33b32,JL Ontong,male,South Africa,10,10,158,108,48,0,6,11,0,0,15.8,146.3,4,36,1,83,13.83,83.0,1,0
,a7b67d5d,LI Salomone,male,Mozambique,16,15,158,158,79,1,22,4,1,0,11.29,100.0,6,108,7,141,7.83,20.14,2,0
,3d29b5fc,M Beitaki,male,Fiji,15,15,158,165,28,1,11,8,0,0,11.29,95.76,0,0,0,0,0.0,,0,0
,35f173a0,MP Breetzke,male,South Africa,13,13,158,134,51,1,14,6,1,0,13.17,117.91,0,0,0,0,0.0,,0,0
,126f1e28,R Nath,male,Turkey,11,11,158,176,38,1,12,6,0,0,15.8,89.77,0,0,0,0,0.0,,0,0
,56e771ef,Rizwan Mahmood,male,Denmark,11,11,158,131,45,2,10,6,0,0,17.56,120.61,0,0,0,0,0.0,,0,0
,1f3d7990,Saif-Ul Islam,male,Norway,5,5,158,124,91,1,16,2,1,0,39.5,127.42,0,0,0,0,0.0,,0,0
,99ad98b0,JM Vujinovich,male,Croatia,13,13,157,241,38,1,10,1,0,0,13.08,65.15,12,225,11,284,7.57,25.82,2,0
,44e00a4c,N Senamontree,male,Thailand,54,32,157,253,19,14,5,0,0,0,8.72,62.06,52,1138,75,1041,5.49,13.88,4,0
,7804d401,R Davson,male,Bahamas,13,13,157,204,40,1,15,3,0,0,13.08,76.96,0,0,0,0,0.0,,0,0
,2278c4ca,R Sharma,male,Singapore,9,8,157,104,39,5,11,9,0,0,52.33,150.96,2,30,0,58,11.6,,0,0
,7b0ea09e,Raja Shoaib,male,South Korea,9,9,157,175,40,3,15,2,0,0,26.17,89.71,0,0,0,0,0.0,,0,0
,3346b14f,S Koppolu,male,Slovenia,14,13,157,147,34,2,15,4,0,0,14.27,106.8,10,165,6,270,9.82,45.0,2,0
,d07dbc28,Zawar Farid,male,United Arab Emirates,13,13,157,121,55,2,11,8,1,0,14.27,129.75,7,108,3,151,8.39,50.33,1,0
,2bfec670,H Kaushik,male,United Arab Emirates,13,13,156,120,44,4,4,12,0,0,17.33,130.0,7,102,2,122,7.18,61.0,1,0
,10ae134c,Jai Sinh,male,Switzerland,14,13,156,138,55,2,9,10,1,0,14.18,113.04,6,108,11,144,8.0,13.09,5,1
,41a61623,S Kharvi,male,Indonesia,19,17,156,175,31,1,9,8,0,0,9.75,89.14,6,36,4,61,10.17,15.25,2,0
,5f5ca1a7,Tanwir Afzal,male,Hong Kong,16,13,156,130,56,1,6,11,1,0,13.0,120.0,16,318,16,364,6.87,22.75,2,0
,e8550df5,Zahidullah Kamal,male,Finland,12,12,156,175,44,1,10,2,0,0,14.18,89.14,1,6,0,11,11.0,,0,0
,3758028b,JD Allan,male,Vanuatu,16,16,155,176,36,1,13,2,0,0,10.33,88.07,0,0,0,0,0.0,,0,0
,ded9240e,PJ Cummins,male,Australia,55,21,155,121,28,9,11,7,0,0,12.92,128.1,55,1206,63,1506,7.49,23.9,3,0
,b24e0ffd,SB Patel,male,Malta,13,13,155,132,31,0,12,9,0,0,11.92,117.42,0,0,0,0,0.0,,0,0
,9d430b40,SP Narine,male,West Indies,47,20,155,137,30,6,13,5,0,0,11.07,113.14,46,1036,48,1043,6.04,21.73,4,0
,d0d32c30,Amandeep Singh,male,Portugal,16,13,154,123,25,3,14,4,0,0,15.4,125.2,12,198,9,240,7.27,26.67,3,0
,b3118300,Wahab Riaz,male,Pakistan,35,14,154,123,30,3,10,7,0,0,14.0,125.2,35,710,34,971,8.21,28.56,3,0
,c7acf05f,A Kainessie,male,Sierra Leone,11,11,153,159,40,0,16,2,0,0,13.91,96.23,0,0,0,0,0.0,,0,0
,951686f5,Dawood Ahmadzai,male,France,50,24,153,176,29,10,14,1,0,0,10.93,86.93,50,1079,59,1176,6.54,19.93,6,1
,42151725,GK Berg,male,Italy,18,12,153,123,39,4,11,6,0,0,19.12,124.39,15,294,19,319,6.51,16.79,4,0
,f0f20cf8,Ibrahim Kursad Dalyan,male,Turkey,12,12,152,158,44,3,18,3,0,0,16.89,96.2,12,174,5,244,8.41,48.8,1,0
,b03db6fa,MJG Rippon,male,Netherlands,14,7,152,136,42,2,11,3,0,0,30.4,111.76,13,250,15,285,6.84,19.0,3,0
,4c49c917,Naeem Gull,male,Swaziland,10,10,152,175,63,1,21,2,1,0,16.89,86.86,0,0,0,0,0.0,,0,0
,c96f6ac5,PWA Mulder,male,South Africa,15,12,152,145,36,2,11,6,0,0,15.2,104.83,14,174,13,272,9.38,20.92,2,0
,2fdd16fe,RG Aga,male,Kenya,12,11,152,132,52,1,14,2,1,0,15.2,115.15,11,148,11,136,5.51,12.36,3,0
,4040951f,S Crowie,male,St Helena,8,8,152,192,54,3,15,1,1,0,30.4,79.17,6,105,7,96,5.49,13.71,2,0
,cdf59953,SW Poynter,male,Ireland,15,15,152,141,39,3,12,4,0,0,12.67,107.8,0,0,0,0,0.0,,0,0
,cc796077,Ghulam Abbas Butt,male,Finland,13,13,151,127,44,0,18,5,0,0,11.62,118.9,7,108,3,111,6.17,37.0,2,0
,0605de92,HD Rutherford,male,New Zealand,7,7,151,105,62,0,12,9,1,0,21.57,143.81,0,0,0,0,0.0,,0,0
,bed90114,JA Clarkson,male,New Zealand,11,9,151,114,38,3,10,7,0,0,25.17,132.46,4,48,6,59,7.38,9.83,3,0
,ad2efd29,Khin Aye,male,Myanmar,28,27,151,320,24,6,7,3,0,0,7.19,47.19,14,168,7,255,9.11,36.43,2,0
,00d69fa4,SO Tikolo,male,Kenya,8,8,151,126,50,1,18,3,1,0,21.57,119.84,5,86,10,91,6.35,9.1,4,0
,5eb51b97,V Sukumaran,male,United Arab Emirates,9,8,151,124,50,0,15,7,1,0,18.88,121.77,2,12,1,29,14.5,29.0,1,0
,06b387f1,Waseem Yaqoob,male,Lesotho,13,12,151,200,31,0,13,4,0,0,12.58,75.5,13,240,22,318,7.95,14.45,6,1
,6727fb4d,A Otwani,male,Uganda,12,12,150,149,44,0,19,2,0,0,12.5,100.67,0,0,0,0,0.0,,0,0
,d376bbaa,Adnan Ilyas,male,Oman,8,8,150,145,49,0,11,3,0,0,18.75,103.45,0,0,0,0,0.0,,0,0
,ced0ec25,Ghulam Shabber,male,United Arab Emirates,10,10,150,129,58,3,17,3,1,0,21.43,116.28,0,0,0,0,0.0,,0,0
,56ab442f,NM Coulter-Nile,male,Australia,28,15,150,120,34,4,10,10,0,0,13.64,125.0,27,582,34,801,8.26,23.56,4,0
,753b5a2d,NN Odhiambo,male,Kenya,29,18,150,151,37,4,19,2,0,0,10.71,99.34,26,414,21,594,8.61,28.29,3,0
,b5dcec37,TKP Rajapaksha,male,Seychelles,13,13,150,200,49,0,17,1,0,0,11.54,75.0,6,96,3,137,8.56,45.67,1,0
,68832922,Taher Muhammad,male,Slovenia,16,16,150,202,28,0,10,3,0,0,9.38,74.26,11,148,4,255,10.34,63.75,2,0
,2472ad2c,Aamir Lal,male,South Korea,9,9,149,127,48,2,7,9,0,0,21.29,117.32,9,192,14,205,6.41,14.64,4,0
,a9ee404e,Bakhtiar Tahiri,male,Bulgaria,8,6,149,141,49,1,13,6,0,0,29.8,105.67,6,78,3,129,9.92,43.0,2,0
,c556b9d2,G Sesay,male,Sierra Leone,34,23,149,221,26,6,6,6,0,0,8.76,67.42,33,585,44,558,5.72,12.68,4,0
,1a628a92,Mohammad Kamran,male,Spain,24,13,149,133,52,3,14,4,1,0,14.9,112.03,23,517,35,452,5.25,12.91,6,2
,6084f6ee,Muhammed Manga,male,Gambia,8,8,149,187,59,1,8,4,1,0,21.29,79.68,1,8,0,19,14.25,,0,0
,25bc2d36,N Pathan,male,Thailand,8,8,149,128,54,1,10,7,1,0,21.29,116.41,5,46,3,79,10.3,26.33,1,0
,f915844b,Tarun Sharma,male,Slovenia,14,14,149,154,43,0,11,6,0,0,10.64,96.75,0,0,0,0,0.0,,0,0
,dc36a6a5,AN Kervezee,male,Netherlands,6,6,148,147,56,0,10,1,1,0,24.67,100.68,0,0,0,0,0.0,,0,0
,14e1fdab,Amar Sharma,male,Malta,31,14,148,175,22,3,6,2,0,0,13.45,84.57,31,603,24,852,8.48,35.5,3,0
,e61cee7b,H Venkataram,male,Singapore,16,13,148,128,27,10,12,5,0,0,49.33,115.62,15,307,21,375,7.33,17.86,5,1
,fd34bcb0,M Machado,male,Portugal,11,11,148,124,54,2,13,5,2,0,16.44,119.35,0,0,0,0,0.0,,0,0
,a9d788e3,Mohameed Taiwo,male,Nigeria,47,30,148,198,26,12,9,3,0,0,8.22,74.75,45,766,36,840,6.58,23.33,4,0
,8f8d30be,S Ashwathnarayana,male,Hungary,7,7,148,103,52,3,9,9,1,0,37.0,143.69,0,0,0,0,0.0,,0,0
,b3540b2a,C Pengkumta,male,Thailand,31,21,147,207,31,4,8,5,0,0,8.65,71.01,28,438,25,514,7.04,20.56,3,0
,4c5d73db,CR Woakes,male,England,32,16,147,117,37,8,9,7,0,0,18.38,125.64,32,587,30,798,8.16,26.6,3,0
,bd9fbd51,Fayyaz Butt,male,Oman,43,19,147,142,25,8,11,4,0,0,13.36,103.52,43,814,47,1069,7.88,22.74,3,0
,1ac2a995,HR Walsh,male,United States of America,32,15,147,147,28,6,9,5,0,0,16.33,100.0,31,599,29,790,7.91,27.24,3,0
,2911de16,Hasan Ali,male,Pakistan,55,20,147,83,23,9,7,12,0,0,13.36,177.11,55,1131,71,1640,8.7,23.1,5,1
,90eac542,J Chialoufas,male,Cyprus,10,10,147,142,37,1,11,4,0,0,16.33,103.52,2,24,1,28,7.0,28.0,1,0
,cc6b0cda,Kalhan Challu,male,Hong Kong,8,8,147,107,45,3,10,3,0,0,29.4,137.38,0,0,0,0,0.0,,0,0
,41eb66fd,Muhammad Younis,male,Bahrain,11,11,147,139,33,0,15,5,0,0,13.36,105.76,1,6,0,13,13.0,,0,0
,72c38d77,Rasheed Ali Mamadkhel,male,Slovenia,11,11,147,119,37,0,10,8,0,0,13.36,123.53,0,0,0,0,0.0,,0,0
,edc950ce,Sajid Khan Afridi,male,Greece,8,8,147,97,38,0,13,8,0,0,18.38,151.55,7,90,2,145,9.67,72.5,1,0
,04539335,D Wheatley,male,Bahamas,21,21,146,179,30,5,10,4,0,0,9.12,81.56,1,12,0,34,17.0,,0,0
,3cc58287,O Bascome,male,Bermuda,11,11,146,142,37,0,11,8,0,0,13.27,102.82,0,0,0,0,0.0,,0,0
,fccc2d5a,Usman Arif,male,Norway,10,10,146,80,44,0,6,15,0,0,14.6,182.5,5,66,5,94,8.55,18.8,2,0
,d99de998,ZB Lion-Cachet,male,Netherlands,14,12,146,137,50,0,9,4,1,0,12.17,106.57,11,176,8,206,7.02,25.75,2,0
,b1b99a1a,Sajid Liaqat,male,Germany,23,13,145,98,30,5,5,12,0,0,18.12,147.96,23,432,27,661,9.18,24.48,3,0
,4d0d5b7d,I Elec,male,Turkey,15,15,144,194,52,1,9,7,2,0,10.29,74.23,8,126,7,147,7.0,21.0,4,0
,4fafd79a,TK Joseph,male,Ghana,23,23,144,160,22,3,7,5,0,0,7.2,90.0,0,0,0,0,0.0,,0,0
,d7265622,G Manan,male,Romania,12,12,143,88,40,0,15,10,0,0,11.92,162.5,0,0,0,0,0.0,,0,0
,b970a03f,M Klinger,male,Australia,3,3,143,111,62,0,12,2,1,0,47.67,128.83,0,0,0,0,0.0,,0,0
,6969d364,Maidul Islam,male,Estonia,8,8,143,149,49,0,13,4,0,0,17.88,95.97,0,0,0,0,0.0,,0,0
,c85bea6b,Yogev Nagavkar,male,Israel,9,9,143,183,39,1,15,0,0,0,17.88,78.14,0,0,0,0,0.0,,0,0
,524943f1,A Davidson Soler,male,Spain,10,10,142,118,51,5,11,1,1,0,28.4,120.34,0,0,0,0,0.0,,0,0
,d2d15439,Aayan Afzal Khan,male,United Arab Emirates,28,14,142,157,42,4,9,2,0,0,14.2,90.45,28,608,34,583,5.75,17.15,3,0
,fd94c29f,L Bonner,male,Belize,10,10,142,117,70,1,12,6,1,0,15.78,121.37,10,221,18,187,5.08,10.39,5,1
,a6631b55,Salvin Stanly,male,Cambodia,18,17,142,156,23,2,13,3,0,0,9.47,91.03,5,66,2,102,9.27,51.0,1,0
,587e65cc,Shahid Arshad,male,Slovenia,15,15,142,186,24,0,12,3,0,0,9.47,76.34,1,6,0,17,17.0,,0,0
,3029e282,Umar Amin,male,Pakistan,9,9,142,122,47,0,15,4,0,0,15.78,116.39,0,0,0,0,0.0,,0,0
,a2ec22d2,A Mutreja,male,Singapore,8,8,141,103,77,0,9,8,1,0,17.62,136.89,0,0,0,0,0.0,,0,0
,e112732d,L Denny,male,Cook Islands,16,11,141,143,45,1,10,1,0,0,14.1,98.6,13,275,16,339,7.4,21.19,3,0
,3a026eb4,Rizwan Cheema,male,Canada,16,16,141,126,32,1,11,9,0,0,9.4,111.9,8,144,5,181,7.54,36.2,1,0
,4e1c9f6e,Sandeep Goud,male,Oman,19,18,141,141,31,6,4,7,0,0,11.75,100.0,8,84,4,112,8.0,28.0,2,0
,6c7a68d0,Shubham Ranjane,male,United States of America,4,4,141,78,51,2,9,8,1,0,70.5,180.77,3,24,1,26,6.5,26.0,1,0
,39799e49,T Wangchuk,male,Bhutan,33,28,141,195,18,4,8,3,0,0,5.88,72.31,33,581,29,720,7.44,24.83,4,0
,ecdfdd3c,C Bogdanos,male,Greece,8,8,140,178,39,1,8,0,0,0,20.0,78.65,0,0,0,0,0.0,,0,0
,626af7ff,C Hinze,male,Japan,37,18,140,134,23,6,11,2,0,0,11.67,104.48,37,717,45,593,4.96,13.18,5,1
,a2621507,GS Bajwa,male,Spain,7,7,140,111,38,1,10,8,0,0,23.33,126.13,0,0,0,0,0.0,,0,0
,864c199e,AC Voges,male,Australia,6,5,139,114,51,2,8,2,1,0,46.33,121.93,1,12,2,5,2.5,2.5,2,0
,d465c6d7,C Wright,male,Cayman Islands,37,23,139,176,21,7,5,3,0,0,8.69,78.98,36,635,37,723,6.83,19.54,4,0
,01679383,DB Loic,male,Cameroon,20,19,139,144,39,3,11,1,0,0,8.69,96.53,19,317,18,332,6.28,18.44,3,0
,62b2aa65,M Dale-Bradley,male,Guernsey,23,14,139,123,26,3,12,3,0,0,12.64,113.01,23,490,30,538,6.59,17.93,4,0
,dae28050,Sahel Zadran,male,Austria,37,19,139,107,22,5,13,6,0,0,9.93,129.91,37,722,36,862,7.16,23.94,5,1
,13bf1d91,Sulaiman Ali,male,Bulgaria,13,11,139,131,33,1,12,4,0,0,13.9,106.11,9,112,6,181,9.7,30.17,2,0
,ac7fa28f,IJL Trott,male,England,7,7,138,143,51,1,9,3,1,0,23.0,96.5,0,0,0,0,0.0,,0,0
,f06b5585,P Manning,male,Cayman Islands,13,13,138,202,31,2,10,1,0,0,12.55,68.32,9,102,5,130,7.65,26.0,2,0
,6d27e42d,Wahidullah Usmani,male,Belgium,6,6,138,137,72,0,14,2,1,0,23.0,100.73,0,0,0,0,0.0,,0,0
,1f41b702,Anique Uddin,male,Denmark,13,12,137,171,31,0,8,1,0,0,11.42,80.12,7,78,5,97,7.46,19.4,2,0
,218c7eab,Basir Ahamad,male,Nepal,5,4,137,100,80,1,11,4,1,0,45.67,137.0,1,24,2,30,7.5,15.0,2,0
,736123bb,DN Wellalage,male,Sri Lanka,16,11,137,120,43,4,15,3,0,0,19.57,114.17,16,357,19,431,7.24,22.68,3,0
,7fb32e5b,KD Mills,male,New Zealand,42,19,137,122,33,7,11,5,0,0,11.42,112.3,42,897,43,1228,8.21,28.56,3,0
,83d17bbc,MW Forde,male,West Indies,23,14,137,93,29,5,11,9,0,0,15.22,147.31,23,448,22,621,8.32,28.23,3,0
,2d5c6e88,Yusuf Ebrahim,male,Panama,15,15,137,196,23,0,8,0,0,0,9.13,69.9,13,129,6,195,9.07,32.5,3,0
,803dbf1d,A Dutt,male,Netherlands,30,17,136,128,30,7,9,4,0,0,13.6,106.25,30,584,30,675,6.93,22.5,3,0
,05ea0342,J Dzulfikar,male,Indonesia,18,16,136,170,25,3,14,2,0,0,10.46,80.0,7,101,6,68,4.04,11.33,3,0
,a06c81fd,M Bhaiji,male,Hungary,8,8,136,104,81,0,9,8,1,0,17.0,130.77,0,0,0,0,0.0,,0,0
,79e23cc5,ML Kostic,male,Serbia,13,13,136,142,32,2,13,4,0,0,12.36,95.77,5,71,3,151,12.76,50.33,1,0
,4557dc54,PA van Meekeren,male,Netherlands,72,23,136,120,24,6,9,6,0,0,8.0,113.33,72,1476,84,1758,7.15,20.93,4,0
,a12e1d51,SL Malinga,male,Sri Lanka,83,31,136,161,27,10,9,5,0,0,6.48,84.47,83,1800,107,2225,7.42,20.79,5,2
,472455a3,T Whiteman,male,Luxembourg,7,7,136,115,37,2,14,4,0,0,27.2,118.26,0,0,0,0,0.0,,0,0
,52980a48,TN de Grooth,male,Netherlands,9,9,136,128,49,2,14,1,0,0,19.43,106.25,0,0,0,0,0.0,,0,0
,990f1424,YP Dayal,male,Suriname,14,13,136,158,37,3,4,3,0,0,13.6,86.08,13,246,9,283,6.9,31.44,4,0
,2cec2a92,Abbas Afridi,male,Pakistan,24,15,135,118,22,4,10,10,0,0,12.27,114.41,23,417,38,590,8.49,15.53,3,0
,8b7ce771,D Jakiel,male,Zimbabwe,35,20,135,192,38,7,7,1,0,0,10.38,70.31,35,659,49,797,7.26,16.27,5,1
,03adc956,DB Lakhani,male,Sweden,10,10,135,123,51,1,12,6,1,0,15.0,109.76,5,41,5,55,8.05,11.0,3,0
,eb0f2802,M Koli,male,Romania,45,16,135,120,33,7,10,2,0,0,15.0,112.5,45,977,61,1214,7.46,19.9,5,2
,01c05b6c,RJ Hatchman,male,Gibraltar,18,13,135,94,32,1,9,8,0,0,11.25,143.62,15,204,5,415,12.21,83.0,1,0
,b18dbaff,A Prashar,male,Hungary,12,10,134,80,35,2,8,9,0,0,16.75,167.5,11,192,12,196,6.12,16.33,2,0
,e957b38f,AR McBrine,male,Ireland,22,14,134,108,36,5,10,4,0,0,14.89,124.07,19,330,19,380,6.91,20.0,2,0
,38189be1,OD Hald,male,Denmark,22,14,134,113,28,3,9,5,0,0,12.18,118.58,21,333,21,389,7.01,18.52,3,0
,a3b9191a,PD Hennessy,male,Spain,8,8,134,141,52,1,6,4,1,0,19.14,95.04,3,42,3,44,6.29,14.67,2,0
,d3a1c63d,T de Zorzi,male,South Africa,10,10,134,131,33,0,16,3,0,0,13.4,102.29,0,0,0,0,0.0,,0,0
,fb66ce1f,CH Morris,male,South Africa,22,13,133,102,55,4,12,5,1,0,14.78,130.39,22,474,30,670,8.48,22.33,3,0
,ff92e604,G Schachat,male,Israel,8,8,133,132,66,3,10,3,1,0,26.6,100.76,0,0,0,0,0.0,,0,0
,c149b9ca,NJ Ferraby,male,Jersey,13,13,133,133,41,0,19,0,0,0,10.23,100.0,0,0,0,0,0.0,,0,0
,8e9d3dc4,PF Gallagher,male,Finland,16,16,133,104,34,2,12,8,0,0,9.5,127.88,16,377,22,381,6.06,17.32,3,0
,c443b748,Rahel Khan,male,Sweden,6,6,133,100,37,0,12,8,0,0,22.17,133.0,2,24,1,30,7.5,30.0,1,0
,acf06e10,SB Wagh,male,Mexico,7,7,133,161,51,0,10,1,1,0,19.0,82.61,0,0,0,0,0.0,,0,0
,a24be938,VR Iyer,male,India,8,7,133,82,35,3,15,5,0,0,33.25,162.2,4,55,5,75,8.18,15.0,2,0
,80fe6790,AR Bisht,male,Oman,7,6,132,136,34,0,6,3,0,0,22.0,97.06,2,18,0,25,8.33,,0,0
,dc1dd6c4,Ijaz Hussain,male,Romania,28,19,132,147,24,5,13,1,0,0,9.43,89.8,27,473,36,585,7.42,16.25,4,0
,a69e2964,OJ Webster,male,Isle of Man,6,6,132,95,48,0,14,5,0,0,22.0,138.95,5,114,7,130,6.84,18.57,3,0
,f6e160d7,Shaof Hassan,male,Maldives,10,10,132,100,36,2,10,7,0,0,16.5,132.0,0,0,0,0,0.0,,0,0
,73b1db79,Abdul Hashim,male,Denmark,15,15,131,154,30,4,10,2,0,0,11.91,85.06,0,0,0,0,0.0,,0,0
,800d2d97,JM Sharma,male,India,9,9,131,85,35,2,11,7,0,0,18.71,154.12,0,0,0,0,0.0,,0,0
,91cd337c,R Panchal,male,Spain,14,13,131,178,24,5,3,4,0,0,16.38,73.6,7,108,2,104,5.78,52.0,1,0
,a1cbdeeb,Rohit Sharma,male,Indonesia,3,3,131,71,74,0,14,7,2,0,43.67,184.51,0,0,0,0,0.0,,0,0
,1c40f69f,S Tosic,male,Serbia,20,15,131,235,40,3,8,0,0,0,10.92,55.74,12,144,8,259,10.79,32.38,2,0
,5493ad5c,Tanzeel Sheikh,male,Kenya,11,10,131,84,48,1,11,8,0,0,14.56,155.95,2,24,0,19,4.75,,0,0
,a14b5f3c,Aslan Jafri,male,Singapore,12,12,130,118,27,0,11,3,0,0,10.83,110.17,8,144,9,210,8.75,23.33,3,0
,c834c290,JL Smith,male,England,5,5,130,66,60,0,9,10,1,0,26.0,196.97,0,0,0,0,0.0,,0,0
,02e83ac5,Naeem Islam,male,Bangladesh,10,10,130,114,28,1,8,7,0,0,14.44,114.04,6,90,3,122,8.13,40.67,2,0
,927b34c9,S Pillai,male,Costa Rica,11,10,130,186,43,0,15,2,0,0,13.0,69.89,11,227,6,234,6.19,39.0,3,0
,3eb2a27b,V Hirlal,male,Suriname,13,13,130,194,26,1,11,2,0,0,10.83,67.01,0,0,0,0,0.0,,0,0
,2c89dbf9,Zeeshan Ali,male,Estonia,10,10,130,132,27,2,6,5,0,0,16.25,98.48,10,174,14,219,7.55,15.64,3,0
,b0946605,AS Joseph,male,West Indies,43,19,129,125,21,11,9,5,0,0,16.12,103.2,43,972,61,1495,9.23,24.51,5,1
,9a2fc964,BC Fortuin,male,South Africa,32,18,129,113,32,6,14,2,0,0,10.75,114.16,32,592,33,768,7.78,23.27,4,0
,5574750c,JC Archer,male,England,49,20,129,86,21,9,10,7,0,0,11.73,150.0,49,1084,64,1507,8.34,23.55,4,0
,f190c775,K Tathgur,male,Canada,10,10,129,113,53,2,5,8,1,0,16.12,114.16,0,0,0,0,0.0,,0,0
,37312a74,Mudassar Bukhari,male,Netherlands,26,18,129,124,28,5,8,3,0,0,9.92,104.03,25,495,30,554,6.72,18.47,4,0
,43d365ca,Tashi Phuntsho,male,Bhutan,18,14,129,191,24,4,4,1,0,0,12.9,67.54,14,252,19,218,5.19,11.47,3,0
,745c3cbc,Adnan Mirza,male,Qatar,11,9,128,99,30,0,22,2,0,0,14.22,129.29,11,180,7,242,8.07,34.57,3,0
,9d1f42c6,Ashfaq Ahmed,male,United Arab Emirates,10,10,128,109,75,0,16,4,1,0,12.8,117.43,2,36,2,34,5.67,17.0,1,0
,1d048deb,BOP Fernando,male,Sri Lanka,6,6,128,114,78,1,11,4,1,0,25.6,112.28,0,0,0,0,0.0,,0,0
,69e53eb3,F Stoman,male,Portugal,23,14,128,169,28,3,5,4,0,0,11.64,75.74,17,354,19,386,6.54,20.32,3,0
,3204c99f,G Coetzee,male,South Africa,18,14,128,93,23,2,10,7,0,0,10.67,137.63,18,370,22,570,9.24,25.91,3,0
,788d661c,J Trembeath-Moro,male,Spain,6,6,128,147,39,1,10,3,0,0,25.6,87.07,0,0,0,0,0.0,,0,0
,1cad1601,K Sathish,male,Singapore,8,8,128,131,26,0,13,2,0,0,16.0,97.71,4,60,4,74,7.4,18.5,2,0
,54403333,N Salekar,male,Thailand,12,12,128,154,33,1,6,1,0,0,11.64,83.12,12,228,10,267,7.03,26.7,2,0
,0abf3da7,A Kadowaki Fleming,male,Japan,3,3,127,78,65,1,10,2,1,0,63.5,162.82,0,0,0,0,0.0,,0,0
,a21ea40c,CK Coventry,male,Zimbabwe,12,12,127,90,30,2,14,6,0,0,12.7,141.11,0,0,0,0,0.0,,0,0
,1200550f,MJ Prior,male,England,8,8,127,100,32,2,11,5,0,0,21.17,127.0,0,0,0,0,0.0,,0,0
,77191792,Mohammad Mithun,male,Bangladesh,13,13,127,136,47,1,10,4,0,0,10.58,93.38,0,0,0,0,0.0,,0,0
,638f451b,N Zimonjic,male,Serbia,23,19,127,129,19,1,9,6,0,0,7.06,98.45,16,163,10,332,12.22,33.2,3,0
,3317dc7a,P Jayeshbhai Patel,male,Panama,11,11,127,169,51,0,16,2,1,0,11.55,75.15,3,54,0,54,6.0,,0,0
,10a2a1ff,PG Fulton,male,New Zealand,12,12,127,140,25,1,7,6,0,0,11.55,90.71,0,0,0,0,0.0,,0,0
,9f9b903e,TK Musakanda,male,Zimbabwe,9,9,127,107,43,0,10,2,0,0,14.11,118.69,0,0,0,0,0.0,,0,0
,48f177f5,AJ Redmond,male,New Zealand,7,6,126,84,63,0,19,2,1,0,21.0,150.0,1,17,2,24,8.47,12.0,2,0
,2e9fdf9b,DAJ Bracewell,male,New Zealand,18,11,126,89,44,5,6,9,0,0,21.0,141.57,18,310,20,470,9.1,23.5,3,0
,f681fa6e,DVD Madampage,male,South Korea,14,14,126,151,22,1,9,5,0,0,9.69,83.44,13,234,10,310,7.95,31.0,2,0
,c7bb2416,GG Alta,male,Turkey,12,12,126,144,28,0,7,6,0,0,10.5,87.5,11,203,10,335,9.9,33.5,3,0
,22bdbba3,M Bhatia,male,Singapore,9,9,126,87,57,0,9,9,1,0,14.0,144.83,3,30,2,27,5.4,13.5,2,0
,77e321db,Aditya Panwar,male,Estonia,9,7,125,103,62,2,7,5,1,0,25.0,121.36,6,83,6,122,8.82,20.33,3,0
,391a825b,C Sudarsanan,male,Malta,17,17,125,170,23,5,9,1,0,0,10.42,73.53,1,12,0,25,12.5,,0,0
,324e00a9,Danyal Raja,male,Bulgaria,25,18,125,157,19,4,11,1,0,0,8.93,79.62,24,434,20,626,8.65,31.3,3,0
,b7873c81,E Duff,male,Bahamas,14,14,125,203,31,0,12,0,0,0,8.93,61.58,0,0,0,0,0.0,,0,0
,bdadf7da,JL Denly,male,England,13,12,125,118,30,2,15,1,0,0,12.5,105.93,6,72,7,93,7.75,13.29,4,0
,c471750e,LC Le Tissier,male,Guernsey,12,11,125,98,37,2,16,3,0,0,13.89,127.55,7,144,10,141,5.88,14.1,3,0
,da1f80f8,LJ Barker,male,Guernsey,14,14,125,130,22,1,17,0,0,0,9.62,96.15,0,0,0,0,0.0,,0,0
,1c1bb0d5,MB Tambe,male,Finland,32,24,125,171,20,8,6,2,0,0,7.81,73.1,32,572,32,699,7.33,21.84,5,1
,4025c262,PJ van Biljon,male,South Africa,8,8,125,100,42,2,10,4,0,0,20.83,125.0,0,0,0,0,0.0,,0,0
,b704da31,Waqar Ul Hassan,male,Saudi Arabia,5,5,125,104,44,1,9,5,0,0,31.25,120.19,1,6,0,10,10.0,,0,0
,3967b66f,CJ Langford,male,Isle of Man,20,13,124,112,24,5,10,3,0,0,15.5,110.71,20,378,21,409,6.49,19.48,3,0
,fa180043,Dipanjan Dey,male,Sweden,5,5,124,92,75,2,8,3,1,0,41.33,134.78,0,0,0,0,0.0,,0,0
,91cd48e0,JF Smith,male,South Africa,10,10,124,103,31,4,13,2,0,0,20.67,120.39,0,0,0,0,0.0,,0,0
,4e56e796,JOP Scamans,male,Finland,13,13,124,126,28,2,8,1,0,0,11.27,98.41,0,0,0,0,0.0,,0,0
,39fd9295,K Piet,male,Botswana,35,25,124,163,22,9,6,1,0,0,7.75,76.07,34,616,36,664,6.47,18.44,4,0
,14af45c4,KDA Lukies,male,Philippines,29,14,124,121,43,6,8,4,0,0,15.5,102.48,29,640,41,577,5.41,14.07,5,1
,5b8c830e,KH Pandya,male,India,19,10,124,95,26,5,8,6,0,0,24.8,130.53,19,410,15,554,8.11,36.93,4,0
,81416a78,Muhammad Farooq,male,Eswatini,4,4,124,84,47,0,15,8,0,0,31.0,147.62,4,90,4,72,4.8,18.0,2,0
,906b7d48,Muhammad Moiz,male,Romania,17,14,124,96,25,0,11,7,0,0,8.86,129.17,16,290,22,401,8.3,18.23,3,0
,b6924e3f,RJ Ainsworth,male,Hungary,10,10,124,132,51,5,10,3,1,0,24.8,93.94,4,42,2,95,13.57,47.5,1,0
,26ff4c29,RJ Peterson,male,South Africa,19,12,124,112,34,4,13,2,0,0,15.5,110.71,19,359,24,451,7.54,18.79,3,0
,3df3f50b,Waheed Ahmed,male,United Arab Emirates,13,12,124,105,45,6,6,9,0,0,20.67,118.1,12,186,7,218,7.03,31.14,3,0
,6de4e430,Washeem Abbas,male,Malta,49,28,124,103,28,11,8,8,0,0,7.29,120.39,49,1035,65,1400,8.12,21.54,5,1
,3edb58fc,AD Mascarenhas,male,England,14,12,123,100,31,4,8,5,0,0,15.38,123.0,14,252,12,309,7.36,25.75,3,0
,aeab0d4f,D Klein,male,Germany,23,17,123,99,31,5,10,5,0,0,10.25,124.24,23,528,28,536,6.09,19.14,3,0
,9061a703,J Little,male,Ireland,60,23,123,141,22,14,10,3,0,0,13.67,87.23,59,1322,66,1643,7.46,24.89,4,0
,a1cc467d,MJ Scotland,male,Bermuda,7,7,123,118,57,3,9,2,1,0,30.75,104.24,0,0,0,0,0.0,,0,0
,1294ee6d,Muhammad Arfan,male,United Arab Emirates,12,9,123,116,32,3,9,3,0,0,20.5,106.03,12,238,13,257,6.48,19.77,2,0
,2a20a333,Subham Patel,male,Kenya,7,7,123,107,24,1,13,5,0,0,20.5,114.95,0,0,0,0,0.0,,0,0
,90624d37,AJ Jabiri,male,Tanzania,15,15,122,211,27,0,11,1,0,0,8.13,57.82,0,0,0,0,0.0,,0,0
,2b203501,Akhil Arjunan,male,Finland,17,11,122,140,24,2,7,1,0,0,13.56,87.14,16,311,12,382,7.37,31.83,4,0
,dbfb8218,DT Tiripano,male,Zimbabwe,16,9,122,128,28,1,6,5,0,0,15.25,95.31,16,291,12,382,7.88,31.83,3,0
,99d63244,KM Jadhav,male,India,6,6,122,99,58,0,12,3,1,0,20.33,123.23,0,0,0,0,0.0,,0,0
,70ced7f2,Mohammad Aadil Alam,male,Nepal,11,11,122,93,31,1,8,7,0,0,12.2,131.18,9,132,9,151,6.86,16.78,4,0
,762f43b7,ROC Dunka,male,Cayman Islands,24,15,122,130,35,2,5,4,0,0,9.38,93.85,24,432,21,580,8.06,27.62,3,0
,5597338d,S Ravikumar,male,Costa Rica,12,11,122,186,52,0,6,2,1,0,11.09,65.59,10,150,8,172,6.88,21.5,3,0
,67ec2b09,Umair Tariq,male,Austria,43,17,122,117,32,6,11,2,0,0,11.09,104.27,42,637,54,910,8.57,16.85,5,1
,ad85a036,Vineet Shah,male,Indonesia,9,9,122,140,39,2,10,1,0,0,17.43,87.14,0,0,0,0,0.0,,0,0
,5249f9c4,AE Isesele,male,Nigeria,17,16,121,131,44,3,8,4,0,0,9.31,92.37,5,41,4,63,9.22,15.75,1,0
,55f0e741,C Greenshields,male,Portugal,6,6,121,112,67,3,11,3,1,0,40.33,108.04,3,48,3,58,7.25,19.33,3,0
,6ebf4d4e,Farzan Afzal,male,Spain,4,4,121,115,59,1,8,6,1,0,40.33,105.22,3,72,2,46,3.83,23.0,2,0
,b85c0597,H Khogiyani,male,Austria,15,10,121,78,41,3,9,9,0,0,17.29,155.13,15,285,9,374,7.87,41.56,2,0
,180e2c15,Ismaila Tanba,male,Gambia,9,9,121,97,43,2,16,3,0,0,17.29,124.74,5,60,3,93,9.3,31.0,2,0
,015dc0cd,K Mendon,male,Czech Republic,6,6,121,118,45,1,9,3,0,0,24.2,102.54,2,36,1,34,5.67,34.0,1,0
,4b57e452,M Vijay,male,India,8,8,121,108,46,0,11,5,0,0,15.12,112.04,1,12,0,9,4.5,,0,0
,0348f9a5,TH Tector,male,Ireland,7,7,121,85,38,0,16,4,0,0,17.29,142.35,0,0,0,0,0.0,,0,0
,8ce2080b,TJG Pringle,male,Netherlands,22,15,121,123,35,2,5,5,0,0,9.31,98.37,22,420,18,453,6.47,25.17,3,0
,395695ce,C Kyewuta,male,Uganda,43,20,120,109,24,11,9,4,0,0,13.33,110.09,43,847,55,946,6.7,17.2,4,0
,dab18aa5,DL Brangman,male,Bermuda,38,15,120,123,32,8,9,2,0,0,17.14,97.56,37,726,54,661,5.46,12.24,5,1
,69762509,DR Martyn,male,Australia,4,4,120,74,96,0,11,5,1,0,30.0,162.16,0,0,0,0,0.0,,0,0
,6cc4d322,GC Murtaza,male,Cambodia,36,16,120,132,28,3,10,4,0,0,9.23,90.91,34,677,34,865,7.67,25.44,5,1
,39713d08,Mohammad Boota,male,United Arab Emirates,13,13,120,107,20,6,9,4,0,0,17.14,112.15,1,6,1,13,13.0,13.0,1,0
,9920dd86,CA Soper,male,Papua New Guinea,22,15,119,144,17,6,6,2,0,0,13.22,82.64,22,413,27,485,7.05,17.96,3,0
,5fbe14fc,Imrul Kayes,male,Bangladesh,13,13,119,133,36,0,14,3,0,0,9.15,89.47,0,0,0,0,0.0,,0,0
,90f9aedf,RGA Amah,male,Cameroon,10,10,119,165,20,0,10,1,0,0,11.9,72.12,1,12,0,19,9.5,,0,0
,448dab1a,S Loday,male,Bhutan,11,11,119,154,22,2,7,0,0,0,13.22,77.27,0,0,0,0,0.0,,0,0
,2a2e6343,DT Christian,male,Australia,23,14,118,92,39,6,7,6,0,0,14.75,128.26,21,279,13,398,8.56,30.62,3,0
,a17a9548,H Satheedevi,male,Croatia,8,8,118,84,43,1,9,8,0,0,16.86,140.48,8,120,7,193,9.65,27.57,2,0
,4180d897,JE Taylor,male,West Indies,27,14,118,92,21,5,10,6,0,0,13.11,128.26,27,540,30,779,8.66,25.97,3,0
,efbd35a9,LA Musiani,male,Argentina,10,10,118,116,44,1,7,1,0,0,13.11,101.72,5,59,2,78,7.93,39.0,1,0
,dd26ae6e,Marcelle Hanekom,male,Cambodia,9,9,118,126,33,1,13,1,0,0,14.75,93.65,8,126,6,178,8.48,29.67,2,0
,1a8f879b,Mujeeb-ur-Rehman,male,Qatar,21,12,118,127,28,3,10,0,0,0,13.11,92.91,21,360,17,428,7.13,25.18,3,0
,eba6a852,SCJ Broad,male,England,54,25,118,118,18,9,7,3,0,0,7.38,100.0,54,1155,63,1481,7.69,23.51,4,0
,9ac70727,Sohel Patel,male,Panama,9,9,118,120,34,0,13,0,0,0,13.11,98.33,5,90,6,89,5.93,14.83,2,0
,da21531c,Waqar Khan,male,Slovenia,15,14,118,118,21,1,8,6,0,0,9.08,100.0,5,36,4,86,14.33,21.5,2,0
,12f53be7,Abdul Rahman,male,France,7,7,117,117,67,2,9,1,1,0,23.4,100.0,0,0,0,0,0.0,,0,0
,98062446,Anthony Hillman,male,Gibraltar,4,4,117,94,50,2,10,0,1,0,58.5,124.47,0,0,0,0,0.0,,0,0
,43449b1e,JEA Doctora,male,Philippines,15,13,117,144,42,4,9,4,0,0,13.0,81.25,7,68,3,101,8.91,33.67,3,0
,1ce4f664,KS Bagabena,male,Ghana,36,20,117,134,23,8,5,1,0,0,9.75,87.31,33,479,19,554,6.94,29.16,5,1
,327b58d3,PVD Chameera,male,Sri Lanka,78,37,117,155,24,13,9,1,0,0,4.88,75.48,78,1699,96,2286,8.07,23.81,5,1
,6de0f650,WA Simpson,male,Singapore,6,6,117,87,46,3,7,6,0,0,39.0,134.48,0,0,0,0,0.0,,0,0
,a7bc0f3d,Amir Khan,male,Malaysia,8,8,116,114,38,2,8,2,0,0,19.33,101.75,3,32,3,28,5.25,9.33,3,0
,e01895bb,DT Johnston,male,Ireland,19,11,116,98,39,4,5,5,0,0,16.57,118.37,18,384,18,389,6.08,21.61,3,0
,65a29a30,Huzaifa Mohammed,male,Philippines,28,13,116,153,27,8,3,1,0,0,23.2,75.82,28,599,26,607,6.08,23.35,3,0
,9e432a38,Khalid Shah,male,United Arab Emirates,7,7,116,101,37,0,10,6,0,0,16.57,114.85,0,0,0,0,0.0,,0,0
,bb5f73de,Mohammad Khan Rafah,male,France,11,8,116,78,47,1,5,10,0,0,16.57,148.72,11,204,20,236,6.94,11.8,3,0
,fd201eb4,Shahzaib Hasan,male,Pakistan,10,10,116,126,35,0,13,3,0,0,11.6,92.06,0,0,0,0,0.0,,0,0
,f74b682b,AJ Ayannaike,male,Nigeria,17,17,115,149,33,0,9,3,0,0,6.76,77.18,0,0,0,0,0.0,,0,0
,172dff15,C Bosch,male,South Africa,22,14,115,106,30,5,9,2,0,0,12.78,108.49,22,450,33,592,7.89,17.94,4,0
,110b180a,DE Roache,male,Samoa,7,7,115,97,55,1,9,8,1,0,19.17,118.56,1,18,3,23,7.67,7.67,3,0
,b6355062,Eric Phiri,male,Eswatini,10,10,115,131,44,1,15,2,0,0,12.78,87.79,0,0,0,0,0.0,,0,0
,d2ec068c,Fitri Sham,male,Malaysia,36,19,115,116,15,5,4,7,0,0,8.21,99.14,36,746,42,847,6.81,20.17,3,0
,8c8a3f08,GM Ntambalika,male,Malawi,9,7,115,100,41,1,7,4,0,0,19.17,115.0,5,72,4,95,7.92,23.75,2,0
,9b6e1b3f,J Fraser-McGurk,male,Australia,8,8,115,86,50,0,16,3,1,0,14.38,133.72,0,0,0,0,0.0,,0,0
,2809b390,MV Pavlovic,male,Serbia,26,17,115,168,26,0,13,0,0,0,6.76,68.45,25,504,31,596,7.1,19.23,4,0
,c6e10e5c,NK Patel,male,United States of America,20,11,115,105,28,5,9,2,0,0,19.17,109.52,20,382,26,360,5.65,13.85,4,0
,f4417987,R Mupfudza,male,Zimbabwe,5,5,115,119,39,1,9,3,0,0,28.75,96.64,0,0,0,0,0.0,,0,0
,523c8494,Walid Sahibzada,male,Belgium,5,5,115,86,56,1,13,5,1,0,28.75,133.72,0,0,0,0,0.0,,0,0
,9865ed99,Asif Bevinje,male,Romania,9,7,114,98,35,0,12,4,0,0,16.29,116.33,9,185,13,228,7.39,17.54,5,1
,0d0f0385,F Akankwasa,male,Uganda,24,17,114,115,17,5,12,2,0,0,9.5,99.13,18,316,18,325,6.17,18.06,4,0
,1a54d618,Mohammed Irshad,male,Qatar,12,11,114,107,25,2,4,8,0,0,12.67,106.54,10,147,14,210,8.57,15.0,4,0
,e8e701f4,Naim Stanikzai,male,Switzerland,4,4,114,79,44,2,10,6,0,0,57.0,144.3,0,0,0,0,0.0,,0,0
,bb9d73d8,Suraj Kumar,male,Oman,10,10,114,100,42,2,10,3,0,0,14.25,114.0,0,0,0,0,0.0,,0,0
,2d7b09ce,BJ Lazarus,male,Israel,8,8,113,147,32,0,11,0,0,0,14.12,76.87,0,0,0,0,0.0,,0,0
,26f12506,CT Mutombodzi,male,Zimbabwe,13,12,113,120,32,2,8,2,0,0,11.3,94.17,8,138,5,170,7.39,34.0,2,0
,e770b214,DL Maddy,male,England,4,4,113,80,50,0,12,3,1,0,28.25,141.25,2,18,3,26,8.67,8.67,2,0
,847b4bdd,HA Chohan,male,Tanzania,26,17,113,74,26,6,8,7,0,0,10.27,152.7,24,450,25,463,6.17,18.52,4,0
,b67bfbf8,HK Kukreja,male,Singapore,6,6,113,114,51,0,12,0,1,0,18.83,99.12,2,24,1,51,12.75,51.0,1,0
,4d2b96b4,I Tchakou,male,Cameroon,21,20,113,167,21,0,14,1,0,0,5.65,67.66,5,38,4,66,10.42,16.5,3,0
,d7b3a420,Jaskaran Singh,male,Canada,12,9,113,61,60,4,7,8,1,0,22.6,185.25,12,217,12,316,8.74,26.33,3,0
,ed90abe4,AP Devcich,male,New Zealand,4,4,111,79,59,0,17,2,1,0,27.75,140.51,4,72,2,80,6.67,40.0,2,0
,6d8b7ac4,Abdullah Khan Lodhi,male,Turkey,7,7,111,127,36,0,13,0,0,0,15.86,87.4,0,0,0,0,0.0,,0,0
,30a307d3,J Baleicikoibia,male,Fiji,10,10,111,156,39,0,8,2,0,0,11.1,71.15,4,48,2,78,9.75,39.0,2,0
,c7aae1f0,M Kadyan,male,Bulgaria,11,10,111,87,50,3,11,6,1,0,15.86,127.59,9,156,7,231,8.88,33.0,2,0
,6e3f5a5c,R Ngarava,male,Zimbabwe,87,30,111,105,15,13,11,4,0,0,6.53,105.71,87,1858,114,2267,7.32,19.89,4,0
,6d024ce3,Zabiullah Zahid,male,Sweden,19,10,111,56,25,4,7,10,0,0,18.5,198.21,18,389,18,421,6.49,23.39,3,0
,ff1e12a0,AJ Turner,male,Australia,15,14,110,130,24,5,4,2,0,0,12.22,84.62,6,78,4,82,6.31,20.5,2,0
,f24c6701,M Theekshana,male,Sri Lanka,81,36,110,176,14,12,7,2,0,0,4.58,62.5,81,1824,81,2134,7.02,26.35,3,0
,8e38d470,Robert Raina,male,Thailand,15,9,110,115,42,0,13,3,0,0,12.22,95.65,11,144,16,145,6.04,9.06,3,0
,0e93ef92,SJ French,male,Samoa,10,10,110,132,27,1,5,5,0,0,12.22,83.33,0,0,0,0,0.0,,0,0
,eea6b7f1,SP Fleming,male,New Zealand,5,5,110,85,38,0,20,0,0,0,22.0,129.41,0,0,0,0,0.0,,0,0
,eb2d5fe7,Anwar Ali,male,Pakistan,15,10,109,77,46,3,6,6,0,0,15.57,141.56,14,253,10,348,8.25,34.8,2,0
,8a9e3cd0,C Forbes,male,Swaziland,9,9,109,133,31,0,15,1,0,0,12.11,81.95,0,0,0,0,0.0,,0,0
,24bb1c2f,Haris Rauf,male,Pakistan,88,28,109,103,13,12,8,5,0,0,6.81,105.83,88,1920,126,2675,8.36,21.23,4,0
,a4a53adf,J Albin,male,Bulgaria,17,12,109,134,19,6,11,0,0,0,18.17,81.34,11,168,6,304,10.86,50.67,2,0
,e87aeca2,J Hermann,male,South Africa,5,5,109,77,53,1,13,3,1,0,27.25,141.56,1,3,0,3,6.0,,0,0
,6e161a33,JNK Shannon,male,Ireland,7,7,109,81,60,0,12,5,1,0,15.57,134.57,1,6,0,11,11.0,,0,0
,00757ae7,K Suttisan,male,Thailand,6,6,109,85,73,0,11,5,1,0,18.17,128.24,0,0,0,0,0.0,,0,0
,f5180fe6,MG Johnson,male,Australia,30,17,109,95,28,7,8,3,0,0,10.9,114.74,30,657,38,797,7.28,20.97,3,0
,87609cbb,Naveed Ahmed,male,Czech Republic,26,14,109,109,21,8,11,1,0,0,18.17,100.0,26,492,24,598,7.29,24.92,3,0
,a53029a1,R Hashu,male,Portugal,20,9,109,80,27,6,2,6,0,0,36.33,136.25,20,319,29,392,7.37,13.52,4,0
,e05dd44b,V Shaw,male,Suriname,12,12,109,139,26,1,7,4,0,0,9.91,78.42,4,43,3,41,5.72,13.67,1,0
,79b4839e,Ahmed Raza,male,United Arab Emirates,44,16,108,132,22,6,3,5,0,0,10.8,81.82,43,818,29,885,6.49,30.52,5,1
,261d591a,Firas Hussain,male,Bulgaria,12,10,108,101,40,3,13,1,0,0,15.43,106.93,8,102,4,158,9.29,39.5,1,0
,8b5b6769,Harbhajan Singh,male,India,26,12,108,87,21,4,11,4,0,0,13.5,124.14,26,588,25,609,6.21,24.36,4,0
,782fb776,LV van Beek,male,Netherlands,34,23,108,133,23,8,4,1,0,0,7.2,81.2,33,648,43,841,7.79,19.56,4,0
,40a5bcf9,M Sohel Patel,male,Panama,12,12,108,107,42,0,10,5,0,0,9.0,100.93,0,0,0,0,0.0,,0,0
,93c8799e,N Acawei,male,Fiji,10,10,108,133,25,0,7,5,0,0,10.8,81.2,0,0,0,0,0.0,,0,0
,e4f13acd,A Mene-Ejegi,male,Serbia,12,10,107,68,32,1,10,6,0,0,11.89,157.35,11,226,11,261,6.93,23.73,4,0
,62c713bf,AJ Staal,male,Netherlands,10,10,107,75,28,3,7,7,0,0,15.29,142.67,0,0,0,0,0.0,,0,0
,2f1be128,Abdulla Pervaiz,male,Bahrain,3,3,107,79,40,0,12,6,0,0,35.67,135.44,0,0,0,0,0.0,,0,0
,6264d645,CP Turkich,male,Croatia,9,9,107,181,20,0,7,0,0,0,11.89,59.12,0,0,0,0,0.0,,0,0
,31ca7a9c,Ethan D'Souza,male,United Arab Emirates,7,7,107,100,34,0,10,1,0,0,15.29,107.0,4,47,5,53,6.77,10.6,4,0
,6efdad14,F Baleri,male,Ghana,9,9,107,128,20,2,9,0,0,0,15.29,83.59,0,0,0,0,0.0,,0,0
,d0332cfb,G Van Heerden,male,South Africa,1,1,107,55,107,1,8,7,0,1,,194.55,0,0,0,0,0.0,,0,0
,0b60eb09,KA Maharaj,male,South Africa,52,19,107,127,41,7,6,5,0,0,8.92,84.25,52,1073,54,1414,7.91,26.19,3,0
,82294960,P Sarraf,male,Nepal,15,14,107,118,27,2,14,4,0,0,8.92,90.68,8,90,2,82,5.47,41.0,1,0
,97b0e4ff,SC van Schalkwyk,male,United States of America,18,12,107,94,18,7,8,3,0,0,21.4,113.83,18,357,28,513,8.62,18.32,4,0
,ac2f2410,Zeeshan Sarwar,male,Cyprus,3,3,107,68,61,0,4,9,1,0,35.67,157.35,0,0,0,0,0.0,,0,0
,65cd62a9,A Martel,male,Guernsey,27,14,106,99,23,4,13,3,0,0,10.6,107.07,27,505,29,548,6.51,18.9,3,0
,1f3e41fe,A Rajshekara,male,Romania,7,7,106,110,50,2,9,4,1,0,21.2,96.36,0,0,0,0,0.0,,0,0
,ed6894af,D Foxcroft,male,New Zealand,6,6,106,101,34,1,3,5,0,0,21.2,104.95,1,12,0,17,8.5,,0,0
,caf69bf7,DR Sams,male,Australia,10,7,106,62,41,3,8,6,0,0,26.5,170.97,10,180,7,305,10.17,43.57,2,0
,e205ce8b,FL Patel,male,Panama,12,11,106,90,32,0,13,2,0,0,9.64,117.78,9,126,3,150,7.14,50.0,1,0
,67e36e53,Jassim Khan,male,Qatar,7,7,106,68,31,2,4,10,0,0,21.2,155.88,0,0,0,0,0.0,,0,0
,97181d1b,MPS Cheema,male,Austria,12,12,106,114,19,3,10,1,0,0,11.78,92.98,0,0,0,0,0.0,,0,0
,04a418e8,R Parag,male,India,8,6,106,69,34,0,3,9,0,0,17.67,153.62,5,74,4,83,6.73,20.75,3,0
,4d1ec7eb,A Nao,male,Papua New Guinea,24,11,105,93,30,7,10,3,0,0,26.25,112.9,24,466,25,474,6.1,18.96,3,0
,a96b36af,D Maisuria,male,Botswana,36,15,105,133,32,4,3,3,0,0,9.55,78.95,36,739,66,686,5.57,10.39,5,2
,16fa34cf,D Marsic,male,Croatia,8,8,105,163,37,0,9,2,0,0,13.12,64.42,0,0,0,0,0.0,,0,0
,5fe3709e,G Bakiweyem,male,Ghana,32,19,105,130,15,7,4,0,0,0,8.75,80.77,32,558,27,627,6.74,23.22,3,0
,75be3b2a,JC Balt,male,Namibia,14,10,105,114,22,3,4,3,0,0,15.0,92.11,14,254,13,264,6.24,20.31,4,0
,7cd7eb50,JD Freyone,male,Gibraltar,13,13,105,138,21,2,8,2,0,0,9.55,76.09,0,0,0,0,0.0,,0,0
,2498e163,JR Hopes,male,Australia,12,7,105,97,30,2,7,1,0,0,21.0,108.25,12,222,10,283,7.65,28.3,2,0
,8836fcac,M Mosehle,male,South Africa,6,6,105,65,36,1,6,9,0,0,21.0,161.54,0,0,0,0,0.0,,0,0
,55e6c23c,Mustafa Balkis,male,Turkey,8,8,105,144,35,0,5,5,0,0,13.12,72.92,3,8,0,16,12.0,,0,0
,400cf68e,S Mba,male,Nigeria,7,7,105,144,40,2,11,1,0,0,21.0,72.92,0,0,0,0,0.0,,0,0
,ad05692c,Sami Ullah,male,Romania,8,7,105,53,33,1,13,4,0,0,17.5,198.11,8,144,12,185,7.71,15.42,3,0
,2dd90a40,Shujaat Rasool,male,Bahrain,5,4,105,55,54,1,6,9,1,0,35.0,190.91,5,77,4,86,6.7,21.5,3,0
,7b5c6c0b,CD Wallace,male,Scotland,11,11,104,106,27,4,7,3,0,0,14.86,98.11,0,0,0,0,0.0,,0,0
,9c3a8776,D Nikolov,male,Bulgaria,19,18,104,126,42,1,9,3,0,0,6.12,82.54,6,52,0,88,10.15,,0,0
,ad733e72,DF Watts,male,Scotland,5,5,104,92,46,0,12,1,0,0,20.8,113.04,0,0,0,0,0.0,,0,0
,221ad9d9,GP Swann,male,England,38,15,104,88,34,10,9,1,0,0,20.8,118.18,37,786,49,837,6.39,17.08,3,0
,d26858c0,HB Kayondo,male,Uganda,4,4,104,98,31,0,6,4,0,0,26.0,106.12,0,0,0,0,0.0,,0,0
,d3868bd0,JH Davey,male,Scotland,26,14,104,75,24,8,7,4,0,0,17.33,138.67,26,557,31,757,8.15,24.42,4,0
,afe8ff08,M Aboagye,male,Ghana,14,14,104,152,24,1,5,0,0,0,8.0,68.42,12,186,7,232,7.48,33.14,3,0
,d62f04f5,M Ozturk,male,Turkey,15,13,104,138,21,1,4,8,0,0,8.67,75.36,14,299,17,412,8.27,24.24,3,0
,5992ef03,CC Machado,male,Brazil,16,16,103,192,16,1,4,0,0,0,6.87,53.65,0,0,0,0,0.0,,0,0
,fa794790,Habib Ahmadzai,male,Austria,7,7,103,100,39,1,10,1,0,0,17.17,103.0,0,0,0,0,0.0,,0,0
,5992c2ba,J Guatam,male,Ghana,4,4,103,77,44,1,16,2,0,0,34.33,133.77,0,0,0,0,0.0,,0,0
,3e46c4f3,Junaid Mehmood,male,Norway,11,11,103,121,30,1,7,2,0,0,10.3,85.12,0,0,0,0,0.0,,0,0
,e0f12392,Mohammed Alamgir,male,Eswatini,12,10,103,88,20,3,11,5,0,0,14.71,117.05,7,78,4,115,8.85,28.75,1,0
,554f19e4,Nishat Sakib,male,South Korea,7,7,103,104,31,0,11,2,0,0,14.71,99.04,0,0,0,0,0.0,,0,0
,2f6f44bb,RDB Ahir,male,Panama,15,15,103,113,21,2,4,3,0,0,7.92,91.15,14,251,15,287,6.86,19.13,3,0
,1d6e8f52,T Taylor,male,Cayman Islands,20,16,103,138,19,6,3,5,0,0,10.3,74.64,18,331,22,397,7.2,18.05,4,0
,1786a21b,BJ Curran,male,Zimbabwe,8,8,102,76,38,0,12,3,0,0,12.75,134.21,0,0,0,0,0.0,,0,0
,da09ca26,Breeze Ahir,male,Panama,10,10,102,124,28,2,9,1,0,0,12.75,82.26,0,0,0,0,0.0,,0,0
,9f998ed8,CW Perchard,male,Jersey,47,16,102,111,26,5,4,5,0,0,9.27,91.89,47,954,71,974,6.13,13.72,4,0
,de896b79,DF Jacobs,male,Thailand,9,9,102,157,28,0,12,2,0,0,11.33,64.97,2,30,4,26,5.2,6.5,4,0
,91f4a6e5,GPK Wijesingha,male,Maldives,5,5,102,102,56,0,7,3,1,0,20.4,100.0,0,0,0,0,0.0,,0,0
,ff1ec94d,R Klein,male,Netherlands,8,7,102,76,36,2,7,3,0,0,20.4,134.21,2,24,1,45,11.25,45.0,1,0
,8fc65c2b,SM Davies,male,England,5,5,102,81,33,0,12,0,0,0,20.4,125.93,0,0,0,0,0.0,,0,0
,a02b9f81,SM Tupou,male,Fiji,10,10,102,128,35,0,4,5,0,0,10.2,79.69,10,211,16,234,6.65,14.62,3,0
,2c1f0acf,Sojib Miah,male,Czech Republic,6,6,102,57,33,1,12,5,0,0,20.4,178.95,0,0,0,0,0.0,,0,0
,596c60cf,Tshering Tashi,male,Bhutan,14,14,102,144,38,5,8,3,0,0,11.33,70.83,0,0,0,0,0.0,,0,0
,97b109d2,Y Naing Tun,male,Myanmar,11,11,102,154,25,1,9,2,0,0,10.2,66.23,0,0,0,0,0.0,,0,0
,747209e0,AG Weligamage,male,Hungary,13,10,101,91,45,4,4,8,0,0,16.83,110.99,10,186,6,326,10.52,54.33,3,0
,244048f6,Arshdeep Singh,male,India,84,30,101,101,12,14,9,3,0,0,6.31,100.0,84,1801,127,2595,8.65,20.43,5,1
,dd09ff8e,B Lee,male,Australia,25,12,101,71,43,6,9,4,0,0,16.83,142.25,25,545,28,714,7.86,25.5,3,0
,9cf15e95,Boio Ray,male,Papua New Guinea,9,8,101,103,46,0,5,3,0,0,12.62,98.06,2,12,0,12,6.0,,0,0
,77b1aa15,Harshit Rana,male,India,13,8,101,90,35,1,7,5,0,0,14.43,112.22,12,252,16,408,9.71,25.5,3,0
,2090e94d,J Vira,male,Vanuatu,14,14,101,111,19,3,7,1,0,0,9.18,90.99,0,0,0,0,0.0,,0,0
,0f3e4716,JP Netto,male,Portugal,5,5,101,93,41,0,7,2,0,0,20.2,108.6,0,0,0,0,0.0,,0,0
,1b77c4c6,Shaik Basha,male,Tanzania,12,9,101,104,43,1,3,5,0,0,12.62,97.12,9,90,9,153,10.2,17.0,3,0
,0994d0ae,V Shankar,male,India,9,4,101,73,43,0,11,5,0,0,25.25,138.36,6,126,5,191,9.1,38.2,2,0
,85ba5659,C Bisson,male,Jersey,8,8,100,71,30,1,10,3,0,0,14.29,140.85,0,0,0,0,0.0,,0,0
,efdee934,CD Shekleton,male,Portugal,5,5,100,81,52,1,11,1,1,0,25.0,123.46,0,0,0,0,0.0,,0,0
,f43dcdc1,Gurpreet Singh,male,Mexico,7,7,100,116,31,0,8,0,0,0,14.29,86.21,7,138,8,155,6.74,19.38,3,0
,98299b67,HGV Vare,male,Papua New Guinea,16,16,100,115,18,3,11,1,0,0,7.69,86.96,0,0,0,0,0.0,,0,0
,03521fd3,HM Nicholls,male,New Zealand,9,9,100,112,36,1,9,0,0,0,12.5,89.29,0,0,0,0,0.0,,0,0
,4a51c045,Kim Daeyeon,male,South Korea,16,16,100,152,24,1,9,1,0,0,6.67,65.79,9,144,10,195,8.12,19.5,3,0
,6adabee6,Nouman Sarwar,male,Qatar,6,5,100,69,47,4,9,3,0,0,100.0,144.93,6,96,7,140,8.75,20.0,2,0
,7a7bc7a4,Vasmiakram Chand,male,Zambia,5,5,100,101,40,0,14,1,0,0,20.0,99.01,0,0,0,0,0.0,,0,0
,30f92334,ZGF Foulkes,male,New Zealand,21,13,100,66,27,6,7,5,0,0,14.29,151.52,21,423,22,634,8.99,28.82,3,0
,272d796e,BR Dunk,male,Australia,5,5,99,68,32,0,8,6,0,0,19.8,145.59,0,0,0,0,0.0,,0,0
,72253b87,Kaleemullah,male,Oman,39,19,99,101,14,6,3,6,0,0,7.62,98.02,39,731,33,863,7.08,26.15,3,0
,a9ddd37d,MNR Cooray,male,Maldives,4,3,99,76,56,1,12,3,1,0,49.5,130.26,4,86,3,94,6.56,31.33,2,0
,37654b75,Nasum Ahmed,male,Bangladesh,43,21,99,100,20,8,9,3,0,0,7.62,99.0,42,827,40,1042,7.56,26.05,4,0
,35ae9e8a,S Rungrueang,male,Thailand,22,22,99,158,25,5,1,3,0,0,5.82,62.66,0,0,0,0,0.0,,0,0
,c83ef4d6,Sandeep Goud,male,Bahamas,20,17,99,154,29,4,6,4,0,0,7.62,64.29,9,115,4,193,10.07,48.25,1,0
,62f6d8ce,Zaheer Zahiri,male,France,18,13,99,75,34,8,9,4,0,0,19.8,132.0,18,377,24,438,6.97,18.25,3,0
,596982e6,Ali Dawood,male,Bahrain,76,24,98,117,19,13,6,3,0,0,8.91,83.76,76,1634,116,1694,6.22,14.6,7,1
,ff1e08eb,Azam Khalil,male,Sweden,9,7,98,82,29,0,6,4,0,0,14.0,119.51,9,186,9,178,5.74,19.78,3,0
,48301a4b,D la Cock,male,Namibia,5,5,98,83,66,0,8,5,1,0,19.6,118.07,1,6,0,11,11.0,,0,0
,ac1ddea1,Garret Banner,male,Belize,12,9,98,88,32,1,6,5,0,0,12.25,111.36,11,234,10,273,7.0,27.3,2,0
,725c73f2,H Rashid,male,Eswatini,10,10,98,115,23,2,9,3,0,0,12.25,85.22,7,132,5,178,8.09,35.6,1,0
,7267e3cd,Ibrahim Rizan,male,Maldives,35,28,98,143,11,13,6,1,0,0,6.53,68.53,31,560,27,643,6.89,23.81,3,0
,7a787b98,M Magagula,male,Swaziland,22,15,98,138,17,3,10,1,0,0,8.17,71.01,22,358,26,512,8.58,19.69,4,0
,3fb19989,MA Starc,male,Australia,65,19,98,100,14,9,4,2,0,0,9.8,98.0,65,1458,79,1881,7.74,23.81,4,0
,0a8fce53,Mustafizur Rahman,male,Bangladesh,116,33,98,136,11,15,4,5,0,0,5.44,72.06,116,2538,150,3075,7.27,20.5,6,2
,2bae86b6,Sameer Patel,male,Lesotho,7,7,98,113,35,1,6,4,0,0,16.33,86.73,0,0,0,0,0.0,,0,0
,5dc19220,GM Strydom,male,Cayman Islands,6,6,97,89,49,0,6,5,0,0,16.17,108.99,0,0,0,0,0.0,,0,0
,430b7399,IP Swaney,male,Singapore,11,10,97,77,23,1,9,4,0,0,10.78,125.97,6,42,2,99,14.14,49.5,2,0
,cbd91942,M Taniyama,male,Japan,35,15,97,114,19,5,3,3,0,0,9.7,85.09,34,479,38,443,5.55,11.66,4,0
,97f437ed,NF Kelly,male,New Zealand,7,7,97,88,39,1,12,1,0,0,16.17,110.23,0,0,0,0,0.0,,0,0
,74c6c6e0,NR Welch,male,Zimbabwe,7,7,97,93,25,0,12,1,0,0,13.86,104.3,0,0,0,0,0.0,,0,0
,7da02d10,Numan Ahmadzai,male,Switzerland,5,5,97,86,36,1,11,4,0,0,24.25,112.79,0,0,0,0,0.0,,0,0
,77255a9e,RA Tripathi,male,India,5,5,97,67,44,0,11,5,0,0,19.4,144.78,0,0,0,0,0.0,,0,0
,87968c84,Shuaib Al Balushi,male,Oman,5,5,97,98,40,0,7,6,0,0,19.4,98.98,5,66,3,96,8.73,32.0,1,0
,cda3625c,D Rawat,male,Costa Rica,8,8,96,98,37,1,14,0,0,0,13.71,97.96,8,138,8,168,7.3,21.0,3,0
,6a7239a7,ES Szwarczynski,male,Netherlands,7,7,96,108,30,1,9,0,0,0,16.0,88.89,0,0,0,0,0.0,,0,0
,877ad201,Hayatullah Niazi,male,Norway,6,4,96,70,53,0,4,6,1,0,24.0,137.14,6,108,6,123,6.83,20.5,3,0
,89a7dd4a,JE Dunford,male,Jersey,13,13,96,100,45,7,11,0,0,0,16.0,96.0,0,0,0,0,0.0,,0,0
,2ef6c852,JM Joao,male,Mozambique,11,10,96,101,22,1,13,0,0,0,10.67,95.05,3,24,0,41,10.25,,0,0
,9bdb9aa9,KR Jha,male,Austria,19,13,96,146,30,1,4,2,0,0,8.0,65.75,13,168,10,226,8.07,22.6,2,0
,3812d56b,MH Yardy,male,England,13,7,96,72,35,5,10,1,0,0,48.0,133.33,13,276,11,299,6.5,27.18,2,0
,2f8a9682,RS Morton,male,West Indies,7,7,96,103,40,1,8,2,0,0,16.0,93.2,0,0,0,0,0.0,,0,0
,32e97806,T Martin,male,Luxembourg,4,4,96,56,35,0,9,4,0,0,24.0,171.43,2,30,2,49,9.8,24.5,1,0
,2a853aa5,U Shahid,male,France,4,4,96,90,64,0,5,3,1,0,24.0,106.67,4,74,5,76,6.16,15.2,3,0
,f27f89e8,AR White,male,Ireland,7,7,95,91,29,1,7,2,0,0,15.83,104.4,1,24,2,18,4.5,9.0,2,0
,04ed04d2,Ali Zaheer,male,Kuwait,7,7,95,96,41,2,8,1,0,0,19.0,98.96,0,0,0,0,0.0,,0,0
,68877963,BJ Konstas,male,Greece,4,4,95,83,50,2,10,1,1,0,47.5,114.46,3,36,3,56,9.33,18.67,2,0
,31f01815,CB Roposo,male,Mozambique,21,11,95,112,24,3,10,0,0,0,11.88,84.82,19,358,23,425,7.12,18.48,3,0
,68c56d09,KA Jamieson,male,New Zealand,32,13,95,76,30,4,10,0,0,0,10.56,125.0,32,671,30,1073,9.59,35.77,3,0
,68f500c8,Z Hoque,male,Thailand,7,7,95,98,23,1,6,4,0,0,15.83,96.94,7,126,4,122,5.81,30.5,1,0
,14cbe9b7,Zaid Soulat,male,Bulgaria,5,5,95,86,44,2,10,4,0,0,31.67,110.47,0,0,0,0,0.0,,0,0
,0e6c2f00,AF Ifill,male,Cayman Islands,26,15,94,152,25,3,5,1,0,0,7.83,61.84,26,512,30,526,6.16,17.53,4,0
,bccead86,FDW McCreath,male,Scotland,7,7,94,85,40,0,9,2,0,0,13.43,110.59,0,0,0,0,0.0,,0,0
,6d6f52fc,Guido Angeletti,male,Argentina,11,11,94,112,18,1,6,3,0,0,9.4,83.93,5,94,4,93,5.94,23.25,1,0
,bceb1b07,JJ Tucker,male,Bermuda,5,5,94,97,50,1,11,1,1,0,23.5,96.91,4,42,1,62,8.86,62.0,1,0
,63f306ac,Mudassir Iqbal,male,South Korea,9,9,94,104,46,1,4,4,0,0,11.75,90.38,6,72,1,118,9.83,118.0,1,0
,e343abe9,NS Poonia,male,Scotland,5,5,94,103,38,1,3,1,0,0,23.5,91.26,0,0,0,0,0.0,,0,0
,dd7dd27a,S Godara,male,Cambodia,17,7,94,65,24,2,5,9,0,0,18.8,144.62,17,333,22,364,6.56,16.55,4,0
,0f05655d,Tashi Dorji,male,Bhutan,14,11,94,68,39,2,2,9,0,0,10.44,138.24,12,182,9,200,6.59,22.22,3,0
,138e30ab,Yair Nagavkar,male,Israel,12,11,94,111,32,3,5,1,0,0,11.75,84.68,11,220,10,258,7.04,25.8,2,0
,c27518d2,Ziaur Rahman,male,Bangladesh,11,9,94,75,40,3,2,8,0,0,15.67,125.33,7,75,3,127,10.16,42.33,1,0
,13d3e7d8,Abidullah Kotwa,male,Austria,3,1,93,26,93,1,2,12,1,0,,357.69,3,30,3,49,9.8,16.33,2,0
,91f0792f,GJ Thompson,male,Ireland,4,4,93,78,44,0,13,1,0,0,23.25,119.23,0,0,0,0,0.0,,0,0
,909d9fac,Javed Maroofkhail,male,Norway,8,8,93,100,27,3,3,3,0,0,18.6,93.0,0,0,0,0,0.0,,0,0
,b561e8ea,Nimish Lathief,male,Kuwait,15,12,93,110,18,4,8,2,0,0,11.62,84.55,15,229,10,309,8.1,30.9,2,0
,ee86a890,Rameez Khan,male,Romania,14,12,93,79,23,2,7,6,0,0,9.3,117.72,11,222,17,260,7.03,15.29,5,1
,290cba17,SJ Modani,male,United States of America,4,4,93,67,50,1,5,3,1,0,31.0,138.81,1,6,1,2,2.0,2.0,1,0
,4f3a89ae,SM Nash,male,Samoa,23,15,93,144,21,3,8,1,0,0,7.75,64.58,23,398,24,474,7.15,19.75,4,0
,b34de9a6,WK Bitis,male,Croatia,7,7,93,72,32,1,13,4,0,0,15.5,129.17,4,78,3,111,8.54,37.0,2,0
,027662be,J Evans,male,Israel,8,8,92,88,42,0,10,2,0,0,11.5,104.55,8,186,15,218,7.03,14.53,4,0
,ab54f9e7,J Jarvis,male,Scotland,9,8,92,85,32,2,4,4,0,0,15.33,108.24,9,160,11,236,8.85,21.45,3,0
,5be810ba,MD Dai,male,Papua New Guinea,7,6,92,108,31,0,3,0,0,0,15.33,85.19,7,126,4,121,5.76,30.25,2,0
,bf07cc63,Rahimgul Naseri,male,France,12,7,92,75,54,0,10,5,1,0,13.14,122.67,12,192,7,248,7.75,35.43,3,0
,6d36cb93,Shafat Ali Syed,male,Spain,7,7,92,56,51,0,6,8,1,0,13.14,164.29,6,84,6,111,7.93,18.5,5,1
,8a9320a1,TM Macalou,male,Mali,16,15,92,204,28,2,8,0,0,0,7.08,45.1,14,170,11,222,7.84,20.18,3,0
,b9c3ffcd,Tafseer Ali,male,Norway,12,12,92,132,22,2,8,0,0,0,9.2,69.7,3,24,1,37,9.25,37.0,1,0
,4d21a67a,WSLK Narayana,male,Israel,9,9,92,93,32,0,13,1,0,0,10.22,98.92,7,81,1,107,7.93,107.0,1,0
,3cf5ae43,Yasir Arafat,male,Pakistan,13,11,92,79,17,4,8,2,0,0,13.14,116.46,13,236,16,316,8.03,19.75,3,0
,9d5440c0,Zubair Al Balushi,male,Oman,5,5,92,56,40,0,11,5,0,0,18.4,164.29,4,60,0,78,7.8,,0,0
,ef07f354,B Yadav,male,Nepal,14,11,91,81,39,2,2,8,0,0,10.11,112.35,8,55,1,89,9.71,89.0,1,0
,3c370b92,Bosco Tuyizere,male,Rwanda,9,9,91,115,40,1,6,1,0,0,11.38,79.13,0,0,0,0,0.0,,0,0
,fe366f34,C Connolly,male,Australia,13,10,91,74,47,1,7,5,0,0,10.11,122.97,9,150,3,231,9.24,77.0,1,0
,07b6f54c,DDP D'Silva,male,United Arab Emirates,6,6,91,108,29,3,5,0,0,0,30.33,84.26,0,0,0,0,0.0,,0,0
,96013995,DJ Turkich,male,Croatia,9,9,91,113,29,0,9,1,0,0,10.11,80.53,9,180,11,135,4.5,12.27,3,0
,aeb893b4,GG Banner,male,Belize,11,11,91,98,34,0,8,4,0,0,8.27,92.86,2,36,3,54,9.0,18.0,2,0
,5ec41cd7,Jasdeep Singh,male,United States of America,30,13,91,96,31,1,2,5,0,0,7.58,94.79,30,624,31,889,8.55,28.68,3,0
,38214163,M Faraz Akram,male,Zimbabwe,8,7,91,60,34,4,4,6,0,0,30.33,151.67,8,116,1,193,9.98,193.0,1,0
,e6409ae1,Mohammed Sameer,male,Bahrain,5,5,91,68,43,0,9,5,0,0,18.2,133.82,0,0,0,0,0.0,,0,0
,58533699,SR Mohan,male,Seychelles,12,12,91,146,20,3,5,1,0,0,10.11,62.33,0,0,0,0,0.0,,0,0
,05d74535,Saeed Ajmal,male,Pakistan,63,19,91,84,21,9,7,2,0,0,9.1,108.33,63,1430,85,1516,6.36,17.84,4,0
,21e5f325,TA Blundell,male,New Zealand,8,8,91,93,30,2,10,0,0,0,15.17,97.85,0,0,0,0,0.0,,0,0
,9124aa4c,Zuhaib Zubair,male,United Arab Emirates,19,12,91,62,26,5,6,4,0,0,13.0,146.77,19,318,19,402,7.58,21.16,5,1
,e6581a17,CM Akachukwu,male,Nigeria,19,13,90,93,30,3,6,1,0,0,9.0,96.77,19,278,11,370,7.99,33.64,2,0
,c17dcc29,F Khaliq,male,Belgium,12,8,90,73,49,2,9,1,0,0,15.0,123.29,12,222,12,261,7.05,21.75,2,0
,51a36d3e,GH Worker,male,New Zealand,2,2,90,64,62,0,6,5,1,0,45.0,140.62,1,12,1,19,9.5,19.0,1,0
,24fcd95d,Kashif Daud,male,United Arab Emirates,15,10,90,64,28,3,4,6,0,0,12.86,140.62,14,221,10,281,7.63,28.1,4,0
,0e0afd8b,MO Jones,male,Bermuda,15,11,90,106,27,6,1,3,0,0,18.0,84.91,14,266,14,244,5.5,17.43,3,0
,e401f8a5,Mayank Nagayach,male,Luxembourg,11,10,90,93,31,1,11,1,0,0,10.0,96.77,11,234,3,299,7.67,99.67,2,0
,2a13e6b1,Muhammad Shoaib Ahmed,male,Cyprus,5,5,90,84,30,0,10,2,0,0,18.0,107.14,5,108,6,107,5.94,17.83,2,0
,547408c8,NL Smith,male,Italy,6,6,90,111,26,2,4,4,0,0,22.5,81.08,0,0,0,0,0.0,,0,0
,aad0c365,Nithish Kumar Reddy,male,India,3,3,90,49,74,1,4,8,1,0,45.0,183.67,3,54,3,71,7.89,23.67,2,0
,3748955d,Amir Ali,male,Oman,6,6,89,58,32,2,10,2,0,0,22.25,153.45,4,48,1,56,7.0,56.0,1,0
,2237eb05,Bilal Ahmad Mir,male,South Korea,8,8,89,79,24,1,8,4,0,0,12.71,112.66,8,137,9,192,8.41,21.33,3,0
,7b2b4e29,C Musemez,male,Uganda,1,1,89,57,89,0,8,5,1,0,89.0,156.14,0,0,0,0,0.0,,0,0
,03b9ec54,E Packard,male,Gibraltar,10,7,89,88,27,1,5,4,0,0,14.83,101.14,10,203,7,258,7.63,36.86,2,0
,e73f6c4b,I Ntirenganya,male,Rwanda,54,22,89,102,17,14,10,1,0,0,11.12,87.25,54,1056,48,1169,6.64,24.35,3,0
,d5dea4e7,LG Moras,male,Brazil,15,10,89,114,34,2,5,4,0,0,11.12,78.07,14,248,7,276,6.68,39.43,3,0
,68f7caf9,M Jenkinson,male,Finland,5,5,89,78,34,0,5,5,0,0,17.8,114.1,2,36,2,51,8.5,25.5,2,0
,732f711b,MJ Hay,male,New Zealand,10,10,89,71,41,2,5,4,0,0,11.12,125.35,0,0,0,0,0.0,,0,0
,a073f2ff,S Thakur,male,Romania,5,4,89,69,55,2,12,1,1,0,44.5,128.99,4,72,3,102,8.5,34.0,2,0
,e068d48e,Ahmadullah Shinwari,male,Norway,35,15,88,99,34,6,8,1,0,0,9.78,88.89,35,643,31,751,7.01,24.23,4,0
,22651574,D Nanda,male,Indonesia,6,6,88,74,31,2,9,2,0,0,22.0,118.92,4,60,4,51,5.1,12.75,2,0
,b929c3ae,Flynn Zahra,male,Malta,10,10,88,79,24,3,1,6,0,0,12.57,111.39,0,0,0,0,0.0,,0,0
,59559bc2,J Overton,male,England,22,15,88,84,19,5,5,3,0,0,8.8,104.76,20,347,26,477,8.25,18.35,3,0
,ff154ecd,JM Cox,male,England,4,4,88,67,55,0,9,4,1,0,22.0,131.34,0,0,0,0,0.0,,0,0
,420431c9,K Jaikaran,male,Suriname,13,13,88,134,25,2,9,0,0,0,8.0,65.67,6,84,7,97,6.93,13.86,3,0
,c6c7d01b,KM Awala,male,Ghana,11,11,88,104,23,1,5,1,0,0,8.8,84.62,0,0,0,0,0.0,,0,0
,27128c74,Md Shafiqul Haque,male,Thailand,4,4,88,62,38,0,5,6,0,0,22.0,141.94,1,18,1,25,8.33,25.0,1,0
,15fe1668,O Casasola,male,Belize,10,10,88,149,25,0,6,0,0,0,8.8,59.06,3,48,2,54,6.75,27.0,2,0
,8b0b3bba,SA Mohandas,male,Hungary,35,18,88,101,26,8,6,0,0,0,8.8,87.13,35,666,29,868,7.82,29.93,3,0
,ff36e706,Sirajullah Khadim,male,Portugal,38,14,88,99,22,5,8,1,0,0,9.78,88.89,38,758,49,785,6.21,16.02,5,1
,085c1a4c,Ziaur Rehman,male,Finland,6,6,88,90,37,1,8,1,0,0,17.6,97.78,0,0,0,0,0.0,,0,0
,432bf4f5,Zishan Shah,male,Denmark,5,5,88,86,50,1,7,1,1,0,22.0,102.33,0,0,0,0,0.0,,0,0
,6e991bd4,Amir Farooq,male,Qatar,18,12,87,90,31,3,5,4,0,0,9.67,96.67,18,353,20,466,7.92,23.3,5,1
,50dbc953,Ayyaz Qureshi,male,Slovenia,6,6,87,131,30,1,7,0,0,0,17.4,66.41,4,80,5,114,8.55,22.8,2,0
,ee8f1a6d,Azam Khan,male,Pakistan,11,11,87,59,30,3,6,7,0,0,10.88,147.46,0,0,0,0,0.0,,0,0
,7ffe4817,C Tear,male,Scotland,7,7,87,93,32,0,9,1,0,0,12.43,93.55,0,0,0,0,0.0,,0,0
,7b6623bc,J Daley,male,Turks and Caicos Island,4,4,87,73,56,1,9,1,1,0,29.0,119.18,2,36,3,32,5.33,10.67,3,0
,84012d7f,J Essex,male,St Helena,6,6,87,119,30,0,9,1,0,0,14.5,73.11,2,28,0,39,8.36,,0,0
,c3a96caf,Mandeep Singh,male,India,3,3,87,72,52,1,11,1,1,0,43.5,120.83,0,0,0,0,0.0,,0,0
,a40710b9,Ramanjot Singh,male,Slovenia,4,4,87,94,46,0,8,2,0,0,21.75,92.55,2,18,0,31,10.33,,0,0
,0da52658,AR Gandhi,male,Kenya,3,3,86,98,50,1,5,1,1,0,43.0,87.76,0,0,0,0,0.0,,0,0
,cf17c429,Avi Dixit,male,Singapore,11,10,86,91,23,1,6,1,0,0,9.56,94.51,4,78,5,83,6.38,16.6,3,0
,4d3097d8,GJ Hopkins,male,New Zealand,8,8,86,71,36,0,5,5,0,0,10.75,121.13,0,0,0,0,0.0,,0,0
,98514dce,Ibrahim Nashath,male,Maldives,15,13,86,147,20,3,3,2,0,0,8.6,58.5,7,114,6,115,6.05,19.17,2,0
,f7ce2ff9,J Ramanandi,male,Oman,15,13,86,96,19,3,6,2,0,0,8.6,89.58,14,244,17,328,8.07,19.29,3,0
,84dc72db,Junaid Siddique,male,United Arab Emirates,77,26,86,89,18,14,6,3,0,0,7.17,96.63,77,1702,108,2186,7.71,20.24,5,1
,d613f046,M Whelan,male,Gibraltar,14,10,86,82,27,2,6,2,0,0,10.75,104.88,9,108,4,215,11.94,53.75,1,0
,7dde58c9,Mudassar Muhammad,male,Germany,3,3,86,88,33,0,3,4,0,0,28.67,97.73,0,0,0,0,0.0,,0,0
,f1737607,RM Siri,male,Argentina,4,4,86,93,31,0,7,1,0,0,21.5,92.47,0,0,0,0,0.0,,0,0
,88fccd6c,SM Pollock,male,South Africa,11,9,86,70,36,2,4,4,0,0,12.29,122.86,10,219,14,283,7.75,20.21,3,0
,02789d88,Shamsur Rahman,male,Bangladesh,8,8,86,84,53,0,12,1,1,0,10.75,102.38,0,0,0,0,0.0,,0,0
,bb34fd31,Shoriful Islam,male,Bangladesh,56,19,86,88,16,2,5,5,0,0,5.06,97.73,56,1126,63,1541,8.21,24.46,3,0
,f55c526f,T Maruma,male,Zimbabwe,9,9,86,87,23,3,5,4,0,0,14.33,98.85,0,0,0,0,0.0,,0,0
,e13f8b16,AR Leo,male,St Helena,12,11,85,133,24,2,5,1,0,0,9.44,63.91,9,150,8,188,7.52,23.5,2,0
,4a745f65,AR Nurse,male,West Indies,13,8,85,70,20,6,7,3,0,0,42.5,121.43,13,240,8,318,7.95,39.75,2,0
,f7bf6004,C Webster,male,Isle of Man,9,9,85,73,41,1,4,5,0,0,10.62,116.44,0,0,0,0,0.0,,0,0
,d3d096f5,DGAPD Wiswi,male,Indonesia,18,10,85,97,26,3,7,1,0,0,12.14,87.63,16,157,12,166,6.34,13.83,2,0
,e1c92333,G Chaturvedi,male,Malta,8,8,85,84,33,0,10,2,0,0,10.62,101.19,0,0,0,0,0.0,,0,0
,945f5357,JN du Plooy,male,Hungary,4,4,85,60,44,1,3,5,0,0,28.33,141.67,2,30,1,51,10.2,51.0,1,0
,ec106638,Rahmatullah Mangal,male,France,28,17,85,98,18,4,5,2,0,0,6.54,86.73,28,534,36,573,6.44,15.92,4,0
,2c31f58a,T Sandaruwan,male,Romania,18,14,85,73,31,5,6,3,0,0,9.44,116.44,15,249,16,320,7.71,20.0,3,0
,4e7d882f,A Beresford-Peirse,male,Croatia,9,7,84,122,35,0,3,2,0,0,12.0,68.85,9,186,5,255,8.23,51.0,2,0
,6ed3d5ac,DO Obuya,male,Kenya,7,7,84,121,28,0,8,0,0,0,12.0,69.42,0,0,0,0,0.0,,0,0
,585dda5d,KNA Bandara,male,Sri Lanka,4,4,84,79,44,1,4,3,0,0,28.0,106.33,1,6,0,2,2.0,,0,0
,31adde7f,L Emilio,male,Mozambique,10,10,84,85,31,3,10,1,0,0,12.0,98.82,0,0,0,0,0.0,,0,0
,c2f8f36e,Puneet Arora,male,Mexico,6,6,84,96,51,2,8,2,1,0,21.0,87.5,0,0,0,0,0.0,,0,0
,75855e23,Ratul Khan,male,Czech Republic,7,7,84,89,20,1,6,1,0,0,14.0,94.38,0,0,0,0,0.0,,0,0
,a127e6f5,Shenjian Zheng,male,China,6,6,84,60,31,0,5,8,0,0,14.0,140.0,1,6,0,32,32.0,,0,0
,431f8af4,Tayyab Tahir,male,Pakistan,4,4,84,63,39,1,7,3,0,0,28.0,133.33,0,0,0,0,0.0,,0,0
,94b8d7dd,A Saud,male,Nepal,4,4,83,74,35,0,10,4,0,0,20.75,112.16,0,0,0,0,0.0,,0,0
,350bb1b1,AF Milne,male,New Zealand,53,19,83,86,16,9,1,6,0,0,8.3,96.51,53,1133,64,1586,8.4,24.78,5,1
,7c7d63a2,AJ Tye,male,Australia,32,14,83,76,20,6,5,4,0,0,10.38,109.21,31,683,47,997,8.76,21.21,4,0
,d953ed6a,B Zuiderent,male,Netherlands,4,4,83,95,43,1,6,1,0,0,27.67,87.37,0,0,0,0,0.0,,0,0
,23393635,D Forrester,male,South Africa,5,5,83,77,21,2,4,4,0,0,27.67,107.79,1,6,0,4,4.0,,0,0
,c44ddfb9,D Long Martinez,male,Spain,2,2,83,55,79,0,8,4,1,0,41.5,150.91,0,0,0,0,0.0,,0,0
,0a95c25a,Kaif Jamadar,male,Finland,6,6,83,80,48,0,9,2,0,0,13.83,103.75,0,0,0,0,0.0,,0,0
,ccd6b379,Olipa Gerald,male,Uganda,1,1,83,34,83,1,4,9,1,0,,244.12,0,0,0,0,0.0,,0,0
,1ab8beda,T Rajiv,male,Seychelles,5,5,83,67,36,0,11,2,0,0,16.6,123.88,1,6,0,16,16.0,,0,0
,3daaabaa,Ahmed Wardak,male,Germany,14,8,82,76,29,3,7,3,0,0,16.4,107.89,9,166,10,178,6.43,17.8,4,0
,0ac067e8,DR Hooper,male,Guernsey,17,9,82,103,18,3,2,1,0,0,13.67,79.61,17,329,15,386,7.04,25.73,3,0
,431f2dd4,Jun Hyunwoo,male,South Korea,12,12,82,129,26,0,4,5,0,0,6.83,63.57,1,24,0,25,6.25,,0,0
,018f6488,M Gouws,male,Gibraltar,13,7,82,57,37,0,5,5,0,0,11.71,143.86,9,158,5,241,9.15,48.2,3,0
,ce9ce42f,Muhammad Amin,male,Swaziland,9,9,82,84,51,1,10,3,1,0,10.25,97.62,2,30,1,39,7.8,39.0,1,0
,45b5ce8d,Nyeing Cham Soe,male,Myanmar,21,16,82,106,27,7,5,2,0,0,9.11,77.36,15,215,15,299,8.34,19.93,3,0
,869f61bc,RL Vitas,male,Serbia,6,6,82,106,37,4,7,2,0,0,41.0,77.36,0,0,0,0,0.0,,0,0
,4ee38eae,Raihan Stanikzai,male,Switzerland,4,4,82,51,51,0,10,4,1,0,20.5,160.78,4,66,3,95,8.64,31.67,1,0
,0467bd8d,Ranjit Singh,male,Austria,5,5,82,55,51,0,8,3,1,0,16.4,149.09,0,0,0,0,0.0,,0,0
,aa86d9d4,Shahnawaz Patel,male,Zambia,8,8,82,81,29,2,7,1,0,0,13.67,101.23,0,0,0,0,0.0,,0,0
,5748e866,TD Paine,male,Australia,8,8,82,77,25,1,7,3,0,0,11.71,106.49,0,0,0,0,0.0,,0,0
,673be48f,W Nalisa,male,Vanuatu,30,15,82,78,31,6,7,1,0,0,9.11,105.13,27,570,30,664,6.99,22.13,6,1
,2b43be58,Edward Fleming,male,Portugal,16,8,81,84,36,1,8,1,0,0,11.57,96.43,15,323,20,311,5.78,15.55,3,0
,21fcad4e,JR Newton,male,Croatia,5,5,81,92,50,0,5,1,1,0,16.2,88.04,5,120,4,150,7.5,37.5,2,0
,737e595d,NK Yadav,male,Nepal,19,8,81,36,37,4,4,8,0,0,20.25,225.0,19,323,22,422,7.84,19.18,2,0
,23eedcd3,Shahbaz Badar,male,Bahrain,10,10,81,87,44,1,6,1,0,0,9.0,93.1,0,0,0,0,0.0,,0,0
,d6f139ee,Vamshi Reddy,male,Mali,6,6,81,112,39,0,8,1,0,0,13.5,72.32,5,60,2,93,9.3,46.5,1,0
,d1f14716,Yahya Suhail,male,Timor-Leste,8,8,81,156,53,1,7,1,1,0,11.57,51.92,4,52,2,72,8.31,36.0,2,0
,9a08a863,Ansar Iqbal,male,Norway,7,6,80,81,28,0,9,2,0,0,13.33,98.77,2,12,0,16,8.0,,0,0
,a2f8e873,B Balala,male,Malawi,24,19,80,129,19,10,2,2,0,0,8.89,62.02,20,224,4,326,8.73,81.5,1,0
,15c766c3,Inam-ul-Haq,male,Qatar,3,3,80,72,41,0,11,0,0,0,26.67,111.11,3,60,2,82,8.2,41.0,1,0
,d76ab352,Jaspreet Singh,male,Italy,26,12,80,75,21,3,6,2,0,0,8.89,106.67,24,404,24,479,7.11,19.96,4,0
,27b8d7b6,K Birkenstock,male,Namibia,5,3,80,44,59,0,9,4,1,0,26.67,181.82,3,24,0,33,8.25,,0,0
,e258a603,N Dutta,male,Canada,24,7,80,50,27,4,5,5,0,0,26.67,160.0,24,451,24,501,6.67,20.88,4,0
,bd3cecc6,Zohaib Sarwar,male,Portugal,12,9,80,71,33,3,2,6,0,0,13.33,112.68,9,133,6,190,8.57,31.67,2,0
,602db3d9,GJ van Rensburg,male,Namibia,6,6,79,109,32,0,5,1,0,0,13.17,72.48,5,42,2,55,7.86,27.5,1,0
,4a461c24,LA Dawson,male,England,33,9,79,68,34,2,9,2,0,0,11.29,116.18,33,643,34,837,7.81,24.62,4,0
,77eb2d60,MA Sherry,male,Singapore,8,8,79,87,24,2,5,1,0,0,13.17,90.8,0,0,0,0,0.0,,0,0
,76b19864,Murid Ekrami,male,Belgium,19,12,79,76,18,3,9,1,0,0,8.78,103.95,19,389,20,463,7.14,23.15,3,0
,cc18ba92,PS Airee,male,Nepal,10,10,79,92,29,0,9,1,0,0,7.9,85.87,0,0,0,0,0.0,,0,0
,7fa2ab1f,RML Taylor,male,Scotland,7,5,79,52,41,3,5,4,0,0,39.5,151.92,7,114,4,159,8.37,39.75,3,0
,fef92afc,SC Kuggeleijn,male,New Zealand,17,7,79,37,35,3,5,7,0,0,19.75,213.51,17,323,16,471,8.75,29.44,3,0
,fdee4a01,Shoaib Khan,male,United Arab Emirates,7,7,79,65,51,1,5,6,1,0,13.17,121.54,0,0,0,0,0.0,,0,0
,0d51e658,CD Barnwell,male,West Indies,6,6,78,62,34,2,4,4,0,0,19.5,125.81,4,36,1,51,8.5,51.0,1,0
,21b67523,F Mutua,male,Kenya,25,12,78,59,31,2,6,4,0,0,7.8,132.2,23,333,21,398,7.17,18.95,3,0
,6b0db726,J Andrew,male,West Indies,5,5,78,80,35,0,5,4,0,0,15.6,97.5,0,0,0,0,0.0,,0,0
,63aa8148,Jaswinder Singh,male,Malta,23,18,78,103,23,6,5,1,0,0,6.5,75.73,20,268,18,380,8.51,21.11,3,0
,d85d52c2,M Dixit,male,Luxembourg,20,11,78,72,25,2,3,2,0,0,8.67,108.33,20,341,14,428,7.53,30.57,3,0
,bfd93f9b,R Gowthaman,male,Sweden,5,5,78,95,29,0,3,1,0,0,15.6,82.11,0,0,0,0,0.0,,0,0
,e1779851,R Ramadhasyena,male,Indonesia,2,2,78,47,56,1,8,4,1,0,78.0,165.96,0,0,0,0,0.0,,0,0
,5365f10f,RR Bastiansz,male,Malta,3,3,78,73,46,0,5,3,0,0,26.0,106.85,0,0,0,0,0.0,,0,0
,c767d8ed,Rejaul Karim,male,Brazil,5,5,78,60,38,1,10,3,0,0,19.5,130.0,0,0,0,0,0.0,,0,0
,b410bd3d,S Lamichhane,male,ICC World XI,75,21,78,87,16,9,3,2,0,0,6.5,89.66,75,1696,135,1748,6.18,12.95,5,2
,3c4007d3,Sagar Pun,male,Nepal,7,7,78,86,20,0,11,0,0,0,11.14,90.7,6,99,3,95,5.76,31.67,2,0
,8a3dd116,Sahil Tarakhil,male,Switzerland,4,4,78,61,57,0,7,4,1,0,19.5,127.87,0,0,0,0,0.0,,0,0
,2a00735b,Saran Aslam,male,Denmark,6,6,78,41,47,1,5,6,0,0,15.6,190.24,3,42,2,48,6.86,24.0,2,0
,1579d497,Ameel Mauroof,male,Maldives,18,13,77,118,13,4,3,1,0,0,8.56,65.25,17,202,9,280,8.32,31.11,2,0
,d864f752,BK Majji,male,Ghana,4,3,77,81,30,0,3,2,0,0,25.67,95.06,3,47,5,32,4.09,6.4,3,0
,e85d03d6,BM Scholtz,male,Namibia,82,22,77,85,9,14,7,0,0,0,9.62,90.59,81,1696,85,1796,6.35,21.13,4,0
,895ae8b6,D Kalvin,male,Seychelles,11,9,77,118,30,2,4,1,0,0,11.0,65.25,6,79,2,133,10.1,66.5,2,0
,db218528,GC Galanis,male,Greece,13,12,77,64,19,4,6,3,0,0,9.62,120.31,11,215,12,219,6.11,18.25,3,0
,f986ca1a,HV Patel,male,India,24,10,77,57,18,4,9,3,0,0,12.83,135.09,24,503,29,770,9.18,26.55,4,0
,c381cec5,M Kpaka,male,Sierra Leone,17,14,77,139,16,1,0,1,0,0,5.92,55.4,14,198,11,205,6.21,18.64,4,0
,6949f713,MK Anafie,male,Ghana,8,6,77,66,41,2,5,5,0,0,19.25,116.67,6,90,5,104,6.93,20.8,2,0
,3ddd957f,OSB Tilley,male,Croatia,10,9,77,91,22,1,10,0,0,0,9.62,84.62,5,53,2,91,10.3,45.5,2,0
,9de271ef,P Utseya,male,Zimbabwe,30,17,77,96,13,7,5,1,0,0,7.7,80.21,30,634,19,770,7.29,40.53,2,0
,c70448aa,R Hekure,male,Papua New Guinea,23,15,77,99,18,2,8,0,0,0,5.92,77.78,21,305,11,377,7.42,34.27,2,0
,00467a76,S Bodha,male,Gibraltar,34,12,77,70,25,4,7,1,0,0,9.62,110.0,34,596,37,844,8.5,22.81,5,1
,ea86bc29,V Aritharan,male,Germany,4,4,77,39,45,2,5,7,0,0,38.5,197.44,0,0,0,0,0.0,,0,0
,3b53243a,XC Bartlett,male,Australia,21,12,77,71,34,5,8,3,0,0,11.0,108.45,21,411,24,548,8.0,22.83,3,0
,ddc0828d,A Flintoff,male,England,7,7,76,59,31,1,7,2,0,0,12.67,128.81,7,150,5,161,6.44,32.2,2,0
,adb629f6,AL Kerai,male,Sierra Leone,8,8,76,122,24,1,2,2,0,0,10.86,62.3,1,6,0,9,9.0,,0,0
,795df06c,AS Hansra,male,Canada,7,7,76,73,30,2,4,3,0,0,15.2,104.11,6,90,7,94,6.27,13.43,2,0
,90830f8d,Alam Nakash,male,South Korea,9,9,76,83,24,0,4,1,0,0,8.44,91.57,9,127,6,145,6.85,24.17,3,0
,480ed517,Imran Farhat,male,Pakistan,7,7,76,70,19,0,15,0,0,0,10.86,108.57,0,0,0,0,0.0,,0,0
,4833efb4,N Master,male,Botswana,7,5,76,62,35,2,7,2,0,0,25.33,122.58,6,112,11,116,6.21,10.55,6,1
,41b63677,R Baruah,male,Estonia,7,7,76,45,48,3,5,5,0,0,19.0,168.89,6,60,4,89,8.9,22.25,3,0
,5d38476c,Saqib Zulfiqar,male,Netherlands,9,6,76,68,25,1,4,2,0,0,15.2,111.76,6,78,3,78,6.0,26.0,2,0
,27df03d2,Shoaib Rafiq,male,Mexico,18,14,76,82,24,4,3,4,0,0,7.6,92.68,18,343,24,262,4.58,10.92,5,1
,9ee21ee4,Swann Htet Ko Ko,male,Myanmar,16,16,76,125,11,3,1,3,0,0,5.85,60.8,0,0,0,0,0.0,,0,0
,7ee2ce62,VS Solanki,male,England,3,3,76,61,43,0,10,1,0,0,25.33,124.59,0,0,0,0,0.0,,0,0
,d8e79af0,AC Botha,male,Ireland,8,6,75,81,28,1,10,0,0,0,15.0,92.59,5,96,8,88,5.5,11.0,3,0
,56f53516,DAP Darrell,male,Bermuda,9,9,75,84,30,1,1,5,0,0,9.38,89.29,0,0,0,0,0.0,,0,0
,b4c52f5f,G Oliveira,male,Brazil,21,12,75,76,15,7,4,4,0,0,15.0,98.68,19,324,13,353,6.54,27.15,2,0
,9c48bdee,H Khuttan,male,Portugal,10,6,75,50,30,1,4,6,0,0,15.0,150.0,10,128,7,151,7.08,21.57,3,0
,c4e205e4,M Vivekanandan,male,Mongolia,13,12,75,159,25,0,8,0,0,0,6.25,47.17,10,210,9,358,10.23,39.78,2,0
,09f0aba1,Mohammed Jamadar,male,Lesotho,5,5,75,97,31,0,11,0,0,0,15.0,77.32,5,96,2,90,5.62,45.0,1,0
,b2930573,Omid Rahimi,male,Belgium,3,3,75,39,55,1,8,4,1,0,37.5,192.31,0,0,0,0,0.0,,0,0
,5485c999,P Dakainivanua,male,Fiji,11,11,75,97,39,1,6,0,0,0,7.5,77.32,9,199,9,206,6.21,22.89,3,0
,3d6617c6,S Jamil,male,Belgium,11,10,75,84,30,4,10,0,0,0,12.5,89.29,5,52,2,84,9.69,42.0,1,0
,ad37baac,Tejwinder Singh,male,Cyprus,10,7,75,37,22,1,5,5,0,0,12.5,202.7,10,215,13,220,6.14,16.92,3,0
,d0042e16,Z Burgess,male,Bermuda,29,12,75,54,19,4,3,7,0,0,9.38,138.89,29,547,25,509,5.58,20.36,3,0
,ef8eba13,Zain Asif,male,Bulgaria,3,3,75,47,43,0,6,6,0,0,25.0,159.57,0,0,0,0,0.0,,0,0
,a8e54ef4,Aamer Jamal,male,Pakistan,5,4,74,37,41,1,4,6,0,0,24.67,200.0,5,84,2,158,11.29,79.0,1,0
,f6d3cab2,J Masquater,male,Tanzania,7,7,74,103,32,0,9,2,0,0,10.57,71.84,2,10,0,12,7.2,,0,0
,06989091,Javid Patel,male,Zambia,15,14,74,105,16,1,3,4,0,0,5.69,70.48,14,294,13,327,6.67,25.15,2,0
,99639abf,NJ Astle,male,New Zealand,4,4,74,67,40,1,7,2,0,0,24.67,110.45,2,41,4,50,7.32,12.5,3,0
,0ecb4de6,Rehan Ahmed,male,England,12,9,74,52,19,4,6,5,0,0,14.8,142.31,12,228,15,361,9.5,24.07,3,0
,fd1041d2,Rudolph Fox,male,Bahamas,8,8,74,80,24,3,4,3,0,0,14.8,92.5,6,81,4,98,7.26,24.5,3,0
,ca673cff,Sapan Mehta,male,Finland,5,5,74,82,33,0,3,0,0,0,14.8,90.24,1,6,0,9,9.0,,0,0
,b68d14a9,AJ Strauss,male,England,4,4,73,64,33,0,9,0,0,0,18.25,114.06,0,0,0,0,0.0,,0,0
,e871b2f0,Anser Mehmood,male,Switzerland,4,4,73,70,29,1,4,3,0,0,24.33,104.29,0,0,0,0,0.0,,0,0
,1c4161b3,Bilal Safdar,male,Norway,8,8,73,86,37,2,7,0,0,0,12.17,84.88,3,66,3,59,5.36,19.67,3,0
,bd0a4a7d,CA Young,male,Ireland,63,22,73,100,22,11,5,2,0,0,6.64,73.0,63,1279,81,1750,8.21,21.6,4,0
,2619e00c,Kasir Ahmed,male,Hungary,7,7,73,93,19,0,1,0,0,0,10.43,78.49,2,24,2,54,13.5,27.0,2,0
,ae6746e0,Khurram Khan,male,United Arab Emirates,3,3,73,73,31,0,8,1,0,0,24.33,100.0,1,6,1,8,8.0,8.0,1,0
,6f337915,Madhawa Basnayaka,male,Finland,8,7,73,61,20,2,5,4,0,0,14.6,119.67,6,114,10,169,8.89,16.9,4,0
,01b45044,Mohammad Amin,male,Kuwait,5,4,73,76,32,1,3,3,0,0,24.33,96.05,2,12,1,18,9.0,18.0,1,0
,a354c917,NT Broom,male,New Zealand,7,7,73,68,36,1,8,1,0,0,12.17,107.35,0,0,0,0,0.0,,0,0
,1f4a78c5,Utkarsh Jain,male,Cambodia,22,11,73,78,24,7,5,1,0,0,18.25,93.59,22,457,25,434,5.7,17.36,3,0
,e71f511e,Delroy Leo,male,St Helena,6,6,72,88,31,0,5,2,0,0,12.0,81.82,0,0,0,0,0.0,,0,0
,8f0c3818,Hassan Khan,male,Germany,6,6,72,60,51,2,4,3,1,0,18.0,120.0,0,0,0,0,0.0,,0,0
,f1aa94c3,JE Marks,male,Israel,7,6,72,76,28,0,4,2,0,0,12.0,94.74,6,78,4,111,8.54,27.75,2,0
,270bf7e2,KV Morea,male,Papua New Guinea,25,14,72,68,16,7,5,3,0,0,10.29,105.88,25,512,33,618,7.24,18.73,4,0
,175d3d9f,Mohmedazim Abbasbhai,male,Zambia,6,6,72,75,26,0,9,1,0,0,12.0,96.0,0,0,0,0,0.0,,0,0
,59fa2bbc,OJ Herrington,male,Belgium,6,5,72,70,44,1,1,5,0,0,18.0,102.86,2,24,1,39,9.75,39.0,1,0
,39181592,PE Kruger,male,South Africa,7,5,72,59,44,1,6,3,0,0,18.0,122.03,7,116,8,179,9.26,22.38,4,0
,6db7068e,RA Thomas,male,Canada,7,7,72,91,18,1,7,1,0,0,12.0,79.12,0,0,0,0,0.0,,0,0
,5f91b34e,Abdul Stanikzai,male,Germany,4,4,71,86,24,0,4,3,0,0,17.75,82.56,0,0,0,0,0.0,,0,0
,026e1314,Ali Yalmaz,male,Hungary,10,9,71,57,19,1,2,6,0,0,8.88,124.56,7,102,7,158,9.29,22.57,3,0
,8a99caa9,Ashwin Vinod,male,Switzerland,29,13,71,69,15,8,3,3,0,0,14.2,102.9,29,565,33,717,7.61,21.73,4,0
,a6755401,DS Maraiwai,male,Fiji,5,5,71,61,23,0,11,1,0,0,14.2,116.39,0,0,0,0,0.0,,0,0
,c1f05d1d,Jaweed Sadran,male,Austria,13,11,71,59,18,2,6,2,0,0,7.89,120.34,13,203,10,286,8.45,28.6,3,0
,d4e70d7c,Kapil Kumar,male,Philippines,5,5,71,104,23,0,6,2,0,0,14.2,68.27,0,0,0,0,0.0,,0,0
,5f5e0c8c,ML Udawatte,male,Sri Lanka,7,7,71,71,25,0,8,1,0,0,10.14,100.0,0,0,0,0,0.0,,0,0
,60b46ad1,MO Kain,male,United States of America,7,6,71,50,39,1,5,3,0,0,14.2,142.0,2,34,0,53,9.35,,0,0
,a025c156,Muhammad Saleem,male,Brazil,7,7,71,59,22,0,5,5,0,0,10.14,120.34,2,18,0,8,2.67,,0,0
,04420914,P Zuze,male,Malawi,12,12,71,110,21,1,6,0,0,0,6.45,64.55,0,0,0,0,0.0,,0,0
,5995707a,R Ankad,male,Mexico,12,9,71,100,20,2,5,0,0,0,10.14,71.0,10,198,14,159,4.82,11.36,3,0
,be37d889,R Walker,male,Cayman Islands,9,9,71,99,33,1,3,1,0,0,8.88,71.72,0,0,0,0,0.0,,0,0
,f49c401e,SH Obed,male,Vanuatu,16,11,71,67,21,6,4,2,0,0,14.2,105.97,12,180,11,206,6.87,18.73,3,0
,356bf068,Shamsullah Ehsan,male,Turkey,8,8,71,98,39,0,7,0,0,0,8.88,72.45,3,42,3,66,9.43,22.0,2,0
,87c93848,Wei Guo Lei,male,China,9,9,71,116,24,0,9,2,0,0,7.89,61.21,0,0,0,0,0.0,,0,0
,14f96089,A Zampa,male,Australia,113,26,70,89,13,11,6,0,0,0,4.67,78.65,113,2491,149,3063,7.38,20.56,5,1
,f10e94c4,AD Nath,male,United Arab Emirates,2,2,70,50,53,2,3,6,1,0,,140.0,0,0,0,0,0.0,,0,0
,13f21a98,Alexandros Karvelas,male,Greece,3,3,70,70,35,0,2,5,0,0,23.33,100.0,3,72,1,87,7.25,87.0,1,0
,5c88fab9,Awais Zia,male,Pakistan,5,5,70,80,23,0,4,3,0,0,14.0,87.5,0,0,0,0,0.0,,0,0
,3559290a,E Ul Haq,male,Norway,9,9,70,109,30,0,6,1,0,0,7.78,64.22,1,1,0,4,24.0,,0,0
,507dd87f,Gaurav Mishra,male,Romania,12,6,70,61,24,2,3,2,0,0,17.5,114.75,12,198,6,242,7.33,40.33,2,0
,568fe66e,I Stewart,male,Switzerland,7,6,70,51,27,5,6,2,0,0,70.0,137.25,7,102,5,173,10.18,34.6,4,0
,10c158cc,K Sonavale,male,Oman,6,6,70,73,20,0,8,1,0,0,11.67,95.89,2,9,0,17,11.33,,0,0
,8bba9ec2,KJ Young,male,Belize,5,5,70,78,42,0,8,2,0,0,14.0,89.74,3,73,3,92,7.56,30.67,2,0
,6020a3c6,KU Carty,male,West Indies,5,5,70,53,49,1,5,5,0,0,17.5,132.08,0,0,0,0,0.0,,0,0
,5ef3c310,M Shahbaz Butt,male,Norway,22,16,70,100,24,7,4,0,0,0,7.78,70.0,21,461,27,445,5.79,16.48,4,0
,ff86a0e1,Muhammad Kaleem,male,United Arab Emirates,7,7,70,93,50,0,6,2,1,0,10.0,75.27,0,0,0,0,0.0,,0,0
,993281c2,Muhammad Naeem,male,Cambodia,8,8,70,80,46,1,4,4,0,0,10.0,87.5,0,0,0,0,0.0,,0,0
,d7af6207,S Kamate,male,Mali,16,15,70,107,17,1,7,1,0,0,5.0,65.42,9,96,3,140,8.75,46.67,3,0
,6978bff0,Sajad Ahmadzai,male,Belgium,15,10,70,79,17,4,4,3,0,0,11.67,88.61,15,252,12,314,7.48,26.17,3,0
,7c05b23d,Syed Ahzamul Haq,male,Uzbekistan,4,4,70,64,55,3,5,5,1,0,70.0,109.38,2,36,2,61,10.17,30.5,1,0
,8d913205,Vishaul Singh,male,Suriname,8,8,70,105,30,1,2,0,0,0,10.0,66.67,2,30,2,42,8.4,21.0,1,0
,856dcfa8,A Nagarajan,male,Qatar,7,5,69,77,28,0,8,1,0,0,13.8,89.61,7,90,3,136,9.07,45.33,2,0
,66a7f213,Anas Khan,male,Hong Kong,23,9,69,79,21,3,5,2,0,0,11.5,87.34,20,363,31,394,6.51,12.71,4,0
,c8a18d94,C Hauptfleisch,male,Cayman Islands,5,5,69,84,42,0,4,2,0,0,13.8,82.14,0,0,0,0,0.0,,0,0
,b388d623,G Fatouros,male,Greece,3,3,69,54,50,0,6,3,1,0,23.0,127.78,3,54,3,67,7.44,22.33,2,0
,935305fd,J Stanigze,male,Sweden,7,5,69,58,33,1,3,5,0,0,17.25,118.97,6,100,6,123,7.38,20.5,2,0
,a73251ff,JN Dorji,male,Bhutan,7,7,69,88,30,0,8,0,0,0,9.86,78.41,0,0,0,0,0.0,,0,0
,a14b3bc0,Kawsar Khan,male,Brazil,6,6,69,72,28,1,5,2,0,0,13.8,95.83,6,144,10,135,5.62,13.5,4,0
,cebbf3c9,Myat Thu Aung,male,Myanmar,12,10,69,139,18,5,3,0,0,0,13.8,49.64,3,18,3,28,9.33,9.33,2,0
,8a28c5d4,Nadeem Khan,male,Oman,10,7,69,58,30,2,5,4,0,0,13.8,118.97,10,222,12,219,5.92,18.25,4,0
,3f05c34d,Raihan Hossain,male,Timor-Leste,8,8,69,126,19,0,3,0,0,0,8.62,54.76,3,48,1,67,8.38,67.0,1,0
,fdedb37c,SM Katich,male,Australia,2,2,69,47,39,0,8,2,0,0,34.5,146.81,0,0,0,0,0.0,,0,0
,1abb78f8,SN Thakur,male,India,23,6,69,38,22,3,5,4,0,0,23.0,181.58,23,488,33,741,9.11,22.45,4,0
,e76c8732,T Amarmend,male,Mongolia,13,12,69,157,21,1,6,1,0,0,6.27,43.95,10,176,8,272,9.27,34.0,2,0
,98e908bd,TB Sole,male,Scotland,7,6,69,43,33,2,9,1,0,0,17.25,160.47,5,102,4,111,6.53,27.75,2,0
,384fa385,TL Cutler,male,Vanuatu,14,8,69,64,34,3,2,6,0,0,13.8,107.81,14,288,12,360,7.5,30.0,3,0
,755819f4,Zafer Durmaz,male,Turkey,8,8,69,55,49,1,8,2,0,0,9.86,125.45,6,66,3,78,7.09,26.0,2,0
,f7b2cbe8,C Viljoen,male,Namibia,12,6,68,69,33,2,7,1,0,0,17.0,98.55,12,223,20,236,6.35,11.8,5,1
,76177951,G Murali,male,Costa Rica,4,4,68,103,34,0,3,2,0,0,17.0,66.02,0,0,0,0,0.0,,0,0
,6d2081aa,KA Vimlesh,male,Romania,6,6,68,69,39,4,5,0,0,0,34.0,98.55,0,0,0,0,0.0,,0,0
,c2ecd4a7,N Ahir,male,Panama,9,6,68,120,23,2,2,2,0,0,17.0,56.67,7,90,2,152,10.13,76.0,1,0
,529eb9e0,OC McCoy,male,West Indies,42,14,68,67,23,7,7,4,0,0,9.71,101.49,41,808,49,1188,8.82,24.24,6,1
,856fc47a,S Bangera,male,Israel,9,9,68,91,23,0,7,0,0,0,7.56,74.73,0,0,0,0,0.0,,0,0
,c7e3c349,S Samal,male,Rwanda,4,4,68,56,31,0,5,3,0,0,17.0,121.43,0,0,0,0,0.0,,0,0
,4dd6a707,Sazzad Hosen,male,Belgium,7,7,68,72,28,0,10,0,0,0,9.71,94.44,1,12,0,22,11.0,,0,0
,24ecc358,TM Dowlin,male,West Indies,2,2,68,68,37,1,8,0,0,0,68.0,100.0,0,0,0,0,0.0,,0,0
,98aa2a5a,A McKnight,male,Turks and Caicos Island,2,2,67,73,40,0,6,2,0,0,33.5,91.78,0,0,0,0,0.0,,0,0
,6d9d2de7,AN Aminou,male,Cameroon,12,12,67,63,22,2,2,4,0,0,6.7,106.35,0,0,0,0,0.0,,0,0
,2e81a32d,B Kumar,male,India,85,19,67,94,16,11,0,0,0,0,8.38,71.28,85,1767,85,2075,7.05,24.41,5,1
,c810b349,JAD Lawrenson,male,Jersey,6,6,67,79,22,1,4,0,0,0,13.4,84.81,0,0,0,0,0.0,,0,0
,e51abd5e,LR Gaonkar,male,Panama,6,6,67,80,23,0,4,1,0,0,11.17,83.75,2,36,1,43,7.17,43.0,1,0
,642d2883,Meet Ahir,male,Panama,4,4,67,68,43,2,5,2,0,0,33.5,98.53,0,0,0,0,0.0,,0,0
,f8e3c0f8,Omair Yousuf,male,Pakistan,6,6,67,64,22,2,6,2,0,0,16.75,104.69,0,0,0,0,0.0,,0,0
,375322d1,A Osei,male,Ghana,9,9,66,123,13,0,4,1,0,0,7.33,53.66,0,0,0,0,0.0,,0,0
,d68f4aa1,AJ Michael,male,Samoa,5,5,66,79,20,0,5,1,0,0,13.2,83.54,3,46,2,52,6.78,26.0,1,0
,2fff8b43,AK Gokoel,male,Suriname,13,10,66,117,34,2,2,0,0,0,8.25,56.41,13,264,15,270,6.14,18.0,3,0
,8e554b6b,Abdul Samad,male,Pakistan,4,4,66,58,44,0,4,3,0,0,16.5,113.79,0,0,0,0,0.0,,0,0
,684dc2da,Abraash Khan,male,Canada,4,4,66,60,22,0,7,1,0,0,16.5,110.0,0,0,0,0,0.0,,0,0
,b7646e8c,GEF Barnett,male,Canada,2,2,66,48,36,0,9,0,0,0,33.0,137.5,1,6,0,11,11.0,,0,0
,d996ba33,J Kila,male,Papua New Guinea,14,8,66,46,27,3,4,5,0,0,13.2,143.48,9,102,3,99,5.82,33.0,1,0
,07e5bda2,L Monanthane,male,Lesotho,11,10,66,95,33,0,3,1,0,0,6.6,69.47,11,166,7,225,8.13,32.14,2,0
,f104c434,Muhammad Wafiq,male,Malaysia,36,17,66,80,16,6,3,4,0,0,6.0,82.5,36,651,28,832,7.67,29.71,3,0
,3924b2ee,NR Johns-Wickberg,male,Serbia,17,10,66,89,24,4,8,0,0,0,11.0,74.16,16,333,19,363,6.54,19.11,3,0
,30b902a3,P Heron,male,Cayman Islands,6,6,66,90,31,1,3,2,0,0,13.2,73.33,0,0,0,0,0.0,,0,0
,a6cbe67b,Rhys Burinaga,male,Philippines,12,12,66,87,22,2,1,1,0,0,6.6,75.86,3,49,6,58,7.1,9.67,4,0
,fb0d3749,Zameer Khan,male,Denmark,5,5,66,92,22,0,5,0,0,0,13.2,71.74,0,0,0,0,0.0,,0,0
,9f0270e0,AG Cremer,male,Zimbabwe,31,16,65,99,17,4,2,0,0,0,5.42,65.66,30,612,32,761,7.46,23.78,3,0
,d5f96736,DPS Tyagi,male,Singapore,11,10,65,57,26,4,4,3,0,0,10.83,114.04,10,198,14,264,8.0,18.86,3,0
,4948a447,Farhad Reza,male,Bangladesh,11,8,65,80,19,0,3,2,0,0,8.12,81.25,10,151,5,259,10.29,51.8,2,0
,75a58f94,Ihsanullah Wafa,male,Sweden,4,4,65,50,32,0,3,4,0,0,16.25,130.0,2,12,1,16,8.0,16.0,1,0
,b7abb123,JB Abega,male,Cameroon,20,18,65,123,15,1,6,0,0,0,3.82,52.85,19,331,22,388,7.03,17.64,5,1
,e174dadd,Mohammad Amir,male,Pakistan,61,14,65,75,21,6,3,3,0,0,8.12,86.67,61,1322,71,1558,7.07,21.94,4,0
,46e64b28,Muhammad Adil,male,Bahrain,3,2,65,31,45,0,5,5,0,0,32.5,209.68,3,42,3,61,8.71,20.33,2,0
,7503149b,Nawazish Akhtar,male,Saudi Arabia,6,6,65,69,18,2,4,1,0,0,16.25,94.2,0,0,0,0,0.0,,0,0
,6d5bdc43,Nazril Rahman,male,Malaysia,10,6,65,63,24,1,5,1,0,0,13.0,103.17,8,96,3,163,10.19,54.33,2,0
,df064e1a,Ravi Bishnoi,male,India,44,13,65,52,10,6,9,1,0,0,9.29,125.0,44,1018,64,1253,7.39,19.58,4,0
,30b93df1,Rupesh Singh,male,Nepal,4,3,65,43,43,1,2,4,0,0,32.5,151.16,3,60,2,96,9.6,48.0,1,0
,7595b47f,Shariz Ahmad,male,Netherlands,13,7,65,63,16,2,5,0,0,0,13.0,103.17,12,168,8,222,7.93,27.75,2,0
,b9d8abd3,Vishal Sharma,male,Norway,8,8,65,94,23,0,3,1,0,0,8.12,69.15,2,18,1,38,12.67,38.0,1,0
,61b69c02,Zakria Atiq Butt,male,France,5,5,65,55,59,0,6,3,1,0,13.0,118.18,0,0,0,0,0.0,,0,0
,6ddaee2d,Abrar Bilal,male,Austria,6,6,64,72,19,1,3,1,0,0,12.8,88.89,0,0,0,0,0.0,,0,0
,1a9e9efe,Bilal Hassun,male,Uganda,35,13,64,62,20,5,6,2,0,0,8.0,103.23,35,684,50,779,6.83,15.58,4,0
,3a1c34e6,D Gim,male,Nigeria,13,12,64,116,13,2,0,1,0,0,6.4,55.17,4,36,2,65,10.83,32.5,1,0
,2e2fe3e8,DP Hyatt,male,West Indies,5,5,64,54,28,1,4,4,0,0,16.0,118.52,0,0,0,0,0.0,,0,0
,aa710a58,EN Gay,male,Italy,3,3,64,30,50,0,9,2,1,0,21.33,213.33,0,0,0,0,0.0,,0,0
,58edb974,Irshad Mubbashar,male,Saudi Arabia,5,4,64,75,21,0,2,2,0,0,16.0,85.33,2,12,1,22,11.0,22.0,1,0
,1a3295a1,J Wilson,male,Gibraltar,11,5,64,42,31,2,4,5,0,0,21.33,152.38,11,171,8,306,10.74,38.25,2,0
,6af31962,JS Iggo,male,Singapore,6,6,64,79,31,0,4,1,0,0,10.67,81.01,3,48,2,68,8.5,34.0,1,0
,684d21d7,M Bhanuka,male,Sri Lanka,4,4,64,66,36,0,7,0,0,0,16.0,96.97,0,0,0,0,0.0,,0,0
,85dcc96d,N Wijesekera,male,Austria,8,8,64,83,28,2,4,1,0,0,10.67,77.11,0,0,0,0,0.0,,0,0
,67721a32,S Santhirakumaran,male,France,5,5,64,95,34,0,6,0,0,0,12.8,67.37,0,0,0,0,0.0,,0,0
,a6941f24,S Shermatov,male,Uzbekistan,4,4,64,64,53,0,2,6,1,0,16.0,100.0,1,6,0,31,31.0,,0,0
,a64e3b89,SK Atai,male,Papua New Guinea,14,11,64,59,28,3,5,1,0,0,8.0,108.47,9,90,3,110,7.33,36.67,1,0
,80ba2fe8,T Kaisala,male,Samoa,4,4,64,73,35,1,6,2,0,0,21.33,87.67,0,0,0,0,0.0,,0,0
,e86754b2,TK Curran,male,England,29,12,64,56,14,6,1,4,0,0,10.67,114.29,29,588,29,907,9.26,31.28,4,0
,8160713d,AW Hawkins-Kay,male,Jersey,9,8,63,82,27,2,2,0,0,0,10.5,76.83,9,132,8,161,7.32,20.12,2,0
,4f21dc48,Ahsan Abbasi,male,Hong Kong,5,5,63,69,18,0,7,0,0,0,12.6,91.3,0,0,0,0,0.0,,0,0
,449f4e3c,B Muzarabani,male,Zimbabwe,86,26,63,84,9,11,7,2,0,0,4.2,75.0,86,1873,101,2179,6.98,21.57,4,0
,e1b9f3a9,BJ Dwarshuis,male,Australia,15,11,63,79,17,3,2,1,0,0,7.88,79.75,15,342,22,536,9.4,24.36,4,0
,68e7e8d5,J Henry,male,St Helena,8,7,63,73,23,0,3,3,0,0,9.0,86.3,6,82,4,119,8.71,29.75,2,0
,7a12be0a,KD Clarke,male,New Zealand,4,4,63,48,51,0,9,1,1,0,15.75,131.25,0,0,0,0,0.0,,0,0
,3f18724b,MC Sorensen,male,Ireland,17,8,63,61,26,3,1,2,0,0,12.6,103.28,16,270,19,335,7.44,17.63,3,0
,c45701b6,MP Biddappa,male,Philippines,5,5,63,101,26,1,4,1,0,0,15.75,62.38,0,0,0,0,0.0,,0,0
,b5417394,Noorkhan Ahmedi,male,Switzerland,5,5,63,49,32,0,7,2,0,0,12.6,128.57,1,12,1,12,6.0,12.0,1,0
,b504e8b8,P Hatchman,male,Gibraltar,8,8,63,74,22,1,3,2,0,0,9.0,85.14,0,0,0,0,0.0,,0,0
,704e0160,A Nanda,male,Luxembourg,25,12,62,64,21,5,3,3,0,0,8.86,96.88,25,492,23,651,7.94,28.3,3,0
,88251c6c,Asrar Ahmed,male,Greece,3,3,62,66,39,2,8,1,0,0,62.0,93.94,3,66,3,117,10.64,39.0,2,0
,871cf744,Deng Jinqi,male,China,6,6,62,109,38,1,2,0,0,0,12.4,56.88,5,80,3,119,8.93,39.67,2,0
,24776ac5,GH Smit,male,Guernsey,3,3,62,56,56,0,5,1,1,0,20.67,110.71,0,0,0,0,0.0,,0,0
,fc2ddc2c,H Pieterse,male,South Africa,1,1,62,34,62,0,4,3,1,0,62.0,182.35,1,18,1,11,3.67,11.0,1,0
,58c0c30c,L Maximo,male,Brazil,12,12,62,112,12,2,4,0,0,0,6.2,55.36,0,0,0,0,0.0,,0,0
,e5ad357a,MD du Preez,male,Namibia,2,2,62,58,33,2,5,1,0,0,,106.9,0,0,0,0,0.0,,0,0
,4a36c370,N Madziva,male,Zimbabwe,12,8,62,61,28,4,4,3,0,0,15.5,101.64,12,239,12,342,8.59,28.5,4,0
,1335107b,S Bharratt,male,Suriname,6,6,62,72,28,1,8,0,0,0,12.4,86.11,0,0,0,0,0.0,,0,0
,3f9feb1e,S Sola,male,Samoa,19,13,62,97,15,2,7,0,0,0,5.64,63.92,18,335,19,366,6.56,19.26,3,0
,53494306,Shahzeb Afridi,male,Qatar,4,4,62,35,35,2,2,6,0,0,31.0,177.14,0,0,0,0,0.0,,0,0
,3bf7c034,Sultan Ahmed,male,Oman,8,8,62,57,37,2,6,0,0,0,10.33,108.77,0,0,0,0,0.0,,0,0
,c9a38569,Zakir Husain Patel,male,Zambia,5,4,62,42,30,2,7,3,0,0,31.0,147.62,5,78,3,97,7.46,32.33,2,0
,5b16a806,A Dananjaya,male,Sri Lanka,32,14,61,71,11,6,6,0,0,0,7.62,85.92,32,677,28,928,8.22,33.14,3,0
,f41598c1,AN Cook,male,England,4,4,61,54,26,0,10,0,0,0,15.25,112.96,0,0,0,0,0.0,,0,0
,5038c022,Asad Mahmood,male,Switzerland,5,5,61,50,33,0,3,4,0,0,12.2,122.0,0,0,0,0,0.0,,0,0
,cedf2c91,Chamalka Fernando,male,Romania,7,6,61,53,24,1,7,0,0,0,12.2,115.09,1,18,0,37,12.33,,0,0
,1c044b2e,EM Turay,male,Sierra Leone,6,6,61,73,35,2,7,0,0,0,15.25,83.56,0,0,0,0,0.0,,0,0
,dba54d8e,JA Burrows,male,Isle of Man,24,15,61,72,28,1,6,1,0,0,4.36,84.72,24,433,32,538,7.45,16.81,4,0
,d54397b8,Muhammad Babar,male,Spain,2,2,61,35,46,0,3,7,0,0,30.5,174.29,0,0,0,0,0.0,,0,0
,24a93558,OE Taylor,male,Cook Islands,17,10,61,104,22,2,2,0,0,0,7.62,58.65,15,282,26,323,6.87,12.42,5,1
,024fe464,PD McGlashan,male,New Zealand,9,9,61,64,26,1,6,2,0,0,7.62,95.31,0,0,0,0,0.0,,0,0
,b70ec03e,S Gulecha,male,Singapore,7,7,61,55,23,0,6,3,0,0,8.71,110.91,3,48,0,50,6.25,,0,0
,e4bc45e0,T Brown,male,Bahamas,7,7,61,107,22,1,2,1,0,0,10.17,57.01,3,72,3,51,4.25,17.0,2,0
,5afc0b37,Yusuf Bhoola,male,Panama,7,7,61,86,27,0,8,1,0,0,8.71,70.93,0,0,0,0,0.0,,0,0
,5772882c,Amal Jacob,male,Hungary,18,16,60,97,18,8,4,0,0,0,7.5,61.86,15,270,13,358,7.96,27.54,3,0
,3a6c6e3a,Ammad Uddin,male,Bahrain,5,5,60,38,41,2,5,4,0,0,20.0,157.89,1,6,0,10,10.0,,0,0
,f97e4db3,D Dewald,male,Belgium,8,5,60,84,25,0,4,0,0,0,12.0,71.43,8,174,8,190,6.55,23.75,2,0
,0d37dea9,DE Budge,male,Scotland,6,6,60,62,24,2,2,3,0,0,15.0,96.77,1,6,1,18,18.0,18.0,1,0
,9a8e35ea,Eranga De Silva,male,Romania,5,5,60,44,20,2,8,1,0,0,20.0,136.36,0,0,0,0,0.0,,0,0
,9dc8bc5c,Ibrar Ahmad,male,Hungary,8,7,60,41,16,2,4,4,0,0,12.0,146.34,8,123,10,227,11.07,22.7,5,1
,5c124657,Irfan Ahmed,male,Hong Kong,6,6,60,71,34,0,4,4,0,0,10.0,84.51,6,126,10,142,6.76,14.2,3,0
,1afdbdbf,JWM Dalrymple,male,England,3,3,60,57,32,0,6,0,0,0,20.0,105.26,3,30,2,39,7.8,19.5,1,0
,c1c47acd,MR Kumar,male,United Arab Emirates,6,6,60,66,21,1,4,2,0,0,12.0,90.91,0,0,0,0,0.0,,0,0
,de0a3209,Mominul Haque,male,Bangladesh,5,4,60,49,26,1,5,2,0,0,20.0,122.45,2,18,0,32,10.67,,0,0
,c62a0327,N Krishna,male,Seychelles,14,11,60,80,20,3,7,0,0,0,7.5,75.0,12,178,12,262,8.83,21.83,2,0
,f4e3d407,Nikhil,male,Uzbekistan,4,4,60,56,35,1,3,5,0,0,20.0,107.14,1,18,1,26,8.67,26.0,1,0
,1b6fef02,P Mustard,male,England,2,2,60,37,40,0,5,4,0,0,30.0,162.16,0,0,0,0,0.0,,0,0
,75657526,Patrick Nou,male,Papua New Guinea,8,8,60,58,19,2,6,2,0,0,10.0,103.45,3,24,0,24,6.0,,0,0
,490f475a,RD Atangana,male,Cameroon,15,13,60,95,28,4,3,1,0,0,6.67,63.16,12,212,14,149,4.22,10.64,3,0
,e9bdb79b,Sherul Mehta,male,Belgium,3,3,60,88,40,0,6,0,0,0,20.0,68.18,0,0,0,0,0.0,,0,0
,07687c15,Sultan Ahmed,male,United Arab Emirates,21,14,60,62,18,4,1,4,0,0,6.0,96.77,21,423,20,396,5.62,19.8,4,0
,c8ad0749,AK Perera,male,Sri Lanka,6,5,59,65,16,0,5,1,0,0,11.8,90.77,1,6,0,17,17.0,,0,0
,9d710afe,DR Flynn,male,New Zealand,5,5,59,51,23,0,1,4,0,0,11.8,115.69,1,6,0,7,7.0,,0,0
,8c11c10a,DR Tawake,male,Fiji,6,6,59,79,18,0,5,0,0,0,9.83,74.68,0,0,0,0,0.0,,0,0
,53419aff,J Ghadiyali,male,Swaziland,5,5,59,76,24,0,6,0,0,0,11.8,77.63,4,59,4,54,5.49,13.5,3,0
,6531eeea,Kamrul Hasan,male,Eswatini,3,3,59,45,49,0,4,6,0,0,19.67,131.11,0,0,0,0,0.0,,0,0
,f834dcfc,L Ngidi,male,South Africa,63,18,59,72,13,13,5,1,0,0,11.8,81.94,63,1275,87,1840,8.66,21.15,5,1
,266f7543,M Ravula,male,Fiji,2,2,59,59,47,1,5,1,0,0,59.0,100.0,0,0,0,0,0.0,,0,0
,0939c670,MA Ouma,male,Kenya,11,11,59,76,13,1,9,0,0,0,5.9,77.63,0,0,0,0,0.0,,0,0
,dc39e9ab,Mandeep Singh,male,Norway,4,4,59,54,31,1,3,1,0,0,19.67,109.26,0,0,0,0,0.0,,0,0
,fd43bb69,PS Roberts,male,Croatia,4,4,59,56,39,2,5,0,0,0,29.5,105.36,4,54,1,63,7.0,63.0,1,0
,37a1766e,SP Guzman,male,Panama,6,6,59,75,17,0,7,0,0,0,9.83,78.67,0,0,0,0,0.0,,0,0
,251eb801,Sinan Khan,male,Greece,8,8,59,58,17,0,5,2,0,0,7.38,101.72,6,84,8,129,9.21,16.12,3,0
,6dba59e0,Syazrul Idrus,male,Malaysia,26,13,59,59,10,5,4,3,0,0,7.38,100.0,25,468,42,560,7.18,13.33,7,1
,3bc18521,VF Bomnyuy,male,Cameroon,8,8,59,82,16,3,6,0,0,0,11.8,71.95,4,54,1,49,5.44,49.0,1,0
,5de198db,Abdullah Akbarjan,male,Austria,21,13,58,84,13,4,3,1,0,0,6.44,69.05,21,428,28,483,6.77,17.25,4,0
,39f0b039,Baljit Singh,male,Italy,7,6,58,52,45,1,3,2,0,0,11.6,111.54,7,120,5,116,5.8,23.2,4,0
,84624717,D Ganesh,male,Costa Rica,8,8,58,79,36,2,5,2,0,0,9.67,73.42,8,180,8,185,6.17,23.12,2,0
,62141a22,Gayan Munaweera,male,Qatar,18,10,58,43,22,7,6,2,0,0,19.33,134.88,18,336,20,467,8.34,23.35,2,0
,0d38ab25,H Fennell,male,Argentina,30,14,58,59,19,2,4,2,0,0,4.83,98.31,30,628,45,637,6.09,14.16,5,1
,d3eedb51,I Mugisha,male,Rwanda,15,9,58,54,16,2,1,5,0,0,8.29,107.41,15,222,10,270,7.3,27.0,2,0
,17a4ff00,Inshaf Farook,male,Lesotho,5,5,58,63,28,1,3,3,0,0,14.5,92.06,5,102,5,89,5.24,17.8,2,0
,913b4b9f,J Grassi,male,Italy,4,4,58,63,20,0,2,2,0,0,14.5,92.06,0,0,0,0,0.0,,0,0
,b7f70e36,K Modise,male,Botswana,7,7,58,63,25,0,8,1,0,0,8.29,92.06,2,30,3,41,8.2,13.67,3,0
,5335c5a7,M Vaik,male,Estonia,10,10,58,106,14,2,1,0,0,0,7.25,54.72,0,0,0,0,0.0,,0,0
,cee89f44,Mohammad Usman,male,United Arab Emirates,2,2,58,61,49,1,4,3,0,0,58.0,95.08,0,0,0,0,0.0,,0,0
,d73891ad,PK Mohanarangam,male,Mexico,7,6,58,74,27,0,4,1,0,0,9.67,78.38,7,136,12,77,3.4,6.42,4,0
,2c13defe,TM Odoyo,male,Kenya,7,6,58,74,22,0,6,1,0,0,9.67,78.38,6,126,9,106,5.05,11.78,3,0
,edaae5f4,Abdur Rahman Sudais,male,Sweden,3,3,57,45,36,1,3,4,0,0,28.5,126.67,0,0,0,0,0.0,,0,0
,54279e23,Alok Kapali,male,Bangladesh,7,7,57,84,19,2,3,1,0,0,11.4,67.86,2,30,2,35,7.0,17.5,2,0
,a81d6706,C Jonker,male,South Africa,2,2,57,29,49,0,5,3,0,0,28.5,196.55,0,0,0,0,0.0,,0,0
,c46e9e56,CJO Smith,male,Scotland,5,5,57,50,46,1,6,0,0,0,14.25,114.0,0,0,0,0,0.0,,0,0
,57618587,G Newton,male,Isle of Man,7,4,57,49,27,3,2,0,0,0,57.0,116.33,7,141,6,124,5.28,20.67,3,0
,a0a32dd1,Imran Khan,male,Portugal,6,5,57,47,36,1,5,3,0,0,14.25,121.28,2,36,1,26,4.33,26.0,1,0
,056b433b,Ishtiaq Ahmad,male,Saudi Arabia,41,12,57,39,16,4,1,6,0,0,7.12,146.15,41,878,62,1000,6.83,16.13,5,1
,1c8cd1c3,J Horrocks,male,Gibraltar,21,10,57,56,20,5,2,1,0,0,11.4,101.79,18,312,11,459,8.83,41.73,2,0
,656fc15b,Jobayer Hossen,male,Seychelles,8,6,57,77,26,2,6,2,0,0,14.25,74.03,8,150,10,181,7.24,18.1,5,1
,9818cc88,M Kyriacou,male,Cyprus,4,4,57,76,44,1,1,2,0,0,19.0,75.0,1,15,0,30,12.0,,0,0
,008a024c,M Mooketsi,male,Botswana,48,20,57,108,10,6,2,0,0,0,4.07,52.78,48,1036,58,1050,6.08,18.1,4,0
,f681481e,Muhammad Nadeem,male,South Korea,6,4,57,55,24,1,3,2,0,0,19.0,103.64,6,84,5,100,7.14,20.0,2,0
,5a4c12ab,Sohag Gazi,male,Bangladesh,10,6,57,59,24,2,3,1,0,0,14.25,96.61,10,210,4,299,8.54,74.75,1,0
,15322a7b,TA Dudnath,male,Suriname,7,6,57,92,18,0,0,2,0,0,9.5,61.96,5,84,5,86,6.14,17.2,2,0
,d08fe309,TG Thamae,male,Lesotho,12,8,57,54,19,1,7,1,0,0,8.14,105.56,8,150,5,225,9.0,45.0,2,0
,4a78f962,V Zanko,male,Croatia,10,9,57,150,16,0,6,0,0,0,6.33,38.0,5,40,3,56,8.4,18.67,2,0
,ebb74564,A Simelane,male,South Africa,11,8,56,57,13,1,4,2,0,0,8.0,98.25,11,174,9,299,10.31,33.22,2,0
,a48c9735,Amir Mangal,male,Germany,6,6,56,39,18,2,3,3,0,0,14.0,143.59,1,18,1,17,5.67,17.0,1,0
,5eba6319,Faisal Safi,male,France,4,4,56,51,43,0,10,0,0,0,14.0,109.8,0,0,0,0,0.0,,0,0
,fd8f11e9,JM How,male,New Zealand,5,5,56,66,31,0,5,1,0,0,11.2,84.85,0,0,0,0,0.0,,0,0
,6e60a792,MJ Ansell,male,Isle of Man,25,10,56,64,17,3,2,3,0,0,8.0,87.5,24,519,26,480,5.55,18.46,4,0
,175937f6,R Sandeep,male,Eswatini,12,10,56,83,16,2,3,3,0,0,7.0,67.47,12,176,5,159,5.42,31.8,2,0
,fb27d38c,S Waqas Ahmed,male,Norway,9,8,56,69,32,4,4,0,0,0,14.0,81.16,8,138,8,154,6.7,19.25,2,0
,4175d211,SK Springer,male,West Indies,5,4,56,42,39,1,4,3,0,0,18.67,133.33,5,84,5,133,9.5,26.6,1,0
,4c4fa80b,SMSM Senanayake,male,Sri Lanka,23,11,56,65,17,5,3,1,0,0,9.33,86.15,23,486,25,549,6.78,21.96,4,0
,a20e61b2,Shadreck Malama,male,Zambia,4,4,56,51,49,0,3,4,0,0,14.0,109.8,0,0,0,0,0.0,,0,0
,3cf5a041,VN Veetil,male,Qatar,7,4,56,55,53,2,2,3,1,0,28.0,101.82,7,124,4,165,7.98,41.25,1,0
,b858be20,AV Lalcheta,male,Oman,12,7,55,53,20,1,3,3,0,0,9.17,103.77,11,228,6,261,6.87,43.5,1,0
,dadb9703,B Mavuta,male,Zimbabwe,11,7,55,42,28,4,3,2,0,0,18.33,130.95,11,204,10,230,6.76,23.0,3,0
,f708a0bc,GB Hogg,male,Australia,15,4,55,39,41,0,3,3,0,0,13.75,141.03,15,294,7,373,7.61,53.29,2,0
,e03ca117,K Kato-Stafford,male,Japan,12,8,55,45,21,4,7,1,0,0,13.75,122.22,12,152,16,125,4.93,7.81,5,1
,34cca64a,KM Venkataswamy,male,Czech Republic,1,1,55,40,55,0,3,2,1,0,55.0,137.5,0,0,0,0,0.0,,0,0
,b3092fc4,L Maphane,male,Botswana,6,6,55,55,20,0,2,2,0,0,9.17,100.0,2,7,1,15,12.86,15.0,1,0
,d1c7dd6d,MJ Ross,male,Italy,4,4,55,39,34,1,2,3,0,0,18.33,141.03,4,48,2,62,7.75,31.0,1,0
,caf1b14c,N Deonarine,male,West Indies,7,7,55,53,36,2,5,0,0,0,11.0,103.77,4,54,0,87,9.67,,0,0
,424a7994,Nilansh Keswani,male,United Arab Emirates,12,7,55,51,31,5,5,0,0,0,27.5,107.84,12,257,11,285,6.65,25.91,2,0
,b68b1633,P Vekaria,male,Rwanda,7,6,55,38,20,4,3,4,0,0,27.5,144.74,7,126,3,157,7.48,52.33,1,0
,c3ba4942,R Siriwardena,male,Cyprus,16,10,55,79,18,4,6,0,0,0,9.17,69.62,10,171,18,275,9.65,15.28,4,0
,a670d624,RR Watson,male,Scotland,5,5,55,46,27,0,8,0,0,0,11.0,119.57,3,42,3,58,8.29,19.33,1,0
,4cc59a40,Said Hakim,male,Belgium,4,3,55,37,28,1,8,1,0,0,27.5,148.65,3,42,0,58,8.29,,0,0
,a818c1be,TA Boult,male,New Zealand,59,12,55,57,16,5,3,2,0,0,7.86,96.49,59,1341,78,1740,7.79,22.31,4,0
,5feead83,TT Maposa,male,Zimbabwe,19,11,55,54,12,7,3,1,0,0,13.75,101.85,19,320,15,488,9.15,32.53,2,0
,af8d9fd9,Yasir Mehmood,male,Cyprus,4,3,55,52,31,3,2,3,0,0,,105.77,4,72,4,83,6.92,20.75,3,0
,6a88d66d,Abdul Naser Baluch,male,Sweden,22,12,54,61,16,1,1,4,0,0,4.91,88.52,22,473,35,551,6.99,15.74,4,0
,ad1730bc,Ariful Haque,male,Bangladesh,7,7,54,57,18,3,4,0,0,0,13.5,94.74,0,0,0,0,0.0,,0,0
,b0ef0346,Faisal Javed,male,Qatar,4,4,54,26,29,0,8,3,0,0,13.5,207.69,0,0,0,0,0.0,,0,0
,8b39d02a,H McAleer,male,Isle of Man,5,5,54,75,23,0,3,0,0,0,10.8,72.0,0,0,0,0,0.0,,0,0
,70abbb67,Ismaeel Zia,male,Sweden,6,6,54,68,22,0,6,0,0,0,9.0,79.41,0,0,0,0,0.0,,0,0
,11b785d6,J Thomas,male,St Helena,9,6,54,86,26,1,2,0,0,0,10.8,62.79,6,102,5,132,7.76,26.4,2,0
,3cf54e77,Khawaja Nafay,male,Pakistan,4,4,54,35,26,0,3,3,0,0,13.5,154.29,0,0,0,0,0.0,,0,0
,40ff8e58,LA Goncalves,male,Brazil,9,7,54,56,24,1,5,1,0,0,9.0,96.43,8,102,7,128,7.53,18.29,3,0
,a92609f2,Muhammad Burhan,male,Hungary,11,9,54,46,16,0,5,1,0,0,6.0,117.39,11,210,12,253,7.23,21.08,4,0
,90a8dfec,P Abanda,male,Cameroon,9,9,54,88,16,0,7,1,0,0,6.0,61.36,0,0,0,0,0.0,,0,0
,727b313a,Rashid Hashmi,male,Croatia,4,4,54,62,28,0,4,1,0,0,13.5,87.1,0,0,0,0,0.0,,0,0
,fec50c96,SMA Priyanjan,male,Sri Lanka,3,3,54,62,40,2,1,2,0,0,54.0,87.1,0,0,0,0,0.0,,0,0
,f4000a7d,SN Pathirana,male,Cyprus,11,11,54,86,16,4,0,1,0,0,7.71,62.79,0,0,0,0,0.0,,0,0
,9a6b71d1,SP Khakurel,male,Nepal,6,6,54,79,22,0,4,0,0,0,9.0,68.35,0,0,0,0,0.0,,0,0
,730d2283,Saghir Khan,male,United Arab Emirates,6,5,54,33,28,2,4,4,0,0,18.0,163.64,6,126,10,178,8.48,17.8,3,0
,6d9238ac,Serdar Burak Emir,male,Turkey,11,10,54,65,42,0,5,3,0,0,5.4,83.08,10,126,6,255,12.14,42.5,2,0
,dfa6db1a,Vichanath Singh,male,Thailand,13,9,54,95,18,1,1,0,0,0,6.75,56.84,11,213,6,204,5.75,34.0,2,0
,161641cd,Aamer Ikram,male,Portugal,3,3,53,67,23,0,3,4,0,0,17.67,79.1,0,0,0,0,0.0,,0,0
,921292ca,Akhter Pacha Sher,male,Norway,3,3,53,35,53,0,3,5,1,0,17.67,151.43,0,0,0,0,0.0,,0,0
,ccda520f,Anik Ahmed,male,Italy,4,4,53,58,26,2,2,0,0,0,26.5,91.38,4,54,2,76,8.44,38.0,2,0
,1e25b5bf,C Carter,male,Hong Kong,4,4,53,59,17,1,3,0,0,0,17.67,89.83,0,0,0,0,0.0,,0,0
,23eeb873,DL Chahar,male,India,24,4,53,28,31,2,4,4,0,0,26.5,189.29,24,516,31,719,8.36,23.19,6,1
,cacd240a,J Suleman,male,Eswatini,4,4,53,61,35,0,2,3,0,0,13.25,86.89,0,0,0,0,0.0,,0,0
,dcd05452,Lalu Bhai Ahir,male,Panama,4,4,53,74,24,1,4,0,0,0,17.67,71.62,4,84,6,78,5.57,13.0,3,0
,4e3fd330,S Kushretha,male,Luxembourg,11,6,53,70,28,1,3,0,0,0,10.6,75.71,11,252,16,267,6.36,16.69,3,0
,0c24fb7b,S Yeshi,male,Bhutan,36,17,53,76,13,6,4,2,0,0,4.82,69.74,35,726,35,673,5.56,19.23,8,1
,f8279d15,Sajid Patel,male,Lesotho,4,4,53,59,42,0,7,0,0,0,13.25,89.83,0,0,0,1,0.0,,0,0
,bed559c8,Sobu George,male,Malta,3,2,53,41,27,0,4,2,0,0,26.5,129.27,1,6,0,19,19.0,,0,0
,b0e08fde,Usman Limbada,male,Canada,3,3,53,41,21,2,6,0,0,0,53.0,129.27,0,0,0,0,0.0,,0,0
,dd5a9067,V Baskaran,male,Singapore,31,15,53,85,14,4,1,0,0,0,4.82,62.35,31,575,28,706,7.37,25.21,3,0
,29b89ae8,WB Rankin,male,Ireland,40,12,53,61,16,7,3,2,0,0,10.6,86.89,40,870,44,928,6.4,21.09,3,0
,9d0344f3,Akif Raja,male,United Arab Emirates,19,5,52,44,28,3,5,1,0,0,26.0,118.18,19,336,18,433,7.73,24.06,3,0
,c6614fc0,DNA Ankrah,male,Ghana,10,8,52,75,24,1,4,1,0,0,7.43,69.33,6,84,2,120,8.57,60.0,1,0
,8b89eb80,Faizan Asif,male,United Arab Emirates,5,5,52,45,17,0,5,2,0,0,10.4,115.56,0,0,0,0,0.0,,0,0
,6ecd3d7b,GE Gutierrez Chavez,male,Mexico,5,5,52,65,25,1,4,2,0,0,13.0,80.0,1,3,1,1,2.0,1.0,1,0
,7839bf3a,HS Baidwan,male,Canada,7,5,52,43,21,1,4,1,0,0,13.0,120.93,7,126,7,157,7.48,22.43,3,0
,3e326efc,JNT Vare,male,Papua New Guinea,5,5,52,57,38,0,3,0,0,0,10.4,91.23,0,0,0,0,0.0,,0,0
,6d5e66b1,Muhammad Zafar Khan,male,Tanzania,4,4,52,39,24,2,12,0,0,0,26.0,133.33,0,0,0,0,0.0,,0,0
,e23da78c,NK Aneesh Kumar,male,Switzerland,32,14,52,74,24,7,1,1,0,0,7.43,70.27,31,596,24,666,6.7,27.75,3,0
,f4b6f6ac,OE Newey,male,Guernsey,3,3,52,57,23,1,2,0,0,0,26.0,91.23,0,0,0,0,0.0,,0,0
,69997d9d,S Sankar,male,Saudi Arabia,5,5,52,59,37,1,4,0,0,0,13.0,88.14,0,0,0,0,0.0,,0,0
,53d0b0dc,A Kaul,male,Singapore,8,8,51,58,28,1,7,0,0,0,7.29,87.93,3,35,4,31,5.31,7.75,3,0
,0ec45a9a,Abubacarr Kuyateh,male,Gambia,8,8,51,72,33,0,7,2,0,0,6.38,70.83,8,150,6,208,8.32,34.67,2,0
,8dc152d1,D Jansen,male,South Africa,4,3,51,35,25,3,5,1,0,0,,145.71,4,90,11,136,9.07,12.36,3,0
,08a4f9ad,DC Thomas,male,West Indies,7,7,51,54,31,1,4,2,0,0,8.5,94.44,0,0,0,0,0.0,,0,0
,3f4c3313,GY Tomar,male,Uganda,2,2,51,44,33,0,4,3,0,0,25.5,115.91,0,0,0,0,0.0,,0,0
,f78aa227,Hilal Ahmad,male,Czech Republic,5,5,51,74,44,2,2,0,0,0,17.0,68.92,0,0,0,0,0.0,,0,0
,1fb2f362,IS Billcliff,male,Canada,2,2,51,39,37,0,3,2,0,0,25.5,130.77,0,0,0,0,0.0,,0,0
,14810ee7,Kaleem Sana,male,Canada,42,9,51,53,13,5,2,3,0,0,12.75,96.23,42,878,62,897,6.13,14.47,4,0
,2306b48a,Kuldeep Gurjar,male,South Korea,15,10,51,87,16,0,0,3,0,0,5.1,58.62,13,193,14,280,8.7,20.0,4,0
,bb791276,P Khari,male,Czech Republic,2,2,51,39,38,1,5,2,0,0,51.0,130.77,0,0,0,0,0.0,,0,0
,17efdeb8,Raqibul Hasan,male,Bangladesh,5,5,51,62,18,0,3,1,0,0,10.2,82.26,0,0,0,0,0.0,,0,0
,aa76333b,Sikder Billah,male,Bahrain,5,5,51,38,33,2,5,1,0,0,17.0,134.21,3,34,2,36,6.35,18.0,1,0
,7e439c80,Sohail Ahmad,male,Croatia,8,6,51,52,20,0,1,3,0,0,8.5,98.08,6,60,3,135,13.5,45.0,2,0
,ef6d6883,A Alexander,male,Indonesia,13,8,50,33,30,3,2,4,0,0,10.0,151.52,8,99,8,104,6.3,13.0,2,0
,e4ad57ea,Ahmad Khalid Ahmadzai,male,Belgium,10,8,50,36,30,2,1,6,0,0,8.33,138.89,8,162,15,180,6.67,12.0,4,0
,099135ad,Aryan Lakra,male,United Arab Emirates,8,8,50,58,19,1,3,2,0,0,7.14,86.21,3,42,2,46,6.57,23.0,1,0
,e141fddd,EB Knowles,male,Czech Republic,4,4,50,55,23,0,6,0,0,0,12.5,90.91,0,0,0,0,0.0,,0,0
,02c3024c,F Campbell,male,Gambia,7,7,50,71,18,0,4,1,0,0,7.14,70.42,0,0,0,0,0.0,,0,0
,fd57254c,HK Brahmbhatt,male,Peru,2,2,50,59,43,0,5,1,0,0,25.0,84.75,2,40,3,53,7.95,17.67,2,0
,80ad39ac,Hasan Mahmud,male,Bangladesh,25,9,50,49,26,7,0,4,0,0,25.0,102.04,25,516,28,673,7.83,24.04,3,0
,b9fd3959,Iqbal Hussain,male,Qatar,8,6,50,42,22,2,3,2,0,0,12.5,119.05,8,185,21,200,6.49,9.52,4,0
,1bc71d98,Izhar Hussain,male,Switzerland,4,4,50,60,29,0,3,1,0,0,12.5,83.33,1,13,0,16,7.38,,0,0
,880eca04,J Reb,male,Serbia,5,5,50,64,19,0,3,2,0,0,10.0,78.12,1,12,0,41,20.5,,0,0
,10f7b52b,JD Baker,male,Samoa,5,5,50,48,40,2,2,3,0,0,16.67,104.17,3,48,1,68,8.5,68.0,1,0
,f91f59f3,K Hardat,male,Suriname,7,7,50,57,26,1,7,0,0,0,8.33,87.72,0,0,0,0,0.0,,0,0
,374bb5e7,K Klein,male,Netherlands,20,11,50,64,16,3,2,0,0,0,6.25,78.12,20,403,31,542,8.07,17.48,4,0
,6d1c88a4,Mohammad Bhaidu,male,Zambia,6,6,50,77,17,0,4,1,0,0,8.33,64.94,0,0,0,0,0.0,,0,0
,e237b28c,Mohammad Yousuf,male,Pakistan,3,3,50,43,26,0,5,1,0,0,16.67,116.28,0,0,0,0,0.0,,0,0
,98c13758,PEA Karunarathna,male,Finland,9,6,50,38,16,2,4,3,0,0,12.5,131.58,8,177,10,206,6.98,20.6,4,0
,a0339ef4,Qateel Zabiullah,male,Switzerland,3,3,50,27,32,0,2,5,0,0,16.67,185.19,0,0,0,0,0.0,,0,0
,1a2676c5,SA Abbott,male,Australia,28,13,50,49,13,6,4,1,0,0,7.14,102.04,28,550,34,855,9.33,25.15,4,0
,16ddd36b,TD Chaoana,male,Lesotho,21,15,50,75,10,6,3,1,0,0,5.56,66.67,21,394,13,535,8.15,41.15,2,0
,2e3dc859,YYM Jakda,male,Lesotho,13,12,50,48,16,1,4,3,0,0,4.55,104.17,7,113,8,162,8.6,20.25,2,0
,19b4fa25,Zain Muzaffar,male,Sweden,11,7,50,36,18,5,2,3,0,0,25.0,138.89,11,220,13,273,7.45,21.0,3,0
,e27cff77,A Khan,male,Denmark,9,7,49,53,16,0,2,1,0,0,7.0,92.45,9,137,7,150,6.57,21.43,2,0
,772f226b,Aphsal Ashraf,male,Kuwait,2,2,49,25,45,1,1,5,0,0,49.0,196.0,1,24,2,35,8.75,17.5,2,0
,e0a2f58e,B van Zyl,male,Botswana,7,5,49,44,22,0,3,2,0,0,9.8,111.36,7,150,10,126,5.04,12.6,3,0
,5b9b8d98,CA Keita,male,Mali,11,11,49,94,35,0,5,2,0,0,4.45,52.13,5,49,5,61,7.47,12.2,2,0
,575ab3ce,CU Jayasinghe,male,Sri Lanka,3,3,49,49,38,2,3,1,0,0,49.0,100.0,0,0,0,0,0.0,,0,0
,ede05b97,HG Kuhn,male,South Africa,6,6,49,42,29,2,3,2,0,0,12.25,116.67,0,0,0,0,0.0,,0,0
,90ddee48,I Master,male,Botswana,6,6,49,51,40,1,3,0,0,0,9.8,96.08,3,30,0,56,11.2,,0,0
,1f08084c,J Clough,male,Isle of Man,5,5,49,49,12,1,2,2,0,0,12.25,100.0,0,0,0,0,0.0,,0,0
,773cec26,JN Mohammed,male,West Indies,6,6,49,62,17,1,6,0,0,0,9.8,79.03,2,12,0,13,6.5,,0,0
,ea5e0599,Jubaid Ahamed,male,France,7,7,49,45,13,3,2,2,0,0,12.25,108.89,0,0,0,0,0.0,,0,0
,e553e27f,K Senamontree,male,Thailand,25,15,49,84,13,3,1,1,0,0,4.08,58.33,24,373,21,427,6.87,20.33,4,0
,0782aec3,Muhammad Ajmal,male,Malta,12,7,49,56,17,1,5,1,0,0,8.17,87.5,10,168,7,188,6.71,26.86,4,0
,cfbd3998,Naseem Khan,male,Croatia,5,5,49,55,27,0,5,2,0,0,9.8,89.09,5,54,2,85,9.44,42.5,1,0
,c25be68d,P Magafas,male,Greece,3,3,49,50,30,0,5,0,0,0,16.33,98.0,0,0,0,0,0.0,,0,0
,e1fe58ad,S Chilemanya,male,Nigeria,8,8,49,68,17,0,1,1,0,0,6.12,72.06,0,0,0,0,0.0,,0,0
,123ab754,Syed Faizan Tahir,male,Saudi Arabia,9,8,49,74,20,1,2,1,0,0,7.0,66.22,1,6,0,8,8.0,,0,0
,4edfc785,A Modi,male,Singapore,5,5,48,76,24,1,1,0,0,0,12.0,63.16,0,0,0,0,0.0,,0,0
,3094606e,AJ Prajapati,male,Mali,6,6,48,86,15,0,3,2,0,0,8.0,55.81,6,110,6,121,6.6,20.17,2,0
,23cbe719,Ajin Soman,male,Malta,9,5,48,38,14,0,2,4,0,0,9.6,126.32,8,111,8,157,8.49,19.62,3,0
,b975210d,DAM Louis,male,Qatar,12,7,48,47,13,2,3,2,0,0,9.6,102.13,12,228,19,288,7.58,15.16,3,0
,821a412e,FA Klokker,male,Denmark,6,6,48,45,29,4,4,0,0,0,24.0,106.67,0,0,0,0,0.0,,0,0
,c042b412,FJ Klaassen,male,Netherlands,40,15,48,59,13,4,2,0,0,0,4.36,81.36,40,840,45,1065,7.61,23.67,5,1
,8d2c70ad,Kuldeep Yadav,male,India,50,9,48,70,23,3,2,0,0,0,8.0,68.57,50,1085,92,1243,6.87,13.51,5,2
,ed82d9a5,L Shafeeg,male,Maldives,20,8,48,55,19,5,3,1,0,0,16.0,87.27,19,320,15,434,8.14,28.93,3,0
,e7ba1233,S Matsikenyeri,male,Zimbabwe,5,5,48,53,32,0,2,3,0,0,9.6,90.57,2,10,0,13,7.8,,0,0
,ac166f77,S Shrivastava,male,Oman,19,7,48,55,22,5,4,1,0,0,24.0,87.27,19,318,16,424,8.0,26.5,5,1
,f5932ad2,Zong Yuechao,male,China,8,8,48,100,29,1,3,1,0,0,6.86,48.0,5,90,4,150,10.0,37.5,2,0
,0cfb42b5,Abdul Majid Abbasi,male,Bahrain,76,20,47,88,8,12,1,1,0,0,5.88,53.41,76,1621,67,1512,5.6,22.57,4,0
,f2e8b37c,Arafat Minhas,male,Pakistan,3,2,47,41,25,1,4,2,0,0,47.0,114.63,3,54,2,51,5.67,25.5,2,0
,5d17f075,C Sridev,male,Singapore,5,5,47,58,29,1,3,0,0,0,11.75,81.03,4,78,6,110,8.46,18.33,2,0
,41acc8bf,E Kahamker,male,Israel,3,3,47,39,19,0,4,1,0,0,15.67,120.51,2,24,0,46,11.5,,0,0
,4167f30b,IG Holland,male,United States of America,5,3,47,48,39,1,4,0,0,0,23.5,97.92,5,120,8,86,4.3,10.75,2,0
,a6bab2a9,K Gore,male,United States of America,8,3,47,28,31,1,4,2,0,0,23.5,167.86,8,144,10,129,5.38,12.9,3,0
,5e5a45bd,Kabir Berlia,male,Singapore,6,5,47,32,28,2,5,2,0,0,15.67,146.88,6,115,8,161,8.4,20.12,3,0
,bddbf5ec,Manuel Iturbe,male,Argentina,8,8,47,65,16,1,3,1,0,0,6.71,72.31,0,0,0,0,0.0,,0,0
,3465e307,R Athapaththu,male,Romania,7,5,47,31,28,5,2,3,0,0,,151.61,6,144,11,198,8.25,18.0,3,0
,67d0ca6d,R Lungu,male,Zambia,5,5,47,74,28,0,7,1,0,0,9.4,63.51,5,114,8,106,5.58,13.25,3,0
,83fc78e8,Rehman Abdul,male,Italy,3,3,47,51,28,1,2,1,0,0,23.5,92.16,0,0,0,0,0.0,,0,0
,9663115e,Seetharam Guruvayoorappan,male,Mexico,4,4,47,68,20,1,4,0,0,0,15.67,69.12,0,0,0,0,0.0,,0,0
,d7074ddc,Zaker Taqawi,male,Sweden,13,8,47,69,17,3,2,0,0,0,9.4,68.12,13,267,25,295,6.63,11.8,5,2
,8ad3d034,AB Mengoumou,male,Cameroon,10,8,46,132,22,1,0,0,0,0,6.57,34.85,5,78,5,97,7.46,19.4,3,0
,21946d0d,AM Oyede,male,Nigeria,7,6,46,77,39,0,2,0,0,0,7.67,59.74,2,30,0,30,6.0,,0,0
,f994f4ca,AR Berenger,male,Qatar,2,2,46,24,37,0,5,3,0,0,23.0,191.67,0,0,0,0,0.0,,0,0
,e801ac71,AS Wright,male,Guernsey,3,3,46,44,43,0,3,3,0,0,15.33,104.55,0,0,0,0,0.0,,0,0
,cad40f5e,BA Carse,male,England,14,8,46,37,31,3,2,3,0,0,9.2,124.32,13,268,20,412,9.22,20.6,3,0
,d504bc4c,C Brown,male,Belize,4,4,46,61,27,0,6,0,0,0,11.5,75.41,0,0,0,0,0.0,,0,0
,47b33198,Chen Zhuo Yue,male,China,11,10,46,93,13,3,2,1,0,0,6.57,49.46,9,133,5,219,9.88,43.8,4,0
,2dfe0612,Ghulam Ahmadi,male,Germany,49,14,46,48,13,11,4,0,0,0,15.33,95.83,49,1075,57,1126,6.28,19.75,5,1
,6821ac10,JJ van der Wath,male,South Africa,7,4,46,38,21,1,3,1,0,0,15.33,121.05,7,168,7,208,7.43,29.71,2,0
,012829ff,JW Hastings,male,Australia,9,6,46,37,15,2,3,1,0,0,11.5,124.32,9,186,7,247,7.97,35.29,3,0
,60285d55,L Botha,male,South Africa,1,1,46,25,46,1,5,3,0,0,,184.0,1,18,1,19,6.33,19.0,1,0
,98f33eed,L Ward,male,Isle of Man,5,5,46,45,17,3,4,1,0,0,23.0,102.22,1,6,1,4,4.0,4.0,1,0
,dfcdb11e,LT Bichard,male,Guernsey,37,8,46,58,25,4,4,0,0,0,11.5,79.31,37,721,42,755,6.28,17.98,4,0
,0697b5a1,NN Banner,male,Belize,11,9,46,68,12,4,1,1,0,0,9.2,67.65,11,216,10,254,7.06,25.4,3,0
,9c9af282,Naseem Shah,male,Pakistan,33,12,46,46,16,4,6,1,0,0,5.75,100.0,33,708,30,972,8.24,32.4,3,0
,dd968a7b,Naveena Shetty,male,Bahrain,8,8,46,32,20,2,5,2,0,0,7.67,143.75,2,12,0,12,6.0,,0,0
,d7725664,RA Reifer,male,West Indies,3,2,46,41,27,0,1,2,0,0,23.0,112.2,2,30,1,60,12.0,60.0,1,0
,38085d31,V Veiqravi,male,Fiji,4,4,46,61,29,0,3,3,0,0,11.5,75.41,0,0,0,0,0.0,,0,0
,a03ee6e1,Zhuang Zelin,male,China,9,9,46,84,33,0,2,0,0,0,5.11,54.76,0,0,0,0,0.0,,0,0
,a7a6c1c2,AR Odedara,male,Oman,8,8,45,63,15,0,5,0,0,0,5.62,71.43,0,0,0,0,0.0,,0,0
,af294a6c,Craig Cachopa,male,Portugal,3,3,45,48,25,1,2,2,0,0,22.5,93.75,0,0,0,0,0.0,,0,0
,dd572696,Haider Ali,male,United Arab Emirates,24,11,45,40,15,3,2,1,0,0,5.62,112.5,24,552,31,574,6.24,18.52,4,0
,41d333e3,Ibrahim Kpaka,male,Sierra Leone,8,8,45,54,18,0,4,0,0,0,5.62,83.33,0,0,0,0,0.0,,0,0
,d981a1de,J Jojo,male,Denmark,11,8,45,33,13,4,2,1,0,0,11.25,136.36,10,198,7,200,6.06,28.57,2,0
,1ee08e9a,JA Richardson,male,Australia,18,8,45,51,11,5,3,1,0,0,15.0,88.24,18,396,19,556,8.42,29.26,3,0
,7c668529,JD Bhatt,male,Germany,3,3,45,37,24,0,2,2,0,0,15.0,121.62,3,60,6,93,9.3,15.5,3,0
,492c17f0,JWN Moses,male,Botswana,6,6,45,50,20,0,4,1,0,0,7.5,90.0,2,48,0,46,5.75,,0,0
,7e38d2de,K Weeraratne,male,Sri Lanka,4,4,45,37,20,2,4,1,0,0,22.5,121.62,4,72,4,97,8.08,24.25,4,0
,63578359,Kashif Abbas,male,Saudi Arabia,4,4,45,41,19,0,4,3,0,0,11.25,109.76,1,6,0,12,12.0,,0,0
,06c2de82,L Gregory,male,England,7,6,45,41,15,0,2,2,0,0,7.5,109.76,5,78,2,117,9.0,58.5,1,0
,1339f52a,M Fontaine,male,Hungary,10,9,45,48,24,3,1,1,0,0,7.5,93.75,5,43,3,57,7.95,19.0,2,0
,44f5a3e4,Mohamed Mahfooz,male,Maldives,10,6,45,68,16,2,2,0,0,0,11.25,66.18,10,186,10,210,6.77,21.0,2,0
,82a7dfdd,Muhammad Usman,male,Estonia,5,4,45,40,43,0,1,3,0,0,11.25,112.5,5,107,3,120,6.73,40.0,2,0
,44afbf2d,NJ Maddinson,male,Australia,4,4,45,35,34,0,6,1,0,0,11.25,128.57,0,0,0,0,0.0,,0,0
,a8529363,S Ateak,male,Ghana,3,3,45,48,26,0,6,1,0,0,15.0,93.75,0,0,0,0,0.0,,0,0
,44756879,Saif Ullah,male,Uzbekistan,4,4,45,38,15,0,5,3,0,0,11.25,118.42,0,0,0,0,0.0,,0,0
,7fcc57bf,Atif Mehmood,male,Spain,26,7,44,45,15,4,2,2,0,0,14.67,97.78,26,509,29,452,5.33,15.59,4,0
,abca6c23,CJ Stamp,male,Philippines,5,5,44,51,15,3,3,0,0,0,22.0,86.27,0,0,0,0,0.0,,0,0
,947346d8,G Ganbold,male,Mongolia,13,13,44,121,12,1,1,0,0,0,3.67,36.36,0,0,0,0,0.0,,0,0
,04df9697,JAM Henri,male,Portugal,15,6,44,38,25,1,2,1,0,0,8.8,115.79,15,294,15,396,8.08,26.4,2,0
,d22960d9,JR Cope,male,Czech Republic,5,3,44,50,23,3,3,1,0,0,,88.0,5,102,8,142,8.35,17.75,4,0
,2c6052a6,JS Henriksen,male,Denmark,4,4,44,44,22,1,2,0,0,0,14.67,100.0,4,36,1,81,13.5,81.0,1,0
,8d78d0d0,Mamoon Latif,male,Belgium,5,5,44,47,25,0,3,1,0,0,8.8,93.62,0,0,0,0,0.0,,0,0
,9e9af5f2,Mohammad Wasim,male,Pakistan,33,12,44,58,12,8,5,1,0,0,11.0,75.86,33,639,41,890,8.36,21.71,4,0
,3f951265,R Galgalikar,male,Mexico,6,6,44,65,18,0,3,0,0,0,7.33,67.69,1,18,3,9,3.0,3.0,3,0
,4fc115af,RJ Pierre,male,Rwanda,8,8,44,60,15,2,2,1,0,0,7.33,73.33,6,72,2,114,9.5,57.0,2,0
,9f2c6cd3,S Sarthak,male,Bahrain,7,4,44,39,26,1,2,1,0,0,14.67,112.82,6,112,11,123,6.59,11.18,4,0
,3fbb43a9,Saad Nasim,male,Pakistan,2,2,44,53,25,0,0,1,0,0,22.0,83.02,1,6,0,12,12.0,,0,0
,910584a7,Usman Waheed,male,Kuwait,3,3,44,38,28,1,4,1,0,0,22.0,115.79,0,0,0,0,0.0,,0,0
,fe0b3bdf,A Langham,male,St Helena,3,3,43,39,39,0,3,1,0,0,14.33,110.26,0,0,0,0,0.0,,0,0
,dabbd0ae,B Fernando,male,Sri Lanka,23,7,43,47,20,4,3,1,0,0,14.33,91.49,23,475,22,654,8.26,29.73,3,0
,d3893060,FJ Mpegna,male,Cameroon,12,12,43,75,14,3,2,1,0,0,4.78,57.33,1,12,0,37,18.5,,0,0
,0a5718ef,Iftekar Jaman,male,Cyprus,4,3,43,28,22,1,3,3,0,0,21.5,153.57,1,6,0,15,15.0,,0,0
,c8d74c21,J Gumbie,male,Zimbabwe,3,3,43,52,17,0,6,0,0,0,14.33,82.69,0,0,0,0,0.0,,0,0
,125bba96,J Perman,male,Spain,7,4,43,37,30,1,3,3,0,0,14.33,116.22,7,114,5,136,7.16,27.2,2,0
,90a41671,L Karlsson,male,Sweden,15,6,43,45,14,1,3,1,0,0,8.6,95.56,14,245,18,250,6.12,13.89,4,0
,1a8cedc8,M Jele,male,Swaziland,24,16,43,71,14,6,0,2,0,0,4.3,60.56,22,324,19,467,8.65,24.58,2,0
,e8d1c172,M Worndl,male,Czech Republic,5,5,43,89,30,1,3,0,0,0,10.75,48.31,0,0,0,0,0.0,,0,0
,ea3ffd1b,NO Miller,male,West Indies,9,5,43,47,15,4,2,0,0,0,43.0,91.49,9,190,11,224,7.07,20.36,2,0
,de6ad58b,P Pustoslemsek,male,Slovenia,5,5,43,63,21,0,4,1,0,0,8.6,68.25,5,75,5,94,7.52,18.8,2,0
,3576e47e,S Badrinath,male,India,1,1,43,36,43,0,5,0,0,0,43.0,119.44,0,0,0,0,0.0,,0,0
,89ce57a8,S Fouché,male,Namibia,3,3,43,50,40,1,5,0,0,0,21.5,86.0,3,36,1,51,8.5,51.0,1,0
,3b572f28,Sikander Zulfiqar,male,Netherlands,8,7,43,44,17,0,3,0,0,0,6.14,97.73,5,42,2,56,8.0,28.0,1,0
,039cabd9,TS Waqavakatoga,male,Fiji,9,5,43,38,18,1,2,2,0,0,10.75,113.16,9,138,5,168,7.3,33.6,2,0
,465fd722,A Chaudhary,male,Singapore,5,4,42,43,37,0,5,0,0,0,10.5,97.67,5,78,3,101,7.77,33.67,2,0
,70d205c9,AT Rayudu,male,India,5,5,42,50,20,1,5,0,0,0,10.5,84.0,0,0,0,0,0.0,,0,0
,c4ab9b94,Abdullah Rana,male,Switzerland,8,5,42,27,25,1,4,2,0,0,10.5,155.56,8,132,14,184,8.36,13.14,3,0
,e4271302,Amjad Ali,male,United Arab Emirates,5,5,42,52,20,1,6,0,0,0,10.5,80.77,0,0,0,0,0.0,,0,0
,c122fe73,Asad Ali Rehemtulla,male,Bulgaria,16,11,42,54,16,4,3,0,0,0,6.0,77.78,15,280,17,404,8.66,23.76,4,0
,ca47f0fb,Asim Ashraf,male,Gambia,3,3,42,75,19,0,5,0,0,0,14.0,56.0,3,60,0,115,11.5,,0,0
,4a370769,Gagandeep Singh,male,Bulgaria,18,9,42,44,13,3,4,1,0,0,7.0,95.45,17,270,8,433,9.62,54.12,2,0
,f58295c2,JM Iradukunda,male,Rwanda,14,8,42,42,25,1,0,4,0,0,6.0,100.0,14,265,12,325,7.36,27.08,4,0
,18fcb85f,Jaikumar Thakur,male,Croatia,7,7,42,79,20,0,2,0,0,0,6.0,53.16,4,90,3,128,8.53,42.67,2,0
,5e72608f,KY Wilfried,male,Ivory Coast,9,9,42,170,18,0,2,0,0,0,4.67,24.71,8,126,5,257,12.24,51.4,1,0
,9a963804,LE Plunkett,male,England,21,9,42,34,18,2,3,1,0,0,6.0,123.53,21,452,25,615,8.16,24.6,3,0
,df3947f4,Muhammad Murad,male,Qatar,11,6,42,50,14,2,1,3,0,0,10.5,84.0,11,206,11,279,8.13,25.36,3,0
,d9d08ea3,Muzaffar Shiralkar,male,Oman,5,5,42,38,36,0,7,1,0,0,8.4,110.53,0,0,0,0,0.0,,0,0
,33b48084,Numan Yousuf,male,Bahrain,2,2,42,33,42,0,6,0,0,0,21.0,127.27,0,0,0,0,0.0,,0,0
,5b351aff,Pratik Singh Bais,male,Mexico,30,17,42,72,9,9,0,0,0,0,5.25,58.33,29,564,30,529,5.63,17.63,6,1
,2df874e6,R Kumar,male,Romania,10,4,42,28,16,1,4,1,0,0,14.0,150.0,10,143,3,239,10.03,79.67,2,0
,91ae10e1,SC de Oliveira,male,Portugal,10,5,42,34,18,2,2,2,0,0,14.0,123.53,10,200,20,198,5.94,9.9,4,0
,62d3f506,SD Valjalo,male,Croatia,5,5,42,54,14,1,4,0,0,0,10.5,77.78,5,90,4,126,8.4,31.5,2,0
,caf0dbef,SF Mangoda,male,Israel,5,5,42,33,23,0,5,1,0,0,8.4,127.27,5,66,3,85,7.73,28.33,2,0
,c8a3f688,SN Netravalkar,male,United States of America,43,10,42,47,12,4,2,1,0,0,7.0,89.36,43,863,41,1043,7.25,25.44,5,1
,b2431c60,Sheraz Sirwari,male,Switzerland,10,7,42,31,30,2,0,5,0,0,8.4,135.48,10,189,9,254,8.06,28.22,3,0
,1f490b28,AR Puri,male,Singapore,36,14,41,77,13,5,1,1,0,0,4.56,53.25,36,666,28,878,7.91,31.36,3,0
,fc2fffb5,Abdullah Shafique,male,Pakistan,3,3,41,37,41,1,4,1,0,0,20.5,110.81,0,0,0,0,0.0,,0,0
,2feb5b8d,Akhil Kumar,male,Canada,13,6,41,36,14,3,3,2,0,0,13.67,113.89,12,196,10,250,7.65,25.0,3,0
,7d85b1e9,BA Viraliliu,male,Vanuatu,2,2,41,38,39,0,3,0,0,0,20.5,107.89,0,0,0,0,0.0,,0,0
,21526a38,E Jabarkhel,male,Luxembourg,9,7,41,43,16,2,5,0,0,0,8.2,95.35,9,208,9,273,7.88,30.33,3,0
,dec8e038,J Theron,male,United States of America,18,6,41,27,31,6,4,1,0,0,,151.85,18,374,24,477,7.65,19.88,4,0
,f5b68485,K Pala,male,Papua New Guinea,2,2,41,30,22,1,4,2,0,0,41.0,136.67,0,0,0,0,0.0,,0,0
,56a94565,Karan Singh,male,Cyprus,10,9,41,61,13,2,3,0,0,0,5.86,67.21,10,180,5,219,7.3,43.8,2,0
,b31d458f,Luca Petre,male,Romania,17,7,41,34,9,4,1,1,0,0,13.67,120.59,14,174,11,273,9.41,24.82,2,0
,00321fff,Mohammad Ghazanfar,male,Hong Kong,32,13,41,62,7,7,3,0,0,0,6.83,66.13,32,604,34,690,6.85,20.29,3,0
,943ca0cd,NT Nyamhuri,male,Zimbabwe,7,6,41,42,27,3,1,1,0,0,13.67,97.62,7,126,5,222,10.57,44.4,2,0
,3cb42681,OK Mohamed,male,Ivory Coast,11,11,41,134,13,0,4,0,0,0,3.73,30.6,1,3,0,6,12.0,,0,0
,f0db5e13,P Baghel,male,Czech Republic,3,3,41,53,33,0,7,0,0,0,13.67,77.36,0,0,0,0,0.0,,0,0
,16c50be4,P Dhiman,male,Spain,4,4,41,55,29,0,0,1,0,0,10.25,74.55,0,0,0,0,0.0,,0,0
,76388dc8,S Badree,male,West Indies,48,14,41,62,14,8,1,1,0,0,6.83,66.13,48,1056,50,1110,6.31,22.2,4,0
,5ffb535d,Suhail Sattar,male,Timor-Leste,8,8,41,55,21,0,5,1,0,0,5.12,74.55,7,78,4,127,9.77,31.75,2,0
,bf896894,Zahid Khan,male,Sierra Leone,8,7,41,49,27,0,4,1,0,0,5.86,83.67,6,72,1,98,8.17,98.0,1,0
,a74bbdad,A Bhadauria,male,Luxembourg,2,2,40,31,21,0,6,0,0,0,20.0,129.03,0,0,0,0,0.0,,0,0
,3ec513ea,A Maheshwari,male,Croatia,11,9,40,65,16,0,3,2,0,0,4.44,61.54,7,113,5,190,10.09,38.0,2,0
,020e49e9,AD Algar,male,Spain,2,2,40,50,28,1,2,1,0,0,40.0,80.0,0,0,0,0,0.0,,0,0
,4a70ca45,Ashish Bam,male,Cyprus,6,6,40,44,26,2,5,0,0,0,10.0,90.91,0,0,0,0,0.0,,0,0
,2e11c706,BCJ Cutting,male,ICC World XI,7,4,40,27,29,0,2,3,0,0,10.0,148.15,7,126,3,215,10.24,71.67,1,0
,f0568f9b,Ben Jones,male,Estonia,1,1,40,41,40,0,3,0,0,0,40.0,97.56,0,0,0,0,0.0,,0,0
,26f98ea3,DV Varghese,male,Bulgaria,22,8,40,55,17,3,2,0,0,0,8.0,72.73,22,266,10,449,10.13,44.9,1,0
,8b46fc4f,J Baguma,male,Uganda,19,9,40,53,11,4,3,0,0,0,8.0,75.47,19,361,25,379,6.3,15.16,4,0
,6ac4fb9c,J Pant,male,Luxembourg,1,1,40,28,40,0,4,1,0,0,40.0,142.86,0,0,0,0,0.0,,0,0
,dadbdb68,JA Duffy,male,New Zealand,45,12,40,41,9,7,3,0,0,0,8.0,97.56,45,914,61,1226,8.05,20.1,4,0
,526e006d,Jay Odedra,male,Oman,11,7,40,42,25,6,3,1,0,0,40.0,95.24,11,180,7,222,7.4,31.71,2,0
,f3bde2b3,KDK Vithanage,male,Sri Lanka,3,3,40,34,38,0,7,0,0,0,13.33,117.65,0,0,0,0,0.0,,0,0
,3296507e,M Smith,male,Turks and Caicos Island,3,3,40,48,17,0,2,3,0,0,13.33,83.33,1,18,1,29,9.67,29.0,1,0
,fb5a5fe3,Mertcan Donmez,male,Turkey,5,5,40,67,14,2,4,1,0,0,13.33,59.7,0,0,0,0,0.0,,0,0
,fcd92ab0,Nooruddin Mujadady,male,Germany,9,4,40,25,16,2,2,2,0,0,20.0,160.0,9,168,6,279,9.96,46.5,2,0
,ccd88623,O Lutbayar,male,Mongolia,13,12,40,77,18,0,2,1,0,0,3.33,51.95,12,190,6,349,11.02,58.17,1,0
,eb6d1f4d,R Theruvath,male,Qatar,6,6,40,41,15,0,4,1,0,0,6.67,97.56,0,0,0,0,0.0,,0,0
,29573e43,S Navaratne,male,Japan,6,6,40,43,21,0,1,3,0,0,6.67,93.02,0,0,0,0,0.0,,0,0
,6f13ff1c,Salim Patel,male,Panama,6,6,40,38,30,0,7,1,0,0,6.67,105.26,0,0,0,0,0.0,,0,0
,20f4a109,TGJ Gruijters,male,Netherlands,7,4,40,40,21,2,3,0,0,0,20.0,100.0,5,72,3,74,6.17,24.67,1,0
,9029d54a,Zeeshan Siddiqui,male,Oman,3,3,40,44,33,1,4,0,0,0,20.0,90.91,0,0,0,0,0.0,,0,0
,b672e825,A Manousis,male,Greece,6,6,39,31,17,1,5,2,0,0,7.8,125.81,3,42,2,51,7.29,25.5,1,0
,cc65e4a4,Arsalan Arif,male,Austria,4,4,39,51,19,1,1,0,0,0,13.0,76.47,0,0,0,0,0.0,,0,0
,fbdc8309,B Sharki,male,Nepal,2,2,39,26,27,0,4,1,0,0,19.5,150.0,0,0,0,0,0.0,,0,0
,28496266,CT Mumba,male,Zimbabwe,9,4,39,38,25,1,4,1,0,0,13.0,102.63,9,126,3,190,9.05,63.33,1,0
,61741fea,Irfan Saleh,male,Zambia,4,4,39,38,17,1,3,3,0,0,13.0,102.63,0,0,0,0,0.0,,0,0
,98e4af63,J Danikula,male,Croatia,5,5,39,68,19,0,3,0,0,0,7.8,57.35,5,114,7,153,8.05,21.86,3,0
,5bebe726,J Gallimore,male,Bahamas,3,3,39,40,14,2,4,0,0,0,39.0,97.5,1,6,0,21,21.0,,0,0
,1ac8edcf,J Pickering,male,Cook Islands,6,6,39,59,13,2,1,0,0,0,9.75,66.1,0,0,0,0,0.0,,0,0
,f46fbe60,K Shivam,male,Costa Rica,8,8,39,89,16,1,2,1,0,0,5.57,43.82,0,0,0,0,0.0,,0,0
,59792462,KM Jarvis,male,Zimbabwe,18,8,39,47,27,2,1,2,0,0,6.5,82.98,18,360,24,539,8.98,22.46,3,0
,e8cfd743,KMA Aziz,male,Ivory Coast,11,11,39,136,14,1,2,0,0,0,3.9,28.68,11,186,9,288,9.29,32.0,2,0
,64457c72,Kamal Soukhiya,male,Luxembourg,13,10,39,44,12,0,1,2,0,0,3.9,88.64,13,300,17,394,7.88,23.18,4,0
,8e7e982c,Muhammed Turkmen,male,Turkey,5,4,39,27,23,0,3,3,0,0,9.75,144.44,4,60,3,73,7.3,24.33,3,0
,87a92b6b,N Pokana,male,Papua New Guinea,23,9,39,46,12,3,0,2,0,0,6.5,84.78,23,466,21,578,7.44,27.52,3,0
,9eb1455b,NT Ellis,male,Australia,39,11,39,59,12,6,2,1,0,0,7.8,66.1,39,819,58,1048,7.68,18.07,4,0
,2c66ee1e,OGT Gould,male,Scotland,2,2,39,42,24,0,1,2,0,0,19.5,92.86,0,0,0,0,0.0,,0,0
,27159c6a,RM Haq,male,Scotland,9,5,39,61,15,3,1,0,0,0,19.5,63.93,9,216,16,244,6.78,15.25,3,0
,95bcba19,RP Magar,male,Nepal,5,5,39,76,25,0,0,2,0,0,7.8,51.32,0,0,0,0,0.0,,0,0
,9211d267,Rafatullah Mohmand,male,Pakistan,3,3,39,44,23,0,4,0,0,0,13.0,88.64,0,0,0,0,0.0,,0,0
,97290faf,S Joseph,male,West Indies,23,4,39,22,21,4,3,3,0,0,,177.27,23,474,36,722,9.14,20.06,5,1
,d7f1fe76,S Tobgay,male,Bhutan,2,2,39,58,24,0,1,0,0,0,19.5,67.24,1,24,0,50,12.5,,0,0
,b05cfcec,Sajid Cheema,male,Saudi Arabia,4,4,39,45,19,0,3,2,0,0,9.75,86.67,0,0,0,0,0.0,,0,0
,30ac4e69,Yousef Shadzehisarjou,male,Iran,1,1,39,46,39,0,4,0,0,0,39.0,84.78,0,0,0,0,0.0,,0,0
,c6b11959,A Gorawara,male,Hong Kong,4,4,38,37,20,0,2,2,0,0,9.5,102.7,0,0,0,0,0.0,,0,0
,63a1874a,AK Kitchen,male,New Zealand,5,4,38,32,16,1,3,1,0,0,12.67,118.75,3,36,2,46,7.67,23.0,1,0
,e7353cbb,Anasim Khan,male,Bahrain,5,4,38,28,23,1,4,2,0,0,12.67,135.71,5,108,6,145,8.06,24.17,3,0
,928670cc,BJ Watling,male,New Zealand,4,4,38,58,22,0,3,0,0,0,9.5,65.52,0,0,0,0,0.0,,0,0
,99663fa5,D Mongia,male,India,1,1,38,45,38,0,4,1,0,0,38.0,84.44,0,0,0,0,0.0,,0,0
,2c25d4f5,D Padikkal,male,India,2,2,38,38,29,0,2,1,0,0,19.0,100.0,0,0,0,0,0.0,,0,0
,e77c9807,DK Pallekonda,male,Slovenia,14,11,38,57,11,2,5,0,0,0,4.22,66.67,11,168,11,278,9.93,25.27,3,0
,d3e83eef,F Mutizwa,male,Zimbabwe,3,3,38,36,22,0,3,0,0,0,12.67,105.56,0,0,0,0,0.0,,0,0
,5b8fffb4,GD Drummond,male,Scotland,6,3,38,48,35,0,3,0,0,0,12.67,79.17,6,120,4,157,7.85,39.25,2,0
,e28327c6,H Pragji,male,Botswana,4,4,38,65,30,1,1,0,0,0,12.67,58.46,0,0,0,0,0.0,,0,0
,fb0abc20,Haseeb Amjad,male,Hong Kong,14,8,38,39,12,4,2,1,0,0,9.5,97.44,14,284,19,343,7.25,18.05,4,0
,ef5d54c6,Irfan Sarfraz,male,Saudi Arabia,4,3,38,55,18,0,2,0,0,0,12.67,69.09,2,18,0,24,8.0,,0,0
,d821ea56,JL Kovacic,male,Slovenia,4,4,38,31,25,1,2,3,0,0,12.67,122.58,4,90,4,99,6.6,24.75,2,0
,e1481606,JM Polarouthu,male,Hungary,3,3,38,41,22,2,1,1,0,0,38.0,92.68,2,24,0,46,11.5,,0,0
,036e7ed1,Jai Tiwari,male,Switzerland,2,2,38,33,21,0,4,2,0,0,19.0,115.15,0,0,0,0,0.0,,0,0
,670e6804,Junaid Khan,male,Finland,14,8,38,24,19,6,1,3,0,0,19.0,158.33,14,270,17,259,5.76,15.24,2,0
,cda8ef3a,Ovais Yousof,male,Nigeria,2,2,38,56,33,0,3,0,0,0,19.0,67.86,0,0,0,0,0.0,,0,0
,21267b60,P Chin,male,Cayman Islands,4,4,38,54,27,0,1,0,0,0,9.5,70.37,0,0,0,0,0.0,,0,0
,b3e5205c,P Kotoisuva,male,Fiji,6,6,38,32,28,2,1,3,0,0,9.5,118.75,4,60,3,71,7.1,23.67,2,0
,1c5c65d6,S Jele,male,Eswatini,6,6,38,37,16,1,1,2,0,0,7.6,102.7,0,0,0,0,0.0,,0,0
,423d2b12,S Shailesh,male,Mali,6,6,38,76,11,1,4,1,0,0,7.6,50.0,4,78,4,93,7.15,23.25,2,0
,fd4809c8,A Kuthalingham,male,Turks and Caicos Island,3,2,37,39,24,0,1,0,0,0,18.5,94.87,2,30,1,24,4.8,24.0,1,0
,a5efce80,A Sarma,male,Germany,2,2,37,46,28,0,3,1,0,0,18.5,80.43,0,0,0,0,0.0,,0,0
,888e32bf,Abdur Razzak,male,Bangladesh,28,15,37,65,9,7,1,0,0,0,4.62,56.92,28,609,34,706,6.96,20.76,4,0
,31803fac,Abu Hider,male,Bangladesh,10,3,37,29,22,2,4,2,0,0,37.0,127.59,10,174,5,285,9.83,57.0,2,0
,397f4d3a,BM Wheeler,male,New Zealand,6,3,37,28,30,1,3,2,0,0,18.5,132.14,6,128,7,216,10.12,30.86,2,0
,f2d5966a,Benjamin Embleton,male,Luxembourg,3,3,37,41,26,0,4,0,0,0,12.33,90.24,0,0,0,0,0.0,,0,0
,a4799701,Danish Aziz,male,Pakistan,2,2,37,35,22,0,1,1,0,0,18.5,105.71,1,18,2,29,9.67,14.5,2,0
,32009b6a,Furkan Tuskan,male,Turkey,6,6,37,67,21,0,3,2,0,0,6.17,55.22,5,72,3,111,9.25,37.0,1,0
,25550d06,GI Hume,male,Ireland,9,4,37,28,20,3,2,2,0,0,37.0,132.14,9,164,11,261,9.55,23.73,3,0
,b601c362,Gabor Torok,male,Hungary,2,2,37,40,35,0,4,0,0,0,18.5,92.5,1,2,0,5,15.0,,0,0
,021ac4dd,H Aggarwal,male,Estonia,5,4,37,58,21,1,2,0,0,0,12.33,63.79,4,84,4,104,7.43,26.0,2,0
,38702fb5,I Kamara,male,Sierra Leone,9,8,37,70,16,2,2,1,0,0,6.17,52.86,6,91,5,79,5.21,15.8,3,0
,e68dd455,JS Foster,male,England,5,5,37,32,14,2,0,1,0,0,12.33,115.62,0,0,0,0,0.0,,0,0
,ae4d0b45,Jonte Smith,male,Bermuda,12,7,37,45,16,3,3,0,0,0,9.25,82.22,8,150,12,154,6.16,12.83,4,0
,946d4d9a,Mohamed Shiyam,male,Maldives,4,4,37,54,25,2,4,0,0,0,18.5,68.52,3,24,1,63,15.75,63.0,1,0
,63249474,O Davidson,male,Scotland,6,4,37,30,20,2,5,1,0,0,18.5,123.33,6,108,5,133,7.39,26.6,1,0
,2e966563,RM Hira,male,New Zealand,13,3,37,33,20,1,4,1,0,0,18.5,112.12,13,254,10,337,7.96,33.7,2,0
,32332eea,S Tharanga,male,Cyprus,7,7,37,33,14,3,3,2,0,0,9.25,112.12,0,0,0,0,0.0,,0,0
,27ca21c1,S Wankhade,male,Costa Rica,4,3,37,81,19,0,1,0,0,0,12.33,45.68,2,24,0,51,12.75,,0,0
,9295145b,SD Outerbridge,male,Bermuda,1,1,37,35,37,1,1,1,0,0,,105.71,0,0,0,0,0.0,,0,0
,364ee2cf,SJ Benn,male,West Indies,23,7,37,41,13,4,5,1,0,0,12.33,90.24,23,480,17,588,7.35,34.59,4,0
,af28816c,TE Kane,male,Ireland,4,3,37,31,26,1,4,0,0,0,18.5,119.35,3,49,4,66,8.08,16.5,3,0
,c4281e43,Waleed Rana,male,Italy,3,3,37,48,25,0,2,1,0,0,12.33,77.08,3,40,3,57,8.55,19.0,3,0
,5934e1b2,Y Konate,male,Mali,10,9,37,73,17,0,2,2,0,0,4.11,50.68,2,36,0,29,4.83,,0,0
,ec064d97,A Dowling,male,Bulgaria,8,7,36,50,20,3,4,0,0,0,9.0,72.0,3,44,4,86,11.73,21.5,4,0
,d6a2f3a5,A Magdalenic,male,Croatia,14,14,36,90,14,2,3,0,0,0,3.0,40.0,4,26,0,82,18.92,,0,0
,dc2abe5e,Ahsan Ali,male,Pakistan,2,2,36,39,36,0,4,0,0,0,18.0,92.31,0,0,0,0,0.0,,0,0
,c2887e22,Ankush Singh,male,Mexico,2,2,36,29,36,0,3,3,0,0,18.0,124.14,1,12,1,11,5.5,11.0,1,0
,ddcb8503,Asif Iqbal,male,South Korea,3,3,36,45,21,1,3,1,0,0,18.0,80.0,2,30,2,42,8.4,21.0,1,0
,9f3f532a,Azeem Nazir,male,Switzerland,2,2,36,41,36,0,5,0,0,0,18.0,87.8,0,0,0,0,0.0,,0,0
,74a578d0,C Udekwe,male,Nigeria,25,9,36,39,11,4,1,2,0,0,7.2,92.31,24,451,26,436,5.8,16.77,3,0
,3e51db81,C Zhuwao,male,Zimbabwe,4,4,36,41,24,0,5,1,0,0,9.0,87.8,0,0,0,0,0.0,,0,0
,a2c03e90,D Teinaki,male,Cook Islands,4,4,36,38,16,0,2,3,0,0,9.0,94.74,0,0,0,0,0.0,,0,0
,7bf39e5c,DE Burgess,male,Samoa,12,7,36,69,16,4,0,0,0,0,12.0,52.17,10,119,6,147,7.41,24.5,2,0
,bb939fa3,Elan Talker,male,Israel,15,7,36,48,22,4,1,0,0,0,12.0,75.0,15,240,11,336,8.4,30.55,2,0
,5691931a,Haseebullah Khan,male,Pakistan,3,3,36,30,24,0,4,1,0,0,12.0,120.0,0,0,0,0,0.0,,0,0
,136848e6,J Dunn,male,Vanuatu,3,3,36,41,23,0,0,1,0,0,12.0,87.8,0,0,0,0,0.0,,0,0
,28252261,KN Gabhane,male,Hungary,3,2,36,39,26,2,3,0,0,0,,92.31,1,18,2,29,9.67,14.5,2,0
,2f9d0389,LH Ferguson,male,New Zealand,51,12,36,42,14,4,0,2,0,0,4.5,85.71,51,1061,73,1287,7.28,17.63,5,1
,04029c44,Munir Dar,male,Hong Kong,1,1,36,27,36,0,3,1,0,0,36.0,133.33,0,0,0,0,0.0,,0,0
,11c35bf1,O Sam Arthur,male,Costa Rica,7,5,36,45,16,5,5,0,0,0,,80.0,6,72,4,89,7.42,22.25,2,0
,b5da6c24,PA Patel,male,India,2,2,36,32,26,0,4,1,0,0,18.0,112.5,0,0,0,0,0.0,,0,0
,591a0cfa,PH Shamdasani,male,Peru,2,2,36,30,25,1,3,0,0,0,36.0,120.0,2,48,2,40,5.0,20.0,2,0
,349c5e58,RMR Brathwaite,male,Cyprus,8,7,36,40,11,1,2,1,0,0,6.0,90.0,6,77,3,129,10.05,43.0,2,0
,dc60abdc,Rizwan Haider,male,Malaysia,34,8,36,26,17,6,1,3,0,0,18.0,138.46,33,566,33,696,7.38,21.09,4,0
,7ae1aad9,S Williams,male,Sierra Leone,17,8,36,51,22,4,3,0,0,0,9.0,70.59,17,288,10,370,7.71,37.0,2,0
,d754fde8,Zaheer Ibrahim,male,Qatar,6,6,36,39,15,0,4,1,0,0,6.0,92.31,1,6,0,3,3.0,,0,0
,97b9cb64,A Conteh,male,Gambia,6,6,35,55,9,0,3,0,0,0,5.83,63.64,5,108,8,114,6.33,14.25,4,0
,4d733a54,A Ilaoa,male,Samoa,7,7,35,35,12,1,3,1,0,0,5.83,100.0,0,0,0,0,0.0,,0,0
,a09323d8,AM Patel,male,Panama,11,7,35,44,9,4,3,0,0,0,11.67,79.55,11,138,6,149,6.48,24.83,2,0
,5a42db78,Abdullah Jasat,male,Panama,7,7,35,29,17,2,2,2,0,0,7.0,120.69,7,138,7,173,7.52,24.71,2,0
,f8ce577b,Aminul Islam,male,Bangladesh,10,6,35,41,9,3,4,0,0,0,11.67,85.37,10,188,12,238,7.6,19.83,3,0
,48f25627,Amjad Mahboob,male,Singapore,26,13,35,48,16,5,1,2,0,0,4.38,72.92,26,520,33,724,8.35,21.94,3,0
,e0febd97,Arsalan Ahmed,male,Greece,3,3,35,27,22,0,7,0,0,0,11.67,129.63,3,42,2,67,9.57,33.5,1,0
,49691d7a,CB Mpofu,male,Zimbabwe,26,10,35,43,17,6,3,1,0,0,8.75,81.4,26,574,25,889,9.29,35.56,3,0
,5208c0a1,DI Allan,male,Kenya,6,6,35,70,18,0,3,0,0,0,5.83,50.0,4,26,1,54,12.46,54.0,1,0
,d84a2d8e,DJ Reekers,male,Netherlands,3,3,35,22,20,0,4,2,0,0,11.67,159.09,0,0,0,0,0.0,,0,0
,bfc7799f,E Kubwimana,male,Rwanda,26,15,35,62,14,5,2,0,0,0,3.5,56.45,23,398,22,610,9.2,27.73,3,0
,2e89652e,H Bharadwaj,male,Singapore,15,5,35,29,26,2,3,2,0,0,11.67,120.69,15,327,20,319,5.85,15.95,6,1
,300bdcbb,H Srinivasan,male,Germany,4,4,35,48,15,1,1,0,0,0,11.67,72.92,0,0,0,0,0.0,,0,0
,79c2f9bf,J Madan,male,Luxembourg,8,5,35,33,16,3,5,0,0,0,17.5,106.06,8,162,10,268,9.93,26.8,3,0
,63f3e7f2,JC Martin,male,Guernsey,3,3,35,35,19,2,1,1,0,0,35.0,100.0,0,0,0,0,0.0,,0,0
,aceb7654,JDF Vandersay,male,Sri Lanka,17,7,35,40,8,4,3,1,0,0,11.67,87.5,17,368,8,489,7.97,61.12,2,0
,e84ac20c,MJ Henry,male,New Zealand,38,12,35,33,10,5,4,0,0,0,5.0,106.06,38,815,50,1159,8.53,23.18,3,0
,e48c6ec7,N Davidovic,male,Croatia,6,6,35,34,16,1,3,2,0,0,7.0,102.94,6,84,5,169,12.07,33.8,3,0
,5319f95b,Nay Lin Htun,male,Myanmar,13,13,35,56,10,4,2,0,0,0,3.89,62.5,0,0,0,0,0.0,,0,0
,e5cb6eb9,Nazakat Ali,male,Norway,2,2,35,31,25,0,1,3,0,0,17.5,112.9,2,18,1,16,5.33,16.0,1,0
,78fcc740,Pavandeep Singh,male,Malaysia,86,16,35,61,12,15,0,0,0,0,35.0,57.38,86,1925,107,1916,5.97,17.91,4,0
,20f3a03d,RM Jariwala,male,United States of America,1,1,35,31,35,0,4,0,0,0,35.0,112.9,0,0,0,0,0.0,,0,0
,d4bebd88,Rahat Kazi,male,Timor-Leste,8,8,35,64,13,0,1,1,0,0,4.38,54.69,5,54,1,98,10.89,98.0,1,0
,da2eeb97,S Kochar,male,Mexico,4,4,35,44,26,0,2,1,0,0,8.75,79.55,0,0,0,0,0.0,,0,0
,0f6db197,S Mahmood,male,England,19,9,35,44,12,4,2,1,0,0,7.0,79.55,19,402,24,619,9.24,25.79,4,0
,f93b43dd,SK Patel,male,United States of America,2,2,35,37,24,0,2,0,0,0,17.5,94.59,0,0,0,0,0.0,,0,0
,bd17b45f,STR Binny,male,India,3,2,35,29,24,0,2,1,0,0,17.5,120.69,3,30,1,54,10.8,54.0,1,0
,8ae49076,Sathya Narayanan,male,Switzerland,5,5,35,51,25,1,2,0,0,0,8.75,68.63,0,0,0,0,0.0,,0,0
,101373a3,Shehzad Patel,male,Swaziland,5,5,35,42,25,1,3,1,0,0,8.75,83.33,0,0,0,0,0.0,,0,0
,bb01f9e0,Shuvagata Hom,male,Bangladesh,5,4,35,35,16,2,3,1,0,0,17.5,100.0,4,66,2,71,6.45,35.5,1,0
,5abb0f07,TAW Patterson,male,Belize,6,5,35,68,16,0,2,0,0,0,7.0,51.47,3,20,0,49,14.7,,0,0
,20f65440,Waqas Haider,male,Sweden,3,3,35,21,19,1,4,2,0,0,17.5,166.67,0,0,0,0,0.0,,0,0
,61650adb,YI Kachhalia,male,Panama,7,7,35,55,14,0,3,0,0,0,5.0,63.64,0,0,0,0,0.0,,0,0
,13598ebc,A Krishna,male,Singapore,14,8,34,33,21,5,4,0,0,0,11.33,103.03,14,260,18,381,8.79,21.17,4,0
,a1e80d06,A Shukla,male,Hong Kong,57,16,34,51,10,6,2,1,0,0,3.4,66.67,56,1063,53,1402,7.91,26.45,4,0
,599ce28e,Ansh Tandon,male,United Arab Emirates,5,5,34,34,14,0,3,1,0,0,6.8,100.0,0,0,0,0,0.0,,0,0
,1f7adc8a,Arafat Sunny,male,Bangladesh,10,6,34,29,10,3,3,1,0,0,11.33,117.24,10,186,12,230,7.42,19.17,2,0
,63bd7086,B Jerkovic,male,Croatia,8,7,34,73,11,5,1,0,0,0,17.0,46.58,5,54,4,100,11.11,25.0,3,0
,33ab1f1c,B Khumalo,male,Botswana,32,11,34,57,10,7,1,0,0,0,8.5,59.65,30,508,21,621,7.33,29.57,3,0
,e6d298e8,CD de Lange,male,Scotland,6,2,34,20,22,0,2,2,0,0,17.0,170.0,6,138,7,127,5.52,18.14,2,0
,ce9ee68f,DK Dahyabhai Ahir,male,Panama,8,6,34,46,12,3,1,0,0,0,11.33,73.91,8,138,6,129,5.61,21.5,3,0
,57bd3ecc,Hammad Azam,male,Pakistan,4,4,34,34,21,1,3,1,0,0,11.33,100.0,0,0,0,0,0.0,,0,0
,7a25958c,Huang Junjie,male,China,5,5,34,80,19,0,3,0,0,0,6.8,42.5,0,0,0,0,0.0,,0,0
,5481bd91,J Hill,male,Philippines,7,7,34,64,11,0,3,0,0,0,4.86,53.12,2,36,3,50,8.33,16.67,2,0
,9d75aec7,J Marples,male,Gibraltar,8,7,34,42,16,3,2,0,0,0,8.5,80.95,1,6,0,14,14.0,,0,0
,c6e87b1c,Kashif Khan,male,Singapore,4,4,34,50,13,0,0,1,0,0,8.5,68.0,4,73,4,75,6.16,18.75,2,0
,26529e00,Manoj Adhikari,male,Bhutan,6,6,34,52,9,3,3,0,0,0,11.33,65.38,0,0,0,0,0.0,,0,0
,362fde0f,NA Maiolo,male,Italy,4,4,34,40,25,0,2,1,0,0,8.5,85.0,4,96,4,92,5.75,23.0,2,0
,1ef6ed2b,PUKK Arachchige,male,Finland,7,5,34,50,24,0,0,1,0,0,6.8,68.0,4,78,4,94,7.23,23.5,2,0
,dbfbaba1,S Kimura,male,Japan,4,4,34,38,14,0,1,1,0,0,8.5,89.47,0,0,0,0,0.0,,0,0
,18a0ba24,S Smith,male,Bermuda,11,11,34,65,7,5,1,0,0,0,5.67,52.31,0,0,0,0,0.0,,0,0
,8361e524,SSB Magala,male,South Africa,6,3,34,18,18,2,1,4,0,0,34.0,188.89,6,120,6,226,11.3,37.67,3,0
,4fe6be0c,Shah Faisal,male,Oman,13,8,34,45,9,4,2,1,0,0,8.5,75.56,13,276,14,347,7.54,24.79,3,0
,90c734f8,T Horpinitch,male,Seychelles,4,4,34,62,13,0,5,0,0,0,8.5,54.84,0,0,0,0,0.0,,0,0
,b16ddb79,W McClintock,male,Ireland,4,4,34,38,15,1,4,0,0,0,11.33,89.47,0,0,0,0,0.0,,0,0
,511871c6,W Perchard,male,Jersey,4,3,34,31,29,3,2,0,0,0,,109.68,3,36,0,46,7.67,,0,0
,a3e241da,YK Rai,male,United Arab Emirates,1,1,34,26,34,0,1,2,0,0,34.0,130.77,0,0,0,0,0.0,,0,0
,ef4f539a,C Chete,male,Malawi,9,9,33,47,18,0,4,0,0,0,3.67,70.21,0,0,0,0,0.0,,0,0
,63772ee4,D Finau,male,Samoa,12,7,33,29,14,3,2,2,0,0,8.25,113.79,7,84,4,135,9.64,33.75,3,0
,096601c5,DKJ Claude,male,Ivory Coast,10,10,33,84,8,0,5,0,0,0,3.3,39.29,6,85,1,178,12.56,178.0,1,0
,3185266a,DLS van Bunge,male,Netherlands,7,6,33,34,19,1,1,2,0,0,6.6,97.06,2,14,1,15,6.43,15.0,1,0
,f74a1394,Elias Hasan,male,Estonia,7,6,33,37,11,2,2,2,0,0,8.25,89.19,6,90,2,157,10.47,78.5,1,0
,509a84de,Faisal Mehmood,male,Belgium,2,2,33,25,23,0,5,1,0,0,16.5,132.0,0,0,0,0,0.0,,0,0
,2e929b99,GO Jones,male,England,2,2,33,24,19,1,5,0,0,0,33.0,137.5,0,0,0,0,0.0,,0,0
,ed547c49,I Pandey,male,Nepal,4,4,33,50,22,0,5,0,0,0,8.25,66.0,0,0,0,0,0.0,,0,0
,fc75bbba,M Cohen,male,Israel,2,2,33,31,28,0,3,1,0,0,16.5,106.45,0,0,0,0,0.0,,0,0
,b556eff5,Micheal Das,male,Malta,3,3,33,29,17,1,4,1,0,0,16.5,113.79,0,0,0,0,0.0,,0,0
,f3e240a6,Mustapha Yusuf,male,Nigeria,5,4,33,34,16,2,3,0,0,0,16.5,97.06,5,84,3,120,8.57,40.0,1,0
,2002c586,Omar Hussain,male,Lesotho,5,5,33,40,33,0,2,1,0,0,6.6,82.5,1,6,0,11,11.0,,0,0
,ada15e88,PSP Handscomb,male,Australia,2,2,33,33,20,1,1,0,0,0,33.0,100.0,0,0,0,0,0.0,,0,0
,c13b2833,R Flannigan,male,Scotland,2,2,33,28,18,1,3,0,0,0,33.0,117.86,0,0,0,0,0.0,,0,0
,b0f9dac4,R Nil,male,Seychelles,3,2,33,27,19,0,2,1,0,0,16.5,122.22,3,48,1,60,7.5,60.0,1,0
,4c7c6f58,RJMGM Rupasinghe,male,Sri Lanka,2,2,33,39,18,0,2,0,0,0,16.5,84.62,0,0,0,0,0.0,,0,0
,2a242d58,Simandeep Singh,male,Hong Kong,7,7,33,32,14,2,2,0,0,0,6.6,103.12,0,0,0,0,0.0,,0,0
,4b2d6789,TS Chisoro,male,Zimbabwe,11,6,33,40,14,3,1,2,0,0,11.0,82.5,11,246,9,269,6.56,29.89,3,0
,bcce309e,WPUJC Vaas,male,Sri Lanka,6,2,33,39,21,1,1,0,0,0,33.0,84.62,6,132,6,128,5.82,21.33,2,0
,fd3c5c00,AAA Patel,male,Lesotho,4,4,32,31,19,0,4,1,0,0,8.0,103.23,0,0,0,0,0.0,,0,0
,4b83e65a,AR Balla,male,Cameroon,12,12,32,117,7,3,0,0,0,0,3.56,27.35,1,6,0,16,16.0,,0,0
,fd7d703c,Adeeb Usmani,male,United Arab Emirates,2,2,32,29,30,0,2,2,0,0,16.0,110.34,0,0,0,0,0.0,,0,0
,4d83491d,Aftab Kayani,male,Romania,6,3,32,32,20,0,3,0,0,0,10.67,100.0,6,90,9,93,6.2,10.33,2,0
,6577a6ad,BK Stroud,male,St Helena,13,6,32,78,10,2,1,0,0,0,8.0,41.03,12,216,7,213,5.92,30.43,2,0
,f4a2d087,Bukhar Illikkal,male,Qatar,10,4,32,32,25,0,2,1,0,0,8.0,100.0,10,168,5,196,7.0,39.2,1,0
,c10a581f,CR Richards,male,St Helena,9,9,32,50,7,1,2,1,0,0,4.0,64.0,0,0,0,0,0.0,,0,0
,f9260467,D Gaikwad,male,Hungary,2,2,32,22,20,0,6,0,0,0,16.0,145.45,2,17,0,51,18.0,,0,0
,86421172,GA Lamb,male,Zimbabwe,5,4,32,54,14,2,1,0,0,0,16.0,59.26,5,73,4,80,6.58,20.0,2,0
,eeeebf82,HA Varaiya,male,Kenya,13,4,32,48,18,4,1,0,0,0,,66.67,12,224,10,235,6.29,23.5,2,0
,1d1c6410,J West,male,Gibraltar,4,4,32,53,14,0,2,0,0,0,8.0,60.38,0,0,0,0,0.0,,0,0
,49b6c09f,JC Tredwell,male,England,15,5,32,20,22,2,4,1,0,0,10.67,160.0,15,317,7,416,7.87,59.43,1,0
,ec201565,JD Newton,male,Croatia,4,4,32,51,26,0,2,1,0,0,8.0,62.75,4,79,3,66,5.01,22.0,1,0
,c5981c9c,JJ Wright,male,Swaziland,4,3,32,32,19,1,1,1,0,0,16.0,100.0,2,22,0,28,7.64,,0,0
,6a6037c8,JS Bangera,male,Israel,4,4,32,44,21,0,3,1,0,0,8.0,72.73,0,0,0,0,0.0,,0,0
,55d07946,K Ghalley,male,Bhutan,4,4,32,41,19,2,2,0,0,0,16.0,78.05,0,0,0,0,0.0,,0,0
,99ffb3d3,KRP Silva,male,United States of America,2,2,32,12,25,0,2,3,0,0,16.0,266.67,1,12,0,19,9.5,,0,0
,de16fed9,L Grace,male,Cook Islands,5,5,32,46,24,1,1,1,0,0,8.0,69.57,0,0,0,0,0.0,,0,0
,91136091,LHB Harrington-Myers,male,Cayman Islands,4,4,32,39,17,1,1,1,0,0,10.67,82.05,2,24,2,26,6.5,13.0,2,0
,3f9d95f9,LJ Myott,male,Philippines,21,8,32,34,13,5,1,1,0,0,10.67,94.12,21,447,26,450,6.04,17.31,4,0
,86b4bf88,MJ Swepson,male,Australia,8,5,32,23,14,5,1,2,0,0,,139.13,8,150,11,204,8.16,18.55,3,0
,c2409632,ML Bojang,male,Gambia,5,5,32,32,11,0,2,1,0,0,6.4,100.0,5,96,3,77,4.81,25.67,1,0
,96ce6752,Mirza Baig,male,Pakistan,2,2,32,20,32,1,4,2,0,0,32.0,160.0,0,0,0,0,0.0,,0,0
,023f6b02,Nadeem Ahmed,male,Hong Kong,19,8,32,50,10,4,2,0,0,0,8.0,64.0,19,381,23,410,6.46,17.83,4,0
,87e87dd2,P Nedeljkovic,male,Serbia,10,5,32,42,14,2,3,1,0,0,10.67,76.19,10,228,11,281,7.39,25.55,3,0
,b6359668,Qasim Akram,male,Pakistan,2,2,32,31,20,0,5,0,0,0,16.0,103.23,1,11,2,5,2.73,2.5,2,0
,e5b4e363,R Limbu,male,Bhutan,3,3,32,47,27,0,4,1,0,0,10.67,68.09,0,0,0,0,0.0,,0,0
,6df8d190,SE Findlay,male,West Indies,2,2,32,31,19,0,4,0,0,0,16.0,103.23,0,0,0,0,0.0,,0,0
,3540beff,SNJ O'Keefe,male,Australia,7,5,32,26,22,0,4,1,0,0,6.4,123.08,7,114,6,149,7.84,24.83,3,0
,4909a5f6,Salman Patel,male,Zambia,7,6,32,34,24,2,3,1,0,0,8.0,94.12,3,43,2,74,10.33,37.0,1,0
,df3438ae,TW Samuels,male,Belize,5,5,32,43,17,1,2,0,0,0,8.0,74.42,3,30,0,52,10.4,,0,0
,d42de283,Vivek Dixit,male,Luxembourg,5,5,32,33,15,1,3,1,0,0,8.0,96.97,5,78,4,125,9.62,31.25,2,0
,438aef39,ZR Jaboneke,male,Tanzania,7,5,32,43,12,3,0,1,0,0,16.0,74.42,3,36,1,25,4.17,25.0,1,0
,8012d0b8,CAK Rajitha,male,Sri Lanka,17,8,31,53,9,5,2,0,0,0,10.33,58.49,17,372,16,584,9.42,36.5,3,0
,9ec74db8,CM McBride,male,Scotland,4,4,31,26,17,1,4,0,0,0,10.33,119.23,1,6,0,14,14.0,,0,0
,c4bc3b59,D Khanal,male,Nepal,3,3,31,35,18,0,4,1,0,0,10.33,88.57,0,0,0,0,0.0,,0,0
,0813a8b1,D Marks,male,Malta,17,6,31,35,10,3,1,1,0,0,10.33,88.57,17,362,17,540,8.95,31.76,3,0
,224a9f5e,DG Weakley,male,Bahamas,13,6,31,50,20,1,1,1,0,0,6.2,62.0,12,245,12,284,6.96,23.67,2,0
,c3564c2d,G Toka,male,Papua New Guinea,2,2,31,27,29,0,3,1,0,0,15.5,114.81,1,18,1,20,6.67,20.0,1,0
,6a868271,J Cama,male,Fiji,5,5,31,28,24,0,0,3,0,0,6.2,110.71,0,0,0,0,0.0,,0,0
,e8c00c13,JDA Richardson,male,Bermuda,5,5,31,46,15,1,3,0,0,0,7.75,67.39,0,0,0,0,0.0,,0,0
,11b37b2a,JL Tutty,male,Cook Islands,14,5,31,43,13,2,2,0,0,0,10.33,72.09,14,270,16,293,6.51,18.31,2,0
,7be8a0ed,JW Dernbach,male,Italy,38,9,31,32,12,3,4,0,0,0,5.17,96.88,38,812,42,1154,8.53,27.48,4,0
,6752c57b,Jahurul Islam,male,Bangladesh,3,3,31,23,18,0,3,1,0,0,10.33,134.78,0,0,0,0,0.0,,0,0
,abbc06cf,L Sanogo,male,Mali,14,12,31,60,15,4,4,0,0,0,3.88,51.67,6,102,6,129,7.59,21.5,3,0
,a5736b73,LN Saishiv,male,Oman,1,1,31,31,31,0,1,2,0,0,31.0,100.0,0,0,0,0,0.0,,0,0
,e38e240a,NT Rajendran,male,Kuwait,8,5,31,29,11,3,3,0,0,0,15.5,106.9,8,186,11,189,6.1,17.18,3,0
,f14c62e4,PA Nixon,male,England,1,1,31,22,31,1,2,1,0,0,,140.91,0,0,0,0,0.0,,0,0
,7a27bee5,Parvindar Kumar,male,Kuwait,8,4,31,26,19,1,1,2,0,0,10.33,119.23,6,84,3,116,8.29,38.67,1,0
,0184dc35,R Dravid,male,India,1,1,31,21,31,0,0,3,0,0,31.0,147.62,0,0,0,0,0.0,,0,0
,f456ad17,RR Naik,male,Singapore,2,2,31,19,29,0,0,3,0,0,15.5,163.16,0,0,0,0,0.0,,0,0
,d1d8b6a2,S Kollery,male,Botswana,2,2,31,43,29,1,4,0,0,0,31.0,72.09,1,12,0,15,7.5,,0,0
,8d646b49,Soyeb Pendi,male,Zambia,12,7,31,27,16,3,2,3,0,0,7.75,114.81,12,252,15,264,6.29,17.6,3,0
,e204b898,Syed Maisam Ali,male,Portugal,9,4,31,24,18,3,1,2,0,0,31.0,129.17,8,139,15,143,6.17,9.53,4,0
,d2d4bb0a,TR Birt,male,Australia,3,3,31,33,17,0,3,1,0,0,10.33,93.94,0,0,0,0,0.0,,0,0
,95d3c4a6,TS Braat,male,Netherlands,5,2,31,29,26,1,4,1,0,0,31.0,106.9,5,84,6,136,9.71,22.67,2,0
,33742f04,Usman Qadir,male,Pakistan,20,7,31,27,18,3,2,1,0,0,7.75,114.81,20,408,29,553,8.13,19.07,4,0
,04cf2e94,A Morris,male,Cayman Islands,24,12,30,67,8,8,2,0,0,0,7.5,44.78,24,523,30,513,5.89,17.1,4,0
,a4571ba9,A Mustafa,male,Argentina,5,5,30,27,10,3,1,0,0,0,15.0,111.11,0,0,0,0,0.0,,0,0
,acdc62f5,A Nortje,male,South Africa,45,14,30,50,12,6,1,1,0,0,3.75,60.0,45,960,54,1180,7.38,21.85,4,0
,fa308279,A Paul,male,Estonia,15,6,30,38,14,2,1,0,0,0,7.5,78.95,14,244,16,350,8.61,21.88,3,0
,53dd7d8e,Andre Jarju,male,Gambia,8,8,30,70,12,3,2,0,0,0,6.0,42.86,8,144,7,248,10.33,35.43,3,0
,20d948ae,B Maphosa,male,Botswana,6,4,30,39,18,2,0,1,0,0,15.0,76.92,6,81,1,115,8.52,115.0,1,0
,31c04b7b,CJPF Kalugamage,male,Italy,21,8,30,44,7,5,1,0,0,0,10.0,68.18,21,407,24,468,6.9,19.5,4,0
,2f1c0815,D Cato,male,Cayman Islands,3,3,30,58,20,0,2,0,0,0,10.0,51.72,0,0,0,0,0.0,,0,0
,d406e303,D Johnson,male,Cayman Islands,11,7,30,42,10,2,0,2,0,0,6.0,71.43,11,180,8,252,8.4,31.5,2,0
,5757c506,Danyal Akbar,male,Hungary,3,3,30,31,17,1,2,0,0,0,15.0,96.77,0,0,0,0,0.0,,0,0
,755a77c6,GS Ballance,male,Zimbabwe,1,1,30,29,30,0,2,1,0,0,30.0,103.45,0,0,0,0,0.0,,0,0
,f31740ce,H Pattenden,male,Estonia,4,3,30,28,21,3,2,2,0,0,,107.14,4,48,0,79,9.88,,0,0
,0e4843d2,Hamed Khan,male,Hong Kong,5,5,30,43,10,1,2,0,0,0,7.5,69.77,0,0,0,0,0.0,,0,0
,967801f4,Isaiah O'Brien,male,Bermuda,2,1,30,11,30,0,2,3,0,0,30.0,272.73,1,6,0,8,8.0,,0,0
,44d623c9,J Pakhiaokajee,male,Thailand,5,5,30,39,22,2,2,1,0,0,10.0,76.92,0,0,0,0,0.0,,0,0
,6d5983d4,JC Darji,male,Tanzania,7,6,30,43,16,0,4,0,0,0,5.0,69.77,5,101,10,69,4.1,6.9,4,0
,9025e58f,Junaid Siddiqui,male,Canada,20,6,30,33,13,3,0,1,0,0,10.0,90.91,20,391,14,364,5.59,26.0,3,0
,f8929fe0,K Matigimu,male,Zimbabwe,3,2,30,18,19,1,0,3,0,0,30.0,166.67,3,48,2,92,11.5,46.0,2,0
,00c98c78,NH Ekanayake,male,Bahamas,4,4,30,43,19,1,3,1,0,0,10.0,69.77,3,59,3,60,6.1,20.0,2,0
,d05e9052,R Poojary,male,Mexico,7,7,30,52,20,0,0,1,0,0,4.29,57.69,0,0,0,0,0.0,,0,0
,52f96571,RJ Trott,male,Bermuda,14,7,30,56,19,3,3,0,0,0,7.5,53.57,14,276,16,302,6.57,18.88,4,0
,a744d530,RV Viraj,male,Cambodia,4,4,30,52,22,0,5,0,0,0,7.5,57.69,3,30,2,64,12.8,32.0,2,0
,60beb01b,WW Hinds,male,West Indies,4,4,30,41,14,0,3,0,0,0,7.5,73.17,0,0,0,0,0.0,,0,0
,075a9439,Adeshlie Alias,male,Malaysia,2,2,29,30,22,0,4,0,0,0,14.5,96.67,0,0,0,0,0.0,,0,0
,91e035c6,Awais Ikram,male,Slovenia,5,5,29,29,10,2,3,1,0,0,9.67,100.0,5,73,5,130,10.68,26.0,2,0
,e60e8014,Bhargav Narasimha,male,Mexico,6,4,29,43,13,1,0,0,0,0,9.67,67.44,6,102,7,112,6.59,16.0,3,0
,fa39ad19,D Robson,male,Estonia,13,5,29,42,19,1,0,1,0,0,7.25,69.05,13,311,13,314,6.06,24.15,2,0
,a7a7a2d5,DJ Hall,male,Croatia,5,5,29,50,12,2,1,0,0,0,9.67,58.0,5,120,7,161,8.05,23.0,2,0
,65cfc56b,DK Shetty,male,Indonesia,25,5,29,24,14,3,1,1,0,0,14.5,120.83,25,393,23,445,6.79,19.35,3,0
,dc650363,FE Carava,male,Mozambique,5,5,29,63,12,0,1,0,0,0,5.8,46.03,0,0,0,0,0.0,,0,0
,4551ed03,Fazil Muhammad,male,South Korea,5,4,29,43,15,1,1,0,0,0,9.67,67.44,5,83,5,100,7.23,20.0,4,0
,915264c2,HN Ya France,male,Namibia,16,8,29,32,13,2,2,1,0,0,4.83,90.62,15,174,6,188,6.48,31.33,1,0
,22d73540,Jahandad Khan,male,Pakistan,8,5,29,34,17,1,0,2,0,0,7.25,85.29,8,108,7,211,11.72,30.14,2,0
,c57a486f,Khalid Niazi,male,Switzerland,8,3,29,36,13,2,1,0,0,0,29.0,80.56,8,121,10,163,8.08,16.3,4,0
,4bf76da2,L Solomone,male,Mozambique,2,2,29,19,28,0,5,1,0,0,14.5,152.63,1,9,1,11,7.33,11.0,1,0
,58431ca0,MADI Hemantha,male,Sri Lanka,8,5,29,34,14,1,2,0,0,0,7.25,85.29,8,176,10,267,9.1,26.7,3,0
,48024cf4,MM Siddique,male,Japan,3,2,29,20,28,0,4,1,0,0,14.5,145.0,3,42,3,34,4.86,11.33,2,0
,212aeedd,N Peter,male,South Africa,14,5,29,25,10,3,3,0,0,0,14.5,116.0,14,240,10,379,9.47,37.9,2,0
,02b078b1,P Malav,male,Luxembourg,21,8,29,44,8,1,2,0,0,0,4.14,65.91,21,434,24,552,7.63,23.0,3,0
,ac02a458,V Pulibanti,male,Croatia,7,7,29,53,10,2,5,0,0,0,5.8,54.72,1,12,1,15,7.5,15.0,1,0
,b6e29ef5,VM Vaghela,male,United States of America,3,1,29,32,29,0,2,0,0,0,29.0,90.62,3,60,7,40,4.0,5.71,3,0
,0d15a8c9,Zahid Ali,male,United Arab Emirates,6,2,29,23,18,1,3,0,0,0,29.0,126.09,6,102,5,154,9.06,30.8,2,0
,72ae14d0,Zeeshan Goraya,male,Austria,9,5,29,37,12,0,2,1,0,0,5.8,78.38,9,144,8,217,9.04,27.12,2,0
,96fd40ae,A Nehra,male,India,26,5,28,39,22,0,1,2,0,0,5.6,71.79,26,564,31,739,7.86,23.84,3,0
,93f72fdc,AK Muslar,male,Belize,5,5,28,66,15,1,2,0,0,0,7.0,42.42,1,24,0,36,9.0,,0,0
,4cc968c5,Abdullah Mohd Yousaf,male,Bahrain,5,3,28,31,12,1,2,0,0,0,14.0,90.32,5,63,2,95,9.05,47.5,1,0
,f815a3b7,Amir Sharif,male,Italy,3,3,28,27,22,1,1,1,0,0,14.0,103.7,0,0,0,0,0.0,,0,0
,c329d304,J Cutinho,male,Costa Rica,4,4,28,41,13,0,2,1,0,0,7.0,68.29,4,48,6,58,7.25,9.67,4,0
,9393ac1b,L Dirmeik,male,Israel,2,2,28,35,23,0,1,1,0,0,14.0,80.0,0,0,0,0,0.0,,0,0
,9a4972ab,L Perera,male,Botswana,3,3,28,35,17,1,2,0,0,0,14.0,80.0,0,0,0,0,0.0,,0,0
,3b107df5,ME Leoela,male,Lesotho,11,10,28,63,11,2,1,0,0,0,3.5,44.44,1,18,0,20,6.67,,0,0
,f08adc01,MG Hunter,male,Gibraltar,3,2,28,39,27,0,1,1,0,0,14.0,71.79,3,45,3,47,6.27,15.67,2,0
,486f252b,MO Bacarese,male,Gibraltar,3,3,28,55,13,0,0,1,0,0,9.33,50.91,2,48,1,32,4.0,32.0,1,0
,69795fcd,MS Diakite,male,Mali,10,10,28,63,10,0,4,0,0,0,2.8,44.44,0,0,0,0,0.0,,0,0
,6e84e207,Mansoor Malangzai,male,Belgium,1,1,28,16,28,0,2,2,0,0,28.0,175.0,0,0,0,0,0.0,,0,0
,4a4991c1,Mian Mehmood,male,Portugal,4,4,28,33,12,0,2,0,0,0,7.0,84.85,0,0,0,0,0.0,,0,0
,c5326dd0,NG Jones,male,Ireland,3,3,28,23,14,2,0,2,0,0,28.0,121.74,1,6,0,6,6.0,,0,0
,32190239,NT Gireesh,male,Cambodia,16,8,28,41,14,2,3,1,0,0,4.67,68.29,10,132,9,186,8.45,20.67,3,0
,f8648b9b,R Goodwin,male,Philippines,9,9,28,54,16,2,1,0,0,0,4.0,51.85,1,12,0,21,10.5,,0,0
,ed524599,RA Abolarin,male,Nigeria,8,4,28,21,20,2,2,1,0,0,14.0,133.33,8,150,9,127,5.08,14.11,3,0
,c8c566df,S Sheelan,male,Indonesia,1,1,28,28,28,0,3,0,0,0,28.0,100.0,0,0,0,0,0.0,,0,0
,4289ccc9,Samader Shadab,male,Greece,7,6,28,42,14,0,0,2,0,0,4.67,66.67,6,72,4,121,10.08,30.25,2,0
,c38d3503,Shivam Mavi,male,India,6,2,28,18,26,0,2,2,0,0,14.0,155.56,6,84,7,123,8.79,17.57,4,0
,9cbbe35b,TG Gordon,male,Canada,2,2,28,34,23,0,3,0,0,0,14.0,82.35,0,0,0,0,0.0,,0,0
,6535cc7b,V Jayant,male,Lesotho,6,6,28,53,17,0,2,0,0,0,4.67,52.83,4,47,1,76,9.7,76.0,1,0
,f3c217a9,Wang Liuyang,male,China,4,4,28,51,18,0,2,0,0,0,7.0,54.9,0,0,0,0,0.0,,0,0
,2d645c00,A Bushell,male,Guernsey,4,3,27,31,14,1,1,1,0,0,13.5,87.1,1,6,0,7,7.0,,0,0
,677c18f9,A Djorovic,male,Serbia,7,4,27,46,15,2,3,0,0,0,13.5,58.7,6,70,1,149,12.77,149.0,1,0
,92aaa31d,Abdul Jalil,male,Oman,3,3,27,34,16,0,3,1,0,0,9.0,79.41,0,0,0,0,0.0,,0,0
,eef2536f,Avesh Khan,male,India,23,5,27,20,16,3,3,1,0,0,13.5,135.0,23,475,26,697,8.8,26.81,4,0
,dcdb87f2,Bilal Khan,male,Oman,68,18,27,46,6,14,1,0,0,0,6.75,58.7,68,1466,94,1661,6.8,17.67,4,0
,a02a0e07,C Shivakumar,male,Singapore,4,3,27,40,17,0,3,0,0,0,9.0,67.5,3,42,0,72,10.29,,0,0
,c160db98,C Smith,male,Isle of Man,6,4,27,27,13,0,2,1,0,0,6.75,100.0,5,82,4,90,6.59,22.5,3,0
,b3179e21,CB Ondoa,male,Cameroon,8,8,27,81,10,2,1,0,0,0,4.5,33.33,0,0,0,0,0.0,,0,0
,e3fe4b49,F Hand,male,Ireland,12,8,27,29,9,3,4,0,0,0,5.4,93.1,11,140,5,232,9.94,46.4,3,0
,c10747c3,Imran Arif,male,Saudi Arabia,2,2,27,38,22,0,1,2,0,0,13.5,71.05,2,48,3,62,7.75,20.67,2,0
,4f1d3f68,J Santhanam,male,Singapore,7,4,27,24,18,2,2,1,0,0,13.5,112.5,7,144,11,127,5.29,11.55,3,0
,8a1d0222,Kuldeep Lal,male,Spain,5,3,27,26,17,1,3,0,0,0,13.5,103.85,3,30,2,52,10.4,26.0,1,0
,5b531900,LF Mavume,male,Mozambique,3,3,27,39,15,0,3,1,0,0,9.0,69.23,0,0,0,0,0.0,,0,0
,8d92a2c3,MA Wood,male,England,36,7,27,27,10,5,2,0,0,0,13.5,100.0,36,752,52,1070,8.54,20.58,3,0
,10eef955,MJM Kavana,male,Cook Islands,7,4,27,53,9,0,1,0,0,0,6.75,50.94,6,87,7,100,6.9,14.29,2,0
,6e1b1ec0,MP Vaughan,male,England,2,2,27,21,27,0,4,0,0,0,13.5,128.57,0,0,0,0,0.0,,0,0
,ff13b10c,Mohamed Shafeeq,male,Kuwait,42,11,27,29,6,1,3,0,0,0,2.7,93.1,42,866,38,1147,7.95,30.18,3,0
,e2f7d34b,Muhammad Naeem,male,Saudi Arabia,1,1,27,22,27,0,0,2,0,0,27.0,122.73,0,0,0,0,0.0,,0,0
,59ddd811,NE Bonner,male,West Indies,2,2,27,38,24,0,2,0,0,0,13.5,71.05,1,12,0,18,9.0,,0,0
,dcfad6eb,Nageebullah Sultanzai,male,Austria,6,6,27,29,13,2,2,1,0,0,6.75,93.1,0,0,0,0,0.0,,0,0
,79e754db,P Arrighi,male,Argentina,3,2,27,31,18,0,1,0,0,0,13.5,87.1,3,72,4,88,7.33,22.0,2,0
,e6b3c3cc,Parveen Kumar,male,Canada,7,4,27,32,19,0,0,2,0,0,6.75,84.38,7,156,8,135,5.19,16.88,3,0
,57b3c398,R Drake,male,Japan,13,7,27,30,11,6,1,0,0,0,27.0,90.0,13,156,5,267,10.27,53.4,3,0
,5892ac75,R Kalimuthu,male,Singapore,15,7,27,26,16,5,2,1,0,0,13.5,103.85,15,313,25,431,8.26,17.24,5,1
,3cc13c68,Rahat Ali,male,Czech Republic,5,4,27,26,17,2,3,0,0,0,13.5,103.85,5,108,5,136,7.56,27.2,2,0
,1d50ed62,S Hongsi,male,Thailand,3,3,27,16,11,3,3,1,0,0,,168.75,2,18,1,35,11.67,35.0,1,0
,f70f8dbb,S Selvaraj,male,Tanzania,5,3,27,24,20,1,4,0,0,0,13.5,112.5,5,108,3,118,6.56,39.33,1,0
,da39f141,S Sengupta,male,Czech Republic,7,4,27,25,9,1,3,0,0,0,9.0,108.0,5,96,4,158,9.88,39.5,3,0
,d6d2ac95,S Sharma,male,Mexico,7,5,27,28,21,1,0,3,0,0,6.75,96.43,6,120,6,102,5.1,17.0,2,0
,753c95b9,SS Pathirana,male,Sri Lanka,5,5,27,24,14,0,3,0,0,0,5.4,112.5,5,95,5,119,7.52,23.8,2,0
,aa3a7285,Sharveen Surendran,male,Malaysia,2,2,27,31,23,1,1,0,0,0,27.0,87.1,0,0,0,0,0.0,,0,0
,32737738,Sufiyan Tarajia,male,Panama,4,4,27,30,11,2,1,2,0,0,13.5,90.0,4,78,4,78,6.0,19.5,2,0
,30baaf1f,TP Allen,male,United States of America,3,3,27,17,11,1,0,3,0,0,13.5,158.82,2,18,1,28,9.33,28.0,1,0
,a049c39b,Tariq Aziz,male,Portugal,3,3,27,36,23,0,1,1,0,0,9.0,75.0,3,72,6,60,5.0,10.0,3,0
,0bb68705,VC Ahir,male,Panama,3,3,27,22,24,1,1,2,0,0,13.5,122.73,2,36,0,53,8.83,,0,0
,3a0f6df2,Zulfiqar Babar,male,Pakistan,6,3,27,27,13,3,2,1,0,0,,100.0,6,138,11,158,6.87,14.36,3,0
,06b8bdb3,AM Rajpurohit,male,Gambia,3,3,26,34,22,0,3,1,0,0,8.67,76.47,3,65,3,106,9.78,35.33,1,0
,1a448be0,B White,male,Ireland,33,8,26,46,7,7,2,0,0,0,26.0,56.52,33,648,30,904,8.37,30.13,2,0
,0fa92a21,C Bayraktar,male,Turkey,3,3,26,34,12,0,0,2,0,0,8.67,76.47,0,0,0,0,0.0,,0,0
,d5f3b5e1,D Ganga,male,West Indies,1,1,26,31,26,0,3,1,0,0,26.0,83.87,0,0,0,0,0.0,,0,0
,053f3ce3,D Ravu,male,Papua New Guinea,21,9,26,35,5,3,4,0,0,0,4.33,74.29,21,380,23,475,7.5,20.65,4,0
,21db290f,Hammadullah Shinwari,male,Finland,13,9,26,36,5,1,1,0,0,0,3.25,72.22,13,281,21,285,6.09,13.57,6,2
,98614193,IKO Aboagye,male,Ghana,7,7,26,48,9,1,1,0,0,0,4.33,54.17,7,156,12,116,4.46,9.67,3,0
,a0a27cd4,J Jagroo,male,Bahamas,4,3,26,27,19,0,1,1,0,0,8.67,96.3,4,54,1,75,8.33,75.0,1,0
,a89433c5,K Boniface,male,Nigeria,6,5,26,39,9,3,0,0,0,0,13.0,66.67,4,44,1,61,8.32,61.0,1,0
,3d9cd1b1,Kau Qalo,male,Fiji,2,2,26,30,26,0,2,1,0,0,13.0,86.67,0,0,0,0,0.0,,0,0
,bbf5da29,Khandubhai Ahir,male,Panama,3,3,26,42,22,1,1,1,0,0,13.0,61.9,0,0,0,0,0.0,,0,0
,4a2ce060,M Jobarteh,male,Gambia,9,6,26,27,10,1,2,1,0,0,5.2,96.3,8,141,6,245,10.43,40.83,3,0
,e88468b7,Mujibur Ali,male,Oman,3,3,26,33,12,0,2,0,0,0,8.67,78.79,1,6,0,11,11.0,,0,0
,201facae,N Mokoena,male,South Africa,6,3,26,24,26,1,1,3,0,0,13.0,108.33,6,123,6,175,8.54,29.17,3,0
,1f84183a,Nikhil Chaudhary,male,Australia,3,2,26,19,18,0,2,0,0,0,13.0,136.84,3,42,2,48,6.86,24.0,1,0
,f83b77f9,Raaz Mohammad,male,Finland,21,8,26,38,9,6,1,0,0,0,13.0,68.42,21,386,24,446,6.93,18.58,4,0
,b76b2d25,Sachin Kumar,male,Bahrain,9,4,26,32,19,1,3,0,0,0,8.67,81.25,9,132,7,208,9.45,29.71,4,0
,324e5c36,Samarth Shetty,male,Sweden,4,4,26,39,16,0,2,1,0,0,6.5,66.67,3,30,3,35,7.0,11.67,2,0
,69e23303,Shahadat Hossain,male,Bangladesh,2,2,26,33,21,0,3,0,0,0,13.0,78.79,0,0,0,0,0.0,,0,0
,90d6cdea,TB de Bruyn,male,South Africa,2,2,26,16,19,0,3,1,0,0,13.0,162.5,0,0,0,0,0.0,,0,0
,3883402f,Tian Sen Qun,male,China,10,10,26,70,7,0,1,0,0,0,2.6,37.14,10,191,10,216,6.79,21.6,4,0
,0e80e47d,U Shantu,male,Portugal,21,6,26,25,13,3,1,0,0,0,8.67,104.0,21,436,31,511,7.03,16.48,4,0
,bbafa5d6,A Harris,male,Bahamas,11,11,25,36,12,5,0,2,0,0,4.17,69.44,0,0,0,0,0.0,,0,0
,f1c4f2ea,A Nathwani,male,Austria,15,7,25,37,7,5,1,0,0,0,12.5,67.57,15,294,14,360,7.35,25.71,3,0
,f2756a51,AA Wagh,male,Austria,5,3,25,26,16,0,2,2,0,0,8.33,96.15,5,88,7,103,7.02,14.71,5,1
,7f74b21d,ACF Stokes,male,Guernsey,16,9,25,45,18,2,0,1,0,0,3.57,55.56,16,318,19,319,6.02,16.79,3,0
,f987245c,AM Ellis,male,New Zealand,5,5,25,21,16,2,1,1,0,0,8.33,119.05,4,60,2,105,10.5,52.5,2,0
,926c6d3c,Abdullah Mahmood,male,Denmark,22,9,25,33,9,2,1,0,0,0,3.57,75.76,21,326,22,345,6.35,15.68,4,0
,342d8ade,CRD Fernando,male,Sri Lanka,16,5,25,27,21,0,4,0,0,0,5.0,92.59,16,342,15,413,7.25,27.53,3,0
,d1bec7a6,D Matla,male,Slovenia,7,7,25,58,9,2,0,0,0,0,5.0,43.1,0,0,0,0,0.0,,0,0
,0b22ec0f,G Tuskan,male,Turkey,5,4,25,49,12,0,1,0,0,0,6.25,51.02,5,72,4,97,8.08,24.25,2,0
,7bbeac6d,GH O'Brien,male,Bermuda,9,4,25,29,7,2,1,1,0,0,12.5,86.21,9,189,10,202,6.41,20.2,2,0
,2b7609f1,H Ssenyondo,male,Uganda,79,13,25,48,5,8,0,0,0,0,5.0,52.08,78,1621,100,1443,5.34,14.43,5,1
,2e3c45d3,HJ Patel,male,Panama,2,2,25,25,21,0,2,0,0,0,12.5,100.0,0,0,0,0,0.0,,0,0
,e3c88145,IK Darmawan,male,Indonesia,2,2,25,32,16,0,3,0,0,0,12.5,78.12,0,0,0,0,0.0,,0,0
,7370ca3d,JH Kiani,male,Philippines,3,2,25,36,13,0,2,0,0,0,12.5,69.44,1,24,1,26,6.5,26.0,1,0
,4373c57e,JH Stander,male,Scotland,5,4,25,24,21,1,1,1,0,0,8.33,104.17,4,36,2,85,14.17,42.5,2,0
,97d86e77,K Thagunna,male,Nepal,2,2,25,41,15,0,1,0,0,0,12.5,60.98,0,0,0,0,0.0,,0,0
,5592153b,Kamran Wahid,male,Hungary,10,9,25,48,8,2,2,0,0,0,3.57,52.08,10,186,12,286,9.23,23.83,3,0
,8eb2e2e6,L McCarthy,male,Ireland,3,3,25,24,16,1,2,1,0,0,12.5,104.17,3,66,1,132,12.0,132.0,1,0
,16084b50,LA Simango,male,Mozambique,10,6,25,45,9,4,2,0,0,0,12.5,55.56,9,144,9,163,6.79,18.11,2,0
,f2637e05,LSP Siriwardene,male,Israel,4,4,25,44,12,0,0,0,0,0,6.25,56.82,0,0,0,0,0.0,,0,0
,d33fce1b,Luqman Hussan,male,Uzbekistan,4,4,25,39,12,0,3,1,0,0,6.25,64.1,4,58,0,92,9.52,,0,0
,27847fec,M Turner,male,Turks and Caicos Island,3,2,25,21,18,2,2,0,0,0,,119.05,3,54,2,36,4.0,18.0,1,0
,17f507e7,MA Algi,male,Mozambique,8,5,25,24,13,3,3,1,0,0,12.5,104.17,7,102,8,165,9.71,20.62,2,0
,f2990906,Murat Yilmaz,male,Turkey,12,10,25,70,6,1,1,0,0,0,2.78,35.71,10,113,5,184,9.77,36.8,2,0
,cc62ec8a,Ngawang Thinley,male,Bhutan,9,7,25,36,11,2,2,0,0,0,5.0,69.44,8,129,12,164,7.63,13.67,4,0
,a22fb7b5,PM Nevill,male,Australia,5,5,25,11,10,4,1,2,0,0,25.0,227.27,0,0,0,0,0.0,,0,0
,21bfd654,Pratik Agnihotri,male,Norway,2,2,25,36,19,0,2,0,0,0,12.5,69.44,0,0,0,0,0.0,,0,0
,7fa79e6a,Qalandar Khan,male,Qatar,1,1,25,17,25,0,1,2,0,0,25.0,147.06,0,0,0,0,0.0,,0,0
,7955eb15,RK Kleinveldt,male,South Africa,6,2,25,10,22,1,1,3,0,0,25.0,250.0,6,122,9,173,8.51,19.22,3,0
,d146924b,Raza-ur-Rehman,male,Canada,5,4,25,29,10,0,3,0,0,0,6.25,86.21,3,54,2,58,6.44,29.0,2,0
,aac584a8,S Hunter,male,Turks and Caicos Island,4,3,25,34,19,0,2,1,0,0,8.33,73.53,3,42,0,40,5.71,,0,0
,2d02f041,S Sugaya-Slater,male,Japan,14,5,25,30,12,2,2,0,0,0,8.33,83.33,14,185,8,220,7.14,27.5,2,0
,0f8e08ad,SO Olayinka,male,Nigeria,3,3,25,34,24,0,1,2,0,0,8.33,73.53,0,0,0,0,0.0,,0,0
,36a0a88c,Sarawut Maliwan,male,Thailand,37,15,25,68,5,6,1,0,0,0,2.78,36.76,37,629,37,709,6.76,19.16,4,0
,5902f2eb,Saud Munir,male,Denmark,20,7,25,43,6,5,0,0,0,0,12.5,58.14,20,400,26,411,6.17,15.81,5,1
,1b95b3cd,Suresh Kumar,male,Peru,2,2,25,43,25,0,2,0,0,0,12.5,58.14,2,48,4,70,8.75,17.5,2,0
,305c9b8a,V Rathinasamy,male,Croatia,4,4,25,53,13,0,2,1,0,0,6.25,47.17,3,36,2,37,6.17,18.5,1,0
,e64c10dd,VV Morea,male,Papua New Guinea,3,3,25,27,19,0,3,0,0,0,8.33,92.59,0,0,0,0,0.0,,0,0
,21dbacff,Abdul Samad,male,Japan,19,6,24,31,11,6,1,0,0,0,,77.42,19,328,20,216,3.95,10.8,2,0
,87e977df,Amjad Gul,male,United Arab Emirates,1,1,24,21,24,0,3,1,0,0,24.0,114.29,0,0,0,0,0.0,,0,0
,552518ea,Ashish Gupta,male,Indonesia,4,4,24,35,14,0,1,2,0,0,6.0,68.57,0,0,0,0,0.0,,0,0
,3aad4933,B Likavu,male,Kenya,2,2,24,11,18,0,2,2,0,0,12.0,218.18,0,0,0,0,0.0,,0,0
,1e3db5f4,C Bevin,male,Croatia,3,3,24,27,9,1,2,0,0,0,12.0,88.89,3,54,2,87,9.67,43.5,2,0
,527c2dab,C Floyd,male,Netherlands,4,3,24,24,21,2,2,1,0,0,24.0,100.0,4,66,2,102,9.27,51.0,1,0
,4751827a,CP Schofield,male,England,4,4,24,20,9,3,2,0,0,0,24.0,120.0,4,77,4,92,7.17,23.0,2,0
,09e5baeb,GF Cardos,male,Timor-Leste,8,8,24,86,9,0,1,0,0,0,3.0,27.91,1,6,0,12,12.0,,0,0
,a46de6e0,Hassan Khan Mohammad,male,Hong Kong,10,5,24,33,16,2,2,0,0,0,8.0,72.73,10,168,10,253,9.04,25.3,2,0
,c311564c,Ibrahim Jabarkhel,male,France,10,5,24,28,12,3,0,1,0,0,12.0,85.71,7,102,5,103,6.06,20.6,2,0
,f96933f0,Izatullah Dawlatzai,male,Germany,7,1,24,10,24,1,2,2,0,0,,240.0,7,145,5,148,6.12,29.6,3,0
,270b3f8e,JK Kamande,male,Kenya,6,5,24,38,14,0,2,0,0,0,4.8,63.16,4,90,8,98,6.53,12.25,3,0
,74234d66,JN Gillespie,male,Australia,1,1,24,17,24,0,4,0,0,0,24.0,141.18,1,24,1,49,12.25,49.0,1,0
,03806cf8,JR Hazlewood,male,Australia,57,9,24,21,13,6,2,1,0,0,8.0,114.29,57,1300,77,1608,7.42,20.88,4,0
,32613355,M Akhigbe,male,Nigeria,5,5,24,27,14,0,3,0,0,0,4.8,88.89,2,24,0,36,9.0,,0,0
,1b8c2b54,M Prasanna,male,Romania,4,3,24,13,18,1,4,0,0,0,12.0,184.62,4,78,4,129,9.92,32.25,2,0
,f5ba4611,M Sarenac,male,Serbia,24,11,24,51,10,3,1,0,0,0,3.0,47.06,23,352,19,512,8.73,26.95,3,0
,658c2e71,MGSM Fernando,male,Italy,6,3,24,19,14,0,2,1,0,0,8.0,126.32,6,144,9,121,5.04,13.44,2,0
,51a3c5ef,MJ McClenaghan,male,ICC World XI,29,7,24,22,10,3,1,2,0,0,6.0,109.09,29,608,30,789,7.79,26.3,3,0
,8596fe80,Mohammad Hasnain,male,Pakistan,26,7,24,26,8,6,2,1,0,0,24.0,92.31,26,594,24,843,8.52,35.12,3,0
,18ac3318,Mohammed Faraazuddin,male,United Arab Emirates,6,4,24,27,21,1,1,0,0,0,8.0,88.89,5,84,2,125,8.93,62.5,1,0
,8f3c6b8a,Muhammad Farooq,male,Cyprus,14,3,24,19,18,1,2,1,0,0,12.0,126.32,14,258,15,330,7.67,22.0,4,0
,44116edc,Mustapha Suwareh,male,Gambia,8,8,24,52,7,0,2,0,0,0,3.0,46.15,2,18,1,52,17.33,52.0,1,0
,af5b6464,N Bidaisee,male,West Indies,3,2,24,30,22,0,1,1,0,0,12.0,80.0,3,48,3,62,7.75,20.67,3,0
,c9a05046,Omer Kutuk,male,Turkey,4,4,24,26,9,3,2,0,0,0,24.0,92.31,0,0,0,0,0.0,,0,0
,bd021695,Qudratullah Mir Afzail,male,Sweden,6,5,24,20,13,2,3,0,0,0,8.0,120.0,6,95,4,95,6.0,23.75,3,0
,06b766f4,R Francis,male,St Helena,9,9,24,46,7,1,2,0,0,0,3.0,52.17,6,96,4,113,7.06,28.25,3,0
,7a7c7e57,R Pillai,male,Germany,3,3,24,31,14,1,1,0,0,0,12.0,77.42,0,0,0,0,0.0,,0,0
,acb6ee37,RR Saun,male,Costa Rica,6,6,24,48,15,1,3,0,0,0,4.8,50.0,1,12,0,17,8.5,,0,0
,e191bf68,Rameez Raja (2),male,Pakistan,2,2,24,28,23,0,2,0,0,0,12.0,85.71,0,0,0,0,0.0,,0,0
,7dfb8890,S Muthusamy,male,South Africa,5,5,24,22,9,1,2,1,0,0,6.0,109.09,5,108,5,128,7.11,25.6,2,0
,ce7936a5,S Ravoka,male,Fiji,5,5,24,37,13,2,0,0,0,0,8.0,64.86,5,120,7,128,6.4,18.29,3,0
,8a5a8cf0,SM Warnakulasuriya,male,France,8,4,24,25,10,1,1,0,0,0,8.0,96.0,8,132,10,177,8.05,17.7,5,1
,5bdeeed4,Shivam Sharma,male,Canada,10,2,24,11,15,0,0,3,0,0,12.0,218.18,10,180,17,163,5.43,9.59,4,0
,87493f1d,Ubaid Minhas,male,Bahrain,3,3,24,20,12,2,1,0,0,0,24.0,120.0,0,0,0,0,0.0,,0,0
,8f5313ce,WJ Malinda,male,Maldives,7,7,24,31,10,2,0,1,0,0,4.8,77.42,4,54,1,66,7.33,66.0,1,0
,fe5175ce,Yasir Mohammad,male,United States of America,12,5,24,40,16,1,0,0,0,0,6.0,60.0,12,255,20,306,7.2,15.3,4,0
,64fb6b15,A Bohara,male,Nepal,59,13,23,33,12,6,1,1,0,0,3.29,69.7,57,1164,67,1428,7.36,21.31,4,0
,d3a3e82d,AB Barath,male,West Indies,2,2,23,39,15,0,3,0,0,0,11.5,58.97,0,0,0,0,0.0,,0,0
,62a99934,Abdul Gaffar Saqlain,male,Bangladesh,3,2,23,21,13,1,2,1,0,0,23.0,109.52,3,68,4,116,10.24,29.0,2,0
,db51b9a0,Ali Raza,male,Estonia,3,3,23,19,17,2,2,1,0,0,23.0,121.05,0,0,0,0,0.0,,0,0
,89e17934,Ali Waqar,male,Czech Republic,5,3,23,30,15,0,2,0,0,0,7.67,76.67,5,96,2,133,8.31,66.5,1,0
,f8bd71c9,Atif Kamal,male,Luxembourg,9,5,23,28,12,1,1,1,0,0,5.75,82.14,9,156,11,182,7.0,16.55,3,0
,e1891e00,BV Sears,male,New Zealand,26,8,23,33,7,5,2,0,0,0,7.67,69.7,26,519,33,697,8.06,21.12,3,0
,7662cf7a,Bilawal Bhatti,male,Pakistan,8,3,23,14,13,1,2,1,0,0,11.5,164.29,8,138,4,230,10.0,57.5,2,0
,6ca4e7bf,D Ebersohn,male,Mexico,6,6,23,47,10,0,0,0,0,0,3.83,48.94,0,0,0,0,0.0,,0,0
,d5e5f96b,D Sheeli,male,Kuwait,2,2,23,17,17,0,2,2,0,0,11.5,135.29,0,0,0,0,0.0,,0,0
,4a2159dc,E Ernest,male,Sierra Leone,9,6,23,44,14,1,2,0,0,0,4.6,52.27,6,114,4,90,4.74,22.5,2,0
,3f9783fd,E Otgonbayar,male,Mongolia,7,7,23,59,7,0,0,0,0,0,3.29,38.98,0,0,0,0,0.0,,0,0
,0331c99a,Hassan Mehmood,male,Sweden,4,4,23,30,9,2,0,1,0,0,11.5,76.67,4,73,6,101,8.3,16.83,3,0
,a9da7784,KJ Abbott,male,South Africa,20,6,23,20,9,4,2,0,0,0,11.5,115.0,20,412,24,543,7.91,22.62,3,0
,69cbd850,M Mariyappan,male,Seychelles,6,6,23,47,16,0,1,0,0,0,3.83,48.94,0,0,0,0,0.0,,0,0
,5d00cd6f,MT Diaby,male,Mali,5,5,23,38,11,0,3,0,0,0,4.6,60.53,2,15,2,17,6.8,8.5,2,0
,245ca608,Matthew Mount,male,Malawi,5,5,23,28,13,1,2,1,0,0,5.75,82.14,2,12,0,17,8.5,,0,0
,4d290e7a,N Hirani,male,Kenya,6,3,23,14,19,2,3,0,0,0,23.0,164.29,5,96,7,94,5.88,13.43,4,0
,835a58da,NA Karnik,male,Singapore,10,4,23,47,11,1,1,0,0,0,7.67,48.94,9,170,10,281,9.92,28.1,3,0
,c9c356e2,P Florin,male,Romania,10,5,23,29,14,3,2,0,0,0,11.5,79.31,10,113,12,130,6.9,10.83,3,0
,79aad751,PADLR Sandakan,male,Sri Lanka,20,7,23,38,10,4,2,0,0,0,7.67,60.53,20,460,23,557,7.27,24.22,4,0
,4ed0bf6a,PL Bruno,male,Argentina,3,3,23,36,20,1,1,0,0,0,11.5,63.89,0,0,0,0,0.0,,0,0
,f0a45427,RM Koda,male,Indonesia,64,14,23,44,6,7,1,0,0,0,3.29,52.27,64,1207,54,1344,6.68,24.89,3,0
,24c1844e,S Chaudhary,male,Czech Republic,9,4,23,27,12,1,1,1,0,0,7.67,85.19,9,130,7,180,8.31,25.71,3,0
,3fca55af,S Sohal,male,United States of America,2,2,23,29,18,0,1,1,0,0,11.5,79.31,0,0,0,0,0.0,,0,0
,1a8eebbe,Shafiul Islam,male,Bangladesh,19,6,23,33,16,1,1,1,0,0,4.6,69.7,19,376,19,508,8.11,26.74,3,0
,33687b0e,Shamsudheen Purat,male,Saudi Arabia,1,1,23,22,23,0,4,0,0,0,23.0,104.55,0,0,0,0,0.0,,0,0
,c89474d1,TJ Murtagh,male,Ireland,12,4,23,20,12,3,0,1,0,0,23.0,115.0,12,239,11,291,7.31,26.45,3,0
,5bbabe59,TL Chatara,male,Zimbabwe,53,10,23,49,6,6,1,0,0,0,5.75,46.94,53,1125,56,1346,7.18,24.04,3,0
,72ef2c6b,V Jatinder Kumar,male,Germany,19,8,23,29,13,2,4,0,0,0,3.83,79.31,19,414,22,423,6.13,19.23,2,0
,1d6d8a8b,Zaki Ul Hassan,male,Belgium,16,6,23,33,11,5,1,0,0,0,23.0,69.7,16,329,26,420,7.66,16.15,4,0
,02d11602,AA Banner,male,Belize,6,5,22,32,10,0,4,0,0,0,4.4,68.75,3,42,1,63,9.0,63.0,1,0
,66b30f71,AB Dinda,male,India,9,2,22,24,19,1,1,0,0,0,22.0,91.67,9,180,17,245,8.17,14.41,4,0
,c0ee8488,AL Khunti,male,Israel,5,4,22,37,13,1,0,2,0,0,7.33,59.46,5,72,3,111,9.25,37.0,2,0
,96503059,Ahsan Malik,male,Netherlands,24,6,22,21,11,4,1,1,0,0,11.0,104.76,23,447,30,564,7.57,18.8,5,1
,a9516320,Alexander Hillman,male,Gibraltar,1,1,22,14,22,0,3,0,0,0,22.0,157.14,0,0,0,0,0.0,,0,0
,fa4f5a0b,Ali Sheikh,male,United States of America,6,3,22,20,17,1,1,0,0,0,11.0,110.0,6,132,10,141,6.41,14.1,5,1
,424a646f,D Ahir,male,Panama,3,3,22,23,14,0,2,1,0,0,7.33,95.65,3,66,3,74,6.73,24.67,2,0
,c404f58a,DP Nannes,male,Netherlands,16,4,22,18,12,2,1,1,0,0,11.0,122.22,16,366,28,459,7.52,16.39,4,0
,17fbaab5,FL Reifer,male,West Indies,1,1,22,20,22,0,2,1,0,0,22.0,110.0,0,0,0,0,0.0,,0,0
,08da9c7a,Hamza Nisar,male,Spain,1,1,22,11,22,0,1,2,0,0,22.0,200.0,0,0,0,0,0.0,,0,0
,cde067e1,J Kariko,male,Papua New Guinea,25,8,22,29,9,5,1,1,0,0,7.33,75.86,25,539,34,457,5.09,13.44,4,0
,bf0e0601,JWP Stephan,male,Germany,3,3,22,30,12,0,1,0,0,0,7.33,73.33,0,0,0,0,0.0,,0,0
,de063a39,LD Madushanka,male,Sri Lanka,3,3,22,29,20,0,1,0,0,0,7.33,75.86,1,24,0,36,9.0,,0,0
,1f5622a9,M Kulfiwala,male,Eswatini,2,2,22,21,21,0,4,0,0,0,11.0,104.76,1,5,2,1,1.2,0.5,2,0
,5bb5a915,M Morkel,male,South Africa,43,7,22,18,8,4,3,1,0,0,7.33,122.22,43,934,43,1171,7.52,27.23,4,0
,86ea6123,Mohamed Coulibaly,male,Mali,9,9,22,62,6,0,1,0,0,0,2.44,35.48,4,41,2,73,10.68,36.5,1,0
,837be376,Nazmul Huda,male,Timor-Leste,7,7,22,62,8,2,2,0,0,0,4.4,35.48,4,43,3,65,9.07,21.67,1,0
,9a137157,OO Bascome,male,Bermuda,2,2,22,23,16,0,3,0,0,0,11.0,95.65,0,0,0,0,0.0,,0,0
,95c214dd,Ousman Bah,male,Gambia,7,7,22,58,8,1,0,0,0,0,3.67,37.93,0,0,0,0,0.0,,0,0
,b40ee8a8,PC de Silva,male,Sri Lanka,2,2,22,22,21,0,1,0,0,0,11.0,100.0,2,12,0,30,15.0,,0,0
,5bd3bb5d,PJ Ingram,male,New Zealand,3,3,22,35,20,1,3,0,0,0,11.0,62.86,0,0,0,0,0.0,,0,0
,080c624a,RL De silva,male,Peru,2,2,22,39,21,1,2,0,0,0,22.0,56.41,0,0,0,0,0.0,,0,0
,fb68e13e,TV Badri Narayanan,male,Costa Rica,4,4,22,54,15,0,1,0,0,0,5.5,40.74,0,0,0,0,0.0,,0,0
,cc1e8c68,UT Yadav,male,India,9,2,22,20,20,1,2,0,0,0,22.0,110.0,9,180,12,280,9.33,23.33,2,0
,e1d2c0bf,VT Thiyanesh,male,Singapore,6,3,22,28,11,1,1,1,0,0,11.0,78.57,5,60,4,65,6.5,16.25,2,0
,20988564,Virendra Kumar,male,Israel,4,4,22,19,8,2,2,0,0,0,11.0,115.79,4,60,4,73,7.3,18.25,2,0
,88ee683b,Z Arinaitwe,male,Uganda,3,3,22,26,15,0,3,1,0,0,7.33,84.62,0,0,0,0,0.0,,0,0
,041db176,B Botcha,male,Mali,5,5,21,49,13,0,2,0,0,0,4.2,42.86,0,0,0,0,0.0,,0,0
,059ec7a5,B Kgosiemang,male,Botswana,26,7,21,43,6,6,1,0,0,0,21.0,48.84,26,435,19,559,7.71,29.42,3,0
,98d05440,B Regmi,male,Nepal,15,8,21,53,11,1,2,0,0,0,3.0,39.62,15,307,20,322,6.29,16.1,4,0
,00df8c9b,BADL Faunce,male,Greece,3,3,21,32,11,0,2,0,0,0,7.0,65.62,3,43,2,50,6.98,25.0,2,0
,41fc1ece,BB Chari,male,Zimbabwe,3,3,21,31,19,0,4,0,0,0,7.0,67.74,0,0,0,0,0.0,,0,0
,0ed66ce6,C Forshaw,male,Guernsey,14,4,21,26,12,2,0,1,0,0,10.5,80.77,14,258,22,359,8.35,16.32,3,0
,469ccead,CB Sole,male,Scotland,16,7,21,25,6,4,2,0,0,0,7.0,84.0,16,337,15,526,9.36,35.07,3,0
,6cedad99,EB Ringera,male,Kenya,24,10,21,36,6,2,1,0,0,0,2.62,58.33,24,449,26,527,7.04,20.27,4,0
,67fedcb4,Fayaz Mohammad,male,Bulgaria,3,3,21,17,12,0,3,0,0,0,7.0,123.53,1,8,0,18,13.5,,0,0
,29663fda,HL Harji,male,Seychelles,9,7,21,30,14,1,2,1,0,0,3.5,70.0,9,150,6,193,7.72,32.17,3,0
,40c041ea,Imam-ul-Haq,male,Pakistan,2,2,21,25,14,0,2,0,0,0,10.5,84.0,0,0,0,0,0.0,,0,0
,03c94c2f,J Grzinic,male,Croatia,5,5,21,49,8,2,1,0,0,0,7.0,42.86,1,1,0,4,24.0,,0,0
,75186c24,Kamran Shazad,male,United Arab Emirates,3,2,21,17,21,0,1,2,0,0,10.5,123.53,3,52,2,77,8.88,38.5,2,0
,6af3f1e6,Karweng NG,male,Philippines,4,3,21,30,14,0,0,1,0,0,7.0,70.0,3,54,0,81,9.0,,0,0
,88228580,MMR Obili,male,Estonia,8,6,21,33,9,2,0,0,0,0,5.25,63.64,8,144,4,173,7.21,43.25,2,0
,7d7ab238,MR Gillespie,male,New Zealand,11,6,21,28,7,4,0,0,0,0,10.5,75.0,10,210,10,255,7.29,25.5,4,0
,68ddabdb,Mohammad Sami,male,Pakistan,13,4,21,30,8,3,2,0,0,0,21.0,70.0,13,276,21,387,8.41,18.43,3,0
,d84a1af0,Nathan Ingleston,male,Panama,3,2,21,31,17,1,1,0,0,0,21.0,67.74,3,36,3,34,5.67,11.33,2,0
,cf719840,Nirmaljit Singh,male,Cambodia,6,6,21,52,7,3,1,1,0,0,7.0,40.38,0,0,0,0,0.0,,0,0
,5c842df4,P Yevugah,male,Ghana,5,5,21,31,6,0,1,0,0,0,4.2,67.74,0,0,0,0,0.0,,0,0
,e072b9d5,R Pisal,male,Romania,3,3,21,24,12,0,3,0,0,0,7.0,87.5,0,0,0,0,0.0,,0,0
,d4aa2ddb,R Sheshadri,male,Singapore,4,3,21,22,15,1,1,1,0,0,10.5,95.45,3,18,1,20,6.67,20.0,1,0
,4844672e,Raheel Thakkar,male,Singapore,2,2,21,29,13,1,1,0,0,0,21.0,72.41,0,0,0,0,0.0,,0,0
,4f629497,SE Bond,male,New Zealand,20,8,21,21,8,3,2,0,0,0,4.2,100.0,20,465,25,543,7.01,21.72,3,0
,b73625cb,Sarfraz Butt,male,Saudi Arabia,2,2,21,19,13,1,1,0,0,0,21.0,110.53,0,0,0,0,0.0,,0,0
,37753749,Shahid Mahmood,male,Bahrain,11,4,21,26,17,3,0,2,0,0,21.0,80.77,11,216,8,330,9.17,41.25,2,0
,10a91f35,Shoaib Akhtar,male,Pakistan,14,6,21,16,8,3,2,1,0,0,7.0,131.25,14,301,17,421,8.39,24.76,3,0
,167b3c71,Simon Shalders,male,Chile,2,2,21,35,21,0,2,0,0,0,10.5,60.0,0,0,0,0,0.0,,0,0
,e75cb073,UNGB Thenannahelage,male,Czech Republic,3,3,21,24,10,1,0,0,0,0,10.5,87.5,0,0,0,0,0.0,,0,0
,a98a6b86,Umair Ali,male,United Arab Emirates,2,2,21,17,13,1,2,1,0,0,21.0,123.53,1,12,0,15,7.5,,0,0
,dfbea4b3,V Jagannivasan,male,Czech Republic,5,5,21,34,12,1,2,0,0,0,5.25,61.76,0,0,0,0,0.0,,0,0
,3df8f9d5,Vishil Patel,male,Kenya,21,9,21,47,6,6,0,0,0,0,7.0,44.68,21,345,22,423,7.36,19.23,4,0
,3377f988,Y Jasti,male,Mexico,9,7,21,36,9,0,1,0,0,0,3.0,58.33,9,166,11,147,5.31,13.36,3,0
,5d9ebb3c,Z Abbasi,male,Botswana,4,4,21,18,16,0,2,1,0,0,5.25,116.67,2,24,1,16,4.0,16.0,1,0
,7fcaa9f4,Z Makadji,male,Mali,9,9,21,46,10,1,1,0,0,0,2.62,45.65,0,0,0,0,0.0,,0,0
,c594137f,A Shukla,male,Croatia,5,5,20,39,9,0,1,1,0,0,4.0,51.28,2,36,1,52,8.67,52.0,1,0
,349cf113,Ainool Haqqiem,male,Malaysia,2,2,20,20,12,1,1,0,0,0,20.0,100.0,0,0,0,0,0.0,,0,0
,6113433c,Akbar Khan,male,Hong Kong,4,4,20,37,7,0,1,0,0,0,5.0,54.05,0,0,0,0,0.0,,0,0
,23f37c09,Azri Azhar,male,Malaysia,12,4,20,21,13,1,1,1,0,0,6.67,95.24,12,130,4,170,7.85,42.5,2,0
,2c14421f,B Isaac,male,St Helena,6,4,20,42,16,0,0,0,0,0,5.0,47.62,4,60,0,90,9.0,,0,0
,e5117568,B Pondani,male,Malawi,20,10,20,32,8,7,1,0,0,0,6.67,62.5,18,301,12,348,6.94,29.0,2,0
,3f61a062,BTJ Wheal,male,Scotland,24,6,20,22,8,4,1,0,0,0,10.0,90.91,24,494,24,701,8.51,29.21,3,0
,18db3f22,C Waiswa,male,Uganda,6,2,20,14,14,1,1,1,0,0,20.0,142.86,6,114,10,145,7.63,14.5,4,0
,a5544576,D Murphy,male,Scotland,1,1,20,21,20,0,0,0,0,0,20.0,95.24,0,0,0,0,0.0,,0,0
,cb263798,DL Hemp,male,Bermuda,1,1,20,30,20,0,2,1,0,0,20.0,66.67,0,0,0,0,0.0,,0,0
,8fd1a8f5,DW Steyn,male,South Africa,46,10,20,25,5,4,2,0,0,0,3.33,80.0,46,997,62,1169,7.04,18.85,4,0
,6b46ce43,EJB Miles,male,Jersey,22,7,20,26,7,3,2,0,0,0,5.0,76.92,22,408,23,438,6.44,19.04,3,0
,c73c75f9,FFJ Heo,male,Indonesia,6,6,20,36,12,0,0,1,0,0,3.33,55.56,0,0,0,0,0.0,,0,0
,4ae44aec,G Singhdeo,male,Costa Rica,4,4,20,28,7,0,3,0,0,0,5.0,71.43,0,0,0,0,0.0,,0,0
,5cdf8304,JA Davies,male,Australia,3,2,20,14,13,2,1,1,0,0,,142.86,3,48,4,58,7.25,14.5,3,0
,3c5df172,JKC Ahir,male,Panama,3,2,20,49,13,0,1,0,0,0,10.0,40.82,3,19,0,34,10.74,,0,0
,530b20e3,JRMVB Sanjaya,male,Sri Lanka,8,5,20,18,6,2,3,0,0,0,6.67,111.11,8,173,9,250,8.67,27.78,2,0
,e52eb657,KR Ebanks,male,Cayman Islands,8,7,20,45,8,0,1,0,0,0,2.86,44.44,8,114,3,177,9.32,59.0,2,0
,c4f8d754,L Erdenebulgan,male,Mongolia,14,13,20,116,8,0,1,0,0,0,1.54,17.24,12,252,18,412,9.81,22.89,3,0
,ab89348d,MF Maharoof,male,Sri Lanka,7,4,20,32,10,0,0,0,0,0,5.0,62.5,7,138,5,181,7.87,36.2,2,0
,99464591,MJ North,male,Australia,1,1,20,21,20,0,1,0,0,0,20.0,95.24,0,0,0,0,0.0,,0,0
,5473ec6f,Manish Sharma,male,Cambodia,5,4,20,55,15,0,3,0,0,0,5.0,36.36,3,54,3,74,8.22,24.67,2,0
,af3042f1,P Suman Bhai Ahir,male,Panama,7,7,20,34,10,1,2,0,0,0,3.33,58.82,0,0,0,0,0.0,,0,0
,3a44a4e4,PSRK Sudarshan,male,Singapore,14,5,20,20,11,1,1,1,0,0,5.0,100.0,14,294,16,374,7.63,23.38,3,0
,8708c072,R Heyns,male,Luxembourg,1,1,20,16,20,0,3,1,0,0,20.0,125.0,0,0,0,0,0.0,,0,0
,47d00fb5,RL Bhudia,male,Kenya,3,3,20,20,11,1,0,2,0,0,10.0,100.0,3,44,0,78,10.64,,0,0
,f56cd097,Rubel Hossain,male,Bangladesh,25,12,20,35,8,8,1,0,0,0,5.0,57.14,25,532,26,842,9.5,32.38,3,0
,d0178c53,S Kubheka,male,Swaziland,9,6,20,23,8,3,2,0,0,0,6.67,86.96,5,48,0,96,12.0,,0,0
,6b8eb6e5,S Sreesanth,male,India,9,3,20,14,19,2,4,0,0,0,20.0,142.86,9,204,7,288,8.47,41.14,2,0
,24ff9539,SS Tallapragada,male,Mexico,2,2,20,27,18,0,1,0,0,0,10.0,74.07,0,0,0,0,0.0,,0,0
,4709e746,Shakeel Zeb,male,Denmark,4,2,20,19,13,1,2,0,0,0,20.0,105.26,4,65,5,78,7.2,15.6,3,0
,03ecfde2,Shoaib Khan,male,Germany,4,4,20,25,7,1,1,0,0,0,6.67,80.0,0,0,0,0,0.0,,0,0
,017faef2,Z Groenewald,male,Namibia,10,4,20,35,13,1,0,0,0,0,6.67,57.14,10,168,8,163,5.82,20.38,3,0
,45c6afaf,Z Shurentsetseg,male,Mongolia,12,11,20,67,13,4,0,1,0,0,2.86,29.85,10,133,5,227,10.24,45.4,3,0
,14ea3348,A Amado,male,Israel,2,2,19,28,16,0,2,0,0,0,9.5,67.86,2,12,1,20,10.0,20.0,1,0
,e64c35df,A Johnmary,male,France,3,3,19,25,10,0,2,0,0,0,6.33,76.0,0,0,0,0,0.0,,0,0
,93883b6a,A Khakimov,male,Uzbekistan,3,3,19,59,15,0,1,0,0,0,6.33,32.2,0,0,0,0,0.0,,0,0
,7f8ecc51,AM Phangiso,male,South Africa,16,3,19,29,13,0,1,0,0,0,6.33,65.52,16,342,20,443,7.77,22.15,3,0
,ee572df8,ASH Parsons,male,South Korea,5,5,19,51,6,0,0,0,0,0,3.8,37.25,0,0,0,0,0.0,,0,0
,0e1baf3d,Abraar Khan,male,Lesotho,5,5,19,42,12,0,0,0,0,0,3.8,45.24,1,12,1,10,5.0,10.0,1,0
,b86dd1b0,Ali Mohammadipour,male,Iran,1,1,19,13,19,0,4,0,0,0,19.0,146.15,0,0,0,0,0.0,,0,0
,29b322c7,Ateeq Iqbal,male,Hong Kong,40,10,19,26,5,8,1,0,0,0,9.5,73.08,40,722,37,738,6.13,19.95,3,0
,2ecd844a,BJ Currie,male,Scotland,21,6,19,32,8,4,0,0,0,0,9.5,59.38,21,450,32,441,5.88,13.78,5,1
,cd3d4e8c,Brima Ansumana,male,Sierra Leone,2,2,19,30,12,0,0,0,0,0,9.5,63.33,0,0,0,0,0.0,,0,0
,3ed4e2ad,C Rumistrzewicz,male,Spain,29,8,19,33,8,5,0,0,0,0,6.33,57.58,29,630,48,501,4.77,10.44,5,2
,6b96bebf,C Zavoiu,male,Romania,10,6,19,33,14,2,1,0,0,0,4.75,57.58,6,41,3,68,9.95,22.67,1,0
,1cb14aa4,CJ Dala,male,South Africa,10,4,19,28,12,3,1,0,0,0,19.0,67.86,10,192,13,307,9.59,23.62,3,0
,94eac556,CJ McKay,male,Australia,6,4,19,22,7,2,1,1,0,0,9.5,86.36,6,136,4,183,8.07,45.75,2,0
,933b30c9,D Issiaka,male,Ivory Coast,11,11,19,75,10,0,0,0,0,0,1.73,25.33,0,0,0,0,0.0,,0,0
,92256e66,D Weston,male,Germany,2,2,19,18,14,0,1,1,0,0,9.5,105.56,0,0,0,0,0.0,,0,0
,9585854d,D Wotu,male,Vanuatu,21,5,19,15,7,4,2,0,0,0,19.0,126.67,20,351,16,403,6.89,25.19,3,0
,5190900f,E Haven,male,Bahamas,7,5,19,51,6,1,1,0,0,0,4.75,37.25,2,30,4,26,5.2,6.5,3,0
,29f0e3c3,Fahad Tariq,male,United Arab Emirates,5,4,19,24,16,0,1,1,0,0,4.75,79.17,2,18,0,26,8.67,,0,0
,45d794b0,GJ Hilkowitz,male,Israel,4,4,19,17,16,0,3,0,0,0,4.75,111.76,4,66,4,58,5.27,14.5,2,0
,8187519b,GM Hamilton,male,Scotland,4,4,19,24,7,0,2,0,0,0,4.75,79.17,0,0,0,0,0.0,,0,0
,95e47073,Huzaif Yousuf,male,Bulgaria,6,3,19,25,9,2,2,0,0,0,19.0,76.0,5,70,2,133,11.4,66.5,1,0
,8c3cbee9,Imran Ahmed Kaneez,male,Costa Rica,8,6,19,50,11,1,0,0,0,0,3.8,38.0,7,123,6,125,6.1,20.83,2,0
,acee4cc4,Imran Tahir,male,South Africa,37,4,19,18,9,3,1,1,0,0,19.0,105.56,37,821,61,924,6.75,15.15,5,2
,9f16f7c8,J Dowling,male,Bulgaria,14,9,19,47,7,4,0,0,0,0,3.8,40.43,11,162,8,240,8.89,30.0,3,0
,9f038761,J Figy John,male,United Arab Emirates,2,2,19,30,19,0,1,1,0,0,9.5,63.33,0,0,0,0,0.0,,0,0
,f5c73a14,J Perry,male,Suriname,4,3,19,41,18,1,0,0,0,0,9.5,46.34,1,12,0,30,15.0,,0,0
,be0077ba,Junaid Khan,male,Portugal,16,5,19,11,14,2,2,1,0,0,6.33,172.73,16,324,17,312,5.78,18.35,3,0
,c01852c6,Junaid Sheikh,male,Norway,4,3,19,20,9,0,1,1,0,0,6.33,95.0,4,78,2,93,7.15,46.5,1,0
,ae677077,K Tayaga,male,Fiji,3,3,19,24,8,0,3,0,0,0,6.33,79.17,0,0,0,0,0.0,,0,0
,78cb83f3,KOK Williams,male,West Indies,20,5,19,17,13,2,1,1,0,0,6.33,111.76,20,416,25,670,9.66,26.8,4,0
,b91f2a31,KP Meiyappan,male,United Arab Emirates,15,3,19,23,12,1,2,0,0,0,9.5,82.61,15,312,23,367,7.06,15.96,4,0
,107c26fb,KT Maphaka,male,South Africa,21,6,19,24,12,4,2,0,0,0,9.5,79.17,21,436,20,650,8.94,32.5,4,0
,16d43e12,L Horan,male,Bermuda,3,1,19,7,19,1,2,1,0,0,,271.43,3,48,5,23,2.88,4.6,4,0
,019d7ef5,Mohamed Turay,male,Sierra Leone,18,10,19,31,9,6,1,0,0,0,4.75,61.29,18,297,13,334,6.75,25.69,2,0
,20b90232,Muhammad Akram,male,Malaysia,5,4,19,24,10,2,2,1,0,0,9.5,79.17,3,48,0,91,11.38,,0,0
,4a491652,Muktar Ali,male,Bangladesh,1,1,19,15,19,1,1,1,0,0,,126.67,1,12,0,17,8.5,,0,0
,53984f75,N Tyagi,male,Czech Republic,12,4,19,33,13,2,2,0,0,0,9.5,57.58,12,216,8,309,8.58,38.62,2,0
,60afbd75,Navid Balouch,male,Iran,1,1,19,21,19,1,1,0,0,0,,90.48,1,12,0,23,11.5,,0,0
,819574ef,OR Willis,male,Cayman Islands,5,5,19,41,15,0,0,1,0,0,3.8,46.34,0,0,0,0,0.0,,0,0
,27cc4361,PJ Ongondo,male,Kenya,5,4,19,15,16,0,1,1,0,0,4.75,126.67,5,108,3,114,6.33,38.0,2,0
,bc69a6d3,PK Ananya,male,Ghana,3,3,19,19,18,0,1,1,0,0,6.33,100.0,0,0,0,0,0.0,,0,0
,6e974d8f,RK Singh,male,Mexico,4,4,19,41,13,0,2,0,0,0,4.75,46.34,0,0,0,0,0.0,,0,0
,5a892f36,RLB Rambukwella,male,Sri Lanka,2,1,19,16,19,0,1,1,0,0,19.0,118.75,2,39,1,46,7.08,46.0,1,0
,7febdb69,RM Scott,male,United States of America,2,2,19,19,11,0,3,0,0,0,9.5,100.0,0,0,0,0,0.0,,0,0
,4992d6f6,ST Doheny,male,Ireland,3,3,19,21,15,0,2,0,0,0,6.33,90.48,0,0,0,0,0.0,,0,0
,f15d17c7,Sarfaraj Patel,male,Lesotho,3,3,19,36,10,1,0,0,0,0,9.5,52.78,3,36,3,37,6.17,12.33,2,0
,c66d9486,U Bhatti,male,Canada,2,2,19,14,12,0,1,0,0,0,9.5,135.71,2,30,1,39,7.8,39.0,1,0
,b2e79789,VM Waqavakatoga,male,Fiji,5,5,19,22,8,1,1,1,0,0,4.75,86.36,4,44,0,64,8.73,,0,0
,9a8f01b7,W Behr,male,Germany,6,4,19,18,8,1,2,0,0,0,6.33,105.56,6,108,8,107,5.94,13.38,3,0
,0188fdc0,Yang Wangjie,male,China,2,2,19,26,18,0,2,0,0,0,9.5,73.08,0,0,0,0,0.0,,0,0
,a768a762,AA Gajic,male,Serbia,16,6,18,37,9,4,1,0,0,0,9.0,48.65,15,289,18,381,7.91,21.17,4,0
,d094e7d1,Abdur Rehman,male,Pakistan,7,4,18,24,7,2,0,0,0,0,9.0,75.0,7,138,11,156,6.78,14.18,2,0
,d20e22f7,Atif-Ur-Rehman,male,Saudi Arabia,16,6,18,20,6,5,0,0,0,0,18.0,90.0,16,318,13,288,5.43,22.15,3,0
,b56dc5f7,BE Hendricks,male,South Africa,19,5,18,23,12,2,0,1,0,0,6.0,78.26,19,409,25,627,9.2,25.08,4,0
,8c2ce459,D Mendonca,male,Timor-Leste,7,7,18,89,9,0,1,0,0,0,2.57,20.22,0,0,0,0,0.0,,0,0
,5d9d83e6,D Young,male,St Helena,4,4,18,21,13,0,2,1,0,0,4.5,85.71,0,0,0,0,0.0,,0,0
,6a84b40e,Davion Codner,male,Cayman Islands,6,5,18,23,9,1,0,0,0,0,4.5,78.26,4,42,2,63,9.0,31.5,1,0
,f6ba97c6,Dilum Fernando,male,Romania,3,2,18,15,11,1,2,0,0,0,18.0,120.0,3,54,5,63,7.0,12.6,3,0
,b64e3749,E Ochieng,male,Kenya,6,3,18,19,16,1,1,1,0,0,9.0,94.74,6,114,4,165,8.68,41.25,2,0
,65026426,Idan Varsulkar,male,Israel,4,4,18,20,11,1,2,0,0,0,6.0,90.0,1,3,0,7,14.0,,0,0
,91c984a1,JW Wilson,male,New Zealand,1,1,18,14,18,0,2,0,0,0,18.0,128.57,1,24,0,43,10.75,,0,0
,548d4188,KS Airee,male,Nepal,10,3,18,18,13,0,1,1,0,0,6.0,100.0,10,205,15,222,6.5,14.8,3,0
,b561eea1,M Simmons,male,Bermuda,1,1,18,16,18,1,1,0,0,0,,112.5,0,0,0,0,0.0,,0,0
,3a200eb2,MC Alex,male,Ivory Coast,10,10,18,46,5,0,2,0,0,0,1.8,39.13,6,121,3,200,9.92,66.67,2,0
,5c57229d,Muhammad Fahim,male,Belgium,9,3,18,28,13,1,0,1,0,0,9.0,64.29,9,150,3,195,7.8,65.0,1,0
,d0540390,Nauman Anwar,male,Pakistan,1,1,18,10,18,0,2,1,0,0,18.0,180.0,0,0,0,0,0.0,,0,0
,5d656f48,O Issouf,male,Ivory Coast,7,7,18,70,9,1,0,0,0,0,3.0,25.71,0,0,0,0,0.0,,0,0
,f4a0a615,P Koech,male,Kenya,36,8,18,26,5,5,0,0,0,0,6.0,69.23,36,614,37,754,7.37,20.38,6,1
,6fffb04a,Parveen Kumar,male,Romania,1,1,18,19,18,0,0,1,0,0,18.0,94.74,0,0,0,0,0.0,,0,0
,77768f72,Rakibul Hasan,male,Bangladesh,3,2,18,7,14,1,3,1,0,0,18.0,257.14,3,42,2,55,7.86,27.5,1,0
,4f7279a4,Raza Hasan,male,Pakistan,10,2,18,25,13,2,2,0,0,0,,72.0,10,228,10,219,5.76,21.9,2,0
,a790df98,S Snater,male,Netherlands,12,5,18,16,10,0,0,1,0,0,3.6,112.5,12,209,13,337,9.67,25.92,3,0
,fe3e9880,SG Diaby,male,Mali,10,8,18,31,8,1,1,0,0,0,2.57,58.06,9,152,3,213,8.41,71.0,1,0
,a1d053dd,SS Cottrell,male,West Indies,41,10,18,29,4,6,2,0,0,0,4.5,62.07,41,858,49,1165,8.15,23.78,4,0
,2182013e,SW Masakadza,male,Zimbabwe,7,5,18,24,9,1,1,0,0,0,4.5,75.0,7,117,4,211,10.82,52.75,2,0
,4277234d,Sufiyan Muqeem,male,Pakistan,15,7,18,17,10,3,2,0,0,0,4.5,105.88,15,297,22,313,6.32,14.23,5,1
,bd3c364d,T Takada,male,Japan,2,2,18,16,12,1,2,0,0,0,18.0,112.5,0,0,0,0,0.0,,0,0
,b6a85ead,Vimal Kumar,male,Philippines,3,2,18,36,15,1,0,0,0,0,18.0,50.0,2,36,0,67,11.17,,0,0
,2fd4669a,Waqas Ali,male,Belgium,3,2,18,24,12,0,0,0,0,0,9.0,75.0,2,28,2,35,7.5,17.5,2,0
,502b2c81,XJ Doherty,male,Australia,11,4,18,17,9,3,1,0,0,0,18.0,105.88,11,228,10,300,7.89,30.0,3,0
,ee9bdbc8,Zulqarnain Haider,male,Pakistan,2,2,18,21,17,0,1,0,0,0,9.0,85.71,0,0,0,0,0.0,,0,0
,e87c009a,A Gasteratos,male,Greece,8,8,17,44,8,1,0,0,0,0,2.43,38.64,0,0,0,0,0.0,,0,0
,19a51d59,A Musaev,male,Uzbekistan,4,4,17,24,9,2,1,1,0,0,8.5,70.83,4,36,1,74,12.33,74.0,1,0
,b506636b,AA Jimoh,male,Nigeria,5,4,17,23,7,2,1,0,0,0,8.5,73.91,5,73,4,71,5.84,17.75,1,0
,b4706200,Adil Khan,male,Germany,5,2,17,23,17,0,0,2,0,0,8.5,73.91,5,84,6,112,8.0,18.67,2,0
,9656afbf,Ahmed Daniyal,male,Pakistan,2,1,17,11,17,0,3,0,0,0,17.0,154.55,2,42,3,39,5.57,13.0,2,0
,4121a79a,Azmat Ali,male,Germany,2,1,17,20,17,0,0,1,0,0,17.0,85.0,1,6,0,9,9.0,,0,0
,7a80ddf2,D Bishoo,male,West Indies,7,4,17,29,8,2,2,0,0,0,8.5,58.62,7,121,7,137,6.79,19.57,4,0
,5f0f398d,D Mauro,male,Argentina,3,3,17,23,12,3,0,0,0,0,,73.91,0,0,0,0,0.0,,0,0
,ede30898,D St Ange,male,Turks and Caicos Island,4,3,17,25,13,0,0,0,0,0,5.67,68.0,4,66,3,67,6.09,22.33,2,0
,643f2e6a,Dharmang Patel,male,Qatar,1,1,17,28,17,0,1,0,0,0,17.0,60.71,0,0,0,0,0.0,,0,0
,d314deb8,Du Jianhao,male,China,2,2,17,29,17,0,3,0,0,0,8.5,58.62,0,0,0,0,0.0,,0,0
,4e6bc859,E Kuyumcu,male,Turkey,3,3,17,47,10,0,1,0,0,0,5.67,36.17,3,18,0,36,12.0,,0,0
,14e58d17,E Yaver,male,Turkey,3,3,17,19,17,0,2,0,0,0,5.67,89.47,0,0,0,0,0.0,,0,0
,9adb9f71,Edward Taylor,male,Chile,2,2,17,52,14,0,1,0,0,0,8.5,32.69,2,36,2,43,7.17,21.5,2,0
,589f2008,G Bruno,male,Turks and Caicos Island,2,2,17,9,9,0,4,0,0,0,8.5,188.89,1,24,2,40,10.0,20.0,2,0
,1a5d690f,Gurpreet Singh,male,Italy,3,2,17,14,15,0,0,1,0,0,8.5,121.43,2,24,0,26,6.5,,0,0
,9960a421,H Dandapani,male,Finland,3,1,17,19,17,0,2,0,0,0,17.0,89.47,3,42,2,63,9.0,31.5,1,0
,d701081f,JH Mensah,male,Ghana,2,2,17,10,16,0,1,1,0,0,8.5,170.0,0,0,0,0,0.0,,0,0
,a6881817,K Venkatraman,male,Singapore,6,2,17,9,15,1,1,1,0,0,17.0,188.89,6,102,10,140,8.24,14.0,3,0
,04855b85,K Vislapuu,male,Estonia,20,7,17,19,12,3,3,0,0,0,4.25,89.47,18,281,12,397,8.48,33.08,3,0
,b84be97f,Khan Arbaaz,male,Lesotho,2,2,17,23,17,0,2,0,0,0,8.5,73.91,2,18,1,20,6.67,20.0,1,0
,b018e1eb,L Louwrens,male,Namibia,1,1,17,15,17,1,1,1,0,0,,113.33,0,0,0,0,0.0,,0,0
,f892fcf9,L Sipamla,male,South Africa,15,5,17,25,8,2,1,0,0,0,5.67,68.0,15,283,11,494,10.47,44.91,2,0
,177009a5,LA Collado,male,Gibraltar,4,4,17,27,8,2,1,0,0,0,8.5,62.96,0,0,0,0,0.0,,0,0
,98aaa3f3,M Thurgate,male,Japan,1,1,17,11,17,0,2,1,0,0,17.0,154.55,0,0,0,0,0.0,,0,0
,7f2cb055,MS Graham,male,Bahamas,4,4,17,33,8,0,1,0,0,0,4.25,51.52,4,66,2,79,7.18,39.5,1,0
,4f20959c,Mofassar Saeed,male,Norway,1,1,17,19,17,0,2,0,0,0,17.0,89.47,0,0,0,0,0.0,,0,0
,d6ac6545,Nadif Chowdhury,male,Bangladesh,2,2,17,15,12,0,1,0,0,0,8.5,113.33,0,0,0,0,0.0,,0,0
,7f3f0c0d,Niyas Pullariyil,male,Malta,2,2,17,17,15,2,0,1,0,0,,100.0,0,0,0,0,0.0,,0,0
,ffc308ee,O Muzondo,male,Zimbabwe,5,2,17,9,15,1,1,1,0,0,17.0,188.89,5,108,11,90,5.0,8.18,4,0
,fed92736,P Bosnjak,male,Croatia,8,8,17,32,7,0,3,0,0,0,2.12,53.12,0,0,0,0,0.0,,0,0
,ecfa6005,P Deol,male,Cyprus,3,3,17,30,8,0,1,0,0,0,5.67,56.67,1,24,0,31,7.75,,0,0
,0d4d3cb1,R Dhiman,male,Bulgaria,4,3,17,17,9,1,1,0,0,0,8.5,100.0,4,66,3,84,7.64,28.0,1,0
,8db7f47f,RJW Topley,male,England,35,7,17,20,9,5,1,0,0,0,8.5,85.0,35,706,33,978,8.31,29.64,3,0
,e7de4f6b,RR Emrit,male,West Indies,4,3,17,27,11,0,0,1,0,0,5.67,62.96,4,96,4,156,9.75,39.0,1,0
,1be67d37,RTM Mendis,male,Sri Lanka,4,3,17,21,12,0,0,1,0,0,5.67,80.95,3,42,2,48,6.86,24.0,1,0
,a8d6305d,S Udhayan,male,Seychelles,4,4,17,13,13,0,2,1,0,0,4.25,130.77,0,0,0,0,0.0,,0,0
,1a353572,Saeed Waqar Ali,male,Slovenia,13,9,17,58,5,3,0,0,0,0,2.83,29.31,13,196,10,362,11.08,36.2,2,0
,89b2f78f,Sameer Yousuf,male,Bahrain,3,2,17,7,13,1,0,2,0,0,17.0,242.86,3,60,2,91,9.1,45.5,1,0
,505c2a60,Sufyan Naseeb,male,Eswatini,4,4,17,19,11,0,2,0,0,0,4.25,89.47,0,0,0,0,0.0,,0,0
,e454c356,T Singye,male,Bhutan,2,2,17,25,11,0,2,0,0,0,8.5,68.0,2,36,1,65,10.83,65.0,1,0
,95fcbfb7,TK Patel,male,United States of America,6,3,17,17,14,3,1,0,0,0,,100.0,6,132,11,146,6.64,13.27,4,0
,db767b89,TL Best,male,West Indies,6,1,17,9,17,1,0,2,0,0,,188.89,6,120,6,154,7.7,25.67,3,0
,12bba2d4,U Dorji,male,Bhutan,3,3,17,22,8,0,2,0,0,0,5.67,77.27,1,12,0,23,11.5,,0,0
,034d3c52,A Husain,male,Argentina,16,5,16,24,6,4,2,0,0,0,16.0,66.67,15,264,16,295,6.7,18.44,3,0
,96f5b685,AA Paradkar,male,United States of America,3,2,16,13,10,1,2,0,0,0,16.0,123.08,3,54,4,70,7.78,17.5,3,0
,336a85f6,Abdullah Sheikh,male,Norway,5,4,16,25,11,1,1,0,0,0,5.33,64.0,4,72,2,79,6.58,39.5,1,0
,5f35329d,Abid Ullah Shah,male,Bahrain,2,2,16,10,14,1,0,2,0,0,16.0,160.0,2,36,1,74,12.33,74.0,1,0
,b8fe81be,Ali Hussain,male,Romania,10,4,16,18,9,1,2,0,0,0,5.33,88.89,10,144,3,224,9.33,74.67,1,0
,407d13cc,Ashiqullah Said,male,Belgium,8,4,16,13,9,1,2,0,0,0,5.33,123.08,8,174,10,154,5.31,15.4,3,0
,648d060e,Aung Ko Ko,male,Myanmar,8,6,16,35,10,2,1,0,0,0,4.0,45.71,5,69,5,72,6.26,14.4,2,0
,90bd1f11,B Mahesh,male,Cyprus,6,4,16,10,8,1,0,2,0,0,5.33,160.0,5,84,3,112,8.0,37.33,1,0
,59590c98,BB Ahir,male,Panama,3,3,16,19,11,2,1,0,0,0,16.0,84.21,0,0,0,0,0.0,,0,0
,27af6414,BJ Rohrer,male,Australia,1,1,16,14,16,0,0,1,0,0,16.0,114.29,0,0,0,0,0.0,,0,0
,1d89c232,BV Save,male,Malaysia,2,2,16,17,9,0,3,0,0,0,8.0,94.12,0,0,0,0,0.0,,0,0
,9b4935c8,CJ Ferguson,male,Australia,3,3,16,19,8,0,1,0,0,0,5.33,84.21,0,0,0,0,0.0,,0,0
,052b014c,D Asghar,male,Norway,2,2,16,16,12,0,1,1,0,0,8.0,100.0,0,0,0,0,0.0,,0,0
,d3fcb126,E Hasahya,male,Uganda,4,4,16,24,9,0,2,0,0,0,4.0,66.67,0,0,0,0,0.0,,0,0
,c57fa67e,E Otieno,male,Kenya,26,10,16,37,5,4,0,0,0,0,2.67,43.24,26,431,25,549,7.64,21.96,3,0
,e6ddab51,EH Hutchinson,male,United States of America,3,1,16,8,16,0,3,0,0,0,16.0,200.0,3,48,2,31,3.88,15.5,2,0
,7572bf45,EHSN Silva,male,United Arab Emirates,2,2,16,22,13,1,1,0,0,0,16.0,72.73,2,42,2,58,8.29,29.0,1,0
,2f7244b5,Farmanullah Ghari,male,Norway,5,4,16,11,7,1,0,2,0,0,5.33,145.45,5,98,6,107,6.55,17.83,3,0
,0f06d3cd,G Caisley,male,Brazil,6,6,16,37,11,0,2,0,0,0,2.67,43.24,0,0,0,0,0.0,,0,0
,c8c4709d,Hasan Yanar,male,Turkey,4,4,16,29,7,3,1,0,0,0,16.0,55.17,0,0,0,0,0.0,,0,0
,91cdf3ae,Issa Al Balushi,male,Oman,3,3,16,22,10,1,1,1,0,0,8.0,72.73,0,0,0,0,0.0,,0,0
,125d4980,J Salazar,male,Peru,2,2,16,18,13,0,1,1,0,0,8.0,88.89,0,0,0,0,0.0,,0,0
,6a685375,JB Reva,male,Papua New Guinea,8,4,16,22,7,0,1,1,0,0,4.0,72.73,8,127,7,148,6.99,21.14,2,0
,a61bcb94,K Pierre,male,West Indies,12,4,16,22,9,1,2,0,0,0,5.33,72.73,12,198,10,319,9.67,31.9,2,0
,dfc4d8b5,KW Richardson,male,Australia,35,5,16,16,9,2,1,0,0,0,5.33,100.0,35,732,44,1011,8.29,22.98,4,0
,7e64e33f,L Smith,male,France,3,3,16,22,11,0,2,0,0,0,5.33,72.73,0,0,0,0,0.0,,0,0
,0bab1be2,M Fru,male,Cameroon,4,4,16,31,13,0,1,0,0,0,4.0,51.61,4,78,5,137,10.54,27.4,3,0
,86cd782f,Mehrab Hossain jnr,male,Bangladesh,2,2,16,25,10,1,1,0,0,0,16.0,64.0,1,17,0,20,7.06,,0,0
,f208fe04,Muhammad Safdar,male,Bahrain,2,2,16,12,8,2,2,0,0,0,,133.33,0,0,0,0,0.0,,0,0
,b0e16d9b,N Naranbaatar,male,Mongolia,12,11,16,87,5,1,1,0,0,0,1.6,18.39,7,102,1,234,13.76,234.0,1,0
,d424d06a,Nitesh Hooda,male,Ghana,4,2,16,7,13,2,3,0,0,0,,228.57,4,60,6,44,4.4,7.33,3,0
,e0a657ba,P Vailoa,male,Cook Islands,2,2,16,10,9,1,1,1,0,0,16.0,160.0,0,0,0,0,0.0,,0,0
,5da43a10,R Sekaran,male,Estonia,4,4,16,27,9,3,1,0,0,0,16.0,59.26,0,0,0,0,0.0,,0,0
,0f950a8f,RK Punjabi,male,Peru,1,1,16,11,16,1,2,0,0,0,,145.45,0,0,0,0,0.0,,0,0
,e0672ff4,RR Behera,male,United States of America,2,2,16,27,16,0,1,0,0,0,8.0,59.26,1,6,0,5,5.0,,0,0
,dbaaad11,Rizwan Zahoor,male,Slovenia,2,2,16,17,15,2,2,0,0,0,,94.12,0,0,0,0,0.0,,0,0
,00755e00,S Delai,male,Fiji,1,1,16,29,16,0,3,0,0,0,16.0,55.17,0,0,0,0,0.0,,0,0
,ec59f49f,Shafiullah Zakhel,male,Belgium,4,3,16,9,9,2,2,0,0,0,16.0,177.78,4,78,3,115,8.85,38.33,2,0
,7ccbb09f,Shahnawaz Dhani,male,Pakistan,11,1,16,6,16,0,0,2,0,0,16.0,266.67,11,212,8,320,9.06,40.0,2,0
,d1d83db3,T Gwandu,male,Zimbabwe,18,5,16,22,8,3,1,0,0,0,8.0,72.73,18,300,16,421,8.42,26.31,3,0
,1688f2dc,T Lungameni,male,Namibia,40,4,16,11,12,3,3,0,0,0,16.0,145.45,40,726,30,913,7.55,30.43,3,0
,f5ef7ac3,TSS Mackintosh,male,Scotland,1,1,16,14,16,0,1,0,0,0,16.0,114.29,0,0,0,0,0.0,,0,0
,0d7e506a,V Marghashayam,male,Czech Republic,8,6,16,27,10,2,1,0,0,0,4.0,59.26,7,90,7,169,11.27,24.14,2,0
,10f42013,WJ Lubbe,male,South Africa,2,2,16,10,12,0,4,0,0,0,8.0,160.0,0,0,0,0,0.0,,0,0
,385bb7ff,Wasim Al Balushi,male,Oman,5,4,16,31,9,1,2,0,0,0,5.33,51.61,3,36,1,99,16.5,99.0,1,0
,ed27d267,Yousif Wali,male,Bahrain,5,3,16,24,14,0,1,0,0,0,5.33,66.67,4,60,1,97,9.7,97.0,1,0
,81b4dd77,Yudha Verdian,male,Indonesia,3,3,16,29,8,0,1,0,0,0,5.33,55.17,0,0,0,0,0.0,,0,0
,e4d76518,Zeeshan Haider,male,Qatar,1,1,16,11,16,0,1,1,0,0,16.0,145.45,0,0,0,0,0.0,,0,0
,940255af,A Mongar,male,Bhutan,7,4,15,32,8,2,0,0,0,0,7.5,46.88,7,86,7,84,5.86,12.0,2,0
,d92fb332,A Razmilic,male,Croatia,12,10,15,41,6,2,1,1,0,0,1.88,36.59,7,74,3,166,13.46,55.33,2,0
,fa463154,AB Agarkar,male,India,3,2,15,11,14,0,2,0,0,0,7.5,136.36,3,63,3,85,8.1,28.33,2,0
,907d6e58,Aamer Yamin,male,Pakistan,2,1,15,6,15,1,1,1,0,0,,250.0,2,36,2,37,6.17,18.5,1,0
,7b9b9aef,Abdul Shakoor,male,United Arab Emirates,3,3,15,21,7,1,1,0,0,0,7.5,71.43,0,0,0,0,0.0,,0,0
,b0eaaac6,Ali Khan,male,United States of America,20,5,15,11,14,3,1,1,0,0,7.5,136.36,20,415,17,599,8.66,35.24,3,0
,39431db7,Anowarul Islam,male,Thailand,4,4,15,20,9,0,1,1,0,0,3.75,75.0,2,18,0,25,8.33,,0,0
,19845ff5,Areeb Quadir,male,Finland,2,2,15,16,14,0,0,0,0,0,7.5,93.75,0,0,0,0,0.0,,0,0
,7d4f6e1f,B Ivanov,male,Bulgaria,2,2,15,28,10,2,1,0,0,0,,53.57,0,0,0,0,0.0,,0,0
,1d8a3ca6,B Namsrai,male,Mongolia,11,11,15,72,5,1,2,0,0,0,1.5,20.83,0,0,0,0,0.0,,0,0
,d019608b,D Nath,male,Nepal,3,3,15,11,15,1,3,0,0,0,7.5,136.36,0,0,0,0,0.0,,0,0
,6d4c2087,D Samarawickrama,male,Italy,3,3,15,27,13,0,0,0,0,0,5.0,55.56,0,0,0,0,0.0,,0,0
,ab859427,DA Rankin,male,Ireland,1,1,15,17,15,0,1,1,0,0,15.0,88.24,0,0,0,0,0.0,,0,0
,34b332d3,DC Drakes,male,West Indies,10,5,15,19,5,0,3,0,0,0,3.0,78.95,10,192,6,290,9.06,48.33,1,0
,71764c46,DS Vosloo,male,Malta,1,1,15,17,15,0,0,0,0,0,15.0,88.24,0,0,0,0,0.0,,0,0
,5d6064b0,E Kuchey,male,Finland,6,4,15,26,14,2,0,1,0,0,7.5,57.69,5,66,0,96,8.73,,0,0
,3bf40832,GL Cloete,male,South Africa,2,2,15,15,13,0,2,0,0,0,7.5,100.0,0,0,0,0,0.0,,0,0
,42a01b52,Ilyas Ahmed,male,Kuwait,16,6,15,14,4,5,1,0,0,0,15.0,107.14,16,300,11,386,7.72,35.09,2,0
,0b37840b,J Dickinson,male,Scotland,1,1,15,14,15,0,1,0,0,0,15.0,107.14,1,24,1,23,5.75,23.0,1,0
,ecd41f8c,J Yon,male,St Helena,6,4,15,14,9,3,1,0,0,0,15.0,107.14,5,72,5,80,6.67,16.0,4,0
,97b5f23d,JJ Chicuele,male,Mozambique,3,3,15,20,8,2,2,0,0,0,15.0,75.0,0,0,0,0,0.0,,0,0
,c2fd51b1,K Gilham,male,Czech Republic,3,3,15,13,10,3,1,0,0,0,,115.38,3,72,4,84,7.0,21.0,2,0
,80058153,Karma Dorji,male,Bhutan,15,6,15,10,6,4,3,0,0,0,7.5,150.0,15,181,7,223,7.39,31.86,2,0
,b63ab531,LA Pomersbach,male,Australia,1,1,15,7,15,0,1,1,0,0,15.0,214.29,0,0,0,0,0.0,,0,0
,2eb25b39,M Gill,male,Canada,1,1,15,20,15,0,0,0,0,0,15.0,75.0,0,0,0,0,0.0,,0,0
,26e5cabf,MK Tiwary,male,India,1,1,15,17,15,0,0,0,0,0,15.0,88.24,0,0,0,0,0.0,,0,0
,7990dc16,Muhammet Bicer,male,Turkey,10,9,15,41,6,2,2,0,0,0,2.14,36.59,4,46,2,77,10.04,38.5,2,0
,a94c2947,N Mapunda,male,Tanzania,1,1,15,21,15,0,2,0,0,0,15.0,71.43,0,0,0,0,0.0,,0,0
,fb2d1dda,N Rana,male,India,2,2,15,27,9,0,0,0,0,0,7.5,55.56,0,0,0,0,0.0,,0,0
,4c61a0f9,NW Bracken,male,Australia,19,6,15,22,4,3,1,0,0,0,5.0,68.18,19,377,19,438,6.97,23.05,3,0
,53967e23,Nazmus Sakib,male,Malaysia,4,4,15,17,8,2,0,1,0,0,7.5,88.24,0,0,0,0,0.0,,0,0
,3caaf69e,P Campbell,male,Gambia,4,4,15,32,10,1,1,0,0,0,5.0,46.88,0,0,0,0,0.0,,0,0
,3b22ee4e,P Gheewala,male,Estonia,14,4,15,19,7,1,0,1,0,0,5.0,78.95,14,240,13,335,8.38,25.77,3,0
,ef503cfe,P Kumbhare,male,Japan,18,8,15,27,5,3,0,0,0,0,3.0,55.56,18,367,21,281,4.59,13.38,3,0
,d68e7f48,R Rampaul,male,West Indies,27,5,15,28,8,3,0,0,0,0,7.5,53.57,27,575,31,803,8.38,25.9,3,0
,60bb8160,RHO Saunders,male,Norway,2,2,15,23,14,0,2,0,0,0,7.5,65.22,0,0,0,0,0.0,,0,0
,be24ead0,Ramandeep Singh,male,India,2,1,15,6,15,0,1,1,0,0,15.0,250.0,1,20,1,42,12.6,42.0,1,0
,b3f47a20,S Natsagdorj,male,Mongolia,4,4,15,59,11,0,0,0,0,0,3.75,25.42,0,0,0,0,0.0,,0,0
,56153e74,TV Valivarthi,male,Hungary,3,3,15,27,10,1,0,1,0,0,7.5,55.56,0,0,0,0,0.0,,0,0
,241a104c,V Hampihallikar,male,Singapore,5,3,15,40,6,0,1,0,0,0,5.0,37.5,5,54,0,99,11.0,,0,0
,890b877d,VB van Jaarsveld,male,South Africa,3,3,15,23,12,0,0,0,0,0,5.0,65.22,0,0,0,0,0.0,,0,0
,d9dcca57,Waseem Tabrez,male,Mexico,3,3,15,19,7,1,1,0,0,0,7.5,78.95,1,12,0,25,12.5,,0,0
,c577d7d4,A Chaubey,male,Croatia,4,4,14,21,7,0,0,2,0,0,3.5,66.67,4,79,3,126,9.57,42.0,3,0
,8930a2a6,A Kalasi,male,Thailand,11,4,14,15,8,3,0,1,0,0,14.0,93.33,11,222,12,177,4.78,14.75,2,0
,7cefb2a2,A Mehmood,male,Hong Kong,5,1,14,4,14,1,1,1,0,0,,350.0,4,60,1,104,10.4,104.0,1,0
,9a28e6e1,AJA Samuels,male,Cook Islands,6,2,14,29,11,2,0,0,0,0,,48.28,6,96,3,134,8.38,44.67,2,0
,49f6d023,AL Stephen,male,Vanuatu,15,8,14,38,7,1,0,0,0,0,2.0,36.84,15,277,14,350,7.58,25.0,3,0
,e01aafc1,AN Petersen,male,South Africa,2,2,14,19,8,0,1,0,0,0,7.0,73.68,0,0,0,0,0.0,,0,0
,ae84d526,Abdurrahman Ahmadzai,male,France,3,1,14,5,14,0,0,2,0,0,14.0,280.0,3,48,2,37,4.62,18.5,2,0
,a5c48ed1,C Wickramasinghe,male,Sri Lanka,3,3,14,11,6,3,2,0,0,0,,127.27,3,42,1,55,7.86,55.0,1,0
,ac5a9d43,CM Rocca,male,Gibraltar,1,1,14,19,14,0,2,0,0,0,14.0,73.68,0,0,0,0,0.0,,0,0
,008589a4,CM Wright,male,Scotland,2,1,14,18,14,0,0,0,0,0,14.0,77.78,2,30,4,49,9.8,12.25,3,0
,aea11d1d,D Birrell,male,Jersey,16,4,14,17,6,2,0,0,0,0,7.0,82.35,16,319,21,363,6.83,17.29,3,0
,58b5299f,H Ivanov,male,Bulgaria,3,3,14,18,13,0,2,0,0,0,4.67,77.78,1,12,0,11,5.5,,0,0
,c9729534,H Kinga,male,Cameroon,4,4,14,23,10,2,1,0,0,0,7.0,60.87,0,0,0,0,0.0,,0,0
,267cafb0,H Upadhyay,male,Mongolia,5,5,14,35,8,0,0,0,0,0,2.8,40.0,0,0,0,0,0.0,,0,0
,dee70255,J Lassayo,male,Sierra Leone,12,7,14,25,5,2,0,0,0,0,2.8,56.0,10,156,7,180,6.92,25.71,2,0
,fdac5295,JAH Marshall,male,New Zealand,2,2,14,15,13,0,2,0,0,0,7.0,93.33,0,0,0,0,0.0,,0,0
,65122d56,K Christie,male,Hong Kong,10,3,14,18,11,2,0,0,0,0,14.0,77.78,10,216,9,272,7.56,30.22,2,0
,5b8e8294,K Joshi,male,Austria,1,1,14,22,14,0,0,0,0,0,14.0,63.64,0,0,0,0,0.0,,0,0
,214cf493,KB Ahir,male,Panama,9,6,14,17,7,6,1,1,0,0,,82.35,9,150,9,189,7.56,21.0,3,0
,a1d95bd8,LB Williams,male,South Africa,19,10,14,26,5,4,0,0,0,0,2.33,53.85,19,389,24,623,9.61,25.96,3,0
,073126d6,LS Barkania,male,Tanzania,18,4,14,25,9,3,0,0,0,0,14.0,56.0,18,348,24,283,4.88,11.79,4,0
,c83c594d,M Cope,male,Luxembourg,9,4,14,22,6,2,1,0,0,0,7.0,63.64,9,190,10,301,9.51,30.1,2,0
,2c54c49b,MJ Humphreys,male,Ireland,20,7,14,18,7,2,1,0,0,0,2.8,77.78,20,449,29,530,7.08,18.28,4,0
,84880baf,Milad Momend,male,Luxembourg,19,10,14,47,6,4,1,0,0,0,2.33,29.79,19,401,28,591,8.84,21.11,4,0
,2f49c897,Mohammed Siraj,male,India,17,4,14,16,7,2,1,0,0,0,7.0,87.5,17,372,17,481,7.76,28.29,4,0
,60606200,Muzahir Raza,male,Oman,6,3,14,7,8,3,2,0,0,0,,200.0,6,114,8,164,8.63,20.5,3,0
,6b9eb501,OEG Baartman,male,South Africa,21,6,14,35,12,2,1,0,0,0,3.5,40.0,21,437,29,591,8.11,20.38,4,0
,a21d62c9,Prasad Anish,male,Cambodia,6,5,14,28,8,3,0,0,0,0,7.0,50.0,4,29,0,53,10.97,,0,0
,113880da,RA Bhatti,male,Canada,3,3,14,15,8,0,1,0,0,0,4.67,93.33,0,0,0,0,0.0,,0,0
,67af6f81,RW Price,male,Zimbabwe,12,5,14,24,7,1,1,0,0,0,3.5,58.33,12,273,8,326,7.16,40.75,2,0
,b75b7b09,Rakibul Hasan,male,Italy,4,4,14,17,5,1,1,0,0,0,4.67,82.35,4,84,5,94,6.71,18.8,2,0
,281ce63c,Riaz Afridi,male,Czech Republic,3,2,14,14,11,0,1,1,0,0,7.0,100.0,3,57,2,87,9.16,43.5,2,0
,e09a869b,S Barnett,male,Isle of Man,2,2,14,18,11,0,0,1,0,0,7.0,77.78,0,0,0,0,0.0,,0,0
,cdb2858d,S Bevin,male,Croatia,3,3,14,15,14,1,1,1,0,0,7.0,93.33,1,2,0,14,42.0,,0,0
,51e1ed69,SG Borthwick,male,England,1,1,14,16,14,0,2,0,0,0,14.0,87.5,1,24,1,15,3.75,15.0,1,0
,ee3bfb9b,SR Rocket,male,Seychelles,11,8,14,42,5,1,2,0,0,0,2.0,33.33,11,180,7,242,8.07,34.57,2,0
,ccdd8308,ST Finn,male,England,20,3,14,19,8,3,1,0,0,0,,73.68,20,456,26,559,7.36,21.5,3,0
,c020cef5,Saqlain Haider,male,United Arab Emirates,4,4,14,35,7,0,0,0,0,0,3.5,40.0,0,0,0,0,0.0,,0,0
,3b2ca392,Shunan Ali,male,Maldives,10,2,14,27,11,2,0,0,0,0,,51.85,9,156,10,172,6.62,17.2,4,0
,4286e899,Syed Aqeel Israr,male,Ghana,9,7,14,28,10,4,0,1,0,0,4.67,50.0,9,153,8,151,5.92,18.88,2,0
,ffb59fe6,T Langa,male,Vanuatu,1,1,14,9,14,0,2,0,0,0,14.0,155.56,0,0,0,0,0.0,,0,0
,865d671f,Tarun Yadav,male,Bulgaria,3,2,14,10,8,0,1,1,0,0,7.0,140.0,3,23,2,21,5.48,10.5,2,0
,f0ad7a75,Thilina Silva,male,Seychelles,4,2,14,47,12,1,1,0,0,0,14.0,29.79,4,84,5,76,5.43,15.2,2,0
,a19db58e,Umair Sharif,male,Saudi Arabia,3,2,14,14,12,0,0,1,0,0,7.0,100.0,3,42,1,68,9.71,68.0,1,0
,cfe70281,VD Philander,male,South Africa,7,4,14,27,6,0,0,0,0,0,3.5,51.85,6,83,4,114,8.24,28.5,2,0
,dd340ef9,VS Wategaonkar,male,Oman,1,1,14,14,14,0,1,0,0,0,14.0,100.0,0,0,0,0,0.0,,0,0
,609d6c7c,W Peatfield,male,Guernsey,16,4,14,12,12,2,2,0,0,0,7.0,116.67,16,336,21,307,5.48,14.62,3,0
,08df0bd3,A Rangaswamy,male,Botswana,8,5,13,16,7,1,0,1,0,0,3.25,81.25,8,142,11,142,6.0,12.91,4,0
,4bb7f51e,A Wright,male,Cayman Islands,25,9,13,34,6,4,0,0,0,0,2.6,38.24,25,519,27,452,5.23,16.74,4,0
,525c3f54,AR Adams,male,New Zealand,4,2,13,12,7,1,1,0,0,0,13.0,108.33,4,77,3,105,8.18,35.0,2,0
,91c0d39f,Adnan Razzaq,male,Belgium,6,3,13,7,7,3,1,1,0,0,,185.71,6,96,3,142,8.88,47.33,2,0
,52062ed6,Ali Muaaz,male,Greece,4,4,13,27,10,0,1,0,0,0,3.25,48.15,1,1,0,1,6.0,,0,0
,0dcd8fbd,Anthony Roe,male,Chile,2,2,13,36,13,0,2,0,0,0,6.5,36.11,0,0,0,0,0.0,,0,0
,7239b60d,CAH Stevenson,male,United States of America,4,3,13,19,8,0,0,0,0,0,4.33,68.42,4,72,4,98,8.17,24.5,1,0
,be4cefab,CMW Read,male,England,1,1,13,11,13,0,2,0,0,0,13.0,118.18,0,0,0,0,0.0,,0,0
,6ad7d184,D Jamyansuren,male,Mongolia,4,4,13,63,10,0,2,0,0,0,3.25,20.63,1,24,1,60,15.0,60.0,1,0
,a628a5c8,D Wabwire,male,Uganda,7,3,13,8,13,2,2,0,0,0,13.0,162.5,7,127,7,149,7.04,21.29,3,0
,8357fc3e,Ilyas Cetin,male,Turkey,4,2,13,15,7,0,1,1,0,0,6.5,86.67,3,21,2,62,17.71,31.0,1,0
,aa6c2fbf,J Shields,male,Cook Islands,4,4,13,37,5,2,0,0,0,0,6.5,35.14,0,0,0,0,0.0,,0,0
,7c7303eb,JD Nel,male,Scotland,4,2,13,10,13,1,2,0,0,0,13.0,130.0,4,84,6,80,5.71,13.33,3,0
,fb7dc205,JL Martel,male,Guernsey,3,1,13,6,13,1,1,1,0,0,,216.67,3,66,6,59,5.36,9.83,3,0
,49fd9963,KF Bakiweyem,male,Ghana,3,3,13,26,11,0,0,0,0,0,4.33,50.0,0,0,0,0,0.0,,0,0
,df08c69e,KM Dabengwa,male,Zimbabwe,3,2,13,8,12,1,1,1,0,0,13.0,162.5,3,24,0,55,13.75,,0,0
,e15c6692,M Malle,male,Mali,6,6,13,81,8,0,0,0,0,0,2.17,16.05,2,24,1,33,8.25,33.0,1,0
,7671203a,M Montgomery,male,Germany,1,1,13,19,13,0,1,0,0,0,13.0,68.42,1,18,0,21,7.0,,0,0
,e11bf38a,Maqsood Ahmad,male,Belgium,1,1,13,19,13,0,1,0,0,0,13.0,68.42,0,0,0,0,0.0,,0,0
,e345bcdc,Mohammad Waheed,male,Hong Kong,4,2,13,15,7,1,2,0,0,0,13.0,86.67,4,71,4,118,9.97,29.5,3,0
,f17ac7d0,Muhammad Khan,male,Hong Kong,3,3,13,22,13,0,1,1,0,0,4.33,59.09,0,0,0,0,0.0,,0,0
,dd98b22f,Munim Shahriar,male,Bangladesh,3,3,13,19,7,0,1,0,0,0,4.33,68.42,0,0,0,0,0.0,,0,0
,0095a0e3,Noah Mead,male,Samoa,13,5,13,21,7,1,1,0,0,0,3.25,61.9,13,192,10,252,7.88,25.2,2,0
,f71de062,OL Pitcher,male,Bermuda,1,1,13,18,13,0,1,0,0,0,13.0,72.22,1,6,0,7,7.0,,0,0
,5ab659d9,P Pirabakaran,male,France,3,1,13,13,13,0,2,0,0,0,13.0,100.0,3,36,4,47,7.83,11.75,2,0
,27d1cc51,PA Hitchcock,male,New Zealand,1,1,13,11,13,0,1,1,0,0,13.0,118.18,1,18,2,43,14.33,21.5,2,0
,094ebfb6,R Avery,male,Brazil,8,6,13,26,11,1,1,0,0,0,2.6,50.0,8,156,9,183,7.04,20.33,4,0
,fa859d3c,RI Ahmed,male,Netherlands,1,1,13,16,13,0,0,0,0,0,13.0,81.25,0,0,0,0,0.0,,0,0
,522bea89,Rohail Nazir,male,Pakistan,1,1,13,8,13,0,0,2,0,0,13.0,162.5,0,0,0,0,0.0,,0,0
,073ef5a0,S Pokhriyal,male,Czech Republic,1,1,13,22,13,0,1,0,0,0,13.0,59.09,0,0,0,0,0.0,,0,0
,62708dce,S Tabuisulu,male,Fiji,11,8,13,27,5,2,0,0,0,0,2.17,48.15,11,205,4,262,7.67,65.5,1,0
,e18e9598,S Vasilakis,male,Greece,6,6,13,26,7,3,1,0,0,0,4.33,50.0,5,66,3,86,7.82,28.67,2,0
,74d82e24,SKR Mallidi,male,Sweden,3,2,13,19,12,0,0,1,0,0,6.5,68.42,2,18,1,34,11.33,34.0,1,0
,2d8aae2f,SP Gauchan,male,Nepal,7,5,13,43,6,2,0,0,0,0,4.33,30.23,6,138,6,126,5.48,21.0,3,0
,c520c3b9,Syed Naqvi,male,Italy,5,5,13,26,6,0,0,0,0,0,2.6,50.0,0,0,0,0,0.0,,0,0
,0e5ccbb4,Usman Mushtaq,male,United Arab Emirates,2,2,13,24,9,1,1,0,0,0,13.0,54.17,0,0,0,0,0.0,,0,0
,4e35e8ea,Y Divekar,male,Israel,3,3,13,17,11,1,0,1,0,0,6.5,76.47,2,12,0,31,15.5,,0,0
,91a4a398,Z Khan,male,India,15,3,13,10,9,1,0,1,0,0,6.5,130.0,15,316,16,392,7.44,24.5,4,0
,797f52cc,AAhan Achar,male,Singapore,9,5,12,15,5,4,1,0,0,0,12.0,80.0,9,156,6,152,5.85,25.33,2,0
,e48f748b,Abhilash Patil,male,Mexico,1,1,12,28,12,0,0,0,0,0,12.0,42.86,0,0,0,0,0.0,,0,0
,f7cb7c3a,Abul Farhad,male,Czech Republic,11,5,12,25,6,2,1,0,0,0,4.0,48.0,11,201,15,284,8.48,18.93,4,0
,ea6ec2d9,Alex Carthew,male,Chile,2,2,12,22,6,1,0,0,0,0,12.0,54.55,1,18,1,12,4.0,12.0,1,0
,ffe659ae,Ali Abbas,male,Saudi Arabia,2,2,12,17,12,0,2,0,0,0,6.0,70.59,0,0,0,0,0.0,,0,0
,519c30cb,CJ Gannon,male,United States of America,3,3,12,9,7,2,0,1,0,0,12.0,133.33,3,54,3,67,7.44,22.33,2,0
,c872d657,DV Devjani Mutreja,male,Mexico,11,7,12,29,4,2,0,0,0,0,2.4,41.38,8,80,5,95,7.12,19.0,3,0
,48fd691d,Dayal Joy,male,Slovenia,3,3,12,13,9,0,0,1,0,0,4.0,92.31,3,36,1,63,10.5,63.0,1,0
,bcf325d2,Dhruv Jurel,male,India,3,3,12,23,6,0,1,0,0,0,4.0,52.17,0,0,0,0,0.0,,0,0
,53c35b3a,Elias Tilman,male,Timor-Leste,8,7,12,59,8,2,0,0,0,0,2.4,20.34,8,108,4,175,9.72,43.75,3,0
,0c95e20e,F Clarke,male,Isle of Man,5,4,12,25,9,1,0,1,0,0,4.0,48.0,4,78,4,95,7.31,23.75,2,0
,d7e51f87,GM Muthui,male,Kenya,26,4,12,15,6,2,1,0,0,0,6.0,80.0,26,481,31,517,6.45,16.68,5,1
,4ebc70ca,GT Main,male,Scotland,14,3,12,17,12,2,2,0,0,0,12.0,70.59,14,242,19,342,8.48,18.0,5,1
,70542bef,HJH Marshall,male,New Zealand,3,3,12,14,8,0,0,0,0,0,4.0,85.71,0,0,0,0,0.0,,0,0
,4fc516bd,HMCM Bandara,male,Sri Lanka,4,3,12,15,7,1,0,0,0,0,6.0,80.0,4,84,4,96,6.86,24.0,3,0
,cc3fb3b3,Imran Butt,male,Bahrain,2,1,12,6,12,0,1,1,0,0,12.0,200.0,2,42,3,72,10.29,24.0,2,0
,462411b3,JJ Bumrah,male,India,90,7,12,18,7,2,2,0,0,0,2.4,66.67,90,1966,117,2156,6.58,18.43,4,0
,c38bf66d,JMV Junior,male,Fiji,2,2,12,13,9,1,0,1,0,0,12.0,92.31,0,0,0,0,0.0,,0,0
,9206e859,Jason Lui,male,Hong Kong,1,1,12,16,12,1,2,0,0,0,,75.0,0,0,0,0,0.0,,0,0
,8a027c6a,KB Tember,male,Indonesia,3,3,12,26,9,0,0,1,0,0,4.0,46.15,0,0,0,0,0.0,,0,0
,e012ad13,KOA Powell,male,West Indies,1,1,12,14,12,0,1,0,0,0,12.0,85.71,0,0,0,0,0.0,,0,0
,68c3f79d,LN Onyango,male,Kenya,4,3,12,16,4,2,0,0,0,0,12.0,75.0,4,60,2,111,11.1,55.5,1,0
,58fba7cb,M Grzinic,male,Croatia,3,3,12,18,6,0,0,0,0,0,4.0,66.67,2,36,4,18,3.0,4.5,2,0
,00075cb5,MCE Manalo,male,Philippines,1,1,12,14,12,0,0,0,0,0,12.0,85.71,0,0,0,0,0.0,,0,0
,6755b6c7,Merwais Shinwari,male,Slovenia,3,3,12,21,12,1,0,1,0,0,6.0,57.14,3,42,3,60,8.57,20.0,2,0
,62474838,Mohammad Ahsan,male,Kuwait,3,2,12,12,8,0,0,1,0,0,6.0,100.0,3,54,2,94,10.44,47.0,2,0
,098a757c,Muhammad Jawadullah,male,United Arab Emirates,33,4,12,14,6,2,1,0,0,0,6.0,85.71,33,727,47,933,7.7,19.85,4,0
,890946a0,NV Ojha,male,India,2,2,12,27,10,0,2,0,0,0,6.0,44.44,0,0,0,0,0.0,,0,0
,21d4e29b,Navdeep Saini,male,India,10,3,12,11,11,3,2,0,0,0,,109.09,9,197,13,235,7.16,18.08,3,0
,9e51462f,Naveed Shahid,male,Finland,5,1,12,7,12,1,2,0,0,0,,171.43,5,84,3,101,7.21,33.67,1,0
,1b6aafc8,Nawed Al Balushi,male,Oman,5,4,12,20,10,2,0,0,0,0,6.0,60.0,3,60,6,106,10.6,17.67,4,0
,e33a357d,Niaz Ali,male,Hong Kong,2,2,12,12,12,0,1,1,0,0,6.0,100.0,2,34,0,45,7.94,,0,0
,e8637dc9,O Stewart,male,Bahamas,3,3,12,9,12,0,1,1,0,0,4.0,133.33,0,0,0,0,0.0,,0,0
,d35a520a,Omar Hayat,male,Denmark,7,3,12,8,6,0,1,0,0,0,4.0,150.0,6,96,10,121,7.56,12.1,3,0
,45c008f4,P Danci,male,Romania,1,1,12,15,12,0,2,0,0,0,12.0,80.0,0,0,0,0,0.0,,0,0
,296358c9,Raag Kapur,male,Hong Kong,6,3,12,16,6,1,1,0,0,0,6.0,75.0,5,72,3,90,7.5,30.0,2,0
,6b429231,Rohit Limbu,male,Bhutan,1,1,12,25,12,0,1,0,0,0,12.0,48.0,0,0,0,0,0.0,,0,0
,668404df,Ryan Ani,male,Papua New Guinea,2,2,12,9,9,1,0,0,0,0,12.0,133.33,0,0,0,0,0.0,,0,0
,b8b95e44,SDJJ Dima,male,Mozambique,6,5,12,37,9,0,0,0,0,0,2.4,32.43,4,84,3,118,8.43,39.33,3,0
,8b6aebf7,SF Nhavotso,male,Mozambique,4,3,12,25,5,0,0,0,0,0,4.0,48.0,3,32,1,40,7.5,40.0,1,0
,488b7e1b,SHT Kandamby,male,Sri Lanka,2,2,12,17,10,0,0,0,0,0,6.0,70.59,0,0,0,0,0.0,,0,0
,d11e0c76,Sanjay Kumar Ahir,male,Panama,7,5,12,20,4,3,0,0,0,0,6.0,60.0,7,72,3,82,6.83,27.33,1,0
,851b0636,Santiago Iturbe,male,Argentina,4,4,12,21,9,2,0,0,0,0,6.0,57.14,0,0,0,0,0.0,,0,0
,b5e7d375,T Bukenya,male,Uganda,1,1,12,9,12,1,0,1,0,0,,133.33,1,24,0,41,10.25,,0,0
,52dfe157,T Filer,male,Estonia,4,4,12,17,12,0,1,0,0,0,3.0,70.59,2,26,3,25,5.77,8.33,3,0
,1f8b4fec,T Vanuarua,male,Cook Islands,5,2,12,11,8,0,1,1,0,0,6.0,109.09,5,102,5,113,6.65,22.6,2,0
,aa467af0,Tanvir Islam,male,Bangladesh,6,3,12,16,8,2,1,0,0,0,12.0,75.0,6,102,4,136,8.0,34.0,1,0
,1ba16d18,Tarun Sharma,male,Mexico,2,2,12,12,11,1,1,0,0,0,12.0,100.0,0,0,0,0,0.0,,0,0
,60544e2b,Tian Senqun,male,China,1,1,12,17,12,0,0,0,0,0,12.0,70.59,1,24,0,42,10.5,,0,0
,f1a042e5,WP Myburgh,male,Namibia,3,2,12,18,8,0,0,0,0,0,6.0,66.67,3,48,2,61,7.62,30.5,2,0
,c0d59d9c,ZJ van Vuuren,male,Namibia,1,1,12,9,12,0,2,0,0,0,12.0,133.33,0,0,0,0,0.0,,0,0
,d5ca4759,Zou Kui,male,China,4,4,12,24,10,1,0,0,0,0,4.0,50.0,1,12,0,37,18.5,,0,0
,93544e69,A Awasthi,male,Croatia,5,5,11,50,4,1,0,0,0,0,2.75,22.0,2,24,1,73,18.25,73.0,1,0
,376557f7,A Bishnoi,male,Malta,12,8,11,21,4,4,0,0,0,0,2.75,52.38,12,203,12,306,9.04,25.5,4,0
,16f4cc7e,A Bulow,male,Denmark,1,1,11,13,11,0,0,1,0,0,11.0,84.62,0,0,0,0,0.0,,0,0
,2f949d55,A Daxini,male,Croatia,3,3,11,22,5,0,1,0,0,0,3.67,50.0,2,9,0,24,16.0,,0,0
,de72e7c9,A Mucyodusenge,male,Rwanda,3,3,11,24,9,0,1,0,0,0,3.67,45.83,0,0,0,0,0.0,,0,0
,bc304f82,A Nimaga,male,Mali,3,3,11,13,7,1,1,0,0,0,5.5,84.62,0,0,0,0,0.0,,0,0
,6b0c3a20,AJ Hall,male,South Africa,2,1,11,10,11,0,1,0,0,0,11.0,110.0,2,48,3,60,7.5,20.0,3,0
,1f6f321d,AK Roger,male,Ivory Coast,7,7,11,49,4,1,1,0,0,0,1.83,22.45,0,0,0,0,0.0,,0,0
,de3d549a,AM Fernando,male,Sri Lanka,5,3,11,4,10,3,2,0,0,0,,275.0,5,96,3,174,10.88,58.0,1,0
,b15eaf77,AO Suji,male,Kenya,3,2,11,25,7,0,0,0,0,0,5.5,44.0,2,37,0,53,8.59,,0,0
,6ef9a32f,Abdulla Bhoola,male,Panama,4,4,11,21,7,2,1,0,0,0,5.5,52.38,0,0,0,0,0.0,,0,0
,71686118,Abdullah Shahid,male,Maldives,2,2,11,17,10,0,1,0,0,0,5.5,64.71,0,0,0,0,0.0,,0,0
,4c72b407,Ahsan Khan,male,Bulgaria,10,3,11,9,8,2,1,0,0,0,11.0,122.22,10,126,5,224,10.67,44.8,2,0
,adb2f841,Ali Ivan,male,Maldives,1,1,11,39,11,0,0,0,0,0,11.0,28.21,0,0,0,0,0.0,,0,0
,1a710f40,Ali Rasool,male,Bulgaria,8,4,11,25,4,1,0,0,0,0,3.67,44.0,7,84,3,158,11.29,52.67,2,0
,085071f2,Amit Uniyal,male,Chile,2,2,11,26,8,0,0,0,0,0,5.5,42.31,2,30,1,31,6.2,31.0,1,0
,f70c0c66,Arslan Ahmed,male,Portugal,2,2,11,29,11,0,1,0,0,0,5.5,37.93,0,0,0,0,0.0,,0,0
,231daa19,Asif Shaikh,male,Bahrain,17,4,11,13,9,2,0,1,0,0,5.5,84.62,16,344,20,366,6.38,18.3,3,0
,219a417a,Assad Borham,male,Qatar,3,3,11,19,8,1,1,0,0,0,5.5,57.89,1,6,0,12,12.0,,0,0
,48ad3373,BM Tickner,male,New Zealand,18,4,11,23,5,2,0,0,0,0,5.5,47.83,18,341,19,536,9.43,28.21,4,0
,19758a47,CG Osborne,male,Croatia,2,2,11,25,8,1,0,0,0,0,11.0,44.0,2,24,3,32,8.0,10.67,3,0
,e7db2a56,CM Mbebe,male,Mozambique,7,2,11,9,10,2,0,1,0,0,,122.22,7,150,4,198,7.92,49.5,2,0
,28d6c44d,E Bosch,male,South Africa,4,3,11,9,7,2,1,0,0,0,11.0,122.22,4,78,3,96,7.38,32.0,2,0
,2719e9a6,E Robinson,male,Guernsey,6,3,11,16,6,3,0,0,0,0,,68.75,6,88,11,121,8.25,11.0,3,0
,a7c226e1,FH Edwards,male,West Indies,26,6,11,14,7,4,1,0,0,0,5.5,78.57,26,449,20,617,8.24,30.85,3,0
,b979b662,Faridullah Shams,male,Austria,6,3,11,7,6,1,1,1,0,0,5.5,157.14,5,78,6,106,8.15,17.67,3,0
,5a6bb1c7,Fayyaz Ahmed,male,United Arab Emirates,1,1,11,12,11,0,2,0,0,0,11.0,91.67,1,18,1,29,9.67,29.0,1,0
,72caebdc,GI Gokoel,male,Suriname,5,3,11,27,9,2,1,0,0,0,11.0,40.74,3,24,0,41,10.25,,0,0
,2b8b75a0,H Osinde,male,Canada,4,3,11,14,5,1,1,0,0,0,5.5,78.57,4,66,3,100,9.09,33.33,3,0
,b9a3d8c6,Inzamam-ul-Haq,male,Pakistan,1,1,11,15,11,1,0,1,0,0,,73.33,0,0,0,0,0.0,,0,0
,01127aa9,J Buchanan,male,Cayman Islands,8,2,11,16,10,0,0,0,0,0,5.5,68.75,8,150,6,156,6.24,26.0,2,0
,7c681ee9,J Smits,male,Netherlands,1,1,11,17,11,1,0,0,0,0,,64.71,0,0,0,0,0.0,,0,0
,6fd0c8e1,JD Campbell,male,West Indies,2,2,11,16,11,0,2,0,0,0,5.5,68.75,1,6,0,1,1.0,,0,0
,ffb3b559,JJ Nyambo,male,Tanzania,12,6,11,29,4,2,0,0,0,0,2.75,37.93,10,182,8,209,6.89,26.12,2,0
,537021f5,JT Brassell,male,Namibia,31,7,11,18,5,4,1,0,0,0,3.67,61.11,31,541,25,813,9.02,32.52,3,0
,3b50c63a,KS Lokuarachchi,male,Sri Lanka,2,2,11,13,11,0,1,0,0,0,5.5,84.62,2,36,2,48,8.0,24.0,2,0
,82c78845,Khurram Manzoor,male,Pakistan,3,3,11,27,10,0,1,0,0,0,3.67,40.74,0,0,0,0,0.0,,0,0
,8eb7c5a6,L Berthe,male,Mali,8,8,11,28,7,2,1,0,0,0,1.83,39.29,1,6,0,14,14.0,,0,0
,8c95e2dd,MS Diawara,male,Mali,5,4,11,27,9,0,0,0,0,0,2.75,40.74,3,54,3,79,8.78,26.33,2,0
,216697bf,Mabsar Abdulla,male,Maldives,1,1,11,21,11,0,0,0,0,0,11.0,52.38,0,0,0,0,0.0,,0,0
,7b10c047,Mazhar Khan,male,Slovenia,4,4,11,28,7,1,1,0,0,0,3.67,39.29,0,0,0,0,0.0,,0,0
,b2e15fa9,Mertcan Filiz,male,Turkey,6,6,11,25,7,3,1,0,0,0,3.67,44.0,0,0,0,0,0.0,,0,0
,34b8b1b5,Mohammed Awais,male,Qatar,5,3,11,16,9,0,1,0,0,0,3.67,68.75,5,78,2,132,10.15,66.0,1,0
,f059910f,Moshiur Rahman,male,Estonia,3,3,11,25,5,2,0,0,0,0,11.0,44.0,1,4,0,14,21.0,,0,0
,76f168de,Mustafa Atmaca,male,Turkey,5,3,11,16,5,1,0,0,0,0,5.5,68.75,5,79,1,156,11.85,156.0,1,0
,44839bd7,Nikhil Deshmukh,male,Peru,2,2,11,25,9,0,1,0,0,0,5.5,44.0,2,24,1,22,5.5,22.0,1,0
,cef52835,Owais Ahmed,male,Qatar,15,3,11,11,10,3,2,0,0,0,,100.0,15,300,10,332,6.64,33.2,3,0
,7ce244fd,RA Tappin,male,Bahamas,4,4,11,47,6,0,0,0,0,0,2.75,23.4,1,12,0,19,9.5,,0,0
,bc6f8328,RJG Palmer,male,Jersey,6,3,11,23,5,3,0,0,0,0,,47.83,6,102,4,98,5.76,24.5,2,0
,d1761087,RM West,male,Ireland,5,4,11,11,8,1,1,0,0,0,3.67,100.0,5,114,3,142,7.47,47.33,1,0
,17f68661,RT Rubbi,male,Indonesia,2,2,11,28,9,0,0,0,0,0,5.5,39.29,0,0,0,0,0.0,,0,0
,45f4af74,S Chophel,male,Bhutan,4,4,11,18,4,1,0,0,0,0,3.67,61.11,0,0,0,0,0.0,,0,0
,4086c5cb,S Pillay,male,Seychelles,1,1,11,10,11,0,2,0,0,0,11.0,110.0,0,0,0,0,0.0,,0,0
,addfb70e,SW Tait,male,Australia,21,6,11,15,6,2,0,1,0,0,2.75,73.33,21,478,28,589,7.39,21.04,3,0
,ddc2613d,Sachin Ganpat Shinde,male,Serbia,2,2,11,19,6,1,1,0,0,0,11.0,57.89,2,24,0,65,16.25,,0,0
,3ec178e7,Sohel Ebrahim Desai,male,Panama,5,5,11,18,5,1,0,0,0,0,2.75,61.11,0,0,0,0,0.0,,0,0
,ae4006ad,Syed Amanullah,male,Greece,2,1,11,13,11,1,0,1,0,0,,84.62,1,6,1,9,9.0,9.0,1,0
,50955fee,Syed Tameem,male,Qatar,1,1,11,21,11,0,0,0,0,0,11.0,52.38,0,0,0,0,0.0,,0,0
,88fac705,TJ Draca,male,Italy,11,3,11,14,5,1,1,0,0,0,5.5,78.57,11,210,13,254,7.26,19.54,3,0
,fd483a3e,V Shetty,male,United Arab Emirates,2,2,11,13,10,1,1,0,0,0,11.0,84.62,0,0,0,0,0.0,,0,0
,f20e7aac,W Uisuk,male,Thailand,4,4,11,40,5,0,1,0,0,0,2.75,27.5,2,24,0,45,11.25,,0,0
,c942a53b,WK McCallan,male,Ireland,6,3,11,15,9,2,1,0,0,0,11.0,73.33,6,119,8,137,6.91,17.12,2,0
,f2800ef3,Yasir Shah,male,Pakistan,2,1,11,7,11,1,1,0,0,0,,157.14,2,24,0,39,9.75,,0,0
,dce01d1e,Zahid Abbas,male,Kenya,2,2,11,15,9,0,1,0,0,0,5.5,73.33,2,30,1,32,6.4,32.0,1,0
,f0e293b0,Zahoor Khan,male,United Arab Emirates,46,8,11,23,6,4,1,0,0,0,2.75,47.83,46,1005,57,1135,6.78,19.91,4,0
,e3e09091,Zakir Hasan,male,Bangladesh,4,4,11,19,10,0,1,0,0,0,2.75,57.89,0,0,0,0,0.0,,0,0
,3abe1ef6,A Ndlovu,male,Zimbabwe,7,3,10,13,5,1,1,0,0,0,5.0,76.92,7,126,2,176,8.38,88.0,1,0
,ed47a68b,A Sathyan,male,Croatia,2,2,10,15,10,1,1,0,0,0,10.0,66.67,1,12,1,16,8.0,16.0,1,0
,70d57519,AAP Atkinson,male,England,4,2,10,23,8,1,0,0,0,0,10.0,43.48,4,65,6,122,11.26,20.33,4,0
,e9a870ed,AC Evans,male,Scotland,29,7,10,14,8,1,1,0,0,0,1.67,71.43,29,630,39,852,8.11,21.85,5,1
,a3d329d7,ACL Richards,male,West Indies,1,1,10,15,10,0,1,0,0,0,10.0,66.67,0,0,0,0,0.0,,0,0
,f3a9aadf,Acrey Hugo,male,Tanzania,2,2,10,12,10,2,1,0,0,0,,83.33,0,0,0,0,0.0,,0,0
,cae17490,Ali Hasan,male,Italy,10,4,10,15,10,1,0,1,0,0,3.33,66.67,10,198,12,217,6.58,18.08,3,0
,28adcce9,Anwar Rahman,male,Malaysia,17,8,10,25,3,4,0,0,0,0,2.5,40.0,17,325,20,323,5.96,16.15,4,0
,33e59f48,Ashar Abbas,male,Costa Rica,3,3,10,16,10,1,0,0,0,0,5.0,62.5,1,12,0,24,12.0,,0,0
,d666d3a8,BA Parchment,male,West Indies,1,1,10,6,10,0,1,1,0,0,10.0,166.67,0,0,0,0,0.0,,0,0
,0e102c3b,BAA Zammitt,male,Gibraltar,3,3,10,25,9,0,0,0,0,0,3.33,40.0,1,5,0,5,6.0,,0,0
,4751caa3,CBRLS Kumara,male,Sri Lanka,24,5,10,11,4,2,2,0,0,0,3.33,90.91,24,520,31,725,8.37,23.39,3,0
,151e8077,CS Baugh,male,West Indies,3,3,10,12,7,0,1,0,0,0,3.33,83.33,0,0,0,0,0.0,,0,0
,273be75a,D Traore,male,Mali,2,2,10,21,6,1,1,0,0,0,10.0,47.62,0,0,0,0,0.0,,0,0
,cd336877,Faris Al Balushi,male,Oman,1,1,10,11,10,1,2,0,0,0,,90.91,1,6,0,17,17.0,,0,0
,adbba8db,G Cupido,male,Switzerland,3,3,10,11,10,1,0,1,0,0,5.0,90.91,0,0,0,0,0.0,,0,0
,edae74d8,G Kaltongga,male,Vanuatu,2,2,10,12,10,0,1,0,0,0,5.0,83.33,0,0,0,0,0.0,,0,0
,71d0fad3,G Sanjeewa,male,Romania,5,2,10,11,10,0,2,0,0,0,5.0,90.91,4,75,2,71,5.68,35.5,1,0
,30291c08,H Beresford-Peirse,male,Croatia,3,2,10,13,7,0,0,0,0,0,5.0,76.92,3,54,2,94,10.44,47.0,1,0
,514628bd,I Katzarski,male,Bulgaria,6,4,10,24,5,1,0,0,0,0,3.33,41.67,2,12,0,25,12.5,,0,0
,da3b91fd,Imran Khan,male,Bahrain,54,12,10,20,2,4,0,0,0,0,1.25,50.0,54,973,53,1170,7.21,22.08,4,0
,b38a7890,J Ghelzai,male,Austria,3,3,10,9,6,0,0,1,0,0,3.33,111.11,0,0,0,0,0.0,,0,0
,a8473c4a,J Hansrod,male,Swaziland,3,3,10,25,7,0,1,0,0,0,3.33,40.0,0,0,0,0,0.0,,0,0
,0cea2730,J Pakeman,male,Belize,2,2,10,24,7,0,1,0,0,0,5.0,41.67,0,0,0,0,0.0,,0,0
,d8bee9a1,J Shaju,male,Malta,20,7,10,29,4,3,0,0,0,0,2.5,34.48,20,398,25,511,7.7,20.44,4,0
,ab126ea8,JE Pitcher,male,Bermuda,7,3,10,19,5,3,0,0,0,0,,52.63,6,78,2,102,7.85,51.0,1,0
,34e10659,K Babu,male,South Korea,8,6,10,23,3,4,0,0,0,0,5.0,43.48,7,102,4,157,9.24,39.25,1,0
,74bff7ca,KN Singh,male,Suriname,4,1,10,9,10,1,0,0,0,0,,111.11,4,60,2,78,7.8,39.0,1,0
,796e4140,Khurram Chohan,male,Canada,2,2,10,10,7,1,1,0,0,0,10.0,100.0,2,25,0,47,11.28,,0,0
,fb8389e6,L Basson,male,Namibia,1,1,10,15,10,1,1,0,0,0,,66.67,0,0,0,0,0.0,,0,0
,7143efc1,LK Sharma,male,Mexico,1,1,10,14,10,0,2,0,0,0,10.0,71.43,1,18,1,29,9.67,29.0,1,0
,20a941bb,M Ntini,male,South Africa,10,4,10,11,5,2,2,0,0,0,5.0,90.91,10,192,6,298,9.31,49.67,2,0
,465aa633,N Burger,male,South Africa,8,3,10,21,9,1,0,0,0,0,5.0,47.62,8,174,6,239,8.24,39.83,2,0
,2af838ee,N Pradeep,male,Sri Lanka,16,4,10,15,8,3,1,0,0,0,10.0,66.67,16,278,15,436,9.41,29.07,4,0
,f7d267f7,NP Kenjige,male,United States of America,23,8,10,21,6,3,0,0,0,0,2.0,47.62,23,442,22,554,7.52,25.18,3,0
,bfe33045,Nawaf Ahmed,male,Kuwait,8,3,10,9,10,2,1,1,0,0,10.0,111.11,7,93,4,128,8.26,32.0,2,0
,0bd536fb,P Raho,male,Papua New Guinea,2,2,10,6,8,2,0,1,0,0,,166.67,2,18,3,20,6.67,6.67,3,0
,6c6591ab,PP Ojha,male,India,6,1,10,6,10,1,0,1,0,0,,166.67,6,126,10,132,6.29,13.2,4,0
,6779e840,R Cunningham,male,Gibraltar,3,2,10,13,7,2,0,0,0,0,,76.92,2,26,2,62,14.31,31.0,1,0
,bcb01d8c,RWT Key,male,England,1,1,10,8,10,1,0,0,0,0,,125.0,0,0,0,0,0.0,,0,0
,33ef1bd5,Rajkumar Rajendran,male,Malaysia,2,2,10,17,8,0,0,1,0,0,5.0,58.82,0,0,0,0,0.0,,0,0
,8d995b86,S Gantulga,male,Mongolia,6,6,10,52,6,0,1,0,0,0,1.67,19.23,0,0,0,0,0.0,,0,0
,3ed39f01,S Murari,male,Costa Rica,8,7,10,17,8,2,0,1,0,0,2.0,58.82,6,120,5,121,6.05,24.2,1,0
,56544f81,S Rossi,male,Argentina,5,5,10,16,10,0,0,0,0,0,2.0,62.5,4,90,2,112,7.47,56.0,2,0
,dc9135c6,S Srikanth,male,Singapore,1,1,10,6,10,0,2,0,0,0,10.0,166.67,0,0,0,0,0.0,,0,0
,69c994e4,SHA Rance,male,New Zealand,7,3,10,21,8,0,0,0,0,0,3.33,47.62,7,162,10,245,9.07,24.5,3,0
,9c33091b,SL Perera,male,Ghana,2,2,10,23,7,0,0,0,0,0,5.0,43.48,0,0,0,0,0.0,,0,0
,d2c2b2d5,SR Tendulkar,male,India,1,1,10,11,10,0,2,0,0,0,10.0,90.91,1,15,1,12,4.8,12.0,1,0
,54909313,Sajid Khan,male,Croatia,10,8,10,29,5,5,0,0,0,0,3.33,34.48,7,85,3,141,9.95,47.0,1,0
,679af2e2,Salman Nazar,male,Canada,7,1,10,9,10,0,1,0,0,0,10.0,111.11,7,150,12,156,6.24,13.0,3,0
,a03bba42,T Shamsi,male,South Africa,69,13,10,27,4,8,0,0,0,0,2.0,37.04,69,1498,86,1854,7.43,21.56,5,1
,307684f3,T Wuatai,male,Cook Islands,4,4,10,29,7,2,1,0,0,0,5.0,34.48,0,0,0,0,0.0,,0,0
,1f74f675,T Yotharat,male,Thailand,5,3,10,24,6,3,0,0,0,0,,41.67,5,60,3,59,5.9,19.67,1,0
,441c1b67,Uzair Amir,male,Qatar,2,2,10,13,10,0,0,0,0,0,5.0,76.92,0,0,0,0,0.0,,0,0
,44744467,VL Mukesh,male,Seychelles,5,4,10,16,7,0,0,1,0,0,2.5,62.5,4,48,0,64,8.0,,0,0
,2af28253,Vraj Patel,male,Kenya,57,6,10,16,4,4,0,0,0,0,5.0,62.5,57,1242,80,1115,5.39,13.94,5,1
,2835af2a,A Kapoor,male,Canada,1,1,9,4,9,1,1,0,0,0,,225.0,0,0,0,0,0.0,,0,0
,b481216d,A Poulose,male,Oman,3,3,9,14,9,0,2,0,0,0,3.0,64.29,0,0,0,0,0.0,,0,0
,8a00eec1,AN Hyobeom,male,South Korea,6,3,9,17,4,0,1,0,0,0,3.0,52.94,6,66,4,87,7.91,21.75,3,0
,2e563be8,AR Perez Rivero,male,Argentina,1,1,9,10,9,0,0,0,0,0,9.0,90.0,1,18,1,20,6.67,20.0,1,0
,7864bd38,Abdul Makda,male,Panama,3,1,9,10,9,0,0,1,0,0,9.0,90.0,3,42,0,58,8.29,,0,0
,927a5ef5,Anam Mollik,male,Italy,1,1,9,10,9,0,1,0,0,0,9.0,90.0,0,0,0,0,0.0,,0,0
,9bb259b4,Ashraful Shuvo,male,Estonia,8,3,9,14,5,1,0,0,0,0,4.5,64.29,8,156,8,166,6.38,20.75,4,0
,118b0a7c,Aziz Sualley,male,Ghana,8,5,9,17,4,2,1,0,0,0,3.0,52.94,6,96,5,106,6.62,21.2,2,0
,6834d1f2,B Stanlake,male,Australia,19,2,9,12,7,1,0,1,0,0,9.0,75.0,19,420,27,544,7.77,20.15,4,0
,5b658677,BJ Davidson,male,Serbia,3,3,9,19,6,0,1,0,0,0,3.0,47.37,0,0,0,0,0.0,,0,0
,c65e0275,Babar Ali,male,Rwanda,3,3,9,19,7,0,0,0,0,0,3.0,47.37,0,0,0,0,0.0,,0,0
,32074eb3,D Hardware,male,Turks and Caicos Island,2,2,9,24,7,1,0,0,0,0,9.0,37.5,0,0,0,0,0.0,,0,0
,7a6a9ae9,DK Raman,male,Denmark,1,1,9,10,9,0,1,0,0,0,9.0,90.0,0,0,0,0,0.0,,0,0
,95bd9407,E Karimi,male,Denmark,16,6,9,22,2,3,0,0,0,0,3.0,40.91,16,312,19,355,6.83,18.68,4,0
,70456281,Ehsan Nawaz,male,Hong Kong,6,2,9,5,9,1,2,0,0,0,9.0,180.0,6,64,4,103,9.66,25.75,2,0
,c9c2a7e8,FC Muniz,male,Brazil,4,3,9,26,8,1,0,0,0,0,4.5,34.62,3,60,2,56,5.6,28.0,1,0
,d9cdf81e,GY Prastama,male,Indonesia,3,3,9,13,5,2,0,0,0,0,9.0,69.23,0,0,0,0,0.0,,0,0
,243a2cf1,H Isorena,male,Philippines,2,2,9,21,6,0,1,0,0,0,4.5,42.86,0,0,0,0,0.0,,0,0
,452024ef,Humayun Kabir,male,Sweden,2,2,9,16,7,0,0,0,0,0,4.5,56.25,0,0,0,0,0.0,,0,0
,449d4f17,Iftikhar Kankhel,male,Belgium,10,4,9,13,8,2,1,0,0,0,4.5,69.23,10,179,13,270,9.05,20.77,3,0
,711e73ac,Itibarshah Deedar,male,Austria,7,2,9,11,5,2,1,0,0,0,,81.82,7,114,3,152,8.0,50.67,2,0
,d77ddc9f,JQK Moala,male,Fiji,6,4,9,21,5,0,0,0,0,0,2.25,42.86,6,120,9,115,5.75,12.78,3,0
,f5821615,JS Patel,male,New Zealand,10,3,9,14,5,0,1,0,0,0,3.0,64.29,10,199,16,269,8.11,16.81,3,0
,20321b0c,K Lake,male,Japan,5,1,9,8,9,0,0,0,0,0,9.0,112.5,5,66,4,60,5.45,15.0,2,0
,55fedd51,KK Tillett,male,Belize,2,2,9,19,9,0,1,0,0,0,4.5,47.37,2,14,1,50,21.43,50.0,1,0
,cd752e8a,Lee Kangmin,male,South Korea,3,3,9,12,9,2,1,0,0,0,9.0,75.0,2,24,0,40,10.0,,0,0
,1e843603,M Khauta,male,Lesotho,3,2,9,6,8,1,2,0,0,0,9.0,150.0,3,54,2,106,11.78,53.0,2,0
,64839cb3,M Pathirana,male,Sri Lanka,23,9,9,21,6,4,1,0,0,0,1.8,42.86,23,449,32,628,8.39,19.62,4,0
,487b8546,MW Jones,male,Scotland,3,1,9,6,9,0,0,1,0,0,9.0,150.0,3,60,6,78,7.8,13.0,4,0
,5923eebb,Mohammad Abrar,male,Qatar,2,2,9,16,8,1,1,0,0,0,9.0,56.25,0,0,0,0,0.0,,0,0
,e03b66ec,Mohammad Asif,male,Pakistan,11,2,9,3,5,2,2,0,0,0,,300.0,11,257,13,343,8.01,26.38,4,0
,79f8472d,Mohammad Mohsin,male,United States of America,4,3,9,11,8,1,1,0,0,0,4.5,81.82,4,72,4,72,6.0,18.0,2,0
,7044cd2e,NA Janes,male,Thailand,2,2,9,11,9,0,1,0,0,0,4.5,81.82,1,6,0,12,12.0,,0,0
,c6097d68,O Thomas,male,West Indies,20,6,9,15,8,2,2,0,0,0,2.25,60.0,20,408,21,638,9.38,30.38,5,1
,9ae09b37,QF Djakaridja,male,Ivory Coast,11,10,9,52,6,1,0,0,0,0,1.0,17.31,6,90,1,160,10.67,160.0,1,0
,c654af19,R McLaren,male,South Africa,12,4,9,13,6,3,0,0,0,0,9.0,69.23,12,263,17,332,7.57,19.53,5,1
,0b91b5d5,R Smith,male,Bahamas,7,6,9,37,5,2,0,0,0,0,2.25,24.32,7,108,7,131,7.28,18.71,2,0
,6daf5e8c,RAJ Smith,male,Scotland,2,1,9,7,9,1,1,0,0,0,,128.57,2,41,0,66,9.66,,0,0
,f6993a56,RJ Campbell,male,Hong Kong,2,2,9,23,9,0,1,0,0,0,4.5,39.13,2,36,0,40,6.67,,0,0
,a323465c,RR Joshi,male,Canada,7,2,9,8,8,0,0,1,0,0,4.5,112.5,7,130,5,183,8.45,36.6,1,0
,23d4170c,RW Hartley,male,Serbia,3,3,9,21,5,2,0,0,0,0,9.0,42.86,0,0,0,0,0.0,,0,0
,5f547c8b,Rashid Khan,male,ICC World XI,1,1,9,7,9,0,0,1,0,0,9.0,128.57,1,24,2,48,12.0,24.0,2,0
,710e1a5c,Ravinder Singh,male,Malta,1,1,9,19,9,0,0,0,0,0,9.0,47.37,0,0,0,0,0.0,,0,0
,4d9dfc7f,S Banamali,male,Singapore,5,2,9,15,8,1,0,0,0,0,9.0,60.0,5,95,1,149,9.41,149.0,1,0
,f5be7b08,S Rukmal,male,Seychelles,12,5,9,20,5,3,2,0,0,0,4.5,45.0,12,234,6,277,7.1,46.17,3,0
,2edb4286,S Varathappan,male,Kuwait,1,1,9,10,9,0,2,0,0,0,9.0,90.0,0,0,0,0,0.0,,0,0
,0fc88c2a,SMK Waththage,male,Czech Republic,13,3,9,16,5,2,0,0,0,0,9.0,56.25,13,258,11,328,7.63,29.82,2,0
,90839a03,Safvan Patel,male,Panama,1,1,9,12,9,0,0,0,0,0,9.0,75.0,0,0,0,0,0.0,,0,0
,7ab1eab7,Salman Mirza,male,Pakistan,16,4,9,7,4,2,1,0,0,0,4.5,128.57,16,346,23,371,6.43,16.13,3,0
,0837bb5f,Sanjay Kumar,male,Hungary,2,2,9,7,8,1,1,0,0,0,9.0,128.57,0,0,0,0,0.0,,0,0
,74a8376d,T Amresh,male,Costa Rica,2,2,9,9,7,0,0,1,0,0,4.5,100.0,0,0,0,0,0.0,,0,0
,905c09dd,TNM Soleh,male,Indonesia,1,1,9,21,9,0,0,0,0,0,9.0,42.86,0,0,0,0,0.0,,0,0
,286fab38,Tenzin Wangchuk jnr,male,Bhutan,2,2,9,17,9,0,2,0,0,0,4.5,52.94,0,0,0,0,0.0,,0,0
,61928851,Utkarsh Srivastava,male,United States of America,1,1,9,8,9,0,1,0,0,0,9.0,112.5,0,0,0,0,0.0,,0,0
,f0f2b9c5,V Khanduri,male,Cyprus,4,3,9,20,6,1,0,0,0,0,4.5,45.0,4,72,5,99,8.25,19.8,2,0
,3a7ea906,VJ Kingma,male,Netherlands,24,5,9,17,4,2,0,0,0,0,3.0,52.94,24,476,21,603,7.6,28.71,4,0
,1920c721,WKD Perkins,male,West Indies,1,1,9,11,9,0,1,0,0,0,9.0,81.82,0,0,0,0,0.0,,0,0
,9238dd92,YM Nkanya,male,Tanzania,46,12,9,32,4,5,0,0,0,0,1.29,28.12,46,921,59,799,5.21,13.54,5,1
,43b36ccf,Yadwinder Singh,male,Hungary,1,1,9,13,9,1,1,0,0,0,,69.23,1,12,0,2,1.0,,0,0
,22ae4973,Zuhair Muhammad,male,Saudi Arabia,3,3,9,26,5,0,0,0,0,0,3.0,34.62,0,0,0,0,0.0,,0,0
,55a5cffb,A Ahmadhel,male,Bulgaria,4,4,8,24,4,0,1,0,0,0,2.0,33.33,2,10,1,21,12.6,21.0,1,0
,753ada66,A Dhingra,male,Luxembourg,14,5,8,8,5,3,1,0,0,0,4.0,100.0,14,243,12,329,8.12,27.42,2,0
,07160156,A Tripathi,male,Mexico,4,3,8,25,6,0,1,0,0,0,2.67,32.0,2,12,2,26,13.0,13.0,2,0
,80ec5dfd,AM Blignaut,male,Zimbabwe,1,1,8,8,8,0,1,0,0,0,8.0,100.0,0,0,0,0,0.0,,0,0
,4b8e8f64,AS Broomfield,male,South Korea,4,3,8,26,6,2,0,0,0,0,8.0,30.77,1,12,1,8,4.0,8.0,1,0
,3e86080b,Abdul Salman Khan,male,Saudi Arabia,2,2,8,11,7,1,1,0,0,0,8.0,72.73,2,30,1,37,7.4,37.0,1,0
,83b6c5fb,Azim Patel,male,Lesotho,2,2,8,13,8,0,1,0,0,0,4.0,61.54,0,0,0,0,0.0,,0,0
,6bd0d89e,B Mejaro,male,Lesotho,10,7,8,30,2,3,0,0,0,0,2.0,26.67,8,162,9,213,7.89,23.67,3,0
,ea0cdc12,BAW Mendis,male,Sri Lanka,37,6,8,16,4,3,1,0,0,0,2.67,50.0,37,837,58,920,6.59,15.86,6,2
,37137c8b,BV Vitori,male,Zimbabwe,11,2,8,7,7,2,0,0,0,0,,114.29,11,238,4,323,8.14,80.75,1,0
,58a7f842,Baz Aybui,male,Sweden,9,3,8,24,5,2,0,0,0,0,8.0,33.33,8,120,7,140,7.0,20.0,2,0
,5b7ab5a9,CV Varun,male,India,45,10,8,22,5,6,1,0,0,0,2.0,36.36,45,1005,74,1285,7.67,17.36,5,2
,cb4a3840,Charanjeet Singh,male,Italy,2,1,8,9,8,1,1,0,0,0,,88.89,2,30,1,35,7.0,35.0,1,0
,dacf556b,D Ramani,male,Czech Republic,13,3,8,16,5,2,0,0,0,0,8.0,50.0,13,276,19,393,8.54,20.68,4,0
,876dbe2d,DR Mousley,male,England,4,1,8,6,8,0,0,1,0,0,8.0,133.33,4,54,2,82,9.11,41.0,2,0
,1dc3330f,E Bhonkar,male,Israel,4,4,8,19,3,0,0,0,0,0,2.0,42.11,0,0,0,0,0.0,,0,0
,ab591e7d,E Isaneez,male,Uganda,3,2,8,13,7,2,0,0,0,0,,61.54,3,56,1,53,5.68,53.0,1,0
,33328ec7,Fakhrul Mohon,male,Portugal,6,2,8,9,8,1,0,1,0,0,8.0,88.89,6,102,3,129,7.59,43.0,1,0
,f390904d,GH Bodi,male,South Africa,1,1,8,25,8,0,0,0,0,0,8.0,32.0,0,0,0,0,0.0,,0,0
,d2fcce2f,HMRKB Herath,male,Sri Lanka,16,5,8,12,3,2,0,0,0,0,2.67,66.67,16,341,16,349,6.14,21.81,5,1
,fdc1ac0f,Hazrat Luqman,male,United Arab Emirates,2,1,8,6,8,0,0,0,0,0,8.0,133.33,2,36,1,60,10.0,60.0,1,0
,ea45f98b,I Mansaray,male,Sierra Leone,3,3,8,24,5,1,0,0,0,0,4.0,33.33,0,0,0,0,0.0,,0,0
,5bb1a1c4,I Sharma,male,India,14,3,8,9,5,2,1,0,0,0,8.0,88.89,14,278,8,400,8.63,50.0,2,0
,54725e8b,IH Romaine,male,Bermuda,1,1,8,12,8,0,0,0,0,0,8.0,66.67,1,16,0,19,7.12,,0,0
,1eb2b096,J Batinibulu,male,Fiji,4,3,8,18,6,1,0,0,0,0,4.0,44.44,4,93,5,124,8.0,24.8,4,0
,76917ef1,JB Richards,male,Botswana,2,2,8,15,7,2,0,0,0,0,,53.33,1,4,0,8,12.0,,0,0
,f11f5a92,K Burrows,male,Bahamas,2,2,8,4,8,1,0,1,0,0,8.0,200.0,1,12,3,22,11.0,7.33,3,0
,1c014a94,K Dasan,male,Bulgaria,3,3,8,13,4,0,0,0,0,0,2.67,61.54,0,0,0,0,0.0,,0,0
,447bf58e,K Jack,male,Turks and Caicos Island,2,2,8,13,4,0,0,0,0,0,4.0,61.54,0,0,0,0,0.0,,0,0
,fe11e1a3,K Kekez,male,Croatia,3,3,8,18,6,1,1,0,0,0,4.0,44.44,1,12,0,29,14.5,,0,0
,6770bccd,K Nagnama,male,Ivory Coast,5,5,8,26,7,0,0,0,0,0,1.6,30.77,1,24,1,47,11.75,47.0,1,0
,d6b4e3e2,KJ Patel,male,Seychelles,5,3,8,29,8,3,1,0,0,0,,27.59,5,109,4,113,6.22,28.25,2,0
,a74a9dac,Kalpesh Ahir,male,Panama,2,2,8,8,8,1,1,0,0,0,8.0,100.0,1,3,0,5,10.0,,0,0
,4e31ea36,Kristan Tillett,male,Belize,3,3,8,19,4,1,0,0,0,0,4.0,42.11,0,0,0,0,0.0,,0,0
,8c483884,Kuldeep Singh,male,Philippines,3,3,8,16,6,0,0,0,0,0,2.67,50.0,0,0,0,0,0.0,,0,0
,6ad2d5f7,LN Rajbanshi,male,Nepal,38,6,8,18,3,3,0,0,0,0,2.67,44.44,38,737,36,796,6.48,22.11,3,0
,1236044e,LR Naylor,male,Scotland,2,2,8,13,7,0,0,0,0,0,4.0,61.54,0,0,0,0,0.0,,0,0
,b18ba97a,M Joseph,male,South Africa,1,1,8,6,8,0,1,0,0,0,8.0,133.33,0,0,0,0,0.0,,0,0
,ba603555,MNK Fernando,male,Sri Lanka,2,2,8,12,7,0,0,0,0,0,4.0,66.67,0,0,0,0,0.0,,0,0
,d1b5efdf,NCK Liyanage,male,Malaysia,4,2,8,8,8,1,1,0,0,0,8.0,100.0,4,72,2,79,6.58,39.5,1,0
,ef5cbaf6,NFI McCallum,male,Scotland,4,4,8,21,8,0,1,0,0,0,2.0,38.1,0,0,0,0,0.0,,0,0
,6575e3bc,Nazmul Islam,male,Bangladesh,9,2,8,10,7,1,1,0,0,0,8.0,80.0,9,159,6,201,7.58,33.5,3,0
,c8e5012c,Nazwan Ismail,male,Maldives,7,5,8,20,2,4,0,0,0,0,8.0,40.0,6,104,5,189,10.9,37.8,2,0
,80b2fb19,Prince Yadav,male,India,6,2,8,3,6,2,0,1,0,0,,266.67,6,122,9,169,8.31,18.78,3,0
,4c5a72e2,R Edwards,male,Cayman Islands,10,3,8,21,8,1,0,0,0,0,4.0,38.1,10,198,15,195,5.91,13.0,5,1
,780d1997,RK Kiseto,male,Tanzania,11,4,8,21,5,0,0,0,0,0,2.0,38.1,11,210,11,254,7.26,23.09,4,0
,1f22730e,Rafiulah Alokozai,male,Belgium,6,3,8,11,7,0,0,1,0,0,2.67,72.73,6,96,3,156,9.75,52.0,1,0
,402ea377,Ronitkumar Ahir,male,Panama,3,2,8,10,6,0,0,0,0,0,4.0,80.0,3,72,11,29,2.42,2.64,4,0
,e3f77d5d,S Panguluri,male,Switzerland,1,1,8,18,8,0,1,0,0,0,8.0,44.44,0,0,0,0,0.0,,0,0
,f5f18a18,S Randiv,male,Sri Lanka,7,2,8,6,6,0,1,0,0,0,4.0,133.33,7,126,7,139,6.62,19.86,3,0
,c8ea9add,S Simpson,male,Jersey,2,1,8,9,8,1,1,0,0,0,,88.89,2,48,6,47,5.88,7.83,4,0
,ad67ab56,S Vaz,male,Portugal,5,2,8,11,7,1,0,0,0,0,8.0,72.73,5,96,9,109,6.81,12.11,4,0
,45b8f7c8,S Weleilakeba,male,Fiji,3,1,8,3,8,0,0,1,0,0,8.0,266.67,2,18,0,33,11.0,,0,0
,ca72ea31,SJ Hughes-Pinan,male,Spain,10,3,8,11,6,3,1,0,0,0,,72.73,10,224,13,148,3.96,11.38,5,1
,c5a864d7,SJS Smith,male,Scotland,1,1,8,11,8,0,1,0,0,0,8.0,72.73,0,0,0,0,0.0,,0,0
,906bc22b,Saqlain Mukhtar,male,Czech Republic,5,3,8,6,4,3,1,0,0,0,,133.33,5,66,2,105,9.55,52.5,2,0
,97e5d4bb,Simranjit Singh,male,Italy,1,1,8,9,8,0,0,0,0,0,8.0,88.89,0,0,0,0,0.0,,0,0
,d9a634ef,Sunil,male,Cayman Islands,1,1,8,9,8,1,1,0,0,0,,88.89,0,0,0,0,0.0,,0,0
,970ddd24,Suryansh Shedge,male,India,3,2,8,11,7,0,1,0,0,0,4.0,72.73,3,42,0,79,11.29,,0,0
,1c8ada57,T Ritawa,male,Cook Islands,7,3,8,10,6,0,1,0,0,0,2.67,80.0,7,96,9,134,8.38,14.89,5,1
,60fc2c8c,T Shanmugam,male,Seychelles,3,1,8,10,8,1,0,0,0,0,,80.0,3,36,1,37,6.17,37.0,1,0
,4758488e,T Tumursukh,male,Mongolia,9,8,8,37,6,2,0,0,0,0,1.33,21.62,7,102,4,179,10.53,44.75,2,0
,245c97cb,TS Mills,male,England,16,4,8,12,7,1,0,1,0,0,2.67,66.67,16,322,14,474,8.83,33.86,3,0
,130d9e0d,Tayyeb Javed,male,Timor-Leste,1,1,8,5,8,0,2,0,0,0,8.0,160.0,0,0,0,0,0.0,,0,0
,10962078,U Sofi,male,Samoa,2,1,8,6,8,0,0,1,0,0,8.0,133.33,2,18,0,43,14.33,,0,0
,a89730a9,W Viraliliu,male,Vanuatu,5,3,8,10,4,1,0,0,0,0,4.0,80.0,5,66,1,105,9.55,105.0,1,0
,1ebfbbe4,Xie Kunkun,male,China,4,4,8,36,5,0,0,0,0,0,2.0,22.22,0,0,0,0,0.0,,0,0
,03ef382c,ZE Matsinhe,male,Mozambique,5,3,8,18,4,1,0,0,0,0,4.0,44.44,5,72,1,89,7.42,89.0,1,0
,a819f6c8,Zahid Zadran,male,Germany,6,3,8,11,4,0,0,0,0,0,2.67,72.73,6,130,5,172,7.94,34.4,2,0
,2d46e8ed,Zulqarnain Haider,male,Spain,6,3,8,12,4,1,0,0,0,0,4.0,66.67,6,96,5,78,4.88,15.6,2,0
,192f2caf,A Bhargava,male,Singapore,2,2,7,6,5,1,1,0,0,0,7.0,116.67,1,12,1,14,7.0,14.0,1,0
,fbd4f01f,AY Patel,male,New Zealand,7,2,7,14,4,0,0,0,0,0,3.5,50.0,7,156,11,118,4.54,10.73,4,0
,811425b1,Adnan Mufti,male,United Arab Emirates,1,1,7,7,7,1,0,0,0,0,,100.0,0,0,0,0,0.0,,0,0
,3c6b4b2b,Aftab Hussain,male,Hong Kong,10,3,7,5,5,3,1,0,0,0,,140.0,10,228,16,248,6.53,15.5,3,0
,33044169,Ahmed Al Zadjali,male,Oman,2,1,7,5,7,0,1,0,0,0,7.0,140.0,1,6,0,15,15.0,,0,0
,3f5f39cd,Al-Amin Hossain,male,Bangladesh,28,4,7,12,5,2,1,0,0,0,3.5,58.33,28,602,43,712,7.1,16.56,3,0
,a2ef4337,Aminul Islam Chowdhury,male,Cyprus,1,1,7,6,7,1,1,0,0,0,,116.67,1,18,2,14,4.67,7.0,2,0
,5edaa34d,B Dugic,male,Serbia,13,4,7,19,3,1,0,0,0,0,2.33,36.84,12,162,8,290,10.74,36.25,5,1
,06adaa46,D Siva Kumar,male,United States of America,1,1,7,13,7,0,1,0,0,0,7.0,53.85,1,12,0,11,5.5,,0,0
,8fa4d4af,DA Senthil,male,Botswana,1,1,7,15,7,0,0,0,0,0,7.0,46.67,0,0,0,0,0.0,,0,0
,f3e65a4b,E Ndubudem,male,Nigeria,7,4,7,11,4,2,0,0,0,0,3.5,63.64,7,138,7,123,5.35,17.57,2,0
,cefe0886,E Schiferli,male,Netherlands,4,2,7,13,5,1,0,0,0,0,7.0,53.85,4,90,2,113,7.53,56.5,1,0
,d18b7f34,Fazil Rahman,male,Malta,6,5,7,15,6,2,1,0,0,0,2.33,46.67,6,131,13,158,7.24,12.15,4,0
,faff7eac,G Kuthalingham,male,Turks and Caicos Island,2,2,7,12,5,1,0,0,0,0,7.0,58.33,2,36,1,33,5.5,33.0,1,0
,58ccba69,Gaurav Maithani,male,Malta,1,1,7,7,7,0,1,0,0,0,7.0,100.0,0,0,0,0,0.0,,0,0
,cc3ebe28,Haroon Shahid,male,Kuwait,1,1,7,3,7,0,0,1,0,0,7.0,233.33,1,18,0,31,10.33,,0,0
,024a173d,J Nyumbu,male,Zimbabwe,2,2,7,11,6,2,1,0,0,0,,63.64,2,36,0,76,12.67,,0,0
,068c47d2,JJ Davidson,male,Scotland,6,2,7,10,4,2,0,0,0,0,,70.0,6,126,9,168,8.0,18.67,3,0
,44321a66,JN Snape,male,England,1,1,7,11,7,0,0,0,0,0,7.0,63.64,1,6,0,12,12.0,,0,0
,4933f499,JP Behrendorff,male,Australia,16,2,7,9,5,1,0,0,0,0,7.0,77.78,16,318,18,443,8.36,24.61,4,0
,fbaa61d2,KO Otieno,male,Kenya,1,1,7,10,7,0,0,0,0,0,7.0,70.0,0,0,0,0,0.0,,0,0
,c6c117f3,Lee Hyosin,male,South Korea,2,2,7,14,7,1,0,0,0,0,7.0,50.0,0,0,0,0,0.0,,0,0
,8a22e5f0,M Badenhorst,male,Botswana,5,3,7,19,4,1,0,0,0,0,3.5,36.84,5,66,5,99,9.0,19.8,4,0
,253bc9d8,M Ibrahim,male,Ivory Coast,7,7,7,57,4,1,0,0,0,0,1.17,12.28,0,0,0,0,0.0,,0,0
,40f1590c,M Yambayamba,male,Zambia,4,4,7,13,3,3,0,0,0,0,7.0,53.85,0,0,0,0,0.0,,0,0
,8305580c,MA Carberry,male,England,1,1,7,7,7,0,1,0,0,0,7.0,100.0,0,0,0,0,0.0,,0,0
,7b953689,MP Kuhnemann,male,Australia,8,3,7,13,5,0,0,0,0,0,2.33,53.85,8,162,3,220,8.15,73.33,1,0
,856cbb1e,Mohammed Nadeem,male,Qatar,24,7,7,12,4,5,1,0,0,0,3.5,58.33,24,516,25,548,6.37,21.92,4,0
,8cf9814c,Mohammed Shami,male,India,24,3,7,10,7,1,0,1,0,0,3.5,70.0,24,486,24,729,9.0,30.38,3,0
,02d0c9ae,Muhammad Asjed,male,Spain,1,1,7,7,7,0,1,0,0,0,7.0,100.0,0,0,0,0,0.0,,0,0
,460fc0ba,Muhammad Salman,male,Bahrain,16,3,7,12,6,1,1,0,0,0,3.5,58.33,16,318,16,335,6.32,20.94,3,0
,a830c083,ND McKenzie,male,South Africa,1,1,7,8,7,1,0,0,0,0,,87.5,0,0,0,0,0.0,,0,0
,c449944c,P Karoho,male,Papua New Guinea,1,1,7,10,7,0,1,0,0,0,7.0,70.0,0,0,0,0,0.0,,0,0
,e938e1bc,P Kumar,male,India,9,3,7,16,6,0,0,0,0,0,2.33,43.75,9,138,6,179,7.78,29.83,2,0
,a300e810,PRP Boissevain,male,Netherlands,6,2,7,14,7,0,0,0,0,0,3.5,50.0,6,138,6,198,8.61,33.0,2,0
,c1077ba3,Pratis GC,male,Nepal,10,5,7,11,6,3,0,0,0,0,3.5,63.64,10,204,8,275,8.09,34.38,3,0
,9ac1dc9f,Qadeer Ahmed,male,United Arab Emirates,9,4,7,10,5,3,1,0,0,0,7.0,70.0,9,168,7,235,8.39,33.57,2,0
,835aa08f,R Jones,male,Belize,2,1,7,9,7,0,0,0,0,0,7.0,77.78,1,12,0,19,9.5,,0,0
,5947220c,R Thapliyal,male,Belgium,11,3,7,18,5,1,0,0,0,0,3.5,38.89,11,252,18,277,6.6,15.39,4,0
,2f28dc94,RAS Lakmal,male,Sri Lanka,11,5,7,11,5,2,1,0,0,0,2.33,63.64,11,208,8,330,9.52,41.25,2,0
,cccdde80,RP Arnold,male,Sri Lanka,1,1,7,7,7,0,0,0,0,0,7.0,100.0,0,0,0,0,0.0,,0,0
,a43f5e2b,S Savkovic,male,Serbia,2,2,7,11,5,0,0,0,0,0,3.5,63.64,0,0,0,0,0.0,,0,0
,95382501,SN Swamy,male,Sweden,11,4,7,13,6,2,0,0,0,0,3.5,53.85,11,228,17,272,7.16,16.0,3,0
,6a63c29c,SVE Bharathi,male,Germany,34,6,7,16,4,2,0,0,0,0,1.75,43.75,34,695,43,582,5.02,13.53,4,0
,3847f098,Saqib Anwar,male,Eswatini,9,4,7,25,4,0,1,0,0,0,1.75,28.0,9,150,10,184,7.36,18.4,3,0
,2d4d282d,Shakkir Kassim,male,Qatar,1,1,7,8,7,0,1,0,0,0,7.0,87.5,0,0,0,0,0.0,,0,0
,2dcad6fa,Surinder Singh,male,Philippines,8,1,7,5,7,1,1,0,0,0,,140.0,8,120,7,171,8.55,24.43,3,0
,b743f01b,Syed Rasel,male,Bangladesh,8,2,7,9,6,0,1,0,0,0,3.5,77.78,8,174,4,202,6.97,50.5,1,0
,4c4d245a,T Zotos,male,Greece,5,4,7,9,6,1,1,0,0,0,2.33,77.78,2,24,2,25,6.25,12.5,2,0
,82340b9d,TJ Stephenson,male,Belize,2,1,7,5,7,1,1,0,0,0,,140.0,2,24,2,28,7.0,14.0,2,0
,571f11e4,Tanveer Ahmed,male,Hong Kong,4,1,7,9,7,1,1,0,0,0,,77.78,4,57,2,85,8.95,42.5,2,0
,6dd8b88c,Usama Mir,male,Pakistan,5,4,7,7,5,1,1,0,0,0,2.33,100.0,5,120,5,175,8.75,35.0,2,0
,20494202,V Hristov,male,Bulgaria,2,2,7,11,5,0,0,0,0,0,3.5,63.64,0,0,0,0,0.0,,0,0
,e0c9637f,Zahoor Ahmad,male,Saudi Arabia,4,2,7,20,6,0,0,0,0,0,3.5,35.0,4,72,3,77,6.42,25.67,1,0
,8b3cf264,A Curavic,male,Croatia,4,4,6,22,3,0,0,0,0,0,1.5,27.27,1,6,1,11,11.0,11.0,1,0
,82903f3a,A Gulati,male,Bahamas,8,2,6,4,4,1,1,0,0,0,6.0,150.0,7,84,4,138,9.86,34.5,2,0
,59e1abef,A Gupta,male,Norway,5,3,6,8,3,2,0,0,0,0,6.0,75.0,5,72,3,102,8.5,34.0,2,0
,26f40d94,AS Kumaran,male,Slovenia,2,2,6,6,5,0,1,0,0,0,3.0,100.0,1,1,0,6,36.0,,0,0
,91cf746e,Absar Khan,male,Denmark,2,2,6,9,4,1,0,0,0,0,6.0,66.67,1,6,1,8,8.0,8.0,1,0
,598f5484,Adil Butt,male,Saudi Arabia,1,1,6,4,6,1,0,0,0,0,,150.0,1,18,1,26,8.67,26.0,1,0
,380c2700,Aritra Bhakat,male,Sweden,2,2,6,4,3,1,0,0,0,0,6.0,150.0,0,0,0,0,0.0,,0,0
,57cb4044,BC Sahin,male,Turkey,2,2,6,19,5,0,1,0,0,0,3.0,31.58,0,0,0,0,0.0,,0,0
,0dbe27b8,BD Glover,male,Netherlands,23,6,6,12,4,3,1,0,0,0,2.0,50.0,23,455,36,501,6.61,13.92,4,0
,f957f558,Baljinder Singh,male,Romania,1,1,6,7,6,0,1,0,0,0,6.0,85.71,1,18,1,29,9.67,29.0,1,0
,6e80042d,Basiru Jaye,male,Gambia,1,1,6,4,6,0,1,0,0,0,6.0,150.0,0,0,0,0,0.0,,0,0
,ae624b05,C Trott,male,Bermuda,6,5,6,14,3,3,0,0,0,0,3.0,42.86,1,24,0,18,4.5,,0,0
,3e722460,CR Foggo,male,Bermuda,1,1,6,11,6,0,1,0,0,0,6.0,54.55,0,0,0,0,0.0,,0,0
,b1a4226c,CV Ranasinghe,male,South Korea,6,3,6,12,4,1,0,0,0,0,3.0,50.0,6,78,3,104,8.0,34.67,1,0
,22bd731a,DG Brownlie,male,New Zealand,5,5,6,18,5,0,1,0,0,0,1.2,33.33,0,0,0,0,0.0,,0,0
,af4c15c5,DV Macome,male,Mozambique,7,3,6,10,6,2,1,0,0,0,6.0,60.0,6,108,7,131,7.28,18.71,3,0
,391d8a48,Dane Leo,male,St Helena,3,3,6,18,4,0,1,0,0,0,2.0,33.33,0,0,0,0,0.0,,0,0
,d24ad3e5,Danish Jasnaik,male,Bahrain,5,3,6,13,3,0,0,0,0,0,2.0,46.15,4,72,1,116,9.67,116.0,1,0
,1c366af1,E Batkhuyag,male,Mongolia,4,4,6,13,4,1,1,0,0,0,2.0,46.15,2,23,1,38,9.91,38.0,1,0
,3c13fc3b,E Frimpong,male,Ghana,4,2,6,4,6,1,1,0,0,0,6.0,150.0,4,60,4,31,3.1,7.75,3,0
,817c1746,Elias Sunny,male,Bangladesh,4,2,6,4,5,0,1,0,0,0,3.0,150.0,4,78,6,89,6.85,14.83,5,1
,6d440f4b,Faizan Mumtaz,male,Norway,3,3,6,15,4,0,0,0,0,0,2.0,40.0,0,0,0,0,0.0,,0,0
,63b156c1,IY Levy,male,Israel,4,2,6,12,3,2,0,0,0,0,,50.0,4,61,6,74,7.28,12.33,2,0
,42537f07,JA Rudolph,male,South Africa,1,1,6,7,6,1,0,0,0,0,,85.71,0,0,0,0,0.0,,0,0
,518cfb98,JD Alembe,male,Cameroon,4,4,6,13,6,1,1,0,0,0,2.0,46.15,0,0,0,0,0.0,,0,0
,f8dcfe4e,JK Mukhiya,male,Nepal,9,2,6,12,5,1,0,0,0,0,6.0,50.0,9,132,7,150,6.82,21.43,3,0
,74d12124,JP Greaves,male,West Indies,1,1,6,5,6,0,0,0,0,0,6.0,120.0,0,0,0,0,0.0,,0,0
,479da8f9,JW Chilia,male,Vanuatu,9,3,6,8,3,3,0,0,0,0,,75.0,8,170,3,175,6.18,58.33,1,0
,6b7f9d9d,John Bartlett,male,Chile,2,2,6,16,5,0,0,0,0,0,3.0,37.5,1,6,0,7,7.0,,0,0
,443d1fd8,K Fletcher,male,Switzerland,19,4,6,16,3,2,0,0,0,0,3.0,37.5,19,384,22,436,6.81,19.82,4,0
,089ebf89,K Juma,male,Tanzania,17,5,6,9,6,1,1,0,0,0,1.5,66.67,17,373,28,358,5.76,12.79,4,0
,ba3533fe,KK Hermann,male,Ivory Coast,3,3,6,18,4,1,1,0,0,0,3.0,33.33,0,0,0,0,0.0,,0,0
,9fbc7bc4,KO Meth,male,Zimbabwe,2,1,6,6,6,1,0,0,0,0,,100.0,2,42,0,64,9.14,,0,0
,9b95bb87,L Mcfadzean,male,Belize,1,1,6,2,6,1,0,1,0,0,,300.0,0,0,0,0,0.0,,0,0
,792805ee,M Abdulla,male,Malawi,5,2,6,13,4,0,0,0,0,0,3.0,46.15,4,87,3,88,6.07,29.33,2,0
,1e50426a,M Kristensen,male,Denmark,2,1,6,10,6,0,1,0,0,0,6.0,60.0,2,18,0,24,8.0,,0,0
,27aec396,M Stoman,male,Portugal,1,1,6,1,6,1,0,1,0,0,,600.0,1,15,1,16,6.4,16.0,1,0
,dad64776,MV Matsau,male,Lesotho,10,8,6,20,2,4,0,0,0,0,1.5,30.0,8,92,6,156,10.17,26.0,2,0
,801a92ee,Maiwand Momand,male,Austria,5,4,6,15,3,2,0,0,0,0,3.0,40.0,5,72,4,90,7.5,22.5,3,0
,66000a39,Md Shuayeb,male,Cambodia,5,3,6,31,5,1,0,0,0,0,3.0,19.35,4,36,4,50,8.33,12.5,2,0
,13501ff4,Mohamed Khan,male,Sierra Leone,5,3,6,6,6,1,1,0,0,0,3.0,100.0,4,36,3,37,6.17,12.33,2,0
,457e6a8e,Muhammed Basil,male,Bahrain,3,3,6,13,5,0,0,0,0,0,2.0,46.15,0,0,0,0,0.0,,0,0
,8ea6e670,NM Hauritz,male,Australia,2,2,6,10,4,0,1,0,0,0,3.0,60.0,2,44,2,47,6.41,23.5,1,0
,22b25a18,Noorullah Sidiqi,male,Belgium,1,1,6,1,6,1,0,1,0,0,,600.0,1,6,0,20,20.0,,0,0
,57427d9e,O Touray,male,Gambia,3,2,6,7,6,0,0,0,0,0,3.0,85.71,2,18,1,46,15.33,46.0,1,0
,004c9e85,PJ Hughes,male,Australia,1,1,6,8,6,0,1,0,0,0,6.0,75.0,0,0,0,0,0.0,,0,0
,b0ff13d6,PV Naringrekar,male,Costa Rica,6,5,6,16,4,1,0,0,0,0,1.5,37.5,2,13,0,16,7.38,,0,0
,5c2f10ed,Q Utmanzai,male,Austria,1,1,6,9,6,0,0,0,0,0,6.0,66.67,0,0,0,0,0.0,,0,0
,8399a7af,R Dhakal,male,Nepal,8,2,6,6,5,1,0,0,0,0,6.0,100.0,8,156,6,210,8.08,35.0,2,0
,5360c9be,R Mangal,male,France,17,7,6,15,2,2,0,0,0,0,1.2,40.0,17,247,17,341,8.28,20.06,3,0
,8f7a598f,RMS Eranga,male,Sri Lanka,3,1,6,7,6,0,1,0,0,0,6.0,85.71,3,66,3,90,8.18,30.0,2,0
,b708c4ad,S Draunivudi,male,Fiji,2,1,6,4,6,1,1,0,0,0,,150.0,2,30,0,52,10.4,,0,0
,11174f6d,S Gasteratos,male,Greece,3,2,6,12,4,0,1,0,0,0,3.0,50.0,3,53,5,51,5.77,10.2,2,0
,ed394ace,S Norman,male,Jersey,2,2,6,10,6,0,0,0,0,0,3.0,60.0,0,0,0,0,0.0,,0,0
,d4aa6a65,S Rengarajan,male,Czech Republic,1,1,6,12,6,1,0,0,0,0,,50.0,1,18,1,29,9.67,29.0,1,0
,809ab8d4,S Tarawally,male,Sierra Leone,6,2,6,11,4,1,0,0,0,0,6.0,54.55,6,114,1,118,6.21,118.0,1,0
,0730a707,SI Kamea,male,Papua New Guinea,18,7,6,16,2,4,0,0,0,0,2.0,37.5,18,374,20,463,7.43,23.15,3,0
,cec44e08,SM Sharma,male,United Arab Emirates,4,2,6,7,4,1,0,0,0,0,6.0,85.71,4,66,1,111,10.09,111.0,1,0
,4043e3b0,SPS Shikongo,male,Namibia,6,3,6,8,4,3,0,0,0,0,,75.0,6,72,4,77,6.42,19.25,1,0
,c9473a95,SRMJJ Arachchilage,male,Cyprus,3,2,6,12,6,1,0,0,0,0,6.0,50.0,3,30,0,33,6.6,,0,0
,576d6fdf,SS Shukla,male,Bahrain,7,2,6,10,3,1,0,0,0,0,6.0,60.0,7,114,7,97,5.11,13.86,3,0
,740d29d5,Sai Hla Htwe,male,Myanmar,5,2,6,10,3,2,0,0,0,0,,60.0,5,50,3,60,7.2,20.0,2,0
,0faa702f,Shiva Mani,male,Slovenia,3,1,6,7,6,1,0,0,0,0,,85.71,2,18,1,43,14.33,43.0,1,0
,08fda2e1,Shoaib Khan jnr,male,Pakistan,2,2,6,12,6,0,0,0,0,0,3.0,50.0,0,0,0,0,0.0,,0,0
,125853c3,T Kahamker,male,Israel,5,3,6,4,4,2,1,0,0,0,6.0,150.0,3,60,7,70,7.0,10.0,3,0
,3b417422,T Panyangara,male,Zimbabwe,13,4,6,10,4,3,1,0,0,0,6.0,60.0,13,279,17,366,7.87,21.53,4,0
,730025e8,T Ramautar,male,Suriname,4,4,6,23,2,1,0,0,0,0,2.0,26.09,0,0,0,0,0.0,,0,0
,6ea85c26,TA Khetsi,male,Lesotho,4,3,6,10,4,0,1,0,0,0,2.0,60.0,2,24,1,45,11.25,45.0,1,0
,84d0b84c,Tauqeer Hussain,male,Spain,4,2,6,10,3,1,0,0,0,0,6.0,60.0,4,51,4,50,5.88,12.5,2,0
,65a60be7,V Ateak,male,Ghana,10,2,6,15,5,1,0,0,0,0,6.0,40.0,10,201,11,206,6.15,18.73,2,0
,10885753,V Dhaniram,male,Cayman Islands,6,1,6,2,6,1,0,1,0,0,,300.0,6,132,6,91,4.14,15.17,2,0
,43247512,Vinay Iyer,male,Japan,1,1,6,10,6,0,1,0,0,0,6.0,60.0,0,0,0,0,0.0,,0,0
,d2ac882a,W Dlamini,male,Eswatini,2,2,6,12,4,0,0,0,0,0,3.0,50.0,0,0,0,0,0.0,,0,0
,b8cd9955,W Ngowhuad,male,Thailand,12,8,6,18,3,4,0,0,0,0,1.5,33.33,12,193,17,312,9.7,18.35,4,0
,57ee1fde,YS Chahal,male,India,79,6,6,12,3,4,0,0,0,0,3.0,50.0,79,1764,96,2409,8.19,25.09,6,1
,679302a1,Z McLaughlin,male,Cayman Islands,3,2,6,16,4,2,0,0,0,0,,37.5,3,43,2,54,7.53,27.0,2,0
,023c40b8,Zhao Tianle,male,China,6,6,6,28,4,0,0,0,0,0,1.0,21.43,2,24,1,55,13.75,55.0,1,0
,ba7b21fd,A Valthapa,male,United Arab Emirates,1,1,5,12,5,0,1,0,0,0,5.0,41.67,0,0,0,0,0.0,,0,0
,035cb925,AG Prince,male,South Africa,1,1,5,6,5,0,0,0,0,0,5.0,83.33,0,0,0,0,0.0,,0,0
,7f148ce7,AM McCarthy,male,West Indies,1,1,5,8,5,0,0,0,0,0,5.0,62.5,1,12,0,12,6.0,,0,0
,e0c5125f,AZ Shah,male,Fiji,2,2,5,17,4,1,0,0,0,0,5.0,29.41,2,30,1,52,10.4,52.0,1,0
,d0628ad5,Adnan Anwar,male,Malta,1,1,5,2,5,1,1,0,0,0,,250.0,0,0,0,0,0.0,,0,0
,b18d78f6,Ajhar Alam,male,Czech Republic,4,3,5,11,4,1,0,0,0,0,2.5,45.45,4,84,4,136,9.71,34.0,2,0
,4fde9ae6,Aminullah Tanha,male,Norway,4,4,5,20,4,0,1,0,0,0,1.25,25.0,0,0,0,0,0.0,,0,0
,65dadc70,Ankit Dubey,male,Sweden,2,1,5,3,5,1,0,0,0,0,,166.67,2,30,3,23,4.6,7.67,3,0
,740a5b6d,Arif Ullah,male,Malaysia,7,1,5,6,5,1,1,0,0,0,,83.33,7,153,9,199,7.8,22.11,4,0
,89b7e368,Asad Mohammad,male,Germany,7,1,5,5,5,0,1,0,0,0,5.0,100.0,7,108,2,132,7.33,66.0,2,0
,126c3f6f,Ashish Rana,male,Estonia,3,2,5,8,4,1,0,0,0,0,5.0,62.5,2,30,3,26,5.2,8.67,3,0
,6e397f37,Asif Javed,male,Bahrain,6,1,5,4,5,0,1,0,0,0,5.0,125.0,5,102,8,78,4.59,9.75,3,0
,cc550389,B Keganne,male,Botswana,4,2,5,8,4,1,0,0,0,0,5.0,62.5,4,60,3,78,7.8,26.0,2,0
,80de053e,B Siddharth,male,Oman,3,3,5,10,5,0,1,0,0,0,1.67,50.0,2,19,0,30,9.47,,0,0
,7ad1417c,B Vakatini,male,Cook Islands,3,3,5,9,5,0,0,0,0,0,1.67,55.56,0,0,0,0,0.0,,0,0
,ffafcfce,Bashir Ahmad,male,Switzerland,1,1,5,4,5,0,1,0,0,0,5.0,125.0,1,12,0,36,18.0,,0,0
,c821e504,Bipin Kumar,male,Qatar,8,2,5,12,3,0,0,0,0,0,2.5,41.67,8,162,3,231,8.56,77.0,1,0
,2cdce1be,C Sakariya,male,India,2,1,5,9,5,1,0,0,0,0,,55.56,1,22,1,34,9.27,34.0,1,0
,05e0fab5,CS Martin,male,New Zealand,6,1,5,6,5,1,0,0,0,0,,83.33,6,138,7,193,8.39,27.57,2,0
,3676b91f,D Kegasitswe,male,Botswana,3,2,5,11,4,2,0,0,0,0,,45.45,3,72,2,156,13.0,78.0,1,0
,462d7c62,D Paterson,male,South Africa,8,2,5,2,4,1,1,0,0,0,5.0,250.0,8,179,9,265,8.88,29.44,4,0
,fa83d1b6,D Svilicic,male,Croatia,5,4,5,15,4,2,0,0,0,0,2.5,33.33,4,66,1,141,12.82,141.0,1,0
,e613c509,DL Richards,male,St Helena,2,2,5,5,4,1,1,0,0,0,5.0,100.0,0,0,0,0,0.0,,0,0
,43936951,DR Tuffey,male,New Zealand,3,2,5,5,5,1,1,0,0,0,5.0,100.0,3,60,3,93,9.3,31.0,2,0
,6a11facf,Dhananjay Rao,male,Hong Kong,8,3,5,8,5,0,0,0,0,0,1.67,62.5,8,132,7,155,7.05,22.14,4,0
,5750bcb4,E Malinga,male,Sri Lanka,11,4,5,10,3,3,0,0,0,0,5.0,50.0,11,203,9,312,9.22,34.67,2,0
,88d574fd,EDS Pimheiro,male,Timor-Leste,6,6,5,31,2,2,0,0,0,0,1.25,16.13,0,0,0,0,0.0,,0,0
,af16cd9e,G Riley,male,Gambia,3,3,5,22,3,0,0,0,0,0,1.67,22.73,0,0,0,0,0.0,,0,0
,ee7d0c82,GD McGrath,male,Australia,2,1,5,12,5,0,0,0,0,0,5.0,41.67,2,48,5,79,9.88,15.8,3,0
,bf06337d,Greg Scott,male,Belize,1,1,5,14,5,0,0,0,0,0,5.0,35.71,0,0,0,0,0.0,,0,0
,8787dd53,Husnain Kabeer,male,Germany,1,1,5,6,5,0,0,0,0,0,5.0,83.33,0,0,0,0,0.0,,0,0
,b68a30f0,IG Butler,male,New Zealand,18,5,5,10,2,4,0,0,0,0,5.0,50.0,18,358,23,481,8.06,20.91,3,0
,e01d2dae,Ikbal Hossain,male,France,3,1,5,3,5,1,1,0,0,0,,166.67,3,60,3,53,5.3,17.67,3,0
,caa18d8b,Ismail Sardar,male,Thailand,2,2,5,16,3,0,0,0,0,0,2.5,31.25,0,0,0,0,0.0,,0,0
,af4a9a0a,J Blades,male,West Indies,6,3,5,13,3,3,0,0,0,0,,38.46,6,119,6,178,8.97,29.67,3,0
,23f94c02,J Drysdale,male,United States of America,11,3,5,5,4,2,1,0,0,0,5.0,100.0,11,198,11,295,8.94,26.82,3,0
,f787e0eb,J Edwards,male,Australia,1,1,5,6,5,0,0,0,0,0,5.0,83.33,1,12,0,25,12.5,,0,0
,01b0d0a4,J Proctor,male,Bermuda,12,3,5,18,5,1,0,0,0,0,2.5,27.78,12,209,10,216,6.2,21.6,2,0
,1e78c51c,J Sebanja,male,Uganda,8,4,5,8,2,1,0,0,0,0,1.67,62.5,8,162,11,201,7.44,18.27,3,0
,f752db61,JL Pattinson,male,Australia,4,1,5,3,5,1,1,0,0,0,,166.67,4,78,3,104,8.0,34.67,2,0
,b30bfd44,JP Cabrera,male,Argentina,5,1,5,5,5,1,1,0,0,0,,100.0,5,78,3,74,5.69,24.67,2,0
,c4ecc42c,Joshua Asia,male,Nigeria,23,7,5,18,2,2,0,0,0,0,1.0,27.78,23,426,30,335,4.72,11.17,4,0
,279d1dc1,Kalyan Manne,male,Mexico,1,1,5,3,5,0,1,0,0,0,5.0,166.67,0,0,0,0,0.0,,0,0
,b3ba0c35,Kamal Raiz,male,Cyprus,3,1,5,10,5,0,0,0,0,0,5.0,50.0,3,60,4,45,4.5,11.25,2,0
,c7cf22bf,Khawar Zafar,male,Saudi Arabia,1,1,5,3,5,0,1,0,0,0,5.0,166.67,0,0,0,0,0.0,,0,0
,82af7861,LP Kasturiarachchige,male,Austria,3,1,5,3,5,1,1,0,0,0,,166.67,3,60,3,79,7.9,26.33,2,0
,02b87bde,LW Potthoff,male,Croatia,2,1,5,9,5,1,0,0,0,0,,55.56,2,30,4,33,6.6,8.25,3,0
,c251b048,Luo Shilin,male,China,11,7,5,34,3,3,0,0,0,0,1.25,14.71,8,150,2,231,9.24,115.5,1,0
,681af475,M Ansari,male,Oman,6,3,5,8,3,3,0,0,0,0,,62.5,6,138,6,196,8.52,32.67,3,0
,00029c30,M Mwamadi,male,Malawi,5,3,5,9,3,3,0,0,0,0,,55.56,4,62,3,76,7.35,25.33,2,0
,78091b14,M Sidibe,male,Mali,3,3,5,21,5,0,1,0,0,0,1.67,23.81,0,0,0,0,0.0,,0,0
,aa4154ad,MD Garratt,male,Gibraltar,3,2,5,18,4,0,0,0,0,0,2.5,27.78,3,47,2,63,8.04,31.5,1,0
,6005fe89,MH Oman,male,Slovenia,3,3,5,21,2,1,0,0,0,0,2.5,23.81,0,0,0,0,0.0,,0,0
,8a686d30,MS Atapattu,male,Sri Lanka,1,1,5,8,5,0,0,0,0,0,5.0,62.5,0,0,0,0,0.0,,0,0
,19708692,MW Parkinson,male,England,6,4,5,11,5,0,1,0,0,0,1.25,45.45,6,120,7,198,9.9,28.29,4,0
,91cc319d,Ma Qiancheng,male,China,11,8,5,48,2,2,0,0,0,0,0.83,10.42,10,185,6,251,8.14,41.83,2,0
,4b51bd51,Mahmudul Hasan Joy,male,Bangladesh,1,1,5,10,5,0,0,0,0,0,5.0,50.0,1,2,0,5,15.0,,0,0
,d09615c8,Mansoor Shah,male,Norway,8,3,5,7,2,1,0,0,0,0,2.5,71.43,8,143,10,216,9.06,21.6,3,0
,3ff0707e,Miguel Silva,male,Brazil,2,2,5,5,5,1,0,0,0,0,5.0,100.0,0,0,0,0,0.0,,0,0
,9eea360c,Mohammad Salman,male,Pakistan,1,1,5,6,5,0,0,0,0,0,5.0,83.33,0,0,0,0,0.0,,0,0
,09c766ec,Mohsin Zaki,male,Bahrain,5,2,5,8,4,2,0,0,0,0,,62.5,5,60,3,79,7.9,26.33,1,0
,0f6ffe16,Mokbul Ahammed,male,Qatar,2,1,5,16,5,0,0,0,0,0,5.0,31.25,2,24,0,24,6.0,,0,0
,f094e3b8,Muhammad Saqlain,male,Hungary,23,7,5,17,4,2,1,0,0,0,1.0,29.41,23,433,30,602,8.34,20.07,5,2
,2cffab74,Mukesh Kumar,male,India,14,3,5,5,4,2,1,0,0,0,5.0,100.0,14,264,18,389,8.84,21.61,4,0
,e901d179,Musa Khan Ahmadzai,male,Switzerland,9,4,5,12,2,3,0,0,0,0,5.0,41.67,8,165,13,217,7.89,16.69,3,0
,dd468277,N M'shangwe,male,Zimbabwe,5,2,5,4,5,1,1,0,0,0,5.0,125.0,5,96,4,142,8.88,35.5,2,0
,9d280648,NB Budayair,male,Nepal,2,2,5,16,5,0,0,0,0,0,2.5,31.25,0,0,0,0,0.0,,0,0
,a3d600fe,Norman Sankar,male,Israel,2,2,5,12,4,0,1,0,0,0,2.5,41.67,0,0,0,0,0.0,,0,0
,6d99dc44,Nouman Butt,male,Norway,1,1,5,10,5,0,1,0,0,0,5.0,50.0,0,0,0,0,0.0,,0,0
,4a0a532f,O Isiyaku,male,Nigeria,8,2,5,14,4,2,0,0,0,0,,35.71,8,154,10,165,6.43,16.5,3,0
,bc0083f7,P Abhijit,male,Seychelles,2,2,5,9,5,0,1,0,0,0,2.5,55.56,0,0,0,0,0.0,,0,0
,0daf3ffc,P Bhart,male,Norway,9,4,5,25,2,2,0,0,0,0,2.5,20.0,9,180,7,176,5.87,25.14,2,0
,d3016d75,P Taylor,male,Czech Republic,4,1,5,7,5,0,0,0,0,0,5.0,71.43,4,84,6,113,8.07,18.83,2,0
,9170ff49,Parvez Rasool,male,India,1,1,5,6,5,0,0,0,0,0,5.0,83.33,1,24,1,32,8.0,32.0,1,0
,fabbb9e0,R Johnson,male,Turks and Caicos Island,2,2,5,10,5,0,1,0,0,0,2.5,50.0,2,18,2,34,11.33,17.0,2,0
,5f789ff9,R Mbaiwa,male,Botswana,2,2,5,14,3,0,0,0,0,0,2.5,35.71,0,0,0,0,0.0,,0,0
,543b4a1f,R Telemachus,male,South Africa,2,1,5,3,5,1,0,0,0,0,,166.67,2,48,1,68,8.5,68.0,1,0
,2ed569a0,RD Chahar,male,India,6,1,5,5,5,0,1,0,0,0,5.0,100.0,6,132,7,167,7.59,23.86,3,0
,9dca07d7,RJ Sidebottom,male,England,18,1,5,4,5,1,1,0,0,0,,125.0,18,367,23,437,7.14,19.0,3,0
,7ee25c46,Raja Adeel,male,Spain,29,5,5,13,2,2,0,0,0,0,1.67,38.46,29,588,35,570,5.82,16.29,3,0
,7f46e127,Rohan Bhavesh Patel,male,Bulgaria,5,2,5,8,3,2,0,0,0,0,,62.5,4,66,4,81,7.36,20.25,2,0
,268ec1d6,S Bogdos,male,Greece,3,3,5,21,2,0,0,0,0,0,1.67,23.81,0,0,0,0,0.0,,0,0
,123e663a,S Dhaniram,male,Canada,2,2,5,8,4,0,0,0,0,0,2.5,62.5,2,36,1,31,5.17,31.0,1,0
,5c86b6ac,S Elayaperumal,male,Mexico,4,4,5,21,3,0,0,0,0,0,1.25,23.81,1,6,0,11,11.0,,0,0
,0e3552e2,S Franklin,male,Switzerland,2,1,5,6,5,0,0,0,0,0,5.0,83.33,2,24,0,37,9.25,,0,0
,d2d881de,S Waqabaca,male,Fiji,4,3,5,20,2,3,0,0,0,0,,25.0,2,24,2,26,6.5,13.0,2,0
,84c5c2f2,SK Gedara,male,Sweden,3,1,5,5,5,1,0,0,0,0,,100.0,3,43,3,68,9.49,22.67,2,0
,c5d00347,Sadat Said,male,Hungary,3,1,5,2,5,1,1,0,0,0,,250.0,3,58,4,86,8.9,21.5,2,0
,04628837,Sagor Hossain,male,Czech Republic,2,2,5,12,4,0,0,0,0,0,2.5,41.67,0,0,0,0,0.0,,0,0
,afb1e61d,Saurabh Kumar,male,South Korea,4,4,5,26,2,0,0,0,0,0,1.25,19.23,4,42,1,82,11.71,82.0,1,0
,090f9211,Shahadat Hossain,male,Bangladesh,5,3,5,8,4,1,0,0,0,0,2.5,62.5,5,96,2,176,11.0,88.0,1,0
,344292b2,Sivakumar,male,Cambodia,2,2,5,10,3,2,0,0,0,0,,50.0,0,0,0,0,0.0,,0,0
,12678cc7,T Cross,male,Estonia,1,1,5,10,5,0,0,0,0,0,5.0,50.0,1,12,0,9,4.5,,0,0
,45a62071,T Hinds,male,West Indies,2,1,5,3,5,1,1,0,0,0,,166.67,2,26,1,54,12.46,54.0,1,0
,ae19375d,T Sumiya,male,Mongolia,4,4,5,25,4,2,0,0,0,0,2.5,20.0,0,0,0,0,0.0,,0,0
,ad76746f,TCR Kimber,male,Guernsey,3,3,5,13,2,0,0,0,0,0,1.67,38.46,0,0,0,0,0.0,,0,0
,9d6cba1d,TJ Ramphoma,male,Lesotho,2,2,5,8,5,0,0,0,0,0,2.5,62.5,1,4,1,0,0.0,0.0,1,0
,44a2bb4f,U Bhagwan,male,Canada,4,2,5,4,4,1,1,0,0,0,5.0,125.0,4,72,2,119,9.92,59.5,1,0
,81c08fa3,Umran Malik,male,India,8,2,5,2,4,2,1,0,0,0,,250.0,8,139,11,243,10.49,22.09,3,0
,70e1b3a8,VRB Arachchige,male,Malta,4,1,5,3,5,1,1,0,0,0,,166.67,4,54,2,83,9.22,41.5,1,0
,35f622e6,YJC Altamirano,male,Costa Rica,5,5,5,20,3,1,0,0,0,0,1.25,25.0,1,6,0,16,16.0,,0,0
,1d45c01a,A Andrews,male,Switzerland,4,1,4,6,4,0,1,0,0,0,4.0,66.67,3,60,4,61,6.1,15.25,3,0
,357f5314,A Karn,male,Nepal,1,1,4,7,4,0,0,0,0,0,4.0,57.14,1,24,1,31,7.75,31.0,1,0
,bf09f51d,ADL Stokoe,male,Isle of Man,4,1,4,9,4,0,0,0,0,0,4.0,44.44,4,72,3,67,5.58,22.33,2,0
,d95070e3,AK Ahir,male,Panama,2,1,4,5,4,0,0,0,0,0,4.0,80.0,1,12,1,16,8.0,16.0,1,0
,abb7c76c,Abrar Ahmed,male,Pakistan,36,5,4,12,2,3,0,0,0,0,2.0,33.33,36,788,50,886,6.75,17.72,4,0
,f6c411db,Adnan Tahir,male,Spain,1,1,4,5,4,0,0,0,0,0,4.0,80.0,0,0,0,0,0.0,,0,0
,e214be36,Alfredo Puentes,male,Chile,2,1,4,14,4,1,0,0,0,0,,28.57,1,2,0,6,18.0,,0,0
,b9b194d6,Altaf Gill,male,South Korea,3,2,4,18,3,0,0,0,0,0,2.0,22.22,3,42,2,58,8.29,29.0,1,0
,a21dfb66,Arif Hosen,male,Timor-Leste,6,6,4,29,2,0,0,0,0,0,0.67,13.79,0,0,0,0,0.0,,0,0
,09ecc596,Aue Oru,male,Papua New Guinea,6,1,4,11,4,0,0,0,0,0,4.0,36.36,6,102,10,88,5.18,8.8,4,0
,740a5494,B Leo,male,St Helena,6,3,4,11,4,2,0,0,0,0,4.0,36.36,5,94,5,129,8.23,25.8,2,0
,6a986c7c,Bhumeshswar Jagroo,male,Bahamas,2,2,4,8,4,1,1,0,0,0,4.0,50.0,1,12,0,17,8.5,,0,0
,32a85e70,C Tchale,male,Malawi,11,4,4,9,4,0,1,0,0,0,1.0,44.44,10,174,6,252,8.69,42.0,2,0
,51a60c16,CJ Boyce,male,Australia,7,2,4,7,3,1,0,0,0,0,4.0,57.14,7,138,8,152,6.61,19.0,2,0
,d1c94b25,CK Langeveldt,male,South Africa,8,3,4,8,2,2,0,0,0,0,4.0,50.0,8,174,14,229,7.9,16.36,4,0
,8a3756a0,CR Suryawanshi,male,Singapore,2,2,4,5,4,0,0,0,0,0,2.0,80.0,1,12,1,13,6.5,13.0,1,0
,b8396e67,Cihan Altun,male,Turkey,1,1,4,2,4,0,1,0,0,0,4.0,200.0,0,0,0,0,0.0,,0,0
,8c911414,D Faletar,male,Croatia,3,3,4,15,4,1,1,0,0,0,2.0,26.67,0,0,0,0,0.0,,0,0
,61da7440,D Mullen,male,Guernsey,6,2,4,5,3,1,0,0,0,0,4.0,80.0,6,123,5,146,7.12,29.2,2,0
,5d36377e,D Simpson,male,Cook Islands,1,1,4,5,4,0,0,0,0,0,4.0,80.0,0,0,0,0,0.0,,0,0
,526fe472,DE Martel,male,Guernsey,4,2,4,8,3,1,0,0,0,0,4.0,50.0,4,74,2,67,5.43,33.5,1,0
,957819df,DK Dahani,male,Iran,1,1,4,3,4,0,1,0,0,0,4.0,133.33,0,0,0,0,0.0,,0,0
,3bea1983,DT Doram,male,Netherlands,14,3,4,6,2,3,0,0,0,0,,66.67,14,294,14,369,7.53,26.36,3,0
,5a4987e1,Du Jianyao,male,China,2,2,4,12,3,0,0,0,0,0,2.0,33.33,0,0,0,0,0.0,,0,0
,da738783,FN Walsh,male,Philippines,3,2,4,7,3,1,0,0,0,0,4.0,57.14,2,48,5,85,10.62,17.0,3,0
,927694f7,Farhan Ahmed,male,United Arab Emirates,2,1,4,8,4,0,0,0,0,0,4.0,50.0,2,30,1,38,7.6,38.0,1,0
,b67bfaae,GE Mathurin,male,West Indies,3,2,4,5,3,2,0,0,0,0,,80.0,3,60,4,65,6.5,16.25,3,0
,5ac8f17b,GJ Batty,male,England,1,1,4,7,4,0,0,0,0,0,4.0,57.14,1,18,0,17,5.67,,0,0
,dba7b529,Gaba Frank,male,Papua New Guinea,2,1,4,8,4,0,0,0,0,0,4.0,50.0,2,12,1,22,11.0,22.0,1,0
,87046e99,Gagandeep Singh,male,Ghana,2,2,4,6,3,2,0,0,0,0,,66.67,2,24,0,29,7.25,,0,0
,08deefa3,Guillermo Aburto,male,Chile,2,2,4,10,4,0,1,0,0,0,2.0,40.0,2,24,1,28,7.0,28.0,1,0
,e6bf8162,H Klazinge,male,Namibia,8,5,4,8,2,3,0,0,0,0,2.0,50.0,7,108,10,127,7.06,12.7,4,0
,d617f2bf,Hardeep Singh,male,Cyprus,4,1,4,1,4,1,1,0,0,0,,400.0,4,77,2,116,9.04,58.0,1,0
,27320242,IW Budiarta,male,Indonesia,4,3,4,5,4,1,1,0,0,0,2.0,80.0,3,54,2,53,5.89,26.5,1,0
,0226b73a,Imran Haider,male,United Arab Emirates,9,2,4,8,4,2,0,0,0,0,,50.0,9,144,5,201,8.38,40.2,1,0
,92593de0,J Chaturanga,male,Bahrain,2,2,4,7,4,0,0,0,0,0,2.0,57.14,0,0,0,0,0.0,,0,0
,0ab42b8d,J Kemp,male,Jersey,2,2,4,7,3,0,0,0,0,0,2.0,57.14,0,0,0,0,0.0,,0,0
,191ee2f2,J Khadka,male,Romania,17,4,4,10,2,3,0,0,0,0,4.0,40.0,17,330,15,472,8.58,31.47,3,0
,0e4de7de,J Kunnanchirakkal,male,Malta,4,4,4,6,2,2,0,0,0,0,2.0,66.67,0,0,0,0,0.0,,0,0
,732c9016,JE Scott,male,Bahamas,4,2,4,7,4,0,0,0,0,0,2.0,57.14,3,54,2,57,6.33,28.5,2,0
,d43f2b7a,JF Bangura,male,Sierra Leone,1,1,4,10,4,0,0,0,0,0,4.0,40.0,1,6,0,12,12.0,,0,0
,52f08be8,JM Muirhead,male,Australia,5,2,4,8,3,1,0,0,0,0,4.0,50.0,5,90,6,109,7.27,18.17,2,0
,ded9ff1e,JNT Seales,male,West Indies,8,2,4,4,4,1,1,0,0,0,4.0,100.0,8,156,6,281,10.81,46.83,3,0
,bb9b51f4,JOA Gordon,male,Canada,16,3,4,8,2,2,0,0,0,0,4.0,50.0,16,326,20,407,7.49,20.35,3,0
,e29f78ec,K Moses,male,Belize,2,2,4,6,2,1,0,0,0,0,4.0,66.67,1,6,0,17,17.0,,0,0
,af42d9f2,K Thuchila,male,Malawi,25,8,4,13,2,3,0,0,0,0,0.8,30.77,24,507,28,481,5.69,17.18,6,1
,d22287a8,KA Bazil,male,Cayman Islands,7,3,4,12,2,0,0,0,0,0,1.33,33.33,7,143,5,210,8.81,42.0,2,0
,78ec6ff1,KDACK Gunarathne,male,Cambodia,3,3,4,18,3,1,0,0,0,0,2.0,22.22,0,0,0,0,0.0,,0,0
,e1bd3e2e,Kaung Htet Kyaw,male,Myanmar,6,2,4,10,2,0,0,0,0,0,2.0,40.0,6,78,2,104,8.0,52.0,1,0
,9bf987fc,Kaung Ko Ko,male,Myanmar,2,2,4,6,3,1,0,0,0,0,4.0,66.67,0,0,0,0,0.0,,0,0
,df6534ac,Khalander Mustafa,male,Saudi Arabia,2,1,4,1,4,1,1,0,0,0,,400.0,2,42,4,54,7.71,13.5,3,0
,083ffc5d,Komang Putra,male,Indonesia,2,1,4,6,4,1,0,0,0,0,,66.67,2,12,0,21,10.5,,0,0
,c391d077,L Nyarko,male,Ghana,9,3,4,6,4,1,1,0,0,0,2.0,66.67,8,148,9,99,4.01,11.0,3,0
,65b6943c,L Wood,male,England,16,2,4,5,3,1,0,0,0,0,4.0,80.0,16,306,19,462,9.06,24.32,3,0
,f80bd415,LKW Ezechiel,male,Ivory Coast,4,4,4,25,4,1,0,0,0,0,1.33,16.0,3,54,0,113,12.56,,0,0
,249fe400,Lemar Momand,male,Sweden,6,3,4,10,2,2,0,0,0,0,4.0,40.0,6,78,1,77,5.92,77.0,1,0
,a6e5e144,Lovedeep Singh,male,Cyprus,11,4,4,9,2,1,0,0,0,0,1.33,44.44,11,198,10,242,7.33,24.2,2,0
,0ac91300,M Fumba,male,Botswana,1,1,4,10,4,0,0,0,0,0,4.0,40.0,1,12,0,22,11.0,,0,0
,e5b16284,M Manivannan,male,Cayman Islands,1,1,4,7,4,1,1,0,0,0,,57.14,1,18,0,31,10.33,,0,0
,34712b35,M Musinguzi,male,Uganda,7,1,4,4,4,1,0,0,0,0,,100.0,7,101,5,108,6.42,21.6,2,0
,842b7388,MR Dorgan,male,Serbia,1,1,4,9,4,0,0,0,0,0,4.0,44.44,1,6,1,13,13.0,13.0,1,0
,a8e3170f,Mohammad Irfan,male,Pakistan,22,3,4,8,2,3,0,0,0,0,,50.0,22,453,16,562,7.44,35.12,2,0
,eb7af112,Mohammad Tauqir,male,United Arab Emirates,2,2,4,6,4,1,1,0,0,0,4.0,66.67,2,30,0,35,7.0,,0,0
,21b97584,Mrittunjoy Chowdhury,male,Bangladesh,1,1,4,11,4,0,0,0,0,0,4.0,36.36,1,6,0,14,14.0,,0,0
,b67af1c4,Muhammad Jabir,male,Qatar,25,7,4,21,4,4,0,0,0,0,1.33,19.05,25,469,25,688,8.8,27.52,3,0
,9103ecdb,Muhammad Rohid,male,United Arab Emirates,14,2,4,3,2,1,0,0,0,0,4.0,133.33,14,276,15,380,8.26,25.33,3,0
,a00a53dd,Munthir Al Balushi,male,Oman,1,1,4,9,4,0,0,0,0,0,4.0,44.44,0,0,0,0,0.0,,0,0
,e4f6147b,N Advani,male,Gibraltar,6,4,4,13,2,1,0,0,0,0,1.33,30.77,5,62,5,74,7.16,14.8,4,0
,495ded1c,N Katechis,male,Greece,2,2,4,17,3,1,0,0,0,0,4.0,23.53,0,0,0,0,0.0,,0,0
,ee1b6c27,N Thushara,male,Sri Lanka,27,8,4,24,2,7,0,0,0,0,4.0,16.67,27,533,28,732,8.24,26.14,5,1
,c7bdb5b5,NJ Reardon,male,Australia,1,1,4,8,4,0,0,0,0,0,4.0,50.0,0,0,0,0,0.0,,0,0
,96a6a7ad,NM Lyon,male,Australia,2,1,4,4,4,1,0,0,0,0,,100.0,2,30,1,48,9.6,48.0,1,0
,43420e97,Naiem Bameri,male,Iran,1,1,4,14,4,0,0,0,0,0,4.0,28.57,1,18,1,14,4.67,14.0,1,0
,43e2e8c3,Neeraj Mishra,male,Czech Republic,7,3,4,9,4,1,1,0,0,0,2.0,44.44,7,114,2,189,9.95,94.5,1,0
,fccf5309,PA Desai,male,Canada,1,1,4,7,4,1,0,0,0,0,,57.14,1,18,1,30,10.0,30.0,1,0
,1efd12d1,PR Brown,male,England,4,1,4,9,4,1,0,0,0,0,,44.44,4,78,3,128,9.85,42.67,1,0
,babc65d3,Parveen Kumar,male,Finland,4,3,4,19,3,1,0,0,0,0,2.0,21.05,4,66,2,77,7.0,38.5,1,0
,f2c0c73d,R Parkin,male,Estonia,4,2,4,4,4,0,1,0,0,0,2.0,100.0,4,66,2,92,8.36,46.0,2,0
,28442755,RJ Ramjiawan,male,Suriname,1,1,4,8,4,0,0,0,0,0,4.0,50.0,0,0,0,0,0.0,,0,0
,74d63a44,Rizwan Mangera,male,Panama,3,3,4,22,2,0,0,0,0,0,1.33,18.18,0,0,0,0,0.0,,0,0
,7f87204d,SP Terry,male,Ireland,1,1,4,6,4,0,0,0,0,0,4.0,66.67,0,0,0,0,0.0,,0,0
,39e6bad7,Saqib Naveed,male,Estonia,3,1,4,14,4,1,0,0,0,0,,28.57,3,30,0,85,17.0,,0,0
,5e0bb751,Shagharai Sefat,male,Belgium,5,2,4,10,4,0,0,0,0,0,2.0,40.0,5,120,9,131,6.55,14.56,3,0
,e2b86f12,Shan Siddiqui,male,Gambia,2,1,4,3,4,0,1,0,0,0,4.0,133.33,2,24,0,31,7.75,,0,0
,5941e35c,Simba Mbaki,male,Tanzania,1,1,4,7,4,0,0,0,0,0,4.0,57.14,0,0,0,0,0.0,,0,0
,1ee9a0f6,Syed Ali Gillani,male,Sweden,3,2,4,3,3,2,0,0,0,0,,133.33,3,54,3,78,8.67,26.0,1,0
,e3f53051,T Makaya,male,Malawi,4,3,4,6,4,1,1,0,0,0,2.0,66.67,3,54,2,53,5.89,26.5,1,0
,b2ae53f5,T Thushara,male,Sri Lanka,5,2,4,8,3,0,0,0,0,0,2.0,50.0,5,114,6,160,8.42,26.67,2,0
,383dd431,TD Astle,male,New Zealand,5,2,4,10,3,0,0,0,0,0,2.0,40.0,5,78,7,116,8.92,16.57,4,0
,3a82673c,V Mitari,male,Rwanda,12,5,4,11,2,2,0,0,0,0,1.33,36.36,12,198,12,218,6.61,18.17,3,0
,6d1db278,V Nagpaul,male,Singapore,5,2,4,6,2,1,0,0,0,0,4.0,66.67,5,102,5,104,6.12,20.8,2,0
,55a73018,Waqar Ali,male,Cyprus,17,3,4,6,2,2,0,0,0,0,4.0,66.67,17,384,33,338,5.28,10.24,4,0
,a6de4c41,Zikria Islam,male,Oman,4,4,4,15,4,2,0,0,0,0,2.0,26.67,2,24,1,27,6.75,27.0,1,0
,e7e14ecc,A Chenthamara,male,Kuwait,10,2,3,12,3,2,0,0,0,0,,25.0,10,184,14,218,7.11,15.57,3,0
,8d4a236d,AD Fofana,male,Mali,3,3,3,18,2,0,0,0,0,0,1.0,16.67,0,0,0,0,0.0,,0,0
,26534b48,AM Guruge,male,United Arab Emirates,5,3,3,8,1,2,0,0,0,0,3.0,37.5,5,96,5,125,7.81,25.0,2,0
,deb4469d,AT Chuvale,male,Mozambique,1,1,3,8,3,1,0,0,0,0,,37.5,0,0,0,0,0.0,,0,0
,94ed8d37,Aftab Ahmed,male,Denmark,2,1,3,11,3,0,0,0,0,0,3.0,27.27,1,18,0,18,6.0,,0,0
,8a06bb55,Ahmad Ullah,male,Germany,5,2,3,7,2,2,0,0,0,0,,42.86,5,108,8,117,6.5,14.62,3,0
,99033245,Aliya Kamara,male,Sierra Leone,2,1,3,3,3,0,0,0,0,0,3.0,100.0,2,18,2,46,15.33,23.0,2,0
,5faa30f7,Amir Hayat,male,United Arab Emirates,4,2,3,6,3,0,0,0,0,0,1.5,50.0,4,84,6,103,7.36,17.17,2,0
,f68bac56,B Lewis,male,Belize,5,3,3,8,2,2,0,0,0,0,3.0,37.5,5,78,5,71,5.46,14.2,2,0
,a3e8e678,B Passoni,male,Brazil,2,1,3,10,3,1,0,0,0,0,,30.0,1,6,0,8,8.0,,0,0
,74e3b4fd,BLCS Kumara,male,Cyprus,2,2,3,7,3,0,0,0,0,0,1.5,42.86,0,0,0,0,0.0,,0,0
,dcdc9b49,Basharat Hussain,male,South Korea,5,3,3,15,3,2,0,0,0,0,3.0,20.0,4,66,1,104,9.45,104.0,1,0
,3b282e51,Bashir Shah,male,Denmark,8,4,3,7,1,3,0,0,0,0,3.0,42.86,8,168,11,158,5.64,14.36,3,0
,2d03c3f8,C Cassell,male,Scotland,2,2,3,6,2,1,0,0,0,0,3.0,50.0,2,30,2,65,13.0,32.5,2,0
,c2123fd0,C Stephenson,male,Belize,3,3,3,15,2,0,0,0,0,0,1.0,20.0,0,0,0,0,0.0,,0,0
,0b130202,CL Cairns,male,New Zealand,2,2,3,13,2,0,0,0,0,0,1.5,23.08,2,48,1,52,6.5,52.0,1,0
,67d40eaa,D Bourne,male,Turks and Caicos Island,2,1,3,6,3,0,0,0,0,0,3.0,50.0,2,30,1,32,6.4,32.0,1,0
,676aeb1b,D Dawa,male,Bhutan,5,2,3,7,2,2,0,0,0,0,,42.86,5,84,6,107,7.64,17.83,3,0
,d11272c4,E Samson,male,Israel,2,2,3,3,3,1,0,0,0,0,3.0,100.0,2,30,2,36,7.2,18.0,1,0
,b312a9c1,E Walker,male,Isle of Man,5,4,3,19,2,4,0,0,0,0,,15.79,3,48,1,75,9.38,75.0,1,0
,22ae3041,Fawad Ahmed,male,Australia,2,1,3,4,3,1,0,0,0,0,,75.0,2,48,3,68,8.5,22.67,3,0
,2957a836,GJP Kruger,male,South Africa,1,1,3,5,3,0,0,0,0,0,3.0,60.0,1,24,0,29,7.25,,0,0
,bcac2e51,H Hajnic,male,Croatia,3,3,3,41,3,1,0,0,0,0,1.5,7.32,0,0,0,0,0.0,,0,0
,2f3b270e,H Pile,male,Gibraltar,2,2,3,8,2,1,0,0,0,0,3.0,37.5,0,0,0,0,0.0,,0,0
,34cb2f69,Hamza Tahir,male,Scotland,16,2,3,7,3,1,0,0,0,0,3.0,42.86,15,348,21,480,8.28,22.86,4,0
,8ac3d7ee,Haroon Mughal,male,Malta,3,3,3,8,1,0,0,0,0,0,1.0,37.5,0,0,0,0,0.0,,0,0
,28c78fb3,Harpreet Singh,male,United Arab Emirates,2,2,3,10,2,0,0,0,0,0,1.5,30.0,0,0,0,0,0.0,,0,0
,d32f3102,Hassan Nasir,male,Mexico,3,1,3,3,3,1,0,0,0,0,,100.0,3,60,1,52,5.2,52.0,1,0
,709cb7f0,Hwanhee Lee,male,South Korea,1,1,3,6,3,0,0,0,0,0,3.0,50.0,1,6,2,6,6.0,3.0,2,0
,95f0262b,IGTP Wiguna,male,Indonesia,7,1,3,9,3,1,0,0,0,0,,33.33,7,96,4,130,8.12,32.5,2,0
,d0111079,IGTR Kumara,male,Maldives,1,1,3,12,3,0,0,0,0,0,3.0,25.0,1,12,0,13,6.5,,0,0
,4a1a45f1,Ibrahim Karim,male,Sierra Leone,2,2,3,6,2,0,0,0,0,0,1.5,50.0,0,0,0,0,0.0,,0,0
,5e67d4e0,Imran Yousaf,male,Saudi Arabia,6,2,3,6,2,1,0,0,0,0,3.0,50.0,6,120,7,124,6.2,17.71,2,0
,d5bbb6a2,J Anderson,male,Ireland,1,1,3,5,3,0,0,0,0,0,3.0,60.0,0,0,0,0,0.0,,0,0
,3bea7ea9,J Moondra,male,Ireland,2,2,3,3,2,2,0,0,0,0,,100.0,2,48,5,57,7.12,11.4,3,0
,e662b18f,JAR Blain,male,Scotland,3,2,3,3,3,1,0,0,0,0,3.0,100.0,3,72,4,62,5.17,15.5,2,0
,a9a4df9f,JO Ngoche,male,Kenya,6,2,3,16,2,1,0,0,0,0,3.0,18.75,6,120,2,109,5.45,54.5,1,0
,ed4591ae,Joshep Zulu,male,Zambia,3,2,3,7,2,2,0,0,0,0,,42.86,3,42,2,48,6.86,24.0,2,0
,086f5984,Junaid Khan,male,Pakistan,8,1,3,4,3,1,0,0,0,0,,75.0,8,138,5,212,9.22,42.4,2,0
,f4ccbe6f,K Namchaikul,male,Thailand,12,5,3,14,1,1,0,0,0,0,0.75,21.43,10,161,10,151,5.63,15.1,4,0
,314642ed,K Sinclair,male,West Indies,6,2,3,9,3,1,0,0,0,0,3.0,33.33,6,108,4,150,8.33,37.5,2,0
,692ed48b,KAB Hynam-Nyberg,male,Samoa,6,2,3,4,2,1,0,0,0,0,3.0,75.0,6,108,5,165,9.17,33.0,2,0
,78eb4223,KAJ Roach,male,West Indies,11,1,3,2,3,1,0,0,0,0,,150.0,11,234,10,284,7.28,28.4,2,0
,d792374d,KK Dobell,male,Japan,3,2,3,6,3,1,0,0,0,0,3.0,50.0,3,42,3,46,6.57,15.33,2,0
,76db10d2,KK Sharma,male,Slovenia,2,2,3,8,2,1,0,0,0,0,3.0,37.5,0,0,0,0,0.0,,0,0
,754b6bd9,L Mutale,male,Zambia,2,2,3,5,2,1,0,0,0,0,3.0,60.0,0,0,0,0,0.0,,0,0
,ae1300a0,Lwin Maw,male,Myanmar,1,1,3,5,3,0,0,0,0,0,3.0,60.0,0,0,0,0,0.0,,0,0
,7fc8bb18,M Faheem,male,Thailand,7,3,3,7,2,0,0,0,0,0,1.0,42.86,7,120,8,133,6.65,16.62,2,0
,0fce11e1,M Janicijevic,male,Serbia,6,3,3,5,2,2,0,0,0,0,3.0,60.0,6,86,4,144,10.05,36.0,1,0
,f467d746,MC Bascombe,male,West Indies,1,1,3,7,3,0,0,0,0,0,3.0,42.86,0,0,0,0,0.0,,0,0
,526a1047,MJ Tugaga,male,Samoa,4,2,3,3,3,1,0,0,0,0,3.0,100.0,4,66,2,69,6.27,34.5,2,0
,24b3651c,MK Gnanasekaram,male,Switzerland,1,1,3,5,3,0,0,0,0,0,3.0,60.0,0,0,0,0,0.0,,0,0
,51abacb2,MM Sarwar,male,Kuwait,2,1,3,3,3,0,0,0,0,0,3.0,100.0,1,12,1,14,7.0,14.0,1,0
,759ac88f,MM Sharma,male,India,8,2,3,6,3,2,0,0,0,0,,50.0,8,138,6,185,8.04,30.83,2,0
,8d0ea930,MS Kasprowicz,male,Australia,2,1,3,5,3,1,0,0,0,0,,60.0,2,42,5,57,8.14,11.4,4,0
,cd9f6505,Mohit Sharma,male,Mexico,3,2,3,6,2,0,0,0,0,0,1.5,50.0,3,33,3,25,4.55,8.33,2,0
,2b8123ff,Muhammad Tahir,male,Greece,2,1,3,10,3,0,0,0,0,0,3.0,30.0,2,17,1,21,7.41,21.0,1,0
,7c7c4988,NL Ujawe,male,Slovenia,4,3,3,4,1,2,0,0,0,0,3.0,75.0,4,54,3,59,6.56,19.67,2,0
,5e5eab39,Nazmul Hossain,male,Bangladesh,3,2,3,14,3,2,0,0,0,0,,21.43,3,36,1,56,9.33,56.0,1,0
,b878fc9a,Nestor Dhamba,male,Oman,1,1,3,6,3,0,0,0,0,0,3.0,50.0,1,18,0,12,4.0,,0,0
,550c9b2c,O Duff,male,Bulgaria,10,4,3,15,3,0,0,0,0,0,0.75,20.0,10,147,6,244,9.96,40.67,2,0
,e80ed014,P Desungnoen,male,Thailand,2,1,3,4,3,0,0,0,0,0,3.0,75.0,2,30,0,40,8.0,,0,0
,f52961ea,P Jirapatananukul,male,Thailand,3,2,3,11,2,0,0,0,0,0,1.5,27.27,2,42,3,41,5.86,13.67,2,0
,591cf573,P Madhukar,male,Malaysia,2,1,3,7,3,1,0,0,0,0,,42.86,2,42,1,46,6.57,46.0,1,0
,0a15f357,Prashant Shukla,male,Sweden,4,1,3,4,3,1,0,0,0,0,,75.0,4,84,9,59,4.21,6.56,4,0
,9f0ab09b,Q Stephens,male,Cook Islands,6,5,3,13,2,1,0,0,0,0,0.75,23.08,6,110,9,103,5.62,11.44,3,0
,45d0af7e,R Brar,male,Cyprus,3,3,3,7,2,1,0,0,0,0,1.5,42.86,1,24,0,45,11.25,,0,0
,d6c3432e,R Broaster,male,Belize,1,1,3,7,3,0,0,0,0,0,3.0,42.86,0,0,0,0,0.0,,0,0
,327fcb33,R Olipa,male,Uganda,1,1,3,4,3,0,0,0,0,0,3.0,75.0,1,6,0,8,8.0,,0,0
,c3d1402f,RP Singh,male,India,9,2,3,3,2,2,0,0,0,0,,100.0,9,198,15,225,6.82,15.0,4,0
,95dc5adc,Rahim Khan,male,Malaysia,6,1,3,5,3,1,0,0,0,0,,60.0,6,108,4,102,5.67,25.5,3,0
,b5a62769,Rajab Hussain,male,Hong Kong,2,2,3,6,2,1,0,0,0,0,3.0,50.0,0,0,0,0,0.0,,0,0
,69cccff3,Rashid Khan,male,Nepal,2,1,3,5,3,0,0,0,0,0,3.0,60.0,2,42,1,67,9.57,67.0,1,0
,8831b92e,Raunaq Kapur,male,Hong Kong,1,1,3,5,3,0,0,0,0,0,3.0,60.0,1,12,1,24,12.0,24.0,1,0
,a91e7c2f,SA van Breda,male,Jersey,2,1,3,8,3,0,0,0,0,0,3.0,37.5,2,18,0,23,7.67,,0,0
,84df22bd,SK Lahiri,male,Mexico,3,2,3,7,2,1,0,0,0,0,3.0,42.86,3,54,8,64,7.11,8.0,5,1
,54ef649e,ST de Silva,male,Sri Lanka,3,2,3,7,3,0,0,0,0,0,1.5,42.86,1,6,0,10,10.0,,0,0
,f9d6cfc6,Salman Sharjeel,male,Malta,5,2,3,4,3,1,0,0,0,0,3.0,75.0,5,78,6,122,9.38,20.33,2,0
,367f4efa,Samiallah Khalil,male,Sweden,2,2,3,6,2,0,0,0,0,0,1.5,50.0,0,0,0,0,0.0,,0,0
,be0278d2,Saqlain Ali,male,Belgium,2,2,3,7,2,0,0,0,0,0,1.5,42.86,0,0,0,0,0.0,,0,0
,1b09fbcf,Shahab Alam,male,Romania,2,2,3,5,2,0,0,0,0,0,1.5,60.0,0,0,0,0,0.0,,0,0
,eaeb065e,TCW Veillard,male,Guernsey,3,1,3,5,3,1,0,0,0,0,,60.0,3,72,3,78,6.5,26.0,1,0
,98dae38e,TK Lal,male,Czech Republic,7,1,3,2,3,1,0,0,0,0,,150.0,7,168,7,169,6.04,24.14,2,0
,bcc12dab,Umair Safi,male,Romania,2,1,3,2,3,1,0,0,0,0,,150.0,2,48,1,38,4.75,38.0,1,0
,8f77af6b,Vinod Kumar,male,Spain,1,1,3,4,3,0,0,0,0,0,3.0,75.0,0,0,0,0,0.0,,0,0
,7516045a,WT Gavera,male,Papua New Guinea,5,2,3,6,2,0,0,0,0,0,1.5,50.0,5,90,5,103,6.87,20.6,3,0
,2343b4bf,WT Mubayiwa,male,Zimbabwe,5,1,3,4,3,1,0,0,0,0,,75.0,5,114,5,87,4.58,17.4,3,0
,12c9c558,Wang Qi,male,China,4,4,3,16,2,1,0,0,0,0,1.0,18.75,4,61,4,48,4.72,12.0,2,0
,78bb68d4,Y Cariah,male,West Indies,2,2,3,4,2,2,0,0,0,0,,75.0,2,36,1,43,7.17,43.0,1,0
,7adc2d68,Yash Singh,male,Malta,6,1,3,12,3,0,0,0,0,0,3.0,25.0,6,108,5,142,7.89,28.4,1,0
,e796c63a,Z Motara,male,West Indies,1,1,3,4,3,0,0,0,0,0,3.0,75.0,1,6,0,13,13.0,,0,0
,667f3fd3,Zwe Htet Paing,male,Myanmar,3,2,3,6,3,1,0,0,0,0,3.0,50.0,2,12,1,30,15.0,30.0,1,0
,906ef9e5,A Bhagwat,male,Hong Kong,3,3,2,9,1,0,0,0,0,0,0.67,22.22,0,0,0,0,0.0,,0,0
,2c2013a9,A Bhattarai,male,Nepal,1,1,2,3,2,0,0,0,0,0,2.0,66.67,1,18,1,12,4.0,12.0,1,0
,5f77f4ec,A Kansonkho,male,Malawi,2,2,2,5,2,0,0,0,0,0,1.0,40.0,0,0,0,0,0.0,,0,0
,b9b65f93,A Lazic,male,Serbia,4,2,2,3,2,1,0,0,0,0,2.0,66.67,3,19,0,45,14.21,,0,0
,7c6293d1,A Orfila,male,Gibraltar,4,2,2,9,2,0,0,0,0,0,1.0,22.22,4,72,2,101,8.42,50.5,1,0
,9dba7a41,AAH Bhikari,male,Suriname,5,2,2,11,1,0,0,0,0,0,1.0,18.18,4,28,3,53,11.36,17.67,1,0
,94113d54,AJ Parmar,male,Norway,23,5,2,7,1,4,0,0,0,0,2.0,28.57,23,462,34,494,6.42,14.53,4,0
,defd49f6,AK Mandal,male,Nepal,1,1,2,9,2,0,0,0,0,0,2.0,22.22,0,0,0,0,0.0,,0,0
,b94827f0,AR Menon,male,Singapore,1,1,2,5,2,0,0,0,0,0,2.0,40.0,1,6,0,12,12.0,,0,0
,279c51f0,Aakash Chand,male,Nepal,3,2,2,6,2,1,0,0,0,0,2.0,33.33,3,60,7,84,8.4,12.0,3,0
,b66201dd,Aarnav Patel,male,Kenya,3,2,2,7,1,2,0,0,0,0,,28.57,3,42,3,53,7.57,17.67,3,0
,1bb0993e,Abu Jayed,male,Bangladesh,1,1,2,3,2,0,0,0,0,0,2.0,66.67,1,24,1,45,11.25,45.0,1,0
,27f77bd6,Abu Zar,male,Sweden,1,1,2,3,2,0,0,0,0,0,2.0,66.67,0,0,0,0,0.0,,0,0
,6bfa638b,Ahmad Raza,male,Saudi Arabia,5,2,2,4,2,2,0,0,0,0,,50.0,5,78,2,101,7.77,50.5,1,0
,29b6bcd4,Ajaz Patel,male,Lesotho,2,2,2,11,2,0,0,0,0,0,1.0,18.18,2,30,2,25,5.0,12.5,1,0
,fb59e5bc,Akash Babu,male,Qatar,3,3,2,6,2,0,0,0,0,0,0.67,33.33,1,6,0,11,11.0,,0,0
,5db10a22,Anmoldeep Singh,male,Italy,4,1,2,7,2,0,0,0,0,0,2.0,28.57,4,32,0,66,12.38,,0,0
,1b62ed99,Anskumar Ahir,male,Panama,2,1,2,6,2,1,0,0,0,0,,33.33,2,34,1,37,6.53,37.0,1,0
,bf50e8de,Aslam Bera,male,Zambia,9,4,2,9,1,0,0,0,0,0,0.5,22.22,9,167,6,202,7.26,33.67,2,0
,5b7efabe,Aviel Warsulkar,male,Israel,2,2,2,3,2,2,0,0,0,0,,66.67,0,0,0,0,0.0,,0,0
,050bdc77,Azin Rafeeg,male,Maldives,1,1,2,5,2,1,0,0,0,0,,40.0,0,0,0,0,0.0,,0,0
,3cdab0cc,B Angeltti,male,Argentina,2,2,2,5,2,0,0,0,0,0,1.0,40.0,0,0,0,0,0.0,,0,0
,e6082b10,BP Adapaka,male,Hungary,11,4,2,4,1,3,0,0,0,0,2.0,50.0,11,223,9,273,7.35,30.33,3,0
,f6e46de7,BS Sandhu,male,Slovenia,1,1,2,5,2,0,0,0,0,0,2.0,40.0,0,0,0,0,0.0,,0,0
,f3171936,BW Hilfenhaus,male,Australia,7,3,2,10,2,1,0,0,0,0,1.0,20.0,7,156,9,161,6.19,17.89,2,0
,9f4aeb13,Bilal Aftab,male,Denmark,2,2,2,3,1,1,0,0,0,0,2.0,66.67,1,12,1,13,6.5,13.0,1,0
,19b9f399,CJ Green,male,Australia,1,1,2,3,2,1,0,0,0,0,,66.67,1,24,0,36,9.0,,0,0
,b0b80a99,CV Harrison,male,Gibraltar,4,1,2,4,2,0,0,0,0,0,2.0,50.0,4,72,4,119,9.92,29.75,2,0
,d92d4f5e,Choudhry Md Imran,male,Saudi Arabia,2,2,2,3,2,0,0,0,0,0,1.0,66.67,0,0,0,0,0.0,,0,0
,adc96559,D Mogan,male,Malaysia,3,1,2,8,2,0,0,0,0,0,2.0,25.0,3,72,1,116,9.67,116.0,1,0
,832b77c6,DKD Warnakulasuriya,male,Italy,9,2,2,13,2,1,0,0,0,0,2.0,15.38,9,156,12,168,6.46,14.0,3,0
,d3611e29,EF Faalupega,male,Samoa,2,2,2,6,2,0,0,0,0,0,1.0,33.33,1,24,2,24,6.0,12.0,2,0
,510d525c,Emanuel,male,Greece,4,3,2,17,1,0,0,0,0,0,0.67,11.76,4,48,2,59,7.38,29.5,1,0
,49dcf691,Emran Shahbakhsh,male,Iran,1,1,2,2,2,1,0,0,0,0,,100.0,1,5,0,14,16.8,,0,0
,7c5d046a,Faizal Salehji,male,Panama,2,1,2,2,2,0,0,0,0,0,2.0,100.0,1,12,0,15,7.5,,0,0
,61763f48,Franz Bur,male,Argentina,2,1,2,6,2,1,0,0,0,0,,33.33,2,18,1,25,8.33,25.0,1,0
,220d2ac0,G Campbell,male,Turks and Caicos Island,1,1,2,8,2,0,0,0,0,0,2.0,25.0,0,0,0,0,0.0,,0,0
,ceec82cd,G Johnson,male,St Helena,3,1,2,9,2,1,0,0,0,0,,22.22,3,48,1,52,6.5,52.0,1,0
,be869ccf,GHS Garton,male,England,1,1,2,4,2,0,0,0,0,0,2.0,50.0,1,24,1,57,14.25,57.0,1,0
,a3ae63f4,GJ Snyman,male,South Africa,1,1,2,6,2,0,0,0,0,0,2.0,33.33,1,6,0,12,12.0,,0,0
,637c65f1,H Elder,male,Switzerland,2,2,2,3,2,1,0,0,0,0,2.0,66.67,2,30,1,32,6.4,32.0,1,0
,5426de63,HB Shipley,male,New Zealand,4,2,2,2,1,2,0,0,0,0,,100.0,4,78,2,141,10.85,70.5,1,0
,f566cd7d,Hafiz Qaleem,male,United Arab Emirates,1,1,2,4,2,0,0,0,0,0,2.0,50.0,0,0,0,0,0.0,,0,0
,80b92515,Harry Johnson,male,Guernsey,10,2,2,3,1,1,0,0,0,0,2.0,66.67,10,189,9,281,8.92,31.22,3,0
,716bd716,I Bardis,male,Greece,2,2,2,6,2,1,0,0,0,0,2.0,33.33,1,6,1,12,12.0,12.0,1,0
,dcc76384,IC Simao,male,Brazil,9,6,2,11,2,3,0,0,0,0,0.67,18.18,9,192,6,245,7.66,40.83,2,0
,eceeb63a,Ignacio Lisboa,male,Chile,1,1,2,6,2,0,0,0,0,0,2.0,33.33,0,0,0,0,0.0,,0,0
,863bfcc9,J Long,male,Philippines,2,1,2,6,2,1,0,0,0,0,,33.33,1,12,1,26,13.0,26.0,1,0
,de1912da,JAC Cubas,male,Peru,1,1,2,6,2,0,0,0,0,0,2.0,33.33,0,0,0,0,0.0,,0,0
,3847ec84,JI de Villiers,male,Namibia,8,3,2,5,1,1,0,0,0,0,1.0,40.0,7,120,3,164,8.2,54.67,2,0
,7c63baa7,JP Bray,male,Ireland,2,2,2,17,2,0,0,0,0,0,1.0,11.76,0,0,0,0,0.0,,0,0
,324edd0c,Jandu Hamoud,male,Kuwait,2,1,2,4,2,0,0,0,0,0,2.0,50.0,2,30,2,44,8.8,22.0,2,0
,fc963b23,Junaed Mullah,male,Slovenia,1,1,2,12,2,0,0,0,0,0,2.0,16.67,0,0,0,0,0.0,,0,0
,b471ff6c,K Fubler,male,Bermuda,13,1,2,2,2,1,0,0,0,0,,100.0,13,269,20,198,4.42,9.9,3,0
,415ed107,K Nima,male,Bhutan,1,1,2,3,2,1,0,0,0,0,,66.67,1,18,1,22,7.33,22.0,1,0
,039f8170,K Takahashi,male,Japan,1,1,2,3,2,0,0,0,0,0,2.0,66.67,0,0,0,0,0.0,,0,0
,6c18c062,KA Jadhav,male,Cameroon,1,1,2,14,2,0,0,0,0,0,2.0,14.29,0,0,0,0,0.0,,0,0
,2c997ad3,KMC Bandara,male,Sri Lanka,1,1,2,4,2,1,0,0,0,0,,50.0,1,6,0,11,11.0,,0,0
,85b0ccd1,Khurram Shahzad,male,Qatar,2,2,2,12,1,0,0,0,0,0,1.0,16.67,0,0,0,0,0.0,,0,0
,9f500ddb,L Nou,male,Papua New Guinea,2,1,2,3,2,1,0,0,0,0,,66.67,2,42,1,39,5.57,39.0,1,0
,b0f332e1,L Stubbs,male,Croatia,3,3,2,24,2,0,0,0,0,0,0.67,8.33,0,0,0,0,0.0,,0,0
,59e99272,L Zulu,male,Swaziland,1,1,2,5,2,0,0,0,0,0,2.0,40.0,0,0,0,0,0.0,,0,0
,12bffe91,LL Tsotsobe,male,South Africa,23,3,2,10,1,2,0,0,0,0,2.0,20.0,23,468,18,541,6.94,30.06,3,0
,692d4cbe,M Gherasim,male,Romania,6,2,2,6,2,1,0,0,0,0,2.0,33.33,4,26,0,37,8.54,,0,0
,fa433be6,M Labuschagne,male,Australia,1,1,2,4,2,0,0,0,0,0,2.0,50.0,0,0,0,0,0.0,,0,0
,4d9e5ec8,M Martin,male,Switzerland,1,1,2,6,2,0,0,0,0,0,2.0,33.33,0,0,0,0,0.0,,0,0
,85e0cf10,M Prasidh Krishna,male,India,8,2,2,3,1,2,0,0,0,0,,66.67,8,186,9,341,11.0,37.89,3,0
,aab3e7be,MJ Mason,male,New Zealand,3,1,2,2,2,0,0,0,0,0,2.0,100.0,3,54,2,65,7.22,32.5,1,0
,5eef2118,MVT Fernando,male,Sri Lanka,1,1,2,2,2,0,0,0,0,0,2.0,100.0,1,12,0,16,8.0,,0,0
,f0fbdf0a,Mario Ovalle,male,Chile,1,1,2,8,2,0,0,0,0,0,2.0,25.0,0,0,0,0,0.0,,0,0
,3e331df6,Matthew Walker,male,Gibraltar,4,2,2,5,1,1,0,0,0,0,2.0,40.0,4,84,3,113,8.07,37.67,2,0
,18675d8d,Mihir Patel,male,Canada,1,1,2,2,2,0,0,0,0,0,2.0,100.0,0,0,0,0,0.0,,0,0
,bbfdb0c8,Mobashar Ashraf,male,France,2,1,2,4,2,0,0,0,0,0,2.0,50.0,2,24,1,24,6.0,24.0,1,0
,705b8c5c,Mohammad Atif,male,Spain,13,2,2,4,1,0,0,0,0,0,1.0,50.0,13,290,16,245,5.07,15.31,3,0
,e1043e7b,Mohomed Saddam,male,Seychelles,2,2,2,11,2,0,0,0,0,0,1.0,18.18,0,0,0,0,0.0,,0,0
,9c5c3408,Mongdara Sok,male,Cambodia,5,5,2,9,1,3,0,0,0,0,1.0,22.22,0,0,0,0,0.0,,0,0
,df49ae91,Muzammil Shahzad,male,Philippines,3,3,2,16,1,0,0,0,0,0,0.67,12.5,0,0,0,0,0.0,,0,0
,05b1aef8,NG Smith,male,New Zealand,2,1,2,4,2,1,0,0,0,0,,50.0,2,30,3,47,9.4,15.67,2,0
,25e26a23,Najeeb Amar,male,Hong Kong,1,1,2,9,2,0,0,0,0,0,2.0,22.22,1,18,1,29,9.67,29.0,1,0
,ddc7e056,P Buccimazza,male,Portugal,3,2,2,13,1,0,0,0,0,0,1.0,15.38,3,66,3,62,5.64,20.67,2,0
,7e665859,PK Dimitri,male,Ivory Coast,4,4,2,10,2,2,0,0,0,0,1.0,20.0,2,48,1,88,11.0,88.0,1,0
,8c2aa0f9,PKD Chase,male,Ireland,7,2,2,9,2,2,0,0,0,0,,22.22,7,141,8,244,10.38,30.5,4,0
,3ee0050f,PM Liyanagamage,male,Sri Lanka,8,2,2,4,1,1,0,0,0,0,2.0,50.0,8,151,12,225,8.94,18.75,4,0
,f571c8a1,Qi Shuai,male,China,1,1,2,2,2,0,0,0,0,0,2.0,100.0,1,6,0,5,5.0,,0,0
,8dc07b00,R Lekai,male,Vanuatu,1,1,2,2,2,0,0,0,0,0,2.0,100.0,0,0,0,0,0.0,,0,0
,4437df8c,R Patten,male,Bahamas,4,3,2,9,2,2,0,0,0,0,2.0,22.22,3,30,1,61,12.2,61.0,1,0
,ae8ee4cc,R Tanna,male,Estonia,1,1,2,3,2,1,0,0,0,0,,66.67,0,0,0,0,0.0,,0,0
,41eb4a4f,R Vinay Kumar,male,India,9,1,2,4,2,1,0,0,0,0,,50.0,9,189,10,247,7.84,24.7,3,0
,02fa5417,R Vishwanath,male,Luxembourg,1,1,2,3,2,1,0,0,0,0,,66.67,0,0,0,0,0.0,,0,0
,3e90fbfd,RDS Morein,male,Timor-Leste,4,4,2,11,2,3,0,0,0,0,2.0,18.18,0,0,0,0,0.0,,0,0
,402f8494,RJ Gleeson,male,England,6,2,2,4,2,0,0,0,0,0,1.0,50.0,6,126,9,187,8.9,20.78,3,0
,12eddf28,RJ Harris,male,Australia,3,1,2,1,2,1,0,0,0,0,,200.0,3,70,4,95,8.14,23.75,2,0
,22860288,RJ Kirtley,male,England,1,1,2,4,2,1,0,0,0,0,,50.0,1,6,0,17,17.0,,0,0
,fc30a5b7,RP Mitchell,male,Bahamas,4,2,2,5,1,2,0,0,0,0,,40.0,4,96,3,143,8.94,47.67,2,0
,a9fd6ca3,Rahman Ademi,male,Serbia,5,3,2,12,1,0,0,0,0,0,0.67,16.67,4,60,1,81,8.1,81.0,1,0
,e21ef7ec,Ronald Ebanks,male,Cayman Islands,6,3,2,6,2,0,0,0,0,0,0.67,33.33,6,144,10,114,4.75,11.4,3,0
,58cb36aa,S Nsubuga,male,Uganda,15,3,2,6,1,1,0,0,0,0,1.0,33.33,15,253,17,294,6.97,17.29,3,0
,b04e6811,S Pitabeddara,male,South Korea,6,4,2,8,2,0,0,0,0,0,0.5,25.0,5,60,1,83,8.3,83.0,1,0
,c5445834,S Stanikzay,male,France,9,3,2,5,2,0,0,0,0,0,0.67,40.0,9,192,6,217,6.78,36.17,2,0
,44c69e2b,S Vijayakumar,male,Singapore,9,2,2,5,1,0,0,0,0,0,1.0,40.0,9,168,12,204,7.29,17.0,4,0
,823a57a9,S di Bartolomeo,male,Italy,7,1,2,2,2,1,0,0,0,0,,100.0,7,147,13,128,5.22,9.85,5,1
,f1c8a09b,SA Pradhan,male,Singapore,2,1,2,6,2,1,0,0,0,0,,33.33,2,36,1,56,9.33,56.0,1,0
,507fc658,SFS Cheema,male,Austria,15,4,2,8,1,0,0,0,0,0,0.5,25.0,14,186,17,255,8.23,15.0,5,1
,6a091f62,SJ Patel,male,Czech Republic,9,4,2,10,2,1,0,0,0,0,0.67,20.0,7,90,6,109,7.27,18.17,4,0
,797ee165,SS Kang,male,United Arab Emirates,15,2,2,9,1,0,0,0,0,0,1.0,22.22,15,279,18,281,6.04,15.61,4,0
,7e6825be,Saif Ullah Malik,male,Malaysia,1,1,2,3,2,0,0,0,0,0,2.0,66.67,0,0,0,0,0.0,,0,0
,f16953c5,Sareer Shah,male,Luxembourg,7,4,2,6,1,2,0,0,0,0,1.0,33.33,7,133,4,204,9.2,51.0,2,0
,a80cc0cc,Shahrukh Quddus,male,Kuwait,11,3,2,5,2,3,0,0,0,0,,40.0,11,234,12,334,8.56,27.83,3,0
,a591a202,Sufyan Yousaf,male,Oman,1,1,2,4,2,0,0,0,0,0,2.0,50.0,0,0,0,0,0.0,,0,0
,6798b28e,Sumit Singh,male,Finland,1,1,2,7,2,0,0,0,0,0,2.0,28.57,1,12,1,18,9.0,18.0,1,0
,26b96e00,Syed Jawad Haider,male,Norway,1,1,2,5,2,0,0,0,0,0,2.0,40.0,1,18,1,28,9.33,28.0,1,0
,e3806aca,T Moses,male,Belize,2,1,2,5,2,1,0,0,0,0,,40.0,2,42,2,48,6.86,24.0,2,0
,52c952d9,T Sangha,male,Australia,7,1,2,4,2,1,0,0,0,0,,50.0,7,168,10,249,8.89,24.9,4,0
,44482748,TO Thilappan,male,Singapore,3,3,2,9,1,0,0,0,0,0,0.67,22.22,3,54,1,85,9.44,85.0,1,0
,f62fa324,Tasaduq Hussain,male,Sweden,3,2,2,6,2,0,0,0,0,0,1.0,33.33,3,54,2,64,7.11,32.0,1,0
,dd37da14,UWMBCA Welegedara,male,Sri Lanka,2,1,2,3,2,1,0,0,0,0,,66.67,2,36,1,61,10.17,61.0,1,0
,f0e722e0,Usman Shinwari,male,Pakistan,16,1,2,3,2,1,0,0,0,0,,66.67,16,306,13,424,8.31,32.62,3,0
,82a33cac,W Kokaua,male,Cook Islands,4,1,2,4,2,1,0,0,0,0,,50.0,4,60,6,105,10.5,17.5,3,0
,a7d6c101,Waseeq Ahmed,male,Bahrain,12,2,2,3,1,2,0,0,0,0,,66.67,12,246,14,286,6.98,20.43,3,0
,68408eff,Yin Chenhao,male,China,3,2,2,13,2,0,0,0,0,0,1.0,15.38,1,6,0,5,5.0,,0,0
,e1ddd62d,Z Marosy,male,Hungary,1,1,2,2,2,1,0,0,0,0,,100.0,0,0,0,0,0.0,,0,0
,52e8dd6b,Zaheer Maqsood,male,United Arab Emirates,3,1,2,5,2,0,0,0,0,0,2.0,40.0,3,54,1,80,8.89,80.0,1,0
,c725d464,A Gavde,male,Cayman Islands,1,1,1,6,1,0,0,0,0,0,1.0,16.67,0,0,0,0,0.0,,0,0
,a6e4e6f9,A Govorko,male,Croatia,1,1,1,1,1,1,0,0,0,0,,100.0,0,0,0,0,0.0,,0,0
,60ef3ddb,AA Hussein,male,Tanzania,2,1,1,1,1,1,0,0,0,0,,100.0,2,36,2,55,9.17,27.5,1,0
,e84cdc31,AC Frame,male,Cyprus,1,1,1,3,1,0,0,0,0,0,1.0,33.33,1,21,0,26,7.43,,0,0
,06907633,AR Nair,male,Bahamas,2,2,1,2,1,0,0,0,0,0,0.5,50.0,0,0,0,0,0.0,,0,0
,5044f30d,AS Dean,male,Canada,1,1,1,1,1,0,0,0,0,0,1.0,100.0,1,12,0,14,7.0,,0,0
,384cebed,Abdul Majid,male,Bahrain,6,1,1,1,1,1,0,0,0,0,,100.0,6,120,5,119,5.95,23.8,4,0
,e20b9b34,Abdullahi Ismail,male,Nigeria,7,2,1,3,1,1,0,0,0,0,1.0,33.33,7,138,8,130,5.65,16.25,3,0
,c8281df7,Adnan Shnwarei,male,Norway,3,1,1,3,1,0,0,0,0,0,1.0,33.33,2,18,0,23,7.67,,0,0
,877ab296,Ahsan ul Haq,male,Kuwait,2,2,1,6,1,0,0,0,0,0,0.5,16.67,0,0,0,0,0.0,,0,0
,16d52916,Aqif Farooq,male,Kuwait,3,1,1,4,1,0,0,0,0,0,1.0,25.0,3,66,3,121,11.0,40.33,1,0
,8e367d57,Arshad Mazarzei,male,Iran,1,1,1,11,1,0,0,0,0,0,1.0,9.09,0,0,0,0,0.0,,0,0
,43c57d62,Asad Rasheed,male,Hong Kong,3,2,1,2,1,2,0,0,0,0,,50.0,3,72,5,127,10.58,25.4,3,0
,c26cd57a,B Shikongo,male,Namibia,41,4,1,7,1,1,0,0,0,0,0.33,14.29,41,657,38,757,6.91,19.92,3,0
,30c884c8,B Terbish,male,Mongolia,3,3,1,7,1,1,0,0,0,0,0.5,14.29,2,12,0,35,17.5,,0,0
,ea1c36cf,B Wentzel,male,Guernsey,1,1,1,2,1,0,0,0,0,0,1.0,50.0,0,0,0,0,0.0,,0,0
,6cd3a166,B Williams,male,Sierra Leone,2,1,1,3,1,1,0,0,0,0,,33.33,1,6,0,13,13.0,,0,0
,79f5bc26,BG Lister,male,New Zealand,12,3,1,6,1,1,0,0,0,0,0.5,16.67,12,245,11,339,8.3,30.82,3,0
,35cfc769,Benjamin Constanzo,male,Chile,1,1,1,5,1,0,0,0,0,0,1.0,20.0,0,0,0,0,0.0,,0,0
,c7530eeb,Bilal Shah,male,Oman,1,1,1,1,1,1,0,0,0,0,,100.0,1,12,0,18,9.0,,0,0
,83f0b848,C Liebenberg,male,Isle of Man,7,1,1,1,1,0,0,0,0,0,1.0,100.0,7,114,9,142,7.47,15.78,4,0
,b6e6746b,C Nzabarinda,male,Rwanda,2,1,1,2,1,0,0,0,0,0,1.0,50.0,2,36,1,58,9.67,58.0,1,0
,4e1b7998,Chare Smith,male,Bermuda,10,2,1,4,1,1,0,0,0,0,1.0,25.0,10,193,7,221,6.87,31.57,2,0
,de7d833e,D Madushanka,male,Sri Lanka,18,4,1,7,1,0,0,0,0,0,0.25,14.29,18,368,18,583,9.51,32.39,3,0
,83904270,DBL Powell,male,West Indies,5,1,1,1,1,1,0,0,0,0,,100.0,5,102,2,131,7.71,65.5,1,0
,e0557f7f,DE Bernard,male,West Indies,1,1,1,1,1,1,0,0,0,0,,100.0,1,24,0,17,4.25,,0,0
,45c2196c,DE Bollinger,male,Australia,9,1,1,1,1,1,0,0,0,0,,100.0,9,210,9,249,7.11,27.67,1,0
,7c70083d,DR Brown,male,Scotland,1,1,1,5,1,0,0,0,0,0,1.0,20.0,1,24,0,44,11.0,,0,0
,d2a989fc,DS Kulkarni,male,India,2,1,1,1,1,1,0,0,0,0,,100.0,2,48,3,55,6.88,18.33,2,0
,1494a583,Dhiman Ghosh,male,Bangladesh,1,1,1,2,1,0,0,0,0,0,1.0,50.0,0,0,0,0,0.0,,0,0
,fd6e215b,E Henry,male,Turks and Caicos Island,1,1,1,4,1,0,0,0,0,0,1.0,25.0,0,0,0,0,0.0,,0,0
,f771a151,EC Rainsford,male,Zimbabwe,2,1,1,2,1,1,0,0,0,0,,50.0,2,36,0,67,11.17,,0,0
,7a653792,EP Thompson,male,New Zealand,1,1,1,1,1,1,0,0,0,0,,100.0,1,18,1,18,6.0,18.0,1,0
,210b05cb,Ehsan Adil,male,United States of America,1,1,1,2,1,1,0,0,0,0,,50.0,1,18,0,39,13.0,,0,0
,59f509ed,G Goudie,male,Scotland,3,1,1,3,1,0,0,0,0,0,1.0,33.33,3,48,1,70,8.75,70.0,1,0
,1fbef290,G Wijekoon,male,Sri Lanka,3,2,1,5,1,1,0,0,0,0,1.0,20.0,3,66,2,101,9.18,50.5,1,0
,46050f42,GA Rogers,male,Scotland,1,1,1,3,1,1,0,0,0,0,,33.33,1,24,0,52,13.0,,0,0
,95c434f7,GDR Eranga,male,Canada,8,1,1,1,1,0,0,0,0,0,1.0,100.0,8,168,10,187,6.68,18.7,3,0
,eff8b730,GRD Munasinghe,male,Italy,4,3,1,10,1,0,0,0,0,0,0.33,10.0,4,96,6,109,6.81,18.17,4,0
,38952986,H Virdee,male,Luxembourg,1,1,1,1,1,1,0,0,0,0,,100.0,1,12,1,26,13.0,26.0,1,0
,98ecf62a,HH Dippenaar,male,South Africa,1,1,1,5,1,0,0,0,0,0,1.0,20.0,0,0,0,0,0.0,,0,0
,94238673,HK Bennett,male,New Zealand,11,1,1,2,1,1,0,0,0,0,,50.0,11,215,10,331,9.24,33.1,3,0
,5d534cff,Haris Karim,male,Slovenia,2,1,1,3,1,0,0,0,0,0,1.0,33.33,2,24,1,53,13.25,53.0,1,0
,c60361d7,Harprit Singh,male,Mexico,2,1,1,1,1,1,0,0,0,0,,100.0,2,18,1,32,10.67,32.0,1,0
,7cb931fc,Hassnain Shah,male,Oman,4,3,1,6,1,0,0,0,0,0,0.33,16.67,4,66,2,104,9.45,52.0,1,0
,000803b1,Het Patel,male,Eswatini,1,1,1,7,1,1,0,0,0,0,,14.29,0,0,0,0,0.0,,0,0
,eb45b187,I Mustafoev,male,Uzbekistan,4,1,1,8,1,0,0,0,0,0,1.0,12.5,3,54,3,113,12.56,37.67,2,0
,baf3cf01,I Uboh,male,Nigeria,7,2,1,4,1,2,0,0,0,0,,25.0,6,78,3,112,8.62,37.33,1,0
,7429c452,I Wardlaw,male,Scotland,1,1,1,3,1,0,0,0,0,0,1.0,33.33,1,24,2,43,10.75,21.5,2,0
,390721b3,IIR Bhana,male,Panama,1,1,1,3,1,0,0,0,0,0,1.0,33.33,0,0,0,0,0.0,,0,0
,1500d104,Imtiaz Khan,male,Saudi Arabia,4,1,1,1,1,1,0,0,0,0,,100.0,4,72,4,107,8.92,26.75,3,0
,6c75310b,J Lewis,male,England,2,1,1,4,1,0,0,0,0,0,1.0,25.0,2,42,4,55,7.86,13.75,4,0
,9c1ccdea,J Louw,male,South Africa,2,1,1,1,1,1,0,0,0,0,,100.0,2,42,2,54,7.71,27.0,2,0
,2575caf6,J Mathew,male,Malta,2,1,1,1,1,1,0,0,0,0,,100.0,2,36,3,42,7.0,14.0,2,0
,6b64e7a3,J Mulder,male,Ireland,3,1,1,5,1,0,0,0,0,0,1.0,20.0,3,72,7,61,5.08,8.71,4,0
,84ff65e5,J Pook,male,Belize,2,2,1,5,1,0,0,0,0,0,0.5,20.0,0,0,0,0,0.0,,0,0
,f1c61793,JD Wildermuth,male,Australia,2,1,1,1,1,1,0,0,0,0,,100.0,2,18,1,32,10.67,32.0,1,0
,d12143bf,JM Anderson,male,England,19,2,1,2,1,1,0,0,0,0,1.0,50.0,19,422,18,552,7.85,30.67,3,0
,4a3cbbf2,JR Lucky,male,Costa Rica,2,2,1,8,1,1,0,0,0,0,1.0,12.5,1,1,0,9,54.0,,0,0
,68be5567,JS Jesani,male,Kenya,1,1,1,5,1,0,0,0,0,0,1.0,20.0,0,0,0,0,0.0,,0,0
,02fe46ca,Jabran Khan,male,Denmark,1,1,1,4,1,0,0,0,0,0,1.0,25.0,0,0,0,0,0.0,,0,0
,e57d25fa,Jaison Jerome,male,Malta,6,2,1,5,1,0,0,0,0,0,0.5,20.0,6,96,1,177,11.06,177.0,1,0
,a2dd9236,K Cawte,male,Isle of Man,12,3,1,8,1,2,0,0,0,0,1.0,12.5,11,187,10,230,7.38,23.0,2,0
,42581e6d,K Kubota,male,Japan,15,2,1,2,1,2,0,0,0,0,,50.0,15,212,16,179,5.07,11.19,3,0
,a18461a2,KD Mehta,male,Czech Republic,2,1,1,2,1,0,0,0,0,0,1.0,50.0,2,42,4,41,5.86,10.25,3,0
,a2f46292,KK Ahmed,male,India,18,2,1,2,1,2,0,0,0,0,,50.0,18,396,16,562,8.52,35.12,2,0
,ea926d4f,L Bloomfield,male,Hungary,1,1,1,3,1,0,0,0,0,0,1.0,33.33,0,0,0,0,0.0,,0,0
,a9a22964,L Ruane,male,Finland,1,1,1,5,1,0,0,0,0,0,1.0,20.0,0,0,0,0,0.0,,0,0
,fda4150a,M Brasier,male,Finland,2,2,1,4,1,1,0,0,0,0,1.0,25.0,2,29,1,56,11.59,56.0,1,0
,4ba44e19,M Muralitharan,male,Sri Lanka,12,2,1,5,1,0,0,0,0,0,0.5,20.0,12,282,13,297,6.32,22.85,3,0
,361388d6,M Separovic,male,Croatia,3,1,1,3,1,0,0,0,0,0,1.0,33.33,3,66,1,134,12.18,134.0,1,0
,74ef405a,MBS Jonkman,male,Netherlands,1,1,1,8,1,0,0,0,0,0,1.0,12.5,1,18,2,21,7.0,10.5,2,0
,5531248e,MDK Perera,male,Sri Lanka,3,2,1,6,1,0,0,0,0,0,0.5,16.67,3,60,3,72,7.2,24.0,3,0
,882fd091,MF Manjate,male,Mozambique,4,3,1,5,1,0,0,0,0,0,0.33,20.0,1,6,0,11,11.0,,0,0
,b1ad996b,MP Yadav,male,India,6,1,1,1,1,1,0,0,0,0,,100.0,6,138,9,155,6.74,17.22,3,0
,518d96de,MR Montfort,male,Canada,1,1,1,1,1,1,0,0,0,0,,100.0,1,18,1,25,8.33,25.0,1,0
,5a37ec26,MS Panesar,male,England,1,1,1,2,1,0,0,0,0,0,1.0,50.0,1,24,2,40,10.0,20.0,2,0
,fd67025d,Masood Jayezeh,male,Iran,1,1,1,4,1,0,0,0,0,0,1.0,25.0,1,6,0,17,17.0,,0,0
,083e01d9,Matiullah Khan,male,United Arab Emirates,5,2,1,5,1,2,0,0,0,0,,20.0,5,96,4,149,9.31,37.25,2,0
,9a54c30a,Mirza Ahmed,male,Kuwait,6,2,1,2,1,2,0,0,0,0,,50.0,6,96,6,119,7.44,19.83,2,0
,389d04a6,Mohamad Junaid Khushi,male,Bahrain,1,1,1,1,1,1,0,0,0,0,,100.0,1,18,1,51,17.0,51.0,1,0
,a86a37ab,Mohammad Ali,male,Pakistan,3,1,1,1,1,1,0,0,0,0,,100.0,3,42,1,86,12.29,86.0,1,0
,11406bad,Mohammad Asaduzzaman,male,Finland,7,2,1,2,1,1,0,0,0,0,1.0,50.0,7,138,4,174,7.57,43.5,2,0
,5278cecc,Muhammed Imran,male,Oman,2,2,1,2,1,1,0,0,0,0,1.0,50.0,2,33,4,42,7.64,10.5,3,0
,86f471ae,Murat Ipek,male,Turkey,3,2,1,2,1,0,0,0,0,0,0.5,50.0,1,6,0,3,3.0,,0,0
,d482c8b8,Musawar Shah,male,Qatar,9,1,1,1,1,1,0,0,0,0,,100.0,9,186,14,212,6.84,15.14,3,0
,966b2677,Mustakim Aslam,male,Denmark,4,1,1,5,1,0,0,0,0,0,1.0,20.0,4,78,3,104,8.0,34.67,2,0
,4f6d5f87,N Gnanapragasam,male,Seychelles,2,2,1,5,1,0,0,0,0,0,0.5,20.0,2,24,0,32,8.0,,0,0
,5ce3fe3f,N Nankov,male,Bulgaria,1,1,1,5,1,0,0,0,0,0,1.0,20.0,1,12,1,13,6.5,13.0,1,0
,25640e61,N Ndouteng,male,Cameroon,2,2,1,5,1,1,0,0,0,0,1.0,20.0,1,24,2,58,14.5,29.0,2,0
,63b1093f,N Ndzeute,male,Mozambique,7,1,1,2,1,1,0,0,0,0,,50.0,7,138,8,198,8.61,24.75,3,0
,6f852c49,N Venables,male,Vanuatu,6,2,1,6,1,0,0,0,0,0,0.5,16.67,6,126,3,118,5.62,39.33,2,0
,7805af0f,NM Carter,male,Scotland,3,1,1,6,1,0,0,0,0,0,1.0,16.67,3,66,2,92,8.36,46.0,1,0
,0e84e0f6,NR Mittal,male,Singapore,1,1,1,5,1,0,0,0,0,0,1.0,20.0,0,0,0,0,0.0,,0,0
,d516a95f,NSK Mehta,male,Belgium,8,2,1,3,1,0,0,0,0,0,0.5,33.33,8,186,9,205,6.61,22.78,2,0
,33f28243,Naved-ul-Hasan,male,Pakistan,3,1,1,9,1,0,0,0,0,0,1.0,11.11,3,67,5,72,6.45,14.4,3,0
,0f1ea8c4,Nelson Jesus Navarrete Aburto,male,Chile,1,1,1,8,1,0,0,0,0,0,1.0,12.5,0,0,0,0,0.0,,0,0
,41e04234,O Qudratov,male,Uzbekistan,2,2,1,3,1,1,0,0,0,0,1.0,33.33,1,18,3,39,13.0,13.0,3,0
,7eb7b47b,P Cabebula,male,Fiji,5,4,1,10,1,0,0,0,0,0,0.25,10.0,5,99,5,115,6.97,23.0,2,0
,0f61aa94,P Donkaew,male,Thailand,2,1,1,3,1,0,0,0,0,0,1.0,33.33,2,18,3,9,3.0,3.0,2,0
,ecfdfbad,P Hingorani,male,Romania,4,3,1,6,1,2,0,0,0,0,1.0,16.67,4,39,3,57,8.77,19.0,2,0
,7c4e8e13,P Sadev,male,Italy,1,1,1,4,1,0,0,0,0,0,1.0,25.0,0,0,0,0,0.0,,0,0
,5500c675,PC Connell,male,Ireland,4,1,1,2,1,1,0,0,0,0,,50.0,4,72,6,70,5.83,11.67,2,0
,bd93fea4,PM Siddle,male,Australia,2,1,1,1,1,1,0,0,0,0,,100.0,2,48,3,58,7.25,19.33,2,0
,3852600a,Qasim Anwar,male,Cyprus,3,1,1,2,1,0,0,0,0,0,1.0,50.0,3,60,3,58,5.8,19.33,3,0
,c9c57de3,R Chatterton,male,Peru,2,1,1,7,1,0,0,0,0,0,1.0,14.29,2,48,3,60,7.5,20.0,3,0
,26a85969,R Dhawan,male,India,1,1,1,2,1,1,0,0,0,0,,50.0,1,24,1,42,10.5,42.0,1,0
,ea0e8ea2,R Mahajan,male,Philippines,3,1,1,1,1,1,0,0,0,0,,100.0,3,60,2,93,9.3,46.5,1,0
,a2437e72,R Murugan,male,Croatia,3,3,1,7,1,1,0,0,0,0,0.5,14.29,0,0,0,0,0.0,,0,0
,92c43fac,RD McCann,male,Ireland,1,1,1,2,1,0,0,0,0,0,1.0,50.0,0,0,0,0,0.0,,0,0
,d9ba93c0,RV Nascimento,male,Brazil,9,2,1,3,1,1,0,0,0,0,1.0,33.33,9,156,8,162,6.23,20.25,3,0
,eac5f67f,Ravinder Gill,male,Romania,2,1,1,1,1,1,0,0,0,0,,100.0,1,12,0,19,9.5,,0,0
,9bfb8edc,Riyaz Kajalwala,male,Cyprus,2,2,1,9,1,1,0,0,0,0,1.0,11.11,1,3,0,14,28.0,,0,0
,824596c2,Ross Hardie,male,Peru,1,1,1,2,1,1,0,0,0,0,,50.0,0,0,0,0,0.0,,0,0
,28c7d721,S Bhari,male,Nepal,8,4,1,6,1,3,0,0,0,0,1.0,16.67,8,150,8,185,7.4,23.12,2,0
,71847f28,S Browne,male,Luxembourg,2,2,1,9,1,0,0,0,0,0,0.5,11.11,0,0,0,0,0.0,,0,0
,86ac0262,S Mills,male,Isle of Man,1,1,1,3,1,1,0,0,0,0,,33.33,0,0,0,0,0.0,,0,0
,bbd365ad,S Ogundipe,male,Nigeria,3,1,1,3,1,1,0,0,0,0,,33.33,3,36,1,25,4.17,25.0,1,0
,fdb8ed0d,SD Parry,male,England,5,1,1,1,1,0,0,0,0,0,1.0,100.0,5,96,3,138,8.62,46.0,2,0
,e97aefe2,SI Mahmood,male,England,4,2,1,2,1,2,0,0,0,0,,50.0,4,84,3,155,11.07,51.67,1,0
,879095b0,SL Clephane,male,Czech Republic,2,1,1,6,1,0,0,0,0,0,1.0,16.67,1,12,0,30,15.0,,0,0
,d88f9163,ST Yalimaiwai,male,Fiji,3,2,1,2,1,1,0,0,0,0,1.0,50.0,3,60,4,60,6.0,15.0,2,0
,44f11bd0,SV Wiig,male,United States of America,2,1,1,1,1,1,0,0,0,0,,100.0,2,30,2,45,9.0,22.5,2,0
,be48d2e5,SYS Assegon,male,Cameroon,2,2,1,18,1,0,0,0,0,0,0.5,5.56,0,0,0,0,0.0,,0,0
,a8ffa2da,Sajid Safi,male,Belgium,2,1,1,3,1,0,0,0,0,0,1.0,33.33,1,6,0,15,15.0,,0,0
,ce820073,Sandeep Sharma,male,India,2,1,1,1,1,1,0,0,0,0,,100.0,2,42,1,73,10.43,73.0,1,0
,6876264c,Santiago Duggan,male,Argentina,7,1,1,3,1,1,0,0,0,0,,33.33,7,120,5,102,5.1,20.4,1,0
,ef342bdb,Santosh Yadav,male,Nepal,1,1,1,4,1,0,0,0,0,0,1.0,25.0,1,6,0,11,11.0,,0,0
,2df62c48,Sefu Athumani,male,Tanzania,1,1,1,6,1,1,0,0,0,0,,16.67,1,1,0,6,36.0,,0,0
,7e58386e,Snir Massil,male,Israel,1,1,1,3,1,0,0,0,0,0,1.0,33.33,1,1,0,4,24.0,,0,0
,5af743d0,Sohail Khan,male,Pakistan,4,1,1,1,1,1,0,0,0,0,,100.0,4,84,5,116,8.29,23.2,2,0
,8fb49ef8,Suhrawadi Shuvo,male,Bangladesh,1,1,1,3,1,1,0,0,0,0,,33.33,1,6,0,12,12.0,,0,0
,ada72696,Sukhjinder Singh,male,Canada,5,1,1,4,1,1,0,0,0,0,,25.0,4,78,2,69,5.31,34.5,2,0
,1e43a8c8,Sukhkaran Sahi,male,Romania,3,1,1,2,1,0,0,0,0,0,1.0,50.0,3,33,1,54,9.82,54.0,1,0
,fcbdc2b0,Syed Rehmatullah,male,Malaysia,1,1,1,2,1,1,0,0,0,0,,50.0,0,0,0,0,0.0,,0,0
,f75d4a8d,T Batjargal,male,Mongolia,2,2,1,3,1,1,0,0,0,0,1.0,33.33,0,0,0,0,0.0,,0,0
,2c789867,T Misi,male,Samoa,1,1,1,1,1,0,0,0,0,0,1.0,100.0,0,0,0,0,0.0,,0,0
,2e18b647,T Turan,male,Turkey,3,3,1,7,1,1,0,0,0,0,0.5,14.29,1,5,0,4,4.8,,0,0
,1581c6be,T Ulutuna,male,Turkey,1,1,1,2,1,0,0,0,0,0,1.0,50.0,1,6,0,6,6.0,,0,0
,47fe8c33,TM Anker,male,Cook Islands,1,1,1,6,1,1,0,0,0,0,,16.67,0,0,0,0,0.0,,0,0
,d4f2a7b0,Toqeer Ahmad,male,Denmark,6,2,1,4,1,0,0,0,0,0,0.5,25.0,6,118,8,131,6.66,16.38,3,0
,80b544e7,V Hettiarachchi,male,Estonia,1,1,1,2,1,0,0,0,0,0,1.0,50.0,1,6,0,12,12.0,,0,0
,1bd16445,VM Nyauchi,male,Zimbabwe,2,1,1,3,1,1,0,0,0,0,,33.33,2,42,3,66,9.43,22.0,3,0
,e1370b54,WJR Robertson,male,Jersey,1,1,1,2,1,1,0,0,0,0,,50.0,1,18,0,6,2.0,,0,0
,87ffd217,ZK Shem,male,Vanuatu,2,1,1,3,1,1,0,0,0,0,,33.33,2,30,1,61,12.2,61.0,1,0
,1e5708ac,Zahid Hussain,male,Canada,2,1,1,1,1,1,0,0,0,0,,100.0,2,33,0,31,5.64,,0,0
,1636356e,Zuber Sunasara,male,Saudi Arabia,1,1,1,7,1,0,0,0,0,0,1.0,14.29,1,2,0,2,6.0,,0,0
,b9317f7a,A Amburose,male,Bahamas,2,2,0,6,0,0,0,0,0,0,0.0,0.0,0,0,0,0,0.0,,0,0
,321be7e3,A Ashok,male,New Zealand,1,0,0,0,0,0,0,0,0,0,,0.0,1,24,1,28,7.0,28.0,1,0
,96912eac,A Denuwan,male,Italy,3,0,0,0,0,0,0,0,0,0,,0.0,3,38,1,50,7.89,50.0,1,0
,9c1b1f4b,A Desai,male,United States of America,4,0,0,0,0,0,0,0,0,0,,0.0,4,66,5,80,7.27,16.0,2,0
,1c0a2249,A Dhar,male,Cayman Islands,2,0,0,0,0,0,0,0,0,0,,0.0,2,18,0,30,10.0,,0,0
,b8889eb7,A Faletar,male,Croatia,2,2,0,2,0,1,0,0,0,0,0.0,0.0,0,0,0,0,0.0,,0,0
,a6f365e7,A Kanogullari,male,Turkey,2,2,0,13,0,0,0,0,0,0,0.0,0.0,0,0,0,0,0.0,,0,0
,6da5685e,A Kessar,male,Singapore,4,0,0,0,0,0,0,0,0,0,,0.0,4,60,6,58,5.8,9.67,2,0
,c266599c,A Khasanov,male,Uzbekistan,4,1,0,2,0,0,0,0,0,0,0.0,0.0,4,60,2,106,10.6,53.0,2,0
,3cacbb57,A Martin,male,West Indies,1,0,0,0,0,0,0,0,0,0,,0.0,1,18,1,20,6.67,20.0,1,0
,6b19d823,A Mishra,male,India,10,0,0,0,0,0,0,0,0,0,,0.0,10,228,16,240,6.32,15.0,3,0
,4957b300,A Neill,male,Scotland,4,0,0,0,0,0,0,0,0,0,,0.0,4,96,7,120,7.5,17.14,3,0
,2503e881,A Nel,male,South Africa,2,1,0,2,0,1,0,0,0,0,,0.0,2,48,2,42,5.25,21.0,2,0
,201d3a67,A Sawyer,male,Gibraltar,2,0,0,0,0,0,0,0,0,0,,0.0,2,12,0,22,11.0,,0,0
,a73321d3,A Shahzad,male,England,3,1,0,3,0,1,0,0,0,0,,0.0,3,66,3,97,8.82,32.33,2,0
,917f0c3f,A Trivedi,male,Luxembourg,1,0,0,0,0,0,0,0,0,0,,0.0,1,6,0,15,15.0,,0,0
,c9835e0a,A Wichakam,male,Thailand,2,1,0,1,0,0,0,0,0,0,0.0,0.0,2,24,0,14,3.5,,0,0
,b69e69ed,AA Noffke,male,Australia,2,0,0,0,0,0,0,0,0,0,,0.0,2,45,4,41,5.47,10.25,3,0
,03d3dd8e,AF Buurman,male,Netherlands,1,1,0,2,0,0,0,0,0,0,0.0,0.0,0,0,0,0,0.0,,0,0
,de3acffe,AJ McKay,male,New Zealand,2,1,0,1,0,0,0,0,0,0,0.0,0.0,2,34,2,31,5.47,15.5,2,0
,3f4456f5,AQM Yako,male,South Africa,1,0,0,0,0,0,0,0,0,0,,0.0,1,18,0,10,3.33,,0,0
,c5147782,ARH Patel,male,Costa Rica,2,2,0,4,0,0,0,0,0,0,0.0,0.0,1,6,0,3,3.0,,0,0
,51e0e79f,AS Abioye,male,Nigeria,3,0,0,0,0,0,0,0,0,0,,0.0,3,48,3,70,8.75,23.33,2,0
,c3c30109,AS Hundal,male,Canada,1,1,0,4,0,0,0,0,0,0,0.0,0.0,0,0,0,0,0.0,,0,0
,d2a6614c,AS Nadkarni,male,United States of America,1,0,0,0,0,0,0,0,0,0,,0.0,1,12,0,13,6.5,,0,0
,b6af1647,Abdul Bashir,male,Germany,4,0,0,0,0,0,0,0,0,0,,0.0,4,72,2,114,9.5,57.0,1,0
,7f065618,Abdul Rauf,male,Bahrain,1,1,0,1,0,0,0,0,0,0,0.0,0.0,1,18,0,35,11.67,,0,0
,5c756df3,Abul Hasan,male,Bangladesh,2,0,0,0,0,0,0,0,0,0,,0.0,2,36,2,60,10.0,30.0,2,0
,2f94b39d,Adil Latheef,male,Malta,3,0,0,0,0,0,0,0,0,0,,0.0,3,54,2,57,6.33,28.5,1,0
,79b2d37a,Adnan Gondal,male,Portugal,1,0,0,0,0,0,0,0,0,0,,0.0,1,12,0,5,2.5,,0,0
,540ef551,Adnan Syed,male,Finland,2,0,0,0,0,0,0,0,0,0,,0.0,2,25,0,39,9.36,,0,0
,0c160e0d,Afif Khattak,male,Switzerland,1,0,0,0,0,0,0,0,0,0,,0.0,1,18,1,23,7.67,23.0,1,0
,a90e8bcf,Ahmadi Ravat,male,Panama,1,1,0,1,0,0,0,0,0,0,0.0,0.0,0,0,0,0,0.0,,0,0
,d6055cb9,Ahmadschah Ahmadzai,male,Germany,1,0,0,0,0,0,0,0,0,0,,0.0,1,12,2,24,12.0,12.0,2,0
,8bbb89ab,Ahmed Baladraf,male,Saudi Arabia,4,1,0,1,0,0,0,0,0,0,0.0,0.0,4,78,7,84,6.46,12.0,3,0
,48adc7d3,Ahmed Raid,male,Maldives,1,0,0,0,0,0,0,0,0,0,,0.0,1,12,0,14,7.0,,0,0
,5441db8c,Aizaz Cheema,male,Pakistan,5,1,0,3,0,1,0,0,0,0,,0.0,5,102,8,116,6.82,14.5,4,0
,c80b4969,Ajay Kumar,male,United Arab Emirates,1,0,0,0,0,0,0,0,0,0,,0.0,1,24,0,16,4.0,,0,0
,dc9fc03a,Akash Waduwalage,male,Luxembourg,1,0,0,0,0,0,0,0,0,0,,0.0,1,18,0,21,7.0,,0,0
,dd3df124,Akramullah Malikzada,male,Hungary,2,0,0,0,0,0,0,0,0,0,,0.0,2,12,1,21,10.5,21.0,1,0
,818aef9a,Ali Abdulla Popalzae,male,Greece,1,1,0,3,0,0,0,0,0,0,0.0,0.0,1,18,3,21,7.0,7.0,3,0
,7db29f25,Ali Naqi,male,Portugal,3,0,0,0,0,0,0,0,0,0,,0.0,3,36,0,45,7.5,,0,0
,c78316ab,Amir Hamza,male,Spain,2,0,0,0,0,0,0,0,0,0,,0.0,2,12,1,17,8.5,17.0,1,0
,af98bf5b,Ammar Khalid,male,Canada,7,0,0,0,0,0,0,0,0,0,,0.0,7,156,12,174,6.69,14.5,4,0
,46d037eb,Ammar Zuhdi Hazalan,male,Malaysia,1,1,0,3,0,0,0,0,0,0,0.0,0.0,0,0,0,0,0.0,,0,0
,c593fbb3,Anas Baig,male,Uganda,1,1,0,1,0,0,0,0,0,0,0.0,0.0,0,0,0,0,0.0,,0,0
,c2233c17,Andrey Lilov,male,Bulgaria,1,1,0,2,0,0,0,0,0,0,0.0,0.0,0,0,0,0,0.0,,0,0
,9e76cdb3,Ansh Patel,male,Canada,7,1,0,1,0,1,0,0,0,0,,0.0,7,120,8,115,5.75,14.38,3,0
,1558c83d,Apon Mustafizur,male,Serbia,2,2,0,9,0,0,0,0,0,0,0.0,0.0,0,0,0,0,0.0,,0,0
,807c91e3,Arif Nasir Uddin,male,Qatar,2,0,0,0,0,0,0,0,0,0,,0.0,2,24,0,41,10.25,,0,0
,788dbfcd,Arnav Manoj,male,Singapore,3,3,0,7,0,0,0,0,0,0,0.0,0.0,0,0,0,0,0.0,,0,0
,e66d962d,Arsalan Qadir,male,Canada,1,0,0,0,0,0,0,0,0,0,,0.0,1,6,0,12,12.0,,0,0
,ed031922,Arshad Iqbal,male,Pakistan,3,2,0,2,0,0,0,0,0,0,0.0,0.0,3,54,4,53,5.89,13.25,3,0
,f476d2a5,Asad Ali,male,Pakistan,2,0,0,0,0,0,0,0,0,0,,0.0,2,24,0,33,8.25,,0,0
,50c09020,Ashok Sharma,male,India,2,0,0,0,0,0,0,0,0,0,,0.0,2,48,1,49,6.12,49.0,1,0
,71b1e668,Assad Mehmood,male,Portugal,2,0,0,0,0,0,0,0,0,0,,0.0,2,42,1,29,4.14,29.0,1,0
,596ed7e6,Aswad Khan,male,Bulgaria,1,0,0,0,0,0,0,0,0,0,,0.0,1,6,0,14,14.0,,0,0
,eb02a5f7,Ayush Ummat,male,Estonia,1,1,0,5,0,0,0,0,0,0,0.0,0.0,0,0,0,0,0.0,,0,0
,2df72aae,B Akhilesh Reddy,male,United States of America,4,0,0,0,0,0,0,0,0,0,,0.0,4,96,1,85,5.31,85.0,1,0
,50758325,B Geeves,male,Australia,1,0,0,0,0,0,0,0,0,0,,0.0,1,20,2,35,10.5,17.5,2,0
,7132a1a6,B Kalki Kumar,male,Malta,2,0,0,0,0,0,0,0,0,0,,0.0,2,30,0,40,8.0,,0,0
,edc2a9c6,B Karki,male,Nepal,1,0,0,0,0,0,0,0,0,0,,0.0,1,24,1,6,1.5,6.0,1,0
,b2a79f17,B Laughlin,male,Australia,3,0,0,0,0,0,0,0,0,0,,0.0,3,71,2,118,9.97,59.0,1,0
,6761bc35,B Mngoma,male,Eswatini,1,0,0,0,0,0,0,0,0,0,,0.0,1,18,0,37,12.33,,0,0
,dfba63a4,B Schuster,male,Samoa,2,0,0,0,0,0,0,0,0,0,,0.0,2,24,1,27,6.75,27.0,1,0
,57022b64,BA Simango,male,Mozambique,2,2,0,4,0,0,0,0,0,0,0.0,0.0,0,0,0,0,0.0,,0,0
,d8b2f218,BB Sran,male,India,2,0,0,0,0,0,0,0,0,0,,0.0,2,48,6,41,5.12,6.83,4,0
,abd82f3b,BE Fletcher,male,Netherlands,2,0,0,0,0,0,0,0,0,0,,0.0,2,30,2,60,12.0,30.0,1,0
,f801d963,BE Johnson,male,Guernsey,1,0,0,0,0,0,0,0,0,0,,0.0,1,12,0,32,16.0,,0,0
,549aefcd,BJ Diamanti,male,New Zealand,1,0,0,0,0,0,0,0,0,0,,0.0,1,12,0,19,9.5,,0,0
,308ca4bd,Bashar Khan,male,Italy,4,0,0,0,0,0,0,0,0,0,,0.0,4,75,4,51,4.08,12.75,2,0
,8903a5f3,Benson Chama,male,Zambia,1,1,0,2,0,0,0,0,0,0,0.0,0.0,0,0,0,0,0.0,,0,0
,269f3186,Borna Pejic,male,Croatia,1,1,0,1,0,0,0,0,0,0,0.0,0.0,1,6,0,13,13.0,,0,0
,ddf3ccfa,C Cirino,male,Brazil,2,0,0,0,0,0,0,0,0,0,,0.0,2,30,1,37,7.4,37.0,1,0
,af39dcae,C Gwilliam-Lopez,male,Spain,1,0,0,0,0,0,0,0,0,0,,0.0,1,18,1,19,6.33,19.0,1,0
,7afc806f,C Olphert,male,Ireland,2,0,0,0,0,0,0,0,0,0,,0.0,2,30,0,65,13.0,,0,0
,ff722bc8,C Outerbridge,male,Bermuda,4,1,0,3,0,0,0,0,0,0,0.0,0.0,4,54,4,50,5.56,12.5,3,0
,7bf34437,C Pervez,male,Canada,3,0,0,0,0,0,0,0,0,0,,0.0,3,42,3,49,7.0,16.33,3,0
,91633ba5,C Rathanak,male,Cambodia,1,1,0,1,0,0,0,0,0,0,0.0,0.0,0,0,0,0,0.0,,0,0
,eea27fb2,CA Liyanage,male,Maldives,2,1,0,1,0,0,0,0,0,0,0.0,0.0,1,6,0,14,14.0,,0,0
,e91933cb,CC Blake,male,Vanuatu,3,0,0,0,0,0,0,0,0,0,,0.0,3,48,1,49,6.12,49.0,1,0
,62c4b38b,CG Campbell,male,Germany,1,0,0,0,0,0,0,0,0,0,,0.0,1,18,0,42,14.0,,0,0
,f6571355,CK Tshuma,male,Zimbabwe,1,0,0,0,0,0,0,0,0,0,,0.0,1,6,0,10,10.0,,0,0
,a72b14ff,CT Tremlett,male,England,1,0,0,0,0,0,0,0,0,0,,0.0,1,24,2,45,11.25,22.5,2,0
,3c582768,Chetan Kumar Ahir,male,Panama,1,1,0,8,0,0,0,0,0,0,0.0,0.0,0,0,0,0,0.0,,0,0
,a671e99e,D Berthe,male,Mali,2,2,0,3,0,0,0,0,0,0,0.0,0.0,0,0,0,0,0.0,,0,0
,fcbf5a30,D Gough,male,England,2,0,0,0,0,0,0,0,0,0,,0.0,2,41,3,49,7.17,16.33,3,0
,fdd87c7c,D Mutu,male,Turkey,1,1,0,3,0,1,0,0,0,0,,0.0,0,0,0,0,0.0,,0,0
,b7062209,D Polpitiya,male,Eswatini,4,1,0,1,0,0,0,0,0,0,0.0,0.0,4,66,4,87,7.91,21.75,3,0
,6e64afca,D Triantafillithis,male,Greece,2,1,0,2,0,0,0,0,0,0,0.0,0.0,2,8,0,27,20.25,,0,0
,a72d5b1a,D Vora,male,Hong Kong,1,0,0,0,0,0,0,0,0,0,,0.0,1,12,0,19,9.5,,0,0
,0f9c9d1d,DC Delany,male,Ireland,7,1,0,1,0,0,0,0,0,0,0.0,0.0,7,147,7,198,8.08,28.29,2,0
,671398e3,DK Butler,male,West Indies,1,0,0,0,0,0,0,0,0,0,,0.0,1,18,0,22,7.33,,0,0
,9d0e7c58,DM Richards,male,West Indies,1,1,0,1,0,0,0,0,0,0,0.0,0.0,0,0,0,0,0.0,,0,0
,3b1fa4cb,DO Christian,male,West Indies,1,1,0,2,0,0,0,0,0,0,0.0,0.0,0,0,0,0,0.0,,0,0
,f3abd0c9,DR Briggs,male,England,6,0,0,0,0,0,0,0,0,0,,0.0,6,108,5,199,11.06,39.8,2,0
,7545a91a,DS Wesonga,male,Kenya,1,0,0,0,0,0,0,0,0,0,,0.0,1,12,0,15,7.5,,0,0
,248698f4,DSK Madushanka,male,Sri Lanka,2,0,0,0,0,0,0,0,0,0,,0.0,2,31,2,62,12.0,31.0,2,0
,47c449c5,Dayyaan Galiem,male,South Africa,1,0,0,0,0,0,0,0,0,0,,0.0,1,24,2,21,5.25,10.5,2,0
,79a29279,Deep Harian,male,Indonesia,1,1,0,1,0,0,0,0,0,0,0.0,0.0,1,12,0,18,9.0,,0,0
,6cd74704,Dharmendra Manani,male,Romania,1,0,0,0,0,0,0,0,0,0,,0.0,1,18,2,25,8.33,12.5,2,0
,333cbc00,E Frosler,male,South Africa,1,0,0,0,0,0,0,0,0,0,,0.0,1,12,0,18,9.0,,0,0
,a7bc76a0,E Leie,male,South Africa,2,0,0,0,0,0,0,0,0,0,,0.0,2,36,4,48,8.0,12.0,3,0
,acaf467d,E Munkhbat,male,Mongolia,1,1,0,5,0,0,0,0,0,0,0.0,0.0,0,0,0,0,0.0,,0,0
,cb5100f1,Ebadat Hossain,male,Bangladesh,4,0,0,0,0,0,0,0,0,0,,0.0,4,91,7,140,9.23,20.0,3,0
,5ef7b1ba,Ebrahim Naseri,male,Austria,1,0,0,0,0,0,0,0,0,0,,0.0,1,6,0,11,11.0,,0,0
,ffbbf432,F Choudary,male,Sweden,2,1,0,1,0,1,0,0,0,0,,0.0,2,18,1,31,10.33,31.0,1,0
,a07c24ea,F Pieters,male,South Korea,1,1,0,2,0,0,0,0,0,0,0.0,0.0,0,0,0,0,0.0,,0,0
,a7de8e39,F Thorpe,male,Gambia,1,1,0,1,0,0,0,0,0,0,0.0,0.0,0,0,0,0,0.0,,0,0
,4de681b8,F Zirahangaje,male,Rwanda,2,0,0,0,0,0,0,0,0,0,,0.0,2,36,1,54,9.0,54.0,1,0
,f3e4494a,Faizalmahmed Patel,male,Eswatini,2,0,0,0,0,0,0,0,0,0,,0.0,2,18,1,30,10.0,30.0,1,0
,e6a7c6e2,G Axtell,male,Bahrain,2,1,0,2,0,1,0,0,0,0,,0.0,2,42,1,42,6.0,42.0,1,0
,17530fd9,G Irvin,male,Bahamas,3,0,0,0,0,0,0,0,0,0,,0.0,3,66,5,56,5.09,11.2,3,0
,732ce0c2,G Mubiru,male,Uganda,3,0,0,0,0,0,0,0,0,0,,0.0,3,54,4,48,5.33,12.0,2,0
,5ca0e315,G Richardson,male,Jersey,4,0,0,0,0,0,0,0,0,0,,0.0,4,67,4,93,8.33,23.25,2,0
,d4d37c31,GA Stuurman,male,South Africa,1,0,0,0,0,0,0,0,0,0,,0.0,1,12,0,28,14.0,,0,0
,da785bf8,GB Brent,male,Zimbabwe,2,0,0,0,0,0,0,0,0,0,,0.0,2,42,2,53,7.57,26.5,2,0
,7f2f7ad9,GBK Roland,male,Ivory Coast,3,2,0,11,0,0,0,0,0,0,0.0,0.0,2,30,0,78,15.6,,0,0
,7d21eb9b,GC Tonge,male,West Indies,1,0,0,0,0,0,0,0,0,0,,0.0,1,24,1,25,6.25,25.0,1,0
,0d9d3baa,GF Gomes,male,Mozambique,1,1,0,1,0,0,0,0,0,0,0.0,0.0,0,0,0,0,0.0,,0,0
,a8bbd62e,GI Maiden,male,Scotland,1,0,0,0,0,0,0,0,0,0,,0.0,1,12,0,14,7.0,,0,0
,6232e1ed,GJ McCarter,male,Ireland,1,0,0,0,0,0,0,0,0,0,,0.0,1,18,0,30,10.0,,0,0
,019e7a95,GO Sopinho,male,Mozambique,1,1,0,1,0,0,0,0,0,0,0.0,0.0,0,0,0,0,0.0,,0,0
,42a05795,GW Aldridge,male,New Zealand,1,0,0,0,0,0,0,0,0,0,,0.0,1,24,1,45,11.25,45.0,1,0
,ee7abb32,Gershon Yusuf,male,Nigeria,1,1,0,1,0,0,0,0,0,0,0.0,0.0,0,0,0,0,0.0,,0,0
,f87f5e5f,Ghayour Ahmad,male,Saudi Arabia,2,0,0,0,0,0,0,0,0,0,,0.0,2,24,0,35,8.75,,0,0
,bb20441f,H Dhami,male,Nepal,2,0,0,0,0,0,0,0,0,0,,0.0,2,30,2,40,8.0,20.0,2,0
,25261429,H Gori,male,Czech Republic,1,1,0,3,0,0,0,0,0,0,0.0,0.0,1,12,1,22,11.0,22.0,1,0
,1a597e24,HAG Madhushanka,male,Seychelles,2,1,0,1,0,0,0,0,0,0,0.0,0.0,2,18,0,36,12.0,,0,0
,2c01f21a,HC Overdijk,male,Netherlands,1,0,0,0,0,0,0,0,0,0,,0.0,1,12,1,11,5.5,11.0,1,0
,e412cb64,HF Gurney,male,England,2,0,0,0,0,0,0,0,0,0,,0.0,2,48,3,55,6.88,18.33,2,0
,5ef9ebaf,HS Bedi,male,Serbia,1,0,0,0,0,0,0,0,0,0,,0.0,1,12,0,18,9.0,,0,0
,f74390c5,Hamza Riaz,male,Bahrain,1,1,0,6,0,0,0,0,0,0,0.0,0.0,0,0,0,0,0.0,,0,0
,a2369eaf,Hasan Cakir,male,Turkey,2,1,0,2,0,0,0,0,0,0,0.0,0.0,1,6,1,5,5.0,5.0,1,0
,da9f58aa,Hasan Murad,male,Bangladesh,1,0,0,0,0,0,0,0,0,0,,0.0,1,12,0,16,8.0,,0,0
,3befa8e0,Hashir Hussain,male,Norway,1,0,0,0,0,0,0,0,0,0,,0.0,1,6,0,10,10.0,,0,0
,3543e384,Hein Zin Aung,male,Myanmar,2,2,0,11,0,1,0,0,0,0,0.0,0.0,1,6,0,13,13.0,,0,0
,b4b88cdd,I Mwebaze,male,Uganda,2,0,0,0,0,0,0,0,0,0,,0.0,2,36,1,32,5.33,32.0,1,0
,72f784ca,ID Matic,male,Croatia,2,2,0,8,0,0,0,0,0,0,0.0,0.0,0,0,0,0,0.0,,0,0
,a7489342,IDR Bradshaw,male,West Indies,1,0,0,0,0,0,0,0,0,0,,0.0,1,24,0,22,5.5,,0,0
,78f34e15,IE O'Brien,male,New Zealand,4,0,0,0,0,0,0,0,0,0,,0.0,4,78,6,116,8.92,19.33,2,0
,1a417a09,IM Farrell,male,Gibraltar,1,1,0,2,0,0,0,0,0,0,0.0,0.0,0,0,0,0,0.0,,0,0
,9f236a73,Ian Roberts,male,Argentina,1,0,0,0,0,0,0,0,0,0,,0.0,1,12,0,7,3.5,,0,0
,965e5b62,Ibrahim Altinoluk,male,Turkey,1,1,0,3,0,0,0,0,0,0,0.0,0.0,0,0,0,0,0.0,,0,0
,6adf9347,Iftikhar Anjum,male,Pakistan,2,0,0,0,0,0,0,0,0,0,,0.0,2,48,1,67,8.38,67.0,1,0
,c290033d,Ihsanullah,male,Pakistan,1,0,0,0,0,0,0,0,0,0,,0.0,1,24,0,39,9.75,,0,0
,195fb6db,Imran Khan (1),male,Pakistan,3,1,0,1,0,0,0,0,0,0,0.0,0.0,3,72,2,106,8.83,53.0,2,0
,4ee5ded2,Israr Khan,male,Germany,2,0,0,0,0,0,0,0,0,0,,0.0,2,24,0,37,9.25,,0,0
,069d0889,Ivan Genchev,male,Bulgaria,1,1,0,1,0,0,0,0,0,0,0.0,0.0,0,0,0,0,0.0,,0,0
,010658fc,Ivan Splicevic,male,Croatia,2,2,0,11,0,1,0,0,0,0,0.0,0.0,0,0,0,0,0.0,,0,0
,74487d79,J Edness,male,Bermuda,1,1,0,1,0,0,0,0,0,0,0.0,0.0,0,0,0,0,0.0,,0,0
,2bf69ff5,J Giyanani,male,United Arab Emirates,1,0,0,0,0,0,0,0,0,0,,0.0,1,24,0,35,8.75,,0,0
,a1aeb715,J Hurley,male,Argentina,4,1,0,1,0,0,0,0,0,0,0.0,0.0,4,96,5,111,6.94,22.2,2,0
,f0398c2f,J Matharu,male,Canada,5,0,0,0,0,0,0,0,0,0,,0.0,5,72,2,94,7.83,47.0,2,0
,45be80ed,J Prodehl,male,South Africa,1,0,0,0,0,0,0,0,0,0,,0.0,1,24,2,10,2.5,5.0,2,0
,3c338b6a,J Raubenheimer,male,South Africa,1,0,0,0,0,0,0,0,0,0,,0.0,1,24,2,23,5.75,11.5,2,0
,c66dfb30,J Solomon,male,Ghana,1,1,0,2,0,0,0,0,0,0,0.0,0.0,0,0,0,0,0.0,,0,0
,7714c405,J Thinley,male,Bhutan,2,0,0,0,0,0,0,0,0,0,,0.0,2,18,0,25,8.33,,0,0
,f909b98d,J Umanath,male,Mexico,1,1,0,3,0,0,0,0,0,0,0.0,0.0,0,0,0,0,0.0,,0,0
,cdd875d9,JA Turner,male,England,2,0,0,0,0,0,0,0,0,0,,0.0,2,36,1,64,10.67,64.0,1,0
,1f1b4c89,JC Tongue,male,England,4,0,0,0,0,0,0,0,0,0,,0.0,4,96,7,163,10.19,23.29,4,0
,1e66c162,JD Unadkat,male,India,10,0,0,0,0,0,0,0,0,0,,0.0,10,208,14,301,8.68,21.5,3,0
,5a719b87,JF Chester,male,Swaziland,3,3,0,6,0,2,0,0,0,0,0.0,0.0,1,6,0,18,18.0,,0,0
,6ae9c751,JJ Celestine,male,Bermuda,1,1,0,1,0,0,0,0,0,0,0.0,0.0,0,0,0,0,0.0,,0,0
,e511fdf7,JJ Griffin,male,Isle of Man,1,0,0,0,0,0,0,0,0,0,,0.0,1,6,0,13,13.0,,0,0
,e5542f57,JK Masara,male,Zimbabwe,1,0,0,0,0,0,0,0,0,0,,0.0,1,6,0,5,5.0,,0,0
,c9f851b0,JL de Mey,male,Netherlands,2,0,0,0,0,0,0,0,0,0,,0.0,2,42,1,67,9.57,67.0,1,0
,5471024e,JM Davison,male,Canada,2,2,0,4,0,0,0,0,0,0,0.0,0.0,2,36,1,43,7.17,43.0,1,0
,b24eed5e,JM Obando,male,Costa Rica,1,1,0,5,0,0,0,0,0,0,0.0,0.0,0,0,0,0,0.0,,0,0
,70308587,JMJ Lynn,male,Indonesia,1,0,0,0,0,0,0,0,0,0,,0.0,1,24,3,22,5.5,7.33,3,0
,07793daf,JR Lennox,male,New Zealand,1,0,0,0,0,0,0,0,0,0,,0.0,1,18,1,28,9.33,28.0,1,0
,3d0ed2f9,JT Ball,male,England,2,0,0,0,0,0,0,0,0,0,,0.0,2,42,2,83,11.86,41.5,1,0
,69649715,JT Darrell,male,Bermuda,2,0,0,0,0,0,0,0,0,0,,0.0,2,42,3,22,3.14,7.33,2,0
,6e61adb8,JWW Gardner,male,Papua New Guinea,5,2,0,3,0,1,0,0,0,0,0.0,0.0,5,96,3,135,8.44,45.0,2,0
,96a6ce8e,Jamal Stanikzai,male,Switzerland,2,0,0,0,0,0,0,0,0,0,,0.0,2,36,1,56,9.33,56.0,1,0
,26c7fe2a,Jihad Hossain,male,Eswatini,1,0,0,0,0,0,0,0,0,0,,0.0,1,3,1,10,20.0,10.0,1,0
,a2f790a8,Jitesh Patel,male,Malta,2,0,0,0,0,0,0,0,0,0,,0.0,2,42,1,59,8.43,59.0,1,0
,9f961c14,Joginder Sharma,male,India,4,0,0,0,0,0,0,0,0,0,,0.0,4,87,4,138,9.52,34.5,2,0
,902d916b,Jubair Hossain,male,Bangladesh,1,0,0,0,0,0,0,0,0,0,,0.0,1,12,2,20,10.0,10.0,2,0
,f9b9883f,K Dorji,male,Bhutan,4,2,0,4,0,0,0,0,0,0,0.0,0.0,4,70,4,112,9.6,28.0,2,0
,0371cc19,K Govind,male,Seychelles,1,0,0,0,0,0,0,0,0,0,,0.0,1,18,1,25,8.33,25.0,1,0
,af76af63,K Loday,male,Bhutan,1,1,0,1,0,1,0,0,0,0,,0.0,0,0,0,0,0.0,,0,0
,9124e5ee,K Macheka,male,Zimbabwe,2,0,0,0,0,0,0,0,0,0,,0.0,2,39,4,53,8.15,13.25,3,0
,4460c969,K Mtunduwatha,male,Malawi,1,0,0,0,0,0,0,0,0,0,,0.0,1,6,0,10,10.0,,0,0
,f2957511,K Penjor,male,Bhutan,1,0,0,0,0,0,0,0,0,0,,0.0,1,12,0,19,9.5,,0,0
,531f0278,K Santokie,male,West Indies,12,0,0,0,0,0,0,0,0,0,,0.0,12,245,18,278,6.81,15.44,4,0
,cf06cb34,K Subramanian,male,Singapore,1,0,0,0,0,0,0,0,0,0,,0.0,1,24,3,27,6.75,9.0,3,0
,a65593c6,K Tari,male,Vanuatu,1,0,0,0,0,0,0,0,0,0,,0.0,1,18,1,26,8.67,26.0,1,0
,78b18572,K Xolmuradov,male,Uzbekistan,1,0,0,0,0,0,0,0,0,0,,0.0,1,12,0,24,12.0,,0,0
,056f58dd,KC Hodsoll,male,Bermuda,1,0,0,0,0,0,0,0,0,0,,0.0,1,18,2,19,6.33,9.5,2,0
,1e1a8922,KDC Clarke,male,New Zealand,1,1,0,1,0,0,0,0,0,0,0.0,0.0,1,24,1,40,10.0,40.0,1,0
,c31a3282,KK Tetik,male,Turkey,1,0,0,0,0,0,0,0,0,0,,0.0,1,2,0,5,15.0,,0,0
,d5f4f4e4,KO Altamirano,male,Costa Rica,1,1,0,1,0,0,0,0,0,0,0.0,0.0,0,0,0,0,0.0,,0,0
,9b79b9de,KTGD Prasad,male,Sri Lanka,1,0,0,0,0,0,0,0,0,0,,0.0,1,18,0,37,12.33,,0,0
,119678fd,KV Sharma,male,India,1,0,0,0,0,0,0,0,0,0,,0.0,1,24,1,28,7.0,28.0,1,0
,df61f648,Karthik Jayaraj,male,Cayman Islands,1,0,0,0,0,0,0,0,0,0,,0.0,1,18,0,24,8.0,,0,0
,fa549641,Karthik Pillai,male,Bulgaria,2,0,0,0,0,0,0,0,0,0,,0.0,2,30,0,48,9.6,,0,0
,5dbdecf1,Khaled Ahmed,male,Bangladesh,1,0,0,0,0,0,0,0,0,0,,0.0,1,24,0,37,9.25,,0,0
,a3690f55,Khuzaima Tanveer,male,United Arab Emirates,2,1,0,1,0,0,0,0,0,0,0.0,0.0,2,41,0,56,8.2,,0,0
,b2b50355,L Balaji,male,India,4,0,0,0,0,0,0,0,0,0,,0.0,4,75,7,102,8.16,14.57,3,0
,e30c9b2d,L Croospulle,male,Sri Lanka,1,1,0,1,0,0,0,0,0,0,0.0,0.0,0,0,0,0,0.0,,0,0
,18f4d808,L Gharasim,male,Romania,2,0,0,0,0,0,0,0,0,0,,0.0,2,15,1,18,7.2,18.0,1,0
,203de497,L Makgale,male,Botswana,2,0,0,0,0,0,0,0,0,0,,0.0,2,24,3,9,2.25,3.0,2,0
,5260d30c,L Ntanzi,male,South Africa,1,0,0,0,0,0,0,0,0,0,,0.0,1,6,0,10,10.0,,0,0
,ddb41291,L Sreekumar,male,United Arab Emirates,1,1,0,1,0,0,0,0,0,0,0.0,0.0,0,0,0,0,0.0,,0,0
,9ba59a3c,LJ Woodcock,male,New Zealand,3,0,0,0,0,0,0,0,0,0,,0.0,3,60,1,70,7.0,70.0,1,0
,441b1b20,LS Baker,male,West Indies,3,0,0,0,0,0,0,0,0,0,,0.0,3,48,2,58,7.25,29.0,1,0
,657c4b12,M Altankhuyag,male,Mongolia,1,1,0,9,0,0,0,0,0,0,0.0,0.0,1,12,1,55,27.5,55.0,1,0
,b5a12740,M Beardman,male,Australia,1,0,0,0,0,0,0,0,0,0,,0.0,1,24,2,33,8.25,16.5,2,0
,52a0b3ed,M Breban,male,Guernsey,1,0,0,0,0,0,0,0,0,0,,0.0,1,24,3,24,6.0,8.0,3,0
,4631be71,M Charlie,male,Papua New Guinea,2,1,0,2,0,0,0,0,0,0,0.0,0.0,2,30,2,28,5.6,14.0,1,0
,0abb2525,M Heingo,male,Namibia,14,1,0,2,0,1,0,0,0,0,,0.0,14,229,12,351,9.2,29.25,2,0
,abfeb126,M Kartik,male,India,1,0,0,0,0,0,0,0,0,0,,0.0,1,24,0,27,6.75,,0,0
,e7a0cb9a,M Leporoporo,male,Lesotho,5,3,0,9,0,1,0,0,0,0,0.0,0.0,4,66,4,105,9.55,26.25,1,0
,a9fd84fb,M Markande,male,India,1,0,0,0,0,0,0,0,0,0,,0.0,1,24,0,31,7.75,,0,0
,d8141f01,M Noble,male,Mexico,4,1,0,1,0,0,0,0,0,0,0.0,0.0,3,54,1,37,4.11,37.0,1,0
,af2a0740,M Pushpakumara,male,Sri Lanka,1,0,0,0,0,0,0,0,0,0,,0.0,1,18,1,27,9.0,27.0,1,0
,82fc5e8d,M Sedgwick,male,Estonia,1,0,0,0,0,0,0,0,0,0,,0.0,1,6,0,21,21.0,,0,0
,dd9ab45d,M Viswanathan,male,Seychelles,1,1,0,3,0,0,0,0,0,0,0.0,0.0,0,0,0,0,0.0,,0,0
,6f79d514,M Walker,male,Bermuda,1,0,0,0,0,0,0,0,0,0,,0.0,1,18,1,23,7.67,23.0,1,0
,9b75e4f1,M Zondeki,male,South Africa,1,1,0,1,0,0,0,0,0,0,0.0,0.0,1,18,1,41,13.67,41.0,1,0
,d4eef961,M de Lange,male,South Africa,6,0,0,0,0,0,0,0,0,0,,0.0,6,140,7,228,9.77,32.57,2,0
,e2ee90d9,MA Aponso,male,Sri Lanka,3,1,0,2,0,0,0,0,0,0,0.0,0.0,3,60,4,79,7.9,19.75,2,0
,4d0055a0,MA Parker,male,Scotland,1,0,0,0,0,0,0,0,0,0,,0.0,1,24,1,36,9.0,36.0,1,0
,aef2982e,MB van Schelven,male,Netherlands,2,0,0,0,0,0,0,0,0,0,,0.0,2,42,3,30,4.29,10.0,2,0
,1b3acd33,MD Bates,male,New Zealand,3,0,0,0,0,0,0,0,0,0,,0.0,3,66,4,107,9.73,26.75,3,0
,153aaa6f,MD Byrne,male,Indonesia,1,1,0,1,0,0,0,0,0,0,0.0,0.0,0,0,0,0,0.0,,0,0
,7068c81e,MJ Fisher,male,New Zealand,1,0,0,0,0,0,0,0,0,0,,0.0,1,24,0,53,13.25,,0,0
,894b2d25,MJ Potts,male,England,1,0,0,0,0,0,0,0,0,0,,0.0,1,24,2,48,12.0,24.0,2,0
,95b5bda3,MK Hollard,male,Ireland,2,0,0,0,0,0,0,0,0,0,,0.0,2,48,6,54,6.75,9.0,3,0
,8b8745fd,ML Lewis,male,Australia,2,0,0,0,0,0,0,0,0,0,,0.0,2,45,4,49,6.53,12.25,2,0
,4ff67681,MM Iqbal,male,Scotland,1,0,0,0,0,0,0,0,0,0,,0.0,1,24,2,15,3.75,7.5,2,0
,f0f628c7,MM Patel,male,India,3,1,0,1,0,0,0,0,0,0,0.0,0.0,3,60,4,86,8.6,21.5,2,0
,c4d28aa3,MS Aulakh,male,Canada,3,1,0,2,0,0,0,0,0,0,0.0,0.0,3,54,3,82,9.11,27.33,2,0
,f0a0204e,MS Crane,male,England,2,0,0,0,0,0,0,0,0,0,,0.0,2,48,1,62,7.75,62.0,1,0
,1b668884,MS Sinclair,male,New Zealand,2,2,0,5,0,0,0,0,0,0,0.0,0.0,0,0,0,0,0.0,,0,0
,0ee7ede5,Mahmad Data,male,Panama,2,1,0,1,0,0,0,0,0,0,0.0,0.0,2,11,0,21,11.45,,0,0
,9018bf65,Mansoor Amjad,male,Pakistan,1,0,0,0,0,0,0,0,0,0,,0.0,1,6,3,3,3.0,1.0,3,0
,fbd96cb6,Mehran Siasar,male,Iran,1,1,0,3,0,0,0,0,0,0,0.0,0.0,0,0,0,0,0.0,,0,0
,b6004a31,Mohamed Fadiga,male,Mali,1,1,0,4,0,0,0,0,0,0,0.0,0.0,0,0,0,0,0.0,,0,0
,8c7b9bfc,Mohamed Ishmath,male,Maldives,8,2,0,3,0,0,0,0,0,0,0.0,0.0,8,156,5,188,7.23,37.6,2,0
,a5bdacc3,Mohamed Miuvaan,male,Maldives,2,1,0,1,0,0,0,0,0,0,0.0,0.0,2,24,0,32,8.0,,0,0
,71f436db,Mohamed Roshan,male,Gibraltar,1,0,0,0,0,0,0,0,0,0,,0.0,1,16,0,38,14.25,,0,0
,c4a60a7b,Mohammad Ayaz,male,United Arab Emirates,1,1,0,2,0,0,0,0,0,0,0.0,0.0,1,12,0,25,12.5,,0,0
,4d05a82e,Mohammad Kashif,male,Netherlands,1,0,0,0,0,0,0,0,0,0,,0.0,1,12,1,19,9.5,19.0,1,0
,c285c86e,Mohammad Shahid,male,Bangladesh,1,0,0,0,0,0,0,0,0,0,,0.0,1,18,1,32,10.67,32.0,1,0
,83b3a4eb,Mohammed Aslam,male,Qatar,1,0,0,0,0,0,0,0,0,0,,0.0,1,24,3,20,5.0,6.67,3,0
,2669d6b7,Mohsin Khan,male,Hong Kong,3,0,0,0,0,0,0,0,0,0,,0.0,3,54,4,72,8.0,18.0,3,0
,941dfb84,Mohsin Shabbir,male,Saudi Arabia,1,1,0,2,0,0,0,0,0,0,0.0,0.0,0,0,0,0,0.0,,0,0
,5d6e07a5,Mubeen Tariq,male,Portugal,1,0,0,0,0,0,0,0,0,0,,0.0,1,12,0,32,16.0,,0,0
,acf2b680,Muhammad Afis,male,Indonesia,2,1,0,1,0,0,0,0,0,0,0.0,0.0,1,6,0,18,18.0,,0,0
,83f59aa3,Muhammad Ansar,male,Kuwait,2,0,0,0,0,0,0,0,0,0,,0.0,2,36,3,56,9.33,18.67,3,0
,9b8a3c39,Muhammad Musa,male,Pakistan,2,0,0,0,0,0,0,0,0,0,,0.0,2,47,0,62,7.91,,0,0
,9d6644a0,Muhammad Saqib,male,Saudi Arabia,5,0,0,0,0,0,0,0,0,0,,0.0,5,100,5,155,9.3,31.0,2,0
,b8f1cda4,Muhammad Zaghlool,male,Belize,1,0,0,0,0,0,0,0,0,0,,0.0,1,12,0,20,10.0,,0,0
,dc53a969,Muhammet Kursat,male,Turkey,3,2,0,9,0,0,0,0,0,0,0.0,0.0,3,30,2,35,7.0,17.5,2,0
,45b6a7ce,Murtaza Yamin,male,Cyprus,1,0,0,0,0,0,0,0,0,0,,0.0,1,18,0,29,9.67,,0,0
,6a0537aa,N Boje,male,South Africa,1,0,0,0,0,0,0,0,0,0,,0.0,1,24,1,27,6.75,27.0,1,0
,3a54c25b,N Magagula,male,Swaziland,1,0,0,0,0,0,0,0,0,0,,0.0,1,18,0,28,9.33,,0,0
,6b7a90f5,N Sonne-Rudd,male,Denmark,5,0,0,0,0,0,0,0,0,0,,0.0,5,84,4,87,6.21,21.75,1,0
,bdf6f65d,N Thailappan,male,Bahrain,1,0,0,0,0,0,0,0,0,0,,0.0,1,18,0,40,13.33,,0,0
,ecbd4377,NH Naureen,male,Spain,1,0,0,0,0,0,0,0,0,0,,0.0,1,18,1,32,10.67,32.0,1,0
,7a805b4c,NIAF Paynter,male,Bermuda,1,0,0,0,0,0,0,0,0,0,,0.0,1,24,2,15,3.75,7.5,2,0
,febfa931,Nader Zahadiafzal,male,Iran,1,1,0,3,0,0,0,0,0,0,0.0,0.0,1,18,0,15,5.0,,0,0
,5318ee68,Nahid Rana,male,Bangladesh,5,1,0,5,0,0,0,0,0,0,0.0,0.0,5,93,8,147,9.48,18.38,4,0
,e70a0811,Nasir Aziz,male,United Arab Emirates,1,0,0,0,0,0,0,0,0,0,,0.0,1,24,0,21,5.25,,0,0
,76e84cb1,Naveed Fakhr,male,Kuwait,1,0,0,0,0,0,0,0,0,0,,0.0,1,24,1,31,7.75,31.0,1,0
,452e7e96,Navid Abdollahpour,male,Iran,1,0,0,0,0,0,0,0,0,0,,0.0,1,18,1,24,8.0,24.0,1,0
,7da83f2e,Nazir Patel,male,Panama,1,1,0,6,0,0,0,0,0,0,0.0,0.0,0,0,0,0,0.0,,0,0
,d3347684,Nazmus Sakib,male,Romania,5,0,0,0,0,0,0,0,0,0,,0.0,5,108,9,95,5.28,10.56,3,0
,d0d9790b,Nurudeen Ibrahim,male,Ghana,1,1,0,2,0,0,0,0,0,0,0.0,0.0,0,0,0,0,0.0,,0,0
,c0fca5eb,O Gholami,male,Sweden,4,0,0,0,0,0,0,0,0,0,,0.0,4,78,2,83,6.38,41.5,2,0
,6034840a,O Isesele,male,Nigeria,4,0,0,0,0,0,0,0,0,0,,0.0,4,60,1,104,10.4,104.0,1,0
,3f659464,OP Stone,male,England,1,1,0,1,0,0,0,0,0,0,0.0,0.0,1,24,0,36,9.0,,0,0
,a843d7a8,Obed Yosef,male,Vanuatu,5,0,0,0,0,0,0,0,0,0,,0.0,5,78,3,98,7.54,32.67,2,0
,24076663,Oliver Rowe,male,Argentina,1,0,0,0,0,0,0,0,0,0,,0.0,1,12,0,7,3.5,,0,0
,edfe226f,Omid Shafi Rahman,male,United Arab Emirates,5,1,0,6,0,0,0,0,0,0,0.0,0.0,5,82,5,88,6.44,17.6,3,0
,158e48d6,Osman Khan,male,Austria,1,0,0,0,0,0,0,0,0,0,,0.0,1,6,0,20,20.0,,0,0
,1a0c3177,P Awana,male,India,2,0,0,0,0,0,0,0,0,0,,0.0,2,36,0,71,11.83,,0,0
,20e3030d,P Ayoleyine,male,Ghana,1,1,0,1,0,0,0,0,0,0,0.0,0.0,0,0,0,0,0.0,,0,0
,20b559ab,P Byron,male,Seychelles,1,1,0,1,0,0,0,0,0,0,0.0,0.0,0,0,0,0,0.0,,0,0
,fd68e23d,P Fernando,male,Italy,1,1,0,3,0,0,0,0,0,0,0.0,0.0,1,6,0,13,13.0,,0,0
,3f0e3504,P Ghosh,male,Malta,1,0,0,0,0,0,0,0,0,0,,0.0,1,6,0,9,9.0,,0,0
,872d51a6,P Gopalkrishnan,male,Qatar,1,1,0,2,0,0,0,0,0,0,0.0,0.0,1,6,1,5,5.0,5.0,1,0
,b7d1eadd,P Jayawickrama,male,Sri Lanka,5,1,0,5,0,1,0,0,0,0,,0.0,5,79,2,118,8.96,59.0,1,0
,ab343e93,P Kerai,male,Kenya,4,1,0,1,0,0,0,0,0,0,0.0,0.0,4,54,3,74,8.22,24.67,3,0
,796ffb22,P Masih,male,Romania,2,0,0,0,0,0,0,0,0,0,,0.0,2,42,2,27,3.86,13.5,2,0
,f62772e5,P Negi,male,India,1,0,0,0,0,0,0,0,0,0,,0.0,1,18,1,16,5.33,16.0,1,0
,b58316de,P Sapesa,male,Malawi,3,1,0,1,0,0,0,0,0,0,0.0,0.0,2,30,0,34,6.8,,0,0
,f6657f66,P Sua,male,Samoa,1,1,0,2,0,0,0,0,0,0,0.0,0.0,0,0,0,0,0.0,,0,0
,7ec9711d,P Subrayen,male,South Africa,6,1,0,1,0,0,0,0,0,0,0.0,0.0,6,126,9,157,7.48,17.44,3,0
,20ab5aad,PD Blignaut,male,Namibia,5,1,0,1,0,0,0,0,0,0,0.0,0.0,5,83,4,86,6.22,21.5,2,0
,270587b3,PD Dabholkar,male,Germany,5,0,0,0,0,0,0,0,0,0,,0.0,5,90,4,97,6.47,24.25,2,0
,f6b5d11a,PDRL Perera,male,Sri Lanka,2,0,0,0,0,0,0,0,0,0,,0.0,2,42,0,77,11.0,,0,0
,85b592a7,PF Ravarua,male,Cook Islands,1,1,0,2,0,0,0,0,0,0,0.0,0.0,0,0,0,0,0.0,,0,0
,98ae73b1,PP Chawla,male,India,7,1,0,1,0,0,0,0,0,0,0.0,0.0,7,138,4,151,6.57,37.75,2,0
,8b3e9c7c,PP Shaw,male,India,1,1,0,1,0,0,0,0,0,0,0.0,0.0,0,0,0,0,0.0,,0,0
,177a648d,PPS Win,male,Myanmar,2,0,0,0,0,0,0,0,0,0,,0.0,2,30,2,26,5.2,13.0,2,0
,014da3d8,Paras Singh,male,Hong Kong,3,0,0,0,0,0,0,0,0,0,,0.0,3,44,2,67,9.14,33.5,1,0
,4a6dbc50,Pel Vannak,male,Cambodia,2,2,0,3,0,0,0,0,0,0,0.0,0.0,0,0,0,0,0.0,,0,0
,8981deb8,Phon Bunthean,male,Cambodia,1,1,0,1,0,1,0,0,0,0,,0.0,0,0,0,0,0.0,,0,0
,43ae7b1c,R Agamiire,male,Uganda,2,0,0,0,0,0,0,0,0,0,,0.0,2,36,1,9,1.5,9.0,1,0
,86e612f2,R Aggarwal,male,Estonia,1,1,0,3,0,0,0,0,0,0,0.0,0.0,1,24,0,33,8.25,,0,0
,97555d44,R Aurora,male,Botswana,2,1,0,1,0,1,0,0,0,0,,0.0,1,12,0,8,4.0,,0,0
,c5376f3d,R Bangera,male,Israel,2,2,0,3,0,1,0,0,0,0,0.0,0.0,0,0,0,0,0.0,,0,0
,8b248d88,R Frylinck,male,South Africa,3,0,0,0,0,0,0,0,0,0,,0.0,3,60,5,62,6.2,12.4,2,0
,2bb515cb,R Jeyakumar,male,Indonesia,1,0,0,0,0,0,0,0,0,0,,0.0,1,12,0,12,6.0,,0,0
,492ff0c2,R Mondol,male,Bangladesh,5,2,0,8,0,0,0,0,0,0,0.0,0.0,5,78,4,126,9.69,31.5,3,0
,c7a995d3,R Sai Kishore,male,India,2,0,0,0,0,0,0,0,0,0,,0.0,2,48,4,37,4.62,9.25,3,0
,5d9a1a73,R Sharma,male,India,2,0,0,0,0,0,0,0,0,0,,0.0,2,44,3,56,7.64,18.67,2,0
,506ff443,RD Cespedes,male,Peru,1,0,0,0,0,0,0,0,0,0,,0.0,1,12,0,24,12.0,,0,0
,fbc5c0c6,RDM Leverock,male,Bermuda,1,0,0,0,0,0,0,0,0,0,,0.0,1,24,0,22,5.5,,0,0
,20ca18bc,RE Francis,male,Tanzania,2,0,0,0,0,0,0,0,0,0,,0.0,2,30,0,30,6.0,,0,0
,c024db94,RJ Ranpura,male,Oman,1,0,0,0,0,0,0,0,0,0,,0.0,1,12,1,15,7.5,15.0,1,0
,69362253,RN Lewis,male,West Indies,1,1,0,4,0,0,0,0,0,0,0.0,0.0,1,6,0,9,9.0,,0,0
,64775749,RP Meredith,male,Australia,6,0,0,0,0,0,0,0,0,0,,0.0,6,137,9,222,9.72,24.67,3,0
,fcf6b0f6,RR Simmonds,male,West Indies,2,0,0,0,0,0,0,0,0,0,,0.0,2,30,4,40,8.0,10.0,4,0
,2999e5b3,RSK Samson,male,Vanuatu,1,0,0,0,0,0,0,0,0,0,,0.0,1,12,2,14,7.0,7.0,2,0
,7d32d965,RT Lyons,male,Scotland,1,1,0,2,0,0,0,0,0,0,0.0,0.0,1,24,1,26,6.5,26.0,1,0
,b3f90695,Rafaqat Ali,male,Norway,1,0,0,0,0,0,0,0,0,0,,0.0,1,6,0,25,25.0,,0,0
,b648094c,Ram Krishan,male,Estonia,1,0,0,0,0,0,0,0,0,0,,0.0,1,6,0,16,16.0,,0,0
,bb301758,Rashad Al Balushi,male,Oman,2,2,0,2,0,0,0,0,0,0,0.0,0.0,1,2,0,7,21.0,,0,0
,1eaac48d,Rashid Khan,male,Belgium,2,0,0,0,0,0,0,0,0,0,,0.0,2,48,3,82,10.25,27.33,2,0
,d876610c,Robiul Islam,male,Bangladesh,1,0,0,0,0,0,0,0,0,0,,0.0,1,6,0,13,13.0,,0,0
,649278f3,Robiul Khan,male,Spain,1,0,0,0,0,0,0,0,0,0,,0.0,1,18,1,26,8.67,26.0,1,0
,1c790f4f,Rumman Raees,male,Pakistan,8,0,0,0,0,0,0,0,0,0,,0.0,8,173,8,220,7.63,27.5,2,0
,c07f6bda,Ryan Adams,male,Botswana,1,1,0,2,0,0,0,0,0,0,0.0,0.0,1,12,0,20,10.0,,0,0
,2e9e4eaf,S Alavala,male,Cyprus,1,1,0,3,0,1,0,0,0,0,,0.0,1,24,2,34,8.5,17.0,2,0
,2a7a3137,S Arachchige,male,Italy,2,1,0,2,0,0,0,0,0,0,0.0,0.0,2,24,2,26,6.5,13.0,2,0
,957532de,S Aravind,male,India,1,0,0,0,0,0,0,0,0,0,,0.0,1,22,1,44,12.0,44.0,1,0
,78c12883,S Baker,male,England,1,0,0,0,0,0,0,0,0,0,,0.0,1,24,0,52,13.0,,0,0
,b501b61e,S Biko,male,Kenya,2,0,0,0,0,0,0,0,0,0,,0.0,2,36,1,33,5.5,33.0,1,0
,6c6d83ef,S Clarke,male,Isle of Man,1,1,0,3,0,0,0,0,0,0,0.0,0.0,1,6,0,11,11.0,,0,0
,fb52a279,S Devasia,male,Ghana,1,0,0,0,0,0,0,0,0,0,,0.0,1,18,1,15,5.0,15.0,1,0
,8955b928,S Dhakal,male,Nepal,6,3,0,5,0,3,0,0,0,0,,0.0,6,120,2,162,8.1,81.0,1,0
,dcf81436,S Kaul,male,India,3,0,0,0,0,0,0,0,0,0,,0.0,3,58,4,84,8.69,21.0,2,0
,cd99468d,S Kommula,male,Costa Rica,1,1,0,6,0,0,0,0,0,0,0.0,0.0,0,0,0,0,0.0,,0,0
,1fbc10cd,S Kruger,male,Argentina,1,1,0,3,0,0,0,0,0,0,0.0,0.0,1,24,0,25,6.25,,0,0
,8ed6b6f1,S Malikzai,male,Germany,1,0,0,0,0,0,0,0,0,0,,0.0,1,18,1,20,6.67,20.0,1,0
,1daa8927,S Malla,male,Nepal,4,1,0,2,0,0,0,0,0,0,0.0,0.0,4,78,8,88,6.77,11.0,4,0
,4fbc6060,S Mohan,male,Philippines,1,1,0,1,0,0,0,0,0,0,0.0,0.0,0,0,0,0,0.0,,0,0
,90edaaa9,S Rana,male,Seychelles,1,0,0,0,0,0,0,0,0,0,,0.0,1,12,0,21,10.5,,0,0
,25ef10a2,S Saeed,male,Maldives,3,0,0,0,0,0,0,0,0,0,,0.0,3,42,1,53,7.57,53.0,1,0
,cdc6bdba,S Sandeep Warrier,male,India,1,0,0,0,0,0,0,0,0,0,,0.0,1,18,0,23,7.67,,0,0
,321fcf79,S Singh,male,Portugal,1,1,0,9,0,0,0,0,0,0,0.0,0.0,0,0,0,0,0.0,,0,0
,ff8b37cb,S Siriotis,male,Greece,1,1,0,1,0,0,0,0,0,0,0.0,0.0,0,0,0,0,0.0,,0,0
,c24a2c5d,S Tyagi,male,India,1,0,0,0,0,0,0,0,0,0,,0.0,1,12,0,21,10.5,,0,0
,1afd4f89,S Vats,male,Luxembourg,5,0,0,0,0,0,0,0,0,0,,0.0,5,102,3,172,10.12,57.33,3,0
,b64e0295,S Vithayathil,male,Turks and Caicos Island,1,0,0,0,0,0,0,0,0,0,,0.0,1,18,2,8,2.67,4.0,2,0
,83f68e06,SAR Hashimi,male,Brazil,1,1,0,2,0,0,0,0,0,0,0.0,0.0,0,0,0,0,0.0,,0,0
,eb9cb105,SC Meaker,male,England,2,0,0,0,0,0,0,0,0,0,,0.0,2,47,2,70,8.94,35.0,1,0
,2d4465da,SG Whittingham,male,Scotland,3,0,0,0,0,0,0,0,0,0,,0.0,3,60,3,79,7.9,26.33,2,0
,83c3e8e3,SH Johnson,male,Australia,11,1,0,1,0,0,0,0,0,0,0.0,0.0,11,208,17,294,8.48,17.29,5,1
,c16d2e28,SJ Harmison,male,England,2,0,0,0,0,0,0,0,0,0,,0.0,2,39,1,42,6.46,42.0,1,0
,f0e58a83,SKW Kelly,male,Bermuda,1,0,0,0,0,0,0,0,0,0,,0.0,1,12,0,11,5.5,,0,0
,d167edd3,SM Boland,male,Australia,3,0,0,0,0,0,0,0,0,0,,0.0,3,66,3,90,8.18,30.0,3,0
,9db1b072,SM Dhakal,male,Nepal,2,0,0,0,0,0,0,0,0,0,,0.0,2,36,1,43,7.17,43.0,1,0
,63bff7f9,SM Harwood,male,Australia,3,0,0,0,0,0,0,0,0,0,,0.0,3,72,3,113,9.42,37.67,2,0
,0544b8a9,SMHH Aung,male,Myanmar,1,1,0,1,0,0,0,0,0,0,0.0,0.0,1,6,1,17,17.0,17.0,1,0
,a3bfec5d,SR Clark,male,Australia,9,0,0,0,0,0,0,0,0,0,,0.0,9,216,13,237,6.58,18.23,4,0
,d9609443,ST Gabriel,male,West Indies,2,0,0,0,0,0,0,0,0,0,,0.0,2,42,3,56,8.0,18.67,3,0
,ec100ae6,SU Halarnkar,male,Costa Rica,2,2,0,4,0,0,0,0,0,0,0.0,0.0,0,0,0,0,0.0,,0,0
,2a04400b,Sabir Ali,male,United Arab Emirates,3,0,0,0,0,0,0,0,0,0,,0.0,3,48,3,70,8.75,23.33,1,0
,7babb041,Sagar Kumar Ahir,male,Panama,2,1,0,3,0,0,0,0,0,0,0.0,0.0,2,18,2,29,9.67,14.5,2,0
,0443414a,Sajedul Islam,male,Bangladesh,1,0,0,0,0,0,0,0,0,0,,0.0,1,6,0,15,15.0,,0,0
,874c2cb3,Sameer Othman,male,Oman,5,3,0,7,0,1,0,0,0,0,0.0,0.0,5,102,5,174,10.24,34.8,2,0
,bc02b37a,Sana Ullah,male,South Korea,3,1,0,2,0,0,0,0,0,0,0.0,0.0,3,52,2,66,7.62,33.0,1,0
,6ceec40d,Sandeep Nair,male,Bulgaria,4,0,0,0,0,0,0,0,0,0,,0.0,4,48,2,70,8.75,35.0,2,0
,f3c150bb,Saqlain Sajib,male,Bangladesh,1,0,0,0,0,0,0,0,0,0,,0.0,1,21,0,40,11.43,,0,0
,c7e5cc8f,Saran Maliwan,male,Thailand,1,0,0,0,0,0,0,0,0,0,,0.0,1,24,1,23,5.75,23.0,1,0
,a04b5edc,Sarkar Ameji,male,Panama,3,1,0,1,0,1,0,0,0,0,,0.0,2,36,0,45,7.5,,0,0
,2fca1733,Sedik Sahak,male,Sweden,5,0,0,0,0,0,0,0,0,0,,0.0,5,94,2,155,9.89,77.5,2,0
,11cebda3,Shafiq Jan,male,Oman,2,1,0,1,0,0,0,0,0,0,0.0,0.0,2,36,2,58,9.67,29.0,2,0
,0f88e2dc,Shafraz Jaleel,male,Maldives,2,2,0,2,0,0,0,0,0,0,0.0,0.0,0,0,0,0,0.0,,0,0
,cdd9fa95,Shahab Alam,male,Nepal,10,2,0,2,0,2,0,0,0,0,,0.0,10,184,6,253,8.25,42.17,1,0
,f9e6e7ef,Shahbaz Ahmed,male,India,1,0,0,0,0,0,0,0,0,0,,0.0,1,12,1,13,6.5,13.0,1,0
,3fb56752,Shahid Ahmadzai,male,Canada,1,0,0,0,0,0,0,0,0,0,,0.0,1,12,1,27,13.5,27.0,1,0
,befef38f,Shahzaib,male,Saudi Arabia,5,0,0,0,0,0,0,0,0,0,,0.0,5,90,4,72,4.8,18.0,2,0
,43f3c050,Shahzeb Choudhry,male,Sweden,2,1,0,5,0,0,0,0,0,0,0.0,0.0,2,42,2,32,4.57,16.0,2,0
,21d6eb6a,Shakeel Ansar,male,Pakistan,1,1,0,1,0,0,0,0,0,0,0.0,0.0,0,0,0,0,0.0,,0,0
,05cf8905,Shakerullah Safi,male,Denmark,2,1,0,1,0,1,0,0,0,0,,0.0,2,18,0,25,8.33,,0,0
,ac387889,Sharif Asadullah,male,United Arab Emirates,1,0,0,0,0,0,0,0,0,0,,0.0,1,18,2,21,7.0,10.5,2,0
,b7152dc4,Shayan Khan,male,Estonia,1,0,0,0,0,0,0,0,0,0,,0.0,1,12,1,17,8.5,17.0,1,0
,f0e8d51a,Shoaib Ali,male,Saudi Arabia,1,0,0,0,0,0,0,0,0,0,,0.0,1,24,1,23,5.75,23.0,1,0
,607ed7c2,Shohidul Islam,male,Bangladesh,1,0,0,0,0,0,0,0,0,0,,0.0,1,23,1,33,8.61,33.0,1,0
,51f56fdb,Simon Sorensen,male,Denmark,3,0,0,0,0,0,0,0,0,0,,0.0,3,60,6,72,7.2,12.0,3,0
,a84ccd7d,Sumon Khan,male,Bangladesh,1,0,0,0,0,0,0,0,0,0,,0.0,1,12,0,20,10.0,,0,0
,f91c322b,T Britton,male,Jersey,1,0,0,0,0,0,0,0,0,0,,0.0,1,24,2,21,5.25,10.5,2,0
,d9a7ca8e,T Chopel,male,Bhutan,1,1,0,1,0,0,0,0,0,0,0.0,0.0,1,12,0,29,14.5,,0,0
,0a4ebc61,T Henderson,male,South Africa,1,1,0,2,0,0,0,0,0,0,0.0,0.0,1,24,0,31,7.75,,0,0
,3c19f045,T Hewa,male,Cayman Islands,3,2,0,2,0,1,0,0,0,0,0.0,0.0,2,18,0,21,7.0,,0,0
,447760ed,T Jikoibure,male,Fiji,1,1,0,1,0,0,0,0,0,0,0.0,0.0,0,0,0,0,0.0,,0,0
,1fe81cc9,T Kamungozi,male,Zimbabwe,1,0,0,0,0,0,0,0,0,0,,0.0,1,12,0,17,8.5,,0,0
,e1846e12,T Mpatane,male,Botswana,4,1,0,1,0,0,0,0,0,0,0.0,0.0,4,54,2,78,8.67,39.0,2,0
,21bf71ab,T Mupariwa,male,Zimbabwe,2,0,0,0,0,0,0,0,0,0,,0.0,2,30,1,45,9.0,45.0,1,0
,a945bb28,T Muzarabani,male,Zimbabwe,7,1,0,2,0,1,0,0,0,0,,0.0,7,132,5,217,9.86,43.4,2,0
,ce794613,T Natarajan,male,India,4,0,0,0,0,0,0,0,0,0,,0.0,4,96,7,122,7.62,17.43,3,0
,56c0966b,T Phaswana,male,Botswana,1,1,0,3,0,0,0,0,0,0,0.0,0.0,0,0,0,0,0.0,,0,0
,d000b421,T Pullman,male,Jersey,1,0,0,0,0,0,0,0,0,0,,0.0,1,18,1,26,8.67,26.0,1,0
,ab8ef1e9,TC Vine,male,Spain,7,0,0,0,0,0,0,0,0,0,,0.0,7,102,5,138,8.12,27.6,1,0
,70f2f922,TF van Woerkom,male,Ireland,1,0,0,0,0,0,0,0,0,0,,0.0,1,6,0,10,10.0,,0,0
,61fb296e,TL Chivanga,male,Zimbabwe,3,0,0,0,0,0,0,0,0,0,,0.0,3,39,0,70,10.77,,0,0
,a9a76481,TO Carmichael,male,United States of America,2,0,0,0,0,0,0,0,0,0,,0.0,2,36,0,43,7.17,,0,0
,46a9bea1,TU Deshpande,male,India,2,0,0,0,0,0,0,0,0,0,,0.0,2,36,2,55,9.17,27.5,1,0
,a1cdd009,TW Dlamini,male,Eswatini,2,1,0,1,0,0,0,0,0,0,0.0,0.0,1,12,0,2,1.0,,0,0
,2e4d5f94,TZ Chataira,male,Zimbabwe,3,0,0,0,0,0,0,0,0,0,,0.0,3,42,5,53,7.57,10.6,2,0
,9d1d34bd,Taijul Islam,male,Bangladesh,1,0,0,0,0,0,0,0,0,0,,0.0,1,18,1,26,8.67,26.0,1,0
,6830487a,Taimoor Nasir,male,Romania,1,0,0,0,0,0,0,0,0,0,,0.0,1,24,2,10,2.5,5.0,2,0
,93f104b4,Tanvir Ahmed,male,Pakistan,1,0,0,0,0,0,0,0,0,0,,0.0,1,18,1,13,4.33,13.0,1,0
,c97539e6,U Tuychiev,male,Uzbekistan,3,1,0,4,0,0,0,0,0,0,0.0,0.0,2,12,1,25,12.5,25.0,1,0
,0d24b1f7,UKPW Kumaranayaka,male,Kuwait,3,0,0,0,0,0,0,0,0,0,,0.0,3,60,1,72,7.2,72.0,1,0
,ffb65f46,Ugyen Dorji,male,Bhutan,3,1,0,5,0,0,0,0,0,0,0.0,0.0,3,42,1,56,8.0,56.0,1,0
,a390cdd7,Usman Ali,male,Saudi Arabia,1,0,0,0,0,0,0,0,0,0,,0.0,1,18,0,36,12.0,,0,0
,d3c260a6,Usman Rafiq,male,United States of America,1,0,0,0,0,0,0,0,0,0,,0.0,1,12,0,24,12.0,,0,0
,e94d1dcd,Usman Tariq,male,Pakistan,8,1,0,3,0,0,0,0,0,0,0.0,0.0,8,181,18,201,6.66,11.17,4,0
,78dfe704,V Permaul,male,West Indies,1,0,0,0,0,0,0,0,0,0,,0.0,1,3,0,8,16.0,,0,0
,03a83c50,V Viyaskanth,male,Sri Lanka,1,1,0,2,0,1,0,0,0,0,,0.0,1,24,0,28,7.0,,0,0
,1e3da0b7,VRCF Poubel,male,Brazil,2,2,0,3,0,0,0,0,0,0,0.0,0.0,0,0,0,0,0.0,,0,0
,cb9b8664,W O'Rourke,male,New Zealand,7,0,0,0,0,0,0,0,0,0,,0.0,7,162,7,188,6.96,26.86,3,0
,cc9989f9,W Smith,male,Namibia,5,0,0,0,0,0,0,0,0,0,,0.0,5,84,6,123,8.79,20.5,2,0
,ade3660b,WT Mashinge,male,Zimbabwe,2,0,0,0,0,0,0,0,0,0,,0.0,2,30,1,57,11.4,57.0,1,0
,f9d26872,Waleed Waqar,male,Bulgaria,2,0,0,0,0,0,0,0,0,0,,0.0,2,18,1,43,14.33,43.0,1,0
,9e287ee3,Waqar Abbasi,male,Romania,2,1,0,4,0,0,0,0,0,0,0.0,0.0,2,48,2,49,6.12,24.5,1,0
,f59b3bd1,Waqas Maqsood,male,Pakistan,1,0,0,0,0,0,0,0,0,0,,0.0,1,11,2,21,11.45,10.5,2,0
,4353bba5,YA Abdulla,male,South Africa,2,0,0,0,0,0,0,0,0,0,,0.0,2,42,2,44,6.29,22.0,1,0
,f992c8da,Yash Talati,male,Kenya,1,0,0,0,0,0,0,0,0,0,,0.0,1,24,3,8,2.0,2.67,3,0
,4b31f3a3,Yash Thakur,male,India,2,0,0,0,0,0,0,0,0,0,,0.0,2,48,4,75,9.38,18.75,2,0
,73c0e40c,Ye Ko Ko,male,Myanmar,1,0,0,0,0,0,0,0,0,0,,0.0,1,24,2,28,7.0,14.0,2,0
,a27d06d1,Yousuf Ali,male,Qatar,1,0,0,0,0,0,0,0,0,0,,0.0,1,6,0,15,15.0,,0,0
,83d567a4,Z Simpson,male,Gibraltar,1,0,0,0,0,0,0,0,0,0,,0.0,1,17,2,32,11.29,16.0,2,0
,ba158afd,Zahid Mahmood,male,Pakistan,1,0,0,0,0,0,0,0,0,0,,0.0,1,24,3,40,10.0,13.33,3,0
,cccac242,Zain Ali,male,Italy,2,1,0,1,0,0,0,0,0,0,0.0,0.0,2,48,4,43,5.38,10.75,3,0
,25f430aa,Zain Amir,male,Uzbekistan,1,1,0,2,0,0,0,0,0,0,0.0,0.0,0,0,0,0,0.0,,0,0
,3cbdbdeb,Zainullah Ihsan,male,Scotland,2,0,0,0,0,0,0,0,0,0,,0.0,2,42,1,76,10.86,76.0,1,0
,28392e11,Zaman Khan,male,Pakistan,7,1,0,1,0,1,0,0,0,0,,0.0,7,126,5,175,8.33,35.0,1,0
,328cca93,Zeeshan Abbas,male,Bahrain,2,0,0,0,0,0,0,0,0,0,,0.0,2,30,1,45,9.0,45.0,1,0
,76e1f6eb,Zhao Zhilong,male,China,1,1,0,4,0,0,0,0,0,0,0.0,0.0,0,0,0,0,0.0,,0,0
,f1e7f97c,Ziaurahman Shinwari,male,Austria,8,1,0,1,0,0,0,0,0,0,0.0,0.0,8,131,9,165,7.56,18.33,4,0
